mavpackettype,TimeUS,Dist,TBrg,NavBrg,AltE,XT,XTi,AsE,TLat,TLng,TAW,TAT,TAsp,ap_time_s
NTUN,2239998,0.0,0.0,0.0,0.12,0.0,0.0,0.0,0.0,0.0,0.0,0.0,0.0,2.239998
NTUN,2279998,0.0,0.0,0.0,0.2,0.0,0.0,0.0,0.0,0.0,0.0,0.0,13.0,2.279998
NTUN,2319998,0.0,0.0,0.0,0.2,0.0,0.0,0.0,0.0,0.0,0.0,0.0,13.0,2.319998
NTUN,2359998,0.0,0.0,0.0,0.2,0.0,0.0,-12.524845123291016,0.0,0.0,0.0,0.0,13.0,2.359998
NTUN,2399998,0.0,0.0,0.0,0.05,0.0,0.0,-12.524845123291016,0.0,0.0,0.0,0.0,13.0,2.399998
NTUN,2439998,0.0,0.0,0.0,0.05,0.0,0.0,-12.524845123291016,0.0,0.0,0.0,0.0,13.0,2.439998
NTUN,2479998,0.0,0.0,0.0,0.14,0.0,0.0,-12.537099838256836,0.0,0.0,0.0,0.0,13.0,2.479998
NTUN,2519998,0.0,0.0,0.0,0.14,0.0,0.0,-12.537099838256836,0.0,0.0,0.0,0.0,13.0,2.519998
NTUN,2559998,0.0,0.0,0.0,0.14,0.0,0.0,-12.559369087219238,0.0,0.0,0.0,0.0,13.0,2.559998
NTUN,2599998,0.0,0.0,0.0,0.12,0.0,0.0,-12.559369087219238,0.0,0.0,0.0,0.0,13.0,2.599998
NTUN,2639998,0.0,0.0,0.0,0.12,0.0,0.0,-12.559369087219238,0.0,0.0,0.0,0.0,13.0,2.639998
NTUN,2679998,0.0,0.0,0.0,0.31,0.0,0.0,-12.5845308303833,0.0,0.0,0.0,0.0,13.0,2.679998
NTUN,2719998,0.0,0.0,0.0,0.31,0.0,0.0,-12.5845308303833,0.0,0.0,0.0,0.0,13.0,2.719998
NTUN,2759998,0.0,0.0,0.0,0.31,0.0,0.0,-12.617630958557129,0.0,0.0,0.0,0.0,13.0,2.759998
NTUN,2799998,0.0,0.0,0.0,0.35,0.0,0.0,-12.617630958557129,0.0,0.0,0.0,0.0,13.0,2.799998
NTUN,2839998,0.0,0.0,0.0,0.35,0.0,0.0,-12.617630958557129,0.0,0.0,0.0,0.0,13.0,2.839998
NTUN,2879998,0.0,0.0,0.0,0.44,0.0,0.0,-12.653241157531738,0.0,0.0,0.0,0.0,13.0,2.879998
NTUN,2919998,0.0,0.0,0.0,0.44,0.0,0.0,-12.653241157531738,0.0,0.0,0.0,0.0,13.0,2.919998
NTUN,2959998,0.0,0.0,0.0,0.44,0.0,0.0,-12.68925952911377,0.0,0.0,0.0,0.0,13.0,2.959998
NTUN,2999998,0.0,0.0,0.0,0.3,0.0,0.0,-12.68925952911377,0.0,0.0,0.0,0.0,13.0,2.999998
NTUN,3039998,0.0,0.0,0.0,0.3,0.0,0.0,-12.68925952911377,0.0,0.0,0.0,0.0,13.0,3.039998
NTUN,3079998,0.0,0.0,0.0,0.51,0.0,0.0,-12.725248336791992,0.0,0.0,0.0,0.0,13.0,3.079998
NTUN,3119998,0.0,0.0,0.0,0.51,0.0,0.0,-12.725248336791992,0.0,0.0,0.0,0.0,13.0,3.119998
NTUN,3159998,0.0,0.0,0.0,0.51,0.0,0.0,-12.762550354003906,0.0,0.0,0.0,0.0,13.0,3.159998
NTUN,3199998,0.0,0.0,0.0,0.51,0.0,0.0,-12.762550354003906,0.0,0.0,0.0,0.0,13.0,3.199998
NTUN,3239998,0.0,0.0,0.0,0.51,0.0,0.0,-12.762550354003906,0.0,0.0,0.0,0.0,13.0,3.239998
NTUN,3279998,0.0,0.0,0.0,0.39,0.0,0.0,-12.799887657165527,0.0,0.0,0.0,0.0,13.0,3.279998
NTUN,3319998,0.0,0.0,0.0,0.39,0.0,0.0,-12.799887657165527,0.0,0.0,0.0,0.0,13.0,3.319998
NTUN,3359998,0.0,0.0,0.0,0.39,0.0,0.0,-12.833856582641602,0.0,0.0,0.0,0.0,13.0,3.359998
NTUN,3399998,0.0,0.0,0.0,0.57,0.0,0.0,-12.833856582641602,0.0,0.0,0.0,0.0,13.0,3.399998
NTUN,3439998,0.0,0.0,0.0,0.57,0.0,0.0,-12.833856582641602,0.0,0.0,0.0,0.0,13.0,3.439998
NTUN,3479998,0.0,0.0,0.0,0.6,0.0,0.0,-12.869600296020508,0.0,0.0,0.0,0.0,13.0,3.479998
NTUN,3519998,0.0,0.0,0.0,0.6,0.0,0.0,-12.869600296020508,0.0,0.0,0.0,0.0,13.0,3.519998
NTUN,3559998,0.0,0.0,0.0,0.6,0.0,0.0,-12.90099048614502,0.0,0.0,0.0,0.0,13.0,3.559998
NTUN,3599998,0.0,0.0,0.0,0.52,0.0,0.0,-12.90099048614502,0.0,0.0,0.0,0.0,13.0,3.599998
NTUN,3639998,0.0,0.0,0.0,0.52,0.0,0.0,-12.90099048614502,0.0,0.0,0.0,0.0,13.0,3.639998
NTUN,3679998,0.0,0.0,0.0,0.59,0.0,0.0,-12.932880401611328,0.0,0.0,0.0,0.0,13.0,3.679998
NTUN,3719998,0.0,0.0,0.0,0.59,0.0,0.0,-12.932880401611328,0.0,0.0,0.0,0.0,13.0,3.719998
NTUN,3759998,0.0,0.0,0.0,0.59,0.0,0.0,-12.966829299926758,0.0,0.0,0.0,0.0,13.0,3.759998
NTUN,3799998,0.0,0.0,0.0,0.71,0.0,0.0,-12.966829299926758,0.0,0.0,0.0,0.0,13.0,3.799998
NTUN,3839998,0.0,0.0,0.0,0.71,0.0,0.0,-12.966829299926758,0.0,0.0,0.0,0.0,13.0,3.839998
NTUN,3879998,0.0,0.0,0.0,0.62,0.0,0.0,-12.996058464050293,0.0,0.0,0.0,0.0,13.0,3.879998
NTUN,3919998,0.0,0.0,0.0,0.62,0.0,0.0,-12.996058464050293,0.0,0.0,0.0,0.0,13.0,3.919998
NTUN,3959998,0.0,0.0,0.0,0.62,0.0,0.0,-13.022843360900879,0.0,0.0,0.0,0.0,13.0,3.959998
NTUN,4019996,0.0,0.0,0.0,0.88,0.0,0.0,-13.022843360900879,0.0,0.0,0.0,0.0,13.0,4.019996
NTUN,4079993,0.0,0.0,0.0,0.88,0.0,0.0,-13.022843360900879,0.0,0.0,0.0,0.0,13.0,4.079993
NTUN,4139990,0.0,0.0,0.0,0.88,0.0,0.0,-13.049796104431152,0.0,0.0,0.0,0.0,13.0,4.13999
NTUN,4199988,0.0,0.0,0.0,0.88,0.0,0.0,-13.049796104431152,0.0,0.0,0.0,0.0,13.0,4.199988
NTUN,4239988,0.0,0.0,0.0,0.88,0.0,0.0,-13.075302124023438,0.0,0.0,0.0,0.0,13.0,4.239988
NTUN,4279988,0.0,0.0,0.0,0.79,0.0,0.0,-13.075302124023438,0.0,0.0,0.0,0.0,13.0,4.279988
NTUN,4319988,0.0,0.0,0.0,0.79,0.0,0.0,-13.075302124023438,0.0,0.0,0.0,0.0,13.0,4.319988
NTUN,4359988,0.0,0.0,0.0,0.89,0.0,0.0,-13.102456092834473,0.0,0.0,0.0,0.0,13.0,4.359988
NTUN,4399988,0.0,0.0,0.0,0.89,0.0,0.0,-13.102456092834473,0.0,0.0,0.0,0.0,13.0,4.399988
NTUN,4439988,0.0,0.0,0.0,0.89,0.0,0.0,-13.126668930053711,0.0,0.0,0.0,0.0,13.0,4.439988
NTUN,4479988,0.0,0.0,0.0,1.02,0.0,0.0,-13.126668930053711,0.0,0.0,0.0,0.0,13.0,4.479988
NTUN,4519988,0.0,0.0,0.0,1.02,0.0,0.0,-13.126668930053711,0.0,0.0,0.0,0.0,13.0,4.519988
NTUN,4559988,0.0,0.0,0.0,0.78,0.0,0.0,-13.142891883850098,0.0,0.0,0.0,0.0,13.0,4.559988
NTUN,4599988,0.0,0.0,0.0,0.78,0.0,0.0,-13.142891883850098,0.0,0.0,0.0,0.0,13.0,4.599988
NTUN,4639988,0.0,0.0,0.0,0.78,0.0,0.0,-13.147470474243164,0.0,0.0,0.0,0.0,13.0,4.639988
NTUN,4679988,0.0,0.0,0.0,0.85,0.0,0.0,-13.147470474243164,0.0,0.0,0.0,0.0,13.0,4.679988
NTUN,4719988,0.0,0.0,0.0,0.85,0.0,0.0,-13.147470474243164,0.0,0.0,0.0,0.0,13.0,4.719988
NTUN,4759988,0.0,0.0,0.0,0.92,0.0,0.0,-13.136635780334473,0.0,0.0,0.0,0.0,13.0,4.759988
NTUN,4799988,0.0,0.0,0.0,0.92,0.0,0.0,-13.136635780334473,0.0,0.0,0.0,0.0,13.0,4.799988
NTUN,4839988,0.0,0.0,0.0,0.92,0.0,0.0,-13.119455337524414,0.0,0.0,0.0,0.0,13.0,4.839988
NTUN,4879988,0.0,0.0,0.0,0.93,0.0,0.0,-13.119455337524414,0.0,0.0,0.0,0.0,13.0,4.879988
NTUN,4919988,0.0,0.0,0.0,0.93,0.0,0.0,-13.119455337524414,0.0,0.0,0.0,0.0,13.0,4.919988
NTUN,4959988,0.0,0.0,0.0,0.72,0.0,0.0,-13.0950345993042,0.0,0.0,0.0,0.0,13.0,4.959988
NTUN,4999988,0.0,0.0,0.0,0.72,0.0,0.0,-13.0950345993042,0.0,0.0,0.0,0.0,13.0,4.999988
NTUN,5039988,0.0,0.0,0.0,0.72,0.0,0.0,-13.068028450012207,0.0,0.0,0.0,0.0,13.0,5.039988
NTUN,5079988,0.0,0.0,0.0,0.62,0.0,0.0,-13.068028450012207,0.0,0.0,0.0,0.0,13.0,5.079988
NTUN,5119988,0.0,0.0,0.0,0.62,0.0,0.0,-13.068028450012207,0.0,0.0,0.0,0.0,13.0,5.119988
NTUN,5159988,0.0,0.0,0.0,0.75,0.0,0.0,-13.038805961608887,0.0,0.0,0.0,0.0,13.0,5.159988
NTUN,5199988,0.0,0.0,0.0,0.75,0.0,0.0,-13.038805961608887,0.0,0.0,0.0,0.0,13.0,5.199988
NTUN,5239988,0.0,0.0,0.0,0.75,0.0,0.0,-13.011833190917969,0.0,0.0,0.0,0.0,13.0,5.239988
NTUN,5279988,0.0,0.0,0.0,0.7,0.0,0.0,-13.011833190917969,0.0,0.0,0.0,0.0,13.0,5.279988
NTUN,5319988,0.0,0.0,0.0,0.7,0.0,0.0,-13.011833190917969,0.0,0.0,0.0,0.0,13.0,5.319988
NTUN,5359988,0.0,0.0,0.0,0.72,0.0,0.0,-12.986175537109375,0.0,0.0,0.0,0.0,13.0,5.359988
NTUN,5399988,0.0,0.0,0.0,0.72,0.0,0.0,-12.986175537109375,0.0,0.0,0.0,0.0,13.0,5.399988
NTUN,5439988,0.0,0.0,0.0,0.72,0.0,0.0,-12.959037780761719,0.0,0.0,0.0,0.0,13.0,5.439988
NTUN,5479988,0.0,0.0,0.0,0.53,0.0,0.0,-12.959037780761719,0.0,0.0,0.0,0.0,13.0,5.479988
NTUN,5519988,0.0,0.0,0.0,0.53,0.0,0.0,-12.959037780761719,0.0,0.0,0.0,0.0,13.0,5.519988
NTUN,5559988,0.0,0.0,0.0,0.41,0.0,0.0,-12.93041706085205,0.0,0.0,0.0,0.0,13.0,5.559988
NTUN,5599988,0.0,0.0,0.0,0.41,0.0,0.0,-12.93041706085205,0.0,0.0,0.0,0.0,13.0,5.599988
NTUN,5639988,0.0,0.0,0.0,0.41,0.0,0.0,-12.901310920715332,0.0,0.0,0.0,0.0,13.0,5.639988
NTUN,5679988,0.0,0.0,0.0,0.56,0.0,0.0,-12.901310920715332,0.0,0.0,0.0,0.0,13.0,5.679988
NTUN,5719988,0.0,0.0,0.0,0.56,0.0,0.0,-12.901310920715332,0.0,0.0,0.0,0.0,13.0,5.719988
NTUN,5759988,0.0,0.0,0.0,0.36,0.0,0.0,-12.871957778930664,0.0,0.0,0.0,0.0,13.0,5.759988
NTUN,5799988,0.0,0.0,0.0,0.36,0.0,0.0,-12.871957778930664,0.0,0.0,0.0,0.0,13.0,5.799988
NTUN,5839988,0.0,0.0,0.0,0.36,0.0,0.0,-12.84627628326416,0.0,0.0,0.0,0.0,13.0,5.839988
NTUN,5879988,0.0,0.0,0.0,0.3,0.0,0.0,-12.84627628326416,0.0,0.0,0.0,0.0,13.0,5.879988
NTUN,5919988,0.0,0.0,0.0,0.3,0.0,0.0,-12.84627628326416,0.0,0.0,0.0,0.0,13.0,5.919988
NTUN,5959988,0.0,0.0,0.0,0.35,0.0,0.0,-12.821114540100098,0.0,0.0,0.0,0.0,13.0,5.959988
NTUN,5999988,0.0,0.0,0.0,0.35,0.0,0.0,-12.821114540100098,0.0,0.0,0.0,0.0,13.0,5.999988
NTUN,6039988,0.0,0.0,0.0,0.35,0.0,0.0,-12.802420616149902,0.0,0.0,0.0,0.0,13.0,6.039988
NTUN,6079988,0.0,0.0,0.0,0.2,0.0,0.0,-12.802420616149902,0.0,0.0,0.0,0.0,13.0,6.079988
NTUN,6119988,0.0,0.0,0.0,0.2,0.0,0.0,-12.802420616149902,0.0,0.0,0.0,0.0,13.0,6.119988
NTUN,6159988,0.0,0.0,0.0,0.39,0.0,0.0,-12.782715797424316,0.0,0.0,0.0,0.0,13.0,6.159988
NTUN,6199988,0.0,0.0,0.0,0.39,0.0,0.0,-12.782715797424316,0.0,0.0,0.0,0.0,13.0,6.199988
NTUN,6239988,0.0,0.0,0.0,0.39,0.0,0.0,-12.766714096069336,0.0,0.0,0.0,0.0,13.0,6.239988
NTUN,6279988,0.0,0.0,0.0,0.23,0.0,0.0,-12.766714096069336,0.0,0.0,0.0,0.0,13.0,6.279988
NTUN,6319988,0.0,0.0,0.0,0.23,0.0,0.0,-12.766714096069336,0.0,0.0,0.0,0.0,13.0,6.319988
NTUN,6359988,0.0,0.0,0.0,0.16,0.0,0.0,-12.749292373657227,0.0,0.0,0.0,0.0,13.0,6.359988
NTUN,6399988,0.0,0.0,0.0,0.16,0.0,0.0,-12.749292373657227,0.0,0.0,0.0,0.0,13.0,6.399988
NTUN,6439988,0.0,0.0,0.0,0.16,0.0,0.0,-12.736863136291504,0.0,0.0,0.0,0.0,13.0,6.439988
NTUN,6479988,0.0,0.0,0.0,0.26,0.0,0.0,-12.736863136291504,0.0,0.0,0.0,0.0,13.0,6.479988
NTUN,6519988,0.0,0.0,0.0,0.26,0.0,0.0,-12.736863136291504,0.0,0.0,0.0,0.0,13.0,6.519988
NTUN,6559988,0.0,0.0,0.0,0.03,0.0,0.0,-12.720806121826172,0.0,0.0,0.0,0.0,13.0,6.559988
NTUN,6599988,0.0,0.0,0.0,0.03,0.0,0.0,-12.720806121826172,0.0,0.0,0.0,0.0,13.0,6.599988
NTUN,6639988,0.0,0.0,0.0,0.03,0.0,0.0,-12.707710266113281,0.0,0.0,0.0,0.0,13.0,6.639988
NTUN,6679988,0.0,0.0,0.0,0.16,0.0,0.0,-12.707710266113281,0.0,0.0,0.0,0.0,13.0,6.679988
NTUN,6719988,0.0,0.0,0.0,0.16,0.0,0.0,-12.707710266113281,0.0,0.0,0.0,0.0,13.0,6.719988
NTUN,6759988,0.0,0.0,0.0,0.08,0.0,0.0,-12.697787284851074,0.0,0.0,0.0,0.0,13.0,6.759988
NTUN,6799988,0.0,0.0,0.0,0.08,0.0,0.0,-12.697787284851074,0.0,0.0,0.0,0.0,13.0,6.799988
NTUN,6839988,0.0,0.0,0.0,0.08,0.0,0.0,-12.688096046447754,0.0,0.0,0.0,0.0,13.0,6.839988
NTUN,6879988,0.0,0.0,0.0,0.0,0.0,0.0,-12.688096046447754,0.0,0.0,0.0,0.0,13.0,6.879988
NTUN,6919988,0.0,0.0,0.0,0.0,0.0,0.0,-12.688096046447754,0.0,0.0,0.0,0.0,13.0,6.919988
NTUN,6959988,0.0,0.0,0.0,0.0,0.0,0.0,-12.678004264831543,0.0,0.0,0.0,0.0,13.0,6.959988
NTUN,6999988,0.0,0.0,0.0,0.0,0.0,0.0,-12.678004264831543,0.0,0.0,0.0,0.0,13.0,6.999988
NTUN,7039988,0.0,0.0,0.0,0.0,0.0,0.0,-12.672856330871582,0.0,0.0,0.0,0.0,13.0,7.039988
NTUN,7079988,0.0,0.0,0.0,-0.02,0.0,0.0,-12.672856330871582,0.0,0.0,0.0,0.0,13.0,7.079988
NTUN,7119988,0.0,0.0,0.0,-0.02,0.0,0.0,-12.672856330871582,0.0,0.0,0.0,0.0,13.0,7.119988
NTUN,7159988,0.0,0.0,0.0,0.0,0.0,0.0,-12.66549015045166,0.0,0.0,0.0,0.0,13.0,7.159988
NTUN,7199988,0.0,0.0,0.0,0.0,0.0,0.0,-12.66549015045166,0.0,0.0,0.0,0.0,13.0,7.199988
NTUN,7239988,0.0,0.0,0.0,0.0,0.0,0.0,-12.65912914276123,0.0,0.0,0.0,0.0,13.0,7.239988
NTUN,7279988,0.0,0.0,0.0,-0.04,0.0,0.0,-12.65912914276123,0.0,0.0,0.0,0.0,13.0,7.279988
NTUN,7319988,0.0,0.0,0.0,-0.04,0.0,0.0,-12.65912914276123,0.0,0.0,0.0,0.0,13.0,7.319988
NTUN,7359988,0.0,0.0,0.0,-0.12,0.0,0.0,-12.65622615814209,0.0,0.0,0.0,0.0,13.0,7.359988
NTUN,7399988,0.0,0.0,0.0,-0.12,0.0,0.0,-12.65622615814209,0.0,0.0,0.0,0.0,13.0,7.399988
NTUN,7439988,0.0,0.0,0.0,-0.12,0.0,0.0,-12.65218734741211,0.0,0.0,0.0,0.0,13.0,7.439988
NTUN,7479988,0.0,0.0,0.0,-0.15,0.0,0.0,-12.65218734741211,0.0,0.0,0.0,0.0,13.0,7.479988
NTUN,7519988,0.0,0.0,0.0,-0.15,0.0,0.0,-12.65218734741211,0.0,0.0,0.0,0.0,13.0,7.519988
NTUN,7559988,0.0,0.0,0.0,0.02,0.0,0.0,-12.648904800415039,0.0,0.0,0.0,0.0,13.0,7.559988
NTUN,7599988,0.0,0.0,0.0,0.02,0.0,0.0,-12.648904800415039,0.0,0.0,0.0,0.0,13.0,7.599988
NTUN,7639988,0.0,0.0,0.0,0.02,0.0,0.0,-12.647819519042969,0.0,0.0,0.0,0.0,13.0,7.639988
NTUN,7679988,0.0,0.0,0.0,-0.18,0.0,0.0,-12.647819519042969,0.0,0.0,0.0,0.0,13.0,7.679988
NTUN,7719988,0.0,0.0,0.0,-0.18,0.0,0.0,-12.647819519042969,0.0,0.0,0.0,0.0,13.0,7.719988
NTUN,7759988,0.0,0.0,0.0,-0.15,0.0,0.0,-12.649568557739258,0.0,0.0,0.0,0.0,13.0,7.759988
NTUN,7799988,0.0,0.0,0.0,-0.15,0.0,0.0,-12.649568557739258,0.0,0.0,0.0,0.0,13.0,7.799988
NTUN,7839988,0.0,0.0,0.0,-0.15,0.0,0.0,-12.64828109741211,0.0,0.0,0.0,0.0,13.0,7.839988
NTUN,7879988,0.0,0.0,0.0,-0.13,0.0,0.0,-12.64828109741211,0.0,0.0,0.0,0.0,13.0,7.879988
NTUN,7919988,0.0,0.0,0.0,-0.13,0.0,0.0,-12.64828109741211,0.0,0.0,0.0,0.0,13.0,7.919988
NTUN,7959988,0.0,0.0,0.0,-0.08,0.0,0.0,-12.64913272857666,0.0,0.0,0.0,0.0,13.0,7.959988
NTUN,7999988,0.0,0.0,0.0,-0.08,0.0,0.0,-12.64913272857666,0.0,0.0,0.0,0.0,13.0,7.999988
NTUN,8039988,0.0,0.0,0.0,-0.08,0.0,0.0,-12.649235725402832,0.0,0.0,0.0,0.0,13.0,8.039988
NTUN,8079988,0.0,0.0,0.0,-0.19,0.0,0.0,-12.649235725402832,0.0,0.0,0.0,0.0,13.0,8.079988
NTUN,8119988,0.0,0.0,0.0,-0.19,0.0,0.0,-12.649235725402832,0.0,0.0,0.0,0.0,13.0,8.119988
NTUN,8159988,0.0,0.0,0.0,-0.03,0.0,0.0,-12.649852752685547,0.0,0.0,0.0,0.0,13.0,8.159988
NTUN,8199988,0.0,0.0,0.0,-0.03,0.0,0.0,-12.649852752685547,0.0,0.0,0.0,0.0,13.0,8.199988
NTUN,8239988,0.0,0.0,0.0,-0.03,0.0,0.0,-12.650405883789062,0.0,0.0,0.0,0.0,13.0,8.239988
NTUN,8279988,0.0,0.0,0.0,-0.14,0.0,0.0,-12.650405883789062,0.0,0.0,0.0,0.0,13.0,8.279988
NTUN,8319988,0.0,0.0,0.0,-0.14,0.0,0.0,-12.650405883789062,0.0,0.0,0.0,0.0,13.0,8.319988
NTUN,8359988,0.0,0.0,0.0,0.0,0.0,0.0,-12.654792785644531,0.0,0.0,0.0,0.0,13.0,8.359988
NTUN,8399988,0.0,0.0,0.0,0.0,0.0,0.0,-12.654792785644531,0.0,0.0,0.0,0.0,13.0,8.399988
NTUN,8439988,0.0,0.0,0.0,0.0,0.0,0.0,-12.657204627990723,0.0,0.0,0.0,0.0,13.0,8.439988
NTUN,8479988,0.0,0.0,0.0,-0.27,0.0,0.0,-12.657204627990723,0.0,0.0,0.0,0.0,13.0,8.479988
NTUN,8519988,0.0,0.0,0.0,-0.27,0.0,0.0,-12.657204627990723,0.0,0.0,0.0,0.0,13.0,8.519988
NTUN,8559988,0.0,0.0,0.0,-0.25,0.0,0.0,-12.660811424255371,0.0,0.0,0.0,0.0,13.0,8.559988
NTUN,8599988,0.0,0.0,0.0,-0.25,0.0,0.0,-12.660811424255371,0.0,0.0,0.0,0.0,13.0,8.599988
NTUN,8639988,0.0,0.0,0.0,-0.25,0.0,0.0,-12.661279678344727,0.0,0.0,0.0,0.0,13.0,8.639988
NTUN,8679988,0.0,0.0,0.0,-0.27,0.0,0.0,-12.661279678344727,0.0,0.0,0.0,0.0,13.0,8.679988
NTUN,8719988,0.0,0.0,0.0,-0.27,0.0,0.0,-12.661279678344727,0.0,0.0,0.0,0.0,13.0,8.719988
NTUN,8759988,0.0,0.0,0.0,-0.24,0.0,0.0,-12.664336204528809,0.0,0.0,0.0,0.0,13.0,8.759988
NTUN,8799988,0.0,0.0,0.0,-0.24,0.0,0.0,-12.664336204528809,0.0,0.0,0.0,0.0,13.0,8.799988
NTUN,8839988,0.0,0.0,0.0,-0.24,0.0,0.0,-12.667914390563965,0.0,0.0,0.0,0.0,13.0,8.839988
NTUN,8879988,0.0,0.0,0.0,-0.14,0.0,0.0,-12.667914390563965,0.0,0.0,0.0,0.0,13.0,8.879988
NTUN,8919988,0.0,0.0,0.0,-0.14,0.0,0.0,-12.667914390563965,0.0,0.0,0.0,0.0,13.0,8.919988
NTUN,8959988,0.0,0.0,0.0,-0.14,0.0,0.0,-12.66942024230957,0.0,0.0,0.0,0.0,13.0,8.959988
NTUN,8999988,0.0,0.0,0.0,-0.14,0.0,0.0,-12.66942024230957,0.0,0.0,0.0,0.0,13.0,8.999988
NTUN,9039988,0.0,0.0,0.0,-0.14,0.0,0.0,-12.675111770629883,0.0,0.0,0.0,0.0,13.0,9.039988
NTUN,9079988,0.0,0.0,0.0,-0.37,0.0,0.0,-12.675111770629883,0.0,0.0,0.0,0.0,13.0,9.079988
NTUN,9119988,0.0,0.0,0.0,-0.37,0.0,0.0,-12.675111770629883,0.0,0.0,0.0,0.0,13.0,9.119988
NTUN,9159988,0.0,0.0,0.0,-0.08,0.0,0.0,-12.677490234375,0.0,0.0,0.0,0.0,13.0,9.159988
NTUN,9199988,0.0,0.0,0.0,-0.08,0.0,0.0,-12.677490234375,0.0,0.0,0.0,0.0,13.0,9.199988
NTUN,9239988,0.0,0.0,0.0,-0.08,0.0,0.0,-12.682578086853027,0.0,0.0,0.0,0.0,13.0,9.239988
NTUN,9279988,0.0,0.0,0.0,-0.18,0.0,0.0,-12.682578086853027,0.0,0.0,0.0,0.0,13.0,9.279988
NTUN,9319988,0.0,0.0,0.0,-0.18,0.0,0.0,-12.682578086853027,0.0,0.0,0.0,0.0,13.0,9.319988
NTUN,9359988,0.0,0.0,0.0,-0.23,0.0,0.0,-12.687301635742188,0.0,0.0,0.0,0.0,13.0,9.359988
NTUN,9399988,0.0,0.0,0.0,-0.23,0.0,0.0,-12.687301635742188,0.0,0.0,0.0,0.0,13.0,9.399988
NTUN,9439988,0.0,0.0,0.0,-0.23,0.0,0.0,-12.687840461730957,0.0,0.0,0.0,0.0,13.0,9.439988
NTUN,9479988,0.0,0.0,0.0,-0.41,0.0,0.0,-12.687840461730957,0.0,0.0,0.0,0.0,13.0,9.479988
NTUN,9519988,0.0,0.0,0.0,-0.41,0.0,0.0,-12.687840461730957,0.0,0.0,0.0,0.0,13.0,9.519988
NTUN,9559988,0.0,0.0,0.0,-0.15,0.0,0.0,-12.691584587097168,0.0,0.0,0.0,0.0,13.0,9.559988
NTUN,9599988,0.0,0.0,0.0,-0.15,0.0,0.0,-12.691584587097168,0.0,0.0,0.0,0.0,13.0,9.599988
NTUN,9639988,0.0,0.0,0.0,-0.15,0.0,0.0,-12.694361686706543,0.0,0.0,0.0,0.0,13.0,9.639988
NTUN,9679988,0.0,0.0,0.0,-0.16,0.0,0.0,-12.694361686706543,0.0,0.0,0.0,0.0,13.0,9.679988
NTUN,9719988,0.0,0.0,0.0,-0.16,0.0,0.0,-12.694361686706543,0.0,0.0,0.0,0.0,13.0,9.719988
NTUN,9759988,0.0,0.0,0.0,-0.17,0.0,0.0,-12.697391510009766,0.0,0.0,0.0,0.0,13.0,9.759988
NTUN,9799988,0.0,0.0,0.0,-0.17,0.0,0.0,-12.697391510009766,0.0,0.0,0.0,0.0,13.0,9.799988
NTUN,9839988,0.0,0.0,0.0,-0.17,0.0,0.0,-12.700227737426758,0.0,0.0,0.0,0.0,13.0,9.839988
NTUN,9879988,0.0,0.0,0.0,-0.24,0.0,0.0,-12.700227737426758,0.0,0.0,0.0,0.0,13.0,9.879988
NTUN,9919988,0.0,0.0,0.0,-0.24,0.0,0.0,-12.700227737426758,0.0,0.0,0.0,0.0,13.0,9.919988
NTUN,9959988,0.0,0.0,0.0,-0.42,0.0,0.0,-12.702715873718262,0.0,0.0,0.0,0.0,13.0,9.959988
NTUN,9999988,0.0,0.0,0.0,-0.42,0.0,0.0,-12.702715873718262,0.0,0.0,0.0,0.0,13.0,9.999988
NTUN,10039988,0.0,0.0,0.0,-0.42,0.0,0.0,-12.701732635498047,0.0,0.0,0.0,0.0,13.0,10.039988
NTUN,10079988,0.0,0.0,0.0,-0.27,0.0,0.0,-12.701732635498047,0.0,0.0,0.0,0.0,13.0,10.079988
NTUN,10119988,0.0,0.0,0.0,-0.27,0.0,0.0,-12.701732635498047,0.0,0.0,0.0,0.0,13.0,10.119988
NTUN,10159988,0.0,0.0,0.0,-0.2,0.0,0.0,-12.705995559692383,0.0,0.0,0.0,0.0,13.0,10.159988
NTUN,10199988,0.0,0.0,0.0,-0.2,0.0,0.0,-12.705995559692383,0.0,0.0,0.0,0.0,13.0,10.199988
NTUN,10239988,0.0,0.0,0.0,-0.2,0.0,0.0,-12.705635070800781,0.0,0.0,0.0,0.0,13.0,10.239988
NTUN,10279988,0.0,0.0,0.0,-0.28,0.0,0.0,-12.705635070800781,0.0,0.0,0.0,0.0,13.0,10.279988
NTUN,10319988,0.0,0.0,0.0,-0.28,0.0,0.0,-12.705635070800781,0.0,0.0,0.0,0.0,13.0,10.319988
NTUN,10359988,0.0,0.0,0.0,-0.46,0.0,0.0,-12.710704803466797,0.0,0.0,0.0,0.0,13.0,10.359988
NTUN,10399988,0.0,0.0,0.0,-0.46,0.0,0.0,-12.710704803466797,0.0,0.0,0.0,0.0,13.0,10.399988
NTUN,10439988,0.0,0.0,0.0,-0.46,0.0,0.0,-12.713778495788574,0.0,0.0,0.0,0.0,13.0,10.439988
NTUN,10479988,0.0,0.0,0.0,-0.37,0.0,0.0,-12.713778495788574,0.0,0.0,0.0,0.0,13.0,10.479988
NTUN,10519988,0.0,0.0,0.0,-0.37,0.0,0.0,-12.713778495788574,0.0,0.0,0.0,0.0,13.0,10.519988
NTUN,10559988,1.5251637697219849,0.0,0.0,-0.51,0.0,0.0,-12.718648910522461,39.9053828,116.4073982,119.98,0.0,13.0,10.559988
NTUN,10599988,1.5251637697219849,0.0,0.0,-0.51,0.0,0.0,-12.718648910522461,39.9053828,116.4073982,119.98,0.0,13.0,10.599988
NTUN,10639988,2.8054428100585938,0.0,0.0,-0.51,0.0,0.0,-12.721430778503418,39.9053828,116.4073982,119.98,0.0,13.0,10.639988
NTUN,10679988,2.8054428100585938,0.0,0.0,-0.48,0.0,0.0,-12.721430778503418,39.9053828,116.4073982,119.98,0.0,13.0,10.679988
NTUN,10719988,2.8054428100585938,0.0,0.0,-0.48,0.0,0.0,-12.721430778503418,39.9053828,116.4073982,119.98,0.0,13.0,10.719988
NTUN,10759988,4.074278831481934,0.0,0.0,-0.36,0.0,0.0,-12.727386474609375,39.9053828,116.4073982,119.98,0.0,13.0,10.759988
NTUN,10799988,4.074278831481934,0.0,0.0,-0.36,0.0,0.0,-12.727386474609375,39.9053828,116.4073982,119.98,0.0,13.0,10.799988
NTUN,10839988,5.354443073272705,0.0,0.0,-0.36,0.0,0.0,-12.733781814575195,39.9053828,116.4073982,119.98,0.0,13.0,10.839988
NTUN,10879988,5.354443073272705,0.0,0.0,-0.4,0.0,0.0,-12.733781814575195,39.9053828,116.4073982,119.98,0.0,13.0,10.879988
NTUN,10919988,5.354443073272705,0.0,0.0,-0.4,0.0,0.0,-12.733781814575195,39.9053828,116.4073982,119.98,0.0,13.0,10.919988
NTUN,10959988,6.623476982116699,0.0,0.0,-0.34,0.0,0.0,-12.738449096679688,39.9053828,116.4073982,119.98,0.0,13.0,10.959988
NTUN,10999988,6.623476982116699,0.0,0.0,-0.34,0.0,0.0,-12.738449096679688,39.9053828,116.4073982,119.98,0.0,13.0,10.999988
NTUN,11039988,7.903656482696533,0.0,0.0,-0.34,0.0,0.0,-12.742959976196289,39.9053828,116.4073982,119.98,0.0,13.0,11.039988
NTUN,11079988,7.903656482696533,0.0,0.0,-0.24,0.0,0.0,-12.742959976196289,39.9053828,116.4073982,119.98,0.0,13.0,11.079988
NTUN,11119988,7.903656482696533,0.0,0.0,-0.24,0.0,0.0,-12.742959976196289,39.9053828,116.4073982,119.98,0.0,13.0,11.119988
NTUN,11159988,9.194999694824219,0.0,0.0,-0.35,0.0,0.0,-12.75049877166748,39.9053828,116.4073982,119.98,0.0,13.0,11.159988
NTUN,11199988,9.194999694824219,0.0,0.0,-0.35,0.0,0.0,-12.75049877166748,39.9053828,116.4073982,119.98,0.0,13.0,11.199988
NTUN,11239988,10.475228309631348,0.0,0.0,-0.35,0.0,0.0,-12.754302024841309,39.9053828,116.4073982,119.98,0.0,13.0,11.239988
NTUN,11279988,10.475228309631348,0.0,0.0,-0.34,0.0,0.0,-12.754302024841309,39.9053828,116.4073982,119.98,0.0,13.0,11.279988
NTUN,11319988,10.475228309631348,0.0,0.0,-0.34,0.0,0.0,-12.754302024841309,39.9053828,116.4073982,119.98,0.0,13.0,11.319988
NTUN,11359988,11.755877494812012,0.0,0.0,-0.27,0.0,0.0,-12.762428283691406,39.9053828,116.4073982,119.98,0.0,13.0,11.359988
NTUN,11399988,11.755877494812012,0.0,0.0,-0.27,0.0,0.0,-12.762428283691406,39.9053828,116.4073982,119.98,0.0,13.0,11.399988
NTUN,11439988,13.036446571350098,0.0,0.0,-0.27,0.0,0.0,-12.770927429199219,39.9053828,116.4073982,119.98,0.0,13.0,11.439988
NTUN,11479988,13.036446571350098,0.0,0.0,-0.38,0.0,0.0,-12.770927429199219,39.9053828,116.4073982,119.98,0.0,13.0,11.479988
NTUN,11519988,13.036446571350098,0.0,0.0,-0.38,0.0,0.0,-12.770927429199219,39.9053828,116.4073982,119.98,0.0,13.0,11.519988
NTUN,11559988,14.295951843261719,0.0,0.0,-0.31,0.0,0.0,-12.778471946716309,39.9053828,116.4073982,119.98,0.0,13.0,11.559988
NTUN,11599988,14.295951843261719,0.0,0.0,-0.31,0.0,0.0,-12.778471946716309,39.9053828,116.4073982,119.98,0.0,13.0,11.599988
NTUN,11639988,15.566312789916992,0.0,0.0,-0.31,0.0,0.0,-12.787429809570312,39.9053828,116.4073982,119.98,0.0,13.0,11.639988
NTUN,11679988,15.566312789916992,0.0,0.0,-0.32,0.0,0.0,-12.787429809570312,39.9053828,116.4073982,119.98,0.0,13.0,11.679988
NTUN,11719988,15.566312789916992,0.0,0.0,-0.32,0.0,0.0,-12.787429809570312,39.9053828,116.4073982,119.98,0.0,13.0,11.719988
NTUN,11759988,16.871583938598633,0.0,0.0,-0.35,0.0,0.0,-12.799415588378906,39.9053828,116.4073982,119.98,0.0,13.0,11.759988
NTUN,11799988,16.871583938598633,0.0,0.0,-0.35,0.0,0.0,-12.799415588378906,39.9053828,116.4073982,119.98,0.0,13.0,11.799988
NTUN,11839988,18.154260635375977,0.0,0.0,-0.35,0.0,0.0,-12.809097290039062,39.9053828,116.4073982,119.98,0.0,13.0,11.839988
NTUN,11879988,18.154260635375977,0.0,0.0,-0.24,0.0,0.0,-12.809097290039062,39.9053828,116.4073982,119.98,0.0,13.0,11.879988
NTUN,11919988,18.154260635375977,0.0,0.0,-0.24,0.0,0.0,-12.809097290039062,39.9053828,116.4073982,119.98,0.0,13.0,11.919988
NTUN,11959988,19.440336227416992,0.0,0.0,-0.22,0.0,0.0,-12.820040702819824,39.9053828,116.4073982,119.98,0.0,13.0,11.959988
NTUN,11999988,19.440336227416992,0.0,0.0,-0.22,0.0,0.0,-12.820040702819824,39.9053828,116.4073982,119.98,0.0,13.0,11.999988
NTUN,12039988,20.72471046447754,0.0,0.0,-0.22,0.0,0.0,-12.828072547912598,39.9053828,116.4073982,119.98,0.0,13.0,12.039988
NTUN,12079988,20.72471046447754,0.0,0.0,-0.27,0.0,0.0,-12.828072547912598,39.9053828,116.4073982,119.98,0.0,13.0,12.079988
NTUN,12119988,20.72471046447754,0.0,0.0,-0.27,0.0,0.0,-12.828072547912598,39.9053828,116.4073982,119.98,0.0,13.0,12.119988
NTUN,12159988,22.014787673950195,0.0,0.0,-0.34,0.0,0.0,-12.835638046264648,39.9053828,116.4073982,119.98,0.0,13.0,12.159988
NTUN,12199988,22.014787673950195,0.0,0.0,-0.34,0.0,0.0,-12.835638046264648,39.9053828,116.4073982,119.98,0.0,13.0,12.199988
NTUN,12239988,23.30277442932129,0.0,0.0,-0.34,0.0,0.0,-12.843733787536621,39.9053828,116.4073982,119.98,0.0,13.0,12.239988
NTUN,12279988,23.30277442932129,0.0,0.0,-0.23,0.0,0.0,-12.843733787536621,39.9053828,116.4073982,119.98,0.0,13.0,12.279988
NTUN,12319988,23.30277442932129,0.0,0.0,-0.23,0.0,0.0,-12.843733787536621,39.9053828,116.4073982,119.98,0.0,13.0,12.319988
NTUN,12359988,24.573823928833008,0.0,0.0,-0.2,0.0,0.0,-12.855443954467773,39.9053828,116.4073982,119.98,0.0,13.0,12.359988
NTUN,12399988,24.573823928833008,0.0,0.0,-0.2,0.0,0.0,-12.855443954467773,39.9053828,116.4073982,119.98,0.0,13.0,12.399988
NTUN,12439988,25.854249954223633,0.0,0.0,-0.2,0.0,0.0,-12.865852355957031,39.9053828,116.4073982,119.98,0.0,13.0,12.439988
NTUN,12479988,25.854249954223633,0.0,0.0,-0.29,0.0,0.0,-12.865852355957031,39.9053828,116.4073982,119.98,0.0,13.0,12.479988
NTUN,12519988,25.854249954223633,0.0,0.0,-0.29,0.0,0.0,-12.865852355957031,39.9053828,116.4073982,119.98,0.0,13.0,12.519988
NTUN,12559988,27.131263732910156,0.0,0.0,-0.32,0.0,0.0,-12.873817443847656,39.9053828,116.4073982,119.98,0.0,13.0,12.559988
NTUN,12599988,27.131263732910156,0.0,0.0,-0.32,0.0,0.0,-12.873817443847656,39.9053828,116.4073982,119.98,0.0,13.0,12.599988
NTUN,12639988,28.416006088256836,0.0,0.0,-0.32,0.0,0.0,-12.88515567779541,39.9053828,116.4073982,119.98,0.0,13.0,12.639988
NTUN,12679988,28.416006088256836,0.0,0.0,-0.24,0.0,0.0,-12.88515567779541,39.9053828,116.4073982,119.98,0.0,13.0,12.679988
NTUN,12719988,28.416006088256836,0.0,0.0,-0.24,0.0,0.0,-12.88515567779541,39.9053828,116.4073982,119.98,0.0,13.0,12.719988
NTUN,12759988,29.685317993164062,0.0,0.0,-0.39,0.0,0.0,-12.89158821105957,39.9053828,116.4073982,119.98,0.0,13.0,12.759988
NTUN,12799988,29.685317993164062,0.0,0.0,-0.39,0.0,0.0,-12.89158821105957,39.9053828,116.4073982,119.98,0.0,13.0,12.799988
NTUN,12839988,30.963035583496094,0.0,0.0,-0.39,0.0,0.0,-12.899205207824707,39.9053828,116.4073982,119.98,0.0,13.0,12.839988
NTUN,12879988,30.963035583496094,0.0,0.0,-0.35,0.0,0.0,-12.899205207824707,39.9053828,116.4073982,119.98,0.0,13.0,12.879988
NTUN,12919988,30.963035583496094,0.0,0.0,-0.35,0.0,0.0,-12.899205207824707,39.9053828,116.4073982,119.98,0.0,13.0,12.919988
NTUN,12959988,32.252723693847656,0.0,0.0,-0.19,0.0,0.0,-12.904874801635742,39.9053828,116.4073982,119.98,0.0,13.0,12.959988
NTUN,12999988,32.252723693847656,0.0,0.0,-0.19,0.0,0.0,-12.904874801635742,39.9053828,116.4073982,119.98,0.0,13.0,12.999988
NTUN,13039988,33.53694152832031,0.0,0.0,-0.19,0.0,0.0,-12.914371490478516,39.9053828,116.4073982,119.98,0.0,13.0,13.039988
NTUN,13079988,33.53694152832031,0.0,0.0,-0.37,0.0,0.0,-12.914371490478516,39.9053828,116.4073982,119.98,0.0,13.0,13.079988
NTUN,13119988,33.53694152832031,0.0,0.0,-0.37,0.0,0.0,-12.914371490478516,39.9053828,116.4073982,119.98,0.0,13.0,13.119988
NTUN,13159988,34.8198356628418,0.0,0.0,-0.22,0.0,0.0,-12.922404289245605,39.9053828,116.4073982,119.98,0.0,13.0,13.159988
NTUN,13199988,34.8198356628418,0.0,0.0,-0.22,0.0,0.0,-12.922404289245605,39.9053828,116.4073982,119.98,0.0,13.0,13.199988
NTUN,13239988,36.09927749633789,0.0,0.0,-0.22,0.0,0.0,-12.928315162658691,39.9053828,116.4073982,119.98,0.0,13.0,13.239988
NTUN,13279988,36.09927749633789,0.0,0.0,-0.34,0.0,0.0,-12.928315162658691,39.9053828,116.4073982,119.98,0.0,13.0,13.279988
NTUN,13319988,36.09927749633789,0.0,0.0,-0.34,0.0,0.0,-12.928315162658691,39.9053828,116.4073982,119.98,0.0,13.0,13.319988
NTUN,13359988,37.36530685424805,0.0,0.0,-0.35,0.0,0.0,-12.933293342590332,39.9053828,116.4073982,119.98,0.0,13.0,13.359988
NTUN,13399988,37.36530685424805,0.0,0.0,-0.35,0.0,0.0,-12.933293342590332,39.9053828,116.4073982,119.98,0.0,13.0,13.399988
NTUN,13439988,38.63946533203125,0.0,0.0,-0.35,0.0,0.0,-12.936372756958008,39.9053828,116.4073982,119.98,0.0,13.0,13.439988
NTUN,13479988,38.63946533203125,0.0,0.0,-0.39,0.0,0.0,-12.936372756958008,39.9053828,116.4073982,119.98,0.0,13.0,13.479988
NTUN,13519988,38.63946533203125,0.0,0.0,-0.39,0.0,0.0,-12.936372756958008,39.9053828,116.4073982,119.98,0.0,13.0,13.519988
NTUN,13559988,39.956138610839844,0.0,0.0,-0.25,0.0,0.0,-12.937171936035156,39.9053828,116.4073982,119.98,0.0,13.0,13.559988
NTUN,13599988,39.956138610839844,0.0,0.0,-0.25,0.0,0.0,-12.937171936035156,39.9053828,116.4073982,119.98,0.0,13.0,13.599988
NTUN,13639988,41.235164642333984,0.0,0.0,-0.25,0.0,0.0,-12.94168472290039,39.9053828,116.4073982,119.98,0.0,13.0,13.639988
NTUN,13679988,41.235164642333984,0.0,0.0,-0.27,0.0,0.0,-12.94168472290039,39.9053828,116.4073982,119.98,0.0,13.0,13.679988
NTUN,13719988,41.235164642333984,0.0,0.0,-0.27,0.0,0.0,-12.94168472290039,39.9053828,116.4073982,119.98,0.0,13.0,13.719988
NTUN,13759988,42.47508239746094,0.0,0.0,-0.21,0.0,0.0,-12.944552421569824,39.9053828,116.4073982,119.98,0.0,13.0,13.759988
NTUN,13799988,42.47508239746094,0.0,0.0,-0.21,0.0,0.0,-12.944552421569824,39.9053828,116.4073982,119.98,0.0,13.0,13.799988
NTUN,13839988,43.74795150756836,0.0,0.0,-0.21,0.0,0.0,-12.94609260559082,39.9053828,116.4073982,119.98,0.0,13.0,13.839988
NTUN,13879988,43.74795150756836,0.0,0.0,-0.34,0.0,0.0,-12.94609260559082,39.9053828,116.4073982,119.98,0.0,13.0,13.879988
NTUN,13919988,43.74795150756836,0.0,0.0,-0.34,0.0,0.0,-12.94609260559082,39.9053828,116.4073982,119.98,0.0,13.0,13.919988
NTUN,13959988,45.04933166503906,0.0,0.0,-0.22,0.0,0.0,-12.94877815246582,39.9053828,116.4073982,119.98,0.0,13.0,13.959988
NTUN,13999988,45.04933166503906,0.0,0.0,-0.22,0.0,0.0,-12.94877815246582,39.9053828,116.4073982,119.98,0.0,13.0,13.999988
NTUN,14039988,46.33673858642578,0.0,0.0,-0.22,0.0,0.0,-12.95164966583252,39.9053828,116.4073982,119.98,0.0,13.0,14.039988
NTUN,14079988,46.33673858642578,0.0,0.0,-0.31,0.0,0.0,-12.95164966583252,39.9053828,116.4073982,119.98,0.0,13.0,14.079988
NTUN,14119988,46.33673858642578,0.0,0.0,-0.31,0.0,0.0,-12.95164966583252,39.9053828,116.4073982,119.98,0.0,13.0,14.119988
NTUN,14159988,47.599449157714844,0.0,0.0,-0.09,0.0,0.0,-12.951438903808594,39.9053828,116.4073982,119.98,0.0,13.0,14.159988
NTUN,14199988,47.599449157714844,0.0,0.0,-0.09,0.0,0.0,-12.951438903808594,39.9053828,116.4073982,119.98,0.0,13.0,14.199988
NTUN,14239988,48.88087844848633,0.0,0.0,-0.09,0.0,0.0,-12.954214096069336,39.9053828,116.4073982,119.98,0.0,13.0,14.239988
NTUN,14279988,48.88087844848633,0.0,0.0,-0.14,0.0,0.0,-12.954214096069336,39.9053828,116.4073982,119.98,0.0,13.0,14.279988
NTUN,14319988,48.88087844848633,0.0,0.0,-0.14,0.0,0.0,-12.954214096069336,39.9053828,116.4073982,119.98,0.0,13.0,14.319988
NTUN,14359988,50.174198150634766,0.0,0.0,-0.2,0.0,0.0,-12.95776653289795,39.9053828,116.4073982,119.98,0.0,13.0,14.359988
NTUN,14399988,50.174198150634766,0.0,0.0,-0.2,0.0,0.0,-12.95776653289795,39.9053828,116.4073982,119.98,0.0,13.0,14.399988
NTUN,14439988,51.45899200439453,0.0,0.0,-0.2,0.0,0.0,-12.961352348327637,39.9053828,116.4073982,119.98,0.0,13.0,14.439988
NTUN,14479988,51.45899200439453,0.0,0.0,-0.32,0.0,0.0,-12.961352348327637,39.9053828,116.4073982,119.98,0.0,13.0,14.479988
NTUN,14519988,51.45899200439453,0.0,0.0,-0.32,0.0,0.0,-12.961352348327637,39.9053828,116.4073982,119.98,0.0,13.0,14.519988
NTUN,14559988,52.73825454711914,0.0,0.0,-0.15,0.0,0.0,-12.9639892578125,39.9053828,116.4073982,119.98,0.0,13.0,14.559988
NTUN,14599988,52.73825454711914,0.0,0.0,-0.15,0.0,0.0,-12.9639892578125,39.9053828,116.4073982,119.98,0.0,13.0,14.599988
NTUN,14639988,54.02134323120117,0.0,0.0,-0.15,0.0,0.0,-12.966611862182617,39.9053828,116.4073982,119.98,0.0,13.0,14.639988
NTUN,14679988,54.02134323120117,0.0,0.0,-0.26,0.0,0.0,-12.966611862182617,39.9053828,116.4073982,119.98,0.0,13.0,14.679988
NTUN,14719988,54.02134323120117,0.0,0.0,-0.26,0.0,0.0,-12.966611862182617,39.9053828,116.4073982,119.98,0.0,13.0,14.719988
NTUN,14759988,55.325260162353516,0.0,0.0,-0.19,0.0,0.0,-12.964527130126953,39.9053828,116.4073982,119.98,0.0,13.0,14.759988
NTUN,14799988,55.325260162353516,0.0,0.0,-0.19,0.0,0.0,-12.964527130126953,39.9053828,116.4073982,119.98,0.0,13.0,14.799988
NTUN,14839988,56.60786437988281,0.0,0.0,-0.19,0.0,0.0,-12.966672897338867,39.9053828,116.4073982,119.98,0.0,13.0,14.839988
NTUN,14879988,56.60786437988281,0.0,0.0,-0.23,0.0,0.0,-12.966672897338867,39.9053828,116.4073982,119.98,0.0,13.0,14.879988
NTUN,14919988,56.60786437988281,0.0,0.0,-0.23,0.0,0.0,-12.966672897338867,39.9053828,116.4073982,119.98,0.0,13.0,14.919988
NTUN,14959988,57.88927459716797,0.0,0.0,-0.36,0.0,0.0,-12.96931266784668,39.9053828,116.4073982,119.98,0.0,13.0,14.959988
NTUN,14999988,57.88927459716797,0.0,0.0,-0.36,0.0,0.0,-12.96931266784668,39.9053828,116.4073982,119.98,0.0,13.0,14.999988
NTUN,15039988,59.1728401184082,0.0,0.0,-0.36,0.0,0.0,-12.968832015991211,39.9053828,116.4073982,119.98,0.0,13.0,15.039988
NTUN,15079988,59.1728401184082,0.0,0.0,-0.27,0.0,0.0,-12.968832015991211,39.9053828,116.4073982,119.98,0.0,13.0,15.079988
NTUN,15119988,59.1728401184082,0.0,0.0,-0.27,0.0,0.0,-12.968832015991211,39.9053828,116.4073982,119.98,0.0,13.0,15.119988
NTUN,15159988,60.49345779418945,0.0,0.0,-0.12,0.0,0.0,-12.971263885498047,39.9053828,116.4073982,119.98,0.0,13.0,15.159988
NTUN,15199988,60.49345779418945,0.0,0.0,-0.12,0.0,0.0,-12.971263885498047,39.9053828,116.4073982,119.98,0.0,13.0,15.199988
NTUN,15239988,61.78690719604492,0.0,0.0,-0.12,0.0,0.0,-12.97195053100586,39.9053828,116.4073982,119.98,0.0,13.0,15.239988
NTUN,15279988,61.78690719604492,0.0,0.0,-0.09,0.0,0.0,-12.97195053100586,39.9053828,116.4073982,119.98,0.0,13.0,15.279988
NTUN,15319988,61.78690719604492,0.0,0.0,-0.09,0.0,0.0,-12.97195053100586,39.9053828,116.4073982,119.98,0.0,13.0,15.319988
NTUN,15359988,63.08269500732422,0.0,0.0,-0.26,0.0,0.0,-12.976372718811035,39.9053828,116.4073982,119.98,0.0,13.0,15.359988
NTUN,15399988,63.08269500732422,0.0,0.0,-0.26,0.0,0.0,-12.976372718811035,39.9053828,116.4073982,119.98,0.0,13.0,15.399988
NTUN,15439988,64.38401794433594,0.0,0.0,-0.26,0.0,0.0,-12.978967666625977,39.9053828,116.4073982,119.98,0.0,13.0,15.439988
NTUN,15479988,64.38401794433594,0.0,0.0,-0.17,0.0,0.0,-12.978967666625977,39.9053828,116.4073982,119.98,0.0,13.0,15.479988
NTUN,15519988,64.38401794433594,0.0,0.0,-0.17,0.0,0.0,-12.978967666625977,39.9053828,116.4073982,119.98,0.0,13.0,15.519988
NTUN,15559988,65.66926574707031,0.0,0.0,-0.12,0.0,0.0,-12.983057975769043,39.9053828,116.4073982,119.98,0.0,13.0,15.559988
NTUN,15599988,65.66926574707031,0.0,0.0,-0.12,0.0,0.0,-12.983057975769043,39.9053828,116.4073982,119.98,0.0,13.0,15.599988
NTUN,15639988,66.95648193359375,0.0,0.0,-0.12,0.0,0.0,-12.98855209350586,39.9053828,116.4073982,119.98,0.0,13.0,15.639988
NTUN,15679988,66.95648193359375,0.0,0.0,-0.07,0.0,0.0,-12.98855209350586,39.9053828,116.4073982,119.98,0.0,13.0,15.679988
NTUN,15719988,66.95648193359375,0.0,0.0,-0.07,0.0,0.0,-12.98855209350586,39.9053828,116.4073982,119.98,0.0,13.0,15.719988
NTUN,15759988,68.2782211303711,0.0,0.0,-0.27,0.0,0.0,-12.99072265625,39.9053828,116.4073982,119.98,0.0,13.0,15.759988
NTUN,15799988,68.2782211303711,0.0,0.0,-0.27,0.0,0.0,-12.99072265625,39.9053828,116.4073982,119.98,0.0,13.0,15.799988
NTUN,15839988,69.5728759765625,0.0,0.0,-0.27,0.0,0.0,-12.995197296142578,39.9053828,116.4073982,119.98,0.0,13.0,15.839988
NTUN,15879988,69.5728759765625,0.0,0.0,-0.11,0.0,0.0,-12.995197296142578,39.9053828,116.4073982,119.98,0.0,13.0,15.879988
NTUN,15919988,69.5728759765625,0.0,0.0,-0.11,0.0,0.0,-12.995197296142578,39.9053828,116.4073982,119.98,0.0,13.0,15.919988
NTUN,15959988,70.87665557861328,0.0,0.0,-0.06,0.0,0.0,-13.000752449035645,39.9053828,116.4073982,119.98,0.0,13.0,15.959988
NTUN,15999988,70.87665557861328,0.0,0.0,-0.06,0.0,0.0,-13.000752449035645,39.9053828,116.4073982,119.98,0.0,13.0,15.999988
NTUN,16039988,72.18051147460938,0.0,0.0,-0.06,0.0,0.0,-13.005729675292969,39.9053828,116.4073982,119.98,0.0,13.0,16.039988
NTUN,16079988,72.18051147460938,0.0,0.0,-0.04,0.0,0.0,-13.005729675292969,39.9053828,116.4073982,119.98,0.0,13.0,16.079988
NTUN,16119988,72.18051147460938,0.0,0.0,-0.04,0.0,0.0,-13.005729675292969,39.9053828,116.4073982,119.98,0.0,13.0,16.119988
NTUN,16159988,73.48442840576172,0.0,0.0,-0.03,0.0,0.0,-13.005807876586914,39.9053828,116.4073982,119.98,0.0,13.0,16.159988
NTUN,16199988,73.48442840576172,0.0,0.0,-0.03,0.0,0.0,-13.005807876586914,39.9053828,116.4073982,119.98,0.0,13.0,16.199988
NTUN,16239988,74.79927062988281,0.0,0.0,-0.03,0.0,0.0,-13.007559776306152,39.9053828,116.4073982,119.98,0.0,13.0,16.239988
NTUN,16279988,74.79927062988281,0.0,0.0,-0.05,0.0,0.0,-13.007559776306152,39.9053828,116.4073982,119.98,0.0,13.0,16.279988
NTUN,16319988,74.79927062988281,0.0,0.0,-0.05,0.0,0.0,-13.007559776306152,39.9053828,116.4073982,119.98,0.0,13.0,16.319988
NTUN,16359988,76.09768676757812,0.0,0.0,-0.01,0.0,0.0,-13.010566711425781,39.9053828,116.4073982,119.98,0.0,13.0,16.359988
NTUN,16399988,76.09768676757812,0.0,0.0,-0.01,0.0,0.0,-13.010566711425781,39.9053828,116.4073982,119.98,0.0,13.0,16.399988
NTUN,16439988,77.39988708496094,0.0,0.0,-0.01,0.0,0.0,-13.013800621032715,39.9053828,116.4073982,119.98,0.0,13.0,16.439988
NTUN,16479988,77.39988708496094,0.0,0.0,-0.14,0.0,0.0,-13.013800621032715,39.9053828,116.4073982,119.98,0.0,13.0,16.479988
NTUN,16519988,77.39988708496094,0.0,0.0,-0.14,0.0,0.0,-13.013800621032715,39.9053828,116.4073982,119.98,0.0,13.0,16.519988
NTUN,16559988,78.70777130126953,0.0,0.0,-0.28,0.0,0.0,-13.019404411315918,39.9053828,116.4073982,119.98,0.0,13.0,16.559988
NTUN,16599988,78.70777130126953,0.0,0.0,-0.28,0.0,0.0,-13.019404411315918,39.9053828,116.4073982,119.98,0.0,13.0,16.599988
NTUN,16639988,80.01195526123047,0.0,0.0,-0.28,0.0,0.0,-13.022781372070312,39.9053828,116.4073982,119.98,0.0,13.0,16.639988
NTUN,16679988,80.01195526123047,0.0,0.0,-0.03,0.0,0.0,-13.022781372070312,39.9053828,116.4073982,119.98,0.0,13.0,16.679988
NTUN,16719988,80.01195526123047,0.0,0.0,-0.03,0.0,0.0,-13.022781372070312,39.9053828,116.4073982,119.98,0.0,13.0,16.719988
NTUN,16759988,81.31619262695312,0.0,0.0,-0.05,0.0,0.0,-13.025186538696289,39.9053828,116.4073982,119.98,0.0,13.0,16.759988
NTUN,16799988,81.31619262695312,0.0,0.0,-0.05,0.0,0.0,-13.025186538696289,39.9053828,116.4073982,119.98,0.0,13.0,16.799988
NTUN,16839988,82.609619140625,0.0,0.0,-0.05,0.0,0.0,-13.029295921325684,39.9053828,116.4073982,119.98,0.0,13.0,16.839988
NTUN,16879988,82.609619140625,0.0,0.0,-0.04,0.0,0.0,-13.029295921325684,39.9053828,116.4073982,119.98,0.0,13.0,16.879988
NTUN,16919988,82.609619140625,0.0,0.0,-0.04,0.0,0.0,-13.029295921325684,39.9053828,116.4073982,119.98,0.0,13.0,16.919988
NTUN,16959988,83.93244934082031,0.0,0.0,-0.24,0.0,0.0,-13.03381061553955,39.9053828,116.4073982,119.98,0.0,13.0,16.959988
NTUN,16999988,83.93244934082031,0.0,0.0,-0.24,0.0,0.0,-13.03381061553955,39.9053828,116.4073982,119.98,0.0,13.0,16.999988
NTUN,17039988,85.24068450927734,0.0,0.0,-0.24,0.0,0.0,-13.036011695861816,39.9053828,116.4073982,119.98,0.0,13.0,17.039988
NTUN,17079988,85.24068450927734,0.0,0.0,-0.13,0.0,0.0,-13.036011695861816,39.9053828,116.4073982,119.98,0.0,13.0,17.079988
NTUN,17119988,85.24068450927734,0.0,0.0,-0.13,0.0,0.0,-13.036011695861816,39.9053828,116.4073982,119.98,0.0,13.0,17.119988
NTUN,17159988,86.5400619506836,0.0,0.0,-0.01,0.0,0.0,-13.041535377502441,39.9053828,116.4073982,119.98,0.0,13.0,17.159988
NTUN,17199988,86.5400619506836,0.0,0.0,-0.01,0.0,0.0,-13.041535377502441,39.9053828,116.4073982,119.98,0.0,13.0,17.199988
NTUN,17239988,87.83759307861328,0.0,0.0,-0.01,0.0,0.0,-13.044207572937012,39.9053828,116.4073982,119.98,0.0,13.0,17.239988
NTUN,17279988,87.83759307861328,0.0,0.0,0.03,0.0,0.0,-13.044207572937012,39.9053828,116.4073982,119.98,0.0,13.0,17.279988
NTUN,17319988,87.83759307861328,0.0,0.0,0.03,0.0,0.0,-13.044207572937012,39.9053828,116.4073982,119.98,0.0,13.0,17.319988
NTUN,17359988,89.15769958496094,0.0,0.0,-0.05,0.0,0.0,-13.049951553344727,39.9053828,116.4073982,119.98,0.0,13.0,17.359988
NTUN,17399988,89.15769958496094,0.0,0.0,-0.05,0.0,0.0,-13.049951553344727,39.9053828,116.4073982,119.98,0.0,13.0,17.399988
NTUN,17439988,90.45042419433594,0.0,0.0,-0.05,0.0,0.0,-13.055561065673828,39.9053828,116.4073982,119.98,0.0,13.0,17.439988
NTUN,17479988,90.45042419433594,0.0,0.0,-0.17,0.0,0.0,-13.055561065673828,39.9053828,116.4073982,119.98,0.0,13.0,17.479988
NTUN,17519988,90.45042419433594,0.0,0.0,-0.17,0.0,0.0,-13.055561065673828,39.9053828,116.4073982,119.98,0.0,13.0,17.519988
NTUN,17559988,91.7747573852539,0.0,0.0,-0.02,0.0,0.0,-13.064088821411133,39.9053828,116.4073982,119.98,0.0,13.0,17.559988
NTUN,17599988,91.7747573852539,0.0,0.0,-0.02,0.0,0.0,-13.064088821411133,39.9053828,116.4073982,119.98,0.0,13.0,17.599988
NTUN,17639988,93.08450317382812,0.0,0.0,-0.02,0.0,0.0,-13.071135520935059,39.9053828,116.4073982,119.98,0.0,13.0,17.639988
NTUN,17679988,93.08450317382812,0.0,0.0,-0.05,0.0,0.0,-13.071135520935059,39.9053828,116.4073982,119.98,0.0,13.0,17.679988
NTUN,17719988,93.08450317382812,0.0,0.0,-0.05,0.0,0.0,-13.071135520935059,39.9053828,116.4073982,119.98,0.0,13.0,17.719988
NTUN,17759988,94.35822296142578,0.0,0.0,0.04,0.0,0.0,-13.076507568359375,39.9053828,116.4073982,119.98,0.0,13.0,17.759988
NTUN,17799988,94.35822296142578,0.0,0.0,0.04,0.0,0.0,-13.076507568359375,39.9053828,116.4073982,119.98,0.0,13.0,17.799988
NTUN,17839988,95.66558074951172,0.0,0.0,0.04,0.0,0.0,-13.085221290588379,39.9053828,116.4073982,119.98,0.0,13.0,17.839988
NTUN,17879988,95.66558074951172,0.0,0.0,-0.14,0.0,0.0,-13.085221290588379,39.9053828,116.4073982,119.98,0.0,13.0,17.879988
NTUN,17919988,95.66558074951172,0.0,0.0,-0.14,0.0,0.0,-13.085221290588379,39.9053828,116.4073982,119.98,0.0,13.0,17.919988
NTUN,17959988,96.98127746582031,0.0,0.0,0.07,0.0,0.0,-13.094183921813965,39.9053828,116.4073982,119.98,0.0,13.0,17.959988
NTUN,17999988,96.98127746582031,0.0,0.0,0.07,0.0,0.0,-13.094183921813965,39.9053828,116.4073982,119.98,0.0,13.0,17.999988
NTUN,18039988,98.29322052001953,0.0,0.0,0.07,0.0,0.0,-13.098968505859375,39.9053828,116.4073982,119.98,0.0,13.0,18.039988
NTUN,18079988,98.29322052001953,0.0,0.0,0.16,0.0,0.0,-13.098968505859375,39.9053828,116.4073982,119.98,0.0,13.0,18.079988
NTUN,18119988,98.29322052001953,0.0,0.0,0.16,0.0,0.0,-13.098968505859375,39.9053828,116.4073982,119.98,0.0,13.0,18.119988
NTUN,18159988,99.59153747558594,0.0,0.0,0.17,0.0,0.0,-13.10721206665039,39.9053828,116.4073982,119.98,0.0,13.0,18.159988
NTUN,18199988,99.59153747558594,0.0,0.0,0.17,0.0,0.0,-13.10721206665039,39.9053828,116.4073982,119.98,0.0,13.0,18.199988
NTUN,18239988,100.88875579833984,0.0,0.0,0.17,0.0,0.0,-13.116127967834473,39.9053828,116.4073982,119.98,0.0,13.0,18.239988
NTUN,18279988,100.88875579833984,0.0,0.0,0.08,0.0,0.0,-13.116127967834473,39.9053828,116.4073982,119.98,0.0,13.0,18.279988
NTUN,18319988,100.88875579833984,0.0,0.0,0.08,0.0,0.0,-13.116127967834473,39.9053828,116.4073982,119.98,0.0,13.0,18.319988
NTUN,18359988,102.17279052734375,0.0,0.0,0.02,0.0,0.0,-13.120594024658203,39.9053828,116.4073982,119.98,0.0,13.0,18.359988
NTUN,18399988,102.17279052734375,0.0,0.0,0.02,0.0,0.0,-13.120594024658203,39.9053828,116.4073982,119.98,0.0,13.0,18.399988
NTUN,18439988,103.46849822998047,0.0,0.0,0.02,0.0,0.0,-13.128259658813477,39.9053828,116.4073982,119.98,0.0,13.0,18.439988
NTUN,18479988,103.46849822998047,0.0,0.0,0.06,0.0,0.0,-13.128259658813477,39.9053828,116.4073982,119.98,0.0,13.0,18.479988
NTUN,18519988,103.46849822998047,0.0,0.0,0.06,0.0,0.0,-13.128259658813477,39.9053828,116.4073982,119.98,0.0,13.0,18.519988
NTUN,18559988,104.76881408691406,0.0,0.0,0.11,0.0,0.0,-13.132386207580566,39.9053828,116.4073982,119.98,0.0,13.0,18.559988
NTUN,18599988,104.76881408691406,0.0,0.0,0.11,0.0,0.0,-13.132386207580566,39.9053828,116.4073982,119.98,0.0,13.0,18.599988
NTUN,18639988,106.06121063232422,0.0,0.0,0.11,0.0,0.0,-13.139494895935059,39.9053828,116.4073982,119.98,0.0,13.0,18.639988
NTUN,18679988,106.06121063232422,0.0,0.0,0.02,0.0,0.0,-13.139494895935059,39.9053828,116.4073982,119.98,0.0,13.0,18.679988
NTUN,18719988,106.06121063232422,0.0,0.0,0.02,0.0,0.0,-13.139494895935059,39.9053828,116.4073982,119.98,0.0,13.0,18.719988
NTUN,18759988,107.35002136230469,0.0,0.0,-0.01,0.0,0.0,-13.143108367919922,39.9053828,116.4073982,119.98,0.0,13.0,18.759988
NTUN,18799988,107.35002136230469,0.0,0.0,-0.01,0.0,0.0,-13.143108367919922,39.9053828,116.4073982,119.98,0.0,13.0,18.799988
NTUN,18839988,108.64164733886719,0.0,0.0,-0.01,0.0,0.0,-13.148656845092773,39.9053828,116.4073982,119.98,0.0,13.0,18.839988
NTUN,18879988,108.64164733886719,0.0,0.0,0.0,0.0,0.0,-13.148656845092773,39.9053828,116.4073982,119.98,0.0,13.0,18.879988
NTUN,18919988,108.64164733886719,0.0,0.0,0.0,0.0,0.0,-13.148656845092773,39.9053828,116.4073982,119.98,0.0,13.0,18.919988
NTUN,18959988,109.91908264160156,0.0,0.0,0.13,0.0,0.0,-13.153047561645508,39.9053828,116.4073982,119.98,0.0,13.0,18.959988
NTUN,18999988,109.91908264160156,0.0,0.0,0.13,0.0,0.0,-13.153047561645508,39.9053828,116.4073982,119.98,0.0,13.0,18.999988
NTUN,19039988,111.20579528808594,0.0,0.0,0.13,0.0,0.0,-13.154373168945312,39.9053828,116.4073982,119.98,0.0,13.0,19.039988
NTUN,19079988,111.20579528808594,0.0,0.0,0.05,0.0,0.0,-13.154373168945312,39.9053828,116.4073982,119.98,0.0,13.0,19.079988
NTUN,19119988,111.20579528808594,0.0,0.0,0.05,0.0,0.0,-13.154373168945312,39.9053828,116.4073982,119.98,0.0,13.0,19.119988
NTUN,19159988,112.49606323242188,0.0,0.0,0.25,0.0,0.0,-13.157308578491211,39.9053828,116.4073982,119.98,0.0,13.0,19.159988
NTUN,19199988,112.49606323242188,0.0,0.0,0.25,0.0,0.0,-13.157308578491211,39.9053828,116.4073982,119.98,0.0,13.0,19.199988
NTUN,19239988,113.78655242919922,0.0,0.0,0.25,0.0,0.0,-13.159932136535645,39.9053828,116.4073982,119.98,0.0,13.0,19.239988
NTUN,19279988,113.78655242919922,0.0,0.0,0.05,0.0,0.0,-13.159932136535645,39.9053828,116.4073982,119.98,0.0,13.0,19.279988
NTUN,19319988,113.78655242919922,0.0,0.0,0.05,0.0,0.0,-13.159932136535645,39.9053828,116.4073982,119.98,0.0,13.0,19.319988
NTUN,19359988,115.08318328857422,0.0,0.0,0.14,0.0,0.0,-13.161670684814453,39.9053828,116.4073982,119.98,0.0,13.0,19.359988
NTUN,19399988,115.08318328857422,0.0,0.0,0.14,0.0,0.0,-13.161670684814453,39.9053828,116.4073982,119.98,0.0,13.0,19.399988
NTUN,19439988,116.3714599609375,0.0,0.0,0.14,0.0,0.0,-13.163439750671387,39.9053828,116.4073982,119.98,0.0,13.0,19.439988
NTUN,19479988,116.3714599609375,0.0,0.0,0.11,0.0,0.0,-13.163439750671387,39.9053828,116.4073982,119.98,0.0,13.0,19.479988
NTUN,19519988,116.3714599609375,0.0,0.0,0.11,0.0,0.0,-13.163439750671387,39.9053828,116.4073982,119.98,0.0,13.0,19.519988
NTUN,19559988,117.63311004638672,0.0,0.0,0.25,0.0,0.0,-13.161822319030762,39.9053828,116.4073982,119.98,0.0,13.0,19.559988
NTUN,19599988,117.63311004638672,0.0,0.0,0.25,0.0,0.0,-13.161822319030762,39.9053828,116.4073982,119.98,0.0,13.0,19.599988
NTUN,19639988,118.9146499633789,0.0,0.0,0.25,0.0,0.0,-13.161367416381836,39.9053828,116.4073982,119.98,0.0,13.0,19.639988
NTUN,19679988,118.9146499633789,0.0,0.0,0.29,0.0,0.0,-13.161367416381836,39.9053828,116.4073982,119.98,0.0,13.0,19.679988
NTUN,19719988,118.9146499633789,0.0,0.0,0.29,0.0,0.0,-13.161367416381836,39.9053828,116.4073982,119.98,0.0,13.0,19.719988
NTUN,19759988,120.20764923095703,0.0,0.0,0.18,0.0,0.0,-13.163113594055176,39.9053828,116.4073982,119.98,0.0,13.0,19.759988
NTUN,19799988,120.20764923095703,0.0,0.0,0.18,0.0,0.0,-13.163113594055176,39.9053828,116.4073982,119.98,0.0,13.0,19.799988
NTUN,19839988,121.50138854980469,0.0,0.0,0.18,0.0,0.0,-13.162787437438965,39.9053828,116.4073982,119.98,0.0,13.0,19.839988
NTUN,19879988,121.50138854980469,0.0,0.0,0.14,0.0,0.0,-13.162787437438965,39.9053828,116.4073982,119.98,0.0,13.0,19.879988
NTUN,19919988,121.50138854980469,0.0,0.0,0.14,0.0,0.0,-13.162787437438965,39.9053828,116.4073982,119.98,0.0,13.0,19.919988
NTUN,19959988,122.76293182373047,0.0,0.0,0.21,0.0,0.0,-13.164905548095703,39.9053828,116.4073982,119.98,0.0,13.0,19.959988
NTUN,19999988,122.76293182373047,0.0,0.0,0.21,0.0,0.0,-13.164905548095703,39.9053828,116.4073982,119.98,0.0,13.0,19.999988
NTUN,20039988,124.03932189941406,0.0,0.0,0.21,0.0,0.0,-13.165514945983887,39.9053828,116.4073982,119.98,0.0,13.0,20.039988
NTUN,20079988,124.03932189941406,0.0,0.0,0.22,0.0,0.0,-13.165514945983887,39.9053828,116.4073982,119.98,0.0,13.0,20.079988
NTUN,20119988,124.03932189941406,0.0,0.0,0.22,0.0,0.0,-13.165514945983887,39.9053828,116.4073982,119.98,0.0,13.0,20.119988
NTUN,20159988,125.34593200683594,0.0,0.0,0.4,0.0,0.0,-13.168046951293945,39.9053828,116.4073982,119.98,0.0,13.0,20.159988
NTUN,20199988,125.34593200683594,0.0,0.0,0.4,0.0,0.0,-13.168046951293945,39.9053828,116.4073982,119.98,0.0,13.0,20.199988
NTUN,20239988,126.63188171386719,0.0,0.0,0.4,0.0,0.0,-13.172929763793945,39.9053828,116.4073982,119.98,0.0,13.0,20.239988
NTUN,20279988,126.63188171386719,0.0,0.0,0.21,0.0,0.0,-13.172929763793945,39.9053828,116.4073982,119.98,0.0,13.0,20.279988
NTUN,20319988,126.63188171386719,0.0,0.0,0.21,0.0,0.0,-13.172929763793945,39.9053828,116.4073982,119.98,0.0,13.0,20.319988
NTUN,20359988,127.92098999023438,0.0,0.0,0.23,0.0,0.0,-13.176395416259766,39.9053828,116.4073982,119.98,0.0,13.0,20.359988
NTUN,20399988,127.92098999023438,0.0,0.0,0.23,0.0,0.0,-13.176395416259766,39.9053828,116.4073982,119.98,0.0,13.0,20.399988
NTUN,20439988,129.21885681152344,0.0,0.0,0.23,0.0,0.0,-13.182208061218262,39.9053828,116.4073982,119.98,0.0,13.0,20.439988
NTUN,20479988,129.21885681152344,0.0,0.0,0.41,0.0,0.0,-13.182208061218262,39.9053828,116.4073982,119.98,0.0,13.0,20.479988
NTUN,20519988,129.21885681152344,0.0,0.0,0.41,0.0,0.0,-13.182208061218262,39.9053828,116.4073982,119.98,0.0,13.0,20.519988
NTUN,20559988,130.51475524902344,0.0,0.0,0.4,0.0,0.0,-13.186521530151367,39.9053828,116.4073982,119.98,0.0,13.0,20.559988
NTUN,20599988,130.51475524902344,0.0,0.0,0.4,0.0,0.0,-13.186521530151367,39.9053828,116.4073982,119.98,0.0,13.0,20.599988
NTUN,20639988,131.8137664794922,0.0,0.0,0.4,0.0,0.0,-13.191250801086426,39.9053828,116.4073982,119.98,0.0,13.0,20.639988
NTUN,20679988,131.8137664794922,0.0,0.0,0.31,0.0,0.0,-13.191250801086426,39.9053828,116.4073982,119.98,0.0,13.0,20.679988
NTUN,20719988,131.8137664794922,0.0,0.0,0.31,0.0,0.0,-13.191250801086426,39.9053828,116.4073982,119.98,0.0,13.0,20.719988
NTUN,20759988,133.13482666015625,0.0,0.0,0.22,0.0,0.0,-13.193793296813965,39.9053828,116.4073982,119.98,0.0,13.0,20.759988
NTUN,20799988,133.13482666015625,0.0,0.0,0.22,0.0,0.0,-13.193793296813965,39.9053828,116.4073982,119.98,0.0,13.0,20.799988
NTUN,20839988,134.44024658203125,0.0,0.0,0.22,0.0,0.0,-13.19666862487793,39.9053828,116.4073982,119.98,0.0,13.0,20.839988
NTUN,20879988,134.44024658203125,0.0,0.0,0.35,0.0,0.0,-13.19666862487793,39.9053828,116.4073982,119.98,0.0,13.0,20.879988
NTUN,20919988,134.44024658203125,0.0,0.0,0.35,0.0,0.0,-13.19666862487793,39.9053828,116.4073982,119.98,0.0,13.0,20.919988
NTUN,20959988,135.7224884033203,0.0,0.0,0.28,0.0,0.0,-13.20218563079834,39.9053828,116.4073982,119.98,0.0,13.0,20.959988
NTUN,20999988,135.7224884033203,0.0,0.0,0.28,0.0,0.0,-13.20218563079834,39.9053828,116.4073982,119.98,0.0,13.0,20.999988
NTUN,21039988,137.0208740234375,0.0,0.0,0.28,0.0,0.0,-13.203319549560547,39.9053828,116.4073982,119.98,0.0,13.0,21.039988
NTUN,21079988,137.0208740234375,0.0,0.0,0.33,0.0,0.0,-13.203319549560547,39.9053828,116.4073982,119.98,0.0,13.0,21.079988
NTUN,21119988,137.0208740234375,0.0,0.0,0.33,0.0,0.0,-13.203319549560547,39.9053828,116.4073982,119.98,0.0,13.0,21.119988
NTUN,21159988,138.338134765625,0.0,0.0,0.71,0.0,0.0,-13.206415176391602,39.9053828,116.4073982,119.98,0.0,13.0,21.159988
NTUN,21199988,138.338134765625,0.0,0.0,0.72,0.0,0.0,-13.206415176391602,39.9053828,116.4073982,119.98,0.0,13.0,21.199988
NTUN,21239988,138.38577270507812,0.0,0.0,0.72,0.0,0.0,-13.208039283752441,39.9053828,116.4073982,119.98,0.0,13.0,21.239988
NTUN,21279988,138.38577270507812,0.0,0.0,0.73,0.0,0.0,-13.208039283752441,39.9053828,116.4073982,119.98,0.0,13.0,21.279988
NTUN,21319988,138.38577270507812,0.0,0.0,0.73,0.0,0.0,-13.208039283752441,39.9053828,116.4073982,119.98,0.0,13.0,21.319988
NTUN,21359988,140.2960662841797,0.0,0.0,0.73,0.0,0.0,-13.212479591369629,39.9053828,116.4073982,119.98,0.0,13.0,21.359988
NTUN,21399988,140.2960662841797,0.0,0.0,0.74,0.0,0.0,-13.212479591369629,39.9053828,116.4073982,119.98,0.0,13.0,21.399988
NTUN,21439988,142.07723999023438,0.0,0.0,0.74,0.0,0.0,-13.215944290161133,39.9053828,116.4073982,119.98,0.0,13.0,21.439988
NTUN,21479988,142.07723999023438,0.0,0.0,0.74,0.0,0.0,-13.215944290161133,39.9053828,116.4073982,119.98,0.0,13.0,21.479988
NTUN,21519988,142.07723999023438,0.0,0.0,0.74,0.0,0.0,-13.215944290161133,39.9053828,116.4073982,119.98,0.0,13.0,21.519988
NTUN,21559988,143.7157745361328,0.0,0.0,0.74,0.0,0.0,-13.218233108520508,39.9053828,116.4073982,119.98,0.0,13.0,21.559988
NTUN,21599988,143.7157745361328,0.0,0.0,0.74,0.0,0.0,-13.218233108520508,39.9053828,116.4073982,119.98,0.0,13.0,21.599988
NTUN,21639988,145.24339294433594,0.0,0.0,0.74,0.0,0.0,-13.218493461608887,39.9053828,116.4073982,119.98,0.0,13.0,21.639988
NTUN,21679988,145.24339294433594,0.0,0.0,0.74,0.0,0.0,-13.218493461608887,39.9053828,116.4073982,119.98,0.0,13.0,21.679988
NTUN,21719988,145.24339294433594,0.0,0.0,0.73,0.0,0.0,-13.218493461608887,39.9053828,116.4073982,119.98,0.0,13.0,21.719988
NTUN,21759988,146.7076416015625,0.0,0.0,0.74,0.0,0.0,-13.2139310836792,39.9053828,116.4073982,119.98,0.0,13.0,21.759988
NTUN,21799988,146.7076416015625,0.0,0.0,0.74,0.0,0.0,-13.2139310836792,39.9053828,116.4073982,119.98,0.0,13.0,21.799988
NTUN,21839988,148.11903381347656,0.0,0.0,0.74,0.0,0.0,-13.211325645446777,39.9053828,116.4073982,119.98,0.0,13.0,21.839988
NTUN,21879988,148.11903381347656,0.0,0.0,0.75,0.0,0.0,-13.211325645446777,39.9053828,116.4073982,119.98,0.0,13.0,21.879988
NTUN,21919988,148.11903381347656,0.0,0.0,0.75,0.0,0.0,-13.211325645446777,39.9053828,116.4073982,119.98,0.0,13.0,21.919988
NTUN,21959988,149.5040283203125,0.0,0.0,0.75,0.0,0.0,-13.207334518432617,39.9053828,116.4073982,119.98,0.0,13.0,21.959988
NTUN,21999988,149.5040283203125,0.0,0.0,0.75,0.0,0.0,-13.207334518432617,39.9053828,116.4073982,119.98,0.0,13.0,21.999988
NTUN,22039988,150.86534118652344,0.0,0.0,0.75,0.0,0.0,-13.20105266571045,39.9053828,116.4073982,119.98,0.0,13.0,22.039988
NTUN,22079988,150.86534118652344,0.0,0.0,0.76,0.0,0.0,-13.20105266571045,39.9053828,116.4073982,119.98,0.0,13.0,22.079988
NTUN,22119988,150.86534118652344,0.0,0.0,0.76,0.0,0.0,-13.20105266571045,39.9053828,116.4073982,119.98,0.0,13.0,22.119988
NTUN,22159988,152.21621704101562,0.0,0.0,0.76,0.0,0.0,-13.193570137023926,39.9053828,116.4073982,119.98,0.0,13.0,22.159988
NTUN,22199988,152.21621704101562,0.0,0.0,0.76,0.0,0.0,-13.193570137023926,39.9053828,116.4073982,119.98,0.0,13.0,22.199988
NTUN,22239988,153.56175231933594,0.0,0.0,0.76,0.0,0.0,-13.1870756149292,39.9053828,116.4073982,119.98,0.0,13.0,22.239988
NTUN,22279988,153.56175231933594,0.0,0.0,0.77,0.0,0.0,-13.1870756149292,39.9053828,116.4073982,119.98,0.0,13.0,22.279988
NTUN,22319988,153.56175231933594,0.0,0.0,0.77,0.0,0.0,-13.1870756149292,39.9053828,116.4073982,119.98,0.0,13.0,22.319988
NTUN,22359988,154.88905334472656,0.0,0.0,0.77,0.0,0.0,-13.179686546325684,39.9053828,116.4073982,119.98,0.0,13.0,22.359988
NTUN,22399988,154.88905334472656,0.0,0.0,0.77,0.0,0.0,-13.179686546325684,39.9053828,116.4073982,119.98,0.0,13.0,22.399988
NTUN,22439988,156.20591735839844,0.0,0.0,0.77,0.0,0.0,-13.17483139038086,39.9053828,116.4073982,119.98,0.0,13.0,22.439988
NTUN,22479988,156.20591735839844,0.0,0.0,0.77,0.0,0.0,-13.17483139038086,39.9053828,116.4073982,119.98,0.0,13.0,22.479988
NTUN,22519988,156.20591735839844,0.0,0.0,0.77,0.0,0.0,-13.17483139038086,39.9053828,116.4073982,119.98,0.0,13.0,22.519988
NTUN,22559988,157.52291870117188,0.0,0.0,0.77,0.0,0.0,-13.168096542358398,39.9053828,116.4073982,119.98,0.0,13.0,22.559988
NTUN,22599988,157.52291870117188,0.0,0.0,0.76,0.0,0.0,-13.168096542358398,39.9053828,116.4073982,119.98,0.0,13.0,22.599988
NTUN,22639988,158.82949829101562,0.0,0.0,0.76,0.0,0.0,-13.160319328308105,39.9053828,116.4073982,119.98,0.0,13.0,22.639988
NTUN,22679988,158.82949829101562,0.0,0.0,0.76,0.0,0.0,-13.160319328308105,39.9053828,116.4073982,119.98,0.0,13.0,22.679988
NTUN,22719988,158.82949829101562,0.0,0.0,0.76,0.0,0.0,-13.160319328308105,39.9053828,116.4073982,119.98,0.0,13.0,22.719988
NTUN,22759988,160.13897705078125,0.0,0.0,0.75,0.0,0.0,-13.152056694030762,39.9053828,116.4073982,119.98,0.0,13.0,22.759988
NTUN,22799988,160.13897705078125,0.0,0.0,0.75,0.0,0.0,-13.152056694030762,39.9053828,116.4073982,119.98,0.0,13.0,22.799988
NTUN,22839988,161.43031311035156,0.0,0.0,0.75,0.0,0.0,-13.14516830444336,39.9053828,116.4073982,119.98,0.0,13.0,22.839988
NTUN,22879988,161.43031311035156,0.0,0.0,0.75,0.0,0.0,-13.14516830444336,39.9053828,116.4073982,119.98,0.0,13.0,22.879988
NTUN,22919988,161.43031311035156,0.0,0.0,0.75,0.0,0.0,-13.14516830444336,39.9053828,116.4073982,119.98,0.0,13.0,22.919988
NTUN,22959988,162.72459411621094,0.0,0.0,0.75,0.0,0.0,-13.135954856872559,39.9053828,116.4073982,119.98,0.0,13.0,22.959988
NTUN,22999988,162.72459411621094,0.0,0.0,0.75,0.0,0.0,-13.135954856872559,39.9053828,116.4073982,119.98,0.0,13.0,22.999988
NTUN,23039988,164.0218505859375,0.0,0.0,0.75,0.0,0.0,-13.12838363647461,39.9053828,116.4073982,119.98,0.0,13.0,23.039988
NTUN,23079988,164.0218505859375,0.0,0.0,0.75,0.0,0.0,-13.12838363647461,39.9053828,116.4073982,119.98,0.0,13.0,23.079988
NTUN,23119988,164.0218505859375,0.0,0.0,0.76,0.0,0.0,-13.12838363647461,39.9053828,116.4073982,119.98,0.0,13.0,23.119988
NTUN,23159988,165.3220977783203,0.0,0.0,0.76,0.0,0.0,-13.123556137084961,39.9053828,116.4073982,119.98,0.0,13.0,23.159988
NTUN,23199988,165.3220977783203,0.0,0.0,0.76,0.0,0.0,-13.123556137084961,39.9053828,116.4073982,119.98,0.0,13.0,23.199988
NTUN,23239988,166.61483764648438,0.0,0.0,0.76,0.0,0.0,-13.120905876159668,39.9053828,116.4073982,119.98,0.0,13.0,23.239988
NTUN,23279988,166.61483764648438,0.0,0.0,0.76,0.0,0.0,-13.120905876159668,39.9053828,116.4073982,119.98,0.0,13.0,23.279988
NTUN,23319988,166.61483764648438,0.0,0.0,0.77,0.0,0.0,-13.120905876159668,39.9053828,116.4073982,119.98,0.0,13.0,23.319988
NTUN,23359988,167.91062927246094,0.0,0.0,0.77,0.0,0.0,-13.118534088134766,39.9053828,116.4073982,119.98,0.0,13.0,23.359988
NTUN,23399988,167.91062927246094,0.0,0.0,0.77,0.0,0.0,-13.118534088134766,39.9053828,116.4073982,119.98,0.0,13.0,23.399988
NTUN,23439988,169.20181274414062,0.0,0.0,0.77,0.0,0.0,-13.117831230163574,39.9053828,116.4073982,119.98,0.0,13.0,23.439988
NTUN,23479988,169.20181274414062,0.0,0.0,0.78,0.0,0.0,-13.117831230163574,39.9053828,116.4073982,119.98,0.0,13.0,23.479988
NTUN,23519988,169.20181274414062,0.0,0.0,0.78,0.0,0.0,-13.117831230163574,39.9053828,116.4073982,119.98,0.0,13.0,23.519988
NTUN,23559988,170.49610900878906,0.0,0.0,0.78,0.0,0.0,-13.11744213104248,39.9053828,116.4073982,119.98,0.0,13.0,23.559988
NTUN,23599988,170.49610900878906,0.0,0.0,0.79,0.0,0.0,-13.11744213104248,39.9053828,116.4073982,119.98,0.0,13.0,23.599988
NTUN,23639988,171.78591918945312,0.0,0.0,0.79,0.0,0.0,-13.118292808532715,39.9053828,116.4073982,119.98,0.0,13.0,23.639988
NTUN,23679988,171.78591918945312,0.0,0.0,0.79,0.0,0.0,-13.118292808532715,39.9053828,116.4073982,119.98,0.0,13.0,23.679988
NTUN,23719988,171.78591918945312,0.0,0.0,0.8,0.0,0.0,-13.118292808532715,39.9053828,116.4073982,119.98,0.0,13.0,23.719988
NTUN,23759988,173.0789337158203,0.0,0.0,0.8,0.0,0.0,-13.12179183959961,39.9053828,116.4073982,119.98,0.0,13.0,23.759988
NTUN,23799988,173.0789337158203,0.0,0.0,0.8,0.0,0.0,-13.12179183959961,39.9053828,116.4073982,119.98,0.0,13.0,23.799988
NTUN,23839988,174.35421752929688,0.0,0.0,0.8,0.0,0.0,-13.123167991638184,39.9053828,116.4073982,119.98,0.0,13.0,23.839988
NTUN,23879988,174.35421752929688,0.0,0.0,0.81,0.0,0.0,-13.123167991638184,39.9053828,116.4073982,119.98,0.0,13.0,23.879988
NTUN,23919988,174.35421752929688,0.0,0.0,0.81,0.0,0.0,-13.123167991638184,39.9053828,116.4073982,119.98,0.0,13.0,23.919988
NTUN,23959988,175.63568115234375,0.0,0.0,0.82,0.0,0.0,-13.125727653503418,39.9053828,116.4073982,119.98,0.0,13.0,23.959988
NTUN,23999988,175.63568115234375,0.0,0.0,0.82,0.0,0.0,-13.125727653503418,39.9053828,116.4073982,119.98,0.0,13.0,23.999988
NTUN,24039988,176.92337036132812,0.0,0.0,0.82,0.0,0.0,-13.130642890930176,39.9053828,116.4073982,119.98,0.0,13.0,24.039988
NTUN,24079988,176.92337036132812,0.0,0.0,0.82,0.0,0.0,-13.130642890930176,39.9053828,116.4073982,119.98,0.0,13.0,24.079988
NTUN,24119988,176.92337036132812,0.0,0.0,0.83,0.0,0.0,-13.130642890930176,39.9053828,116.4073982,119.98,0.0,13.0,24.119988
NTUN,24159988,178.19061279296875,0.0,0.0,0.83,0.0,0.0,-13.132317543029785,39.9053828,116.4073982,119.98,0.0,13.0,24.159988
NTUN,24199988,178.19061279296875,0.0,0.0,0.84,0.0,0.0,-13.132317543029785,39.9053828,116.4073982,119.98,0.0,13.0,24.199988
NTUN,24239988,179.4746551513672,0.0,0.0,0.84,0.0,0.0,-13.133878707885742,39.9053828,116.4073982,119.98,0.0,13.0,24.239988
NTUN,24279988,179.4746551513672,0.0,0.0,0.84,0.0,0.0,-13.133878707885742,39.9053828,116.4073982,119.98,0.0,13.0,24.279988
NTUN,24319988,179.4746551513672,0.0,0.0,0.85,0.0,0.0,-13.133878707885742,39.9053828,116.4073982,119.98,0.0,13.0,24.319988
NTUN,24359988,180.751708984375,0.0,0.0,0.85,0.0,0.0,-13.135480880737305,39.9053828,116.4073982,119.98,0.0,13.0,24.359988
NTUN,24399988,180.751708984375,0.0,0.0,0.85,0.0,0.0,-13.135480880737305,39.9053828,116.4073982,119.98,0.0,13.0,24.399988
NTUN,24439988,182.02182006835938,0.0,0.0,0.86,0.0,0.0,-13.13823413848877,39.9053828,116.4073982,119.98,0.0,13.0,24.439988
NTUN,24479988,182.02182006835938,0.0,0.0,0.86,0.0,0.0,-13.13823413848877,39.9053828,116.4073982,119.98,0.0,13.0,24.479988
NTUN,24519988,182.02182006835938,0.0,0.0,0.86,0.0,0.0,-13.13823413848877,39.9053828,116.4073982,119.98,0.0,13.0,24.519988
NTUN,24559988,183.29547119140625,0.0,0.0,0.86,0.0,0.0,-13.141488075256348,39.9053828,116.4073982,119.98,0.0,13.0,24.559988
NTUN,24599988,183.29547119140625,0.0,0.0,0.87,0.0,0.0,-13.141488075256348,39.9053828,116.4073982,119.98,0.0,13.0,24.599988
NTUN,24639988,184.56227111816406,0.0,0.0,0.87,0.0,0.0,-13.141200065612793,39.9053828,116.4073982,119.98,0.0,13.0,24.639988
NTUN,24679988,184.56227111816406,0.0,0.0,0.87,0.0,0.0,-13.141200065612793,39.9053828,116.4073982,119.98,0.0,13.0,24.679988
NTUN,24719988,184.56227111816406,0.0,0.0,0.87,0.0,0.0,-13.141200065612793,39.9053828,116.4073982,119.98,0.0,13.0,24.719988
NTUN,24759988,185.82969665527344,0.0,0.0,0.87,0.0,0.0,-13.141096115112305,39.9053828,116.4073982,119.98,0.0,13.0,24.759988
NTUN,24799988,185.82969665527344,0.0,0.0,0.87,0.0,0.0,-13.141096115112305,39.9053828,116.4073982,119.98,0.0,13.0,24.799988
NTUN,24839988,187.1007537841797,0.0,0.0,0.87,0.0,0.0,-13.140860557556152,39.9053828,116.4073982,119.98,0.0,13.0,24.839988
NTUN,24879988,187.1007537841797,0.0,0.0,0.87,0.0,0.0,-13.140860557556152,39.9053828,116.4073982,119.98,0.0,13.0,24.879988
NTUN,24919988,187.1007537841797,0.0,0.0,0.88,0.0,0.0,-13.140860557556152,39.9053828,116.4073982,119.98,0.0,13.0,24.919988
NTUN,24959988,188.3620147705078,0.0,0.0,0.88,0.0,0.0,-13.139530181884766,39.9053828,116.4073982,119.98,0.0,13.0,24.959988
NTUN,24999988,188.3620147705078,0.0,0.0,0.88,0.0,0.0,-13.139530181884766,39.9053828,116.4073982,119.98,0.0,13.0,24.999988
NTUN,25039988,189.63734436035156,0.0,0.0,0.88,0.0,0.0,-13.137240409851074,39.9053828,116.4073982,119.98,0.0,13.0,25.039988
NTUN,25079988,189.63734436035156,0.0,0.0,0.88,0.0,0.0,-13.137240409851074,39.9053828,116.4073982,119.98,0.0,13.0,25.079988
NTUN,25119988,189.63734436035156,0.0,0.0,0.88,0.0,0.0,-13.137240409851074,39.9053828,116.4073982,119.98,0.0,13.0,25.119988
NTUN,25159988,190.90292358398438,0.0,0.0,0.88,0.0,0.0,-13.134133338928223,39.9053828,116.4073982,119.98,0.0,13.0,25.159988
NTUN,25199988,190.90292358398438,0.0,0.0,0.89,0.0,0.0,-13.134133338928223,39.9053828,116.4073982,119.98,0.0,13.0,25.199988
NTUN,25239988,192.1691131591797,0.0,0.0,0.89,0.0,0.0,-13.133085250854492,39.9053828,116.4073982,119.98,0.0,13.0,25.239988
NTUN,25279988,192.1691131591797,0.0,0.0,0.89,0.0,0.0,-13.133085250854492,39.9053828,116.4073982,119.98,0.0,13.0,25.279988
NTUN,25319988,192.1691131591797,0.0,0.0,0.9,0.0,0.0,-13.133085250854492,39.9053828,116.4073982,119.98,0.0,13.0,25.319988
NTUN,25359988,193.43902587890625,0.0,0.0,0.9,0.0,0.0,-13.1324462890625,39.9053828,116.4073982,119.98,0.0,13.0,25.359988
NTUN,25399988,193.43902587890625,0.0,0.0,0.9,0.0,0.0,-13.1324462890625,39.9053828,116.4073982,119.98,0.0,13.0,25.399988
NTUN,25439988,194.7095489501953,0.0,0.0,0.91,0.0,0.0,-13.131650924682617,39.9053828,116.4073982,119.98,0.0,13.0,25.439988
NTUN,25479988,194.7095489501953,0.0,0.0,0.91,0.0,0.0,-13.131650924682617,39.9053828,116.4073982,119.98,0.0,13.0,25.479988
NTUN,25519988,194.7095489501953,0.0,0.0,0.91,0.0,0.0,-13.131650924682617,39.9053828,116.4073982,119.98,0.0,13.0,25.519988
NTUN,25559988,195.96722412109375,0.0,0.0,0.92,0.0,0.0,-13.13088321685791,39.9053828,116.4073982,119.98,0.0,13.0,25.559988
NTUN,25599988,195.96722412109375,0.0,0.0,0.92,0.0,0.0,-13.13088321685791,39.9053828,116.4073982,119.98,0.0,13.0,25.599988
NTUN,25639988,197.24620056152344,0.0,0.0,0.92,0.0,0.0,-13.132752418518066,39.9053828,116.4073982,119.98,0.0,13.0,25.639988
NTUN,25679988,197.24620056152344,0.0,0.0,0.93,0.0,0.0,-13.132752418518066,39.9053828,116.4073982,119.98,0.0,13.0,25.679988
NTUN,25719988,197.24620056152344,0.0,0.0,0.93,0.0,0.0,-13.132752418518066,39.9053828,116.4073982,119.98,0.0,13.0,25.719988
NTUN,25759988,198.515380859375,0.0,0.0,0.93,0.0,0.0,-13.136561393737793,39.9053828,116.4073982,119.98,0.0,13.0,25.759988
NTUN,25799988,198.515380859375,0.0,0.0,0.94,0.0,0.0,-13.136561393737793,39.9053828,116.4073982,119.98,0.0,13.0,25.799988
NTUN,25839988,199.78195190429688,0.0,0.0,0.94,0.0,0.0,-13.14035701751709,39.9053828,116.4073982,119.98,0.0,13.0,25.839988
NTUN,25879988,199.78195190429688,0.0,0.0,0.94,0.0,0.0,-13.14035701751709,39.9053828,116.4073982,119.98,0.0,13.0,25.879988
NTUN,25919988,199.78195190429688,0.0,0.0,0.95,0.0,0.0,-13.14035701751709,39.9053828,116.4073982,119.98,0.0,13.0,25.919988
NTUN,25959988,201.05621337890625,0.0,0.0,0.95,0.0,0.0,-13.143896102905273,39.9053828,116.4073982,119.98,0.0,13.0,25.959988
NTUN,25999988,201.05621337890625,0.0,0.0,0.96,0.0,0.0,-13.143896102905273,39.9053828,116.4073982,119.98,0.0,13.0,25.999988
NTUN,26039988,202.33810424804688,0.0,0.0,0.96,0.0,0.0,-13.144287109375,39.9053828,116.4073982,119.98,0.0,13.0,26.039988
NTUN,26079988,202.33810424804688,0.0,0.0,0.97,0.0,0.0,-13.144287109375,39.9053828,116.4073982,119.98,0.0,13.0,26.079988
NTUN,26119988,202.33810424804688,0.0,0.0,0.97,0.0,0.0,-13.144287109375,39.9053828,116.4073982,119.98,0.0,13.0,26.119988
NTUN,26159988,203.61721801757812,0.0,0.0,0.97,0.0,0.0,-13.146017074584961,39.9053828,116.4073982,119.98,0.0,13.0,26.159988
NTUN,26199988,203.61721801757812,0.0,0.0,0.98,0.0,0.0,-13.146017074584961,39.9053828,116.4073982,119.98,0.0,13.0,26.199988
NTUN,26239988,204.90704345703125,0.0,0.0,0.98,0.0,0.0,-13.148224830627441,39.9053828,116.4073982,119.98,0.0,13.0,26.239988
NTUN,26279988,204.90704345703125,0.0,0.0,0.99,0.0,0.0,-13.148224830627441,39.9053828,116.4073982,119.98,0.0,13.0,26.279988
NTUN,26319988,204.90704345703125,0.0,0.0,0.99,0.0,0.0,-13.148224830627441,39.9053828,116.4073982,119.98,0.0,13.0,26.319988
NTUN,26359988,206.1940460205078,0.0,0.0,1.0,0.0,0.0,-13.151849746704102,39.9053828,116.4073982,119.98,0.0,13.0,26.359988
NTUN,26399988,206.1940460205078,0.0,0.0,1.01,0.0,0.0,-13.151849746704102,39.9053828,116.4073982,119.98,0.0,13.0,26.399988
NTUN,26439988,207.4884796142578,0.0,0.0,1.01,0.0,0.0,-13.157218933105469,39.9053828,116.4073982,119.98,0.0,13.0,26.439988
NTUN,26479988,207.4884796142578,0.0,0.0,1.02,0.0,0.0,-13.157218933105469,39.9053828,116.4073982,119.98,0.0,13.0,26.479988
NTUN,26519988,207.4884796142578,0.0,0.0,1.03,0.0,0.0,-13.157218933105469,39.9053828,116.4073982,119.98,0.0,13.0,26.519988
NTUN,26559988,208.7799835205078,0.0,0.0,1.04,0.0,0.0,-13.161602973937988,39.9053828,116.4073982,119.98,0.0,13.0,26.559988
NTUN,26599988,208.7799835205078,0.0,0.0,1.04,0.0,0.0,-13.161602973937988,39.9053828,116.4073982,119.98,0.0,13.0,26.599988
NTUN,26639988,210.07884216308594,0.0,0.0,1.05,0.0,0.0,-13.165416717529297,39.9053828,116.4073982,119.98,0.0,13.0,26.639988
NTUN,26679988,210.07884216308594,0.0,0.0,1.06,0.0,0.0,-13.165416717529297,39.9053828,116.4073982,119.98,0.0,13.0,26.679988
NTUN,26719988,210.07884216308594,0.0,0.0,1.06,0.0,0.0,-13.165416717529297,39.9053828,116.4073982,119.98,0.0,13.0,26.719988
NTUN,26759988,211.37794494628906,0.0,0.0,1.07,0.0,0.0,-13.172294616699219,39.9053828,116.4073982,119.98,0.0,13.0,26.759988
NTUN,26799988,211.37794494628906,0.0,0.0,1.08,0.0,0.0,-13.172294616699219,39.9053828,116.4073982,119.98,0.0,13.0,26.799988
NTUN,26839988,212.6810760498047,0.0,0.0,1.09,0.0,0.0,-13.177644729614258,39.9053828,116.4073982,119.98,0.0,13.0,26.839988
NTUN,26879988,212.6810760498047,0.0,0.0,1.1,0.0,0.0,-13.177644729614258,39.9053828,116.4073982,119.98,0.0,13.0,26.879988
NTUN,26919988,212.6810760498047,0.0,0.0,1.11,0.0,0.0,-13.177644729614258,39.9053828,116.4073982,119.98,0.0,13.0,26.919988
NTUN,26959988,213.99468994140625,0.0,0.0,1.12,0.0,0.0,-13.183568000793457,39.9053828,116.4073982,119.98,0.0,13.0,26.959988
NTUN,26999988,213.99468994140625,0.0,0.0,1.12,0.0,0.0,-13.183568000793457,39.9053828,116.4073982,119.98,0.0,13.0,26.999988
NTUN,27039988,215.31552124023438,0.0,0.0,1.13,0.0,0.0,-13.190805435180664,39.9053828,116.4073982,119.98,0.0,13.0,27.039988
NTUN,27079988,215.31552124023438,0.0,0.0,1.14,0.0,0.0,-13.190805435180664,39.9053828,116.4073982,119.98,0.0,13.0,27.079988
NTUN,27119988,215.31552124023438,0.0,0.0,1.15,0.0,0.0,-13.190805435180664,39.9053828,116.4073982,119.98,0.0,13.0,27.119988
NTUN,27159988,216.61965942382812,0.0,0.0,1.15,0.0,0.0,-13.19873332977295,39.9053828,116.4073982,119.98,0.0,13.0,27.159988
NTUN,27199988,216.61965942382812,0.0,0.0,1.16,0.0,0.0,-13.19873332977295,39.9053828,116.4073982,119.98,0.0,13.0,27.199988
NTUN,27239988,217.94122314453125,0.0,0.0,1.17,0.0,0.0,-13.205609321594238,39.9053828,116.4073982,119.98,0.0,13.0,27.239988
NTUN,27279988,217.94122314453125,0.0,0.0,1.17,0.0,0.0,-13.205609321594238,39.9053828,116.4073982,119.98,0.0,13.0,27.279988
NTUN,27319988,217.94122314453125,0.0,0.0,1.18,0.0,0.0,-13.205609321594238,39.9053828,116.4073982,119.98,0.0,13.0,27.319988
NTUN,27359988,219.2628936767578,0.0,0.0,1.19,0.0,0.0,-13.215620994567871,39.9053828,116.4073982,119.98,0.0,13.0,27.359988
NTUN,27399988,219.2628936767578,0.0,0.0,1.2,0.0,0.0,-13.215620994567871,39.9053828,116.4073982,119.98,0.0,13.0,27.399988
NTUN,27439988,220.58139038085938,0.0,0.0,1.2,0.0,0.0,-13.222062110900879,39.9053828,116.4073982,119.98,0.0,13.0,27.439988
NTUN,27479988,220.58139038085938,0.0,0.0,1.21,0.0,0.0,-13.222062110900879,39.9053828,116.4073982,119.98,0.0,13.0,27.479988
NTUN,27519988,220.58139038085938,0.0,0.0,1.21,0.0,0.0,-13.222062110900879,39.9053828,116.4073982,119.98,0.0,13.0,27.519988
NTUN,27559988,221.8966827392578,0.0,0.0,1.22,0.0,0.0,-13.229310035705566,39.9053828,116.4073982,119.98,0.0,13.0,27.559988
NTUN,27599988,221.8966827392578,0.0,0.0,1.23,0.0,0.0,-13.229310035705566,39.9053828,116.4073982,119.98,0.0,13.0,27.599988
NTUN,27639988,223.2223358154297,0.0,0.0,1.23,0.0,0.0,-13.235395431518555,39.9053828,116.4073982,119.98,0.0,13.0,27.639988
NTUN,27679988,223.2223358154297,0.0,0.0,1.24,0.0,0.0,-13.235395431518555,39.9053828,116.4073982,119.98,0.0,13.0,27.679988
NTUN,27719988,223.2223358154297,0.0,0.0,1.24,0.0,0.0,-13.235395431518555,39.9053828,116.4073982,119.98,0.0,13.0,27.719988
NTUN,27759988,224.5447540283203,0.0,0.0,1.25,0.0,0.0,-13.239388465881348,39.9053828,116.4073982,119.98,0.0,13.0,27.759988
NTUN,27799988,224.5447540283203,0.0,0.0,1.25,0.0,0.0,-13.239388465881348,39.9053828,116.4073982,119.98,0.0,13.0,27.799988
NTUN,27839988,225.86724853515625,0.0,0.0,1.26,0.0,0.0,-13.245015144348145,39.9053828,116.4073982,119.98,0.0,13.0,27.839988
NTUN,27879988,225.86724853515625,0.0,0.0,1.26,0.0,0.0,-13.245015144348145,39.9053828,116.4073982,119.98,0.0,13.0,27.879988
NTUN,27919988,225.86724853515625,0.0,0.0,1.27,0.0,0.0,-13.245015144348145,39.9053828,116.4073982,119.98,0.0,13.0,27.919988
NTUN,27959988,227.19313049316406,0.0,0.0,1.27,0.0,0.0,-13.247992515563965,39.9053828,116.4073982,119.98,0.0,13.0,27.959988
NTUN,27999988,227.19313049316406,0.0,0.0,1.28,0.0,0.0,-13.247992515563965,39.9053828,116.4073982,119.98,0.0,13.0,27.999988
NTUN,28039988,228.522705078125,0.0,0.0,1.29,0.0,0.0,-13.247627258300781,39.9053828,116.4073982,119.98,0.0,13.0,28.039988
NTUN,28079988,228.522705078125,0.0,0.0,1.29,0.0,0.0,-13.247627258300781,39.9053828,116.4073982,119.98,0.0,13.0,28.079988
NTUN,28119988,228.522705078125,0.0,0.0,1.3,0.0,0.0,-13.247627258300781,39.9053828,116.4073982,119.98,0.0,13.0,28.119988
NTUN,28159988,229.8454132080078,0.0,0.0,1.3,0.0,0.0,-13.247793197631836,39.9053828,116.4073982,119.98,0.0,13.0,28.159988
NTUN,28199988,229.8454132080078,0.0,0.0,1.31,0.0,0.0,-13.247793197631836,39.9053828,116.4073982,119.98,0.0,13.0,28.199988
NTUN,28239988,231.16818237304688,0.0,0.0,1.31,0.0,0.0,-13.25041389465332,39.9053828,116.4073982,119.98,0.0,13.0,28.239988
NTUN,28279988,231.16818237304688,0.0,0.0,1.32,0.0,0.0,-13.25041389465332,39.9053828,116.4073982,119.98,0.0,13.0,28.279988
NTUN,28319988,231.16818237304688,0.0,0.0,1.32,0.0,0.0,-13.25041389465332,39.9053828,116.4073982,119.98,0.0,13.0,28.319988
NTUN,28359988,232.49102783203125,0.0,0.0,1.33,0.0,0.0,-13.253005027770996,39.9053828,116.4073982,119.98,0.0,13.0,28.359988
NTUN,28399988,232.49102783203125,0.0,0.0,1.33,0.0,0.0,-13.253005027770996,39.9053828,116.4073982,119.98,0.0,13.0,28.399988
NTUN,28439988,233.80368041992188,0.0,0.0,1.34,0.0,0.0,-13.253629684448242,39.9053828,116.4073982,119.98,0.0,13.0,28.439988
NTUN,28479988,233.80368041992188,0.0,0.0,1.34,0.0,0.0,-13.253629684448242,39.9053828,116.4073982,119.98,0.0,13.0,28.479988
NTUN,28519988,233.80368041992188,0.0,0.0,1.35,0.0,0.0,-13.253629684448242,39.9053828,116.4073982,119.98,0.0,13.0,28.519988
NTUN,28559988,235.1300048828125,0.0,0.0,1.36,0.0,0.0,-13.256464958190918,39.9053828,116.4073982,119.98,0.0,13.0,28.559988
NTUN,28599988,235.1300048828125,0.0,0.0,1.36,0.0,0.0,-13.256464958190918,39.9053828,116.4073982,119.98,0.0,13.0,28.599988
NTUN,28639988,236.4461669921875,0.0,0.0,1.37,0.0,0.0,-13.256219863891602,39.9053828,116.4073982,119.98,0.0,13.0,28.639988
NTUN,28679988,236.4461669921875,0.0,0.0,1.37,0.0,0.0,-13.256219863891602,39.9053828,116.4073982,119.98,0.0,13.0,28.679988
NTUN,28719988,236.4461669921875,0.0,0.0,1.38,0.0,0.0,-13.256219863891602,39.9053828,116.4073982,119.98,0.0,13.0,28.719988
NTUN,28759988,237.75888061523438,0.0,0.0,1.39,0.0,0.0,-13.260221481323242,39.9053828,116.4073982,119.98,0.0,13.0,28.759988
NTUN,28799988,237.75888061523438,0.0,0.0,1.39,0.0,0.0,-13.260221481323242,39.9053828,116.4073982,119.98,0.0,13.0,28.799988
NTUN,28839988,239.0717010498047,0.0,0.0,1.4,0.0,0.0,-13.263010025024414,39.9053828,116.4073982,119.98,0.0,13.0,28.839988
NTUN,28879988,239.0717010498047,0.0,0.0,1.41,0.0,0.0,-13.263010025024414,39.9053828,116.4073982,119.98,0.0,13.0,28.879988
NTUN,28919988,239.0717010498047,0.0,0.0,1.42,0.0,0.0,-13.263010025024414,39.9053828,116.4073982,119.98,0.0,13.0,28.919988
NTUN,28959988,240.39134216308594,0.0,0.0,1.43,0.0,0.0,-13.266534805297852,39.9053828,116.4073982,119.98,0.0,13.0,28.959988
NTUN,28999988,240.39134216308594,0.0,0.0,1.43,0.0,0.0,-13.266534805297852,39.9053828,116.4073982,119.98,0.0,13.0,28.999988
NTUN,29039988,241.70425415039062,0.0,0.0,1.44,0.0,0.0,-13.2719144821167,39.9053828,116.4073982,119.98,0.0,13.0,29.039988
NTUN,29079988,241.70425415039062,0.0,0.0,1.45,0.0,0.0,-13.2719144821167,39.9053828,116.4073982,119.98,0.0,13.0,29.079988
NTUN,29119988,241.70425415039062,0.0,0.0,1.46,0.0,0.0,-13.2719144821167,39.9053828,116.4073982,119.98,0.0,13.0,29.119988
NTUN,29159988,243.02406311035156,0.0,0.0,1.47,0.0,0.0,-13.277884483337402,39.9053828,116.4073982,119.98,0.0,13.0,29.159988
NTUN,29199988,243.02406311035156,0.0,0.0,1.48,0.0,0.0,-13.277884483337402,39.9053828,116.4073982,119.98,0.0,13.0,29.199988
NTUN,29239988,244.33380126953125,0.0,0.0,1.49,0.0,0.0,-13.281417846679688,39.9053828,116.4073982,119.98,0.0,13.0,29.239988
NTUN,29279988,244.33380126953125,0.0,0.0,1.5,0.0,0.0,-13.281417846679688,39.9053828,116.4073982,119.98,0.0,13.0,29.279988
NTUN,29319988,244.33380126953125,0.0,0.0,1.5,0.0,0.0,-13.281417846679688,39.9053828,116.4073982,119.98,0.0,13.0,29.319988
NTUN,29359988,245.65048217773438,0.0,0.0,1.51,0.0,0.0,-13.286602020263672,39.9053828,116.4073982,119.98,0.0,13.0,29.359988
NTUN,29399988,245.65048217773438,0.0,0.0,1.52,0.0,0.0,-13.286602020263672,39.9053828,116.4073982,119.98,0.0,13.0,29.399988
NTUN,29439988,246.9707489013672,0.0,0.0,1.53,0.0,0.0,-13.291975975036621,39.9053828,116.4073982,119.98,0.0,13.0,29.439988
NTUN,29479988,246.9707489013672,0.0,0.0,1.54,0.0,0.0,-13.291975975036621,39.9053828,116.4073982,119.98,0.0,13.0,29.479988
NTUN,29519988,246.9707489013672,0.0,0.0,1.54,0.0,0.0,-13.291975975036621,39.9053828,116.4073982,119.98,0.0,13.0,29.519988
NTUN,29559988,248.28781127929688,0.0,0.0,1.55,0.0,0.0,-13.29916000366211,39.9053828,116.4073982,119.98,0.0,13.0,29.559988
NTUN,29599988,248.28781127929688,0.0,0.0,1.56,0.0,0.0,-13.29916000366211,39.9053828,116.4073982,119.98,0.0,13.0,29.599988
NTUN,29639988,249.59490966796875,0.0,0.0,1.57,0.0,0.0,-13.306305885314941,39.9053828,116.4073982,119.98,0.0,13.0,29.639988
NTUN,29679988,249.59490966796875,0.0,0.0,1.58,0.0,0.0,-13.306305885314941,39.9053828,116.4073982,119.98,0.0,13.0,29.679988
NTUN,29719988,249.59490966796875,0.0,0.0,1.58,0.0,0.0,-13.306305885314941,39.9053828,116.4073982,119.98,0.0,13.0,29.719988
NTUN,29759988,250.90907287597656,0.0,0.0,1.59,0.0,0.0,-13.311323165893555,39.9053828,116.4073982,119.98,0.0,13.0,29.759988
NTUN,29799988,250.90907287597656,0.0,0.0,1.6,0.0,0.0,-13.311323165893555,39.9053828,116.4073982,119.98,0.0,13.0,29.799988
NTUN,29839988,252.2269287109375,0.0,0.0,1.6,0.0,0.0,-13.316858291625977,39.9053828,116.4073982,119.98,0.0,13.0,29.839988
NTUN,29879988,252.2269287109375,0.0,0.0,1.61,0.0,0.0,-13.316858291625977,39.9053828,116.4073982,119.98,0.0,13.0,29.879988
NTUN,29919988,252.2269287109375,0.0,0.0,1.62,0.0,0.0,-13.316858291625977,39.9053828,116.4073982,119.98,0.0,13.0,29.919988
NTUN,29959988,253.5348663330078,0.0,0.0,1.63,0.0,0.0,-13.323646545410156,39.9053828,116.4073982,119.98,0.0,13.0,29.959988
NTUN,29999988,253.5348663330078,0.0,0.0,1.63,0.0,0.0,-13.323646545410156,39.9053828,116.4073982,119.98,0.0,13.0,29.999988
NTUN,30039988,254.83978271484375,0.0,0.0,1.64,0.0,0.0,-13.329620361328125,39.9053828,116.4073982,119.98,0.0,13.0,30.039988
NTUN,30079988,254.83978271484375,0.0,0.0,1.65,0.0,0.0,-13.329620361328125,39.9053828,116.4073982,119.98,0.0,13.0,30.079988
NTUN,30119988,254.83978271484375,0.0,0.0,1.65,0.0,0.0,-13.329620361328125,39.9053828,116.4073982,119.98,0.0,13.0,30.119988
NTUN,30159988,256.14849853515625,0.0,0.0,1.66,0.0,0.0,-13.3352689743042,39.9053828,116.4073982,119.98,0.0,13.0,30.159988
NTUN,30199988,256.14849853515625,0.0,0.0,1.67,0.0,0.0,-13.3352689743042,39.9053828,116.4073982,119.98,0.0,13.0,30.199988
NTUN,30239988,257.4508056640625,0.0,0.0,1.67,0.0,0.0,-13.339458465576172,39.9053828,116.4073982,119.98,0.0,13.0,30.239988
NTUN,30279988,257.4508056640625,0.0,0.0,1.68,0.0,0.0,-13.339458465576172,39.9053828,116.4073982,119.98,0.0,13.0,30.279988
NTUN,30319988,257.4508056640625,0.0,0.0,1.69,0.0,0.0,-13.339458465576172,39.9053828,116.4073982,119.98,0.0,13.0,30.319988
NTUN,30359988,258.7569274902344,0.0,0.0,1.69,0.0,0.0,-13.346529960632324,39.9053828,116.4073982,119.98,0.0,13.0,30.359988
NTUN,30399988,258.7569274902344,0.0,0.0,1.7,0.0,0.0,-13.346529960632324,39.9053828,116.4073982,119.98,0.0,13.0,30.399988
NTUN,30439988,260.0634460449219,0.0,0.0,1.71,0.0,0.0,-13.352457046508789,39.9053828,116.4073982,119.98,0.0,13.0,30.439988
NTUN,30479988,260.0634460449219,0.0,0.0,1.71,0.0,0.0,-13.352457046508789,39.9053828,116.4073982,119.98,0.0,13.0,30.479988
NTUN,30519988,260.0634460449219,0.0,0.0,1.72,0.0,0.0,-13.352457046508789,39.9053828,116.4073982,119.98,0.0,13.0,30.519988
NTUN,30559988,261.3636169433594,0.0,0.0,1.73,0.0,0.0,-13.353607177734375,39.9053828,116.4073982,119.98,0.0,13.0,30.559988
NTUN,30599988,261.3636169433594,0.0,0.0,1.73,0.0,0.0,-13.353607177734375,39.9053828,116.4073982,119.98,0.0,13.0,30.599988
NTUN,30639988,262.6642150878906,0.0,0.0,1.74,0.0,0.0,-13.35639762878418,39.9053828,116.4073982,119.98,0.0,13.0,30.639988
NTUN,30679988,262.6642150878906,0.0,0.0,1.75,0.0,0.0,-13.35639762878418,39.9053828,116.4073982,119.98,0.0,13.0,30.679988
NTUN,30719988,262.6642150878906,0.0,0.0,1.76,0.0,0.0,-13.35639762878418,39.9053828,116.4073982,119.98,0.0,13.0,30.719988
NTUN,30759988,263.9686584472656,0.0,0.0,1.76,0.0,0.0,-13.359261512756348,39.9053828,116.4073982,119.98,0.0,13.0,30.759988
NTUN,30799988,263.9686584472656,0.0,0.0,1.77,0.0,0.0,-13.359261512756348,39.9053828,116.4073982,119.98,0.0,13.0,30.799988
NTUN,30839988,265.27703857421875,0.0,0.0,1.78,0.0,0.0,-13.361971855163574,39.9053828,116.4073982,119.98,0.0,13.0,30.839988
NTUN,30879988,265.27703857421875,0.0,0.0,1.78,0.0,0.0,-13.361971855163574,39.9053828,116.4073982,119.98,0.0,13.0,30.879988
NTUN,30919988,265.27703857421875,0.0,0.0,1.79,0.0,0.0,-13.361971855163574,39.9053828,116.4073982,119.98,0.0,13.0,30.919988
NTUN,30959988,266.5721435546875,0.0,0.0,1.8,0.0,0.0,-13.36567211151123,39.9053828,116.4073982,119.98,0.0,13.0,30.959988
NTUN,30999988,266.5721435546875,0.0,0.0,1.8,0.0,0.0,-13.36567211151123,39.9053828,116.4073982,119.98,0.0,13.0,30.999988
NTUN,31039988,267.8777770996094,0.0,0.0,1.81,0.0,0.0,-13.368155479431152,39.9053828,116.4073982,119.98,0.0,13.0,31.039988
NTUN,31079988,267.8777770996094,0.0,0.0,1.82,0.0,0.0,-13.368155479431152,39.9053828,116.4073982,119.98,0.0,13.0,31.079988
NTUN,31119988,267.8777770996094,0.0,0.0,1.83,0.0,0.0,-13.368155479431152,39.9053828,116.4073982,119.98,0.0,13.0,31.119988
NTUN,31159988,269.17718505859375,0.0,0.0,1.83,0.0,0.0,-13.372631072998047,39.9053828,116.4073982,119.98,0.0,13.0,31.159988
NTUN,31199988,269.17718505859375,0.0,0.0,1.84,0.0,0.0,-13.372631072998047,39.9053828,116.4073982,119.98,0.0,13.0,31.199988
NTUN,31239988,270.48712158203125,0.0,0.0,1.85,0.0,0.0,-13.376835823059082,39.9053828,116.4073982,119.98,0.0,13.0,31.239988
NTUN,31279988,270.48712158203125,0.0,0.0,1.86,0.0,0.0,-13.376835823059082,39.9053828,116.4073982,119.98,0.0,13.0,31.279988
NTUN,31319988,270.48712158203125,0.0,0.0,1.87,0.0,0.0,-13.376835823059082,39.9053828,116.4073982,119.98,0.0,13.0,31.319988
NTUN,31359988,271.7938537597656,0.0,0.0,1.87,0.0,0.0,-13.377835273742676,39.9053828,116.4073982,119.98,0.0,13.0,31.359988
NTUN,31399988,271.7938537597656,0.0,0.0,1.88,0.0,0.0,-13.377835273742676,39.9053828,116.4073982,119.98,0.0,13.0,31.399988
NTUN,31439988,273.1009521484375,0.0,0.0,1.89,0.0,0.0,-13.380815505981445,39.9053828,116.4073982,119.98,0.0,13.0,31.439988
NTUN,31479988,273.1009521484375,0.0,0.0,1.89,0.0,0.0,-13.380815505981445,39.9053828,116.4073982,119.98,0.0,13.0,31.479988
NTUN,31519988,273.1009521484375,0.0,0.0,1.9,0.0,0.0,-13.380815505981445,39.9053828,116.4073982,119.98,0.0,13.0,31.519988
NTUN,31559988,274.4048156738281,0.0,0.0,1.91,0.0,0.0,-13.383843421936035,39.9053828,116.4073982,119.98,0.0,13.0,31.559988
NTUN,31599988,274.4048156738281,0.0,0.0,1.92,0.0,0.0,-13.383843421936035,39.9053828,116.4073982,119.98,0.0,13.0,31.599988
NTUN,31639988,275.7190856933594,0.0,0.0,1.93,0.0,0.0,-13.386510848999023,39.9053828,116.4073982,119.98,0.0,13.0,31.639988
NTUN,31679988,275.7190856933594,0.0,0.0,1.93,0.0,0.0,-13.386510848999023,39.9053828,116.4073982,119.98,0.0,13.0,31.679988
NTUN,31719988,275.7190856933594,0.0,0.0,1.94,0.0,0.0,-13.386510848999023,39.9053828,116.4073982,119.98,0.0,13.0,31.719988
NTUN,31759988,277.0401916503906,0.0,0.0,1.95,0.0,0.0,-13.393213272094727,39.9053828,116.4073982,119.98,0.0,13.0,31.759988
NTUN,31799988,277.0401916503906,0.0,0.0,1.96,0.0,0.0,-13.393213272094727,39.9053828,116.4073982,119.98,0.0,13.0,31.799988
NTUN,31839988,278.3579406738281,0.0,0.0,1.97,0.0,0.0,-13.399843215942383,39.9053828,116.4073982,119.98,0.0,13.0,31.839988
NTUN,31879988,278.3579406738281,0.0,0.0,1.98,0.0,0.0,-13.399843215942383,39.9053828,116.4073982,119.98,0.0,13.0,31.879988
NTUN,31919988,278.3579406738281,0.0,0.0,1.99,0.0,0.0,-13.399843215942383,39.9053828,116.4073982,119.98,0.0,13.0,31.919988
NTUN,31959988,279.68243408203125,0.0,0.0,2.01,0.0,0.0,-13.405999183654785,39.9053828,116.4073982,119.98,0.0,13.0,31.959988
NTUN,31999988,279.68243408203125,0.0,0.0,2.02,0.0,0.0,-13.405999183654785,39.9053828,116.4073982,119.98,0.0,13.0,31.999988
NTUN,32039988,281.0035400390625,0.0,0.0,2.03,0.0,0.0,-13.412827491760254,39.9053828,116.4073982,119.98,0.0,13.0,32.039988
NTUN,32079988,281.0035400390625,0.0,0.0,2.04,0.0,0.0,-13.412827491760254,39.9053828,116.4073982,119.98,0.0,13.0,32.079988
NTUN,32119988,281.0035400390625,0.0,0.0,2.05,0.0,0.0,-13.412827491760254,39.9053828,116.4073982,119.98,0.0,13.0,32.119988
NTUN,32159988,282.331298828125,0.0,0.0,2.06,0.0,0.0,-13.418359756469727,39.9053828,116.4073982,119.98,0.0,13.0,32.159988
NTUN,32199988,282.331298828125,0.0,0.0,2.07,0.0,0.0,-13.418359756469727,39.9053828,116.4073982,119.98,0.0,13.0,32.199988
NTUN,32239988,283.6556396484375,0.0,0.0,2.08,0.0,0.0,-13.42235279083252,39.9053828,116.4073982,119.98,0.0,13.0,32.239988
NTUN,32279988,283.6556396484375,0.0,0.0,2.09,0.0,0.0,-13.42235279083252,39.9053828,116.4073982,119.98,0.0,13.0,32.279988
NTUN,32319988,283.6556396484375,0.0,0.0,2.1,0.0,0.0,-13.42235279083252,39.9053828,116.4073982,119.98,0.0,13.0,32.319988
NTUN,32359988,284.9865417480469,0.0,0.0,2.11,0.0,0.0,-13.429808616638184,39.9053828,116.4073982,119.98,0.0,13.0,32.359988
NTUN,32399988,284.9865417480469,0.0,0.0,2.12,0.0,0.0,-13.429808616638184,39.9053828,116.4073982,119.98,0.0,13.0,32.399988
NTUN,32439988,286.3240661621094,0.0,0.0,2.13,0.0,0.0,-13.434313774108887,39.9053828,116.4073982,119.98,0.0,13.0,32.439988
NTUN,32479988,286.3240661621094,0.0,0.0,2.13,0.0,0.0,-13.434313774108887,39.9053828,116.4073982,119.98,0.0,13.0,32.479988
NTUN,32519988,286.3240661621094,0.0,0.0,2.14,0.0,0.0,-13.434313774108887,39.9053828,116.4073982,119.98,0.0,13.0,32.519988
NTUN,32559988,287.6580505371094,0.0,0.0,2.15,0.0,0.0,-13.438504219055176,39.9053828,116.4073982,119.98,0.0,13.0,32.559988
NTUN,32599988,287.6580505371094,0.0,0.0,2.16,0.0,0.0,-13.438504219055176,39.9053828,116.4073982,119.98,0.0,13.0,32.599988
NTUN,32639988,288.988525390625,0.0,0.0,2.17,0.0,0.0,-13.444096565246582,39.9053828,116.4073982,119.98,0.0,13.0,32.639988
NTUN,32679988,288.988525390625,0.0,0.0,2.18,0.0,0.0,-13.444096565246582,39.9053828,116.4073982,119.98,0.0,13.0,32.679988
NTUN,32719988,288.988525390625,0.0,0.0,2.19,0.0,0.0,-13.444096565246582,39.9053828,116.4073982,119.98,0.0,13.0,32.719988
NTUN,32759988,290.3254699707031,0.0,0.0,2.2,0.0,0.0,-13.448982238769531,39.9053828,116.4073982,119.98,0.0,13.0,32.759988
NTUN,32799988,290.3254699707031,0.0,0.0,2.21,0.0,0.0,-13.448982238769531,39.9053828,116.4073982,119.98,0.0,13.0,32.799988
NTUN,32839988,291.65521240234375,0.0,0.0,2.22,0.0,0.0,-13.453437805175781,39.9053828,116.4073982,119.98,0.0,13.0,32.839988
NTUN,32879988,291.65521240234375,0.0,0.0,2.22,0.0,0.0,-13.453437805175781,39.9053828,116.4073982,119.98,0.0,13.0,32.879988
NTUN,32919988,291.65521240234375,0.0,0.0,2.23,0.0,0.0,-13.453437805175781,39.9053828,116.4073982,119.98,0.0,13.0,32.919988
NTUN,32959988,292.9950866699219,0.0,0.0,2.24,0.0,0.0,-13.457837104797363,39.9053828,116.4073982,119.98,0.0,13.0,32.959988
NTUN,32999988,292.9950866699219,0.0,0.0,2.25,0.0,0.0,-13.457837104797363,39.9053828,116.4073982,119.98,0.0,13.0,32.999988
NTUN,33039988,294.3349914550781,0.0,0.0,2.25,0.0,0.0,-13.457855224609375,39.9053828,116.4073982,119.98,0.0,13.0,33.039988
NTUN,33079988,294.3349914550781,0.0,0.0,2.26,0.0,0.0,-13.457855224609375,39.9053828,116.4073982,119.98,0.0,13.0,33.079988
NTUN,33119988,294.3349914550781,0.0,0.0,2.27,0.0,0.0,-13.457855224609375,39.9053828,116.4073982,119.98,0.0,13.0,33.119988
NTUN,33159988,295.6777038574219,0.0,0.0,2.28,0.0,0.0,-13.461790084838867,39.9053828,116.4073982,119.98,0.0,13.0,33.159988
NTUN,33199988,295.6777038574219,0.0,0.0,2.28,0.0,0.0,-13.461790084838867,39.9053828,116.4073982,119.98,0.0,13.0,33.199988
NTUN,33239988,297.01409912109375,0.0,0.0,2.29,0.0,0.0,-13.4630765914917,39.9053828,116.4073982,119.98,0.0,13.0,33.239988
NTUN,33279988,297.01409912109375,0.0,0.0,2.3,0.0,0.0,-13.4630765914917,39.9053828,116.4073982,119.98,0.0,13.0,33.279988
NTUN,33319988,297.01409912109375,0.0,0.0,2.31,0.0,0.0,-13.4630765914917,39.9053828,116.4073982,119.98,0.0,13.0,33.319988
NTUN,33359988,298.3569030761719,0.0,0.0,2.31,0.0,0.0,-13.464815139770508,39.9053828,116.4073982,119.98,0.0,13.0,33.359988
NTUN,33399988,298.3569030761719,0.0,0.0,2.32,0.0,0.0,-13.464815139770508,39.9053828,116.4073982,119.98,0.0,13.0,33.399988
NTUN,33439988,299.7098083496094,0.0,0.0,2.33,0.0,0.0,-13.463862419128418,39.9053828,116.4073982,119.98,0.0,13.0,33.439988
NTUN,33479988,299.7098083496094,0.0,0.0,2.34,0.0,0.0,-13.463862419128418,39.9053828,116.4073982,119.98,0.0,13.0,33.479988
NTUN,33519988,299.7098083496094,0.0,0.0,2.35,0.0,0.0,-13.463862419128418,39.9053828,116.4073982,119.98,0.0,13.0,33.519988
NTUN,33559988,301.0490417480469,0.0,0.0,2.36,0.0,0.0,-13.463579177856445,39.9053828,116.4073982,119.98,0.0,13.0,33.559988
NTUN,33599988,301.0490417480469,0.0,0.0,2.37,0.0,0.0,-13.463579177856445,39.9053828,116.4073982,119.98,0.0,13.0,33.599988
NTUN,33639988,302.3919982910156,0.0,0.0,2.37,0.0,0.0,-13.464768409729004,39.9053828,116.4073982,119.98,0.0,13.0,33.639988
NTUN,33679988,302.3919982910156,0.0,0.0,2.38,0.0,0.0,-13.464768409729004,39.9053828,116.4073982,119.98,0.0,13.0,33.679988
NTUN,33719988,302.3919982910156,0.0,0.0,2.39,0.0,0.0,-13.464768409729004,39.9053828,116.4073982,119.98,0.0,13.0,33.719988
NTUN,33759988,303.7450256347656,0.0,0.0,2.4,0.0,0.0,-13.467448234558105,39.9053828,116.4073982,119.98,0.0,13.0,33.759988
NTUN,33799988,303.7450256347656,0.0,0.0,2.41,0.0,0.0,-13.467448234558105,39.9053828,116.4073982,119.98,0.0,13.0,33.799988
NTUN,33839988,305.0881042480469,0.0,0.0,2.42,0.0,0.0,-13.470947265625,39.9053828,116.4073982,119.98,0.0,13.0,33.839988
NTUN,33879988,305.0881042480469,0.0,0.0,2.43,0.0,0.0,-13.470947265625,39.9053828,116.4073982,119.98,0.0,13.0,33.879988
NTUN,33919988,305.0881042480469,0.0,0.0,2.44,0.0,0.0,-13.470947265625,39.9053828,116.4073982,119.98,0.0,13.0,33.919988
NTUN,33959988,306.4349060058594,0.0,0.0,2.45,0.0,0.0,-13.47321891784668,39.9053828,116.4073982,119.98,0.0,13.0,33.959988
NTUN,33999988,306.4349060058594,0.0,0.0,2.46,0.0,0.0,-13.47321891784668,39.9053828,116.4073982,119.98,0.0,13.0,33.999988
NTUN,34039988,307.7817687988281,0.0,0.0,2.47,0.0,0.0,-13.475798606872559,39.9053828,116.4073982,119.98,0.0,13.0,34.039988
NTUN,34079988,307.7817687988281,0.0,0.0,2.48,0.0,0.0,-13.475798606872559,39.9053828,116.4073982,119.98,0.0,13.0,34.079988
NTUN,34119988,307.7817687988281,0.0,0.0,2.49,0.0,0.0,-13.475798606872559,39.9053828,116.4073982,119.98,0.0,13.0,34.119988
NTUN,34159988,309.1286926269531,0.0,0.0,2.5,0.0,0.0,-13.474172592163086,39.9053828,116.4073982,119.98,0.0,13.0,34.159988
NTUN,34199988,309.1286926269531,0.0,0.0,2.51,0.0,0.0,-13.474172592163086,39.9053828,116.4073982,119.98,0.0,13.0,34.199988
NTUN,34239988,310.4693298339844,0.0,0.0,2.52,0.0,0.0,-13.477335929870605,39.9053828,116.4073982,119.98,0.0,13.0,34.239988
NTUN,34279988,310.4693298339844,0.0,0.0,2.53,0.0,0.0,-13.477335929870605,39.9053828,116.4073982,119.98,0.0,13.0,34.279988
NTUN,34319988,310.4693298339844,0.0,0.0,2.54,0.0,0.0,-13.477335929870605,39.9053828,116.4073982,119.98,0.0,13.0,34.319988
NTUN,34359988,311.8174743652344,0.0,0.0,2.55,0.0,0.0,-13.481252670288086,39.9053828,116.4073982,119.98,0.0,13.0,34.359988
NTUN,34399988,311.8174743652344,0.0,0.0,2.56,0.0,0.0,-13.481252670288086,39.9053828,116.4073982,119.98,0.0,13.0,34.399988
NTUN,34439988,313.16571044921875,0.0,0.0,2.57,0.0,0.0,-13.484664916992188,39.9053828,116.4073982,119.98,0.0,13.0,34.439988
NTUN,34479988,313.16571044921875,0.0,0.0,2.59,0.0,0.0,-13.484664916992188,39.9053828,116.4073982,119.98,0.0,13.0,34.479988
NTUN,34519988,313.16571044921875,0.0,0.0,2.6,0.0,0.0,-13.484664916992188,39.9053828,116.4073982,119.98,0.0,13.0,34.519988
NTUN,34559988,314.5077209472656,0.0,0.0,2.61,0.0,0.0,-13.490297317504883,39.9053828,116.4073982,119.98,0.0,13.0,34.559988
NTUN,34599988,314.5077209472656,0.0,0.0,2.62,0.0,0.0,-13.490297317504883,39.9053828,116.4073982,119.98,0.0,13.0,34.599988
NTUN,34639988,315.8535461425781,0.0,0.0,2.63,0.0,0.0,-13.495418548583984,39.9053828,116.4073982,119.98,0.0,13.0,34.639988
NTUN,34679988,315.8535461425781,0.0,0.0,2.64,0.0,0.0,-13.495418548583984,39.9053828,116.4073982,119.98,0.0,13.0,34.679988
NTUN,34719988,315.8535461425781,0.0,0.0,2.66,0.0,0.0,-13.495418548583984,39.9053828,116.4073982,119.98,0.0,13.0,34.719988
NTUN,34759988,317.1969299316406,0.0,0.0,2.67,0.0,0.0,-13.501997947692871,39.9053828,116.4073982,119.98,0.0,13.0,34.759988
NTUN,34799988,317.1969299316406,0.0,0.0,2.68,0.0,0.0,-13.501997947692871,39.9053828,116.4073982,119.98,0.0,13.0,34.799988
NTUN,34839988,318.5341491699219,0.0,0.0,2.69,0.0,0.0,-13.507890701293945,39.9053828,116.4073982,119.98,0.0,13.0,34.839988
NTUN,34879988,318.5341491699219,0.0,0.0,2.7,0.0,0.0,-13.507890701293945,39.9053828,116.4073982,119.98,0.0,13.0,34.879988
NTUN,34919988,318.5341491699219,0.0,0.0,2.71,0.0,0.0,-13.507890701293945,39.9053828,116.4073982,119.98,0.0,13.0,34.919988
NTUN,34959988,319.8789978027344,0.0,0.0,2.72,0.0,0.0,-13.515034675598145,39.9053828,116.4073982,119.98,0.0,13.0,34.959988
NTUN,34999988,319.8789978027344,0.0,0.0,2.73,0.0,0.0,-13.515034675598145,39.9053828,116.4073982,119.98,0.0,13.0,34.999988
NTUN,35039988,321.21771240234375,0.0,0.0,2.74,0.0,0.0,-13.518929481506348,39.9053828,116.4073982,119.98,0.0,13.0,35.039988
NTUN,35079988,321.21771240234375,0.0,0.0,2.75,0.0,0.0,-13.518929481506348,39.9053828,116.4073982,119.98,0.0,13.0,35.079988
NTUN,35119988,321.21771240234375,0.0,0.0,2.76,0.0,0.0,-13.518929481506348,39.9053828,116.4073982,119.98,0.0,13.0,35.119988
NTUN,35159988,322.5503845214844,0.0,0.0,2.77,0.0,0.0,-13.527091979980469,39.9053828,116.4073982,119.98,0.0,13.0,35.159988
NTUN,35199988,322.5503845214844,0.0,0.0,2.78,0.0,0.0,-13.527091979980469,39.9053828,116.4073982,119.98,0.0,13.0,35.199988
NTUN,35239988,323.886962890625,0.0,0.0,2.8,0.0,0.0,-13.530842781066895,39.9053828,116.4073982,119.98,0.0,13.0,35.239988
NTUN,35279988,323.886962890625,0.0,0.0,2.81,0.0,0.0,-13.530842781066895,39.9053828,116.4073982,119.98,0.0,13.0,35.279988
NTUN,35319988,323.886962890625,0.0,0.0,2.82,0.0,0.0,-13.530842781066895,39.9053828,116.4073982,119.98,0.0,13.0,35.319988
NTUN,35359988,325.2212829589844,0.0,0.0,2.83,0.0,0.0,-13.537337303161621,39.9053828,116.4073982,119.98,0.0,13.0,35.359988
NTUN,35399988,325.2212829589844,0.0,0.0,2.84,0.0,0.0,-13.537337303161621,39.9053828,116.4073982,119.98,0.0,13.0,35.399988
NTUN,35439988,326.54962158203125,0.0,0.0,2.85,0.0,0.0,-13.540947914123535,39.9053828,116.4073982,119.98,0.0,13.0,35.439988
NTUN,35479988,326.54962158203125,0.0,0.0,2.86,0.0,0.0,-13.540947914123535,39.9053828,116.4073982,119.98,0.0,13.0,35.479988
NTUN,35519988,326.54962158203125,0.0,0.0,2.87,0.0,0.0,-13.540947914123535,39.9053828,116.4073982,119.98,0.0,13.0,35.519988
NTUN,35559988,327.8819885253906,0.0,0.0,2.88,0.0,0.0,-13.54652214050293,39.9053828,116.4073982,119.98,0.0,13.0,35.559988
NTUN,35599988,327.8819885253906,0.0,0.0,2.89,0.0,0.0,-13.54652214050293,39.9053828,116.4073982,119.98,0.0,13.0,35.599988
NTUN,35639988,329.2083740234375,0.0,0.0,2.9,0.0,0.0,-13.551078796386719,39.9053828,116.4073982,119.98,0.0,13.0,35.639988
NTUN,35679988,329.2083740234375,0.0,0.0,2.91,0.0,0.0,-13.551078796386719,39.9053828,116.4073982,119.98,0.0,13.0,35.679988
NTUN,35719988,329.2083740234375,0.0,0.0,2.93,0.0,0.0,-13.551078796386719,39.9053828,116.4073982,119.98,0.0,13.0,35.719988
NTUN,35759988,330.52886962890625,0.0,0.0,2.94,0.0,0.0,-13.557608604431152,39.9053828,116.4073982,119.98,0.0,13.0,35.759988
NTUN,35799988,330.52886962890625,0.0,0.0,2.95,0.0,0.0,-13.557608604431152,39.9053828,116.4073982,119.98,0.0,13.0,35.799988
NTUN,35839988,331.8472900390625,0.0,0.0,2.96,0.0,0.0,-13.563653945922852,39.9053828,116.4073982,119.98,0.0,13.0,35.839988
NTUN,35879988,331.8472900390625,0.0,0.0,2.97,0.0,0.0,-13.563653945922852,39.9053828,116.4073982,119.98,0.0,13.0,35.879988
NTUN,35919988,331.8472900390625,0.0,0.0,2.98,0.0,0.0,-13.563653945922852,39.9053828,116.4073982,119.98,0.0,13.0,35.919988
NTUN,35959988,333.1660461425781,0.0,0.0,2.99,0.0,0.0,-13.565167427062988,39.9053828,116.4073982,119.98,0.0,13.0,35.959988
NTUN,35999988,333.1660461425781,0.0,0.0,3.0,0.0,0.0,-13.565167427062988,39.9053828,116.4073982,119.98,0.0,13.0,35.999988
NTUN,36039988,334.47894287109375,0.0,0.0,3.01,0.0,0.0,-13.569607734680176,39.9053828,116.4073982,119.98,0.0,13.0,36.039988
NTUN,36079988,334.47894287109375,0.0,0.0,3.02,0.0,0.0,-13.569607734680176,39.9053828,116.4073982,119.98,0.0,13.0,36.079988
NTUN,36119988,334.47894287109375,0.0,0.0,3.02,0.0,0.0,-13.569607734680176,39.9053828,116.4073982,119.98,0.0,13.0,36.119988
NTUN,36159988,335.7960205078125,0.0,0.0,3.03,0.0,0.0,-13.5741548538208,39.9053828,116.4073982,119.98,0.0,13.0,36.159988
NTUN,36199988,335.7960205078125,0.0,0.0,3.04,0.0,0.0,-13.5741548538208,39.9053828,116.4073982,119.98,0.0,13.0,36.199988
NTUN,36239988,337.1173095703125,0.0,0.0,3.05,0.0,0.0,-13.57831859588623,39.9053828,116.4073982,119.98,0.0,13.0,36.239988
NTUN,36279988,337.1173095703125,0.0,0.0,3.06,0.0,0.0,-13.57831859588623,39.9053828,116.4073982,119.98,0.0,13.0,36.279988
NTUN,36319988,337.1173095703125,0.0,0.0,3.06,0.0,0.0,-13.57831859588623,39.9053828,116.4073982,119.98,0.0,13.0,36.319988
NTUN,36359988,338.4251403808594,0.0,0.0,3.07,0.0,0.0,-13.579092979431152,39.9053828,116.4073982,119.98,0.0,13.0,36.359988
NTUN,36399988,338.4251403808594,0.0,0.0,3.08,0.0,0.0,-13.579092979431152,39.9053828,116.4073982,119.98,0.0,13.0,36.399988
NTUN,36439988,339.74102783203125,0.0,0.0,3.09,0.0,0.0,-13.581432342529297,39.9053828,116.4073982,119.98,0.0,13.0,36.439988
NTUN,36479988,339.74102783203125,0.0,0.0,3.1,0.0,0.0,-13.581432342529297,39.9053828,116.4073982,119.98,0.0,13.0,36.479988
NTUN,36519988,339.74102783203125,0.0,0.0,3.11,0.0,0.0,-13.581432342529297,39.9053828,116.4073982,119.98,0.0,13.0,36.519988
NTUN,36559988,341.0534362792969,0.0,0.0,3.12,0.0,0.0,-13.580634117126465,39.9053828,116.4073982,119.98,0.0,13.0,36.559988
NTUN,36599988,341.0534362792969,0.0,0.0,3.13,0.0,0.0,-13.580634117126465,39.9053828,116.4073982,119.98,0.0,13.0,36.599988
NTUN,36639988,342.3700866699219,0.0,0.0,3.13,0.0,0.0,-13.580448150634766,39.9053828,116.4073982,119.98,0.0,13.0,36.639988
NTUN,36679988,342.3700866699219,0.0,0.0,3.14,0.0,0.0,-13.580448150634766,39.9053828,116.4073982,119.98,0.0,13.0,36.679988
NTUN,36719988,342.3700866699219,0.0,0.0,3.15,0.0,0.0,-13.580448150634766,39.9053828,116.4073982,119.98,0.0,13.0,36.719988
NTUN,36759988,343.68707275390625,0.0,0.0,3.16,0.0,0.0,-13.582001686096191,39.9053828,116.4073982,119.98,0.0,13.0,36.759988
NTUN,36799988,343.68707275390625,0.0,0.0,3.17,0.0,0.0,-13.582001686096191,39.9053828,116.4073982,119.98,0.0,13.0,36.799988
NTUN,36839988,345.0005798339844,0.0,0.0,3.18,0.0,0.0,-13.583233833312988,39.9053828,116.4073982,119.98,0.0,13.0,36.839988
NTUN,36879988,345.0005798339844,0.0,0.0,3.19,0.0,0.0,-13.583233833312988,39.9053828,116.4073982,119.98,0.0,13.0,36.879988
NTUN,36919988,345.0005798339844,0.0,0.0,3.2,0.0,0.0,-13.583233833312988,39.9053828,116.4073982,119.98,0.0,13.0,36.919988
NTUN,36959988,346.31829833984375,0.0,0.0,3.21,0.0,0.0,-13.583744049072266,39.9053828,116.4073982,119.98,0.0,13.0,36.959988
NTUN,36999988,346.31829833984375,0.0,0.0,3.22,0.0,0.0,-13.583744049072266,39.9053828,116.4073982,119.98,0.0,13.0,36.999988
NTUN,37039988,347.63250732421875,0.0,0.0,3.23,0.0,0.0,-13.587738990783691,39.9053828,116.4073982,119.98,0.0,13.0,37.039988
NTUN,37079988,347.63250732421875,0.0,0.0,3.24,0.0,0.0,-13.587738990783691,39.9053828,116.4073982,119.98,0.0,13.0,37.079988
NTUN,37119988,347.63250732421875,0.0,0.0,3.25,0.0,0.0,-13.587738990783691,39.9053828,116.4073982,119.98,0.0,13.0,37.119988
NTUN,37159988,348.9569091796875,0.0,0.0,3.25,0.0,0.0,-13.588798522949219,39.9053828,116.4073982,119.98,0.0,13.0,37.159988
NTUN,37199988,348.9569091796875,0.0,0.0,3.26,0.0,0.0,-13.588798522949219,39.9053828,116.4073982,119.98,0.0,13.0,37.199988
NTUN,37239988,350.27178955078125,0.0,0.0,3.27,0.0,0.0,-13.590322494506836,39.9053828,116.4073982,119.98,0.0,13.0,37.239988
NTUN,37279988,350.27178955078125,0.0,0.0,3.28,0.0,0.0,-13.590322494506836,39.9053828,116.4073982,119.98,0.0,13.0,37.279988
NTUN,37319988,350.27178955078125,0.0,0.0,3.29,0.0,0.0,-13.590322494506836,39.9053828,116.4073982,119.98,0.0,13.0,37.319988
NTUN,37359988,351.59295654296875,0.0,0.0,3.3,0.0,0.0,-13.591477394104004,39.9053828,116.4073982,119.98,0.0,13.0,37.359988
NTUN,37399988,351.59295654296875,0.0,0.0,3.31,0.0,0.0,-13.591477394104004,39.9053828,116.4073982,119.98,0.0,13.0,37.399988
NTUN,37439988,352.9203796386719,0.0,0.0,3.32,0.0,0.0,-13.596874237060547,39.9053828,116.4073982,119.98,0.0,13.0,37.439988
NTUN,37479988,352.9203796386719,0.0,0.0,3.33,0.0,0.0,-13.596874237060547,39.9053828,116.4073982,119.98,0.0,13.0,37.479988
NTUN,37519988,352.9203796386719,0.0,0.0,3.34,0.0,0.0,-13.596874237060547,39.9053828,116.4073982,119.98,0.0,13.0,37.519988
NTUN,37559988,354.2441711425781,0.0,0.0,3.35,0.0,0.0,-13.598971366882324,39.9053828,116.4073982,119.98,0.0,13.0,37.559988
NTUN,37599988,354.2441711425781,0.0,0.0,3.36,0.0,0.0,-13.598971366882324,39.9053828,116.4073982,119.98,0.0,13.0,37.599988
NTUN,37639988,355.5780944824219,0.0,0.0,3.37,0.0,0.0,-13.603046417236328,39.9053828,116.4073982,119.98,0.0,13.0,37.639988
NTUN,37679988,355.5780944824219,0.0,0.0,3.38,0.0,0.0,-13.603046417236328,39.9053828,116.4073982,119.98,0.0,13.0,37.679988
NTUN,37719988,355.5780944824219,0.0,0.0,3.39,0.0,0.0,-13.603046417236328,39.9053828,116.4073982,119.98,0.0,13.0,37.719988
NTUN,37759988,356.90435791015625,0.0,0.0,3.4,0.0,0.0,-13.60682201385498,39.9053828,116.4073982,119.98,0.0,13.0,37.759988
NTUN,37799988,356.90435791015625,0.0,0.0,3.41,0.0,0.0,-13.60682201385498,39.9053828,116.4073982,119.98,0.0,13.0,37.799988
NTUN,37839988,358.2407531738281,0.0,0.0,3.43,0.0,0.0,-13.609136581420898,39.9053828,116.4073982,119.98,0.0,13.0,37.839988
NTUN,37879988,358.2407531738281,0.0,0.0,3.44,0.0,0.0,-13.609136581420898,39.9053828,116.4073982,119.98,0.0,13.0,37.879988
NTUN,37919988,358.2407531738281,0.0,0.0,3.45,0.0,0.0,-13.609136581420898,39.9053828,116.4073982,119.98,0.0,13.0,37.919988
NTUN,37959988,359.583251953125,0.0,0.0,3.46,0.0,0.0,-13.612862586975098,39.9053828,116.4073982,119.98,0.0,13.0,37.959988
NTUN,37999988,359.583251953125,0.0,0.0,3.47,0.0,0.0,-13.612862586975098,39.9053828,116.4073982,119.98,0.0,13.0,37.999988
NTUN,38039988,360.9179992675781,0.0,0.0,3.48,0.0,0.0,-13.61589527130127,39.9053828,116.4073982,119.98,0.0,13.0,38.039988
NTUN,38079988,360.9179992675781,0.0,0.0,3.49,0.0,0.0,-13.61589527130127,39.9053828,116.4073982,119.98,0.0,13.0,38.079988
NTUN,38119988,360.9179992675781,0.0,0.0,3.51,0.0,0.0,-13.61589527130127,39.9053828,116.4073982,119.98,0.0,13.0,38.119988
NTUN,38159988,362.2628173828125,0.0,0.0,3.51,0.0,0.0,-13.621688842773438,39.9053828,116.4073982,119.98,0.0,13.0,38.159988
NTUN,38199988,362.2628173828125,0.0,0.0,3.53,0.0,0.0,-13.621688842773438,39.9053828,116.4073982,119.98,0.0,13.0,38.199988
NTUN,38239988,363.60968017578125,0.0,0.0,3.54,0.0,0.0,-13.623307228088379,39.9053828,116.4073982,119.98,0.0,13.0,38.239988
NTUN,38279988,363.60968017578125,0.0,0.0,3.55,0.0,0.0,-13.623307228088379,39.9053828,116.4073982,119.98,0.0,13.0,38.279988
NTUN,38319988,363.60968017578125,0.0,0.0,3.56,0.0,0.0,-13.623307228088379,39.9053828,116.4073982,119.98,0.0,13.0,38.319988
NTUN,38359988,364.9566955566406,0.0,0.0,3.57,0.0,0.0,-13.629173278808594,39.9053828,116.4073982,119.98,0.0,13.0,38.359988
NTUN,38399988,364.9566955566406,0.0,0.0,3.58,0.0,0.0,-13.629173278808594,39.9053828,116.4073982,119.98,0.0,13.0,38.399988
NTUN,38439988,366.2998352050781,0.0,0.0,3.59,0.0,0.0,-13.63429069519043,39.9053828,116.4073982,119.98,0.0,13.0,38.439988
NTUN,38479988,366.2998352050781,0.0,0.0,3.6,0.0,0.0,-13.63429069519043,39.9053828,116.4073982,119.98,0.0,13.0,38.479988
NTUN,38519988,366.2998352050781,0.0,0.0,3.61,0.0,0.0,-13.63429069519043,39.9053828,116.4073982,119.98,0.0,13.0,38.519988
NTUN,38559988,367.64898681640625,0.0,0.0,3.62,0.0,0.0,-13.636171340942383,39.9053828,116.4073982,119.98,0.0,13.0,38.559988
NTUN,38599988,367.64898681640625,0.0,0.0,3.63,0.0,0.0,-13.636171340942383,39.9053828,116.4073982,119.98,0.0,13.0,38.599988
NTUN,38639988,369.00408935546875,0.0,0.0,3.64,0.0,0.0,-13.642175674438477,39.9053828,116.4073982,119.98,0.0,13.0,38.639988
NTUN,38679988,369.00408935546875,0.0,0.0,3.65,0.0,0.0,-13.642175674438477,39.9053828,116.4073982,119.98,0.0,13.0,38.679988
NTUN,38719988,369.00408935546875,0.0,0.0,3.66,0.0,0.0,-13.642175674438477,39.9053828,116.4073982,119.98,0.0,13.0,38.719988
NTUN,38759988,370.3553161621094,0.0,0.0,3.67,0.0,0.0,-13.64530086517334,39.9053828,116.4073982,119.98,0.0,13.0,38.759988
NTUN,38799988,370.3553161621094,0.0,0.0,3.68,0.0,0.0,-13.64530086517334,39.9053828,116.4073982,119.98,0.0,13.0,38.799988
NTUN,38839988,371.7164306640625,0.0,0.0,3.69,0.0,0.0,-13.646356582641602,39.9053828,116.4073982,119.98,0.0,13.0,38.839988
NTUN,38879988,371.7164306640625,0.0,0.0,3.7,0.0,0.0,-13.646356582641602,39.9053828,116.4073982,119.98,0.0,13.0,38.879988
NTUN,38919988,371.7164306640625,0.0,0.0,3.71,0.0,0.0,-13.646356582641602,39.9053828,116.4073982,119.98,0.0,13.0,38.919988
NTUN,38959988,373.0736389160156,0.0,0.0,3.72,0.0,0.0,-13.648585319519043,39.9053828,116.4073982,119.98,0.0,13.0,38.959988
NTUN,38999988,373.0736389160156,0.0,0.0,3.73,0.0,0.0,-13.648585319519043,39.9053828,116.4073982,119.98,0.0,13.0,38.999988
NTUN,39039988,374.4309387207031,0.0,0.0,3.74,0.0,0.0,-13.653846740722656,39.9053828,116.4073982,119.98,0.0,13.0,39.039988
NTUN,39079988,374.4309387207031,0.0,0.0,3.75,0.0,0.0,-13.653846740722656,39.9053828,116.4073982,119.98,0.0,13.0,39.079988
NTUN,39119988,374.4309387207031,0.0,0.0,3.76,0.0,0.0,-13.653846740722656,39.9053828,116.4073982,119.98,0.0,13.0,39.119988
NTUN,39159988,375.7940979003906,0.0,0.0,3.77,0.0,0.0,-13.658258438110352,39.9053828,116.4073982,119.98,0.0,13.0,39.159988
NTUN,39199988,375.7940979003906,0.0,0.0,3.78,0.0,0.0,-13.658258438110352,39.9053828,116.4073982,119.98,0.0,13.0,39.199988
NTUN,39239988,377.1474914550781,0.0,0.0,3.79,0.0,0.0,-13.661819458007812,39.9053828,116.4073982,119.98,0.0,13.0,39.239988
NTUN,39279988,377.1474914550781,0.0,0.0,3.8,0.0,0.0,-13.661819458007812,39.9053828,116.4073982,119.98,0.0,13.0,39.279988
NTUN,39319988,377.1474914550781,0.0,0.0,3.81,0.0,0.0,-13.661819458007812,39.9053828,116.4073982,119.98,0.0,13.0,39.319988
NTUN,39359988,378.5049743652344,0.0,0.0,3.82,0.0,0.0,-13.66392993927002,39.9053828,116.4073982,119.98,0.0,13.0,39.359988
NTUN,39399988,378.5049743652344,0.0,0.0,3.84,0.0,0.0,-13.66392993927002,39.9053828,116.4073982,119.98,0.0,13.0,39.399988
NTUN,39439988,379.86834716796875,0.0,0.0,3.85,0.0,0.0,-13.662854194641113,39.9053828,116.4073982,119.98,0.0,13.0,39.439988
NTUN,39479988,379.86834716796875,0.0,0.0,3.86,0.0,0.0,-13.662854194641113,39.9053828,116.4073982,119.98,0.0,13.0,39.479988
NTUN,39519988,379.86834716796875,0.0,0.0,3.87,0.0,0.0,-13.662854194641113,39.9053828,116.4073982,119.98,0.0,13.0,39.519988
NTUN,39559988,381.23577880859375,0.0,0.0,3.88,0.0,0.0,-13.665445327758789,39.9053828,116.4073982,119.98,0.0,13.0,39.559988
NTUN,39599988,381.23577880859375,0.0,0.0,3.9,0.0,0.0,-13.665445327758789,39.9053828,116.4073982,119.98,0.0,13.0,39.599988
NTUN,39639988,382.5974426269531,0.0,0.0,3.91,0.0,0.0,-13.668176651000977,39.9053828,116.4073982,119.98,0.0,13.0,39.639988
NTUN,39679988,382.5974426269531,0.0,0.0,3.92,0.0,0.0,-13.668176651000977,39.9053828,116.4073982,119.98,0.0,13.0,39.679988
NTUN,39719988,382.5974426269531,0.0,0.0,3.94,0.0,0.0,-13.668176651000977,39.9053828,116.4073982,119.98,0.0,13.0,39.719988
NTUN,39759988,383.9690246582031,0.0,0.0,3.95,0.0,0.0,-13.668134689331055,39.9053828,116.4073982,119.98,0.0,13.0,39.759988
NTUN,39799988,383.9690246582031,0.0,0.0,3.96,0.0,0.0,-13.668134689331055,39.9053828,116.4073982,119.98,0.0,13.0,39.799988
NTUN,39839988,385.3308410644531,0.0,0.0,3.97,0.0,0.0,-13.669123649597168,39.9053828,116.4073982,119.98,0.0,13.0,39.839988
NTUN,39879988,385.3308410644531,0.0,0.0,3.98,0.0,0.0,-13.669123649597168,39.9053828,116.4073982,119.98,0.0,13.0,39.879988
NTUN,39919988,385.3308410644531,0.0,0.0,4.0,0.0,0.0,-13.669123649597168,39.9053828,116.4073982,119.98,0.0,13.0,39.919988
NTUN,39959988,386.6967468261719,0.0,0.0,4.01,0.0,0.0,-13.672868728637695,39.9053828,116.4073982,119.98,0.0,13.0,39.959988
NTUN,39999988,386.6967468261719,0.0,0.0,4.02,0.0,0.0,-13.672868728637695,39.9053828,116.4073982,119.98,0.0,13.0,39.999988
NTUN,40039988,388.062744140625,0.0,0.0,4.03,0.0,0.0,-13.675986289978027,39.9053828,116.4073982,119.98,0.0,13.0,40.039988
NTUN,40079988,388.062744140625,0.0,0.0,4.05,0.0,0.0,-13.675986289978027,39.9053828,116.4073982,119.98,0.0,13.0,40.079988
NTUN,40119988,388.062744140625,0.0,0.0,4.06,0.0,0.0,-13.675986289978027,39.9053828,116.4073982,119.98,0.0,13.0,40.119988
NTUN,40159988,389.42706298828125,0.0,0.0,4.07,0.0,0.0,-13.680386543273926,39.9053828,116.4073982,119.98,0.0,13.0,40.159988
NTUN,40199988,389.42706298828125,0.0,0.0,4.09,0.0,0.0,-13.680386543273926,39.9053828,116.4073982,119.98,0.0,13.0,40.199988
NTUN,40239988,390.78570556640625,0.0,0.0,4.1,0.0,0.0,-13.687108993530273,39.9053828,116.4073982,119.98,0.0,13.0,40.239988
NTUN,40279988,390.78570556640625,0.0,0.0,4.11,0.0,0.0,-13.687108993530273,39.9053828,116.4073982,119.98,0.0,13.0,40.279988
NTUN,40319988,390.78570556640625,0.0,0.0,4.13,0.0,0.0,-13.687108993530273,39.9053828,116.4073982,119.98,0.0,13.0,40.319988
NTUN,40359988,392.1484680175781,0.0,0.0,4.14,0.0,0.0,-13.691869735717773,39.9053828,116.4073982,119.98,0.0,13.0,40.359988
NTUN,40399988,392.1484680175781,0.0,0.0,4.15,0.0,0.0,-13.691869735717773,39.9053828,116.4073982,119.98,0.0,13.0,40.399988
NTUN,40439988,393.5154113769531,0.0,0.0,4.16,0.0,0.0,-13.699910163879395,39.9053828,116.4073982,119.98,0.0,13.0,40.439988
NTUN,40479988,393.5154113769531,0.0,0.0,4.18,0.0,0.0,-13.699910163879395,39.9053828,116.4073982,119.98,0.0,13.0,40.479988
NTUN,40519988,393.5154113769531,0.0,0.0,4.19,0.0,0.0,-13.699910163879395,39.9053828,116.4073982,119.98,0.0,13.0,40.519988
NTUN,40559988,394.866943359375,0.0,0.0,4.2,0.0,0.0,-13.707229614257812,39.9053828,116.4073982,119.98,0.0,13.0,40.559988
NTUN,40599988,394.866943359375,0.0,0.0,4.22,0.0,0.0,-13.707229614257812,39.9053828,116.4073982,119.98,0.0,13.0,40.599988
NTUN,40639988,396.2266845703125,0.0,0.0,4.23,0.0,0.0,-13.715106010437012,39.9053828,116.4073982,119.98,0.0,13.0,40.639988
NTUN,40679988,396.2266845703125,0.0,0.0,4.24,0.0,0.0,-13.715106010437012,39.9053828,116.4073982,119.98,0.0,13.0,40.679988
NTUN,40719988,396.2266845703125,0.0,0.0,4.26,0.0,0.0,-13.715106010437012,39.9053828,116.4073982,119.98,0.0,13.0,40.719988
NTUN,40759988,397.5906677246094,0.0,0.0,4.27,0.0,0.0,-13.720341682434082,39.9053828,116.4073982,119.98,0.0,13.0,40.759988
NTUN,40799988,397.5906677246094,0.0,0.0,4.28,0.0,0.0,-13.720341682434082,39.9053828,116.4073982,119.98,0.0,13.0,40.799988
NTUN,40839988,398.93927001953125,0.0,0.0,4.3,0.0,0.0,-13.727310180664062,39.9053828,116.4073982,119.98,0.0,13.0,40.839988
NTUN,40879988,398.93927001953125,0.0,0.0,4.31,0.0,0.0,-13.727310180664062,39.9053828,116.4073982,119.98,0.0,13.0,40.879988
NTUN,40919988,398.93927001953125,0.0,0.0,4.32,0.0,0.0,-13.727310180664062,39.9053828,116.4073982,119.98,0.0,13.0,40.919988
NTUN,40959988,400.28643798828125,0.0,0.0,4.33,0.0,0.0,-13.731786727905273,39.9053828,116.4073982,119.98,0.0,13.0,40.959988
NTUN,40999988,400.28643798828125,0.0,0.0,4.35,0.0,0.0,-13.731786727905273,39.9053828,116.4073982,119.98,0.0,13.0,40.999988
NTUN,41039988,401.63787841796875,0.0,0.0,4.36,0.0,0.0,-13.73624324798584,39.9053828,116.4073982,119.98,0.0,13.0,41.039988
NTUN,41079988,401.63787841796875,0.0,0.0,4.37,0.0,0.0,-13.73624324798584,39.9053828,116.4073982,119.98,0.0,13.0,41.079988
NTUN,41119988,401.63787841796875,0.0,0.0,4.38,0.0,0.0,-13.73624324798584,39.9053828,116.4073982,119.98,0.0,13.0,41.119988
NTUN,41159988,402.98382568359375,0.0,0.0,4.4,0.0,0.0,-13.742938995361328,39.9053828,116.4073982,119.98,0.0,13.0,41.159988
NTUN,41199988,402.98382568359375,0.0,0.0,4.41,0.0,0.0,-13.742938995361328,39.9053828,116.4073982,119.98,0.0,13.0,41.199988
NTUN,41239988,404.32025146484375,0.0,0.0,4.42,0.0,0.0,-13.74862289428711,39.9053828,116.4073982,119.98,0.0,13.0,41.239988
NTUN,41279988,404.32025146484375,0.0,0.0,4.43,0.0,0.0,-13.74862289428711,39.9053828,116.4073982,119.98,0.0,13.0,41.279988
NTUN,41319988,404.32025146484375,0.0,0.0,4.44,0.0,0.0,-13.74862289428711,39.9053828,116.4073982,119.98,0.0,13.0,41.319988
NTUN,41359988,405.66510009765625,0.0,0.0,4.45,0.0,0.0,-13.755855560302734,39.9053828,116.4073982,119.98,0.0,13.0,41.359988
NTUN,41399988,405.66510009765625,0.0,0.0,4.46,0.0,0.0,-13.755855560302734,39.9053828,116.4073982,119.98,0.0,13.0,41.399988
NTUN,41439988,407.0045471191406,0.0,0.0,4.47,0.0,0.0,-13.761858940124512,39.9053828,116.4073982,119.98,0.0,13.0,41.439988
NTUN,41479988,407.0045471191406,0.0,0.0,4.48,0.0,0.0,-13.761858940124512,39.9053828,116.4073982,119.98,0.0,13.0,41.479988
NTUN,41519988,407.0045471191406,0.0,0.0,4.49,0.0,0.0,-13.761858940124512,39.9053828,116.4073982,119.98,0.0,13.0,41.519988
NTUN,41559988,408.3345031738281,0.0,0.0,4.5,0.0,0.0,-13.763989448547363,39.9053828,116.4073982,119.98,0.0,13.0,41.559988
NTUN,41599988,408.3345031738281,0.0,0.0,4.51,0.0,0.0,-13.763989448547363,39.9053828,116.4073982,119.98,0.0,13.0,41.599988
NTUN,41639988,409.6729736328125,0.0,0.0,4.52,0.0,0.0,-13.768575668334961,39.9053828,116.4073982,119.98,0.0,13.0,41.639988
NTUN,41679988,409.6729736328125,0.0,0.0,4.53,0.0,0.0,-13.768575668334961,39.9053828,116.4073982,119.98,0.0,13.0,41.679988
NTUN,41719988,409.6729736328125,0.0,0.0,4.54,0.0,0.0,-13.768575668334961,39.9053828,116.4073982,119.98,0.0,13.0,41.719988
NTUN,41759988,411.00201416015625,0.0,0.0,4.55,0.0,0.0,-13.771065711975098,39.9053828,116.4073982,119.98,0.0,13.0,41.759988
NTUN,41799988,411.00201416015625,0.0,0.0,4.56,0.0,0.0,-13.771065711975098,39.9053828,116.4073982,119.98,0.0,13.0,41.799988
NTUN,41839988,412.3354797363281,0.0,0.0,4.57,0.0,0.0,-13.771800994873047,39.9053828,116.4073982,119.98,0.0,13.0,41.839988
NTUN,41879988,412.3354797363281,0.0,0.0,4.58,0.0,0.0,-13.771800994873047,39.9053828,116.4073982,119.98,0.0,13.0,41.879988
NTUN,41919988,412.3354797363281,0.0,0.0,4.59,0.0,0.0,-13.771800994873047,39.9053828,116.4073982,119.98,0.0,13.0,41.919988
NTUN,41959988,413.6636962890625,0.0,0.0,4.6,0.0,0.0,-13.772374153137207,39.9053828,116.4073982,119.98,0.0,13.0,41.959988
NTUN,41999988,413.6636962890625,0.0,0.0,4.61,0.0,0.0,-13.772374153137207,39.9053828,116.4073982,119.98,0.0,13.0,41.999988
NTUN,42039988,414.9922180175781,0.0,0.0,4.62,0.0,0.0,-13.773144721984863,39.9053828,116.4073982,119.98,0.0,13.0,42.039988
NTUN,42079988,414.9922180175781,0.0,0.0,4.63,0.0,0.0,-13.773144721984863,39.9053828,116.4073982,119.98,0.0,13.0,42.079988
NTUN,42119988,414.9922180175781,0.0,0.0,4.64,0.0,0.0,-13.773144721984863,39.9053828,116.4073982,119.98,0.0,13.0,42.119988
NTUN,42159988,416.32110595703125,0.0,0.0,4.65,0.0,0.0,-13.775643348693848,39.9053828,116.4073982,119.98,0.0,13.0,42.159988
NTUN,42199988,416.32110595703125,0.0,0.0,4.66,0.0,0.0,-13.775643348693848,39.9053828,116.4073982,119.98,0.0,13.0,42.199988
NTUN,42239988,417.6447448730469,0.0,0.0,4.67,0.0,0.0,-13.775782585144043,39.9053828,116.4073982,119.98,0.0,13.0,42.239988
NTUN,42279988,417.6447448730469,0.0,0.0,4.68,0.0,0.0,-13.775782585144043,39.9053828,116.4073982,119.98,0.0,13.0,42.279988
NTUN,42319988,417.6447448730469,0.0,0.0,4.69,0.0,0.0,-13.775782585144043,39.9053828,116.4073982,119.98,0.0,13.0,42.319988
NTUN,42359988,418.97845458984375,0.0,0.0,4.7,0.0,0.0,-13.775988578796387,39.9053828,116.4073982,119.98,0.0,13.0,42.359988
NTUN,42399988,418.97845458984375,0.0,0.0,4.71,0.0,0.0,-13.775988578796387,39.9053828,116.4073982,119.98,0.0,13.0,42.399988
NTUN,42439988,420.3028259277344,0.0,0.0,4.72,0.0,0.0,-13.773015022277832,39.9053828,116.4073982,119.98,0.0,13.0,42.439988
NTUN,42479988,420.3028259277344,0.0,0.0,4.73,0.0,0.0,-13.773015022277832,39.9053828,116.4073982,119.98,0.0,13.0,42.479988
NTUN,42519988,420.3028259277344,0.0,0.0,4.74,0.0,0.0,-13.773015022277832,39.9053828,116.4073982,119.98,0.0,13.0,42.519988
NTUN,42559988,421.6275329589844,0.0,0.0,4.75,0.0,0.0,-13.769927024841309,39.9053828,116.4073982,119.98,0.0,13.0,42.559988
NTUN,42599988,421.6275329589844,0.0,0.0,4.76,0.0,0.0,-13.769927024841309,39.9053828,116.4073982,119.98,0.0,13.0,42.599988
NTUN,42639988,422.9622802734375,0.0,0.0,4.77,0.0,0.0,-13.769235610961914,39.9053828,116.4073982,119.98,0.0,13.0,42.639988
NTUN,42679988,422.9622802734375,0.0,0.0,4.78,0.0,0.0,-13.769235610961914,39.9053828,116.4073982,119.98,0.0,13.0,42.679988
NTUN,42719988,422.9622802734375,0.0,0.0,4.79,0.0,0.0,-13.769235610961914,39.9053828,116.4073982,119.98,0.0,13.0,42.719988
NTUN,42759988,424.2834777832031,0.0,0.0,4.79,0.0,0.0,-13.770008087158203,39.9053828,116.4073982,119.98,0.0,13.0,42.759988
NTUN,42799988,424.2834777832031,0.0,0.0,4.8,0.0,0.0,-13.770008087158203,39.9053828,116.4073982,119.98,0.0,13.0,42.799988
NTUN,42839988,425.618896484375,0.0,0.0,4.81,0.0,0.0,-13.767518043518066,39.9053828,116.4073982,119.98,0.0,13.0,42.839988
NTUN,42879988,425.618896484375,0.0,0.0,4.82,0.0,0.0,-13.767518043518066,39.9053828,116.4073982,119.98,0.0,13.0,42.879988
NTUN,42919988,425.618896484375,0.0,0.0,4.83,0.0,0.0,-13.767518043518066,39.9053828,116.4073982,119.98,0.0,13.0,42.919988
NTUN,42959988,426.9504699707031,0.0,0.0,4.84,0.0,0.0,-13.768267631530762,39.9053828,116.4073982,119.98,0.0,13.0,42.959988
NTUN,42999988,426.9504699707031,0.0,0.0,4.85,0.0,0.0,-13.768267631530762,39.9053828,116.4073982,119.98,0.0,13.0,42.999988
NTUN,43039988,428.27813720703125,0.0,0.0,4.86,0.0,0.0,-13.766202926635742,39.9053828,116.4073982,119.98,0.0,13.0,43.039988
NTUN,43079988,428.27813720703125,0.0,0.0,4.87,0.0,0.0,-13.766202926635742,39.9053828,116.4073982,119.98,0.0,13.0,43.079988
NTUN,43119988,428.27813720703125,0.0,0.0,4.88,0.0,0.0,-13.766202926635742,39.9053828,116.4073982,119.98,0.0,13.0,43.119988
NTUN,43159988,429.6157531738281,0.0,0.0,4.89,0.0,0.0,-13.766716957092285,39.9053828,116.4073982,119.98,0.0,13.0,43.159988
NTUN,43199988,429.6157531738281,0.0,0.0,4.9,0.0,0.0,-13.766716957092285,39.9053828,116.4073982,119.98,0.0,13.0,43.199988
NTUN,43239988,430.9494934082031,0.0,0.0,4.92,0.0,0.0,-13.766664505004883,39.9053828,116.4073982,119.98,0.0,13.0,43.239988
NTUN,43279988,430.9494934082031,0.0,0.0,4.93,0.0,0.0,-13.766664505004883,39.9053828,116.4073982,119.98,0.0,13.0,43.279988
NTUN,43319988,430.9494934082031,0.0,0.0,4.94,0.0,0.0,-13.766664505004883,39.9053828,116.4073982,119.98,0.0,13.0,43.319988
NTUN,43359988,432.2889099121094,0.0,0.0,4.95,0.0,0.0,-13.77114200592041,39.9053828,116.4073982,119.98,0.0,13.0,43.359988
NTUN,43399988,432.2889099121094,0.0,0.0,4.96,0.0,0.0,-13.77114200592041,39.9053828,116.4073982,119.98,0.0,13.0,43.399988
NTUN,43439988,433.634033203125,0.0,0.0,4.98,0.0,0.0,-13.77469253540039,39.9053828,116.4073982,119.98,0.0,13.0,43.439988
NTUN,43479988,433.634033203125,0.0,0.0,4.99,0.0,0.0,-13.77469253540039,39.9053828,116.4073982,119.98,0.0,13.0,43.479988
NTUN,43519988,433.634033203125,0.0,0.0,5.0,0.0,0.0,-13.77469253540039,39.9053828,116.4073982,119.98,0.0,13.0,43.519988
NTUN,43559988,434.97515869140625,0.0,0.0,5.01,0.0,0.0,-13.776803970336914,39.9053828,116.4073982,119.98,0.0,13.0,43.559988
NTUN,43599988,434.97515869140625,0.0,0.0,5.03,0.0,0.0,-13.776803970336914,39.9053828,116.4073982,119.98,0.0,13.0,43.599988
NTUN,43639988,436.3261413574219,0.0,0.0,5.04,0.0,0.0,-13.781142234802246,39.9053828,116.4073982,119.98,0.0,13.0,43.639988
NTUN,43679988,436.3261413574219,0.0,0.0,5.05,0.0,0.0,-13.781142234802246,39.9053828,116.4073982,119.98,0.0,13.0,43.679988
NTUN,43719988,436.3261413574219,0.0,0.0,5.06,0.0,0.0,-13.781142234802246,39.9053828,116.4073982,119.98,0.0,13.0,43.719988
NTUN,43759988,437.6784973144531,0.0,0.0,5.08,0.0,0.0,-13.787891387939453,39.9053828,116.4073982,119.98,0.0,13.0,43.759988
NTUN,43799988,437.6784973144531,0.0,0.0,5.09,0.0,0.0,-13.787891387939453,39.9053828,116.4073982,119.98,0.0,13.0,43.799988
NTUN,43839988,439.0364685058594,0.0,0.0,5.1,0.0,0.0,-13.790820121765137,39.9053828,116.4073982,119.98,0.0,13.0,43.839988
NTUN,43879988,439.0364685058594,0.0,0.0,5.12,0.0,0.0,-13.790820121765137,39.9053828,116.4073982,119.98,0.0,13.0,43.879988
NTUN,43919988,439.0364685058594,0.0,0.0,5.13,0.0,0.0,-13.790820121765137,39.9053828,116.4073982,119.98,0.0,13.0,43.919988
NTUN,43959988,440.39031982421875,0.0,0.0,5.14,0.0,0.0,-13.795942306518555,39.9053828,116.4073982,119.98,0.0,13.0,43.959988
NTUN,43999988,440.39031982421875,0.0,0.0,5.15,0.0,0.0,-13.795942306518555,39.9053828,116.4073982,119.98,0.0,13.0,43.999988
NTUN,44039988,441.75396728515625,0.0,0.0,5.16,0.0,0.0,-13.801151275634766,39.9053828,116.4073982,119.98,0.0,13.0,44.039988
NTUN,44079988,441.75396728515625,0.0,0.0,5.18,0.0,0.0,-13.801151275634766,39.9053828,116.4073982,119.98,0.0,13.0,44.079988
NTUN,44119988,441.75396728515625,0.0,0.0,5.19,0.0,0.0,-13.801151275634766,39.9053828,116.4073982,119.98,0.0,13.0,44.119988
NTUN,44159988,443.113525390625,0.0,0.0,5.2,0.0,0.0,-13.806031227111816,39.9053828,116.4073982,119.98,0.0,13.0,44.159988
NTUN,44199988,443.113525390625,0.0,0.0,5.21,0.0,0.0,-13.806031227111816,39.9053828,116.4073982,119.98,0.0,13.0,44.199988
NTUN,44239988,444.47857666015625,0.0,0.0,5.23,0.0,0.0,-13.811055183410645,39.9053828,116.4073982,119.98,0.0,13.0,44.239988
NTUN,44279988,444.47857666015625,0.0,0.0,5.24,0.0,0.0,-13.811055183410645,39.9053828,116.4073982,119.98,0.0,13.0,44.279988
NTUN,44319988,444.47857666015625,0.0,0.0,5.25,0.0,0.0,-13.811055183410645,39.9053828,116.4073982,119.98,0.0,13.0,44.319988
NTUN,44359988,445.8490905761719,0.0,0.0,5.27,0.0,0.0,-13.814146041870117,39.9053828,116.4073982,119.98,0.0,13.0,44.359988
NTUN,44399988,445.8490905761719,0.0,0.0,5.28,0.0,0.0,-13.814146041870117,39.9053828,116.4073982,119.98,0.0,13.0,44.399988
NTUN,44439988,447.2154846191406,0.0,0.0,5.29,0.0,0.0,-13.81617259979248,39.9053828,116.4073982,119.98,0.0,13.0,44.439988
NTUN,44479988,447.2154846191406,0.0,0.0,5.3,0.0,0.0,-13.81617259979248,39.9053828,116.4073982,119.98,0.0,13.0,44.479988
NTUN,44519988,447.2154846191406,0.0,0.0,5.31,0.0,0.0,-13.81617259979248,39.9053828,116.4073982,119.98,0.0,13.0,44.519988
NTUN,44559988,448.5873107910156,0.0,0.0,5.32,0.0,0.0,-13.822458267211914,39.9053828,116.4073982,119.98,0.0,13.0,44.559988
NTUN,44599988,448.5873107910156,0.0,0.0,5.34,0.0,0.0,-13.822458267211914,39.9053828,116.4073982,119.98,0.0,13.0,44.599988
NTUN,44639988,449.9645690917969,0.0,0.0,5.35,0.0,0.0,-13.824042320251465,39.9053828,116.4073982,119.98,0.0,13.0,44.639988
NTUN,44679988,449.9645690917969,0.0,0.0,5.36,0.0,0.0,-13.824042320251465,39.9053828,116.4073982,119.98,0.0,13.0,44.679988
NTUN,44719988,449.9645690917969,0.0,0.0,5.37,0.0,0.0,-13.824042320251465,39.9053828,116.4073982,119.98,0.0,13.0,44.719988
NTUN,44759988,451.332275390625,0.0,0.0,5.38,0.0,0.0,-13.829253196716309,39.9053828,116.4073982,119.98,0.0,13.0,44.759988
NTUN,44799988,451.332275390625,0.0,0.0,5.39,0.0,0.0,-13.829253196716309,39.9053828,116.4073982,119.98,0.0,13.0,44.799988
NTUN,44839988,452.70965576171875,0.0,0.0,5.4,0.0,0.0,-13.829437255859375,39.9053828,116.4073982,119.98,0.0,13.0,44.839988
NTUN,44879988,452.70965576171875,0.0,0.0,5.41,0.0,0.0,-13.829437255859375,39.9053828,116.4073982,119.98,0.0,13.0,44.879988
NTUN,44919988,452.70965576171875,0.0,0.0,5.42,0.0,0.0,-13.829437255859375,39.9053828,116.4073982,119.98,0.0,13.0,44.919988
NTUN,44959988,454.087158203125,0.0,0.0,5.43,0.0,0.0,-13.831164360046387,39.9053828,116.4073982,119.98,0.0,13.0,44.959988
NTUN,44999988,454.087158203125,0.0,0.0,5.44,0.0,0.0,-13.831164360046387,39.9053828,116.4073982,119.98,0.0,13.0,44.999988
NTUN,45039988,455.4646911621094,0.0,0.0,5.45,0.0,0.0,-13.831177711486816,39.9053828,116.4073982,119.98,0.0,13.0,45.039988
NTUN,45079988,455.4646911621094,0.0,0.0,5.46,0.0,0.0,-13.831177711486816,39.9053828,116.4073982,119.98,0.0,13.0,45.079988
NTUN,45119988,455.4646911621094,0.0,0.0,5.47,0.0,0.0,-13.831177711486816,39.9053828,116.4073982,119.98,0.0,13.0,45.119988
NTUN,45159988,456.8380126953125,0.0,0.0,5.48,0.0,0.0,-13.83125114440918,39.9053828,116.4073982,119.98,0.0,13.0,45.159988
NTUN,45199988,456.8380126953125,0.0,0.0,5.49,0.0,0.0,-13.83125114440918,39.9053828,116.4073982,119.98,0.0,13.0,45.199988
NTUN,45239988,458.2060852050781,0.0,0.0,5.5,0.0,0.0,-13.834465980529785,39.9053828,116.4073982,119.98,0.0,13.0,45.239988
NTUN,45279988,458.2060852050781,0.0,0.0,5.51,0.0,0.0,-13.834465980529785,39.9053828,116.4073982,119.98,0.0,13.0,45.279988
NTUN,45319988,458.2060852050781,0.0,0.0,5.52,0.0,0.0,-13.834465980529785,39.9053828,116.4073982,119.98,0.0,13.0,45.319988
NTUN,45359988,459.5838317871094,0.0,0.0,5.53,0.0,0.0,-13.83312702178955,39.9053828,116.4073982,119.98,0.0,13.0,45.359988
NTUN,45399988,459.5838317871094,0.0,0.0,5.54,0.0,0.0,-13.83312702178955,39.9053828,116.4073982,119.98,0.0,13.0,45.399988
NTUN,45439988,460.9659423828125,0.0,0.0,5.56,0.0,0.0,-13.834089279174805,39.9053828,116.4073982,119.98,0.0,13.0,45.439988
NTUN,45479988,460.9659423828125,0.0,0.0,5.57,0.0,0.0,-13.834089279174805,39.9053828,116.4073982,119.98,0.0,13.0,45.479988
NTUN,45519988,460.9659423828125,0.0,0.0,5.58,0.0,0.0,-13.834089279174805,39.9053828,116.4073982,119.98,0.0,13.0,45.519988
NTUN,45559988,462.34814453125,0.0,0.0,5.6,0.0,0.0,-13.836955070495605,39.9053828,116.4073982,119.98,0.0,13.0,45.559988
NTUN,45599988,462.34814453125,0.0,0.0,5.61,0.0,0.0,-13.836955070495605,39.9053828,116.4073982,119.98,0.0,13.0,45.599988
NTUN,45639988,463.7207946777344,0.0,0.0,5.63,0.0,0.0,-13.8381929397583,39.9053828,116.4073982,119.98,0.0,13.0,45.639988
NTUN,45679988,463.7207946777344,0.0,0.0,5.64,0.0,0.0,-13.8381929397583,39.9053828,116.4073982,119.98,0.0,13.0,45.679988
NTUN,45719988,463.7207946777344,0.0,0.0,5.65,0.0,0.0,-13.8381929397583,39.9053828,116.4073982,119.98,0.0,13.0,45.719988
NTUN,45759988,465.1021423339844,0.0,0.0,5.67,0.0,0.0,-13.840314865112305,39.9053828,116.4073982,119.98,0.0,13.0,45.759988
NTUN,45799988,465.1021423339844,0.0,0.0,5.68,0.0,0.0,-13.840314865112305,39.9053828,116.4073982,119.98,0.0,13.0,45.799988
NTUN,45839988,466.46966552734375,0.0,0.0,5.7,0.0,0.0,-13.84080982208252,39.9053828,116.4073982,119.98,0.0,13.0,45.839988
NTUN,45879988,466.46966552734375,0.0,0.0,5.71,0.0,0.0,-13.84080982208252,39.9053828,116.4073982,119.98,0.0,13.0,45.879988
NTUN,45919988,466.46966552734375,0.0,0.0,5.72,0.0,0.0,-13.84080982208252,39.9053828,116.4073982,119.98,0.0,13.0,45.919988
NTUN,45959988,467.84588623046875,0.0,0.0,5.74,0.0,0.0,-13.845685958862305,39.9053828,116.4073982,119.98,0.0,13.0,45.959988
NTUN,45999988,467.84588623046875,0.0,0.0,5.75,0.0,0.0,-13.845685958862305,39.9053828,116.4073982,119.98,0.0,13.0,45.999988
NTUN,46039988,469.2169494628906,0.0,0.0,5.77,0.0,0.0,-13.848079681396484,39.9053828,116.4073982,119.98,0.0,13.0,46.039988
NTUN,46079988,469.2169494628906,0.0,0.0,5.78,0.0,0.0,-13.848079681396484,39.9053828,116.4073982,119.98,0.0,13.0,46.079988
NTUN,46119988,469.2169494628906,0.0,0.0,5.8,0.0,0.0,-13.848079681396484,39.9053828,116.4073982,119.98,0.0,13.0,46.119988
NTUN,46159988,470.58282470703125,0.0,0.0,5.81,0.0,0.0,-13.85153865814209,39.9053828,116.4073982,119.98,0.0,13.0,46.159988
NTUN,46199988,470.58282470703125,0.0,0.0,5.82,0.0,0.0,-13.85153865814209,39.9053828,116.4073982,119.98,0.0,13.0,46.199988
NTUN,46239988,471.9531555175781,0.0,0.0,5.84,0.0,0.0,-13.859116554260254,39.9053828,116.4073982,119.98,0.0,13.0,46.239988
NTUN,46279988,471.9531555175781,0.0,0.0,5.85,0.0,0.0,-13.859116554260254,39.9053828,116.4073982,119.98,0.0,13.0,46.279988
NTUN,46319988,471.9531555175781,0.0,0.0,5.86,0.0,0.0,-13.859116554260254,39.9053828,116.4073982,119.98,0.0,13.0,46.319988
NTUN,46359988,473.3226623535156,0.0,0.0,5.88,0.0,0.0,-13.865160942077637,39.9053828,116.4073982,119.98,0.0,13.0,46.359988
NTUN,46399988,473.3226623535156,0.0,0.0,5.89,0.0,0.0,-13.865160942077637,39.9053828,116.4073982,119.98,0.0,13.0,46.399988
NTUN,46439988,474.6827697753906,0.0,0.0,5.9,0.0,0.0,-13.873120307922363,39.9053828,116.4073982,119.98,0.0,13.0,46.439988
NTUN,46479988,474.6827697753906,0.0,0.0,5.92,0.0,0.0,-13.873120307922363,39.9053828,116.4073982,119.98,0.0,13.0,46.479988
NTUN,46519988,474.6827697753906,0.0,0.0,5.93,0.0,0.0,-13.873120307922363,39.9053828,116.4073982,119.98,0.0,13.0,46.519988
NTUN,46559988,476.0516662597656,0.0,0.0,5.94,0.0,0.0,-13.878344535827637,39.9053828,116.4073982,119.98,0.0,13.0,46.559988
NTUN,46599988,476.0516662597656,0.0,0.0,5.96,0.0,0.0,-13.878344535827637,39.9053828,116.4073982,119.98,0.0,13.0,46.599988
NTUN,46639988,477.40594482421875,0.0,0.0,5.97,0.0,0.0,-13.881351470947266,39.9053828,116.4073982,119.98,0.0,13.0,46.639988
NTUN,46679988,477.40594482421875,0.0,0.0,5.98,0.0,0.0,-13.881351470947266,39.9053828,116.4073982,119.98,0.0,13.0,46.679988
NTUN,46719988,477.40594482421875,0.0,0.0,5.99,0.0,0.0,-13.881351470947266,39.9053828,116.4073982,119.98,0.0,13.0,46.719988
NTUN,46759988,478.7647399902344,0.0,0.0,6.01,0.0,0.0,-13.886470794677734,39.9053828,116.4073982,119.98,0.0,13.0,46.759988
NTUN,46799988,478.7647399902344,0.0,0.0,6.02,0.0,0.0,-13.886470794677734,39.9053828,116.4073982,119.98,0.0,13.0,46.799988
NTUN,46839988,480.1185302734375,0.0,0.0,6.03,0.0,0.0,-13.890186309814453,39.9053828,116.4073982,119.98,0.0,13.0,46.839988
NTUN,46879988,480.1185302734375,0.0,0.0,6.05,0.0,0.0,-13.890186309814453,39.9053828,116.4073982,119.98,0.0,13.0,46.879988
NTUN,46919988,480.1185302734375,0.0,0.0,6.06,0.0,0.0,-13.890186309814453,39.9053828,116.4073982,119.98,0.0,13.0,46.919988
NTUN,46959988,481.47686767578125,0.0,0.0,6.07,0.0,0.0,-13.893281936645508,39.9053828,116.4073982,119.98,0.0,13.0,46.959988
NTUN,46999988,481.47686767578125,0.0,0.0,6.09,0.0,0.0,-13.893281936645508,39.9053828,116.4073982,119.98,0.0,13.0,46.999988
NTUN,47039988,482.8206787109375,0.0,0.0,6.1,0.0,0.0,-13.896791458129883,39.9053828,116.4073982,119.98,0.0,13.0,47.039988
NTUN,47079988,482.8206787109375,0.0,0.0,6.11,0.0,0.0,-13.896791458129883,39.9053828,116.4073982,119.98,0.0,13.0,47.079988
NTUN,47119988,482.8206787109375,0.0,0.0,6.13,0.0,0.0,-13.896791458129883,39.9053828,116.4073982,119.98,0.0,13.0,47.119988
NTUN,47159988,484.1734619140625,0.0,0.0,6.14,0.0,0.0,-13.900411605834961,39.9053828,116.4073982,119.98,0.0,13.0,47.159988
NTUN,47199988,484.1734619140625,0.0,0.0,6.15,0.0,0.0,-13.900411605834961,39.9053828,116.4073982,119.98,0.0,13.0,47.199988
NTUN,47239988,485.5265197753906,0.0,0.0,6.17,0.0,0.0,-13.903761863708496,39.9053828,116.4073982,119.98,0.0,13.0,47.239988
NTUN,47279988,485.5265197753906,0.0,0.0,6.18,0.0,0.0,-13.903761863708496,39.9053828,116.4073982,119.98,0.0,13.0,47.279988
NTUN,47319988,485.5265197753906,0.0,0.0,6.19,0.0,0.0,-13.903761863708496,39.9053828,116.4073982,119.98,0.0,13.0,47.319988
NTUN,47359988,486.8651123046875,0.0,0.0,6.2,0.0,0.0,-13.906517028808594,39.9053828,116.4073982,119.98,0.0,13.0,47.359988
NTUN,47399988,486.8651123046875,0.0,0.0,6.22,0.0,0.0,-13.906517028808594,39.9053828,116.4073982,119.98,0.0,13.0,47.399988
NTUN,47439988,488.2083740234375,0.0,0.0,6.23,0.0,0.0,-13.909638404846191,39.9053828,116.4073982,119.98,0.0,13.0,47.439988
NTUN,47479988,488.2083740234375,0.0,0.0,6.24,0.0,0.0,-13.909638404846191,39.9053828,116.4073982,119.98,0.0,13.0,47.479988
NTUN,47519988,488.2083740234375,0.0,0.0,6.25,0.0,0.0,-13.909638404846191,39.9053828,116.4073982,119.98,0.0,13.0,47.519988
NTUN,47559988,489.5467834472656,0.0,0.0,6.26,0.0,0.0,-13.914316177368164,39.9053828,116.4073982,119.98,0.0,13.0,47.559988
NTUN,47599988,489.5467834472656,0.0,0.0,6.27,0.0,0.0,-13.914316177368164,39.9053828,116.4073982,119.98,0.0,13.0,47.599988
NTUN,47639988,490.8854675292969,0.0,0.0,6.28,0.0,0.0,-13.915103912353516,39.9053828,116.4073982,119.98,0.0,13.0,47.639988
NTUN,47679988,490.8854675292969,0.0,0.0,6.29,0.0,0.0,-13.915103912353516,39.9053828,116.4073982,119.98,0.0,13.0,47.679988
NTUN,47719988,490.8854675292969,0.0,0.0,6.3,0.0,0.0,-13.915103912353516,39.9053828,116.4073982,119.98,0.0,13.0,47.719988
NTUN,47759988,492.2289123535156,0.0,0.0,6.31,0.0,0.0,-13.91663646697998,39.9053828,116.4073982,119.98,0.0,13.0,47.759988
NTUN,47799988,492.2289123535156,0.0,0.0,6.32,0.0,0.0,-13.91663646697998,39.9053828,116.4073982,119.98,0.0,13.0,47.799988
NTUN,47839988,493.5631408691406,0.0,0.0,6.33,0.0,0.0,-13.919528007507324,39.9053828,116.4073982,119.98,0.0,13.0,47.839988
NTUN,47879988,493.5631408691406,0.0,0.0,6.34,0.0,0.0,-13.919528007507324,39.9053828,116.4073982,119.98,0.0,13.0,47.879988
NTUN,47919988,493.5631408691406,0.0,0.0,6.36,0.0,0.0,-13.919528007507324,39.9053828,116.4073982,119.98,0.0,13.0,47.919988
NTUN,47959988,494.9071960449219,0.0,0.0,6.37,0.0,0.0,-13.920330047607422,39.9053828,116.4073982,119.98,0.0,13.0,47.959988
NTUN,47999988,494.9071960449219,0.0,0.0,6.38,0.0,0.0,-13.920330047607422,39.9053828,116.4073982,119.98,0.0,13.0,47.999988
NTUN,48039988,496.2420654296875,0.0,0.0,6.4,0.0,0.0,-13.919081687927246,39.9053828,116.4073982,119.98,0.0,13.0,48.039988
NTUN,48079988,496.2420654296875,0.0,0.0,6.41,0.0,0.0,-13.919081687927246,39.9053828,116.4073982,119.98,0.0,13.0,48.079988
NTUN,48119988,496.2420654296875,0.0,0.0,6.42,0.0,0.0,-13.919081687927246,39.9053828,116.4073982,119.98,0.0,13.0,48.119988
NTUN,48159988,497.5816955566406,0.0,0.0,6.44,0.0,0.0,-13.920156478881836,39.9053828,116.4073982,119.98,0.0,13.0,48.159988
NTUN,48199988,497.5816955566406,0.0,0.0,6.45,0.0,0.0,-13.920156478881836,39.9053828,116.4073982,119.98,0.0,13.0,48.199988
NTUN,48239988,498.921630859375,0.0,0.0,6.46,0.0,0.0,-13.919846534729004,39.9053828,116.4073982,119.98,0.0,13.0,48.239988
NTUN,48279988,498.921630859375,0.0,0.0,6.48,0.0,0.0,-13.919846534729004,39.9053828,116.4073982,119.98,0.0,13.0,48.279988
NTUN,48319988,498.921630859375,0.0,0.0,6.49,0.0,0.0,-13.919846534729004,39.9053828,116.4073982,119.98,0.0,13.0,48.319988
NTUN,48359988,500.2669677734375,0.0,0.0,6.5,0.0,0.0,-13.922263145446777,39.9053828,116.4073982,119.98,0.0,13.0,48.359988
NTUN,48399988,500.2669677734375,0.0,0.0,6.52,0.0,0.0,-13.922263145446777,39.9053828,116.4073982,119.98,0.0,13.0,48.399988
NTUN,48439988,501.6075744628906,0.0,0.0,6.53,0.0,0.0,-13.923008918762207,39.9053828,116.4073982,119.98,0.0,13.0,48.439988
NTUN,48479988,501.6075744628906,0.0,0.0,6.54,0.0,0.0,-13.923008918762207,39.9053828,116.4073982,119.98,0.0,13.0,48.479988
NTUN,48519988,501.6075744628906,0.0,0.0,6.55,0.0,0.0,-13.923008918762207,39.9053828,116.4073982,119.98,0.0,13.0,48.519988
NTUN,48559988,502.94403076171875,0.0,0.0,6.57,0.0,0.0,-13.92395305633545,39.9053828,116.4073982,119.98,0.0,13.0,48.559988
NTUN,48599988,502.94403076171875,0.0,0.0,6.58,0.0,0.0,-13.92395305633545,39.9053828,116.4073982,119.98,0.0,13.0,48.599988
NTUN,48639988,504.28582763671875,0.0,0.0,6.59,0.0,0.0,-13.926472663879395,39.9053828,116.4073982,119.98,0.0,13.0,48.639988
NTUN,48679988,504.28582763671875,0.0,0.0,6.6,0.0,0.0,-13.926472663879395,39.9053828,116.4073982,119.98,0.0,13.0,48.679988
NTUN,48719988,504.28582763671875,0.0,0.0,6.61,0.0,0.0,-13.926472663879395,39.9053828,116.4073982,119.98,0.0,13.0,48.719988
NTUN,48759988,505.6279296875,0.0,0.0,6.63,0.0,0.0,-13.927794456481934,39.9053828,116.4073982,119.98,0.0,13.0,48.759988
NTUN,48799988,505.6279296875,0.0,0.0,6.64,0.0,0.0,-13.927794456481934,39.9053828,116.4073982,119.98,0.0,13.0,48.799988
NTUN,48839988,506.97979736328125,0.0,0.0,6.65,0.0,0.0,-13.92928695678711,39.9053828,116.4073982,119.98,0.0,13.0,48.839988
NTUN,48879988,506.97979736328125,0.0,0.0,6.66,0.0,0.0,-13.92928695678711,39.9053828,116.4073982,119.98,0.0,13.0,48.879988
NTUN,48919988,506.97979736328125,0.0,0.0,6.68,0.0,0.0,-13.92928695678711,39.9053828,116.4073982,119.98,0.0,13.0,48.919988
NTUN,48959988,508.3229675292969,0.0,0.0,6.69,0.0,0.0,-13.93110466003418,39.9053828,116.4073982,119.98,0.0,13.0,48.959988
NTUN,48999988,508.3229675292969,0.0,0.0,6.7,0.0,0.0,-13.93110466003418,39.9053828,116.4073982,119.98,0.0,13.0,48.999988
NTUN,49039988,509.6759033203125,0.0,0.0,6.71,0.0,0.0,-13.932552337646484,39.9053828,116.4073982,119.98,0.0,13.0,49.039988
NTUN,49079988,509.6759033203125,0.0,0.0,6.73,0.0,0.0,-13.932552337646484,39.9053828,116.4073982,119.98,0.0,13.0,49.079988
NTUN,49119988,509.6759033203125,0.0,0.0,6.74,0.0,0.0,-13.932552337646484,39.9053828,116.4073982,119.98,0.0,13.0,49.119988
NTUN,49159988,511.0340270996094,0.0,0.0,6.75,0.0,0.0,-13.932929992675781,39.9053828,116.4073982,119.98,0.0,13.0,49.159988
NTUN,49199988,511.0340270996094,0.0,0.0,6.76,0.0,0.0,-13.932929992675781,39.9053828,116.4073982,119.98,0.0,13.0,49.199988
NTUN,49239988,512.387939453125,0.0,0.0,6.77,0.0,0.0,-13.932095527648926,39.9053828,116.4073982,119.98,0.0,13.0,49.239988
NTUN,49279988,512.387939453125,0.0,0.0,6.79,0.0,0.0,-13.932095527648926,39.9053828,116.4073982,119.98,0.0,13.0,49.279988
NTUN,49319988,512.387939453125,0.0,0.0,6.8,0.0,0.0,-13.932095527648926,39.9053828,116.4073982,119.98,0.0,13.0,49.319988
NTUN,49359988,513.7470092773438,0.0,0.0,6.81,0.0,0.0,-13.9329252243042,39.9053828,116.4073982,119.98,0.0,13.0,49.359988
NTUN,49399988,513.7470092773438,0.0,0.0,6.82,0.0,0.0,-13.9329252243042,39.9053828,116.4073982,119.98,0.0,13.0,49.399988
NTUN,49439988,515.1112060546875,0.0,0.0,6.83,0.0,0.0,-13.936087608337402,39.9053828,116.4073982,119.98,0.0,13.0,49.439988
NTUN,49479988,515.1112060546875,0.0,0.0,6.84,0.0,0.0,-13.936087608337402,39.9053828,116.4073982,119.98,0.0,13.0,49.479988
NTUN,49519988,515.1112060546875,0.0,0.0,6.86,0.0,0.0,-13.936087608337402,39.9053828,116.4073982,119.98,0.0,13.0,49.519988
NTUN,49559988,516.4805908203125,0.0,0.0,6.87,0.0,0.0,-13.938331604003906,39.9053828,116.4073982,119.98,0.0,13.0,49.559988
NTUN,49599988,516.4805908203125,0.0,0.0,6.88,0.0,0.0,-13.938331604003906,39.9053828,116.4073982,119.98,0.0,13.0,49.599988
NTUN,49639988,517.85009765625,0.0,0.0,6.9,0.0,0.0,-13.939942359924316,39.9053828,116.4073982,119.98,0.0,13.0,49.639988
NTUN,49679988,517.85009765625,0.0,0.0,6.91,0.0,0.0,-13.939942359924316,39.9053828,116.4073982,119.98,0.0,13.0,49.679988
NTUN,49719988,517.85009765625,0.0,0.0,6.92,0.0,0.0,-13.939942359924316,39.9053828,116.4073982,119.98,0.0,13.0,49.719988
NTUN,49759988,519.22021484375,0.0,0.0,6.94,0.0,0.0,-13.940367698669434,39.9053828,116.4073982,119.98,0.0,13.0,49.759988
NTUN,49799988,519.22021484375,0.0,0.0,6.95,0.0,0.0,-13.940367698669434,39.9053828,116.4073982,119.98,0.0,13.0,49.799988
NTUN,49839988,520.5999145507812,0.0,0.0,6.96,0.0,0.0,-13.944812774658203,39.9053828,116.4073982,119.98,0.0,13.0,49.839988
NTUN,49879988,520.5999145507812,0.0,0.0,6.98,0.0,0.0,-13.944812774658203,39.9053828,116.4073982,119.98,0.0,13.0,49.879988
NTUN,49919988,520.5999145507812,0.0,0.0,6.99,0.0,0.0,-13.944812774658203,39.9053828,116.4073982,119.98,0.0,13.0,49.919988
NTUN,49959988,521.9801635742188,0.0,0.0,7.01,0.0,0.0,-13.949947357177734,39.9053828,116.4073982,119.98,0.0,13.0,49.959988
NTUN,49999988,521.9801635742188,0.0,0.0,7.02,0.0,0.0,-13.949947357177734,39.9053828,116.4073982,119.98,0.0,13.0,49.999988
NTUN,50039988,523.3604736328125,0.0,0.0,7.04,0.0,0.0,-13.95415210723877,39.9053828,116.4073982,119.98,0.0,13.0,50.039988
NTUN,50079988,523.3604736328125,0.0,0.0,7.05,0.0,0.0,-13.95415210723877,39.9053828,116.4073982,119.98,0.0,13.0,50.079988
NTUN,50119988,523.3604736328125,0.0,0.0,7.07,0.0,0.0,-13.95415210723877,39.9053828,116.4073982,119.98,0.0,13.0,50.119988
NTUN,50159988,524.745849609375,0.0,0.0,7.08,0.0,0.0,-13.956652641296387,39.9053828,116.4073982,119.98,0.0,13.0,50.159988
NTUN,50199988,524.745849609375,0.0,0.0,7.09,0.0,0.0,-13.956652641296387,39.9053828,116.4073982,119.98,0.0,13.0,50.199988
NTUN,50239988,526.1268310546875,0.0,0.0,7.1,0.0,0.0,-13.961860656738281,39.9053828,116.4073982,119.98,0.0,13.0,50.239988
NTUN,50279988,526.1268310546875,0.0,0.0,7.12,0.0,0.0,-13.961860656738281,39.9053828,116.4073982,119.98,0.0,13.0,50.279988
NTUN,50319988,526.1268310546875,0.0,0.0,7.13,0.0,0.0,-13.961860656738281,39.9053828,116.4073982,119.98,0.0,13.0,50.319988
NTUN,50359988,527.5032958984375,0.0,0.0,7.14,0.0,0.0,-13.967414855957031,39.9053828,116.4073982,119.98,0.0,13.0,50.359988
NTUN,50399988,527.5032958984375,0.0,0.0,7.15,0.0,0.0,-13.967414855957031,39.9053828,116.4073982,119.98,0.0,13.0,50.399988
NTUN,50439988,528.8893432617188,0.0,0.0,7.17,0.0,0.0,-13.972559928894043,39.9053828,116.4073982,119.98,0.0,13.0,50.439988
NTUN,50479988,528.8893432617188,0.0,0.0,7.18,0.0,0.0,-13.972559928894043,39.9053828,116.4073982,119.98,0.0,13.0,50.479988
NTUN,50519988,528.8893432617188,0.0,0.0,7.19,0.0,0.0,-13.972559928894043,39.9053828,116.4073982,119.98,0.0,13.0,50.519988
NTUN,50559988,530.2803344726562,0.0,0.0,7.2,0.0,0.0,-13.972431182861328,39.9053828,116.4073982,119.98,0.0,13.0,50.559988
NTUN,50599988,530.2803344726562,0.0,0.0,7.21,0.0,0.0,-13.972431182861328,39.9053828,116.4073982,119.98,0.0,13.0,50.599988
NTUN,50639988,531.66650390625,0.0,0.0,7.23,0.0,0.0,-13.975286483764648,39.9053828,116.4073982,119.98,0.0,13.0,50.639988
NTUN,50679988,531.66650390625,0.0,0.0,7.24,0.0,0.0,-13.975286483764648,39.9053828,116.4073982,119.98,0.0,13.0,50.679988
NTUN,50719988,531.66650390625,0.0,0.0,7.25,0.0,0.0,-13.975286483764648,39.9053828,116.4073982,119.98,0.0,13.0,50.719988
NTUN,50759988,533.0576171875,0.0,0.0,7.26,0.0,0.0,-13.97732925415039,39.9053828,116.4073982,119.98,0.0,13.0,50.759988
NTUN,50799988,533.0576171875,0.0,0.0,7.27,0.0,0.0,-13.97732925415039,39.9053828,116.4073982,119.98,0.0,13.0,50.799988
NTUN,50839988,534.4393920898438,0.0,0.0,7.29,0.0,0.0,-13.976133346557617,39.9053828,116.4073982,119.98,0.0,13.0,50.839988
NTUN,50879988,534.4393920898438,0.0,0.0,7.3,0.0,0.0,-13.976133346557617,39.9053828,116.4073982,119.98,0.0,13.0,50.879988
NTUN,50919988,534.4393920898438,0.0,0.0,7.31,0.0,0.0,-13.976133346557617,39.9053828,116.4073982,119.98,0.0,13.0,50.919988
NTUN,50959988,535.8212280273438,0.0,0.0,7.33,0.0,0.0,-13.978214263916016,39.9053828,116.4073982,119.98,0.0,13.0,50.959988
NTUN,50999988,535.8212280273438,0.0,0.0,7.34,0.0,0.0,-13.978214263916016,39.9053828,116.4073982,119.98,0.0,13.0,50.999988
NTUN,51039988,537.2125854492188,0.0,0.0,7.36,0.0,0.0,-13.979451179504395,39.9053828,116.4073982,119.98,0.0,13.0,51.039988
NTUN,51079988,537.2125854492188,0.0,0.0,7.37,0.0,0.0,-13.979451179504395,39.9053828,116.4073982,119.98,0.0,13.0,51.079988
NTUN,51119988,537.2125854492188,0.0,0.0,7.38,0.0,0.0,-13.979451179504395,39.9053828,116.4073982,119.98,0.0,13.0,51.119988
NTUN,51159988,538.5990600585938,0.0,0.0,7.4,0.0,0.0,-13.982839584350586,39.9053828,116.4073982,119.98,0.0,13.0,51.159988
NTUN,51199988,538.5990600585938,0.0,0.0,7.41,0.0,0.0,-13.982839584350586,39.9053828,116.4073982,119.98,0.0,13.0,51.199988
NTUN,51239988,539.9856567382812,0.0,0.0,7.43,0.0,0.0,-13.984622955322266,39.9053828,116.4073982,119.98,0.0,13.0,51.239988
NTUN,51279988,539.9856567382812,0.0,0.0,7.44,0.0,0.0,-13.984622955322266,39.9053828,116.4073982,119.98,0.0,13.0,51.279988
NTUN,51319988,539.9856567382812,0.0,0.0,7.45,0.0,0.0,-13.984622955322266,39.9053828,116.4073982,119.98,0.0,13.0,51.319988
NTUN,51359988,541.372314453125,0.0,0.0,7.47,0.0,0.0,-13.984991073608398,39.9053828,116.4073982,119.98,0.0,13.0,51.359988
NTUN,51399988,541.372314453125,0.0,0.0,7.49,0.0,0.0,-13.984991073608398,39.9053828,116.4073982,119.98,0.0,13.0,51.399988
NTUN,51439988,542.7636108398438,0.0,0.0,7.5,0.0,0.0,-13.987201690673828,39.9053828,116.4073982,119.98,0.0,13.0,51.439988
NTUN,51479988,542.7636108398438,0.0,0.0,7.52,0.0,0.0,-13.987201690673828,39.9053828,116.4073982,119.98,0.0,13.0,51.479988
NTUN,51519988,542.7636108398438,0.0,0.0,7.53,0.0,0.0,-13.987201690673828,39.9053828,116.4073982,119.98,0.0,13.0,51.519988
NTUN,51559988,544.150146484375,0.0,0.0,7.55,0.0,0.0,-13.991924285888672,39.9053828,116.4073982,119.98,0.0,13.0,51.559988
NTUN,51599988,544.150146484375,0.0,0.0,7.56,0.0,0.0,-13.991924285888672,39.9053828,116.4073982,119.98,0.0,13.0,51.599988
NTUN,51639988,545.5367431640625,0.0,0.0,7.58,0.0,0.0,-13.99693775177002,39.9053828,116.4073982,119.98,0.0,13.0,51.639988
NTUN,51679988,545.5367431640625,0.0,0.0,7.59,0.0,0.0,-13.99693775177002,39.9053828,116.4073982,119.98,0.0,13.0,51.679988
NTUN,51719988,545.5367431640625,0.0,0.0,7.61,0.0,0.0,-13.99693775177002,39.9053828,116.4073982,119.98,0.0,13.0,51.719988
NTUN,51759988,546.9231567382812,0.0,0.0,7.63,0.0,0.0,-14.000651359558105,39.9053828,116.4073982,119.98,0.0,13.0,51.759988
NTUN,51799988,546.9231567382812,0.0,0.0,7.64,0.0,0.0,-14.000651359558105,39.9053828,116.4073982,119.98,0.0,13.0,51.799988
NTUN,51839988,548.3048095703125,0.0,0.0,7.66,0.0,0.0,-14.006336212158203,39.9053828,116.4073982,119.98,0.0,13.0,51.839988
NTUN,51879988,548.3048095703125,0.0,0.0,7.67,0.0,0.0,-14.006336212158203,39.9053828,116.4073982,119.98,0.0,13.0,51.879988
NTUN,51919988,548.3048095703125,0.0,0.0,7.69,0.0,0.0,-14.006336212158203,39.9053828,116.4073982,119.98,0.0,13.0,51.919988
NTUN,51959988,549.691162109375,0.0,0.0,7.71,0.0,0.0,-14.00963020324707,39.9053828,116.4073982,119.98,0.0,13.0,51.959988
NTUN,51999988,549.691162109375,0.0,0.0,7.72,0.0,0.0,-14.00963020324707,39.9053828,116.4073982,119.98,0.0,13.0,51.999988
NTUN,52039988,551.0728149414062,0.0,0.0,7.74,0.0,0.0,-14.017667770385742,39.9053828,116.4073982,119.98,0.0,13.0,52.039988
NTUN,52079988,551.0728149414062,0.0,0.0,7.76,0.0,0.0,-14.017667770385742,39.9053828,116.4073982,119.98,0.0,13.0,52.079988
NTUN,52119988,551.0728149414062,0.0,0.0,7.77,0.0,0.0,-14.017667770385742,39.9053828,116.4073982,119.98,0.0,13.0,52.119988
NTUN,52159988,552.4497680664062,0.0,0.0,7.79,0.0,0.0,-14.024710655212402,39.9053828,116.4073982,119.98,0.0,13.0,52.159988
NTUN,52199988,552.4497680664062,0.0,0.0,7.81,0.0,0.0,-14.024710655212402,39.9053828,116.4073982,119.98,0.0,13.0,52.199988
NTUN,52239988,553.822021484375,0.0,0.0,7.83,0.0,0.0,-14.03123664855957,39.9053828,116.4073982,119.98,0.0,13.0,52.239988
NTUN,52279988,553.822021484375,0.0,0.0,7.84,0.0,0.0,-14.03123664855957,39.9053828,116.4073982,119.98,0.0,13.0,52.279988
NTUN,52319988,553.822021484375,0.0,0.0,7.86,0.0,0.0,-14.03123664855957,39.9053828,116.4073982,119.98,0.0,13.0,52.319988
NTUN,52359988,555.1942749023438,0.0,0.0,7.88,0.0,0.0,-14.035107612609863,39.9053828,116.4073982,119.98,0.0,13.0,52.359988
NTUN,52399988,555.1942749023438,0.0,0.0,7.89,0.0,0.0,-14.035107612609863,39.9053828,116.4073982,119.98,0.0,13.0,52.399988
NTUN,52439988,556.566650390625,0.0,0.0,7.91,0.0,0.0,-14.040608406066895,39.9053828,116.4073982,119.98,0.0,13.0,52.439988
NTUN,52479988,556.566650390625,0.0,0.0,7.92,0.0,0.0,-14.040608406066895,39.9053828,116.4073982,119.98,0.0,13.0,52.479988
NTUN,52519988,556.566650390625,0.0,0.0,7.94,0.0,0.0,-14.040608406066895,39.9053828,116.4073982,119.98,0.0,13.0,52.519988
NTUN,52559988,557.9390258789062,0.0,0.0,7.96,0.0,0.0,-14.047334671020508,39.9053828,116.4073982,119.98,0.0,13.0,52.559988
NTUN,52599988,557.9390258789062,0.0,0.0,7.97,0.0,0.0,-14.047334671020508,39.9053828,116.4073982,119.98,0.0,13.0,52.599988
NTUN,52639988,559.3021850585938,0.0,0.0,7.99,0.0,0.0,-14.05051326751709,39.9053828,116.4073982,119.98,0.0,13.0,52.639988
NTUN,52679988,559.3021850585938,0.0,0.0,8.0,0.0,0.0,-14.05051326751709,39.9053828,116.4073982,119.98,0.0,13.0,52.679988
NTUN,52719988,559.3021850585938,0.0,0.0,8.02,0.0,0.0,-14.05051326751709,39.9053828,116.4073982,119.98,0.0,13.0,52.719988
NTUN,52759988,560.6748046875,0.0,0.0,8.04,0.0,0.0,-14.053237915039062,39.9053828,116.4073982,119.98,0.0,13.0,52.759988
NTUN,52799988,560.6748046875,0.0,0.0,8.05,0.0,0.0,-14.053237915039062,39.9053828,116.4073982,119.98,0.0,13.0,52.799988
NTUN,52839988,562.0382080078125,0.0,0.0,8.07,0.0,0.0,-14.057723045349121,39.9053828,116.4073982,119.98,0.0,13.0,52.839988
NTUN,52879988,562.0382080078125,0.0,0.0,8.08,0.0,0.0,-14.057723045349121,39.9053828,116.4073982,119.98,0.0,13.0,52.879988
NTUN,52919988,562.0382080078125,0.0,0.0,8.1,0.0,0.0,-14.057723045349121,39.9053828,116.4073982,119.98,0.0,13.0,52.919988
NTUN,52959988,563.4017333984375,0.0,0.0,8.11,0.0,0.0,-14.062557220458984,39.9053828,116.4073982,119.98,0.0,13.0,52.959988
NTUN,52999988,563.4017333984375,0.0,0.0,8.13,0.0,0.0,-14.062557220458984,39.9053828,116.4073982,119.98,0.0,13.0,52.999988
NTUN,53039988,564.7561645507812,0.0,0.0,8.14,0.0,0.0,-14.066315650939941,39.9053828,116.4073982,119.98,0.0,13.0,53.039988
NTUN,53079988,564.7561645507812,0.0,0.0,8.15,0.0,0.0,-14.066315650939941,39.9053828,116.4073982,119.98,0.0,13.0,53.079988
NTUN,53119988,564.7561645507812,0.0,0.0,8.17,0.0,0.0,-14.066315650939941,39.9053828,116.4073982,119.98,0.0,13.0,53.119988
NTUN,53159988,566.1200561523438,0.0,0.0,8.18,0.0,0.0,-14.071283340454102,39.9053828,116.4073982,119.98,0.0,13.0,53.159988
NTUN,53199988,566.1200561523438,0.0,0.0,8.19,0.0,0.0,-14.071283340454102,39.9053828,116.4073982,119.98,0.0,13.0,53.199988
NTUN,53239988,567.474853515625,0.0,0.0,8.2,0.0,0.0,-14.075112342834473,39.9053828,116.4073982,119.98,0.0,13.0,53.239988
NTUN,53279988,567.474853515625,0.0,0.0,8.21,0.0,0.0,-14.075112342834473,39.9053828,116.4073982,119.98,0.0,13.0,53.279988
NTUN,53319988,567.474853515625,0.0,0.0,8.22,0.0,0.0,-14.075112342834473,39.9053828,116.4073982,119.98,0.0,13.0,53.319988
NTUN,53359988,568.8345947265625,0.0,0.0,8.23,0.0,0.0,-14.074220657348633,39.9053828,116.4073982,119.98,0.0,13.0,53.359988
NTUN,53399988,568.8345947265625,0.0,0.0,8.25,0.0,0.0,-14.074220657348633,39.9053828,116.4073982,119.98,0.0,13.0,53.399988
NTUN,53439988,570.1852416992188,0.0,0.0,8.26,0.0,0.0,-14.073619842529297,39.9053828,116.4073982,119.98,0.0,13.0,53.439988
NTUN,53479988,570.1852416992188,0.0,0.0,8.27,0.0,0.0,-14.073619842529297,39.9053828,116.4073982,119.98,0.0,13.0,53.479988
NTUN,53519988,570.1852416992188,0.0,0.0,8.28,0.0,0.0,-14.073619842529297,39.9053828,116.4073982,119.98,0.0,13.0,53.519988
NTUN,53559988,571.5361938476562,0.0,0.0,8.3,0.0,0.0,-14.076802253723145,39.9053828,116.4073982,119.98,0.0,13.0,53.559988
NTUN,53599988,571.5361938476562,0.0,0.0,8.31,0.0,0.0,-14.076802253723145,39.9053828,116.4073982,119.98,0.0,13.0,53.599988
NTUN,53639988,572.8827514648438,0.0,0.0,8.32,0.0,0.0,-14.076400756835938,39.9053828,116.4073982,119.98,0.0,13.0,53.639988
NTUN,53679988,572.8827514648438,0.0,0.0,8.33,0.0,0.0,-14.076400756835938,39.9053828,116.4073982,119.98,0.0,13.0,53.679988
NTUN,53719988,572.8827514648438,0.0,0.0,8.35,0.0,0.0,-14.076400756835938,39.9053828,116.4073982,119.98,0.0,13.0,53.719988
NTUN,53759988,574.2343139648438,0.0,0.0,8.36,0.0,0.0,-14.075029373168945,39.9053828,116.4073982,119.98,0.0,13.0,53.759988
NTUN,53799988,574.2343139648438,0.0,0.0,8.37,0.0,0.0,-14.075029373168945,39.9053828,116.4073982,119.98,0.0,13.0,53.799988
NTUN,53839988,575.5814208984375,0.0,0.0,8.38,0.0,0.0,-14.074261665344238,39.9053828,116.4073982,119.98,0.0,13.0,53.839988
NTUN,53879988,575.5814208984375,0.0,0.0,8.39,0.0,0.0,-14.074261665344238,39.9053828,116.4073982,119.98,0.0,13.0,53.879988
NTUN,53919988,575.5814208984375,0.0,0.0,8.41,0.0,0.0,-14.074261665344238,39.9053828,116.4073982,119.98,0.0,13.0,53.919988
NTUN,53959988,576.938232421875,0.0,0.0,8.42,0.0,0.0,-14.073933601379395,39.9053828,116.4073982,119.98,0.0,13.0,53.959988
NTUN,53999988,576.938232421875,0.0,0.0,8.43,0.0,0.0,-14.073933601379395,39.9053828,116.4073982,119.98,0.0,13.0,53.999988
NTUN,54039988,578.2813110351562,0.0,0.0,8.45,0.0,0.0,-14.072869300842285,39.9053828,116.4073982,119.98,0.0,13.0,54.039988
NTUN,54079988,578.2813110351562,0.0,0.0,8.46,0.0,0.0,-14.072869300842285,39.9053828,116.4073982,119.98,0.0,13.0,54.079988
NTUN,54119988,578.2813110351562,0.0,0.0,8.47,0.0,0.0,-14.072869300842285,39.9053828,116.4073982,119.98,0.0,13.0,54.119988
NTUN,54159988,579.6293334960938,0.0,0.0,8.49,0.0,0.0,-14.071051597595215,39.9053828,116.4073982,119.98,0.0,13.0,54.159988
NTUN,54199988,579.6293334960938,0.0,0.0,8.5,0.0,0.0,-14.071051597595215,39.9053828,116.4073982,119.98,0.0,13.0,54.199988
NTUN,54239988,580.9776611328125,0.0,0.0,8.51,0.0,0.0,-14.072406768798828,39.9053828,116.4073982,119.98,0.0,13.0,54.239988
NTUN,54279988,580.9776611328125,0.0,0.0,8.53,0.0,0.0,-14.072406768798828,39.9053828,116.4073982,119.98,0.0,13.0,54.279988
NTUN,54319988,580.9776611328125,0.0,0.0,8.54,0.0,0.0,-14.072406768798828,39.9053828,116.4073982,119.98,0.0,13.0,54.319988
NTUN,54359988,582.3309326171875,0.0,0.0,8.55,0.0,0.0,-14.072626113891602,39.9053828,116.4073982,119.98,0.0,13.0,54.359988
NTUN,54399988,582.3309326171875,0.0,0.0,8.57,0.0,0.0,-14.072626113891602,39.9053828,116.4073982,119.98,0.0,13.0,54.399988
NTUN,54439988,583.6844482421875,0.0,0.0,8.58,0.0,0.0,-14.07296085357666,39.9053828,116.4073982,119.98,0.0,13.0,54.439988
NTUN,54479988,583.6844482421875,0.0,0.0,8.59,0.0,0.0,-14.07296085357666,39.9053828,116.4073982,119.98,0.0,13.0,54.479988
NTUN,54519988,583.6844482421875,0.0,0.0,8.61,0.0,0.0,-14.07296085357666,39.9053828,116.4073982,119.98,0.0,13.0,54.519988
NTUN,54559988,585.0428466796875,0.0,0.0,8.62,0.0,0.0,-14.071730613708496,39.9053828,116.4073982,119.98,0.0,13.0,54.559988
NTUN,54599988,585.0428466796875,0.0,0.0,8.63,0.0,0.0,-14.071730613708496,39.9053828,116.4073982,119.98,0.0,13.0,54.599988
NTUN,54639988,586.3968505859375,0.0,0.0,8.65,0.0,0.0,-14.073801040649414,39.9053828,116.4073982,119.98,0.0,13.0,54.639988
NTUN,54679988,586.3968505859375,0.0,0.0,8.66,0.0,0.0,-14.073801040649414,39.9053828,116.4073982,119.98,0.0,13.0,54.679988
NTUN,54719988,586.3968505859375,0.0,0.0,8.68,0.0,0.0,-14.073801040649414,39.9053828,116.4073982,119.98,0.0,13.0,54.719988
NTUN,54759988,587.7603149414062,0.0,0.0,8.69,0.0,0.0,-14.074692726135254,39.9053828,116.4073982,119.98,0.0,13.0,54.759988
NTUN,54799988,587.7603149414062,0.0,0.0,8.7,0.0,0.0,-14.074692726135254,39.9053828,116.4073982,119.98,0.0,13.0,54.799988
NTUN,54839988,589.1286010742188,0.0,0.0,8.72,0.0,0.0,-14.077411651611328,39.9053828,116.4073982,119.98,0.0,13.0,54.839988
NTUN,54879988,589.1286010742188,0.0,0.0,8.73,0.0,0.0,-14.077411651611328,39.9053828,116.4073982,119.98,0.0,13.0,54.879988
NTUN,54919988,589.1286010742188,0.0,0.0,8.75,0.0,0.0,-14.077411651611328,39.9053828,116.4073982,119.98,0.0,13.0,54.919988
NTUN,54959988,590.492431640625,0.0,0.0,8.76,0.0,0.0,-14.080466270446777,39.9053828,116.4073982,119.98,0.0,13.0,54.959988
NTUN,54999988,590.492431640625,0.0,0.0,8.78,0.0,0.0,-14.080466270446777,39.9053828,116.4073982,119.98,0.0,13.0,54.999988
NTUN,55039988,591.8610229492188,0.0,0.0,8.79,0.0,0.0,-14.086790084838867,39.9053828,116.4073982,119.98,0.0,13.0,55.039988
NTUN,55079988,591.8610229492188,0.0,0.0,8.81,0.0,0.0,-14.086790084838867,39.9053828,116.4073982,119.98,0.0,13.0,55.079988
NTUN,55119988,591.8610229492188,0.0,0.0,8.82,0.0,0.0,-14.086790084838867,39.9053828,116.4073982,119.98,0.0,13.0,55.119988
NTUN,55159988,593.2343139648438,0.0,0.0,8.84,0.0,0.0,-14.093042373657227,39.9053828,116.4073982,119.98,0.0,13.0,55.159988
NTUN,55199988,593.2343139648438,0.0,0.0,8.85,0.0,0.0,-14.093042373657227,39.9053828,116.4073982,119.98,0.0,13.0,55.199988
NTUN,55239988,594.6171264648438,0.0,0.0,8.87,0.0,0.0,-14.099666595458984,39.9053828,116.4073982,119.98,0.0,13.0,55.239988
NTUN,55279988,594.6171264648438,0.0,0.0,8.88,0.0,0.0,-14.099666595458984,39.9053828,116.4073982,119.98,0.0,13.0,55.279988
NTUN,55319988,594.6171264648438,0.0,0.0,8.9,0.0,0.0,-14.099666595458984,39.9053828,116.4073982,119.98,0.0,13.0,55.319988
NTUN,55359988,595.9906005859375,0.0,0.0,8.91,0.0,0.0,-14.103292465209961,39.9053828,116.4073982,119.98,0.0,13.0,55.359988
NTUN,55399988,595.9906005859375,0.0,0.0,8.93,0.0,0.0,-14.103292465209961,39.9053828,116.4073982,119.98,0.0,13.0,55.399988
NTUN,55439988,597.3779907226562,0.0,0.0,8.94,0.0,0.0,-14.110932350158691,39.9053828,116.4073982,119.98,0.0,13.0,55.439988
NTUN,55479988,597.3779907226562,0.0,0.0,8.95,0.0,0.0,-14.110932350158691,39.9053828,116.4073982,119.98,0.0,13.0,55.479988
NTUN,55519988,597.3779907226562,0.0,0.0,8.97,0.0,0.0,-14.110932350158691,39.9053828,116.4073982,119.98,0.0,13.0,55.519988
NTUN,55559988,598.7655639648438,0.0,0.0,8.98,0.0,0.0,-14.115778923034668,39.9053828,116.4073982,119.98,0.0,13.0,55.559988
NTUN,55599988,598.7655639648438,0.0,0.0,9.0,0.0,0.0,-14.115778923034668,39.9053828,116.4073982,119.98,0.0,13.0,55.599988
NTUN,55639988,600.1484985351562,0.0,0.0,9.01,0.0,0.0,-14.120134353637695,39.9053828,116.4073982,119.98,0.0,13.0,55.639988
NTUN,55679988,600.1484985351562,0.0,0.0,9.02,0.0,0.0,-14.120134353637695,39.9053828,116.4073982,119.98,0.0,13.0,55.679988
NTUN,55719988,600.1484985351562,0.0,0.0,9.04,0.0,0.0,-14.120134353637695,39.9053828,116.4073982,119.98,0.0,13.0,55.719988
NTUN,55759988,601.54541015625,0.0,0.0,9.05,0.0,0.0,-14.12270736694336,39.9053828,116.4073982,119.98,0.0,13.0,55.759988
NTUN,55799988,601.54541015625,0.0,0.0,9.07,0.0,0.0,-14.12270736694336,39.9053828,116.4073982,119.98,0.0,13.0,55.799988
NTUN,55839988,602.9375610351562,0.0,0.0,9.08,0.0,0.0,-14.127084732055664,39.9053828,116.4073982,119.98,0.0,13.0,55.839988
NTUN,55879988,602.9375610351562,0.0,0.0,9.09,0.0,0.0,-14.127084732055664,39.9053828,116.4073982,119.98,0.0,13.0,55.879988
NTUN,55919988,602.9375610351562,0.0,0.0,9.11,0.0,0.0,-14.127084732055664,39.9053828,116.4073982,119.98,0.0,13.0,55.919988
NTUN,55959988,604.3344116210938,0.0,0.0,9.12,0.0,0.0,-14.131217956542969,39.9053828,116.4073982,119.98,0.0,13.0,55.959988
NTUN,55999988,604.3344116210938,0.0,0.0,9.14,0.0,0.0,-14.131217956542969,39.9053828,116.4073982,119.98,0.0,13.0,55.999988
NTUN,56039988,605.7313232421875,0.0,0.0,9.15,0.0,0.0,-14.133936882019043,39.9053828,116.4073982,119.98,0.0,13.0,56.039988
NTUN,56079988,605.7313232421875,0.0,0.0,9.16,0.0,0.0,-14.133936882019043,39.9053828,116.4073982,119.98,0.0,13.0,56.079988
NTUN,56119988,605.7313232421875,0.0,0.0,9.18,0.0,0.0,-14.133936882019043,39.9053828,116.4073982,119.98,0.0,13.0,56.119988
NTUN,56159988,607.1328125,0.0,0.0,9.19,0.0,0.0,-14.14023208618164,39.9053828,116.4073982,119.98,0.0,13.0,56.159988
NTUN,56199988,607.1328125,0.0,0.0,9.2,0.0,0.0,-14.14023208618164,39.9053828,116.4073982,119.98,0.0,13.0,56.199988
NTUN,56239988,608.5343627929688,0.0,0.0,9.22,0.0,0.0,-14.144193649291992,39.9053828,116.4073982,119.98,0.0,13.0,56.239988
NTUN,56279988,608.5343627929688,0.0,0.0,9.23,0.0,0.0,-14.144193649291992,39.9053828,116.4073982,119.98,0.0,13.0,56.279988
NTUN,56319988,608.5343627929688,0.0,0.0,9.24,0.0,0.0,-14.144193649291992,39.9053828,116.4073982,119.98,0.0,13.0,56.319988
NTUN,56359988,609.9404907226562,0.0,0.0,9.25,0.0,0.0,-14.145700454711914,39.9053828,116.4073982,119.98,0.0,13.0,56.359988
NTUN,56399988,609.9404907226562,0.0,0.0,9.26,0.0,0.0,-14.145700454711914,39.9053828,116.4073982,119.98,0.0,13.0,56.399988
NTUN,56439988,611.3374633789062,0.0,0.0,9.28,0.0,0.0,-14.149822235107422,39.9053828,116.4073982,119.98,0.0,13.0,56.439988
NTUN,56479988,611.3374633789062,0.0,0.0,9.29,0.0,0.0,-14.149822235107422,39.9053828,116.4073982,119.98,0.0,13.0,56.479988
NTUN,56519988,611.3374633789062,0.0,0.0,9.3,0.0,0.0,-14.149822235107422,39.9053828,116.4073982,119.98,0.0,13.0,56.519988
NTUN,56559988,612.7484741210938,0.0,0.0,9.31,0.0,0.0,-14.151850700378418,39.9053828,116.4073982,119.98,0.0,13.0,56.559988
NTUN,56599988,612.7484741210938,0.0,0.0,9.33,0.0,0.0,-14.151850700378418,39.9053828,116.4073982,119.98,0.0,13.0,56.599988
NTUN,56639988,614.1455688476562,0.0,0.0,9.34,0.0,0.0,-14.151124000549316,39.9053828,116.4073982,119.98,0.0,13.0,56.639988
NTUN,56679988,614.1455688476562,0.0,0.0,9.35,0.0,0.0,-14.151124000549316,39.9053828,116.4073982,119.98,0.0,13.0,56.679988
NTUN,56719988,614.1455688476562,0.0,0.0,9.37,0.0,0.0,-14.151124000549316,39.9053828,116.4073982,119.98,0.0,13.0,56.719988
NTUN,56759988,615.5567626953125,0.0,0.0,9.38,0.0,0.0,-14.152582168579102,39.9053828,116.4073982,119.98,0.0,13.0,56.759988
NTUN,56799988,615.5567626953125,0.0,0.0,9.39,0.0,0.0,-14.152582168579102,39.9053828,116.4073982,119.98,0.0,13.0,56.799988
NTUN,56839988,616.958740234375,0.0,0.0,9.41,0.0,0.0,-14.15188980102539,39.9053828,116.4073982,119.98,0.0,13.0,56.839988
NTUN,56879988,616.958740234375,0.0,0.0,9.42,0.0,0.0,-14.15188980102539,39.9053828,116.4073982,119.98,0.0,13.0,56.879988
NTUN,56919988,616.958740234375,0.0,0.0,9.44,0.0,0.0,-14.15188980102539,39.9053828,116.4073982,119.98,0.0,13.0,56.919988
NTUN,56959988,618.3700561523438,0.0,0.0,9.45,0.0,0.0,-14.151758193969727,39.9053828,116.4073982,119.98,0.0,13.0,56.959988
NTUN,56999988,618.3700561523438,0.0,0.0,9.46,0.0,0.0,-14.151758193969727,39.9053828,116.4073982,119.98,0.0,13.0,56.999988
NTUN,57039988,619.7721557617188,0.0,0.0,9.48,0.0,0.0,-14.154289245605469,39.9053828,116.4073982,119.98,0.0,13.0,57.039988
NTUN,57079988,619.7721557617188,0.0,0.0,9.49,0.0,0.0,-14.154289245605469,39.9053828,116.4073982,119.98,0.0,13.0,57.079988
NTUN,57119988,619.7721557617188,0.0,0.0,9.51,0.0,0.0,-14.154289245605469,39.9053828,116.4073982,119.98,0.0,13.0,57.119988
NTUN,57159988,621.1743774414062,0.0,0.0,9.52,0.0,0.0,-14.156702041625977,39.9053828,116.4073982,119.98,0.0,13.0,57.159988
NTUN,57199988,621.1743774414062,0.0,0.0,9.54,0.0,0.0,-14.156702041625977,39.9053828,116.4073982,119.98,0.0,13.0,57.199988
NTUN,57239988,622.5722045898438,0.0,0.0,9.55,0.0,0.0,-14.155926704406738,39.9053828,116.4073982,119.98,0.0,13.0,57.239988
NTUN,57279988,622.5722045898438,0.0,0.0,9.57,0.0,0.0,-14.155926704406738,39.9053828,116.4073982,119.98,0.0,13.0,57.279988
NTUN,57319988,622.5722045898438,0.0,0.0,9.59,0.0,0.0,-14.155926704406738,39.9053828,116.4073982,119.98,0.0,13.0,57.319988
NTUN,57359988,623.974853515625,0.0,0.0,9.6,0.0,0.0,-14.157892227172852,39.9053828,116.4073982,119.98,0.0,13.0,57.359988
NTUN,57399988,623.974853515625,0.0,0.0,9.62,0.0,0.0,-14.157892227172852,39.9053828,116.4073982,119.98,0.0,13.0,57.399988
NTUN,57439988,625.3731689453125,0.0,0.0,9.64,0.0,0.0,-14.161770820617676,39.9053828,116.4073982,119.98,0.0,13.0,57.439988
NTUN,57479988,625.3731689453125,0.0,0.0,9.65,0.0,0.0,-14.161770820617676,39.9053828,116.4073982,119.98,0.0,13.0,57.479988
NTUN,57519988,625.3731689453125,0.0,0.0,9.67,0.0,0.0,-14.161770820617676,39.9053828,116.4073982,119.98,0.0,13.0,57.519988
NTUN,57559988,626.7763671875,0.0,0.0,9.69,0.0,0.0,-14.166097640991211,39.9053828,116.4073982,119.98,0.0,13.0,57.559988
NTUN,57599988,626.7763671875,0.0,0.0,9.71,0.0,0.0,-14.166097640991211,39.9053828,116.4073982,119.98,0.0,13.0,57.599988
NTUN,57639988,628.1752319335938,0.0,0.0,9.73,0.0,0.0,-14.17218017578125,39.9053828,116.4073982,119.98,0.0,13.0,57.639988
NTUN,57679988,628.1752319335938,0.0,0.0,9.74,0.0,0.0,-14.17218017578125,39.9053828,116.4073982,119.98,0.0,13.0,57.679988
NTUN,57719988,628.1752319335938,0.0,0.0,9.76,0.0,0.0,-14.17218017578125,39.9053828,116.4073982,119.98,0.0,13.0,57.719988
NTUN,57759988,629.5697631835938,0.0,0.0,9.78,0.0,0.0,-14.177299499511719,39.9053828,116.4073982,119.98,0.0,13.0,57.759988
NTUN,57799988,629.5697631835938,0.0,0.0,9.8,0.0,0.0,-14.177299499511719,39.9053828,116.4073982,119.98,0.0,13.0,57.799988
NTUN,57839988,630.9691772460938,0.0,0.0,9.81,0.0,0.0,-14.184396743774414,39.9053828,116.4073982,119.98,0.0,13.0,57.839988
NTUN,57879988,630.9691772460938,0.0,0.0,9.83,0.0,0.0,-14.184396743774414,39.9053828,116.4073982,119.98,0.0,13.0,57.879988
NTUN,57919988,630.9691772460938,0.0,0.0,9.85,0.0,0.0,-14.184396743774414,39.9053828,116.4073982,119.98,0.0,13.0,57.919988
NTUN,57959988,632.369140625,0.0,0.0,9.86,0.0,0.0,-14.188777923583984,39.9053828,116.4073982,119.98,0.0,13.0,57.959988
NTUN,57999988,632.369140625,0.0,0.0,9.88,0.0,0.0,-14.188777923583984,39.9053828,116.4073982,119.98,0.0,13.0,57.999988
NTUN,58039988,633.760009765625,0.0,0.0,9.89,0.0,0.0,-14.193848609924316,39.9053828,116.4073982,119.98,0.0,13.0,58.039988
NTUN,58079988,633.760009765625,0.0,0.0,9.91,0.0,0.0,-14.193848609924316,39.9053828,116.4073982,119.98,0.0,13.0,58.079988
NTUN,58119988,633.760009765625,0.0,0.0,9.92,0.0,0.0,-14.193848609924316,39.9053828,116.4073982,119.98,0.0,13.0,58.119988
NTUN,58159988,635.1466674804688,0.0,0.0,9.94,0.0,0.0,-14.199478149414062,39.9053828,116.4073982,119.98,0.0,13.0,58.159988
NTUN,58199988,635.1466674804688,0.0,0.0,9.95,0.0,0.0,-14.199478149414062,39.9053828,116.4073982,119.98,0.0,13.0,58.199988
NTUN,58239988,636.5338745117188,0.0,0.0,9.96,0.0,0.0,-14.201727867126465,39.9053828,116.4073982,119.98,0.0,13.0,58.239988
NTUN,58279988,636.5338745117188,0.0,0.0,9.98,0.0,0.0,-14.201727867126465,39.9053828,116.4073982,119.98,0.0,13.0,58.279988
NTUN,58319988,636.5338745117188,0.0,0.0,9.99,0.0,0.0,-14.201727867126465,39.9053828,116.4073982,119.98,0.0,13.0,58.319988
NTUN,58359988,637.9120483398438,0.0,0.0,10.01,0.0,0.0,-14.205970764160156,39.9053828,116.4073982,119.98,0.0,13.0,58.359988
NTUN,58399988,637.9120483398438,0.0,0.0,10.02,0.0,0.0,-14.205970764160156,39.9053828,116.4073982,119.98,0.0,13.0,58.399988
NTUN,58439988,639.2952270507812,0.0,0.0,10.03,0.0,0.0,-14.209632873535156,39.9053828,116.4073982,119.98,0.0,13.0,58.439988
NTUN,58479988,639.2952270507812,0.0,0.0,10.05,0.0,0.0,-14.209632873535156,39.9053828,116.4073982,119.98,0.0,13.0,58.479988
NTUN,58519988,639.2952270507812,0.0,0.0,10.06,0.0,0.0,-14.209632873535156,39.9053828,116.4073982,119.98,0.0,13.0,58.519988
NTUN,58559988,640.6790771484375,0.0,0.0,10.08,0.0,0.0,-14.211926460266113,39.9053828,116.4073982,119.98,0.0,13.0,58.559988
NTUN,58599988,640.6790771484375,0.0,0.0,10.09,0.0,0.0,-14.211926460266113,39.9053828,116.4073982,119.98,0.0,13.0,58.599988
NTUN,58639988,642.0538940429688,0.0,0.0,10.11,0.0,0.0,-14.215782165527344,39.9053828,116.4073982,119.98,0.0,13.0,58.639988
NTUN,58679988,642.0538940429688,0.0,0.0,10.12,0.0,0.0,-14.215782165527344,39.9053828,116.4073982,119.98,0.0,13.0,58.679988
NTUN,58719988,642.0538940429688,0.0,0.0,10.14,0.0,0.0,-14.215782165527344,39.9053828,116.4073982,119.98,0.0,13.0,58.719988
NTUN,58759988,643.4246215820312,0.0,0.0,10.15,0.0,0.0,-14.220375061035156,39.9053828,116.4073982,119.98,0.0,13.0,58.759988
NTUN,58799988,643.4246215820312,0.0,0.0,10.17,0.0,0.0,-14.220375061035156,39.9053828,116.4073982,119.98,0.0,13.0,58.799988
NTUN,58839988,644.8003540039062,0.0,0.0,10.19,0.0,0.0,-14.224349021911621,39.9053828,116.4073982,119.98,0.0,13.0,58.839988
NTUN,58879988,644.8003540039062,0.0,0.0,10.2,0.0,0.0,-14.224349021911621,39.9053828,116.4073982,119.98,0.0,13.0,58.879988
NTUN,58919988,644.8003540039062,0.0,0.0,10.22,0.0,0.0,-14.224349021911621,39.9053828,116.4073982,119.98,0.0,13.0,58.919988
NTUN,58959988,646.162841796875,0.0,0.0,10.23,0.0,0.0,-14.226690292358398,39.9053828,116.4073982,119.98,0.0,13.0,58.959988
NTUN,58999988,646.162841796875,0.0,0.0,10.24,0.0,0.0,-14.226690292358398,39.9053828,116.4073982,119.98,0.0,13.0,58.999988
NTUN,59039988,647.5304565429688,0.0,0.0,10.26,0.0,0.0,-14.232848167419434,39.9053828,116.4073982,119.98,0.0,13.0,59.039988
NTUN,59079988,647.5304565429688,0.0,0.0,10.27,0.0,0.0,-14.232848167419434,39.9053828,116.4073982,119.98,0.0,13.0,59.079988
NTUN,59119988,647.5304565429688,0.0,0.0,10.29,0.0,0.0,-14.232848167419434,39.9053828,116.4073982,119.98,0.0,13.0,59.119988
NTUN,59159988,648.8934936523438,0.0,0.0,10.3,0.0,0.0,-14.236650466918945,39.9053828,116.4073982,119.98,0.0,13.0,59.159988
NTUN,59199988,648.8934936523438,0.0,0.0,10.31,0.0,0.0,-14.236650466918945,39.9053828,116.4073982,119.98,0.0,13.0,59.199988
NTUN,59239988,650.2572631835938,0.0,0.0,10.32,0.0,0.0,-14.241654396057129,39.9053828,116.4073982,119.98,0.0,13.0,59.239988
NTUN,59279988,650.2572631835938,0.0,0.0,10.34,0.0,0.0,-14.241654396057129,39.9053828,116.4073982,119.98,0.0,13.0,59.279988
NTUN,59319988,650.2572631835938,0.0,0.0,10.35,0.0,0.0,-14.241654396057129,39.9053828,116.4073982,119.98,0.0,13.0,59.319988
NTUN,59359988,651.6165161132812,0.0,0.0,10.36,0.0,0.0,-14.244070053100586,39.9053828,116.4073982,119.98,0.0,13.0,59.359988
NTUN,59399988,651.6165161132812,0.0,0.0,10.38,0.0,0.0,-14.244070053100586,39.9053828,116.4073982,119.98,0.0,13.0,59.399988
NTUN,59439988,652.9808959960938,0.0,0.0,10.39,0.0,0.0,-14.247437477111816,39.9053828,116.4073982,119.98,0.0,13.0,59.439988
NTUN,59479988,652.9808959960938,0.0,0.0,10.41,0.0,0.0,-14.247437477111816,39.9053828,116.4073982,119.98,0.0,13.0,59.479988
NTUN,59519988,652.9808959960938,0.0,0.0,10.42,0.0,0.0,-14.247437477111816,39.9053828,116.4073982,119.98,0.0,13.0,59.519988
NTUN,59559988,654.3455200195312,0.0,0.0,10.43,0.0,0.0,-14.24838638305664,39.9053828,116.4073982,119.98,0.0,13.0,59.559988
NTUN,59599988,654.3455200195312,0.0,0.0,10.45,0.0,0.0,-14.24838638305664,39.9053828,116.4073982,119.98,0.0,13.0,59.599988
NTUN,59639988,655.6964111328125,0.0,0.0,10.46,0.0,0.0,-14.248330116271973,39.9053828,116.4073982,119.98,0.0,13.0,59.639988
NTUN,59679988,655.6964111328125,0.0,0.0,10.48,0.0,0.0,-14.248330116271973,39.9053828,116.4073982,119.98,0.0,13.0,59.679988
NTUN,59719988,655.6964111328125,0.0,0.0,10.49,0.0,0.0,-14.248330116271973,39.9053828,116.4073982,119.98,0.0,13.0,59.719988
NTUN,59759988,657.0616455078125,0.0,0.0,10.51,0.0,0.0,-14.249545097351074,39.9053828,116.4073982,119.98,0.0,13.0,59.759988
NTUN,59799988,657.0616455078125,0.0,0.0,10.52,0.0,0.0,-14.249545097351074,39.9053828,116.4073982,119.98,0.0,13.0,59.799988
NTUN,59839988,658.4270629882812,0.0,0.0,10.53,0.0,0.0,-14.250537872314453,39.9053828,116.4073982,119.98,0.0,13.0,59.839988
NTUN,59879988,658.4270629882812,0.0,0.0,10.55,0.0,0.0,-14.250537872314453,39.9053828,116.4073982,119.98,0.0,13.0,59.879988
NTUN,59919988,658.4270629882812,0.0,0.0,10.56,0.0,0.0,-14.250537872314453,39.9053828,116.4073982,119.98,0.0,13.0,59.919988
NTUN,59959988,659.7879638671875,0.0,0.0,10.58,0.0,0.0,-14.24878978729248,39.9053828,116.4073982,119.98,0.0,13.0,59.959988
NTUN,59999988,659.7879638671875,0.0,0.0,10.59,0.0,0.0,-14.24878978729248,39.9053828,116.4073982,119.98,0.0,13.0,59.999988
NTUN,60039988,661.1539306640625,0.0,0.0,10.61,0.0,0.0,-14.246993064880371,39.9053828,116.4073982,119.98,0.0,13.0,60.039988
NTUN,60079988,661.1539306640625,0.0,0.0,10.62,0.0,0.0,-14.246993064880371,39.9053828,116.4073982,119.98,0.0,13.0,60.079988
NTUN,60119988,661.1539306640625,0.0,0.0,10.64,0.0,0.0,-14.246993064880371,39.9053828,116.4073982,119.98,0.0,13.0,60.119988
NTUN,60159988,662.5244750976562,0.0,0.0,10.65,0.0,0.0,-14.24547004699707,39.9053828,116.4073982,119.98,0.0,13.0,60.159988
NTUN,60199988,662.5244750976562,0.0,0.0,10.67,0.0,0.0,-14.24547004699707,39.9053828,116.4073982,119.98,0.0,13.0,60.199988
NTUN,60239988,663.895263671875,0.0,0.0,10.68,0.0,0.0,-14.247979164123535,39.9053828,116.4073982,119.98,0.0,13.0,60.239988
NTUN,60279988,663.895263671875,0.0,0.0,10.7,0.0,0.0,-14.247979164123535,39.9053828,116.4073982,119.98,0.0,13.0,60.279988
NTUN,60319988,663.895263671875,0.0,0.0,10.72,0.0,0.0,-14.247979164123535,39.9053828,116.4073982,119.98,0.0,13.0,60.319988
NTUN,60359988,665.2613525390625,0.0,0.0,10.73,0.0,0.0,-14.247187614440918,39.9053828,116.4073982,119.98,0.0,13.0,60.359988
NTUN,60399988,665.2613525390625,0.0,0.0,10.75,0.0,0.0,-14.247187614440918,39.9053828,116.4073982,119.98,0.0,13.0,60.399988
NTUN,60439988,666.6459350585938,0.0,0.0,10.77,0.0,0.0,-14.2489652633667,39.9053828,116.4073982,119.98,0.0,13.0,60.439988
NTUN,60479988,666.6459350585938,0.0,0.0,10.79,0.0,0.0,-14.2489652633667,39.9053828,116.4073982,119.98,0.0,13.0,60.479988
NTUN,60519988,666.6459350585938,0.0,0.0,10.8,0.0,0.0,-14.2489652633667,39.9053828,116.4073982,119.98,0.0,13.0,60.519988
NTUN,60559988,668.0208740234375,0.0,0.0,10.82,0.0,0.0,-14.253378868103027,39.9053828,116.4073982,119.98,0.0,13.0,60.559988
NTUN,60599988,668.0208740234375,0.0,0.0,10.84,0.0,0.0,-14.253378868103027,39.9053828,116.4073982,119.98,0.0,13.0,60.599988
NTUN,60639988,669.4052124023438,0.0,0.0,10.85,0.0,0.0,-14.255837440490723,39.9053828,116.4073982,119.98,0.0,13.0,60.639988
NTUN,60679988,669.4052124023438,0.0,0.0,10.87,0.0,0.0,-14.255837440490723,39.9053828,116.4073982,119.98,0.0,13.0,60.679988
NTUN,60719988,669.4052124023438,0.0,0.0,10.88,0.0,0.0,-14.255837440490723,39.9053828,116.4073982,119.98,0.0,13.0,60.719988
NTUN,60759988,670.7847900390625,0.0,0.0,10.9,0.0,0.0,-14.26065731048584,39.9053828,116.4073982,119.98,0.0,13.0,60.759988
NTUN,60799988,670.7847900390625,0.0,0.0,10.92,0.0,0.0,-14.26065731048584,39.9053828,116.4073982,119.98,0.0,13.0,60.799988
NTUN,60839988,672.1827392578125,0.0,0.0,10.93,0.0,0.0,-14.264798164367676,39.9053828,116.4073982,119.98,0.0,13.0,60.839988
NTUN,60879988,672.1827392578125,0.0,0.0,10.95,0.0,0.0,-14.264798164367676,39.9053828,116.4073982,119.98,0.0,13.0,60.879988
NTUN,60919988,672.1827392578125,0.0,0.0,10.97,0.0,0.0,-14.264798164367676,39.9053828,116.4073982,119.98,0.0,13.0,60.919988
NTUN,60959988,673.571044921875,0.0,0.0,10.98,0.0,0.0,-14.268831253051758,39.9053828,116.4073982,119.98,0.0,13.0,60.959988
NTUN,60999988,673.571044921875,0.0,0.0,11.0,0.0,0.0,-14.268831253051758,39.9053828,116.4073982,119.98,0.0,13.0,60.999988
NTUN,61039988,674.9727783203125,0.0,0.0,11.02,0.0,0.0,-14.27413272857666,39.9053828,116.4073982,119.98,0.0,13.0,61.039988
NTUN,61079988,674.9727783203125,0.0,0.0,11.03,0.0,0.0,-14.27413272857666,39.9053828,116.4073982,119.98,0.0,13.0,61.079988
NTUN,61119988,674.9727783203125,0.0,0.0,11.05,0.0,0.0,-14.27413272857666,39.9053828,116.4073982,119.98,0.0,13.0,61.119988
NTUN,61159988,676.3746337890625,0.0,0.0,11.07,0.0,0.0,-14.27975845336914,39.9053828,116.4073982,119.98,0.0,13.0,61.159988
NTUN,61199988,676.3746337890625,0.0,0.0,11.08,0.0,0.0,-14.27975845336914,39.9053828,116.4073982,119.98,0.0,13.0,61.199988
NTUN,61239988,677.77587890625,0.0,0.0,11.1,0.0,0.0,-14.286433219909668,39.9053828,116.4073982,119.98,0.0,13.0,61.239988
NTUN,61279988,677.77587890625,0.0,0.0,11.12,0.0,0.0,-14.286433219909668,39.9053828,116.4073982,119.98,0.0,13.0,61.279988
NTUN,61319988,677.77587890625,0.0,0.0,11.13,0.0,0.0,-14.286433219909668,39.9053828,116.4073982,119.98,0.0,13.0,61.319988
NTUN,61359988,679.17724609375,0.0,0.0,11.15,0.0,0.0,-14.290675163269043,39.9053828,116.4073982,119.98,0.0,13.0,61.359988
NTUN,61399988,679.17724609375,0.0,0.0,11.17,0.0,0.0,-14.290675163269043,39.9053828,116.4073982,119.98,0.0,13.0,61.399988
NTUN,61439988,680.5828247070312,0.0,0.0,11.19,0.0,0.0,-14.294379234313965,39.9053828,116.4073982,119.98,0.0,13.0,61.439988
NTUN,61479988,680.5828247070312,0.0,0.0,11.2,0.0,0.0,-14.294379234313965,39.9053828,116.4073982,119.98,0.0,13.0,61.479988
NTUN,61519988,680.5828247070312,0.0,0.0,11.22,0.0,0.0,-14.294379234313965,39.9053828,116.4073982,119.98,0.0,13.0,61.519988
NTUN,61559988,681.9927368164062,0.0,0.0,11.24,0.0,0.0,-14.297797203063965,39.9053828,116.4073982,119.98,0.0,13.0,61.559988
NTUN,61599988,681.9927368164062,0.0,0.0,11.26,0.0,0.0,-14.297797203063965,39.9053828,116.4073982,119.98,0.0,13.0,61.599988
NTUN,61639988,683.4118041992188,0.0,0.0,11.27,0.0,0.0,-14.303475379943848,39.9053828,116.4073982,119.98,0.0,13.0,61.639988
NTUN,61679988,683.4118041992188,0.0,0.0,11.29,0.0,0.0,-14.303475379943848,39.9053828,116.4073982,119.98,0.0,13.0,61.679988
NTUN,61719988,683.4118041992188,0.0,0.0,11.3,0.0,0.0,-14.303475379943848,39.9053828,116.4073982,119.98,0.0,13.0,61.719988
NTUN,61759988,684.8209838867188,0.0,0.0,11.32,0.0,0.0,-14.308083534240723,39.9053828,116.4073982,119.98,0.0,13.0,61.759988
NTUN,61799988,684.8209838867188,0.0,0.0,11.34,0.0,0.0,-14.308083534240723,39.9053828,116.4073982,119.98,0.0,13.0,61.799988
NTUN,61839988,686.2394409179688,0.0,0.0,11.35,0.0,0.0,-14.313697814941406,39.9053828,116.4073982,119.98,0.0,13.0,61.839988
NTUN,61879988,686.2394409179688,0.0,0.0,11.37,0.0,0.0,-14.313697814941406,39.9053828,116.4073982,119.98,0.0,13.0,61.879988
NTUN,61919988,686.2394409179688,0.0,0.0,11.38,0.0,0.0,-14.313697814941406,39.9053828,116.4073982,119.98,0.0,13.0,61.919988
NTUN,61959988,687.6529541015625,0.0,0.0,11.4,0.0,0.0,-14.314949035644531,39.9053828,116.4073982,119.98,0.0,13.0,61.959988
NTUN,61999988,687.6529541015625,0.0,0.0,11.41,0.0,0.0,-14.314949035644531,39.9053828,116.4073982,119.98,0.0,13.0,61.999988
NTUN,62039988,689.0706787109375,0.0,0.0,11.43,0.0,0.0,-14.318279266357422,39.9053828,116.4073982,119.98,0.0,13.0,62.039988
NTUN,62079988,689.0706787109375,0.0,0.0,11.44,0.0,0.0,-14.318279266357422,39.9053828,116.4073982,119.98,0.0,13.0,62.079988
NTUN,62119988,689.0706787109375,0.0,0.0,11.45,0.0,0.0,-14.318279266357422,39.9053828,116.4073982,119.98,0.0,13.0,62.119988
NTUN,62159988,690.4884643554688,0.0,0.0,11.47,0.0,0.0,-14.322118759155273,39.9053828,116.4073982,119.98,0.0,13.0,62.159988
NTUN,62199988,690.4884643554688,0.0,0.0,11.48,0.0,0.0,-14.322118759155273,39.9053828,116.4073982,119.98,0.0,13.0,62.199988
NTUN,62239988,691.9022216796875,0.0,0.0,11.5,0.0,0.0,-14.322476387023926,39.9053828,116.4073982,119.98,0.0,13.0,62.239988
NTUN,62279988,691.9022216796875,0.0,0.0,11.51,0.0,0.0,-14.322476387023926,39.9053828,116.4073982,119.98,0.0,13.0,62.279988
NTUN,62319988,691.9022216796875,0.0,0.0,11.52,0.0,0.0,-14.322476387023926,39.9053828,116.4073982,119.98,0.0,13.0,62.319988
NTUN,62359988,693.3201293945312,0.0,0.0,11.54,0.0,0.0,-14.325618743896484,39.9053828,116.4073982,119.98,0.0,13.0,62.359988
NTUN,62399988,693.3201293945312,0.0,0.0,11.55,0.0,0.0,-14.325618743896484,39.9053828,116.4073982,119.98,0.0,13.0,62.399988
NTUN,62439988,694.7471313476562,0.0,0.0,11.57,0.0,0.0,-14.325864791870117,39.9053828,116.4073982,119.98,0.0,13.0,62.439988
NTUN,62479988,694.7471313476562,0.0,0.0,11.58,0.0,0.0,-14.325864791870117,39.9053828,116.4073982,119.98,0.0,13.0,62.479988
NTUN,62519988,694.7471313476562,0.0,0.0,11.6,0.0,0.0,-14.325864791870117,39.9053828,116.4073982,119.98,0.0,13.0,62.519988
NTUN,62559988,696.1651611328125,0.0,0.0,11.61,0.0,0.0,-14.32602596282959,39.9053828,116.4073982,119.98,0.0,13.0,62.559988
NTUN,62599988,696.1651611328125,0.0,0.0,11.62,0.0,0.0,-14.32602596282959,39.9053828,116.4073982,119.98,0.0,13.0,62.599988
NTUN,62639988,697.5882568359375,0.0,0.0,11.64,0.0,0.0,-14.325553894042969,39.9053828,116.4073982,119.98,0.0,13.0,62.639988
NTUN,62679988,697.5882568359375,0.0,0.0,11.65,0.0,0.0,-14.325553894042969,39.9053828,116.4073982,119.98,0.0,13.0,62.679988
NTUN,62719988,697.5882568359375,0.0,0.0,11.67,0.0,0.0,-14.325553894042969,39.9053828,116.4073982,119.98,0.0,13.0,62.719988
NTUN,62759988,699.0064086914062,0.0,0.0,11.69,0.0,0.0,-14.323506355285645,39.9053828,116.4073982,119.98,0.0,13.0,62.759988
NTUN,62799988,699.0064086914062,0.0,0.0,11.7,0.0,0.0,-14.323506355285645,39.9053828,116.4073982,119.98,0.0,13.0,62.799988
NTUN,62839988,700.4205322265625,0.0,0.0,11.72,0.0,0.0,-14.324930191040039,39.9053828,116.4073982,119.98,0.0,13.0,62.839988
NTUN,62879988,700.4205322265625,0.0,0.0,11.73,0.0,0.0,-14.324930191040039,39.9053828,116.4073982,119.98,0.0,13.0,62.879988
NTUN,62919988,700.4205322265625,0.0,0.0,11.75,0.0,0.0,-14.324930191040039,39.9053828,116.4073982,119.98,0.0,13.0,62.919988
NTUN,62959988,701.8396606445312,0.0,0.0,11.77,0.0,0.0,-14.323812484741211,39.9053828,116.4073982,119.98,0.0,13.0,62.959988
NTUN,62999988,701.8396606445312,0.0,0.0,11.78,0.0,0.0,-14.323812484741211,39.9053828,116.4073982,119.98,0.0,13.0,62.999988
NTUN,63039988,703.2589111328125,0.0,0.0,11.8,0.0,0.0,-14.325292587280273,39.9053828,116.4073982,119.98,0.0,13.0,63.039988
NTUN,63079988,703.2589111328125,0.0,0.0,11.82,0.0,0.0,-14.325292587280273,39.9053828,116.4073982,119.98,0.0,13.0,63.079988
NTUN,63119988,703.2589111328125,0.0,0.0,11.83,0.0,0.0,-14.325292587280273,39.9053828,116.4073982,119.98,0.0,13.0,63.119988
NTUN,63159988,704.6741333007812,0.0,0.0,11.85,0.0,0.0,-14.328683853149414,39.9053828,116.4073982,119.98,0.0,13.0,63.159988
NTUN,63199988,704.6741333007812,0.0,0.0,11.87,0.0,0.0,-14.328683853149414,39.9053828,116.4073982,119.98,0.0,13.0,63.199988
NTUN,63239988,706.0944213867188,0.0,0.0,11.88,0.0,0.0,-14.332719802856445,39.9053828,116.4073982,119.98,0.0,13.0,63.239988
NTUN,63279988,706.0944213867188,0.0,0.0,11.9,0.0,0.0,-14.332719802856445,39.9053828,116.4073982,119.98,0.0,13.0,63.279988
NTUN,63319988,706.0944213867188,0.0,0.0,11.92,0.0,0.0,-14.332719802856445,39.9053828,116.4073982,119.98,0.0,13.0,63.319988
NTUN,63359988,707.5106811523438,0.0,0.0,11.94,0.0,0.0,-14.336383819580078,39.9053828,116.4073982,119.98,0.0,13.0,63.359988
NTUN,63399988,707.5106811523438,0.0,0.0,11.95,0.0,0.0,-14.336383819580078,39.9053828,116.4073982,119.98,0.0,13.0,63.399988
NTUN,63439988,708.9230346679688,0.0,0.0,11.97,0.0,0.0,-14.339691162109375,39.9053828,116.4073982,119.98,0.0,13.0,63.439988
NTUN,63479988,708.9230346679688,0.0,0.0,11.99,0.0,0.0,-14.339691162109375,39.9053828,116.4073982,119.98,0.0,13.0,63.479988
NTUN,63519988,708.9230346679688,0.0,0.0,12.0,0.0,0.0,-14.339691162109375,39.9053828,116.4073982,119.98,0.0,13.0,63.519988
NTUN,63559988,710.3314208984375,0.0,0.0,12.02,0.0,0.0,-14.342569351196289,39.9053828,116.4073982,119.98,0.0,13.0,63.559988
NTUN,63599988,710.3314208984375,0.0,0.0,12.04,0.0,0.0,-14.342569351196289,39.9053828,116.4073982,119.98,0.0,13.0,63.599988
NTUN,63639988,711.744873046875,0.0,0.0,12.06,0.0,0.0,-14.346892356872559,39.9053828,116.4073982,119.98,0.0,13.0,63.639988
NTUN,63679988,711.744873046875,0.0,0.0,12.07,0.0,0.0,-14.346892356872559,39.9053828,116.4073982,119.98,0.0,13.0,63.679988
NTUN,63719988,711.744873046875,0.0,0.0,12.09,0.0,0.0,-14.346892356872559,39.9053828,116.4073982,119.98,0.0,13.0,63.719988
NTUN,63759988,713.1544189453125,0.0,0.0,12.11,0.0,0.0,-14.35240364074707,39.9053828,116.4073982,119.98,0.0,13.0,63.759988
NTUN,63799988,713.1544189453125,0.0,0.0,12.12,0.0,0.0,-14.35240364074707,39.9053828,116.4073982,119.98,0.0,13.0,63.799988
NTUN,63839988,714.56005859375,0.0,0.0,12.14,0.0,0.0,-14.355213165283203,39.9053828,116.4073982,119.98,0.0,13.0,63.839988
NTUN,63879988,714.56005859375,0.0,0.0,12.16,0.0,0.0,-14.355213165283203,39.9053828,116.4073982,119.98,0.0,13.0,63.879988
NTUN,63919988,714.56005859375,0.0,0.0,12.18,0.0,0.0,-14.355213165283203,39.9053828,116.4073982,119.98,0.0,13.0,63.919988
NTUN,63959988,715.9617919921875,0.0,0.0,12.19,0.0,0.0,-14.361446380615234,39.9053828,116.4073982,119.98,0.0,13.0,63.959988
NTUN,63999988,715.9617919921875,0.0,0.0,12.21,0.0,0.0,-14.361446380615234,39.9053828,116.4073982,119.98,0.0,13.0,63.999988
NTUN,64059985,717.64306640625,0.0,0.0,12.23,0.0,0.0,-14.366966247558594,39.9053828,116.4073982,119.98,0.0,13.0,64.059985
NTUN,64119982,717.64306640625,0.0,0.0,12.26,0.0,0.0,-14.366966247558594,39.9053828,116.4073982,119.98,0.0,13.0,64.119982
NTUN,64179979,717.64306640625,0.0,0.0,12.28,0.0,0.0,-14.366966247558594,39.9053828,116.4073982,119.98,0.0,13.0,64.179979
NTUN,64239976,719.8834228515625,0.0,0.0,12.31,0.0,0.0,-14.369316101074219,39.9053828,116.4073982,119.98,0.0,13.0,64.239976
NTUN,64299973,719.8834228515625,0.0,0.0,12.33,0.0,0.0,-14.369316101074219,39.9053828,116.4073982,119.98,0.0,13.0,64.299973
NTUN,64359970,721.8507080078125,0.0,0.0,12.35,0.0,0.0,-14.374171257019043,39.9053828,116.4073982,119.98,0.0,13.0,64.35997
NTUN,64419967,721.8507080078125,0.0,0.0,12.38,0.0,0.0,-14.374171257019043,39.9053828,116.4073982,119.98,0.0,13.0,64.419967
NTUN,64479964,721.8507080078125,0.0,0.0,12.4,0.0,0.0,-14.374171257019043,39.9053828,116.4073982,119.98,0.0,13.0,64.479964
NTUN,64539961,724.0989990234375,0.0,0.0,12.42,0.0,0.0,-14.377413749694824,39.9053828,116.4073982,119.98,0.0,13.0,64.539961
NTUN,64599958,724.0989990234375,0.0,0.0,12.44,0.0,0.0,-14.377413749694824,39.9053828,116.4073982,119.98,0.0,13.0,64.599958
NTUN,64659955,726.0601806640625,0.0,0.0,12.46,0.0,0.0,-14.380415916442871,39.9053828,116.4073982,119.98,0.0,13.0,64.659955
NTUN,64719952,726.0601806640625,0.0,0.0,12.49,0.0,0.0,-14.380415916442871,39.9053828,116.4073982,119.98,0.0,13.0,64.719952
NTUN,64779949,726.0601806640625,0.0,0.0,12.51,0.0,0.0,-14.380415916442871,39.9053828,116.4073982,119.98,0.0,13.0,64.779949
NTUN,64839946,728.2885131835938,0.0,0.0,12.53,0.0,0.0,-14.384706497192383,39.9053828,116.4073982,119.98,0.0,13.0,64.839946
NTUN,64899943,728.2885131835938,0.0,0.0,12.55,0.0,0.0,-14.384706497192383,39.9053828,116.4073982,119.98,0.0,13.0,64.899943
NTUN,64959940,730.2286987304688,0.0,0.0,12.57,0.0,0.0,-14.386197090148926,39.9053828,116.4073982,119.98,0.0,13.0,64.95994
NTUN,65019937,730.2286987304688,0.0,0.0,12.59,0.0,0.0,-14.386197090148926,39.9053828,116.4073982,119.98,0.0,13.0,65.019937
NTUN,65079934,730.2286987304688,0.0,0.0,12.61,0.0,0.0,-14.386197090148926,39.9053828,116.4073982,119.98,0.0,13.0,65.079934
NTUN,65139931,732.4592895507812,0.0,0.0,12.64,0.0,0.0,-14.385934829711914,39.9053828,116.4073982,119.98,0.0,13.0,65.139931
NTUN,65199928,732.4592895507812,0.0,0.0,12.66,0.0,0.0,-14.385934829711914,39.9053828,116.4073982,119.98,0.0,13.0,65.199928
NTUN,65259925,734.405517578125,0.0,0.0,12.68,0.0,0.0,-14.383809089660645,39.9053828,116.4073982,119.98,0.0,13.0,65.259925
NTUN,65319922,734.405517578125,0.0,0.0,12.7,0.0,0.0,-14.383809089660645,39.9053828,116.4073982,119.98,0.0,13.0,65.319922
NTUN,65379919,734.405517578125,0.0,0.0,12.73,0.0,0.0,-14.383809089660645,39.9053828,116.4073982,119.98,0.0,13.0,65.379919
NTUN,65439916,736.6192626953125,0.0,0.0,12.75,0.0,0.0,-14.38173770904541,39.9053828,116.4073982,119.98,0.0,13.0,65.439916
NTUN,65499913,736.6192626953125,0.0,0.0,12.77,0.0,0.0,-14.38173770904541,39.9053828,116.4073982,119.98,0.0,13.0,65.499913
NTUN,65559910,738.552490234375,0.0,0.0,12.8,0.0,0.0,-14.379034996032715,39.9053828,116.4073982,119.98,0.0,13.0,65.55991
NTUN,65619907,738.552490234375,0.0,0.0,12.82,0.0,0.0,-14.379034996032715,39.9053828,116.4073982,119.98,0.0,13.0,65.619907
NTUN,65679904,738.552490234375,0.0,0.0,12.84,0.0,0.0,-14.379034996032715,39.9053828,116.4073982,119.98,0.0,13.0,65.679904
NTUN,65739901,740.7623291015625,0.0,0.0,12.87,0.0,0.0,-14.379773139953613,39.9053828,116.4073982,119.98,0.0,13.0,65.739901
NTUN,65799898,740.7623291015625,0.0,0.0,12.89,0.0,0.0,-14.379773139953613,39.9053828,116.4073982,119.98,0.0,13.0,65.799898
NTUN,65859895,742.7055053710938,0.0,0.0,12.92,0.0,0.0,-14.377095222473145,39.9053828,116.4073982,119.98,0.0,13.0,65.859895
NTUN,65919892,742.7055053710938,0.0,0.0,12.94,0.0,0.0,-14.377095222473145,39.9053828,116.4073982,119.98,0.0,13.0,65.919892
NTUN,65979889,742.7055053710938,0.0,0.0,12.97,0.0,0.0,-14.377095222473145,39.9053828,116.4073982,119.98,0.0,13.0,65.979889
NTUN,66039886,744.9242553710938,0.0,0.0,12.99,0.0,0.0,-14.37635612487793,39.9053828,116.4073982,119.98,0.0,13.0,66.039886
NTUN,66099883,744.9242553710938,0.0,0.0,13.02,0.0,0.0,-14.37635612487793,39.9053828,116.4073982,119.98,0.0,13.0,66.099883
NTUN,66159880,746.862060546875,0.0,0.0,13.04,0.0,0.0,-14.37734603881836,39.9053828,116.4073982,119.98,0.0,13.0,66.15988
NTUN,66219877,746.862060546875,0.0,0.0,13.07,0.0,0.0,-14.37734603881836,39.9053828,116.4073982,119.98,0.0,13.0,66.219877
NTUN,66279874,746.862060546875,0.0,0.0,13.1,0.0,0.0,-14.37734603881836,39.9053828,116.4073982,119.98,0.0,13.0,66.279874
NTUN,66339871,749.0972900390625,0.0,0.0,13.12,0.0,0.0,-14.383198738098145,39.9053828,116.4073982,119.98,0.0,13.0,66.339871
NTUN,66399868,749.0972900390625,0.0,0.0,13.15,0.0,0.0,-14.383198738098145,39.9053828,116.4073982,119.98,0.0,13.0,66.399868
NTUN,66459865,751.0576171875,0.0,0.0,13.17,0.0,0.0,-14.387418746948242,39.9053828,116.4073982,119.98,0.0,13.0,66.459865
NTUN,66519862,751.0576171875,0.0,0.0,13.2,0.0,0.0,-14.387418746948242,39.9053828,116.4073982,119.98,0.0,13.0,66.519862
NTUN,66579859,751.0576171875,0.0,0.0,13.23,0.0,0.0,-14.387418746948242,39.9053828,116.4073982,119.98,0.0,13.0,66.579859
NTUN,66639856,753.30517578125,0.0,0.0,13.25,0.0,0.0,-14.393232345581055,39.9053828,116.4073982,119.98,0.0,13.0,66.639856
NTUN,66699853,753.30517578125,0.0,0.0,13.27,0.0,0.0,-14.393232345581055,39.9053828,116.4073982,119.98,0.0,13.0,66.699853
NTUN,66759850,755.2713623046875,0.0,0.0,13.3,0.0,0.0,-14.399222373962402,39.9053828,116.4073982,119.98,0.0,13.0,66.75985
NTUN,66819847,755.2713623046875,0.0,0.0,13.32,0.0,0.0,-14.399222373962402,39.9053828,116.4073982,119.98,0.0,13.0,66.819847
NTUN,66879844,755.2713623046875,0.0,0.0,13.35,0.0,0.0,-14.399222373962402,39.9053828,116.4073982,119.98,0.0,13.0,66.879844
NTUN,66939841,757.5260620117188,0.0,0.0,13.37,0.0,0.0,-14.404295921325684,39.9053828,116.4073982,119.98,0.0,13.0,66.939841
NTUN,66999838,757.5260620117188,0.0,0.0,13.4,0.0,0.0,-14.404295921325684,39.9053828,116.4073982,119.98,0.0,13.0,66.999838
NTUN,67059835,759.5182495117188,0.0,0.0,13.42,0.0,0.0,-14.408141136169434,39.9053828,116.4073982,119.98,0.0,13.0,67.059835
NTUN,67119833,759.5182495117188,0.0,0.0,13.44,0.0,0.0,-14.408141136169434,39.9053828,116.4073982,119.98,0.0,13.0,67.119833
NTUN,67159833,759.5182495117188,0.0,0.0,13.46,0.0,0.0,-14.408141136169434,39.9053828,116.4073982,119.98,0.0,13.0,67.159833
NTUN,67199833,761.2261962890625,0.0,0.0,13.48,0.0,0.0,-14.409041404724121,39.9053828,116.4073982,119.98,0.0,13.0,67.199833
NTUN,67239833,761.2261962890625,0.0,0.0,13.49,0.0,0.0,-14.409041404724121,39.9053828,116.4073982,119.98,0.0,13.0,67.239833
NTUN,67279833,762.630615234375,0.0,0.0,13.51,0.0,0.0,-14.410533905029297,39.9053828,116.4073982,119.98,0.0,13.0,67.279833
NTUN,67319833,762.630615234375,0.0,0.0,13.52,0.0,0.0,-14.410533905029297,39.9053828,116.4073982,119.98,0.0,13.0,67.319833
NTUN,67359833,762.630615234375,0.0,0.0,13.54,0.0,0.0,-14.410533905029297,39.9053828,116.4073982,119.98,0.0,13.0,67.359833
NTUN,67399833,764.0389404296875,0.0,0.0,13.55,0.0,0.0,-14.415848731994629,39.9053828,116.4073982,119.98,0.0,13.0,67.399833
NTUN,67439833,764.0389404296875,0.0,0.0,13.57,0.0,0.0,-14.415848731994629,39.9053828,116.4073982,119.98,0.0,13.0,67.439833
NTUN,67479833,765.451171875,0.0,0.0,13.58,0.0,0.0,-14.417597770690918,39.9053828,116.4073982,119.98,0.0,13.0,67.479833
NTUN,67519833,765.451171875,0.0,0.0,13.6,0.0,0.0,-14.417597770690918,39.9053828,116.4073982,119.98,0.0,13.0,67.519833
NTUN,67559833,765.451171875,0.0,0.0,13.61,0.0,0.0,-14.417597770690918,39.9053828,116.4073982,119.98,0.0,13.0,67.559833
NTUN,67599833,766.8583374023438,0.0,0.0,13.63,0.0,0.0,-14.418100357055664,39.9053828,116.4073982,119.98,0.0,13.0,67.599833
NTUN,67639833,766.8583374023438,0.0,0.0,13.64,0.0,0.0,-14.418100357055664,39.9053828,116.4073982,119.98,0.0,13.0,67.639833
NTUN,67679833,768.2694091796875,0.0,0.0,13.66,0.0,0.0,-14.420467376708984,39.9053828,116.4073982,119.98,0.0,13.0,67.679833
NTUN,67719833,768.2694091796875,0.0,0.0,13.67,0.0,0.0,-14.420467376708984,39.9053828,116.4073982,119.98,0.0,13.0,67.719833
NTUN,67759833,768.2694091796875,0.0,0.0,13.68,0.0,0.0,-14.420467376708984,39.9053828,116.4073982,119.98,0.0,13.0,67.759833
NTUN,67799833,769.6804809570312,0.0,0.0,13.7,0.0,0.0,-14.422844886779785,39.9053828,116.4073982,119.98,0.0,13.0,67.799833
NTUN,67839833,769.6804809570312,0.0,0.0,13.71,0.0,0.0,-14.422844886779785,39.9053828,116.4073982,119.98,0.0,13.0,67.839833
NTUN,67879833,771.1005249023438,0.0,0.0,13.73,0.0,0.0,-14.422776222229004,39.9053828,116.4073982,119.98,0.0,13.0,67.879833
NTUN,67919833,771.1005249023438,0.0,0.0,13.74,0.0,0.0,-14.422776222229004,39.9053828,116.4073982,119.98,0.0,13.0,67.919833
NTUN,67959833,771.1005249023438,0.0,0.0,13.75,0.0,0.0,-14.422776222229004,39.9053828,116.4073982,119.98,0.0,13.0,67.959833
NTUN,67999833,772.5155029296875,0.0,0.0,13.76,0.0,0.0,-14.422826766967773,39.9053828,116.4073982,119.98,0.0,13.0,67.999833
NTUN,68039833,772.5155029296875,0.0,0.0,13.78,0.0,0.0,-14.422826766967773,39.9053828,116.4073982,119.98,0.0,13.0,68.039833
NTUN,68079833,773.9356079101562,0.0,0.0,13.79,0.0,0.0,-14.421611785888672,39.9053828,116.4073982,119.98,0.0,13.0,68.079833
NTUN,68119833,773.9356079101562,0.0,0.0,13.8,0.0,0.0,-14.421611785888672,39.9053828,116.4073982,119.98,0.0,13.0,68.119833
NTUN,68159833,773.9356079101562,0.0,0.0,13.82,0.0,0.0,-14.421611785888672,39.9053828,116.4073982,119.98,0.0,13.0,68.159833
NTUN,68199833,775.359619140625,0.0,0.0,13.83,0.0,0.0,-14.419063568115234,39.9053828,116.4073982,119.98,0.0,13.0,68.199833
NTUN,68239833,775.359619140625,0.0,0.0,13.84,0.0,0.0,-14.419063568115234,39.9053828,116.4073982,119.98,0.0,13.0,68.239833
NTUN,68279833,776.7799072265625,0.0,0.0,13.85,0.0,0.0,-14.416584014892578,39.9053828,116.4073982,119.98,0.0,13.0,68.279833
NTUN,68319833,776.7799072265625,0.0,0.0,13.87,0.0,0.0,-14.416584014892578,39.9053828,116.4073982,119.98,0.0,13.0,68.319833
NTUN,68359833,776.7799072265625,0.0,0.0,13.88,0.0,0.0,-14.416584014892578,39.9053828,116.4073982,119.98,0.0,13.0,68.359833
NTUN,68399833,778.2039794921875,0.0,0.0,13.89,0.0,0.0,-14.412700653076172,39.9053828,116.4073982,119.98,0.0,13.0,68.399833
NTUN,68439833,778.2039794921875,0.0,0.0,13.9,0.0,0.0,-14.412700653076172,39.9053828,116.4073982,119.98,0.0,13.0,68.439833
NTUN,68479833,779.6243286132812,0.0,0.0,13.92,0.0,0.0,-14.412342071533203,39.9053828,116.4073982,119.98,0.0,13.0,68.479833
NTUN,68519833,779.6243286132812,0.0,0.0,13.93,0.0,0.0,-14.412342071533203,39.9053828,116.4073982,119.98,0.0,13.0,68.519833
NTUN,68559833,779.6243286132812,0.0,0.0,13.94,0.0,0.0,-14.412342071533203,39.9053828,116.4073982,119.98,0.0,13.0,68.559833
NTUN,68599833,781.0535888671875,0.0,0.0,13.96,0.0,0.0,-14.40950870513916,39.9053828,116.4073982,119.98,0.0,13.0,68.599833
NTUN,68639833,781.0535888671875,0.0,0.0,13.97,0.0,0.0,-14.40950870513916,39.9053828,116.4073982,119.98,0.0,13.0,68.639833
NTUN,68679833,782.479248046875,0.0,0.0,13.98,0.0,0.0,-14.405926704406738,39.9053828,116.4073982,119.98,0.0,13.0,68.679833
NTUN,68719833,782.479248046875,0.0,0.0,14.0,0.0,0.0,-14.405926704406738,39.9053828,116.4073982,119.98,0.0,13.0,68.719833
NTUN,68759833,782.479248046875,0.0,0.0,14.01,0.0,0.0,-14.405926704406738,39.9053828,116.4073982,119.98,0.0,13.0,68.759833
NTUN,68799833,783.9048461914062,0.0,0.0,14.02,0.0,0.0,-14.406096458435059,39.9053828,116.4073982,119.98,0.0,13.0,68.799833
NTUN,68839833,783.9048461914062,0.0,0.0,14.04,0.0,0.0,-14.406096458435059,39.9053828,116.4073982,119.98,0.0,13.0,68.839833
NTUN,68879833,785.3217163085938,0.0,0.0,14.05,0.0,0.0,-14.406387329101562,39.9053828,116.4073982,119.98,0.0,13.0,68.879833
NTUN,68919833,785.3217163085938,0.0,0.0,14.06,0.0,0.0,-14.406387329101562,39.9053828,116.4073982,119.98,0.0,13.0,68.919833
NTUN,68959833,785.3217163085938,0.0,0.0,14.08,0.0,0.0,-14.406387329101562,39.9053828,116.4073982,119.98,0.0,13.0,68.959833
NTUN,68999833,786.7488403320312,0.0,0.0,14.09,0.0,0.0,-14.408126831054688,39.9053828,116.4073982,119.98,0.0,13.0,68.999833
NTUN,69039833,786.7488403320312,0.0,0.0,14.11,0.0,0.0,-14.408126831054688,39.9053828,116.4073982,119.98,0.0,13.0,69.039833
NTUN,69079833,788.167236328125,0.0,0.0,14.12,0.0,0.0,-14.409651756286621,39.9053828,116.4073982,119.98,0.0,13.0,69.079833
NTUN,69119833,788.167236328125,0.0,0.0,14.14,0.0,0.0,-14.409651756286621,39.9053828,116.4073982,119.98,0.0,13.0,69.119833
NTUN,69159833,788.167236328125,0.0,0.0,14.16,0.0,0.0,-14.409651756286621,39.9053828,116.4073982,119.98,0.0,13.0,69.159833
NTUN,69199833,789.5870361328125,0.0,0.0,14.17,0.0,0.0,-14.408563613891602,39.9053828,116.4073982,119.98,0.0,13.0,69.199833
NTUN,69239833,789.5870361328125,0.0,0.0,14.19,0.0,0.0,-14.408563613891602,39.9053828,116.4073982,119.98,0.0,13.0,69.239833
NTUN,69279833,791.0069580078125,0.0,0.0,14.2,0.0,0.0,-14.412994384765625,39.9053828,116.4073982,119.98,0.0,13.0,69.279833
NTUN,69319833,791.0069580078125,0.0,0.0,14.22,0.0,0.0,-14.412994384765625,39.9053828,116.4073982,119.98,0.0,13.0,69.319833
NTUN,69359833,791.0069580078125,0.0,0.0,14.23,0.0,0.0,-14.412994384765625,39.9053828,116.4073982,119.98,0.0,13.0,69.359833
NTUN,69399833,792.4284057617188,0.0,0.0,14.25,0.0,0.0,-14.416569709777832,39.9053828,116.4073982,119.98,0.0,13.0,69.399833
NTUN,69439833,792.4284057617188,0.0,0.0,14.27,0.0,0.0,-14.416569709777832,39.9053828,116.4073982,119.98,0.0,13.0,69.439833
NTUN,69479833,793.841064453125,0.0,0.0,14.28,0.0,0.0,-14.418252944946289,39.9053828,116.4073982,119.98,0.0,13.0,69.479833
NTUN,69519833,793.841064453125,0.0,0.0,14.3,0.0,0.0,-14.418252944946289,39.9053828,116.4073982,119.98,0.0,13.0,69.519833
NTUN,69559833,793.841064453125,0.0,0.0,14.32,0.0,0.0,-14.418252944946289,39.9053828,116.4073982,119.98,0.0,13.0,69.559833
NTUN,69599833,795.2500610351562,0.0,0.0,14.33,0.0,0.0,-14.422927856445312,39.9053828,116.4073982,119.98,0.0,13.0,69.599833
NTUN,69639833,795.2500610351562,0.0,0.0,14.35,0.0,0.0,-14.422927856445312,39.9053828,116.4073982,119.98,0.0,13.0,69.639833
NTUN,69679833,796.6643676757812,0.0,0.0,14.36,0.0,0.0,-14.42374038696289,39.9053828,116.4073982,119.98,0.0,13.0,69.679833
NTUN,69719833,796.6643676757812,0.0,0.0,14.38,0.0,0.0,-14.42374038696289,39.9053828,116.4073982,119.98,0.0,13.0,69.719833
NTUN,69759833,796.6643676757812,0.0,0.0,14.4,0.0,0.0,-14.42374038696289,39.9053828,116.4073982,119.98,0.0,13.0,69.759833
NTUN,69799833,798.0802612304688,0.0,0.0,14.41,0.0,0.0,-14.427350044250488,39.9053828,116.4073982,119.98,0.0,13.0,69.799833
NTUN,69839833,798.0802612304688,0.0,0.0,14.42,0.0,0.0,-14.427350044250488,39.9053828,116.4073982,119.98,0.0,13.0,69.839833
NTUN,69879833,799.4873657226562,0.0,0.0,14.44,0.0,0.0,-14.426530838012695,39.9053828,116.4073982,119.98,0.0,13.0,69.879833
NTUN,69919833,799.4873657226562,0.0,0.0,14.45,0.0,0.0,-14.426530838012695,39.9053828,116.4073982,119.98,0.0,13.0,69.919833
NTUN,69959833,799.4873657226562,0.0,0.0,14.47,0.0,0.0,-14.426530838012695,39.9053828,116.4073982,119.98,0.0,13.0,69.959833
NTUN,69999833,800.8857421875,0.0,0.0,14.48,0.0,0.0,-14.426044464111328,39.9053828,116.4073982,119.98,0.0,13.0,69.999833
NTUN,70039833,800.8857421875,0.0,0.0,14.49,0.0,0.0,-14.426044464111328,39.9053828,116.4073982,119.98,0.0,13.0,70.039833
NTUN,70079833,802.2946166992188,0.0,0.0,14.51,0.0,0.0,-14.427207946777344,39.9053828,116.4073982,119.98,0.0,13.0,70.079833
NTUN,70119833,802.2946166992188,0.0,0.0,14.52,0.0,0.0,-14.427207946777344,39.9053828,116.4073982,119.98,0.0,13.0,70.119833
NTUN,70159833,802.2946166992188,0.0,0.0,14.53,0.0,0.0,-14.427207946777344,39.9053828,116.4073982,119.98,0.0,13.0,70.159833
NTUN,70199833,803.6947631835938,0.0,0.0,14.55,0.0,0.0,-14.427055358886719,39.9053828,116.4073982,119.98,0.0,13.0,70.199833
NTUN,70239833,803.6947631835938,0.0,0.0,14.56,0.0,0.0,-14.427055358886719,39.9053828,116.4073982,119.98,0.0,13.0,70.239833
NTUN,70279833,805.0966186523438,0.0,0.0,14.57,0.0,0.0,-14.42510986328125,39.9053828,116.4073982,119.98,0.0,13.0,70.279833
NTUN,70319833,805.0966186523438,0.0,0.0,14.58,0.0,0.0,-14.42510986328125,39.9053828,116.4073982,119.98,0.0,13.0,70.319833
NTUN,70359833,805.0966186523438,0.0,0.0,14.6,0.0,0.0,-14.42510986328125,39.9053828,116.4073982,119.98,0.0,13.0,70.359833
NTUN,70399833,806.4985961914062,0.0,0.0,14.61,0.0,0.0,-14.426443099975586,39.9053828,116.4073982,119.98,0.0,13.0,70.399833
NTUN,70439833,806.4985961914062,0.0,0.0,14.62,0.0,0.0,-14.426443099975586,39.9053828,116.4073982,119.98,0.0,13.0,70.439833
NTUN,70479833,807.8919067382812,0.0,0.0,14.64,0.0,0.0,-14.42330265045166,39.9053828,116.4073982,119.98,0.0,13.0,70.479833
NTUN,70519833,807.8919067382812,0.0,0.0,14.65,0.0,0.0,-14.42330265045166,39.9053828,116.4073982,119.98,0.0,13.0,70.519833
NTUN,70559833,807.8919067382812,0.0,0.0,14.66,0.0,0.0,-14.42330265045166,39.9053828,116.4073982,119.98,0.0,13.0,70.559833
NTUN,70599833,809.2905883789062,0.0,0.0,14.68,0.0,0.0,-14.420632362365723,39.9053828,116.4073982,119.98,0.0,13.0,70.599833
NTUN,70639833,809.2905883789062,0.0,0.0,14.69,0.0,0.0,-14.420632362365723,39.9053828,116.4073982,119.98,0.0,13.0,70.639833
NTUN,70679833,810.6806030273438,0.0,0.0,14.7,0.0,0.0,-14.417093276977539,39.9053828,116.4073982,119.98,0.0,13.0,70.679833
NTUN,70719833,810.6806030273438,0.0,0.0,14.72,0.0,0.0,-14.417093276977539,39.9053828,116.4073982,119.98,0.0,13.0,70.719833
NTUN,70759833,810.6806030273438,0.0,0.0,14.73,0.0,0.0,-14.417093276977539,39.9053828,116.4073982,119.98,0.0,13.0,70.759833
NTUN,70799833,812.0759887695312,0.0,0.0,14.75,0.0,0.0,-14.41537094116211,39.9053828,116.4073982,119.98,0.0,13.0,70.799833
NTUN,70839833,812.0759887695312,0.0,0.0,14.76,0.0,0.0,-14.41537094116211,39.9053828,116.4073982,119.98,0.0,13.0,70.839833
NTUN,70879833,813.4716186523438,0.0,0.0,14.77,0.0,0.0,-14.414387702941895,39.9053828,116.4073982,119.98,0.0,13.0,70.879833
NTUN,70919833,813.4716186523438,0.0,0.0,14.79,0.0,0.0,-14.414387702941895,39.9053828,116.4073982,119.98,0.0,13.0,70.919833
NTUN,70959833,813.4716186523438,0.0,0.0,14.8,0.0,0.0,-14.414387702941895,39.9053828,116.4073982,119.98,0.0,13.0,70.959833
NTUN,70999833,814.8673706054688,0.0,0.0,14.81,0.0,0.0,-14.414189338684082,39.9053828,116.4073982,119.98,0.0,13.0,70.999833
NTUN,71039833,814.8673706054688,0.0,0.0,14.83,0.0,0.0,-14.414189338684082,39.9053828,116.4073982,119.98,0.0,13.0,71.039833
NTUN,71079833,816.249267578125,0.0,0.0,14.84,0.0,0.0,-14.41128158569336,39.9053828,116.4073982,119.98,0.0,13.0,71.079833
NTUN,71119833,816.249267578125,0.0,0.0,14.85,0.0,0.0,-14.41128158569336,39.9053828,116.4073982,119.98,0.0,13.0,71.119833
NTUN,71159833,816.249267578125,0.0,0.0,14.87,0.0,0.0,-14.41128158569336,39.9053828,116.4073982,119.98,0.0,13.0,71.159833
NTUN,71199833,817.6366577148438,0.0,0.0,14.88,0.0,0.0,-14.407608032226562,39.9053828,116.4073982,119.98,0.0,13.0,71.199833
NTUN,71239833,817.6366577148438,0.0,0.0,14.89,0.0,0.0,-14.407608032226562,39.9053828,116.4073982,119.98,0.0,13.0,71.239833
NTUN,71279833,819.032958984375,0.0,0.0,14.91,0.0,0.0,-14.406536102294922,39.9053828,116.4073982,119.98,0.0,13.0,71.279833
NTUN,71319833,819.032958984375,0.0,0.0,14.92,0.0,0.0,-14.406536102294922,39.9053828,116.4073982,119.98,0.0,13.0,71.319833
NTUN,71359833,819.032958984375,0.0,0.0,14.94,0.0,0.0,-14.406536102294922,39.9053828,116.4073982,119.98,0.0,13.0,71.359833
NTUN,71399833,820.420654296875,0.0,0.0,14.95,0.0,0.0,-14.40267276763916,39.9053828,116.4073982,119.98,0.0,13.0,71.399833
NTUN,71439833,820.420654296875,0.0,0.0,14.96,0.0,0.0,-14.40267276763916,39.9053828,116.4073982,119.98,0.0,13.0,71.439833
NTUN,71479833,821.8121948242188,0.0,0.0,14.98,0.0,0.0,-14.399243354797363,39.9053828,116.4073982,119.98,0.0,13.0,71.479833
NTUN,71519833,821.8121948242188,0.0,0.0,14.99,0.0,0.0,-14.399243354797363,39.9053828,116.4073982,119.98,0.0,13.0,71.519833
NTUN,71559833,821.8121948242188,0.0,0.0,15.01,0.0,0.0,-14.399243354797363,39.9053828,116.4073982,119.98,0.0,13.0,71.559833
NTUN,71599833,823.203857421875,0.0,0.0,15.02,0.0,0.0,-14.398509979248047,39.9053828,116.4073982,119.98,0.0,13.0,71.599833
NTUN,71639833,823.203857421875,0.0,0.0,15.04,0.0,0.0,-14.398509979248047,39.9053828,116.4073982,119.98,0.0,13.0,71.639833
NTUN,71679833,824.5905151367188,0.0,0.0,15.05,0.0,0.0,-14.39747428894043,39.9053828,116.4073982,119.98,0.0,13.0,71.679833
NTUN,71719833,824.5905151367188,0.0,0.0,15.06,0.0,0.0,-14.39747428894043,39.9053828,116.4073982,119.98,0.0,13.0,71.719833
NTUN,71759833,824.5905151367188,0.0,0.0,15.08,0.0,0.0,-14.39747428894043,39.9053828,116.4073982,119.98,0.0,13.0,71.759833
NTUN,71799833,825.994873046875,0.0,0.0,15.09,0.0,0.0,-14.39513111114502,39.9053828,116.4073982,119.98,0.0,13.0,71.799833
NTUN,71839833,825.994873046875,0.0,0.0,15.11,0.0,0.0,-14.39513111114502,39.9053828,116.4073982,119.98,0.0,13.0,71.839833
NTUN,71879833,827.3942260742188,0.0,0.0,15.12,0.0,0.0,-14.394996643066406,39.9053828,116.4073982,119.98,0.0,13.0,71.879833
NTUN,71919833,827.3942260742188,0.0,0.0,15.14,0.0,0.0,-14.394996643066406,39.9053828,116.4073982,119.98,0.0,13.0,71.919833
NTUN,71959833,827.3942260742188,0.0,0.0,15.15,0.0,0.0,-14.394996643066406,39.9053828,116.4073982,119.98,0.0,13.0,71.959833
NTUN,71999833,828.7937622070312,0.0,0.0,15.17,0.0,0.0,-14.39559268951416,39.9053828,116.4073982,119.98,0.0,13.0,71.999833
NTUN,72039833,828.7937622070312,0.0,0.0,15.18,0.0,0.0,-14.39559268951416,39.9053828,116.4073982,119.98,0.0,13.0,72.039833
NTUN,72079833,830.2005004882812,0.0,0.0,15.2,0.0,0.0,-14.40003490447998,39.9053828,116.4073982,119.98,0.0,13.0,72.079833
NTUN,72119833,830.2005004882812,0.0,0.0,15.21,0.0,0.0,-14.40003490447998,39.9053828,116.4073982,119.98,0.0,13.0,72.119833
NTUN,72159833,830.2005004882812,0.0,0.0,15.23,0.0,0.0,-14.40003490447998,39.9053828,116.4073982,119.98,0.0,13.0,72.159833
NTUN,72199833,831.6162109375,0.0,0.0,15.24,0.0,0.0,-14.401101112365723,39.9053828,116.4073982,119.98,0.0,13.0,72.199833
NTUN,72239833,831.6162109375,0.0,0.0,15.26,0.0,0.0,-14.401101112365723,39.9053828,116.4073982,119.98,0.0,13.0,72.239833
NTUN,72279833,833.031982421875,0.0,0.0,15.28,0.0,0.0,-14.403356552124023,39.9053828,116.4073982,119.98,0.0,13.0,72.279833
NTUN,72319833,833.031982421875,0.0,0.0,15.29,0.0,0.0,-14.403356552124023,39.9053828,116.4073982,119.98,0.0,13.0,72.319833
NTUN,72359833,833.031982421875,0.0,0.0,15.31,0.0,0.0,-14.403356552124023,39.9053828,116.4073982,119.98,0.0,13.0,72.359833
NTUN,72399833,834.4462280273438,0.0,0.0,15.33,0.0,0.0,-14.405401229858398,39.9053828,116.4073982,119.98,0.0,13.0,72.399833
NTUN,72439833,834.4462280273438,0.0,0.0,15.34,0.0,0.0,-14.405401229858398,39.9053828,116.4073982,119.98,0.0,13.0,72.439833
NTUN,72479833,835.8641357421875,0.0,0.0,15.36,0.0,0.0,-14.409839630126953,39.9053828,116.4073982,119.98,0.0,13.0,72.479833
NTUN,72519833,835.8641357421875,0.0,0.0,15.37,0.0,0.0,-14.409839630126953,39.9053828,116.4073982,119.98,0.0,13.0,72.519833
NTUN,72559833,835.8641357421875,0.0,0.0,15.39,0.0,0.0,-14.409839630126953,39.9053828,116.4073982,119.98,0.0,13.0,72.559833
NTUN,72599833,837.2908935546875,0.0,0.0,15.41,0.0,0.0,-14.412057876586914,39.9053828,116.4073982,119.98,0.0,13.0,72.599833
NTUN,72639833,837.2908935546875,0.0,0.0,15.42,0.0,0.0,-14.412057876586914,39.9053828,116.4073982,119.98,0.0,13.0,72.639833
NTUN,72679833,838.7160034179688,0.0,0.0,15.44,0.0,0.0,-14.413299560546875,39.9053828,116.4073982,119.98,0.0,13.0,72.679833
NTUN,72719833,838.7160034179688,0.0,0.0,15.46,0.0,0.0,-14.413299560546875,39.9053828,116.4073982,119.98,0.0,13.0,72.719833
NTUN,72759833,838.7160034179688,0.0,0.0,15.47,0.0,0.0,-14.413299560546875,39.9053828,116.4073982,119.98,0.0,13.0,72.759833
NTUN,72799833,840.1412353515625,0.0,0.0,15.49,0.0,0.0,-14.417573928833008,39.9053828,116.4073982,119.98,0.0,13.0,72.799833
NTUN,72839833,840.1412353515625,0.0,0.0,15.5,0.0,0.0,-14.417573928833008,39.9053828,116.4073982,119.98,0.0,13.0,72.839833
NTUN,72879833,841.5647583007812,0.0,0.0,15.52,0.0,0.0,-14.42164134979248,39.9053828,116.4073982,119.98,0.0,13.0,72.879833
NTUN,72919833,841.5647583007812,0.0,0.0,15.53,0.0,0.0,-14.42164134979248,39.9053828,116.4073982,119.98,0.0,13.0,72.919833
NTUN,72959833,841.5647583007812,0.0,0.0,15.55,0.0,0.0,-14.42164134979248,39.9053828,116.4073982,119.98,0.0,13.0,72.959833
NTUN,72999833,842.9971923828125,0.0,0.0,15.56,0.0,0.0,-14.422828674316406,39.9053828,116.4073982,119.98,0.0,13.0,72.999833
NTUN,73039833,842.9971923828125,0.0,0.0,15.58,0.0,0.0,-14.422828674316406,39.9053828,116.4073982,119.98,0.0,13.0,73.039833
NTUN,73079833,844.4279174804688,0.0,0.0,15.59,0.0,0.0,-14.426932334899902,39.9053828,116.4073982,119.98,0.0,13.0,73.079833
NTUN,73119833,844.4279174804688,0.0,0.0,15.61,0.0,0.0,-14.426932334899902,39.9053828,116.4073982,119.98,0.0,13.0,73.119833
NTUN,73159833,844.4279174804688,0.0,0.0,15.62,0.0,0.0,-14.426932334899902,39.9053828,116.4073982,119.98,0.0,13.0,73.159833
NTUN,73199833,845.8674926757812,0.0,0.0,15.64,0.0,0.0,-14.430930137634277,39.9053828,116.4073982,119.98,0.0,13.0,73.199833
NTUN,73239833,845.8674926757812,0.0,0.0,15.65,0.0,0.0,-14.430930137634277,39.9053828,116.4073982,119.98,0.0,13.0,73.239833
NTUN,73279833,847.3018188476562,0.0,0.0,15.66,0.0,0.0,-14.43353271484375,39.9053828,116.4073982,119.98,0.0,13.0,73.279833
NTUN,73319833,847.3018188476562,0.0,0.0,15.68,0.0,0.0,-14.43353271484375,39.9053828,116.4073982,119.98,0.0,13.0,73.319833
NTUN,73359833,847.3018188476562,0.0,0.0,15.69,0.0,0.0,-14.43353271484375,39.9053828,116.4073982,119.98,0.0,13.0,73.359833
NTUN,73399833,848.7396850585938,0.0,0.0,15.71,0.0,0.0,-14.435911178588867,39.9053828,116.4073982,119.98,0.0,13.0,73.399833
NTUN,73439833,848.7396850585938,0.0,0.0,15.72,0.0,0.0,-14.435911178588867,39.9053828,116.4073982,119.98,0.0,13.0,73.439833
NTUN,73479833,850.1776733398438,0.0,0.0,15.73,0.0,0.0,-14.434951782226562,39.9053828,116.4073982,119.98,0.0,13.0,73.479833
NTUN,73519833,850.1776733398438,0.0,0.0,15.75,0.0,0.0,-14.434951782226562,39.9053828,116.4073982,119.98,0.0,13.0,73.519833
NTUN,73559833,850.1776733398438,0.0,0.0,15.76,0.0,0.0,-14.434951782226562,39.9053828,116.4073982,119.98,0.0,13.0,73.559833
NTUN,73599833,851.6103515625,0.0,0.0,15.77,0.0,0.0,-14.433512687683105,39.9053828,116.4073982,119.98,0.0,13.0,73.599833
NTUN,73639833,851.6103515625,0.0,0.0,15.78,0.0,0.0,-14.433512687683105,39.9053828,116.4073982,119.98,0.0,13.0,73.639833
NTUN,73679833,853.0465698242188,0.0,0.0,15.79,0.0,0.0,-14.434040069580078,39.9053828,116.4073982,119.98,0.0,13.0,73.679833
NTUN,73719833,853.0465698242188,0.0,0.0,15.81,0.0,0.0,-14.434040069580078,39.9053828,116.4073982,119.98,0.0,13.0,73.719833
NTUN,73759833,853.0465698242188,0.0,0.0,15.82,0.0,0.0,-14.434040069580078,39.9053828,116.4073982,119.98,0.0,13.0,73.759833
NTUN,73799833,854.4880981445312,0.0,0.0,15.83,0.0,0.0,-14.433483123779297,39.9053828,116.4073982,119.98,0.0,13.0,73.799833
NTUN,73839833,854.4880981445312,0.0,0.0,15.85,0.0,0.0,-14.433483123779297,39.9053828,116.4073982,119.98,0.0,13.0,73.839833
NTUN,73879833,855.9244384765625,0.0,0.0,15.86,0.0,0.0,-14.42978572845459,39.9053828,116.4073982,119.98,0.0,13.0,73.879833
NTUN,73919833,855.9244384765625,0.0,0.0,15.87,0.0,0.0,-14.42978572845459,39.9053828,116.4073982,119.98,0.0,13.0,73.919833
NTUN,73959833,855.9244384765625,0.0,0.0,15.88,0.0,0.0,-14.42978572845459,39.9053828,116.4073982,119.98,0.0,13.0,73.959833
NTUN,73999833,857.3607177734375,0.0,0.0,15.89,0.0,0.0,-14.427006721496582,39.9053828,116.4073982,119.98,0.0,13.0,73.999833
NTUN,74039833,857.3607177734375,0.0,0.0,15.91,0.0,0.0,-14.427006721496582,39.9053828,116.4073982,119.98,0.0,13.0,74.039833
NTUN,74079833,858.788330078125,0.0,0.0,15.92,0.0,0.0,-14.423111915588379,39.9053828,116.4073982,119.98,0.0,13.0,74.079833
NTUN,74119833,858.788330078125,0.0,0.0,15.93,0.0,0.0,-14.423111915588379,39.9053828,116.4073982,119.98,0.0,13.0,74.119833
NTUN,74159833,858.788330078125,0.0,0.0,15.95,0.0,0.0,-14.423111915588379,39.9053828,116.4073982,119.98,0.0,13.0,74.159833
NTUN,74199833,860.2247314453125,0.0,0.0,15.96,0.0,0.0,-14.420665740966797,39.9053828,116.4073982,119.98,0.0,13.0,74.199833
NTUN,74239833,860.2247314453125,0.0,0.0,15.98,0.0,0.0,-14.420665740966797,39.9053828,116.4073982,119.98,0.0,13.0,74.239833
NTUN,74279833,861.6611328125,0.0,0.0,15.99,0.0,0.0,-14.41981315612793,39.9053828,116.4073982,119.98,0.0,13.0,74.279833
NTUN,74319833,861.6611328125,0.0,0.0,16.0,0.0,0.0,-14.41981315612793,39.9053828,116.4073982,119.98,0.0,13.0,74.319833
NTUN,74359833,861.6611328125,0.0,0.0,16.02,0.0,0.0,-14.41981315612793,39.9053828,116.4073982,119.98,0.0,13.0,74.359833
NTUN,74399833,863.0941162109375,0.0,0.0,16.03,0.0,0.0,-14.417043685913086,39.9053828,116.4073982,119.98,0.0,13.0,74.399833
NTUN,74439833,863.0941162109375,0.0,0.0,16.05,0.0,0.0,-14.417043685913086,39.9053828,116.4073982,119.98,0.0,13.0,74.439833
NTUN,74479833,864.5270385742188,0.0,0.0,16.06,0.0,0.0,-14.415877342224121,39.9053828,116.4073982,119.98,0.0,13.0,74.479833
NTUN,74519833,864.5270385742188,0.0,0.0,16.08,0.0,0.0,-14.415877342224121,39.9053828,116.4073982,119.98,0.0,13.0,74.519833
NTUN,74559833,864.5270385742188,0.0,0.0,16.09,0.0,0.0,-14.415877342224121,39.9053828,116.4073982,119.98,0.0,13.0,74.559833
NTUN,74599833,865.9600830078125,0.0,0.0,16.11,0.0,0.0,-14.413335800170898,39.9053828,116.4073982,119.98,0.0,13.0,74.599833
NTUN,74639833,865.9600830078125,0.0,0.0,16.12,0.0,0.0,-14.413335800170898,39.9053828,116.4073982,119.98,0.0,13.0,74.639833
NTUN,74679833,867.3948974609375,0.0,0.0,16.14,0.0,0.0,-14.413593292236328,39.9053828,116.4073982,119.98,0.0,13.0,74.679833
NTUN,74719833,867.3948974609375,0.0,0.0,16.15,0.0,0.0,-14.413593292236328,39.9053828,116.4073982,119.98,0.0,13.0,74.719833
NTUN,74759833,867.3948974609375,0.0,0.0,16.17,0.0,0.0,-14.413593292236328,39.9053828,116.4073982,119.98,0.0,13.0,74.759833
NTUN,74799833,868.829833984375,0.0,0.0,16.19,0.0,0.0,-14.4138822555542,39.9053828,116.4073982,119.98,0.0,13.0,74.799833
NTUN,74839833,868.829833984375,0.0,0.0,16.2,0.0,0.0,-14.4138822555542,39.9053828,116.4073982,119.98,0.0,13.0,74.839833
NTUN,74879833,870.2665405273438,0.0,0.0,16.22,0.0,0.0,-14.414015769958496,39.9053828,116.4073982,119.98,0.0,13.0,74.879833
NTUN,74919833,870.2665405273438,0.0,0.0,16.24,0.0,0.0,-14.414015769958496,39.9053828,116.4073982,119.98,0.0,13.0,74.919833
NTUN,74959833,870.2665405273438,0.0,0.0,16.25,0.0,0.0,-14.414015769958496,39.9053828,116.4073982,119.98,0.0,13.0,74.959833
NTUN,74999833,871.6892700195312,0.0,0.0,16.27,0.0,0.0,-14.417886734008789,39.9053828,116.4073982,119.98,0.0,13.0,74.999833
NTUN,75039833,871.6892700195312,0.0,0.0,16.29,0.0,0.0,-14.417886734008789,39.9053828,116.4073982,119.98,0.0,13.0,75.039833
NTUN,75079833,873.1139526367188,0.0,0.0,16.3,0.0,0.0,-14.419072151184082,39.9053828,116.4073982,119.98,0.0,13.0,75.079833
NTUN,75119833,873.1139526367188,0.0,0.0,16.32,0.0,0.0,-14.419072151184082,39.9053828,116.4073982,119.98,0.0,13.0,75.119833
NTUN,75159833,873.1139526367188,0.0,0.0,16.34,0.0,0.0,-14.419072151184082,39.9053828,116.4073982,119.98,0.0,13.0,75.159833
NTUN,75199833,874.5438842773438,0.0,0.0,16.36,0.0,0.0,-14.42166519165039,39.9053828,116.4073982,119.98,0.0,13.0,75.199833
NTUN,75239833,874.5438842773438,0.0,0.0,16.37,0.0,0.0,-14.42166519165039,39.9053828,116.4073982,119.98,0.0,13.0,75.239833
NTUN,75279833,875.970458984375,0.0,0.0,16.39,0.0,0.0,-14.426024436950684,39.9053828,116.4073982,119.98,0.0,13.0,75.279833
NTUN,75319833,875.970458984375,0.0,0.0,16.41,0.0,0.0,-14.426024436950684,39.9053828,116.4073982,119.98,0.0,13.0,75.319833
NTUN,75359833,875.970458984375,0.0,0.0,16.43,0.0,0.0,-14.426024436950684,39.9053828,116.4073982,119.98,0.0,13.0,75.359833
NTUN,75399833,877.3883666992188,0.0,0.0,16.44,0.0,0.0,-14.431668281555176,39.9053828,116.4073982,119.98,0.0,13.0,75.399833
NTUN,75439833,877.3883666992188,0.0,0.0,16.46,0.0,0.0,-14.431668281555176,39.9053828,116.4073982,119.98,0.0,13.0,75.439833
NTUN,75479833,878.81689453125,0.0,0.0,16.48,0.0,0.0,-14.434220314025879,39.9053828,116.4073982,119.98,0.0,13.0,75.479833
NTUN,75519833,878.81689453125,0.0,0.0,16.49,0.0,0.0,-14.434220314025879,39.9053828,116.4073982,119.98,0.0,13.0,75.519833
NTUN,75559833,878.81689453125,0.0,0.0,16.51,0.0,0.0,-14.434220314025879,39.9053828,116.4073982,119.98,0.0,13.0,75.559833
NTUN,75599833,880.23681640625,0.0,0.0,16.52,0.0,0.0,-14.439303398132324,39.9053828,116.4073982,119.98,0.0,13.0,75.599833
NTUN,75639833,880.23681640625,0.0,0.0,16.54,0.0,0.0,-14.439303398132324,39.9053828,116.4073982,119.98,0.0,13.0,75.639833
NTUN,75679833,881.6533203125,0.0,0.0,16.56,0.0,0.0,-14.441781997680664,39.9053828,116.4073982,119.98,0.0,13.0,75.679833
NTUN,75719833,881.6533203125,0.0,0.0,16.57,0.0,0.0,-14.441781997680664,39.9053828,116.4073982,119.98,0.0,13.0,75.719833
NTUN,75759833,881.6533203125,0.0,0.0,16.59,0.0,0.0,-14.441781997680664,39.9053828,116.4073982,119.98,0.0,13.0,75.759833
NTUN,75799833,883.0665283203125,0.0,0.0,16.61,0.0,0.0,-14.446372985839844,39.9053828,116.4073982,119.98,0.0,13.0,75.799833
NTUN,75839833,883.0665283203125,0.0,0.0,16.63,0.0,0.0,-14.446372985839844,39.9053828,116.4073982,119.98,0.0,13.0,75.839833
NTUN,75879833,884.4763793945312,0.0,0.0,16.65,0.0,0.0,-14.450355529785156,39.9053828,116.4073982,119.98,0.0,13.0,75.879833
NTUN,75919833,884.4763793945312,0.0,0.0,16.66,0.0,0.0,-14.450355529785156,39.9053828,116.4073982,119.98,0.0,13.0,75.919833
NTUN,75959833,884.4763793945312,0.0,0.0,16.68,0.0,0.0,-14.450355529785156,39.9053828,116.4073982,119.98,0.0,13.0,75.959833
NTUN,75999833,885.8916625976562,0.0,0.0,16.7,0.0,0.0,-14.45543098449707,39.9053828,116.4073982,119.98,0.0,13.0,75.999833
NTUN,76039833,885.8916625976562,0.0,0.0,16.72,0.0,0.0,-14.45543098449707,39.9053828,116.4073982,119.98,0.0,13.0,76.039833
NTUN,76079833,887.3036499023438,0.0,0.0,16.73,0.0,0.0,-14.459567070007324,39.9053828,116.4073982,119.98,0.0,13.0,76.079833
NTUN,76119833,887.3036499023438,0.0,0.0,16.75,0.0,0.0,-14.459567070007324,39.9053828,116.4073982,119.98,0.0,13.0,76.119833
NTUN,76159833,887.3036499023438,0.0,0.0,16.77,0.0,0.0,-14.459567070007324,39.9053828,116.4073982,119.98,0.0,13.0,76.159833
NTUN,76199833,888.7069702148438,0.0,0.0,16.78,0.0,0.0,-14.461480140686035,39.9053828,116.4073982,119.98,0.0,13.0,76.199833
NTUN,76239833,888.7069702148438,0.0,0.0,16.8,0.0,0.0,-14.461480140686035,39.9053828,116.4073982,119.98,0.0,13.0,76.239833
NTUN,76279833,890.1104736328125,0.0,0.0,16.81,0.0,0.0,-14.463197708129883,39.9053828,116.4073982,119.98,0.0,13.0,76.279833
NTUN,76319833,890.1104736328125,0.0,0.0,16.83,0.0,0.0,-14.463197708129883,39.9053828,116.4073982,119.98,0.0,13.0,76.319833
NTUN,76359833,890.1104736328125,0.0,0.0,16.84,0.0,0.0,-14.463197708129883,39.9053828,116.4073982,119.98,0.0,13.0,76.359833
NTUN,76399833,891.5194091796875,0.0,0.0,16.86,0.0,0.0,-14.463722229003906,39.9053828,116.4073982,119.98,0.0,13.0,76.399833
NTUN,76439833,891.5194091796875,0.0,0.0,16.87,0.0,0.0,-14.463722229003906,39.9053828,116.4073982,119.98,0.0,13.0,76.439833
NTUN,76479833,892.925048828125,0.0,0.0,16.88,0.0,0.0,-14.466230392456055,39.9053828,116.4073982,119.98,0.0,13.0,76.479833
NTUN,76519833,892.925048828125,0.0,0.0,16.9,0.0,0.0,-14.466230392456055,39.9053828,116.4073982,119.98,0.0,13.0,76.519833
NTUN,76559833,892.925048828125,0.0,0.0,16.91,0.0,0.0,-14.466230392456055,39.9053828,116.4073982,119.98,0.0,13.0,76.559833
NTUN,76599833,894.3255615234375,0.0,0.0,16.92,0.0,0.0,-14.465802192687988,39.9053828,116.4073982,119.98,0.0,13.0,76.599833
NTUN,76639833,894.3255615234375,0.0,0.0,16.93,0.0,0.0,-14.465802192687988,39.9053828,116.4073982,119.98,0.0,13.0,76.639833
NTUN,76679833,895.7315063476562,0.0,0.0,16.95,0.0,0.0,-14.464343070983887,39.9053828,116.4073982,119.98,0.0,13.0,76.679833
NTUN,76719833,895.7315063476562,0.0,0.0,16.96,0.0,0.0,-14.464343070983887,39.9053828,116.4073982,119.98,0.0,13.0,76.719833
NTUN,76759833,895.7315063476562,0.0,0.0,16.97,0.0,0.0,-14.464343070983887,39.9053828,116.4073982,119.98,0.0,13.0,76.759833
NTUN,76799833,897.1375732421875,0.0,0.0,16.99,0.0,0.0,-14.46501636505127,39.9053828,116.4073982,119.98,0.0,13.0,76.799833
NTUN,76839833,897.1375732421875,0.0,0.0,17.0,0.0,0.0,-14.46501636505127,39.9053828,116.4073982,119.98,0.0,13.0,76.839833
NTUN,76879833,898.5350952148438,0.0,0.0,17.02,0.0,0.0,-14.465326309204102,39.9053828,116.4073982,119.98,0.0,13.0,76.879833
NTUN,76919833,898.5350952148438,0.0,0.0,17.03,0.0,0.0,-14.465326309204102,39.9053828,116.4073982,119.98,0.0,13.0,76.919833
NTUN,76959833,898.5350952148438,0.0,0.0,17.05,0.0,0.0,-14.465326309204102,39.9053828,116.4073982,119.98,0.0,13.0,76.959833
NTUN,76999833,899.9414672851562,0.0,0.0,17.06,0.0,0.0,-14.461286544799805,39.9053828,116.4073982,119.98,0.0,13.0,76.999833
NTUN,77039833,899.9414672851562,0.0,0.0,17.07,0.0,0.0,-14.461286544799805,39.9053828,116.4073982,119.98,0.0,13.0,77.039833
NTUN,77079833,901.3392333984375,0.0,0.0,17.09,0.0,0.0,-14.459182739257812,39.9053828,116.4073982,119.98,0.0,13.0,77.079833
NTUN,77119833,901.3392333984375,0.0,0.0,17.1,0.0,0.0,-14.459182739257812,39.9053828,116.4073982,119.98,0.0,13.0,77.119833
NTUN,77159833,901.3392333984375,0.0,0.0,17.12,0.0,0.0,-14.459182739257812,39.9053828,116.4073982,119.98,0.0,13.0,77.159833
NTUN,77199833,902.7459106445312,0.0,0.0,17.13,0.0,0.0,-14.456511497497559,39.9053828,116.4073982,119.98,0.0,13.0,77.199833
NTUN,77239833,902.7459106445312,0.0,0.0,17.15,0.0,0.0,-14.456511497497559,39.9053828,116.4073982,119.98,0.0,13.0,77.239833
NTUN,77279833,904.1526489257812,0.0,0.0,17.16,0.0,0.0,-14.454148292541504,39.9053828,116.4073982,119.98,0.0,13.0,77.279833
NTUN,77319833,904.1526489257812,0.0,0.0,17.17,0.0,0.0,-14.454148292541504,39.9053828,116.4073982,119.98,0.0,13.0,77.319833
NTUN,77359833,904.1526489257812,0.0,0.0,17.19,0.0,0.0,-14.454148292541504,39.9053828,116.4073982,119.98,0.0,13.0,77.359833
NTUN,77399833,905.5629272460938,0.0,0.0,17.2,0.0,0.0,-14.454046249389648,39.9053828,116.4073982,119.98,0.0,13.0,77.399833
NTUN,77439833,905.5629272460938,0.0,0.0,17.22,0.0,0.0,-14.454046249389648,39.9053828,116.4073982,119.98,0.0,13.0,77.439833
NTUN,77479833,906.9679565429688,0.0,0.0,17.23,0.0,0.0,-14.451536178588867,39.9053828,116.4073982,119.98,0.0,13.0,77.479833
NTUN,77519833,906.9679565429688,0.0,0.0,17.25,0.0,0.0,-14.451536178588867,39.9053828,116.4073982,119.98,0.0,13.0,77.519833
NTUN,77559833,906.9679565429688,0.0,0.0,17.26,0.0,0.0,-14.451536178588867,39.9053828,116.4073982,119.98,0.0,13.0,77.559833
NTUN,77599833,908.3818359375,0.0,0.0,17.28,0.0,0.0,-14.454595565795898,39.9053828,116.4073982,119.98,0.0,13.0,77.599833
NTUN,77639833,908.3818359375,0.0,0.0,17.3,0.0,0.0,-14.454595565795898,39.9053828,116.4073982,119.98,0.0,13.0,77.639833
NTUN,77679833,909.7904663085938,0.0,0.0,17.31,0.0,0.0,-14.455217361450195,39.9053828,116.4073982,119.98,0.0,13.0,77.679833
NTUN,77719833,909.7904663085938,0.0,0.0,17.33,0.0,0.0,-14.455217361450195,39.9053828,116.4073982,119.98,0.0,13.0,77.719833
NTUN,77759833,909.7904663085938,0.0,0.0,17.34,0.0,0.0,-14.455217361450195,39.9053828,116.4073982,119.98,0.0,13.0,77.759833
NTUN,77799833,911.2078857421875,0.0,0.0,17.36,0.0,0.0,-14.458736419677734,39.9053828,116.4073982,119.98,0.0,13.0,77.799833
NTUN,77839833,911.2078857421875,0.0,0.0,17.38,0.0,0.0,-14.458736419677734,39.9053828,116.4073982,119.98,0.0,13.0,77.839833
NTUN,77879833,912.6373901367188,0.0,0.0,17.39,0.0,0.0,-14.46462631225586,39.9053828,116.4073982,119.98,0.0,13.0,77.879833
NTUN,77919833,912.6373901367188,0.0,0.0,17.41,0.0,0.0,-14.46462631225586,39.9053828,116.4073982,119.98,0.0,13.0,77.919833
NTUN,77959833,912.6373901367188,0.0,0.0,17.42,0.0,0.0,-14.46462631225586,39.9053828,116.4073982,119.98,0.0,13.0,77.959833
NTUN,77999833,914.052978515625,0.0,0.0,17.44,0.0,0.0,-14.470223426818848,39.9053828,116.4073982,119.98,0.0,13.0,77.999833
NTUN,78039833,914.052978515625,0.0,0.0,17.46,0.0,0.0,-14.470223426818848,39.9053828,116.4073982,119.98,0.0,13.0,78.039833
NTUN,78079833,915.4806518554688,0.0,0.0,17.48,0.0,0.0,-14.47179126739502,39.9053828,116.4073982,119.98,0.0,13.0,78.079833
NTUN,78119833,915.4806518554688,0.0,0.0,17.49,0.0,0.0,-14.47179126739502,39.9053828,116.4073982,119.98,0.0,13.0,78.119833
NTUN,78159833,915.4806518554688,0.0,0.0,17.51,0.0,0.0,-14.47179126739502,39.9053828,116.4073982,119.98,0.0,13.0,78.159833
NTUN,78199833,916.9030151367188,0.0,0.0,17.53,0.0,0.0,-14.476600646972656,39.9053828,116.4073982,119.98,0.0,13.0,78.199833
NTUN,78239833,916.9030151367188,0.0,0.0,17.54,0.0,0.0,-14.476600646972656,39.9053828,116.4073982,119.98,0.0,13.0,78.239833
NTUN,78279833,918.3341064453125,0.0,0.0,17.56,0.0,0.0,-14.478590965270996,39.9053828,116.4073982,119.98,0.0,13.0,78.279833
NTUN,78319833,918.3341064453125,0.0,0.0,17.58,0.0,0.0,-14.478590965270996,39.9053828,116.4073982,119.98,0.0,13.0,78.319833
NTUN,78359833,918.3341064453125,0.0,0.0,17.6,0.0,0.0,-14.478590965270996,39.9053828,116.4073982,119.98,0.0,13.0,78.359833
NTUN,78399833,919.7633056640625,0.0,0.0,17.62,0.0,0.0,-14.483977317810059,39.9053828,116.4073982,119.98,0.0,13.0,78.399833
NTUN,78439833,919.7633056640625,0.0,0.0,17.63,0.0,0.0,-14.483977317810059,39.9053828,116.4073982,119.98,0.0,13.0,78.439833
NTUN,78479833,921.1925048828125,0.0,0.0,17.65,0.0,0.0,-14.486136436462402,39.9053828,116.4073982,119.98,0.0,13.0,78.479833
NTUN,78519833,921.1925048828125,0.0,0.0,17.67,0.0,0.0,-14.486136436462402,39.9053828,116.4073982,119.98,0.0,13.0,78.519833
NTUN,78559833,921.1925048828125,0.0,0.0,17.69,0.0,0.0,-14.486136436462402,39.9053828,116.4073982,119.98,0.0,13.0,78.559833
NTUN,78599833,922.6337280273438,0.0,0.0,17.71,0.0,0.0,-14.489840507507324,39.9053828,116.4073982,119.98,0.0,13.0,78.599833
NTUN,78639833,922.6337280273438,0.0,0.0,17.73,0.0,0.0,-14.489840507507324,39.9053828,116.4073982,119.98,0.0,13.0,78.639833
NTUN,78679833,924.0642700195312,0.0,0.0,17.74,0.0,0.0,-14.496978759765625,39.9053828,116.4073982,119.98,0.0,13.0,78.679833
NTUN,78719833,924.0642700195312,0.0,0.0,17.76,0.0,0.0,-14.496978759765625,39.9053828,116.4073982,119.98,0.0,13.0,78.719833
NTUN,78759833,924.0642700195312,0.0,0.0,17.78,0.0,0.0,-14.496978759765625,39.9053828,116.4073982,119.98,0.0,13.0,78.759833
NTUN,78799833,925.5088500976562,0.0,0.0,17.8,0.0,0.0,-14.501973152160645,39.9053828,116.4073982,119.98,0.0,13.0,78.799833
NTUN,78839833,925.5088500976562,0.0,0.0,17.81,0.0,0.0,-14.501973152160645,39.9053828,116.4073982,119.98,0.0,13.0,78.839833
NTUN,78879833,926.9514770507812,0.0,0.0,17.83,0.0,0.0,-14.50604248046875,39.9053828,116.4073982,119.98,0.0,13.0,78.879833
NTUN,78919833,926.9514770507812,0.0,0.0,17.85,0.0,0.0,-14.50604248046875,39.9053828,116.4073982,119.98,0.0,13.0,78.919833
NTUN,78959833,926.9514770507812,0.0,0.0,17.86,0.0,0.0,-14.50604248046875,39.9053828,116.4073982,119.98,0.0,13.0,78.959833
NTUN,78999833,928.3973388671875,0.0,0.0,17.88,0.0,0.0,-14.511687278747559,39.9053828,116.4073982,119.98,0.0,13.0,78.999833
NTUN,79039833,928.3973388671875,0.0,0.0,17.89,0.0,0.0,-14.511687278747559,39.9053828,116.4073982,119.98,0.0,13.0,79.039833
NTUN,79079833,929.8433227539062,0.0,0.0,17.91,0.0,0.0,-14.51650333404541,39.9053828,116.4073982,119.98,0.0,13.0,79.079833
NTUN,79119833,929.8433227539062,0.0,0.0,17.92,0.0,0.0,-14.51650333404541,39.9053828,116.4073982,119.98,0.0,13.0,79.119833
NTUN,79159833,929.8433227539062,0.0,0.0,17.94,0.0,0.0,-14.51650333404541,39.9053828,116.4073982,119.98,0.0,13.0,79.159833
NTUN,79199833,931.2838745117188,0.0,0.0,17.95,0.0,0.0,-14.519115447998047,39.9053828,116.4073982,119.98,0.0,13.0,79.199833
NTUN,79239833,931.2838745117188,0.0,0.0,17.96,0.0,0.0,-14.519115447998047,39.9053828,116.4073982,119.98,0.0,13.0,79.239833
NTUN,79279833,932.7332153320312,0.0,0.0,17.98,0.0,0.0,-14.520029067993164,39.9053828,116.4073982,119.98,0.0,13.0,79.279833
NTUN,79319833,932.7332153320312,0.0,0.0,17.99,0.0,0.0,-14.520029067993164,39.9053828,116.4073982,119.98,0.0,13.0,79.319833
NTUN,79359833,932.7332153320312,0.0,0.0,18.01,0.0,0.0,-14.520029067993164,39.9053828,116.4073982,119.98,0.0,13.0,79.359833
NTUN,79399833,934.1824951171875,0.0,0.0,18.02,0.0,0.0,-14.520414352416992,39.9053828,116.4073982,119.98,0.0,13.0,79.399833
NTUN,79439833,934.1824951171875,0.0,0.0,18.04,0.0,0.0,-14.520414352416992,39.9053828,116.4073982,119.98,0.0,13.0,79.439833
NTUN,79479833,935.6264038085938,0.0,0.0,18.05,0.0,0.0,-14.522610664367676,39.9053828,116.4073982,119.98,0.0,13.0,79.479833
NTUN,79519833,935.6264038085938,0.0,0.0,18.07,0.0,0.0,-14.522610664367676,39.9053828,116.4073982,119.98,0.0,13.0,79.519833
NTUN,79559833,935.6264038085938,0.0,0.0,18.08,0.0,0.0,-14.522610664367676,39.9053828,116.4073982,119.98,0.0,13.0,79.559833
NTUN,79599833,937.0703735351562,0.0,0.0,18.1,0.0,0.0,-14.522144317626953,39.9053828,116.4073982,119.98,0.0,13.0,79.599833
NTUN,79639833,937.0703735351562,0.0,0.0,18.12,0.0,0.0,-14.522144317626953,39.9053828,116.4073982,119.98,0.0,13.0,79.639833
NTUN,79679833,938.5230102539062,0.0,0.0,18.13,0.0,0.0,-14.520788192749023,39.9053828,116.4073982,119.98,0.0,13.0,79.679833
NTUN,79719833,938.5230102539062,0.0,0.0,18.15,0.0,0.0,-14.520788192749023,39.9053828,116.4073982,119.98,0.0,13.0,79.719833
NTUN,79759833,938.5230102539062,0.0,0.0,18.17,0.0,0.0,-14.520788192749023,39.9053828,116.4073982,119.98,0.0,13.0,79.759833
NTUN,79799833,939.9703369140625,0.0,0.0,18.18,0.0,0.0,-14.522500991821289,39.9053828,116.4073982,119.98,0.0,13.0,79.799833
NTUN,79839833,939.9703369140625,0.0,0.0,18.2,0.0,0.0,-14.522500991821289,39.9053828,116.4073982,119.98,0.0,13.0,79.839833
NTUN,79879833,941.414306640625,0.0,0.0,18.22,0.0,0.0,-14.52365493774414,39.9053828,116.4073982,119.98,0.0,13.0,79.879833
NTUN,79919833,941.414306640625,0.0,0.0,18.24,0.0,0.0,-14.52365493774414,39.9053828,116.4073982,119.98,0.0,13.0,79.919833
NTUN,79959833,941.414306640625,0.0,0.0,18.25,0.0,0.0,-14.52365493774414,39.9053828,116.4073982,119.98,0.0,13.0,79.959833
NTUN,79999833,942.8583984375,0.0,0.0,18.27,0.0,0.0,-14.523394584655762,39.9053828,116.4073982,119.98,0.0,13.0,79.999833
NTUN,80039833,942.8583984375,0.0,0.0,18.29,0.0,0.0,-14.523394584655762,39.9053828,116.4073982,119.98,0.0,13.0,80.039833
NTUN,80079833,944.3164672851562,0.0,0.0,18.3,0.0,0.0,-14.525799751281738,39.9053828,116.4073982,119.98,0.0,13.0,80.079833
NTUN,80119833,944.3164672851562,0.0,0.0,18.32,0.0,0.0,-14.525799751281738,39.9053828,116.4073982,119.98,0.0,13.0,80.119833
NTUN,80159833,944.3164672851562,0.0,0.0,18.34,0.0,0.0,-14.525799751281738,39.9053828,116.4073982,119.98,0.0,13.0,80.159833
NTUN,80199833,945.75732421875,0.0,0.0,18.35,0.0,0.0,-14.527896881103516,39.9053828,116.4073982,119.98,0.0,13.0,80.199833
NTUN,80239833,945.75732421875,0.0,0.0,18.37,0.0,0.0,-14.527896881103516,39.9053828,116.4073982,119.98,0.0,13.0,80.239833
NTUN,80279833,947.206787109375,0.0,0.0,18.39,0.0,0.0,-14.528426170349121,39.9053828,116.4073982,119.98,0.0,13.0,80.279833
NTUN,80319833,947.206787109375,0.0,0.0,18.4,0.0,0.0,-14.528426170349121,39.9053828,116.4073982,119.98,0.0,13.0,80.319833
NTUN,80359833,947.206787109375,0.0,0.0,18.42,0.0,0.0,-14.528426170349121,39.9053828,116.4073982,119.98,0.0,13.0,80.359833
NTUN,80399833,948.6530151367188,0.0,0.0,18.43,0.0,0.0,-14.531413078308105,39.9053828,116.4073982,119.98,0.0,13.0,80.399833
NTUN,80439833,948.6530151367188,0.0,0.0,18.45,0.0,0.0,-14.531413078308105,39.9053828,116.4073982,119.98,0.0,13.0,80.439833
NTUN,80479833,950.1046752929688,0.0,0.0,18.47,0.0,0.0,-14.534977912902832,39.9053828,116.4073982,119.98,0.0,13.0,80.479833
NTUN,80519833,950.1046752929688,0.0,0.0,18.48,0.0,0.0,-14.534977912902832,39.9053828,116.4073982,119.98,0.0,13.0,80.519833
NTUN,80559833,950.1046752929688,0.0,0.0,18.5,0.0,0.0,-14.534977912902832,39.9053828,116.4073982,119.98,0.0,13.0,80.559833
NTUN,80599833,951.5477294921875,0.0,0.0,18.52,0.0,0.0,-14.53807544708252,39.9053828,116.4073982,119.98,0.0,13.0,80.599833
NTUN,80639833,951.5477294921875,0.0,0.0,18.54,0.0,0.0,-14.53807544708252,39.9053828,116.4073982,119.98,0.0,13.0,80.639833
NTUN,80679833,952.992919921875,0.0,0.0,18.55,0.0,0.0,-14.541850090026855,39.9053828,116.4073982,119.98,0.0,13.0,80.679833
NTUN,80719833,952.992919921875,0.0,0.0,18.57,0.0,0.0,-14.541850090026855,39.9053828,116.4073982,119.98,0.0,13.0,80.719833
NTUN,80759833,952.992919921875,0.0,0.0,18.59,0.0,0.0,-14.541850090026855,39.9053828,116.4073982,119.98,0.0,13.0,80.759833
NTUN,80799833,954.4348754882812,0.0,0.0,18.61,0.0,0.0,-14.548733711242676,39.9053828,116.4073982,119.98,0.0,13.0,80.799833
NTUN,80839833,954.4348754882812,0.0,0.0,18.63,0.0,0.0,-14.548733711242676,39.9053828,116.4073982,119.98,0.0,13.0,80.839833
NTUN,80879833,955.88232421875,0.0,0.0,18.65,0.0,0.0,-14.553535461425781,39.9053828,116.4073982,119.98,0.0,13.0,80.879833
NTUN,80919833,955.88232421875,0.0,0.0,18.66,0.0,0.0,-14.553535461425781,39.9053828,116.4073982,119.98,0.0,13.0,80.919833
NTUN,80959833,955.88232421875,0.0,0.0,18.68,0.0,0.0,-14.553535461425781,39.9053828,116.4073982,119.98,0.0,13.0,80.959833
NTUN,80999833,957.3211669921875,0.0,0.0,18.7,0.0,0.0,-14.558197975158691,39.9053828,116.4073982,119.98,0.0,13.0,80.999833
NTUN,81039833,957.3211669921875,0.0,0.0,18.72,0.0,0.0,-14.558197975158691,39.9053828,116.4073982,119.98,0.0,13.0,81.039833
NTUN,81079833,958.7708129882812,0.0,0.0,18.74,0.0,0.0,-14.561711311340332,39.9053828,116.4073982,119.98,0.0,13.0,81.079833
NTUN,81119833,958.7708129882812,0.0,0.0,18.75,0.0,0.0,-14.561711311340332,39.9053828,116.4073982,119.98,0.0,13.0,81.119833
NTUN,81159833,958.7708129882812,0.0,0.0,18.77,0.0,0.0,-14.561711311340332,39.9053828,116.4073982,119.98,0.0,13.0,81.159833
NTUN,81199833,960.2032470703125,0.0,0.0,18.79,0.0,0.0,-14.565122604370117,39.9053828,116.4073982,119.98,0.0,13.0,81.199833
NTUN,81239833,960.2032470703125,0.0,0.0,18.81,0.0,0.0,-14.565122604370117,39.9053828,116.4073982,119.98,0.0,13.0,81.239833
NTUN,81279833,961.64111328125,0.0,0.0,18.83,0.0,0.0,-14.570775985717773,39.9053828,116.4073982,119.98,0.0,13.0,81.279833
NTUN,81319833,961.64111328125,0.0,0.0,18.85,0.0,0.0,-14.570775985717773,39.9053828,116.4073982,119.98,0.0,13.0,81.319833
NTUN,81359833,961.64111328125,0.0,0.0,18.87,0.0,0.0,-14.570775985717773,39.9053828,116.4073982,119.98,0.0,13.0,81.359833
NTUN,81399833,963.081298828125,0.0,0.0,18.88,0.0,0.0,-14.577386856079102,39.9053828,116.4073982,119.98,0.0,13.0,81.399833
NTUN,81439833,963.081298828125,0.0,0.0,18.9,0.0,0.0,-14.577386856079102,39.9053828,116.4073982,119.98,0.0,13.0,81.439833
NTUN,81479833,964.5128784179688,0.0,0.0,18.92,0.0,0.0,-14.58063793182373,39.9053828,116.4073982,119.98,0.0,13.0,81.479833
NTUN,81519833,964.5128784179688,0.0,0.0,18.94,0.0,0.0,-14.58063793182373,39.9053828,116.4073982,119.98,0.0,13.0,81.519833
NTUN,81559833,964.5128784179688,0.0,0.0,18.96,0.0,0.0,-14.58063793182373,39.9053828,116.4073982,119.98,0.0,13.0,81.559833
NTUN,81599833,965.9413452148438,0.0,0.0,18.97,0.0,0.0,-14.587567329406738,39.9053828,116.4073982,119.98,0.0,13.0,81.599833
NTUN,81639833,965.9413452148438,0.0,0.0,18.99,0.0,0.0,-14.587567329406738,39.9053828,116.4073982,119.98,0.0,13.0,81.639833
NTUN,81679833,967.3751831054688,0.0,0.0,19.01,0.0,0.0,-14.592588424682617,39.9053828,116.4073982,119.98,0.0,13.0,81.679833
NTUN,81719833,967.3751831054688,0.0,0.0,19.03,0.0,0.0,-14.592588424682617,39.9053828,116.4073982,119.98,0.0,13.0,81.719833
NTUN,81759833,967.3751831054688,0.0,0.0,19.04,0.0,0.0,-14.592588424682617,39.9053828,116.4073982,119.98,0.0,13.0,81.759833
NTUN,81799833,968.8060302734375,0.0,0.0,19.06,0.0,0.0,-14.595937728881836,39.9053828,116.4073982,119.98,0.0,13.0,81.799833
NTUN,81839833,968.8060302734375,0.0,0.0,19.08,0.0,0.0,-14.595937728881836,39.9053828,116.4073982,119.98,0.0,13.0,81.839833
NTUN,81879833,970.2369384765625,0.0,0.0,19.1,0.0,0.0,-14.600557327270508,39.9053828,116.4073982,119.98,0.0,13.0,81.879833
NTUN,81919833,970.2369384765625,0.0,0.0,19.11,0.0,0.0,-14.600557327270508,39.9053828,116.4073982,119.98,0.0,13.0,81.919833
NTUN,81959833,970.2369384765625,0.0,0.0,19.13,0.0,0.0,-14.600557327270508,39.9053828,116.4073982,119.98,0.0,13.0,81.959833
NTUN,81999833,971.6646728515625,0.0,0.0,19.14,0.0,0.0,-14.603801727294922,39.9053828,116.4073982,119.98,0.0,13.0,81.999833
NTUN,82039833,971.6646728515625,0.0,0.0,19.16,0.0,0.0,-14.603801727294922,39.9053828,116.4073982,119.98,0.0,13.0,82.039833
NTUN,82079833,973.08935546875,0.0,0.0,19.17,0.0,0.0,-14.604691505432129,39.9053828,116.4073982,119.98,0.0,13.0,82.079833
NTUN,82119833,973.08935546875,0.0,0.0,19.19,0.0,0.0,-14.604691505432129,39.9053828,116.4073982,119.98,0.0,13.0,82.119833
NTUN,82159833,973.08935546875,0.0,0.0,19.2,0.0,0.0,-14.604691505432129,39.9053828,116.4073982,119.98,0.0,13.0,82.159833
NTUN,82199833,974.51416015625,0.0,0.0,19.22,0.0,0.0,-14.604097366333008,39.9053828,116.4073982,119.98,0.0,13.0,82.199833
NTUN,82239833,974.51416015625,0.0,0.0,19.24,0.0,0.0,-14.604097366333008,39.9053828,116.4073982,119.98,0.0,13.0,82.239833
NTUN,82279833,975.9390869140625,0.0,0.0,19.25,0.0,0.0,-14.60374927520752,39.9053828,116.4073982,119.98,0.0,13.0,82.279833
NTUN,82319833,975.9390869140625,0.0,0.0,19.27,0.0,0.0,-14.60374927520752,39.9053828,116.4073982,119.98,0.0,13.0,82.319833
NTUN,82359833,975.9390869140625,0.0,0.0,19.29,0.0,0.0,-14.60374927520752,39.9053828,116.4073982,119.98,0.0,13.0,82.359833
NTUN,82399833,977.3609619140625,0.0,0.0,19.3,0.0,0.0,-14.606169700622559,39.9053828,116.4073982,119.98,0.0,13.0,82.399833
NTUN,82439833,977.3609619140625,0.0,0.0,19.32,0.0,0.0,-14.606169700622559,39.9053828,116.4073982,119.98,0.0,13.0,82.439833
NTUN,82479833,978.7775268554688,0.0,0.0,19.34,0.0,0.0,-14.60768985748291,39.9053828,116.4073982,119.98,0.0,13.0,82.479833
NTUN,82519833,978.7775268554688,0.0,0.0,19.36,0.0,0.0,-14.60768985748291,39.9053828,116.4073982,119.98,0.0,13.0,82.519833
NTUN,82559833,978.7775268554688,0.0,0.0,19.37,0.0,0.0,-14.60768985748291,39.9053828,116.4073982,119.98,0.0,13.0,82.559833
NTUN,82599833,980.2081909179688,0.0,0.0,19.39,0.0,0.0,-14.609256744384766,39.9053828,116.4073982,119.98,0.0,13.0,82.599833
NTUN,82639833,980.2081909179688,0.0,0.0,19.41,0.0,0.0,-14.609256744384766,39.9053828,116.4073982,119.98,0.0,13.0,82.639833
NTUN,82679833,981.63037109375,0.0,0.0,19.43,0.0,0.0,-14.60779857635498,39.9053828,116.4073982,119.98,0.0,13.0,82.679833
NTUN,82719833,981.63037109375,0.0,0.0,19.44,0.0,0.0,-14.60779857635498,39.9053828,116.4073982,119.98,0.0,13.0,82.719833
NTUN,82759833,981.63037109375,0.0,0.0,19.46,0.0,0.0,-14.60779857635498,39.9053828,116.4073982,119.98,0.0,13.0,82.759833
NTUN,82799833,983.0526733398438,0.0,0.0,19.48,0.0,0.0,-14.609308242797852,39.9053828,116.4073982,119.98,0.0,13.0,82.799833
NTUN,82839833,983.0526733398438,0.0,0.0,19.49,0.0,0.0,-14.609308242797852,39.9053828,116.4073982,119.98,0.0,13.0,82.839833
NTUN,82879833,984.4805297851562,0.0,0.0,19.51,0.0,0.0,-14.608177185058594,39.9053828,116.4073982,119.98,0.0,13.0,82.879833
NTUN,82919833,984.4805297851562,0.0,0.0,19.52,0.0,0.0,-14.608177185058594,39.9053828,116.4073982,119.98,0.0,13.0,82.919833
NTUN,82959833,984.4805297851562,0.0,0.0,19.54,0.0,0.0,-14.608177185058594,39.9053828,116.4073982,119.98,0.0,13.0,82.959833
NTUN,82999833,985.9117431640625,0.0,0.0,19.55,0.0,0.0,-14.610618591308594,39.9053828,116.4073982,119.98,0.0,13.0,82.999833
NTUN,83039833,985.9117431640625,0.0,0.0,19.57,0.0,0.0,-14.610618591308594,39.9053828,116.4073982,119.98,0.0,13.0,83.039833
NTUN,83079833,987.3289794921875,0.0,0.0,19.59,0.0,0.0,-14.609094619750977,39.9053828,116.4073982,119.98,0.0,13.0,83.079833
NTUN,83119833,987.3289794921875,0.0,0.0,19.6,0.0,0.0,-14.609094619750977,39.9053828,116.4073982,119.98,0.0,13.0,83.119833
NTUN,83159833,987.3289794921875,0.0,0.0,19.62,0.0,0.0,-14.609094619750977,39.9053828,116.4073982,119.98,0.0,13.0,83.159833
NTUN,83199833,988.7603759765625,0.0,0.0,19.63,0.0,0.0,-14.609179496765137,39.9053828,116.4073982,119.98,0.0,13.0,83.199833
NTUN,83239833,988.7603759765625,0.0,0.0,19.65,0.0,0.0,-14.609179496765137,39.9053828,116.4073982,119.98,0.0,13.0,83.239833
NTUN,83279833,990.1950073242188,0.0,0.0,19.67,0.0,0.0,-14.608098030090332,39.9053828,116.4073982,119.98,0.0,13.0,83.279833
NTUN,83319833,990.1950073242188,0.0,0.0,19.68,0.0,0.0,-14.608098030090332,39.9053828,116.4073982,119.98,0.0,13.0,83.319833
NTUN,83359833,990.1950073242188,0.0,0.0,19.7,0.0,0.0,-14.608098030090332,39.9053828,116.4073982,119.98,0.0,13.0,83.359833
NTUN,83399833,991.6243286132812,0.0,0.0,19.72,0.0,0.0,-14.610150337219238,39.9053828,116.4073982,119.98,0.0,13.0,83.399833
NTUN,83439833,991.6243286132812,0.0,0.0,19.73,0.0,0.0,-14.610150337219238,39.9053828,116.4073982,119.98,0.0,13.0,83.439833
NTUN,83479833,993.056884765625,0.0,0.0,19.75,0.0,0.0,-14.613476753234863,39.9053828,116.4073982,119.98,0.0,13.0,83.479833
NTUN,83519833,993.056884765625,0.0,0.0,19.77,0.0,0.0,-14.613476753234863,39.9053828,116.4073982,119.98,0.0,13.0,83.519833
NTUN,83559833,993.056884765625,0.0,0.0,19.79,0.0,0.0,-14.613476753234863,39.9053828,116.4073982,119.98,0.0,13.0,83.559833
NTUN,83599833,994.4949340820312,0.0,0.0,19.8,0.0,0.0,-14.61731243133545,39.9053828,116.4073982,119.98,0.0,13.0,83.599833
NTUN,83639833,994.4949340820312,0.0,0.0,19.82,0.0,0.0,-14.61731243133545,39.9053828,116.4073982,119.98,0.0,13.0,83.639833
NTUN,83679833,995.9393920898438,0.0,0.0,19.83,0.0,0.0,-14.617794036865234,39.9053828,116.4073982,119.98,0.0,13.0,83.679833
NTUN,83719833,995.9393920898438,0.0,0.0,19.85,0.0,0.0,-14.617794036865234,39.9053828,116.4073982,119.98,0.0,13.0,83.719833
NTUN,83759833,995.9393920898438,0.0,0.0,19.87,0.0,0.0,-14.617794036865234,39.9053828,116.4073982,119.98,0.0,13.0,83.759833
NTUN,83799833,997.3753662109375,0.0,0.0,19.89,0.0,0.0,-14.621505737304688,39.9053828,116.4073982,119.98,0.0,13.0,83.799833
NTUN,83839833,997.3753662109375,0.0,0.0,19.9,0.0,0.0,-14.621505737304688,39.9053828,116.4073982,119.98,0.0,13.0,83.839833
NTUN,83879833,998.8230590820312,0.0,0.0,19.92,0.0,0.0,-14.624815940856934,39.9053828,116.4073982,119.98,0.0,13.0,83.879833
NTUN,83919833,998.8230590820312,0.0,0.0,19.94,0.0,0.0,-14.624815940856934,39.9053828,116.4073982,119.98,0.0,13.0,83.919833
NTUN,83959833,998.8230590820312,0.0,0.0,19.95,0.0,0.0,-14.624815940856934,39.9053828,116.4073982,119.98,0.0,13.0,83.959833
NTUN,83999833,1000.265380859375,0.0,0.0,19.97,0.0,0.0,-14.627785682678223,39.9053828,116.4073982,119.98,0.0,13.0,83.999833
NTUN,84039833,1000.265380859375,0.0,0.0,19.99,0.0,0.0,-14.627785682678223,39.9053828,116.4073982,119.98,0.0,13.0,84.039833
NTUN,84079833,1001.7108764648438,0.0,0.0,20.01,0.0,0.0,-14.629114151000977,39.9053828,116.4073982,119.98,0.0,13.0,84.079833
NTUN,84119833,1001.7108764648438,0.0,0.0,20.02,0.0,0.0,-14.629114151000977,39.9053828,116.4073982,119.98,0.0,13.0,84.119833
NTUN,84159833,1001.7108764648438,0.0,0.0,20.04,0.0,0.0,-14.629114151000977,39.9053828,116.4073982,119.98,0.0,13.0,84.159833
NTUN,84199833,1003.1564331054688,0.0,0.0,20.06,0.0,0.0,-14.631874084472656,39.9053828,116.4073982,119.98,0.0,13.0,84.199833
NTUN,84239833,1003.1564331054688,0.0,0.0,20.07,0.0,0.0,-14.631874084472656,39.9053828,116.4073982,119.98,0.0,13.0,84.239833
NTUN,84279833,1004.6082763671875,0.0,0.0,20.09,0.0,0.0,-14.635124206542969,39.9053828,116.4073982,119.98,0.0,13.0,84.279833
NTUN,84319833,1004.6082763671875,0.0,0.0,20.1,0.0,0.0,-14.635124206542969,39.9053828,116.4073982,119.98,0.0,13.0,84.319833
NTUN,84359833,1004.6082763671875,0.0,0.0,20.12,0.0,0.0,-14.635124206542969,39.9053828,116.4073982,119.98,0.0,13.0,84.359833
NTUN,84399833,1006.0601806640625,0.0,0.0,20.14,0.0,0.0,-14.639323234558105,39.9053828,116.4073982,119.98,0.0,13.0,84.399833
NTUN,84439833,1006.0601806640625,0.0,0.0,20.15,0.0,0.0,-14.639323234558105,39.9053828,116.4073982,119.98,0.0,13.0,84.439833
NTUN,84479833,1007.5151977539062,0.0,0.0,20.17,0.0,0.0,-14.64189624786377,39.9053828,116.4073982,119.98,0.0,13.0,84.479833
NTUN,84519833,1007.5151977539062,0.0,0.0,20.18,0.0,0.0,-14.64189624786377,39.9053828,116.4073982,119.98,0.0,13.0,84.519833
NTUN,84559833,1007.5151977539062,0.0,0.0,20.2,0.0,0.0,-14.64189624786377,39.9053828,116.4073982,119.98,0.0,13.0,84.559833
NTUN,84599833,1008.973388671875,0.0,0.0,20.22,0.0,0.0,-14.645679473876953,39.9053828,116.4073982,119.98,0.0,13.0,84.599833
NTUN,84639833,1008.973388671875,0.0,0.0,20.24,0.0,0.0,-14.645679473876953,39.9053828,116.4073982,119.98,0.0,13.0,84.639833
NTUN,84679833,1010.4261474609375,0.0,0.0,20.25,0.0,0.0,-14.64901351928711,39.9053828,116.4073982,119.98,0.0,13.0,84.679833
NTUN,84719833,1010.4261474609375,0.0,0.0,20.27,0.0,0.0,-14.64901351928711,39.9053828,116.4073982,119.98,0.0,13.0,84.719833
NTUN,84759833,1010.4261474609375,0.0,0.0,20.28,0.0,0.0,-14.64901351928711,39.9053828,116.4073982,119.98,0.0,13.0,84.759833
NTUN,84799833,1011.8875122070312,0.0,0.0,20.3,0.0,0.0,-14.650540351867676,39.9053828,116.4073982,119.98,0.0,13.0,84.799833
NTUN,84839833,1011.8875122070312,0.0,0.0,20.32,0.0,0.0,-14.650540351867676,39.9053828,116.4073982,119.98,0.0,13.0,84.839833
NTUN,84879833,1013.3379516601562,0.0,0.0,20.33,0.0,0.0,-14.653435707092285,39.9053828,116.4073982,119.98,0.0,13.0,84.879833
NTUN,84919833,1013.3379516601562,0.0,0.0,20.35,0.0,0.0,-14.653435707092285,39.9053828,116.4073982,119.98,0.0,13.0,84.919833
NTUN,84959833,1013.3379516601562,0.0,0.0,20.36,0.0,0.0,-14.653435707092285,39.9053828,116.4073982,119.98,0.0,13.0,84.959833
NTUN,84999833,1014.8024291992188,0.0,0.0,20.38,0.0,0.0,-14.654107093811035,39.9053828,116.4073982,119.98,0.0,13.0,84.999833
NTUN,85039833,1014.8024291992188,0.0,0.0,20.39,0.0,0.0,-14.654107093811035,39.9053828,116.4073982,119.98,0.0,13.0,85.039833
NTUN,85079833,1016.2560424804688,0.0,0.0,20.41,0.0,0.0,-14.653770446777344,39.9053828,116.4073982,119.98,0.0,13.0,85.079833
NTUN,85119833,1016.2560424804688,0.0,0.0,20.42,0.0,0.0,-14.653770446777344,39.9053828,116.4073982,119.98,0.0,13.0,85.119833
NTUN,85159833,1016.2560424804688,0.0,0.0,20.44,0.0,0.0,-14.653770446777344,39.9053828,116.4073982,119.98,0.0,13.0,85.159833
NTUN,85199833,1017.715087890625,0.0,0.0,20.46,0.0,0.0,-14.655614852905273,39.9053828,116.4073982,119.98,0.0,13.0,85.199833
NTUN,85239833,1017.715087890625,0.0,0.0,20.47,0.0,0.0,-14.655614852905273,39.9053828,116.4073982,119.98,0.0,13.0,85.239833
NTUN,85279833,1019.1827392578125,0.0,0.0,20.49,0.0,0.0,-14.657186508178711,39.9053828,116.4073982,119.98,0.0,13.0,85.279833
NTUN,85319833,1019.1827392578125,0.0,0.0,20.5,0.0,0.0,-14.657186508178711,39.9053828,116.4073982,119.98,0.0,13.0,85.319833
NTUN,85359833,1019.1827392578125,0.0,0.0,20.52,0.0,0.0,-14.657186508178711,39.9053828,116.4073982,119.98,0.0,13.0,85.359833
NTUN,85399833,1020.6363525390625,0.0,0.0,20.54,0.0,0.0,-14.657892227172852,39.9053828,116.4073982,119.98,0.0,13.0,85.399833
NTUN,85439833,1020.6363525390625,0.0,0.0,20.55,0.0,0.0,-14.657892227172852,39.9053828,116.4073982,119.98,0.0,13.0,85.439833
NTUN,85479833,1022.1040649414062,0.0,0.0,20.57,0.0,0.0,-14.659879684448242,39.9053828,116.4073982,119.98,0.0,13.0,85.479833
NTUN,85519833,1022.1040649414062,0.0,0.0,20.59,0.0,0.0,-14.659879684448242,39.9053828,116.4073982,119.98,0.0,13.0,85.519833
NTUN,85559833,1022.1040649414062,0.0,0.0,20.6,0.0,0.0,-14.659879684448242,39.9053828,116.4073982,119.98,0.0,13.0,85.559833
NTUN,85599833,1023.563232421875,0.0,0.0,20.62,0.0,0.0,-14.658421516418457,39.9053828,116.4073982,119.98,0.0,13.0,85.599833
NTUN,85639833,1023.563232421875,0.0,0.0,20.64,0.0,0.0,-14.658421516418457,39.9053828,116.4073982,119.98,0.0,13.0,85.639833
NTUN,85679833,1025.0223388671875,0.0,0.0,20.66,0.0,0.0,-14.65800666809082,39.9053828,116.4073982,119.98,0.0,13.0,85.679833
NTUN,85719833,1025.0223388671875,0.0,0.0,20.68,0.0,0.0,-14.65800666809082,39.9053828,116.4073982,119.98,0.0,13.0,85.719833
NTUN,85759833,1025.0223388671875,0.0,0.0,20.69,0.0,0.0,-14.65800666809082,39.9053828,116.4073982,119.98,0.0,13.0,85.759833
NTUN,85799833,1026.4815673828125,0.0,0.0,20.71,0.0,0.0,-14.659283638000488,39.9053828,116.4073982,119.98,0.0,13.0,85.799833
NTUN,85839833,1026.4815673828125,0.0,0.0,20.73,0.0,0.0,-14.659283638000488,39.9053828,116.4073982,119.98,0.0,13.0,85.839833
NTUN,85879833,1027.9407958984375,0.0,0.0,20.75,0.0,0.0,-14.66218090057373,39.9053828,116.4073982,119.98,0.0,13.0,85.879833
NTUN,85919833,1027.9407958984375,0.0,0.0,20.77,0.0,0.0,-14.66218090057373,39.9053828,116.4073982,119.98,0.0,13.0,85.919833
NTUN,85959833,1027.9407958984375,0.0,0.0,20.79,0.0,0.0,-14.66218090057373,39.9053828,116.4073982,119.98,0.0,13.0,85.959833
NTUN,85999833,1029.39697265625,0.0,0.0,20.8,0.0,0.0,-14.66419792175293,39.9053828,116.4073982,119.98,0.0,13.0,85.999833
NTUN,86039833,1029.39697265625,0.0,0.0,20.82,0.0,0.0,-14.66419792175293,39.9053828,116.4073982,119.98,0.0,13.0,86.039833
NTUN,86079833,1030.858642578125,0.0,0.0,20.84,0.0,0.0,-14.667121887207031,39.9053828,116.4073982,119.98,0.0,13.0,86.079833
NTUN,86119833,1030.858642578125,0.0,0.0,20.86,0.0,0.0,-14.667121887207031,39.9053828,116.4073982,119.98,0.0,13.0,86.119833
NTUN,86159833,1030.858642578125,0.0,0.0,20.88,0.0,0.0,-14.667121887207031,39.9053828,116.4073982,119.98,0.0,13.0,86.159833
NTUN,86199833,1032.3172607421875,0.0,0.0,20.9,0.0,0.0,-14.670332908630371,39.9053828,116.4073982,119.98,0.0,13.0,86.199833
NTUN,86239833,1032.3172607421875,0.0,0.0,20.91,0.0,0.0,-14.670332908630371,39.9053828,116.4073982,119.98,0.0,13.0,86.239833
NTUN,86279833,1033.7760009765625,0.0,0.0,20.93,0.0,0.0,-14.675798416137695,39.9053828,116.4073982,119.98,0.0,13.0,86.279833
NTUN,86319833,1033.7760009765625,0.0,0.0,20.95,0.0,0.0,-14.675798416137695,39.9053828,116.4073982,119.98,0.0,13.0,86.319833
NTUN,86359833,1033.7760009765625,0.0,0.0,20.97,0.0,0.0,-14.675798416137695,39.9053828,116.4073982,119.98,0.0,13.0,86.359833
NTUN,86399833,1035.237060546875,0.0,0.0,20.99,0.0,0.0,-14.68104076385498,39.9053828,116.4073982,119.98,0.0,13.0,86.399833
NTUN,86439833,1035.237060546875,0.0,0.0,21.01,0.0,0.0,-14.68104076385498,39.9053828,116.4073982,119.98,0.0,13.0,86.439833
NTUN,86479833,1036.689697265625,0.0,0.0,21.02,0.0,0.0,-14.687215805053711,39.9053828,116.4073982,119.98,0.0,13.0,86.479833
NTUN,86519833,1036.689697265625,0.0,0.0,21.04,0.0,0.0,-14.687215805053711,39.9053828,116.4073982,119.98,0.0,13.0,86.519833
NTUN,86559833,1036.689697265625,0.0,0.0,21.06,0.0,0.0,-14.687215805053711,39.9053828,116.4073982,119.98,0.0,13.0,86.559833
NTUN,86599833,1038.144775390625,0.0,0.0,21.08,0.0,0.0,-14.691038131713867,39.9053828,116.4073982,119.98,0.0,13.0,86.599833
NTUN,86639833,1038.144775390625,0.0,0.0,21.1,0.0,0.0,-14.691038131713867,39.9053828,116.4073982,119.98,0.0,13.0,86.639833
NTUN,86679833,1039.5999755859375,0.0,0.0,21.12,0.0,0.0,-14.697066307067871,39.9053828,116.4073982,119.98,0.0,13.0,86.679833
NTUN,86719833,1039.5999755859375,0.0,0.0,21.14,0.0,0.0,-14.697066307067871,39.9053828,116.4073982,119.98,0.0,13.0,86.719833
NTUN,86759833,1039.5999755859375,0.0,0.0,21.15,0.0,0.0,-14.697066307067871,39.9053828,116.4073982,119.98,0.0,13.0,86.759833
NTUN,86799833,1041.0574951171875,0.0,0.0,21.17,0.0,0.0,-14.700279235839844,39.9053828,116.4073982,119.98,0.0,13.0,86.799833
NTUN,86839833,1041.0574951171875,0.0,0.0,21.19,0.0,0.0,-14.700279235839844,39.9053828,116.4073982,119.98,0.0,13.0,86.839833
NTUN,86879833,1042.4981689453125,0.0,0.0,21.21,0.0,0.0,-14.70654296875,39.9053828,116.4073982,119.98,0.0,13.0,86.879833
NTUN,86919833,1042.4981689453125,0.0,0.0,21.23,0.0,0.0,-14.70654296875,39.9053828,116.4073982,119.98,0.0,13.0,86.919833
NTUN,86959833,1042.4981689453125,0.0,0.0,21.24,0.0,0.0,-14.70654296875,39.9053828,116.4073982,119.98,0.0,13.0,86.959833
NTUN,86999833,1043.9498291015625,0.0,0.0,21.26,0.0,0.0,-14.712614059448242,39.9053828,116.4073982,119.98,0.0,13.0,86.999833
NTUN,87039833,1043.9498291015625,0.0,0.0,21.28,0.0,0.0,-14.712614059448242,39.9053828,116.4073982,119.98,0.0,13.0,87.039833
NTUN,87079833,1045.39306640625,0.0,0.0,21.3,0.0,0.0,-14.717212677001953,39.9053828,116.4073982,119.98,0.0,13.0,87.079833
NTUN,87119833,1045.39306640625,0.0,0.0,21.31,0.0,0.0,-14.717212677001953,39.9053828,116.4073982,119.98,0.0,13.0,87.119833
NTUN,87159833,1045.39306640625,0.0,0.0,21.33,0.0,0.0,-14.717212677001953,39.9053828,116.4073982,119.98,0.0,13.0,87.159833
NTUN,87199833,1046.841796875,0.0,0.0,21.35,0.0,0.0,-14.721200942993164,39.9053828,116.4073982,119.98,0.0,13.0,87.199833
NTUN,87239833,1046.841796875,0.0,0.0,21.36,0.0,0.0,-14.721200942993164,39.9053828,116.4073982,119.98,0.0,13.0,87.239833
NTUN,87279833,1048.2845458984375,0.0,0.0,21.38,0.0,0.0,-14.724739074707031,39.9053828,116.4073982,119.98,0.0,13.0,87.279833
NTUN,87319833,1048.2845458984375,0.0,0.0,21.4,0.0,0.0,-14.724739074707031,39.9053828,116.4073982,119.98,0.0,13.0,87.319833
NTUN,87359833,1048.2845458984375,0.0,0.0,21.41,0.0,0.0,-14.724739074707031,39.9053828,116.4073982,119.98,0.0,13.0,87.359833
NTUN,87399833,1049.7275390625,0.0,0.0,21.43,0.0,0.0,-14.726384162902832,39.9053828,116.4073982,119.98,0.0,13.0,87.399833
NTUN,87439833,1049.7275390625,0.0,0.0,21.44,0.0,0.0,-14.726384162902832,39.9053828,116.4073982,119.98,0.0,13.0,87.439833
NTUN,87479833,1051.16748046875,0.0,0.0,21.46,0.0,0.0,-14.72880744934082,39.9053828,116.4073982,119.98,0.0,13.0,87.479833
NTUN,87519833,1051.16748046875,0.0,0.0,21.47,0.0,0.0,-14.72880744934082,39.9053828,116.4073982,119.98,0.0,13.0,87.519833
NTUN,87559833,1051.16748046875,0.0,0.0,21.49,0.0,0.0,-14.72880744934082,39.9053828,116.4073982,119.98,0.0,13.0,87.559833
NTUN,87599833,1052.5989990234375,0.0,0.0,21.51,0.0,0.0,-14.731095314025879,39.9053828,116.4073982,119.98,0.0,13.0,87.599833
NTUN,87639833,1052.5989990234375,0.0,0.0,21.52,0.0,0.0,-14.731095314025879,39.9053828,116.4073982,119.98,0.0,13.0,87.639833
NTUN,87679833,1054.0361328125,0.0,0.0,21.54,0.0,0.0,-14.734020233154297,39.9053828,116.4073982,119.98,0.0,13.0,87.679833
NTUN,87719833,1054.0361328125,0.0,0.0,21.55,0.0,0.0,-14.734020233154297,39.9053828,116.4073982,119.98,0.0,13.0,87.719833
NTUN,87759833,1054.0361328125,0.0,0.0,21.57,0.0,0.0,-14.734020233154297,39.9053828,116.4073982,119.98,0.0,13.0,87.759833
NTUN,87799833,1055.4703369140625,0.0,0.0,21.59,0.0,0.0,-14.733780860900879,39.9053828,116.4073982,119.98,0.0,13.0,87.799833
NTUN,87839833,1055.4703369140625,0.0,0.0,21.6,0.0,0.0,-14.733780860900879,39.9053828,116.4073982,119.98,0.0,13.0,87.839833
NTUN,87879833,1056.90478515625,0.0,0.0,21.62,0.0,0.0,-14.732693672180176,39.9053828,116.4073982,119.98,0.0,13.0,87.879833
NTUN,87919833,1056.90478515625,0.0,0.0,21.63,0.0,0.0,-14.732693672180176,39.9053828,116.4073982,119.98,0.0,13.0,87.919833
NTUN,87959833,1056.90478515625,0.0,0.0,21.65,0.0,0.0,-14.732693672180176,39.9053828,116.4073982,119.98,0.0,13.0,87.959833
NTUN,87999833,1058.336181640625,0.0,0.0,21.67,0.0,0.0,-14.73473834991455,39.9053828,116.4073982,119.98,0.0,13.0,87.999833
NTUN,88039833,1058.336181640625,0.0,0.0,21.68,0.0,0.0,-14.73473834991455,39.9053828,116.4073982,119.98,0.0,13.0,88.039833
NTUN,88079833,1059.7623291015625,0.0,0.0,21.7,0.0,0.0,-14.734993934631348,39.9053828,116.4073982,119.98,0.0,13.0,88.079833
NTUN,88119833,1059.7623291015625,0.0,0.0,21.71,0.0,0.0,-14.734993934631348,39.9053828,116.4073982,119.98,0.0,13.0,88.119833
NTUN,88159833,1059.7623291015625,0.0,0.0,21.73,0.0,0.0,-14.734993934631348,39.9053828,116.4073982,119.98,0.0,13.0,88.159833
NTUN,88199833,1061.194091796875,0.0,0.0,21.74,0.0,0.0,-14.732708930969238,39.9053828,116.4073982,119.98,0.0,13.0,88.199833
NTUN,88239833,1061.194091796875,0.0,0.0,21.76,0.0,0.0,-14.732708930969238,39.9053828,116.4073982,119.98,0.0,13.0,88.239833
NTUN,88279833,1062.6314697265625,0.0,0.0,21.77,0.0,0.0,-14.730929374694824,39.9053828,116.4073982,119.98,0.0,13.0,88.279833
NTUN,88319833,1062.6314697265625,0.0,0.0,21.79,0.0,0.0,-14.730929374694824,39.9053828,116.4073982,119.98,0.0,13.0,88.319833
NTUN,88359833,1062.6314697265625,0.0,0.0,21.8,0.0,0.0,-14.730929374694824,39.9053828,116.4073982,119.98,0.0,13.0,88.359833
NTUN,88399833,1064.0634765625,0.0,0.0,21.82,0.0,0.0,-14.730015754699707,39.9053828,116.4073982,119.98,0.0,13.0,88.399833
NTUN,88439833,1064.0634765625,0.0,0.0,21.83,0.0,0.0,-14.730015754699707,39.9053828,116.4073982,119.98,0.0,13.0,88.439833
NTUN,88479833,1065.49560546875,0.0,0.0,21.85,0.0,0.0,-14.72978687286377,39.9053828,116.4073982,119.98,0.0,13.0,88.479833
NTUN,88519833,1065.49560546875,0.0,0.0,21.86,0.0,0.0,-14.72978687286377,39.9053828,116.4073982,119.98,0.0,13.0,88.519833
NTUN,88559833,1065.49560546875,0.0,0.0,21.88,0.0,0.0,-14.72978687286377,39.9053828,116.4073982,119.98,0.0,13.0,88.559833
NTUN,88599833,1066.9278564453125,0.0,0.0,21.9,0.0,0.0,-14.730813980102539,39.9053828,116.4073982,119.98,0.0,13.0,88.599833
NTUN,88639833,1066.9278564453125,0.0,0.0,21.91,0.0,0.0,-14.730813980102539,39.9053828,116.4073982,119.98,0.0,13.0,88.639833
NTUN,88679833,1068.3602294921875,0.0,0.0,21.93,0.0,0.0,-14.728540420532227,39.9053828,116.4073982,119.98,0.0,13.0,88.679833
NTUN,88719833,1068.3602294921875,0.0,0.0,21.95,0.0,0.0,-14.728540420532227,39.9053828,116.4073982,119.98,0.0,13.0,88.719833
NTUN,88759833,1068.3602294921875,0.0,0.0,21.96,0.0,0.0,-14.728540420532227,39.9053828,116.4073982,119.98,0.0,13.0,88.759833
NTUN,88799833,1069.787109375,0.0,0.0,21.98,0.0,0.0,-14.730047225952148,39.9053828,116.4073982,119.98,0.0,13.0,88.799833
NTUN,88839833,1069.787109375,0.0,0.0,22.0,0.0,0.0,-14.730047225952148,39.9053828,116.4073982,119.98,0.0,13.0,88.839833
NTUN,88879833,1071.2227783203125,0.0,0.0,22.02,0.0,0.0,-14.730673789978027,39.9053828,116.4073982,119.98,0.0,13.0,88.879833
NTUN,88919833,1071.2227783203125,0.0,0.0,22.03,0.0,0.0,-14.730673789978027,39.9053828,116.4073982,119.98,0.0,13.0,88.919833
NTUN,88959833,1071.2227783203125,0.0,0.0,22.05,0.0,0.0,-14.730673789978027,39.9053828,116.4073982,119.98,0.0,13.0,88.959833
NTUN,88999833,1072.6668701171875,0.0,0.0,22.07,0.0,0.0,-14.731697082519531,39.9053828,116.4073982,119.98,0.0,13.0,88.999833
NTUN,89039833,1072.6668701171875,0.0,0.0,22.09,0.0,0.0,-14.731697082519531,39.9053828,116.4073982,119.98,0.0,13.0,89.039833
NTUN,89079833,1074.10009765625,0.0,0.0,22.11,0.0,0.0,-14.732521057128906,39.9053828,116.4073982,119.98,0.0,13.0,89.079833
NTUN,89119833,1074.10009765625,0.0,0.0,22.13,0.0,0.0,-14.732521057128906,39.9053828,116.4073982,119.98,0.0,13.0,89.119833
NTUN,89159833,1074.10009765625,0.0,0.0,22.15,0.0,0.0,-14.732521057128906,39.9053828,116.4073982,119.98,0.0,13.0,89.159833
NTUN,89199833,1075.5474853515625,0.0,0.0,22.17,0.0,0.0,-14.737534523010254,39.9053828,116.4073982,119.98,0.0,13.0,89.199833
NTUN,89239833,1075.5474853515625,0.0,0.0,22.19,0.0,0.0,-14.737534523010254,39.9053828,116.4073982,119.98,0.0,13.0,89.239833
NTUN,89279833,1076.9923095703125,0.0,0.0,22.21,0.0,0.0,-14.740002632141113,39.9053828,116.4073982,119.98,0.0,13.0,89.279833
NTUN,89319833,1076.9923095703125,0.0,0.0,22.23,0.0,0.0,-14.740002632141113,39.9053828,116.4073982,119.98,0.0,13.0,89.319833
NTUN,89359833,1076.9923095703125,0.0,0.0,22.25,0.0,0.0,-14.740002632141113,39.9053828,116.4073982,119.98,0.0,13.0,89.359833
NTUN,89399833,1078.440185546875,0.0,0.0,22.27,0.0,0.0,-14.746131896972656,39.9053828,116.4073982,119.98,0.0,13.0,89.399833
NTUN,89439833,1078.440185546875,0.0,0.0,22.29,0.0,0.0,-14.746131896972656,39.9053828,116.4073982,119.98,0.0,13.0,89.439833
NTUN,89479833,1079.896484375,0.0,0.0,22.31,0.0,0.0,-14.75125503540039,39.9053828,116.4073982,119.98,0.0,13.0,89.479833
NTUN,89519833,1079.896484375,0.0,0.0,22.33,0.0,0.0,-14.75125503540039,39.9053828,116.4073982,119.98,0.0,13.0,89.519833
NTUN,89559833,1079.896484375,0.0,0.0,22.35,0.0,0.0,-14.75125503540039,39.9053828,116.4073982,119.98,0.0,13.0,89.559833
NTUN,89599833,1081.347412109375,0.0,0.0,22.36,0.0,0.0,-14.758390426635742,39.9053828,116.4073982,119.98,0.0,13.0,89.599833
NTUN,89639833,1081.347412109375,0.0,0.0,22.38,0.0,0.0,-14.758390426635742,39.9053828,116.4073982,119.98,0.0,13.0,89.639833
NTUN,89679833,1082.7958984375,0.0,0.0,22.4,0.0,0.0,-14.761605262756348,39.9053828,116.4073982,119.98,0.0,13.0,89.679833
NTUN,89719833,1082.7958984375,0.0,0.0,22.42,0.0,0.0,-14.761605262756348,39.9053828,116.4073982,119.98,0.0,13.0,89.719833
NTUN,89759833,1082.7958984375,0.0,0.0,22.44,0.0,0.0,-14.761605262756348,39.9053828,116.4073982,119.98,0.0,13.0,89.759833
NTUN,89799833,1084.26123046875,0.0,0.0,22.46,0.0,0.0,-14.767069816589355,39.9053828,116.4073982,119.98,0.0,13.0,89.799833
NTUN,89839833,1084.26123046875,0.0,0.0,22.48,0.0,0.0,-14.767069816589355,39.9053828,116.4073982,119.98,0.0,13.0,89.839833
NTUN,89879833,1085.715576171875,0.0,0.0,22.49,0.0,0.0,-14.770976066589355,39.9053828,116.4073982,119.98,0.0,13.0,89.879833
NTUN,89919833,1085.715576171875,0.0,0.0,22.51,0.0,0.0,-14.770976066589355,39.9053828,116.4073982,119.98,0.0,13.0,89.919833
NTUN,89959833,1085.715576171875,0.0,0.0,22.53,0.0,0.0,-14.770976066589355,39.9053828,116.4073982,119.98,0.0,13.0,89.959833
NTUN,89999833,1087.178466796875,0.0,0.0,22.55,0.0,0.0,-14.774813652038574,39.9053828,116.4073982,119.98,0.0,13.0,89.999833
NTUN,90039833,1087.178466796875,0.0,0.0,22.57,0.0,0.0,-14.774813652038574,39.9053828,116.4073982,119.98,0.0,13.0,90.039833
NTUN,90079833,1088.644287109375,0.0,0.0,22.59,0.0,0.0,-14.779419898986816,39.9053828,116.4073982,119.98,0.0,13.0,90.079833
NTUN,90119833,1088.644287109375,0.0,0.0,22.61,0.0,0.0,-14.779419898986816,39.9053828,116.4073982,119.98,0.0,13.0,90.119833
NTUN,90159833,1088.644287109375,0.0,0.0,22.63,0.0,0.0,-14.779419898986816,39.9053828,116.4073982,119.98,0.0,13.0,90.159833
NTUN,90199833,1090.113037109375,0.0,0.0,22.65,0.0,0.0,-14.78342342376709,39.9053828,116.4073982,119.98,0.0,13.0,90.199833
NTUN,90239833,1090.113037109375,0.0,0.0,22.67,0.0,0.0,-14.78342342376709,39.9053828,116.4073982,119.98,0.0,13.0,90.239833
NTUN,90279833,1091.584716796875,0.0,0.0,22.69,0.0,0.0,-14.789464950561523,39.9053828,116.4073982,119.98,0.0,13.0,90.279833
NTUN,90319833,1091.584716796875,0.0,0.0,22.71,0.0,0.0,-14.789464950561523,39.9053828,116.4073982,119.98,0.0,13.0,90.319833
NTUN,90359833,1091.584716796875,0.0,0.0,22.73,0.0,0.0,-14.789464950561523,39.9053828,116.4073982,119.98,0.0,13.0,90.359833
NTUN,90399833,1093.0594482421875,0.0,0.0,22.75,0.0,0.0,-14.792799949645996,39.9053828,116.4073982,119.98,0.0,13.0,90.399833
NTUN,90439833,1093.0594482421875,0.0,0.0,22.77,0.0,0.0,-14.792799949645996,39.9053828,116.4073982,119.98,0.0,13.0,90.439833
NTUN,90479833,1094.5341796875,0.0,0.0,22.79,0.0,0.0,-14.795388221740723,39.9053828,116.4073982,119.98,0.0,13.0,90.479833
NTUN,90519833,1094.5341796875,0.0,0.0,22.81,0.0,0.0,-14.795388221740723,39.9053828,116.4073982,119.98,0.0,13.0,90.519833
NTUN,90559833,1094.5341796875,0.0,0.0,22.82,0.0,0.0,-14.795388221740723,39.9053828,116.4073982,119.98,0.0,13.0,90.559833
NTUN,90599833,1096.0062255859375,0.0,0.0,22.84,0.0,0.0,-14.800433158874512,39.9053828,116.4073982,119.98,0.0,13.0,90.599833
NTUN,90639833,1096.0062255859375,0.0,0.0,22.86,0.0,0.0,-14.800433158874512,39.9053828,116.4073982,119.98,0.0,13.0,90.639833
NTUN,90679833,1097.478271484375,0.0,0.0,22.88,0.0,0.0,-14.803668975830078,39.9053828,116.4073982,119.98,0.0,13.0,90.679833
NTUN,90719833,1097.478271484375,0.0,0.0,22.89,0.0,0.0,-14.803668975830078,39.9053828,116.4073982,119.98,0.0,13.0,90.719833
NTUN,90759833,1097.478271484375,0.0,0.0,22.91,0.0,0.0,-14.803668975830078,39.9053828,116.4073982,119.98,0.0,13.0,90.759833
NTUN,90799833,1098.9532470703125,0.0,0.0,22.93,0.0,0.0,-14.805220603942871,39.9053828,116.4073982,119.98,0.0,13.0,90.799833
NTUN,90839833,1098.9532470703125,0.0,0.0,22.94,0.0,0.0,-14.805220603942871,39.9053828,116.4073982,119.98,0.0,13.0,90.839833
NTUN,90879833,1100.4227294921875,0.0,0.0,22.96,0.0,0.0,-14.808502197265625,39.9053828,116.4073982,119.98,0.0,13.0,90.879833
NTUN,90919833,1100.4227294921875,0.0,0.0,22.98,0.0,0.0,-14.808502197265625,39.9053828,116.4073982,119.98,0.0,13.0,90.919833
NTUN,90959833,1100.4227294921875,0.0,0.0,22.99,0.0,0.0,-14.808502197265625,39.9053828,116.4073982,119.98,0.0,13.0,90.959833
NTUN,90999833,1101.90625,0.0,0.0,23.01,0.0,0.0,-14.810426712036133,39.9053828,116.4073982,119.98,0.0,13.0,90.999833
NTUN,91039833,1101.90625,0.0,0.0,23.03,0.0,0.0,-14.810426712036133,39.9053828,116.4073982,119.98,0.0,13.0,91.039833
NTUN,91079833,1103.3812255859375,0.0,0.0,23.04,0.0,0.0,-14.809418678283691,39.9053828,116.4073982,119.98,0.0,13.0,91.079833
NTUN,91119833,1103.3812255859375,0.0,0.0,23.06,0.0,0.0,-14.809418678283691,39.9053828,116.4073982,119.98,0.0,13.0,91.119833
NTUN,91159833,1103.3812255859375,0.0,0.0,23.08,0.0,0.0,-14.809418678283691,39.9053828,116.4073982,119.98,0.0,13.0,91.159833
NTUN,91199833,1104.8592529296875,0.0,0.0,23.09,0.0,0.0,-14.811765670776367,39.9053828,116.4073982,119.98,0.0,13.0,91.199833
NTUN,91239833,1104.8592529296875,0.0,0.0,23.11,0.0,0.0,-14.811765670776367,39.9053828,116.4073982,119.98,0.0,13.0,91.239833
NTUN,91279833,1106.3287353515625,0.0,0.0,23.13,0.0,0.0,-14.81088638305664,39.9053828,116.4073982,119.98,0.0,13.0,91.279833
NTUN,91319833,1106.3287353515625,0.0,0.0,23.14,0.0,0.0,-14.81088638305664,39.9053828,116.4073982,119.98,0.0,13.0,91.319833
NTUN,91359833,1106.3287353515625,0.0,0.0,23.16,0.0,0.0,-14.81088638305664,39.9053828,116.4073982,119.98,0.0,13.0,91.359833
NTUN,91399833,1107.812255859375,0.0,0.0,23.18,0.0,0.0,-14.80885124206543,39.9053828,116.4073982,119.98,0.0,13.0,91.399833
NTUN,91439833,1107.812255859375,0.0,0.0,23.19,0.0,0.0,-14.80885124206543,39.9053828,116.4073982,119.98,0.0,13.0,91.439833
NTUN,91479833,1109.2818603515625,0.0,0.0,23.21,0.0,0.0,-14.806879997253418,39.9053828,116.4073982,119.98,0.0,13.0,91.479833
NTUN,91519833,1109.2818603515625,0.0,0.0,23.23,0.0,0.0,-14.806879997253418,39.9053828,116.4073982,119.98,0.0,13.0,91.519833
NTUN,91559833,1109.2818603515625,0.0,0.0,23.24,0.0,0.0,-14.806879997253418,39.9053828,116.4073982,119.98,0.0,13.0,91.559833
NTUN,91599833,1110.7569580078125,0.0,0.0,23.26,0.0,0.0,-14.806373596191406,39.9053828,116.4073982,119.98,0.0,13.0,91.599833
NTUN,91639833,1110.7569580078125,0.0,0.0,23.27,0.0,0.0,-14.806373596191406,39.9053828,116.4073982,119.98,0.0,13.0,91.639833
NTUN,91679833,1112.2320556640625,0.0,0.0,23.29,0.0,0.0,-14.80445671081543,39.9053828,116.4073982,119.98,0.0,13.0,91.679833
NTUN,91719833,1112.2320556640625,0.0,0.0,23.31,0.0,0.0,-14.80445671081543,39.9053828,116.4073982,119.98,0.0,13.0,91.719833
NTUN,91759833,1112.2320556640625,0.0,0.0,23.33,0.0,0.0,-14.80445671081543,39.9053828,116.4073982,119.98,0.0,13.0,91.759833
NTUN,91799833,1113.704345703125,0.0,0.0,23.34,0.0,0.0,-14.803932189941406,39.9053828,116.4073982,119.98,0.0,13.0,91.799833
NTUN,91839833,1113.704345703125,0.0,0.0,23.36,0.0,0.0,-14.803932189941406,39.9053828,116.4073982,119.98,0.0,13.0,91.839833
NTUN,91879833,1115.18212890625,0.0,0.0,23.38,0.0,0.0,-14.806178092956543,39.9053828,116.4073982,119.98,0.0,13.0,91.879833
NTUN,91919833,1115.18212890625,0.0,0.0,23.4,0.0,0.0,-14.806178092956543,39.9053828,116.4073982,119.98,0.0,13.0,91.919833
NTUN,91959833,1115.18212890625,0.0,0.0,23.42,0.0,0.0,-14.806178092956543,39.9053828,116.4073982,119.98,0.0,13.0,91.959833
NTUN,91999833,1116.6572265625,0.0,0.0,23.44,0.0,0.0,-14.808080673217773,39.9053828,116.4073982,119.98,0.0,13.0,91.999833
NTUN,92039833,1116.6572265625,0.0,0.0,23.46,0.0,0.0,-14.808080673217773,39.9053828,116.4073982,119.98,0.0,13.0,92.039833
NTUN,92079833,1118.1322021484375,0.0,0.0,23.48,0.0,0.0,-14.808618545532227,39.9053828,116.4073982,119.98,0.0,13.0,92.079833
NTUN,92119833,1118.1322021484375,0.0,0.0,23.5,0.0,0.0,-14.808618545532227,39.9053828,116.4073982,119.98,0.0,13.0,92.119833
NTUN,92159833,1118.1322021484375,0.0,0.0,23.52,0.0,0.0,-14.808618545532227,39.9053828,116.4073982,119.98,0.0,13.0,92.159833
NTUN,92199833,1119.6043701171875,0.0,0.0,23.54,0.0,0.0,-14.809308052062988,39.9053828,116.4073982,119.98,0.0,13.0,92.199833
NTUN,92239833,1119.6043701171875,0.0,0.0,23.56,0.0,0.0,-14.809308052062988,39.9053828,116.4073982,119.98,0.0,13.0,92.239833
NTUN,92279833,1121.0792236328125,0.0,0.0,23.58,0.0,0.0,-14.814809799194336,39.9053828,116.4073982,119.98,0.0,13.0,92.279833
NTUN,92319833,1121.0792236328125,0.0,0.0,23.6,0.0,0.0,-14.814809799194336,39.9053828,116.4073982,119.98,0.0,13.0,92.319833
NTUN,92359833,1121.0792236328125,0.0,0.0,23.62,0.0,0.0,-14.814809799194336,39.9053828,116.4073982,119.98,0.0,13.0,92.359833
NTUN,92399833,1122.545654296875,0.0,0.0,23.64,0.0,0.0,-14.818634033203125,39.9053828,116.4073982,119.98,0.0,13.0,92.399833
NTUN,92439833,1122.545654296875,0.0,0.0,23.66,0.0,0.0,-14.818634033203125,39.9053828,116.4073982,119.98,0.0,13.0,92.439833
NTUN,92479833,1124.0177001953125,0.0,0.0,23.68,0.0,0.0,-14.822853088378906,39.9053828,116.4073982,119.98,0.0,13.0,92.479833
NTUN,92519833,1124.0177001953125,0.0,0.0,23.7,0.0,0.0,-14.822853088378906,39.9053828,116.4073982,119.98,0.0,13.0,92.519833
NTUN,92559833,1124.0177001953125,0.0,0.0,23.72,0.0,0.0,-14.822853088378906,39.9053828,116.4073982,119.98,0.0,13.0,92.559833
NTUN,92599833,1125.4869384765625,0.0,0.0,23.74,0.0,0.0,-14.829669952392578,39.9053828,116.4073982,119.98,0.0,13.0,92.599833
NTUN,92639833,1125.4869384765625,0.0,0.0,23.77,0.0,0.0,-14.829669952392578,39.9053828,116.4073982,119.98,0.0,13.0,92.639833
NTUN,92679833,1126.953369140625,0.0,0.0,23.79,0.0,0.0,-14.835221290588379,39.9053828,116.4073982,119.98,0.0,13.0,92.679833
NTUN,92719833,1126.953369140625,0.0,0.0,23.81,0.0,0.0,-14.835221290588379,39.9053828,116.4073982,119.98,0.0,13.0,92.719833
NTUN,92759833,1126.953369140625,0.0,0.0,23.83,0.0,0.0,-14.835221290588379,39.9053828,116.4073982,119.98,0.0,13.0,92.759833
NTUN,92799833,1128.4169921875,0.0,0.0,23.85,0.0,0.0,-14.84150505065918,39.9053828,116.4073982,119.98,0.0,13.0,92.799833
NTUN,92839833,1128.4169921875,0.0,0.0,23.87,0.0,0.0,-14.84150505065918,39.9053828,116.4073982,119.98,0.0,13.0,92.839833
NTUN,92879833,1129.88623046875,0.0,0.0,23.89,0.0,0.0,-14.846330642700195,39.9053828,116.4073982,119.98,0.0,13.0,92.879833
NTUN,92919833,1129.88623046875,0.0,0.0,23.91,0.0,0.0,-14.846330642700195,39.9053828,116.4073982,119.98,0.0,13.0,92.919833
NTUN,92959833,1129.88623046875,0.0,0.0,23.93,0.0,0.0,-14.846330642700195,39.9053828,116.4073982,119.98,0.0,13.0,92.959833
NTUN,92999833,1131.3526611328125,0.0,0.0,23.95,0.0,0.0,-14.854301452636719,39.9053828,116.4073982,119.98,0.0,13.0,92.999833
NTUN,93039833,1131.3526611328125,0.0,0.0,23.97,0.0,0.0,-14.854301452636719,39.9053828,116.4073982,119.98,0.0,13.0,93.039833
NTUN,93079833,1132.8162841796875,0.0,0.0,23.99,0.0,0.0,-14.859609603881836,39.9053828,116.4073982,119.98,0.0,13.0,93.079833
NTUN,93119833,1132.8162841796875,0.0,0.0,24.01,0.0,0.0,-14.859609603881836,39.9053828,116.4073982,119.98,0.0,13.0,93.119833
NTUN,93159833,1132.8162841796875,0.0,0.0,24.02,0.0,0.0,-14.859609603881836,39.9053828,116.4073982,119.98,0.0,13.0,93.159833
NTUN,93199833,1134.2772216796875,0.0,0.0,24.04,0.0,0.0,-14.863380432128906,39.9053828,116.4073982,119.98,0.0,13.0,93.199833
NTUN,93239833,1134.2772216796875,0.0,0.0,24.06,0.0,0.0,-14.863380432128906,39.9053828,116.4073982,119.98,0.0,13.0,93.239833
NTUN,93279833,1135.729736328125,0.0,0.0,24.08,0.0,0.0,-14.86975383758545,39.9053828,116.4073982,119.98,0.0,13.0,93.279833
NTUN,93319833,1135.729736328125,0.0,0.0,24.09,0.0,0.0,-14.86975383758545,39.9053828,116.4073982,119.98,0.0,13.0,93.319833
NTUN,93359833,1135.729736328125,0.0,0.0,24.11,0.0,0.0,-14.86975383758545,39.9053828,116.4073982,119.98,0.0,13.0,93.359833
NTUN,93399833,1137.1934814453125,0.0,0.0,24.13,0.0,0.0,-14.873785972595215,39.9053828,116.4073982,119.98,0.0,13.0,93.399833
NTUN,93439833,1137.1934814453125,0.0,0.0,24.14,0.0,0.0,-14.873785972595215,39.9053828,116.4073982,119.98,0.0,13.0,93.439833
NTUN,93479833,1138.64892578125,0.0,0.0,24.16,0.0,0.0,-14.876209259033203,39.9053828,116.4073982,119.98,0.0,13.0,93.479833
NTUN,93519833,1138.64892578125,0.0,0.0,24.18,0.0,0.0,-14.876209259033203,39.9053828,116.4073982,119.98,0.0,13.0,93.519833
NTUN,93559833,1138.64892578125,0.0,0.0,24.19,0.0,0.0,-14.876209259033203,39.9053828,116.4073982,119.98,0.0,13.0,93.559833
NTUN,93599833,1140.1044921875,0.0,0.0,24.21,0.0,0.0,-14.876049995422363,39.9053828,116.4073982,119.98,0.0,13.0,93.599833
NTUN,93639833,1140.1044921875,0.0,0.0,24.23,0.0,0.0,-14.876049995422363,39.9053828,116.4073982,119.98,0.0,13.0,93.639833
NTUN,93679833,1141.5572509765625,0.0,0.0,24.24,0.0,0.0,-14.876507759094238,39.9053828,116.4073982,119.98,0.0,13.0,93.679833
NTUN,93719833,1141.5572509765625,0.0,0.0,24.26,0.0,0.0,-14.876507759094238,39.9053828,116.4073982,119.98,0.0,13.0,93.719833
NTUN,93759833,1141.5572509765625,0.0,0.0,24.27,0.0,0.0,-14.876507759094238,39.9053828,116.4073982,119.98,0.0,13.0,93.759833
NTUN,93799833,1143.0101318359375,0.0,0.0,24.29,0.0,0.0,-14.876654624938965,39.9053828,116.4073982,119.98,0.0,13.0,93.799833
NTUN,93839833,1143.0101318359375,0.0,0.0,24.31,0.0,0.0,-14.876654624938965,39.9053828,116.4073982,119.98,0.0,13.0,93.839833
NTUN,93879833,1144.463134765625,0.0,0.0,24.32,0.0,0.0,-14.875423431396484,39.9053828,116.4073982,119.98,0.0,13.0,93.879833
NTUN,93919833,1144.463134765625,0.0,0.0,24.34,0.0,0.0,-14.875423431396484,39.9053828,116.4073982,119.98,0.0,13.0,93.919833
NTUN,93959833,1144.463134765625,0.0,0.0,24.35,0.0,0.0,-14.875423431396484,39.9053828,116.4073982,119.98,0.0,13.0,93.959833
NTUN,93999833,1145.9161376953125,0.0,0.0,24.37,0.0,0.0,-14.876410484313965,39.9053828,116.4073982,119.98,0.0,13.0,93.999833
NTUN,94039833,1145.9161376953125,0.0,0.0,24.39,0.0,0.0,-14.876410484313965,39.9053828,116.4073982,119.98,0.0,13.0,94.039833
NTUN,94079833,1147.3609619140625,0.0,0.0,24.4,0.0,0.0,-14.875994682312012,39.9053828,116.4073982,119.98,0.0,13.0,94.079833
NTUN,94119833,1147.3609619140625,0.0,0.0,24.42,0.0,0.0,-14.875994682312012,39.9053828,116.4073982,119.98,0.0,13.0,94.119833
NTUN,94159833,1147.3609619140625,0.0,0.0,24.44,0.0,0.0,-14.875994682312012,39.9053828,116.4073982,119.98,0.0,13.0,94.159833
NTUN,94199833,1148.814208984375,0.0,0.0,24.46,0.0,0.0,-14.877998352050781,39.9053828,116.4073982,119.98,0.0,13.0,94.199833
NTUN,94239833,1148.814208984375,0.0,0.0,24.47,0.0,0.0,-14.877998352050781,39.9053828,116.4073982,119.98,0.0,13.0,94.239833
NTUN,94279833,1150.267578125,0.0,0.0,24.49,0.0,0.0,-14.878514289855957,39.9053828,116.4073982,119.98,0.0,13.0,94.279833
NTUN,94319833,1150.267578125,0.0,0.0,24.51,0.0,0.0,-14.878514289855957,39.9053828,116.4073982,119.98,0.0,13.0,94.319833
NTUN,94359833,1150.267578125,0.0,0.0,24.53,0.0,0.0,-14.878514289855957,39.9053828,116.4073982,119.98,0.0,13.0,94.359833
NTUN,94399833,1151.7266845703125,0.0,0.0,24.55,0.0,0.0,-14.879975318908691,39.9053828,116.4073982,119.98,0.0,13.0,94.399833
NTUN,94439833,1151.7266845703125,0.0,0.0,24.57,0.0,0.0,-14.879975318908691,39.9053828,116.4073982,119.98,0.0,13.0,94.439833
NTUN,94479833,1153.1746826171875,0.0,0.0,24.58,0.0,0.0,-14.882469177246094,39.9053828,116.4073982,119.98,0.0,13.0,94.479833
NTUN,94519833,1153.1746826171875,0.0,0.0,24.6,0.0,0.0,-14.882469177246094,39.9053828,116.4073982,119.98,0.0,13.0,94.519833
NTUN,94559833,1153.1746826171875,0.0,0.0,24.62,0.0,0.0,-14.882469177246094,39.9053828,116.4073982,119.98,0.0,13.0,94.559833
NTUN,94599833,1154.6282958984375,0.0,0.0,24.64,0.0,0.0,-14.884600639343262,39.9053828,116.4073982,119.98,0.0,13.0,94.599833
NTUN,94639833,1154.6282958984375,0.0,0.0,24.66,0.0,0.0,-14.884600639343262,39.9053828,116.4073982,119.98,0.0,13.0,94.639833
NTUN,94679833,1156.0848388671875,0.0,0.0,24.68,0.0,0.0,-14.887227058410645,39.9053828,116.4073982,119.98,0.0,13.0,94.679833
NTUN,94719833,1156.0848388671875,0.0,0.0,24.7,0.0,0.0,-14.887227058410645,39.9053828,116.4073982,119.98,0.0,13.0,94.719833
NTUN,94759833,1156.0848388671875,0.0,0.0,24.72,0.0,0.0,-14.887227058410645,39.9053828,116.4073982,119.98,0.0,13.0,94.759833
NTUN,94799833,1157.5499267578125,0.0,0.0,24.73,0.0,0.0,-14.889552116394043,39.9053828,116.4073982,119.98,0.0,13.0,94.799833
NTUN,94839833,1157.5499267578125,0.0,0.0,24.75,0.0,0.0,-14.889552116394043,39.9053828,116.4073982,119.98,0.0,13.0,94.839833
NTUN,94879833,1159.0093994140625,0.0,0.0,24.77,0.0,0.0,-14.89005184173584,39.9053828,116.4073982,119.98,0.0,13.0,94.879833
NTUN,94919833,1159.0093994140625,0.0,0.0,24.79,0.0,0.0,-14.89005184173584,39.9053828,116.4073982,119.98,0.0,13.0,94.919833
NTUN,94959833,1159.0093994140625,0.0,0.0,24.81,0.0,0.0,-14.89005184173584,39.9053828,116.4073982,119.98,0.0,13.0,94.959833
NTUN,94999833,1160.4716796875,0.0,0.0,24.83,0.0,0.0,-14.895485877990723,39.9053828,116.4073982,119.98,0.0,13.0,94.999833
NTUN,95039833,1160.4716796875,0.0,0.0,24.85,0.0,0.0,-14.895485877990723,39.9053828,116.4073982,119.98,0.0,13.0,95.039833
NTUN,95079833,1161.9453125,0.0,0.0,24.87,0.0,0.0,-14.899364471435547,39.9053828,116.4073982,119.98,0.0,13.0,95.079833
NTUN,95119833,1161.9453125,0.0,0.0,24.89,0.0,0.0,-14.899364471435547,39.9053828,116.4073982,119.98,0.0,13.0,95.119833
NTUN,95159833,1161.9453125,0.0,0.0,24.91,0.0,0.0,-14.899364471435547,39.9053828,116.4073982,119.98,0.0,13.0,95.159833
NTUN,95199833,1163.405029296875,0.0,0.0,24.93,0.0,0.0,-14.902233123779297,39.9053828,116.4073982,119.98,0.0,13.0,95.199833
NTUN,95239833,1163.405029296875,0.0,0.0,24.95,0.0,0.0,-14.902233123779297,39.9053828,116.4073982,119.98,0.0,13.0,95.239833
NTUN,95279833,1164.8758544921875,0.0,0.0,24.97,0.0,0.0,-14.908234596252441,39.9053828,116.4073982,119.98,0.0,13.0,95.279833
NTUN,95319833,1164.8758544921875,0.0,0.0,24.99,0.0,0.0,-14.908234596252441,39.9053828,116.4073982,119.98,0.0,13.0,95.319833
NTUN,95359833,1164.8758544921875,0.0,0.0,25.01,0.0,0.0,-14.908234596252441,39.9053828,116.4073982,119.98,0.0,13.0,95.359833
NTUN,95399833,1166.3551025390625,0.0,0.0,25.04,0.0,0.0,-14.911665916442871,39.9053828,116.4073982,119.98,0.0,13.0,95.399833
NTUN,95439833,1166.3551025390625,0.0,0.0,25.06,0.0,0.0,-14.911665916442871,39.9053828,116.4073982,119.98,0.0,13.0,95.439833
NTUN,95479833,1167.8316650390625,0.0,0.0,25.08,0.0,0.0,-14.918536186218262,39.9053828,116.4073982,119.98,0.0,13.0,95.479833
NTUN,95519833,1167.8316650390625,0.0,0.0,25.1,0.0,0.0,-14.918536186218262,39.9053828,116.4073982,119.98,0.0,13.0,95.519833
NTUN,95559833,1167.8316650390625,0.0,0.0,25.12,0.0,0.0,-14.918536186218262,39.9053828,116.4073982,119.98,0.0,13.0,95.559833
NTUN,95599833,1169.3165283203125,0.0,0.0,25.15,0.0,0.0,-14.922172546386719,39.9053828,116.4073982,119.98,0.0,13.0,95.599833
NTUN,95639833,1169.3165283203125,0.0,0.0,25.17,0.0,0.0,-14.922172546386719,39.9053828,116.4073982,119.98,0.0,13.0,95.639833
NTUN,95679833,1170.7958984375,0.0,0.0,25.19,0.0,0.0,-14.929027557373047,39.9053828,116.4073982,119.98,0.0,13.0,95.679833
NTUN,95719833,1170.7958984375,0.0,0.0,25.21,0.0,0.0,-14.929027557373047,39.9053828,116.4073982,119.98,0.0,13.0,95.719833
NTUN,95759833,1170.7958984375,0.0,0.0,25.23,0.0,0.0,-14.929027557373047,39.9053828,116.4073982,119.98,0.0,13.0,95.759833
NTUN,95799833,1172.286376953125,0.0,0.0,25.25,0.0,0.0,-14.93398380279541,39.9053828,116.4073982,119.98,0.0,13.0,95.799833
NTUN,95839833,1172.286376953125,0.0,0.0,25.27,0.0,0.0,-14.93398380279541,39.9053828,116.4073982,119.98,0.0,13.0,95.839833
NTUN,95879833,1173.771240234375,0.0,0.0,25.3,0.0,0.0,-14.941797256469727,39.9053828,116.4073982,119.98,0.0,13.0,95.879833
NTUN,95919833,1173.771240234375,0.0,0.0,25.32,0.0,0.0,-14.941797256469727,39.9053828,116.4073982,119.98,0.0,13.0,95.919833
NTUN,95959833,1173.771240234375,0.0,0.0,25.34,0.0,0.0,-14.941797256469727,39.9053828,116.4073982,119.98,0.0,13.0,95.959833
NTUN,95999833,1175.267333984375,0.0,0.0,25.36,0.0,0.0,-14.947532653808594,39.9053828,116.4073982,119.98,0.0,13.0,95.999833
NTUN,96039833,1175.267333984375,0.0,0.0,25.38,0.0,0.0,-14.947532653808594,39.9053828,116.4073982,119.98,0.0,13.0,96.039833
NTUN,96079833,1176.7578125,0.0,0.0,25.4,0.0,0.0,-14.956372261047363,39.9053828,116.4073982,119.98,0.0,13.0,96.079833
NTUN,96119833,1176.7578125,0.0,0.0,25.42,0.0,0.0,-14.956372261047363,39.9053828,116.4073982,119.98,0.0,13.0,96.119833
NTUN,96159833,1176.7578125,0.0,0.0,25.44,0.0,0.0,-14.956372261047363,39.9053828,116.4073982,119.98,0.0,13.0,96.159833
NTUN,96199833,1178.2510986328125,0.0,0.0,25.46,0.0,0.0,-14.96357250213623,39.9053828,116.4073982,119.98,0.0,13.0,96.199833
NTUN,96239833,1178.2510986328125,0.0,0.0,25.48,0.0,0.0,-14.96357250213623,39.9053828,116.4073982,119.98,0.0,13.0,96.239833
NTUN,96279833,1179.7442626953125,0.0,0.0,25.49,0.0,0.0,-14.968182563781738,39.9053828,116.4073982,119.98,0.0,13.0,96.279833
NTUN,96319833,1179.7442626953125,0.0,0.0,25.51,0.0,0.0,-14.968182563781738,39.9053828,116.4073982,119.98,0.0,13.0,96.319833
NTUN,96359833,1179.7442626953125,0.0,0.0,25.53,0.0,0.0,-14.968182563781738,39.9053828,116.4073982,119.98,0.0,13.0,96.359833
NTUN,96399833,1181.234619140625,0.0,0.0,25.55,0.0,0.0,-14.97176456451416,39.9053828,116.4073982,119.98,0.0,13.0,96.399833
NTUN,96439833,1181.234619140625,0.0,0.0,25.57,0.0,0.0,-14.97176456451416,39.9053828,116.4073982,119.98,0.0,13.0,96.439833
NTUN,96479833,1182.7333984375,0.0,0.0,25.58,0.0,0.0,-14.976290702819824,39.9053828,116.4073982,119.98,0.0,13.0,96.479833
NTUN,96519833,1182.7333984375,0.0,0.0,25.6,0.0,0.0,-14.976290702819824,39.9053828,116.4073982,119.98,0.0,13.0,96.519833
NTUN,96559833,1182.7333984375,0.0,0.0,25.62,0.0,0.0,-14.976290702819824,39.9053828,116.4073982,119.98,0.0,13.0,96.559833
NTUN,96599833,1184.2265625,0.0,0.0,25.64,0.0,0.0,-14.978147506713867,39.9053828,116.4073982,119.98,0.0,13.0,96.599833
NTUN,96639833,1184.2265625,0.0,0.0,25.65,0.0,0.0,-14.978147506713867,39.9053828,116.4073982,119.98,0.0,13.0,96.639833
NTUN,96679833,1185.7197265625,0.0,0.0,25.67,0.0,0.0,-14.979157447814941,39.9053828,116.4073982,119.98,0.0,13.0,96.679833
NTUN,96719833,1185.7197265625,0.0,0.0,25.69,0.0,0.0,-14.979157447814941,39.9053828,116.4073982,119.98,0.0,13.0,96.719833
NTUN,96759833,1185.7197265625,0.0,0.0,25.7,0.0,0.0,-14.979157447814941,39.9053828,116.4073982,119.98,0.0,13.0,96.759833
NTUN,96799833,1187.212890625,0.0,0.0,25.72,0.0,0.0,-14.98082447052002,39.9053828,116.4073982,119.98,0.0,13.0,96.799833
NTUN,96839833,1187.212890625,0.0,0.0,25.74,0.0,0.0,-14.98082447052002,39.9053828,116.4073982,119.98,0.0,13.0,96.839833
NTUN,96879833,1188.7060546875,0.0,0.0,25.75,0.0,0.0,-14.979948997497559,39.9053828,116.4073982,119.98,0.0,13.0,96.879833
NTUN,96919833,1188.7060546875,0.0,0.0,25.77,0.0,0.0,-14.979948997497559,39.9053828,116.4073982,119.98,0.0,13.0,96.919833
NTUN,96959833,1188.7060546875,0.0,0.0,25.79,0.0,0.0,-14.979948997497559,39.9053828,116.4073982,119.98,0.0,13.0,96.959833
NTUN,96999833,1190.2076416015625,0.0,0.0,25.81,0.0,0.0,-14.98273754119873,39.9053828,116.4073982,119.98,0.0,13.0,96.999833
NTUN,97039833,1190.2076416015625,0.0,0.0,25.82,0.0,0.0,-14.98273754119873,39.9053828,116.4073982,119.98,0.0,13.0,97.039833
NTUN,97079833,1191.7091064453125,0.0,0.0,25.84,0.0,0.0,-14.981781005859375,39.9053828,116.4073982,119.98,0.0,13.0,97.079833
NTUN,97119833,1191.7091064453125,0.0,0.0,25.86,0.0,0.0,-14.981781005859375,39.9053828,116.4073982,119.98,0.0,13.0,97.119833
NTUN,97159833,1191.7091064453125,0.0,0.0,25.88,0.0,0.0,-14.981781005859375,39.9053828,116.4073982,119.98,0.0,13.0,97.159833
NTUN,97199833,1193.2022705078125,0.0,0.0,25.9,0.0,0.0,-14.98476505279541,39.9053828,116.4073982,119.98,0.0,13.0,97.199833
NTUN,97239833,1193.2022705078125,0.0,0.0,25.92,0.0,0.0,-14.98476505279541,39.9053828,116.4073982,119.98,0.0,13.0,97.239833
NTUN,97279833,1194.703857421875,0.0,0.0,25.94,0.0,0.0,-14.986895561218262,39.9053828,116.4073982,119.98,0.0,13.0,97.279833
NTUN,97319833,1194.703857421875,0.0,0.0,25.96,0.0,0.0,-14.986895561218262,39.9053828,116.4073982,119.98,0.0,13.0,97.319833
NTUN,97359833,1194.703857421875,0.0,0.0,25.98,0.0,0.0,-14.986895561218262,39.9053828,116.4073982,119.98,0.0,13.0,97.359833
NTUN,97399833,1196.1971435546875,0.0,0.0,26.0,0.0,0.0,-14.987021446228027,39.9053828,116.4073982,119.98,0.0,13.0,97.399833
NTUN,97439833,1196.1971435546875,0.0,0.0,26.02,0.0,0.0,-14.987021446228027,39.9053828,116.4073982,119.98,0.0,13.0,97.439833
NTUN,97479833,1197.6959228515625,0.0,0.0,26.04,0.0,0.0,-14.987285614013672,39.9053828,116.4073982,119.98,0.0,13.0,97.479833
NTUN,97519833,1197.6959228515625,0.0,0.0,26.06,0.0,0.0,-14.987285614013672,39.9053828,116.4073982,119.98,0.0,13.0,97.519833
NTUN,97559833,1197.6959228515625,0.0,0.0,26.08,0.0,0.0,-14.987285614013672,39.9053828,116.4073982,119.98,0.0,13.0,97.559833
NTUN,97599833,1199.1920166015625,0.0,0.0,26.1,0.0,0.0,-14.988480567932129,39.9053828,116.4073982,119.98,0.0,13.0,97.599833
NTUN,97639833,1199.1920166015625,0.0,0.0,26.12,0.0,0.0,-14.988480567932129,39.9053828,116.4073982,119.98,0.0,13.0,97.639833
NTUN,97679833,1200.6881103515625,0.0,0.0,26.14,0.0,0.0,-14.991229057312012,39.9053828,116.4073982,119.98,0.0,13.0,97.679833
NTUN,97719833,1200.6881103515625,0.0,0.0,26.16,0.0,0.0,-14.991229057312012,39.9053828,116.4073982,119.98,0.0,13.0,97.719833
NTUN,97759833,1200.6881103515625,0.0,0.0,26.18,0.0,0.0,-14.991229057312012,39.9053828,116.4073982,119.98,0.0,13.0,97.759833
NTUN,97799833,1202.187255859375,0.0,0.0,26.19,0.0,0.0,-14.995550155639648,39.9053828,116.4073982,119.98,0.0,13.0,97.799833
NTUN,97839833,1202.187255859375,0.0,0.0,26.21,0.0,0.0,-14.995550155639648,39.9053828,116.4073982,119.98,0.0,13.0,97.839833
NTUN,97879833,1203.686279296875,0.0,0.0,26.23,0.0,0.0,-14.997864723205566,39.9053828,116.4073982,119.98,0.0,13.0,97.879833
NTUN,97919833,1203.686279296875,0.0,0.0,26.25,0.0,0.0,-14.997864723205566,39.9053828,116.4073982,119.98,0.0,13.0,97.919833
NTUN,97959833,1203.686279296875,0.0,0.0,26.27,0.0,0.0,-14.997864723205566,39.9053828,116.4073982,119.98,0.0,13.0,97.959833
NTUN,97999833,1205.179931640625,0.0,0.0,26.29,0.0,0.0,-15.001791000366211,39.9053828,116.4073982,119.98,0.0,13.0,97.999833
NTUN,98039833,1205.179931640625,0.0,0.0,26.31,0.0,0.0,-15.001791000366211,39.9053828,116.4073982,119.98,0.0,13.0,98.039833
NTUN,98079833,1206.673583984375,0.0,0.0,26.33,0.0,0.0,-15.004792213439941,39.9053828,116.4073982,119.98,0.0,13.0,98.079833
NTUN,98119833,1206.673583984375,0.0,0.0,26.34,0.0,0.0,-15.004792213439941,39.9053828,116.4073982,119.98,0.0,13.0,98.119833
NTUN,98159833,1206.673583984375,0.0,0.0,26.36,0.0,0.0,-15.004792213439941,39.9053828,116.4073982,119.98,0.0,13.0,98.159833
NTUN,98199833,1208.16455078125,0.0,0.0,26.38,0.0,0.0,-15.008061408996582,39.9053828,116.4073982,119.98,0.0,13.0,98.199833
NTUN,98239833,1208.16455078125,0.0,0.0,26.4,0.0,0.0,-15.008061408996582,39.9053828,116.4073982,119.98,0.0,13.0,98.239833
NTUN,98279833,1209.6611328125,0.0,0.0,26.42,0.0,0.0,-15.008715629577637,39.9053828,116.4073982,119.98,0.0,13.0,98.279833
NTUN,98319833,1209.6611328125,0.0,0.0,26.44,0.0,0.0,-15.008715629577637,39.9053828,116.4073982,119.98,0.0,13.0,98.319833
NTUN,98359833,1209.6611328125,0.0,0.0,26.46,0.0,0.0,-15.008715629577637,39.9053828,116.4073982,119.98,0.0,13.0,98.359833
NTUN,98399833,1211.15234375,0.0,0.0,26.47,0.0,0.0,-15.010377883911133,39.9053828,116.4073982,119.98,0.0,13.0,98.399833
NTUN,98439833,1211.15234375,0.0,0.0,26.49,0.0,0.0,-15.010377883911133,39.9053828,116.4073982,119.98,0.0,13.0,98.439833
NTUN,98479833,1212.6435546875,0.0,0.0,26.51,0.0,0.0,-15.013028144836426,39.9053828,116.4073982,119.98,0.0,13.0,98.479833
NTUN,98519833,1212.6435546875,0.0,0.0,26.53,0.0,0.0,-15.013028144836426,39.9053828,116.4073982,119.98,0.0,13.0,98.519833
NTUN,98559833,1212.6435546875,0.0,0.0,26.54,0.0,0.0,-15.013028144836426,39.9053828,116.4073982,119.98,0.0,13.0,98.559833
NTUN,98599833,1214.1322021484375,0.0,0.0,26.56,0.0,0.0,-15.014751434326172,39.9053828,116.4073982,119.98,0.0,13.0,98.599833
NTUN,98639833,1214.1322021484375,0.0,0.0,26.58,0.0,0.0,-15.014751434326172,39.9053828,116.4073982,119.98,0.0,13.0,98.639833
NTUN,98679833,1215.6180419921875,0.0,0.0,26.6,0.0,0.0,-15.018929481506348,39.9053828,116.4073982,119.98,0.0,13.0,98.679833
NTUN,98719833,1215.6180419921875,0.0,0.0,26.61,0.0,0.0,-15.018929481506348,39.9053828,116.4073982,119.98,0.0,13.0,98.719833
NTUN,98759833,1215.6180419921875,0.0,0.0,26.63,0.0,0.0,-15.018929481506348,39.9053828,116.4073982,119.98,0.0,13.0,98.759833
NTUN,98799833,1217.0955810546875,0.0,0.0,26.65,0.0,0.0,-15.020007133483887,39.9053828,116.4073982,119.98,0.0,13.0,98.799833
NTUN,98839833,1217.0955810546875,0.0,0.0,26.67,0.0,0.0,-15.020007133483887,39.9053828,116.4073982,119.98,0.0,13.0,98.839833
NTUN,98879833,1218.576171875,0.0,0.0,26.69,0.0,0.0,-15.023637771606445,39.9053828,116.4073982,119.98,0.0,13.0,98.879833
NTUN,98919833,1218.576171875,0.0,0.0,26.71,0.0,0.0,-15.023637771606445,39.9053828,116.4073982,119.98,0.0,13.0,98.919833
NTUN,98959833,1218.576171875,0.0,0.0,26.72,0.0,0.0,-15.023637771606445,39.9053828,116.4073982,119.98,0.0,13.0,98.959833
NTUN,98999833,1220.0625,0.0,0.0,26.74,0.0,0.0,-15.025256156921387,39.9053828,116.4073982,119.98,0.0,13.0,98.999833
NTUN,99039833,1220.0625,0.0,0.0,26.76,0.0,0.0,-15.025256156921387,39.9053828,116.4073982,119.98,0.0,13.0,99.039833
NTUN,99079833,1221.54052734375,0.0,0.0,26.78,0.0,0.0,-15.028115272521973,39.9053828,116.4073982,119.98,0.0,13.0,99.079833
NTUN,99119833,1221.54052734375,0.0,0.0,26.8,0.0,0.0,-15.028115272521973,39.9053828,116.4073982,119.98,0.0,13.0,99.119833
NTUN,99159833,1221.54052734375,0.0,0.0,26.81,0.0,0.0,-15.028115272521973,39.9053828,116.4073982,119.98,0.0,13.0,99.159833
NTUN,99199833,1223.0242919921875,0.0,0.0,26.83,0.0,0.0,-15.030693054199219,39.9053828,116.4073982,119.98,0.0,13.0,99.199833
NTUN,99239833,1223.0242919921875,0.0,0.0,26.85,0.0,0.0,-15.030693054199219,39.9053828,116.4073982,119.98,0.0,13.0,99.239833
NTUN,99279833,1224.4996337890625,0.0,0.0,26.87,0.0,0.0,-15.036240577697754,39.9053828,116.4073982,119.98,0.0,13.0,99.279833
NTUN,99319833,1224.4996337890625,0.0,0.0,26.89,0.0,0.0,-15.036240577697754,39.9053828,116.4073982,119.98,0.0,13.0,99.319833
NTUN,99359833,1224.4996337890625,0.0,0.0,26.91,0.0,0.0,-15.036240577697754,39.9053828,116.4073982,119.98,0.0,13.0,99.359833
NTUN,99399833,1225.9808349609375,0.0,0.0,26.92,0.0,0.0,-15.038527488708496,39.9053828,116.4073982,119.98,0.0,13.0,99.399833
NTUN,99439833,1225.9808349609375,0.0,0.0,26.94,0.0,0.0,-15.038527488708496,39.9053828,116.4073982,119.98,0.0,13.0,99.439833
NTUN,99479833,1227.4537353515625,0.0,0.0,26.96,0.0,0.0,-15.042091369628906,39.9053828,116.4073982,119.98,0.0,13.0,99.479833
NTUN,99519833,1227.4537353515625,0.0,0.0,26.98,0.0,0.0,-15.042091369628906,39.9053828,116.4073982,119.98,0.0,13.0,99.519833
NTUN,99559833,1227.4537353515625,0.0,0.0,26.99,0.0,0.0,-15.042091369628906,39.9053828,116.4073982,119.98,0.0,13.0,99.559833
NTUN,99599833,1228.9267578125,0.0,0.0,27.01,0.0,0.0,-15.042533874511719,39.9053828,116.4073982,119.98,0.0,13.0,99.599833
NTUN,99639833,1228.9267578125,0.0,0.0,27.03,0.0,0.0,-15.042533874511719,39.9053828,116.4073982,119.98,0.0,13.0,99.639833
NTUN,99679833,1230.4053955078125,0.0,0.0,27.05,0.0,0.0,-15.042572021484375,39.9053828,116.4073982,119.98,0.0,13.0,99.679833
NTUN,99719833,1230.4053955078125,0.0,0.0,27.06,0.0,0.0,-15.042572021484375,39.9053828,116.4073982,119.98,0.0,13.0,99.719833
NTUN,99759833,1230.4053955078125,0.0,0.0,27.08,0.0,0.0,-15.042572021484375,39.9053828,116.4073982,119.98,0.0,13.0,99.759833
NTUN,99799833,1231.8785400390625,0.0,0.0,27.1,0.0,0.0,-15.043571472167969,39.9053828,116.4073982,119.98,0.0,13.0,99.799833
NTUN,99839833,1231.8785400390625,0.0,0.0,27.11,0.0,0.0,-15.043571472167969,39.9053828,116.4073982,119.98,0.0,13.0,99.839833
NTUN,99879833,1233.3489990234375,0.0,0.0,27.13,0.0,0.0,-15.043682098388672,39.9053828,116.4073982,119.98,0.0,13.0,99.879833
NTUN,99919833,1233.3489990234375,0.0,0.0,27.15,0.0,0.0,-15.043682098388672,39.9053828,116.4073982,119.98,0.0,13.0,99.919833
NTUN,99959833,1233.3489990234375,0.0,0.0,27.17,0.0,0.0,-15.043682098388672,39.9053828,116.4073982,119.98,0.0,13.0,99.959833
NTUN,99999833,1234.8280029296875,0.0,0.0,27.18,0.0,0.0,-15.046700477600098,39.9053828,116.4073982,119.98,0.0,13.0,99.999833
NTUN,100039833,1234.8280029296875,0.0,0.0,27.2,0.0,0.0,-15.046700477600098,39.9053828,116.4073982,119.98,0.0,13.0,100.039833
NTUN,100079833,1236.3070068359375,0.0,0.0,27.22,0.0,0.0,-15.046591758728027,39.9053828,116.4073982,119.98,0.0,13.0,100.079833
NTUN,100119833,1236.3070068359375,0.0,0.0,27.24,0.0,0.0,-15.046591758728027,39.9053828,116.4073982,119.98,0.0,13.0,100.119833
NTUN,100159833,1236.3070068359375,0.0,0.0,27.26,0.0,0.0,-15.046591758728027,39.9053828,116.4073982,119.98,0.0,13.0,100.159833
NTUN,100199833,1237.7803955078125,0.0,0.0,27.28,0.0,0.0,-15.046219825744629,39.9053828,116.4073982,119.98,0.0,13.0,100.199833
NTUN,100239833,1237.7803955078125,0.0,0.0,27.29,0.0,0.0,-15.046219825744629,39.9053828,116.4073982,119.98,0.0,13.0,100.239833
NTUN,100279833,1239.2679443359375,0.0,0.0,27.31,0.0,0.0,-15.048171997070312,39.9053828,116.4073982,119.98,0.0,13.0,100.279833
NTUN,100319833,1239.2679443359375,0.0,0.0,27.33,0.0,0.0,-15.048171997070312,39.9053828,116.4073982,119.98,0.0,13.0,100.319833
NTUN,100359833,1239.2679443359375,0.0,0.0,27.35,0.0,0.0,-15.048171997070312,39.9053828,116.4073982,119.98,0.0,13.0,100.359833
NTUN,100399833,1240.744140625,0.0,0.0,27.37,0.0,0.0,-15.049960136413574,39.9053828,116.4073982,119.98,0.0,13.0,100.399833
NTUN,100439833,1240.744140625,0.0,0.0,27.39,0.0,0.0,-15.049960136413574,39.9053828,116.4073982,119.98,0.0,13.0,100.439833
NTUN,100479833,1242.220458984375,0.0,0.0,27.42,0.0,0.0,-15.053175926208496,39.9053828,116.4073982,119.98,0.0,13.0,100.479833
NTUN,100519833,1242.220458984375,0.0,0.0,27.44,0.0,0.0,-15.053175926208496,39.9053828,116.4073982,119.98,0.0,13.0,100.519833
NTUN,100559833,1242.220458984375,0.0,0.0,27.46,0.0,0.0,-15.053175926208496,39.9053828,116.4073982,119.98,0.0,13.0,100.559833
NTUN,100599833,1243.705078125,0.0,0.0,27.48,0.0,0.0,-15.056195259094238,39.9053828,116.4073982,119.98,0.0,13.0,100.599833
NTUN,100639833,1243.705078125,0.0,0.0,27.5,0.0,0.0,-15.056195259094238,39.9053828,116.4073982,119.98,0.0,13.0,100.639833
NTUN,100679833,1245.1925048828125,0.0,0.0,27.52,0.0,0.0,-15.063453674316406,39.9053828,116.4073982,119.98,0.0,13.0,100.679833
NTUN,100719833,1245.1925048828125,0.0,0.0,27.54,0.0,0.0,-15.063453674316406,39.9053828,116.4073982,119.98,0.0,13.0,100.719833
NTUN,100759833,1245.1925048828125,0.0,0.0,27.56,0.0,0.0,-15.063453674316406,39.9053828,116.4073982,119.98,0.0,13.0,100.759833
NTUN,100799833,1246.6826171875,0.0,0.0,27.58,0.0,0.0,-15.068089485168457,39.9053828,116.4073982,119.98,0.0,13.0,100.799833
NTUN,100839833,1246.6826171875,0.0,0.0,27.61,0.0,0.0,-15.068089485168457,39.9053828,116.4073982,119.98,0.0,13.0,100.839833
NTUN,100879833,1248.1754150390625,0.0,0.0,27.63,0.0,0.0,-15.072033882141113,39.9053828,116.4073982,119.98,0.0,13.0,100.879833
NTUN,100919833,1248.1754150390625,0.0,0.0,27.65,0.0,0.0,-15.072033882141113,39.9053828,116.4073982,119.98,0.0,13.0,100.919833
NTUN,100959833,1248.1754150390625,0.0,0.0,27.67,0.0,0.0,-15.072033882141113,39.9053828,116.4073982,119.98,0.0,13.0,100.959833
NTUN,100999833,1249.668212890625,0.0,0.0,27.69,0.0,0.0,-15.076855659484863,39.9053828,116.4073982,119.98,0.0,13.0,100.999833
NTUN,101039833,1249.668212890625,0.0,0.0,27.71,0.0,0.0,-15.076855659484863,39.9053828,116.4073982,119.98,0.0,13.0,101.039833
NTUN,101079833,1251.1663818359375,0.0,0.0,27.73,0.0,0.0,-15.085061073303223,39.9053828,116.4073982,119.98,0.0,13.0,101.079833
NTUN,101119833,1251.1663818359375,0.0,0.0,27.75,0.0,0.0,-15.085061073303223,39.9053828,116.4073982,119.98,0.0,13.0,101.119833
NTUN,101159833,1251.1663818359375,0.0,0.0,27.77,0.0,0.0,-15.085061073303223,39.9053828,116.4073982,119.98,0.0,13.0,101.159833
NTUN,101199833,1252.66455078125,0.0,0.0,27.79,0.0,0.0,-15.092036247253418,39.9053828,116.4073982,119.98,0.0,13.0,101.199833
NTUN,101239833,1252.66455078125,0.0,0.0,27.81,0.0,0.0,-15.092036247253418,39.9053828,116.4073982,119.98,0.0,13.0,101.239833
NTUN,101279833,1254.173583984375,0.0,0.0,27.83,0.0,0.0,-15.097726821899414,39.9053828,116.4073982,119.98,0.0,13.0,101.279833
NTUN,101319833,1254.173583984375,0.0,0.0,27.85,0.0,0.0,-15.097726821899414,39.9053828,116.4073982,119.98,0.0,13.0,101.319833
NTUN,101359833,1254.173583984375,0.0,0.0,27.87,0.0,0.0,-15.097726821899414,39.9053828,116.4073982,119.98,0.0,13.0,101.359833
NTUN,101399833,1255.6715087890625,0.0,0.0,27.89,0.0,0.0,-15.103501319885254,39.9053828,116.4073982,119.98,0.0,13.0,101.399833
NTUN,101439833,1255.6715087890625,0.0,0.0,27.91,0.0,0.0,-15.103501319885254,39.9053828,116.4073982,119.98,0.0,13.0,101.439833
NTUN,101479833,1257.1776123046875,0.0,0.0,27.93,0.0,0.0,-15.108240127563477,39.9053828,116.4073982,119.98,0.0,13.0,101.479833
NTUN,101519833,1257.1776123046875,0.0,0.0,27.95,0.0,0.0,-15.108240127563477,39.9053828,116.4073982,119.98,0.0,13.0,101.519833
NTUN,101559833,1257.1776123046875,0.0,0.0,27.97,0.0,0.0,-15.108240127563477,39.9053828,116.4073982,119.98,0.0,13.0,101.559833
NTUN,101599833,1258.6807861328125,0.0,0.0,27.99,0.0,0.0,-15.11182689666748,39.9053828,116.4073982,119.98,0.0,13.0,101.599833
NTUN,101639833,1258.6807861328125,0.0,0.0,28.01,0.0,0.0,-15.11182689666748,39.9053828,116.4073982,119.98,0.0,13.0,101.639833
NTUN,101679833,1260.1865234375,0.0,0.0,28.02,0.0,0.0,-15.114484786987305,39.9053828,116.4073982,119.98,0.0,13.0,101.679833
NTUN,101719833,1260.1865234375,0.0,0.0,28.04,0.0,0.0,-15.114484786987305,39.9053828,116.4073982,119.98,0.0,13.0,101.719833
NTUN,101759833,1260.1865234375,0.0,0.0,28.06,0.0,0.0,-15.114484786987305,39.9053828,116.4073982,119.98,0.0,13.0,101.759833
NTUN,101799833,1261.6922607421875,0.0,0.0,28.08,0.0,0.0,-15.119318008422852,39.9053828,116.4073982,119.98,0.0,13.0,101.799833
NTUN,101839833,1261.6922607421875,0.0,0.0,28.09,0.0,0.0,-15.119318008422852,39.9053828,116.4073982,119.98,0.0,13.0,101.839833
NTUN,101879833,1263.2032470703125,0.0,0.0,28.11,0.0,0.0,-15.12161636352539,39.9053828,116.4073982,119.98,0.0,13.0,101.879833
NTUN,101919833,1263.2032470703125,0.0,0.0,28.13,0.0,0.0,-15.12161636352539,39.9053828,116.4073982,119.98,0.0,13.0,101.919833
NTUN,101959833,1263.2032470703125,0.0,0.0,28.15,0.0,0.0,-15.12161636352539,39.9053828,116.4073982,119.98,0.0,13.0,101.959833
NTUN,101999833,1264.7142333984375,0.0,0.0,28.16,0.0,0.0,-15.123592376708984,39.9053828,116.4073982,119.98,0.0,13.0,101.999833
NTUN,102039833,1264.7142333984375,0.0,0.0,28.18,0.0,0.0,-15.123592376708984,39.9053828,116.4073982,119.98,0.0,13.0,102.039833
NTUN,102079833,1266.2222900390625,0.0,0.0,28.19,0.0,0.0,-15.12591552734375,39.9053828,116.4073982,119.98,0.0,13.0,102.079833
NTUN,102119833,1266.2222900390625,0.0,0.0,28.21,0.0,0.0,-15.12591552734375,39.9053828,116.4073982,119.98,0.0,13.0,102.119833
NTUN,102159833,1266.2222900390625,0.0,0.0,28.23,0.0,0.0,-15.12591552734375,39.9053828,116.4073982,119.98,0.0,13.0,102.159833
NTUN,102199833,1267.730224609375,0.0,0.0,28.24,0.0,0.0,-15.126996040344238,39.9053828,116.4073982,119.98,0.0,13.0,102.199833
NTUN,102239833,1267.730224609375,0.0,0.0,28.26,0.0,0.0,-15.126996040344238,39.9053828,116.4073982,119.98,0.0,13.0,102.239833
NTUN,102279833,1269.2464599609375,0.0,0.0,28.28,0.0,0.0,-15.126008987426758,39.9053828,116.4073982,119.98,0.0,13.0,102.279833
NTUN,102319833,1269.2464599609375,0.0,0.0,28.29,0.0,0.0,-15.126008987426758,39.9053828,116.4073982,119.98,0.0,13.0,102.319833
NTUN,102359833,1269.2464599609375,0.0,0.0,28.31,0.0,0.0,-15.126008987426758,39.9053828,116.4073982,119.98,0.0,13.0,102.359833
NTUN,102399833,1270.748779296875,0.0,0.0,28.33,0.0,0.0,-15.127202033996582,39.9053828,116.4073982,119.98,0.0,13.0,102.399833
NTUN,102439833,1270.748779296875,0.0,0.0,28.34,0.0,0.0,-15.127202033996582,39.9053828,116.4073982,119.98,0.0,13.0,102.439833
NTUN,102479833,1272.2677001953125,0.0,0.0,28.36,0.0,0.0,-15.127164840698242,39.9053828,116.4073982,119.98,0.0,13.0,102.479833
NTUN,102519833,1272.2677001953125,0.0,0.0,28.38,0.0,0.0,-15.127164840698242,39.9053828,116.4073982,119.98,0.0,13.0,102.519833
NTUN,102559833,1272.2677001953125,0.0,0.0,28.4,0.0,0.0,-15.127164840698242,39.9053828,116.4073982,119.98,0.0,13.0,102.559833
NTUN,102599833,1273.7725830078125,0.0,0.0,28.41,0.0,0.0,-15.126091957092285,39.9053828,116.4073982,119.98,0.0,13.0,102.599833
NTUN,102639833,1273.7725830078125,0.0,0.0,28.43,0.0,0.0,-15.126091957092285,39.9053828,116.4073982,119.98,0.0,13.0,102.639833
NTUN,102679833,1275.283203125,0.0,0.0,28.45,0.0,0.0,-15.125042915344238,39.9053828,116.4073982,119.98,0.0,13.0,102.679833
NTUN,102719833,1275.283203125,0.0,0.0,28.47,0.0,0.0,-15.125042915344238,39.9053828,116.4073982,119.98,0.0,13.0,102.719833
NTUN,102759833,1275.283203125,0.0,0.0,28.49,0.0,0.0,-15.125042915344238,39.9053828,116.4073982,119.98,0.0,13.0,102.759833
NTUN,102799833,1276.8021240234375,0.0,0.0,28.51,0.0,0.0,-15.124463081359863,39.9053828,116.4073982,119.98,0.0,13.0,102.799833
NTUN,102839833,1276.8021240234375,0.0,0.0,28.52,0.0,0.0,-15.124463081359863,39.9053828,116.4073982,119.98,0.0,13.0,102.839833
NTUN,102879833,1278.30712890625,0.0,0.0,28.54,0.0,0.0,-15.123998641967773,39.9053828,116.4073982,119.98,0.0,13.0,102.879833
NTUN,102919833,1278.30712890625,0.0,0.0,28.56,0.0,0.0,-15.123998641967773,39.9053828,116.4073982,119.98,0.0,13.0,102.919833
NTUN,102959833,1278.30712890625,0.0,0.0,28.58,0.0,0.0,-15.123998641967773,39.9053828,116.4073982,119.98,0.0,13.0,102.959833
NTUN,102999833,1279.8177490234375,0.0,0.0,28.6,0.0,0.0,-15.12471866607666,39.9053828,116.4073982,119.98,0.0,13.0,102.999833
NTUN,103039833,1279.8177490234375,0.0,0.0,28.62,0.0,0.0,-15.12471866607666,39.9053828,116.4073982,119.98,0.0,13.0,103.039833
NTUN,103079833,1281.328369140625,0.0,0.0,28.64,0.0,0.0,-15.126505851745605,39.9053828,116.4073982,119.98,0.0,13.0,103.079833
NTUN,103119833,1281.328369140625,0.0,0.0,28.66,0.0,0.0,-15.126505851745605,39.9053828,116.4073982,119.98,0.0,13.0,103.119833
NTUN,103159833,1281.328369140625,0.0,0.0,28.68,0.0,0.0,-15.126505851745605,39.9053828,116.4073982,119.98,0.0,13.0,103.159833
NTUN,103199833,1282.8446044921875,0.0,0.0,28.7,0.0,0.0,-15.127389907836914,39.9053828,116.4073982,119.98,0.0,13.0,103.199833
NTUN,103239833,1282.8446044921875,0.0,0.0,28.72,0.0,0.0,-15.127389907836914,39.9053828,116.4073982,119.98,0.0,13.0,103.239833
NTUN,103279833,1284.3526611328125,0.0,0.0,28.74,0.0,0.0,-15.128963470458984,39.9053828,116.4073982,119.98,0.0,13.0,103.279833
NTUN,103319833,1284.3526611328125,0.0,0.0,28.76,0.0,0.0,-15.128963470458984,39.9053828,116.4073982,119.98,0.0,13.0,103.319833
NTUN,103359833,1284.3526611328125,0.0,0.0,28.78,0.0,0.0,-15.128963470458984,39.9053828,116.4073982,119.98,0.0,13.0,103.359833
NTUN,103399833,1285.8663330078125,0.0,0.0,28.8,0.0,0.0,-15.13032054901123,39.9053828,116.4073982,119.98,0.0,13.0,103.399833
NTUN,103439833,1285.8663330078125,0.0,0.0,28.82,0.0,0.0,-15.13032054901123,39.9053828,116.4073982,119.98,0.0,13.0,103.439833
NTUN,103479833,1287.3775634765625,0.0,0.0,28.84,0.0,0.0,-15.133605003356934,39.9053828,116.4073982,119.98,0.0,13.0,103.479833
NTUN,103519833,1287.3775634765625,0.0,0.0,28.86,0.0,0.0,-15.133605003356934,39.9053828,116.4073982,119.98,0.0,13.0,103.519833
NTUN,103559833,1287.3775634765625,0.0,0.0,28.88,0.0,0.0,-15.133605003356934,39.9053828,116.4073982,119.98,0.0,13.0,103.559833
NTUN,103599833,1288.888671875,0.0,0.0,28.9,0.0,0.0,-15.13591194152832,39.9053828,116.4073982,119.98,0.0,13.0,103.599833
NTUN,103639833,1288.888671875,0.0,0.0,28.92,0.0,0.0,-15.13591194152832,39.9053828,116.4073982,119.98,0.0,13.0,103.639833
NTUN,103679833,1290.40283203125,0.0,0.0,28.95,0.0,0.0,-15.142355918884277,39.9053828,116.4073982,119.98,0.0,13.0,103.679833
NTUN,103719833,1290.40283203125,0.0,0.0,28.97,0.0,0.0,-15.142355918884277,39.9053828,116.4073982,119.98,0.0,13.0,103.719833
NTUN,103759833,1290.40283203125,0.0,0.0,28.99,0.0,0.0,-15.142355918884277,39.9053828,116.4073982,119.98,0.0,13.0,103.759833
NTUN,103799833,1291.91455078125,0.0,0.0,29.01,0.0,0.0,-15.149184226989746,39.9053828,116.4073982,119.98,0.0,13.0,103.799833
NTUN,103839833,1291.91455078125,0.0,0.0,29.03,0.0,0.0,-15.149184226989746,39.9053828,116.4073982,119.98,0.0,13.0,103.839833
NTUN,103879833,1293.423583984375,0.0,0.0,29.05,0.0,0.0,-15.152726173400879,39.9053828,116.4073982,119.98,0.0,13.0,103.879833
NTUN,103919833,1293.423583984375,0.0,0.0,29.07,0.0,0.0,-15.152726173400879,39.9053828,116.4073982,119.98,0.0,13.0,103.919833
NTUN,103959833,1293.423583984375,0.0,0.0,29.09,0.0,0.0,-15.152726173400879,39.9053828,116.4073982,119.98,0.0,13.0,103.959833
NTUN,103999833,1294.9326171875,0.0,0.0,29.11,0.0,0.0,-15.159158706665039,39.9053828,116.4073982,119.98,0.0,13.0,103.999833
NTUN,104039833,1294.9326171875,0.0,0.0,29.13,0.0,0.0,-15.159158706665039,39.9053828,116.4073982,119.98,0.0,13.0,104.039833
NTUN,104079833,1296.44482421875,0.0,0.0,29.15,0.0,0.0,-15.166922569274902,39.9053828,116.4073982,119.98,0.0,13.0,104.079833
NTUN,104119833,1296.44482421875,0.0,0.0,29.18,0.0,0.0,-15.166922569274902,39.9053828,116.4073982,119.98,0.0,13.0,104.119833
NTUN,104159833,1296.44482421875,0.0,0.0,29.19,0.0,0.0,-15.166922569274902,39.9053828,116.4073982,119.98,0.0,13.0,104.159833
NTUN,104199833,1297.954345703125,0.0,0.0,29.21,0.0,0.0,-15.17233943939209,39.9053828,116.4073982,119.98,0.0,13.0,104.199833
NTUN,104239833,1297.954345703125,0.0,0.0,29.23,0.0,0.0,-15.17233943939209,39.9053828,116.4073982,119.98,0.0,13.0,104.239833
NTUN,104279833,1299.4639892578125,0.0,0.0,29.25,0.0,0.0,-15.175874710083008,39.9053828,116.4073982,119.98,0.0,13.0,104.279833
NTUN,104319833,1299.4639892578125,0.0,0.0,29.27,0.0,0.0,-15.175874710083008,39.9053828,116.4073982,119.98,0.0,13.0,104.319833
NTUN,104359833,1299.4639892578125,0.0,0.0,29.29,0.0,0.0,-15.175874710083008,39.9053828,116.4073982,119.98,0.0,13.0,104.359833
NTUN,104399833,1300.976806640625,0.0,0.0,29.31,0.0,0.0,-15.181605339050293,39.9053828,116.4073982,119.98,0.0,13.0,104.399833
NTUN,104439833,1300.976806640625,0.0,0.0,29.33,0.0,0.0,-15.181605339050293,39.9053828,116.4073982,119.98,0.0,13.0,104.439833
NTUN,104479833,1302.4813232421875,0.0,0.0,29.35,0.0,0.0,-15.185327529907227,39.9053828,116.4073982,119.98,0.0,13.0,104.479833
NTUN,104519833,1302.4813232421875,0.0,0.0,29.37,0.0,0.0,-15.185327529907227,39.9053828,116.4073982,119.98,0.0,13.0,104.519833
NTUN,104559833,1302.4813232421875,0.0,0.0,29.39,0.0,0.0,-15.185327529907227,39.9053828,116.4073982,119.98,0.0,13.0,104.559833
NTUN,104599833,1303.9888916015625,0.0,0.0,29.41,0.0,0.0,-15.191276550292969,39.9053828,116.4073982,119.98,0.0,13.0,104.599833
NTUN,104639833,1303.9888916015625,0.0,0.0,29.43,0.0,0.0,-15.191276550292969,39.9053828,116.4073982,119.98,0.0,13.0,104.639833
NTUN,104679833,1305.49658203125,0.0,0.0,29.45,0.0,0.0,-15.19538688659668,39.9053828,116.4073982,119.98,0.0,13.0,104.679833
NTUN,104719833,1305.49658203125,0.0,0.0,29.47,0.0,0.0,-15.19538688659668,39.9053828,116.4073982,119.98,0.0,13.0,104.719833
NTUN,104759833,1305.49658203125,0.0,0.0,29.49,0.0,0.0,-15.19538688659668,39.9053828,116.4073982,119.98,0.0,13.0,104.759833
NTUN,104799833,1307.001708984375,0.0,0.0,29.51,0.0,0.0,-15.200838088989258,39.9053828,116.4073982,119.98,0.0,13.0,104.799833
NTUN,104839833,1307.001708984375,0.0,0.0,29.53,0.0,0.0,-15.200838088989258,39.9053828,116.4073982,119.98,0.0,13.0,104.839833
NTUN,104879833,1308.50439453125,0.0,0.0,29.55,0.0,0.0,-15.206602096557617,39.9053828,116.4073982,119.98,0.0,13.0,104.879833
NTUN,104919833,1308.50439453125,0.0,0.0,29.57,0.0,0.0,-15.206602096557617,39.9053828,116.4073982,119.98,0.0,13.0,104.919833
NTUN,104959833,1308.50439453125,0.0,0.0,29.59,0.0,0.0,-15.206602096557617,39.9053828,116.4073982,119.98,0.0,13.0,104.959833
NTUN,104999833,1310.007080078125,0.0,0.0,29.61,0.0,0.0,-15.209101676940918,39.9053828,116.4073982,119.98,0.0,13.0,104.999833
NTUN,105039833,1310.007080078125,0.0,0.0,29.63,0.0,0.0,-15.209101676940918,39.9053828,116.4073982,119.98,0.0,13.0,105.039833
NTUN,105079833,1311.50146484375,0.0,0.0,29.64,0.0,0.0,-15.211512565612793,39.9053828,116.4073982,119.98,0.0,13.0,105.079833
NTUN,105119833,1311.50146484375,0.0,0.0,29.66,0.0,0.0,-15.211512565612793,39.9053828,116.4073982,119.98,0.0,13.0,105.119833
NTUN,105159833,1311.50146484375,0.0,0.0,29.68,0.0,0.0,-15.211512565612793,39.9053828,116.4073982,119.98,0.0,13.0,105.159833
NTUN,105199833,1313.0015869140625,0.0,0.0,29.7,0.0,0.0,-15.213675498962402,39.9053828,116.4073982,119.98,0.0,13.0,105.199833
NTUN,105239833,1313.0015869140625,0.0,0.0,29.71,0.0,0.0,-15.213675498962402,39.9053828,116.4073982,119.98,0.0,13.0,105.239833
NTUN,105279833,1314.49365234375,0.0,0.0,29.73,0.0,0.0,-15.216201782226562,39.9053828,116.4073982,119.98,0.0,13.0,105.279833
NTUN,105319833,1314.49365234375,0.0,0.0,29.75,0.0,0.0,-15.216201782226562,39.9053828,116.4073982,119.98,0.0,13.0,105.319833
NTUN,105359833,1314.49365234375,0.0,0.0,29.77,0.0,0.0,-15.216201782226562,39.9053828,116.4073982,119.98,0.0,13.0,105.359833
NTUN,105399833,1315.993896484375,0.0,0.0,29.78,0.0,0.0,-15.217950820922852,39.9053828,116.4073982,119.98,0.0,13.0,105.399833
NTUN,105439833,1315.993896484375,0.0,0.0,29.8,0.0,0.0,-15.217950820922852,39.9053828,116.4073982,119.98,0.0,13.0,105.439833
NTUN,105479833,1317.4859619140625,0.0,0.0,29.82,0.0,0.0,-15.217790603637695,39.9053828,116.4073982,119.98,0.0,13.0,105.479833
NTUN,105519833,1317.4859619140625,0.0,0.0,29.83,0.0,0.0,-15.217790603637695,39.9053828,116.4073982,119.98,0.0,13.0,105.519833
NTUN,105559833,1317.4859619140625,0.0,0.0,29.85,0.0,0.0,-15.217790603637695,39.9053828,116.4073982,119.98,0.0,13.0,105.559833
NTUN,105599833,1318.9864501953125,0.0,0.0,29.87,0.0,0.0,-15.216544151306152,39.9053828,116.4073982,119.98,0.0,13.0,105.599833
NTUN,105639833,1318.9864501953125,0.0,0.0,29.89,0.0,0.0,-15.216544151306152,39.9053828,116.4073982,119.98,0.0,13.0,105.639833
NTUN,105679833,1320.484375,0.0,0.0,29.91,0.0,0.0,-15.215489387512207,39.9053828,116.4073982,119.98,0.0,13.0,105.679833
NTUN,105719833,1320.484375,0.0,0.0,29.93,0.0,0.0,-15.215489387512207,39.9053828,116.4073982,119.98,0.0,13.0,105.719833
NTUN,105759833,1320.484375,0.0,0.0,29.94,0.0,0.0,-15.215489387512207,39.9053828,116.4073982,119.98,0.0,13.0,105.759833
NTUN,105799833,1321.98486328125,0.0,0.0,29.96,0.0,0.0,-15.217278480529785,39.9053828,116.4073982,119.98,0.0,13.0,105.799833
NTUN,105839833,1321.98486328125,0.0,0.0,29.98,0.0,0.0,-15.217278480529785,39.9053828,116.4073982,119.98,0.0,13.0,105.839833
NTUN,105879833,1323.4912109375,0.0,0.0,30.0,0.0,0.0,-15.217175483703613,39.9053828,116.4073982,119.98,0.0,13.0,105.879833
NTUN,105919833,1323.4912109375,0.0,0.0,30.02,0.0,0.0,-15.217175483703613,39.9053828,116.4073982,119.98,0.0,13.0,105.919833
NTUN,105959833,1323.4912109375,0.0,0.0,30.04,0.0,0.0,-15.217175483703613,39.9053828,116.4073982,119.98,0.0,13.0,105.959833
NTUN,105999833,1324.9918212890625,0.0,0.0,30.06,0.0,0.0,-15.220433235168457,39.9053828,116.4073982,119.98,0.0,13.0,105.999833
NTUN,106039833,1324.9918212890625,0.0,0.0,30.08,0.0,0.0,-15.220433235168457,39.9053828,116.4073982,119.98,0.0,13.0,106.039833
NTUN,106079833,1326.48681640625,0.0,0.0,30.1,0.0,0.0,-15.222784042358398,39.9053828,116.4073982,119.98,0.0,13.0,106.079833
NTUN,106119833,1326.48681640625,0.0,0.0,30.12,0.0,0.0,-15.222784042358398,39.9053828,116.4073982,119.98,0.0,13.0,106.119833
NTUN,106159833,1326.48681640625,0.0,0.0,30.13,0.0,0.0,-15.222784042358398,39.9053828,116.4073982,119.98,0.0,13.0,106.159833
NTUN,106199833,1327.995849609375,0.0,0.0,30.15,0.0,0.0,-15.22504997253418,39.9053828,116.4073982,119.98,0.0,13.0,106.199833
NTUN,106239833,1327.995849609375,0.0,0.0,30.17,0.0,0.0,-15.22504997253418,39.9053828,116.4073982,119.98,0.0,13.0,106.239833
NTUN,106279833,1329.501708984375,0.0,0.0,30.19,0.0,0.0,-15.227575302124023,39.9053828,116.4073982,119.98,0.0,13.0,106.279833
NTUN,106319833,1329.501708984375,0.0,0.0,30.21,0.0,0.0,-15.227575302124023,39.9053828,116.4073982,119.98,0.0,13.0,106.319833
NTUN,106359833,1329.501708984375,0.0,0.0,30.23,0.0,0.0,-15.227575302124023,39.9053828,116.4073982,119.98,0.0,13.0,106.359833
NTUN,106399833,1331.007568359375,0.0,0.0,30.25,0.0,0.0,-15.22972297668457,39.9053828,116.4073982,119.98,0.0,13.0,106.399833
NTUN,106439833,1331.007568359375,0.0,0.0,30.27,0.0,0.0,-15.22972297668457,39.9053828,116.4073982,119.98,0.0,13.0,106.439833
NTUN,106479833,1332.51611328125,0.0,0.0,30.3,0.0,0.0,-15.234315872192383,39.9053828,116.4073982,119.98,0.0,13.0,106.479833
NTUN,106519833,1332.51611328125,0.0,0.0,30.32,0.0,0.0,-15.234315872192383,39.9053828,116.4073982,119.98,0.0,13.0,106.519833
NTUN,106559833,1332.51611328125,0.0,0.0,30.34,0.0,0.0,-15.234315872192383,39.9053828,116.4073982,119.98,0.0,13.0,106.559833
NTUN,106599833,1334.0272216796875,0.0,0.0,30.36,0.0,0.0,-15.240845680236816,39.9053828,116.4073982,119.98,0.0,13.0,106.599833
NTUN,106639833,1334.0272216796875,0.0,0.0,30.38,0.0,0.0,-15.240845680236816,39.9053828,116.4073982,119.98,0.0,13.0,106.639833
NTUN,106679833,1335.5465087890625,0.0,0.0,30.4,0.0,0.0,-15.247310638427734,39.9053828,116.4073982,119.98,0.0,13.0,106.679833
NTUN,106719833,1335.5465087890625,0.0,0.0,30.43,0.0,0.0,-15.247310638427734,39.9053828,116.4073982,119.98,0.0,13.0,106.719833
NTUN,106759833,1335.5465087890625,0.0,0.0,30.45,0.0,0.0,-15.247310638427734,39.9053828,116.4073982,119.98,0.0,13.0,106.759833
NTUN,106799833,1337.062744140625,0.0,0.0,30.47,0.0,0.0,-15.254941940307617,39.9053828,116.4073982,119.98,0.0,13.0,106.799833
NTUN,106839833,1337.062744140625,0.0,0.0,30.5,0.0,0.0,-15.254941940307617,39.9053828,116.4073982,119.98,0.0,13.0,106.839833
NTUN,106879833,1338.578857421875,0.0,0.0,30.52,0.0,0.0,-15.261910438537598,39.9053828,116.4073982,119.98,0.0,13.0,106.879833
NTUN,106919833,1338.578857421875,0.0,0.0,30.54,0.0,0.0,-15.261910438537598,39.9053828,116.4073982,119.98,0.0,13.0,106.919833
NTUN,106959833,1338.578857421875,0.0,0.0,30.56,0.0,0.0,-15.261910438537598,39.9053828,116.4073982,119.98,0.0,13.0,106.959833
NTUN,106999833,1340.1002197265625,0.0,0.0,30.58,0.0,0.0,-15.266448020935059,39.9053828,116.4073982,119.98,0.0,13.0,106.999833
NTUN,107039833,1340.1002197265625,0.0,0.0,30.61,0.0,0.0,-15.266448020935059,39.9053828,116.4073982,119.98,0.0,13.0,107.039833
NTUN,107079833,1341.62158203125,0.0,0.0,30.63,0.0,0.0,-15.272478103637695,39.9053828,116.4073982,119.98,0.0,13.0,107.079833
NTUN,107119833,1341.62158203125,0.0,0.0,30.65,0.0,0.0,-15.272478103637695,39.9053828,116.4073982,119.98,0.0,13.0,107.119833
NTUN,107159833,1341.62158203125,0.0,0.0,30.67,0.0,0.0,-15.272478103637695,39.9053828,116.4073982,119.98,0.0,13.0,107.159833
NTUN,107199833,1343.1396484375,0.0,0.0,30.69,0.0,0.0,-15.278046607971191,39.9053828,116.4073982,119.98,0.0,13.0,107.199833
NTUN,107239833,1343.1396484375,0.0,0.0,30.71,0.0,0.0,-15.278046607971191,39.9053828,116.4073982,119.98,0.0,13.0,107.239833
NTUN,107279833,1344.6661376953125,0.0,0.0,30.73,0.0,0.0,-15.283998489379883,39.9053828,116.4073982,119.98,0.0,13.0,107.279833
NTUN,107319833,1344.6661376953125,0.0,0.0,30.75,0.0,0.0,-15.283998489379883,39.9053828,116.4073982,119.98,0.0,13.0,107.319833
NTUN,107359833,1344.6661376953125,0.0,0.0,30.77,0.0,0.0,-15.283998489379883,39.9053828,116.4073982,119.98,0.0,13.0,107.359833
NTUN,107399833,1346.189208984375,0.0,0.0,30.79,0.0,0.0,-15.291184425354004,39.9053828,116.4073982,119.98,0.0,13.0,107.399833
NTUN,107439833,1346.189208984375,0.0,0.0,30.81,0.0,0.0,-15.291184425354004,39.9053828,116.4073982,119.98,0.0,13.0,107.439833
NTUN,107479833,1347.720703125,0.0,0.0,30.83,0.0,0.0,-15.294474601745605,39.9053828,116.4073982,119.98,0.0,13.0,107.479833
NTUN,107519833,1347.720703125,0.0,0.0,30.85,0.0,0.0,-15.294474601745605,39.9053828,116.4073982,119.98,0.0,13.0,107.519833
NTUN,107559833,1347.720703125,0.0,0.0,30.87,0.0,0.0,-15.294474601745605,39.9053828,116.4073982,119.98,0.0,13.0,107.559833
NTUN,107599833,1349.2490234375,0.0,0.0,30.89,0.0,0.0,-15.300064086914062,39.9053828,116.4073982,119.98,0.0,13.0,107.599833
NTUN,107639833,1349.2490234375,0.0,0.0,30.91,0.0,0.0,-15.300064086914062,39.9053828,116.4073982,119.98,0.0,13.0,107.639833
NTUN,107679833,1350.7772216796875,0.0,0.0,30.93,0.0,0.0,-15.303976058959961,39.9053828,116.4073982,119.98,0.0,13.0,107.679833
NTUN,107719833,1350.7772216796875,0.0,0.0,30.95,0.0,0.0,-15.303976058959961,39.9053828,116.4073982,119.98,0.0,13.0,107.719833
NTUN,107759833,1350.7772216796875,0.0,0.0,30.97,0.0,0.0,-15.303976058959961,39.9053828,116.4073982,119.98,0.0,13.0,107.759833
NTUN,107799833,1352.3079833984375,0.0,0.0,30.99,0.0,0.0,-15.31066608428955,39.9053828,116.4073982,119.98,0.0,13.0,107.799833
NTUN,107839833,1352.3079833984375,0.0,0.0,31.01,0.0,0.0,-15.31066608428955,39.9053828,116.4073982,119.98,0.0,13.0,107.839833
NTUN,107879833,1353.8330078125,0.0,0.0,31.03,0.0,0.0,-15.3158540725708,39.9053828,116.4073982,119.98,0.0,13.0,107.879833
NTUN,107919833,1353.8330078125,0.0,0.0,31.05,0.0,0.0,-15.3158540725708,39.9053828,116.4073982,119.98,0.0,13.0,107.919833
NTUN,107959833,1353.8330078125,0.0,0.0,31.07,0.0,0.0,-15.3158540725708,39.9053828,116.4073982,119.98,0.0,13.0,107.959833
NTUN,107999833,1355.3663330078125,0.0,0.0,31.09,0.0,0.0,-15.321477890014648,39.9053828,116.4073982,119.98,0.0,13.0,107.999833
NTUN,108039833,1355.3663330078125,0.0,0.0,31.11,0.0,0.0,-15.321477890014648,39.9053828,116.4073982,119.98,0.0,13.0,108.039833
NTUN,108079833,1356.8939208984375,0.0,0.0,31.13,0.0,0.0,-15.32571792602539,39.9053828,116.4073982,119.98,0.0,13.0,108.079833
NTUN,108119833,1356.8939208984375,0.0,0.0,31.15,0.0,0.0,-15.32571792602539,39.9053828,116.4073982,119.98,0.0,13.0,108.119833
NTUN,108159833,1356.8939208984375,0.0,0.0,31.17,0.0,0.0,-15.32571792602539,39.9053828,116.4073982,119.98,0.0,13.0,108.159833
NTUN,108199833,1358.4296875,0.0,0.0,31.19,0.0,0.0,-15.328712463378906,39.9053828,116.4073982,119.98,0.0,13.0,108.199833
NTUN,108239833,1358.4296875,0.0,0.0,31.21,0.0,0.0,-15.328712463378906,39.9053828,116.4073982,119.98,0.0,13.0,108.239833
NTUN,108279833,1359.957275390625,0.0,0.0,31.23,0.0,0.0,-15.330313682556152,39.9053828,116.4073982,119.98,0.0,13.0,108.279833
NTUN,108319833,1359.957275390625,0.0,0.0,31.25,0.0,0.0,-15.330313682556152,39.9053828,116.4073982,119.98,0.0,13.0,108.319833
NTUN,108359833,1359.957275390625,0.0,0.0,31.26,0.0,0.0,-15.330313682556152,39.9053828,116.4073982,119.98,0.0,13.0,108.359833
NTUN,108399833,1361.4931640625,0.0,0.0,31.28,0.0,0.0,-15.335142135620117,39.9053828,116.4073982,119.98,0.0,13.0,108.399833
NTUN,108439833,1361.4931640625,0.0,0.0,31.3,0.0,0.0,-15.335142135620117,39.9053828,116.4073982,119.98,0.0,13.0,108.439833
NTUN,108479833,1363.0289306640625,0.0,0.0,31.32,0.0,0.0,-15.336601257324219,39.9053828,116.4073982,119.98,0.0,13.0,108.479833
NTUN,108519833,1363.0289306640625,0.0,0.0,31.34,0.0,0.0,-15.336601257324219,39.9053828,116.4073982,119.98,0.0,13.0,108.519833
NTUN,108559833,1363.0289306640625,0.0,0.0,31.36,0.0,0.0,-15.336601257324219,39.9053828,116.4073982,119.98,0.0,13.0,108.559833
NTUN,108599833,1364.5648193359375,0.0,0.0,31.38,0.0,0.0,-15.339069366455078,39.9053828,116.4073982,119.98,0.0,13.0,108.599833
NTUN,108639833,1364.5648193359375,0.0,0.0,31.39,0.0,0.0,-15.339069366455078,39.9053828,116.4073982,119.98,0.0,13.0,108.639833
NTUN,108679833,1366.1005859375,0.0,0.0,31.41,0.0,0.0,-15.340447425842285,39.9053828,116.4073982,119.98,0.0,13.0,108.679833
NTUN,108719833,1366.1005859375,0.0,0.0,31.43,0.0,0.0,-15.340447425842285,39.9053828,116.4073982,119.98,0.0,13.0,108.719833
NTUN,108759833,1366.1005859375,0.0,0.0,31.45,0.0,0.0,-15.340447425842285,39.9053828,116.4073982,119.98,0.0,13.0,108.759833
NTUN,108799833,1367.628173828125,0.0,0.0,31.47,0.0,0.0,-15.340142250061035,39.9053828,116.4073982,119.98,0.0,13.0,108.799833
NTUN,108839833,1367.628173828125,0.0,0.0,31.49,0.0,0.0,-15.340142250061035,39.9053828,116.4073982,119.98,0.0,13.0,108.839833
NTUN,108879833,1369.169677734375,0.0,0.0,31.51,0.0,0.0,-15.341854095458984,39.9053828,116.4073982,119.98,0.0,13.0,108.879833
NTUN,108919833,1369.169677734375,0.0,0.0,31.53,0.0,0.0,-15.341854095458984,39.9053828,116.4073982,119.98,0.0,13.0,108.919833
NTUN,108959833,1369.169677734375,0.0,0.0,31.55,0.0,0.0,-15.341854095458984,39.9053828,116.4073982,119.98,0.0,13.0,108.959833
NTUN,108999833,1370.7030029296875,0.0,0.0,31.57,0.0,0.0,-15.340963363647461,39.9053828,116.4073982,119.98,0.0,13.0,108.999833
NTUN,109039833,1370.7030029296875,0.0,0.0,31.6,0.0,0.0,-15.340963363647461,39.9053828,116.4073982,119.98,0.0,13.0,109.039833
NTUN,109079833,1372.2337646484375,0.0,0.0,31.62,0.0,0.0,-15.343674659729004,39.9053828,116.4073982,119.98,0.0,13.0,109.079833
NTUN,109119833,1372.2337646484375,0.0,0.0,31.64,0.0,0.0,-15.343674659729004,39.9053828,116.4073982,119.98,0.0,13.0,109.119833
NTUN,109159833,1372.2337646484375,0.0,0.0,31.66,0.0,0.0,-15.343674659729004,39.9053828,116.4073982,119.98,0.0,13.0,109.159833
NTUN,109199833,1373.7786865234375,0.0,0.0,31.68,0.0,0.0,-15.344393730163574,39.9053828,116.4073982,119.98,0.0,13.0,109.199833
NTUN,109239833,1373.7786865234375,0.0,0.0,31.7,0.0,0.0,-15.344393730163574,39.9053828,116.4073982,119.98,0.0,13.0,109.239833
NTUN,109279833,1375.3126220703125,0.0,0.0,31.73,0.0,0.0,-15.34670639038086,39.9053828,116.4073982,119.98,0.0,13.0,109.279833
NTUN,109319833,1375.3126220703125,0.0,0.0,31.75,0.0,0.0,-15.34670639038086,39.9053828,116.4073982,119.98,0.0,13.0,109.319833
NTUN,109359833,1375.3126220703125,0.0,0.0,31.77,0.0,0.0,-15.34670639038086,39.9053828,116.4073982,119.98,0.0,13.0,109.359833
NTUN,109399833,1376.8466796875,0.0,0.0,31.79,0.0,0.0,-15.35336685180664,39.9053828,116.4073982,119.98,0.0,13.0,109.399833
NTUN,109439833,1376.8466796875,0.0,0.0,31.81,0.0,0.0,-15.35336685180664,39.9053828,116.4073982,119.98,0.0,13.0,109.439833
NTUN,109479833,1378.384033203125,0.0,0.0,31.84,0.0,0.0,-15.358710289001465,39.9053828,116.4073982,119.98,0.0,13.0,109.479833
NTUN,109519833,1378.384033203125,0.0,0.0,31.86,0.0,0.0,-15.358710289001465,39.9053828,116.4073982,119.98,0.0,13.0,109.519833
NTUN,109559833,1378.384033203125,0.0,0.0,31.88,0.0,0.0,-15.358710289001465,39.9053828,116.4073982,119.98,0.0,13.0,109.559833
NTUN,109599833,1379.9212646484375,0.0,0.0,31.91,0.0,0.0,-15.364339828491211,39.9053828,116.4073982,119.98,0.0,13.0,109.599833
NTUN,109639833,1379.9212646484375,0.0,0.0,31.93,0.0,0.0,-15.364339828491211,39.9053828,116.4073982,119.98,0.0,13.0,109.639833
NTUN,109679833,1381.4560546875,0.0,0.0,31.95,0.0,0.0,-15.371150970458984,39.9053828,116.4073982,119.98,0.0,13.0,109.679833
NTUN,109719833,1381.4560546875,0.0,0.0,31.97,0.0,0.0,-15.371150970458984,39.9053828,116.4073982,119.98,0.0,13.0,109.719833
NTUN,109759833,1381.4560546875,0.0,0.0,32.0,0.0,0.0,-15.371150970458984,39.9053828,116.4073982,119.98,0.0,13.0,109.759833
NTUN,109799833,1382.9940185546875,0.0,0.0,32.02,0.0,0.0,-15.375823020935059,39.9053828,116.4073982,119.98,0.0,13.0,109.799833
NTUN,109839833,1382.9940185546875,0.0,0.0,32.04,0.0,0.0,-15.375823020935059,39.9053828,116.4073982,119.98,0.0,13.0,109.839833
NTUN,109879833,1384.5238037109375,0.0,0.0,32.06,0.0,0.0,-15.381081581115723,39.9053828,116.4073982,119.98,0.0,13.0,109.879833
NTUN,109919833,1384.5238037109375,0.0,0.0,32.09,0.0,0.0,-15.381081581115723,39.9053828,116.4073982,119.98,0.0,13.0,109.919833
NTUN,109959833,1384.5238037109375,0.0,0.0,32.11,0.0,0.0,-15.381081581115723,39.9053828,116.4073982,119.98,0.0,13.0,109.959833
NTUN,109999833,1386.0594482421875,0.0,0.0,32.13,0.0,0.0,-15.388830184936523,39.9053828,116.4073982,119.98,0.0,13.0,109.999833
NTUN,110039833,1386.0594482421875,0.0,0.0,32.15,0.0,0.0,-15.388830184936523,39.9053828,116.4073982,119.98,0.0,13.0,110.039833
NTUN,110079833,1387.5924072265625,0.0,0.0,32.18,0.0,0.0,-15.392603874206543,39.9053828,116.4073982,119.98,0.0,13.0,110.079833
NTUN,110119833,1387.5924072265625,0.0,0.0,32.2,0.0,0.0,-15.392603874206543,39.9053828,116.4073982,119.98,0.0,13.0,110.119833
NTUN,110159833,1387.5924072265625,0.0,0.0,32.22,0.0,0.0,-15.392603874206543,39.9053828,116.4073982,119.98,0.0,13.0,110.159833
NTUN,110199833,1389.123046875,0.0,0.0,32.24,0.0,0.0,-15.397177696228027,39.9053828,116.4073982,119.98,0.0,13.0,110.199833
NTUN,110239833,1389.123046875,0.0,0.0,32.26,0.0,0.0,-15.397177696228027,39.9053828,116.4073982,119.98,0.0,13.0,110.239833
NTUN,110279833,1390.6455078125,0.0,0.0,32.28,0.0,0.0,-15.404695510864258,39.9053828,116.4073982,119.98,0.0,13.0,110.279833
NTUN,110319833,1390.6455078125,0.0,0.0,32.3,0.0,0.0,-15.404695510864258,39.9053828,116.4073982,119.98,0.0,13.0,110.319833
NTUN,110359833,1390.6455078125,0.0,0.0,32.32,0.0,0.0,-15.404695510864258,39.9053828,116.4073982,119.98,0.0,13.0,110.359833
NTUN,110399833,1392.1793212890625,0.0,0.0,32.34,0.0,0.0,-15.412092208862305,39.9053828,116.4073982,119.98,0.0,13.0,110.399833
NTUN,110439833,1392.1793212890625,0.0,0.0,32.36,0.0,0.0,-15.412092208862305,39.9053828,116.4073982,119.98,0.0,13.0,110.439833
NTUN,110479833,1393.718994140625,0.0,0.0,32.38,0.0,0.0,-15.416412353515625,39.9053828,116.4073982,119.98,0.0,13.0,110.479833
NTUN,110519833,1393.718994140625,0.0,0.0,32.4,0.0,0.0,-15.416412353515625,39.9053828,116.4073982,119.98,0.0,13.0,110.519833
NTUN,110559833,1393.718994140625,0.0,0.0,32.42,0.0,0.0,-15.416412353515625,39.9053828,116.4073982,119.98,0.0,13.0,110.559833
NTUN,110599833,1395.2421875,0.0,0.0,32.44,0.0,0.0,-15.421417236328125,39.9053828,116.4073982,119.98,0.0,13.0,110.599833
NTUN,110639833,1395.2421875,0.0,0.0,32.46,0.0,0.0,-15.421417236328125,39.9053828,116.4073982,119.98,0.0,13.0,110.639833
NTUN,110679833,1396.7769775390625,0.0,0.0,32.48,0.0,0.0,-15.426409721374512,39.9053828,116.4073982,119.98,0.0,13.0,110.679833
NTUN,110719833,1396.7769775390625,0.0,0.0,32.5,0.0,0.0,-15.426409721374512,39.9053828,116.4073982,119.98,0.0,13.0,110.719833
NTUN,110759833,1396.7769775390625,0.0,0.0,32.52,0.0,0.0,-15.426409721374512,39.9053828,116.4073982,119.98,0.0,13.0,110.759833
NTUN,110799833,1398.3060302734375,0.0,0.0,32.53,0.0,0.0,-15.429564476013184,39.9053828,116.4073982,119.98,0.0,13.0,110.799833
NTUN,110839833,1398.3060302734375,0.0,0.0,32.55,0.0,0.0,-15.429564476013184,39.9053828,116.4073982,119.98,0.0,13.0,110.839833
NTUN,110879833,1399.83251953125,0.0,0.0,32.57,0.0,0.0,-15.431549072265625,39.9053828,116.4073982,119.98,0.0,13.0,110.879833
NTUN,110919833,1399.83251953125,0.0,0.0,32.59,0.0,0.0,-15.431549072265625,39.9053828,116.4073982,119.98,0.0,13.0,110.919833
NTUN,110959833,1399.83251953125,0.0,0.0,32.61,0.0,0.0,-15.431549072265625,39.9053828,116.4073982,119.98,0.0,13.0,110.959833
NTUN,110999833,1401.3648681640625,0.0,0.0,32.63,0.0,0.0,-15.433024406433105,39.9053828,116.4073982,119.98,0.0,13.0,110.999833
NTUN,111039833,1401.3648681640625,0.0,0.0,32.65,0.0,0.0,-15.433024406433105,39.9053828,116.4073982,119.98,0.0,13.0,111.039833
NTUN,111079833,1402.88330078125,0.0,0.0,32.66,0.0,0.0,-15.435944557189941,39.9053828,116.4073982,119.98,0.0,13.0,111.079833
NTUN,111119833,1402.88330078125,0.0,0.0,32.68,0.0,0.0,-15.435944557189941,39.9053828,116.4073982,119.98,0.0,13.0,111.119833
NTUN,111159833,1402.88330078125,0.0,0.0,32.7,0.0,0.0,-15.435944557189941,39.9053828,116.4073982,119.98,0.0,13.0,111.159833
NTUN,111199833,1404.415771484375,0.0,0.0,32.71,0.0,0.0,-15.4365873336792,39.9053828,116.4073982,119.98,0.0,13.0,111.199833
NTUN,111239833,1404.415771484375,0.0,0.0,32.73,0.0,0.0,-15.4365873336792,39.9053828,116.4073982,119.98,0.0,13.0,111.239833
NTUN,111279833,1405.9400634765625,0.0,0.0,32.75,0.0,0.0,-15.437012672424316,39.9053828,116.4073982,119.98,0.0,13.0,111.279833
NTUN,111319833,1405.9400634765625,0.0,0.0,32.77,0.0,0.0,-15.437012672424316,39.9053828,116.4073982,119.98,0.0,13.0,111.319833
NTUN,111359833,1405.9400634765625,0.0,0.0,32.78,0.0,0.0,-15.437012672424316,39.9053828,116.4073982,119.98,0.0,13.0,111.359833
NTUN,111399833,1407.4669189453125,0.0,0.0,32.8,0.0,0.0,-15.438935279846191,39.9053828,116.4073982,119.98,0.0,13.0,111.399833
NTUN,111439833,1407.4669189453125,0.0,0.0,32.82,0.0,0.0,-15.438935279846191,39.9053828,116.4073982,119.98,0.0,13.0,111.439833
NTUN,111479833,1408.99951171875,0.0,0.0,32.84,0.0,0.0,-15.438590049743652,39.9053828,116.4073982,119.98,0.0,13.0,111.479833
NTUN,111519833,1408.99951171875,0.0,0.0,32.85,0.0,0.0,-15.438590049743652,39.9053828,116.4073982,119.98,0.0,13.0,111.519833
NTUN,111559833,1408.99951171875,0.0,0.0,32.87,0.0,0.0,-15.438590049743652,39.9053828,116.4073982,119.98,0.0,13.0,111.559833
NTUN,111599833,1410.51806640625,0.0,0.0,32.89,0.0,0.0,-15.436590194702148,39.9053828,116.4073982,119.98,0.0,13.0,111.599833
NTUN,111639833,1410.51806640625,0.0,0.0,32.91,0.0,0.0,-15.436590194702148,39.9053828,116.4073982,119.98,0.0,13.0,111.639833
NTUN,111679833,1412.05078125,0.0,0.0,32.93,0.0,0.0,-15.436236381530762,39.9053828,116.4073982,119.98,0.0,13.0,111.679833
NTUN,111719833,1412.05078125,0.0,0.0,32.95,0.0,0.0,-15.436236381530762,39.9053828,116.4073982,119.98,0.0,13.0,111.719833
NTUN,111759833,1412.05078125,0.0,0.0,32.97,0.0,0.0,-15.436236381530762,39.9053828,116.4073982,119.98,0.0,13.0,111.759833
NTUN,111799833,1413.5777587890625,0.0,0.0,32.99,0.0,0.0,-15.43563175201416,39.9053828,116.4073982,119.98,0.0,13.0,111.799833
NTUN,111839833,1413.5777587890625,0.0,0.0,33.01,0.0,0.0,-15.43563175201416,39.9053828,116.4073982,119.98,0.0,13.0,111.839833
NTUN,111879833,1415.1129150390625,0.0,0.0,33.04,0.0,0.0,-15.435805320739746,39.9053828,116.4073982,119.98,0.0,13.0,111.879833
NTUN,111919833,1415.1129150390625,0.0,0.0,33.06,0.0,0.0,-15.435805320739746,39.9053828,116.4073982,119.98,0.0,13.0,111.919833
NTUN,111959833,1415.1129150390625,0.0,0.0,33.08,0.0,0.0,-15.435805320739746,39.9053828,116.4073982,119.98,0.0,13.0,111.959833
NTUN,111999833,1416.63671875,0.0,0.0,33.1,0.0,0.0,-15.435528755187988,39.9053828,116.4073982,119.98,0.0,13.0,111.999833
NTUN,112039833,1416.63671875,0.0,0.0,33.12,0.0,0.0,-15.435528755187988,39.9053828,116.4073982,119.98,0.0,13.0,112.039833
NTUN,112079833,1418.1744384765625,0.0,0.0,33.14,0.0,0.0,-15.439338684082031,39.9053828,116.4073982,119.98,0.0,13.0,112.079833
NTUN,112119833,1418.1744384765625,0.0,0.0,33.16,0.0,0.0,-15.439338684082031,39.9053828,116.4073982,119.98,0.0,13.0,112.119833
NTUN,112159833,1418.1744384765625,0.0,0.0,33.19,0.0,0.0,-15.439338684082031,39.9053828,116.4073982,119.98,0.0,13.0,112.159833
NTUN,112199833,1419.70068359375,0.0,0.0,33.21,0.0,0.0,-15.444594383239746,39.9053828,116.4073982,119.98,0.0,13.0,112.199833
NTUN,112239833,1419.70068359375,0.0,0.0,33.23,0.0,0.0,-15.444594383239746,39.9053828,116.4073982,119.98,0.0,13.0,112.239833
NTUN,112279833,1421.2376708984375,0.0,0.0,33.25,0.0,0.0,-15.449186325073242,39.9053828,116.4073982,119.98,0.0,13.0,112.279833
NTUN,112319833,1421.2376708984375,0.0,0.0,33.27,0.0,0.0,-15.449186325073242,39.9053828,116.4073982,119.98,0.0,13.0,112.319833
NTUN,112359833,1421.2376708984375,0.0,0.0,33.29,0.0,0.0,-15.449186325073242,39.9053828,116.4073982,119.98,0.0,13.0,112.359833
NTUN,112399833,1422.7745361328125,0.0,0.0,33.31,0.0,0.0,-15.453200340270996,39.9053828,116.4073982,119.98,0.0,13.0,112.399833
NTUN,112439833,1422.7745361328125,0.0,0.0,33.33,0.0,0.0,-15.453200340270996,39.9053828,116.4073982,119.98,0.0,13.0,112.439833
NTUN,112479833,1424.31396484375,0.0,0.0,33.35,0.0,0.0,-15.458301544189453,39.9053828,116.4073982,119.98,0.0,13.0,112.479833
NTUN,112519833,1424.31396484375,0.0,0.0,33.37,0.0,0.0,-15.458301544189453,39.9053828,116.4073982,119.98,0.0,13.0,112.519833
NTUN,112559833,1424.31396484375,0.0,0.0,33.4,0.0,0.0,-15.458301544189453,39.9053828,116.4073982,119.98,0.0,13.0,112.559833
NTUN,112599833,1425.85595703125,0.0,0.0,33.42,0.0,0.0,-15.464250564575195,39.9053828,116.4073982,119.98,0.0,13.0,112.599833
NTUN,112639833,1425.85595703125,0.0,0.0,33.44,0.0,0.0,-15.464250564575195,39.9053828,116.4073982,119.98,0.0,13.0,112.639833
NTUN,112679833,1427.4002685546875,0.0,0.0,33.46,0.0,0.0,-15.469432830810547,39.9053828,116.4073982,119.98,0.0,13.0,112.679833
NTUN,112719833,1427.4002685546875,0.0,0.0,33.48,0.0,0.0,-15.469432830810547,39.9053828,116.4073982,119.98,0.0,13.0,112.719833
NTUN,112759833,1427.4002685546875,0.0,0.0,33.5,0.0,0.0,-15.469432830810547,39.9053828,116.4073982,119.98,0.0,13.0,112.759833
NTUN,112799833,1428.9412841796875,0.0,0.0,33.52,0.0,0.0,-15.474038124084473,39.9053828,116.4073982,119.98,0.0,13.0,112.799833
NTUN,112839833,1428.9412841796875,0.0,0.0,33.54,0.0,0.0,-15.474038124084473,39.9053828,116.4073982,119.98,0.0,13.0,112.839833
NTUN,112879833,1430.482421875,0.0,0.0,33.56,0.0,0.0,-15.477278709411621,39.9053828,116.4073982,119.98,0.0,13.0,112.879833
NTUN,112919833,1430.482421875,0.0,0.0,33.58,0.0,0.0,-15.477278709411621,39.9053828,116.4073982,119.98,0.0,13.0,112.919833
NTUN,112959833,1430.482421875,0.0,0.0,33.6,0.0,0.0,-15.477278709411621,39.9053828,116.4073982,119.98,0.0,13.0,112.959833
NTUN,112999833,1432.0341796875,0.0,0.0,33.62,0.0,0.0,-15.483429908752441,39.9053828,116.4073982,119.98,0.0,13.0,112.999833
NTUN,113039833,1432.0341796875,0.0,0.0,33.64,0.0,0.0,-15.483429908752441,39.9053828,116.4073982,119.98,0.0,13.0,113.039833
NTUN,113079833,1433.58251953125,0.0,0.0,33.66,0.0,0.0,-15.487687110900879,39.9053828,116.4073982,119.98,0.0,13.0,113.079833
NTUN,113119833,1433.58251953125,0.0,0.0,33.68,0.0,0.0,-15.487687110900879,39.9053828,116.4073982,119.98,0.0,13.0,113.119833
NTUN,113159833,1433.58251953125,0.0,0.0,33.7,0.0,0.0,-15.487687110900879,39.9053828,116.4073982,119.98,0.0,13.0,113.159833
NTUN,113199833,1435.130859375,0.0,0.0,33.72,0.0,0.0,-15.492234230041504,39.9053828,116.4073982,119.98,0.0,13.0,113.199833
NTUN,113239833,1435.130859375,0.0,0.0,33.74,0.0,0.0,-15.492234230041504,39.9053828,116.4073982,119.98,0.0,13.0,113.239833
NTUN,113279833,1436.6817626953125,0.0,0.0,33.76,0.0,0.0,-15.495709419250488,39.9053828,116.4073982,119.98,0.0,13.0,113.279833
NTUN,113319833,1436.6817626953125,0.0,0.0,33.78,0.0,0.0,-15.495709419250488,39.9053828,116.4073982,119.98,0.0,13.0,113.319833
NTUN,113359833,1436.6817626953125,0.0,0.0,33.8,0.0,0.0,-15.495709419250488,39.9053828,116.4073982,119.98,0.0,13.0,113.359833
NTUN,113399833,1438.226806640625,0.0,0.0,33.82,0.0,0.0,-15.501388549804688,39.9053828,116.4073982,119.98,0.0,13.0,113.399833
NTUN,113439833,1438.226806640625,0.0,0.0,33.84,0.0,0.0,-15.501388549804688,39.9053828,116.4073982,119.98,0.0,13.0,113.439833
NTUN,113479833,1439.7825927734375,0.0,0.0,33.86,0.0,0.0,-15.505335807800293,39.9053828,116.4073982,119.98,0.0,13.0,113.479833
NTUN,113519833,1439.7825927734375,0.0,0.0,33.88,0.0,0.0,-15.505335807800293,39.9053828,116.4073982,119.98,0.0,13.0,113.519833
NTUN,113559833,1439.7825927734375,0.0,0.0,33.9,0.0,0.0,-15.505335807800293,39.9053828,116.4073982,119.98,0.0,13.0,113.559833
NTUN,113599833,1441.33837890625,0.0,0.0,33.92,0.0,0.0,-15.507538795471191,39.9053828,116.4073982,119.98,0.0,13.0,113.599833
NTUN,113639833,1441.33837890625,0.0,0.0,33.94,0.0,0.0,-15.507538795471191,39.9053828,116.4073982,119.98,0.0,13.0,113.639833
NTUN,113679833,1442.882568359375,0.0,0.0,33.96,0.0,0.0,-15.511155128479004,39.9053828,116.4073982,119.98,0.0,13.0,113.679833
NTUN,113719833,1442.882568359375,0.0,0.0,33.98,0.0,0.0,-15.511155128479004,39.9053828,116.4073982,119.98,0.0,13.0,113.719833
NTUN,113759833,1442.882568359375,0.0,0.0,34.0,0.0,0.0,-15.511155128479004,39.9053828,116.4073982,119.98,0.0,13.0,113.759833
NTUN,113799833,1444.440673828125,0.0,0.0,34.02,0.0,0.0,-15.516828536987305,39.9053828,116.4073982,119.98,0.0,13.0,113.799833
NTUN,113839833,1444.440673828125,0.0,0.0,34.04,0.0,0.0,-15.516828536987305,39.9053828,116.4073982,119.98,0.0,13.0,113.839833
NTUN,113879833,1445.9931640625,0.0,0.0,34.06,0.0,0.0,-15.521077156066895,39.9053828,116.4073982,119.98,0.0,13.0,113.879833
NTUN,113919833,1445.9931640625,0.0,0.0,34.07,0.0,0.0,-15.521077156066895,39.9053828,116.4073982,119.98,0.0,13.0,113.919833
NTUN,113959833,1445.9931640625,0.0,0.0,34.09,0.0,0.0,-15.521077156066895,39.9053828,116.4073982,119.98,0.0,13.0,113.959833
NTUN,113999833,1447.5479736328125,0.0,0.0,34.11,0.0,0.0,-15.522831916809082,39.9053828,116.4073982,119.98,0.0,13.0,113.999833
NTUN,114039833,1447.5479736328125,0.0,0.0,34.13,0.0,0.0,-15.522831916809082,39.9053828,116.4073982,119.98,0.0,13.0,114.039833
NTUN,114079833,1449.100341796875,0.0,0.0,34.14,0.0,0.0,-15.524272918701172,39.9053828,116.4073982,119.98,0.0,13.0,114.079833
NTUN,114119833,1449.100341796875,0.0,0.0,34.16,0.0,0.0,-15.524272918701172,39.9053828,116.4073982,119.98,0.0,13.0,114.119833
NTUN,114159833,1449.100341796875,0.0,0.0,34.18,0.0,0.0,-15.524272918701172,39.9053828,116.4073982,119.98,0.0,13.0,114.159833
NTUN,114199833,1450.65283203125,0.0,0.0,34.2,0.0,0.0,-15.523941993713379,39.9053828,116.4073982,119.98,0.0,13.0,114.199833
NTUN,114239833,1450.65283203125,0.0,0.0,34.22,0.0,0.0,-15.523941993713379,39.9053828,116.4073982,119.98,0.0,13.0,114.239833
NTUN,114279833,1452.21337890625,0.0,0.0,34.24,0.0,0.0,-15.526518821716309,39.9053828,116.4073982,119.98,0.0,13.0,114.279833
NTUN,114319833,1452.21337890625,0.0,0.0,34.26,0.0,0.0,-15.526518821716309,39.9053828,116.4073982,119.98,0.0,13.0,114.319833
NTUN,114359833,1452.21337890625,0.0,0.0,34.28,0.0,0.0,-15.526518821716309,39.9053828,116.4073982,119.98,0.0,13.0,114.359833
NTUN,114399833,1453.760009765625,0.0,0.0,34.3,0.0,0.0,-15.528470993041992,39.9053828,116.4073982,119.98,0.0,13.0,114.399833
NTUN,114439833,1453.760009765625,0.0,0.0,34.32,0.0,0.0,-15.528470993041992,39.9053828,116.4073982,119.98,0.0,13.0,114.439833
NTUN,114479833,1455.3125,0.0,0.0,34.34,0.0,0.0,-15.527106285095215,39.9053828,116.4073982,119.98,0.0,13.0,114.479833
NTUN,114519833,1455.3125,0.0,0.0,34.36,0.0,0.0,-15.527106285095215,39.9053828,116.4073982,119.98,0.0,13.0,114.519833
NTUN,114559833,1455.3125,0.0,0.0,34.38,0.0,0.0,-15.527106285095215,39.9053828,116.4073982,119.98,0.0,13.0,114.559833
NTUN,114599833,1456.87060546875,0.0,0.0,34.4,0.0,0.0,-15.52916431427002,39.9053828,116.4073982,119.98,0.0,13.0,114.599833
NTUN,114639833,1456.87060546875,0.0,0.0,34.42,0.0,0.0,-15.52916431427002,39.9053828,116.4073982,119.98,0.0,13.0,114.639833
NTUN,114679833,1458.4288330078125,0.0,0.0,34.44,0.0,0.0,-15.529160499572754,39.9053828,116.4073982,119.98,0.0,13.0,114.679833
NTUN,114719833,1458.4288330078125,0.0,0.0,34.46,0.0,0.0,-15.529160499572754,39.9053828,116.4073982,119.98,0.0,13.0,114.719833
NTUN,114759833,1458.4288330078125,0.0,0.0,34.48,0.0,0.0,-15.529160499572754,39.9053828,116.4073982,119.98,0.0,13.0,114.759833
NTUN,114799833,1459.978759765625,0.0,0.0,34.5,0.0,0.0,-15.528454780578613,39.9053828,116.4073982,119.98,0.0,13.0,114.799833
NTUN,114839833,1459.978759765625,0.0,0.0,34.52,0.0,0.0,-15.528454780578613,39.9053828,116.4073982,119.98,0.0,13.0,114.839833
NTUN,114879833,1461.5345458984375,0.0,0.0,34.54,0.0,0.0,-15.532852172851562,39.9053828,116.4073982,119.98,0.0,13.0,114.879833
NTUN,114919833,1461.5345458984375,0.0,0.0,34.56,0.0,0.0,-15.532852172851562,39.9053828,116.4073982,119.98,0.0,13.0,114.919833
NTUN,114959833,1461.5345458984375,0.0,0.0,34.58,0.0,0.0,-15.532852172851562,39.9053828,116.4073982,119.98,0.0,13.0,114.959833
NTUN,114999833,1463.0936279296875,0.0,0.0,34.6,0.0,0.0,-15.537237167358398,39.9053828,116.4073982,119.98,0.0,13.0,114.999833
NTUN,115039833,1463.0936279296875,0.0,0.0,34.63,0.0,0.0,-15.537237167358398,39.9053828,116.4073982,119.98,0.0,13.0,115.039833
NTUN,115079833,1464.6527099609375,0.0,0.0,34.65,0.0,0.0,-15.539517402648926,39.9053828,116.4073982,119.98,0.0,13.0,115.079833
NTUN,115119833,1464.6527099609375,0.0,0.0,34.67,0.0,0.0,-15.539517402648926,39.9053828,116.4073982,119.98,0.0,13.0,115.119833
NTUN,115159833,1464.6527099609375,0.0,0.0,34.69,0.0,0.0,-15.539517402648926,39.9053828,116.4073982,119.98,0.0,13.0,115.159833
NTUN,115199833,1466.2093505859375,0.0,0.0,34.71,0.0,0.0,-15.544061660766602,39.9053828,116.4073982,119.98,0.0,13.0,115.199833
NTUN,115239833,1466.2093505859375,0.0,0.0,34.74,0.0,0.0,-15.544061660766602,39.9053828,116.4073982,119.98,0.0,13.0,115.239833
NTUN,115279833,1467.7635498046875,0.0,0.0,34.76,0.0,0.0,-15.548595428466797,39.9053828,116.4073982,119.98,0.0,13.0,115.279833
NTUN,115319833,1467.7635498046875,0.0,0.0,34.78,0.0,0.0,-15.548595428466797,39.9053828,116.4073982,119.98,0.0,13.0,115.319833
NTUN,115359833,1467.7635498046875,0.0,0.0,34.8,0.0,0.0,-15.548595428466797,39.9053828,116.4073982,119.98,0.0,13.0,115.359833
NTUN,115399833,1469.3153076171875,0.0,0.0,34.82,0.0,0.0,-15.554585456848145,39.9053828,116.4073982,119.98,0.0,13.0,115.399833
NTUN,115439833,1469.3153076171875,0.0,0.0,34.85,0.0,0.0,-15.554585456848145,39.9053828,116.4073982,119.98,0.0,13.0,115.439833
NTUN,115479833,1470.872802734375,0.0,0.0,34.87,0.0,0.0,-15.560445785522461,39.9053828,116.4073982,119.98,0.0,13.0,115.479833
NTUN,115519833,1470.872802734375,0.0,0.0,34.89,0.0,0.0,-15.560445785522461,39.9053828,116.4073982,119.98,0.0,13.0,115.519833
NTUN,115559833,1470.872802734375,0.0,0.0,34.91,0.0,0.0,-15.560445785522461,39.9053828,116.4073982,119.98,0.0,13.0,115.559833
NTUN,115599833,1472.427978515625,0.0,0.0,34.93,0.0,0.0,-15.567997932434082,39.9053828,116.4073982,119.98,0.0,13.0,115.599833
NTUN,115639833,1472.427978515625,0.0,0.0,34.95,0.0,0.0,-15.567997932434082,39.9053828,116.4073982,119.98,0.0,13.0,115.639833
NTUN,115679833,1473.9864501953125,0.0,0.0,34.97,0.0,0.0,-15.574257850646973,39.9053828,116.4073982,119.98,0.0,13.0,115.679833
NTUN,115719833,1473.9864501953125,0.0,0.0,34.99,0.0,0.0,-15.574257850646973,39.9053828,116.4073982,119.98,0.0,13.0,115.719833
NTUN,115759833,1473.9864501953125,0.0,0.0,35.01,0.0,0.0,-15.574257850646973,39.9053828,116.4073982,119.98,0.0,13.0,115.759833
NTUN,115799833,1475.5450439453125,0.0,0.0,35.03,0.0,0.0,-15.5785551071167,39.9053828,116.4073982,119.98,0.0,13.0,115.799833
NTUN,115839833,1475.5450439453125,0.0,0.0,35.06,0.0,0.0,-15.5785551071167,39.9053828,116.4073982,119.98,0.0,13.0,115.839833
NTUN,115879833,1477.0953369140625,0.0,0.0,35.08,0.0,0.0,-15.584054946899414,39.9053828,116.4073982,119.98,0.0,13.0,115.879833
NTUN,115919833,1477.0953369140625,0.0,0.0,35.1,0.0,0.0,-15.584054946899414,39.9053828,116.4073982,119.98,0.0,13.0,115.919833
NTUN,115959833,1477.0953369140625,0.0,0.0,35.12,0.0,0.0,-15.584054946899414,39.9053828,116.4073982,119.98,0.0,13.0,115.959833
NTUN,115999833,1478.64892578125,0.0,0.0,35.14,0.0,0.0,-15.585917472839355,39.9053828,116.4073982,119.98,0.0,13.0,115.999833
NTUN,116039833,1478.64892578125,0.0,0.0,35.16,0.0,0.0,-15.585917472839355,39.9053828,116.4073982,119.98,0.0,13.0,116.039833
NTUN,116079833,1480.2001953125,0.0,0.0,35.18,0.0,0.0,-15.591450691223145,39.9053828,116.4073982,119.98,0.0,13.0,116.079833
NTUN,116119833,1480.2001953125,0.0,0.0,35.2,0.0,0.0,-15.591450691223145,39.9053828,116.4073982,119.98,0.0,13.0,116.119833
NTUN,116159833,1480.2001953125,0.0,0.0,35.22,0.0,0.0,-15.591450691223145,39.9053828,116.4073982,119.98,0.0,13.0,116.159833
NTUN,116199833,1481.75146484375,0.0,0.0,35.24,0.0,0.0,-15.594925880432129,39.9053828,116.4073982,119.98,0.0,13.0,116.199833
NTUN,116239833,1481.75146484375,0.0,0.0,35.26,0.0,0.0,-15.594925880432129,39.9053828,116.4073982,119.98,0.0,13.0,116.239833
NTUN,116279833,1483.3004150390625,0.0,0.0,35.28,0.0,0.0,-15.601155281066895,39.9053828,116.4073982,119.98,0.0,13.0,116.279833
NTUN,116319833,1483.3004150390625,0.0,0.0,35.3,0.0,0.0,-15.601155281066895,39.9053828,116.4073982,119.98,0.0,13.0,116.319833
NTUN,116359833,1483.3004150390625,0.0,0.0,35.31,0.0,0.0,-15.601155281066895,39.9053828,116.4073982,119.98,0.0,13.0,116.359833
NTUN,116399833,1484.846923828125,0.0,0.0,35.33,0.0,0.0,-15.604042053222656,39.9053828,116.4073982,119.98,0.0,13.0,116.399833
NTUN,116439833,1484.846923828125,0.0,0.0,35.35,0.0,0.0,-15.604042053222656,39.9053828,116.4073982,119.98,0.0,13.0,116.439833
NTUN,116479833,1486.399169921875,0.0,0.0,35.37,0.0,0.0,-15.607762336730957,39.9053828,116.4073982,119.98,0.0,13.0,116.479833
NTUN,116519833,1486.399169921875,0.0,0.0,35.39,0.0,0.0,-15.607762336730957,39.9053828,116.4073982,119.98,0.0,13.0,116.519833
NTUN,116559833,1486.399169921875,0.0,0.0,35.41,0.0,0.0,-15.607762336730957,39.9053828,116.4073982,119.98,0.0,13.0,116.559833
NTUN,116599833,1487.951416015625,0.0,0.0,35.42,0.0,0.0,-15.608686447143555,39.9053828,116.4073982,119.98,0.0,13.0,116.599833
NTUN,116639833,1487.951416015625,0.0,0.0,35.44,0.0,0.0,-15.608686447143555,39.9053828,116.4073982,119.98,0.0,13.0,116.639833
NTUN,116679833,1489.49560546875,0.0,0.0,35.46,0.0,0.0,-15.61121654510498,39.9053828,116.4073982,119.98,0.0,13.0,116.679833
NTUN,116719833,1489.49560546875,0.0,0.0,35.48,0.0,0.0,-15.61121654510498,39.9053828,116.4073982,119.98,0.0,13.0,116.719833
NTUN,116759833,1489.49560546875,0.0,0.0,35.49,0.0,0.0,-15.61121654510498,39.9053828,116.4073982,119.98,0.0,13.0,116.759833
NTUN,116799833,1491.045654296875,0.0,0.0,35.51,0.0,0.0,-15.612915992736816,39.9053828,116.4073982,119.98,0.0,13.0,116.799833
NTUN,116839833,1491.045654296875,0.0,0.0,35.53,0.0,0.0,-15.612915992736816,39.9053828,116.4073982,119.98,0.0,13.0,116.839833
NTUN,116879833,1492.5955810546875,0.0,0.0,35.55,0.0,0.0,-15.612862586975098,39.9053828,116.4073982,119.98,0.0,13.0,116.879833
NTUN,116919833,1492.5955810546875,0.0,0.0,35.56,0.0,0.0,-15.612862586975098,39.9053828,116.4073982,119.98,0.0,13.0,116.919833
NTUN,116959833,1492.5955810546875,0.0,0.0,35.58,0.0,0.0,-15.612862586975098,39.9053828,116.4073982,119.98,0.0,13.0,116.959833
NTUN,116999833,1494.137451171875,0.0,0.0,35.6,0.0,0.0,-15.615005493164062,39.9053828,116.4073982,119.98,0.0,13.0,116.999833
NTUN,117039833,1494.137451171875,0.0,0.0,35.62,0.0,0.0,-15.615005493164062,39.9053828,116.4073982,119.98,0.0,13.0,117.039833
NTUN,117079833,1495.6875,0.0,0.0,35.63,0.0,0.0,-15.615492820739746,39.9053828,116.4073982,119.98,0.0,13.0,117.079833
NTUN,117119833,1495.6875,0.0,0.0,35.65,0.0,0.0,-15.615492820739746,39.9053828,116.4073982,119.98,0.0,13.0,117.119833
NTUN,117159833,1495.6875,0.0,0.0,35.67,0.0,0.0,-15.615492820739746,39.9053828,116.4073982,119.98,0.0,13.0,117.159833
NTUN,117199833,1497.2318115234375,0.0,0.0,35.69,0.0,0.0,-15.61601448059082,39.9053828,116.4073982,119.98,0.0,13.0,117.199833
NTUN,117239833,1497.2318115234375,0.0,0.0,35.71,0.0,0.0,-15.61601448059082,39.9053828,116.4073982,119.98,0.0,13.0,117.239833
NTUN,117279833,1498.781982421875,0.0,0.0,35.73,0.0,0.0,-15.613391876220703,39.9053828,116.4073982,119.98,0.0,13.0,117.279833
NTUN,117319833,1498.781982421875,0.0,0.0,35.75,0.0,0.0,-15.613391876220703,39.9053828,116.4073982,119.98,0.0,13.0,117.319833
NTUN,117359833,1498.781982421875,0.0,0.0,35.77,0.0,0.0,-15.613391876220703,39.9053828,116.4073982,119.98,0.0,13.0,117.359833
NTUN,117399833,1500.33203125,0.0,0.0,35.79,0.0,0.0,-15.611917495727539,39.9053828,116.4073982,119.98,0.0,13.0,117.399833
NTUN,117439833,1500.33203125,0.0,0.0,35.81,0.0,0.0,-15.611917495727539,39.9053828,116.4073982,119.98,0.0,13.0,117.439833
NTUN,117479833,1501.8846435546875,0.0,0.0,35.83,0.0,0.0,-15.611337661743164,39.9053828,116.4073982,119.98,0.0,13.0,117.479833
NTUN,117519833,1501.8846435546875,0.0,0.0,35.85,0.0,0.0,-15.611337661743164,39.9053828,116.4073982,119.98,0.0,13.0,117.519833
NTUN,117559833,1501.8846435546875,0.0,0.0,35.87,0.0,0.0,-15.611337661743164,39.9053828,116.4073982,119.98,0.0,13.0,117.559833
NTUN,117599833,1503.431396484375,0.0,0.0,35.89,0.0,0.0,-15.611605644226074,39.9053828,116.4073982,119.98,0.0,13.0,117.599833
NTUN,117639833,1503.431396484375,0.0,0.0,35.91,0.0,0.0,-15.611605644226074,39.9053828,116.4073982,119.98,0.0,13.0,117.639833
NTUN,117679833,1504.9783935546875,0.0,0.0,35.93,0.0,0.0,-15.610285758972168,39.9053828,116.4073982,119.98,0.0,13.0,117.679833
NTUN,117719833,1504.9783935546875,0.0,0.0,35.96,0.0,0.0,-15.610285758972168,39.9053828,116.4073982,119.98,0.0,13.0,117.719833
NTUN,117759833,1504.9783935546875,0.0,0.0,35.98,0.0,0.0,-15.610285758972168,39.9053828,116.4073982,119.98,0.0,13.0,117.759833
NTUN,117799833,1506.533447265625,0.0,0.0,36.0,0.0,0.0,-15.61330795288086,39.9053828,116.4073982,119.98,0.0,13.0,117.799833
NTUN,117839833,1506.533447265625,0.0,0.0,36.02,0.0,0.0,-15.61330795288086,39.9053828,116.4073982,119.98,0.0,13.0,117.839833
NTUN,117879833,1508.0850830078125,0.0,0.0,36.05,0.0,0.0,-15.617070198059082,39.9053828,116.4073982,119.98,0.0,13.0,117.879833
NTUN,117919833,1508.0850830078125,0.0,0.0,36.07,0.0,0.0,-15.617070198059082,39.9053828,116.4073982,119.98,0.0,13.0,117.919833
NTUN,117959833,1508.0850830078125,0.0,0.0,36.09,0.0,0.0,-15.617070198059082,39.9053828,116.4073982,119.98,0.0,13.0,117.959833
NTUN,117999833,1509.64501953125,0.0,0.0,36.11,0.0,0.0,-15.623732566833496,39.9053828,116.4073982,119.98,0.0,13.0,117.999833
NTUN,118039833,1509.64501953125,0.0,0.0,36.14,0.0,0.0,-15.623732566833496,39.9053828,116.4073982,119.98,0.0,13.0,118.039833
NTUN,118079833,1511.2049560546875,0.0,0.0,36.16,0.0,0.0,-15.629768371582031,39.9053828,116.4073982,119.98,0.0,13.0,118.079833
NTUN,118119833,1511.2049560546875,0.0,0.0,36.18,0.0,0.0,-15.629768371582031,39.9053828,116.4073982,119.98,0.0,13.0,118.119833
NTUN,118159833,1511.2049560546875,0.0,0.0,36.2,0.0,0.0,-15.629768371582031,39.9053828,116.4073982,119.98,0.0,13.0,118.159833
NTUN,118199833,1512.761474609375,0.0,0.0,36.23,0.0,0.0,-15.634134292602539,39.9053828,116.4073982,119.98,0.0,13.0,118.199833
NTUN,118239833,1512.761474609375,0.0,0.0,36.25,0.0,0.0,-15.634134292602539,39.9053828,116.4073982,119.98,0.0,13.0,118.239833
NTUN,118279833,1514.3284912109375,0.0,0.0,36.27,0.0,0.0,-15.642128944396973,39.9053828,116.4073982,119.98,0.0,13.0,118.279833
NTUN,118319833,1514.3284912109375,0.0,0.0,36.29,0.0,0.0,-15.642128944396973,39.9053828,116.4073982,119.98,0.0,13.0,118.319833
NTUN,118359833,1514.3284912109375,0.0,0.0,36.31,0.0,0.0,-15.642128944396973,39.9053828,116.4073982,119.98,0.0,13.0,118.359833
NTUN,118399833,1515.8956298828125,0.0,0.0,36.33,0.0,0.0,-15.646062850952148,39.9053828,116.4073982,119.98,0.0,13.0,118.399833
NTUN,118439833,1515.8956298828125,0.0,0.0,36.36,0.0,0.0,-15.646062850952148,39.9053828,116.4073982,119.98,0.0,13.0,118.439833
NTUN,118479833,1517.4593505859375,0.0,0.0,36.38,0.0,0.0,-15.652294158935547,39.9053828,116.4073982,119.98,0.0,13.0,118.479833
NTUN,118519833,1517.4593505859375,0.0,0.0,36.4,0.0,0.0,-15.652294158935547,39.9053828,116.4073982,119.98,0.0,13.0,118.519833
NTUN,118559833,1517.4593505859375,0.0,0.0,36.42,0.0,0.0,-15.652294158935547,39.9053828,116.4073982,119.98,0.0,13.0,118.559833
NTUN,118599833,1519.0230712890625,0.0,0.0,36.44,0.0,0.0,-15.65826416015625,39.9053828,116.4073982,119.98,0.0,13.0,118.599833
NTUN,118639833,1519.0230712890625,0.0,0.0,36.47,0.0,0.0,-15.65826416015625,39.9053828,116.4073982,119.98,0.0,13.0,118.639833
NTUN,118679833,1520.591552734375,0.0,0.0,36.49,0.0,0.0,-15.663284301757812,39.9053828,116.4073982,119.98,0.0,13.0,118.679833
NTUN,118719833,1520.591552734375,0.0,0.0,36.51,0.0,0.0,-15.663284301757812,39.9053828,116.4073982,119.98,0.0,13.0,118.719833
NTUN,118759833,1520.591552734375,0.0,0.0,36.53,0.0,0.0,-15.663284301757812,39.9053828,116.4073982,119.98,0.0,13.0,118.759833
NTUN,118799833,1522.159912109375,0.0,0.0,36.55,0.0,0.0,-15.667046546936035,39.9053828,116.4073982,119.98,0.0,13.0,118.799833
NTUN,118839833,1522.159912109375,0.0,0.0,36.58,0.0,0.0,-15.667046546936035,39.9053828,116.4073982,119.98,0.0,13.0,118.839833
NTUN,118879833,1523.72509765625,0.0,0.0,36.6,0.0,0.0,-15.671487808227539,39.9053828,116.4073982,119.98,0.0,13.0,118.879833
NTUN,118919833,1523.72509765625,0.0,0.0,36.62,0.0,0.0,-15.671487808227539,39.9053828,116.4073982,119.98,0.0,13.0,118.919833
NTUN,118959833,1523.72509765625,0.0,0.0,36.64,0.0,0.0,-15.671487808227539,39.9053828,116.4073982,119.98,0.0,13.0,118.959833
NTUN,118999833,1525.29833984375,0.0,0.0,36.67,0.0,0.0,-15.676746368408203,39.9053828,116.4073982,119.98,0.0,13.0,118.999833
NTUN,119039833,1525.29833984375,0.0,0.0,36.69,0.0,0.0,-15.676746368408203,39.9053828,116.4073982,119.98,0.0,13.0,119.039833
NTUN,119079833,1526.8740234375,0.0,0.0,36.71,0.0,0.0,-15.684294700622559,39.9053828,116.4073982,119.98,0.0,13.0,119.079833
NTUN,119119833,1526.8740234375,0.0,0.0,36.73,0.0,0.0,-15.684294700622559,39.9053828,116.4073982,119.98,0.0,13.0,119.119833
NTUN,119159833,1526.8740234375,0.0,0.0,36.76,0.0,0.0,-15.684294700622559,39.9053828,116.4073982,119.98,0.0,13.0,119.159833
NTUN,119199833,1528.4437255859375,0.0,0.0,36.78,0.0,0.0,-15.69187068939209,39.9053828,116.4073982,119.98,0.0,13.0,119.199833
NTUN,119239833,1528.4437255859375,0.0,0.0,36.8,0.0,0.0,-15.69187068939209,39.9053828,116.4073982,119.98,0.0,13.0,119.239833
NTUN,119279833,1530.0159912109375,0.0,0.0,36.82,0.0,0.0,-15.699164390563965,39.9053828,116.4073982,119.98,0.0,13.0,119.279833
NTUN,119319833,1530.0159912109375,0.0,0.0,36.84,0.0,0.0,-15.699164390563965,39.9053828,116.4073982,119.98,0.0,13.0,119.319833
NTUN,119359833,1530.0159912109375,0.0,0.0,36.86,0.0,0.0,-15.699164390563965,39.9053828,116.4073982,119.98,0.0,13.0,119.359833
NTUN,119399833,1531.5823974609375,0.0,0.0,36.87,0.0,0.0,-15.702800750732422,39.9053828,116.4073982,119.98,0.0,13.0,119.399833
NTUN,119439833,1531.5823974609375,0.0,0.0,36.89,0.0,0.0,-15.702800750732422,39.9053828,116.4073982,119.98,0.0,13.0,119.439833
NTUN,119479833,1533.156982421875,0.0,0.0,36.91,0.0,0.0,-15.707661628723145,39.9053828,116.4073982,119.98,0.0,13.0,119.479833
NTUN,119519833,1533.156982421875,0.0,0.0,36.93,0.0,0.0,-15.707661628723145,39.9053828,116.4073982,119.98,0.0,13.0,119.519833
NTUN,119559833,1533.156982421875,0.0,0.0,36.95,0.0,0.0,-15.707661628723145,39.9053828,116.4073982,119.98,0.0,13.0,119.559833
NTUN,119599833,1534.723388671875,0.0,0.0,36.97,0.0,0.0,-15.712067604064941,39.9053828,116.4073982,119.98,0.0,13.0,119.599833
NTUN,119639833,1534.723388671875,0.0,0.0,36.99,0.0,0.0,-15.712067604064941,39.9053828,116.4073982,119.98,0.0,13.0,119.639833
NTUN,119679833,1536.2921142578125,0.0,0.0,37.01,0.0,0.0,-15.712239265441895,39.9053828,116.4073982,119.98,0.0,13.0,119.679833
NTUN,119719833,1536.2921142578125,0.0,0.0,37.03,0.0,0.0,-15.712239265441895,39.9053828,116.4073982,119.98,0.0,13.0,119.719833
NTUN,119759833,1536.2921142578125,0.0,0.0,37.05,0.0,0.0,-15.712239265441895,39.9053828,116.4073982,119.98,0.0,13.0,119.759833
NTUN,119799833,1537.8748779296875,0.0,0.0,37.07,0.0,0.0,-15.712736129760742,39.9053828,116.4073982,119.98,0.0,13.0,119.799833
NTUN,119839833,1537.8748779296875,0.0,0.0,37.09,0.0,0.0,-15.712736129760742,39.9053828,116.4073982,119.98,0.0,13.0,119.839833
NTUN,119879833,1539.44384765625,0.0,0.0,37.11,0.0,0.0,-15.713069915771484,39.9053828,116.4073982,119.98,0.0,13.0,119.879833
NTUN,119919833,1539.44384765625,0.0,0.0,37.13,0.0,0.0,-15.713069915771484,39.9053828,116.4073982,119.98,0.0,13.0,119.919833
NTUN,119959833,1539.44384765625,0.0,0.0,37.15,0.0,0.0,-15.713069915771484,39.9053828,116.4073982,119.98,0.0,13.0,119.959833
NTUN,119999833,1541.0125732421875,0.0,0.0,37.18,0.0,0.0,-15.713744163513184,39.9053828,116.4073982,119.98,0.0,13.0,119.999833
NTUN,120039833,1541.0125732421875,0.0,0.0,37.2,0.0,0.0,-15.713744163513184,39.9053828,116.4073982,119.98,0.0,13.0,120.039833
NTUN,120079833,1542.587158203125,0.0,0.0,37.22,0.0,0.0,-15.717921257019043,39.9053828,116.4073982,119.98,0.0,13.0,120.079833
NTUN,120119833,1542.587158203125,0.0,0.0,37.24,0.0,0.0,-15.717921257019043,39.9053828,116.4073982,119.98,0.0,13.0,120.119833
NTUN,120159833,1542.587158203125,0.0,0.0,37.26,0.0,0.0,-15.717921257019043,39.9053828,116.4073982,119.98,0.0,13.0,120.159833
NTUN,120199833,1544.156005859375,0.0,0.0,37.28,0.0,0.0,-15.719754219055176,39.9053828,116.4073982,119.98,0.0,13.0,120.199833
NTUN,120239833,1544.156005859375,0.0,0.0,37.3,0.0,0.0,-15.719754219055176,39.9053828,116.4073982,119.98,0.0,13.0,120.239833
NTUN,120279833,1545.7222900390625,0.0,0.0,37.32,0.0,0.0,-15.723067283630371,39.9053828,116.4073982,119.98,0.0,13.0,120.279833
NTUN,120319833,1545.7222900390625,0.0,0.0,37.34,0.0,0.0,-15.723067283630371,39.9053828,116.4073982,119.98,0.0,13.0,120.319833
NTUN,120359833,1545.7222900390625,0.0,0.0,37.36,0.0,0.0,-15.723067283630371,39.9053828,116.4073982,119.98,0.0,13.0,120.359833
NTUN,120399833,1547.2969970703125,0.0,0.0,37.38,0.0,0.0,-15.726306915283203,39.9053828,116.4073982,119.98,0.0,13.0,120.399833
NTUN,120439833,1547.2969970703125,0.0,0.0,37.4,0.0,0.0,-15.726306915283203,39.9053828,116.4073982,119.98,0.0,13.0,120.439833
NTUN,120479833,1548.8773193359375,0.0,0.0,37.42,0.0,0.0,-15.728103637695312,39.9053828,116.4073982,119.98,0.0,13.0,120.479833
NTUN,120519833,1548.8773193359375,0.0,0.0,37.45,0.0,0.0,-15.728103637695312,39.9053828,116.4073982,119.98,0.0,13.0,120.519833
NTUN,120559833,1548.8773193359375,0.0,0.0,37.47,0.0,0.0,-15.728103637695312,39.9053828,116.4073982,119.98,0.0,13.0,120.559833
NTUN,120599833,1550.44140625,0.0,0.0,37.49,0.0,0.0,-15.729249000549316,39.9053828,116.4073982,119.98,0.0,13.0,120.599833
NTUN,120639833,1550.44140625,0.0,0.0,37.51,0.0,0.0,-15.729249000549316,39.9053828,116.4073982,119.98,0.0,13.0,120.639833
NTUN,120679833,1552.0194091796875,0.0,0.0,37.53,0.0,0.0,-15.732634544372559,39.9053828,116.4073982,119.98,0.0,13.0,120.679833
NTUN,120719833,1552.0194091796875,0.0,0.0,37.55,0.0,0.0,-15.732634544372559,39.9053828,116.4073982,119.98,0.0,13.0,120.719833
NTUN,120759833,1552.0194091796875,0.0,0.0,37.57,0.0,0.0,-15.732634544372559,39.9053828,116.4073982,119.98,0.0,13.0,120.759833
NTUN,120799833,1553.5926513671875,0.0,0.0,37.59,0.0,0.0,-15.736722946166992,39.9053828,116.4073982,119.98,0.0,13.0,120.799833
NTUN,120839833,1553.5926513671875,0.0,0.0,37.61,0.0,0.0,-15.736722946166992,39.9053828,116.4073982,119.98,0.0,13.0,120.839833
NTUN,120879833,1555.1658935546875,0.0,0.0,37.63,0.0,0.0,-15.741398811340332,39.9053828,116.4073982,119.98,0.0,13.0,120.879833
NTUN,120919833,1555.1658935546875,0.0,0.0,37.65,0.0,0.0,-15.741398811340332,39.9053828,116.4073982,119.98,0.0,13.0,120.919833
NTUN,120959833,1555.1658935546875,0.0,0.0,37.67,0.0,0.0,-15.741398811340332,39.9053828,116.4073982,119.98,0.0,13.0,120.959833
NTUN,120999833,1556.7449951171875,0.0,0.0,37.7,0.0,0.0,-15.745436668395996,39.9053828,116.4073982,119.98,0.0,13.0,120.999833
NTUN,121039833,1556.7449951171875,0.0,0.0,37.72,0.0,0.0,-15.745436668395996,39.9053828,116.4073982,119.98,0.0,13.0,121.039833
NTUN,121079833,1558.3134765625,0.0,0.0,37.74,0.0,0.0,-15.748852729797363,39.9053828,116.4073982,119.98,0.0,13.0,121.079833
NTUN,121119833,1558.3134765625,0.0,0.0,37.76,0.0,0.0,-15.748852729797363,39.9053828,116.4073982,119.98,0.0,13.0,121.119833
NTUN,121159833,1558.3134765625,0.0,0.0,37.79,0.0,0.0,-15.748852729797363,39.9053828,116.4073982,119.98,0.0,13.0,121.159833
NTUN,121199833,1559.8876953125,0.0,0.0,37.81,0.0,0.0,-15.752056121826172,39.9053828,116.4073982,119.98,0.0,13.0,121.199833
NTUN,121239833,1559.8876953125,0.0,0.0,37.83,0.0,0.0,-15.752056121826172,39.9053828,116.4073982,119.98,0.0,13.0,121.239833
NTUN,121279833,1561.4595947265625,0.0,0.0,37.85,0.0,0.0,-15.756253242492676,39.9053828,116.4073982,119.98,0.0,13.0,121.279833
NTUN,121319833,1561.4595947265625,0.0,0.0,37.87,0.0,0.0,-15.756253242492676,39.9053828,116.4073982,119.98,0.0,13.0,121.319833
NTUN,121359833,1561.4595947265625,0.0,0.0,37.9,0.0,0.0,-15.756253242492676,39.9053828,116.4073982,119.98,0.0,13.0,121.359833
NTUN,121399833,1563.037353515625,0.0,0.0,37.92,0.0,0.0,-15.761999130249023,39.9053828,116.4073982,119.98,0.0,13.0,121.399833
NTUN,121439833,1563.037353515625,0.0,0.0,37.94,0.0,0.0,-15.761999130249023,39.9053828,116.4073982,119.98,0.0,13.0,121.439833
NTUN,121479833,1564.60693359375,0.0,0.0,37.96,0.0,0.0,-15.764809608459473,39.9053828,116.4073982,119.98,0.0,13.0,121.479833
NTUN,121519833,1564.60693359375,0.0,0.0,37.98,0.0,0.0,-15.764809608459473,39.9053828,116.4073982,119.98,0.0,13.0,121.519833
NTUN,121559833,1564.60693359375,0.0,0.0,38.0,0.0,0.0,-15.764809608459473,39.9053828,116.4073982,119.98,0.0,13.0,121.559833
NTUN,121599833,1566.179931640625,0.0,0.0,38.02,0.0,0.0,-15.76803207397461,39.9053828,116.4073982,119.98,0.0,13.0,121.599833
NTUN,121639833,1566.179931640625,0.0,0.0,38.04,0.0,0.0,-15.76803207397461,39.9053828,116.4073982,119.98,0.0,13.0,121.639833
NTUN,121679833,1567.7529296875,0.0,0.0,38.06,0.0,0.0,-15.772167205810547,39.9053828,116.4073982,119.98,0.0,13.0,121.679833
NTUN,121719833,1567.7529296875,0.0,0.0,38.08,0.0,0.0,-15.772167205810547,39.9053828,116.4073982,119.98,0.0,13.0,121.719833
NTUN,121759833,1567.7529296875,0.0,0.0,38.11,0.0,0.0,-15.772167205810547,39.9053828,116.4073982,119.98,0.0,13.0,121.759833
NTUN,121799833,1569.329345703125,0.0,0.0,38.13,0.0,0.0,-15.777461051940918,39.9053828,116.4073982,119.98,0.0,13.0,121.799833
NTUN,121839833,1569.329345703125,0.0,0.0,38.15,0.0,0.0,-15.777461051940918,39.9053828,116.4073982,119.98,0.0,13.0,121.839833
NTUN,121879833,1570.897705078125,0.0,0.0,38.17,0.0,0.0,-15.779696464538574,39.9053828,116.4073982,119.98,0.0,13.0,121.879833
NTUN,121919833,1570.897705078125,0.0,0.0,38.19,0.0,0.0,-15.779696464538574,39.9053828,116.4073982,119.98,0.0,13.0,121.919833
NTUN,121959833,1570.897705078125,0.0,0.0,38.21,0.0,0.0,-15.779696464538574,39.9053828,116.4073982,119.98,0.0,13.0,121.959833
NTUN,121999833,1572.463623046875,0.0,0.0,38.23,0.0,0.0,-15.78316879272461,39.9053828,116.4073982,119.98,0.0,13.0,121.999833
NTUN,122039833,1572.463623046875,0.0,0.0,38.25,0.0,0.0,-15.78316879272461,39.9053828,116.4073982,119.98,0.0,13.0,122.039833
NTUN,122079833,1574.029541015625,0.0,0.0,38.27,0.0,0.0,-15.785319328308105,39.9053828,116.4073982,119.98,0.0,13.0,122.079833
NTUN,122119833,1574.029541015625,0.0,0.0,38.29,0.0,0.0,-15.785319328308105,39.9053828,116.4073982,119.98,0.0,13.0,122.119833
NTUN,122159833,1574.029541015625,0.0,0.0,38.31,0.0,0.0,-15.785319328308105,39.9053828,116.4073982,119.98,0.0,13.0,122.159833
NTUN,122199833,1575.601318359375,0.0,0.0,38.33,0.0,0.0,-15.787739753723145,39.9053828,116.4073982,119.98,0.0,13.0,122.199833
NTUN,122239833,1575.601318359375,0.0,0.0,38.35,0.0,0.0,-15.787739753723145,39.9053828,116.4073982,119.98,0.0,13.0,122.239833
NTUN,122279833,1577.1707763671875,0.0,0.0,38.37,0.0,0.0,-15.792832374572754,39.9053828,116.4073982,119.98,0.0,13.0,122.279833
NTUN,122319833,1577.1707763671875,0.0,0.0,38.39,0.0,0.0,-15.792832374572754,39.9053828,116.4073982,119.98,0.0,13.0,122.319833
NTUN,122359833,1577.1707763671875,0.0,0.0,38.41,0.0,0.0,-15.792832374572754,39.9053828,116.4073982,119.98,0.0,13.0,122.359833
NTUN,122399833,1578.740234375,0.0,0.0,38.43,0.0,0.0,-15.796669960021973,39.9053828,116.4073982,119.98,0.0,13.0,122.399833
NTUN,122439833,1578.740234375,0.0,0.0,38.45,0.0,0.0,-15.796669960021973,39.9053828,116.4073982,119.98,0.0,13.0,122.439833
NTUN,122479833,1580.3154296875,0.0,0.0,38.47,0.0,0.0,-15.79877758026123,39.9053828,116.4073982,119.98,0.0,13.0,122.479833
NTUN,122519833,1580.3154296875,0.0,0.0,38.49,0.0,0.0,-15.79877758026123,39.9053828,116.4073982,119.98,0.0,13.0,122.519833
NTUN,122559833,1580.3154296875,0.0,0.0,38.51,0.0,0.0,-15.79877758026123,39.9053828,116.4073982,119.98,0.0,13.0,122.559833
NTUN,122599833,1581.885009765625,0.0,0.0,38.53,0.0,0.0,-15.798551559448242,39.9053828,116.4073982,119.98,0.0,13.0,122.599833
NTUN,122639833,1581.885009765625,0.0,0.0,38.55,0.0,0.0,-15.798551559448242,39.9053828,116.4073982,119.98,0.0,13.0,122.639833
NTUN,122679833,1583.4521484375,0.0,0.0,38.57,0.0,0.0,-15.79952621459961,39.9053828,116.4073982,119.98,0.0,13.0,122.679833
NTUN,122719833,1583.4521484375,0.0,0.0,38.59,0.0,0.0,-15.79952621459961,39.9053828,116.4073982,119.98,0.0,13.0,122.719833
NTUN,122759833,1583.4521484375,0.0,0.0,38.61,0.0,0.0,-15.79952621459961,39.9053828,116.4073982,119.98,0.0,13.0,122.759833
NTUN,122799833,1585.021728515625,0.0,0.0,38.63,0.0,0.0,-15.801603317260742,39.9053828,116.4073982,119.98,0.0,13.0,122.799833
NTUN,122839833,1585.021728515625,0.0,0.0,38.65,0.0,0.0,-15.801603317260742,39.9053828,116.4073982,119.98,0.0,13.0,122.839833
NTUN,122879833,1586.5970458984375,0.0,0.0,38.67,0.0,0.0,-15.804396629333496,39.9053828,116.4073982,119.98,0.0,13.0,122.879833
NTUN,122919833,1586.5970458984375,0.0,0.0,38.69,0.0,0.0,-15.804396629333496,39.9053828,116.4073982,119.98,0.0,13.0,122.919833
NTUN,122959833,1586.5970458984375,0.0,0.0,38.71,0.0,0.0,-15.804396629333496,39.9053828,116.4073982,119.98,0.0,13.0,122.959833
NTUN,122999833,1588.166748046875,0.0,0.0,38.73,0.0,0.0,-15.805472373962402,39.9053828,116.4073982,119.98,0.0,13.0,122.999833
NTUN,123039833,1588.166748046875,0.0,0.0,38.75,0.0,0.0,-15.805472373962402,39.9053828,116.4073982,119.98,0.0,13.0,123.039833
NTUN,123079833,1589.7420654296875,0.0,0.0,38.77,0.0,0.0,-15.810210227966309,39.9053828,116.4073982,119.98,0.0,13.0,123.079833
NTUN,123119833,1589.7420654296875,0.0,0.0,38.79,0.0,0.0,-15.810210227966309,39.9053828,116.4073982,119.98,0.0,13.0,123.119833
NTUN,123159833,1589.7420654296875,0.0,0.0,38.82,0.0,0.0,-15.810210227966309,39.9053828,116.4073982,119.98,0.0,13.0,123.159833
NTUN,123199833,1591.311767578125,0.0,0.0,38.84,0.0,0.0,-15.811237335205078,39.9053828,116.4073982,119.98,0.0,13.0,123.199833
NTUN,123239833,1591.311767578125,0.0,0.0,38.86,0.0,0.0,-15.811237335205078,39.9053828,116.4073982,119.98,0.0,13.0,123.239833
NTUN,123279833,1592.8895263671875,0.0,0.0,38.88,0.0,0.0,-15.813544273376465,39.9053828,116.4073982,119.98,0.0,13.0,123.279833
NTUN,123319833,1592.8895263671875,0.0,0.0,38.9,0.0,0.0,-15.813544273376465,39.9053828,116.4073982,119.98,0.0,13.0,123.319833
NTUN,123359833,1592.8895263671875,0.0,0.0,38.93,0.0,0.0,-15.813544273376465,39.9053828,116.4073982,119.98,0.0,13.0,123.359833
NTUN,123399833,1594.4615478515625,0.0,0.0,38.95,0.0,0.0,-15.817963600158691,39.9053828,116.4073982,119.98,0.0,13.0,123.399833
NTUN,123439833,1594.4615478515625,0.0,0.0,38.97,0.0,0.0,-15.817963600158691,39.9053828,116.4073982,119.98,0.0,13.0,123.439833
NTUN,123479833,1596.041748046875,0.0,0.0,39.0,0.0,0.0,-15.825080871582031,39.9053828,116.4073982,119.98,0.0,13.0,123.479833
NTUN,123519833,1596.041748046875,0.0,0.0,39.02,0.0,0.0,-15.825080871582031,39.9053828,116.4073982,119.98,0.0,13.0,123.519833
NTUN,123559833,1596.041748046875,0.0,0.0,39.04,0.0,0.0,-15.825080871582031,39.9053828,116.4073982,119.98,0.0,13.0,123.559833
NTUN,123599833,1597.6160888671875,0.0,0.0,39.06,0.0,0.0,-15.832667350769043,39.9053828,116.4073982,119.98,0.0,13.0,123.599833
NTUN,123639833,1597.6160888671875,0.0,0.0,39.09,0.0,0.0,-15.832667350769043,39.9053828,116.4073982,119.98,0.0,13.0,123.639833
NTUN,123679833,1599.19287109375,0.0,0.0,39.11,0.0,0.0,-15.840616226196289,39.9053828,116.4073982,119.98,0.0,13.0,123.679833
NTUN,123719833,1599.19287109375,0.0,0.0,39.13,0.0,0.0,-15.840616226196289,39.9053828,116.4073982,119.98,0.0,13.0,123.719833
NTUN,123759833,1599.19287109375,0.0,0.0,39.15,0.0,0.0,-15.840616226196289,39.9053828,116.4073982,119.98,0.0,13.0,123.759833
NTUN,123799833,1600.77783203125,0.0,0.0,39.18,0.0,0.0,-15.848353385925293,39.9053828,116.4073982,119.98,0.0,13.0,123.799833
NTUN,123839833,1600.77783203125,0.0,0.0,39.2,0.0,0.0,-15.848353385925293,39.9053828,116.4073982,119.98,0.0,13.0,123.839833
NTUN,123879833,1602.3592529296875,0.0,0.0,39.23,0.0,0.0,-15.85448169708252,39.9053828,116.4073982,119.98,0.0,13.0,123.879833
NTUN,123919833,1602.3592529296875,0.0,0.0,39.25,0.0,0.0,-15.85448169708252,39.9053828,116.4073982,119.98,0.0,13.0,123.919833
NTUN,123959833,1602.3592529296875,0.0,0.0,39.27,0.0,0.0,-15.85448169708252,39.9053828,116.4073982,119.98,0.0,13.0,123.959833
NTUN,123999833,1603.940673828125,0.0,0.0,39.3,0.0,0.0,-15.861458778381348,39.9053828,116.4073982,119.98,0.0,13.0,123.999833
NTUN,124039833,1603.940673828125,0.0,0.0,39.32,0.0,0.0,-15.861458778381348,39.9053828,116.4073982,119.98,0.0,13.0,124.039833
NTUN,124079833,1605.53271484375,0.0,0.0,39.34,0.0,0.0,-15.866501808166504,39.9053828,116.4073982,119.98,0.0,13.0,124.079833
NTUN,124119833,1605.53271484375,0.0,0.0,39.36,0.0,0.0,-15.866501808166504,39.9053828,116.4073982,119.98,0.0,13.0,124.119833
NTUN,124159833,1605.53271484375,0.0,0.0,39.39,0.0,0.0,-15.866501808166504,39.9053828,116.4073982,119.98,0.0,13.0,124.159833
NTUN,124199833,1607.113037109375,0.0,0.0,39.41,0.0,0.0,-15.872784614562988,39.9053828,116.4073982,119.98,0.0,13.0,124.199833
NTUN,124239833,1607.113037109375,0.0,0.0,39.43,0.0,0.0,-15.872784614562988,39.9053828,116.4073982,119.98,0.0,13.0,124.239833
NTUN,124279833,1608.701416015625,0.0,0.0,39.46,0.0,0.0,-15.877656936645508,39.9053828,116.4073982,119.98,0.0,13.0,124.279833
NTUN,124319833,1608.701416015625,0.0,0.0,39.48,0.0,0.0,-15.877656936645508,39.9053828,116.4073982,119.98,0.0,13.0,124.319833
NTUN,124359833,1608.701416015625,0.0,0.0,39.5,0.0,0.0,-15.877656936645508,39.9053828,116.4073982,119.98,0.0,13.0,124.359833
NTUN,124399833,1610.2982177734375,0.0,0.0,39.52,0.0,0.0,-15.881592750549316,39.9053828,116.4073982,119.98,0.0,13.0,124.399833
NTUN,124439833,1610.2982177734375,0.0,0.0,39.55,0.0,0.0,-15.881592750549316,39.9053828,116.4073982,119.98,0.0,13.0,124.439833
NTUN,124479833,1611.891357421875,0.0,0.0,39.57,0.0,0.0,-15.88685131072998,39.9053828,116.4073982,119.98,0.0,13.0,124.479833
NTUN,124519833,1611.891357421875,0.0,0.0,39.59,0.0,0.0,-15.88685131072998,39.9053828,116.4073982,119.98,0.0,13.0,124.519833
NTUN,124559833,1611.891357421875,0.0,0.0,39.61,0.0,0.0,-15.88685131072998,39.9053828,116.4073982,119.98,0.0,13.0,124.559833
NTUN,124599833,1613.4786376953125,0.0,0.0,39.63,0.0,0.0,-15.892690658569336,39.9053828,116.4073982,119.98,0.0,13.0,124.599833
NTUN,124639833,1613.4786376953125,0.0,0.0,39.65,0.0,0.0,-15.892690658569336,39.9053828,116.4073982,119.98,0.0,13.0,124.639833
NTUN,124679833,1615.068359375,0.0,0.0,39.68,0.0,0.0,-15.89707088470459,39.9053828,116.4073982,119.98,0.0,13.0,124.679833
NTUN,124719833,1615.068359375,0.0,0.0,39.7,0.0,0.0,-15.89707088470459,39.9053828,116.4073982,119.98,0.0,13.0,124.719833
NTUN,124759833,1615.068359375,0.0,0.0,39.72,0.0,0.0,-15.89707088470459,39.9053828,116.4073982,119.98,0.0,13.0,124.759833
NTUN,124799833,1616.6661376953125,0.0,0.0,39.74,0.0,0.0,-15.90156364440918,39.9053828,116.4073982,119.98,0.0,13.0,124.799833
NTUN,124839833,1616.6661376953125,0.0,0.0,39.76,0.0,0.0,-15.90156364440918,39.9053828,116.4073982,119.98,0.0,13.0,124.839833
NTUN,124879833,1618.25244140625,0.0,0.0,39.78,0.0,0.0,-15.909444808959961,39.9053828,116.4073982,119.98,0.0,13.0,124.879833
NTUN,124919833,1618.25244140625,0.0,0.0,39.81,0.0,0.0,-15.909444808959961,39.9053828,116.4073982,119.98,0.0,13.0,124.919833
NTUN,124959833,1618.25244140625,0.0,0.0,39.83,0.0,0.0,-15.909444808959961,39.9053828,116.4073982,119.98,0.0,13.0,124.959833
NTUN,124999833,1619.8466796875,0.0,0.0,39.85,0.0,0.0,-15.91341781616211,39.9053828,116.4073982,119.98,0.0,13.0,124.999833
NTUN,125039833,1619.8466796875,0.0,0.0,39.87,0.0,0.0,-15.91341781616211,39.9053828,116.4073982,119.98,0.0,13.0,125.039833
NTUN,125079833,1621.435302734375,0.0,0.0,39.89,0.0,0.0,-15.9204740524292,39.9053828,116.4073982,119.98,0.0,13.0,125.079833
NTUN,125119833,1621.435302734375,0.0,0.0,39.91,0.0,0.0,-15.9204740524292,39.9053828,116.4073982,119.98,0.0,13.0,125.119833
NTUN,125159833,1621.435302734375,0.0,0.0,39.93,0.0,0.0,-15.9204740524292,39.9053828,116.4073982,119.98,0.0,13.0,125.159833
NTUN,125199833,1623.031982421875,0.0,0.0,39.94,0.0,0.0,-15.926010131835938,39.9053828,116.4073982,119.98,0.0,13.0,125.199833
NTUN,125239833,1623.031982421875,0.0,0.0,39.96,0.0,0.0,-15.926010131835938,39.9053828,116.4073982,119.98,0.0,13.0,125.239833
NTUN,125279833,1624.622802734375,0.0,0.0,39.98,0.0,0.0,-15.929494857788086,39.9053828,116.4073982,119.98,0.0,13.0,125.279833
NTUN,125319833,1624.622802734375,0.0,0.0,40.0,0.0,0.0,-15.929494857788086,39.9053828,116.4073982,119.98,0.0,13.0,125.319833
NTUN,125359833,1624.622802734375,0.0,0.0,40.02,0.0,0.0,-15.929494857788086,39.9053828,116.4073982,119.98,0.0,13.0,125.359833
NTUN,125399833,1626.219482421875,0.0,0.0,40.04,0.0,0.0,-15.932544708251953,39.9053828,116.4073982,119.98,0.0,13.0,125.399833
NTUN,125439833,1626.219482421875,0.0,0.0,40.06,0.0,0.0,-15.932544708251953,39.9053828,116.4073982,119.98,0.0,13.0,125.439833
NTUN,125479833,1627.818603515625,0.0,0.0,40.08,0.0,0.0,-15.9363431930542,39.9053828,116.4073982,119.98,0.0,13.0,125.479833
NTUN,125519833,1627.818603515625,0.0,0.0,40.1,0.0,0.0,-15.9363431930542,39.9053828,116.4073982,119.98,0.0,13.0,125.519833
NTUN,125559833,1627.818603515625,0.0,0.0,40.12,0.0,0.0,-15.9363431930542,39.9053828,116.4073982,119.98,0.0,13.0,125.559833
NTUN,125599833,1629.409423828125,0.0,0.0,40.14,0.0,0.0,-15.940683364868164,39.9053828,116.4073982,119.98,0.0,13.0,125.599833
NTUN,125639833,1629.409423828125,0.0,0.0,40.16,0.0,0.0,-15.940683364868164,39.9053828,116.4073982,119.98,0.0,13.0,125.639833
NTUN,125679833,1631.0084228515625,0.0,0.0,40.18,0.0,0.0,-15.943821907043457,39.9053828,116.4073982,119.98,0.0,13.0,125.679833
NTUN,125719833,1631.0084228515625,0.0,0.0,40.2,0.0,0.0,-15.943821907043457,39.9053828,116.4073982,119.98,0.0,13.0,125.719833
NTUN,125759833,1631.0084228515625,0.0,0.0,40.22,0.0,0.0,-15.943821907043457,39.9053828,116.4073982,119.98,0.0,13.0,125.759833
NTUN,125799833,1632.599365234375,0.0,0.0,40.24,0.0,0.0,-15.946053504943848,39.9053828,116.4073982,119.98,0.0,13.0,125.799833
NTUN,125839833,1632.599365234375,0.0,0.0,40.26,0.0,0.0,-15.946053504943848,39.9053828,116.4073982,119.98,0.0,13.0,125.839833
NTUN,125879833,1634.2041015625,0.0,0.0,40.28,0.0,0.0,-15.949166297912598,39.9053828,116.4073982,119.98,0.0,13.0,125.879833
NTUN,125919833,1634.2041015625,0.0,0.0,40.3,0.0,0.0,-15.949166297912598,39.9053828,116.4073982,119.98,0.0,13.0,125.919833
NTUN,125959833,1634.2041015625,0.0,0.0,40.32,0.0,0.0,-15.949166297912598,39.9053828,116.4073982,119.98,0.0,13.0,125.959833
NTUN,125999833,1635.7950439453125,0.0,0.0,40.35,0.0,0.0,-15.950767517089844,39.9053828,116.4073982,119.98,0.0,13.0,125.999833
NTUN,126039833,1635.7950439453125,0.0,0.0,40.37,0.0,0.0,-15.950767517089844,39.9053828,116.4073982,119.98,0.0,13.0,126.039833
NTUN,126079833,1637.39990234375,0.0,0.0,40.39,0.0,0.0,-15.951604843139648,39.9053828,116.4073982,119.98,0.0,13.0,126.079833
NTUN,126119833,1637.39990234375,0.0,0.0,40.41,0.0,0.0,-15.951604843139648,39.9053828,116.4073982,119.98,0.0,13.0,126.119833
NTUN,126159833,1637.39990234375,0.0,0.0,40.43,0.0,0.0,-15.951604843139648,39.9053828,116.4073982,119.98,0.0,13.0,126.159833
NTUN,126199833,1639.0023193359375,0.0,0.0,40.46,0.0,0.0,-15.954545974731445,39.9053828,116.4073982,119.98,0.0,13.0,126.199833
NTUN,126239833,1639.0023193359375,0.0,0.0,40.48,0.0,0.0,-15.954545974731445,39.9053828,116.4073982,119.98,0.0,13.0,126.239833
NTUN,126279833,1640.5966796875,0.0,0.0,40.5,0.0,0.0,-15.957026481628418,39.9053828,116.4073982,119.98,0.0,13.0,126.279833
NTUN,126319833,1640.5966796875,0.0,0.0,40.53,0.0,0.0,-15.957026481628418,39.9053828,116.4073982,119.98,0.0,13.0,126.319833
NTUN,126359833,1640.5966796875,0.0,0.0,40.55,0.0,0.0,-15.957026481628418,39.9053828,116.4073982,119.98,0.0,13.0,126.359833
NTUN,126399833,1642.205078125,0.0,0.0,40.57,0.0,0.0,-15.96084976196289,39.9053828,116.4073982,119.98,0.0,13.0,126.399833
NTUN,126439833,1642.205078125,0.0,0.0,40.6,0.0,0.0,-15.96084976196289,39.9053828,116.4073982,119.98,0.0,13.0,126.439833
NTUN,126479833,1643.7969970703125,0.0,0.0,40.62,0.0,0.0,-15.96671199798584,39.9053828,116.4073982,119.98,0.0,13.0,126.479833
NTUN,126519833,1643.7969970703125,0.0,0.0,40.65,0.0,0.0,-15.96671199798584,39.9053828,116.4073982,119.98,0.0,13.0,126.519833
NTUN,126559833,1643.7969970703125,0.0,0.0,40.67,0.0,0.0,-15.96671199798584,39.9053828,116.4073982,119.98,0.0,13.0,126.559833
NTUN,126599833,1645.4007568359375,0.0,0.0,40.69,0.0,0.0,-15.971854209899902,39.9053828,116.4073982,119.98,0.0,13.0,126.599833
NTUN,126639833,1645.4007568359375,0.0,0.0,40.72,0.0,0.0,-15.971854209899902,39.9053828,116.4073982,119.98,0.0,13.0,126.639833
NTUN,126679833,1647.00439453125,0.0,0.0,40.74,0.0,0.0,-15.976959228515625,39.9053828,116.4073982,119.98,0.0,13.0,126.679833
NTUN,126719833,1647.00439453125,0.0,0.0,40.76,0.0,0.0,-15.976959228515625,39.9053828,116.4073982,119.98,0.0,13.0,126.719833
NTUN,126759833,1647.00439453125,0.0,0.0,40.79,0.0,0.0,-15.976959228515625,39.9053828,116.4073982,119.98,0.0,13.0,126.759833
NTUN,126799833,1648.6114501953125,0.0,0.0,40.81,0.0,0.0,-15.983238220214844,39.9053828,116.4073982,119.98,0.0,13.0,126.799833
NTUN,126839833,1648.6114501953125,0.0,0.0,40.83,0.0,0.0,-15.983238220214844,39.9053828,116.4073982,119.98,0.0,13.0,126.839833
NTUN,126879833,1650.21044921875,0.0,0.0,40.85,0.0,0.0,-15.989007949829102,39.9053828,116.4073982,119.98,0.0,13.0,126.879833
NTUN,126919833,1650.21044921875,0.0,0.0,40.88,0.0,0.0,-15.989007949829102,39.9053828,116.4073982,119.98,0.0,13.0,126.919833
NTUN,126959833,1650.21044921875,0.0,0.0,40.9,0.0,0.0,-15.989007949829102,39.9053828,116.4073982,119.98,0.0,13.0,126.959833
NTUN,126999833,1651.8128662109375,0.0,0.0,40.92,0.0,0.0,-15.994608879089355,39.9053828,116.4073982,119.98,0.0,13.0,126.999833
NTUN,127039833,1651.8128662109375,0.0,0.0,40.94,0.0,0.0,-15.994608879089355,39.9053828,116.4073982,119.98,0.0,13.0,127.039833
NTUN,127079833,1653.4072265625,0.0,0.0,40.96,0.0,0.0,-16.0000057220459,39.9053828,116.4073982,119.98,0.0,13.0,127.079833
NTUN,127119833,1653.4072265625,0.0,0.0,40.98,0.0,0.0,-16.0000057220459,39.9053828,116.4073982,119.98,0.0,13.0,127.119833
NTUN,127159833,1653.4072265625,0.0,0.0,41.01,0.0,0.0,-16.0000057220459,39.9053828,116.4073982,119.98,0.0,13.0,127.159833
NTUN,127199833,1655.00732421875,0.0,0.0,41.03,0.0,0.0,-16.005809783935547,39.9053828,116.4073982,119.98,0.0,13.0,127.199833
NTUN,127239833,1655.00732421875,0.0,0.0,41.05,0.0,0.0,-16.005809783935547,39.9053828,116.4073982,119.98,0.0,13.0,127.239833
NTUN,127279833,1656.599365234375,0.0,0.0,41.07,0.0,0.0,-16.008880615234375,39.9053828,116.4073982,119.98,0.0,13.0,127.279833
NTUN,127319833,1656.599365234375,0.0,0.0,41.09,0.0,0.0,-16.008880615234375,39.9053828,116.4073982,119.98,0.0,13.0,127.319833
NTUN,127359833,1656.599365234375,0.0,0.0,41.11,0.0,0.0,-16.008880615234375,39.9053828,116.4073982,119.98,0.0,13.0,127.359833
NTUN,127399833,1658.2030029296875,0.0,0.0,41.13,0.0,0.0,-16.01129913330078,39.9053828,116.4073982,119.98,0.0,13.0,127.399833
NTUN,127439833,1658.2030029296875,0.0,0.0,41.15,0.0,0.0,-16.01129913330078,39.9053828,116.4073982,119.98,0.0,13.0,127.439833
NTUN,127479833,1659.7984619140625,0.0,0.0,41.17,0.0,0.0,-16.016963958740234,39.9053828,116.4073982,119.98,0.0,13.0,127.479833
NTUN,127519833,1659.7984619140625,0.0,0.0,41.19,0.0,0.0,-16.016963958740234,39.9053828,116.4073982,119.98,0.0,13.0,127.519833
NTUN,127559833,1659.7984619140625,0.0,0.0,41.21,0.0,0.0,-16.016963958740234,39.9053828,116.4073982,119.98,0.0,13.0,127.559833
NTUN,127599833,1661.405517578125,0.0,0.0,41.24,0.0,0.0,-16.020828247070312,39.9053828,116.4073982,119.98,0.0,13.0,127.599833
NTUN,127639833,1661.405517578125,0.0,0.0,41.26,0.0,0.0,-16.020828247070312,39.9053828,116.4073982,119.98,0.0,13.0,127.639833
NTUN,127679833,1662.9964599609375,0.0,0.0,41.28,0.0,0.0,-16.02648162841797,39.9053828,116.4073982,119.98,0.0,13.0,127.679833
NTUN,127719833,1662.9964599609375,0.0,0.0,41.3,0.0,0.0,-16.02648162841797,39.9053828,116.4073982,119.98,0.0,13.0,127.719833
NTUN,127759833,1662.9964599609375,0.0,0.0,41.32,0.0,0.0,-16.02648162841797,39.9053828,116.4073982,119.98,0.0,13.0,127.759833
NTUN,127799833,1664.6011962890625,0.0,0.0,41.34,0.0,0.0,-16.029441833496094,39.9053828,116.4073982,119.98,0.0,13.0,127.799833
NTUN,127839833,1664.6011962890625,0.0,0.0,41.36,0.0,0.0,-16.029441833496094,39.9053828,116.4073982,119.98,0.0,13.0,127.839833
NTUN,127879833,1666.1956787109375,0.0,0.0,41.38,0.0,0.0,-16.033935546875,39.9053828,116.4073982,119.98,0.0,13.0,127.879833
NTUN,127919833,1666.1956787109375,0.0,0.0,41.4,0.0,0.0,-16.033935546875,39.9053828,116.4073982,119.98,0.0,13.0,127.919833
NTUN,127959833,1666.1956787109375,0.0,0.0,41.41,0.0,0.0,-16.033935546875,39.9053828,116.4073982,119.98,0.0,13.0,127.959833
NTUN,127999833,1667.798095703125,0.0,0.0,41.43,0.0,0.0,-16.03567123413086,39.9053828,116.4073982,119.98,0.0,13.0,127.999833
NTUN,128039833,1667.798095703125,0.0,0.0,41.45,0.0,0.0,-16.03567123413086,39.9053828,116.4073982,119.98,0.0,13.0,128.039833
NTUN,128079833,1669.392578125,0.0,0.0,41.47,0.0,0.0,-16.038606643676758,39.9053828,116.4073982,119.98,0.0,13.0,128.079833
NTUN,128119833,1669.392578125,0.0,0.0,41.49,0.0,0.0,-16.038606643676758,39.9053828,116.4073982,119.98,0.0,13.0,128.119833
NTUN,128159833,1669.392578125,0.0,0.0,41.51,0.0,0.0,-16.038606643676758,39.9053828,116.4073982,119.98,0.0,13.0,128.159833
NTUN,128199833,1670.984619140625,0.0,0.0,41.53,0.0,0.0,-16.03978729248047,39.9053828,116.4073982,119.98,0.0,13.0,128.199833
NTUN,128239833,1670.984619140625,0.0,0.0,41.55,0.0,0.0,-16.03978729248047,39.9053828,116.4073982,119.98,0.0,13.0,128.239833
NTUN,128279833,1672.5849609375,0.0,0.0,41.57,0.0,0.0,-16.040760040283203,39.9053828,116.4073982,119.98,0.0,13.0,128.279833
NTUN,128319833,1672.5849609375,0.0,0.0,41.59,0.0,0.0,-16.040760040283203,39.9053828,116.4073982,119.98,0.0,13.0,128.319833
NTUN,128359833,1672.5849609375,0.0,0.0,41.61,0.0,0.0,-16.040760040283203,39.9053828,116.4073982,119.98,0.0,13.0,128.359833
NTUN,128399833,1674.177001953125,0.0,0.0,41.62,0.0,0.0,-16.043283462524414,39.9053828,116.4073982,119.98,0.0,13.0,128.399833
NTUN,128439833,1674.177001953125,0.0,0.0,41.64,0.0,0.0,-16.043283462524414,39.9053828,116.4073982,119.98,0.0,13.0,128.439833
NTUN,128479833,1675.7691650390625,0.0,0.0,41.66,0.0,0.0,-16.045379638671875,39.9053828,116.4073982,119.98,0.0,13.0,128.479833
NTUN,128519833,1675.7691650390625,0.0,0.0,41.68,0.0,0.0,-16.045379638671875,39.9053828,116.4073982,119.98,0.0,13.0,128.519833
NTUN,128559833,1675.7691650390625,0.0,0.0,41.7,0.0,0.0,-16.045379638671875,39.9053828,116.4073982,119.98,0.0,13.0,128.559833
NTUN,128599833,1677.369384765625,0.0,0.0,41.72,0.0,0.0,-16.047388076782227,39.9053828,116.4073982,119.98,0.0,13.0,128.599833
NTUN,128639833,1677.369384765625,0.0,0.0,41.74,0.0,0.0,-16.047388076782227,39.9053828,116.4073982,119.98,0.0,13.0,128.639833
NTUN,128679833,1678.961669921875,0.0,0.0,41.75,0.0,0.0,-16.04857635498047,39.9053828,116.4073982,119.98,0.0,13.0,128.679833
NTUN,128719833,1678.961669921875,0.0,0.0,41.77,0.0,0.0,-16.04857635498047,39.9053828,116.4073982,119.98,0.0,13.0,128.719833
NTUN,128759833,1678.961669921875,0.0,0.0,41.79,0.0,0.0,-16.04857635498047,39.9053828,116.4073982,119.98,0.0,13.0,128.759833
NTUN,128799833,1680.5618896484375,0.0,0.0,41.81,0.0,0.0,-16.046340942382812,39.9053828,116.4073982,119.98,0.0,13.0,128.799833
NTUN,128839833,1680.5618896484375,0.0,0.0,41.83,0.0,0.0,-16.046340942382812,39.9053828,116.4073982,119.98,0.0,13.0,128.839833
NTUN,128879833,1682.156494140625,0.0,0.0,41.85,0.0,0.0,-16.045610427856445,39.9053828,116.4073982,119.98,0.0,13.0,128.879833
NTUN,128919833,1682.156494140625,0.0,0.0,41.88,0.0,0.0,-16.045610427856445,39.9053828,116.4073982,119.98,0.0,13.0,128.919833
NTUN,128959833,1682.156494140625,0.0,0.0,41.9,0.0,0.0,-16.045610427856445,39.9053828,116.4073982,119.98,0.0,13.0,128.959833
NTUN,128999833,1683.7568359375,0.0,0.0,41.92,0.0,0.0,-16.043668746948242,39.9053828,116.4073982,119.98,0.0,13.0,128.999833
NTUN,129039833,1683.7568359375,0.0,0.0,41.94,0.0,0.0,-16.043668746948242,39.9053828,116.4073982,119.98,0.0,13.0,129.039833
NTUN,129079833,1685.3514404296875,0.0,0.0,41.96,0.0,0.0,-16.042673110961914,39.9053828,116.4073982,119.98,0.0,13.0,129.079833
NTUN,129119833,1685.3514404296875,0.0,0.0,41.99,0.0,0.0,-16.042673110961914,39.9053828,116.4073982,119.98,0.0,13.0,129.119833
NTUN,129159833,1685.3514404296875,0.0,0.0,42.01,0.0,0.0,-16.042673110961914,39.9053828,116.4073982,119.98,0.0,13.0,129.159833
NTUN,129199833,1686.9482421875,0.0,0.0,42.03,0.0,0.0,-16.044906616210938,39.9053828,116.4073982,119.98,0.0,13.0,129.199833
NTUN,129239833,1686.9482421875,0.0,0.0,42.06,0.0,0.0,-16.044906616210938,39.9053828,116.4073982,119.98,0.0,13.0,129.239833
NTUN,129279833,1688.5533447265625,0.0,0.0,42.08,0.0,0.0,-16.04840850830078,39.9053828,116.4073982,119.98,0.0,13.0,129.279833
NTUN,129319833,1688.5533447265625,0.0,0.0,42.1,0.0,0.0,-16.04840850830078,39.9053828,116.4073982,119.98,0.0,13.0,129.319833
NTUN,129359833,1688.5533447265625,0.0,0.0,42.13,0.0,0.0,-16.04840850830078,39.9053828,116.4073982,119.98,0.0,13.0,129.359833
NTUN,129399833,1690.1583251953125,0.0,0.0,42.15,0.0,0.0,-16.052152633666992,39.9053828,116.4073982,119.98,0.0,13.0,129.399833
NTUN,129439833,1690.1583251953125,0.0,0.0,42.18,0.0,0.0,-16.052152633666992,39.9053828,116.4073982,119.98,0.0,13.0,129.439833
NTUN,129479833,1691.7598876953125,0.0,0.0,42.2,0.0,0.0,-16.056598663330078,39.9053828,116.4073982,119.98,0.0,13.0,129.479833
NTUN,129519833,1691.7598876953125,0.0,0.0,42.22,0.0,0.0,-16.056598663330078,39.9053828,116.4073982,119.98,0.0,13.0,129.519833
NTUN,129559833,1691.7598876953125,0.0,0.0,42.25,0.0,0.0,-16.056598663330078,39.9053828,116.4073982,119.98,0.0,13.0,129.559833
NTUN,129599833,1693.369384765625,0.0,0.0,42.27,0.0,0.0,-16.064218521118164,39.9053828,116.4073982,119.98,0.0,13.0,129.599833
NTUN,129639833,1693.369384765625,0.0,0.0,42.29,0.0,0.0,-16.064218521118164,39.9053828,116.4073982,119.98,0.0,13.0,129.639833
NTUN,129679833,1694.9755859375,0.0,0.0,42.32,0.0,0.0,-16.072505950927734,39.9053828,116.4073982,119.98,0.0,13.0,129.679833
NTUN,129719833,1694.9755859375,0.0,0.0,42.34,0.0,0.0,-16.072505950927734,39.9053828,116.4073982,119.98,0.0,13.0,129.719833
NTUN,129759833,1694.9755859375,0.0,0.0,42.36,0.0,0.0,-16.072505950927734,39.9053828,116.4073982,119.98,0.0,13.0,129.759833
NTUN,129799833,1696.5816650390625,0.0,0.0,42.39,0.0,0.0,-16.078960418701172,39.9053828,116.4073982,119.98,0.0,13.0,129.799833
NTUN,129839833,1696.5816650390625,0.0,0.0,42.41,0.0,0.0,-16.078960418701172,39.9053828,116.4073982,119.98,0.0,13.0,129.839833
NTUN,129879833,1698.1982421875,0.0,0.0,42.43,0.0,0.0,-16.08416175842285,39.9053828,116.4073982,119.98,0.0,13.0,129.879833
NTUN,129919833,1698.1982421875,0.0,0.0,42.46,0.0,0.0,-16.08416175842285,39.9053828,116.4073982,119.98,0.0,13.0,129.919833
NTUN,129959833,1698.1982421875,0.0,0.0,42.48,0.0,0.0,-16.08416175842285,39.9053828,116.4073982,119.98,0.0,13.0,129.959833
NTUN,129999833,1699.80908203125,0.0,0.0,42.5,0.0,0.0,-16.088878631591797,39.9053828,116.4073982,119.98,0.0,13.0,129.999833
NTUN,130039833,1699.80908203125,0.0,0.0,42.53,0.0,0.0,-16.088878631591797,39.9053828,116.4073982,119.98,0.0,13.0,130.039833
NTUN,130079833,1701.4140625,0.0,0.0,42.55,0.0,0.0,-16.096174240112305,39.9053828,116.4073982,119.98,0.0,13.0,130.079833
NTUN,130119833,1701.4140625,0.0,0.0,42.57,0.0,0.0,-16.096174240112305,39.9053828,116.4073982,119.98,0.0,13.0,130.119833
NTUN,130159833,1701.4140625,0.0,0.0,42.6,0.0,0.0,-16.096174240112305,39.9053828,116.4073982,119.98,0.0,13.0,130.159833
NTUN,130199833,1703.0294189453125,0.0,0.0,42.62,0.0,0.0,-16.102996826171875,39.9053828,116.4073982,119.98,0.0,13.0,130.199833
NTUN,130239833,1703.0294189453125,0.0,0.0,42.64,0.0,0.0,-16.102996826171875,39.9053828,116.4073982,119.98,0.0,13.0,130.239833
NTUN,130279833,1704.638916015625,0.0,0.0,42.67,0.0,0.0,-16.10979461669922,39.9053828,116.4073982,119.98,0.0,13.0,130.279833
NTUN,130319833,1704.638916015625,0.0,0.0,42.69,0.0,0.0,-16.10979461669922,39.9053828,116.4073982,119.98,0.0,13.0,130.319833
NTUN,130359833,1704.638916015625,0.0,0.0,42.71,0.0,0.0,-16.10979461669922,39.9053828,116.4073982,119.98,0.0,13.0,130.359833
NTUN,130399833,1706.2484130859375,0.0,0.0,42.74,0.0,0.0,-16.11461067199707,39.9053828,116.4073982,119.98,0.0,13.0,130.399833
NTUN,130439833,1706.2484130859375,0.0,0.0,42.76,0.0,0.0,-16.11461067199707,39.9053828,116.4073982,119.98,0.0,13.0,130.439833
NTUN,130479833,1707.868408203125,0.0,0.0,42.78,0.0,0.0,-16.122081756591797,39.9053828,116.4073982,119.98,0.0,13.0,130.479833
NTUN,130519833,1707.868408203125,0.0,0.0,42.81,0.0,0.0,-16.122081756591797,39.9053828,116.4073982,119.98,0.0,13.0,130.519833
NTUN,130559833,1707.868408203125,0.0,0.0,42.83,0.0,0.0,-16.122081756591797,39.9053828,116.4073982,119.98,0.0,13.0,130.559833
NTUN,130599833,1709.4825439453125,0.0,0.0,42.85,0.0,0.0,-16.125869750976562,39.9053828,116.4073982,119.98,0.0,13.0,130.599833
NTUN,130639833,1709.4825439453125,0.0,0.0,42.87,0.0,0.0,-16.125869750976562,39.9053828,116.4073982,119.98,0.0,13.0,130.639833
NTUN,130679833,1711.0908203125,0.0,0.0,42.89,0.0,0.0,-16.130935668945312,39.9053828,116.4073982,119.98,0.0,13.0,130.679833
NTUN,130719833,1711.0908203125,0.0,0.0,42.91,0.0,0.0,-16.130935668945312,39.9053828,116.4073982,119.98,0.0,13.0,130.719833
NTUN,130759833,1711.0908203125,0.0,0.0,42.94,0.0,0.0,-16.130935668945312,39.9053828,116.4073982,119.98,0.0,13.0,130.759833
NTUN,130799833,1712.701416015625,0.0,0.0,42.96,0.0,0.0,-16.135374069213867,39.9053828,116.4073982,119.98,0.0,13.0,130.799833
NTUN,130839833,1712.701416015625,0.0,0.0,42.98,0.0,0.0,-16.135374069213867,39.9053828,116.4073982,119.98,0.0,13.0,130.839833
NTUN,130879833,1714.3201904296875,0.0,0.0,43.0,0.0,0.0,-16.139780044555664,39.9053828,116.4073982,119.98,0.0,13.0,130.879833
NTUN,130919833,1714.3201904296875,0.0,0.0,43.02,0.0,0.0,-16.139780044555664,39.9053828,116.4073982,119.98,0.0,13.0,130.919833
NTUN,130959833,1714.3201904296875,0.0,0.0,43.04,0.0,0.0,-16.139780044555664,39.9053828,116.4073982,119.98,0.0,13.0,130.959833
NTUN,130999833,1715.9306640625,0.0,0.0,43.05,0.0,0.0,-16.143178939819336,39.9053828,116.4073982,119.98,0.0,13.0,130.999833
NTUN,131039833,1715.9306640625,0.0,0.0,43.07,0.0,0.0,-16.143178939819336,39.9053828,116.4073982,119.98,0.0,13.0,131.039833
NTUN,131079833,1717.543701171875,0.0,0.0,43.09,0.0,0.0,-16.14695930480957,39.9053828,116.4073982,119.98,0.0,13.0,131.079833
NTUN,131119833,1717.543701171875,0.0,0.0,43.11,0.0,0.0,-16.14695930480957,39.9053828,116.4073982,119.98,0.0,13.0,131.119833
NTUN,131159833,1717.543701171875,0.0,0.0,43.13,0.0,0.0,-16.14695930480957,39.9053828,116.4073982,119.98,0.0,13.0,131.159833
NTUN,131199833,1719.1646728515625,0.0,0.0,43.15,0.0,0.0,-16.152706146240234,39.9053828,116.4073982,119.98,0.0,13.0,131.199833
NTUN,131239833,1719.1646728515625,0.0,0.0,43.17,0.0,0.0,-16.152706146240234,39.9053828,116.4073982,119.98,0.0,13.0,131.239833
NTUN,131279833,1720.777587890625,0.0,0.0,43.19,0.0,0.0,-16.15717315673828,39.9053828,116.4073982,119.98,0.0,13.0,131.279833
NTUN,131319833,1720.777587890625,0.0,0.0,43.21,0.0,0.0,-16.15717315673828,39.9053828,116.4073982,119.98,0.0,13.0,131.319833
NTUN,131359833,1720.777587890625,0.0,0.0,43.24,0.0,0.0,-16.15717315673828,39.9053828,116.4073982,119.98,0.0,13.0,131.359833
NTUN,131399833,1722.3905029296875,0.0,0.0,43.26,0.0,0.0,-16.158626556396484,39.9053828,116.4073982,119.98,0.0,13.0,131.399833
NTUN,131439833,1722.3905029296875,0.0,0.0,43.28,0.0,0.0,-16.158626556396484,39.9053828,116.4073982,119.98,0.0,13.0,131.439833
NTUN,131479833,1724.0115966796875,0.0,0.0,43.3,0.0,0.0,-16.162425994873047,39.9053828,116.4073982,119.98,0.0,13.0,131.479833
NTUN,131519833,1724.0115966796875,0.0,0.0,43.32,0.0,0.0,-16.162425994873047,39.9053828,116.4073982,119.98,0.0,13.0,131.519833
NTUN,131559833,1724.0115966796875,0.0,0.0,43.35,0.0,0.0,-16.162425994873047,39.9053828,116.4073982,119.98,0.0,13.0,131.559833
NTUN,131599833,1725.6243896484375,0.0,0.0,43.37,0.0,0.0,-16.165597915649414,39.9053828,116.4073982,119.98,0.0,13.0,131.599833
NTUN,131639833,1725.6243896484375,0.0,0.0,43.39,0.0,0.0,-16.165597915649414,39.9053828,116.4073982,119.98,0.0,13.0,131.639833
NTUN,131679833,1727.2454833984375,0.0,0.0,43.42,0.0,0.0,-16.169408798217773,39.9053828,116.4073982,119.98,0.0,13.0,131.679833
NTUN,131719833,1727.2454833984375,0.0,0.0,43.44,0.0,0.0,-16.169408798217773,39.9053828,116.4073982,119.98,0.0,13.0,131.719833
NTUN,131759833,1727.2454833984375,0.0,0.0,43.46,0.0,0.0,-16.169408798217773,39.9053828,116.4073982,119.98,0.0,13.0,131.759833
NTUN,131799833,1728.8642578125,0.0,0.0,43.48,0.0,0.0,-16.171741485595703,39.9053828,116.4073982,119.98,0.0,13.0,131.799833
NTUN,131839833,1728.8642578125,0.0,0.0,43.51,0.0,0.0,-16.171741485595703,39.9053828,116.4073982,119.98,0.0,13.0,131.839833
NTUN,131879833,1730.4910888671875,0.0,0.0,43.53,0.0,0.0,-16.17527198791504,39.9053828,116.4073982,119.98,0.0,13.0,131.879833
NTUN,131919833,1730.4910888671875,0.0,0.0,43.55,0.0,0.0,-16.17527198791504,39.9053828,116.4073982,119.98,0.0,13.0,131.919833
NTUN,131959833,1730.4910888671875,0.0,0.0,43.57,0.0,0.0,-16.17527198791504,39.9053828,116.4073982,119.98,0.0,13.0,131.959833
NTUN,131999833,1732.10986328125,0.0,0.0,43.6,0.0,0.0,-16.176673889160156,39.9053828,116.4073982,119.98,0.0,13.0,131.999833
NTUN,132039833,1732.10986328125,0.0,0.0,43.62,0.0,0.0,-16.176673889160156,39.9053828,116.4073982,119.98,0.0,13.0,132.039833
NTUN,132079833,1733.726318359375,0.0,0.0,43.64,0.0,0.0,-16.180639266967773,39.9053828,116.4073982,119.98,0.0,13.0,132.079833
NTUN,132119833,1733.726318359375,0.0,0.0,43.66,0.0,0.0,-16.180639266967773,39.9053828,116.4073982,119.98,0.0,13.0,132.119833
NTUN,132159833,1733.726318359375,0.0,0.0,43.69,0.0,0.0,-16.180639266967773,39.9053828,116.4073982,119.98,0.0,13.0,132.159833
NTUN,132199833,1735.3485107421875,0.0,0.0,43.71,0.0,0.0,-16.18375015258789,39.9053828,116.4073982,119.98,0.0,13.0,132.199833
NTUN,132239833,1735.3485107421875,0.0,0.0,43.73,0.0,0.0,-16.18375015258789,39.9053828,116.4073982,119.98,0.0,13.0,132.239833
NTUN,132279833,1736.962646484375,0.0,0.0,43.75,0.0,0.0,-16.188962936401367,39.9053828,116.4073982,119.98,0.0,13.0,132.279833
NTUN,132319833,1736.962646484375,0.0,0.0,43.77,0.0,0.0,-16.188962936401367,39.9053828,116.4073982,119.98,0.0,13.0,132.319833
NTUN,132359833,1736.962646484375,0.0,0.0,43.79,0.0,0.0,-16.188962936401367,39.9053828,116.4073982,119.98,0.0,13.0,132.359833
NTUN,132399833,1738.5826416015625,0.0,0.0,43.82,0.0,0.0,-16.195302963256836,39.9053828,116.4073982,119.98,0.0,13.0,132.399833
NTUN,132439833,1738.5826416015625,0.0,0.0,43.84,0.0,0.0,-16.195302963256836,39.9053828,116.4073982,119.98,0.0,13.0,132.439833
NTUN,132479833,1740.2060546875,0.0,0.0,43.86,0.0,0.0,-16.20067596435547,39.9053828,116.4073982,119.98,0.0,13.0,132.479833
NTUN,132519833,1740.2060546875,0.0,0.0,43.88,0.0,0.0,-16.20067596435547,39.9053828,116.4073982,119.98,0.0,13.0,132.519833
NTUN,132559833,1740.2060546875,0.0,0.0,43.9,0.0,0.0,-16.20067596435547,39.9053828,116.4073982,119.98,0.0,13.0,132.559833
NTUN,132599833,1741.82958984375,0.0,0.0,43.92,0.0,0.0,-16.20334815979004,39.9053828,116.4073982,119.98,0.0,13.0,132.599833
NTUN,132639833,1741.82958984375,0.0,0.0,43.95,0.0,0.0,-16.20334815979004,39.9053828,116.4073982,119.98,0.0,13.0,132.639833
NTUN,132679833,1743.442626953125,0.0,0.0,43.97,0.0,0.0,-16.20915985107422,39.9053828,116.4073982,119.98,0.0,13.0,132.679833
NTUN,132719833,1743.442626953125,0.0,0.0,43.99,0.0,0.0,-16.20915985107422,39.9053828,116.4073982,119.98,0.0,13.0,132.719833
NTUN,132759833,1743.442626953125,0.0,0.0,44.01,0.0,0.0,-16.20915985107422,39.9053828,116.4073982,119.98,0.0,13.0,132.759833
NTUN,132799833,1745.075439453125,0.0,0.0,44.03,0.0,0.0,-16.212778091430664,39.9053828,116.4073982,119.98,0.0,13.0,132.799833
NTUN,132839833,1745.075439453125,0.0,0.0,44.05,0.0,0.0,-16.212778091430664,39.9053828,116.4073982,119.98,0.0,13.0,132.839833
NTUN,132879833,1746.6920166015625,0.0,0.0,44.08,0.0,0.0,-16.21889877319336,39.9053828,116.4073982,119.98,0.0,13.0,132.879833
NTUN,132919833,1746.6920166015625,0.0,0.0,44.1,0.0,0.0,-16.21889877319336,39.9053828,116.4073982,119.98,0.0,13.0,132.919833
NTUN,132959833,1746.6920166015625,0.0,0.0,44.12,0.0,0.0,-16.21889877319336,39.9053828,116.4073982,119.98,0.0,13.0,132.959833
NTUN,132999833,1748.3226318359375,0.0,0.0,44.14,0.0,0.0,-16.22394561767578,39.9053828,116.4073982,119.98,0.0,13.0,132.999833
NTUN,133039833,1748.3226318359375,0.0,0.0,44.17,0.0,0.0,-16.22394561767578,39.9053828,116.4073982,119.98,0.0,13.0,133.039833
NTUN,133079833,1749.9368896484375,0.0,0.0,44.19,0.0,0.0,-16.22782325744629,39.9053828,116.4073982,119.98,0.0,13.0,133.079833
NTUN,133119833,1749.9368896484375,0.0,0.0,44.21,0.0,0.0,-16.22782325744629,39.9053828,116.4073982,119.98,0.0,13.0,133.119833
NTUN,133159833,1749.9368896484375,0.0,0.0,44.23,0.0,0.0,-16.22782325744629,39.9053828,116.4073982,119.98,0.0,13.0,133.159833
NTUN,133199833,1751.562744140625,0.0,0.0,44.25,0.0,0.0,-16.231382369995117,39.9053828,116.4073982,119.98,0.0,13.0,133.199833
NTUN,133239833,1751.562744140625,0.0,0.0,44.27,0.0,0.0,-16.231382369995117,39.9053828,116.4073982,119.98,0.0,13.0,133.239833
NTUN,133279833,1753.188720703125,0.0,0.0,44.29,0.0,0.0,-16.23332977294922,39.9053828,116.4073982,119.98,0.0,13.0,133.279833
NTUN,133319833,1753.188720703125,0.0,0.0,44.32,0.0,0.0,-16.23332977294922,39.9053828,116.4073982,119.98,0.0,13.0,133.319833
NTUN,133359833,1753.188720703125,0.0,0.0,44.34,0.0,0.0,-16.23332977294922,39.9053828,116.4073982,119.98,0.0,13.0,133.359833
NTUN,133399833,1754.8123779296875,0.0,0.0,44.36,0.0,0.0,-16.23874282836914,39.9053828,116.4073982,119.98,0.0,13.0,133.399833
NTUN,133439833,1754.8123779296875,0.0,0.0,44.38,0.0,0.0,-16.23874282836914,39.9053828,116.4073982,119.98,0.0,13.0,133.439833
NTUN,133479833,1756.4337158203125,0.0,0.0,44.41,0.0,0.0,-16.24192237854004,39.9053828,116.4073982,119.98,0.0,13.0,133.479833
NTUN,133519833,1756.4337158203125,0.0,0.0,44.43,0.0,0.0,-16.24192237854004,39.9053828,116.4073982,119.98,0.0,13.0,133.519833
NTUN,133559833,1756.4337158203125,0.0,0.0,44.45,0.0,0.0,-16.24192237854004,39.9053828,116.4073982,119.98,0.0,13.0,133.559833
NTUN,133599833,1758.0528564453125,0.0,0.0,44.48,0.0,0.0,-16.243886947631836,39.9053828,116.4073982,119.98,0.0,13.0,133.599833
NTUN,133639833,1758.0528564453125,0.0,0.0,44.5,0.0,0.0,-16.243886947631836,39.9053828,116.4073982,119.98,0.0,13.0,133.639833
NTUN,133679833,1759.6800537109375,0.0,0.0,44.52,0.0,0.0,-16.249820709228516,39.9053828,116.4073982,119.98,0.0,13.0,133.679833
NTUN,133719833,1759.6800537109375,0.0,0.0,44.54,0.0,0.0,-16.249820709228516,39.9053828,116.4073982,119.98,0.0,13.0,133.719833
NTUN,133759833,1759.6800537109375,0.0,0.0,44.56,0.0,0.0,-16.249820709228516,39.9053828,116.4073982,119.98,0.0,13.0,133.759833
NTUN,133799833,1761.291015625,0.0,0.0,44.58,0.0,0.0,-16.253816604614258,39.9053828,116.4073982,119.98,0.0,13.0,133.799833
NTUN,133839833,1761.291015625,0.0,0.0,44.6,0.0,0.0,-16.253816604614258,39.9053828,116.4073982,119.98,0.0,13.0,133.839833
NTUN,133879833,1762.916015625,0.0,0.0,44.62,0.0,0.0,-16.25697898864746,39.9053828,116.4073982,119.98,0.0,13.0,133.879833
NTUN,133919833,1762.916015625,0.0,0.0,44.64,0.0,0.0,-16.25697898864746,39.9053828,116.4073982,119.98,0.0,13.0,133.919833
NTUN,133959833,1762.916015625,0.0,0.0,44.66,0.0,0.0,-16.25697898864746,39.9053828,116.4073982,119.98,0.0,13.0,133.959833
NTUN,133999833,1764.53857421875,0.0,0.0,44.68,0.0,0.0,-16.261001586914062,39.9053828,116.4073982,119.98,0.0,13.0,133.999833
NTUN,134039833,1764.53857421875,0.0,0.0,44.7,0.0,0.0,-16.261001586914062,39.9053828,116.4073982,119.98,0.0,13.0,134.039833
NTUN,134079833,1766.161376953125,0.0,0.0,44.72,0.0,0.0,-16.263996124267578,39.9053828,116.4073982,119.98,0.0,13.0,134.079833
NTUN,134119833,1766.161376953125,0.0,0.0,44.74,0.0,0.0,-16.263996124267578,39.9053828,116.4073982,119.98,0.0,13.0,134.119833
NTUN,134159833,1766.161376953125,0.0,0.0,44.76,0.0,0.0,-16.263996124267578,39.9053828,116.4073982,119.98,0.0,13.0,134.159833
NTUN,134199833,1767.7781982421875,0.0,0.0,44.78,0.0,0.0,-16.26980209350586,39.9053828,116.4073982,119.98,0.0,13.0,134.199833
NTUN,134239833,1767.7781982421875,0.0,0.0,44.8,0.0,0.0,-16.26980209350586,39.9053828,116.4073982,119.98,0.0,13.0,134.239833
NTUN,134279833,1769.40087890625,0.0,0.0,44.82,0.0,0.0,-16.274667739868164,39.9053828,116.4073982,119.98,0.0,13.0,134.279833
NTUN,134319833,1769.40087890625,0.0,0.0,44.84,0.0,0.0,-16.274667739868164,39.9053828,116.4073982,119.98,0.0,13.0,134.319833
NTUN,134359833,1769.40087890625,0.0,0.0,44.87,0.0,0.0,-16.274667739868164,39.9053828,116.4073982,119.98,0.0,13.0,134.359833
NTUN,134399833,1771.02587890625,0.0,0.0,44.89,0.0,0.0,-16.27520179748535,39.9053828,116.4073982,119.98,0.0,13.0,134.399833
NTUN,134439833,1771.02587890625,0.0,0.0,44.91,0.0,0.0,-16.27520179748535,39.9053828,116.4073982,119.98,0.0,13.0,134.439833
NTUN,134479833,1772.6485595703125,0.0,0.0,44.93,0.0,0.0,-16.277498245239258,39.9053828,116.4073982,119.98,0.0,13.0,134.479833
NTUN,134519833,1772.6485595703125,0.0,0.0,44.95,0.0,0.0,-16.277498245239258,39.9053828,116.4073982,119.98,0.0,13.0,134.519833
NTUN,134559833,1772.6485595703125,0.0,0.0,44.97,0.0,0.0,-16.277498245239258,39.9053828,116.4073982,119.98,0.0,13.0,134.559833
NTUN,134599833,1774.2655029296875,0.0,0.0,45.0,0.0,0.0,-16.28127098083496,39.9053828,116.4073982,119.98,0.0,13.0,134.599833
NTUN,134639833,1774.2655029296875,0.0,0.0,45.02,0.0,0.0,-16.28127098083496,39.9053828,116.4073982,119.98,0.0,13.0,134.639833
NTUN,134679833,1775.8963623046875,0.0,0.0,45.04,0.0,0.0,-16.284107208251953,39.9053828,116.4073982,119.98,0.0,13.0,134.679833
NTUN,134719833,1775.8963623046875,0.0,0.0,45.07,0.0,0.0,-16.284107208251953,39.9053828,116.4073982,119.98,0.0,13.0,134.719833
NTUN,134759833,1775.8963623046875,0.0,0.0,45.09,0.0,0.0,-16.284107208251953,39.9053828,116.4073982,119.98,0.0,13.0,134.759833
NTUN,134799833,1777.5213623046875,0.0,0.0,45.11,0.0,0.0,-16.287063598632812,39.9053828,116.4073982,119.98,0.0,13.0,134.799833
NTUN,134839833,1777.5213623046875,0.0,0.0,45.14,0.0,0.0,-16.287063598632812,39.9053828,116.4073982,119.98,0.0,13.0,134.839833
NTUN,134879833,1779.140625,0.0,0.0,45.16,0.0,0.0,-16.289756774902344,39.9053828,116.4073982,119.98,0.0,13.0,134.879833
NTUN,134919833,1779.140625,0.0,0.0,45.19,0.0,0.0,-16.289756774902344,39.9053828,116.4073982,119.98,0.0,13.0,134.919833
NTUN,134959833,1779.140625,0.0,0.0,45.21,0.0,0.0,-16.289756774902344,39.9053828,116.4073982,119.98,0.0,13.0,134.959833
NTUN,134999833,1780.7679443359375,0.0,0.0,45.23,0.0,0.0,-16.294071197509766,39.9053828,116.4073982,119.98,0.0,13.0,134.999833
NTUN,135039833,1780.7679443359375,0.0,0.0,45.26,0.0,0.0,-16.294071197509766,39.9053828,116.4073982,119.98,0.0,13.0,135.039833
NTUN,135079833,1782.4034423828125,0.0,0.0,45.28,0.0,0.0,-16.299274444580078,39.9053828,116.4073982,119.98,0.0,13.0,135.079833
NTUN,135119833,1782.4034423828125,0.0,0.0,45.3,0.0,0.0,-16.299274444580078,39.9053828,116.4073982,119.98,0.0,13.0,135.119833
NTUN,135159833,1782.4034423828125,0.0,0.0,45.33,0.0,0.0,-16.299274444580078,39.9053828,116.4073982,119.98,0.0,13.0,135.159833
NTUN,135199833,1784.0272216796875,0.0,0.0,45.35,0.0,0.0,-16.305849075317383,39.9053828,116.4073982,119.98,0.0,13.0,135.199833
NTUN,135239833,1784.0272216796875,0.0,0.0,45.37,0.0,0.0,-16.305849075317383,39.9053828,116.4073982,119.98,0.0,13.0,135.239833
NTUN,135279833,1785.6591796875,0.0,0.0,45.39,0.0,0.0,-16.311853408813477,39.9053828,116.4073982,119.98,0.0,13.0,135.279833
NTUN,135319833,1785.6591796875,0.0,0.0,45.42,0.0,0.0,-16.311853408813477,39.9053828,116.4073982,119.98,0.0,13.0,135.319833
NTUN,135359833,1785.6591796875,0.0,0.0,45.44,0.0,0.0,-16.311853408813477,39.9053828,116.4073982,119.98,0.0,13.0,135.359833
NTUN,135399833,1787.29345703125,0.0,0.0,45.46,0.0,0.0,-16.31877326965332,39.9053828,116.4073982,119.98,0.0,13.0,135.399833
NTUN,135439833,1787.29345703125,0.0,0.0,45.49,0.0,0.0,-16.31877326965332,39.9053828,116.4073982,119.98,0.0,13.0,135.439833
NTUN,135479833,1788.9298095703125,0.0,0.0,45.51,0.0,0.0,-16.32746696472168,39.9053828,116.4073982,119.98,0.0,13.0,135.479833
NTUN,135519833,1788.9298095703125,0.0,0.0,45.53,0.0,0.0,-16.32746696472168,39.9053828,116.4073982,119.98,0.0,13.0,135.519833
NTUN,135559833,1788.9298095703125,0.0,0.0,45.56,0.0,0.0,-16.32746696472168,39.9053828,116.4073982,119.98,0.0,13.0,135.559833
NTUN,135599833,1790.560546875,0.0,0.0,45.58,0.0,0.0,-16.334943771362305,39.9053828,116.4073982,119.98,0.0,13.0,135.599833
NTUN,135639833,1790.560546875,0.0,0.0,45.6,0.0,0.0,-16.334943771362305,39.9053828,116.4073982,119.98,0.0,13.0,135.639833
NTUN,135679833,1792.19921875,0.0,0.0,45.62,0.0,0.0,-16.340517044067383,39.9053828,116.4073982,119.98,0.0,13.0,135.679833
NTUN,135719833,1792.19921875,0.0,0.0,45.65,0.0,0.0,-16.340517044067383,39.9053828,116.4073982,119.98,0.0,13.0,135.719833
NTUN,135759833,1792.19921875,0.0,0.0,45.67,0.0,0.0,-16.340517044067383,39.9053828,116.4073982,119.98,0.0,13.0,135.759833
NTUN,135799833,1793.8345947265625,0.0,0.0,45.69,0.0,0.0,-16.346965789794922,39.9053828,116.4073982,119.98,0.0,13.0,135.799833
NTUN,135839833,1793.8345947265625,0.0,0.0,45.71,0.0,0.0,-16.346965789794922,39.9053828,116.4073982,119.98,0.0,13.0,135.839833
NTUN,135879833,1795.4697265625,0.0,0.0,45.73,0.0,0.0,-16.35019874572754,39.9053828,116.4073982,119.98,0.0,13.0,135.879833
NTUN,135919833,1795.4697265625,0.0,0.0,45.75,0.0,0.0,-16.35019874572754,39.9053828,116.4073982,119.98,0.0,13.0,135.919833
NTUN,135959833,1795.4697265625,0.0,0.0,45.78,0.0,0.0,-16.35019874572754,39.9053828,116.4073982,119.98,0.0,13.0,135.959833
NTUN,135999833,1797.1072998046875,0.0,0.0,45.8,0.0,0.0,-16.354225158691406,39.9053828,116.4073982,119.98,0.0,13.0,135.999833
NTUN,136039833,1797.1072998046875,0.0,0.0,45.82,0.0,0.0,-16.354225158691406,39.9053828,116.4073982,119.98,0.0,13.0,136.039833
NTUN,136079833,1798.7470703125,0.0,0.0,45.84,0.0,0.0,-16.357925415039062,39.9053828,116.4073982,119.98,0.0,13.0,136.079833
NTUN,136119833,1798.7470703125,0.0,0.0,45.87,0.0,0.0,-16.357925415039062,39.9053828,116.4073982,119.98,0.0,13.0,136.119833
NTUN,136159833,1798.7470703125,0.0,0.0,45.89,0.0,0.0,-16.357925415039062,39.9053828,116.4073982,119.98,0.0,13.0,136.159833
NTUN,136199833,1800.3809814453125,0.0,0.0,45.91,0.0,0.0,-16.36410140991211,39.9053828,116.4073982,119.98,0.0,13.0,136.199833
NTUN,136239833,1800.3809814453125,0.0,0.0,45.93,0.0,0.0,-16.36410140991211,39.9053828,116.4073982,119.98,0.0,13.0,136.239833
NTUN,136279833,1802.01708984375,0.0,0.0,45.96,0.0,0.0,-16.36920928955078,39.9053828,116.4073982,119.98,0.0,13.0,136.279833
NTUN,136319833,1802.01708984375,0.0,0.0,45.98,0.0,0.0,-16.36920928955078,39.9053828,116.4073982,119.98,0.0,13.0,136.319833
NTUN,136359833,1802.01708984375,0.0,0.0,46.0,0.0,0.0,-16.36920928955078,39.9053828,116.4073982,119.98,0.0,13.0,136.359833
NTUN,136399833,1803.6533203125,0.0,0.0,46.03,0.0,0.0,-16.37303352355957,39.9053828,116.4073982,119.98,0.0,13.0,136.399833
NTUN,136439833,1803.6533203125,0.0,0.0,46.05,0.0,0.0,-16.37303352355957,39.9053828,116.4073982,119.98,0.0,13.0,136.439833
NTUN,136479833,1805.2940673828125,0.0,0.0,46.07,0.0,0.0,-16.37657356262207,39.9053828,116.4073982,119.98,0.0,13.0,136.479833
NTUN,136519833,1805.2940673828125,0.0,0.0,46.1,0.0,0.0,-16.37657356262207,39.9053828,116.4073982,119.98,0.0,13.0,136.519833
NTUN,136559833,1805.2940673828125,0.0,0.0,46.12,0.0,0.0,-16.37657356262207,39.9053828,116.4073982,119.98,0.0,13.0,136.559833
NTUN,136599833,1806.9266357421875,0.0,0.0,46.14,0.0,0.0,-16.383888244628906,39.9053828,116.4073982,119.98,0.0,13.0,136.599833
NTUN,136639833,1806.9266357421875,0.0,0.0,46.16,0.0,0.0,-16.383888244628906,39.9053828,116.4073982,119.98,0.0,13.0,136.639833
NTUN,136679833,1808.5673828125,0.0,0.0,46.18,0.0,0.0,-16.38787841796875,39.9053828,116.4073982,119.98,0.0,13.0,136.679833
NTUN,136719833,1808.5673828125,0.0,0.0,46.2,0.0,0.0,-16.38787841796875,39.9053828,116.4073982,119.98,0.0,13.0,136.719833
NTUN,136759833,1808.5673828125,0.0,0.0,46.22,0.0,0.0,-16.38787841796875,39.9053828,116.4073982,119.98,0.0,13.0,136.759833
NTUN,136799833,1810.21044921875,0.0,0.0,46.24,0.0,0.0,-16.393835067749023,39.9053828,116.4073982,119.98,0.0,13.0,136.799833
NTUN,136839833,1810.21044921875,0.0,0.0,46.26,0.0,0.0,-16.393835067749023,39.9053828,116.4073982,119.98,0.0,13.0,136.839833
NTUN,136879833,1811.8453369140625,0.0,0.0,46.28,0.0,0.0,-16.39525032043457,39.9053828,116.4073982,119.98,0.0,13.0,136.879833
NTUN,136919833,1811.8453369140625,0.0,0.0,46.3,0.0,0.0,-16.39525032043457,39.9053828,116.4073982,119.98,0.0,13.0,136.919833
NTUN,136959833,1811.8453369140625,0.0,0.0,46.32,0.0,0.0,-16.39525032043457,39.9053828,116.4073982,119.98,0.0,13.0,136.959833
NTUN,136999833,1813.4803466796875,0.0,0.0,46.34,0.0,0.0,-16.3974552154541,39.9053828,116.4073982,119.98,0.0,13.0,136.999833
NTUN,137039833,1813.4803466796875,0.0,0.0,46.36,0.0,0.0,-16.3974552154541,39.9053828,116.4073982,119.98,0.0,13.0,137.039833
NTUN,137079833,1815.123291015625,0.0,0.0,46.38,0.0,0.0,-16.400917053222656,39.9053828,116.4073982,119.98,0.0,13.0,137.079833
NTUN,137119833,1815.123291015625,0.0,0.0,46.4,0.0,0.0,-16.400917053222656,39.9053828,116.4073982,119.98,0.0,13.0,137.119833
NTUN,137159833,1815.123291015625,0.0,0.0,46.42,0.0,0.0,-16.400917053222656,39.9053828,116.4073982,119.98,0.0,13.0,137.159833
NTUN,137199833,1816.75830078125,0.0,0.0,46.44,0.0,0.0,-16.401729583740234,39.9053828,116.4073982,119.98,0.0,13.0,137.199833
NTUN,137239833,1816.75830078125,0.0,0.0,46.46,0.0,0.0,-16.401729583740234,39.9053828,116.4073982,119.98,0.0,13.0,137.239833
NTUN,137279833,1818.4012451171875,0.0,0.0,46.48,0.0,0.0,-16.402664184570312,39.9053828,116.4073982,119.98,0.0,13.0,137.279833
NTUN,137319833,1818.4012451171875,0.0,0.0,46.5,0.0,0.0,-16.402664184570312,39.9053828,116.4073982,119.98,0.0,13.0,137.319833
NTUN,137359833,1818.4012451171875,0.0,0.0,46.52,0.0,0.0,-16.402664184570312,39.9053828,116.4073982,119.98,0.0,13.0,137.359833
NTUN,137399833,1820.0361328125,0.0,0.0,46.55,0.0,0.0,-16.402223587036133,39.9053828,116.4073982,119.98,0.0,13.0,137.399833
NTUN,137439833,1820.0361328125,0.0,0.0,46.57,0.0,0.0,-16.402223587036133,39.9053828,116.4073982,119.98,0.0,13.0,137.439833
NTUN,137479833,1821.67919921875,0.0,0.0,46.59,0.0,0.0,-16.402219772338867,39.9053828,116.4073982,119.98,0.0,13.0,137.479833
NTUN,137519833,1821.67919921875,0.0,0.0,46.61,0.0,0.0,-16.402219772338867,39.9053828,116.4073982,119.98,0.0,13.0,137.519833
NTUN,137559833,1821.67919921875,0.0,0.0,46.63,0.0,0.0,-16.402219772338867,39.9053828,116.4073982,119.98,0.0,13.0,137.559833
NTUN,137599833,1823.3199462890625,0.0,0.0,46.66,0.0,0.0,-16.404298782348633,39.9053828,116.4073982,119.98,0.0,13.0,137.599833
NTUN,137639833,1823.3199462890625,0.0,0.0,46.68,0.0,0.0,-16.404298782348633,39.9053828,116.4073982,119.98,0.0,13.0,137.639833
NTUN,137679833,1824.954833984375,0.0,0.0,46.7,0.0,0.0,-16.404834747314453,39.9053828,116.4073982,119.98,0.0,13.0,137.679833
NTUN,137719833,1824.954833984375,0.0,0.0,46.73,0.0,0.0,-16.404834747314453,39.9053828,116.4073982,119.98,0.0,13.0,137.719833
NTUN,137759833,1824.954833984375,0.0,0.0,46.75,0.0,0.0,-16.404834747314453,39.9053828,116.4073982,119.98,0.0,13.0,137.759833
NTUN,137799833,1826.6014404296875,0.0,0.0,46.77,0.0,0.0,-16.406944274902344,39.9053828,116.4073982,119.98,0.0,13.0,137.799833
NTUN,137839833,1826.6014404296875,0.0,0.0,46.79,0.0,0.0,-16.406944274902344,39.9053828,116.4073982,119.98,0.0,13.0,137.839833
NTUN,137879833,1828.239990234375,0.0,0.0,46.81,0.0,0.0,-16.409954071044922,39.9053828,116.4073982,119.98,0.0,13.0,137.879833
NTUN,137919833,1828.239990234375,0.0,0.0,46.84,0.0,0.0,-16.409954071044922,39.9053828,116.4073982,119.98,0.0,13.0,137.919833
NTUN,137959833,1828.239990234375,0.0,0.0,46.86,0.0,0.0,-16.409954071044922,39.9053828,116.4073982,119.98,0.0,13.0,137.959833
NTUN,137999833,1829.88427734375,0.0,0.0,46.88,0.0,0.0,-16.414979934692383,39.9053828,116.4073982,119.98,0.0,13.0,137.999833
NTUN,138039833,1829.88427734375,0.0,0.0,46.91,0.0,0.0,-16.414979934692383,39.9053828,116.4073982,119.98,0.0,13.0,138.039833
NTUN,138079833,1831.5263671875,0.0,0.0,46.93,0.0,0.0,-16.421844482421875,39.9053828,116.4073982,119.98,0.0,13.0,138.079833
NTUN,138119833,1831.5263671875,0.0,0.0,46.95,0.0,0.0,-16.421844482421875,39.9053828,116.4073982,119.98,0.0,13.0,138.119833
NTUN,138159833,1831.5263671875,0.0,0.0,46.98,0.0,0.0,-16.421844482421875,39.9053828,116.4073982,119.98,0.0,13.0,138.159833
NTUN,138199833,1833.1800537109375,0.0,0.0,47.0,0.0,0.0,-16.426700592041016,39.9053828,116.4073982,119.98,0.0,13.0,138.199833
NTUN,138239833,1833.1800537109375,0.0,0.0,47.02,0.0,0.0,-16.426700592041016,39.9053828,116.4073982,119.98,0.0,13.0,138.239833
NTUN,138279833,1834.82568359375,0.0,0.0,47.04,0.0,0.0,-16.433958053588867,39.9053828,116.4073982,119.98,0.0,13.0,138.279833
NTUN,138319833,1834.82568359375,0.0,0.0,47.07,0.0,0.0,-16.433958053588867,39.9053828,116.4073982,119.98,0.0,13.0,138.319833
NTUN,138359833,1834.82568359375,0.0,0.0,47.09,0.0,0.0,-16.433958053588867,39.9053828,116.4073982,119.98,0.0,13.0,138.359833
NTUN,138399833,1836.468994140625,0.0,0.0,47.11,0.0,0.0,-16.44106101989746,39.9053828,116.4073982,119.98,0.0,13.0,138.399833
NTUN,138439833,1836.468994140625,0.0,0.0,47.13,0.0,0.0,-16.44106101989746,39.9053828,116.4073982,119.98,0.0,13.0,138.439833
NTUN,138479833,1838.1123046875,0.0,0.0,47.15,0.0,0.0,-16.447751998901367,39.9053828,116.4073982,119.98,0.0,13.0,138.479833
NTUN,138519833,1838.1123046875,0.0,0.0,47.17,0.0,0.0,-16.447751998901367,39.9053828,116.4073982,119.98,0.0,13.0,138.519833
NTUN,138559833,1838.1123046875,0.0,0.0,47.19,0.0,0.0,-16.447751998901367,39.9053828,116.4073982,119.98,0.0,13.0,138.559833
NTUN,138599833,1839.7591552734375,0.0,0.0,47.22,0.0,0.0,-16.452394485473633,39.9053828,116.4073982,119.98,0.0,13.0,138.599833
NTUN,138639833,1839.7591552734375,0.0,0.0,47.24,0.0,0.0,-16.452394485473633,39.9053828,116.4073982,119.98,0.0,13.0,138.639833
NTUN,138679833,1841.406005859375,0.0,0.0,47.26,0.0,0.0,-16.455507278442383,39.9053828,116.4073982,119.98,0.0,13.0,138.679833
NTUN,138719833,1841.406005859375,0.0,0.0,47.28,0.0,0.0,-16.455507278442383,39.9053828,116.4073982,119.98,0.0,13.0,138.719833
NTUN,138759833,1841.406005859375,0.0,0.0,47.3,0.0,0.0,-16.455507278442383,39.9053828,116.4073982,119.98,0.0,13.0,138.759833
NTUN,138799833,1843.0506591796875,0.0,0.0,47.32,0.0,0.0,-16.457366943359375,39.9053828,116.4073982,119.98,0.0,13.0,138.799833
NTUN,138839833,1843.0506591796875,0.0,0.0,47.34,0.0,0.0,-16.457366943359375,39.9053828,116.4073982,119.98,0.0,13.0,138.839833
NTUN,138879833,1844.7010498046875,0.0,0.0,47.36,0.0,0.0,-16.459932327270508,39.9053828,116.4073982,119.98,0.0,13.0,138.879833
NTUN,138919833,1844.7010498046875,0.0,0.0,47.38,0.0,0.0,-16.459932327270508,39.9053828,116.4073982,119.98,0.0,13.0,138.919833
NTUN,138959833,1844.7010498046875,0.0,0.0,47.4,0.0,0.0,-16.459932327270508,39.9053828,116.4073982,119.98,0.0,13.0,138.959833
NTUN,138999833,1846.343505859375,0.0,0.0,47.43,0.0,0.0,-16.461666107177734,39.9053828,116.4073982,119.98,0.0,13.0,138.999833
NTUN,139039833,1846.343505859375,0.0,0.0,47.45,0.0,0.0,-16.461666107177734,39.9053828,116.4073982,119.98,0.0,13.0,139.039833
NTUN,139079833,1847.9892578125,0.0,0.0,47.47,0.0,0.0,-16.46637725830078,39.9053828,116.4073982,119.98,0.0,13.0,139.079833
NTUN,139119833,1847.9892578125,0.0,0.0,47.49,0.0,0.0,-16.46637725830078,39.9053828,116.4073982,119.98,0.0,13.0,139.119833
NTUN,139159833,1847.9892578125,0.0,0.0,47.51,0.0,0.0,-16.46637725830078,39.9053828,116.4073982,119.98,0.0,13.0,139.159833
NTUN,139199833,1849.6351318359375,0.0,0.0,47.53,0.0,0.0,-16.468231201171875,39.9053828,116.4073982,119.98,0.0,13.0,139.199833
NTUN,139239833,1849.6351318359375,0.0,0.0,47.55,0.0,0.0,-16.468231201171875,39.9053828,116.4073982,119.98,0.0,13.0,139.239833
NTUN,139279833,1851.27880859375,0.0,0.0,47.57,0.0,0.0,-16.47107696533203,39.9053828,116.4073982,119.98,0.0,13.0,139.279833
NTUN,139319833,1851.27880859375,0.0,0.0,47.59,0.0,0.0,-16.47107696533203,39.9053828,116.4073982,119.98,0.0,13.0,139.319833
NTUN,139359833,1851.27880859375,0.0,0.0,47.61,0.0,0.0,-16.47107696533203,39.9053828,116.4073982,119.98,0.0,13.0,139.359833
NTUN,139399833,1852.92822265625,0.0,0.0,47.63,0.0,0.0,-16.47235870361328,39.9053828,116.4073982,119.98,0.0,13.0,139.399833
NTUN,139439833,1852.92822265625,0.0,0.0,47.65,0.0,0.0,-16.47235870361328,39.9053828,116.4073982,119.98,0.0,13.0,139.439833
NTUN,139479833,1854.5697021484375,0.0,0.0,47.66,0.0,0.0,-16.475683212280273,39.9053828,116.4073982,119.98,0.0,13.0,139.479833
NTUN,139519833,1854.5697021484375,0.0,0.0,47.68,0.0,0.0,-16.475683212280273,39.9053828,116.4073982,119.98,0.0,13.0,139.519833
NTUN,139559833,1854.5697021484375,0.0,0.0,47.7,0.0,0.0,-16.475683212280273,39.9053828,116.4073982,119.98,0.0,13.0,139.559833
NTUN,139599833,1856.2109375,0.0,0.0,47.72,0.0,0.0,-16.47768211364746,39.9053828,116.4073982,119.98,0.0,13.0,139.599833
NTUN,139639833,1856.2109375,0.0,0.0,47.74,0.0,0.0,-16.47768211364746,39.9053828,116.4073982,119.98,0.0,13.0,139.639833
NTUN,139679833,1857.858154296875,0.0,0.0,47.76,0.0,0.0,-16.47798728942871,39.9053828,116.4073982,119.98,0.0,13.0,139.679833
NTUN,139719833,1857.858154296875,0.0,0.0,47.77,0.0,0.0,-16.47798728942871,39.9053828,116.4073982,119.98,0.0,13.0,139.719833
NTUN,139759833,1857.858154296875,0.0,0.0,47.79,0.0,0.0,-16.47798728942871,39.9053828,116.4073982,119.98,0.0,13.0,139.759833
NTUN,139799833,1859.497314453125,0.0,0.0,47.81,0.0,0.0,-16.48019027709961,39.9053828,116.4073982,119.98,0.0,13.0,139.799833
NTUN,139839833,1859.497314453125,0.0,0.0,47.83,0.0,0.0,-16.48019027709961,39.9053828,116.4073982,119.98,0.0,13.0,139.839833
NTUN,139879833,1861.1446533203125,0.0,0.0,47.85,0.0,0.0,-16.481103897094727,39.9053828,116.4073982,119.98,0.0,13.0,139.879833
NTUN,139919833,1861.1446533203125,0.0,0.0,47.87,0.0,0.0,-16.481103897094727,39.9053828,116.4073982,119.98,0.0,13.0,139.919833
NTUN,139959833,1861.1446533203125,0.0,0.0,47.89,0.0,0.0,-16.481103897094727,39.9053828,116.4073982,119.98,0.0,13.0,139.959833
NTUN,139999833,1862.7977294921875,0.0,0.0,47.91,0.0,0.0,-16.480449676513672,39.9053828,116.4073982,119.98,0.0,13.0,139.999833
NTUN,140039833,1862.7977294921875,0.0,0.0,47.93,0.0,0.0,-16.480449676513672,39.9053828,116.4073982,119.98,0.0,13.0,140.039833
NTUN,140079833,1864.4368896484375,0.0,0.0,47.94,0.0,0.0,-16.479948043823242,39.9053828,116.4073982,119.98,0.0,13.0,140.079833
NTUN,140119833,1864.4368896484375,0.0,0.0,47.96,0.0,0.0,-16.479948043823242,39.9053828,116.4073982,119.98,0.0,13.0,140.119833
NTUN,140159833,1864.4368896484375,0.0,0.0,47.98,0.0,0.0,-16.479948043823242,39.9053828,116.4073982,119.98,0.0,13.0,140.159833
NTUN,140199833,1866.0760498046875,0.0,0.0,48.0,0.0,0.0,-16.478530883789062,39.9053828,116.4073982,119.98,0.0,13.0,140.199833
NTUN,140239833,1866.0760498046875,0.0,0.0,48.02,0.0,0.0,-16.478530883789062,39.9053828,116.4073982,119.98,0.0,13.0,140.239833
NTUN,140279833,1867.7152099609375,0.0,0.0,48.04,0.0,0.0,-16.477121353149414,39.9053828,116.4073982,119.98,0.0,13.0,140.279833
NTUN,140319833,1867.7152099609375,0.0,0.0,48.06,0.0,0.0,-16.477121353149414,39.9053828,116.4073982,119.98,0.0,13.0,140.319833
NTUN,140359833,1867.7152099609375,0.0,0.0,48.08,0.0,0.0,-16.477121353149414,39.9053828,116.4073982,119.98,0.0,13.0,140.359833
NTUN,140399833,1869.3682861328125,0.0,0.0,48.1,0.0,0.0,-16.475046157836914,39.9053828,116.4073982,119.98,0.0,13.0,140.399833
NTUN,140439833,1869.3682861328125,0.0,0.0,48.12,0.0,0.0,-16.475046157836914,39.9053828,116.4073982,119.98,0.0,13.0,140.439833
NTUN,140479833,1871.0015869140625,0.0,0.0,48.14,0.0,0.0,-16.474855422973633,39.9053828,116.4073982,119.98,0.0,13.0,140.479833
NTUN,140519833,1871.0015869140625,0.0,0.0,48.16,0.0,0.0,-16.474855422973633,39.9053828,116.4073982,119.98,0.0,13.0,140.519833
NTUN,140559833,1871.0015869140625,0.0,0.0,48.18,0.0,0.0,-16.474855422973633,39.9053828,116.4073982,119.98,0.0,13.0,140.559833
NTUN,140599833,1872.64306640625,0.0,0.0,48.2,0.0,0.0,-16.47272300720215,39.9053828,116.4073982,119.98,0.0,13.0,140.599833
NTUN,140639833,1872.64306640625,0.0,0.0,48.22,0.0,0.0,-16.47272300720215,39.9053828,116.4073982,119.98,0.0,13.0,140.639833
NTUN,140679833,1874.2926025390625,0.0,0.0,48.24,0.0,0.0,-16.474605560302734,39.9053828,116.4073982,119.98,0.0,13.0,140.679833
NTUN,140719833,1874.2926025390625,0.0,0.0,48.26,0.0,0.0,-16.474605560302734,39.9053828,116.4073982,119.98,0.0,13.0,140.719833
NTUN,140759833,1874.2926025390625,0.0,0.0,48.28,0.0,0.0,-16.474605560302734,39.9053828,116.4073982,119.98,0.0,13.0,140.759833
NTUN,140799833,1875.9364013671875,0.0,0.0,48.3,0.0,0.0,-16.47666358947754,39.9053828,116.4073982,119.98,0.0,13.0,140.799833
NTUN,140839833,1875.9364013671875,0.0,0.0,48.32,0.0,0.0,-16.47666358947754,39.9053828,116.4073982,119.98,0.0,13.0,140.839833
NTUN,140879833,1877.5823974609375,0.0,0.0,48.34,0.0,0.0,-16.47720718383789,39.9053828,116.4073982,119.98,0.0,13.0,140.879833
NTUN,140919833,1877.5823974609375,0.0,0.0,48.37,0.0,0.0,-16.47720718383789,39.9053828,116.4073982,119.98,0.0,13.0,140.919833
NTUN,140959833,1877.5823974609375,0.0,0.0,48.39,0.0,0.0,-16.47720718383789,39.9053828,116.4073982,119.98,0.0,13.0,140.959833
NTUN,140999833,1879.2283935546875,0.0,0.0,48.41,0.0,0.0,-16.479211807250977,39.9053828,116.4073982,119.98,0.0,13.0,140.999833
NTUN,141039833,1879.2283935546875,0.0,0.0,48.43,0.0,0.0,-16.479211807250977,39.9053828,116.4073982,119.98,0.0,13.0,141.039833
NTUN,141079833,1880.87890625,0.0,0.0,48.46,0.0,0.0,-16.48273277282715,39.9053828,116.4073982,119.98,0.0,13.0,141.079833
NTUN,141119833,1880.87890625,0.0,0.0,48.48,0.0,0.0,-16.48273277282715,39.9053828,116.4073982,119.98,0.0,13.0,141.119833
NTUN,141159833,1880.87890625,0.0,0.0,48.5,0.0,0.0,-16.48273277282715,39.9053828,116.4073982,119.98,0.0,13.0,141.159833
NTUN,141199833,1882.521240234375,0.0,0.0,48.52,0.0,0.0,-16.488798141479492,39.9053828,116.4073982,119.98,0.0,13.0,141.199833
NTUN,141239833,1882.521240234375,0.0,0.0,48.55,0.0,0.0,-16.488798141479492,39.9053828,116.4073982,119.98,0.0,13.0,141.239833
NTUN,141279833,1884.174072265625,0.0,0.0,48.57,0.0,0.0,-16.494482040405273,39.9053828,116.4073982,119.98,0.0,13.0,141.279833
NTUN,141319833,1884.174072265625,0.0,0.0,48.59,0.0,0.0,-16.494482040405273,39.9053828,116.4073982,119.98,0.0,13.0,141.319833
NTUN,141359833,1884.174072265625,0.0,0.0,48.62,0.0,0.0,-16.494482040405273,39.9053828,116.4073982,119.98,0.0,13.0,141.359833
NTUN,141399833,1885.821044921875,0.0,0.0,48.64,0.0,0.0,-16.499313354492188,39.9053828,116.4073982,119.98,0.0,13.0,141.399833
NTUN,141439833,1885.821044921875,0.0,0.0,48.67,0.0,0.0,-16.499313354492188,39.9053828,116.4073982,119.98,0.0,13.0,141.439833
NTUN,141479833,1887.47607421875,0.0,0.0,48.69,0.0,0.0,-16.50604820251465,39.9053828,116.4073982,119.98,0.0,13.0,141.479833
NTUN,141519833,1887.47607421875,0.0,0.0,48.72,0.0,0.0,-16.50604820251465,39.9053828,116.4073982,119.98,0.0,13.0,141.519833
NTUN,141559833,1887.47607421875,0.0,0.0,48.74,0.0,0.0,-16.50604820251465,39.9053828,116.4073982,119.98,0.0,13.0,141.559833
NTUN,141599833,1889.1334228515625,0.0,0.0,48.76,0.0,0.0,-16.509624481201172,39.9053828,116.4073982,119.98,0.0,13.0,141.599833
NTUN,141639833,1889.1334228515625,0.0,0.0,48.79,0.0,0.0,-16.509624481201172,39.9053828,116.4073982,119.98,0.0,13.0,141.639833
NTUN,141679833,1890.784912109375,0.0,0.0,48.81,0.0,0.0,-16.515914916992188,39.9053828,116.4073982,119.98,0.0,13.0,141.679833
NTUN,141719833,1890.784912109375,0.0,0.0,48.84,0.0,0.0,-16.515914916992188,39.9053828,116.4073982,119.98,0.0,13.0,141.719833
NTUN,141759833,1890.784912109375,0.0,0.0,48.86,0.0,0.0,-16.515914916992188,39.9053828,116.4073982,119.98,0.0,13.0,141.759833
NTUN,141799833,1892.4444580078125,0.0,0.0,48.88,0.0,0.0,-16.52222442626953,39.9053828,116.4073982,119.98,0.0,13.0,141.799833
NTUN,141839833,1892.4444580078125,0.0,0.0,48.91,0.0,0.0,-16.52222442626953,39.9053828,116.4073982,119.98,0.0,13.0,141.839833
NTUN,141879833,1894.09228515625,0.0,0.0,48.93,0.0,0.0,-16.52922821044922,39.9053828,116.4073982,119.98,0.0,13.0,141.879833
NTUN,141919833,1894.09228515625,0.0,0.0,48.96,0.0,0.0,-16.52922821044922,39.9053828,116.4073982,119.98,0.0,13.0,141.919833
NTUN,141959833,1894.09228515625,0.0,0.0,48.98,0.0,0.0,-16.52922821044922,39.9053828,116.4073982,119.98,0.0,13.0,141.959833
NTUN,141999833,1895.7484130859375,0.0,0.0,49.0,0.0,0.0,-16.534095764160156,39.9053828,116.4073982,119.98,0.0,13.0,141.999833
NTUN,142039833,1895.7484130859375,0.0,0.0,49.02,0.0,0.0,-16.534095764160156,39.9053828,116.4073982,119.98,0.0,13.0,142.039833
NTUN,142079833,1897.412353515625,0.0,0.0,49.05,0.0,0.0,-16.538997650146484,39.9053828,116.4073982,119.98,0.0,13.0,142.079833
NTUN,142119833,1897.412353515625,0.0,0.0,49.07,0.0,0.0,-16.538997650146484,39.9053828,116.4073982,119.98,0.0,13.0,142.119833
NTUN,142159833,1897.412353515625,0.0,0.0,49.09,0.0,0.0,-16.538997650146484,39.9053828,116.4073982,119.98,0.0,13.0,142.159833
NTUN,142199833,1899.0648193359375,0.0,0.0,49.11,0.0,0.0,-16.546194076538086,39.9053828,116.4073982,119.98,0.0,13.0,142.199833
NTUN,142239833,1899.0648193359375,0.0,0.0,49.13,0.0,0.0,-16.546194076538086,39.9053828,116.4073982,119.98,0.0,13.0,142.239833
NTUN,142279833,1900.7252197265625,0.0,0.0,49.15,0.0,0.0,-16.54964256286621,39.9053828,116.4073982,119.98,0.0,13.0,142.279833
NTUN,142319833,1900.7252197265625,0.0,0.0,49.17,0.0,0.0,-16.54964256286621,39.9053828,116.4073982,119.98,0.0,13.0,142.319833
NTUN,142359833,1900.7252197265625,0.0,0.0,49.19,0.0,0.0,-16.54964256286621,39.9053828,116.4073982,119.98,0.0,13.0,142.359833
NTUN,142399833,1902.3798828125,0.0,0.0,49.21,0.0,0.0,-16.55335235595703,39.9053828,116.4073982,119.98,0.0,13.0,142.399833
NTUN,142439833,1902.3798828125,0.0,0.0,49.23,0.0,0.0,-16.55335235595703,39.9053828,116.4073982,119.98,0.0,13.0,142.439833
NTUN,142479833,1904.0345458984375,0.0,0.0,49.25,0.0,0.0,-16.55710792541504,39.9053828,116.4073982,119.98,0.0,13.0,142.479833
NTUN,142519833,1904.0345458984375,0.0,0.0,49.27,0.0,0.0,-16.55710792541504,39.9053828,116.4073982,119.98,0.0,13.0,142.519833
NTUN,142559833,1904.0345458984375,0.0,0.0,49.28,0.0,0.0,-16.55710792541504,39.9053828,116.4073982,119.98,0.0,13.0,142.559833
NTUN,142599833,1905.6915283203125,0.0,0.0,49.3,0.0,0.0,-16.557043075561523,39.9053828,116.4073982,119.98,0.0,13.0,142.599833
NTUN,142639833,1905.6915283203125,0.0,0.0,49.32,0.0,0.0,-16.557043075561523,39.9053828,116.4073982,119.98,0.0,13.0,142.639833
NTUN,142679833,1907.3460693359375,0.0,0.0,49.34,0.0,0.0,-16.555631637573242,39.9053828,116.4073982,119.98,0.0,13.0,142.679833
NTUN,142719833,1907.3460693359375,0.0,0.0,49.36,0.0,0.0,-16.555631637573242,39.9053828,116.4073982,119.98,0.0,13.0,142.719833
NTUN,142759833,1907.3460693359375,0.0,0.0,49.38,0.0,0.0,-16.555631637573242,39.9053828,116.4073982,119.98,0.0,13.0,142.759833
NTUN,142799833,1909.0030517578125,0.0,0.0,49.39,0.0,0.0,-16.554668426513672,39.9053828,116.4073982,119.98,0.0,13.0,142.799833
NTUN,142839833,1909.0030517578125,0.0,0.0,49.41,0.0,0.0,-16.554668426513672,39.9053828,116.4073982,119.98,0.0,13.0,142.839833
NTUN,142879833,1910.65185546875,0.0,0.0,49.43,0.0,0.0,-16.55228614807129,39.9053828,116.4073982,119.98,0.0,13.0,142.879833
NTUN,142919833,1910.65185546875,0.0,0.0,49.45,0.0,0.0,-16.55228614807129,39.9053828,116.4073982,119.98,0.0,13.0,142.919833
NTUN,142959833,1910.65185546875,0.0,0.0,49.46,0.0,0.0,-16.55228614807129,39.9053828,116.4073982,119.98,0.0,13.0,142.959833
NTUN,142999833,1912.308837890625,0.0,0.0,49.49,0.0,0.0,-16.55181121826172,39.9053828,116.4073982,119.98,0.0,13.0,142.999833
NTUN,143039833,1912.308837890625,0.0,0.0,49.51,0.0,0.0,-16.55181121826172,39.9053828,116.4073982,119.98,0.0,13.0,143.039833
NTUN,143079833,1913.9715576171875,0.0,0.0,49.53,0.0,0.0,-16.549055099487305,39.9053828,116.4073982,119.98,0.0,13.0,143.079833
NTUN,143119833,1913.9715576171875,0.0,0.0,49.55,0.0,0.0,-16.549055099487305,39.9053828,116.4073982,119.98,0.0,13.0,143.119833
NTUN,143159833,1913.9715576171875,0.0,0.0,49.57,0.0,0.0,-16.549055099487305,39.9053828,116.4073982,119.98,0.0,13.0,143.159833
NTUN,143199833,1915.620361328125,0.0,0.0,49.59,0.0,0.0,-16.543697357177734,39.9053828,116.4073982,119.98,0.0,13.0,143.199833
NTUN,143239833,1915.620361328125,0.0,0.0,49.6,0.0,0.0,-16.543697357177734,39.9053828,116.4073982,119.98,0.0,13.0,143.239833
NTUN,143279833,1917.27734375,0.0,0.0,49.62,0.0,0.0,-16.538604736328125,39.9053828,116.4073982,119.98,0.0,13.0,143.279833
NTUN,143319833,1917.27734375,0.0,0.0,49.65,0.0,0.0,-16.538604736328125,39.9053828,116.4073982,119.98,0.0,13.0,143.319833
NTUN,143359833,1917.27734375,0.0,0.0,49.67,0.0,0.0,-16.538604736328125,39.9053828,116.4073982,119.98,0.0,13.0,143.359833
NTUN,143399833,1918.926025390625,0.0,0.0,49.69,0.0,0.0,-16.533157348632812,39.9053828,116.4073982,119.98,0.0,13.0,143.399833
NTUN,143439833,1918.926025390625,0.0,0.0,49.71,0.0,0.0,-16.533157348632812,39.9053828,116.4073982,119.98,0.0,13.0,143.439833
NTUN,143479833,1920.586669921875,0.0,0.0,49.74,0.0,0.0,-16.529897689819336,39.9053828,116.4073982,119.98,0.0,13.0,143.479833
NTUN,143519833,1920.586669921875,0.0,0.0,49.76,0.0,0.0,-16.529897689819336,39.9053828,116.4073982,119.98,0.0,13.0,143.519833
NTUN,143559833,1920.586669921875,0.0,0.0,49.78,0.0,0.0,-16.529897689819336,39.9053828,116.4073982,119.98,0.0,13.0,143.559833
NTUN,143599833,1922.239013671875,0.0,0.0,49.81,0.0,0.0,-16.531734466552734,39.9053828,116.4073982,119.98,0.0,13.0,143.599833
NTUN,143639833,1922.239013671875,0.0,0.0,49.83,0.0,0.0,-16.531734466552734,39.9053828,116.4073982,119.98,0.0,13.0,143.639833
NTUN,143679833,1923.88916015625,0.0,0.0,49.85,0.0,0.0,-16.533939361572266,39.9053828,116.4073982,119.98,0.0,13.0,143.679833
NTUN,143719833,1923.88916015625,0.0,0.0,49.87,0.0,0.0,-16.533939361572266,39.9053828,116.4073982,119.98,0.0,13.0,143.719833
NTUN,143759833,1923.88916015625,0.0,0.0,49.89,0.0,0.0,-16.533939361572266,39.9053828,116.4073982,119.98,0.0,13.0,143.759833
NTUN,143799833,1925.545166015625,0.0,0.0,49.91,0.0,0.0,-16.535377502441406,39.9053828,116.4073982,119.98,0.0,13.0,143.799833
NTUN,143839833,1925.545166015625,0.0,0.0,49.93,0.0,0.0,-16.535377502441406,39.9053828,116.4073982,119.98,0.0,13.0,143.839833
NTUN,143879833,1927.20703125,0.0,0.0,49.96,0.0,0.0,-16.537391662597656,39.9053828,116.4073982,119.98,0.0,13.0,143.879833
NTUN,143919833,1927.20703125,0.0,0.0,49.98,0.0,0.0,-16.537391662597656,39.9053828,116.4073982,119.98,0.0,13.0,143.919833
NTUN,143959833,1927.20703125,0.0,0.0,50.0,0.0,0.0,-16.537391662597656,39.9053828,116.4073982,119.98,0.0,13.0,143.959833
NTUN,143999833,1928.8583984375,0.0,0.0,50.02,0.0,0.0,-16.539079666137695,39.9053828,116.4073982,119.98,0.0,13.0,143.999833
NTUN,144039833,1928.8583984375,0.0,0.0,50.04,0.0,0.0,-16.539079666137695,39.9053828,116.4073982,119.98,0.0,13.0,144.039833
NTUN,144079833,1930.509765625,0.0,0.0,50.06,0.0,0.0,-16.539438247680664,39.9053828,116.4073982,119.98,0.0,13.0,144.079833
NTUN,144119833,1930.509765625,0.0,0.0,50.09,0.0,0.0,-16.539438247680664,39.9053828,116.4073982,119.98,0.0,13.0,144.119833
NTUN,144159833,1930.509765625,0.0,0.0,50.11,0.0,0.0,-16.539438247680664,39.9053828,116.4073982,119.98,0.0,13.0,144.159833
NTUN,144199833,1932.1729736328125,0.0,0.0,50.13,0.0,0.0,-16.54302978515625,39.9053828,116.4073982,119.98,0.0,13.0,144.199833
NTUN,144239833,1932.1729736328125,0.0,0.0,50.16,0.0,0.0,-16.54302978515625,39.9053828,116.4073982,119.98,0.0,13.0,144.239833
NTUN,144279833,1933.82568359375,0.0,0.0,50.18,0.0,0.0,-16.5478458404541,39.9053828,116.4073982,119.98,0.0,13.0,144.279833
NTUN,144319833,1933.82568359375,0.0,0.0,50.2,0.0,0.0,-16.5478458404541,39.9053828,116.4073982,119.98,0.0,13.0,144.319833
NTUN,144359833,1933.82568359375,0.0,0.0,50.22,0.0,0.0,-16.5478458404541,39.9053828,116.4073982,119.98,0.0,13.0,144.359833
NTUN,144399833,1935.478515625,0.0,0.0,50.24,0.0,0.0,-16.553709030151367,39.9053828,116.4073982,119.98,0.0,13.0,144.399833
NTUN,144439833,1935.478515625,0.0,0.0,50.26,0.0,0.0,-16.553709030151367,39.9053828,116.4073982,119.98,0.0,13.0,144.439833
NTUN,144479833,1937.1348876953125,0.0,0.0,50.28,0.0,0.0,-16.558115005493164,39.9053828,116.4073982,119.98,0.0,13.0,144.479833
NTUN,144519833,1937.1348876953125,0.0,0.0,50.3,0.0,0.0,-16.558115005493164,39.9053828,116.4073982,119.98,0.0,13.0,144.519833
NTUN,144559833,1937.1348876953125,0.0,0.0,50.32,0.0,0.0,-16.558115005493164,39.9053828,116.4073982,119.98,0.0,13.0,144.559833
NTUN,144599833,1938.7890625,0.0,0.0,50.34,0.0,0.0,-16.563873291015625,39.9053828,116.4073982,119.98,0.0,13.0,144.599833
NTUN,144639833,1938.7890625,0.0,0.0,50.36,0.0,0.0,-16.563873291015625,39.9053828,116.4073982,119.98,0.0,13.0,144.639833
NTUN,144679833,1940.44091796875,0.0,0.0,50.38,0.0,0.0,-16.567203521728516,39.9053828,116.4073982,119.98,0.0,13.0,144.679833
NTUN,144719833,1940.44091796875,0.0,0.0,50.4,0.0,0.0,-16.567203521728516,39.9053828,116.4073982,119.98,0.0,13.0,144.719833
NTUN,144759833,1940.44091796875,0.0,0.0,50.42,0.0,0.0,-16.567203521728516,39.9053828,116.4073982,119.98,0.0,13.0,144.759833
NTUN,144799833,1942.0986328125,0.0,0.0,50.44,0.0,0.0,-16.571603775024414,39.9053828,116.4073982,119.98,0.0,13.0,144.799833
NTUN,144839833,1942.0986328125,0.0,0.0,50.46,0.0,0.0,-16.571603775024414,39.9053828,116.4073982,119.98,0.0,13.0,144.839833
NTUN,144879833,1943.75634765625,0.0,0.0,50.48,0.0,0.0,-16.574100494384766,39.9053828,116.4073982,119.98,0.0,13.0,144.879833
NTUN,144919833,1943.75634765625,0.0,0.0,50.49,0.0,0.0,-16.574100494384766,39.9053828,116.4073982,119.98,0.0,13.0,144.919833
NTUN,144959833,1943.75634765625,0.0,0.0,50.52,0.0,0.0,-16.574100494384766,39.9053828,116.4073982,119.98,0.0,13.0,144.959833
NTUN,144999833,1945.4117431640625,0.0,0.0,50.54,0.0,0.0,-16.576101303100586,39.9053828,116.4073982,119.98,0.0,13.0,144.999833
NTUN,145039833,1945.4117431640625,0.0,0.0,50.56,0.0,0.0,-16.576101303100586,39.9053828,116.4073982,119.98,0.0,13.0,145.039833
NTUN,145079833,1947.05908203125,0.0,0.0,50.58,0.0,0.0,-16.577835083007812,39.9053828,116.4073982,119.98,0.0,13.0,145.079833
NTUN,145119833,1947.05908203125,0.0,0.0,50.6,0.0,0.0,-16.577835083007812,39.9053828,116.4073982,119.98,0.0,13.0,145.119833
NTUN,145159833,1947.05908203125,0.0,0.0,50.62,0.0,0.0,-16.577835083007812,39.9053828,116.4073982,119.98,0.0,13.0,145.159833
NTUN,145199833,1948.7122802734375,0.0,0.0,50.64,0.0,0.0,-16.577760696411133,39.9053828,116.4073982,119.98,0.0,13.0,145.199833
NTUN,145239833,1948.7122802734375,0.0,0.0,50.66,0.0,0.0,-16.577760696411133,39.9053828,116.4073982,119.98,0.0,13.0,145.239833
NTUN,145279833,1950.36328125,0.0,0.0,50.68,0.0,0.0,-16.578853607177734,39.9053828,116.4073982,119.98,0.0,13.0,145.279833
NTUN,145319833,1950.36328125,0.0,0.0,50.7,0.0,0.0,-16.578853607177734,39.9053828,116.4073982,119.98,0.0,13.0,145.319833
NTUN,145359833,1950.36328125,0.0,0.0,50.72,0.0,0.0,-16.578853607177734,39.9053828,116.4073982,119.98,0.0,13.0,145.359833
NTUN,145399833,1952.0164794921875,0.0,0.0,50.73,0.0,0.0,-16.58057403564453,39.9053828,116.4073982,119.98,0.0,13.0,145.399833
NTUN,145439833,1952.0164794921875,0.0,0.0,50.75,0.0,0.0,-16.58057403564453,39.9053828,116.4073982,119.98,0.0,13.0,145.439833
NTUN,145479833,1953.6593017578125,0.0,0.0,50.77,0.0,0.0,-16.579864501953125,39.9053828,116.4073982,119.98,0.0,13.0,145.479833
NTUN,145519833,1953.6593017578125,0.0,0.0,50.79,0.0,0.0,-16.579864501953125,39.9053828,116.4073982,119.98,0.0,13.0,145.519833
NTUN,145559833,1953.6593017578125,0.0,0.0,50.81,0.0,0.0,-16.579864501953125,39.9053828,116.4073982,119.98,0.0,13.0,145.559833
NTUN,145599833,1955.3184814453125,0.0,0.0,50.82,0.0,0.0,-16.57976531982422,39.9053828,116.4073982,119.98,0.0,13.0,145.599833
NTUN,145639833,1955.3184814453125,0.0,0.0,50.84,0.0,0.0,-16.57976531982422,39.9053828,116.4073982,119.98,0.0,13.0,145.639833
NTUN,145679833,1956.969482421875,0.0,0.0,50.86,0.0,0.0,-16.5810489654541,39.9053828,116.4073982,119.98,0.0,13.0,145.679833
NTUN,145719833,1956.969482421875,0.0,0.0,50.88,0.0,0.0,-16.5810489654541,39.9053828,116.4073982,119.98,0.0,13.0,145.719833
NTUN,145759833,1956.969482421875,0.0,0.0,50.9,0.0,0.0,-16.5810489654541,39.9053828,116.4073982,119.98,0.0,13.0,145.759833
NTUN,145799833,1958.6204833984375,0.0,0.0,50.92,0.0,0.0,-16.58202362060547,39.9053828,116.4073982,119.98,0.0,13.0,145.799833
NTUN,145839833,1958.6204833984375,0.0,0.0,50.94,0.0,0.0,-16.58202362060547,39.9053828,116.4073982,119.98,0.0,13.0,145.839833
NTUN,145879833,1960.2716064453125,0.0,0.0,50.96,0.0,0.0,-16.582191467285156,39.9053828,116.4073982,119.98,0.0,13.0,145.879833
NTUN,145919833,1960.2716064453125,0.0,0.0,50.98,0.0,0.0,-16.582191467285156,39.9053828,116.4073982,119.98,0.0,13.0,145.919833
NTUN,145959833,1960.2716064453125,0.0,0.0,51.01,0.0,0.0,-16.582191467285156,39.9053828,116.4073982,119.98,0.0,13.0,145.959833
NTUN,145999833,1961.9306640625,0.0,0.0,51.03,0.0,0.0,-16.581405639648438,39.9053828,116.4073982,119.98,0.0,13.0,145.999833
NTUN,146039833,1961.9306640625,0.0,0.0,51.05,0.0,0.0,-16.581405639648438,39.9053828,116.4073982,119.98,0.0,13.0,146.039833
NTUN,146079833,1963.575927734375,0.0,0.0,51.07,0.0,0.0,-16.582258224487305,39.9053828,116.4073982,119.98,0.0,13.0,146.079833
NTUN,146119833,1963.575927734375,0.0,0.0,51.1,0.0,0.0,-16.582258224487305,39.9053828,116.4073982,119.98,0.0,13.0,146.119833
NTUN,146159833,1963.575927734375,0.0,0.0,51.12,0.0,0.0,-16.582258224487305,39.9053828,116.4073982,119.98,0.0,13.0,146.159833
NTUN,146199833,1965.2349853515625,0.0,0.0,51.15,0.0,0.0,-16.581600189208984,39.9053828,116.4073982,119.98,0.0,13.0,146.199833
NTUN,146239833,1965.2349853515625,0.0,0.0,51.17,0.0,0.0,-16.581600189208984,39.9053828,116.4073982,119.98,0.0,13.0,146.239833
NTUN,146279833,1966.896484375,0.0,0.0,51.19,0.0,0.0,-16.58251953125,39.9053828,116.4073982,119.98,0.0,13.0,146.279833
NTUN,146319833,1966.896484375,0.0,0.0,51.22,0.0,0.0,-16.58251953125,39.9053828,116.4073982,119.98,0.0,13.0,146.319833
NTUN,146359833,1966.896484375,0.0,0.0,51.24,0.0,0.0,-16.58251953125,39.9053828,116.4073982,119.98,0.0,13.0,146.359833
NTUN,146399833,1968.552001953125,0.0,0.0,51.27,0.0,0.0,-16.586078643798828,39.9053828,116.4073982,119.98,0.0,13.0,146.399833
NTUN,146439833,1968.552001953125,0.0,0.0,51.29,0.0,0.0,-16.586078643798828,39.9053828,116.4073982,119.98,0.0,13.0,146.439833
NTUN,146479833,1970.20751953125,0.0,0.0,51.31,0.0,0.0,-16.591115951538086,39.9053828,116.4073982,119.98,0.0,13.0,146.479833
NTUN,146519833,1970.20751953125,0.0,0.0,51.34,0.0,0.0,-16.591115951538086,39.9053828,116.4073982,119.98,0.0,13.0,146.519833
NTUN,146559833,1970.20751953125,0.0,0.0,51.36,0.0,0.0,-16.591115951538086,39.9053828,116.4073982,119.98,0.0,13.0,146.559833
NTUN,146599833,1971.865478515625,0.0,0.0,51.39,0.0,0.0,-16.59526252746582,39.9053828,116.4073982,119.98,0.0,13.0,146.599833
NTUN,146639833,1971.865478515625,0.0,0.0,51.41,0.0,0.0,-16.59526252746582,39.9053828,116.4073982,119.98,0.0,13.0,146.639833
NTUN,146679833,1973.5255126953125,0.0,0.0,51.44,0.0,0.0,-16.60005760192871,39.9053828,116.4073982,119.98,0.0,13.0,146.679833
NTUN,146719833,1973.5255126953125,0.0,0.0,51.46,0.0,0.0,-16.60005760192871,39.9053828,116.4073982,119.98,0.0,13.0,146.719833
NTUN,146759833,1973.5255126953125,0.0,0.0,51.49,0.0,0.0,-16.60005760192871,39.9053828,116.4073982,119.98,0.0,13.0,146.759833
NTUN,146799833,1975.1878662109375,0.0,0.0,51.51,0.0,0.0,-16.606603622436523,39.9053828,116.4073982,119.98,0.0,13.0,146.799833
NTUN,146839833,1975.1878662109375,0.0,0.0,51.53,0.0,0.0,-16.606603622436523,39.9053828,116.4073982,119.98,0.0,13.0,146.839833
NTUN,146879833,1976.84423828125,0.0,0.0,51.56,0.0,0.0,-16.612876892089844,39.9053828,116.4073982,119.98,0.0,13.0,146.879833
NTUN,146919833,1976.84423828125,0.0,0.0,51.58,0.0,0.0,-16.612876892089844,39.9053828,116.4073982,119.98,0.0,13.0,146.919833
NTUN,146959833,1976.84423828125,0.0,0.0,51.61,0.0,0.0,-16.612876892089844,39.9053828,116.4073982,119.98,0.0,13.0,146.959833
NTUN,146999833,1978.5029296875,0.0,0.0,51.63,0.0,0.0,-16.620250701904297,39.9053828,116.4073982,119.98,0.0,13.0,146.999833
NTUN,147039833,1978.5029296875,0.0,0.0,51.65,0.0,0.0,-16.620250701904297,39.9053828,116.4073982,119.98,0.0,13.0,147.039833
NTUN,147079833,1980.1778564453125,0.0,0.0,51.68,0.0,0.0,-16.629167556762695,39.9053828,116.4073982,119.98,0.0,13.0,147.079833
NTUN,147119833,1980.1778564453125,0.0,0.0,51.7,0.0,0.0,-16.629167556762695,39.9053828,116.4073982,119.98,0.0,13.0,147.119833
NTUN,147159833,1980.1778564453125,0.0,0.0,51.73,0.0,0.0,-16.629167556762695,39.9053828,116.4073982,119.98,0.0,13.0,147.159833
NTUN,147199833,1981.841064453125,0.0,0.0,51.76,0.0,0.0,-16.638023376464844,39.9053828,116.4073982,119.98,0.0,13.0,147.199833
NTUN,147239833,1981.841064453125,0.0,0.0,51.78,0.0,0.0,-16.638023376464844,39.9053828,116.4073982,119.98,0.0,13.0,147.239833
NTUN,147279833,1983.4984130859375,0.0,0.0,51.81,0.0,0.0,-16.645967483520508,39.9053828,116.4073982,119.98,0.0,13.0,147.279833
NTUN,147319833,1983.4984130859375,0.0,0.0,51.83,0.0,0.0,-16.645967483520508,39.9053828,116.4073982,119.98,0.0,13.0,147.319833
NTUN,147359833,1983.4984130859375,0.0,0.0,51.86,0.0,0.0,-16.645967483520508,39.9053828,116.4073982,119.98,0.0,13.0,147.359833
NTUN,147399833,1985.1661376953125,0.0,0.0,51.88,0.0,0.0,-16.65279769897461,39.9053828,116.4073982,119.98,0.0,13.0,147.399833
NTUN,147439833,1985.1661376953125,0.0,0.0,51.91,0.0,0.0,-16.65279769897461,39.9053828,116.4073982,119.98,0.0,13.0,147.439833
NTUN,147479833,1986.833740234375,0.0,0.0,51.93,0.0,0.0,-16.66051483154297,39.9053828,116.4073982,119.98,0.0,13.0,147.479833
NTUN,147519833,1986.833740234375,0.0,0.0,51.96,0.0,0.0,-16.66051483154297,39.9053828,116.4073982,119.98,0.0,13.0,147.519833
NTUN,147559833,1986.833740234375,0.0,0.0,51.98,0.0,0.0,-16.66051483154297,39.9053828,116.4073982,119.98,0.0,13.0,147.559833
NTUN,147599833,1988.497802734375,0.0,0.0,52.0,0.0,0.0,-16.666675567626953,39.9053828,116.4073982,119.98,0.0,13.0,147.599833
NTUN,147639833,1988.497802734375,0.0,0.0,52.03,0.0,0.0,-16.666675567626953,39.9053828,116.4073982,119.98,0.0,13.0,147.639833
NTUN,147679833,1990.161865234375,0.0,0.0,52.05,0.0,0.0,-16.67485237121582,39.9053828,116.4073982,119.98,0.0,13.0,147.679833
NTUN,147719833,1990.161865234375,0.0,0.0,52.07,0.0,0.0,-16.67485237121582,39.9053828,116.4073982,119.98,0.0,13.0,147.719833
NTUN,147759833,1990.161865234375,0.0,0.0,52.1,0.0,0.0,-16.67485237121582,39.9053828,116.4073982,119.98,0.0,13.0,147.759833
NTUN,147799833,1991.8363037109375,0.0,0.0,52.12,0.0,0.0,-16.680021286010742,39.9053828,116.4073982,119.98,0.0,13.0,147.799833
NTUN,147839833,1991.8363037109375,0.0,0.0,52.14,0.0,0.0,-16.680021286010742,39.9053828,116.4073982,119.98,0.0,13.0,147.839833
NTUN,147879833,1993.5048828125,0.0,0.0,52.17,0.0,0.0,-16.686372756958008,39.9053828,116.4073982,119.98,0.0,13.0,147.879833
NTUN,147919833,1993.5048828125,0.0,0.0,52.19,0.0,0.0,-16.686372756958008,39.9053828,116.4073982,119.98,0.0,13.0,147.919833
NTUN,147959833,1993.5048828125,0.0,0.0,52.21,0.0,0.0,-16.686372756958008,39.9053828,116.4073982,119.98,0.0,13.0,147.959833
NTUN,147999833,1995.16748046875,0.0,0.0,52.23,0.0,0.0,-16.691404342651367,39.9053828,116.4073982,119.98,0.0,13.0,147.999833
NTUN,148039833,1995.16748046875,0.0,0.0,52.25,0.0,0.0,-16.691404342651367,39.9053828,116.4073982,119.98,0.0,13.0,148.039833
NTUN,148079833,1996.8323974609375,0.0,0.0,52.27,0.0,0.0,-16.69463539123535,39.9053828,116.4073982,119.98,0.0,13.0,148.079833
NTUN,148119833,1996.8323974609375,0.0,0.0,52.29,0.0,0.0,-16.69463539123535,39.9053828,116.4073982,119.98,0.0,13.0,148.119833
NTUN,148159833,1996.8323974609375,0.0,0.0,52.31,0.0,0.0,-16.69463539123535,39.9053828,116.4073982,119.98,0.0,13.0,148.159833
NTUN,148199833,1998.4974365234375,0.0,0.0,52.33,0.0,0.0,-16.69756507873535,39.9053828,116.4073982,119.98,0.0,13.0,148.199833
NTUN,148239833,1998.4974365234375,0.0,0.0,52.35,0.0,0.0,-16.69756507873535,39.9053828,116.4073982,119.98,0.0,13.0,148.239833
NTUN,148279833,2000.16455078125,0.0,0.0,52.37,0.0,0.0,-16.700651168823242,39.9053828,116.4073982,119.98,0.0,13.0,148.279833
NTUN,148319833,2000.16455078125,0.0,0.0,52.39,0.0,0.0,-16.700651168823242,39.9053828,116.4073982,119.98,0.0,13.0,148.319833
NTUN,148359833,2000.16455078125,0.0,0.0,52.41,0.0,0.0,-16.700651168823242,39.9053828,116.4073982,119.98,0.0,13.0,148.359833
NTUN,148399833,2001.8316650390625,0.0,0.0,52.43,0.0,0.0,-16.703075408935547,39.9053828,116.4073982,119.98,0.0,13.0,148.399833
NTUN,148439833,2001.8316650390625,0.0,0.0,52.44,0.0,0.0,-16.703075408935547,39.9053828,116.4073982,119.98,0.0,13.0,148.439833
NTUN,148479833,2003.4989013671875,0.0,0.0,52.46,0.0,0.0,-16.703004837036133,39.9053828,116.4073982,119.98,0.0,13.0,148.479833
NTUN,148519833,2003.4989013671875,0.0,0.0,52.48,0.0,0.0,-16.703004837036133,39.9053828,116.4073982,119.98,0.0,13.0,148.519833
NTUN,148559833,2003.4989013671875,0.0,0.0,52.5,0.0,0.0,-16.703004837036133,39.9053828,116.4073982,119.98,0.0,13.0,148.559833
NTUN,148599833,2005.1602783203125,0.0,0.0,52.52,0.0,0.0,-16.70439338684082,39.9053828,116.4073982,119.98,0.0,13.0,148.599833
NTUN,148639833,2005.1602783203125,0.0,0.0,52.54,0.0,0.0,-16.70439338684082,39.9053828,116.4073982,119.98,0.0,13.0,148.639833
NTUN,148679833,2006.827392578125,0.0,0.0,52.56,0.0,0.0,-16.70563316345215,39.9053828,116.4073982,119.98,0.0,13.0,148.679833
NTUN,148719833,2006.827392578125,0.0,0.0,52.58,0.0,0.0,-16.70563316345215,39.9053828,116.4073982,119.98,0.0,13.0,148.719833
NTUN,148759833,2006.827392578125,0.0,0.0,52.6,0.0,0.0,-16.70563316345215,39.9053828,116.4073982,119.98,0.0,13.0,148.759833
NTUN,148799833,2008.502685546875,0.0,0.0,52.62,0.0,0.0,-16.706693649291992,39.9053828,116.4073982,119.98,0.0,13.0,148.799833
NTUN,148839833,2008.502685546875,0.0,0.0,52.64,0.0,0.0,-16.706693649291992,39.9053828,116.4073982,119.98,0.0,13.0,148.839833
NTUN,148879833,2010.1640625,0.0,0.0,52.66,0.0,0.0,-16.70684814453125,39.9053828,116.4073982,119.98,0.0,13.0,148.879833
NTUN,148919833,2010.1640625,0.0,0.0,52.68,0.0,0.0,-16.70684814453125,39.9053828,116.4073982,119.98,0.0,13.0,148.919833
NTUN,148959833,2010.1640625,0.0,0.0,52.71,0.0,0.0,-16.70684814453125,39.9053828,116.4073982,119.98,0.0,13.0,148.959833
NTUN,148999833,2011.831298828125,0.0,0.0,52.73,0.0,0.0,-16.708913803100586,39.9053828,116.4073982,119.98,0.0,13.0,148.999833
NTUN,149039833,2011.831298828125,0.0,0.0,52.75,0.0,0.0,-16.708913803100586,39.9053828,116.4073982,119.98,0.0,13.0,149.039833
NTUN,149079833,2013.506591796875,0.0,0.0,52.78,0.0,0.0,-16.708227157592773,39.9053828,116.4073982,119.98,0.0,13.0,149.079833
NTUN,149119833,2013.506591796875,0.0,0.0,52.8,0.0,0.0,-16.708227157592773,39.9053828,116.4073982,119.98,0.0,13.0,149.119833
NTUN,149159833,2013.506591796875,0.0,0.0,52.82,0.0,0.0,-16.708227157592773,39.9053828,116.4073982,119.98,0.0,13.0,149.159833
NTUN,149199833,2015.1737060546875,0.0,0.0,52.84,0.0,0.0,-16.71114730834961,39.9053828,116.4073982,119.98,0.0,13.0,149.199833
NTUN,149239833,2015.1737060546875,0.0,0.0,52.87,0.0,0.0,-16.71114730834961,39.9053828,116.4073982,119.98,0.0,13.0,149.239833
NTUN,149279833,2016.8468017578125,0.0,0.0,52.89,0.0,0.0,-16.713359832763672,39.9053828,116.4073982,119.98,0.0,13.0,149.279833
NTUN,149319833,2016.8468017578125,0.0,0.0,52.91,0.0,0.0,-16.713359832763672,39.9053828,116.4073982,119.98,0.0,13.0,149.319833
NTUN,149359833,2016.8468017578125,0.0,0.0,52.94,0.0,0.0,-16.713359832763672,39.9053828,116.4073982,119.98,0.0,13.0,149.359833
NTUN,149399833,2018.5257568359375,0.0,0.0,52.96,0.0,0.0,-16.71826171875,39.9053828,116.4073982,119.98,0.0,13.0,149.399833
NTUN,149439833,2018.5257568359375,0.0,0.0,52.98,0.0,0.0,-16.71826171875,39.9053828,116.4073982,119.98,0.0,13.0,149.439833
NTUN,149479833,2020.196533203125,0.0,0.0,53.0,0.0,0.0,-16.720754623413086,39.9053828,116.4073982,119.98,0.0,13.0,149.479833
NTUN,149519833,2020.196533203125,0.0,0.0,53.03,0.0,0.0,-16.720754623413086,39.9053828,116.4073982,119.98,0.0,13.0,149.519833
NTUN,149559833,2020.196533203125,0.0,0.0,53.05,0.0,0.0,-16.720754623413086,39.9053828,116.4073982,119.98,0.0,13.0,149.559833
NTUN,149599833,2021.8651123046875,0.0,0.0,53.07,0.0,0.0,-16.725013732910156,39.9053828,116.4073982,119.98,0.0,13.0,149.599833
NTUN,149639833,2021.8651123046875,0.0,0.0,53.09,0.0,0.0,-16.725013732910156,39.9053828,116.4073982,119.98,0.0,13.0,149.639833
NTUN,149679833,2023.53955078125,0.0,0.0,53.11,0.0,0.0,-16.73072624206543,39.9053828,116.4073982,119.98,0.0,13.0,149.679833
NTUN,149719833,2023.53955078125,0.0,0.0,53.14,0.0,0.0,-16.73072624206543,39.9053828,116.4073982,119.98,0.0,13.0,149.719833
NTUN,149759833,2023.53955078125,0.0,0.0,53.16,0.0,0.0,-16.73072624206543,39.9053828,116.4073982,119.98,0.0,13.0,149.759833
NTUN,149799833,2025.211669921875,0.0,0.0,53.18,0.0,0.0,-16.73436164855957,39.9053828,116.4073982,119.98,0.0,13.0,149.799833
NTUN,149839833,2025.211669921875,0.0,0.0,53.2,0.0,0.0,-16.73436164855957,39.9053828,116.4073982,119.98,0.0,13.0,149.839833
NTUN,149879833,2026.8817138671875,0.0,0.0,53.22,0.0,0.0,-16.73777198791504,39.9053828,116.4073982,119.98,0.0,13.0,149.879833
NTUN,149919833,2026.8817138671875,0.0,0.0,53.24,0.0,0.0,-16.73777198791504,39.9053828,116.4073982,119.98,0.0,13.0,149.919833
NTUN,149959833,2026.8817138671875,0.0,0.0,53.26,0.0,0.0,-16.73777198791504,39.9053828,116.4073982,119.98,0.0,13.0,149.959833
NTUN,149999833,2028.557373046875,0.0,0.0,53.29,0.0,0.0,-16.74324607849121,39.9053828,116.4073982,119.98,0.0,13.0,149.999833
NTUN,150039833,2028.557373046875,0.0,0.0,53.31,0.0,0.0,-16.74324607849121,39.9053828,116.4073982,119.98,0.0,13.0,150.039833
NTUN,150079833,2030.23095703125,0.0,0.0,53.33,0.0,0.0,-16.746702194213867,39.9053828,116.4073982,119.98,0.0,13.0,150.079833
NTUN,150119833,2030.23095703125,0.0,0.0,53.35,0.0,0.0,-16.746702194213867,39.9053828,116.4073982,119.98,0.0,13.0,150.119833
NTUN,150159833,2030.23095703125,0.0,0.0,53.37,0.0,0.0,-16.746702194213867,39.9053828,116.4073982,119.98,0.0,13.0,150.159833
NTUN,150199833,2031.9102783203125,0.0,0.0,53.39,0.0,0.0,-16.74883270263672,39.9053828,116.4073982,119.98,0.0,13.0,150.199833
NTUN,150239833,2031.9102783203125,0.0,0.0,53.41,0.0,0.0,-16.74883270263672,39.9053828,116.4073982,119.98,0.0,13.0,150.239833
NTUN,150279833,2033.58154296875,0.0,0.0,53.43,0.0,0.0,-16.75185203552246,39.9053828,116.4073982,119.98,0.0,13.0,150.279833
NTUN,150319833,2033.58154296875,0.0,0.0,53.45,0.0,0.0,-16.75185203552246,39.9053828,116.4073982,119.98,0.0,13.0,150.319833
NTUN,150359833,2033.58154296875,0.0,0.0,53.47,0.0,0.0,-16.75185203552246,39.9053828,116.4073982,119.98,0.0,13.0,150.359833
NTUN,150399833,2035.2586669921875,0.0,0.0,53.49,0.0,0.0,-16.755287170410156,39.9053828,116.4073982,119.98,0.0,13.0,150.399833
NTUN,150439833,2035.2586669921875,0.0,0.0,53.51,0.0,0.0,-16.755287170410156,39.9053828,116.4073982,119.98,0.0,13.0,150.439833
NTUN,150479833,2036.93359375,0.0,0.0,53.53,0.0,0.0,-16.75788688659668,39.9053828,116.4073982,119.98,0.0,13.0,150.479833
NTUN,150519833,2036.93359375,0.0,0.0,53.55,0.0,0.0,-16.75788688659668,39.9053828,116.4073982,119.98,0.0,13.0,150.519833
NTUN,150559833,2036.93359375,0.0,0.0,53.57,0.0,0.0,-16.75788688659668,39.9053828,116.4073982,119.98,0.0,13.0,150.559833
NTUN,150599833,2038.606201171875,0.0,0.0,53.59,0.0,0.0,-16.758930206298828,39.9053828,116.4073982,119.98,0.0,13.0,150.599833
NTUN,150639833,2038.606201171875,0.0,0.0,53.61,0.0,0.0,-16.758930206298828,39.9053828,116.4073982,119.98,0.0,13.0,150.639833
NTUN,150679833,2040.28466796875,0.0,0.0,53.64,0.0,0.0,-16.760923385620117,39.9053828,116.4073982,119.98,0.0,13.0,150.679833
NTUN,150719833,2040.28466796875,0.0,0.0,53.66,0.0,0.0,-16.760923385620117,39.9053828,116.4073982,119.98,0.0,13.0,150.719833
NTUN,150759833,2040.28466796875,0.0,0.0,53.68,0.0,0.0,-16.760923385620117,39.9053828,116.4073982,119.98,0.0,13.0,150.759833
NTUN,150799833,2041.955078125,0.0,0.0,53.7,0.0,0.0,-16.763032913208008,39.9053828,116.4073982,119.98,0.0,13.0,150.799833
NTUN,150839833,2041.955078125,0.0,0.0,53.73,0.0,0.0,-16.763032913208008,39.9053828,116.4073982,119.98,0.0,13.0,150.839833
NTUN,150879833,2043.6312255859375,0.0,0.0,53.75,0.0,0.0,-16.76297950744629,39.9053828,116.4073982,119.98,0.0,13.0,150.879833
NTUN,150919833,2043.6312255859375,0.0,0.0,53.77,0.0,0.0,-16.76297950744629,39.9053828,116.4073982,119.98,0.0,13.0,150.919833
NTUN,150959833,2043.6312255859375,0.0,0.0,53.79,0.0,0.0,-16.76297950744629,39.9053828,116.4073982,119.98,0.0,13.0,150.959833
NTUN,150999833,2045.3052978515625,0.0,0.0,53.81,0.0,0.0,-16.76485824584961,39.9053828,116.4073982,119.98,0.0,13.0,150.999833
NTUN,151039833,2045.3052978515625,0.0,0.0,53.83,0.0,0.0,-16.76485824584961,39.9053828,116.4073982,119.98,0.0,13.0,151.039833
NTUN,151079833,2046.979248046875,0.0,0.0,53.85,0.0,0.0,-16.7640380859375,39.9053828,116.4073982,119.98,0.0,13.0,151.079833
NTUN,151119833,2046.979248046875,0.0,0.0,53.87,0.0,0.0,-16.7640380859375,39.9053828,116.4073982,119.98,0.0,13.0,151.119833
NTUN,151159833,2046.979248046875,0.0,0.0,53.89,0.0,0.0,-16.7640380859375,39.9053828,116.4073982,119.98,0.0,13.0,151.159833
NTUN,151199833,2048.645263671875,0.0,0.0,53.91,0.0,0.0,-16.764347076416016,39.9053828,116.4073982,119.98,0.0,13.0,151.199833
NTUN,151239833,2048.645263671875,0.0,0.0,53.93,0.0,0.0,-16.764347076416016,39.9053828,116.4073982,119.98,0.0,13.0,151.239833
NTUN,151279833,2050.324951171875,0.0,0.0,53.95,0.0,0.0,-16.76542091369629,39.9053828,116.4073982,119.98,0.0,13.0,151.279833
NTUN,151319833,2050.324951171875,0.0,0.0,53.97,0.0,0.0,-16.76542091369629,39.9053828,116.4073982,119.98,0.0,13.0,151.319833
NTUN,151359833,2050.324951171875,0.0,0.0,53.99,0.0,0.0,-16.76542091369629,39.9053828,116.4073982,119.98,0.0,13.0,151.359833
NTUN,151399833,2051.990966796875,0.0,0.0,54.01,0.0,0.0,-16.766576766967773,39.9053828,116.4073982,119.98,0.0,13.0,151.399833
NTUN,151439833,2051.990966796875,0.0,0.0,54.03,0.0,0.0,-16.766576766967773,39.9053828,116.4073982,119.98,0.0,13.0,151.439833
NTUN,151479833,2053.662841796875,0.0,0.0,54.05,0.0,0.0,-16.76846694946289,39.9053828,116.4073982,119.98,0.0,13.0,151.479833
NTUN,151519833,2053.662841796875,0.0,0.0,54.07,0.0,0.0,-16.76846694946289,39.9053828,116.4073982,119.98,0.0,13.0,151.519833
NTUN,151559833,2053.662841796875,0.0,0.0,54.09,0.0,0.0,-16.76846694946289,39.9053828,116.4073982,119.98,0.0,13.0,151.559833
NTUN,151599833,2055.342529296875,0.0,0.0,54.11,0.0,0.0,-16.767772674560547,39.9053828,116.4073982,119.98,0.0,13.0,151.599833
NTUN,151639833,2055.342529296875,0.0,0.0,54.13,0.0,0.0,-16.767772674560547,39.9053828,116.4073982,119.98,0.0,13.0,151.639833
NTUN,151679833,2057.0224609375,0.0,0.0,54.15,0.0,0.0,-16.76590347290039,39.9053828,116.4073982,119.98,0.0,13.0,151.679833
NTUN,151719833,2057.0224609375,0.0,0.0,54.18,0.0,0.0,-16.76590347290039,39.9053828,116.4073982,119.98,0.0,13.0,151.719833
NTUN,151759833,2057.0224609375,0.0,0.0,54.2,0.0,0.0,-16.76590347290039,39.9053828,116.4073982,119.98,0.0,13.0,151.759833
NTUN,151799833,2058.694091796875,0.0,0.0,54.22,0.0,0.0,-16.765106201171875,39.9053828,116.4073982,119.98,0.0,13.0,151.799833
NTUN,151839833,2058.694091796875,0.0,0.0,54.24,0.0,0.0,-16.765106201171875,39.9053828,116.4073982,119.98,0.0,13.0,151.839833
NTUN,151879833,2060.374267578125,0.0,0.0,54.26,0.0,0.0,-16.765317916870117,39.9053828,116.4073982,119.98,0.0,13.0,151.879833
NTUN,151919833,2060.374267578125,0.0,0.0,54.29,0.0,0.0,-16.765317916870117,39.9053828,116.4073982,119.98,0.0,13.0,151.919833
NTUN,151959833,2060.374267578125,0.0,0.0,54.31,0.0,0.0,-16.765317916870117,39.9053828,116.4073982,119.98,0.0,13.0,151.959833
NTUN,151999833,2062.053955078125,0.0,0.0,54.33,0.0,0.0,-16.764951705932617,39.9053828,116.4073982,119.98,0.0,13.0,151.999833
NTUN,152039833,2062.053955078125,0.0,0.0,54.35,0.0,0.0,-16.764951705932617,39.9053828,116.4073982,119.98,0.0,13.0,152.039833
NTUN,152079833,2063.72802734375,0.0,0.0,54.38,0.0,0.0,-16.765928268432617,39.9053828,116.4073982,119.98,0.0,13.0,152.079833
NTUN,152119833,2063.72802734375,0.0,0.0,54.4,0.0,0.0,-16.765928268432617,39.9053828,116.4073982,119.98,0.0,13.0,152.119833
NTUN,152159833,2063.72802734375,0.0,0.0,54.42,0.0,0.0,-16.765928268432617,39.9053828,116.4073982,119.98,0.0,13.0,152.159833
NTUN,152199833,2065.41015625,0.0,0.0,54.45,0.0,0.0,-16.766521453857422,39.9053828,116.4073982,119.98,0.0,13.0,152.199833
NTUN,152239833,2065.41015625,0.0,0.0,54.47,0.0,0.0,-16.766521453857422,39.9053828,116.4073982,119.98,0.0,13.0,152.239833
NTUN,152279833,2067.08642578125,0.0,0.0,54.49,0.0,0.0,-16.76824378967285,39.9053828,116.4073982,119.98,0.0,13.0,152.279833
NTUN,152319833,2067.08642578125,0.0,0.0,54.52,0.0,0.0,-16.76824378967285,39.9053828,116.4073982,119.98,0.0,13.0,152.319833
NTUN,152359833,2067.08642578125,0.0,0.0,54.54,0.0,0.0,-16.76824378967285,39.9053828,116.4073982,119.98,0.0,13.0,152.359833
NTUN,152399833,2068.76513671875,0.0,0.0,54.56,0.0,0.0,-16.77216148376465,39.9053828,116.4073982,119.98,0.0,13.0,152.399833
NTUN,152439833,2068.76513671875,0.0,0.0,54.59,0.0,0.0,-16.77216148376465,39.9053828,116.4073982,119.98,0.0,13.0,152.439833
NTUN,152479833,2070.44580078125,0.0,0.0,54.61,0.0,0.0,-16.777292251586914,39.9053828,116.4073982,119.98,0.0,13.0,152.479833
NTUN,152519833,2070.44580078125,0.0,0.0,54.63,0.0,0.0,-16.777292251586914,39.9053828,116.4073982,119.98,0.0,13.0,152.519833
NTUN,152559833,2070.44580078125,0.0,0.0,54.66,0.0,0.0,-16.777292251586914,39.9053828,116.4073982,119.98,0.0,13.0,152.559833
NTUN,152599833,2072.12890625,0.0,0.0,54.68,0.0,0.0,-16.78292465209961,39.9053828,116.4073982,119.98,0.0,13.0,152.599833
NTUN,152639833,2072.12890625,0.0,0.0,54.7,0.0,0.0,-16.78292465209961,39.9053828,116.4073982,119.98,0.0,13.0,152.639833
NTUN,152679833,2073.811767578125,0.0,0.0,54.73,0.0,0.0,-16.788379669189453,39.9053828,116.4073982,119.98,0.0,13.0,152.679833
NTUN,152719833,2073.811767578125,0.0,0.0,54.75,0.0,0.0,-16.788379669189453,39.9053828,116.4073982,119.98,0.0,13.0,152.719833
NTUN,152759833,2073.811767578125,0.0,0.0,54.77,0.0,0.0,-16.788379669189453,39.9053828,116.4073982,119.98,0.0,13.0,152.759833
NTUN,152799833,2075.4912109375,0.0,0.0,54.8,0.0,0.0,-16.794574737548828,39.9053828,116.4073982,119.98,0.0,13.0,152.799833
NTUN,152839833,2075.4912109375,0.0,0.0,54.82,0.0,0.0,-16.794574737548828,39.9053828,116.4073982,119.98,0.0,13.0,152.839833
NTUN,152879833,2077.17041015625,0.0,0.0,54.84,0.0,0.0,-16.79894256591797,39.9053828,116.4073982,119.98,0.0,13.0,152.879833
NTUN,152919833,2077.17041015625,0.0,0.0,54.86,0.0,0.0,-16.79894256591797,39.9053828,116.4073982,119.98,0.0,13.0,152.919833
NTUN,152959833,2077.17041015625,0.0,0.0,54.88,0.0,0.0,-16.79894256591797,39.9053828,116.4073982,119.98,0.0,13.0,152.959833
NTUN,152999833,2078.860107421875,0.0,0.0,54.9,0.0,0.0,-16.80409812927246,39.9053828,116.4073982,119.98,0.0,13.0,152.999833
NTUN,153039833,2078.860107421875,0.0,0.0,54.92,0.0,0.0,-16.80409812927246,39.9053828,116.4073982,119.98,0.0,13.0,153.039833
NTUN,153079833,2080.538330078125,0.0,0.0,54.94,0.0,0.0,-16.809762954711914,39.9053828,116.4073982,119.98,0.0,13.0,153.079833
NTUN,153119833,2080.538330078125,0.0,0.0,54.97,0.0,0.0,-16.809762954711914,39.9053828,116.4073982,119.98,0.0,13.0,153.119833
NTUN,153159833,2080.538330078125,0.0,0.0,54.99,0.0,0.0,-16.809762954711914,39.9053828,116.4073982,119.98,0.0,13.0,153.159833
NTUN,153199833,2082.21630859375,0.0,0.0,55.01,0.0,0.0,-16.8142032623291,39.9053828,116.4073982,119.98,0.0,13.0,153.199833
NTUN,153239833,2082.21630859375,0.0,0.0,55.03,0.0,0.0,-16.8142032623291,39.9053828,116.4073982,119.98,0.0,13.0,153.239833
NTUN,153279833,2083.898681640625,0.0,0.0,55.05,0.0,0.0,-16.815204620361328,39.9053828,116.4073982,119.98,0.0,13.0,153.279833
NTUN,153319833,2083.898681640625,0.0,0.0,55.07,0.0,0.0,-16.815204620361328,39.9053828,116.4073982,119.98,0.0,13.0,153.319833
NTUN,153359833,2083.898681640625,0.0,0.0,55.09,0.0,0.0,-16.815204620361328,39.9053828,116.4073982,119.98,0.0,13.0,153.359833
NTUN,153399833,2085.581298828125,0.0,0.0,55.11,0.0,0.0,-16.817306518554688,39.9053828,116.4073982,119.98,0.0,13.0,153.399833
NTUN,153439833,2085.581298828125,0.0,0.0,55.13,0.0,0.0,-16.817306518554688,39.9053828,116.4073982,119.98,0.0,13.0,153.439833
NTUN,153479833,2087.2578125,0.0,0.0,55.15,0.0,0.0,-16.82122039794922,39.9053828,116.4073982,119.98,0.0,13.0,153.479833
NTUN,153519833,2087.2578125,0.0,0.0,55.18,0.0,0.0,-16.82122039794922,39.9053828,116.4073982,119.98,0.0,13.0,153.519833
NTUN,153559833,2087.2578125,0.0,0.0,55.2,0.0,0.0,-16.82122039794922,39.9053828,116.4073982,119.98,0.0,13.0,153.559833
NTUN,153599833,2088.936767578125,0.0,0.0,55.22,0.0,0.0,-16.82222557067871,39.9053828,116.4073982,119.98,0.0,13.0,153.599833
NTUN,153639833,2088.936767578125,0.0,0.0,55.24,0.0,0.0,-16.82222557067871,39.9053828,116.4073982,119.98,0.0,13.0,153.639833
NTUN,153679833,2090.617919921875,0.0,0.0,55.26,0.0,0.0,-16.824413299560547,39.9053828,116.4073982,119.98,0.0,13.0,153.679833
NTUN,153719833,2090.617919921875,0.0,0.0,55.29,0.0,0.0,-16.824413299560547,39.9053828,116.4073982,119.98,0.0,13.0,153.719833
NTUN,153759833,2090.617919921875,0.0,0.0,55.31,0.0,0.0,-16.824413299560547,39.9053828,116.4073982,119.98,0.0,13.0,153.759833
NTUN,153799833,2092.29296875,0.0,0.0,55.33,0.0,0.0,-16.826074600219727,39.9053828,116.4073982,119.98,0.0,13.0,153.799833
NTUN,153839833,2092.29296875,0.0,0.0,55.35,0.0,0.0,-16.826074600219727,39.9053828,116.4073982,119.98,0.0,13.0,153.839833
NTUN,153879833,2093.970703125,0.0,0.0,55.37,0.0,0.0,-16.82978630065918,39.9053828,116.4073982,119.98,0.0,13.0,153.879833
NTUN,153919833,2093.970703125,0.0,0.0,55.39,0.0,0.0,-16.82978630065918,39.9053828,116.4073982,119.98,0.0,13.0,153.919833
NTUN,153959833,2093.970703125,0.0,0.0,55.41,0.0,0.0,-16.82978630065918,39.9053828,116.4073982,119.98,0.0,13.0,153.959833
NTUN,153999833,2095.656005859375,0.0,0.0,55.43,0.0,0.0,-16.832897186279297,39.9053828,116.4073982,119.98,0.0,13.0,153.999833
NTUN,154039833,2095.656005859375,0.0,0.0,55.45,0.0,0.0,-16.832897186279297,39.9053828,116.4073982,119.98,0.0,13.0,154.039833
NTUN,154079833,2097.327880859375,0.0,0.0,55.47,0.0,0.0,-16.83516502380371,39.9053828,116.4073982,119.98,0.0,13.0,154.079833
NTUN,154119833,2097.327880859375,0.0,0.0,55.48,0.0,0.0,-16.83516502380371,39.9053828,116.4073982,119.98,0.0,13.0,154.119833
NTUN,154159833,2097.327880859375,0.0,0.0,55.5,0.0,0.0,-16.83516502380371,39.9053828,116.4073982,119.98,0.0,13.0,154.159833
NTUN,154199833,2099.013427734375,0.0,0.0,55.52,0.0,0.0,-16.83556365966797,39.9053828,116.4073982,119.98,0.0,13.0,154.199833
NTUN,154239833,2099.013427734375,0.0,0.0,55.54,0.0,0.0,-16.83556365966797,39.9053828,116.4073982,119.98,0.0,13.0,154.239833
NTUN,154279833,2100.68505859375,0.0,0.0,55.56,0.0,0.0,-16.837966918945312,39.9053828,116.4073982,119.98,0.0,13.0,154.279833
NTUN,154319833,2100.68505859375,0.0,0.0,55.58,0.0,0.0,-16.837966918945312,39.9053828,116.4073982,119.98,0.0,13.0,154.319833
NTUN,154359833,2100.68505859375,0.0,0.0,55.6,0.0,0.0,-16.837966918945312,39.9053828,116.4073982,119.98,0.0,13.0,154.359833
NTUN,154399833,2102.36474609375,0.0,0.0,55.62,0.0,0.0,-16.83786964416504,39.9053828,116.4073982,119.98,0.0,13.0,154.399833
NTUN,154439833,2102.36474609375,0.0,0.0,55.63,0.0,0.0,-16.83786964416504,39.9053828,116.4073982,119.98,0.0,13.0,154.439833
NTUN,154479833,2104.050537109375,0.0,0.0,55.65,0.0,0.0,-16.839954376220703,39.9053828,116.4073982,119.98,0.0,13.0,154.479833
NTUN,154519833,2104.050537109375,0.0,0.0,55.67,0.0,0.0,-16.839954376220703,39.9053828,116.4073982,119.98,0.0,13.0,154.519833
NTUN,154559833,2104.050537109375,0.0,0.0,55.69,0.0,0.0,-16.839954376220703,39.9053828,116.4073982,119.98,0.0,13.0,154.559833
NTUN,154599833,2105.72216796875,0.0,0.0,55.71,0.0,0.0,-16.84160614013672,39.9053828,116.4073982,119.98,0.0,13.0,154.599833
NTUN,154639833,2105.72216796875,0.0,0.0,55.73,0.0,0.0,-16.84160614013672,39.9053828,116.4073982,119.98,0.0,13.0,154.639833
NTUN,154679833,2107.407958984375,0.0,0.0,55.75,0.0,0.0,-16.839065551757812,39.9053828,116.4073982,119.98,0.0,13.0,154.679833
NTUN,154719833,2107.407958984375,0.0,0.0,55.78,0.0,0.0,-16.839065551757812,39.9053828,116.4073982,119.98,0.0,13.0,154.719833
NTUN,154759833,2107.407958984375,0.0,0.0,55.79,0.0,0.0,-16.839065551757812,39.9053828,116.4073982,119.98,0.0,13.0,154.759833
NTUN,154799833,2109.087646484375,0.0,0.0,55.81,0.0,0.0,-16.837543487548828,39.9053828,116.4073982,119.98,0.0,13.0,154.799833
NTUN,154839833,2109.087646484375,0.0,0.0,55.83,0.0,0.0,-16.837543487548828,39.9053828,116.4073982,119.98,0.0,13.0,154.839833
NTUN,154879833,2110.76513671875,0.0,0.0,55.86,0.0,0.0,-16.835926055908203,39.9053828,116.4073982,119.98,0.0,13.0,154.879833
NTUN,154919833,2110.76513671875,0.0,0.0,55.88,0.0,0.0,-16.835926055908203,39.9053828,116.4073982,119.98,0.0,13.0,154.919833
NTUN,154959833,2110.76513671875,0.0,0.0,55.9,0.0,0.0,-16.835926055908203,39.9053828,116.4073982,119.98,0.0,13.0,154.959833
NTUN,154999833,2112.43701171875,0.0,0.0,55.92,0.0,0.0,-16.837493896484375,39.9053828,116.4073982,119.98,0.0,13.0,154.999833
NTUN,155039833,2112.43701171875,0.0,0.0,55.94,0.0,0.0,-16.837493896484375,39.9053828,116.4073982,119.98,0.0,13.0,155.039833
NTUN,155079833,2114.120361328125,0.0,0.0,55.96,0.0,0.0,-16.839218139648438,39.9053828,116.4073982,119.98,0.0,13.0,155.079833
NTUN,155119833,2114.120361328125,0.0,0.0,55.98,0.0,0.0,-16.839218139648438,39.9053828,116.4073982,119.98,0.0,13.0,155.119833
NTUN,155159833,2114.120361328125,0.0,0.0,56.01,0.0,0.0,-16.839218139648438,39.9053828,116.4073982,119.98,0.0,13.0,155.159833
NTUN,155199833,2115.8037109375,0.0,0.0,56.03,0.0,0.0,-16.84126853942871,39.9053828,116.4073982,119.98,0.0,13.0,155.199833
NTUN,155239833,2115.8037109375,0.0,0.0,56.05,0.0,0.0,-16.84126853942871,39.9053828,116.4073982,119.98,0.0,13.0,155.239833
NTUN,155279833,2117.482666015625,0.0,0.0,56.07,0.0,0.0,-16.845260620117188,39.9053828,116.4073982,119.98,0.0,13.0,155.279833
NTUN,155319833,2117.482666015625,0.0,0.0,56.1,0.0,0.0,-16.845260620117188,39.9053828,116.4073982,119.98,0.0,13.0,155.319833
NTUN,155359833,2117.482666015625,0.0,0.0,56.12,0.0,0.0,-16.845260620117188,39.9053828,116.4073982,119.98,0.0,13.0,155.359833
NTUN,155399833,2119.169677734375,0.0,0.0,56.14,0.0,0.0,-16.84749984741211,39.9053828,116.4073982,119.98,0.0,13.0,155.399833
NTUN,155439833,2119.169677734375,0.0,0.0,56.17,0.0,0.0,-16.84749984741211,39.9053828,116.4073982,119.98,0.0,13.0,155.439833
NTUN,155479833,2120.846435546875,0.0,0.0,56.19,0.0,0.0,-16.852994918823242,39.9053828,116.4073982,119.98,0.0,13.0,155.479833
NTUN,155519833,2120.846435546875,0.0,0.0,56.21,0.0,0.0,-16.852994918823242,39.9053828,116.4073982,119.98,0.0,13.0,155.519833
NTUN,155559833,2120.846435546875,0.0,0.0,56.23,0.0,0.0,-16.852994918823242,39.9053828,116.4073982,119.98,0.0,13.0,155.559833
NTUN,155599833,2122.542724609375,0.0,0.0,56.25,0.0,0.0,-16.85631561279297,39.9053828,116.4073982,119.98,0.0,13.0,155.599833
NTUN,155639833,2122.542724609375,0.0,0.0,56.27,0.0,0.0,-16.85631561279297,39.9053828,116.4073982,119.98,0.0,13.0,155.639833
NTUN,155679833,2124.22314453125,0.0,0.0,56.3,0.0,0.0,-16.862701416015625,39.9053828,116.4073982,119.98,0.0,13.0,155.679833
NTUN,155719833,2124.22314453125,0.0,0.0,56.32,0.0,0.0,-16.862701416015625,39.9053828,116.4073982,119.98,0.0,13.0,155.719833
NTUN,155759833,2124.22314453125,0.0,0.0,56.34,0.0,0.0,-16.862701416015625,39.9053828,116.4073982,119.98,0.0,13.0,155.759833
NTUN,155799833,2125.9091796875,0.0,0.0,56.36,0.0,0.0,-16.867895126342773,39.9053828,116.4073982,119.98,0.0,13.0,155.799833
NTUN,155839833,2125.9091796875,0.0,0.0,56.38,0.0,0.0,-16.867895126342773,39.9053828,116.4073982,119.98,0.0,13.0,155.839833
NTUN,155879833,2127.593017578125,0.0,0.0,56.4,0.0,0.0,-16.87220001220703,39.9053828,116.4073982,119.98,0.0,13.0,155.879833
NTUN,155919833,2127.593017578125,0.0,0.0,56.42,0.0,0.0,-16.87220001220703,39.9053828,116.4073982,119.98,0.0,13.0,155.919833
NTUN,155959833,2127.593017578125,0.0,0.0,56.44,0.0,0.0,-16.87220001220703,39.9053828,116.4073982,119.98,0.0,13.0,155.959833
NTUN,155999833,2129.291015625,0.0,0.0,56.46,0.0,0.0,-16.87518310546875,39.9053828,116.4073982,119.98,0.0,13.0,155.999833
NTUN,156039833,2129.291015625,0.0,0.0,56.48,0.0,0.0,-16.87518310546875,39.9053828,116.4073982,119.98,0.0,13.0,156.039833
NTUN,156079833,2130.978515625,0.0,0.0,56.5,0.0,0.0,-16.8754940032959,39.9053828,116.4073982,119.98,0.0,13.0,156.079833
NTUN,156119833,2130.978515625,0.0,0.0,56.53,0.0,0.0,-16.8754940032959,39.9053828,116.4073982,119.98,0.0,13.0,156.119833
NTUN,156159833,2130.978515625,0.0,0.0,56.55,0.0,0.0,-16.8754940032959,39.9053828,116.4073982,119.98,0.0,13.0,156.159833
NTUN,156199833,2132.666015625,0.0,0.0,56.57,0.0,0.0,-16.877544403076172,39.9053828,116.4073982,119.98,0.0,13.0,156.199833
NTUN,156239833,2132.666015625,0.0,0.0,56.59,0.0,0.0,-16.877544403076172,39.9053828,116.4073982,119.98,0.0,13.0,156.239833
NTUN,156279833,2134.353271484375,0.0,0.0,56.61,0.0,0.0,-16.877397537231445,39.9053828,116.4073982,119.98,0.0,13.0,156.279833
NTUN,156319833,2134.353271484375,0.0,0.0,56.64,0.0,0.0,-16.877397537231445,39.9053828,116.4073982,119.98,0.0,13.0,156.319833
NTUN,156359833,2134.353271484375,0.0,0.0,56.66,0.0,0.0,-16.877397537231445,39.9053828,116.4073982,119.98,0.0,13.0,156.359833
NTUN,156399833,2136.04443359375,0.0,0.0,56.68,0.0,0.0,-16.877212524414062,39.9053828,116.4073982,119.98,0.0,13.0,156.399833
NTUN,156439833,2136.04443359375,0.0,0.0,56.7,0.0,0.0,-16.877212524414062,39.9053828,116.4073982,119.98,0.0,13.0,156.439833
NTUN,156479833,2137.735595703125,0.0,0.0,56.72,0.0,0.0,-16.87989616394043,39.9053828,116.4073982,119.98,0.0,13.0,156.479833
NTUN,156519833,2137.735595703125,0.0,0.0,56.75,0.0,0.0,-16.87989616394043,39.9053828,116.4073982,119.98,0.0,13.0,156.519833
NTUN,156559833,2137.735595703125,0.0,0.0,56.77,0.0,0.0,-16.87989616394043,39.9053828,116.4073982,119.98,0.0,13.0,156.559833
NTUN,156599833,2139.42431640625,0.0,0.0,56.78,0.0,0.0,-16.8814754486084,39.9053828,116.4073982,119.98,0.0,13.0,156.599833
NTUN,156639833,2139.42431640625,0.0,0.0,56.8,0.0,0.0,-16.8814754486084,39.9053828,116.4073982,119.98,0.0,13.0,156.639833
NTUN,156679833,2141.113037109375,0.0,0.0,56.82,0.0,0.0,-16.882991790771484,39.9053828,116.4073982,119.98,0.0,13.0,156.679833
NTUN,156719833,2141.113037109375,0.0,0.0,56.84,0.0,0.0,-16.882991790771484,39.9053828,116.4073982,119.98,0.0,13.0,156.719833
NTUN,156759833,2141.113037109375,0.0,0.0,56.86,0.0,0.0,-16.882991790771484,39.9053828,116.4073982,119.98,0.0,13.0,156.759833
NTUN,156799833,2142.7939453125,0.0,0.0,56.88,0.0,0.0,-16.88296890258789,39.9053828,116.4073982,119.98,0.0,13.0,156.799833
NTUN,156839833,2142.7939453125,0.0,0.0,56.9,0.0,0.0,-16.88296890258789,39.9053828,116.4073982,119.98,0.0,13.0,156.839833
NTUN,156879833,2144.482666015625,0.0,0.0,56.92,0.0,0.0,-16.882749557495117,39.9053828,116.4073982,119.98,0.0,13.0,156.879833
NTUN,156919833,2144.482666015625,0.0,0.0,56.94,0.0,0.0,-16.882749557495117,39.9053828,116.4073982,119.98,0.0,13.0,156.919833
NTUN,156959833,2144.482666015625,0.0,0.0,56.95,0.0,0.0,-16.882749557495117,39.9053828,116.4073982,119.98,0.0,13.0,156.959833
NTUN,156999833,2146.169189453125,0.0,0.0,56.97,0.0,0.0,-16.881521224975586,39.9053828,116.4073982,119.98,0.0,13.0,156.999833
NTUN,157039833,2146.169189453125,0.0,0.0,56.99,0.0,0.0,-16.881521224975586,39.9053828,116.4073982,119.98,0.0,13.0,157.039833
NTUN,157079833,2147.864013671875,0.0,0.0,57.01,0.0,0.0,-16.88007164001465,39.9053828,116.4073982,119.98,0.0,13.0,157.079833
NTUN,157119833,2147.864013671875,0.0,0.0,57.03,0.0,0.0,-16.88007164001465,39.9053828,116.4073982,119.98,0.0,13.0,157.119833
NTUN,157159833,2147.864013671875,0.0,0.0,57.05,0.0,0.0,-16.88007164001465,39.9053828,116.4073982,119.98,0.0,13.0,157.159833
NTUN,157199833,2149.556396484375,0.0,0.0,57.07,0.0,0.0,-16.881502151489258,39.9053828,116.4073982,119.98,0.0,13.0,157.199833
NTUN,157239833,2149.556396484375,0.0,0.0,57.09,0.0,0.0,-16.881502151489258,39.9053828,116.4073982,119.98,0.0,13.0,157.239833
NTUN,157279833,2151.242919921875,0.0,0.0,57.11,0.0,0.0,-16.882659912109375,39.9053828,116.4073982,119.98,0.0,13.0,157.279833
NTUN,157319833,2151.242919921875,0.0,0.0,57.12,0.0,0.0,-16.882659912109375,39.9053828,116.4073982,119.98,0.0,13.0,157.319833
NTUN,157359833,2151.242919921875,0.0,0.0,57.14,0.0,0.0,-16.882659912109375,39.9053828,116.4073982,119.98,0.0,13.0,157.359833
NTUN,157399833,2152.935302734375,0.0,0.0,57.16,0.0,0.0,-16.88170051574707,39.9053828,116.4073982,119.98,0.0,13.0,157.399833
NTUN,157439833,2152.935302734375,0.0,0.0,57.18,0.0,0.0,-16.88170051574707,39.9053828,116.4073982,119.98,0.0,13.0,157.439833
NTUN,157479833,2154.61962890625,0.0,0.0,57.2,0.0,0.0,-16.879728317260742,39.9053828,116.4073982,119.98,0.0,13.0,157.479833
NTUN,157519833,2154.61962890625,0.0,0.0,57.22,0.0,0.0,-16.879728317260742,39.9053828,116.4073982,119.98,0.0,13.0,157.519833
NTUN,157559833,2154.61962890625,0.0,0.0,57.24,0.0,0.0,-16.879728317260742,39.9053828,116.4073982,119.98,0.0,13.0,157.559833
NTUN,157599833,2156.31201171875,0.0,0.0,57.26,0.0,0.0,-16.879852294921875,39.9053828,116.4073982,119.98,0.0,13.0,157.599833
NTUN,157639833,2156.31201171875,0.0,0.0,57.28,0.0,0.0,-16.879852294921875,39.9053828,116.4073982,119.98,0.0,13.0,157.639833
NTUN,157679833,2157.996337890625,0.0,0.0,57.3,0.0,0.0,-16.879852294921875,39.9053828,116.4073982,119.98,0.0,13.0,157.679833
NTUN,157719833,2157.996337890625,0.0,0.0,57.31,0.0,0.0,-16.879852294921875,39.9053828,116.4073982,119.98,0.0,13.0,157.719833
NTUN,157759833,2157.996337890625,0.0,0.0,57.33,0.0,0.0,-16.879852294921875,39.9053828,116.4073982,119.98,0.0,13.0,157.759833
NTUN,157799833,2159.69482421875,0.0,0.0,57.35,0.0,0.0,-16.879255294799805,39.9053828,116.4073982,119.98,0.0,13.0,157.799833
NTUN,157839833,2159.69482421875,0.0,0.0,57.37,0.0,0.0,-16.879255294799805,39.9053828,116.4073982,119.98,0.0,13.0,157.839833
NTUN,157879833,2161.379150390625,0.0,0.0,57.39,0.0,0.0,-16.88140869140625,39.9053828,116.4073982,119.98,0.0,13.0,157.879833
NTUN,157919833,2161.379150390625,0.0,0.0,57.41,0.0,0.0,-16.88140869140625,39.9053828,116.4073982,119.98,0.0,13.0,157.919833
NTUN,157959833,2161.379150390625,0.0,0.0,57.43,0.0,0.0,-16.88140869140625,39.9053828,116.4073982,119.98,0.0,13.0,157.959833
NTUN,157999833,2163.0693359375,0.0,0.0,57.45,0.0,0.0,-16.88042640686035,39.9053828,116.4073982,119.98,0.0,13.0,157.999833
NTUN,158039833,2163.0693359375,0.0,0.0,57.47,0.0,0.0,-16.88042640686035,39.9053828,116.4073982,119.98,0.0,13.0,158.039833
NTUN,158079833,2164.76171875,0.0,0.0,57.49,0.0,0.0,-16.88003158569336,39.9053828,116.4073982,119.98,0.0,13.0,158.079833
NTUN,158119833,2164.76171875,0.0,0.0,57.51,0.0,0.0,-16.88003158569336,39.9053828,116.4073982,119.98,0.0,13.0,158.119833
NTUN,158159833,2164.76171875,0.0,0.0,57.53,0.0,0.0,-16.88003158569336,39.9053828,116.4073982,119.98,0.0,13.0,158.159833
NTUN,158199833,2166.446044921875,0.0,0.0,57.55,0.0,0.0,-16.883562088012695,39.9053828,116.4073982,119.98,0.0,13.0,158.199833
NTUN,158239833,2166.446044921875,0.0,0.0,57.57,0.0,0.0,-16.883562088012695,39.9053828,116.4073982,119.98,0.0,13.0,158.239833
NTUN,158279833,2168.144287109375,0.0,0.0,57.59,0.0,0.0,-16.88446807861328,39.9053828,116.4073982,119.98,0.0,13.0,158.279833
NTUN,158319833,2168.144287109375,0.0,0.0,57.61,0.0,0.0,-16.88446807861328,39.9053828,116.4073982,119.98,0.0,13.0,158.319833
NTUN,158359833,2168.144287109375,0.0,0.0,57.63,0.0,0.0,-16.88446807861328,39.9053828,116.4073982,119.98,0.0,13.0,158.359833
NTUN,158399833,2169.82861328125,0.0,0.0,57.65,0.0,0.0,-16.884998321533203,39.9053828,116.4073982,119.98,0.0,13.0,158.399833
NTUN,158439833,2169.82861328125,0.0,0.0,57.67,0.0,0.0,-16.884998321533203,39.9053828,116.4073982,119.98,0.0,13.0,158.439833
NTUN,158479833,2171.512939453125,0.0,0.0,57.69,0.0,0.0,-16.886625289916992,39.9053828,116.4073982,119.98,0.0,13.0,158.479833
NTUN,158519833,2171.512939453125,0.0,0.0,57.71,0.0,0.0,-16.886625289916992,39.9053828,116.4073982,119.98,0.0,13.0,158.519833
NTUN,158559833,2171.512939453125,0.0,0.0,57.73,0.0,0.0,-16.886625289916992,39.9053828,116.4073982,119.98,0.0,13.0,158.559833
NTUN,158599833,2173.20556640625,0.0,0.0,57.76,0.0,0.0,-16.890043258666992,39.9053828,116.4073982,119.98,0.0,13.0,158.599833
NTUN,158639833,2173.20556640625,0.0,0.0,57.78,0.0,0.0,-16.890043258666992,39.9053828,116.4073982,119.98,0.0,13.0,158.639833
NTUN,158679833,2174.895751953125,0.0,0.0,57.8,0.0,0.0,-16.893083572387695,39.9053828,116.4073982,119.98,0.0,13.0,158.679833
NTUN,158719833,2174.895751953125,0.0,0.0,57.82,0.0,0.0,-16.893083572387695,39.9053828,116.4073982,119.98,0.0,13.0,158.719833
NTUN,158759833,2174.895751953125,0.0,0.0,57.84,0.0,0.0,-16.893083572387695,39.9053828,116.4073982,119.98,0.0,13.0,158.759833
NTUN,158799833,2176.580078125,0.0,0.0,57.86,0.0,0.0,-16.89373779296875,39.9053828,116.4073982,119.98,0.0,13.0,158.799833
NTUN,158839833,2176.580078125,0.0,0.0,57.89,0.0,0.0,-16.89373779296875,39.9053828,116.4073982,119.98,0.0,13.0,158.839833
NTUN,158879833,2178.2783203125,0.0,0.0,57.91,0.0,0.0,-16.89722442626953,39.9053828,116.4073982,119.98,0.0,13.0,158.879833
NTUN,158919833,2178.2783203125,0.0,0.0,57.93,0.0,0.0,-16.89722442626953,39.9053828,116.4073982,119.98,0.0,13.0,158.919833
NTUN,158959833,2178.2783203125,0.0,0.0,57.95,0.0,0.0,-16.89722442626953,39.9053828,116.4073982,119.98,0.0,13.0,158.959833
NTUN,158999833,2179.968505859375,0.0,0.0,57.97,0.0,0.0,-16.898454666137695,39.9053828,116.4073982,119.98,0.0,13.0,158.999833
NTUN,159039833,2179.968505859375,0.0,0.0,57.99,0.0,0.0,-16.898454666137695,39.9053828,116.4073982,119.98,0.0,13.0,159.039833
NTUN,159079833,2181.65283203125,0.0,0.0,58.01,0.0,0.0,-16.900981903076172,39.9053828,116.4073982,119.98,0.0,13.0,159.079833
NTUN,159119833,2181.65283203125,0.0,0.0,58.04,0.0,0.0,-16.900981903076172,39.9053828,116.4073982,119.98,0.0,13.0,159.119833
NTUN,159159833,2181.65283203125,0.0,0.0,58.06,0.0,0.0,-16.900981903076172,39.9053828,116.4073982,119.98,0.0,13.0,159.159833
NTUN,159199833,2183.343017578125,0.0,0.0,58.08,0.0,0.0,-16.905406951904297,39.9053828,116.4073982,119.98,0.0,13.0,159.199833
NTUN,159239833,2183.343017578125,0.0,0.0,58.1,0.0,0.0,-16.905406951904297,39.9053828,116.4073982,119.98,0.0,13.0,159.239833
NTUN,159279833,2185.02734375,0.0,0.0,58.12,0.0,0.0,-16.906219482421875,39.9053828,116.4073982,119.98,0.0,13.0,159.279833
NTUN,159319833,2185.02734375,0.0,0.0,58.14,0.0,0.0,-16.906219482421875,39.9053828,116.4073982,119.98,0.0,13.0,159.319833
NTUN,159359833,2185.02734375,0.0,0.0,58.16,0.0,0.0,-16.906219482421875,39.9053828,116.4073982,119.98,0.0,13.0,159.359833
NTUN,159399833,2186.719970703125,0.0,0.0,58.19,0.0,0.0,-16.909027099609375,39.9053828,116.4073982,119.98,0.0,13.0,159.399833
NTUN,159439833,2186.719970703125,0.0,0.0,58.21,0.0,0.0,-16.909027099609375,39.9053828,116.4073982,119.98,0.0,13.0,159.439833
NTUN,159479833,2188.41015625,0.0,0.0,58.23,0.0,0.0,-16.911453247070312,39.9053828,116.4073982,119.98,0.0,13.0,159.479833
NTUN,159519833,2188.41015625,0.0,0.0,58.25,0.0,0.0,-16.911453247070312,39.9053828,116.4073982,119.98,0.0,13.0,159.519833
NTUN,159559833,2188.41015625,0.0,0.0,58.28,0.0,0.0,-16.911453247070312,39.9053828,116.4073982,119.98,0.0,13.0,159.559833
NTUN,159599833,2190.1025390625,0.0,0.0,58.3,0.0,0.0,-16.913164138793945,39.9053828,116.4073982,119.98,0.0,13.0,159.599833
NTUN,159639833,2190.1025390625,0.0,0.0,58.32,0.0,0.0,-16.913164138793945,39.9053828,116.4073982,119.98,0.0,13.0,159.639833
NTUN,159679833,2191.786865234375,0.0,0.0,58.34,0.0,0.0,-16.916160583496094,39.9053828,116.4073982,119.98,0.0,13.0,159.679833
NTUN,159719833,2191.786865234375,0.0,0.0,58.36,0.0,0.0,-16.916160583496094,39.9053828,116.4073982,119.98,0.0,13.0,159.719833
NTUN,159759833,2191.786865234375,0.0,0.0,58.39,0.0,0.0,-16.916160583496094,39.9053828,116.4073982,119.98,0.0,13.0,159.759833
NTUN,159799833,2193.4853515625,0.0,0.0,58.41,0.0,0.0,-16.91998291015625,39.9053828,116.4073982,119.98,0.0,13.0,159.799833
NTUN,159839833,2193.4853515625,0.0,0.0,58.43,0.0,0.0,-16.91998291015625,39.9053828,116.4073982,119.98,0.0,13.0,159.839833
NTUN,159879833,2195.177734375,0.0,0.0,58.45,0.0,0.0,-16.923070907592773,39.9053828,116.4073982,119.98,0.0,13.0,159.879833
NTUN,159919833,2195.177734375,0.0,0.0,58.47,0.0,0.0,-16.923070907592773,39.9053828,116.4073982,119.98,0.0,13.0,159.919833
NTUN,159959833,2195.177734375,0.0,0.0,58.5,0.0,0.0,-16.923070907592773,39.9053828,116.4073982,119.98,0.0,13.0,159.959833
NTUN,159999833,2196.867919921875,0.0,0.0,58.52,0.0,0.0,-16.926551818847656,39.9053828,116.4073982,119.98,0.0,13.0,159.999833
NTUN,160039833,2196.867919921875,0.0,0.0,58.54,0.0,0.0,-16.926551818847656,39.9053828,116.4073982,119.98,0.0,13.0,160.039833
NTUN,160079833,2198.560546875,0.0,0.0,58.56,0.0,0.0,-16.930274963378906,39.9053828,116.4073982,119.98,0.0,13.0,160.079833
NTUN,160119833,2198.560546875,0.0,0.0,58.58,0.0,0.0,-16.930274963378906,39.9053828,116.4073982,119.98,0.0,13.0,160.119833
NTUN,160159833,2198.560546875,0.0,0.0,58.6,0.0,0.0,-16.930274963378906,39.9053828,116.4073982,119.98,0.0,13.0,160.159833
NTUN,160199833,2200.2587890625,0.0,0.0,58.62,0.0,0.0,-16.933387756347656,39.9053828,116.4073982,119.98,0.0,13.0,160.199833
NTUN,160239833,2200.2587890625,0.0,0.0,58.64,0.0,0.0,-16.933387756347656,39.9053828,116.4073982,119.98,0.0,13.0,160.239833
NTUN,160279833,2201.951171875,0.0,0.0,58.66,0.0,0.0,-16.935495376586914,39.9053828,116.4073982,119.98,0.0,13.0,160.279833
NTUN,160319833,2201.951171875,0.0,0.0,58.68,0.0,0.0,-16.935495376586914,39.9053828,116.4073982,119.98,0.0,13.0,160.319833
NTUN,160359833,2201.951171875,0.0,0.0,58.7,0.0,0.0,-16.935495376586914,39.9053828,116.4073982,119.98,0.0,13.0,160.359833
NTUN,160399833,2203.643798828125,0.0,0.0,58.72,0.0,0.0,-16.938112258911133,39.9053828,116.4073982,119.98,0.0,13.0,160.399833
NTUN,160439833,2203.643798828125,0.0,0.0,58.73,0.0,0.0,-16.938112258911133,39.9053828,116.4073982,119.98,0.0,13.0,160.439833
NTUN,160479833,2205.336181640625,0.0,0.0,58.75,0.0,0.0,-16.93829345703125,39.9053828,116.4073982,119.98,0.0,13.0,160.479833
NTUN,160519833,2205.336181640625,0.0,0.0,58.77,0.0,0.0,-16.93829345703125,39.9053828,116.4073982,119.98,0.0,13.0,160.519833
NTUN,160559833,2205.336181640625,0.0,0.0,58.78,0.0,0.0,-16.93829345703125,39.9053828,116.4073982,119.98,0.0,13.0,160.559833
NTUN,160599833,2207.02880859375,0.0,0.0,58.8,0.0,0.0,-16.937549591064453,39.9053828,116.4073982,119.98,0.0,13.0,160.599833
NTUN,160639833,2207.02880859375,0.0,0.0,58.82,0.0,0.0,-16.937549591064453,39.9053828,116.4073982,119.98,0.0,13.0,160.639833
NTUN,160679833,2208.72119140625,0.0,0.0,58.84,0.0,0.0,-16.938385009765625,39.9053828,116.4073982,119.98,0.0,13.0,160.679833
NTUN,160719833,2208.72119140625,0.0,0.0,58.85,0.0,0.0,-16.938385009765625,39.9053828,116.4073982,119.98,0.0,13.0,160.719833
NTUN,160759833,2208.72119140625,0.0,0.0,58.87,0.0,0.0,-16.938385009765625,39.9053828,116.4073982,119.98,0.0,13.0,160.759833
NTUN,160799833,2210.40771484375,0.0,0.0,58.89,0.0,0.0,-16.937240600585938,39.9053828,116.4073982,119.98,0.0,13.0,160.799833
NTUN,160839833,2210.40771484375,0.0,0.0,58.9,0.0,0.0,-16.937240600585938,39.9053828,116.4073982,119.98,0.0,13.0,160.839833
NTUN,160879833,2212.100341796875,0.0,0.0,58.92,0.0,0.0,-16.934141159057617,39.9053828,116.4073982,119.98,0.0,13.0,160.879833
NTUN,160919833,2212.100341796875,0.0,0.0,58.93,0.0,0.0,-16.934141159057617,39.9053828,116.4073982,119.98,0.0,13.0,160.919833
NTUN,160959833,2212.100341796875,0.0,0.0,58.95,0.0,0.0,-16.934141159057617,39.9053828,116.4073982,119.98,0.0,13.0,160.959833
NTUN,160999833,2213.786865234375,0.0,0.0,58.97,0.0,0.0,-16.933992385864258,39.9053828,116.4073982,119.98,0.0,13.0,160.999833
NTUN,161039833,2213.786865234375,0.0,0.0,58.99,0.0,0.0,-16.933992385864258,39.9053828,116.4073982,119.98,0.0,13.0,161.039833
NTUN,161079833,2215.487548828125,0.0,0.0,59.0,0.0,0.0,-16.9328670501709,39.9053828,116.4073982,119.98,0.0,13.0,161.079833
NTUN,161119833,2215.487548828125,0.0,0.0,59.02,0.0,0.0,-16.9328670501709,39.9053828,116.4073982,119.98,0.0,13.0,161.119833
NTUN,161159833,2215.487548828125,0.0,0.0,59.04,0.0,0.0,-16.9328670501709,39.9053828,116.4073982,119.98,0.0,13.0,161.159833
NTUN,161199833,2217.174072265625,0.0,0.0,59.05,0.0,0.0,-16.932283401489258,39.9053828,116.4073982,119.98,0.0,13.0,161.199833
NTUN,161239833,2217.174072265625,0.0,0.0,59.07,0.0,0.0,-16.932283401489258,39.9053828,116.4073982,119.98,0.0,13.0,161.239833
NTUN,161279833,2218.86083984375,0.0,0.0,59.09,0.0,0.0,-16.928415298461914,39.9053828,116.4073982,119.98,0.0,13.0,161.279833
NTUN,161319833,2218.86083984375,0.0,0.0,59.1,0.0,0.0,-16.928415298461914,39.9053828,116.4073982,119.98,0.0,13.0,161.319833
NTUN,161359833,2218.86083984375,0.0,0.0,59.12,0.0,0.0,-16.928415298461914,39.9053828,116.4073982,119.98,0.0,13.0,161.359833
NTUN,161399833,2220.561279296875,0.0,0.0,59.14,0.0,0.0,-16.92548179626465,39.9053828,116.4073982,119.98,0.0,13.0,161.399833
NTUN,161439833,2220.561279296875,0.0,0.0,59.15,0.0,0.0,-16.92548179626465,39.9053828,116.4073982,119.98,0.0,13.0,161.439833
NTUN,161479833,2222.248046875,0.0,0.0,59.17,0.0,0.0,-16.92238426208496,39.9053828,116.4073982,119.98,0.0,13.0,161.479833
NTUN,161519833,2222.248046875,0.0,0.0,59.19,0.0,0.0,-16.92238426208496,39.9053828,116.4073982,119.98,0.0,13.0,161.519833
NTUN,161559833,2222.248046875,0.0,0.0,59.21,0.0,0.0,-16.92238426208496,39.9053828,116.4073982,119.98,0.0,13.0,161.559833
NTUN,161599833,2223.942626953125,0.0,0.0,59.22,0.0,0.0,-16.921186447143555,39.9053828,116.4073982,119.98,0.0,13.0,161.599833
NTUN,161639833,2223.942626953125,0.0,0.0,59.24,0.0,0.0,-16.921186447143555,39.9053828,116.4073982,119.98,0.0,13.0,161.639833
NTUN,161679833,2225.62939453125,0.0,0.0,59.26,0.0,0.0,-16.920991897583008,39.9053828,116.4073982,119.98,0.0,13.0,161.679833
NTUN,161719833,2225.62939453125,0.0,0.0,59.27,0.0,0.0,-16.920991897583008,39.9053828,116.4073982,119.98,0.0,13.0,161.719833
NTUN,161759833,2225.62939453125,0.0,0.0,59.29,0.0,0.0,-16.920991897583008,39.9053828,116.4073982,119.98,0.0,13.0,161.759833
NTUN,161799833,2227.31591796875,0.0,0.0,59.31,0.0,0.0,-16.920930862426758,39.9053828,116.4073982,119.98,0.0,13.0,161.799833
NTUN,161839833,2227.31591796875,0.0,0.0,59.33,0.0,0.0,-16.920930862426758,39.9053828,116.4073982,119.98,0.0,13.0,161.839833
NTUN,161879833,2229.0107421875,0.0,0.0,59.35,0.0,0.0,-16.918487548828125,39.9053828,116.4073982,119.98,0.0,13.0,161.879833
NTUN,161919833,2229.0107421875,0.0,0.0,59.36,0.0,0.0,-16.918487548828125,39.9053828,116.4073982,119.98,0.0,13.0,161.919833
NTUN,161959833,2229.0107421875,0.0,0.0,59.38,0.0,0.0,-16.918487548828125,39.9053828,116.4073982,119.98,0.0,13.0,161.959833
NTUN,161999833,2230.697265625,0.0,0.0,59.4,0.0,0.0,-16.915910720825195,39.9053828,116.4073982,119.98,0.0,13.0,161.999833
NTUN,162039833,2230.697265625,0.0,0.0,59.42,0.0,0.0,-16.915910720825195,39.9053828,116.4073982,119.98,0.0,13.0,162.039833
NTUN,162079833,2232.38623046875,0.0,0.0,59.43,0.0,0.0,-16.914657592773438,39.9053828,116.4073982,119.98,0.0,13.0,162.079833
NTUN,162119833,2232.38623046875,0.0,0.0,59.45,0.0,0.0,-16.914657592773438,39.9053828,116.4073982,119.98,0.0,13.0,162.119833
NTUN,162159833,2232.38623046875,0.0,0.0,59.47,0.0,0.0,-16.914657592773438,39.9053828,116.4073982,119.98,0.0,13.0,162.159833
NTUN,162199833,2234.07275390625,0.0,0.0,59.49,0.0,0.0,-16.912261962890625,39.9053828,116.4073982,119.98,0.0,13.0,162.199833
NTUN,162239833,2234.07275390625,0.0,0.0,59.5,0.0,0.0,-16.912261962890625,39.9053828,116.4073982,119.98,0.0,13.0,162.239833
NTUN,162279833,2235.767578125,0.0,0.0,59.52,0.0,0.0,-16.912546157836914,39.9053828,116.4073982,119.98,0.0,13.0,162.279833
NTUN,162319833,2235.767578125,0.0,0.0,59.54,0.0,0.0,-16.912546157836914,39.9053828,116.4073982,119.98,0.0,13.0,162.319833
NTUN,162359833,2235.767578125,0.0,0.0,59.56,0.0,0.0,-16.912546157836914,39.9053828,116.4073982,119.98,0.0,13.0,162.359833
NTUN,162399833,2237.456298828125,0.0,0.0,59.57,0.0,0.0,-16.912443161010742,39.9053828,116.4073982,119.98,0.0,13.0,162.399833
NTUN,162439833,2237.456298828125,0.0,0.0,59.59,0.0,0.0,-16.912443161010742,39.9053828,116.4073982,119.98,0.0,13.0,162.439833
NTUN,162479833,2239.14306640625,0.0,0.0,59.61,0.0,0.0,-16.910572052001953,39.9053828,116.4073982,119.98,0.0,13.0,162.479833
NTUN,162519833,2239.14306640625,0.0,0.0,59.63,0.0,0.0,-16.910572052001953,39.9053828,116.4073982,119.98,0.0,13.0,162.519833
NTUN,162559833,2239.14306640625,0.0,0.0,59.64,0.0,0.0,-16.910572052001953,39.9053828,116.4073982,119.98,0.0,13.0,162.559833
NTUN,162599833,2240.837890625,0.0,0.0,59.66,0.0,0.0,-16.909090042114258,39.9053828,116.4073982,119.98,0.0,13.0,162.599833
NTUN,162639833,2240.837890625,0.0,0.0,59.68,0.0,0.0,-16.909090042114258,39.9053828,116.4073982,119.98,0.0,13.0,162.639833
NTUN,162679833,2242.526611328125,0.0,0.0,59.7,0.0,0.0,-16.908981323242188,39.9053828,116.4073982,119.98,0.0,13.0,162.679833
NTUN,162719833,2242.526611328125,0.0,0.0,59.71,0.0,0.0,-16.908981323242188,39.9053828,116.4073982,119.98,0.0,13.0,162.719833
NTUN,162759833,2242.526611328125,0.0,0.0,59.73,0.0,0.0,-16.908981323242188,39.9053828,116.4073982,119.98,0.0,13.0,162.759833
NTUN,162799833,2244.221435546875,0.0,0.0,59.75,0.0,0.0,-16.90895652770996,39.9053828,116.4073982,119.98,0.0,13.0,162.799833
NTUN,162839833,2244.221435546875,0.0,0.0,59.77,0.0,0.0,-16.90895652770996,39.9053828,116.4073982,119.98,0.0,13.0,162.839833
NTUN,162879833,2245.902099609375,0.0,0.0,59.79,0.0,0.0,-16.909278869628906,39.9053828,116.4073982,119.98,0.0,13.0,162.879833
NTUN,162919833,2245.902099609375,0.0,0.0,59.81,0.0,0.0,-16.909278869628906,39.9053828,116.4073982,119.98,0.0,13.0,162.919833
NTUN,162959833,2245.902099609375,0.0,0.0,59.83,0.0,0.0,-16.909278869628906,39.9053828,116.4073982,119.98,0.0,13.0,162.959833
NTUN,162999833,2247.591064453125,0.0,0.0,59.84,0.0,0.0,-16.907014846801758,39.9053828,116.4073982,119.98,0.0,13.0,162.999833
NTUN,163039833,2247.591064453125,0.0,0.0,59.86,0.0,0.0,-16.907014846801758,39.9053828,116.4073982,119.98,0.0,13.0,163.039833
NTUN,163079833,2249.285888671875,0.0,0.0,59.88,0.0,0.0,-16.905988693237305,39.9053828,116.4073982,119.98,0.0,13.0,163.079833
NTUN,163119833,2249.285888671875,0.0,0.0,59.9,0.0,0.0,-16.905988693237305,39.9053828,116.4073982,119.98,0.0,13.0,163.119833
NTUN,163159833,2249.285888671875,0.0,0.0,59.92,0.0,0.0,-16.905988693237305,39.9053828,116.4073982,119.98,0.0,13.0,163.159833
NTUN,163199833,2250.974609375,0.0,0.0,59.94,0.0,0.0,-16.904630661010742,39.9053828,116.4073982,119.98,0.0,13.0,163.199833
NTUN,163239833,2250.974609375,0.0,0.0,59.96,0.0,0.0,-16.904630661010742,39.9053828,116.4073982,119.98,0.0,13.0,163.239833
NTUN,163279833,2252.66357421875,0.0,0.0,59.98,0.0,0.0,-16.903541564941406,39.9053828,116.4073982,119.98,0.0,13.0,163.279833
NTUN,163319833,2252.66357421875,0.0,0.0,60.0,0.0,0.0,-16.903541564941406,39.9053828,116.4073982,119.98,0.0,13.0,163.319833
NTUN,163359833,2252.66357421875,0.0,0.0,60.02,0.0,0.0,-16.903541564941406,39.9053828,116.4073982,119.98,0.0,13.0,163.359833
NTUN,163399833,2254.344482421875,0.0,0.0,60.04,0.0,0.0,-16.90276336669922,39.9053828,116.4073982,119.98,0.0,13.0,163.399833
NTUN,163439833,2254.344482421875,0.0,0.0,60.06,0.0,0.0,-16.90276336669922,39.9053828,116.4073982,119.98,0.0,13.0,163.439833
NTUN,163479833,2256.041259765625,0.0,0.0,60.08,0.0,0.0,-16.902992248535156,39.9053828,116.4073982,119.98,0.0,13.0,163.479833
NTUN,163519833,2256.041259765625,0.0,0.0,60.1,0.0,0.0,-16.902992248535156,39.9053828,116.4073982,119.98,0.0,13.0,163.519833
NTUN,163559833,2256.041259765625,0.0,0.0,60.12,0.0,0.0,-16.902992248535156,39.9053828,116.4073982,119.98,0.0,13.0,163.559833
NTUN,163599833,2257.730224609375,0.0,0.0,60.14,0.0,0.0,-16.9046688079834,39.9053828,116.4073982,119.98,0.0,13.0,163.599833
NTUN,163639833,2257.730224609375,0.0,0.0,60.16,0.0,0.0,-16.9046688079834,39.9053828,116.4073982,119.98,0.0,13.0,163.639833
NTUN,163679833,2259.4189453125,0.0,0.0,60.18,0.0,0.0,-16.904664993286133,39.9053828,116.4073982,119.98,0.0,13.0,163.679833
NTUN,163719833,2259.4189453125,0.0,0.0,60.19,0.0,0.0,-16.904664993286133,39.9053828,116.4073982,119.98,0.0,13.0,163.719833
NTUN,163759833,2259.4189453125,0.0,0.0,60.21,0.0,0.0,-16.904664993286133,39.9053828,116.4073982,119.98,0.0,13.0,163.759833
NTUN,163799833,2261.10791015625,0.0,0.0,60.23,0.0,0.0,-16.90594482421875,39.9053828,116.4073982,119.98,0.0,13.0,163.799833
NTUN,163839833,2261.10791015625,0.0,0.0,60.25,0.0,0.0,-16.90594482421875,39.9053828,116.4073982,119.98,0.0,13.0,163.839833
NTUN,163879833,2262.804931640625,0.0,0.0,60.27,0.0,0.0,-16.905445098876953,39.9053828,116.4073982,119.98,0.0,13.0,163.879833
NTUN,163919833,2262.804931640625,0.0,0.0,60.29,0.0,0.0,-16.905445098876953,39.9053828,116.4073982,119.98,0.0,13.0,163.919833
NTUN,163959833,2262.804931640625,0.0,0.0,60.31,0.0,0.0,-16.905445098876953,39.9053828,116.4073982,119.98,0.0,13.0,163.959833
NTUN,163999833,2264.49365234375,0.0,0.0,60.33,0.0,0.0,-16.905134201049805,39.9053828,116.4073982,119.98,0.0,13.0,163.999833
NTUN,164039833,2264.49365234375,0.0,0.0,60.35,0.0,0.0,-16.905134201049805,39.9053828,116.4073982,119.98,0.0,13.0,164.039833
NTUN,164079833,2266.1767578125,0.0,0.0,60.38,0.0,0.0,-16.90723419189453,39.9053828,116.4073982,119.98,0.0,13.0,164.079833
NTUN,164119833,2266.1767578125,0.0,0.0,60.4,0.0,0.0,-16.90723419189453,39.9053828,116.4073982,119.98,0.0,13.0,164.119833
NTUN,164159833,2266.1767578125,0.0,0.0,60.42,0.0,0.0,-16.90723419189453,39.9053828,116.4073982,119.98,0.0,13.0,164.159833
NTUN,164199833,2267.873779296875,0.0,0.0,60.44,0.0,0.0,-16.907175064086914,39.9053828,116.4073982,119.98,0.0,13.0,164.199833
NTUN,164239833,2267.873779296875,0.0,0.0,60.46,0.0,0.0,-16.907175064086914,39.9053828,116.4073982,119.98,0.0,13.0,164.239833
NTUN,164279833,2269.5625,0.0,0.0,60.48,0.0,0.0,-16.909317016601562,39.9053828,116.4073982,119.98,0.0,13.0,164.279833
NTUN,164319833,2269.5625,0.0,0.0,60.5,0.0,0.0,-16.909317016601562,39.9053828,116.4073982,119.98,0.0,13.0,164.319833
NTUN,164359833,2269.5625,0.0,0.0,60.52,0.0,0.0,-16.909317016601562,39.9053828,116.4073982,119.98,0.0,13.0,164.359833
NTUN,164399833,2271.25146484375,0.0,0.0,60.54,0.0,0.0,-16.911449432373047,39.9053828,116.4073982,119.98,0.0,13.0,164.399833
NTUN,164439833,2271.25146484375,0.0,0.0,60.56,0.0,0.0,-16.911449432373047,39.9053828,116.4073982,119.98,0.0,13.0,164.439833
NTUN,164479833,2272.948486328125,0.0,0.0,60.58,0.0,0.0,-16.911327362060547,39.9053828,116.4073982,119.98,0.0,13.0,164.479833
NTUN,164519833,2272.948486328125,0.0,0.0,60.6,0.0,0.0,-16.911327362060547,39.9053828,116.4073982,119.98,0.0,13.0,164.519833
NTUN,164559833,2272.948486328125,0.0,0.0,60.62,0.0,0.0,-16.911327362060547,39.9053828,116.4073982,119.98,0.0,13.0,164.559833
NTUN,164599833,2274.631591796875,0.0,0.0,60.64,0.0,0.0,-16.91217613220215,39.9053828,116.4073982,119.98,0.0,13.0,164.599833
NTUN,164639833,2274.631591796875,0.0,0.0,60.66,0.0,0.0,-16.91217613220215,39.9053828,116.4073982,119.98,0.0,13.0,164.639833
NTUN,164679833,2276.32861328125,0.0,0.0,60.68,0.0,0.0,-16.912729263305664,39.9053828,116.4073982,119.98,0.0,13.0,164.679833
NTUN,164719833,2276.32861328125,0.0,0.0,60.7,0.0,0.0,-16.912729263305664,39.9053828,116.4073982,119.98,0.0,13.0,164.719833
NTUN,164759833,2276.32861328125,0.0,0.0,60.73,0.0,0.0,-16.912729263305664,39.9053828,116.4073982,119.98,0.0,13.0,164.759833
NTUN,164799833,2278.017333984375,0.0,0.0,60.75,0.0,0.0,-16.91427993774414,39.9053828,116.4073982,119.98,0.0,13.0,164.799833
NTUN,164839833,2278.017333984375,0.0,0.0,60.77,0.0,0.0,-16.91427993774414,39.9053828,116.4073982,119.98,0.0,13.0,164.839833
NTUN,164879833,2279.700439453125,0.0,0.0,60.79,0.0,0.0,-16.916643142700195,39.9053828,116.4073982,119.98,0.0,13.0,164.879833
NTUN,164919833,2279.700439453125,0.0,0.0,60.81,0.0,0.0,-16.916643142700195,39.9053828,116.4073982,119.98,0.0,13.0,164.919833
NTUN,164959833,2279.700439453125,0.0,0.0,60.83,0.0,0.0,-16.916643142700195,39.9053828,116.4073982,119.98,0.0,13.0,164.959833
NTUN,164999833,2281.397216796875,0.0,0.0,60.85,0.0,0.0,-16.920440673828125,39.9053828,116.4073982,119.98,0.0,13.0,164.999833
NTUN,165039833,2281.397216796875,0.0,0.0,60.87,0.0,0.0,-16.920440673828125,39.9053828,116.4073982,119.98,0.0,13.0,165.039833
NTUN,165079833,2283.09423828125,0.0,0.0,60.89,0.0,0.0,-16.921884536743164,39.9053828,116.4073982,119.98,0.0,13.0,165.079833
NTUN,165119833,2283.09423828125,0.0,0.0,60.91,0.0,0.0,-16.921884536743164,39.9053828,116.4073982,119.98,0.0,13.0,165.119833
NTUN,165159833,2283.09423828125,0.0,0.0,60.93,0.0,0.0,-16.921884536743164,39.9053828,116.4073982,119.98,0.0,13.0,165.159833
NTUN,165199833,2284.783203125,0.0,0.0,60.95,0.0,0.0,-16.922569274902344,39.9053828,116.4073982,119.98,0.0,13.0,165.199833
NTUN,165239833,2284.783203125,0.0,0.0,60.97,0.0,0.0,-16.922569274902344,39.9053828,116.4073982,119.98,0.0,13.0,165.239833
NTUN,165279833,2286.480224609375,0.0,0.0,60.99,0.0,0.0,-16.923725128173828,39.9053828,116.4073982,119.98,0.0,13.0,165.279833
NTUN,165319833,2286.480224609375,0.0,0.0,61.01,0.0,0.0,-16.923725128173828,39.9053828,116.4073982,119.98,0.0,13.0,165.319833
NTUN,165359833,2286.480224609375,0.0,0.0,61.03,0.0,0.0,-16.923725128173828,39.9053828,116.4073982,119.98,0.0,13.0,165.359833
NTUN,165399833,2288.169189453125,0.0,0.0,61.05,0.0,0.0,-16.925477981567383,39.9053828,116.4073982,119.98,0.0,13.0,165.399833
NTUN,165439833,2288.169189453125,0.0,0.0,61.07,0.0,0.0,-16.925477981567383,39.9053828,116.4073982,119.98,0.0,13.0,165.439833
NTUN,165479833,2289.860107421875,0.0,0.0,61.09,0.0,0.0,-16.927204132080078,39.9053828,116.4073982,119.98,0.0,13.0,165.479833
NTUN,165519833,2289.860107421875,0.0,0.0,61.11,0.0,0.0,-16.927204132080078,39.9053828,116.4073982,119.98,0.0,13.0,165.519833
NTUN,165559833,2289.860107421875,0.0,0.0,61.13,0.0,0.0,-16.927204132080078,39.9053828,116.4073982,119.98,0.0,13.0,165.559833
NTUN,165599833,2291.55712890625,0.0,0.0,61.15,0.0,0.0,-16.931133270263672,39.9053828,116.4073982,119.98,0.0,13.0,165.599833
NTUN,165639833,2291.55712890625,0.0,0.0,61.17,0.0,0.0,-16.931133270263672,39.9053828,116.4073982,119.98,0.0,13.0,165.639833
NTUN,165679833,2293.24609375,0.0,0.0,61.19,0.0,0.0,-16.93305015563965,39.9053828,116.4073982,119.98,0.0,13.0,165.679833
NTUN,165719833,2293.24609375,0.0,0.0,61.21,0.0,0.0,-16.93305015563965,39.9053828,116.4073982,119.98,0.0,13.0,165.719833
NTUN,165759833,2293.24609375,0.0,0.0,61.22,0.0,0.0,-16.93305015563965,39.9053828,116.4073982,119.98,0.0,13.0,165.759833
NTUN,165799833,2294.937255859375,0.0,0.0,61.24,0.0,0.0,-16.936222076416016,39.9053828,116.4073982,119.98,0.0,13.0,165.799833
NTUN,165839833,2294.937255859375,0.0,0.0,61.26,0.0,0.0,-16.936222076416016,39.9053828,116.4073982,119.98,0.0,13.0,165.839833
NTUN,165879833,2296.634033203125,0.0,0.0,61.28,0.0,0.0,-16.939716339111328,39.9053828,116.4073982,119.98,0.0,13.0,165.879833
NTUN,165919833,2296.634033203125,0.0,0.0,61.3,0.0,0.0,-16.939716339111328,39.9053828,116.4073982,119.98,0.0,13.0,165.919833
NTUN,165959833,2296.634033203125,0.0,0.0,61.32,0.0,0.0,-16.939716339111328,39.9053828,116.4073982,119.98,0.0,13.0,165.959833
NTUN,165999833,2298.3251953125,0.0,0.0,61.34,0.0,0.0,-16.942291259765625,39.9053828,116.4073982,119.98,0.0,13.0,165.999833
NTUN,166039833,2298.3251953125,0.0,0.0,61.36,0.0,0.0,-16.942291259765625,39.9053828,116.4073982,119.98,0.0,13.0,166.039833
NTUN,166079833,2300.022216796875,0.0,0.0,61.38,0.0,0.0,-16.94407844543457,39.9053828,116.4073982,119.98,0.0,13.0,166.079833
NTUN,166119833,2300.022216796875,0.0,0.0,61.4,0.0,0.0,-16.94407844543457,39.9053828,116.4073982,119.98,0.0,13.0,166.119833
NTUN,166159833,2300.022216796875,0.0,0.0,61.42,0.0,0.0,-16.94407844543457,39.9053828,116.4073982,119.98,0.0,13.0,166.159833
NTUN,166199833,2301.71337890625,0.0,0.0,61.44,0.0,0.0,-16.94405746459961,39.9053828,116.4073982,119.98,0.0,13.0,166.199833
NTUN,166239833,2301.71337890625,0.0,0.0,61.46,0.0,0.0,-16.94405746459961,39.9053828,116.4073982,119.98,0.0,13.0,166.239833
NTUN,166279833,2303.410400390625,0.0,0.0,61.48,0.0,0.0,-16.94680404663086,39.9053828,116.4073982,119.98,0.0,13.0,166.279833
NTUN,166319833,2303.410400390625,0.0,0.0,61.5,0.0,0.0,-16.94680404663086,39.9053828,116.4073982,119.98,0.0,13.0,166.319833
NTUN,166359833,2303.410400390625,0.0,0.0,61.52,0.0,0.0,-16.94680404663086,39.9053828,116.4073982,119.98,0.0,13.0,166.359833
NTUN,166399833,2305.101318359375,0.0,0.0,61.54,0.0,0.0,-16.9483585357666,39.9053828,116.4073982,119.98,0.0,13.0,166.399833
NTUN,166439833,2305.101318359375,0.0,0.0,61.56,0.0,0.0,-16.9483585357666,39.9053828,116.4073982,119.98,0.0,13.0,166.439833
NTUN,166479833,2306.79248046875,0.0,0.0,61.58,0.0,0.0,-16.950944900512695,39.9053828,116.4073982,119.98,0.0,13.0,166.479833
NTUN,166519833,2306.79248046875,0.0,0.0,61.6,0.0,0.0,-16.950944900512695,39.9053828,116.4073982,119.98,0.0,13.0,166.519833
NTUN,166559833,2306.79248046875,0.0,0.0,61.62,0.0,0.0,-16.950944900512695,39.9053828,116.4073982,119.98,0.0,13.0,166.559833
NTUN,166599833,2308.489501953125,0.0,0.0,61.64,0.0,0.0,-16.954320907592773,39.9053828,116.4073982,119.98,0.0,13.0,166.599833
NTUN,166639833,2308.489501953125,0.0,0.0,61.66,0.0,0.0,-16.954320907592773,39.9053828,116.4073982,119.98,0.0,13.0,166.639833
NTUN,166679833,2310.1806640625,0.0,0.0,61.69,0.0,0.0,-16.95571517944336,39.9053828,116.4073982,119.98,0.0,13.0,166.679833
NTUN,166719833,2310.1806640625,0.0,0.0,61.71,0.0,0.0,-16.95571517944336,39.9053828,116.4073982,119.98,0.0,13.0,166.719833
NTUN,166759833,2310.1806640625,0.0,0.0,61.73,0.0,0.0,-16.95571517944336,39.9053828,116.4073982,119.98,0.0,13.0,166.759833
NTUN,166799833,2311.871826171875,0.0,0.0,61.75,0.0,0.0,-16.956079483032227,39.9053828,116.4073982,119.98,0.0,13.0,166.799833
NTUN,166839833,2311.871826171875,0.0,0.0,61.77,0.0,0.0,-16.956079483032227,39.9053828,116.4073982,119.98,0.0,13.0,166.839833
NTUN,166879833,2313.568603515625,0.0,0.0,61.79,0.0,0.0,-16.956687927246094,39.9053828,116.4073982,119.98,0.0,13.0,166.879833
NTUN,166919833,2313.568603515625,0.0,0.0,61.81,0.0,0.0,-16.956687927246094,39.9053828,116.4073982,119.98,0.0,13.0,166.919833
NTUN,166959833,2313.568603515625,0.0,0.0,61.83,0.0,0.0,-16.956687927246094,39.9053828,116.4073982,119.98,0.0,13.0,166.959833
NTUN,166999833,2315.259765625,0.0,0.0,61.85,0.0,0.0,-16.959022521972656,39.9053828,116.4073982,119.98,0.0,13.0,166.999833
NTUN,167039833,2315.259765625,0.0,0.0,61.87,0.0,0.0,-16.959022521972656,39.9053828,116.4073982,119.98,0.0,13.0,167.039833
NTUN,167079833,2316.956787109375,0.0,0.0,61.89,0.0,0.0,-16.961511611938477,39.9053828,116.4073982,119.98,0.0,13.0,167.079833
NTUN,167119833,2316.956787109375,0.0,0.0,61.91,0.0,0.0,-16.961511611938477,39.9053828,116.4073982,119.98,0.0,13.0,167.119833
NTUN,167159833,2316.956787109375,0.0,0.0,61.93,0.0,0.0,-16.961511611938477,39.9053828,116.4073982,119.98,0.0,13.0,167.159833
NTUN,167199833,2318.64794921875,0.0,0.0,61.95,0.0,0.0,-16.963064193725586,39.9053828,116.4073982,119.98,0.0,13.0,167.199833
NTUN,167239833,2318.64794921875,0.0,0.0,61.97,0.0,0.0,-16.963064193725586,39.9053828,116.4073982,119.98,0.0,13.0,167.239833
NTUN,167279833,2320.35302734375,0.0,0.0,61.99,0.0,0.0,-16.9636287689209,39.9053828,116.4073982,119.98,0.0,13.0,167.279833
NTUN,167319833,2320.35302734375,0.0,0.0,62.01,0.0,0.0,-16.9636287689209,39.9053828,116.4073982,119.98,0.0,13.0,167.319833
NTUN,167359833,2320.35302734375,0.0,0.0,62.03,0.0,0.0,-16.9636287689209,39.9053828,116.4073982,119.98,0.0,13.0,167.359833
NTUN,167399833,2322.050048828125,0.0,0.0,62.05,0.0,0.0,-16.964515686035156,39.9053828,116.4073982,119.98,0.0,13.0,167.399833
NTUN,167439833,2322.050048828125,0.0,0.0,62.07,0.0,0.0,-16.964515686035156,39.9053828,116.4073982,119.98,0.0,13.0,167.439833
NTUN,167479833,2323.740966796875,0.0,0.0,62.09,0.0,0.0,-16.965179443359375,39.9053828,116.4073982,119.98,0.0,13.0,167.479833
NTUN,167519833,2323.740966796875,0.0,0.0,62.11,0.0,0.0,-16.965179443359375,39.9053828,116.4073982,119.98,0.0,13.0,167.519833
NTUN,167559833,2323.740966796875,0.0,0.0,62.12,0.0,0.0,-16.965179443359375,39.9053828,116.4073982,119.98,0.0,13.0,167.559833
NTUN,167599833,2325.43798828125,0.0,0.0,62.14,0.0,0.0,-16.966135025024414,39.9053828,116.4073982,119.98,0.0,13.0,167.599833
NTUN,167639833,2325.43798828125,0.0,0.0,62.16,0.0,0.0,-16.966135025024414,39.9053828,116.4073982,119.98,0.0,13.0,167.639833
NTUN,167679833,2327.135009765625,0.0,0.0,62.18,0.0,0.0,-16.96742820739746,39.9053828,116.4073982,119.98,0.0,13.0,167.679833
NTUN,167719833,2327.135009765625,0.0,0.0,62.2,0.0,0.0,-16.96742820739746,39.9053828,116.4073982,119.98,0.0,13.0,167.719833
NTUN,167759833,2327.135009765625,0.0,0.0,62.22,0.0,0.0,-16.96742820739746,39.9053828,116.4073982,119.98,0.0,13.0,167.759833
NTUN,167799833,2328.834228515625,0.0,0.0,62.24,0.0,0.0,-16.968935012817383,39.9053828,116.4073982,119.98,0.0,13.0,167.799833
NTUN,167839833,2328.834228515625,0.0,0.0,62.26,0.0,0.0,-16.968935012817383,39.9053828,116.4073982,119.98,0.0,13.0,167.839833
NTUN,167879833,2330.53125,0.0,0.0,62.28,0.0,0.0,-16.970703125,39.9053828,116.4073982,119.98,0.0,13.0,167.879833
NTUN,167919833,2330.53125,0.0,0.0,62.3,0.0,0.0,-16.970703125,39.9053828,116.4073982,119.98,0.0,13.0,167.919833
NTUN,167959833,2330.53125,0.0,0.0,62.32,0.0,0.0,-16.970703125,39.9053828,116.4073982,119.98,0.0,13.0,167.959833
NTUN,167999833,2332.22802734375,0.0,0.0,62.34,0.0,0.0,-16.974027633666992,39.9053828,116.4073982,119.98,0.0,13.0,167.999833
NTUN,168039833,2332.22802734375,0.0,0.0,62.36,0.0,0.0,-16.974027633666992,39.9053828,116.4073982,119.98,0.0,13.0,168.039833
NTUN,168079833,2333.92529296875,0.0,0.0,62.38,0.0,0.0,-16.973417282104492,39.9053828,116.4073982,119.98,0.0,13.0,168.079833
NTUN,168119833,2333.92529296875,0.0,0.0,62.4,0.0,0.0,-16.973417282104492,39.9053828,116.4073982,119.98,0.0,13.0,168.119833
NTUN,168159833,2333.92529296875,0.0,0.0,62.42,0.0,0.0,-16.973417282104492,39.9053828,116.4073982,119.98,0.0,13.0,168.159833
NTUN,168199833,2335.6162109375,0.0,0.0,62.44,0.0,0.0,-16.975339889526367,39.9053828,116.4073982,119.98,0.0,13.0,168.199833
NTUN,168239833,2335.6162109375,0.0,0.0,62.46,0.0,0.0,-16.975339889526367,39.9053828,116.4073982,119.98,0.0,13.0,168.239833
NTUN,168279833,2337.3212890625,0.0,0.0,62.48,0.0,0.0,-16.97808837890625,39.9053828,116.4073982,119.98,0.0,13.0,168.279833
NTUN,168319833,2337.3212890625,0.0,0.0,62.5,0.0,0.0,-16.97808837890625,39.9053828,116.4073982,119.98,0.0,13.0,168.319833
NTUN,168359833,2337.3212890625,0.0,0.0,62.52,0.0,0.0,-16.97808837890625,39.9053828,116.4073982,119.98,0.0,13.0,168.359833
NTUN,168399833,2339.018310546875,0.0,0.0,62.54,0.0,0.0,-16.97771644592285,39.9053828,116.4073982,119.98,0.0,13.0,168.399833
NTUN,168439833,2339.018310546875,0.0,0.0,62.55,0.0,0.0,-16.97771644592285,39.9053828,116.4073982,119.98,0.0,13.0,168.439833
NTUN,168479833,2340.723388671875,0.0,0.0,62.57,0.0,0.0,-16.979293823242188,39.9053828,116.4073982,119.98,0.0,13.0,168.479833
NTUN,168519833,2340.723388671875,0.0,0.0,62.59,0.0,0.0,-16.979293823242188,39.9053828,116.4073982,119.98,0.0,13.0,168.519833
NTUN,168559833,2340.723388671875,0.0,0.0,62.61,0.0,0.0,-16.979293823242188,39.9053828,116.4073982,119.98,0.0,13.0,168.559833
NTUN,168599833,2342.42041015625,0.0,0.0,62.63,0.0,0.0,-16.97903823852539,39.9053828,116.4073982,119.98,0.0,13.0,168.599833
NTUN,168639833,2342.42041015625,0.0,0.0,62.65,0.0,0.0,-16.97903823852539,39.9053828,116.4073982,119.98,0.0,13.0,168.639833
NTUN,168679833,2344.12548828125,0.0,0.0,62.67,0.0,0.0,-16.978595733642578,39.9053828,116.4073982,119.98,0.0,13.0,168.679833
NTUN,168719833,2344.12548828125,0.0,0.0,62.69,0.0,0.0,-16.978595733642578,39.9053828,116.4073982,119.98,0.0,13.0,168.719833
NTUN,168759833,2344.12548828125,0.0,0.0,62.71,0.0,0.0,-16.978595733642578,39.9053828,116.4073982,119.98,0.0,13.0,168.759833
NTUN,168799833,2345.822265625,0.0,0.0,62.73,0.0,0.0,-16.978519439697266,39.9053828,116.4073982,119.98,0.0,13.0,168.799833
NTUN,168839833,2345.822265625,0.0,0.0,62.75,0.0,0.0,-16.978519439697266,39.9053828,116.4073982,119.98,0.0,13.0,168.839833
NTUN,168879833,2347.521484375,0.0,0.0,62.77,0.0,0.0,-16.977798461914062,39.9053828,116.4073982,119.98,0.0,13.0,168.879833
NTUN,168919833,2347.521484375,0.0,0.0,62.79,0.0,0.0,-16.977798461914062,39.9053828,116.4073982,119.98,0.0,13.0,168.919833
NTUN,168959833,2347.521484375,0.0,0.0,62.81,0.0,0.0,-16.977798461914062,39.9053828,116.4073982,119.98,0.0,13.0,168.959833
NTUN,168999833,2349.21875,0.0,0.0,62.83,0.0,0.0,-16.97974395751953,39.9053828,116.4073982,119.98,0.0,13.0,168.999833
NTUN,169039833,2349.21875,0.0,0.0,62.85,0.0,0.0,-16.97974395751953,39.9053828,116.4073982,119.98,0.0,13.0,169.039833
NTUN,169079833,2350.923583984375,0.0,0.0,62.87,0.0,0.0,-16.97937774658203,39.9053828,116.4073982,119.98,0.0,13.0,169.079833
NTUN,169119833,2350.923583984375,0.0,0.0,62.88,0.0,0.0,-16.97937774658203,39.9053828,116.4073982,119.98,0.0,13.0,169.119833
NTUN,169159833,2350.923583984375,0.0,0.0,62.9,0.0,0.0,-16.97937774658203,39.9053828,116.4073982,119.98,0.0,13.0,169.159833
NTUN,169199833,2352.62060546875,0.0,0.0,62.92,0.0,0.0,-16.978544235229492,39.9053828,116.4073982,119.98,0.0,13.0,169.199833
NTUN,169239833,2352.62060546875,0.0,0.0,62.94,0.0,0.0,-16.978544235229492,39.9053828,116.4073982,119.98,0.0,13.0,169.239833
NTUN,169279833,2354.32568359375,0.0,0.0,62.96,0.0,0.0,-16.978797912597656,39.9053828,116.4073982,119.98,0.0,13.0,169.279833
NTUN,169319833,2354.32568359375,0.0,0.0,62.98,0.0,0.0,-16.978797912597656,39.9053828,116.4073982,119.98,0.0,13.0,169.319833
NTUN,169359833,2354.32568359375,0.0,0.0,63.0,0.0,0.0,-16.978797912597656,39.9053828,116.4073982,119.98,0.0,13.0,169.359833
NTUN,169399833,2356.016845703125,0.0,0.0,63.01,0.0,0.0,-16.97764778137207,39.9053828,116.4073982,119.98,0.0,13.0,169.399833
NTUN,169439833,2356.016845703125,0.0,0.0,63.03,0.0,0.0,-16.97764778137207,39.9053828,116.4073982,119.98,0.0,13.0,169.439833
NTUN,169479833,2357.7138671875,0.0,0.0,63.05,0.0,0.0,-16.978485107421875,39.9053828,116.4073982,119.98,0.0,13.0,169.479833
NTUN,169519833,2357.7138671875,0.0,0.0,63.07,0.0,0.0,-16.978485107421875,39.9053828,116.4073982,119.98,0.0,13.0,169.519833
NTUN,169559833,2357.7138671875,0.0,0.0,63.09,0.0,0.0,-16.978485107421875,39.9053828,116.4073982,119.98,0.0,13.0,169.559833
NTUN,169599833,2359.4130859375,0.0,0.0,63.11,0.0,0.0,-16.97939109802246,39.9053828,116.4073982,119.98,0.0,13.0,169.599833
NTUN,169639833,2359.4130859375,0.0,0.0,63.13,0.0,0.0,-16.97939109802246,39.9053828,116.4073982,119.98,0.0,13.0,169.639833
NTUN,169679833,2361.10986328125,0.0,0.0,63.15,0.0,0.0,-16.97983741760254,39.9053828,116.4073982,119.98,0.0,13.0,169.679833
NTUN,169719833,2361.10986328125,0.0,0.0,63.16,0.0,0.0,-16.97983741760254,39.9053828,116.4073982,119.98,0.0,13.0,169.719833
NTUN,169759833,2361.10986328125,0.0,0.0,63.18,0.0,0.0,-16.97983741760254,39.9053828,116.4073982,119.98,0.0,13.0,169.759833
NTUN,169799833,2362.80908203125,0.0,0.0,63.2,0.0,0.0,-16.978605270385742,39.9053828,116.4073982,119.98,0.0,13.0,169.799833
NTUN,169839833,2362.80908203125,0.0,0.0,63.22,0.0,0.0,-16.978605270385742,39.9053828,116.4073982,119.98,0.0,13.0,169.839833
NTUN,169879833,2364.500244140625,0.0,0.0,63.24,0.0,0.0,-16.9768009185791,39.9053828,116.4073982,119.98,0.0,13.0,169.879833
NTUN,169919833,2364.500244140625,0.0,0.0,63.26,0.0,0.0,-16.9768009185791,39.9053828,116.4073982,119.98,0.0,13.0,169.919833
NTUN,169959833,2364.500244140625,0.0,0.0,63.28,0.0,0.0,-16.9768009185791,39.9053828,116.4073982,119.98,0.0,13.0,169.959833
NTUN,169999833,2366.199462890625,0.0,0.0,63.3,0.0,0.0,-16.975313186645508,39.9053828,116.4073982,119.98,0.0,13.0,169.999833
NTUN,170039833,2366.199462890625,0.0,0.0,63.32,0.0,0.0,-16.975313186645508,39.9053828,116.4073982,119.98,0.0,13.0,170.039833
NTUN,170079833,2367.898681640625,0.0,0.0,63.34,0.0,0.0,-16.97243881225586,39.9053828,116.4073982,119.98,0.0,13.0,170.079833
NTUN,170119833,2367.898681640625,0.0,0.0,63.35,0.0,0.0,-16.97243881225586,39.9053828,116.4073982,119.98,0.0,13.0,170.119833
NTUN,170159833,2367.898681640625,0.0,0.0,63.37,0.0,0.0,-16.97243881225586,39.9053828,116.4073982,119.98,0.0,13.0,170.159833
NTUN,170199833,2369.597900390625,0.0,0.0,63.39,0.0,0.0,-16.9732723236084,39.9053828,116.4073982,119.98,0.0,13.0,170.199833
NTUN,170239833,2369.597900390625,0.0,0.0,63.41,0.0,0.0,-16.9732723236084,39.9053828,116.4073982,119.98,0.0,13.0,170.239833
NTUN,170279833,2371.294921875,0.0,0.0,63.43,0.0,0.0,-16.973648071289062,39.9053828,116.4073982,119.98,0.0,13.0,170.279833
NTUN,170319833,2371.294921875,0.0,0.0,63.45,0.0,0.0,-16.973648071289062,39.9053828,116.4073982,119.98,0.0,13.0,170.319833
NTUN,170359833,2371.294921875,0.0,0.0,63.47,0.0,0.0,-16.973648071289062,39.9053828,116.4073982,119.98,0.0,13.0,170.359833
NTUN,170399833,2372.994140625,0.0,0.0,63.48,0.0,0.0,-16.971628189086914,39.9053828,116.4073982,119.98,0.0,13.0,170.399833
NTUN,170439833,2372.994140625,0.0,0.0,63.5,0.0,0.0,-16.971628189086914,39.9053828,116.4073982,119.98,0.0,13.0,170.439833
NTUN,170479833,2374.693359375,0.0,0.0,63.52,0.0,0.0,-16.971054077148438,39.9053828,116.4073982,119.98,0.0,13.0,170.479833
NTUN,170519833,2374.693359375,0.0,0.0,63.54,0.0,0.0,-16.971054077148438,39.9053828,116.4073982,119.98,0.0,13.0,170.519833
NTUN,170559833,2374.693359375,0.0,0.0,63.56,0.0,0.0,-16.971054077148438,39.9053828,116.4073982,119.98,0.0,13.0,170.559833
NTUN,170599833,2376.38427734375,0.0,0.0,63.57,0.0,0.0,-16.96946144104004,39.9053828,116.4073982,119.98,0.0,13.0,170.599833
NTUN,170639833,2376.38427734375,0.0,0.0,63.59,0.0,0.0,-16.96946144104004,39.9053828,116.4073982,119.98,0.0,13.0,170.639833
NTUN,170679833,2378.08349609375,0.0,0.0,63.61,0.0,0.0,-16.96882438659668,39.9053828,116.4073982,119.98,0.0,13.0,170.679833
NTUN,170719833,2378.08349609375,0.0,0.0,63.63,0.0,0.0,-16.96882438659668,39.9053828,116.4073982,119.98,0.0,13.0,170.719833
NTUN,170759833,2378.08349609375,0.0,0.0,63.65,0.0,0.0,-16.96882438659668,39.9053828,116.4073982,119.98,0.0,13.0,170.759833
NTUN,170799833,2379.774658203125,0.0,0.0,63.66,0.0,0.0,-16.96546173095703,39.9053828,116.4073982,119.98,0.0,13.0,170.799833
NTUN,170839833,2379.774658203125,0.0,0.0,63.68,0.0,0.0,-16.96546173095703,39.9053828,116.4073982,119.98,0.0,13.0,170.839833
NTUN,170879833,2381.473876953125,0.0,0.0,63.7,0.0,0.0,-16.96503448486328,39.9053828,116.4073982,119.98,0.0,13.0,170.879833
NTUN,170919833,2381.473876953125,0.0,0.0,63.72,0.0,0.0,-16.96503448486328,39.9053828,116.4073982,119.98,0.0,13.0,170.919833
NTUN,170959833,2381.473876953125,0.0,0.0,63.74,0.0,0.0,-16.96503448486328,39.9053828,116.4073982,119.98,0.0,13.0,170.959833
NTUN,170999833,2383.173095703125,0.0,0.0,63.75,0.0,0.0,-16.964017868041992,39.9053828,116.4073982,119.98,0.0,13.0,170.999833
NTUN,171039833,2383.173095703125,0.0,0.0,63.77,0.0,0.0,-16.964017868041992,39.9053828,116.4073982,119.98,0.0,13.0,171.039833
NTUN,171079833,2384.8642578125,0.0,0.0,63.79,0.0,0.0,-16.959962844848633,39.9053828,116.4073982,119.98,0.0,13.0,171.079833
NTUN,171119833,2384.8642578125,0.0,0.0,63.81,0.0,0.0,-16.959962844848633,39.9053828,116.4073982,119.98,0.0,13.0,171.119833
NTUN,171159833,2384.8642578125,0.0,0.0,63.82,0.0,0.0,-16.959962844848633,39.9053828,116.4073982,119.98,0.0,13.0,171.159833
NTUN,171199833,2386.555419921875,0.0,0.0,63.84,0.0,0.0,-16.95911407470703,39.9053828,116.4073982,119.98,0.0,13.0,171.199833
NTUN,171239833,2386.555419921875,0.0,0.0,63.86,0.0,0.0,-16.95911407470703,39.9053828,116.4073982,119.98,0.0,13.0,171.239833
NTUN,171279833,2388.248779296875,0.0,0.0,63.88,0.0,0.0,-16.95721435546875,39.9053828,116.4073982,119.98,0.0,13.0,171.279833
NTUN,171319833,2388.248779296875,0.0,0.0,63.9,0.0,0.0,-16.95721435546875,39.9053828,116.4073982,119.98,0.0,13.0,171.319833
NTUN,171359833,2388.248779296875,0.0,0.0,63.91,0.0,0.0,-16.95721435546875,39.9053828,116.4073982,119.98,0.0,13.0,171.359833
NTUN,171399833,2389.939697265625,0.0,0.0,63.93,0.0,0.0,-16.955411911010742,39.9053828,116.4073982,119.98,0.0,13.0,171.399833
NTUN,171439833,2389.939697265625,0.0,0.0,63.95,0.0,0.0,-16.955411911010742,39.9053828,116.4073982,119.98,0.0,13.0,171.439833
NTUN,171479833,2391.638916015625,0.0,0.0,63.97,0.0,0.0,-16.95417594909668,39.9053828,116.4073982,119.98,0.0,13.0,171.479833
NTUN,171519833,2391.638916015625,0.0,0.0,63.99,0.0,0.0,-16.95417594909668,39.9053828,116.4073982,119.98,0.0,13.0,171.519833
NTUN,171559833,2391.638916015625,0.0,0.0,64.0,0.0,0.0,-16.95417594909668,39.9053828,116.4073982,119.98,0.0,13.0,171.559833
NTUN,171599833,2393.32421875,0.0,0.0,64.02,0.0,0.0,-16.9522705078125,39.9053828,116.4073982,119.98,0.0,13.0,171.599833
NTUN,171639833,2393.32421875,0.0,0.0,64.04,0.0,0.0,-16.9522705078125,39.9053828,116.4073982,119.98,0.0,13.0,171.639833
NTUN,171679833,2395.0234375,0.0,0.0,64.06,0.0,0.0,-16.950069427490234,39.9053828,116.4073982,119.98,0.0,13.0,171.679833
NTUN,171719833,2395.0234375,0.0,0.0,64.07,0.0,0.0,-16.950069427490234,39.9053828,116.4073982,119.98,0.0,13.0,171.719833
NTUN,171759833,2395.0234375,0.0,0.0,64.09,0.0,0.0,-16.950069427490234,39.9053828,116.4073982,119.98,0.0,13.0,171.759833
NTUN,171799833,2396.72265625,0.0,0.0,64.11,0.0,0.0,-16.94867706298828,39.9053828,116.4073982,119.98,0.0,13.0,171.799833
NTUN,171839833,2396.72265625,0.0,0.0,64.13,0.0,0.0,-16.94867706298828,39.9053828,116.4073982,119.98,0.0,13.0,171.839833
NTUN,171879833,2398.407958984375,0.0,0.0,64.14,0.0,0.0,-16.944955825805664,39.9053828,116.4073982,119.98,0.0,13.0,171.879833
NTUN,171919833,2398.407958984375,0.0,0.0,64.16,0.0,0.0,-16.944955825805664,39.9053828,116.4073982,119.98,0.0,13.0,171.919833
NTUN,171959833,2398.407958984375,0.0,0.0,64.18,0.0,0.0,-16.944955825805664,39.9053828,116.4073982,119.98,0.0,13.0,171.959833
NTUN,171999833,2400.107177734375,0.0,0.0,64.2,0.0,0.0,-16.943031311035156,39.9053828,116.4073982,119.98,0.0,13.0,171.999833
NTUN,172039833,2400.107177734375,0.0,0.0,64.21,0.0,0.0,-16.943031311035156,39.9053828,116.4073982,119.98,0.0,13.0,172.039833
NTUN,172079833,2401.80029296875,0.0,0.0,64.23,0.0,0.0,-16.941648483276367,39.9053828,116.4073982,119.98,0.0,13.0,172.079833
NTUN,172119833,2401.80029296875,0.0,0.0,64.25,0.0,0.0,-16.941648483276367,39.9053828,116.4073982,119.98,0.0,13.0,172.119833
NTUN,172159833,2401.80029296875,0.0,0.0,64.27,0.0,0.0,-16.941648483276367,39.9053828,116.4073982,119.98,0.0,13.0,172.159833
NTUN,172199833,2403.49951171875,0.0,0.0,64.29,0.0,0.0,-16.941268920898438,39.9053828,116.4073982,119.98,0.0,13.0,172.199833
NTUN,172239833,2403.49951171875,0.0,0.0,64.3,0.0,0.0,-16.941268920898438,39.9053828,116.4073982,119.98,0.0,13.0,172.239833
NTUN,172279833,2405.184814453125,0.0,0.0,64.32,0.0,0.0,-16.937978744506836,39.9053828,116.4073982,119.98,0.0,13.0,172.279833
NTUN,172319833,2405.184814453125,0.0,0.0,64.34,0.0,0.0,-16.937978744506836,39.9053828,116.4073982,119.98,0.0,13.0,172.319833
NTUN,172359833,2405.184814453125,0.0,0.0,64.36,0.0,0.0,-16.937978744506836,39.9053828,116.4073982,119.98,0.0,13.0,172.359833
NTUN,172399833,2406.878173828125,0.0,0.0,64.37,0.0,0.0,-16.936260223388672,39.9053828,116.4073982,119.98,0.0,13.0,172.399833
NTUN,172439833,2406.878173828125,0.0,0.0,64.39,0.0,0.0,-16.936260223388672,39.9053828,116.4073982,119.98,0.0,13.0,172.439833
NTUN,172479833,2408.571533203125,0.0,0.0,64.41,0.0,0.0,-16.933086395263672,39.9053828,116.4073982,119.98,0.0,13.0,172.479833
NTUN,172519833,2408.571533203125,0.0,0.0,64.42,0.0,0.0,-16.933086395263672,39.9053828,116.4073982,119.98,0.0,13.0,172.519833
NTUN,172559833,2408.571533203125,0.0,0.0,64.44,0.0,0.0,-16.933086395263672,39.9053828,116.4073982,119.98,0.0,13.0,172.559833
NTUN,172599833,2410.270751953125,0.0,0.0,64.46,0.0,0.0,-16.930194854736328,39.9053828,116.4073982,119.98,0.0,13.0,172.599833
NTUN,172639833,2410.270751953125,0.0,0.0,64.48,0.0,0.0,-16.930194854736328,39.9053828,116.4073982,119.98,0.0,13.0,172.639833
NTUN,172679833,2411.964111328125,0.0,0.0,64.49,0.0,0.0,-16.92984390258789,39.9053828,116.4073982,119.98,0.0,13.0,172.679833
NTUN,172719833,2411.964111328125,0.0,0.0,64.51,0.0,0.0,-16.92984390258789,39.9053828,116.4073982,119.98,0.0,13.0,172.719833
NTUN,172759833,2411.964111328125,0.0,0.0,64.53,0.0,0.0,-16.92984390258789,39.9053828,116.4073982,119.98,0.0,13.0,172.759833
NTUN,172799833,2413.6630859375,0.0,0.0,64.55,0.0,0.0,-16.927379608154297,39.9053828,116.4073982,119.98,0.0,13.0,172.799833
NTUN,172839833,2413.6630859375,0.0,0.0,64.57,0.0,0.0,-16.927379608154297,39.9053828,116.4073982,119.98,0.0,13.0,172.839833
NTUN,172879833,2415.348388671875,0.0,0.0,64.59,0.0,0.0,-16.92603874206543,39.9053828,116.4073982,119.98,0.0,13.0,172.879833
NTUN,172919833,2415.348388671875,0.0,0.0,64.61,0.0,0.0,-16.92603874206543,39.9053828,116.4073982,119.98,0.0,13.0,172.919833
NTUN,172959833,2415.348388671875,0.0,0.0,64.63,0.0,0.0,-16.92603874206543,39.9053828,116.4073982,119.98,0.0,13.0,172.959833
NTUN,172999833,2417.047607421875,0.0,0.0,64.65,0.0,0.0,-16.92717933654785,39.9053828,116.4073982,119.98,0.0,13.0,172.999833
NTUN,173039833,2417.047607421875,0.0,0.0,64.67,0.0,0.0,-16.92717933654785,39.9053828,116.4073982,119.98,0.0,13.0,173.039833
NTUN,173079833,2418.73291015625,0.0,0.0,64.69,0.0,0.0,-16.92728614807129,39.9053828,116.4073982,119.98,0.0,13.0,173.079833
NTUN,173119833,2418.73291015625,0.0,0.0,64.71,0.0,0.0,-16.92728614807129,39.9053828,116.4073982,119.98,0.0,13.0,173.119833
NTUN,173159833,2418.73291015625,0.0,0.0,64.73,0.0,0.0,-16.92728614807129,39.9053828,116.4073982,119.98,0.0,13.0,173.159833
NTUN,173199833,2420.43212890625,0.0,0.0,64.75,0.0,0.0,-16.92754364013672,39.9053828,116.4073982,119.98,0.0,13.0,173.199833
NTUN,173239833,2420.43212890625,0.0,0.0,64.78,0.0,0.0,-16.92754364013672,39.9053828,116.4073982,119.98,0.0,13.0,173.239833
NTUN,173279833,2422.117431640625,0.0,0.0,64.8,0.0,0.0,-16.929733276367188,39.9053828,116.4073982,119.98,0.0,13.0,173.279833
NTUN,173319833,2422.117431640625,0.0,0.0,64.82,0.0,0.0,-16.929733276367188,39.9053828,116.4073982,119.98,0.0,13.0,173.319833
NTUN,173359833,2422.117431640625,0.0,0.0,64.84,0.0,0.0,-16.929733276367188,39.9053828,116.4073982,119.98,0.0,13.0,173.359833
NTUN,173399833,2423.816650390625,0.0,0.0,64.86,0.0,0.0,-16.932939529418945,39.9053828,116.4073982,119.98,0.0,13.0,173.399833
NTUN,173439833,2423.816650390625,0.0,0.0,64.88,0.0,0.0,-16.932939529418945,39.9053828,116.4073982,119.98,0.0,13.0,173.439833
NTUN,173479833,2425.509765625,0.0,0.0,64.9,0.0,0.0,-16.934568405151367,39.9053828,116.4073982,119.98,0.0,13.0,173.479833
NTUN,173519833,2425.509765625,0.0,0.0,64.93,0.0,0.0,-16.934568405151367,39.9053828,116.4073982,119.98,0.0,13.0,173.519833
NTUN,173559833,2425.509765625,0.0,0.0,64.95,0.0,0.0,-16.934568405151367,39.9053828,116.4073982,119.98,0.0,13.0,173.559833
NTUN,173599833,2427.203125,0.0,0.0,64.97,0.0,0.0,-16.938251495361328,39.9053828,116.4073982,119.98,0.0,13.0,173.599833
NTUN,173639833,2427.203125,0.0,0.0,64.99,0.0,0.0,-16.938251495361328,39.9053828,116.4073982,119.98,0.0,13.0,173.639833
NTUN,173679833,2428.894287109375,0.0,0.0,65.01,0.0,0.0,-16.941604614257812,39.9053828,116.4073982,119.98,0.0,13.0,173.679833
NTUN,173719833,2428.894287109375,0.0,0.0,65.04,0.0,0.0,-16.941604614257812,39.9053828,116.4073982,119.98,0.0,13.0,173.719833
NTUN,173759833,2428.894287109375,0.0,0.0,65.06,0.0,0.0,-16.941604614257812,39.9053828,116.4073982,119.98,0.0,13.0,173.759833
NTUN,173799833,2430.587646484375,0.0,0.0,65.08,0.0,0.0,-16.947181701660156,39.9053828,116.4073982,119.98,0.0,13.0,173.799833
NTUN,173839833,2430.587646484375,0.0,0.0,65.1,0.0,0.0,-16.947181701660156,39.9053828,116.4073982,119.98,0.0,13.0,173.839833
NTUN,173879833,2432.281005859375,0.0,0.0,65.12,0.0,0.0,-16.951051712036133,39.9053828,116.4073982,119.98,0.0,13.0,173.879833
NTUN,173919833,2432.281005859375,0.0,0.0,65.14,0.0,0.0,-16.951051712036133,39.9053828,116.4073982,119.98,0.0,13.0,173.919833
NTUN,173959833,2432.281005859375,0.0,0.0,65.16,0.0,0.0,-16.951051712036133,39.9053828,116.4073982,119.98,0.0,13.0,173.959833
NTUN,173999833,2433.974365234375,0.0,0.0,65.18,0.0,0.0,-16.95612907409668,39.9053828,116.4073982,119.98,0.0,13.0,173.999833
NTUN,174039833,2433.974365234375,0.0,0.0,65.2,0.0,0.0,-16.95612907409668,39.9053828,116.4073982,119.98,0.0,13.0,174.039833
NTUN,174079833,2435.667724609375,0.0,0.0,65.22,0.0,0.0,-16.95793342590332,39.9053828,116.4073982,119.98,0.0,13.0,174.079833
NTUN,174119833,2435.667724609375,0.0,0.0,65.24,0.0,0.0,-16.95793342590332,39.9053828,116.4073982,119.98,0.0,13.0,174.119833
NTUN,174159833,2435.667724609375,0.0,0.0,65.27,0.0,0.0,-16.95793342590332,39.9053828,116.4073982,119.98,0.0,13.0,174.159833
NTUN,174199833,2437.361083984375,0.0,0.0,65.29,0.0,0.0,-16.962759017944336,39.9053828,116.4073982,119.98,0.0,13.0,174.199833
NTUN,174239833,2437.361083984375,0.0,0.0,65.31,0.0,0.0,-16.962759017944336,39.9053828,116.4073982,119.98,0.0,13.0,174.239833
NTUN,174279833,2439.06005859375,0.0,0.0,65.33,0.0,0.0,-16.96660041809082,39.9053828,116.4073982,119.98,0.0,13.0,174.279833
NTUN,174319833,2439.06005859375,0.0,0.0,65.35,0.0,0.0,-16.96660041809082,39.9053828,116.4073982,119.98,0.0,13.0,174.319833
NTUN,174359833,2439.06005859375,0.0,0.0,65.37,0.0,0.0,-16.96660041809082,39.9053828,116.4073982,119.98,0.0,13.0,174.359833
NTUN,174399833,2440.745361328125,0.0,0.0,65.39,0.0,0.0,-16.969463348388672,39.9053828,116.4073982,119.98,0.0,13.0,174.399833
NTUN,174439833,2440.745361328125,0.0,0.0,65.41,0.0,0.0,-16.969463348388672,39.9053828,116.4073982,119.98,0.0,13.0,174.439833
NTUN,174479833,2442.438720703125,0.0,0.0,65.43,0.0,0.0,-16.973268508911133,39.9053828,116.4073982,119.98,0.0,13.0,174.479833
NTUN,174519833,2442.438720703125,0.0,0.0,65.46,0.0,0.0,-16.973268508911133,39.9053828,116.4073982,119.98,0.0,13.0,174.519833
NTUN,174559833,2442.438720703125,0.0,0.0,65.48,0.0,0.0,-16.973268508911133,39.9053828,116.4073982,119.98,0.0,13.0,174.559833
NTUN,174599833,2444.14013671875,0.0,0.0,65.5,0.0,0.0,-16.97606086730957,39.9053828,116.4073982,119.98,0.0,13.0,174.599833
NTUN,174639833,2444.14013671875,0.0,0.0,65.52,0.0,0.0,-16.97606086730957,39.9053828,116.4073982,119.98,0.0,13.0,174.639833
NTUN,174679833,2445.83349609375,0.0,0.0,65.54,0.0,0.0,-16.977447509765625,39.9053828,116.4073982,119.98,0.0,13.0,174.679833
NTUN,174719833,2445.83349609375,0.0,0.0,65.56,0.0,0.0,-16.977447509765625,39.9053828,116.4073982,119.98,0.0,13.0,174.719833
NTUN,174759833,2445.83349609375,0.0,0.0,65.58,0.0,0.0,-16.977447509765625,39.9053828,116.4073982,119.98,0.0,13.0,174.759833
NTUN,174799833,2447.53271484375,0.0,0.0,65.6,0.0,0.0,-16.980344772338867,39.9053828,116.4073982,119.98,0.0,13.0,174.799833
NTUN,174839833,2447.53271484375,0.0,0.0,65.62,0.0,0.0,-16.980344772338867,39.9053828,116.4073982,119.98,0.0,13.0,174.839833
NTUN,174879833,2449.23193359375,0.0,0.0,65.64,0.0,0.0,-16.98398780822754,39.9053828,116.4073982,119.98,0.0,13.0,174.879833
NTUN,174919833,2449.23193359375,0.0,0.0,65.67,0.0,0.0,-16.98398780822754,39.9053828,116.4073982,119.98,0.0,13.0,174.919833
NTUN,174959833,2449.23193359375,0.0,0.0,65.69,0.0,0.0,-16.98398780822754,39.9053828,116.4073982,119.98,0.0,13.0,174.959833
NTUN,174999833,2450.925048828125,0.0,0.0,65.71,0.0,0.0,-16.988258361816406,39.9053828,116.4073982,119.98,0.0,13.0,174.999833
NTUN,175039833,2450.925048828125,0.0,0.0,65.73,0.0,0.0,-16.988258361816406,39.9053828,116.4073982,119.98,0.0,13.0,175.039833
NTUN,175079833,2452.632568359375,0.0,0.0,65.75,0.0,0.0,-16.989578247070312,39.9053828,116.4073982,119.98,0.0,13.0,175.079833
NTUN,175119833,2452.632568359375,0.0,0.0,65.77,0.0,0.0,-16.989578247070312,39.9053828,116.4073982,119.98,0.0,13.0,175.119833
NTUN,175159833,2452.632568359375,0.0,0.0,65.79,0.0,0.0,-16.989578247070312,39.9053828,116.4073982,119.98,0.0,13.0,175.159833
NTUN,175199833,2454.32568359375,0.0,0.0,65.81,0.0,0.0,-16.99053192138672,39.9053828,116.4073982,119.98,0.0,13.0,175.199833
NTUN,175239833,2454.32568359375,0.0,0.0,65.83,0.0,0.0,-16.99053192138672,39.9053828,116.4073982,119.98,0.0,13.0,175.239833
NTUN,175279833,2456.02490234375,0.0,0.0,65.85,0.0,0.0,-16.99173355102539,39.9053828,116.4073982,119.98,0.0,13.0,175.279833
NTUN,175319833,2456.02490234375,0.0,0.0,65.87,0.0,0.0,-16.99173355102539,39.9053828,116.4073982,119.98,0.0,13.0,175.319833
NTUN,175359833,2456.02490234375,0.0,0.0,65.9,0.0,0.0,-16.99173355102539,39.9053828,116.4073982,119.98,0.0,13.0,175.359833
NTUN,175399833,2457.732177734375,0.0,0.0,65.92,0.0,0.0,-16.9964542388916,39.9053828,116.4073982,119.98,0.0,13.0,175.399833
NTUN,175439833,2457.732177734375,0.0,0.0,65.94,0.0,0.0,-16.9964542388916,39.9053828,116.4073982,119.98,0.0,13.0,175.439833
NTUN,175479833,2459.42578125,0.0,0.0,65.96,0.0,0.0,-16.998580932617188,39.9053828,116.4073982,119.98,0.0,13.0,175.479833
NTUN,175519833,2459.42578125,0.0,0.0,65.98,0.0,0.0,-16.998580932617188,39.9053828,116.4073982,119.98,0.0,13.0,175.519833
NTUN,175559833,2459.42578125,0.0,0.0,66.0,0.0,0.0,-16.998580932617188,39.9053828,116.4073982,119.98,0.0,13.0,175.559833
NTUN,175599833,2461.133056640625,0.0,0.0,66.02,0.0,0.0,-17.000518798828125,39.9053828,116.4073982,119.98,0.0,13.0,175.599833
NTUN,175639833,2461.133056640625,0.0,0.0,66.04,0.0,0.0,-17.000518798828125,39.9053828,116.4073982,119.98,0.0,13.0,175.639833
NTUN,175679833,2462.826171875,0.0,0.0,66.06,0.0,0.0,-17.003650665283203,39.9053828,116.4073982,119.98,0.0,13.0,175.679833
NTUN,175719833,2462.826171875,0.0,0.0,66.08,0.0,0.0,-17.003650665283203,39.9053828,116.4073982,119.98,0.0,13.0,175.719833
NTUN,175759833,2462.826171875,0.0,0.0,66.1,0.0,0.0,-17.003650665283203,39.9053828,116.4073982,119.98,0.0,13.0,175.759833
NTUN,175799833,2464.527587890625,0.0,0.0,66.12,0.0,0.0,-17.005958557128906,39.9053828,116.4073982,119.98,0.0,13.0,175.799833
NTUN,175839833,2464.527587890625,0.0,0.0,66.14,0.0,0.0,-17.005958557128906,39.9053828,116.4073982,119.98,0.0,13.0,175.839833
NTUN,175879833,2466.220947265625,0.0,0.0,66.15,0.0,0.0,-17.00668716430664,39.9053828,116.4073982,119.98,0.0,13.0,175.879833
NTUN,175919833,2466.220947265625,0.0,0.0,66.17,0.0,0.0,-17.00668716430664,39.9053828,116.4073982,119.98,0.0,13.0,175.919833
NTUN,175959833,2466.220947265625,0.0,0.0,66.19,0.0,0.0,-17.00668716430664,39.9053828,116.4073982,119.98,0.0,13.0,175.959833
NTUN,175999833,2467.92822265625,0.0,0.0,66.21,0.0,0.0,-17.005720138549805,39.9053828,116.4073982,119.98,0.0,13.0,175.999833
NTUN,176039833,2467.92822265625,0.0,0.0,66.23,0.0,0.0,-17.005720138549805,39.9053828,116.4073982,119.98,0.0,13.0,176.039833
NTUN,176079833,2469.629638671875,0.0,0.0,66.25,0.0,0.0,-17.006610870361328,39.9053828,116.4073982,119.98,0.0,13.0,176.079833
NTUN,176119833,2469.629638671875,0.0,0.0,66.27,0.0,0.0,-17.006610870361328,39.9053828,116.4073982,119.98,0.0,13.0,176.119833
NTUN,176159833,2469.629638671875,0.0,0.0,66.29,0.0,0.0,-17.006610870361328,39.9053828,116.4073982,119.98,0.0,13.0,176.159833
NTUN,176199833,2471.3310546875,0.0,0.0,66.31,0.0,0.0,-17.008220672607422,39.9053828,116.4073982,119.98,0.0,13.0,176.199833
NTUN,176239833,2471.3310546875,0.0,0.0,66.32,0.0,0.0,-17.008220672607422,39.9053828,116.4073982,119.98,0.0,13.0,176.239833
NTUN,176279833,2473.038330078125,0.0,0.0,66.34,0.0,0.0,-17.008907318115234,39.9053828,116.4073982,119.98,0.0,13.0,176.279833
NTUN,176319833,2473.038330078125,0.0,0.0,66.36,0.0,0.0,-17.008907318115234,39.9053828,116.4073982,119.98,0.0,13.0,176.319833
NTUN,176359833,2473.038330078125,0.0,0.0,66.38,0.0,0.0,-17.008907318115234,39.9053828,116.4073982,119.98,0.0,13.0,176.359833
NTUN,176399833,2474.731689453125,0.0,0.0,66.4,0.0,0.0,-17.010778427124023,39.9053828,116.4073982,119.98,0.0,13.0,176.399833
NTUN,176439833,2474.731689453125,0.0,0.0,66.41,0.0,0.0,-17.010778427124023,39.9053828,116.4073982,119.98,0.0,13.0,176.439833
NTUN,176479833,2476.43310546875,0.0,0.0,66.43,0.0,0.0,-17.008859634399414,39.9053828,116.4073982,119.98,0.0,13.0,176.479833
NTUN,176519833,2476.43310546875,0.0,0.0,66.45,0.0,0.0,-17.008859634399414,39.9053828,116.4073982,119.98,0.0,13.0,176.519833
NTUN,176559833,2476.43310546875,0.0,0.0,66.47,0.0,0.0,-17.008859634399414,39.9053828,116.4073982,119.98,0.0,13.0,176.559833
NTUN,176599833,2478.140380859375,0.0,0.0,66.49,0.0,0.0,-17.00737190246582,39.9053828,116.4073982,119.98,0.0,13.0,176.599833
NTUN,176639833,2478.140380859375,0.0,0.0,66.51,0.0,0.0,-17.00737190246582,39.9053828,116.4073982,119.98,0.0,13.0,176.639833
NTUN,176679833,2479.833740234375,0.0,0.0,66.52,0.0,0.0,-17.007801055908203,39.9053828,116.4073982,119.98,0.0,13.0,176.679833
NTUN,176719833,2479.833740234375,0.0,0.0,66.54,0.0,0.0,-17.007801055908203,39.9053828,116.4073982,119.98,0.0,13.0,176.719833
NTUN,176759833,2479.833740234375,0.0,0.0,66.56,0.0,0.0,-17.007801055908203,39.9053828,116.4073982,119.98,0.0,13.0,176.759833
NTUN,176799833,2481.541015625,0.0,0.0,66.58,0.0,0.0,-17.006549835205078,39.9053828,116.4073982,119.98,0.0,13.0,176.799833
NTUN,176839833,2481.541015625,0.0,0.0,66.6,0.0,0.0,-17.006549835205078,39.9053828,116.4073982,119.98,0.0,13.0,176.839833
NTUN,176879833,2483.242431640625,0.0,0.0,66.61,0.0,0.0,-17.008155822753906,39.9053828,116.4073982,119.98,0.0,13.0,176.879833
NTUN,176919833,2483.242431640625,0.0,0.0,66.63,0.0,0.0,-17.008155822753906,39.9053828,116.4073982,119.98,0.0,13.0,176.919833
NTUN,176959833,2483.242431640625,0.0,0.0,66.65,0.0,0.0,-17.008155822753906,39.9053828,116.4073982,119.98,0.0,13.0,176.959833
NTUN,176999833,2484.94970703125,0.0,0.0,66.67,0.0,0.0,-17.006319046020508,39.9053828,116.4073982,119.98,0.0,13.0,176.999833
NTUN,177039833,2484.94970703125,0.0,0.0,66.69,0.0,0.0,-17.006319046020508,39.9053828,116.4073982,119.98,0.0,13.0,177.039833
NTUN,177079833,2486.642822265625,0.0,0.0,66.7,0.0,0.0,-17.005615234375,39.9053828,116.4073982,119.98,0.0,13.0,177.079833
NTUN,177119833,2486.642822265625,0.0,0.0,66.72,0.0,0.0,-17.005615234375,39.9053828,116.4073982,119.98,0.0,13.0,177.119833
NTUN,177159833,2486.642822265625,0.0,0.0,66.74,0.0,0.0,-17.005615234375,39.9053828,116.4073982,119.98,0.0,13.0,177.159833
NTUN,177199833,2488.34423828125,0.0,0.0,66.76,0.0,0.0,-17.005428314208984,39.9053828,116.4073982,119.98,0.0,13.0,177.199833
NTUN,177239833,2488.34423828125,0.0,0.0,66.77,0.0,0.0,-17.005428314208984,39.9053828,116.4073982,119.98,0.0,13.0,177.239833
NTUN,177279833,2490.0458984375,0.0,0.0,66.79,0.0,0.0,-17.002986907958984,39.9053828,116.4073982,119.98,0.0,13.0,177.279833
NTUN,177319833,2490.0458984375,0.0,0.0,66.81,0.0,0.0,-17.002986907958984,39.9053828,116.4073982,119.98,0.0,13.0,177.319833
NTUN,177359833,2490.0458984375,0.0,0.0,66.83,0.0,0.0,-17.002986907958984,39.9053828,116.4073982,119.98,0.0,13.0,177.359833
NTUN,177399833,2491.747314453125,0.0,0.0,66.85,0.0,0.0,-17.002988815307617,39.9053828,116.4073982,119.98,0.0,13.0,177.399833
NTUN,177439833,2491.747314453125,0.0,0.0,66.86,0.0,0.0,-17.002988815307617,39.9053828,116.4073982,119.98,0.0,13.0,177.439833
NTUN,177479833,2493.434814453125,0.0,0.0,66.88,0.0,0.0,-17.001657485961914,39.9053828,116.4073982,119.98,0.0,13.0,177.479833
NTUN,177519833,2493.434814453125,0.0,0.0,66.9,0.0,0.0,-17.001657485961914,39.9053828,116.4073982,119.98,0.0,13.0,177.519833
NTUN,177559833,2493.434814453125,0.0,0.0,66.92,0.0,0.0,-17.001657485961914,39.9053828,116.4073982,119.98,0.0,13.0,177.559833
NTUN,177599833,2495.135986328125,0.0,0.0,66.93,0.0,0.0,-16.99824333190918,39.9053828,116.4073982,119.98,0.0,13.0,177.599833
NTUN,177639833,2495.135986328125,0.0,0.0,66.95,0.0,0.0,-16.99824333190918,39.9053828,116.4073982,119.98,0.0,13.0,177.639833
NTUN,177679833,2496.83740234375,0.0,0.0,66.97,0.0,0.0,-16.995180130004883,39.9053828,116.4073982,119.98,0.0,13.0,177.679833
NTUN,177719833,2496.83740234375,0.0,0.0,66.99,0.0,0.0,-16.995180130004883,39.9053828,116.4073982,119.98,0.0,13.0,177.719833
NTUN,177759833,2496.83740234375,0.0,0.0,67.0,0.0,0.0,-16.995180130004883,39.9053828,116.4073982,119.98,0.0,13.0,177.759833
NTUN,177799833,2498.538818359375,0.0,0.0,67.02,0.0,0.0,-16.995141983032227,39.9053828,116.4073982,119.98,0.0,13.0,177.799833
NTUN,177839833,2498.538818359375,0.0,0.0,67.04,0.0,0.0,-16.995141983032227,39.9053828,116.4073982,119.98,0.0,13.0,177.839833
NTUN,177879833,2500.226318359375,0.0,0.0,67.05,0.0,0.0,-16.992570877075195,39.9053828,116.4073982,119.98,0.0,13.0,177.879833
NTUN,177919833,2500.226318359375,0.0,0.0,67.07,0.0,0.0,-16.992570877075195,39.9053828,116.4073982,119.98,0.0,13.0,177.919833
NTUN,177959833,2500.226318359375,0.0,0.0,67.09,0.0,0.0,-16.992570877075195,39.9053828,116.4073982,119.98,0.0,13.0,177.959833
NTUN,177999833,2501.927734375,0.0,0.0,67.1,0.0,0.0,-16.98979949951172,39.9053828,116.4073982,119.98,0.0,13.0,177.999833
NTUN,178039833,2501.927734375,0.0,0.0,67.12,0.0,0.0,-16.98979949951172,39.9053828,116.4073982,119.98,0.0,13.0,178.039833
NTUN,178079833,2503.62109375,0.0,0.0,67.14,0.0,0.0,-16.986167907714844,39.9053828,116.4073982,119.98,0.0,13.0,178.079833
NTUN,178119833,2503.62109375,0.0,0.0,67.16,0.0,0.0,-16.986167907714844,39.9053828,116.4073982,119.98,0.0,13.0,178.119833
NTUN,178159833,2503.62109375,0.0,0.0,67.17,0.0,0.0,-16.986167907714844,39.9053828,116.4073982,119.98,0.0,13.0,178.159833
NTUN,178199833,2505.322509765625,0.0,0.0,67.19,0.0,0.0,-16.982511520385742,39.9053828,116.4073982,119.98,0.0,13.0,178.199833
NTUN,178239833,2505.322509765625,0.0,0.0,67.21,0.0,0.0,-16.982511520385742,39.9053828,116.4073982,119.98,0.0,13.0,178.239833
NTUN,178279833,2507.02392578125,0.0,0.0,67.23,0.0,0.0,-16.979745864868164,39.9053828,116.4073982,119.98,0.0,13.0,178.279833
NTUN,178319833,2507.02392578125,0.0,0.0,67.25,0.0,0.0,-16.979745864868164,39.9053828,116.4073982,119.98,0.0,13.0,178.319833
NTUN,178359833,2507.02392578125,0.0,0.0,67.27,0.0,0.0,-16.979745864868164,39.9053828,116.4073982,119.98,0.0,13.0,178.359833
NTUN,178399833,2508.719482421875,0.0,0.0,67.28,0.0,0.0,-16.976810455322266,39.9053828,116.4073982,119.98,0.0,13.0,178.399833
NTUN,178439833,2508.719482421875,0.0,0.0,67.3,0.0,0.0,-16.976810455322266,39.9053828,116.4073982,119.98,0.0,13.0,178.439833
NTUN,178479833,2510.4208984375,0.0,0.0,67.32,0.0,0.0,-16.976057052612305,39.9053828,116.4073982,119.98,0.0,13.0,178.479833
NTUN,178519833,2510.4208984375,0.0,0.0,67.34,0.0,0.0,-16.976057052612305,39.9053828,116.4073982,119.98,0.0,13.0,178.519833
NTUN,178559833,2510.4208984375,0.0,0.0,67.36,0.0,0.0,-16.976057052612305,39.9053828,116.4073982,119.98,0.0,13.0,178.559833
NTUN,178599833,2512.1142578125,0.0,0.0,67.38,0.0,0.0,-16.9757022857666,39.9053828,116.4073982,119.98,0.0,13.0,178.599833
NTUN,178639833,2512.1142578125,0.0,0.0,67.4,0.0,0.0,-16.9757022857666,39.9053828,116.4073982,119.98,0.0,13.0,178.639833
NTUN,178679833,2513.8154296875,0.0,0.0,67.42,0.0,0.0,-16.97666358947754,39.9053828,116.4073982,119.98,0.0,13.0,178.679833
NTUN,178719833,2513.8154296875,0.0,0.0,67.44,0.0,0.0,-16.97666358947754,39.9053828,116.4073982,119.98,0.0,13.0,178.719833
NTUN,178759833,2513.8154296875,0.0,0.0,67.46,0.0,0.0,-16.97666358947754,39.9053828,116.4073982,119.98,0.0,13.0,178.759833
NTUN,178799833,2515.516845703125,0.0,0.0,67.48,0.0,0.0,-16.97491455078125,39.9053828,116.4073982,119.98,0.0,13.0,178.799833
NTUN,178839833,2515.516845703125,0.0,0.0,67.5,0.0,0.0,-16.97491455078125,39.9053828,116.4073982,119.98,0.0,13.0,178.839833
NTUN,178879833,2517.21826171875,0.0,0.0,67.52,0.0,0.0,-16.97517204284668,39.9053828,116.4073982,119.98,0.0,13.0,178.879833
NTUN,178919833,2517.21826171875,0.0,0.0,67.54,0.0,0.0,-16.97517204284668,39.9053828,116.4073982,119.98,0.0,13.0,178.919833
NTUN,178959833,2517.21826171875,0.0,0.0,67.56,0.0,0.0,-16.97517204284668,39.9053828,116.4073982,119.98,0.0,13.0,178.959833
NTUN,178999833,2518.913818359375,0.0,0.0,67.58,0.0,0.0,-16.976909637451172,39.9053828,116.4073982,119.98,0.0,13.0,178.999833
NTUN,179039833,2518.913818359375,0.0,0.0,67.6,0.0,0.0,-16.976909637451172,39.9053828,116.4073982,119.98,0.0,13.0,179.039833
NTUN,179079833,2520.607177734375,0.0,0.0,67.62,0.0,0.0,-16.979595184326172,39.9053828,116.4073982,119.98,0.0,13.0,179.079833
NTUN,179119833,2520.607177734375,0.0,0.0,67.64,0.0,0.0,-16.979595184326172,39.9053828,116.4073982,119.98,0.0,13.0,179.119833
NTUN,179159833,2520.607177734375,0.0,0.0,67.66,0.0,0.0,-16.979595184326172,39.9053828,116.4073982,119.98,0.0,13.0,179.159833
NTUN,179199833,2522.302734375,0.0,0.0,67.68,0.0,0.0,-16.98013687133789,39.9053828,116.4073982,119.98,0.0,13.0,179.199833
NTUN,179239833,2522.302734375,0.0,0.0,67.7,0.0,0.0,-16.98013687133789,39.9053828,116.4073982,119.98,0.0,13.0,179.239833
NTUN,179279833,2524.004150390625,0.0,0.0,67.72,0.0,0.0,-16.982803344726562,39.9053828,116.4073982,119.98,0.0,13.0,179.279833
NTUN,179319833,2524.004150390625,0.0,0.0,67.74,0.0,0.0,-16.982803344726562,39.9053828,116.4073982,119.98,0.0,13.0,179.319833
NTUN,179359833,2524.004150390625,0.0,0.0,67.76,0.0,0.0,-16.982803344726562,39.9053828,116.4073982,119.98,0.0,13.0,179.359833
NTUN,179399833,2525.70556640625,0.0,0.0,67.78,0.0,0.0,-16.98511505126953,39.9053828,116.4073982,119.98,0.0,13.0,179.399833
NTUN,179439833,2525.70556640625,0.0,0.0,67.8,0.0,0.0,-16.98511505126953,39.9053828,116.4073982,119.98,0.0,13.0,179.439833
NTUN,179479833,2527.406982421875,0.0,0.0,67.82,0.0,0.0,-16.984542846679688,39.9053828,116.4073982,119.98,0.0,13.0,179.479833
NTUN,179519833,2527.406982421875,0.0,0.0,67.84,0.0,0.0,-16.984542846679688,39.9053828,116.4073982,119.98,0.0,13.0,179.519833
NTUN,179559833,2527.406982421875,0.0,0.0,67.86,0.0,0.0,-16.984542846679688,39.9053828,116.4073982,119.98,0.0,13.0,179.559833
NTUN,179599833,2529.1025390625,0.0,0.0,67.88,0.0,0.0,-16.984676361083984,39.9053828,116.4073982,119.98,0.0,13.0,179.599833
NTUN,179639833,2529.1025390625,0.0,0.0,67.9,0.0,0.0,-16.984676361083984,39.9053828,116.4073982,119.98,0.0,13.0,179.639833
NTUN,179679833,2530.803955078125,0.0,0.0,67.93,0.0,0.0,-16.98700714111328,39.9053828,116.4073982,119.98,0.0,13.0,179.679833
NTUN,179719833,2530.803955078125,0.0,0.0,67.95,0.0,0.0,-16.98700714111328,39.9053828,116.4073982,119.98,0.0,13.0,179.719833
NTUN,179759833,2530.803955078125,0.0,0.0,67.97,0.0,0.0,-16.98700714111328,39.9053828,116.4073982,119.98,0.0,13.0,179.759833
NTUN,179799833,2532.50537109375,0.0,0.0,67.99,0.0,0.0,-16.990034103393555,39.9053828,116.4073982,119.98,0.0,13.0,179.799833
NTUN,179839833,2532.50537109375,0.0,0.0,68.01,0.0,0.0,-16.990034103393555,39.9053828,116.4073982,119.98,0.0,13.0,179.839833
NTUN,179879833,2534.200927734375,0.0,0.0,68.03,0.0,0.0,-16.989660263061523,39.9053828,116.4073982,119.98,0.0,13.0,179.879833
NTUN,179919833,2534.200927734375,0.0,0.0,68.05,0.0,0.0,-16.989660263061523,39.9053828,116.4073982,119.98,0.0,13.0,179.919833
NTUN,179959833,2534.200927734375,0.0,0.0,68.07,0.0,0.0,-16.989660263061523,39.9053828,116.4073982,119.98,0.0,13.0,179.959833
NTUN,179999833,2535.90234375,0.0,0.0,68.09,0.0,0.0,-16.990211486816406,39.9053828,116.4073982,119.98,0.0,13.0,179.999833
NTUN,180039833,2535.90234375,0.0,0.0,68.11,0.0,0.0,-16.990211486816406,39.9053828,116.4073982,119.98,0.0,13.0,180.039833
NTUN,180079833,2537.597900390625,0.0,0.0,68.13,0.0,0.0,-16.99091339111328,39.9053828,116.4073982,119.98,0.0,13.0,180.079833
NTUN,180119833,2537.597900390625,0.0,0.0,68.15,0.0,0.0,-16.99091339111328,39.9053828,116.4073982,119.98,0.0,13.0,180.119833
NTUN,180159833,2537.597900390625,0.0,0.0,68.17,0.0,0.0,-16.99091339111328,39.9053828,116.4073982,119.98,0.0,13.0,180.159833
NTUN,180199833,2539.299072265625,0.0,0.0,68.19,0.0,0.0,-16.993701934814453,39.9053828,116.4073982,119.98,0.0,13.0,180.199833
NTUN,180239833,2539.299072265625,0.0,0.0,68.21,0.0,0.0,-16.993701934814453,39.9053828,116.4073982,119.98,0.0,13.0,180.239833
NTUN,180279833,2540.994873046875,0.0,0.0,68.23,0.0,0.0,-16.99525260925293,39.9053828,116.4073982,119.98,0.0,13.0,180.279833
NTUN,180319833,2540.994873046875,0.0,0.0,68.25,0.0,0.0,-16.99525260925293,39.9053828,116.4073982,119.98,0.0,13.0,180.319833
NTUN,180359833,2540.994873046875,0.0,0.0,68.27,0.0,0.0,-16.99525260925293,39.9053828,116.4073982,119.98,0.0,13.0,180.359833
NTUN,180399833,2542.6982421875,0.0,0.0,68.29,0.0,0.0,-16.993860244750977,39.9053828,116.4073982,119.98,0.0,13.0,180.399833
NTUN,180439833,2542.6982421875,0.0,0.0,68.3,0.0,0.0,-16.993860244750977,39.9053828,116.4073982,119.98,0.0,13.0,180.439833
NTUN,180479833,2544.399658203125,0.0,0.0,68.32,0.0,0.0,-16.993165969848633,39.9053828,116.4073982,119.98,0.0,13.0,180.479833
NTUN,180519833,2544.399658203125,0.0,0.0,68.34,0.0,0.0,-16.993165969848633,39.9053828,116.4073982,119.98,0.0,13.0,180.519833
NTUN,180559833,2544.399658203125,0.0,0.0,68.36,0.0,0.0,-16.993165969848633,39.9053828,116.4073982,119.98,0.0,13.0,180.559833
NTUN,180599833,2546.09521484375,0.0,0.0,68.37,0.0,0.0,-16.992460250854492,39.9053828,116.4073982,119.98,0.0,13.0,180.599833
NTUN,180639833,2546.09521484375,0.0,0.0,68.39,0.0,0.0,-16.992460250854492,39.9053828,116.4073982,119.98,0.0,13.0,180.639833
NTUN,180679833,2547.796630859375,0.0,0.0,68.41,0.0,0.0,-16.993289947509766,39.9053828,116.4073982,119.98,0.0,13.0,180.679833
NTUN,180719833,2547.796630859375,0.0,0.0,68.43,0.0,0.0,-16.993289947509766,39.9053828,116.4073982,119.98,0.0,13.0,180.719833
NTUN,180759833,2547.796630859375,0.0,0.0,68.44,0.0,0.0,-16.993289947509766,39.9053828,116.4073982,119.98,0.0,13.0,180.759833
NTUN,180799833,2549.4921875,0.0,0.0,68.46,0.0,0.0,-16.9917049407959,39.9053828,116.4073982,119.98,0.0,13.0,180.799833
NTUN,180839833,2549.4921875,0.0,0.0,68.48,0.0,0.0,-16.9917049407959,39.9053828,116.4073982,119.98,0.0,13.0,180.839833
NTUN,180879833,2551.193603515625,0.0,0.0,68.5,0.0,0.0,-16.992237091064453,39.9053828,116.4073982,119.98,0.0,13.0,180.879833
NTUN,180919833,2551.193603515625,0.0,0.0,68.51,0.0,0.0,-16.992237091064453,39.9053828,116.4073982,119.98,0.0,13.0,180.919833
NTUN,180959833,2551.193603515625,0.0,0.0,68.53,0.0,0.0,-16.992237091064453,39.9053828,116.4073982,119.98,0.0,13.0,180.959833
NTUN,180999833,2552.88916015625,0.0,0.0,68.55,0.0,0.0,-16.993732452392578,39.9053828,116.4073982,119.98,0.0,13.0,180.999833
NTUN,181039833,2552.88916015625,0.0,0.0,68.57,0.0,0.0,-16.993732452392578,39.9053828,116.4073982,119.98,0.0,13.0,181.039833
NTUN,181079833,2554.590576171875,0.0,0.0,68.59,0.0,0.0,-16.993770599365234,39.9053828,116.4073982,119.98,0.0,13.0,181.079833
NTUN,181119833,2554.590576171875,0.0,0.0,68.6,0.0,0.0,-16.993770599365234,39.9053828,116.4073982,119.98,0.0,13.0,181.119833
NTUN,181159833,2554.590576171875,0.0,0.0,68.62,0.0,0.0,-16.993770599365234,39.9053828,116.4073982,119.98,0.0,13.0,181.159833
NTUN,181199833,2556.2861328125,0.0,0.0,68.64,0.0,0.0,-16.99362564086914,39.9053828,116.4073982,119.98,0.0,13.0,181.199833
NTUN,181239833,2556.2861328125,0.0,0.0,68.66,0.0,0.0,-16.99362564086914,39.9053828,116.4073982,119.98,0.0,13.0,181.239833
NTUN,181279833,2557.987548828125,0.0,0.0,68.68,0.0,0.0,-16.992977142333984,39.9053828,116.4073982,119.98,0.0,13.0,181.279833
NTUN,181319833,2557.987548828125,0.0,0.0,68.7,0.0,0.0,-16.992977142333984,39.9053828,116.4073982,119.98,0.0,13.0,181.319833
NTUN,181359833,2557.987548828125,0.0,0.0,68.71,0.0,0.0,-16.992977142333984,39.9053828,116.4073982,119.98,0.0,13.0,181.359833
NTUN,181399833,2559.68310546875,0.0,0.0,68.73,0.0,0.0,-16.991567611694336,39.9053828,116.4073982,119.98,0.0,13.0,181.399833
NTUN,181439833,2559.68310546875,0.0,0.0,68.75,0.0,0.0,-16.991567611694336,39.9053828,116.4073982,119.98,0.0,13.0,181.439833
NTUN,181479833,2561.378662109375,0.0,0.0,68.77,0.0,0.0,-16.990747451782227,39.9053828,116.4073982,119.98,0.0,13.0,181.479833
NTUN,181519833,2561.378662109375,0.0,0.0,68.79,0.0,0.0,-16.990747451782227,39.9053828,116.4073982,119.98,0.0,13.0,181.519833
NTUN,181559833,2561.378662109375,0.0,0.0,68.81,0.0,0.0,-16.990747451782227,39.9053828,116.4073982,119.98,0.0,13.0,181.559833
NTUN,181599833,2563.072021484375,0.0,0.0,68.83,0.0,0.0,-16.99005126953125,39.9053828,116.4073982,119.98,0.0,13.0,181.599833
NTUN,181639833,2563.072021484375,0.0,0.0,68.84,0.0,0.0,-16.99005126953125,39.9053828,116.4073982,119.98,0.0,13.0,181.639833
NTUN,181679833,2564.767333984375,0.0,0.0,68.86,0.0,0.0,-16.98777198791504,39.9053828,116.4073982,119.98,0.0,13.0,181.679833
NTUN,181719833,2564.767333984375,0.0,0.0,68.88,0.0,0.0,-16.98777198791504,39.9053828,116.4073982,119.98,0.0,13.0,181.719833
NTUN,181759833,2564.767333984375,0.0,0.0,68.9,0.0,0.0,-16.98777198791504,39.9053828,116.4073982,119.98,0.0,13.0,181.759833
NTUN,181799833,2566.462890625,0.0,0.0,68.92,0.0,0.0,-16.9846134185791,39.9053828,116.4073982,119.98,0.0,13.0,181.799833
NTUN,181839833,2566.462890625,0.0,0.0,68.94,0.0,0.0,-16.9846134185791,39.9053828,116.4073982,119.98,0.0,13.0,181.839833
NTUN,181879833,2568.158447265625,0.0,0.0,68.96,0.0,0.0,-16.983762741088867,39.9053828,116.4073982,119.98,0.0,13.0,181.879833
NTUN,181919833,2568.158447265625,0.0,0.0,68.98,0.0,0.0,-16.983762741088867,39.9053828,116.4073982,119.98,0.0,13.0,181.919833
NTUN,181959833,2568.158447265625,0.0,0.0,69.0,0.0,0.0,-16.983762741088867,39.9053828,116.4073982,119.98,0.0,13.0,181.959833
NTUN,181999833,2569.862060546875,0.0,0.0,69.01,0.0,0.0,-16.981103897094727,39.9053828,116.4073982,119.98,0.0,13.0,181.999833
NTUN,182039833,2569.862060546875,0.0,0.0,69.03,0.0,0.0,-16.981103897094727,39.9053828,116.4073982,119.98,0.0,13.0,182.039833
NTUN,182079833,2571.5576171875,0.0,0.0,69.05,0.0,0.0,-16.97813606262207,39.9053828,116.4073982,119.98,0.0,13.0,182.079833
NTUN,182119833,2571.5576171875,0.0,0.0,69.07,0.0,0.0,-16.97813606262207,39.9053828,116.4073982,119.98,0.0,13.0,182.119833
NTUN,182159833,2571.5576171875,0.0,0.0,69.09,0.0,0.0,-16.97813606262207,39.9053828,116.4073982,119.98,0.0,13.0,182.159833
NTUN,182199833,2573.253173828125,0.0,0.0,69.1,0.0,0.0,-16.977811813354492,39.9053828,116.4073982,119.98,0.0,13.0,182.199833
NTUN,182239833,2573.253173828125,0.0,0.0,69.12,0.0,0.0,-16.977811813354492,39.9053828,116.4073982,119.98,0.0,13.0,182.239833
NTUN,182279833,2574.94873046875,0.0,0.0,69.14,0.0,0.0,-16.976524353027344,39.9053828,116.4073982,119.98,0.0,13.0,182.279833
NTUN,182319833,2574.94873046875,0.0,0.0,69.16,0.0,0.0,-16.976524353027344,39.9053828,116.4073982,119.98,0.0,13.0,182.319833
NTUN,182359833,2574.94873046875,0.0,0.0,69.17,0.0,0.0,-16.976524353027344,39.9053828,116.4073982,119.98,0.0,13.0,182.359833
NTUN,182399833,2576.644287109375,0.0,0.0,69.19,0.0,0.0,-16.97516441345215,39.9053828,116.4073982,119.98,0.0,13.0,182.399833
NTUN,182439833,2576.644287109375,0.0,0.0,69.21,0.0,0.0,-16.97516441345215,39.9053828,116.4073982,119.98,0.0,13.0,182.439833
NTUN,182479833,2578.333984375,0.0,0.0,69.22,0.0,0.0,-16.971328735351562,39.9053828,116.4073982,119.98,0.0,13.0,182.479833
NTUN,182519833,2578.333984375,0.0,0.0,69.24,0.0,0.0,-16.971328735351562,39.9053828,116.4073982,119.98,0.0,13.0,182.519833
NTUN,182559833,2578.333984375,0.0,0.0,69.26,0.0,0.0,-16.971328735351562,39.9053828,116.4073982,119.98,0.0,13.0,182.559833
NTUN,182599833,2580.029296875,0.0,0.0,69.28,0.0,0.0,-16.967334747314453,39.9053828,116.4073982,119.98,0.0,13.0,182.599833
NTUN,182639833,2580.029296875,0.0,0.0,69.3,0.0,0.0,-16.967334747314453,39.9053828,116.4073982,119.98,0.0,13.0,182.639833
NTUN,182679833,2581.718994140625,0.0,0.0,69.31,0.0,0.0,-16.966083526611328,39.9053828,116.4073982,119.98,0.0,13.0,182.679833
NTUN,182719833,2581.718994140625,0.0,0.0,69.33,0.0,0.0,-16.966083526611328,39.9053828,116.4073982,119.98,0.0,13.0,182.719833
NTUN,182759833,2581.718994140625,0.0,0.0,69.35,0.0,0.0,-16.966083526611328,39.9053828,116.4073982,119.98,0.0,13.0,182.759833
NTUN,182799833,2583.41455078125,0.0,0.0,69.37,0.0,0.0,-16.965499877929688,39.9053828,116.4073982,119.98,0.0,13.0,182.799833
NTUN,182839833,2583.41455078125,0.0,0.0,69.39,0.0,0.0,-16.965499877929688,39.9053828,116.4073982,119.98,0.0,13.0,182.839833
NTUN,182879833,2585.1044921875,0.0,0.0,69.41,0.0,0.0,-16.96466827392578,39.9053828,116.4073982,119.98,0.0,13.0,182.879833
NTUN,182919833,2585.1044921875,0.0,0.0,69.43,0.0,0.0,-16.96466827392578,39.9053828,116.4073982,119.98,0.0,13.0,182.919833
NTUN,182959833,2585.1044921875,0.0,0.0,69.45,0.0,0.0,-16.96466827392578,39.9053828,116.4073982,119.98,0.0,13.0,182.959833
NTUN,182999833,2586.7998046875,0.0,0.0,69.48,0.0,0.0,-16.965423583984375,39.9053828,116.4073982,119.98,0.0,13.0,182.999833
