mavpackettype,TimeUS,Tar,Act,Err,P,I,D,FF,DFF,Dmod,SRate,Flags,ap_time_s
PIDY,2239998,0.0,0.0,0.0,0.0,0.0,0.0,0.0,0.0,0.0,0.0,0,2.239998
PIDY,2279998,0.0,0.0,0.0,0.0,0.0,0.0,0.0,0.0,0.0,0.0,0,2.279998
PIDY,2319998,0.0,0.0,0.0,0.0,0.0,0.0,0.0,0.0,0.0,0.0,0,2.319998
PIDY,2359998,0.0,0.0,0.0,0.0,0.0,0.0,0.0,0.0,0.0,0.0,0,2.359998
PIDY,2399998,0.0,0.0,0.0,0.0,0.0,0.0,0.0,0.0,0.0,0.0,0,2.399998
PIDY,2439998,0.0,0.0,0.0,0.0,0.0,0.0,0.0,0.0,0.0,0.0,0,2.439998
PIDY,2479998,0.0,0.0,0.0,0.0,0.0,0.0,0.0,0.0,0.0,0.0,0,2.479998
PIDY,2519998,0.0,0.0,0.0,0.0,0.0,0.0,0.0,0.0,0.0,0.0,0,2.519998
PIDY,2559998,0.0,0.0,0.0,0.0,0.0,0.0,0.0,0.0,0.0,0.0,0,2.559998
PIDY,2599998,0.0,0.0,0.0,0.0,0.0,0.0,0.0,0.0,0.0,0.0,0,2.599998
PIDY,2639998,0.0,0.0,0.0,0.0,0.0,0.0,0.0,0.0,0.0,0.0,0,2.639998
PIDY,2679998,0.0,0.0,0.0,0.0,0.0,0.0,0.0,0.0,0.0,0.0,0,2.679998
PIDY,2719998,0.0,0.0,0.0,0.0,0.0,0.0,0.0,0.0,0.0,0.0,0,2.719998
PIDY,2759998,0.0,0.0,0.0,0.0,0.0,0.0,0.0,0.0,0.0,0.0,0,2.759998
PIDY,2799998,0.0,0.0,0.0,0.0,0.0,0.0,0.0,0.0,0.0,0.0,0,2.799998
PIDY,2839998,0.0,0.0,0.0,0.0,0.0,0.0,0.0,0.0,0.0,0.0,0,2.839998
PIDY,2879998,0.0,0.0,0.0,0.0,0.0,0.0,0.0,0.0,0.0,0.0,0,2.879998
PIDY,2919998,0.0,0.0,0.0,0.0,0.0,0.0,0.0,0.0,0.0,0.0,0,2.919998
PIDY,2959998,0.0,0.0,0.0,0.0,0.0,0.0,0.0,0.0,0.0,0.0,0,2.959998
PIDY,2999998,0.0,0.0,0.0,0.0,0.0,0.0,0.0,0.0,0.0,0.0,0,2.999998
PIDY,3039998,0.0,0.0,0.0,0.0,0.0,0.0,0.0,0.0,0.0,0.0,0,3.039998
PIDY,3079998,0.0,0.0,0.0,0.0,0.0,0.0,0.0,0.0,0.0,0.0,0,3.079998
PIDY,3119998,0.0,0.0,0.0,0.0,0.0,0.0,0.0,0.0,0.0,0.0,0,3.119998
PIDY,3159998,0.0,0.0,0.0,0.0,0.0,0.0,0.0,0.0,0.0,0.0,0,3.159998
PIDY,3199998,0.0,0.0,0.0,0.0,0.0,0.0,0.0,0.0,0.0,0.0,0,3.199998
PIDY,3239998,0.0,0.0,0.0,0.0,0.0,0.0,0.0,0.0,0.0,0.0,0,3.239998
PIDY,3279998,0.0,0.0,0.0,0.0,0.0,0.0,0.0,0.0,0.0,0.0,0,3.279998
PIDY,3319998,0.0,0.0,0.0,0.0,0.0,0.0,0.0,0.0,0.0,0.0,0,3.319998
PIDY,3359998,0.0,0.0,0.0,0.0,0.0,0.0,0.0,0.0,0.0,0.0,0,3.359998
PIDY,3399998,0.0,0.0,0.0,0.0,0.0,0.0,0.0,0.0,0.0,0.0,0,3.399998
PIDY,3439998,0.0,0.0,0.0,0.0,0.0,0.0,0.0,0.0,0.0,0.0,0,3.439998
PIDY,3479998,0.0,0.0,0.0,0.0,0.0,0.0,0.0,0.0,0.0,0.0,0,3.479998
PIDY,3519998,0.0,0.0,0.0,0.0,0.0,0.0,0.0,0.0,0.0,0.0,0,3.519998
PIDY,3559998,0.0,0.0,0.0,0.0,0.0,0.0,0.0,0.0,0.0,0.0,0,3.559998
PIDY,3599998,0.0,0.0,0.0,0.0,0.0,0.0,0.0,0.0,0.0,0.0,0,3.599998
PIDY,3639998,0.0,0.0,0.0,0.0,0.0,0.0,0.0,0.0,0.0,0.0,0,3.639998
PIDY,3679998,0.0,0.0,0.0,0.0,0.0,0.0,0.0,0.0,0.0,0.0,0,3.679998
PIDY,3719998,0.0,0.0,0.0,0.0,0.0,0.0,0.0,0.0,0.0,0.0,0,3.719998
PIDY,3759998,0.0,0.0,0.0,0.0,0.0,0.0,0.0,0.0,0.0,0.0,0,3.759998
PIDY,3799998,0.0,0.0,0.0,0.0,0.0,0.0,0.0,0.0,0.0,0.0,0,3.799998
PIDY,3839998,0.0,0.0,0.0,0.0,0.0,0.0,0.0,0.0,0.0,0.0,0,3.839998
PIDY,3879998,0.0,0.0,0.0,0.0,0.0,0.0,0.0,0.0,0.0,0.0,0,3.879998
PIDY,3919998,0.0,0.0,0.0,0.0,0.0,0.0,0.0,0.0,0.0,0.0,0,3.919998
PIDY,3959998,0.0,0.0,0.0,0.0,0.0,0.0,0.0,0.0,0.0,0.0,0,3.959998
PIDY,4019996,0.0,0.0,0.0,0.0,0.0,0.0,0.0,0.0,0.0,0.0,0,4.019996
PIDY,4079993,0.0,0.0,0.0,0.0,0.0,0.0,0.0,0.0,0.0,0.0,0,4.079993
PIDY,4139990,0.0,0.0,0.0,0.0,0.0,0.0,0.0,0.0,0.0,0.0,0,4.13999
PIDY,4199988,0.0,0.0,0.0,0.0,0.0007573822513222694,0.19415073096752167,0.0,0.0,0.0,0.0,0,4.199988
PIDY,4239988,0.0,0.0,0.0,0.0,0.0015076808631420135,0.19135242700576782,0.0,0.0,0.0,0.0,0,4.239988
PIDY,4279988,0.0,0.0,0.0,0.0,0.002238617977127433,0.18685367703437805,0.0,0.0,0.0,0.0,0,4.279988
PIDY,4319988,0.0,0.0,0.0,0.0,0.0029683082830160856,0.18353210389614105,0.0,0.0,0.0,0.0,0,4.319988
PIDY,4359988,0.0,0.0,0.0,0.0,0.003677257802337408,0.17898768186569214,0.0,0.0,0.0,0.0,0,4.359988
PIDY,4399988,0.0,0.0,0.0,0.0,0.004394246265292168,0.17550557851791382,0.0,0.0,0.0,0.0,0,4.399988
PIDY,4439988,0.0,0.0,0.0,0.0,0.005109074991196394,0.1728818714618683,0.0,0.0,0.0,0.0,0,4.439988
PIDY,4479988,0.0,0.0,0.0,0.0,0.005801405292004347,0.1704029142856598,0.0,0.0,0.0,0.0,0,4.479988
PIDY,4519988,0.0,0.0,0.0,0.0,0.0065120733343064785,0.16863584518432617,0.0,0.0,0.0,0.0,0,4.519988
PIDY,4559988,0.0,0.0,0.0,0.0,0.00719562079757452,0.16573134064674377,0.0,0.0,0.0,0.0,0,4.559988
PIDY,4599988,0.0,0.0,0.0,0.0,0.007895031943917274,0.16432227194309235,0.0,0.0,0.0,0.0,0,4.599988
PIDY,4639988,0.0,0.0,0.0,0.0,0.008590499870479107,0.1626182645559311,0.0,0.0,0.0,0.0,0,4.639988
PIDY,4679988,0.0,0.0,0.0,0.0,0.009261556901037693,0.15773655474185944,0.0,0.0,0.0,0.0,0,4.679988
PIDY,4719988,0.0,0.0,0.0,0.0,0.009937668219208717,0.1532142609357834,0.0,0.0,0.0,0.0,0,4.719988
PIDY,4759988,0.0,0.0,0.0,0.0,0.01060563512146473,0.14874717593193054,0.0,0.0,0.0,0.0,0,4.759988
PIDY,4799988,0.0,0.0,0.0,0.0,0.01126115396618843,0.14430569112300873,0.0,0.0,0.0,0.0,0,4.799988
PIDY,4839988,0.0,0.0,0.0,0.0,0.01190546341240406,0.13963867723941803,0.0,0.0,0.0,0.0,0,4.839988
PIDY,4879988,0.0,0.0,0.0,0.0,0.012559746392071247,0.13696010410785675,0.0,0.0,0.0,0.0,0,4.879988
PIDY,4919988,0.0,0.0,0.0,0.0,0.013189886696636677,0.13502879440784454,0.0,0.0,0.0,0.0,0,4.919988
PIDY,4959988,0.0,0.0,0.0,0.0,0.013851570896804333,0.13326387107372284,0.0,0.0,0.0,0.0,0,4.959988
PIDY,4999988,0.0,0.0,0.0,0.0,0.014469175599515438,0.13065704703330994,0.0,0.0,0.0,0.0,0,4.999988
PIDY,5039988,0.0,0.0,0.0,0.0,0.015078922733664513,0.12856359779834747,0.0,0.0,0.0,0.0,0,5.039988
PIDY,5079988,0.0,0.0,0.0,0.0,0.01573900133371353,0.1274079829454422,0.0,0.0,0.0,0.0,0,5.079988
PIDY,5119988,0.0,0.0,0.0,0.0,0.01633770577609539,0.1226380243897438,0.0,0.0,0.0,0.0,0,5.119988
PIDY,5159988,0.0,0.0,0.0,0.0,0.01699705794453621,0.11946387588977814,0.0,0.0,0.0,0.0,0,5.159988
PIDY,5199988,0.0,0.0,0.0,0.0,0.017581235617399216,0.11513514071702957,0.0,0.0,0.0,0.0,0,5.199988
PIDY,5239988,0.0,0.0,0.0,0.0,0.018155492842197418,0.11100351065397263,0.0,0.0,0.0,0.0,0,5.239988
PIDY,5279988,0.0,0.0,0.0,0.0,0.018799347802996635,0.10890460014343262,0.0,0.0,0.0,0.0,0,5.279988
PIDY,5319988,0.0,0.0,0.0,0.0,0.01935940608382225,0.10610395669937134,0.0,0.0,0.0,0.0,0,5.319988
PIDY,5359988,0.0,0.0,0.0,0.0,0.019991779699921608,0.10441585630178452,0.0,0.0,0.0,0.0,0,5.359988
PIDY,5399988,0.0,0.0,0.0,0.0,0.020541399717330933,0.10158275067806244,0.0,0.0,0.0,0.0,0,5.399988
PIDY,5439988,0.0,0.0,0.0,0.0,0.021084235981106758,0.09850674122571945,0.0,0.0,0.0,0.0,0,5.439988
PIDY,5479988,0.0,0.0,0.0,0.0,0.02171039953827858,0.09544581919908524,0.0,0.0,0.0,0.0,0,5.479988
PIDY,5519988,0.0,0.0,0.0,0.0,0.02224637195467949,0.09184931218624115,0.0,0.0,0.0,0.0,0,5.519988
PIDY,5559988,0.0,0.0,0.0,0.0,0.02288130298256874,0.0899193212389946,0.0,0.0,0.0,0.0,0,5.559988
PIDY,5599988,0.0,0.0,0.0,0.0,0.023422375321388245,0.08665984123945236,0.0,0.0,0.0,0.0,0,5.599988
PIDY,5639988,0.0,0.0,0.0,0.0,0.023964425548911095,0.0842968225479126,0.0,0.0,0.0,0.0,0,5.639988
PIDY,5679988,0.0,0.0,0.0,0.0,0.024614334106445312,0.08214909583330154,0.0,0.0,0.0,0.0,0,5.679988
PIDY,5719988,0.0,0.0,0.0,0.0,0.02515333890914917,0.07872791588306427,0.0,0.0,0.0,0.0,0,5.719988
PIDY,5759988,0.0,0.0,0.0,0.0,0.025800758972764015,0.07572220265865326,0.0,0.0,0.0,0.0,0,5.759988
PIDY,5799988,0.0,0.0,0.0,0.0,0.026327474042773247,0.07318370789289474,0.0,0.0,0.0,0.0,0,5.799988
PIDY,5839988,0.0,0.0,0.0,0.0,0.026847204193472862,0.07133947312831879,0.0,0.0,0.0,0.0,0,5.839988
PIDY,5879988,0.0,0.0,0.0,0.0,0.027479413896799088,0.07177618145942688,0.0,0.0,0.0,0.0,0,5.879988
PIDY,5919988,0.0,0.0,0.0,0.0,0.027994578704237938,0.0718231052160263,0.0,0.0,0.0,0.0,0,5.919988
PIDY,5959988,0.0,0.0,0.0,0.0,0.028619807213544846,0.0709872841835022,0.0,0.0,0.0,0.0,0,5.959988
PIDY,5999988,0.0,0.0,0.0,0.0,0.029127605259418488,0.07060262560844421,0.0,0.0,0.0,0.0,0,5.999988
PIDY,6039988,0.0,0.0,0.0,0.0,0.02963046170771122,0.06927099078893661,0.0,0.0,0.0,0.0,0,6.039988
PIDY,6079988,0.0,0.0,0.0,0.0,0.03023414872586727,0.06837207823991776,0.0,0.0,0.0,0.0,0,6.079988
PIDY,6119988,0.0,0.0,0.0,0.0,0.030735617503523827,0.06776883453130722,0.0,0.0,0.0,0.0,0,6.119988
PIDY,6159988,0.0,0.0,0.0,0.0,0.0313396193087101,0.06821753084659576,0.0,0.0,0.0,0.0,0,6.159988
PIDY,6199988,0.0,0.0,0.0,0.0,0.03184681758284569,0.06761271506547928,0.0,0.0,0.0,0.0,0,6.199988
PIDY,6239988,0.0,0.0,0.0,0.0,0.032356008887290955,0.066045381128788,0.0,0.0,0.0,0.0,0,6.239988
PIDY,6279988,0.0,0.0,0.0,0.0,0.03296258673071861,0.06560555845499039,0.0,0.0,0.0,0.0,0,6.279988
PIDY,6319988,0.0,0.0,0.0,0.0,0.033479828387498856,0.06455827504396439,0.0,0.0,0.0,0.0,0,6.319988
PIDY,6359988,0.0,0.0,0.0,0.0,0.03408946469426155,0.0630396381020546,0.0,0.0,0.0,0.0,0,6.359988
PIDY,6399988,0.0,0.0,0.0,0.0,0.03459915891289711,0.05979038402438164,0.0,0.0,0.0,0.0,0,6.399988
PIDY,6439988,0.0,0.0,0.0,0.0,0.035097479820251465,0.055985014885663986,0.0,0.0,0.0,0.0,0,6.439988
PIDY,6479988,0.0,0.0,0.0,0.0,0.03566504642367363,0.05300476402044296,0.0,0.0,0.0,0.0,0,6.479988
PIDY,6519988,0.0,0.0,0.0,0.0,0.0361403189599514,0.05024624243378639,0.0,0.0,0.0,0.0,0,6.519988
PIDY,6559988,0.0,0.0,0.0,0.0,0.03669727221131325,0.047800201922655106,0.0,0.0,0.0,0.0,0,6.559988
PIDY,6599988,0.0,0.0,0.0,0.0,0.037160806357860565,0.0445888414978981,0.0,0.0,0.0,0.0,0,6.599988
PIDY,6639988,0.0,0.0,0.0,0.0,0.03762008249759674,0.041544653475284576,0.0,0.0,0.0,0.0,0,6.639988
PIDY,6679988,0.0,0.0,0.0,0.0,0.038161829113960266,0.03864093869924545,0.0,0.0,0.0,0.0,0,6.679988
PIDY,6719988,0.0,0.0,0.0,0.0,0.03861765190958977,0.03580725938081741,0.0,0.0,0.0,0.0,0,6.719988
PIDY,6759988,0.0,0.0,0.0,0.0,0.03914414346218109,0.033163949847221375,0.0,0.0,0.0,0.0,0,6.759988
PIDY,6799988,0.0,0.0,0.0,0.0,0.039596498012542725,0.030656617134809494,0.0,0.0,0.0,0.0,0,6.799988
PIDY,6839988,0.0,0.0,0.0,0.0,0.04004552587866783,0.02806434966623783,0.0,0.0,0.0,0.0,0,6.839988
PIDY,6879988,0.0,0.0,0.0,0.0,0.04055754467844963,0.02680687978863716,0.0,0.0,0.0,0.0,0,6.879988
PIDY,6919988,0.0,0.0,0.0,0.0,0.04099202901124954,0.024609368294477463,0.0,0.0,0.0,0.0,0,6.919988
PIDY,6959988,0.0,0.0,0.0,0.0,0.04148293286561966,0.023351917043328285,0.0,0.0,0.0,0.0,0,6.959988
PIDY,6999988,0.0,0.0,0.0,0.0,0.041898563504219055,0.02237321063876152,0.0,0.0,0.0,0.0,0,6.999988
PIDY,7039988,0.0,0.0,0.0,0.0,0.04230791702866554,0.022303329780697823,0.0,0.0,0.0,0.0,0,7.039988
PIDY,7079988,0.0,0.0,0.0,0.0,0.042857225984334946,0.11006380617618561,0.0,0.0,0.0,0.0,0,7.079988
PIDY,7119988,0.0,0.0,0.0,0.0,0.043446123600006104,0.10881273448467255,0.0,0.0,0.0,0.0,0,7.119988
PIDY,7159988,0.0,0.0,0.0,0.0,0.04408522695302963,0.10784658789634705,0.0,0.0,0.0,0.0,0,7.159988
PIDY,7199988,0.0,0.0,0.0,0.0,0.04467207193374634,0.10624319314956665,0.0,0.0,0.0,0.0,0,7.199988
PIDY,7239988,0.0,0.0,0.0,0.0,0.04525690898299217,0.1052827537059784,0.0,0.0,0.0,0.0,0,7.239988
PIDY,7279988,0.0,0.0,0.0,0.0,0.04588756337761879,0.10322441905736923,0.0,0.0,0.0,0.0,0,7.279988
PIDY,7319988,0.0,0.0,0.0,0.0,0.04646771028637886,0.10205639153718948,0.0,0.0,0.0,0.0,0,7.319988
PIDY,7359988,0.0,0.0,0.0,0.0,0.04708007723093033,0.10049394518136978,0.0,0.0,0.0,0.0,0,7.359988
PIDY,7399988,0.0,0.0,0.0,0.0,0.04765209183096886,0.09743494540452957,0.0,0.0,0.0,0.0,0,7.399988
PIDY,7439988,0.0,0.0,0.0,0.0,0.048214226961135864,0.09343666583299637,0.0,0.0,0.0,0.0,0,7.439988
PIDY,7479988,0.0,0.0,0.0,0.0,0.04879595339298248,0.0886005386710167,0.0,0.0,0.0,0.0,0,7.479988
PIDY,7519988,0.0,0.0,0.0,0.0,0.049331095069646835,0.08326907455921173,0.0,0.0,0.0,0.0,0,7.519988
PIDY,7559988,0.0,0.0,0.0,0.0,0.04988314211368561,0.07747531682252884,0.0,0.0,0.0,0.0,0,7.559988
PIDY,7599988,0.0,0.0,0.0,0.0,0.05039424076676369,0.07207784801721573,0.0,0.0,0.0,0.0,0,7.599988
PIDY,7639988,0.0,0.0,0.0,0.0,0.05089578032493591,0.06720477342605591,0.0,0.0,0.0,0.0,0,7.639988
PIDY,7679988,0.0,0.0,0.0,0.0,0.05140919238328934,0.06277290731668472,0.0,0.0,0.0,0.0,0,7.679988
PIDY,7719988,0.0,0.0,0.0,0.0,0.0519014410674572,0.059697289019823074,0.0,0.0,0.0,0.0,0,7.719988
PIDY,7759988,0.0,0.0,0.0,0.0,0.05239450931549072,0.05843810364603996,0.0,0.0,0.0,0.0,0,7.759988
PIDY,7799988,0.0,0.0,0.0,0.0,0.05288500711321831,0.05664420127868652,0.0,0.0,0.0,0.0,0,7.799988
PIDY,7839988,0.0,0.0,0.0,0.0,0.05337312072515488,0.055195942521095276,0.0,0.0,0.0,0.0,0,7.839988
PIDY,7879988,0.0,0.0,0.0,0.0,0.05386098101735115,0.048882607370615005,0.0,0.0,0.0,0.0,0,7.879988
PIDY,7919988,0.0,0.0,0.0,0.0,0.054305270314216614,0.024566972628235817,0.0,0.0,0.0,0.0,0,7.919988
PIDY,7959988,0.0,0.0,0.0,0.0,0.05466608703136444,-0.0207942146807909,0.0,0.0,0.0,0.0,0,7.959988
PIDY,7999988,0.0,0.0,0.0,0.0,0.05490267649292946,-0.08542843908071518,0.0,0.0,0.0,0.0,0,7.999988
PIDY,8039988,0.0,0.0,0.0,0.0,0.05497230961918831,-0.16883938014507294,0.0,0.0,0.0,0.0,0,8.039988
PIDY,8079988,0.0,0.0,0.0,0.0,0.054833490401506424,-0.27017930150032043,0.0,0.0,0.0,0.0,0,8.079988
PIDY,8119988,0.0,0.0,0.0,0.0,0.054445382207632065,-0.38950812816619873,0.0,0.0,0.0,0.0,0,8.119988
PIDY,8159988,0.0,0.0,0.0,0.0,0.05376690998673439,-0.5239549875259399,0.0,0.0,0.0,0.0,0,8.159988
PIDY,8199988,0.0,0.0,0.0,0.0,0.05277556553483009,-0.6689403653144836,0.0,0.0,0.0,0.0,0,8.199988
PIDY,8239988,0.0,0.0,0.0,0.0,0.05144279822707176,-0.8225060105323792,0.0,0.0,0.0,0.0,0,8.239988
PIDY,8279988,0.0,0.0,0.0,0.0,0.049751896411180496,-0.9774503707885742,0.0,0.0,0.0,0.0,0,8.279988
PIDY,8319988,0.0,0.0,0.0,0.0,0.047710806131362915,-1.1284410953521729,0.0,0.0,0.0,0.0,0,8.319988
PIDY,8359988,0.0,0.0,0.0,0.0,0.04531106352806091,-1.2686176300048828,0.0,0.0,0.0,0.0,0,8.359988
PIDY,8399988,0.0,0.0,0.0,0.0,0.042623937129974365,-1.3904247283935547,0.0,0.0,0.0,0.0,0,8.399988
PIDY,8439988,0.0,0.0,0.0,0.0,0.03967609629034996,-1.4886786937713623,0.0,0.0,0.0,0.0,0,8.439988
PIDY,8479988,0.0,0.0,0.0,0.0,0.03651312366127968,-1.551594853401184,0.0,0.0,0.0,0.0,0,8.479988
PIDY,8519988,0.0,0.0,0.0,0.0,0.03325594216585159,-1.5665384531021118,0.0,0.0,0.0,0.0,0,8.519988
PIDY,8559988,0.0,0.0,0.0,0.0,0.02997451461851597,-1.5318444967269897,0.0,0.0,0.0,0.0,0,8.559988
PIDY,8599988,0.0,0.0,0.0,0.0,0.026801060885190964,-1.4504332542419434,0.0,0.0,0.0,0.0,0,8.599988
PIDY,8639988,0.0,0.0,0.0,0.0,0.02381332591176033,-1.3293322324752808,0.0,0.0,0.0,0.0,0,8.639988
PIDY,8679988,0.0,0.0,0.0,0.0,0.02110130712389946,-1.1652605533599854,0.0,0.0,0.0,0.0,0,8.679988
PIDY,8719988,0.0,0.0,0.0,0.0,0.018766986206173897,-0.9648261666297913,0.0,0.0,0.0,0.0,0,8.719988
PIDY,8759988,0.0,0.0,0.0,0.0,0.016875971108675003,-0.7335104942321777,0.0,0.0,0.0,0.0,0,8.759988
PIDY,8799988,0.0,0.0,0.0,0.0,0.015504458919167519,-0.4795292615890503,0.0,0.0,0.0,0.0,0,8.799988
PIDY,8839988,0.0,0.0,0.0,0.0,0.014683184213936329,-0.21856318414211273,0.0,0.0,0.0,0.0,0,8.839988
PIDY,8879988,0.0,0.0,0.0,0.0,0.014407160691916943,0.03859839215874672,0.0,0.0,0.0,0.0,0,8.879988
PIDY,8919988,0.0,0.0,0.0,0.0,0.014691508375108242,0.28804004192352295,0.0,0.0,0.0,0.0,0,8.919988
PIDY,8959988,0.0,0.0,0.0,0.0,0.01550410594791174,0.518699049949646,0.0,0.0,0.0,0.0,0,8.959988
PIDY,8999988,0.0,0.0,0.0,0.0,0.016809698194265366,0.7209003567695618,0.0,0.0,0.0,0.0,0,8.999988
PIDY,9039988,0.0,0.0,0.0,0.0,0.018540924414992332,0.8904160857200623,0.0,0.0,0.0,0.0,0,9.039988
PIDY,9079988,0.0,0.0,0.0,0.0,0.02060350961983204,1.0146242380142212,0.0,0.0,0.0,0.0,0,9.079988
PIDY,9119988,0.0,0.0,0.0,0.0,0.022934122011065483,1.0958532094955444,0.0,0.0,0.0,0.0,0,9.119988
PIDY,9159988,0.0,0.0,0.0,0.0,0.025421947240829468,1.1368179321289062,0.0,0.0,0.0,0.0,0,9.159988
PIDY,9199988,0.0,0.0,0.0,0.0,0.02802937477827072,1.1534072160720825,0.0,0.0,0.0,0.0,0,9.199988
PIDY,9239988,0.0,0.0,0.0,0.0,0.03070031851530075,1.150414228439331,0.0,0.0,0.0,0.0,0,9.239988
PIDY,9279988,0.0,0.0,0.0,0.0,0.03337471932172775,1.1331454515457153,0.0,0.0,0.0,0.0,0,9.279988
PIDY,9319988,0.0,0.0,0.0,0.0,0.03606957569718361,1.1072566509246826,0.0,0.0,0.0,0.0,0,9.319988
PIDY,9359988,0.0,0.0,0.0,0.0,0.03871620446443558,1.0741143226623535,0.0,0.0,0.0,0.0,0,9.359988
PIDY,9399988,0.0,0.0,0.0,0.0,0.04135659337043762,1.0394669771194458,0.0,0.0,0.0,0.0,0,9.399988
PIDY,9439988,0.0,0.0,0.0,0.0,0.043961334973573685,1.0077720880508423,0.0,0.0,0.0,0.0,0,9.439988
PIDY,9479988,0.0,0.0,0.0,0.0,0.046517513692379,0.9810499548912048,0.0,0.0,0.0,0.0,0,9.479988
PIDY,9519988,0.0,0.0,0.0,0.0,0.04907063767313957,0.9650529623031616,0.0,0.0,0.0,0.0,0,9.519988
PIDY,9559988,0.0,0.0,0.0,0.0,0.05159320309758186,0.9563920497894287,0.0,0.0,0.0,0.0,0,9.559988
PIDY,9599988,0.0,0.0,0.0,0.0,0.05414799600839615,0.954694926738739,0.0,0.0,0.0,0.0,0,9.599988
PIDY,9639988,0.0,0.0,0.0,0.0,0.05672231316566467,0.9597017168998718,0.0,0.0,0.0,0.0,0,9.639988
PIDY,9679988,0.0,0.0,0.0,0.0,0.05930063873529434,0.9698593020439148,0.0,0.0,0.0,0.0,0,9.679988
PIDY,9719988,0.0,0.0,0.0,0.0,0.06194340065121651,0.9826945066452026,0.0,0.0,0.0,0.0,0,9.719988
PIDY,9759988,0.0,0.0,0.0,0.0,0.06460371613502502,1.002450942993164,0.0,0.0,0.0,0.0,0,9.759988
PIDY,9799988,0.0,0.0,0.0,0.0,0.06736074388027191,1.0288498401641846,0.0,0.0,0.0,0.0,0,9.799988
PIDY,9839988,0.0,0.0,0.0,0.0,0.0701867938041687,1.0545463562011719,0.0,0.0,0.0,0.0,0,9.839988
PIDY,9879988,0.0,0.0,0.0,0.0,0.07304699718952179,1.0777122974395752,0.0,0.0,0.0,0.0,0,9.879988
PIDY,9919988,0.0,0.0,0.0,0.0,0.07600286602973938,1.09889554977417,0.0,0.0,0.0,0.0,0,9.919988
PIDY,9959988,0.0,0.0,0.0,0.0,0.07896185666322708,1.0981113910675049,0.0,0.0,0.0,0.0,0,9.959988
PIDY,9999988,0.0,0.0,0.0,0.0,0.08192406594753265,1.0758928060531616,0.0,0.0,0.0,0.0,0,9.999988
PIDY,10039988,0.0,0.0,0.0,0.0,0.08484732359647751,1.0496691465377808,0.0,0.0,0.0,0.0,0,10.039988
PIDY,10079988,0.0,0.0,0.0,0.0,0.0877300575375557,1.0342539548873901,0.0,0.0,0.0,0.0,0,10.079988
PIDY,10119988,0.0,0.0,0.0,0.0,0.09072986245155334,1.1126201152801514,0.0,0.0,0.0,0.0,0,10.119988
PIDY,10159988,0.0,0.0,0.0,0.0,0.09414640814065933,1.3838798999786377,0.0,0.0,0.0,0.0,0,10.159988
PIDY,10199988,0.0,0.0,0.0,0.0,0.09854879230260849,1.8832565546035767,0.0,0.0,0.0,0.0,0,10.199988
PIDY,10239988,0.0,0.0,0.0,0.0,0.10437999665737152,2.602734088897705,0.0,0.0,0.0,0.0,0,10.239988
PIDY,10279988,0.0,0.0,0.0,0.0,0.11211962252855301,3.5401079654693604,0.0,0.0,0.0,0.0,0,10.279988
PIDY,10319988,0.0,0.0,0.0,0.0,0.12228944152593613,4.685012340545654,0.0,0.0,0.0,0.0,0,10.319988
PIDY,10359988,0.0,0.0,0.0,0.0,0.13526679575443268,6.020315170288086,0.0,0.0,0.0,0.0,0,10.359988
PIDY,10399988,0.0,0.0,0.0,0.0,0.1516089141368866,7.521376132965088,0.0,0.0,0.0,0.0,0,10.399988
PIDY,10439988,0.0,0.0,0.0,0.0,0.17156673967838287,9.131149291992188,0.0,0.0,0.0,0.0,0,10.439988
PIDY,10479988,0.0,0.0,0.0,0.0,0.19522488117218018,10.776713371276855,0.0,0.0,0.0,0.0,0,10.479988
PIDY,10519988,0.0,0.0,0.0,0.0,0.22279144823551178,12.395792961120605,0.0,0.0,0.0,0.0,0,10.519988
PIDY,10559988,0.0,0.0,0.0,0.0,0.2538354992866516,13.86086654663086,0.0,0.0,0.0,0.0,0,10.559988
PIDY,10599988,0.0,0.0,0.0,0.0,0.28824684023857117,15.114629745483398,0.0,0.0,0.0,0.0,0,10.599988
PIDY,10639988,0.0,0.0,0.0,0.0,0.3254076838493347,16.110862731933594,0.0,0.0,0.0,0.0,0,10.639988
PIDY,10679988,0.0,0.0,0.0,0.0,0.3645021319389343,16.779043197631836,0.0,0.0,0.0,0.0,0,10.679988
PIDY,10719988,0.0,0.0,0.0,0.0,0.40517061948776245,17.098310470581055,0.0,0.0,0.0,0.0,0,10.719988
PIDY,10759988,0.0,0.0,0.0,0.0,0.44610780477523804,17.034643173217773,0.0,0.0,0.0,0.0,0,10.759988
PIDY,10799988,0.0,0.0,0.0,0.0,0.4871746301651001,16.613494873046875,0.0,0.0,0.0,0.0,0,10.799988
PIDY,10839988,0.0,0.0,0.0,0.0,0.527188241481781,15.796732902526855,0.0,0.0,0.0,0.0,0,10.839988
PIDY,10879988,0.0,0.0,0.0,0.0,0.5647801160812378,14.591166496276855,0.0,0.0,0.0,0.0,0,10.879988
PIDY,10919988,0.0,0.0,0.0,0.0,0.6001449227333069,13.0718355178833,0.0,0.0,0.0,0.0,0,10.919988
PIDY,10959988,0.0,0.0,0.0,0.0,0.6315990686416626,11.263012886047363,0.0,0.0,0.0,0.0,0,10.959988
PIDY,10999988,0.0,0.0,0.0,0.0,0.6595773696899414,9.270261764526367,0.0,0.0,0.0,0.0,0,10.999988
PIDY,11039988,0.0,0.0,0.0,0.0,0.6832156181335449,7.1667375564575195,0.0,0.0,0.0,0.0,0,11.039988
PIDY,11079988,0.0,0.0,0.0,0.0,0.7017679214477539,5.028016567230225,0.0,0.0,0.0,0.0,0,11.079988
PIDY,11119988,0.0,0.0,0.0,0.0,0.7162643074989319,2.954516887664795,0.0,0.0,0.0,0.0,0,11.119988
PIDY,11159988,0.0,0.0,0.0,0.0,0.7255606651306152,0.9645776748657227,0.0,0.0,0.0,0.0,0,11.159988
PIDY,11199988,0.0,0.0,0.0,0.0,0.7312723994255066,-0.8592028617858887,0.0,0.0,0.0,0.0,0,11.199988
PIDY,11239988,0.0,0.0,0.0,0.0,0.7331199049949646,-2.4383602142333984,0.0,0.0,0.0,0.0,0,11.239988
PIDY,11279988,0.0,0.0,0.0,0.0,0.731042206287384,-3.742856979370117,0.0,0.0,0.0,0.0,0,11.279988
PIDY,11319988,0.0,0.0,0.0,0.0,0.7267976403236389,-4.7279462814331055,0.0,0.0,0.0,0.0,0,11.319988
PIDY,11359988,0.0,0.0,0.0,0.0,0.7197572588920593,-5.35197114944458,0.0,0.0,0.0,0.0,0,11.359988
PIDY,11399988,0.0,0.0,0.0,0.0,0.7122435569763184,-5.614037036895752,0.0,0.0,0.0,0.0,0,11.399988
PIDY,11439988,0.0,0.0,0.0,0.0,0.7041616439819336,-5.5772385597229,0.0,0.0,0.0,0.0,0,11.439988
PIDY,11479988,0.0,0.0,0.0,0.0,0.6952792406082153,-5.2689971923828125,0.0,0.0,0.0,0.0,0,11.479988
PIDY,11519988,0.0,0.0,0.0,0.0,0.6878710985183716,-4.719991207122803,0.0,0.0,0.0,0.0,0,11.519988
PIDY,11559988,0.0,0.0,0.0,0.0,0.6807311177253723,-4.002063751220703,0.0,0.0,0.0,0.0,0,11.559988
PIDY,11599988,0.0,0.0,0.0,0.0,0.6758235096931458,-3.162365198135376,0.0,0.0,0.0,0.0,0,11.599988
PIDY,11639988,0.0,0.0,0.0,0.0,0.6726038455963135,-2.24605393409729,0.0,0.0,0.0,0.0,0,11.639988
PIDY,11679988,0.0,0.0,0.0,0.0,0.670318603515625,-1.3189336061477661,0.0,0.0,0.0,0.0,0,11.679988
PIDY,11719988,0.0,0.0,0.0,0.0,0.6708020567893982,-0.4056127667427063,0.0,0.0,0.0,0.0,0,11.719988
PIDY,11759988,0.0,0.0,0.0,0.0,0.6719977855682373,0.40874212980270386,0.0,0.0,0.0,0.0,0,11.759988
PIDY,11799988,0.0,0.0,0.0,0.0,0.6758835911750793,1.1101963520050049,0.0,0.0,0.0,0.0,0,11.799988
PIDY,11839988,0.0,0.0,0.0,0.0,0.6811556816101074,1.672972559928894,0.0,0.0,0.0,0.0,0,11.839988
PIDY,11879988,0.0,0.0,0.0,0.0,0.6864094138145447,2.047135591506958,0.0,0.0,0.0,0.0,0,11.879988
PIDY,11919988,0.0,0.0,0.0,0.0,0.693372905254364,2.1990931034088135,0.0,0.0,0.0,0.0,0,11.919988
PIDY,11959988,0.0,0.0,0.0,0.0,0.6992689967155457,2.061717987060547,0.0,0.0,0.0,0.0,0,11.959988
PIDY,11999988,0.0,0.0,0.0,0.0,0.7057992815971375,1.6574667692184448,0.0,0.0,0.0,0.0,0,11.999988
PIDY,12039988,0.0,0.0,0.0,0.0,0.7112227082252502,0.9739682078361511,0.0,0.0,0.0,0.0,0,12.039988
PIDY,12079988,0.0,0.0,0.0,0.0,0.7139000296592712,0.01702994853258133,0.0,0.0,0.0,0.0,0,12.079988
PIDY,12119988,0.0,0.0,0.0,0.0,0.7153279781341553,-1.1636722087860107,0.0,0.0,0.0,0.0,0,12.119988
PIDY,12159988,0.0,0.0,0.0,0.0,0.7131750583648682,-2.4447526931762695,0.0,0.0,0.0,0.0,0,12.159988
PIDY,12199988,0.0,0.0,0.0,0.0,0.7089263200759888,-3.935168981552124,0.0,0.0,0.0,0.0,0,12.199988
PIDY,12239988,0.0,0.0,0.0,0.0,0.7012884616851807,-5.512784481048584,0.0,0.0,0.0,0.0,0,12.239988
PIDY,12279988,0.0,0.0,0.0,0.0,0.6891981363296509,-7.1179728507995605,0.0,0.0,0.0,0.0,0,12.279988
PIDY,12319988,0.0,0.0,0.0,0.0,0.6744386553764343,-8.674397468566895,0.0,0.0,0.0,0.0,0,12.319988
PIDY,12359988,0.0,0.0,0.0,0.0,0.655184805393219,-10.126786231994629,0.0,0.0,0.0,0.0,0,12.359988
PIDY,12399988,0.0,0.0,0.0,0.0,0.6337794661521912,-11.421989440917969,0.0,0.0,0.0,0.0,0,12.399988
PIDY,12439988,0.0,0.0,0.0,0.0,0.6095559597015381,-12.499176025390625,0.0,0.0,0.0,0.0,0,12.439988
PIDY,12479988,0.0,0.0,0.0,0.0,0.582055389881134,-13.303895950317383,0.0,0.0,0.0,0.0,0,12.479988
PIDY,12519988,0.0,0.0,0.0,0.0,0.5537809133529663,-13.830124855041504,0.0,0.0,0.0,0.0,0,12.519988
PIDY,12559988,0.0,0.0,0.0,0.0,0.5236632823944092,-14.025774002075195,0.0,0.0,0.0,0.0,0,12.559988
PIDY,12599988,0.0,0.0,0.0,0.0,0.49390557408332825,-13.90842056274414,0.0,0.0,0.0,0.0,0,12.599988
PIDY,12639988,0.0,0.0,0.0,0.0,0.4644112288951874,-13.492616653442383,0.0,0.0,0.0,0.0,0,12.639988
PIDY,12679988,0.0,0.0,0.0,0.0,0.43509912490844727,-12.791403770446777,0.0,0.0,0.0,0.0,0,12.679988
PIDY,12719988,0.0,0.0,0.0,0.0,0.4079853594303131,-11.872802734375,0.0,0.0,0.0,0.0,0,12.719988
PIDY,12759988,0.0,0.0,0.0,0.0,0.3822982907295227,-10.780231475830078,0.0,0.0,0.0,0.0,0,12.759988
PIDY,12799988,0.0,0.0,0.0,0.0,0.3593531847000122,-9.583547592163086,0.0,0.0,0.0,0.0,0,12.799988
PIDY,12839988,0.0,0.0,0.0,0.0,0.33890169858932495,-8.315815925598145,0.0,0.0,0.0,0.0,0,12.839988
PIDY,12879988,0.0,0.0,0.0,0.0,0.3206894099712372,-7.024816513061523,0.0,0.0,0.0,0.0,0,12.879988
PIDY,12919988,0.0,0.0,0.0,0.0,0.30556970834732056,-5.768551349639893,0.0,0.0,0.0,0.0,0,12.919988
PIDY,12959988,0.0,0.0,0.0,0.0,0.2927640378475189,-4.579198360443115,0.0,0.0,0.0,0.0,0,12.959988
PIDY,12999988,0.0,0.0,0.0,0.0,0.28271377086639404,-3.5379385948181152,0.0,0.0,0.0,0.0,0,12.999988
PIDY,13039988,0.0,0.0,0.0,0.0,0.27467888593673706,-2.745856523513794,0.0,0.0,0.0,0.0,0,13.039988
PIDY,13079988,0.0,0.0,0.0,0.0,0.26775112748146057,-2.246974468231201,0.0,0.0,0.0,0.0,0,13.079988
PIDY,13119988,0.0,0.0,0.0,0.0,0.26200148463249207,-2.058948040008545,0.0,0.0,0.0,0.0,0,13.119988
PIDY,13159988,0.0,0.0,0.0,0.0,0.2560654878616333,-2.20489764213562,0.0,0.0,0.0,0.0,0,13.159988
PIDY,13199988,0.0,0.0,0.0,0.0,0.2498655468225479,-2.6711883544921875,0.0,0.0,0.0,0.0,0,13.199988
PIDY,13239988,0.0,0.0,0.0,0.0,0.24243353307247162,-3.41898512840271,0.0,0.0,0.0,0.0,0,13.239988
PIDY,13279988,0.0,0.0,0.0,0.0,0.2329234778881073,-4.412715911865234,0.0,0.0,0.0,0.0,0,13.279988
PIDY,13319988,0.0,0.0,0.0,0.0,0.2213393747806549,-5.609396934509277,0.0,0.0,0.0,0.0,0,13.319988
PIDY,13359988,0.0,0.0,0.0,0.0,0.20684146881103516,-6.937078475952148,0.0,0.0,0.0,0.0,0,13.359988
PIDY,13399988,0.0,0.0,0.0,0.0,0.1895824372768402,-8.326759338378906,0.0,0.0,0.0,0.0,0,13.399988
PIDY,13439988,0.0,0.0,0.0,0.0,0.16927145421504974,-9.707002639770508,0.0,0.0,0.0,0.0,0,13.439988
PIDY,13479988,0.0,0.0,0.0,0.0,0.1458633989095688,-11.004718780517578,0.0,0.0,0.0,0.0,0,13.479988
PIDY,13519988,0.0,0.0,0.0,0.0,0.11977546662092209,-12.161189079284668,0.0,0.0,0.0,0.0,0,13.519988
PIDY,13559988,0.0,0.0,0.0,0.0,0.091213658452034,-13.105064392089844,0.0,0.0,0.0,0.0,0,13.559988
PIDY,13599988,0.0,0.0,0.0,0.0,0.06071319803595543,-13.801240921020508,0.0,0.0,0.0,0.0,0,13.599988
PIDY,13639988,0.0,0.0,0.0,0.0,0.028777655214071274,-14.21652889251709,0.0,0.0,0.0,0.0,0,13.639988
PIDY,13679988,0.0,0.0,0.0,0.0,-0.00397418811917305,-14.31783676147461,0.0,0.0,0.0,0.0,0,13.679988
PIDY,13719988,0.0,0.0,0.0,0.0,-0.03686235845088959,-14.111298561096191,0.0,0.0,0.0,0.0,0,13.719988
PIDY,13759988,0.0,0.0,0.0,0.0,-0.06920897215604782,-13.598226547241211,0.0,0.0,0.0,0.0,0,13.759988
PIDY,13799988,0.0,0.0,0.0,0.0,-0.10044334828853607,-12.821565628051758,0.0,0.0,0.0,0.0,0,13.799988
PIDY,13839988,0.0,0.0,0.0,0.0,-0.12999993562698364,-11.818048477172852,0.0,0.0,0.0,0.0,0,13.839988
PIDY,13879988,0.0,0.0,0.0,0.0,-0.1573476344347,-10.621931076049805,0.0,0.0,0.0,0.0,0,13.879988
PIDY,13919988,0.0,0.0,0.0,0.0,-0.18219345808029175,-9.29007339477539,0.0,0.0,0.0,0.0,0,13.919988
PIDY,13959988,0.0,0.0,0.0,0.0,-0.20414815843105316,-7.884451866149902,0.0,0.0,0.0,0.0,0,13.959988
PIDY,13999988,0.0,0.0,0.0,0.0,-0.22323819994926453,-6.47379207611084,0.0,0.0,0.0,0.0,0,13.999988
PIDY,14039988,0.0,0.0,0.0,0.0,-0.23938216269016266,-5.107032775878906,0.0,0.0,0.0,0.0,0,14.039988
PIDY,14079988,0.0,0.0,0.0,0.0,-0.2525627315044403,-3.825080156326294,0.0,0.0,0.0,0.0,0,14.079988
PIDY,14119988,0.0,0.0,0.0,0.0,-0.26317423582077026,-2.676835536956787,0.0,0.0,0.0,0.0,0,14.119988
PIDY,14159988,0.0,0.0,0.0,0.0,-0.2713374197483063,-1.679335594177246,0.0,0.0,0.0,0.0,0,14.159988
PIDY,14199988,0.0,0.0,0.0,0.0,-0.2774457335472107,-0.8642129898071289,0.0,0.0,0.0,0.0,0,14.199988
PIDY,14239988,0.0,0.0,0.0,0.0,-0.2818705141544342,-0.2603374719619751,0.0,0.0,0.0,0.0,0,14.239988
PIDY,14279988,0.0,0.0,0.0,0.0,-0.28494787216186523,0.1357824057340622,0.0,0.0,0.0,0.0,0,14.279988
PIDY,14319988,0.0,0.0,0.0,0.0,-0.2872941792011261,0.3247162997722626,0.0,0.0,0.0,0.0,0,14.319988
PIDY,14359988,0.0,0.0,0.0,0.0,-0.2891429662704468,0.3007701635360718,0.0,0.0,0.0,0.0,0,14.359988
PIDY,14399988,0.0,0.0,0.0,0.0,-0.2912125587463379,0.08311127126216888,0.0,0.0,0.0,0.0,0,14.399988
PIDY,14439988,0.0,0.0,0.0,0.0,-0.2937312722206116,-0.2775377035140991,0.0,0.0,0.0,0.0,0,14.439988
PIDY,14479988,0.0,0.0,0.0,0.0,-0.29681915044784546,-0.7346121668815613,0.0,0.0,0.0,0.0,0,14.479988
PIDY,14519988,0.0,0.0,0.0,0.0,-0.3009687662124634,-1.255230188369751,0.0,0.0,0.0,0.0,0,14.519988
PIDY,14559988,0.0,0.0,0.0,0.0,-0.30603086948394775,-1.8142261505126953,0.0,0.0,0.0,0.0,0,14.559988
PIDY,14599988,0.0,0.0,0.0,0.0,-0.31236839294433594,-2.3834915161132812,0.0,0.0,0.0,0.0,0,14.599988
PIDY,14639988,0.0,0.0,0.0,0.0,-0.319844126701355,-2.9223077297210693,0.0,0.0,0.0,0.0,0,14.639988
PIDY,14679988,0.0,0.0,0.0,0.0,-0.3282541036605835,-3.4017627239227295,0.0,0.0,0.0,0.0,0,14.679988
PIDY,14719988,0.0,0.0,0.0,0.0,-0.33774876594543457,-3.79884672164917,0.0,0.0,0.0,0.0,0,14.719988
PIDY,14759988,0.0,0.0,0.0,0.0,-0.3479979634284973,-4.077890872955322,0.0,0.0,0.0,0.0,0,14.759988
PIDY,14799988,0.0,0.0,0.0,0.0,-0.3587135970592499,-4.195806503295898,0.0,0.0,0.0,0.0,0,14.799988
PIDY,14839988,0.0,0.0,0.0,0.0,-0.36949023604393005,-4.1002607345581055,0.0,0.0,0.0,0.0,0,14.839988
PIDY,14879988,0.0,0.0,0.0,0.0,-0.37976014614105225,-3.760324478149414,0.0,0.0,0.0,0.0,0,14.879988
PIDY,14919988,0.0,0.0,0.0,0.0,-0.38912492990493774,-3.1670892238616943,0.0,0.0,0.0,0.0,0,14.919988
PIDY,14959988,0.0,0.0,0.0,0.0,-0.39681506156921387,-2.3062868118286133,0.0,0.0,0.0,0.0,0,14.959988
PIDY,14999988,0.0,0.0,0.0,0.0,-0.402488112449646,-1.1990681886672974,0.0,0.0,0.0,0.0,0,14.999988
PIDY,15039988,0.0,0.0,0.0,0.0,-0.40553176403045654,0.1091780737042427,0.0,0.0,0.0,0.0,0,15.039988
PIDY,15079988,0.0,0.0,0.0,0.0,-0.4054846167564392,1.577506422996521,0.0,0.0,0.0,0.0,0,15.079988
PIDY,15119988,0.0,0.0,0.0,0.0,-0.4021027088165283,3.155060291290283,0.0,0.0,0.0,0.0,0,15.119988
PIDY,15159988,0.0,0.0,0.0,0.0,-0.3950439393520355,4.775735378265381,0.0,0.0,0.0,0.0,0,15.159988
PIDY,15199988,0.0,0.0,0.0,0.0,-0.3844555914402008,6.380224704742432,0.0,0.0,0.0,0.0,0,15.199988
PIDY,15239988,0.0,0.0,0.0,0.0,-0.3702912926673889,7.9137797355651855,0.0,0.0,0.0,0.0,0,15.239988
PIDY,15279988,0.0,0.0,0.0,0.0,-0.35267558693885803,9.317151069641113,0.0,0.0,0.0,0.0,0,15.279988
PIDY,15319988,0.0,0.0,0.0,0.0,-0.33204811811447144,10.536848068237305,0.0,0.0,0.0,0.0,0,15.319988
PIDY,15359988,0.0,0.0,0.0,0.0,-0.30862948298454285,11.520990371704102,0.0,0.0,0.0,0.0,0,15.359988
PIDY,15399988,0.0,0.0,0.0,0.0,-0.28323042392730713,12.248608589172363,0.0,0.0,0.0,0.0,0,15.399988
PIDY,15439988,0.0,0.0,0.0,0.0,-0.25626543164253235,12.698206901550293,0.0,0.0,0.0,0.0,0,15.439988
PIDY,15479988,0.0,0.0,0.0,0.0,-0.2282513529062271,12.849703788757324,0.0,0.0,0.0,0.0,0,15.479988
PIDY,15519988,0.0,0.0,0.0,0.0,-0.20002961158752441,12.714945793151855,0.0,0.0,0.0,0.0,0,15.519988
PIDY,15559988,0.0,0.0,0.0,0.0,-0.1719987988471985,12.314623832702637,0.0,0.0,0.0,0.0,0,15.559988
PIDY,15599988,0.0,0.0,0.0,0.0,-0.14489810168743134,11.686034202575684,0.0,0.0,0.0,0.0,0,15.599988
PIDY,15639988,0.0,0.0,0.0,0.0,-0.11913015693426132,10.849397659301758,0.0,0.0,0.0,0.0,0,15.639988
PIDY,15679988,0.0,0.0,0.0,0.0,-0.09506089240312576,9.837539672851562,0.0,0.0,0.0,0.0,0,15.679988
PIDY,15719988,0.0,0.0,0.0,0.0,-0.073206327855587,8.699639320373535,0.0,0.0,0.0,0.0,0,15.719988
PIDY,15759988,0.0,0.0,0.0,0.0,-0.053754642605781555,7.448466777801514,0.0,0.0,0.0,0.0,0,15.759988
PIDY,15799988,0.0,0.0,0.0,0.0,-0.03701431676745415,6.1453423500061035,0.0,0.0,0.0,0.0,0,15.799988
PIDY,15839988,0.0,0.0,0.0,0.0,-0.022995896637439728,4.868103504180908,0.0,0.0,0.0,0.0,0,15.839988
PIDY,15879988,0.0,0.0,0.0,0.0,-0.0115934107452631,3.6886751651763916,0.0,0.0,0.0,0.0,0,15.879988
PIDY,15919988,0.0,0.0,0.0,0.0,-0.002528998302295804,2.705167055130005,0.0,0.0,0.0,0.0,0,15.919988
PIDY,15959988,0.0,0.0,0.0,0.0,0.004695008974522352,1.9987581968307495,0.0,0.0,0.0,0.0,0,15.959988
PIDY,15999988,0.0,0.0,0.0,0.0,0.010722172446548939,1.613488793373108,0.0,0.0,0.0,0.0,0,15.999988
PIDY,16039988,0.0,0.0,0.0,0.0,0.016203254461288452,1.545910358428955,0.0,0.0,0.0,0.0,0,16.039988
PIDY,16079988,0.0,0.0,0.0,0.0,0.021804627031087875,1.7962456941604614,0.0,0.0,0.0,0.0,0,16.079988
PIDY,16119988,0.0,0.0,0.0,0.0,0.02824200876057148,2.3574209213256836,0.0,0.0,0.0,0.0,0,16.119988
PIDY,16159988,0.0,0.0,0.0,0.0,0.03616151213645935,3.215726852416992,0.0,0.0,0.0,0.0,0,16.159988
PIDY,16199988,0.0,0.0,0.0,0.0,0.04622059687972069,4.336143970489502,0.0,0.0,0.0,0.0,0,16.199988
PIDY,16239988,0.0,0.0,0.0,0.0,0.05891378968954086,5.6555986404418945,0.0,0.0,0.0,0.0,0,16.239988
PIDY,16279988,0.0,0.0,0.0,0.0,0.07459590584039688,7.1030449867248535,0.0,0.0,0.0,0.0,0,16.279988
PIDY,16319988,0.0,0.0,0.0,0.0,0.09353384375572205,8.60721206665039,0.0,0.0,0.0,0.0,0,16.319988
PIDY,16359988,0.0,0.0,0.0,0.0,0.11570174992084503,10.057403564453125,0.0,0.0,0.0,0.0,0,16.359988
PIDY,16399988,0.0,0.0,0.0,0.0,0.14099936187267303,11.38672924041748,0.0,0.0,0.0,0.0,0,16.399988
PIDY,16439988,0.0,0.0,0.0,0.0,0.16912882030010223,12.543973922729492,0.0,0.0,0.0,0.0,0,16.439988
PIDY,16479988,0.0,0.0,0.0,0.0,0.19958622753620148,13.459150314331055,0.0,0.0,0.0,0.0,0,16.479988
PIDY,16519988,0.0,0.0,0.0,0.0,0.23202459514141083,14.109770774841309,0.0,0.0,0.0,0.0,0,16.519988
PIDY,16559988,0.0,0.0,0.0,0.0,0.2656153440475464,14.472955703735352,0.0,0.0,0.0,0.0,0,16.559988
PIDY,16599988,0.0,0.0,0.0,0.0,0.30012527108192444,14.552552223205566,0.0,0.0,0.0,0.0,0,16.599988
PIDY,16639988,0.0,0.0,0.0,0.0,0.3347090184688568,14.309988021850586,0.0,0.0,0.0,0.0,0,16.639988
PIDY,16679988,0.0,0.0,0.0,0.0,0.3684625029563904,13.748299598693848,0.0,0.0,0.0,0.0,0,16.679988
PIDY,16719988,0.0,0.0,0.0,0.0,0.40115031599998474,12.913033485412598,0.0,0.0,0.0,0.0,0,16.719988
PIDY,16759988,0.0,0.0,0.0,0.0,0.4317616820335388,11.80105209350586,0.0,0.0,0.0,0.0,0,16.759988
PIDY,16799988,0.0,0.0,0.0,0.0,0.460100919008255,10.469562530517578,0.0,0.0,0.0,0.0,0,16.799988
PIDY,16839988,0.0,0.0,0.0,0.0,0.48557013273239136,8.987250328063965,0.0,0.0,0.0,0.0,0,16.839988
PIDY,16879988,0.0,0.0,0.0,0.0,0.5075861215591431,7.411884784698486,0.0,0.0,0.0,0.0,0,16.879988
PIDY,16919988,0.0,0.0,0.0,0.0,0.526543915271759,5.817387104034424,0.0,0.0,0.0,0.0,0,16.919988
PIDY,16959988,0.0,0.0,0.0,0.0,0.5417889952659607,4.259891033172607,0.0,0.0,0.0,0.0,0,16.959988
PIDY,16999988,0.0,0.0,0.0,0.0,0.5541177988052368,2.807844877243042,0.0,0.0,0.0,0.0,0,16.999988
PIDY,17039988,0.0,0.0,0.0,0.0,0.5633947849273682,1.4924774169921875,0.0,0.0,0.0,0.0,0,17.039988
PIDY,17079988,0.0,0.0,0.0,0.0,0.5696245431900024,0.33901000022888184,0.0,0.0,0.0,0.0,0,17.079988
PIDY,17119988,0.0,0.0,0.0,0.0,0.573702335357666,-0.6134951114654541,0.0,0.0,0.0,0.0,0,17.119988
PIDY,17159988,0.0,0.0,0.0,0.0,0.5753714442253113,-1.3650518655776978,0.0,0.0,0.0,0.0,0,17.159988
PIDY,17199988,0.0,0.0,0.0,0.0,0.5758187770843506,-1.9058187007904053,0.0,0.0,0.0,0.0,0,17.199988
PIDY,17239988,0.0,0.0,0.0,0.0,0.5751140713691711,-2.2309930324554443,0.0,0.0,0.0,0.0,0,17.239988
PIDY,17279988,0.0,0.0,0.0,0.0,0.5733897089958191,-2.3548099994659424,0.0,0.0,0.0,0.0,0,17.279988
PIDY,17319988,0.0,0.0,0.0,0.0,0.5716930627822876,-2.2847306728363037,0.0,0.0,0.0,0.0,0,17.319988
PIDY,17359988,0.0,0.0,0.0,0.0,0.569797158241272,-1.958364486694336,0.0,0.0,0.0,0.0,0,17.359988
PIDY,17399988,0.0,0.0,0.0,0.0,0.5688864588737488,-1.5773322582244873,0.0,0.0,0.0,0.0,0,17.399988
PIDY,17439988,0.0,0.0,0.0,0.0,0.5687161087989807,-1.103319764137268,0.0,0.0,0.0,0.0,0,17.439988
PIDY,17479988,0.0,0.0,0.0,0.0,0.5690062046051025,-0.5754268169403076,0.0,0.0,0.0,0.0,0,17.479988
PIDY,17519988,0.0,0.0,0.0,0.0,0.5708082318305969,-0.012315819971263409,0.0,0.0,0.0,0.0,0,17.519988
PIDY,17559988,0.0,0.0,0.0,0.0,0.5730810165405273,0.5258221626281738,0.0,0.0,0.0,0.0,0,17.559988
PIDY,17599988,0.0,0.0,0.0,0.0,0.5770084261894226,1.0242677927017212,0.0,0.0,0.0,0.0,0,17.599988
PIDY,17639988,0.0,0.0,0.0,0.0,0.5818958878517151,1.4545986652374268,0.0,0.0,0.0,0.0,0,17.639988
PIDY,17679988,0.0,0.0,0.0,0.0,0.5869186520576477,1.7617690563201904,0.0,0.0,0.0,0.0,0,17.679988
PIDY,17719988,0.0,0.0,0.0,0.0,0.5930612087249756,1.9115793704986572,0.0,0.0,0.0,0.0,0,17.719988
PIDY,17759988,0.0,0.0,0.0,0.0,0.5987864136695862,1.8917256593704224,0.0,0.0,0.0,0.0,0,17.759988
PIDY,17799988,0.0,0.0,0.0,0.0,0.6048974990844727,1.7072094678878784,0.0,0.0,0.0,0.0,0,17.799988
PIDY,17839988,0.0,0.0,0.0,0.0,0.6103885173797607,1.307909607887268,0.0,0.0,0.0,0.0,0,17.839988
PIDY,17879988,0.0,0.0,0.0,0.0,0.6140545606613159,0.6826949715614319,0.0,0.0,0.0,0.0,0,17.879988
PIDY,17919988,0.0,0.0,0.0,0.0,0.6168689131736755,-0.13395379483699799,0.0,0.0,0.0,0.0,0,17.919988
PIDY,17959988,0.0,0.0,0.0,0.0,0.6168606877326965,-1.1786251068115234,0.0,0.0,0.0,0.0,0,17.959988
PIDY,17999988,0.0,0.0,0.0,0.0,0.6150860786437988,-2.407254457473755,0.0,0.0,0.0,0.0,0,17.999988
PIDY,18039988,0.0,0.0,0.0,0.0,0.6104945540428162,-3.7267441749572754,0.0,0.0,0.0,0.0,0,18.039988
PIDY,18079988,0.0,0.0,0.0,0.0,0.6023187041282654,-5.0873284339904785,0.0,0.0,0.0,0.0,0,18.079988
PIDY,18119988,0.0,0.0,0.0,0.0,0.5917020440101624,-6.428805828094482,0.0,0.0,0.0,0.0,0,18.119988
PIDY,18159988,0.0,0.0,0.0,0.0,0.5774838924407959,-7.67128324508667,0.0,0.0,0.0,0.0,0,18.159988
PIDY,18199988,0.0,0.0,0.0,0.0,0.5612566471099854,-8.764806747436523,0.0,0.0,0.0,0.0,0,18.199988
PIDY,18239988,0.0,0.0,0.0,0.0,0.5426463484764099,-9.690804481506348,0.0,0.0,0.0,0.0,0,18.239988
PIDY,18279988,0.0,0.0,0.0,0.0,0.5213689208030701,-10.402825355529785,0.0,0.0,0.0,0.0,0,18.279988
PIDY,18319988,0.0,0.0,0.0,0.0,0.49922528862953186,-10.893304824829102,0.0,0.0,0.0,0.0,0,18.319988
PIDY,18359988,0.0,0.0,0.0,0.0,0.4755980372428894,-11.119871139526367,0.0,0.0,0.0,0.0,0,18.359988
PIDY,18399988,0.0,0.0,0.0,0.0,0.4519730508327484,-11.090625762939453,0.0,0.0,0.0,0.0,0,18.399988
PIDY,18439988,0.0,0.0,0.0,0.0,0.42840468883514404,-10.827409744262695,0.0,0.0,0.0,0.0,0,18.439988
PIDY,18479988,0.0,0.0,0.0,0.0,0.40494295954704285,-10.342758178710938,0.0,0.0,0.0,0.0,0,18.479988
PIDY,18519988,0.0,0.0,0.0,0.0,0.38293951749801636,-9.67025089263916,0.0,0.0,0.0,0.0,0,18.519988
PIDY,18559988,0.0,0.0,0.0,0.0,0.36202487349510193,-8.851155281066895,0.0,0.0,0.0,0.0,0,18.559988
PIDY,18599988,0.0,0.0,0.0,0.0,0.343075156211853,-7.933374404907227,0.0,0.0,0.0,0.0,0,18.599988
PIDY,18639988,0.0,0.0,0.0,0.0,0.32603830099105835,-6.935319900512695,0.0,0.0,0.0,0.0,0,18.639988
PIDY,18679988,0.0,0.0,0.0,0.0,0.31076720356941223,-5.901775360107422,0.0,0.0,0.0,0.0,0,18.679988
PIDY,18719988,0.0,0.0,0.0,0.0,0.2979356646537781,-4.890645503997803,0.0,0.0,0.0,0.0,0,18.719988
PIDY,18759988,0.0,0.0,0.0,0.0,0.28695565462112427,-3.9444830417633057,0.0,0.0,0.0,0.0,0,18.759988
PIDY,18799988,0.0,0.0,0.0,0.0,0.27809423208236694,-3.127873182296753,0.0,0.0,0.0,0.0,0,18.799988
PIDY,18839988,0.0,0.0,0.0,0.0,0.2707904577255249,-2.5076050758361816,0.0,0.0,0.0,0.0,0,18.839988
PIDY,18879988,0.0,0.0,0.0,0.0,0.2643880248069763,-2.119631052017212,0.0,0.0,0.0,0.0,0,18.879988
PIDY,18919988,0.0,0.0,0.0,0.0,0.2588115334510803,-1.9801417589187622,0.0,0.0,0.0,0.0,0,18.919988
PIDY,18959988,0.0,0.0,0.0,0.0,0.2531147301197052,-2.104895830154419,0.0,0.0,0.0,0.0,0,18.959988
PIDY,18999988,0.0,0.0,0.0,0.0,0.24708548188209534,-2.4878225326538086,0.0,0.0,0.0,0.0,0,18.999988
PIDY,19039988,0.0,0.0,0.0,0.0,0.2400233894586563,-3.0951359272003174,0.0,0.0,0.0,0.0,0,19.039988
PIDY,19079988,0.0,0.0,0.0,0.0,0.23135815560817719,-3.8981730937957764,0.0,0.0,0.0,0.0,0,19.079988
PIDY,19119988,0.0,0.0,0.0,0.0,0.22090306878089905,-4.857279300689697,0.0,0.0,0.0,0.0,0,19.119988
PIDY,19159988,0.0,0.0,0.0,0.0,0.20815955102443695,-5.921855449676514,0.0,0.0,0.0,0.0,0,19.159988
PIDY,19199988,0.0,0.0,0.0,0.0,0.1931181252002716,-7.042042255401611,0.0,0.0,0.0,0.0,0,19.199988
PIDY,19239988,0.0,0.0,0.0,0.0,0.1755976676940918,-8.158792495727539,0.0,0.0,0.0,0.0,0,19.239988
PIDY,19279988,0.0,0.0,0.0,0.0,0.15558427572250366,-9.203204154968262,0.0,0.0,0.0,0.0,0,19.279988
PIDY,19319988,0.0,0.0,0.0,0.0,0.13339507579803467,-10.128140449523926,0.0,0.0,0.0,0.0,0,19.319988
PIDY,19359988,0.0,0.0,0.0,0.0,0.10920407623052597,-10.880517959594727,0.0,0.0,0.0,0.0,0,19.359988
PIDY,19399988,0.0,0.0,0.0,0.0,0.08347225189208984,-11.433432579040527,0.0,0.0,0.0,0.0,0,19.399988
PIDY,19439988,0.0,0.0,0.0,0.0,0.05659838020801544,-11.755882263183594,0.0,0.0,0.0,0.0,0,19.439988
PIDY,19479988,0.0,0.0,0.0,0.0,0.029081858694553375,-11.824522972106934,0.0,0.0,0.0,0.0,0,19.479988
PIDY,19519988,0.0,0.0,0.0,0.0,0.001476499019190669,-11.647658348083496,0.0,0.0,0.0,0.0,0,19.519988
PIDY,19559988,0.0,0.0,0.0,0.0,-0.0256983432918787,-11.220359802246094,0.0,0.0,0.0,0.0,0,19.559988
PIDY,19599988,0.0,0.0,0.0,0.0,-0.05190465226769447,-10.564799308776855,0.0,0.0,0.0,0.0,0,19.599988
PIDY,19639988,0.0,0.0,0.0,0.0,-0.07669124007225037,-9.717720031738281,0.0,0.0,0.0,0.0,0,19.639988
PIDY,19679988,0.0,0.0,0.0,0.0,-0.09965835511684418,-8.71053695678711,0.0,0.0,0.0,0.0,0,19.679988
PIDY,19719988,0.0,0.0,0.0,0.0,-0.12047864496707916,-7.5901079177856445,0.0,0.0,0.0,0.0,0,19.719988
PIDY,19759988,0.0,0.0,0.0,0.0,-0.13895928859710693,-6.446267127990723,0.0,0.0,0.0,0.0,0,19.759988
PIDY,19799988,0.0,0.0,0.0,0.0,-0.1551458239555359,-5.332359313964844,0.0,0.0,0.0,0.0,0,19.799988
PIDY,19839988,0.0,0.0,0.0,0.0,-0.16900697350502014,-4.252530097961426,0.0,0.0,0.0,0.0,0,19.839988
PIDY,19879988,0.0,0.0,0.0,0.0,-0.18060177564620972,-3.239847183227539,0.0,0.0,0.0,0.0,0,19.879988
PIDY,19919988,0.0,0.0,0.0,0.0,-0.1900901049375534,-2.3321762084960938,0.0,0.0,0.0,0.0,0,19.919988
PIDY,19959988,0.0,0.0,0.0,0.0,-0.19761542975902557,-1.5200315713882446,0.0,0.0,0.0,0.0,0,19.959988
PIDY,19999988,0.0,0.0,0.0,0.0,-0.2034146785736084,-0.8274327516555786,0.0,0.0,0.0,0.0,0,19.999988
PIDY,20039988,0.0,0.0,0.0,0.0,-0.2077811360359192,-0.30118435621261597,0.0,0.0,0.0,0.0,0,20.039988
PIDY,20079988,0.0,0.0,0.0,0.0,-0.21101565659046173,0.06349000334739685,0.0,0.0,0.0,0.0,0,20.079988
PIDY,20119988,0.0,0.0,0.0,0.0,-0.21351411938667297,0.2676156163215637,0.0,0.0,0.0,0.0,0,20.119988
PIDY,20159988,0.0,0.0,0.0,0.0,-0.215555340051651,0.2888616919517517,0.0,0.0,0.0,0.0,0,20.159988
PIDY,20199988,0.0,0.0,0.0,0.0,-0.2176760882139206,0.1377304494380951,0.0,0.0,0.0,0.0,0,20.199988
PIDY,20239988,0.0,0.0,0.0,0.0,-0.2201027274131775,-0.1313149482011795,0.0,0.0,0.0,0.0,0,20.239988
PIDY,20279988,0.0,0.0,0.0,0.0,-0.22295254468917847,-0.48996806144714355,0.0,0.0,0.0,0.0,0,20.279988
PIDY,20319988,0.0,0.0,0.0,0.0,-0.22663405537605286,-0.9035537838935852,0.0,0.0,0.0,0.0,0,20.319988
PIDY,20359988,0.0,0.0,0.0,0.0,-0.2309945672750473,-1.3248322010040283,0.0,0.0,0.0,0.0,0,20.359988
PIDY,20399988,0.0,0.0,0.0,0.0,-0.23628352582454681,-1.7348629236221313,0.0,0.0,0.0,0.0,0,20.399988
PIDY,20439988,0.0,0.0,0.0,0.0,-0.24238339066505432,-2.120651960372925,0.0,0.0,0.0,0.0,0,20.439988
PIDY,20479988,0.0,0.0,0.0,0.0,-0.24905814230442047,-2.4569344520568848,0.0,0.0,0.0,0.0,0,20.479988
PIDY,20519988,0.0,0.0,0.0,0.0,-0.2565608620643616,-2.724149465560913,0.0,0.0,0.0,0.0,0,20.519988
PIDY,20559988,0.0,0.0,0.0,0.0,-0.2643127739429474,-2.851555347442627,0.0,0.0,0.0,0.0,0,20.559988
PIDY,20599988,0.0,0.0,0.0,0.0,-0.2723223865032196,-2.799474000930786,0.0,0.0,0.0,0.0,0,20.599988
PIDY,20639988,0.0,0.0,0.0,0.0,-0.2800098955631256,-2.545583486557007,0.0,0.0,0.0,0.0,0,20.639988
PIDY,20679988,0.0,0.0,0.0,0.0,-0.2867172658443451,-2.07435941696167,0.0,0.0,0.0,0.0,0,20.679988
PIDY,20719988,0.0,0.0,0.0,0.0,-0.29236480593681335,-1.3865370750427246,0.0,0.0,0.0,0.0,0,20.719988
PIDY,20759988,0.0,0.0,0.0,0.0,-0.2961370348930359,-0.5011828541755676,0.0,0.0,0.0,0.0,0,20.759988
PIDY,20799988,0.0,0.0,0.0,0.0,-0.2979336380958557,0.5605660080909729,0.0,0.0,0.0,0.0,0,20.799988
PIDY,20839988,0.0,0.0,0.0,0.0,-0.2971932888031006,1.7869224548339844,0.0,0.0,0.0,0.0,0,20.839988
PIDY,20879988,0.0,0.0,0.0,0.0,-0.2934360206127167,3.137322187423706,0.0,0.0,0.0,0.0,0,20.879988
PIDY,20919988,0.0,0.0,0.0,0.0,-0.2867152988910675,4.557492256164551,0.0,0.0,0.0,0.0,0,20.919988
PIDY,20959988,0.0,0.0,0.0,0.0,-0.2765829265117645,5.987914085388184,0.0,0.0,0.0,0.0,0,20.959988
PIDY,20999988,0.0,0.0,0.0,0.0,-0.26342982053756714,7.378779411315918,0.0,0.0,0.0,0.0,0,20.999988
PIDY,21039988,0.0,0.0,0.0,0.0,-0.2471785694360733,8.67699146270752,0.0,0.0,0.0,0.0,0,21.039988
PIDY,21079988,0.0,0.0,0.0,0.0,-0.2279675155878067,9.830911636352539,0.0,0.0,0.0,0.0,0,21.079988
PIDY,21119988,0.0,0.0,0.0,0.0,-0.20631925761699677,10.803566932678223,0.0,0.0,0.0,0.0,0,21.119988
PIDY,21159988,0.0,0.0,0.0,0.0,-0.18326258659362793,10.818087577819824,0.0,0.0,0.0,0.0,0,21.159988
PIDY,21199988,0.0,0.0,0.0,0.0,-0.15940119326114655,11.358633995056152,0.0,0.0,0.0,0.0,0,21.199988
PIDY,21239988,0.0,0.0,0.0,0.0,-0.13439211249351501,11.634873390197754,0.0,0.0,0.0,0.0,0,21.239988
PIDY,21279988,0.0,0.0,0.0,0.0,-0.10880103707313538,11.627989768981934,0.0,0.0,0.0,0.0,0,21.279988
PIDY,21319988,0.0,0.0,0.0,0.0,-0.08326005935668945,11.383785247802734,0.0,0.0,0.0,0.0,0,21.319988
PIDY,21359988,0.0,0.0,0.0,0.0,-0.058227866888046265,10.900014877319336,0.0,0.0,0.0,0.0,0,21.359988
PIDY,21399988,0.0,0.0,0.0,0.0,-0.034249238669872284,10.235516548156738,0.0,0.0,0.0,0.0,0,21.399988
PIDY,21439988,0.0,0.0,0.0,0.0,-0.011665490455925465,9.414505004882812,0.0,0.0,0.0,0.0,0,21.439988
PIDY,21479988,0.0,0.0,0.0,0.0,0.009214358404278755,8.477807998657227,0.0,0.0,0.0,0.0,0,21.479988
PIDY,21519988,0.0,0.0,0.0,0.0,0.028111498802900314,7.449201583862305,0.0,0.0,0.0,0.0,0,21.519988
PIDY,21559988,0.0,0.0,0.0,0.0,0.04480701684951782,6.337976932525635,0.0,0.0,0.0,0.0,0,21.559988
PIDY,21599988,0.0,0.0,0.0,0.0,0.05922052636742592,5.254059791564941,0.0,0.0,0.0,0.0,0,21.599988
PIDY,21639988,0.0,0.0,0.0,0.0,0.07142238318920135,4.236440181732178,0.0,0.0,0.0,0.0,0,21.639988
PIDY,21679988,0.0,0.0,0.0,0.0,0.08153794705867767,3.3320653438568115,0.0,0.0,0.0,0.0,0,21.679988
PIDY,21719988,0.0,0.0,0.0,0.0,0.09003710746765137,2.6718742847442627,0.0,0.0,0.0,0.0,0,21.719988
PIDY,21759988,0.0,0.0,0.0,0.0,0.09736235439777374,2.1821792125701904,0.0,0.0,0.0,0.0,0,21.759988
PIDY,21799988,0.0,0.0,0.0,0.0,0.10385579615831375,1.9833509922027588,0.0,0.0,0.0,0.0,0,21.799988
PIDY,21839988,0.0,0.0,0.0,0.0,0.1102173700928688,2.0765414237976074,0.0,0.0,0.0,0.0,0,21.839988
PIDY,21879988,0.0,0.0,0.0,0.0,0.1169070154428482,2.3632285594940186,0.0,0.0,0.0,0.0,0,21.879988
PIDY,21919988,0.0,0.0,0.0,0.0,0.12464883923530579,3.0084145069122314,0.0,0.0,0.0,0.0,0,21.919988
PIDY,21959988,0.0,0.0,0.0,0.0,0.1340477168560028,3.8623430728912354,0.0,0.0,0.0,0.0,0,21.959988
PIDY,21999988,0.0,0.0,0.0,0.0,0.14558149874210358,4.997437477111816,0.0,0.0,0.0,0.0,0,21.999988
PIDY,22039988,0.0,0.0,0.0,0.0,0.15977616608142853,6.288699150085449,0.0,0.0,0.0,0.0,0,22.039988
PIDY,22079988,0.0,0.0,0.0,0.0,0.1769987940788269,7.651193141937256,0.0,0.0,0.0,0.0,0,22.079988
PIDY,22119988,0.0,0.0,0.0,0.0,0.19718289375305176,9.046865463256836,0.0,0.0,0.0,0.0,0,22.119988
PIDY,22159988,0.0,0.0,0.0,0.0,0.22063803672790527,10.374556541442871,0.0,0.0,0.0,0.0,0,22.159988
PIDY,22199988,0.0,0.0,0.0,0.0,0.24675199389457703,11.570548057556152,0.0,0.0,0.0,0.0,0,22.199988
PIDY,22239988,0.0,0.0,0.0,0.0,0.2754165530204773,12.57754898071289,0.0,0.0,0.0,0.0,0,22.239988
PIDY,22279988,0.0,0.0,0.0,0.0,0.3063484728336334,13.291861534118652,0.0,0.0,0.0,0.0,0,22.279988
PIDY,22319988,0.0,0.0,0.0,0.0,0.33857354521751404,13.775108337402344,0.0,0.0,0.0,0.0,0,22.319988
PIDY,22359988,0.0,0.0,0.0,0.0,0.37211981415748596,13.954082489013672,0.0,0.0,0.0,0.0,0,22.359988
PIDY,22399988,0.0,0.0,0.0,0.0,0.4055851995944977,13.824207305908203,0.0,0.0,0.0,0.0,0,22.399988
PIDY,22439988,0.0,0.0,0.0,0.0,0.43868228793144226,13.386914253234863,0.0,0.0,0.0,0.0,0,22.439988
PIDY,22479988,0.0,0.0,0.0,0.0,0.47126713395118713,12.713635444641113,0.0,0.0,0.0,0.0,0,22.479988
PIDY,22519988,0.0,0.0,0.0,0.0,0.5018417835235596,11.727444648742676,0.0,0.0,0.0,0.0,0,22.519988
PIDY,22559988,0.0,0.0,0.0,0.0,0.5306873917579651,10.459538459777832,0.0,0.0,0.0,0.0,0,22.559988
PIDY,22599988,0.0,0.0,0.0,0.0,0.5563550591468811,9.081826210021973,0.0,0.0,0.0,0.0,0,22.599988
PIDY,22639988,0.0,0.0,0.0,0.0,0.5790600180625916,7.586705207824707,0.0,0.0,0.0,0.0,0,22.639988
PIDY,22679988,0.0,0.0,0.0,0.0,0.5992044806480408,6.034230709075928,0.0,0.0,0.0,0.0,0,22.679988
PIDY,22719988,0.0,0.0,0.0,0.0,0.6154114007949829,4.477297782897949,0.0,0.0,0.0,0.0,0,22.719988
PIDY,22759988,0.0,0.0,0.0,0.0,0.6289451122283936,2.885859727859497,0.0,0.0,0.0,0.0,0,22.759988
PIDY,22799988,0.0,0.0,0.0,0.0,0.6384806036949158,1.4902153015136719,0.0,0.0,0.0,0.0,0,22.799988
PIDY,22839988,0.0,0.0,0.0,0.0,0.6450643539428711,0.23778335750102997,0.0,0.0,0.0,0.0,0,22.839988
PIDY,22879988,0.0,0.0,0.0,0.0,0.6496660709381104,-0.8608003258705139,0.0,0.0,0.0,0.0,0,22.879988
PIDY,22919988,0.0,0.0,0.0,0.0,0.6512845158576965,-1.7324767112731934,0.0,0.0,0.0,0.0,0,22.919988
PIDY,22959988,0.0,0.0,0.0,0.0,0.6519072651863098,-2.386791467666626,0.0,0.0,0.0,0.0,0,22.959988
PIDY,22999988,0.0,0.0,0.0,0.0,0.6502686142921448,-2.844287395477295,0.0,0.0,0.0,0.0,0,22.999988
PIDY,23039988,0.0,0.0,0.0,0.0,0.6476470828056335,-3.0871970653533936,0.0,0.0,0.0,0.0,0,23.039988
PIDY,23079988,0.0,0.0,0.0,0.0,0.6451684832572937,-3.178635835647583,0.0,0.0,0.0,0.0,0,23.079988
PIDY,23119988,0.0,0.0,0.0,0.0,0.6417549252510071,-3.055910587310791,0.0,0.0,0.0,0.0,0,23.119988
PIDY,23159988,0.0,0.0,0.0,0.0,0.6391872763633728,-2.803065061569214,0.0,0.0,0.0,0.0,0,23.159988
PIDY,23199988,0.0,0.0,0.0,0.0,0.6363814473152161,-2.4601738452911377,0.0,0.0,0.0,0.0,0,23.199988
PIDY,23239988,0.0,0.0,0.0,0.0,0.634230375289917,-2.0314810276031494,0.0,0.0,0.0,0.0,0,23.239988
PIDY,23279988,0.0,0.0,0.0,0.0,0.6332284808158875,-1.5920594930648804,0.0,0.0,0.0,0.0,0,23.279988
PIDY,23319988,0.0,0.0,0.0,0.0,0.6327136754989624,-1.1102327108383179,0.0,0.0,0.0,0.0,0,23.319988
PIDY,23359988,0.0,0.0,0.0,0.0,0.633389413356781,-0.6870318651199341,0.0,0.0,0.0,0.0,0,23.359988
PIDY,23399988,0.0,0.0,0.0,0.0,0.6345937848091125,-0.25986307859420776,0.0,0.0,0.0,0.0,0,23.399988
PIDY,23439988,0.0,0.0,0.0,0.0,0.6365825533866882,0.08448012918233871,0.0,0.0,0.0,0.0,0,23.439988
PIDY,23479988,0.0,0.0,0.0,0.0,0.6392603516578674,0.2711010277271271,0.0,0.0,0.0,0.0,0,23.479988
PIDY,23519988,0.0,0.0,0.0,0.0,0.6419706344604492,0.29236283898353577,0.0,0.0,0.0,0.0,0,23.519988
PIDY,23559988,0.0,0.0,0.0,0.0,0.6444610357284546,0.01743290387094021,0.0,0.0,0.0,0.0,0,23.559988
PIDY,23599988,0.0,0.0,0.0,0.0,0.6461548209190369,-0.36099955439567566,0.0,0.0,0.0,0.0,0,23.599988
PIDY,23639988,0.0,0.0,0.0,0.0,0.6467931866645813,-0.9410518407821655,0.0,0.0,0.0,0.0,0,23.639988
PIDY,23679988,0.0,0.0,0.0,0.0,0.6458561420440674,-1.7528469562530518,0.0,0.0,0.0,0.0,0,23.679988
PIDY,23719988,0.0,0.0,0.0,0.0,0.6429957151412964,-2.712040901184082,0.0,0.0,0.0,0.0,0,23.719988
PIDY,23759988,0.0,0.0,0.0,0.0,0.6375995874404907,-3.861788511276245,0.0,0.0,0.0,0.0,0,23.759988
PIDY,23799988,0.0,0.0,0.0,0.0,0.6297757625579834,-5.065084457397461,0.0,0.0,0.0,0.0,0,23.799988
PIDY,23839988,0.0,0.0,0.0,0.0,0.6191892027854919,-6.319419860839844,0.0,0.0,0.0,0.0,0,23.839988
PIDY,23879988,0.0,0.0,0.0,0.0,0.6055527925491333,-7.595468521118164,0.0,0.0,0.0,0.0,0,23.879988
PIDY,23919988,0.0,0.0,0.0,0.0,0.5892623066902161,-8.792180061340332,0.0,0.0,0.0,0.0,0,23.919988
PIDY,23959988,0.0,0.0,0.0,0.0,0.5701032876968384,-9.884536743164062,0.0,0.0,0.0,0.0,0,23.959988
PIDY,23999988,0.0,0.0,0.0,0.0,0.5487633347511292,-10.813236236572266,0.0,0.0,0.0,0.0,0,23.999988
PIDY,24039988,0.0,0.0,0.0,0.0,0.5253859162330627,-11.552366256713867,0.0,0.0,0.0,0.0,0,24.039988
PIDY,24079988,0.0,0.0,0.0,0.0,0.5001648664474487,-12.042715072631836,0.0,0.0,0.0,0.0,0,24.079988
PIDY,24119988,0.0,0.0,0.0,0.0,0.4741048216819763,-12.32800579071045,0.0,0.0,0.0,0.0,0,24.119988
PIDY,24159988,0.0,0.0,0.0,0.0,0.4472825825214386,-12.358715057373047,0.0,0.0,0.0,0.0,0,24.159988
PIDY,24199988,0.0,0.0,0.0,0.0,0.42051181197166443,-12.158843994140625,0.0,0.0,0.0,0.0,0,24.199988
PIDY,24239988,0.0,0.0,0.0,0.0,0.3941666781902313,-11.727949142456055,0.0,0.0,0.0,0.0,0,24.239988
PIDY,24279988,0.0,0.0,0.0,0.0,0.3685745894908905,-11.109331130981445,0.0,0.0,0.0,0.0,0,24.279988
PIDY,24319988,0.0,0.0,0.0,0.0,0.344434916973114,-10.304815292358398,0.0,0.0,0.0,0.0,0,24.319988
PIDY,24359988,0.0,0.0,0.0,0.0,0.32196244597435,-9.325501441955566,0.0,0.0,0.0,0.0,0,24.359988
PIDY,24399988,0.0,0.0,0.0,0.0,0.3015410304069519,-8.303038597106934,0.0,0.0,0.0,0.0,0,24.399988
PIDY,24439988,0.0,0.0,0.0,0.0,0.28326427936553955,-7.225767612457275,0.0,0.0,0.0,0.0,0,24.439988
PIDY,24479988,0.0,0.0,0.0,0.0,0.2671302556991577,-6.14491605758667,0.0,0.0,0.0,0.0,0,24.479988
PIDY,24519988,0.0,0.0,0.0,0.0,0.2533511221408844,-5.105325222015381,0.0,0.0,0.0,0.0,0,24.519988
PIDY,24559988,0.0,0.0,0.0,0.0,0.24148491024971008,-4.227534770965576,0.0,0.0,0.0,0.0,0,24.559988
PIDY,24599988,0.0,0.0,0.0,0.0,0.23149211704730988,-3.496246099472046,0.0,0.0,0.0,0.0,0,24.599988
PIDY,24639988,0.0,0.0,0.0,0.0,0.22286053001880646,-2.9884331226348877,0.0,0.0,0.0,0.0,0,24.639988
PIDY,24679988,0.0,0.0,0.0,0.0,0.21504247188568115,-2.7381179332733154,0.0,0.0,0.0,0.0,0,24.679988
PIDY,24719988,0.0,0.0,0.0,0.0,0.20757745206356049,-2.7439231872558594,0.0,0.0,0.0,0.0,0,24.719988
PIDY,24759988,0.0,0.0,0.0,0.0,0.20000316202640533,-2.927692174911499,0.0,0.0,0.0,0.0,0,24.759988
PIDY,24799988,0.0,0.0,0.0,0.0,0.1916242390871048,-3.458235740661621,0.0,0.0,0.0,0.0,0,24.799988
PIDY,24839988,0.0,0.0,0.0,0.0,0.18189258873462677,-4.211376190185547,0.0,0.0,0.0,0.0,0,24.839988
PIDY,24879988,0.0,0.0,0.0,0.0,0.170481339097023,-5.090813159942627,0.0,0.0,0.0,0.0,0,24.879988
PIDY,24919988,0.0,0.0,0.0,0.0,0.15689150989055634,-6.1714043617248535,0.0,0.0,0.0,0.0,0,24.919988
PIDY,24959988,0.0,0.0,0.0,0.0,0.1409417986869812,-7.304732799530029,0.0,0.0,0.0,0.0,0,24.959988
PIDY,24999988,0.0,0.0,0.0,0.0,0.1223648339509964,-8.489553451538086,0.0,0.0,0.0,0.0,0,24.999988
PIDY,25039988,0.0,0.0,0.0,0.0,0.10120060294866562,-9.62530517578125,0.0,0.0,0.0,0.0,0,25.039988
PIDY,25079988,0.0,0.0,0.0,0.0,0.07757769525051117,-10.667402267456055,0.0,0.0,0.0,0.0,0,25.079988
PIDY,25119988,0.0,0.0,0.0,0.0,0.05171869695186615,-11.54207992553711,0.0,0.0,0.0,0.0,0,25.119988
PIDY,25159988,0.0,0.0,0.0,0.0,0.023951049894094467,-12.256413459777832,0.0,0.0,0.0,0.0,0,25.159988
PIDY,25199988,0.0,0.0,0.0,0.0,-0.0052104187197983265,-12.671664237976074,0.0,0.0,0.0,0.0,0,25.199988
PIDY,25239988,0.0,0.0,0.0,0.0,-0.03521213307976723,-12.825948715209961,0.0,0.0,0.0,0.0,0,25.239988
PIDY,25279988,0.0,0.0,0.0,0.0,-0.06543787568807602,-12.679706573486328,0.0,0.0,0.0,0.0,0,25.279988
PIDY,25319988,0.0,0.0,0.0,0.0,-0.09533978998661041,-12.287991523742676,0.0,0.0,0.0,0.0,0,25.319988
PIDY,25359988,0.0,0.0,0.0,0.0,-0.12434999644756317,-11.632135391235352,0.0,0.0,0.0,0.0,0,25.359988
PIDY,25399988,0.0,0.0,0.0,0.0,-0.15192058682441711,-10.7600736618042,0.0,0.0,0.0,0.0,0,25.399988
PIDY,25439988,0.0,0.0,0.0,0.0,-0.1776159703731537,-9.709378242492676,0.0,0.0,0.0,0.0,0,25.439988
PIDY,25479988,0.0,0.0,0.0,0.0,-0.2012193351984024,-8.575434684753418,0.0,0.0,0.0,0.0,0,25.479988
PIDY,25519988,0.0,0.0,0.0,0.0,-0.22225086390972137,-7.286701202392578,0.0,0.0,0.0,0.0,0,25.519988
PIDY,25559988,0.0,0.0,0.0,0.0,-0.24037940800189972,-5.856062412261963,0.0,0.0,0.0,0.0,0,25.559988
PIDY,25599988,0.0,0.0,0.0,0.0,-0.25574785470962524,-4.567773818969727,0.0,0.0,0.0,0.0,0,25.599988
PIDY,25639988,0.0,0.0,0.0,0.0,-0.26842036843299866,-3.3438377380371094,0.0,0.0,0.0,0.0,0,25.639988
PIDY,25679988,0.0,0.0,0.0,0.0,-0.27850377559661865,-2.221468687057495,0.0,0.0,0.0,0.0,0,25.679988
PIDY,25719988,0.0,0.0,0.0,0.0,-0.2862836718559265,-1.2456735372543335,0.0,0.0,0.0,0.0,0,25.719988
PIDY,25759988,0.0,0.0,0.0,0.0,-0.2917834222316742,-0.37757110595703125,0.0,0.0,0.0,0.0,0,25.759988
PIDY,25799988,0.0,0.0,0.0,0.0,-0.2957687973976135,0.23372963070869446,0.0,0.0,0.0,0.0,0,25.799988
PIDY,25839988,0.0,0.0,0.0,0.0,-0.2984679937362671,0.660046398639679,0.0,0.0,0.0,0.0,0,25.839988
PIDY,25879988,0.0,0.0,0.0,0.0,-0.30013060569763184,0.8984408974647522,0.0,0.0,0.0,0.0,0,25.879988
PIDY,25919988,0.0,0.0,0.0,0.0,-0.301430881023407,0.9607135653495789,0.0,0.0,0.0,0.0,0,25.919988
PIDY,25959988,0.0,0.0,0.0,0.0,-0.30232447385787964,0.9224982857704163,0.0,0.0,0.0,0.0,0,25.959988
PIDY,25999988,0.0,0.0,0.0,0.0,-0.3035634160041809,0.6892857551574707,0.0,0.0,0.0,0.0,0,25.999988
PIDY,26039988,0.0,0.0,0.0,0.0,-0.30524033308029175,0.3642730712890625,0.0,0.0,0.0,0.0,0,26.039988
PIDY,26079988,0.0,0.0,0.0,0.0,-0.3074891269207001,-0.03460454195737839,0.0,0.0,0.0,0.0,0,26.079988
PIDY,26119988,0.0,0.0,0.0,0.0,-0.3105847239494324,-0.46427297592163086,0.0,0.0,0.0,0.0,0,26.119988
PIDY,26159988,0.0,0.0,0.0,0.0,-0.3145619034767151,-0.9649242162704468,0.0,0.0,0.0,0.0,0,26.159988
PIDY,26199988,0.0,0.0,0.0,0.0,-0.31948867440223694,-1.3885279893875122,0.0,0.0,0.0,0.0,0,26.199988
PIDY,26239988,0.0,0.0,0.0,0.0,-0.32523396611213684,-1.764633059501648,0.0,0.0,0.0,0.0,0,26.239988
PIDY,26279988,0.0,0.0,0.0,0.0,-0.331589013338089,-2.062643527984619,0.0,0.0,0.0,0.0,0,26.279988
PIDY,26319988,0.0,0.0,0.0,0.0,-0.3385623097419739,-2.246105194091797,0.0,0.0,0.0,0.0,0,26.319988
PIDY,26359988,0.0,0.0,0.0,0.0,-0.34545356035232544,-2.1807217597961426,0.0,0.0,0.0,0.0,0,26.359988
PIDY,26399988,0.0,0.0,0.0,0.0,-0.352284699678421,-1.962729573249817,0.0,0.0,0.0,0.0,0,26.399988
PIDY,26439988,0.0,0.0,0.0,0.0,-0.35837432742118835,-1.4947493076324463,0.0,0.0,0.0,0.0,0,26.439988
PIDY,26479988,0.0,0.0,0.0,0.0,-0.36291080713272095,-0.7586843371391296,0.0,0.0,0.0,0.0,0,26.479988
PIDY,26519988,0.0,0.0,0.0,0.0,-0.3658214807510376,0.21612340211868286,0.0,0.0,0.0,0.0,0,26.519988
PIDY,26559988,0.0,0.0,0.0,0.0,-0.36613333225250244,1.403336524963379,0.0,0.0,0.0,0.0,0,26.559988
PIDY,26599988,0.0,0.0,0.0,0.0,-0.3637702465057373,2.8162615299224854,0.0,0.0,0.0,0.0,0,26.599988
PIDY,26639988,0.0,0.0,0.0,0.0,-0.358080118894577,4.382793426513672,0.0,0.0,0.0,0.0,0,26.639988
PIDY,26679988,0.0,0.0,0.0,0.0,-0.3486008644104004,6.019284725189209,0.0,0.0,0.0,0.0,0,26.679988
PIDY,26719988,0.0,0.0,0.0,0.0,-0.33553794026374817,7.718193054199219,0.0,0.0,0.0,0.0,0,26.719988
PIDY,26759988,0.0,0.0,0.0,0.0,-0.3184543550014496,9.32524299621582,0.0,0.0,0.0,0.0,0,26.759988
PIDY,26799988,0.0,0.0,0.0,0.0,-0.29796096682548523,10.896501541137695,0.0,0.0,0.0,0.0,0,26.799988
PIDY,26839988,0.0,0.0,0.0,0.0,-0.27399176359176636,12.309126853942871,0.0,0.0,0.0,0.0,0,26.839988
PIDY,26879988,0.0,0.0,0.0,0.0,-0.24677692353725433,13.470911979675293,0.0,0.0,0.0,0.0,0,26.879988
PIDY,26919988,0.0,0.0,0.0,0.0,-0.2172214537858963,14.390106201171875,0.0,0.0,0.0,0.0,0,26.919988
PIDY,26959988,0.0,0.0,0.0,0.0,-0.18543247878551483,15.045879364013672,0.0,0.0,0.0,0.0,0,26.959988
PIDY,26999988,0.0,0.0,0.0,0.0,-0.15256008505821228,15.334017753601074,0.0,0.0,0.0,0.0,0,26.999988
PIDY,27039988,0.0,0.0,0.0,0.0,-0.1191025972366333,15.293146133422852,0.0,0.0,0.0,0.0,0,27.039988
PIDY,27079988,0.0,0.0,0.0,0.0,-0.08570319414138794,14.907731056213379,0.0,0.0,0.0,0.0,0,27.079988
PIDY,27119988,0.0,0.0,0.0,0.0,-0.053213510662317276,14.25301456451416,0.0,0.0,0.0,0.0,0,27.119988
PIDY,27159988,0.0,0.0,0.0,0.0,-0.022041646763682365,13.343788146972656,0.0,0.0,0.0,0.0,0,27.159988
PIDY,27199988,0.0,0.0,0.0,0.0,0.00702314730733633,12.178139686584473,0.0,0.0,0.0,0.0,0,27.199988
PIDY,27239988,0.0,0.0,0.0,0.0,0.03360240161418915,10.842698097229004,0.0,0.0,0.0,0.0,0,27.239988
PIDY,27279988,0.0,0.0,0.0,0.0,0.057288408279418945,9.385433197021484,0.0,0.0,0.0,0.0,0,27.279988
PIDY,27319988,0.0,0.0,0.0,0.0,0.0779452994465828,7.87886905670166,0.0,0.0,0.0,0.0,0,27.319988
PIDY,27359988,0.0,0.0,0.0,0.0,0.09527774900197983,6.358335018157959,0.0,0.0,0.0,0.0,0,27.359988
PIDY,27399988,0.0,0.0,0.0,0.0,0.10957233607769012,4.938991546630859,0.0,0.0,0.0,0.0,0,27.399988
PIDY,27439988,0.0,0.0,0.0,0.0,0.12102579325437546,3.7197976112365723,0.0,0.0,0.0,0.0,0,27.439988
PIDY,27479988,0.0,0.0,0.0,0.0,0.1299557387828827,2.7671005725860596,0.0,0.0,0.0,0.0,0,27.479988
PIDY,27519988,0.0,0.0,0.0,0.0,0.13730689883232117,2.1603291034698486,0.0,0.0,0.0,0.0,0,27.519988
PIDY,27559988,0.0,0.0,0.0,0.0,0.14357039332389832,1.9323644638061523,0.0,0.0,0.0,0.0,0,27.559988
PIDY,27599988,0.0,0.0,0.0,0.0,0.14973084628582,2.0377752780914307,0.0,0.0,0.0,0.0,0,27.599988
PIDY,27639988,0.0,0.0,0.0,0.0,0.15643829107284546,2.504058837890625,0.0,0.0,0.0,0.0,0,27.639988
PIDY,27679988,0.0,0.0,0.0,0.0,0.16432160139083862,3.3251490592956543,0.0,0.0,0.0,0.0,0,27.679988
PIDY,27719988,0.0,0.0,0.0,0.0,0.17438165843486786,4.432098388671875,0.0,0.0,0.0,0.0,0,27.719988
PIDY,27759988,0.0,0.0,0.0,0.0,0.18697981536388397,5.81669807434082,0.0,0.0,0.0,0.0,0,27.759988
PIDY,27799988,0.0,0.0,0.0,0.0,0.20280617475509644,7.329731464385986,0.0,0.0,0.0,0.0,0,27.799988
PIDY,27839988,0.0,0.0,0.0,0.0,0.2220337837934494,8.93455982208252,0.0,0.0,0.0,0.0,0,27.839988
PIDY,27879988,0.0,0.0,0.0,0.0,0.24458836019039154,10.528148651123047,0.0,0.0,0.0,0.0,0,27.879988
PIDY,27919988,0.0,0.0,0.0,0.0,0.2708014249801636,12.045722961425781,0.0,0.0,0.0,0.0,0,27.919988
PIDY,27959988,0.0,0.0,0.0,0.0,0.30016833543777466,13.424615859985352,0.0,0.0,0.0,0.0,0,27.959988
PIDY,27999988,0.0,0.0,0.0,0.0,0.3324607312679291,14.51073169708252,0.0,0.0,0.0,0.0,0,27.999988
PIDY,28039988,0.0,0.0,0.0,0.0,0.36699050664901733,15.30102252960205,0.0,0.0,0.0,0.0,0,28.039988
PIDY,28079988,0.0,0.0,0.0,0.0,0.40299928188323975,15.748011589050293,0.0,0.0,0.0,0.0,0,28.079988
PIDY,28119988,0.0,0.0,0.0,0.0,0.43995222449302673,15.842452049255371,0.0,0.0,0.0,0.0,0,28.119988
PIDY,28159988,0.0,0.0,0.0,0.0,0.4769940972328186,15.594557762145996,0.0,0.0,0.0,0.0,0,28.159988
PIDY,28199988,0.0,0.0,0.0,0.0,0.5133602619171143,14.956528663635254,0.0,0.0,0.0,0.0,0,28.199988
PIDY,28239988,0.0,0.0,0.0,0.0,0.5482650399208069,13.995161056518555,0.0,0.0,0.0,0.0,0,28.239988
PIDY,28279988,0.0,0.0,0.0,0.0,0.5809048414230347,12.763067245483398,0.0,0.0,0.0,0.0,0,28.279988
PIDY,28319988,0.0,0.0,0.0,0.0,0.610973060131073,11.284289360046387,0.0,0.0,0.0,0.0,0,28.319988
PIDY,28359988,0.0,0.0,0.0,0.0,0.6377886533737183,9.678427696228027,0.0,0.0,0.0,0.0,0,28.359988
PIDY,28399988,0.0,0.0,0.0,0.0,0.6612275242805481,7.903467655181885,0.0,0.0,0.0,0.0,0,28.399988
PIDY,28439988,0.0,0.0,0.0,0.0,0.6808835864067078,6.092688083648682,0.0,0.0,0.0,0.0,0,28.439988
PIDY,28479988,0.0,0.0,0.0,0.0,0.6965408325195312,4.308333396911621,0.0,0.0,0.0,0.0,0,28.479988
PIDY,28519988,0.0,0.0,0.0,0.0,0.7085719704627991,2.6221556663513184,0.0,0.0,0.0,0.0,0,28.519988
PIDY,28559988,0.0,0.0,0.0,0.0,0.7169309258460999,1.1248258352279663,0.0,0.0,0.0,0.0,0,28.559988
PIDY,28599988,0.0,0.0,0.0,0.0,0.7222273945808411,-0.2447042316198349,0.0,0.0,0.0,0.0,0,28.599988
PIDY,28639988,0.0,0.0,0.0,0.0,0.7246469259262085,-1.3854037523269653,0.0,0.0,0.0,0.0,0,28.639988
PIDY,28679988,0.0,0.0,0.0,0.0,0.7246008515357971,-2.2678074836730957,0.0,0.0,0.0,0.0,0,28.679988
PIDY,28719988,0.0,0.0,0.0,0.0,0.7227604985237122,-2.9066567420959473,0.0,0.0,0.0,0.0,0,28.719988
PIDY,28759988,0.0,0.0,0.0,0.0,0.7193426489830017,-3.263709306716919,0.0,0.0,0.0,0.0,0,28.759988
PIDY,28799988,0.0,0.0,0.0,0.0,0.7153601050376892,-3.415651559829712,0.0,0.0,0.0,0.0,0,28.799988
PIDY,28839988,0.0,0.0,0.0,0.0,0.7110154032707214,-3.3533267974853516,0.0,0.0,0.0,0.0,0,28.839988
PIDY,28879988,0.0,0.0,0.0,0.0,0.7064922451972961,-3.087430477142334,0.0,0.0,0.0,0.0,0,28.879988
PIDY,28919988,0.0,0.0,0.0,0.0,0.7027326822280884,-2.6763689517974854,0.0,0.0,0.0,0.0,0,28.919988
PIDY,28959988,0.0,0.0,0.0,0.0,0.6995435953140259,-2.1040289402008057,0.0,0.0,0.0,0.0,0,28.959988
PIDY,28999988,0.0,0.0,0.0,0.0,0.6976901888847351,-1.516640067100525,0.0,0.0,0.0,0.0,0,28.999988
PIDY,29039988,0.0,0.0,0.0,0.0,0.6969762444496155,-0.8969243168830872,0.0,0.0,0.0,0.0,0,29.039988
PIDY,29079988,0.0,0.0,0.0,0.0,0.6970272660255432,-0.27279651165008545,0.0,0.0,0.0,0.0,0,29.079988
PIDY,29119988,0.0,0.0,0.0,0.0,0.6987338662147522,0.30085623264312744,0.0,0.0,0.0,0.0,0,29.119988
PIDY,29159988,0.0,0.0,0.0,0.0,0.7010583281517029,0.8286100625991821,0.0,0.0,0.0,0.0,0,29.159988
PIDY,29199988,0.0,0.0,0.0,0.0,0.7048478722572327,1.2031625509262085,0.0,0.0,0.0,0.0,0,29.199988
PIDY,29239988,0.0,0.0,0.0,0.0,0.7092334032058716,1.3961694240570068,0.0,0.0,0.0,0.0,0,29.239988
PIDY,29279988,0.0,0.0,0.0,0.0,0.7133229374885559,1.3648532629013062,0.0,0.0,0.0,0.0,0,29.279988
PIDY,29319988,0.0,0.0,0.0,0.0,0.717559278011322,1.0979973077774048,0.0,0.0,0.0,0.0,0,29.319988
PIDY,29359988,0.0,0.0,0.0,0.0,0.7204908728599548,0.6117842197418213,0.0,0.0,0.0,0.0,0,29.359988
PIDY,29399988,0.0,0.0,0.0,0.0,0.7225509285926819,-0.14312560856342316,0.0,0.0,0.0,0.0,0,29.399988
PIDY,29439988,0.0,0.0,0.0,0.0,0.722716212272644,-1.1247450113296509,0.0,0.0,0.0,0.0,0,29.439988
PIDY,29479988,0.0,0.0,0.0,0.0,0.7199274301528931,-2.314283847808838,0.0,0.0,0.0,0.0,0,29.479988
PIDY,29519988,0.0,0.0,0.0,0.0,0.7149179577827454,-3.6492972373962402,0.0,0.0,0.0,0.0,0,29.519988
PIDY,29559988,0.0,0.0,0.0,0.0,0.7062433362007141,-5.050158500671387,0.0,0.0,0.0,0.0,0,29.559988
PIDY,29599988,0.0,0.0,0.0,0.0,0.6949666738510132,-6.5398945808410645,0.0,0.0,0.0,0.0,0,29.599988
PIDY,29639988,0.0,0.0,0.0,0.0,0.6803488731384277,-8.010594367980957,0.0,0.0,0.0,0.0,0,29.639988
PIDY,29679988,0.0,0.0,0.0,0.0,0.6617878675460815,-9.39437198638916,0.0,0.0,0.0,0.0,0,29.679988
PIDY,29719988,0.0,0.0,0.0,0.0,0.6408584713935852,-10.645560264587402,0.0,0.0,0.0,0.0,0,29.719988
PIDY,29759988,0.0,0.0,0.0,0.0,0.616733968257904,-11.670719146728516,0.0,0.0,0.0,0.0,0,29.759988
PIDY,29799988,0.0,0.0,0.0,0.0,0.5909018516540527,-12.478324890136719,0.0,0.0,0.0,0.0,0,29.799988
PIDY,29839988,0.0,0.0,0.0,0.0,0.563353419303894,-13.005804061889648,0.0,0.0,0.0,0.0,0,29.839988
PIDY,29879988,0.0,0.0,0.0,0.0,0.53424471616745,-13.22496509552002,0.0,0.0,0.0,0.0,0,29.879988
PIDY,29919988,0.0,0.0,0.0,0.0,0.505133330821991,-13.161764144897461,0.0,0.0,0.0,0.0,0,29.919988
PIDY,29959988,0.0,0.0,0.0,0.0,0.47576841711997986,-12.773176193237305,0.0,0.0,0.0,0.0,0,29.959988
PIDY,29999988,0.0,0.0,0.0,0.0,0.44765597581863403,-12.152666091918945,0.0,0.0,0.0,0.0,0,29.999988
PIDY,30039988,0.0,0.0,0.0,0.0,0.42089030146598816,-11.288640022277832,0.0,0.0,0.0,0.0,0,30.039988
PIDY,30079988,0.0,0.0,0.0,0.0,0.39559200406074524,-10.225091934204102,0.0,0.0,0.0,0.0,0,30.079988
PIDY,30119988,0.0,0.0,0.0,0.0,0.3729269206523895,-9.020257949829102,0.0,0.0,0.0,0.0,0,30.119988
PIDY,30159988,0.0,0.0,0.0,0.0,0.35252025723457336,-7.712246894836426,0.0,0.0,0.0,0.0,0,30.159988
PIDY,30199988,0.0,0.0,0.0,0.0,0.33514639735221863,-6.3900346755981445,0.0,0.0,0.0,0.0,0,30.199988
PIDY,30239988,0.0,0.0,0.0,0.0,0.3205554783344269,-5.081910133361816,0.0,0.0,0.0,0.0,0,30.239988
PIDY,30279988,0.0,0.0,0.0,0.0,0.30843880772590637,-3.86431622505188,0.0,0.0,0.0,0.0,0,30.279988
PIDY,30319988,0.0,0.0,0.0,0.0,0.2990186810493469,-2.8192200660705566,0.0,0.0,0.0,0.0,0,30.319988
PIDY,30359988,0.0,0.0,0.0,0.0,0.29140380024909973,-1.9903041124343872,0.0,0.0,0.0,0.0,0,30.359988
PIDY,30399988,0.0,0.0,0.0,0.0,0.28558221459388733,-1.4721671342849731,0.0,0.0,0.0,0.0,0,30.399988
PIDY,30439988,0.0,0.0,0.0,0.0,0.2806464731693268,-1.2558553218841553,0.0,0.0,0.0,0.0,0,30.439988
PIDY,30479988,0.0,0.0,0.0,0.0,0.275695264339447,-1.3451738357543945,0.0,0.0,0.0,0.0,0,30.479988
PIDY,30519988,0.0,0.0,0.0,0.0,0.27058377861976624,-1.7312880754470825,0.0,0.0,0.0,0.0,0,30.519988
PIDY,30559988,0.0,0.0,0.0,0.0,0.2643018364906311,-2.392451763153076,0.0,0.0,0.0,0.0,0,30.559988
PIDY,30599988,0.0,0.0,0.0,0.0,0.2565227150917053,-3.303102493286133,0.0,0.0,0.0,0.0,0,30.599988
PIDY,30639988,0.0,0.0,0.0,0.0,0.2466152012348175,-4.411487579345703,0.0,0.0,0.0,0.0,0,30.639988
PIDY,30679988,0.0,0.0,0.0,0.0,0.2340794801712036,-5.658635139465332,0.0,0.0,0.0,0.0,0,30.679988
PIDY,30719988,0.0,0.0,0.0,0.0,0.21886193752288818,-6.986257553100586,0.0,0.0,0.0,0.0,0,30.719988
PIDY,30759988,0.0,0.0,0.0,0.0,0.20064158737659454,-8.314213752746582,0.0,0.0,0.0,0.0,0,30.759988
PIDY,30799988,0.0,0.0,0.0,0.0,0.17962267994880676,-9.587196350097656,0.0,0.0,0.0,0.0,0,30.799988
PIDY,30839988,0.0,0.0,0.0,0.0,0.1558821052312851,-10.726242065429688,0.0,0.0,0.0,0.0,0,30.839988
PIDY,30879988,0.0,0.0,0.0,0.0,0.12968482077121735,-11.667466163635254,0.0,0.0,0.0,0.0,0,30.879988
PIDY,30919988,0.0,0.0,0.0,0.0,0.10155991464853287,-12.383389472961426,0.0,0.0,0.0,0.0,0,30.919988
PIDY,30959988,0.0,0.0,0.0,0.0,0.07193868607282639,-12.811836242675781,0.0,0.0,0.0,0.0,0,30.959988
PIDY,30999988,0.0,0.0,0.0,0.0,0.04151514172554016,-12.955653190612793,0.0,0.0,0.0,0.0,0,30.999988
PIDY,31039988,0.0,0.0,0.0,0.0,0.01084823440760374,-12.80472183227539,0.0,0.0,0.0,0.0,0,31.039988
PIDY,31079988,0.0,0.0,0.0,0.0,-0.01938408613204956,-12.342040061950684,0.0,0.0,0.0,0.0,0,31.079988
PIDY,31119988,0.0,0.0,0.0,0.0,-0.0485973060131073,-11.625329971313477,0.0,0.0,0.0,0.0,0,31.119988
PIDY,31159988,0.0,0.0,0.0,0.0,-0.07621372491121292,-10.677042007446289,0.0,0.0,0.0,0.0,0,31.159988
PIDY,31199988,0.0,0.0,0.0,0.0,-0.10180211812257767,-9.53392219543457,0.0,0.0,0.0,0.0,0,31.199988
PIDY,31239988,0.0,0.0,0.0,0.0,-0.12493196874856949,-8.241609573364258,0.0,0.0,0.0,0.0,0,31.239988
PIDY,31279988,0.0,0.0,0.0,0.0,-0.1452321708202362,-6.859362602233887,0.0,0.0,0.0,0.0,0,31.279988
PIDY,31319988,0.0,0.0,0.0,0.0,-0.16268227994441986,-5.448538780212402,0.0,0.0,0.0,0.0,0,31.319988
PIDY,31359988,0.0,0.0,0.0,0.0,-0.17710572481155396,-4.069406509399414,0.0,0.0,0.0,0.0,0,31.359988
PIDY,31399988,0.0,0.0,0.0,0.0,-0.18866898119449615,-2.760338306427002,0.0,0.0,0.0,0.0,0,31.399988
PIDY,31439988,0.0,0.0,0.0,0.0,-0.19748185575008392,-1.5733940601348877,0.0,0.0,0.0,0.0,0,31.439988
PIDY,31479988,0.0,0.0,0.0,0.0,-0.2037428319454193,-0.5529303550720215,0.0,0.0,0.0,0.0,0,31.479988
PIDY,31519988,0.0,0.0,0.0,0.0,-0.20795822143554688,0.27415522933006287,0.0,0.0,0.0,0.0,0,31.519988
PIDY,31559988,0.0,0.0,0.0,0.0,-0.21035867929458618,0.8968555927276611,0.0,0.0,0.0,0.0,0,31.559988
PIDY,31599988,0.0,0.0,0.0,0.0,-0.21152226626873016,1.3197795152664185,0.0,0.0,0.0,0.0,0,31.599988
PIDY,31639988,0.0,0.0,0.0,0.0,-0.21180091798305511,1.534376859664917,0.0,0.0,0.0,0.0,0,31.639988
PIDY,31679988,0.0,0.0,0.0,0.0,-0.21150918304920197,1.5652825832366943,0.0,0.0,0.0,0.0,0,31.679988
PIDY,31719988,0.0,0.0,0.0,0.0,-0.2112443596124649,1.4169514179229736,0.0,0.0,0.0,0.0,0,31.719988
PIDY,31759988,0.0,0.0,0.0,0.0,-0.21109440922737122,1.1361517906188965,0.0,0.0,0.0,0.0,0,31.759988
PIDY,31799988,0.0,0.0,0.0,0.0,-0.21161749958992004,0.7581385970115662,0.0,0.0,0.0,0.0,0,31.799988
PIDY,31839988,0.0,0.0,0.0,0.0,-0.21287822723388672,0.30840206146240234,0.0,0.0,0.0,0.0,0,31.839988
PIDY,31879988,0.0,0.0,0.0,0.0,-0.21480879187583923,-0.17448633909225464,0.0,0.0,0.0,0.0,0,31.879988
PIDY,31919988,0.0,0.0,0.0,0.0,-0.21789689362049103,-0.6818875074386597,0.0,0.0,0.0,0.0,0,31.919988
PIDY,31959988,0.0,0.0,0.0,0.0,-0.22179186344146729,-1.1753885746002197,0.0,0.0,0.0,0.0,0,31.959988
PIDY,31999988,0.0,0.0,0.0,0.0,-0.22683385014533997,-1.6275278329849243,0.0,0.0,0.0,0.0,0,31.999988
PIDY,32039988,0.0,0.0,0.0,0.0,-0.23275452852249146,-2.0111284255981445,0.0,0.0,0.0,0.0,0,32.039988
PIDY,32079988,0.0,0.0,0.0,0.0,-0.23912589251995087,-2.2657620906829834,0.0,0.0,0.0,0.0,0,32.079988
PIDY,32119988,0.0,0.0,0.0,0.0,-0.24606193602085114,-2.3272719383239746,0.0,0.0,0.0,0.0,0,32.119988
PIDY,32159988,0.0,0.0,0.0,0.0,-0.2526443600654602,-2.142664670944214,0.0,0.0,0.0,0.0,0,32.159988
PIDY,32199988,0.0,0.0,0.0,0.0,-0.2587268352508545,-1.6788874864578247,0.0,0.0,0.0,0.0,0,32.199988
PIDY,32239988,0.0,0.0,0.0,0.0,-0.2634849548339844,-0.9322817921638489,0.0,0.0,0.0,0.0,0,32.239988
PIDY,32279988,0.0,0.0,0.0,0.0,-0.26609867811203003,0.0935288742184639,0.0,0.0,0.0,0.0,0,32.279988
PIDY,32319988,0.0,0.0,0.0,0.0,-0.26636189222335815,1.3683828115463257,0.0,0.0,0.0,0.0,0,32.319988
PIDY,32359988,0.0,0.0,0.0,0.0,-0.2633011043071747,2.8575472831726074,0.0,0.0,0.0,0.0,0,32.359988
PIDY,32399988,0.0,0.0,0.0,0.0,-0.25696423649787903,4.516918659210205,0.0,0.0,0.0,0.0,0,32.399988
PIDY,32439988,0.0,0.0,0.0,0.0,-0.24677424132823944,6.283743381500244,0.0,0.0,0.0,0.0,0,32.439988
PIDY,32479988,0.0,0.0,0.0,0.0,-0.23236800730228424,8.076977729797363,0.0,0.0,0.0,0.0,0,32.479988
PIDY,32519988,0.0,0.0,0.0,0.0,-0.21408189833164215,9.84565258026123,0.0,0.0,0.0,0.0,0,32.519988
PIDY,32559988,0.0,0.0,0.0,0.0,-0.19170396029949188,11.501818656921387,0.0,0.0,0.0,0.0,0,32.559988
PIDY,32599988,0.0,0.0,0.0,0.0,-0.16583719849586487,12.970564842224121,0.0,0.0,0.0,0.0,0,32.599988
PIDY,32639988,0.0,0.0,0.0,0.0,-0.13676954805850983,14.191702842712402,0.0,0.0,0.0,0.0,0,32.639988
PIDY,32679988,0.0,0.0,0.0,0.0,-0.10500020533800125,15.098724365234375,0.0,0.0,0.0,0.0,0,32.679988
PIDY,32719988,0.0,0.0,0.0,0.0,-0.07138805091381073,15.679540634155273,0.0,0.0,0.0,0.0,0,32.719988
PIDY,32759988,0.0,0.0,0.0,0.0,-0.03653470426797867,15.894417762756348,0.0,0.0,0.0,0.0,0,32.759988
PIDY,32799988,0.0,0.0,0.0,0.0,-0.0012909790966659784,15.761054992675781,0.0,0.0,0.0,0.0,0,32.799988
PIDY,32839988,0.0,0.0,0.0,0.0,0.033614590764045715,15.2742919921875,0.0,0.0,0.0,0.0,0,32.839988
PIDY,32879988,0.0,0.0,0.0,0.0,0.06739568710327148,14.45830249786377,0.0,0.0,0.0,0.0,0,32.879988
PIDY,32919988,0.0,0.0,0.0,0.0,0.09943951666355133,13.364884376525879,0.0,0.0,0.0,0.0,0,32.919988
PIDY,32959988,0.0,0.0,0.0,0.0,0.1290513426065445,12.034828186035156,0.0,0.0,0.0,0.0,0,32.959988
PIDY,32999988,0.0,0.0,0.0,0.0,0.15589438378810883,10.525190353393555,0.0,0.0,0.0,0.0,0,32.999988
PIDY,33039988,0.0,0.0,0.0,0.0,0.17952430248260498,8.897229194641113,0.0,0.0,0.0,0.0,0,33.039988
PIDY,33079988,0.0,0.0,0.0,0.0,0.19965574145317078,7.220995903015137,0.0,0.0,0.0,0.0,0,33.079988
PIDY,33119988,0.0,0.0,0.0,0.0,0.216293603181839,5.555098056793213,0.0,0.0,0.0,0.0,0,33.119988
PIDY,33159988,0.0,0.0,0.0,0.0,0.22935019433498383,3.993712902069092,0.0,0.0,0.0,0.0,0,33.159988
PIDY,33199988,0.0,0.0,0.0,0.0,0.23937959969043732,2.659698009490967,0.0,0.0,0.0,0.0,0,33.199988
PIDY,33239988,0.0,0.0,0.0,0.0,0.2468138188123703,1.6327911615371704,0.0,0.0,0.0,0.0,0,33.239988
PIDY,33279988,0.0,0.0,0.0,0.0,0.25226250290870667,0.9672001600265503,0.0,0.0,0.0,0.0,0,33.279988
PIDY,33319988,0.0,0.0,0.0,0.0,0.25667038559913635,0.6891610622406006,0.0,0.0,0.0,0.0,0,33.319988
PIDY,33359988,0.0,0.0,0.0,0.0,0.26070621609687805,0.799482524394989,0.0,0.0,0.0,0.0,0,33.359988
PIDY,33399988,0.0,0.0,0.0,0.0,0.26538804173469543,1.3060544729232788,0.0,0.0,0.0,0.0,0,33.399988
PIDY,33439988,0.0,0.0,0.0,0.0,0.2714702785015106,2.1754226684570312,0.0,0.0,0.0,0.0,0,33.439988
PIDY,33479988,0.0,0.0,0.0,0.0,0.27969905734062195,3.364536762237549,0.0,0.0,0.0,0.0,0,33.479988
PIDY,33519988,0.0,0.0,0.0,0.0,0.29074037075042725,4.807669639587402,0.0,0.0,0.0,0.0,0,33.519988
PIDY,33559988,0.0,0.0,0.0,0.0,0.3050693869590759,6.427398681640625,0.0,0.0,0.0,0.0,0,33.559988
PIDY,33599988,0.0,0.0,0.0,0.0,0.3229916989803314,8.122594833374023,0.0,0.0,0.0,0.0,0,33.599988
PIDY,33639988,0.0,0.0,0.0,0.0,0.34461644291877747,9.804727554321289,0.0,0.0,0.0,0.0,0,33.639988
PIDY,33679988,0.0,0.0,0.0,0.0,0.36982089281082153,11.381118774414062,0.0,0.0,0.0,0.0,0,33.679988
PIDY,33719988,0.0,0.0,0.0,0.0,0.3983875811100006,12.76470947265625,0.0,0.0,0.0,0.0,0,33.719988
PIDY,33759988,0.0,0.0,0.0,0.0,0.4296967685222626,13.875765800476074,0.0,0.0,0.0,0.0,0,33.759988
PIDY,33799988,0.0,0.0,0.0,0.0,0.4633602797985077,14.66019058227539,0.0,0.0,0.0,0.0,0,33.799988
PIDY,33839988,0.0,0.0,0.0,0.0,0.49854880571365356,15.075789451599121,0.0,0.0,0.0,0.0,0,33.839988
PIDY,33879988,0.0,0.0,0.0,0.0,0.5342270731925964,15.087532997131348,0.0,0.0,0.0,0.0,0,33.879988
PIDY,33919988,0.0,0.0,0.0,0.0,0.5699937343597412,14.71488094329834,0.0,0.0,0.0,0.0,0,33.919988
PIDY,33959988,0.0,0.0,0.0,0.0,0.6045821309089661,13.958003997802734,0.0,0.0,0.0,0.0,0,33.959988
PIDY,33999988,0.0,0.0,0.0,0.0,0.6376314163208008,12.857111930847168,0.0,0.0,0.0,0.0,0,33.999988
PIDY,34039988,0.0,0.0,0.0,0.0,0.6682101488113403,11.454340934753418,0.0,0.0,0.0,0.0,0,34.039988
PIDY,34079988,0.0,0.0,0.0,0.0,0.6954546570777893,9.814343452453613,0.0,0.0,0.0,0.0,0,34.079988
PIDY,34119988,0.0,0.0,0.0,0.0,0.719386637210846,8.003999710083008,0.0,0.0,0.0,0.0,0,34.119988
PIDY,34159988,0.0,0.0,0.0,0.0,0.7394218444824219,6.1070709228515625,0.0,0.0,0.0,0.0,0,34.159988
PIDY,34199988,0.0,0.0,0.0,0.0,0.7554092407226562,4.184884071350098,0.0,0.0,0.0,0.0,0,34.199988
PIDY,34239988,0.0,0.0,0.0,0.0,0.7673068046569824,2.3149263858795166,0.0,0.0,0.0,0.0,0,34.239988
PIDY,34279988,0.0,0.0,0.0,0.0,0.7750267386436462,0.5640569925308228,0.0,0.0,0.0,0.0,0,34.279988
PIDY,34319988,0.0,0.0,0.0,0.0,0.7792559266090393,-1.0131824016571045,0.0,0.0,0.0,0.0,0,34.319988
PIDY,34359988,0.0,0.0,0.0,0.0,0.7797797918319702,-2.379319429397583,0.0,0.0,0.0,0.0,0,34.359988
PIDY,34399988,0.0,0.0,0.0,0.0,0.7777522802352905,-3.4998576641082764,0.0,0.0,0.0,0.0,0,34.399988
PIDY,34439988,0.0,0.0,0.0,0.0,0.7733386158943176,-4.357108116149902,0.0,0.0,0.0,0.0,0,34.439988
PIDY,34479988,0.0,0.0,0.0,0.0,0.766720175743103,-4.93821382522583,0.0,0.0,0.0,0.0,0,34.479988
PIDY,34519988,0.0,0.0,0.0,0.0,0.7592145204544067,-5.24649715423584,0.0,0.0,0.0,0.0,0,34.519988
PIDY,34559988,0.0,0.0,0.0,0.0,0.7505158185958862,-5.296013832092285,0.0,0.0,0.0,0.0,0,34.559988
PIDY,34599988,0.0,0.0,0.0,0.0,0.742138147354126,-5.129596710205078,0.0,0.0,0.0,0.0,0,34.599988
PIDY,34639988,0.0,0.0,0.0,0.0,0.7340392470359802,-4.767475605010986,0.0,0.0,0.0,0.0,0,34.639988
PIDY,34679988,0.0,0.0,0.0,0.0,0.7260860204696655,-4.2459187507629395,0.0,0.0,0.0,0.0,0,34.679988
PIDY,34719988,0.0,0.0,0.0,0.0,0.7196837663650513,-3.599069595336914,0.0,0.0,0.0,0.0,0,34.719988
PIDY,34759988,0.0,0.0,0.0,0.0,0.7139818668365479,-2.864746332168579,0.0,0.0,0.0,0.0,0,34.759988
PIDY,34799988,0.0,0.0,0.0,0.0,0.7103412747383118,-2.097701072692871,0.0,0.0,0.0,0.0,0,34.799988
PIDY,34839988,0.0,0.0,0.0,0.0,0.7082279920578003,-1.3311536312103271,0.0,0.0,0.0,0.0,0,34.839988
PIDY,34879988,0.0,0.0,0.0,0.0,0.7070043683052063,-0.6175438761711121,0.0,0.0,0.0,0.0,0,34.879988
PIDY,34919988,0.0,0.0,0.0,0.0,0.7078045010566711,0.014199798926711082,0.0,0.0,0.0,0.0,0,34.919988
PIDY,34959988,0.0,0.0,0.0,0.0,0.7091021537780762,0.5068835020065308,0.0,0.0,0.0,0.0,0,34.959988
PIDY,34999988,0.0,0.0,0.0,0.0,0.7119165062904358,0.7920650243759155,0.0,0.0,0.0,0.0,0,34.999988
PIDY,35039988,0.0,0.0,0.0,0.0,0.715099036693573,0.8392474055290222,0.0,0.0,0.0,0.0,0,35.039988
PIDY,35079988,0.0,0.0,0.0,0.0,0.7175753712654114,0.6241112351417542,0.0,0.0,0.0,0.0,0,35.079988
PIDY,35119988,0.0,0.0,0.0,0.0,0.7198732495307922,0.1546190083026886,0.0,0.0,0.0,0.0,0,35.119988
PIDY,35159988,0.0,0.0,0.0,0.0,0.7201896905899048,-0.5657392740249634,0.0,0.0,0.0,0.0,0,35.159988
PIDY,35199988,0.0,0.0,0.0,0.0,0.719412088394165,-1.5176736116409302,0.0,0.0,0.0,0.0,0,35.199988
PIDY,35239988,0.0,0.0,0.0,0.0,0.7163463234901428,-2.665592908859253,0.0,0.0,0.0,0.0,0,35.239988
PIDY,35279988,0.0,0.0,0.0,0.0,0.7100545167922974,-3.964120626449585,0.0,0.0,0.0,0.0,0,35.279988
PIDY,35319988,0.0,0.0,0.0,0.0,0.7013208270072937,-5.360550880432129,0.0,0.0,0.0,0.0,0,35.319988
PIDY,35359988,0.0,0.0,0.0,0.0,0.6888324022293091,-6.788395404815674,0.0,0.0,0.0,0.0,0,35.359988
PIDY,35399988,0.0,0.0,0.0,0.0,0.6737468838691711,-8.19605827331543,0.0,0.0,0.0,0.0,0,35.399988
PIDY,35439988,0.0,0.0,0.0,0.0,0.6555523872375488,-9.514420509338379,0.0,0.0,0.0,0.0,0,35.439988
PIDY,35479988,0.0,0.0,0.0,0.0,0.6340326070785522,-10.681683540344238,0.0,0.0,0.0,0.0,0,35.479988
PIDY,35519988,0.0,0.0,0.0,0.0,0.6104118227958679,-11.65782642364502,0.0,0.0,0.0,0.0,0,35.519988
PIDY,35559988,0.0,0.0,0.0,0.0,0.5842494964599609,-12.390151023864746,0.0,0.0,0.0,0.0,0,35.559988
PIDY,35599988,0.0,0.0,0.0,0.0,0.5569502115249634,-12.87235164642334,0.0,0.0,0.0,0.0,0,35.599988
PIDY,35639988,0.0,0.0,0.0,0.0,0.528617262840271,-13.077737808227539,0.0,0.0,0.0,0.0,0,35.639988
PIDY,35679988,0.0,0.0,0.0,0.0,0.4994908571243286,-12.989611625671387,0.0,0.0,0.0,0.0,0,35.679988
PIDY,35719988,0.0,0.0,0.0,0.0,0.4709298610687256,-12.62833023071289,0.0,0.0,0.0,0.0,0,35.719988
PIDY,35759988,0.0,0.0,0.0,0.0,0.4427667558193207,-12.008560180664062,0.0,0.0,0.0,0.0,0,35.759988
PIDY,35799988,0.0,0.0,0.0,0.0,0.4162933826446533,-11.18083381652832,0.0,0.0,0.0,0.0,0,35.799988
PIDY,35839988,0.0,0.0,0.0,0.0,0.3915620744228363,-10.177044868469238,0.0,0.0,0.0,0.0,0,35.839988
PIDY,35879988,0.0,0.0,0.0,0.0,0.3686184585094452,-9.030547142028809,0.0,0.0,0.0,0.0,0,35.879988
PIDY,35919988,0.0,0.0,0.0,0.0,0.34841975569725037,-7.801308631896973,0.0,0.0,0.0,0.0,0,35.919988
PIDY,35959988,0.0,0.0,0.0,0.0,0.3306274116039276,-6.538592338562012,0.0,0.0,0.0,0.0,0,35.959988
PIDY,35999988,0.0,0.0,0.0,0.0,0.3156396746635437,-5.3001885414123535,0.0,0.0,0.0,0.0,0,35.999988
PIDY,36039988,0.0,0.0,0.0,0.0,0.30319714546203613,-4.153433322906494,0.0,0.0,0.0,0.0,0,36.039988
PIDY,36079988,0.0,0.0,0.0,0.0,0.29287001490592957,-3.1769063472747803,0.0,0.0,0.0,0.0,0,36.079988
PIDY,36119988,0.0,0.0,0.0,0.0,0.28460952639579773,-2.431081771850586,0.0,0.0,0.0,0.0,0,36.119988
PIDY,36159988,0.0,0.0,0.0,0.0,0.2775552272796631,-1.9487371444702148,0.0,0.0,0.0,0.0,0,36.159988
PIDY,36199988,0.0,0.0,0.0,0.0,0.2714769244194031,-1.7580558061599731,0.0,0.0,0.0,0.0,0,36.199988
PIDY,36239988,0.0,0.0,0.0,0.0,0.2655649483203888,-1.8669761419296265,0.0,0.0,0.0,0.0,0,36.239988
PIDY,36279988,0.0,0.0,0.0,0.0,0.25901463627815247,-2.2671802043914795,0.0,0.0,0.0,0.0,0,36.279988
PIDY,36319988,0.0,0.0,0.0,0.0,0.2515355944633484,-2.941082239151001,0.0,0.0,0.0,0.0,0,36.319988
PIDY,36359988,0.0,0.0,0.0,0.0,0.24231484532356262,-3.8510069847106934,0.0,0.0,0.0,0.0,0,36.359988
PIDY,36399988,0.0,0.0,0.0,0.0,0.23102611303329468,-4.958264350891113,0.0,0.0,0.0,0.0,0,36.399988
PIDY,36439988,0.0,0.0,0.0,0.0,0.21720832586288452,-6.194416522979736,0.0,0.0,0.0,0.0,0,36.439988
PIDY,36479988,0.0,0.0,0.0,0.0,0.2005721777677536,-7.4816718101501465,0.0,0.0,0.0,0.0,0,36.479988
PIDY,36519988,0.0,0.0,0.0,0.0,0.18116652965545654,-8.764654159545898,0.0,0.0,0.0,0.0,0,36.519988
PIDY,36559988,0.0,0.0,0.0,0.0,0.15897630155086517,-9.96252155303955,0.0,0.0,0.0,0.0,0,36.559988
PIDY,36599988,0.0,0.0,0.0,0.0,0.13424243032932281,-11.013971328735352,0.0,0.0,0.0,0.0,0,36.599988
PIDY,36639988,0.0,0.0,0.0,0.0,0.10729050636291504,-11.863533973693848,0.0,0.0,0.0,0.0,0,36.639988
PIDY,36679988,0.0,0.0,0.0,0.0,0.07856394350528717,-12.468570709228516,0.0,0.0,0.0,0.0,0,36.679988
PIDY,36719988,0.0,0.0,0.0,0.0,0.04862668365240097,-12.788715362548828,0.0,0.0,0.0,0.0,0,36.719988
PIDY,36759988,0.0,0.0,0.0,0.0,0.01808486320078373,-12.80947208404541,0.0,0.0,0.0,0.0,0,36.759988
PIDY,36799988,0.0,0.0,0.0,0.0,-0.012428689748048782,-12.539438247680664,0.0,0.0,0.0,0.0,0,36.799988
PIDY,36839988,0.0,0.0,0.0,0.0,-0.04229314625263214,-11.98328685760498,0.0,0.0,0.0,0.0,0,36.839988
PIDY,36879988,0.0,0.0,0.0,0.0,-0.07088897377252579,-11.15971851348877,0.0,0.0,0.0,0.0,0,36.879988
PIDY,36919988,0.0,0.0,0.0,0.0,-0.09768766164779663,-10.114524841308594,0.0,0.0,0.0,0.0,0,36.919988
PIDY,36959988,0.0,0.0,0.0,0.0,-0.12221825867891312,-8.891255378723145,0.0,0.0,0.0,0.0,0,36.959988
PIDY,36999988,0.0,0.0,0.0,0.0,-0.14412526786327362,-7.536756992340088,0.0,0.0,0.0,0.0,0,36.999988
PIDY,37039988,0.0,0.0,0.0,0.0,-0.16314147412776947,-6.1111040115356445,0.0,0.0,0.0,0.0,0,37.039988
PIDY,37079988,0.0,0.0,0.0,0.0,-0.17906561493873596,-4.674897193908691,0.0,0.0,0.0,0.0,0,37.079988
PIDY,37119988,0.0,0.0,0.0,0.0,-0.19203393161296844,-3.2943601608276367,0.0,0.0,0.0,0.0,0,37.119988
PIDY,37159988,0.0,0.0,0.0,0.0,-0.20205381512641907,-2.0073330402374268,0.0,0.0,0.0,0.0,0,37.159988
PIDY,37199988,0.0,0.0,0.0,0.0,-0.20941860973834991,-0.8614687323570251,0.0,0.0,0.0,0.0,0,37.199988
PIDY,37239988,0.0,0.0,0.0,0.0,-0.21438822150230408,0.10435638576745987,0.0,0.0,0.0,0.0,0,37.239988
PIDY,37279988,0.0,0.0,0.0,0.0,-0.21728989481925964,0.8654905557632446,0.0,0.0,0.0,0.0,0,37.279988
PIDY,37319988,0.0,0.0,0.0,0.0,-0.21864458918571472,1.4170714616775513,0.0,0.0,0.0,0.0,0,37.319988
PIDY,37359988,0.0,0.0,0.0,0.0,-0.21878749132156372,1.762924313545227,0.0,0.0,0.0,0.0,0,37.359988
PIDY,37399988,0.0,0.0,0.0,0.0,-0.21824578940868378,1.8982445001602173,0.0,0.0,0.0,0.0,0,37.399988
PIDY,37439988,0.0,0.0,0.0,0.0,-0.2174086570739746,1.8427172899246216,0.0,0.0,0.0,0.0,0,37.439988
PIDY,37479988,0.0,0.0,0.0,0.0,-0.21654565632343292,1.6272282600402832,0.0,0.0,0.0,0.0,0,37.479988
PIDY,37519988,0.0,0.0,0.0,0.0,-0.21620002388954163,1.288570761680603,0.0,0.0,0.0,0.0,0,37.519988
PIDY,37559988,0.0,0.0,0.0,0.0,-0.21642819046974182,0.8571650385856628,0.0,0.0,0.0,0.0,0,37.559988
PIDY,37599988,0.0,0.0,0.0,0.0,-0.21758359670639038,0.3649771511554718,0.0,0.0,0.0,0.0,0,37.599988
PIDY,37639988,0.0,0.0,0.0,0.0,-0.21970883011817932,-0.16069476306438446,0.0,0.0,0.0,0.0,0,37.639988
PIDY,37679988,0.0,0.0,0.0,0.0,-0.22274956107139587,-0.6846689581871033,0.0,0.0,0.0,0.0,0,37.679988
PIDY,37719988,0.0,0.0,0.0,0.0,-0.2269405722618103,-1.186394453048706,0.0,0.0,0.0,0.0,0,37.719988
PIDY,37759988,0.0,0.0,0.0,0.0,-0.23198843002319336,-1.6234601736068726,0.0,0.0,0.0,0.0,0,37.759988
PIDY,37799988,0.0,0.0,0.0,0.0,-0.23798488080501556,-1.9736021757125854,0.0,0.0,0.0,0.0,0,37.799988
PIDY,37839988,0.0,0.0,0.0,0.0,-0.24458876252174377,-2.1876251697540283,0.0,0.0,0.0,0.0,0,37.839988
PIDY,37879988,0.0,0.0,0.0,0.0,-0.25130370259284973,-2.184980630874634,0.0,0.0,0.0,0.0,0,37.879988
PIDY,37919988,0.0,0.0,0.0,0.0,-0.2578394412994385,-1.9278122186660767,0.0,0.0,0.0,0.0,0,37.919988
PIDY,37959988,0.0,0.0,0.0,0.0,-0.2633834779262543,-1.3912246227264404,0.0,0.0,0.0,0.0,0,37.959988
PIDY,37999988,0.0,0.0,0.0,0.0,-0.2675688564777374,-0.5691578388214111,0.0,0.0,0.0,0.0,0,37.999988
PIDY,38039988,0.0,0.0,0.0,0.0,-0.2696413993835449,0.5285516381263733,0.0,0.0,0.0,0.0,0,38.039988
PIDY,38079988,0.0,0.0,0.0,0.0,-0.26887625455856323,1.8779348134994507,0.0,0.0,0.0,0.0,0,38.079988
PIDY,38119988,0.0,0.0,0.0,0.0,-0.26501283049583435,3.4285624027252197,0.0,0.0,0.0,0.0,0,38.119988
PIDY,38159988,0.0,0.0,0.0,0.0,-0.2573312520980835,5.133975505828857,0.0,0.0,0.0,0.0,0,38.159988
PIDY,38199988,0.0,0.0,0.0,0.0,-0.24588046967983246,6.929787635803223,0.0,0.0,0.0,0.0,0,38.199988
PIDY,38239988,0.0,0.0,0.0,0.0,-0.23033025860786438,8.743043899536133,0.0,0.0,0.0,0.0,0,38.239988
PIDY,38279988,0.0,0.0,0.0,0.0,-0.2105865776538849,10.498530387878418,0.0,0.0,0.0,0.0,0,38.279988
PIDY,38319988,0.0,0.0,0.0,0.0,-0.18704482913017273,12.110114097595215,0.0,0.0,0.0,0.0,0,38.319988
PIDY,38359988,0.0,0.0,0.0,0.0,-0.15985441207885742,13.503137588500977,0.0,0.0,0.0,0.0,0,38.359988
PIDY,38399988,0.0,0.0,0.0,0.0,-0.12973211705684662,14.63986587524414,0.0,0.0,0.0,0.0,0,38.399988
PIDY,38439988,0.0,0.0,0.0,0.0,-0.09716788679361343,15.458561897277832,0.0,0.0,0.0,0.0,0,38.439988
PIDY,38479988,0.0,0.0,0.0,0.0,-0.06282449513673782,15.918174743652344,0.0,0.0,0.0,0.0,0,38.479988
PIDY,38519988,0.0,0.0,0.0,0.0,-0.027577869594097137,16.024837493896484,0.0,0.0,0.0,0.0,0,38.519988
PIDY,38559988,0.0,0.0,0.0,0.0,0.007845591753721237,15.76166820526123,0.0,0.0,0.0,0.0,0,38.559988
PIDY,38599988,0.0,0.0,0.0,0.0,0.04265955463051796,15.1556396484375,0.0,0.0,0.0,0.0,0,38.599988
PIDY,38639988,0.0,0.0,0.0,0.0,0.0761420950293541,14.236656188964844,0.0,0.0,0.0,0.0,0,38.639988
PIDY,38679988,0.0,0.0,0.0,0.0,0.10754784196615219,13.031781196594238,0.0,0.0,0.0,0.0,0,38.679988
PIDY,38719988,0.0,0.0,0.0,0.0,0.13643963634967804,11.615317344665527,0.0,0.0,0.0,0.0,0,38.719988
PIDY,38759988,0.0,0.0,0.0,0.0,0.16221798956394196,10.02697467803955,0.0,0.0,0.0,0.0,0,38.759988
PIDY,38799988,0.0,0.0,0.0,0.0,0.18472981452941895,8.357335090637207,0.0,0.0,0.0,0.0,0,38.799988
PIDY,38839988,0.0,0.0,0.0,0.0,0.203705295920372,6.659277439117432,0.0,0.0,0.0,0.0,0,38.839988
PIDY,38879988,0.0,0.0,0.0,0.0,0.219036266207695,5.009489059448242,0.0,0.0,0.0,0.0,0,38.879988
PIDY,38919988,0.0,0.0,0.0,0.0,0.23106417059898376,3.5256998538970947,0.0,0.0,0.0,0.0,0,38.919988
PIDY,38959988,0.0,0.0,0.0,0.0,0.24008119106292725,2.31406831741333,0.0,0.0,0.0,0.0,0,38.959988
PIDY,38999988,0.0,0.0,0.0,0.0,0.24684762954711914,1.4282042980194092,0.0,0.0,0.0,0.0,0,38.999988
PIDY,39039988,0.0,0.0,0.0,0.0,0.25202035903930664,0.9163747429847717,0.0,0.0,0.0,0.0,0,39.039988
PIDY,39079988,0.0,0.0,0.0,0.0,0.2562779188156128,0.8062757253646851,0.0,0.0,0.0,0.0,0,39.079988
PIDY,39119988,0.0,0.0,0.0,0.0,0.2607852816581726,1.1030571460723877,0.0,0.0,0.0,0.0,0,39.119988
PIDY,39159988,0.0,0.0,0.0,0.0,0.2661142945289612,1.7954915761947632,0.0,0.0,0.0,0.0,0,39.159988
PIDY,39199988,0.0,0.0,0.0,0.0,0.2734017074108124,2.836991310119629,0.0,0.0,0.0,0.0,0,39.199988
PIDY,39239988,0.0,0.0,0.0,0.0,0.2831946313381195,4.1668853759765625,0.0,0.0,0.0,0.0,0,39.239988
PIDY,39279988,0.0,0.0,0.0,0.0,0.29588744044303894,5.704350471496582,0.0,0.0,0.0,0.0,0,39.279988
PIDY,39319988,0.0,0.0,0.0,0.0,0.31219878792762756,7.366522789001465,0.0,0.0,0.0,0.0,0,39.319988
PIDY,39359988,0.0,0.0,0.0,0.0,0.3320138454437256,9.045317649841309,0.0,0.0,0.0,0.0,0,39.359988
PIDY,39399988,0.0,0.0,0.0,0.0,0.3556012213230133,10.661246299743652,0.0,0.0,0.0,0.0,0,39.399988
PIDY,39439988,0.0,0.0,0.0,0.0,0.38262343406677246,12.119279861450195,0.0,0.0,0.0,0.0,0,39.439988
PIDY,39479988,0.0,0.0,0.0,0.0,0.4126402735710144,13.332271575927734,0.0,0.0,0.0,0.0,0,39.479988
PIDY,39519988,0.0,0.0,0.0,0.0,0.44517382979393005,14.238931655883789,0.0,0.0,0.0,0.0,0,39.519988
PIDY,39559988,0.0,0.0,0.0,0.0,0.4793550372123718,14.773491859436035,0.0,0.0,0.0,0.0,0,39.559988
PIDY,39599988,0.0,0.0,0.0,0.0,0.5146495699882507,14.93493938446045,0.0,0.0,0.0,0.0,0,39.599988
PIDY,39639988,0.0,0.0,0.0,0.0,0.5501211881637573,14.699254989624023,0.0,0.0,0.0,0.0,0,39.639988
PIDY,39679988,0.0,0.0,0.0,0.0,0.5847296714782715,14.071070671081543,0.0,0.0,0.0,0.0,0,39.679988
PIDY,39719988,0.0,0.0,0.0,0.0,0.6180511713027954,13.090932846069336,0.0,0.0,0.0,0.0,0,39.719988
PIDY,39759988,0.0,0.0,0.0,0.0,0.6490530371665955,11.78623104095459,0.0,0.0,0.0,0.0,0,39.759988
PIDY,39799988,0.0,0.0,0.0,0.0,0.6772673726081848,10.223422050476074,0.0,0.0,0.0,0.0,0,39.799988
PIDY,39839988,0.0,0.0,0.0,0.0,0.7020671963691711,8.460729598999023,0.0,0.0,0.0,0.0,0,39.839988
PIDY,39879988,0.0,0.0,0.0,0.0,0.7229467034339905,6.572062015533447,0.0,0.0,0.0,0.0,0,39.879988
PIDY,39919988,0.0,0.0,0.0,0.0,0.7398869395256042,4.642809867858887,0.0,0.0,0.0,0.0,0,39.919988
PIDY,39959988,0.0,0.0,0.0,0.0,0.7524206042289734,2.7356677055358887,0.0,0.0,0.0,0.0,0,39.959988
PIDY,39999988,0.0,0.0,0.0,0.0,0.7611783742904663,0.9289363026618958,0.0,0.0,0.0,0.0,0,39.999988
PIDY,40039988,0.0,0.0,0.0,0.0,0.7661020159721375,-0.7246528267860413,0.0,0.0,0.0,0.0,0,40.039988
PIDY,40079988,0.0,0.0,0.0,0.0,0.7671884894371033,-2.1828269958496094,0.0,0.0,0.0,0.0,0,40.079988
PIDY,40119988,0.0,0.0,0.0,0.0,0.7655050754547119,-3.4036312103271484,0.0,0.0,0.0,0.0,0,40.119988
PIDY,40159988,0.0,0.0,0.0,0.0,0.7608142495155334,-4.363235950469971,0.0,0.0,0.0,0.0,0,40.159988
PIDY,40199988,0.0,0.0,0.0,0.0,0.7544988393783569,-5.039893627166748,0.0,0.0,0.0,0.0,0,40.199988
PIDY,40239988,0.0,0.0,0.0,0.0,0.7467213869094849,-5.442821025848389,0.0,0.0,0.0,0.0,0,40.239988
PIDY,40279988,0.0,0.0,0.0,0.0,0.7374621629714966,-5.5817084312438965,0.0,0.0,0.0,0.0,0,40.279988
PIDY,40319988,0.0,0.0,0.0,0.0,0.7284462451934814,-5.4771599769592285,0.0,0.0,0.0,0.0,0,40.319988
PIDY,40359988,0.0,0.0,0.0,0.0,0.7190538644790649,-5.15651273727417,0.0,0.0,0.0,0.0,0,40.359988
PIDY,40399988,0.0,0.0,0.0,0.0,0.7107987999916077,-4.65518045425415,0.0,0.0,0.0,0.0,0,40.399988
PIDY,40439988,0.0,0.0,0.0,0.0,0.7035096287727356,-4.021540641784668,0.0,0.0,0.0,0.0,0,40.439988
PIDY,40479988,0.0,0.0,0.0,0.0,0.6967592835426331,-3.3026111125946045,0.0,0.0,0.0,0.0,0,40.479988
PIDY,40519988,0.0,0.0,0.0,0.0,0.6921187043190002,-2.5350730419158936,0.0,0.0,0.0,0.0,0,40.519988
PIDY,40559988,0.0,0.0,0.0,0.0,0.6882683038711548,-1.7679916620254517,0.0,0.0,0.0,0.0,0,40.559988
PIDY,40599988,0.0,0.0,0.0,0.0,0.6866325736045837,-1.037152647972107,0.0,0.0,0.0,0.0,0,40.599988
PIDY,40639988,0.0,0.0,0.0,0.0,0.686427116394043,-0.37799444794654846,0.0,0.0,0.0,0.0,0,40.639988
PIDY,40679988,0.0,0.0,0.0,0.0,0.686731219291687,0.16613569855690002,0.0,0.0,0.0,0.0,0,40.679988
PIDY,40719988,0.0,0.0,0.0,0.0,0.6887592673301697,0.5341438055038452,0.0,0.0,0.0,0.0,0,40.719988
PIDY,40759988,0.0,0.0,0.0,0.0,0.6907030344009399,0.6693657636642456,0.0,0.0,0.0,0.0,0,40.759988
PIDY,40799988,0.0,0.0,0.0,0.0,0.69330894947052,0.5585662722587585,0.0,0.0,0.0,0.0,0,40.799988
PIDY,40839988,0.0,0.0,0.0,0.0,0.6954210996627808,0.19281171262264252,0.0,0.0,0.0,0.0,0,40.839988
PIDY,40879988,0.0,0.0,0.0,0.0,0.6958038210868835,-0.4284805655479431,0.0,0.0,0.0,0.0,0,40.879988
PIDY,40919988,0.0,0.0,0.0,0.0,0.6952760219573975,-1.2823996543884277,0.0,0.0,0.0,0.0,0,40.919988
PIDY,40959988,0.0,0.0,0.0,0.0,0.6921271085739136,-2.3431100845336914,0.0,0.0,0.0,0.0,0,40.959988
PIDY,40999988,0.0,0.0,0.0,0.0,0.6870242953300476,-3.569528579711914,0.0,0.0,0.0,0.0,0,40.999988
PIDY,41039988,0.0,0.0,0.0,0.0,0.6790839433670044,-4.912070274353027,0.0,0.0,0.0,0.0,0,41.039988
PIDY,41079988,0.0,0.0,0.0,0.0,0.6676084399223328,-6.308152198791504,0.0,0.0,0.0,0.0,0,41.079988
PIDY,41119988,0.0,0.0,0.0,0.0,0.6534802317619324,-7.69950008392334,0.0,0.0,0.0,0.0,0,41.119988
PIDY,41159988,0.0,0.0,0.0,0.0,0.6357365846633911,-9.018882751464844,0.0,0.0,0.0,0.0,0,41.159988
PIDY,41199988,0.0,0.0,0.0,0.0,0.615644097328186,-10.213208198547363,0.0,0.0,0.0,0.0,0,41.199988
PIDY,41239988,0.0,0.0,0.0,0.0,0.5929457545280457,-11.228544235229492,0.0,0.0,0.0,0.0,0,41.239988
PIDY,41279988,0.0,0.0,0.0,0.0,0.5675644874572754,-12.014083862304688,0.0,0.0,0.0,0.0,0,41.279988
PIDY,41319988,0.0,0.0,0.0,0.0,0.5409743189811707,-12.554515838623047,0.0,0.0,0.0,0.0,0,41.319988
PIDY,41359988,0.0,0.0,0.0,0.0,0.5127496123313904,-12.80675220489502,0.0,0.0,0.0,0.0,0,41.359988
PIDY,41399988,0.0,0.0,0.0,0.0,0.48449817299842834,-12.78156566619873,0.0,0.0,0.0,0.0,0,41.399988
PIDY,41439988,0.0,0.0,0.0,0.0,0.45631691813468933,-12.477910041809082,0.0,0.0,0.0,0.0,0,41.439988
PIDY,41479988,0.0,0.0,0.0,0.0,0.4283992350101471,-11.908136367797852,0.0,0.0,0.0,0.0,0,41.479988
PIDY,41519988,0.0,0.0,0.0,0.0,0.40208226442337036,-11.12481689453125,0.0,0.0,0.0,0.0,0,41.519988
PIDY,41559988,0.0,0.0,0.0,0.0,0.37720638513565063,-10.148337364196777,0.0,0.0,0.0,0.0,0,41.559988
PIDY,41599988,0.0,0.0,0.0,0.0,0.3546113073825836,-9.030088424682617,0.0,0.0,0.0,0.0,0,41.599988
PIDY,41639988,0.0,0.0,0.0,0.0,0.3343714773654938,-7.812582969665527,0.0,0.0,0.0,0.0,0,41.639988
PIDY,41679988,0.0,0.0,0.0,0.0,0.31648412346839905,-6.547804355621338,0.0,0.0,0.0,0.0,0,41.679988
PIDY,41719988,0.0,0.0,0.0,0.0,0.3014266788959503,-5.304807662963867,0.0,0.0,0.0,0.0,0,41.719988
PIDY,41759988,0.0,0.0,0.0,0.0,0.28880584239959717,-4.1297478675842285,0.0,0.0,0.0,0.0,0,41.759988
PIDY,41799988,0.0,0.0,0.0,0.0,0.2786957025527954,-3.1065633296966553,0.0,0.0,0.0,0.0,0,41.799988
PIDY,41839988,0.0,0.0,0.0,0.0,0.2705937325954437,-2.2956929206848145,0.0,0.0,0.0,0.0,0,41.839988
PIDY,41879988,0.0,0.0,0.0,0.0,0.2639472484588623,-1.741322636604309,0.0,0.0,0.0,0.0,0,41.879988
PIDY,41919988,0.0,0.0,0.0,0.0,0.2583332359790802,-1.4751631021499634,0.0,0.0,0.0,0.0,0,41.919988
PIDY,41959988,0.0,0.0,0.0,0.0,0.2530116140842438,-1.5068153142929077,0.0,0.0,0.0,0.0,0,41.959988
PIDY,41999988,0.0,0.0,0.0,0.0,0.24743600189685822,-1.8289605379104614,0.0,0.0,0.0,0.0,0,41.999988
PIDY,42039988,0.0,0.0,0.0,0.0,0.2409413456916809,-2.4276676177978516,0.0,0.0,0.0,0.0,0,42.039988
PIDY,42079988,0.0,0.0,0.0,0.0,0.23291879892349243,-3.271317720413208,0.0,0.0,0.0,0.0,0,42.079988
PIDY,42119988,0.0,0.0,0.0,0.0,0.22291989624500275,-4.321408271789551,0.0,0.0,0.0,0.0,0,42.119988
PIDY,42159988,0.0,0.0,0.0,0.0,0.21044887602329254,-5.516984462738037,0.0,0.0,0.0,0.0,0,42.159988
PIDY,42199988,0.0,0.0,0.0,0.0,0.19535580277442932,-6.787810802459717,0.0,0.0,0.0,0.0,0,42.199988
PIDY,42239988,0.0,0.0,0.0,0.0,0.17746351659297943,-8.064604759216309,0.0,0.0,0.0,0.0,0,42.239988
PIDY,42279988,0.0,0.0,0.0,0.0,0.15677283704280853,-9.280267715454102,0.0,0.0,0.0,0.0,0,42.279988
PIDY,42319988,0.0,0.0,0.0,0.0,0.1334959715604782,-10.368027687072754,0.0,0.0,0.0,0.0,0,42.319988
PIDY,42359988,0.0,0.0,0.0,0.0,0.10792189836502075,-11.263482093811035,0.0,0.0,0.0,0.0,0,42.359988
PIDY,42399988,0.0,0.0,0.0,0.0,0.08048713207244873,-11.928260803222656,0.0,0.0,0.0,0.0,0,42.399988
PIDY,42439988,0.0,0.0,0.0,0.0,0.05169373378157616,-12.327043533325195,0.0,0.0,0.0,0.0,0,42.439988
PIDY,42479988,0.0,0.0,0.0,0.0,0.022136462852358818,-12.434469223022461,0.0,0.0,0.0,0.0,0,42.479988
PIDY,42519988,0.0,0.0,0.0,0.0,-0.007576511241495609,-12.24305248260498,0.0,0.0,0.0,0.0,0,42.519988
PIDY,42559988,0.0,0.0,0.0,0.0,-0.03681696206331253,-11.770694732666016,0.0,0.0,0.0,0.0,0,42.559988
PIDY,42599988,0.0,0.0,0.0,0.0,-0.06497721374034882,-11.031241416931152,0.0,0.0,0.0,0.0,0,42.599988
PIDY,42639988,0.0,0.0,0.0,0.0,-0.09150265157222748,-10.056085586547852,0.0,0.0,0.0,0.0,0,42.639988
PIDY,42679988,0.0,0.0,0.0,0.0,-0.11594351381063461,-8.895097732543945,0.0,0.0,0.0,0.0,0,42.679988
PIDY,42719988,0.0,0.0,0.0,0.0,-0.13787724077701569,-7.600096225738525,0.0,0.0,0.0,0.0,0,42.719988
PIDY,42759988,0.0,0.0,0.0,0.0,-0.15706850588321686,-6.2266716957092285,0.0,0.0,0.0,0.0,0,42.759988
PIDY,42799988,0.0,0.0,0.0,0.0,-0.17333349585533142,-4.824831962585449,0.0,0.0,0.0,0.0,0,42.799988
PIDY,42839988,0.0,0.0,0.0,0.0,-0.18663530051708221,-3.4556844234466553,0.0,0.0,0.0,0.0,0,42.839988
PIDY,42879988,0.0,0.0,0.0,0.0,-0.19709907472133636,-2.173374891281128,0.0,0.0,0.0,0.0,0,42.879988
PIDY,42919988,0.0,0.0,0.0,0.0,-0.20482617616653442,-1.0164741277694702,0.0,0.0,0.0,0.0,0,42.919988
PIDY,42959988,0.0,0.0,0.0,0.0,-0.21013997495174408,-0.023566750809550285,0.0,0.0,0.0,0.0,0,42.959988
PIDY,42999988,0.0,0.0,0.0,0.0,-0.21336616575717926,0.7783181071281433,0.0,0.0,0.0,0.0,0,42.999988
PIDY,43039988,0.0,0.0,0.0,0.0,-0.21491537988185883,1.37068772315979,0.0,0.0,0.0,0.0,0,43.039988
PIDY,43079988,0.0,0.0,0.0,0.0,-0.21525271236896515,1.7569776773452759,0.0,0.0,0.0,0.0,0,43.079988
PIDY,43119988,0.0,0.0,0.0,0.0,-0.21472330391407013,1.9445866346359253,0.0,0.0,0.0,0.0,0,43.119988
PIDY,43159988,0.0,0.0,0.0,0.0,-0.21379248797893524,1.9446663856506348,0.0,0.0,0.0,0.0,0,43.159988
PIDY,43199988,0.0,0.0,0.0,0.0,-0.21282440423965454,1.7791118621826172,0.0,0.0,0.0,0.0,0,43.199988
PIDY,43239988,0.0,0.0,0.0,0.0,-0.21216990053653717,1.4742469787597656,0.0,0.0,0.0,0.0,0,43.239988
PIDY,43279988,0.0,0.0,0.0,0.0,-0.21209803223609924,1.073927879333496,0.0,0.0,0.0,0.0,0,43.279988
PIDY,43319988,0.0,0.0,0.0,0.0,-0.2128041535615921,0.6043856739997864,0.0,0.0,0.0,0.0,0,43.319988
PIDY,43359988,0.0,0.0,0.0,0.0,-0.2143585979938507,0.1016722321510315,0.0,0.0,0.0,0.0,0,43.359988
PIDY,43399988,0.0,0.0,0.0,0.0,-0.21697242558002472,-0.40753358602523804,0.0,0.0,0.0,0.0,0,43.399988
PIDY,43439988,0.0,0.0,0.0,0.0,-0.22058451175689697,-0.8934735059738159,0.0,0.0,0.0,0.0,0,43.439988
PIDY,43479988,0.0,0.0,0.0,0.0,-0.22504600882530212,-1.3299001455307007,0.0,0.0,0.0,0.0,0,43.479988
PIDY,43519988,0.0,0.0,0.0,0.0,-0.23045280575752258,-1.6971936225891113,0.0,0.0,0.0,0.0,0,43.519988
PIDY,43559988,0.0,0.0,0.0,0.0,-0.23647290468215942,-1.9584248065948486,0.0,0.0,0.0,0.0,0,43.559988
PIDY,43599988,0.0,0.0,0.0,0.0,-0.24295291304588318,-2.0440900325775146,0.0,0.0,0.0,0.0,0,43.599988
PIDY,43639988,0.0,0.0,0.0,0.0,-0.2493443340063095,-1.8848596811294556,0.0,0.0,0.0,0.0,0,43.639988
PIDY,43679988,0.0,0.0,0.0,0.0,-0.25495654344558716,-1.4528980255126953,0.0,0.0,0.0,0.0,0,43.679988
PIDY,43719988,0.0,0.0,0.0,0.0,-0.259464830160141,-0.751545786857605,0.0,0.0,0.0,0.0,0,43.719988
PIDY,43759988,0.0,0.0,0.0,0.0,-0.26193347573280334,0.21865049004554749,0.0,0.0,0.0,0.0,0,43.759988
PIDY,43799988,0.0,0.0,0.0,0.0,-0.2621685564517975,1.4434447288513184,0.0,0.0,0.0,0.0,0,43.799988
PIDY,43839988,0.0,0.0,0.0,0.0,-0.2594207227230072,2.8925092220306396,0.0,0.0,0.0,0.0,0,43.839988
PIDY,43879988,0.0,0.0,0.0,0.0,-0.25306689739227295,4.520695209503174,0.0,0.0,0.0,0.0,0,43.879988
PIDY,43919988,0.0,0.0,0.0,0.0,-0.24306224286556244,6.264310359954834,0.0,0.0,0.0,0.0,0,43.919988
PIDY,43959988,0.0,0.0,0.0,0.0,-0.22889679670333862,8.046481132507324,0.0,0.0,0.0,0.0,0,43.959988
PIDY,43999988,0.0,0.0,0.0,0.0,-0.21085084974765778,9.79536247253418,0.0,0.0,0.0,0.0,0,43.999988
PIDY,44039988,0.0,0.0,0.0,0.0,-0.18889054656028748,11.4345121383667,0.0,0.0,0.0,0.0,0,44.039988
PIDY,44079988,0.0,0.0,0.0,0.0,-0.16318565607070923,12.881556510925293,0.0,0.0,0.0,0.0,0,44.079988
PIDY,44119988,0.0,0.0,0.0,0.0,-0.134445458650589,14.083808898925781,0.0,0.0,0.0,0.0,0,44.119988
PIDY,44159988,0.0,0.0,0.0,0.0,-0.10302131623029709,14.976515769958496,0.0,0.0,0.0,0.0,0,44.159988
PIDY,44199988,0.0,0.0,0.0,0.0,-0.06975258141756058,15.547922134399414,0.0,0.0,0.0,0.0,0,44.199988
PIDY,44239988,0.0,0.0,0.0,0.0,-0.03529570624232292,15.757020950317383,0.0,0.0,0.0,0.0,0,44.239988
PIDY,44279988,0.0,0.0,0.0,0.0,-0.0004323359753470868,15.590880393981934,0.0,0.0,0.0,0.0,0,44.279988
PIDY,44319988,0.0,0.0,0.0,0.0,0.034029312431812286,15.086888313293457,0.0,0.0,0.0,0.0,0,44.319988
PIDY,44359988,0.0,0.0,0.0,0.0,0.06732065230607986,14.249350547790527,0.0,0.0,0.0,0.0,0,44.359988
PIDY,44399988,0.0,0.0,0.0,0.0,0.09881676733493805,13.132916450500488,0.0,0.0,0.0,0.0,0,44.399988
PIDY,44439988,0.0,0.0,0.0,0.0,0.12790945172309875,11.785500526428223,0.0,0.0,0.0,0.0,0,44.439988
PIDY,44479988,0.0,0.0,0.0,0.0,0.15405648946762085,10.259648323059082,0.0,0.0,0.0,0.0,0,44.479988
PIDY,44519988,0.0,0.0,0.0,0.0,0.17700833082199097,8.623300552368164,0.0,0.0,0.0,0.0,0,44.519988
PIDY,44559988,0.0,0.0,0.0,0.0,0.1963564157485962,6.9398393630981445,0.0,0.0,0.0,0.0,0,44.559988
PIDY,44599988,0.0,0.0,0.0,0.0,0.21227572858333588,5.278706073760986,0.0,0.0,0.0,0.0,0,44.599988
PIDY,44639988,0.0,0.0,0.0,0.0,0.22470784187316895,3.70784330368042,0.0,0.0,0.0,0.0,0,44.639988
PIDY,44679988,0.0,0.0,0.0,0.0,0.23383869230747223,2.3431899547576904,0.0,0.0,0.0,0.0,0,44.679988
PIDY,44719988,0.0,0.0,0.0,0.0,0.24039798974990845,1.2844727039337158,0.0,0.0,0.0,0.0,0,44.719988
PIDY,44759988,0.0,0.0,0.0,0.0,0.2448246031999588,0.5838233828544617,0.0,0.0,0.0,0.0,0,44.759988
PIDY,44799988,0.0,0.0,0.0,0.0,0.24820023775100708,0.27070918679237366,0.0,0.0,0.0,0.0,0,44.799988
PIDY,44839988,0.0,0.0,0.0,0.0,0.2512178421020508,0.35461482405662537,0.0,0.0,0.0,0.0,0,44.839988
PIDY,44879988,0.0,0.0,0.0,0.0,0.25466758012771606,0.8321868181228638,0.0,0.0,0.0,0.0,0,44.879988
PIDY,44919988,0.0,0.0,0.0,0.0,0.2595244348049164,1.6762229204177856,0.0,0.0,0.0,0.0,0,44.919988
PIDY,44959988,0.0,0.0,0.0,0.0,0.2664056420326233,2.8409039974212646,0.0,0.0,0.0,0.0,0,44.959988
PIDY,44999988,0.0,0.0,0.0,0.0,0.27611246705055237,4.267271041870117,0.0,0.0,0.0,0.0,0,44.999988
PIDY,45039988,0.0,0.0,0.0,0.0,0.2890811562538147,5.875059604644775,0.0,0.0,0.0,0.0,0,45.039988
PIDY,45079988,0.0,0.0,0.0,0.0,0.3055996000766754,7.569864273071289,0.0,0.0,0.0,0.0,0,45.079988
PIDY,45119988,0.0,0.0,0.0,0.0,0.3258589208126068,9.255953788757324,0.0,0.0,0.0,0.0,0,45.119988
PIDY,45159988,0.0,0.0,0.0,0.0,0.3497222363948822,10.837373733520508,0.0,0.0,0.0,0.0,0,45.159988
PIDY,45199988,0.0,0.0,0.0,0.0,0.37695181369781494,12.23091983795166,0.0,0.0,0.0,0.0,0,45.199988
PIDY,45239988,0.0,0.0,0.0,0.0,0.4070749878883362,13.35894775390625,0.0,0.0,0.0,0.0,0,45.239988
PIDY,45279988,0.0,0.0,0.0,0.0,0.4393627941608429,14.157598495483398,0.0,0.0,0.0,0.0,0,45.279988
PIDY,45319988,0.0,0.0,0.0,0.0,0.47333335876464844,14.592548370361328,0.0,0.0,0.0,0.0,0,45.319988
PIDY,45359988,0.0,0.0,0.0,0.0,0.508057713508606,14.638288497924805,0.0,0.0,0.0,0.0,0,45.359988
PIDY,45399988,0.0,0.0,0.0,0.0,0.5427351593971252,14.295327186584473,0.0,0.0,0.0,0.0,0,45.399988
PIDY,45439988,0.0,0.0,0.0,0.0,0.5765346884727478,13.57720947265625,0.0,0.0,0.0,0.0,0,45.439988
PIDY,45479988,0.0,0.0,0.0,0.0,0.6086156964302063,12.510519027709961,0.0,0.0,0.0,0.0,0,45.479988
PIDY,45519988,0.0,0.0,0.0,0.0,0.6383637189865112,11.146466255187988,0.0,0.0,0.0,0.0,0,45.519988
PIDY,45559988,0.0,0.0,0.0,0.0,0.6649302840232849,9.539113998413086,0.0,0.0,0.0,0.0,0,45.559988
PIDY,45599988,0.0,0.0,0.0,0.0,0.6881899237632751,7.766574382781982,0.0,0.0,0.0,0.0,0,45.599988
PIDY,45639988,0.0,0.0,0.0,0.0,0.7076417207717896,5.901767253875732,0.0,0.0,0.0,0.0,0,45.639988
PIDY,45679988,0.0,0.0,0.0,0.0,0.7229445576667786,4.014015197753906,0.0,0.0,0.0,0.0,0,45.679988
PIDY,45719988,0.0,0.0,0.0,0.0,0.7343902587890625,2.179928779602051,0.0,0.0,0.0,0.0,0,45.719988
PIDY,45759988,0.0,0.0,0.0,0.0,0.7417535781860352,0.46049764752388,0.0,0.0,0.0,0.0,0,45.759988
PIDY,45799988,0.0,0.0,0.0,0.0,0.7456693649291992,-1.090834379196167,0.0,0.0,0.0,0.0,0,45.799988
PIDY,45839988,0.0,0.0,0.0,0.0,0.7463080883026123,-2.4264137744903564,0.0,0.0,0.0,0.0,0,45.839988
PIDY,45879988,0.0,0.0,0.0,0.0,0.7439937591552734,-3.5238373279571533,0.0,0.0,0.0,0.0,0,45.879988
PIDY,45919988,0.0,0.0,0.0,0.0,0.7394652366638184,-4.359189510345459,0.0,0.0,0.0,0.0,0,45.919988
PIDY,45959988,0.0,0.0,0.0,0.0,0.7328387498855591,-4.919015884399414,0.0,0.0,0.0,0.0,0,45.959988
PIDY,45999988,0.0,0.0,0.0,0.0,0.7253313064575195,-5.217466354370117,0.0,0.0,0.0,0.0,0,45.999988
PIDY,46039988,0.0,0.0,0.0,0.0,0.7171392440795898,-5.271579742431641,0.0,0.0,0.0,0.0,0,46.039988
PIDY,46079988,0.0,0.0,0.0,0.0,0.7084892392158508,-5.101288318634033,0.0,0.0,0.0,0.0,0,46.079988
PIDY,46119988,0.0,0.0,0.0,0.0,0.7004141807556152,-4.737846374511719,0.0,0.0,0.0,0.0,0,46.119988
PIDY,46159988,0.0,0.0,0.0,0.0,0.6927093863487244,-4.219458103179932,0.0,0.0,0.0,0.0,0,46.159988
PIDY,46199988,0.0,0.0,0.0,0.0,0.6863270401954651,-3.5805234909057617,0.0,0.0,0.0,0.0,0,46.199988
PIDY,46239988,0.0,0.0,0.0,0.0,0.6811938285827637,-2.869737386703491,0.0,0.0,0.0,0.0,0,46.239988
PIDY,46279988,0.0,0.0,0.0,0.0,0.6768887639045715,-2.138097047805786,0.0,0.0,0.0,0.0,0,46.279988
PIDY,46319988,0.0,0.0,0.0,0.0,0.6745665073394775,-1.4208791255950928,0.0,0.0,0.0,0.0,0,46.319988
PIDY,46359988,0.0,0.0,0.0,0.0,0.6730791330337524,-0.7592514753341675,0.0,0.0,0.0,0.0,0,46.359988
PIDY,46399988,0.0,0.0,0.0,0.0,0.6734420657157898,-0.17840120196342468,0.0,0.0,0.0,0.0,0,46.399988
PIDY,46439988,0.0,0.0,0.0,0.0,0.6749095320701599,0.284489244222641,0.0,0.0,0.0,0.0,0,46.439988
PIDY,46479988,0.0,0.0,0.0,0.0,0.6764733195304871,0.5577234029769897,0.0,0.0,0.0,0.0,0,46.479988
PIDY,46519988,0.0,0.0,0.0,0.0,0.679064929485321,0.6028763055801392,0.0,0.0,0.0,0.0,0,46.519988
PIDY,46559988,0.0,0.0,0.0,0.0,0.68091881275177,0.40030428767204285,0.0,0.0,0.0,0.0,0,46.559988
PIDY,46599988,0.0,0.0,0.0,0.0,0.6826733946800232,-0.047008682042360306,0.0,0.0,0.0,0.0,0,46.599988
PIDY,46639988,0.0,0.0,0.0,0.0,0.6832020282745361,-0.7390221953392029,0.0,0.0,0.0,0.0,0,46.639988
PIDY,46679988,0.0,0.0,0.0,0.0,0.681542158126831,-1.6623064279556274,0.0,0.0,0.0,0.0,0,46.679988
PIDY,46719988,0.0,0.0,0.0,0.0,0.6780792474746704,-2.7774014472961426,0.0,0.0,0.0,0.0,0,46.719988
PIDY,46759988,0.0,0.0,0.0,0.0,0.6715174913406372,-4.04520845413208,0.0,0.0,0.0,0.0,0,46.759988
PIDY,46799988,0.0,0.0,0.0,0.0,0.6624816656112671,-5.4141645431518555,0.0,0.0,0.0,0.0,0,46.799988
PIDY,46839988,0.0,0.0,0.0,0.0,0.6503285765647888,-6.823022842407227,0.0,0.0,0.0,0.0,0,46.839988
PIDY,46879988,0.0,0.0,0.0,0.0,0.6346248388290405,-8.206034660339355,0.0,0.0,0.0,0.0,0,46.879988
PIDY,46919988,0.0,0.0,0.0,0.0,0.6162342429161072,-9.507843017578125,0.0,0.0,0.0,0.0,0,46.919988
PIDY,46959988,0.0,0.0,0.0,0.0,0.5946682691574097,-10.663049697875977,0.0,0.0,0.0,0.0,0,46.959988
PIDY,46999988,0.0,0.0,0.0,0.0,0.5708932876586914,-11.622788429260254,0.0,0.0,0.0,0.0,0,46.999988
PIDY,47039988,0.0,0.0,0.0,0.0,0.5450587272644043,-12.333675384521484,0.0,0.0,0.0,0.0,0,47.039988
PIDY,47079988,0.0,0.0,0.0,0.0,0.5174464583396912,-12.762761116027832,0.0,0.0,0.0,0.0,0,47.079988
PIDY,47119988,0.0,0.0,0.0,0.0,0.48919427394866943,-12.910088539123535,0.0,0.0,0.0,0.0,0,47.119988
PIDY,47159988,0.0,0.0,0.0,0.0,0.46041542291641235,-12.765562057495117,0.0,0.0,0.0,0.0,0,47.159988
PIDY,47199988,0.0,0.0,0.0,0.0,0.43219926953315735,-12.35200309753418,0.0,0.0,0.0,0.0,0,47.199988
PIDY,47239988,0.0,0.0,0.0,0.0,0.4048766493797302,-11.685884475708008,0.0,0.0,0.0,0.0,0,47.239988
PIDY,47279988,0.0,0.0,0.0,0.0,0.3787993788719177,-10.787431716918945,0.0,0.0,0.0,0.0,0,47.279988
PIDY,47319988,0.0,0.0,0.0,0.0,0.35482558608055115,-9.710968017578125,0.0,0.0,0.0,0.0,0,47.319988
PIDY,47359988,0.0,0.0,0.0,0.0,0.332976758480072,-8.501887321472168,0.0,0.0,0.0,0.0,0,47.359988
PIDY,47399988,0.0,0.0,0.0,0.0,0.3138137459754944,-7.224477767944336,0.0,0.0,0.0,0.0,0,47.399988
PIDY,47439988,0.0,0.0,0.0,0.0,0.2973244786262512,-5.930283546447754,0.0,0.0,0.0,0.0,0,47.439988
PIDY,47479988,0.0,0.0,0.0,0.0,0.2834194600582123,-4.664212226867676,0.0,0.0,0.0,0.0,0,47.479988
PIDY,47519988,0.0,0.0,0.0,0.0,0.27228131890296936,-3.4856526851654053,0.0,0.0,0.0,0.0,0,47.519988
PIDY,47559988,0.0,0.0,0.0,0.0,0.26336824893951416,-2.4811861515045166,0.0,0.0,0.0,0.0,0,47.559988
PIDY,47599988,0.0,0.0,0.0,0.0,0.2565513849258423,-1.7243099212646484,0.0,0.0,0.0,0.0,0,47.599988
PIDY,47639988,0.0,0.0,0.0,0.0,0.2511340379714966,-1.2491991519927979,0.0,0.0,0.0,0.0,0,47.639988
PIDY,47679988,0.0,0.0,0.0,0.0,0.24643123149871826,-1.0710344314575195,0.0,0.0,0.0,0.0,0,47.679988
PIDY,47719988,0.0,0.0,0.0,0.0,0.24196137487888336,-1.1941332817077637,0.0,0.0,0.0,0.0,0,47.719988
PIDY,47759988,0.0,0.0,0.0,0.0,0.23693977296352386,-1.6074851751327515,0.0,0.0,0.0,0.0,0,47.759988
PIDY,47799988,0.0,0.0,0.0,0.0,0.23086923360824585,-2.2921864986419678,0.0,0.0,0.0,0.0,0,47.799988
PIDY,47839988,0.0,0.0,0.0,0.0,0.22312606871128082,-3.210841178894043,0.0,0.0,0.0,0.0,0,47.839988
PIDY,47879988,0.0,0.0,0.0,0.0,0.21315862238407135,-4.31442928314209,0.0,0.0,0.0,0.0,0,47.879988
PIDY,47919988,0.0,0.0,0.0,0.0,0.20074889063835144,-5.5498528480529785,0.0,0.0,0.0,0.0,0,47.919988
PIDY,47959988,0.0,0.0,0.0,0.0,0.1855463832616806,-6.840175628662109,0.0,0.0,0.0,0.0,0,47.959988
PIDY,47999988,0.0,0.0,0.0,0.0,0.16755861043930054,-8.11663818359375,0.0,0.0,0.0,0.0,0,47.999988
PIDY,48039988,0.0,0.0,0.0,0.0,0.14680638909339905,-9.313882827758789,0.0,0.0,0.0,0.0,0,48.039988
PIDY,48079988,0.0,0.0,0.0,0.0,0.12349327653646469,-10.368988037109375,0.0,0.0,0.0,0.0,0,48.079988
PIDY,48119988,0.0,0.0,0.0,0.0,0.09796586632728577,-11.218409538269043,0.0,0.0,0.0,0.0,0,48.119988
PIDY,48159988,0.0,0.0,0.0,0.0,0.07068616151809692,-11.817306518554688,0.0,0.0,0.0,0.0,0,48.159988
PIDY,48199988,0.0,0.0,0.0,0.0,0.04219662770628929,-12.143110275268555,0.0,0.0,0.0,0.0,0,48.199988
PIDY,48239988,0.0,0.0,0.0,0.0,0.013087267056107521,-12.174948692321777,0.0,0.0,0.0,0.0,0,48.239988
PIDY,48279988,0.0,0.0,0.0,0.0,-0.0160087738186121,-11.907472610473633,0.0,0.0,0.0,0.0,0,48.279988
PIDY,48319988,0.0,0.0,0.0,0.0,-0.04446731135249138,-11.359771728515625,0.0,0.0,0.0,0.0,0,48.319988
PIDY,48359988,0.0,0.0,0.0,0.0,-0.07168971002101898,-10.557982444763184,0.0,0.0,0.0,0.0,0,48.359988
PIDY,48399988,0.0,0.0,0.0,0.0,-0.09717293828725815,-9.53824520111084,0.0,0.0,0.0,0.0,0,48.399988
PIDY,48439988,0.0,0.0,0.0,0.0,-0.12044721841812134,-8.340129852294922,0.0,0.0,0.0,0.0,0,48.439988
PIDY,48479988,0.0,0.0,0.0,0.0,-0.14113479852676392,-7.020529270172119,0.0,0.0,0.0,0.0,0,48.479988
PIDY,48519988,0.0,0.0,0.0,0.0,-0.15904390811920166,-5.642693042755127,0.0,0.0,0.0,0.0,0,48.519988
PIDY,48559988,0.0,0.0,0.0,0.0,-0.17401207983493805,-4.253352165222168,0.0,0.0,0.0,0.0,0,48.559988
PIDY,48599988,0.0,0.0,0.0,0.0,-0.18607208132743835,-2.9115021228790283,0.0,0.0,0.0,0.0,0,48.599988
PIDY,48639988,0.0,0.0,0.0,0.0,-0.1953156739473343,-1.6703208684921265,0.0,0.0,0.0,0.0,0,48.639988
PIDY,48679988,0.0,0.0,0.0,0.0,-0.2019013911485672,-0.5666797757148743,0.0,0.0,0.0,0.0,0,48.679988
PIDY,48719988,0.0,0.0,0.0,0.0,-0.20622378587722778,0.3687577247619629,0.0,0.0,0.0,0.0,0,48.719988
PIDY,48759988,0.0,0.0,0.0,0.0,-0.20854508876800537,1.1108887195587158,0.0,0.0,0.0,0.0,0,48.759988
PIDY,48799988,0.0,0.0,0.0,0.0,-0.20936110615730286,1.6436294317245483,0.0,0.0,0.0,0.0,0,48.799988
PIDY,48839988,0.0,0.0,0.0,0.0,-0.20906011760234833,1.965638518333435,0.0,0.0,0.0,0.0,0,48.839988
PIDY,48879988,0.0,0.0,0.0,0.0,-0.20801059901714325,2.096649408340454,0.0,0.0,0.0,0.0,0,48.879988
PIDY,48919988,0.0,0.0,0.0,0.0,-0.20670373737812042,2.0507748126983643,0.0,0.0,0.0,0.0,0,48.919988
PIDY,48959988,0.0,0.0,0.0,0.0,-0.20542502403259277,1.8493082523345947,0.0,0.0,0.0,0.0,0,48.959988
PIDY,48999988,0.0,0.0,0.0,0.0,-0.20457804203033447,1.5191707611083984,0.0,0.0,0.0,0.0,0,48.999988
PIDY,49039988,0.0,0.0,0.0,0.0,-0.2043793946504593,1.089750051498413,0.0,0.0,0.0,0.0,0,49.039988
PIDY,49079988,0.0,0.0,0.0,0.0,-0.2049875259399414,0.5917235016822815,0.0,0.0,0.0,0.0,0,49.079988
PIDY,49119988,0.0,0.0,0.0,0.0,-0.20662181079387665,0.06391177326440811,0.0,0.0,0.0,0.0,0,49.119988
PIDY,49159988,0.0,0.0,0.0,0.0,-0.20925335586071014,-0.4568251669406891,0.0,0.0,0.0,0.0,0,49.159988
PIDY,49199988,0.0,0.0,0.0,0.0,-0.212924525141716,-0.9420812129974365,0.0,0.0,0.0,0.0,0,49.199988
PIDY,49239988,0.0,0.0,0.0,0.0,-0.21753768622875214,-1.3703943490982056,0.0,0.0,0.0,0.0,0,49.239988
PIDY,49279988,0.0,0.0,0.0,0.0,-0.2229747474193573,-1.7206361293792725,0.0,0.0,0.0,0.0,0,49.279988
PIDY,49319988,0.0,0.0,0.0,0.0,-0.22905558347702026,-1.9616762399673462,0.0,0.0,0.0,0.0,0,49.319988
PIDY,49359988,0.0,0.0,0.0,0.0,-0.2354229986667633,-2.001978874206543,0.0,0.0,0.0,0.0,0,49.359988
PIDY,49399988,0.0,0.0,0.0,0.0,-0.2415943145751953,-1.7771207094192505,0.0,0.0,0.0,0.0,0,49.399988
PIDY,49439988,0.0,0.0,0.0,0.0,-0.24696630239486694,-1.2703715562820435,0.0,0.0,0.0,0.0,0,49.439988
PIDY,49479988,0.0,0.0,0.0,0.0,-0.25084981322288513,-0.48231908679008484,0.0,0.0,0.0,0.0,0,49.479988
PIDY,49519988,0.0,0.0,0.0,0.0,-0.252779483795166,0.5688692927360535,0.0,0.0,0.0,0.0,0,49.519988
PIDY,49559988,0.0,0.0,0.0,0.0,-0.2520260810852051,1.860809087753296,0.0,0.0,0.0,0.0,0,49.559988
PIDY,49599988,0.0,0.0,0.0,0.0,-0.24823448061943054,3.3572194576263428,0.0,0.0,0.0,0.0,0,49.599988
PIDY,49639988,0.0,0.0,0.0,0.0,-0.24091090261936188,5.006091117858887,0.0,0.0,0.0,0.0,0,49.639988
PIDY,49679988,0.0,0.0,0.0,0.0,-0.22970567643642426,6.741884708404541,0.0,0.0,0.0,0.0,0,49.679988
PIDY,49719988,0.0,0.0,0.0,0.0,-0.21459344029426575,8.49581527709961,0.0,0.0,0.0,0.0,0,49.719988
PIDY,49759988,0.0,0.0,0.0,0.0,-0.1954827904701233,10.19327449798584,0.0,0.0,0.0,0.0,0,49.759988
PIDY,49799988,0.0,0.0,0.0,0.0,-0.17261742055416107,11.755922317504883,0.0,0.0,0.0,0.0,0,49.799988
PIDY,49839988,0.0,0.0,0.0,0.0,-0.14631766080856323,13.109535217285156,0.0,0.0,0.0,0.0,0,49.839988
PIDY,49879988,0.0,0.0,0.0,0.0,-0.11701782047748566,14.196612358093262,0.0,0.0,0.0,0.0,0,49.879988
PIDY,49919988,0.0,0.0,0.0,0.0,-0.08542463183403015,14.982236862182617,0.0,0.0,0.0,0.0,0,49.919988
PIDY,49959988,0.0,0.0,0.0,0.0,-0.05213320255279541,15.417975425720215,0.0,0.0,0.0,0.0,0,49.959988
PIDY,49999988,0.0,0.0,0.0,0.0,-0.01797000877559185,15.507392883300781,0.0,0.0,0.0,0.0,0,49.999988
PIDY,50039988,0.0,0.0,0.0,0.0,0.0163554884493351,15.248330116271973,0.0,0.0,0.0,0.0,0,50.039988
PIDY,50079988,0.0,0.0,0.0,0.0,0.05007584020495415,14.652153968811035,0.0,0.0,0.0,0.0,0,50.079988
PIDY,50119988,0.0,0.0,0.0,0.0,0.08251725882291794,13.756479263305664,0.0,0.0,0.0,0.0,0,50.119988
PIDY,50159988,0.0,0.0,0.0,0.0,0.11297041922807693,12.593301773071289,0.0,0.0,0.0,0.0,0,50.159988
PIDY,50199988,0.0,0.0,0.0,0.0,0.1409822255373001,11.22137451171875,0.0,0.0,0.0,0.0,0,50.199988
PIDY,50239988,0.0,0.0,0.0,0.0,0.16606952250003815,9.69394588470459,0.0,0.0,0.0,0.0,0,50.239988
PIDY,50279988,0.0,0.0,0.0,0.0,0.18781119585037231,8.079439163208008,0.0,0.0,0.0,0.0,0,50.279988
PIDY,50319988,0.0,0.0,0.0,0.0,0.20625369250774384,6.44659948348999,0.0,0.0,0.0,0.0,0,50.319988
PIDY,50359988,0.0,0.0,0.0,0.0,0.22109460830688477,4.849276542663574,0.0,0.0,0.0,0.0,0,50.359988
PIDY,50399988,0.0,0.0,0.0,0.0,0.23275570571422577,3.3682641983032227,0.0,0.0,0.0,0.0,0,50.399988
PIDY,50439988,0.0,0.0,0.0,0.0,0.24142467975616455,2.114701986312866,0.0,0.0,0.0,0.0,0,50.439988
PIDY,50479988,0.0,0.0,0.0,0.0,0.24749253690242767,1.1812679767608643,0.0,0.0,0.0,0.0,0,50.479988
PIDY,50519988,0.0,0.0,0.0,0.0,0.2520284354686737,0.6157219409942627,0.0,0.0,0.0,0.0,0,50.519988
PIDY,50559988,0.0,0.0,0.0,0.0,0.25557753443717957,0.44180089235305786,0.0,0.0,0.0,0.0,0,50.559988
PIDY,50599988,0.0,0.0,0.0,0.0,0.2591479420661926,0.6635787487030029,0.0,0.0,0.0,0.0,0,50.599988
PIDY,50639988,0.0,0.0,0.0,0.0,0.2635190486907959,1.2723767757415771,0.0,0.0,0.0,0.0,0,50.639988
PIDY,50679988,0.0,0.0,0.0,0.0,0.26940542459487915,2.2305171489715576,0.0,0.0,0.0,0.0,0,50.679988
PIDY,50719988,0.0,0.0,0.0,0.0,0.2777194082736969,3.4821836948394775,0.0,0.0,0.0,0.0,0,50.719988
PIDY,50759988,0.0,0.0,0.0,0.0,0.2888573706150055,4.95443058013916,0.0,0.0,0.0,0.0,0,50.759988
PIDY,50799988,0.0,0.0,0.0,0.0,0.30341780185699463,6.5640645027160645,0.0,0.0,0.0,0.0,0,50.799988
PIDY,50839988,0.0,0.0,0.0,0.0,0.3215370774269104,8.218058586120605,0.0,0.0,0.0,0.0,0,50.839988
PIDY,50879988,0.0,0.0,0.0,0.0,0.3432241380214691,9.818102836608887,0.0,0.0,0.0,0.0,0,50.879988
PIDY,50919988,0.0,0.0,0.0,0.0,0.36833328008651733,11.276433944702148,0.0,0.0,0.0,0.0,0,50.919988
PIDY,50959988,0.0,0.0,0.0,0.0,0.39641550183296204,12.513134002685547,0.0,0.0,0.0,0.0,0,50.959988
PIDY,50999988,0.0,0.0,0.0,0.0,0.42710649967193604,13.463871002197266,0.0,0.0,0.0,0.0,0,50.999988
PIDY,51039988,0.0,0.0,0.0,0.0,0.4596947431564331,14.07940673828125,0.0,0.0,0.0,0.0,0,51.039988
PIDY,51079988,0.0,0.0,0.0,0.0,0.493354856967926,14.323766708374023,0.0,0.0,0.0,0.0,0,51.079988
PIDY,51119988,0.0,0.0,0.0,0.0,0.5274748206138611,14.19115161895752,0.0,0.0,0.0,0.0,0,51.119988
PIDY,51159988,0.0,0.0,0.0,0.0,0.560981035232544,13.684216499328613,0.0,0.0,0.0,0.0,0,51.159988
PIDY,51199988,0.0,0.0,0.0,0.0,0.5934671759605408,12.833312034606934,0.0,0.0,0.0,0.0,0,51.199988
PIDY,51239988,0.0,0.0,0.0,0.0,0.6240249276161194,11.673272132873535,0.0,0.0,0.0,0.0,0,51.239988
PIDY,51279988,0.0,0.0,0.0,0.0,0.651814341545105,10.247148513793945,0.0,0.0,0.0,0.0,0,51.279988
PIDY,51319988,0.0,0.0,0.0,0.0,0.6766872406005859,8.625443458557129,0.0,0.0,0.0,0.0,0,51.319988
PIDY,51359988,0.0,0.0,0.0,0.0,0.6979355812072754,6.866636276245117,0.0,0.0,0.0,0.0,0,51.359988
PIDY,51399988,0.0,0.0,0.0,0.0,0.7155194282531738,5.046215057373047,0.0,0.0,0.0,0.0,0,51.399988
PIDY,51439988,0.0,0.0,0.0,0.0,0.7292202115058899,3.2346653938293457,0.0,0.0,0.0,0.0,0,51.439988
PIDY,51479988,0.0,0.0,0.0,0.0,0.7388752698898315,1.489423394203186,0.0,0.0,0.0,0.0,0,51.479988
PIDY,51519988,0.0,0.0,0.0,0.0,0.7450109124183655,-0.12338851392269135,0.0,0.0,0.0,0.0,0,51.519988
PIDY,51559988,0.0,0.0,0.0,0.0,0.7473723292350769,-1.5590271949768066,0.0,0.0,0.0,0.0,0,51.559988
PIDY,51599988,0.0,0.0,0.0,0.0,0.7470499873161316,-2.7792046070098877,0.0,0.0,0.0,0.0,0,51.599988
PIDY,51639988,0.0,0.0,0.0,0.0,0.7441315054893494,-3.760960578918457,0.0,0.0,0.0,0.0,0,51.639988
PIDY,51679988,0.0,0.0,0.0,0.0,0.7386553287506104,-4.490124225616455,0.0,0.0,0.0,0.0,0,51.679988
PIDY,51719988,0.0,0.0,0.0,0.0,0.7320663332939148,-4.961938381195068,0.0,0.0,0.0,0.0,0,51.719988
PIDY,51759988,0.0,0.0,0.0,0.0,0.7240393161773682,-5.1787848472595215,0.0,0.0,0.0,0.0,0,51.759988
PIDY,51799988,0.0,0.0,0.0,0.0,0.7159102559089661,-5.164215564727783,0.0,0.0,0.0,0.0,0,51.799988
PIDY,51839988,0.0,0.0,0.0,0.0,0.7077377438545227,-4.948505878448486,0.0,0.0,0.0,0.0,0,51.839988
PIDY,51879988,0.0,0.0,0.0,0.0,0.6994439363479614,-4.5588555335998535,0.0,0.0,0.0,0.0,0,51.879988
PIDY,51919988,0.0,0.0,0.0,0.0,0.6923796534538269,-4.031701564788818,0.0,0.0,0.0,0.0,0,51.919988
PIDY,51959988,0.0,0.0,0.0,0.0,0.6859355568885803,-3.406266927719116,0.0,0.0,0.0,0.0,0,51.959988
PIDY,51999988,0.0,0.0,0.0,0.0,0.6811039447784424,-2.718832015991211,0.0,0.0,0.0,0.0,0,51.999988
PIDY,52039988,0.0,0.0,0.0,0.0,0.6776246428489685,-2.0069801807403564,0.0,0.0,0.0,0.0,0,52.039988
PIDY,52079988,0.0,0.0,0.0,0.0,0.6749331951141357,-1.3133807182312012,0.0,0.0,0.0,0.0,0,52.079988
PIDY,52119988,0.0,0.0,0.0,0.0,0.6742220520973206,-0.663043200969696,0.0,0.0,0.0,0.0,0,52.119988
PIDY,52159988,0.0,0.0,0.0,0.0,0.6741517782211304,-0.09352133423089981,0.0,0.0,0.0,0.0,0,52.159988
PIDY,52199988,0.0,0.0,0.0,0.0,0.6758273839950562,0.36788633465766907,0.0,0.0,0.0,0.0,0,52.199988
PIDY,52239988,0.0,0.0,0.0,0.0,0.6782816052436829,0.6340832710266113,0.0,0.0,0.0,0.0,0,52.239988
PIDY,52279988,0.0,0.0,0.0,0.0,0.6804029941558838,0.6540662050247192,0.0,0.0,0.0,0.0,0,52.279988
PIDY,52319988,0.0,0.0,0.0,0.0,0.6829534769058228,0.42324328422546387,0.0,0.0,0.0,0.0,0,52.319988
PIDY,52359988,0.0,0.0,0.0,0.0,0.6842630505561829,-0.06215628609061241,0.0,0.0,0.0,0.0,0,52.359988
PIDY,52399988,0.0,0.0,0.0,0.0,0.6847711205482483,-0.7831581234931946,0.0,0.0,0.0,0.0,0,52.399988
PIDY,52439988,0.0,0.0,0.0,0.0,0.6834704279899597,-1.7253999710083008,0.0,0.0,0.0,0.0,0,52.439988
PIDY,52479988,0.0,0.0,0.0,0.0,0.6793694496154785,-2.8600995540618896,0.0,0.0,0.0,0.0,0,52.479988
PIDY,52519988,0.0,0.0,0.0,0.0,0.6731201410293579,-4.137625217437744,0.0,0.0,0.0,0.0,0,52.519988
PIDY,52559988,0.0,0.0,0.0,0.0,0.6633371114730835,-5.5020365715026855,0.0,0.0,0.0,0.0,0,52.559988
PIDY,52599988,0.0,0.0,0.0,0.0,0.6510270833969116,-6.899829864501953,0.0,0.0,0.0,0.0,0,52.599988
PIDY,52639988,0.0,0.0,0.0,0.0,0.6355854868888855,-8.261202812194824,0.0,0.0,0.0,0.0,0,52.639988
PIDY,52679988,0.0,0.0,0.0,0.0,0.6167344450950623,-9.518062591552734,0.0,0.0,0.0,0.0,0,52.679988
PIDY,52719988,0.0,0.0,0.0,0.0,0.5955222249031067,-10.623148918151855,0.0,0.0,0.0,0.0,0,52.719988
PIDY,52759988,0.0,0.0,0.0,0.0,0.5716189742088318,-11.519781112670898,0.0,0.0,0.0,0.0,0,52.759988
PIDY,52799988,0.0,0.0,0.0,0.0,0.5460628271102905,-12.18206787109375,0.0,0.0,0.0,0.0,0,52.799988
PIDY,52839988,0.0,0.0,0.0,0.0,0.5190944075584412,-12.572129249572754,0.0,0.0,0.0,0.0,0,52.839988
PIDY,52879988,0.0,0.0,0.0,0.0,0.4910275936126709,-12.664877891540527,0.0,0.0,0.0,0.0,0,52.879988
PIDY,52919988,0.0,0.0,0.0,0.0,0.4630661904811859,-12.476045608520508,0.0,0.0,0.0,0.0,0,52.919988
PIDY,52959988,0.0,0.0,0.0,0.0,0.4352416694164276,-12.010492324829102,0.0,0.0,0.0,0.0,0,52.959988
PIDY,52999988,0.0,0.0,0.0,0.0,0.40868762135505676,-11.31019115447998,0.0,0.0,0.0,0.0,0,52.999988
PIDY,53039988,0.0,0.0,0.0,0.0,0.38361501693725586,-10.40432357788086,0.0,0.0,0.0,0.0,0,53.039988
PIDY,53079988,0.0,0.0,0.0,0.0,0.3602486252784729,-9.326146125793457,0.0,0.0,0.0,0.0,0,53.079988
PIDY,53119988,0.0,0.0,0.0,0.0,0.33937641978263855,-8.12870979309082,0.0,0.0,0.0,0.0,0,53.119988
PIDY,53159988,0.0,0.0,0.0,0.0,0.3208048641681671,-6.861738681793213,0.0,0.0,0.0,0.0,0,53.159988
PIDY,53199988,0.0,0.0,0.0,0.0,0.3050801753997803,-5.595131874084473,0.0,0.0,0.0,0.0,0,53.199988
PIDY,53239988,0.0,0.0,0.0,0.0,0.2919895648956299,-4.372741222381592,0.0,0.0,0.0,0.0,0,53.239988
PIDY,53279988,0.0,0.0,0.0,0.0,0.28126999735832214,-3.241107702255249,0.0,0.0,0.0,0.0,0,53.279988
PIDY,53319988,0.0,0.0,0.0,0.0,0.2729818522930145,-2.2986857891082764,0.0,0.0,0.0,0.0,0,53.319988
PIDY,53359988,0.0,0.0,0.0,0.0,0.266450434923172,-1.6092227697372437,0.0,0.0,0.0,0.0,0,53.359988
PIDY,53399988,0.0,0.0,0.0,0.0,0.26122310757637024,-1.2049137353897095,0.0,0.0,0.0,0.0,0,53.399988
PIDY,53439988,0.0,0.0,0.0,0.0,0.25664034485816956,-1.0953075885772705,0.0,0.0,0.0,0.0,0,53.439988
PIDY,53479988,0.0,0.0,0.0,0.0,0.25205743312835693,-1.2821460962295532,0.0,0.0,0.0,0.0,0,53.479988
PIDY,53519988,0.0,0.0,0.0,0.0,0.2468557506799698,-1.7566598653793335,0.0,0.0,0.0,0.0,0,53.519988
PIDY,53559988,0.0,0.0,0.0,0.0,0.24035030603408813,-2.493901491165161,0.0,0.0,0.0,0.0,0,53.559988
PIDY,53599988,0.0,0.0,0.0,0.0,0.23212078213691711,-3.4583494663238525,0.0,0.0,0.0,0.0,0,53.599988
PIDY,53639988,0.0,0.0,0.0,0.0,0.22165456414222717,-4.590653896331787,0.0,0.0,0.0,0.0,0,53.639988
PIDY,53679988,0.0,0.0,0.0,0.0,0.20861735939979553,-5.82267427444458,0.0,0.0,0.0,0.0,0,53.679988
PIDY,53719988,0.0,0.0,0.0,0.0,0.1928672045469284,-7.091067790985107,0.0,0.0,0.0,0.0,0,53.719988
PIDY,53759988,0.0,0.0,0.0,0.0,0.1743694692850113,-8.324310302734375,0.0,0.0,0.0,0.0,0,53.759988
PIDY,53799988,0.0,0.0,0.0,0.0,0.1532188504934311,-9.448261260986328,0.0,0.0,0.0,0.0,0,53.799988
PIDY,53839988,0.0,0.0,0.0,0.0,0.1296958029270172,-10.402127265930176,0.0,0.0,0.0,0.0,0,53.839988
PIDY,53879988,0.0,0.0,0.0,0.0,0.10419142246246338,-11.140968322753906,0.0,0.0,0.0,0.0,0,53.879988
PIDY,53919988,0.0,0.0,0.0,0.0,0.07715833187103271,-11.628606796264648,0.0,0.0,0.0,0.0,0,53.919988
PIDY,53959988,0.0,0.0,0.0,0.0,0.0491565577685833,-11.839289665222168,0.0,0.0,0.0,0.0,0,53.959988
PIDY,53999988,0.0,0.0,0.0,0.0,0.020791688933968544,-11.754339218139648,0.0,0.0,0.0,0.0,0,53.999988
PIDY,54039988,0.0,0.0,0.0,0.0,-0.007318391464650631,-11.387040138244629,0.0,0.0,0.0,0.0,0,54.039988
PIDY,54079988,0.0,0.0,0.0,0.0,-0.034595753997564316,-10.762496948242188,0.0,0.0,0.0,0.0,0,54.079988
PIDY,54119988,0.0,0.0,0.0,0.0,-0.06048878654837608,-9.902194023132324,0.0,0.0,0.0,0.0,0,54.119988
PIDY,54159988,0.0,0.0,0.0,0.0,-0.08451980352401733,-8.843146324157715,0.0,0.0,0.0,0.0,0,54.159988
PIDY,54199988,0.0,0.0,0.0,0.0,-0.10625959932804108,-7.634895324707031,0.0,0.0,0.0,0.0,0,54.199988
PIDY,54239988,0.0,0.0,0.0,0.0,-0.12543320655822754,-6.335216045379639,0.0,0.0,0.0,0.0,0,54.239988
PIDY,54279988,0.0,0.0,0.0,0.0,-0.1418469250202179,-4.990808963775635,0.0,0.0,0.0,0.0,0,54.279988
PIDY,54319988,0.0,0.0,0.0,0.0,-0.15542641282081604,-3.6591150760650635,0.0,0.0,0.0,0.0,0,54.319988
PIDY,54359988,0.0,0.0,0.0,0.0,-0.16620926558971405,-2.3952925205230713,0.0,0.0,0.0,0.0,0,54.359988
PIDY,54399988,0.0,0.0,0.0,0.0,-0.17434516549110413,-1.2410471439361572,0.0,0.0,0.0,0.0,0,54.399988
PIDY,54439988,0.0,0.0,0.0,0.0,-0.1800576150417328,-0.22951512038707733,0.0,0.0,0.0,0.0,0,54.439988
PIDY,54479988,0.0,0.0,0.0,0.0,-0.18364521861076355,0.6079158782958984,0.0,0.0,0.0,0.0,0,54.479988
PIDY,54519988,0.0,0.0,0.0,0.0,-0.18549221754074097,1.248649001121521,0.0,0.0,0.0,0.0,0,54.519988
PIDY,54559988,0.0,0.0,0.0,0.0,-0.18601903319358826,1.686639666557312,0.0,0.0,0.0,0.0,0,54.559988
PIDY,54599988,0.0,0.0,0.0,0.0,-0.1855972707271576,1.9316436052322388,0.0,0.0,0.0,0.0,0,54.599988
PIDY,54639988,0.0,0.0,0.0,0.0,-0.1846390813589096,1.995429277420044,0.0,0.0,0.0,0.0,0,54.639988
PIDY,54679988,0.0,0.0,0.0,0.0,-0.183497816324234,1.8941125869750977,0.0,0.0,0.0,0.0,0,54.679988
PIDY,54719988,0.0,0.0,0.0,0.0,-0.18256403505802155,1.649174451828003,0.0,0.0,0.0,0.0,0,54.719988
PIDY,54759988,0.0,0.0,0.0,0.0,-0.18208494782447815,1.2886358499526978,0.0,0.0,0.0,0.0,0,54.759988
PIDY,54799988,0.0,0.0,0.0,0.0,-0.18234078586101532,0.8422831296920776,0.0,0.0,0.0,0.0,0,54.799988
PIDY,54839988,0.0,0.0,0.0,0.0,-0.18347637355327606,0.34709057211875916,0.0,0.0,0.0,0.0,0,54.839988
PIDY,54879988,0.0,0.0,0.0,0.0,-0.18552641570568085,-0.157161146402359,0.0,0.0,0.0,0.0,0,54.879988
PIDY,54919988,0.0,0.0,0.0,0.0,-0.1886207014322281,-0.6505368947982788,0.0,0.0,0.0,0.0,0,54.919988
PIDY,54959988,0.0,0.0,0.0,0.0,-0.19261103868484497,-1.0999054908752441,0.0,0.0,0.0,0.0,0,54.959988
PIDY,54999988,0.0,0.0,0.0,0.0,-0.19754409790039062,-1.4911779165267944,0.0,0.0,0.0,0.0,0,54.999988
PIDY,55039988,0.0,0.0,0.0,0.0,-0.2032281756401062,-1.8015769720077515,0.0,0.0,0.0,0.0,0,55.039988
PIDY,55079988,0.0,0.0,0.0,0.0,-0.20932666957378387,-1.992734432220459,0.0,0.0,0.0,0.0,0,55.079988
PIDY,55119988,0.0,0.0,0.0,0.0,-0.21574750542640686,-1.973857045173645,0.0,0.0,0.0,0.0,0,55.119988
PIDY,55159988,0.0,0.0,0.0,0.0,-0.22163765132427216,-1.66950523853302,0.0,0.0,0.0,0.0,0,55.159988
PIDY,55199988,0.0,0.0,0.0,0.0,-0.2267247438430786,-1.0865284204483032,0.0,0.0,0.0,0.0,0,55.199988
PIDY,55239988,0.0,0.0,0.0,0.0,-0.23022407293319702,-0.22508305311203003,0.0,0.0,0.0,0.0,0,55.239988
PIDY,55279988,0.0,0.0,0.0,0.0,-0.23130974173545837,0.9037879705429077,0.0,0.0,0.0,0.0,0,55.279988
PIDY,55319988,0.0,0.0,0.0,0.0,-0.2298162579536438,2.2688486576080322,0.0,0.0,0.0,0.0,0,55.319988
PIDY,55359988,0.0,0.0,0.0,0.0,-0.2249026745557785,3.8241288661956787,0.0,0.0,0.0,0.0,0,55.359988
PIDY,55399988,0.0,0.0,0.0,0.0,-0.21648964285850525,5.508300304412842,0.0,0.0,0.0,0.0,0,55.399988
PIDY,55439988,0.0,0.0,0.0,0.0,-0.20419496297836304,7.249076843261719,0.0,0.0,0.0,0.0,0,55.439988
PIDY,55479988,0.0,0.0,0.0,0.0,-0.18778309226036072,8.95802116394043,0.0,0.0,0.0,0.0,0,55.479988
PIDY,55519988,0.0,0.0,0.0,0.0,-0.16772815585136414,10.569570541381836,0.0,0.0,0.0,0.0,0,55.519988
PIDY,55559988,0.0,0.0,0.0,0.0,-0.1439981758594513,11.998629570007324,0.0,0.0,0.0,0.0,0,55.559988
PIDY,55599988,0.0,0.0,0.0,0.0,-0.11726652830839157,13.198925018310547,0.0,0.0,0.0,0.0,0,55.599988
PIDY,55639988,0.0,0.0,0.0,0.0,-0.08795022964477539,14.112204551696777,0.0,0.0,0.0,0.0,0,55.639988
PIDY,55679988,0.0,0.0,0.0,0.0,-0.05665050446987152,14.695732116699219,0.0,0.0,0.0,0.0,0,55.679988
PIDY,55719988,0.0,0.0,0.0,0.0,-0.0241639893501997,14.951393127441406,0.0,0.0,0.0,0.0,0,55.719988
PIDY,55759988,0.0,0.0,0.0,0.0,0.008831656537950039,14.855815887451172,0.0,0.0,0.0,0.0,0,55.759988
PIDY,55799988,0.0,0.0,0.0,0.0,0.04159343242645264,14.433441162109375,0.0,0.0,0.0,0.0,0,55.799988
PIDY,55839988,0.0,0.0,0.0,0.0,0.0734332725405693,13.707809448242188,0.0,0.0,0.0,0.0,0,55.839988
PIDY,55879988,0.0,0.0,0.0,0.0,0.10365793853998184,12.707870483398438,0.0,0.0,0.0,0.0,0,55.879988
PIDY,55919988,0.0,0.0,0.0,0.0,0.13180018961429596,11.489444732666016,0.0,0.0,0.0,0.0,0,55.919988
PIDY,55959988,0.0,0.0,0.0,0.0,0.15726864337921143,10.099040031433105,0.0,0.0,0.0,0.0,0,55.959988
PIDY,55999988,0.0,0.0,0.0,0.0,0.1798882633447647,8.60257625579834,0.0,0.0,0.0,0.0,0,55.999988
PIDY,56039988,0.0,0.0,0.0,0.0,0.19935248792171478,7.0534820556640625,0.0,0.0,0.0,0.0,0,56.039988
PIDY,56079988,0.0,0.0,0.0,0.0,0.21546420454978943,5.513857364654541,0.0,0.0,0.0,0.0,0,56.079988
PIDY,56119988,0.0,0.0,0.0,0.0,0.2284460961818695,4.041812419891357,0.0,0.0,0.0,0.0,0,56.119988
PIDY,56159988,0.0,0.0,0.0,0.0,0.23818901181221008,2.695469617843628,0.0,0.0,0.0,0.0,0,56.159988
PIDY,56199988,0.0,0.0,0.0,0.0,0.24543268978595734,1.6110824346542358,0.0,0.0,0.0,0.0,0,56.199988
PIDY,56239988,0.0,0.0,0.0,0.0,0.2506462037563324,0.868411660194397,0.0,0.0,0.0,0.0,0,56.239988
PIDY,56279988,0.0,0.0,0.0,0.0,0.2544151842594147,0.49994418025016785,0.0,0.0,0.0,0.0,0,56.279988
PIDY,56319988,0.0,0.0,0.0,0.0,0.25786709785461426,0.519060492515564,0.0,0.0,0.0,0.0,0,56.319988
PIDY,56359988,0.0,0.0,0.0,0.0,0.26157867908477783,0.921210765838623,0.0,0.0,0.0,0.0,0,56.359988
PIDY,56399988,0.0,0.0,0.0,0.0,0.2665621340274811,1.676060676574707,0.0,0.0,0.0,0.0,0,56.399988
PIDY,56439988,0.0,0.0,0.0,0.0,0.27344590425491333,2.7371997833251953,0.0,0.0,0.0,0.0,0,56.439988
PIDY,56479988,0.0,0.0,0.0,0.0,0.28270477056503296,4.040846347808838,0.0,0.0,0.0,0.0,0,56.479988
PIDY,56519988,0.0,0.0,0.0,0.0,0.2950964570045471,5.519182205200195,0.0,0.0,0.0,0.0,0,56.519988
PIDY,56559988,0.0,0.0,0.0,0.0,0.3106641173362732,7.077600479125977,0.0,0.0,0.0,0.0,0,56.559988
PIDY,56599988,0.0,0.0,0.0,0.0,0.32975760102272034,8.632980346679688,0.0,0.0,0.0,0.0,0,56.599988
PIDY,56639988,0.0,0.0,0.0,0.0,0.35219311714172363,10.097291946411133,0.0,0.0,0.0,0.0,0,56.639988
PIDY,56679988,0.0,0.0,0.0,0.0,0.37767526507377625,11.384912490844727,0.0,0.0,0.0,0.0,0,56.679988
PIDY,56719988,0.0,0.0,0.0,0.0,0.4058625400066376,12.428446769714355,0.0,0.0,0.0,0.0,0,56.719988
PIDY,56759988,0.0,0.0,0.0,0.0,0.436088502407074,13.173735618591309,0.0,0.0,0.0,0.0,0,56.759988
PIDY,56799988,0.0,0.0,0.0,0.0,0.46785083413124084,13.58930492401123,0.0,0.0,0.0,0.0,0,56.799988
PIDY,56839988,0.0,0.0,0.0,0.0,0.5003646016120911,13.65261459350586,0.0,0.0,0.0,0.0,0,56.839988
PIDY,56879988,0.0,0.0,0.0,0.0,0.5328797698020935,13.366265296936035,0.0,0.0,0.0,0.0,0,56.879988
PIDY,56919988,0.0,0.0,0.0,0.0,0.5646759271621704,12.742820739746094,0.0,0.0,0.0,0.0,0,56.919988
PIDY,56959988,0.0,0.0,0.0,0.0,0.5950548052787781,11.811534881591797,0.0,0.0,0.0,0.0,0,56.959988
PIDY,56999988,0.0,0.0,0.0,0.0,0.6233624815940857,10.612603187561035,0.0,0.0,0.0,0.0,0,56.999988
PIDY,57039988,0.0,0.0,0.0,0.0,0.6490499377250671,9.19646167755127,0.0,0.0,0.0,0.0,0,57.039988
PIDY,57079988,0.0,0.0,0.0,0.0,0.671531617641449,7.616571426391602,0.0,0.0,0.0,0.0,0,57.079988
PIDY,57119988,0.0,0.0,0.0,0.0,0.6907507181167603,5.942550182342529,0.0,0.0,0.0,0.0,0,57.119988
PIDY,57159988,0.0,0.0,0.0,0.0,0.7061813473701477,4.2327117919921875,0.0,0.0,0.0,0.0,0,57.159988
PIDY,57199988,0.0,0.0,0.0,0.0,0.7181650400161743,2.5554895401000977,0.0,0.0,0.0,0.0,0,57.199988
PIDY,57239988,0.0,0.0,0.0,0.0,0.7265828847885132,0.9666182398796082,0.0,0.0,0.0,0.0,0,57.239988
PIDY,57279988,0.0,0.0,0.0,0.0,0.7315730452537537,-0.48687833547592163,0.0,0.0,0.0,0.0,0,57.279988
PIDY,57319988,0.0,0.0,0.0,0.0,0.7335278391838074,-1.7577013969421387,0.0,0.0,0.0,0.0,0,57.319988
PIDY,57359988,0.0,0.0,0.0,0.0,0.7326553463935852,-2.8213679790496826,0.0,0.0,0.0,0.0,0,57.359988
PIDY,57399988,0.0,0.0,0.0,0.0,0.7296438217163086,-3.656933307647705,0.0,0.0,0.0,0.0,0,57.399988
PIDY,57439988,0.0,0.0,0.0,0.0,0.7248284816741943,-4.2592644691467285,0.0,0.0,0.0,0.0,0,57.439988
PIDY,57479988,0.0,0.0,0.0,0.0,0.718411386013031,-4.629031658172607,0.0,0.0,0.0,0.0,0,57.479988
PIDY,57519988,0.0,0.0,0.0,0.0,0.7114446759223938,-4.771399974822998,0.0,0.0,0.0,0.0,0,57.519988
PIDY,57559988,0.0,0.0,0.0,0.0,0.7037480473518372,-4.704817771911621,0.0,0.0,0.0,0.0,0,57.559988
PIDY,57599988,0.0,0.0,0.0,0.0,0.6964865922927856,-4.451866626739502,0.0,0.0,0.0,0.0,0,57.599988
PIDY,57639988,0.0,0.0,0.0,0.0,0.6896882653236389,-4.042031288146973,0.0,0.0,0.0,0.0,0,57.639988
PIDY,57679988,0.0,0.0,0.0,0.0,0.6831807494163513,-3.5153615474700928,0.0,0.0,0.0,0.0,0,57.679988
PIDY,57719988,0.0,0.0,0.0,0.0,0.6781713366508484,-2.9125924110412598,0.0,0.0,0.0,0.0,0,57.719988
PIDY,57759988,0.0,0.0,0.0,0.0,0.6738452911376953,-2.271904706954956,0.0,0.0,0.0,0.0,0,57.759988
PIDY,57799988,0.0,0.0,0.0,0.0,0.6712552905082703,-1.6246490478515625,0.0,0.0,0.0,0.0,0,57.799988
PIDY,57839988,0.0,0.0,0.0,0.0,0.6699333786964417,-1.0053128004074097,0.0,0.0,0.0,0.0,0,57.839988
PIDY,57879988,0.0,0.0,0.0,0.0,0.6692306399345398,-0.447829931974411,0.0,0.0,0.0,0.0,0,57.879988
PIDY,57919988,0.0,0.0,0.0,0.0,0.6702017188072205,0.026668811216950417,0.0,0.0,0.0,0.0,0,57.919988
PIDY,57959988,0.0,0.0,0.0,0.0,0.6715732216835022,0.3757690191268921,0.0,0.0,0.0,0.0,0,57.959988
PIDY,57999988,0.0,0.0,0.0,0.0,0.6739531755447388,0.5163017511367798,0.0,0.0,0.0,0.0,0,57.999988
PIDY,58039988,0.0,0.0,0.0,0.0,0.6763513088226318,0.40293002128601074,0.0,0.0,0.0,0.0,0,58.039988
PIDY,58079988,0.0,0.0,0.0,0.0,0.6777399182319641,0.03771514818072319,0.0,0.0,0.0,0.0,0,58.079988
PIDY,58119988,0.0,0.0,0.0,0.0,0.6785770654678345,-0.5617659687995911,0.0,0.0,0.0,0.0,0,58.119988
PIDY,58159988,0.0,0.0,0.0,0.0,0.6773438453674316,-1.3872610330581665,0.0,0.0,0.0,0.0,0,58.159988
PIDY,58199988,0.0,0.0,0.0,0.0,0.6745814681053162,-2.416574716567993,0.0,0.0,0.0,0.0,0,58.199988
PIDY,58239988,0.0,0.0,0.0,0.0,0.6693483591079712,-3.6136527061462402,0.0,0.0,0.0,0.0,0,58.239988
PIDY,58279988,0.0,0.0,0.0,0.0,0.6609677076339722,-4.9265618324279785,0.0,0.0,0.0,0.0,0,58.279988
PIDY,58319988,0.0,0.0,0.0,0.0,0.6499332189559937,-6.285412788391113,0.0,0.0,0.0,0.0,0,58.319988
PIDY,58359988,0.0,0.0,0.0,0.0,0.6354882121086121,-7.621829986572266,0.0,0.0,0.0,0.0,0,58.359988
PIDY,58399988,0.0,0.0,0.0,0.0,0.6184371113777161,-8.87899112701416,0.0,0.0,0.0,0.0,0,58.399988
PIDY,58439988,0.0,0.0,0.0,0.0,0.5986354351043701,-9.994244575500488,0.0,0.0,0.0,0.0,0,58.439988
PIDY,58479988,0.0,0.0,0.0,0.0,0.5761142373085022,-10.909967422485352,0.0,0.0,0.0,0.0,0,58.479988
PIDY,58519988,0.0,0.0,0.0,0.0,0.5519464015960693,-11.594622611999512,0.0,0.0,0.0,0.0,0,58.519988
PIDY,58559988,0.0,0.0,0.0,0.0,0.5261108875274658,-12.011855125427246,0.0,0.0,0.0,0.0,0,58.559988
PIDY,58599988,0.0,0.0,0.0,0.0,0.49962422251701355,-12.156128883361816,0.0,0.0,0.0,0.0,0,58.599988
PIDY,58639988,0.0,0.0,0.0,0.0,0.47284966707229614,-12.024656295776367,0.0,0.0,0.0,0.0,0,58.639988
PIDY,58679988,0.0,0.0,0.0,0.0,0.4461463391780853,-11.628937721252441,0.0,0.0,0.0,0.0,0,58.679988
PIDY,58719988,0.0,0.0,0.0,0.0,0.4205029308795929,-11.00462818145752,0.0,0.0,0.0,0.0,0,58.719988
PIDY,58759988,0.0,0.0,0.0,0.0,0.3959430754184723,-10.176492691040039,0.0,0.0,0.0,0.0,0,58.759988
PIDY,58799988,0.0,0.0,0.0,0.0,0.3733566403388977,-9.18687629699707,0.0,0.0,0.0,0.0,0,58.799988
PIDY,58839988,0.0,0.0,0.0,0.0,0.35284364223480225,-8.078605651855469,0.0,0.0,0.0,0.0,0,58.839988
PIDY,58879988,0.0,0.0,0.0,0.0,0.33444663882255554,-6.903388977050781,0.0,0.0,0.0,0.0,0,58.879988
PIDY,58919988,0.0,0.0,0.0,0.0,0.31867870688438416,-5.720880508422852,0.0,0.0,0.0,0.0,0,58.919988
PIDY,58959988,0.0,0.0,0.0,0.0,0.30523940920829773,-4.566939830780029,0.0,0.0,0.0,0.0,0,58.959988
PIDY,58999988,0.0,0.0,0.0,0.0,0.2943320870399475,-3.485386371612549,0.0,0.0,0.0,0.0,0,58.999988
PIDY,59039988,0.0,0.0,0.0,0.0,0.2856444716453552,-2.531360387802124,0.0,0.0,0.0,0.0,0,59.039988
PIDY,59079988,0.0,0.0,0.0,0.0,0.27862605452537537,-1.7983015775680542,0.0,0.0,0.0,0.0,0,59.079988
PIDY,59119988,0.0,0.0,0.0,0.0,0.273129403591156,-1.345508098602295,0.0,0.0,0.0,0.0,0,59.119988
PIDY,59159988,0.0,0.0,0.0,0.0,0.26819974184036255,-1.1896085739135742,0.0,0.0,0.0,0.0,0,59.159988
PIDY,59199988,0.0,0.0,0.0,0.0,0.26352718472480774,-1.3308125734329224,0.0,0.0,0.0,0.0,0,59.199988
PIDY,59239988,0.0,0.0,0.0,0.0,0.25831544399261475,-1.756569266319275,0.0,0.0,0.0,0.0,0,59.239988
PIDY,59279988,0.0,0.0,0.0,0.0,0.25179529190063477,-2.4408063888549805,0.0,0.0,0.0,0.0,0,59.279988
PIDY,59319988,0.0,0.0,0.0,0.0,0.24376215040683746,-3.3461406230926514,0.0,0.0,0.0,0.0,0,59.319988
PIDY,59359988,0.0,0.0,0.0,0.0,0.23349499702453613,-4.417784214019775,0.0,0.0,0.0,0.0,0,59.359988
PIDY,59399988,0.0,0.0,0.0,0.0,0.22089554369449615,-5.603984355926514,0.0,0.0,0.0,0.0,0,59.399988
PIDY,59439988,0.0,0.0,0.0,0.0,0.2056494653224945,-6.8358564376831055,0.0,0.0,0.0,0.0,0,59.439988
PIDY,59479988,0.0,0.0,0.0,0.0,0.1876361221075058,-8.029573440551758,0.0,0.0,0.0,0.0,0,59.479988
PIDY,59519988,0.0,0.0,0.0,0.0,0.16715562343597412,-9.126334190368652,0.0,0.0,0.0,0.0,0,59.519988
PIDY,59559988,0.0,0.0,0.0,0.0,0.1443122774362564,-10.063488006591797,0.0,0.0,0.0,0.0,0,59.559988
PIDY,59599988,0.0,0.0,0.0,0.0,0.11955659836530685,-10.798744201660156,0.0,0.0,0.0,0.0,0,59.599988
PIDY,59639988,0.0,0.0,0.0,0.0,0.0932936817407608,-11.293340682983398,0.0,0.0,0.0,0.0,0,59.639988
PIDY,59679988,0.0,0.0,0.0,0.0,0.06603895127773285,-11.523597717285156,0.0,0.0,0.0,0.0,0,59.679988
PIDY,59719988,0.0,0.0,0.0,0.0,0.03837178274989128,-11.479874610900879,0.0,0.0,0.0,0.0,0,59.719988
PIDY,59759988,0.0,0.0,0.0,0.0,0.01086785364896059,-11.159035682678223,0.0,0.0,0.0,0.0,0,59.759988
PIDY,59799988,0.0,0.0,0.0,0.0,-0.015898937359452248,-10.58642864227295,0.0,0.0,0.0,0.0,0,59.799988
PIDY,59839988,0.0,0.0,0.0,0.0,-0.041411884129047394,-9.789783477783203,0.0,0.0,0.0,0.0,0,59.839988
PIDY,59879988,0.0,0.0,0.0,0.0,-0.06518816947937012,-8.797837257385254,0.0,0.0,0.0,0.0,0,59.879988
PIDY,59919988,0.0,0.0,0.0,0.0,-0.08684763312339783,-7.659186840057373,0.0,0.0,0.0,0.0,0,59.919988
PIDY,59959988,0.0,0.0,0.0,0.0,-0.10609352588653564,-6.42686128616333,0.0,0.0,0.0,0.0,0,59.959988
PIDY,59999988,0.0,0.0,0.0,0.0,-0.12271477282047272,-5.14296293258667,0.0,0.0,0.0,0.0,0,59.999988
PIDY,60039988,0.0,0.0,0.0,0.0,-0.13662496209144592,-3.8636605739593506,0.0,0.0,0.0,0.0,0,60.039988
PIDY,60079988,0.0,0.0,0.0,0.0,-0.14787355065345764,-2.6434595584869385,0.0,0.0,0.0,0.0,0,60.079988
PIDY,60119988,0.0,0.0,0.0,0.0,-0.15652966499328613,-1.518664002418518,0.0,0.0,0.0,0.0,0,60.119988
PIDY,60159988,0.0,0.0,0.0,0.0,-0.1628401130437851,-0.5208283066749573,0.0,0.0,0.0,0.0,0,60.159988
PIDY,60199988,0.0,0.0,0.0,0.0,-0.16701984405517578,0.3170852065086365,0.0,0.0,0.0,0.0,0,60.199988
PIDY,60239988,0.0,0.0,0.0,0.0,-0.1694445013999939,0.970322847366333,0.0,0.0,0.0,0.0,0,60.239988
PIDY,60279988,0.0,0.0,0.0,0.0,-0.1704845130443573,1.4270247220993042,0.0,0.0,0.0,0.0,0,60.279988
PIDY,60319988,0.0,0.0,0.0,0.0,-0.17057298123836517,1.6959117650985718,0.0,0.0,0.0,0.0,0,60.319988
PIDY,60359988,0.0,0.0,0.0,0.0,-0.17006909847259521,1.7936961650848389,0.0,0.0,0.0,0.0,0,60.359988
PIDY,60399988,0.0,0.0,0.0,0.0,-0.16932590305805206,1.733833909034729,0.0,0.0,0.0,0.0,0,60.399988
PIDY,60439988,0.0,0.0,0.0,0.0,-0.1686730980873108,1.5366461277008057,0.0,0.0,0.0,0.0,0,60.439988
PIDY,60479988,0.0,0.0,0.0,0.0,-0.16836833953857422,1.2292572259902954,0.0,0.0,0.0,0.0,0,60.479988
PIDY,60519988,0.0,0.0,0.0,0.0,-0.16869360208511353,0.8359869122505188,0.0,0.0,0.0,0.0,0,60.519988
PIDY,60559988,0.0,0.0,0.0,0.0,-0.1697331666946411,0.3867652118206024,0.0,0.0,0.0,0.0,0,60.559988
PIDY,60599988,0.0,0.0,0.0,0.0,-0.17173230648040771,-0.0900423601269722,0.0,0.0,0.0,0.0,0,60.599988
PIDY,60639988,0.0,0.0,0.0,0.0,-0.17466795444488525,-0.5601504445075989,0.0,0.0,0.0,0.0,0,60.639988
PIDY,60679988,0.0,0.0,0.0,0.0,-0.1784486472606659,-0.994265079498291,0.0,0.0,0.0,0.0,0,60.679988
PIDY,60719988,0.0,0.0,0.0,0.0,-0.18314625322818756,-1.3788009881973267,0.0,0.0,0.0,0.0,0,60.719988
PIDY,60759988,0.0,0.0,0.0,0.0,-0.1884693056344986,-1.6880842447280884,0.0,0.0,0.0,0.0,0,60.759988
PIDY,60799988,0.0,0.0,0.0,0.0,-0.19447705149650574,-1.9141737222671509,0.0,0.0,0.0,0.0,0,60.799988
PIDY,60839988,0.0,0.0,0.0,0.0,-0.20086990296840668,-2.0204858779907227,0.0,0.0,0.0,0.0,0,60.839988
PIDY,60879988,0.0,0.0,0.0,0.0,-0.2071056216955185,-1.8798937797546387,0.0,0.0,0.0,0.0,0,60.879988
PIDY,60919988,0.0,0.0,0.0,0.0,-0.21281178295612335,-1.4409078359603882,0.0,0.0,0.0,0.0,0,60.919988
PIDY,60959988,0.0,0.0,0.0,0.0,-0.21711444854736328,-0.7073041796684265,0.0,0.0,0.0,0.0,0,60.959988
PIDY,60999988,0.0,0.0,0.0,0.0,-0.21962779760360718,0.2944389283657074,0.0,0.0,0.0,0.0,0,60.999988
PIDY,61039988,0.0,0.0,0.0,0.0,-0.21964815258979797,1.537779450416565,0.0,0.0,0.0,0.0,0,61.039988
PIDY,61079988,0.0,0.0,0.0,0.0,-0.21651418507099152,2.9796934127807617,0.0,0.0,0.0,0.0,0,61.079988
PIDY,61119988,0.0,0.0,0.0,0.0,-0.2101270854473114,4.558679580688477,0.0,0.0,0.0,0.0,0,61.119988
PIDY,61159988,0.0,0.0,0.0,0.0,-0.19992567598819733,6.210972309112549,0.0,0.0,0.0,0.0,0,61.159988
PIDY,61199988,0.0,0.0,0.0,0.0,-0.18611450493335724,7.855575084686279,0.0,0.0,0.0,0.0,0,61.199988
PIDY,61239988,0.0,0.0,0.0,0.0,-0.16862823069095612,9.411951065063477,0.0,0.0,0.0,0.0,0,61.239988
PIDY,61279988,0.0,0.0,0.0,0.0,-0.14758698642253876,10.798656463623047,0.0,0.0,0.0,0.0,0,61.279988
PIDY,61319988,0.0,0.0,0.0,0.0,-0.12366718798875809,11.967577934265137,0.0,0.0,0.0,0.0,0,61.319988
PIDY,61359988,0.0,0.0,0.0,0.0,-0.09715917706489563,12.863576889038086,0.0,0.0,0.0,0.0,0,61.359988
PIDY,61399988,0.0,0.0,0.0,0.0,-0.06881456822156906,13.470036506652832,0.0,0.0,0.0,0.0,0,61.399988
PIDY,61439988,0.0,0.0,0.0,0.0,-0.03920237720012665,13.759795188903809,0.0,0.0,0.0,0.0,0,61.439988
PIDY,61479988,0.0,0.0,0.0,0.0,-0.008994589559733868,13.724871635437012,0.0,0.0,0.0,0.0,0,61.479988
PIDY,61519988,0.0,0.0,0.0,0.0,0.021117372438311577,13.398502349853516,0.0,0.0,0.0,0.0,0,61.519988
PIDY,61559988,0.0,0.0,0.0,0.0,0.050514645874500275,12.800544738769531,0.0,0.0,0.0,0.0,0,61.559988
PIDY,61599988,0.0,0.0,0.0,0.0,0.0786781758069992,11.973122596740723,0.0,0.0,0.0,0.0,0,61.599988
PIDY,61639988,0.0,0.0,0.0,0.0,0.10510518401861191,10.949816703796387,0.0,0.0,0.0,0.0,0,61.639988
PIDY,61679988,0.0,0.0,0.0,0.0,0.12930402159690857,9.768654823303223,0.0,0.0,0.0,0.0,0,61.679988
PIDY,61719988,0.0,0.0,0.0,0.0,0.1511181890964508,8.489116668701172,0.0,0.0,0.0,0.0,0,61.719988
PIDY,61759988,0.0,0.0,0.0,0.0,0.170161634683609,7.1562724113464355,0.0,0.0,0.0,0.0,0,61.759988
PIDY,61799988,0.0,0.0,0.0,0.0,0.1865406036376953,5.822278022766113,0.0,0.0,0.0,0.0,0,61.799988
PIDY,61839988,0.0,0.0,0.0,0.0,0.20013874769210815,4.5294694900512695,0.0,0.0,0.0,0.0,0,61.839988
PIDY,61879988,0.0,0.0,0.0,0.0,0.2108973115682602,3.3238234519958496,0.0,0.0,0.0,0.0,0,61.879988
PIDY,61919988,0.0,0.0,0.0,0.0,0.2193324714899063,2.2727956771850586,0.0,0.0,0.0,0.0,0,61.919988
PIDY,61959988,0.0,0.0,0.0,0.0,0.22567428648471832,1.506752848625183,0.0,0.0,0.0,0.0,0,61.959988
PIDY,61999988,0.0,0.0,0.0,0.0,0.23080168664455414,1.1026911735534668,0.0,0.0,0.0,0.0,0,61.999988
PIDY,62039988,0.0,0.0,0.0,0.0,0.2353900969028473,1.0696368217468262,0.0,0.0,0.0,0.0,0,62.039988
PIDY,62079988,0.0,0.0,0.0,0.0,0.2401208132505417,1.3965202569961548,0.0,0.0,0.0,0.0,0,62.079988
PIDY,62119988,0.0,0.0,0.0,0.0,0.2459595948457718,2.0526201725006104,0.0,0.0,0.0,0.0,0,62.119988
PIDY,62159988,0.0,0.0,0.0,0.0,0.25336402654647827,2.994065761566162,0.0,0.0,0.0,0.0,0,62.159988
PIDY,62199988,0.0,0.0,0.0,0.0,0.2631569504737854,4.164358139038086,0.0,0.0,0.0,0.0,0,62.199988
PIDY,62239988,0.0,0.0,0.0,0.0,0.2756611704826355,5.498538970947266,0.0,0.0,0.0,0.0,0,62.239988
PIDY,62279988,0.0,0.0,0.0,0.0,0.2910965383052826,6.915306091308594,0.0,0.0,0.0,0.0,0,62.279988
PIDY,62319988,0.0,0.0,0.0,0.0,0.30971184372901917,8.331916809082031,0.0,0.0,0.0,0.0,0,62.319988
PIDY,62359988,0.0,0.0,0.0,0.0,0.3312455117702484,9.659119606018066,0.0,0.0,0.0,0.0,0,62.359988
PIDY,62399988,0.0,0.0,0.0,0.0,0.3556953966617584,10.830180168151855,0.0,0.0,0.0,0.0,0,62.399988
PIDY,62439988,0.0,0.0,0.0,0.0,0.38257095217704773,11.778982162475586,0.0,0.0,0.0,0.0,0,62.439988
PIDY,62479988,0.0,0.0,0.0,0.0,0.41129621863365173,12.456805229187012,0.0,0.0,0.0,0.0,0,62.479988
PIDY,62519988,0.0,0.0,0.0,0.0,0.44142627716064453,12.83984375,0.0,0.0,0.0,0.0,0,62.519988
PIDY,62559988,0.0,0.0,0.0,0.0,0.4722273647785187,12.915431022644043,0.0,0.0,0.0,0.0,0,62.559988
PIDY,62599988,0.0,0.0,0.0,0.0,0.5031290054321289,12.681589126586914,0.0,0.0,0.0,0.0,0,62.599988
PIDY,62639988,0.0,0.0,0.0,0.0,0.5334409475326538,12.150071144104004,0.0,0.0,0.0,0.0,0,62.639988
PIDY,62679988,0.0,0.0,0.0,0.0,0.562549352645874,11.34518814086914,0.0,0.0,0.0,0.0,0,62.679988
PIDY,62719988,0.0,0.0,0.0,0.0,0.5898890495300293,10.302125930786133,0.0,0.0,0.0,0.0,0,62.719988
PIDY,62759988,0.0,0.0,0.0,0.0,0.615067183971405,9.064971923828125,0.0,0.0,0.0,0.0,0,62.759988
PIDY,62799988,0.0,0.0,0.0,0.0,0.6374861598014832,7.679508209228516,0.0,0.0,0.0,0.0,0,62.799988
PIDY,62839988,0.0,0.0,0.0,0.0,0.6569406390190125,6.20012092590332,0.0,0.0,0.0,0.0,0,62.839988
PIDY,62879988,0.0,0.0,0.0,0.0,0.6732118725776672,4.681478977203369,0.0,0.0,0.0,0.0,0,62.879988
PIDY,62919988,0.0,0.0,0.0,0.0,0.6862690448760986,3.175323724746704,0.0,0.0,0.0,0.0,0,62.919988
PIDY,62959988,0.0,0.0,0.0,0.0,0.696153998374939,1.7302851676940918,0.0,0.0,0.0,0.0,0,62.959988
PIDY,62999988,0.0,0.0,0.0,0.0,0.7029222249984741,0.39885812997817993,0.0,0.0,0.0,0.0,0,62.999988
PIDY,63039988,0.0,0.0,0.0,0.0,0.7068570852279663,-0.7841202616691589,0.0,0.0,0.0,0.0,0,63.039988
PIDY,63079988,0.0,0.0,0.0,0.0,0.7081969380378723,-1.794430136680603,0.0,0.0,0.0,0.0,0,63.079988
PIDY,63119988,0.0,0.0,0.0,0.0,0.7074382901191711,-2.6049890518188477,0.0,0.0,0.0,0.0,0,63.119988
PIDY,63159988,0.0,0.0,0.0,0.0,0.704728901386261,-3.2098844051361084,0.0,0.0,0.0,0.0,0,63.159988
PIDY,63199988,0.0,0.0,0.0,0.0,0.7009057402610779,-3.6093196868896484,0.0,0.0,0.0,0.0,0,63.199988
PIDY,63239988,0.0,0.0,0.0,0.0,0.6961891651153564,-3.8065240383148193,0.0,0.0,0.0,0.0,0,63.239988
PIDY,63279988,0.0,0.0,0.0,0.0,0.6906905770301819,-3.8131771087646484,0.0,0.0,0.0,0.0,0,63.279988
PIDY,63319988,0.0,0.0,0.0,0.0,0.6854204535484314,-3.656067371368408,0.0,0.0,0.0,0.0,0,63.319988
PIDY,63359988,0.0,0.0,0.0,0.0,0.6800656318664551,-3.367278575897217,0.0,0.0,0.0,0.0,0,63.359988
PIDY,63399988,0.0,0.0,0.0,0.0,0.6755622029304504,-2.9719722270965576,0.0,0.0,0.0,0.0,0,63.399988
PIDY,63439988,0.0,0.0,0.0,0.0,0.6718065738677979,-2.4969451427459717,0.0,0.0,0.0,0.0,0,63.439988
PIDY,63479988,0.0,0.0,0.0,0.0,0.6686461567878723,-1.9750663042068481,0.0,0.0,0.0,0.0,0,63.479988
PIDY,63519988,0.0,0.0,0.0,0.0,0.6668165922164917,-1.4369450807571411,0.0,0.0,0.0,0.0,0,63.519988
PIDY,63559988,0.0,0.0,0.0,0.0,0.6657325029373169,-0.9151797294616699,0.0,0.0,0.0,0.0,0,63.559988
PIDY,63599988,0.0,0.0,0.0,0.0,0.6659495234489441,-0.4325862228870392,0.0,0.0,0.0,0.0,0,63.599988
PIDY,63639988,0.0,0.0,0.0,0.0,0.6670926213264465,-0.019773384556174278,0.0,0.0,0.0,0.0,0,63.639988
PIDY,63679988,0.0,0.0,0.0,0.0,0.6686513423919678,0.2968326807022095,0.0,0.0,0.0,0.0,0,63.679988
PIDY,63719988,0.0,0.0,0.0,0.0,0.6711277365684509,0.4926830232143402,0.0,0.0,0.0,0.0,0,63.719988
PIDY,63759988,0.0,0.0,0.0,0.0,0.6733255982398987,0.46022194623947144,0.0,0.0,0.0,0.0,0,63.759988
PIDY,63799988,0.0,0.0,0.0,0.0,0.6755756735801697,0.15481173992156982,0.0,0.0,0.0,0.0,0,63.799988
PIDY,63839988,0.0,0.0,0.0,0.0,0.6768630146980286,-0.4117814004421234,0.0,0.0,0.0,0.0,0,63.839988
PIDY,63879988,0.0,0.0,0.0,0.0,0.6762903332710266,-1.215425729751587,0.0,0.0,0.0,0.0,0,63.879988
PIDY,63919988,0.0,0.0,0.0,0.0,0.6740640997886658,-2.2189483642578125,0.0,0.0,0.0,0.0,0,63.919988
PIDY,63959988,0.0,0.0,0.0,0.0,0.6689404845237732,-3.3876140117645264,0.0,0.0,0.0,0.0,0,63.959988
PIDY,63999988,0.0,0.0,0.0,0.0,0.6615357398986816,-4.673399925231934,0.0,0.0,0.0,0.0,0,63.999988
PIDY,64059985,0.0,0.0,0.0,0.0,0.6440560817718506,-6.690927028656006,0.0,0.0,0.0,0.0,0,64.059985
PIDY,64119982,0.0,0.0,0.0,0.0,0.6193951964378357,-8.590725898742676,0.0,0.0,0.0,0.0,0,64.119982
PIDY,64179979,0.0,0.0,0.0,0.0,0.5892200469970703,-10.168722152709961,0.0,0.0,0.0,0.0,0,64.179979
PIDY,64239976,0.0,0.0,0.0,0.0,0.5541139245033264,-11.241706848144531,0.0,0.0,0.0,0.0,0,64.239976
PIDY,64299973,0.0,0.0,0.0,0.0,0.5164452791213989,-11.725264549255371,0.0,0.0,0.0,0.0,0,64.299973
PIDY,64359970,0.0,0.0,0.0,0.0,0.47783365845680237,-11.603301048278809,0.0,0.0,0.0,0.0,0,64.35997
PIDY,64419967,0.0,0.0,0.0,0.0,0.4398750066757202,-10.914612770080566,0.0,0.0,0.0,0.0,0,64.419967
PIDY,64479964,0.0,0.0,0.0,0.0,0.4047916829586029,-9.775614738464355,0.0,0.0,0.0,0.0,0,64.479964
PIDY,64539961,0.0,0.0,0.0,0.0,0.37338802218437195,-8.3066987991333,0.0,0.0,0.0,0.0,0,64.539961
PIDY,64599958,0.0,0.0,0.0,0.0,0.3469167649745941,-6.670876979827881,0.0,0.0,0.0,0.0,0,64.599958
PIDY,64659955,0.0,0.0,0.0,0.0,0.3255408704280853,-5.018619537353516,0.0,0.0,0.0,0.0,0,64.659955
PIDY,64719952,0.0,0.0,0.0,0.0,0.3090919554233551,-3.483778476715088,0.0,0.0,0.0,0.0,0,64.719952
PIDY,64779949,0.0,0.0,0.0,0.0,0.2973736822605133,-2.195573329925537,0.0,0.0,0.0,0.0,0,64.779949
PIDY,64839946,0.0,0.0,0.0,0.0,0.28915300965309143,-1.2989438772201538,0.0,0.0,0.0,0.0,0,64.839946
PIDY,64899943,0.0,0.0,0.0,0.0,0.28296005725860596,-1.0386264324188232,0.0,0.0,0.0,0.0,0,64.899943
PIDY,64959940,0.0,0.0,0.0,0.0,0.27644747495651245,-1.46647047996521,0.0,0.0,0.0,0.0,0,64.95994
PIDY,65019937,0.0,0.0,0.0,0.0,0.26733818650245667,-2.5232460498809814,0.0,0.0,0.0,0.0,0,65.019937
PIDY,65079934,0.0,0.0,0.0,0.0,0.25396451354026794,-4.072709560394287,0.0,0.0,0.0,0.0,0,65.079934
PIDY,65139931,0.0,0.0,0.0,0.0,0.23491238057613373,-5.904585361480713,0.0,0.0,0.0,0.0,0,65.139931
PIDY,65199928,0.0,0.0,0.0,0.0,0.20968712866306305,-7.7891716957092285,0.0,0.0,0.0,0.0,0,65.199928
PIDY,65259925,0.0,0.0,0.0,0.0,0.17845787107944489,-9.489786148071289,0.0,0.0,0.0,0.0,0,65.259925
PIDY,65319922,0.0,0.0,0.0,0.0,0.14219748973846436,-10.790361404418945,0.0,0.0,0.0,0.0,0,65.319922
PIDY,65379919,0.0,0.0,0.0,0.0,0.10236180573701859,-11.55250358581543,0.0,0.0,0.0,0.0,0,65.379919
PIDY,65439916,0.0,0.0,0.0,0.0,0.06076398864388466,-11.725138664245605,0.0,0.0,0.0,0.0,0,65.439916
PIDY,65499913,0.0,0.0,0.0,0.0,0.019231026992201805,-11.314111709594727,0.0,0.0,0.0,0.0,0,65.499913
PIDY,65559910,0.0,0.0,0.0,0.0,-0.020459987223148346,-10.385197639465332,0.0,0.0,0.0,0.0,0,65.55991
PIDY,65619907,0.0,0.0,0.0,0.0,-0.056787434965372086,-9.032279014587402,0.0,0.0,0.0,0.0,0,65.619907
PIDY,65679904,0.0,0.0,0.0,0.0,-0.08850087970495224,-7.381043910980225,0.0,0.0,0.0,0.0,0,65.679904
PIDY,65739901,0.0,0.0,0.0,0.0,-0.11481386423110962,-5.581580638885498,0.0,0.0,0.0,0.0,0,65.739901
PIDY,65799898,0.0,0.0,0.0,0.0,-0.13539737462997437,-3.798679828643799,0.0,0.0,0.0,0.0,0,65.799898
PIDY,65859895,0.0,0.0,0.0,0.0,-0.150440976023674,-2.1759636402130127,0.0,0.0,0.0,0.0,0,65.859895
PIDY,65919892,0.0,0.0,0.0,0.0,-0.1605733036994934,-0.8185526728630066,0.0,0.0,0.0,0.0,0,65.919892
PIDY,65979889,0.0,0.0,0.0,0.0,-0.1666565239429474,0.1812170445919037,0.0,0.0,0.0,0.0,0,65.979889
PIDY,66039886,0.0,0.0,0.0,0.0,-0.16991789638996124,0.7688551545143127,0.0,0.0,0.0,0.0,0,66.039886
PIDY,66099883,0.0,0.0,0.0,0.0,-0.17164966464042664,0.9494381546974182,0.0,0.0,0.0,0.0,0,66.099883
PIDY,66159880,0.0,0.0,0.0,0.0,-0.17306207120418549,0.7866622805595398,0.0,0.0,0.0,0.0,0,66.15988
PIDY,66219877,0.0,0.0,0.0,0.0,-0.17513366043567657,0.35155484080314636,0.0,0.0,0.0,0.0,0,66.219877
PIDY,66279874,0.0,0.0,0.0,0.0,-0.17868101596832275,-0.2736693024635315,0.0,0.0,0.0,0.0,0,66.279874
PIDY,66339871,0.0,0.0,0.0,0.0,-0.18410903215408325,-0.9907355904579163,0.0,0.0,0.0,0.0,0,66.339871
PIDY,66399868,0.0,0.0,0.0,0.0,-0.1917593777179718,-1.716759443283081,0.0,0.0,0.0,0.0,0,66.399868
PIDY,66459865,0.0,0.0,0.0,0.0,-0.20145459473133087,-2.3556087017059326,0.0,0.0,0.0,0.0,0,66.459865
PIDY,66519862,0.0,0.0,0.0,0.0,-0.21275247633457184,-2.814101219177246,0.0,0.0,0.0,0.0,0,66.519862
PIDY,66579859,0.0,0.0,0.0,0.0,-0.22530460357666016,-3.058464765548706,0.0,0.0,0.0,0.0,0,66.579859
PIDY,66639856,0.0,0.0,0.0,0.0,-0.23789246380329132,-2.946507453918457,0.0,0.0,0.0,0.0,0,66.639856
PIDY,66699853,0.0,0.0,0.0,0.0,-0.24889741837978363,-2.128610849380493,0.0,0.0,0.0,0.0,0,66.699853
PIDY,66759850,0.0,0.0,0.0,0.0,-0.2556246817111969,-0.5430169701576233,0.0,0.0,0.0,0.0,0,66.75985
PIDY,66819847,0.0,0.0,0.0,0.0,-0.2555408775806427,1.6307438611984253,0.0,0.0,0.0,0.0,0,66.819847
PIDY,66879844,0.0,0.0,0.0,0.0,-0.2476612627506256,4.102255821228027,0.0,0.0,0.0,0.0,0,66.879844
PIDY,66939841,0.0,0.0,0.0,0.0,-0.2311471849679947,6.570027828216553,0.0,0.0,0.0,0.0,0,66.939841
PIDY,66999838,0.0,0.0,0.0,0.0,-0.20676463842391968,8.791059494018555,0.0,0.0,0.0,0.0,0,66.999838
PIDY,67059835,0.0,0.0,0.0,0.0,-0.17546364665031433,10.575456619262695,0.0,0.0,0.0,0.0,0,67.059835
PIDY,67119833,0.0,0.0,0.0,0.0,-0.1388069987297058,11.792990684509277,0.0,0.0,0.0,0.0,0,67.119833
PIDY,67159833,0.0,0.0,0.0,0.0,-0.11274731904268265,12.241986274719238,0.0,0.0,0.0,0.0,0,67.159833
PIDY,67199833,0.0,0.0,0.0,0.0,-0.08562605828046799,12.417712211608887,0.0,0.0,0.0,0.0,0,67.199833
PIDY,67239833,0.0,0.0,0.0,0.0,-0.058133114129304886,12.328326225280762,0.0,0.0,0.0,0.0,0,67.239833
PIDY,67279833,0.0,0.0,0.0,0.0,-0.03079131990671158,11.982776641845703,0.0,0.0,0.0,0.0,0,67.279833
PIDY,67319833,0.0,0.0,0.0,0.0,-0.004130942281335592,11.401124954223633,0.0,0.0,0.0,0.0,0,67.319833
PIDY,67359833,0.0,0.0,0.0,0.0,0.021375613287091255,10.619342803955078,0.0,0.0,0.0,0.0,0,67.359833
PIDY,67399833,0.0,0.0,0.0,0.0,0.04526150971651077,9.66487979888916,0.0,0.0,0.0,0.0,0,67.399833
PIDY,67439833,0.0,0.0,0.0,0.0,0.06719521433115005,8.581605911254883,0.0,0.0,0.0,0.0,0,67.439833
PIDY,67479833,0.0,0.0,0.0,0.0,0.08687994629144669,7.40798282623291,0.0,0.0,0.0,0.0,0,67.479833
PIDY,67519833,0.0,0.0,0.0,0.0,0.10408494621515274,6.186755657196045,0.0,0.0,0.0,0.0,0,67.519833
PIDY,67559833,0.0,0.0,0.0,0.0,0.11878076195716858,4.9669318199157715,0.0,0.0,0.0,0.0,0,67.559833
PIDY,67599833,0.0,0.0,0.0,0.0,0.1309051215648651,3.790940523147583,0.0,0.0,0.0,0.0,0,67.599833
PIDY,67639833,0.0,0.0,0.0,0.0,0.14060251414775848,2.7007479667663574,0.0,0.0,0.0,0.0,0,67.639833
PIDY,67679833,0.0,0.0,0.0,0.0,0.1480707973241806,1.7673060894012451,0.0,0.0,0.0,0.0,0,67.679833
PIDY,67719833,0.0,0.0,0.0,0.0,0.15382392704486847,1.1708368062973022,0.0,0.0,0.0,0.0,0,67.719833
PIDY,67759833,0.0,0.0,0.0,0.0,0.15879982709884644,0.9986968636512756,0.0,0.0,0.0,0.0,0,67.759833
PIDY,67799833,0.0,0.0,0.0,0.0,0.1637481153011322,1.2253671884536743,0.0,0.0,0.0,0.0,0,67.799833
PIDY,67839833,0.0,0.0,0.0,0.0,0.16955885291099548,1.7949398756027222,0.0,0.0,0.0,0.0,0,67.839833
PIDY,67879833,0.0,0.0,0.0,0.0,0.17687813937664032,2.6505167484283447,0.0,0.0,0.0,0.0,0,67.879833
PIDY,67919833,0.0,0.0,0.0,0.0,0.18625898659229279,3.7325432300567627,0.0,0.0,0.0,0.0,0,67.919833
PIDY,67959833,0.0,0.0,0.0,0.0,0.19818343222141266,4.973184108734131,0.0,0.0,0.0,0.0,0,67.959833
PIDY,67999833,0.0,0.0,0.0,0.0,0.21289271116256714,6.2954511642456055,0.0,0.0,0.0,0.0,0,67.999833
PIDY,68039833,0.0,0.0,0.0,0.0,0.2305159717798233,7.620944976806641,0.0,0.0,0.0,0.0,0,68.039833
PIDY,68079833,0.0,0.0,0.0,0.0,0.2509852647781372,8.874505996704102,0.0,0.0,0.0,0.0,0,68.079833
PIDY,68119833,0.0,0.0,0.0,0.0,0.2741149365901947,9.990166664123535,0.0,0.0,0.0,0.0,0,68.119833
PIDY,68159833,0.0,0.0,0.0,0.0,0.29952681064605713,10.907825469970703,0.0,0.0,0.0,0.0,0,68.159833
PIDY,68199833,0.0,0.0,0.0,0.0,0.32687678933143616,11.589600563049316,0.0,0.0,0.0,0.0,0,68.199833
PIDY,68239833,0.0,0.0,0.0,0.0,0.3555084764957428,12.004621505737305,0.0,0.0,0.0,0.0,0,68.239833
PIDY,68279833,0.0,0.0,0.0,0.0,0.3849409222602844,12.14717960357666,0.0,0.0,0.0,0.0,0,68.279833
PIDY,68319833,0.0,0.0,0.0,0.0,0.4147258996963501,12.017912864685059,0.0,0.0,0.0,0.0,0,68.319833
PIDY,68359833,0.0,0.0,0.0,0.0,0.4440384805202484,11.615242004394531,0.0,0.0,0.0,0.0,0,68.359833
PIDY,68399833,0.0,0.0,0.0,0.0,0.4726490080356598,10.969924926757812,0.0,0.0,0.0,0.0,0,68.399833
PIDY,68439833,0.0,0.0,0.0,0.0,0.49964678287506104,10.098638534545898,0.0,0.0,0.0,0.0,0,68.439833
PIDY,68479833,0.0,0.0,0.0,0.0,0.524757981300354,9.036859512329102,0.0,0.0,0.0,0.0,0,68.479833
PIDY,68519833,0.0,0.0,0.0,0.0,0.5477082133293152,7.829122066497803,0.0,0.0,0.0,0.0,0,68.519833
PIDY,68559833,0.0,0.0,0.0,0.0,0.5679288506507874,6.508686542510986,0.0,0.0,0.0,0.0,0,68.559833
PIDY,68599833,0.0,0.0,0.0,0.0,0.5855079889297485,5.12782621383667,0.0,0.0,0.0,0.0,0,68.599833
PIDY,68639833,0.0,0.0,0.0,0.0,0.5999552607536316,3.7319068908691406,0.0,0.0,0.0,0.0,0,68.639833
PIDY,68679833,0.0,0.0,0.0,0.0,0.6114226579666138,2.368783950805664,0.0,0.0,0.0,0.0,0,68.679833
PIDY,68719833,0.0,0.0,0.0,0.0,0.6202359199523926,1.0819507837295532,0.0,0.0,0.0,0.0,0,68.719833
PIDY,68759833,0.0,0.0,0.0,0.0,0.6260452270507812,-0.09005317836999893,0.0,0.0,0.0,0.0,0,68.759833
PIDY,68799833,0.0,0.0,0.0,0.0,0.6294546127319336,-1.1178991794586182,0.0,0.0,0.0,0.0,0,68.799833
PIDY,68839833,0.0,0.0,0.0,0.0,0.6305540204048157,-1.9780874252319336,0.0,0.0,0.0,0.0,0,68.839833
PIDY,68879833,0.0,0.0,0.0,0.0,0.6298125982284546,-2.6497600078582764,0.0,0.0,0.0,0.0,0,68.879833
PIDY,68919833,0.0,0.0,0.0,0.0,0.6276516914367676,-3.131051778793335,0.0,0.0,0.0,0.0,0,68.919833
PIDY,68959833,0.0,0.0,0.0,0.0,0.6243913173675537,-3.4260826110839844,0.0,0.0,0.0,0.0,0,68.959833
PIDY,68999833,0.0,0.0,0.0,0.0,0.6203941702842712,-3.539944887161255,0.0,0.0,0.0,0.0,0,68.999833
PIDY,69039833,0.0,0.0,0.0,0.0,0.6161797046661377,-3.4839577674865723,0.0,0.0,0.0,0.0,0,69.039833
PIDY,69079833,0.0,0.0,0.0,0.0,0.6120302677154541,-3.2787840366363525,0.0,0.0,0.0,0.0,0,69.079833
PIDY,69119833,0.0,0.0,0.0,0.0,0.6081433892250061,-2.9549970626831055,0.0,0.0,0.0,0.0,0,69.119833
PIDY,69159833,0.0,0.0,0.0,0.0,0.6049579381942749,-2.548089027404785,0.0,0.0,0.0,0.0,0,69.159833
PIDY,69199833,0.0,0.0,0.0,0.0,0.6025500893592834,-2.08565354347229,0.0,0.0,0.0,0.0,0,69.199833
PIDY,69239833,0.0,0.0,0.0,0.0,0.6010304093360901,-1.5914273262023926,0.0,0.0,0.0,0.0,0,69.239833
PIDY,69279833,0.0,0.0,0.0,0.0,0.6004688739776611,-1.0964577198028564,0.0,0.0,0.0,0.0,0,69.279833
PIDY,69319833,0.0,0.0,0.0,0.0,0.6006592512130737,-0.629362940788269,0.0,0.0,0.0,0.0,0,69.319833
PIDY,69359833,0.0,0.0,0.0,0.0,0.6019737720489502,-0.2108907401561737,0.0,0.0,0.0,0.0,0,69.359833
PIDY,69399833,0.0,0.0,0.0,0.0,0.6038243770599365,0.13401584327220917,0.0,0.0,0.0,0.0,0,69.399833
PIDY,69439833,0.0,0.0,0.0,0.0,0.6065679788589478,0.38734906911849976,0.0,0.0,0.0,0.0,0,69.439833
PIDY,69479833,0.0,0.0,0.0,0.0,0.6097187399864197,0.5049858093261719,0.0,0.0,0.0,0.0,0,69.479833
PIDY,69519833,0.0,0.0,0.0,0.0,0.6125888824462891,0.3404017686843872,0.0,0.0,0.0,0.0,0,69.519833
PIDY,69559833,0.0,0.0,0.0,0.0,0.6149051785469055,-0.14932401478290558,0.0,0.0,0.0,0.0,0,69.559833
PIDY,69599833,0.0,0.0,0.0,0.0,0.6154969930648804,-0.9326781034469604,0.0,0.0,0.0,0.0,0,69.599833
PIDY,69639833,0.0,0.0,0.0,0.0,0.6144062280654907,-1.9507455825805664,0.0,0.0,0.0,0.0,0,69.639833
PIDY,69679833,0.0,0.0,0.0,0.0,0.6108520030975342,-3.1458892822265625,0.0,0.0,0.0,0.0,0,69.679833
PIDY,69719833,0.0,0.0,0.0,0.0,0.6043069958686829,-4.458118438720703,0.0,0.0,0.0,0.0,0,69.719833
PIDY,69759833,0.0,0.0,0.0,0.0,0.5949297547340393,-5.824011325836182,0.0,0.0,0.0,0.0,0,69.759833
PIDY,69799833,0.0,0.0,0.0,0.0,0.5822295546531677,-7.170878887176514,0.0,0.0,0.0,0.0,0,69.799833
PIDY,69839833,0.0,0.0,0.0,0.0,0.566778302192688,-8.436471939086914,0.0,0.0,0.0,0.0,0,69.839833
PIDY,69879833,0.0,0.0,0.0,0.0,0.5485679507255554,-9.55868911743164,0.0,0.0,0.0,0.0,0,69.879833
PIDY,69919833,0.0,0.0,0.0,0.0,0.5278858542442322,-10.483263969421387,0.0,0.0,0.0,0.0,0,69.919833
PIDY,69959833,0.0,0.0,0.0,0.0,0.505343496799469,-11.17719554901123,0.0,0.0,0.0,0.0,0,69.959833
PIDY,69999833,0.0,0.0,0.0,0.0,0.48133212327957153,-11.614546775817871,0.0,0.0,0.0,0.0,0,69.999833
PIDY,70039833,0.0,0.0,0.0,0.0,0.4564196765422821,-11.78170108795166,0.0,0.0,0.0,0.0,0,70.039833
PIDY,70079833,0.0,0.0,0.0,0.0,0.4311610758304596,-11.68654727935791,0.0,0.0,0.0,0.0,0,70.079833
PIDY,70119833,0.0,0.0,0.0,0.0,0.4060525596141815,-11.349237442016602,0.0,0.0,0.0,0.0,0,70.119833
PIDY,70159833,0.0,0.0,0.0,0.0,0.3817056715488434,-10.79587173461914,0.0,0.0,0.0,0.0,0,70.159833
PIDY,70199833,0.0,0.0,0.0,0.0,0.35848668217658997,-10.05571460723877,0.0,0.0,0.0,0.0,0,70.199833
PIDY,70239833,0.0,0.0,0.0,0.0,0.33680739998817444,-9.16276741027832,0.0,0.0,0.0,0.0,0,70.239833
PIDY,70279833,0.0,0.0,0.0,0.0,0.3169786334037781,-8.154101371765137,0.0,0.0,0.0,0.0,0,70.279833
PIDY,70319833,0.0,0.0,0.0,0.0,0.29927295446395874,-7.080263614654541,0.0,0.0,0.0,0.0,0,70.319833
PIDY,70359833,0.0,0.0,0.0,0.0,0.28374889492988586,-5.986402988433838,0.0,0.0,0.0,0.0,0,70.359833
PIDY,70399833,0.0,0.0,0.0,0.0,0.27046769857406616,-4.9188714027404785,0.0,0.0,0.0,0.0,0,70.399833
PIDY,70439833,0.0,0.0,0.0,0.0,0.25939613580703735,-3.920518159866333,0.0,0.0,0.0,0.0,0,70.439833
PIDY,70479833,0.0,0.0,0.0,0.0,0.2503795623779297,-3.025198459625244,0.0,0.0,0.0,0.0,0,70.479833
PIDY,70519833,0.0,0.0,0.0,0.0,0.24327871203422546,-2.2510986328125,0.0,0.0,0.0,0.0,0,70.519833
PIDY,70559833,0.0,0.0,0.0,0.0,0.23771367967128754,-1.6525537967681885,0.0,0.0,0.0,0.0,0,70.559833
PIDY,70599833,0.0,0.0,0.0,0.0,0.233213409781456,-1.3783307075500488,0.0,0.0,0.0,0.0,0,70.599833
PIDY,70639833,0.0,0.0,0.0,0.0,0.22886623442173004,-1.4791239500045776,0.0,0.0,0.0,0.0,0,70.639833
PIDY,70679833,0.0,0.0,0.0,0.0,0.2239827811717987,-1.9201817512512207,0.0,0.0,0.0,0.0,0,70.679833
PIDY,70719833,0.0,0.0,0.0,0.0,0.21798081696033478,-2.6385209560394287,0.0,0.0,0.0,0.0,0,70.719833
PIDY,70759833,0.0,0.0,0.0,0.0,0.21013042330741882,-3.573247194290161,0.0,0.0,0.0,0.0,0,70.759833
PIDY,70799833,0.0,0.0,0.0,0.0,0.20014207065105438,-4.671196460723877,0.0,0.0,0.0,0.0,0,70.799833
PIDY,70839833,0.0,0.0,0.0,0.0,0.18757924437522888,-5.866366386413574,0.0,0.0,0.0,0.0,0,70.839833
PIDY,70879833,0.0,0.0,0.0,0.0,0.17235161364078522,-7.089862823486328,0.0,0.0,0.0,0.0,0,70.879833
PIDY,70919833,0.0,0.0,0.0,0.0,0.15450003743171692,-8.26649284362793,0.0,0.0,0.0,0.0,0,70.919833
PIDY,70959833,0.0,0.0,0.0,0.0,0.13411018252372742,-9.32647705078125,0.0,0.0,0.0,0.0,0,70.959833
PIDY,70999833,0.0,0.0,0.0,0.0,0.11151726543903351,-10.217313766479492,0.0,0.0,0.0,0.0,0,70.999833
PIDY,71039833,0.0,0.0,0.0,0.0,0.08707936853170395,-10.894795417785645,0.0,0.0,0.0,0.0,0,71.039833
PIDY,71079833,0.0,0.0,0.0,0.0,0.06127732992172241,-11.327681541442871,0.0,0.0,0.0,0.0,0,71.079833
PIDY,71119833,0.0,0.0,0.0,0.0,0.034637853503227234,-11.504823684692383,0.0,0.0,0.0,0.0,0,71.119833
PIDY,71159833,0.0,0.0,0.0,0.0,0.0076660714112222195,-11.421363830566406,0.0,0.0,0.0,0.0,0,71.159833
PIDY,71199833,0.0,0.0,0.0,0.0,-0.01909377984702587,-11.09279727935791,0.0,0.0,0.0,0.0,0,71.199833
PIDY,71239833,0.0,0.0,0.0,0.0,-0.04511772096157074,-10.525793075561523,0.0,0.0,0.0,0.0,0,71.239833
PIDY,71279833,0.0,0.0,0.0,0.0,-0.06991463899612427,-9.748976707458496,0.0,0.0,0.0,0.0,0,71.279833
PIDY,71319833,0.0,0.0,0.0,0.0,-0.09308338165283203,-8.801902770996094,0.0,0.0,0.0,0.0,0,71.319833
PIDY,71359833,0.0,0.0,0.0,0.0,-0.11423073709011078,-7.714139461517334,0.0,0.0,0.0,0.0,0,71.359833
PIDY,71399833,0.0,0.0,0.0,0.0,-0.13313254714012146,-6.539427757263184,0.0,0.0,0.0,0.0,0,71.399833
PIDY,71439833,0.0,0.0,0.0,0.0,-0.1495019942522049,-5.320123195648193,0.0,0.0,0.0,0.0,0,71.439833
PIDY,71479833,0.0,0.0,0.0,0.0,-0.16330477595329285,-4.110842227935791,0.0,0.0,0.0,0.0,0,71.479833
PIDY,71519833,0.0,0.0,0.0,0.0,-0.17464806139469147,-2.9580087661743164,0.0,0.0,0.0,0.0,0,71.519833
PIDY,71559833,0.0,0.0,0.0,0.0,-0.18350562453269958,-1.8905401229858398,0.0,0.0,0.0,0.0,0,71.559833
PIDY,71599833,0.0,0.0,0.0,0.0,-0.19016070663928986,-0.9464519619941711,0.0,0.0,0.0,0.0,0,71.599833
PIDY,71639833,0.0,0.0,0.0,0.0,-0.19478698074817657,-0.15666024386882782,0.0,0.0,0.0,0.0,0,71.639833
PIDY,71679833,0.0,0.0,0.0,0.0,-0.197758287191391,0.4590136706829071,0.0,0.0,0.0,0.0,0,71.679833
PIDY,71719833,0.0,0.0,0.0,0.0,-0.1994694322347641,0.8998681306838989,0.0,0.0,0.0,0.0,0,71.719833
PIDY,71759833,0.0,0.0,0.0,0.0,-0.2002110481262207,1.1684293746948242,0.0,0.0,0.0,0.0,0,71.759833
PIDY,71799833,0.0,0.0,0.0,0.0,-0.20042851567268372,1.2692993879318237,0.0,0.0,0.0,0.0,0,71.799833
PIDY,71839833,0.0,0.0,0.0,0.0,-0.20036236941814423,1.2159847021102905,0.0,0.0,0.0,0.0,0,71.839833
PIDY,71879833,0.0,0.0,0.0,0.0,-0.20038385689258575,1.0277267694473267,0.0,0.0,0.0,0.0,0,71.879833
PIDY,71919833,0.0,0.0,0.0,0.0,-0.2007954716682434,0.7296110391616821,0.0,0.0,0.0,0.0,0,71.919833
PIDY,71959833,0.0,0.0,0.0,0.0,-0.20178352296352386,0.35010668635368347,0.0,0.0,0.0,0.0,0,71.959833
PIDY,71999833,0.0,0.0,0.0,0.0,-0.20350711047649384,-0.07049375027418137,0.0,0.0,0.0,0.0,0,71.999833
PIDY,72039833,0.0,0.0,0.0,0.0,-0.20605002343654633,-0.5106433629989624,0.0,0.0,0.0,0.0,0,72.039833
PIDY,72079833,0.0,0.0,0.0,0.0,-0.2094544768333435,-0.9453591108322144,0.0,0.0,0.0,0.0,0,72.079833
PIDY,72119833,0.0,0.0,0.0,0.0,-0.2136339694261551,-1.3493353128433228,0.0,0.0,0.0,0.0,0,72.119833
PIDY,72159833,0.0,0.0,0.0,0.0,-0.21870478987693787,-1.7045913934707642,0.0,0.0,0.0,0.0,0,72.159833
PIDY,72199833,0.0,0.0,0.0,0.0,-0.22440533339977264,-1.9886630773544312,0.0,0.0,0.0,0.0,0,72.199833
PIDY,72239833,0.0,0.0,0.0,0.0,-0.2306964099407196,-2.1932506561279297,0.0,0.0,0.0,0.0,0,72.239833
PIDY,72279833,0.0,0.0,0.0,0.0,-0.23735007643699646,-2.3005175590515137,0.0,0.0,0.0,0.0,0,72.279833
PIDY,72319833,0.0,0.0,0.0,0.0,-0.24408459663391113,-2.2980785369873047,0.0,0.0,0.0,0.0,0,72.319833
PIDY,72359833,0.0,0.0,0.0,0.0,-0.2507898211479187,-2.1371097564697266,0.0,0.0,0.0,0.0,0,72.359833
PIDY,72399833,0.0,0.0,0.0,0.0,-0.2566107213497162,-1.5849004983901978,0.0,0.0,0.0,0.0,0,72.399833
PIDY,72439833,0.0,0.0,0.0,0.0,-0.26073241233825684,-0.5829083323478699,0.0,0.0,0.0,0.0,0,72.439833
PIDY,72479833,0.0,0.0,0.0,0.0,-0.2622428834438324,0.7625107765197754,0.0,0.0,0.0,0.0,0,72.479833
PIDY,72519833,0.0,0.0,0.0,0.0,-0.26041871309280396,2.3124475479125977,0.0,0.0,0.0,0.0,0,72.519833
PIDY,72559833,0.0,0.0,0.0,0.0,-0.2551920711994171,3.9442696571350098,0.0,0.0,0.0,0.0,0,72.559833
PIDY,72599833,0.0,0.0,0.0,0.0,-0.2461908906698227,5.574021339416504,0.0,0.0,0.0,0.0,0,72.599833
PIDY,72639833,0.0,0.0,0.0,0.0,-0.23364950716495514,7.133120059967041,0.0,0.0,0.0,0.0,0,72.639833
PIDY,72679833,0.0,0.0,0.0,0.0,-0.21768604218959808,8.554234504699707,0.0,0.0,0.0,0.0,0,72.679833
PIDY,72719833,0.0,0.0,0.0,0.0,-0.19856326282024384,9.801420211791992,0.0,0.0,0.0,0.0,0,72.719833
PIDY,72759833,0.0,0.0,0.0,0.0,-0.17682424187660217,10.849079132080078,0.0,0.0,0.0,0.0,0,72.759833
PIDY,72799833,0.0,0.0,0.0,0.0,-0.1527559757232666,11.664901733398438,0.0,0.0,0.0,0.0,0,72.799833
PIDY,72839833,0.0,0.0,0.0,0.0,-0.12699836492538452,12.238792419433594,0.0,0.0,0.0,0.0,0,72.839833
PIDY,72879833,0.0,0.0,0.0,0.0,-0.09999622404575348,12.552781105041504,0.0,0.0,0.0,0.0,0,72.879833
PIDY,72919833,0.0,0.0,0.0,0.0,-0.0722774937748909,12.584271430969238,0.0,0.0,0.0,0.0,0,72.919833
PIDY,72959833,0.0,0.0,0.0,0.0,-0.044543832540512085,12.345010757446289,0.0,0.0,0.0,0.0,0,72.959833
PIDY,72999833,0.0,0.0,0.0,0.0,-0.01729005016386509,11.845627784729004,0.0,0.0,0.0,0.0,0,72.999833
PIDY,73039833,0.0,0.0,0.0,0.0,0.008917564526200294,11.115975379943848,0.0,0.0,0.0,0.0,0,73.039833
PIDY,73079833,0.0,0.0,0.0,0.0,0.03359594941139221,10.185961723327637,0.0,0.0,0.0,0.0,0,73.079833
PIDY,73119833,0.0,0.0,0.0,0.0,0.05629950761795044,9.096026420593262,0.0,0.0,0.0,0.0,0,73.119833
PIDY,73159833,0.0,0.0,0.0,0.0,0.07674187421798706,7.905767440795898,0.0,0.0,0.0,0.0,0,73.159833
PIDY,73199833,0.0,0.0,0.0,0.0,0.0946435034275055,6.656550407409668,0.0,0.0,0.0,0.0,0,73.199833
PIDY,73239833,0.0,0.0,0.0,0.0,0.10997600853443146,5.401655673980713,0.0,0.0,0.0,0.0,0,73.239833
PIDY,73279833,0.0,0.0,0.0,0.0,0.1226910948753357,4.188681125640869,0.0,0.0,0.0,0.0,0,73.279833
PIDY,73319833,0.0,0.0,0.0,0.0,0.13283604383468628,3.06380558013916,0.0,0.0,0.0,0.0,0,73.319833
PIDY,73359833,0.0,0.0,0.0,0.0,0.1406845897436142,2.06019926071167,0.0,0.0,0.0,0.0,0,73.359833
PIDY,73399833,0.0,0.0,0.0,0.0,0.1464013308286667,1.199695348739624,0.0,0.0,0.0,0.0,0,73.399833
PIDY,73439833,0.0,0.0,0.0,0.0,0.15045267343521118,0.5549582839012146,0.0,0.0,0.0,0.0,0,73.439833
PIDY,73479833,0.0,0.0,0.0,0.0,0.153588205575943,0.37506529688835144,0.0,0.0,0.0,0.0,0,73.479833
PIDY,73519833,0.0,0.0,0.0,0.0,0.15691399574279785,0.7397796511650085,0.0,0.0,0.0,0.0,0,73.519833
PIDY,73559833,0.0,0.0,0.0,0.0,0.16149385273456573,1.5464417934417725,0.0,0.0,0.0,0.0,0,73.559833
PIDY,73599833,0.0,0.0,0.0,0.0,0.16811195015907288,2.6542043685913086,0.0,0.0,0.0,0.0,0,73.599833
PIDY,73639833,0.0,0.0,0.0,0.0,0.17728522419929504,3.9417977333068848,0.0,0.0,0.0,0.0,0,73.639833
PIDY,73679833,0.0,0.0,0.0,0.0,0.18934130668640137,5.31339693069458,0.0,0.0,0.0,0.0,0,73.679833
PIDY,73719833,0.0,0.0,0.0,0.0,0.204403355717659,6.6924567222595215,0.0,0.0,0.0,0.0,0,73.719833
PIDY,73759833,0.0,0.0,0.0,0.0,0.22245477139949799,8.023832321166992,0.0,0.0,0.0,0.0,0,73.759833
PIDY,73799833,0.0,0.0,0.0,0.0,0.24336422979831696,9.259462356567383,0.0,0.0,0.0,0.0,0,73.799833
PIDY,73839833,0.0,0.0,0.0,0.0,0.2668837308883667,10.356887817382812,0.0,0.0,0.0,0.0,0,73.839833
PIDY,73879833,0.0,0.0,0.0,0.0,0.29269933700561523,11.270149230957031,0.0,0.0,0.0,0.0,0,73.879833
PIDY,73919833,0.0,0.0,0.0,0.0,0.3205016553401947,11.965904235839844,0.0,0.0,0.0,0.0,0,73.919833
PIDY,73959833,0.0,0.0,0.0,0.0,0.34962400794029236,12.407912254333496,0.0,0.0,0.0,0.0,0,73.959833
PIDY,73999833,0.0,0.0,0.0,0.0,0.3797565996646881,12.576290130615234,0.0,0.0,0.0,0.0,0,73.999833
PIDY,74039833,0.0,0.0,0.0,0.0,0.4100490212440491,12.444901466369629,0.0,0.0,0.0,0.0,0,74.039833
PIDY,74079833,0.0,0.0,0.0,0.0,0.44000524282455444,12.024747848510742,0.0,0.0,0.0,0.0,0,74.079833
PIDY,74119833,0.0,0.0,0.0,0.0,0.46923598647117615,11.339491844177246,0.0,0.0,0.0,0.0,0,74.119833
PIDY,74159833,0.0,0.0,0.0,0.0,0.49676191806793213,10.405634880065918,0.0,0.0,0.0,0.0,0,74.159833
PIDY,74199833,0.0,0.0,0.0,0.0,0.5224615335464478,9.26797866821289,0.0,0.0,0.0,0.0,0,74.199833
PIDY,74239833,0.0,0.0,0.0,0.0,0.5455053448677063,7.969922065734863,0.0,0.0,0.0,0.0,0,74.239833
PIDY,74279833,0.0,0.0,0.0,0.0,0.5657600164413452,6.565952301025391,0.0,0.0,0.0,0.0,0,74.279833
PIDY,74319833,0.0,0.0,0.0,0.0,0.5831507444381714,5.112683296203613,0.0,0.0,0.0,0.0,0,74.319833
PIDY,74359833,0.0,0.0,0.0,0.0,0.5973203778266907,3.6652979850769043,0.0,0.0,0.0,0.0,0,74.359833
PIDY,74399833,0.0,0.0,0.0,0.0,0.6086122393608093,2.2765252590179443,0.0,0.0,0.0,0.0,0,74.399833
PIDY,74439833,0.0,0.0,0.0,0.0,0.6167627573013306,0.9834668636322021,0.0,0.0,0.0,0.0,0,74.439833
PIDY,74479833,0.0,0.0,0.0,0.0,0.6221687197685242,-0.17799122631549835,0.0,0.0,0.0,0.0,0,74.479833
PIDY,74519833,0.0,0.0,0.0,0.0,0.6252630352973938,-1.1733869314193726,0.0,0.0,0.0,0.0,0,74.519833
PIDY,74559833,0.0,0.0,0.0,0.0,0.6261111497879028,-1.9792344570159912,0.0,0.0,0.0,0.0,0,74.559833
PIDY,74599833,0.0,0.0,0.0,0.0,0.6254352927207947,-2.5828652381896973,0.0,0.0,0.0,0.0,0,74.599833
PIDY,74639833,0.0,0.0,0.0,0.0,0.6232843995094299,-2.9786620140075684,0.0,0.0,0.0,0.0,0,74.639833
PIDY,74679833,0.0,0.0,0.0,0.0,0.6202760338783264,-3.1712288856506348,0.0,0.0,0.0,0.0,0,74.679833
PIDY,74719833,0.0,0.0,0.0,0.0,0.6169005632400513,-3.173452615737915,0.0,0.0,0.0,0.0,0,74.719833
PIDY,74759833,0.0,0.0,0.0,0.0,0.6134204268455505,-3.0055766105651855,0.0,0.0,0.0,0.0,0,74.759833
PIDY,74799833,0.0,0.0,0.0,0.0,0.6102517247200012,-2.7001919746398926,0.0,0.0,0.0,0.0,0,74.799833
PIDY,74839833,0.0,0.0,0.0,0.0,0.6076472997665405,-2.284299373626709,0.0,0.0,0.0,0.0,0,74.839833
PIDY,74879833,0.0,0.0,0.0,0.0,0.6058555245399475,-1.785204529762268,0.0,0.0,0.0,0.0,0,74.879833
PIDY,74919833,0.0,0.0,0.0,0.0,0.6050465106964111,-1.2364426851272583,0.0,0.0,0.0,0.0,0,74.919833
PIDY,74959833,0.0,0.0,0.0,0.0,0.6053561568260193,-0.6671969294548035,0.0,0.0,0.0,0.0,0,74.959833
PIDY,74999833,0.0,0.0,0.0,0.0,0.6066078543663025,-0.1130436360836029,0.0,0.0,0.0,0.0,0,74.999833
PIDY,75039833,0.0,0.0,0.0,0.0,0.6091312766075134,0.398601233959198,0.0,0.0,0.0,0.0,0,75.039833
PIDY,75079833,0.0,0.0,0.0,0.0,0.6126434803009033,0.8340510129928589,0.0,0.0,0.0,0.0,0,75.079833
PIDY,75119833,0.0,0.0,0.0,0.0,0.616844654083252,1.1725437641143799,0.0,0.0,0.0,0.0,0,75.119833
PIDY,75159833,0.0,0.0,0.0,0.0,0.6218428611755371,1.4066622257232666,0.0,0.0,0.0,0.0,0,75.159833
PIDY,75199833,0.0,0.0,0.0,0.0,0.6270673274993896,1.5233296155929565,0.0,0.0,0.0,0.0,0,75.199833
PIDY,75239833,0.0,0.0,0.0,0.0,0.6325914859771729,1.4688425064086914,0.0,0.0,0.0,0.0,0,75.239833
PIDY,75279833,0.0,0.0,0.0,0.0,0.637545108795166,1.0250457525253296,0.0,0.0,0.0,0.0,0,75.279833
PIDY,75319833,0.0,0.0,0.0,0.0,0.6406826972961426,0.13456276059150696,0.0,0.0,0.0,0.0,0,75.319833
PIDY,75359833,0.0,0.0,0.0,0.0,0.6418072581291199,-1.0884923934936523,0.0,0.0,0.0,0.0,0,75.359833
PIDY,75399833,0.0,0.0,0.0,0.0,0.6396007537841797,-2.5155489444732666,0.0,0.0,0.0,0.0,0,75.399833
PIDY,75439833,0.0,0.0,0.0,0.0,0.6345478296279907,-4.028285026550293,0.0,0.0,0.0,0.0,0,75.439833
PIDY,75479833,0.0,0.0,0.0,0.0,0.6261153221130371,-5.534415245056152,0.0,0.0,0.0,0.0,0,75.479833
PIDY,75519833,0.0,0.0,0.0,0.0,0.614060640335083,-6.9647135734558105,0.0,0.0,0.0,0.0,0,75.519833
PIDY,75559833,0.0,0.0,0.0,0.0,0.5991951823234558,-8.275250434875488,0.0,0.0,0.0,0.0,0,75.559833
PIDY,75599833,0.0,0.0,0.0,0.0,0.5811287760734558,-9.424601554870605,0.0,0.0,0.0,0.0,0,75.599833
PIDY,75639833,0.0,0.0,0.0,0.0,0.5609394907951355,-10.388947486877441,0.0,0.0,0.0,0.0,0,75.639833
PIDY,75679833,0.0,0.0,0.0,0.0,0.5386905074119568,-11.131242752075195,0.0,0.0,0.0,0.0,0,75.679833
PIDY,75719833,0.0,0.0,0.0,0.0,0.5146271586418152,-11.620556831359863,0.0,0.0,0.0,0.0,0,75.719833
PIDY,75759833,0.0,0.0,0.0,0.0,0.489768922328949,-11.852534294128418,0.0,0.0,0.0,0.0,0,75.759833
PIDY,75799833,0.0,0.0,0.0,0.0,0.4641450047492981,-11.814030647277832,0.0,0.0,0.0,0.0,0,75.799833
PIDY,75839833,0.0,0.0,0.0,0.0,0.4388491213321686,-11.516845703125,0.0,0.0,0.0,0.0,0,75.839833
PIDY,75879833,0.0,0.0,0.0,0.0,0.4141573905944824,-10.973968505859375,0.0,0.0,0.0,0.0,0,75.879833
PIDY,75919833,0.0,0.0,0.0,0.0,0.390365868806839,-10.207880973815918,0.0,0.0,0.0,0.0,0,75.919833
PIDY,75959833,0.0,0.0,0.0,0.0,0.3684106469154358,-9.257320404052734,0.0,0.0,0.0,0.0,0,75.959833
PIDY,75999833,0.0,0.0,0.0,0.0,0.34822118282318115,-8.161147117614746,0.0,0.0,0.0,0.0,0,75.999833
PIDY,76039833,0.0,0.0,0.0,0.0,0.3305491805076599,-6.979958534240723,0.0,0.0,0.0,0.0,0,76.039833
PIDY,76079833,0.0,0.0,0.0,0.0,0.3153441250324249,-5.765541076660156,0.0,0.0,0.0,0.0,0,76.079833
PIDY,76119833,0.0,0.0,0.0,0.0,0.3024911880493164,-4.5679121017456055,0.0,0.0,0.0,0.0,0,76.119833
PIDY,76159833,0.0,0.0,0.0,0.0,0.2923244833946228,-3.4418280124664307,0.0,0.0,0.0,0.0,0,76.159833
PIDY,76199833,0.0,0.0,0.0,0.0,0.28436294198036194,-2.432359218597412,0.0,0.0,0.0,0.0,0,76.199833
PIDY,76239833,0.0,0.0,0.0,0.0,0.2785927951335907,-1.5735448598861694,0.0,0.0,0.0,0.0,0,76.239833
PIDY,76279833,0.0,0.0,0.0,0.0,0.2745778560638428,-0.8891278505325317,0.0,0.0,0.0,0.0,0,76.279833
PIDY,76319833,0.0,0.0,0.0,0.0,0.27180778980255127,-0.4434437155723572,0.0,0.0,0.0,0.0,0,76.319833
PIDY,76359833,0.0,0.0,0.0,0.0,0.2696566879749298,-0.4494202435016632,0.0,0.0,0.0,0.0,0,76.359833
PIDY,76399833,0.0,0.0,0.0,0.0,0.26690977811813354,-0.9664798974990845,0.0,0.0,0.0,0.0,0,76.399833
PIDY,76439833,0.0,0.0,0.0,0.0,0.26271143555641174,-1.879986047744751,0.0,0.0,0.0,0.0,0,76.439833
PIDY,76479833,0.0,0.0,0.0,0.0,0.256304532289505,-3.054143190383911,0.0,0.0,0.0,0.0,0,76.479833
PIDY,76519833,0.0,0.0,0.0,0.0,0.2471548467874527,-4.374695777893066,0.0,0.0,0.0,0.0,0,76.519833
PIDY,76559833,0.0,0.0,0.0,0.0,0.23514090478420258,-5.7577595710754395,0.0,0.0,0.0,0.0,0,76.559833
PIDY,76599833,0.0,0.0,0.0,0.0,0.22008541226387024,-7.1264567375183105,0.0,0.0,0.0,0.0,0,76.599833
PIDY,76639833,0.0,0.0,0.0,0.0,0.2021102011203766,-8.41528034210205,0.0,0.0,0.0,0.0,0,76.639833
PIDY,76679833,0.0,0.0,0.0,0.0,0.18139123916625977,-9.57814884185791,0.0,0.0,0.0,0.0,0,76.679833
PIDY,76719833,0.0,0.0,0.0,0.0,0.15823765099048615,-10.570658683776855,0.0,0.0,0.0,0.0,0,76.719833
PIDY,76759833,0.0,0.0,0.0,0.0,0.13301731646060944,-11.3488130569458,0.0,0.0,0.0,0.0,0,76.759833
PIDY,76799833,0.0,0.0,0.0,0.0,0.10619668662548065,-11.884130477905273,0.0,0.0,0.0,0.0,0,76.799833
PIDY,76839833,0.0,0.0,0.0,0.0,0.07829415053129196,-12.152364730834961,0.0,0.0,0.0,0.0,0,76.839833
PIDY,76879833,0.0,0.0,0.0,0.0,0.04988337308168411,-12.130287170410156,0.0,0.0,0.0,0.0,0,76.879833
PIDY,76919833,0.0,0.0,0.0,0.0,0.021563876420259476,-11.82034969329834,0.0,0.0,0.0,0.0,0,76.919833
PIDY,76959833,0.0,0.0,0.0,0.0,-0.006064122077077627,-11.239019393920898,0.0,0.0,0.0,0.0,0,76.959833
PIDY,76999833,0.0,0.0,0.0,0.0,-0.032441992312669754,-10.414005279541016,0.0,0.0,0.0,0.0,0,76.999833
PIDY,77039833,0.0,0.0,0.0,0.0,-0.057031188160181046,-9.36996841430664,0.0,0.0,0.0,0.0,0,77.039833
PIDY,77079833,0.0,0.0,0.0,0.0,-0.0793776735663414,-8.15262508392334,0.0,0.0,0.0,0.0,0,77.079833
PIDY,77119833,0.0,0.0,0.0,0.0,-0.09915049374103546,-6.820504665374756,0.0,0.0,0.0,0.0,0,77.119833
PIDY,77159833,0.0,0.0,0.0,0.0,-0.11605773866176605,-5.4298906326293945,0.0,0.0,0.0,0.0,0,77.159833
PIDY,77199833,0.0,0.0,0.0,0.0,-0.13006049394607544,-4.042775630950928,0.0,0.0,0.0,0.0,0,77.199833
PIDY,77239833,0.0,0.0,0.0,0.0,-0.1410912722349167,-2.7110302448272705,0.0,0.0,0.0,0.0,0,77.239833
PIDY,77279833,0.0,0.0,0.0,0.0,-0.1493273824453354,-1.4899102449417114,0.0,0.0,0.0,0.0,0,77.279833
PIDY,77319833,0.0,0.0,0.0,0.0,-0.1550500988960266,-0.41600143909454346,0.0,0.0,0.0,0.0,0,77.319833
PIDY,77359833,0.0,0.0,0.0,0.0,-0.15847750008106232,0.4797247350215912,0.0,0.0,0.0,0.0,0,77.359833
PIDY,77399833,0.0,0.0,0.0,0.0,-0.16005855798721313,1.1750340461730957,0.0,0.0,0.0,0.0,0,77.399833
PIDY,77439833,0.0,0.0,0.0,0.0,-0.16016864776611328,1.6552534103393555,0.0,0.0,0.0,0.0,0,77.439833
PIDY,77479833,0.0,0.0,0.0,0.0,-0.15928427875041962,1.918239712715149,0.0,0.0,0.0,0.0,0,77.479833
PIDY,77519833,0.0,0.0,0.0,0.0,-0.15789131820201874,1.9766325950622559,0.0,0.0,0.0,0.0,0,77.519833
PIDY,77559833,0.0,0.0,0.0,0.0,-0.15633328258991241,1.8462231159210205,0.0,0.0,0.0,0.0,0,77.559833
PIDY,77599833,0.0,0.0,0.0,0.0,-0.15501506626605988,1.553922414779663,0.0,0.0,0.0,0.0,0,77.599833
PIDY,77639833,0.0,0.0,0.0,0.0,-0.15430352091789246,1.1296573877334595,0.0,0.0,0.0,0.0,0,77.639833
PIDY,77679833,0.0,0.0,0.0,0.0,-0.1544504165649414,0.6043786406517029,0.0,0.0,0.0,0.0,0,77.679833
PIDY,77719833,0.0,0.0,0.0,0.0,-0.1556430459022522,0.011955996043980122,0.0,0.0,0.0,0.0,0,77.719833
PIDY,77759833,0.0,0.0,0.0,0.0,-0.158049076795578,-0.6090767979621887,0.0,0.0,0.0,0.0,0,77.759833
PIDY,77799833,0.0,0.0,0.0,0.0,-0.1616421639919281,-1.213676929473877,0.0,0.0,0.0,0.0,0,77.799833
PIDY,77839833,0.0,0.0,0.0,0.0,-0.16649851202964783,-1.7800955772399902,0.0,0.0,0.0,0.0,0,77.839833
PIDY,77879833,0.0,0.0,0.0,0.0,-0.1724802702665329,-2.2767608165740967,0.0,0.0,0.0,0.0,0,77.879833
PIDY,77919833,0.0,0.0,0.0,0.0,-0.17932488024234772,-2.6749069690704346,0.0,0.0,0.0,0.0,0,77.919833
PIDY,77959833,0.0,0.0,0.0,0.0,-0.18705318868160248,-2.9648213386535645,0.0,0.0,0.0,0.0,0,77.959833
PIDY,77999833,0.0,0.0,0.0,0.0,-0.19519437849521637,-3.128086566925049,0.0,0.0,0.0,0.0,0,77.999833
PIDY,78039833,0.0,0.0,0.0,0.0,-0.20376290380954742,-3.1678054332733154,0.0,0.0,0.0,0.0,0,78.039833
PIDY,78079833,0.0,0.0,0.0,0.0,-0.2123585194349289,-3.074712038040161,0.0,0.0,0.0,0.0,0,78.079833
PIDY,78119833,0.0,0.0,0.0,0.0,-0.22049520909786224,-2.758854389190674,0.0,0.0,0.0,0.0,0,78.119833
PIDY,78159833,0.0,0.0,0.0,0.0,-0.2273782640695572,-1.879523754119873,0.0,0.0,0.0,0.0,0,78.159833
PIDY,78199833,0.0,0.0,0.0,0.0,-0.23142686486244202,-0.3751503825187683,0.0,0.0,0.0,0.0,0,78.199833
PIDY,78239833,0.0,0.0,0.0,0.0,-0.23186565935611725,1.5018240213394165,0.0,0.0,0.0,0.0,0,78.239833
PIDY,78279833,0.0,0.0,0.0,0.0,-0.22809089720249176,3.4637959003448486,0.0,0.0,0.0,0.0,0,78.279833
PIDY,78319833,0.0,0.0,0.0,0.0,-0.21999946236610413,5.31628942489624,0.0,0.0,0.0,0.0,0,78.319833
PIDY,78359833,0.0,0.0,0.0,0.0,-0.20806804299354553,6.957903861999512,0.0,0.0,0.0,0.0,0,78.359833
PIDY,78399833,0.0,0.0,0.0,0.0,-0.19253376126289368,8.359761238098145,0.0,0.0,0.0,0.0,0,78.399833
PIDY,78439833,0.0,0.0,0.0,0.0,-0.17409320175647736,9.557461738586426,0.0,0.0,0.0,0.0,0,78.439833
PIDY,78479833,0.0,0.0,0.0,0.0,-0.15298087894916534,10.61302661895752,0.0,0.0,0.0,0.0,0,78.479833
PIDY,78519833,0.0,0.0,0.0,0.0,-0.12938138842582703,11.56197738647461,0.0,0.0,0.0,0.0,0,78.519833
PIDY,78559833,0.0,0.0,0.0,0.0,-0.10366842150688171,12.375093460083008,0.0,0.0,0.0,0.0,0,78.559833
PIDY,78599833,0.0,0.0,0.0,0.0,-0.07613106071949005,12.946623802185059,0.0,0.0,0.0,0.0,0,78.599833
PIDY,78639833,0.0,0.0,0.0,0.0,-0.04747728630900383,13.170403480529785,0.0,0.0,0.0,0.0,0,78.639833
PIDY,78679833,0.0,0.0,0.0,0.0,-0.018459239974617958,12.98726749420166,0.0,0.0,0.0,0.0,0,78.679833
PIDY,78719833,0.0,0.0,0.0,0.0,0.010067063383758068,12.401433944702148,0.0,0.0,0.0,0.0,0,78.719833
PIDY,78759833,0.0,0.0,0.0,0.0,0.03728914633393288,11.48501968383789,0.0,0.0,0.0,0.0,0,78.759833
PIDY,78799833,0.0,0.0,0.0,0.0,0.06252419203519821,10.32555103302002,0.0,0.0,0.0,0.0,0,78.799833
PIDY,78839833,0.0,0.0,0.0,0.0,0.0854162871837616,9.053173065185547,0.0,0.0,0.0,0.0,0,78.839833
PIDY,78879833,0.0,0.0,0.0,0.0,0.10573629289865494,7.758591175079346,0.0,0.0,0.0,0.0,0,78.879833
PIDY,78919833,0.0,0.0,0.0,0.0,0.12336081266403198,6.488373279571533,0.0,0.0,0.0,0.0,0,78.919833
PIDY,78959833,0.0,0.0,0.0,0.0,0.13844700157642365,5.254883766174316,0.0,0.0,0.0,0.0,0,78.959833
PIDY,78999833,0.0,0.0,0.0,0.0,0.15083183348178864,4.040230751037598,0.0,0.0,0.0,0.0,0,78.999833
PIDY,79039833,0.0,0.0,0.0,0.0,0.16073529422283173,2.856050491333008,0.0,0.0,0.0,0.0,0,79.039833
PIDY,79079833,0.0,0.0,0.0,0.0,0.1681222915649414,1.7344032526016235,0.0,0.0,0.0,0.0,0,79.079833
PIDY,79119833,0.0,0.0,0.0,0.0,0.17301508784294128,0.7183675765991211,0.0,0.0,0.0,0.0,0,79.119833
PIDY,79159833,0.0,0.0,0.0,0.0,0.17590440809726715,-0.13061684370040894,0.0,0.0,0.0,0.0,0,79.159833
PIDY,79199833,0.0,0.0,0.0,0.0,0.17707927525043488,-0.6628727316856384,0.0,0.0,0.0,0.0,0,79.199833
PIDY,79239833,0.0,0.0,0.0,0.0,0.17794498801231384,-0.4824429750442505,0.0,0.0,0.0,0.0,0,79.239833
PIDY,79279833,0.0,0.0,0.0,0.0,0.18007107079029083,0.4805108606815338,0.0,0.0,0.0,0.0,0,79.279833
PIDY,79319833,0.0,0.0,0.0,0.0,0.18473373353481293,1.9532122611999512,0.0,0.0,0.0,0.0,0,79.319833
PIDY,79359833,0.0,0.0,0.0,0.0,0.19274792075157166,3.601292133331299,0.0,0.0,0.0,0.0,0,79.359833
PIDY,79399833,0.0,0.0,0.0,0.0,0.20420300960540771,5.20313024520874,0.0,0.0,0.0,0.0,0,79.399833
PIDY,79439833,0.0,0.0,0.0,0.0,0.21900850534439087,6.6549248695373535,0.0,0.0,0.0,0.0,0,79.439833
PIDY,79479833,0.0,0.0,0.0,0.0,0.236825093626976,7.933682441711426,0.0,0.0,0.0,0.0,0,79.479833
PIDY,79519833,0.0,0.0,0.0,0.0,0.2572798728942871,9.077966690063477,0.0,0.0,0.0,0.0,0,79.519833
PIDY,79559833,0.0,0.0,0.0,0.0,0.2803288400173187,10.17824935913086,0.0,0.0,0.0,0.0,0,79.559833
PIDY,79599833,0.0,0.0,0.0,0.0,0.3058755099773407,11.272136688232422,0.0,0.0,0.0,0.0,0,79.599833
PIDY,79639833,0.0,0.0,0.0,0.0,0.33390453457832336,12.299542427062988,0.0,0.0,0.0,0.0,0,79.639833
PIDY,79679833,0.0,0.0,0.0,0.0,0.3641204833984375,13.116596221923828,0.0,0.0,0.0,0.0,0,79.679833
PIDY,79719833,0.0,0.0,0.0,0.0,0.39595386385917664,13.564525604248047,0.0,0.0,0.0,0.0,0,79.719833
PIDY,79759833,0.0,0.0,0.0,0.0,0.42849794030189514,13.554797172546387,0.0,0.0,0.0,0.0,0,79.759833
PIDY,79799833,0.0,0.0,0.0,0.0,0.46078211069107056,13.086105346679688,0.0,0.0,0.0,0.0,0,79.799833
PIDY,79839833,0.0,0.0,0.0,0.0,0.4919731318950653,12.22032356262207,0.0,0.0,0.0,0.0,0,79.839833
PIDY,79879833,0.0,0.0,0.0,0.0,0.5212582945823669,11.061842918395996,0.0,0.0,0.0,0.0,0,79.879833
PIDY,79919833,0.0,0.0,0.0,0.0,0.5480387806892395,9.742450714111328,0.0,0.0,0.0,0.0,0,79.919833
PIDY,79959833,0.0,0.0,0.0,0.0,0.5721839070320129,8.368600845336914,0.0,0.0,0.0,0.0,0,79.959833
PIDY,79999833,0.0,0.0,0.0,0.0,0.593471109867096,6.982663154602051,0.0,0.0,0.0,0.0,0,79.999833
PIDY,80039833,0.0,0.0,0.0,0.0,0.6118552684783936,5.578492164611816,0.0,0.0,0.0,0.0,0,80.039833
PIDY,80079833,0.0,0.0,0.0,0.0,0.6272018551826477,4.133621692657471,0.0,0.0,0.0,0.0,0,80.079833
PIDY,80119833,0.0,0.0,0.0,0.0,0.6392634510993958,2.6558988094329834,0.0,0.0,0.0,0.0,0,80.119833
PIDY,80159833,0.0,0.0,0.0,0.0,0.6482476592063904,1.192384958267212,0.0,0.0,0.0,0.0,0,80.159833
PIDY,80199833,0.0,0.0,0.0,0.0,0.6539066433906555,-0.19486485421657562,0.0,0.0,0.0,0.0,0,80.199833
PIDY,80239833,0.0,0.0,0.0,0.0,0.6567736268043518,-1.422487497329712,0.0,0.0,0.0,0.0,0,80.239833
PIDY,80279833,0.0,0.0,0.0,0.0,0.6570718288421631,-2.411001682281494,0.0,0.0,0.0,0.0,0,80.279833
PIDY,80319833,0.0,0.0,0.0,0.0,0.6552318930625916,-3.110548496246338,0.0,0.0,0.0,0.0,0,80.319833
PIDY,80359833,0.0,0.0,0.0,0.0,0.6520549058914185,-3.513065814971924,0.0,0.0,0.0,0.0,0,80.359833
PIDY,80399833,0.0,0.0,0.0,0.0,0.647832989692688,-3.6598258018493652,0.0,0.0,0.0,0.0,0,80.399833
PIDY,80439833,0.0,0.0,0.0,0.0,0.643439769744873,-3.607494831085205,0.0,0.0,0.0,0.0,0,80.439833
PIDY,80479833,0.0,0.0,0.0,0.0,0.6390752196311951,-3.4044744968414307,0.0,0.0,0.0,0.0,0,80.479833
PIDY,80519833,0.0,0.0,0.0,0.0,0.6347807049751282,-3.0921308994293213,0.0,0.0,0.0,0.0,0,80.519833
PIDY,80559833,0.0,0.0,0.0,0.0,0.63128662109375,-2.699972152709961,0.0,0.0,0.0,0.0,0,80.559833
PIDY,80599833,0.0,0.0,0.0,0.0,0.6282869577407837,-2.220325469970703,0.0,0.0,0.0,0.0,0,80.599833
PIDY,80639833,0.0,0.0,0.0,0.0,0.6265493035316467,-1.6326078176498413,0.0,0.0,0.0,0.0,0,80.639833
PIDY,80679833,0.0,0.0,0.0,0.0,0.6260657906532288,-0.947172224521637,0.0,0.0,0.0,0.0,0,80.679833
PIDY,80719833,0.0,0.0,0.0,0.0,0.6267244219779968,-0.21073199808597565,0.0,0.0,0.0,0.0,0,80.719833
PIDY,80759833,0.0,0.0,0.0,0.0,0.629189670085907,0.5099450945854187,0.0,0.0,0.0,0.0,0,80.759833
PIDY,80799833,0.0,0.0,0.0,0.0,0.6325947642326355,1.1272939443588257,0.0,0.0,0.0,0.0,0,80.799833
PIDY,80839833,0.0,0.0,0.0,0.0,0.6376343369483948,1.5987141132354736,0.0,0.0,0.0,0.0,0,80.839833
PIDY,80879833,0.0,0.0,0.0,0.0,0.6435385942459106,1.9016274213790894,0.0,0.0,0.0,0.0,0,80.879833
PIDY,80919833,0.0,0.0,0.0,0.0,0.6495122313499451,2.0350229740142822,0.0,0.0,0.0,0.0,0,80.919833
PIDY,80959833,0.0,0.0,0.0,0.0,0.6561552882194519,2.038524866104126,0.0,0.0,0.0,0.0,0,80.959833
PIDY,80999833,0.0,0.0,0.0,0.0,0.6622404456138611,1.8585480451583862,0.0,0.0,0.0,0.0,0,80.999833
PIDY,81039833,0.0,0.0,0.0,0.0,0.6677737832069397,1.1790305376052856,0.0,0.0,0.0,0.0,0,81.039833
PIDY,81079833,0.0,0.0,0.0,0.0,0.6711077690124512,-0.06481652706861496,0.0,0.0,0.0,0.0,0,81.079833
PIDY,81119833,0.0,0.0,0.0,0.0,0.670916736125946,-1.6660441160202026,0.0,0.0,0.0,0.0,0,81.119833
PIDY,81159833,0.0,0.0,0.0,0.0,0.667483389377594,-3.3721039295196533,0.0,0.0,0.0,0.0,0,81.159833
PIDY,81199833,0.0,0.0,0.0,0.0,0.6600996851921082,-4.957814693450928,0.0,0.0,0.0,0.0,0,81.199833
PIDY,81239833,0.0,0.0,0.0,0.0,0.6498095989227295,-6.301640033721924,0.0,0.0,0.0,0.0,0,81.239833
PIDY,81279833,0.0,0.0,0.0,0.0,0.6367179155349731,-7.429971218109131,0.0,0.0,0.0,0.0,0,81.279833
PIDY,81319833,0.0,0.0,0.0,0.0,0.6207322478294373,-8.429302215576172,0.0,0.0,0.0,0.0,0,81.319833
PIDY,81359833,0.0,0.0,0.0,0.0,0.6028765439987183,-9.363312721252441,0.0,0.0,0.0,0.0,0,81.359833
PIDY,81399833,0.0,0.0,0.0,0.0,0.5823901891708374,-10.227958679199219,0.0,0.0,0.0,0.0,0,81.399833
PIDY,81439833,0.0,0.0,0.0,0.0,0.5604103207588196,-10.968477249145508,0.0,0.0,0.0,0.0,0,81.439833
PIDY,81479833,0.0,0.0,0.0,0.0,0.5368362069129944,-11.469818115234375,0.0,0.0,0.0,0.0,0,81.479833
PIDY,81519833,0.0,0.0,0.0,0.0,0.5119626522064209,-11.621343612670898,0.0,0.0,0.0,0.0,0,81.519833
PIDY,81559833,0.0,0.0,0.0,0.0,0.4872308671474457,-11.361544609069824,0.0,0.0,0.0,0.0,0,81.559833
PIDY,81599833,0.0,0.0,0.0,0.0,0.4628317058086395,-10.696045875549316,0.0,0.0,0.0,0.0,0,81.599833
PIDY,81639833,0.0,0.0,0.0,0.0,0.4402660131454468,-9.750545501708984,0.0,0.0,0.0,0.0,0,81.639833
PIDY,81679833,0.0,0.0,0.0,0.0,0.41963905096054077,-8.65474796295166,0.0,0.0,0.0,0.0,0,81.679833
PIDY,81719833,0.0,0.0,0.0,0.0,0.4009069800376892,-7.512695789337158,0.0,0.0,0.0,0.0,0,81.719833
PIDY,81759833,0.0,0.0,0.0,0.0,0.38473665714263916,-6.400094032287598,0.0,0.0,0.0,0.0,0,81.759833
PIDY,81799833,0.0,0.0,0.0,0.0,0.3705919086933136,-5.3271284103393555,0.0,0.0,0.0,0.0,0,81.799833
PIDY,81839833,0.0,0.0,0.0,0.0,0.35888874530792236,-4.281796932220459,0.0,0.0,0.0,0.0,0,81.839833
PIDY,81879833,0.0,0.0,0.0,0.0,0.34941399097442627,-3.2405905723571777,0.0,0.0,0.0,0.0,0,81.879833
PIDY,81919833,0.0,0.0,0.0,0.0,0.34199315309524536,-2.198831796646118,0.0,0.0,0.0,0.0,0,81.919833
PIDY,81959833,0.0,0.0,0.0,0.0,0.3370286524295807,-1.2063969373703003,0.0,0.0,0.0,0.0,0,81.959833
PIDY,81999833,0.0,0.0,0.0,0.0,0.3339610695838928,-0.3503210246562958,0.0,0.0,0.0,0.0,0,81.999833
PIDY,82039833,0.0,0.0,0.0,0.0,0.3327833414077759,0.2860717177391052,0.0,0.0,0.0,0.0,0,82.039833
PIDY,82079833,0.0,0.0,0.0,0.0,0.33272647857666016,0.5683889389038086,0.0,0.0,0.0,0.0,0,82.079833
PIDY,82119833,0.0,0.0,0.0,0.0,0.33244025707244873,0.1483127325773239,0.0,0.0,0.0,0.0,0,82.119833
PIDY,82159833,0.0,0.0,0.0,0.0,0.3305259346961975,-0.9953174591064453,0.0,0.0,0.0,0.0,0,82.159833
PIDY,82199833,0.0,0.0,0.0,0.0,0.32567647099494934,-2.5613009929656982,0.0,0.0,0.0,0.0,0,82.199833
PIDY,82239833,0.0,0.0,0.0,0.0,0.31743618845939636,-4.201396942138672,0.0,0.0,0.0,0.0,0,82.239833
PIDY,82279833,0.0,0.0,0.0,0.0,0.3059125244617462,-5.631753921508789,0.0,0.0,0.0,0.0,0,82.279833
PIDY,82319833,0.0,0.0,0.0,0.0,0.29162657260894775,-6.7546563148498535,0.0,0.0,0.0,0.0,0,82.319833
PIDY,82359833,0.0,0.0,0.0,0.0,0.27505871653556824,-7.681166648864746,0.0,0.0,0.0,0.0,0,82.359833
PIDY,82399833,0.0,0.0,0.0,0.0,0.2563702166080475,-8.566193580627441,0.0,0.0,0.0,0.0,0,82.399833
PIDY,82439833,0.0,0.0,0.0,0.0,0.23562100529670715,-9.515777587890625,0.0,0.0,0.0,0.0,0,82.439833
PIDY,82479833,0.0,0.0,0.0,0.0,0.21260966360569,-10.524223327636719,0.0,0.0,0.0,0.0,0,82.479833
PIDY,82519833,0.0,0.0,0.0,0.0,0.18730062246322632,-11.45524787902832,0.0,0.0,0.0,0.0,0,82.519833
PIDY,82559833,0.0,0.0,0.0,0.0,0.16011576354503632,-12.118963241577148,0.0,0.0,0.0,0.0,0,82.559833
PIDY,82599833,0.0,0.0,0.0,0.0,0.13171955943107605,-12.333893775939941,0.0,0.0,0.0,0.0,0,82.599833
PIDY,82639833,0.0,0.0,0.0,0.0,0.10323134064674377,-11.998030662536621,0.0,0.0,0.0,0.0,0,82.639833
PIDY,82679833,0.0,0.0,0.0,0.0,0.07573693990707397,-11.164387702941895,0.0,0.0,0.0,0.0,0,82.679833
PIDY,82719833,0.0,0.0,0.0,0.0,0.05009784549474716,-10.021195411682129,0.0,0.0,0.0,0.0,0,82.719833
PIDY,82759833,0.0,0.0,0.0,0.0,0.02680639736354351,-8.752381324768066,0.0,0.0,0.0,0.0,0,82.759833
PIDY,82799833,0.0,0.0,0.0,0.0,0.006073332391679287,-7.47159481048584,0.0,0.0,0.0,0.0,0,82.799833
PIDY,82839833,0.0,0.0,0.0,0.0,-0.012058504857122898,-6.226829528808594,0.0,0.0,0.0,0.0,0,82.839833
PIDY,82879833,0.0,0.0,0.0,0.0,-0.027614813297986984,-5.013042449951172,0.0,0.0,0.0,0.0,0,82.879833
PIDY,82919833,0.0,0.0,0.0,0.0,-0.04060963913798332,-3.8114380836486816,0.0,0.0,0.0,0.0,0,82.919833
PIDY,82959833,0.0,0.0,0.0,0.0,-0.05103783309459686,-2.6203622817993164,0.0,0.0,0.0,0.0,0,82.959833
PIDY,82999833,0.0,0.0,0.0,0.0,-0.05890542268753052,-1.4564635753631592,0.0,0.0,0.0,0.0,0,82.999833
PIDY,83039833,0.0,0.0,0.0,0.0,-0.06430672854185104,-0.3705299198627472,0.0,0.0,0.0,0.0,0,83.039833
PIDY,83079833,0.0,0.0,0.0,0.0,-0.06743942946195602,0.561228334903717,0.0,0.0,0.0,0.0,0,83.079833
PIDY,83119833,0.0,0.0,0.0,0.0,-0.06865596771240234,1.2765028476715088,0.0,0.0,0.0,0.0,0,83.119833
PIDY,83159833,0.0,0.0,0.0,0.0,-0.06841274350881577,1.7326751947402954,0.0,0.0,0.0,0.0,0,83.159833
PIDY,83199833,0.0,0.0,0.0,0.0,-0.06727153807878494,1.9153785705566406,0.0,0.0,0.0,0.0,0,83.199833
PIDY,83239833,0.0,0.0,0.0,0.0,-0.06579378992319107,1.8455268144607544,0.0,0.0,0.0,0.0,0,83.239833
PIDY,83279833,0.0,0.0,0.0,0.0,-0.06447145342826843,1.5795851945877075,0.0,0.0,0.0,0.0,0,83.279833
PIDY,83319833,0.0,0.0,0.0,0.0,-0.06367360055446625,1.1879513263702393,0.0,0.0,0.0,0.0,0,83.319833
PIDY,83359833,0.0,0.0,0.0,0.0,-0.06362518668174744,0.7279629111289978,0.0,0.0,0.0,0.0,0,83.359833
PIDY,83399833,0.0,0.0,0.0,0.0,-0.06445880234241486,0.23466765880584717,0.0,0.0,0.0,0.0,0,83.399833
PIDY,83439833,0.0,0.0,0.0,0.0,-0.06628680974245071,-0.29090750217437744,0.0,0.0,0.0,0.0,0,83.439833
PIDY,83479833,0.0,0.0,0.0,0.0,-0.06919781863689423,-0.8505545854568481,0.0,0.0,0.0,0.0,0,83.479833
PIDY,83519833,0.0,0.0,0.0,0.0,-0.07325221598148346,-1.4335830211639404,0.0,0.0,0.0,0.0,0,83.519833
PIDY,83559833,0.0,0.0,0.0,0.0,-0.07853280007839203,-2.0138773918151855,0.0,0.0,0.0,0.0,0,83.559833
PIDY,83599833,0.0,0.0,0.0,0.0,-0.08497347682714462,-2.5557303428649902,0.0,0.0,0.0,0.0,0,83.599833
PIDY,83639833,0.0,0.0,0.0,0.0,-0.09254524111747742,-3.015512466430664,0.0,0.0,0.0,0.0,0,83.639833
PIDY,83679833,0.0,0.0,0.0,0.0,-0.10101653635501862,-3.3519034385681152,0.0,0.0,0.0,0.0,0,83.679833
PIDY,83719833,0.0,0.0,0.0,0.0,-0.1101275235414505,-3.5627031326293945,0.0,0.0,0.0,0.0,0,83.719833
PIDY,83759833,0.0,0.0,0.0,0.0,-0.11969054490327835,-3.654475688934326,0.0,0.0,0.0,0.0,0,83.759833
PIDY,83799833,0.0,0.0,0.0,0.0,-0.12937289476394653,-3.6176130771636963,0.0,0.0,0.0,0.0,0,83.799833
PIDY,83839833,0.0,0.0,0.0,0.0,-0.13899704813957214,-3.4570541381835938,0.0,0.0,0.0,0.0,0,83.839833
PIDY,83879833,0.0,0.0,0.0,0.0,-0.1482003927230835,-3.1378886699676514,0.0,0.0,0.0,0.0,0,83.879833
PIDY,83919833,0.0,0.0,0.0,0.0,-0.15633007884025574,-2.504450798034668,0.0,0.0,0.0,0.0,0,83.919833
PIDY,83959833,0.0,0.0,0.0,0.0,-0.16273124516010284,-1.5079426765441895,0.0,0.0,0.0,0.0,0,83.959833
PIDY,83999833,0.0,0.0,0.0,0.0,-0.1665354073047638,-0.20051781833171844,0.0,0.0,0.0,0.0,0,83.999833
PIDY,84039833,0.0,0.0,0.0,0.0,-0.16726838052272797,1.3354982137680054,0.0,0.0,0.0,0.0,0,84.039833
PIDY,84079833,0.0,0.0,0.0,0.0,-0.1644056737422943,3.020373821258545,0.0,0.0,0.0,0.0,0,84.079833
PIDY,84119833,0.0,0.0,0.0,0.0,-0.15760953724384308,4.776273727416992,0.0,0.0,0.0,0.0,0,84.119833
PIDY,84159833,0.0,0.0,0.0,0.0,-0.14685536921024323,6.5306572914123535,0.0,0.0,0.0,0.0,0,84.159833
PIDY,84199833,0.0,0.0,0.0,0.0,-0.13211257755756378,8.202860832214355,0.0,0.0,0.0,0.0,0,84.199833
PIDY,84239833,0.0,0.0,0.0,0.0,-0.11371840536594391,9.715893745422363,0.0,0.0,0.0,0.0,0,84.239833
PIDY,84279833,0.0,0.0,0.0,0.0,-0.09202160686254501,11.006300926208496,0.0,0.0,0.0,0.0,0,84.279833
PIDY,84319833,0.0,0.0,0.0,0.0,-0.06750941276550293,12.023482322692871,0.0,0.0,0.0,0.0,0,84.319833
PIDY,84359833,0.0,0.0,0.0,0.0,-0.04084935039281845,12.741979598999023,0.0,0.0,0.0,0.0,0,84.359833
PIDY,84399833,0.0,0.0,0.0,0.0,-0.012648453935980797,13.142068862915039,0.0,0.0,0.0,0.0,0,84.399833
PIDY,84439833,0.0,0.0,0.0,0.0,0.016402794048190117,13.236555099487305,0.0,0.0,0.0,0.0,0,84.439833
PIDY,84479833,0.0,0.0,0.0,0.0,0.04567748308181763,13.036910057067871,0.0,0.0,0.0,0.0,0,84.479833
PIDY,84519833,0.0,0.0,0.0,0.0,0.07452840358018875,12.55931282043457,0.0,0.0,0.0,0.0,0,84.519833
PIDY,84559833,0.0,0.0,0.0,0.0,0.10243959724903107,11.843002319335938,0.0,0.0,0.0,0.0,0,84.559833
PIDY,84599833,0.0,0.0,0.0,0.0,0.12882159650325775,10.916070938110352,0.0,0.0,0.0,0.0,0,84.599833
PIDY,84639833,0.0,0.0,0.0,0.0,0.153342604637146,9.824657440185547,0.0,0.0,0.0,0.0,0,84.639833
PIDY,84679833,0.0,0.0,0.0,0.0,0.17560341954231262,8.613235473632812,0.0,0.0,0.0,0.0,0,84.679833
PIDY,84719833,0.0,0.0,0.0,0.0,0.1952619105577469,7.328803539276123,0.0,0.0,0.0,0.0,0,84.719833
PIDY,84759833,0.0,0.0,0.0,0.0,0.2123408019542694,6.028221607208252,0.0,0.0,0.0,0.0,0,84.759833
PIDY,84799833,0.0,0.0,0.0,0.0,0.22664257884025574,4.753077507019043,0.0,0.0,0.0,0.0,0,84.799833
PIDY,84839833,0.0,0.0,0.0,0.0,0.23835135996341705,3.5423943996429443,0.0,0.0,0.0,0.0,0,84.839833
PIDY,84879833,0.0,0.0,0.0,0.0,0.2475297749042511,2.4343607425689697,0.0,0.0,0.0,0.0,0,84.879833
PIDY,84919833,0.0,0.0,0.0,0.0,0.2543080151081085,1.4641461372375488,0.0,0.0,0.0,0.0,0,84.919833
PIDY,84959833,0.0,0.0,0.0,0.0,0.2592012286186218,0.6959242224693298,0.0,0.0,0.0,0.0,0,84.959833
PIDY,84999833,0.0,0.0,0.0,0.0,0.2627222239971161,0.3079354465007782,0.0,0.0,0.0,0.0,0,84.999833
PIDY,85039833,0.0,0.0,0.0,0.0,0.2659072279930115,0.3798390030860901,0.0,0.0,0.0,0.0,0,85.039833
PIDY,85079833,0.0,0.0,0.0,0.0,0.2696353495121002,0.8721911907196045,0.0,0.0,0.0,0.0,0,85.079833
PIDY,85119833,0.0,0.0,0.0,0.0,0.2747216820716858,1.7155622243881226,0.0,0.0,0.0,0.0,0,85.119833
PIDY,85159833,0.0,0.0,0.0,0.0,0.28191080689430237,2.8393847942352295,0.0,0.0,0.0,0.0,0,85.159833
PIDY,85199833,0.0,0.0,0.0,0.0,0.29169511795043945,4.170654296875,0.0,0.0,0.0,0.0,0,85.199833
PIDY,85239833,0.0,0.0,0.0,0.0,0.30456405878067017,5.629095554351807,0.0,0.0,0.0,0.0,0,85.239833
PIDY,85279833,0.0,0.0,0.0,0.0,0.32067009806632996,7.123471736907959,0.0,0.0,0.0,0.0,0,85.279833
PIDY,85319833,0.0,0.0,0.0,0.0,0.3399544656276703,8.566898345947266,0.0,0.0,0.0,0.0,0,85.319833
PIDY,85359833,0.0,0.0,0.0,0.0,0.36237698793411255,9.885344505310059,0.0,0.0,0.0,0.0,0,85.359833
PIDY,85399833,0.0,0.0,0.0,0.0,0.387506365776062,11.01061725616455,0.0,0.0,0.0,0.0,0,85.399833
PIDY,85439833,0.0,0.0,0.0,0.0,0.41499778628349304,11.888922691345215,0.0,0.0,0.0,0.0,0,85.439833
PIDY,85479833,0.0,0.0,0.0,0.0,0.44424936175346375,12.47904109954834,0.0,0.0,0.0,0.0,0,85.479833
PIDY,85519833,0.0,0.0,0.0,0.0,0.4745519757270813,12.762967109680176,0.0,0.0,0.0,0.0,0,85.519833
PIDY,85559833,0.0,0.0,0.0,0.0,0.5054728984832764,12.743024826049805,0.0,0.0,0.0,0.0,0,85.559833
PIDY,85599833,0.0,0.0,0.0,0.0,0.5362836718559265,12.422082901000977,0.0,0.0,0.0,0.0,0,85.599833
PIDY,85639833,0.0,0.0,0.0,0.0,0.5663387775421143,11.815987586975098,0.0,0.0,0.0,0.0,0,85.639833
PIDY,85679833,0.0,0.0,0.0,0.0,0.595059335231781,10.954829216003418,0.0,0.0,0.0,0.0,0,85.679833
PIDY,85719833,0.0,0.0,0.0,0.0,0.6219345331192017,9.870146751403809,0.0,0.0,0.0,0.0,0,85.719833
PIDY,85759833,0.0,0.0,0.0,0.0,0.6464525461196899,8.604692459106445,0.0,0.0,0.0,0.0,0,85.759833
PIDY,85799833,0.0,0.0,0.0,0.0,0.6681983470916748,7.200133323669434,0.0,0.0,0.0,0.0,0,85.799833
PIDY,85839833,0.0,0.0,0.0,0.0,0.6869924664497375,5.713857173919678,0.0,0.0,0.0,0.0,0,85.839833
PIDY,85879833,0.0,0.0,0.0,0.0,0.7026149034500122,4.20070219039917,0.0,0.0,0.0,0.0,0,85.879833
PIDY,85919833,0.0,0.0,0.0,0.0,0.7148270606994629,2.7105538845062256,0.0,0.0,0.0,0.0,0,85.919833
PIDY,85959833,0.0,0.0,0.0,0.0,0.724039614200592,1.2930693626403809,0.0,0.0,0.0,0.0,0,85.959833
PIDY,85999833,0.0,0.0,0.0,0.0,0.7300277948379517,-0.012026878073811531,0.0,0.0,0.0,0.0,0,85.999833
PIDY,86039833,0.0,0.0,0.0,0.0,0.7334202527999878,-1.1651474237442017,0.0,0.0,0.0,0.0,0,86.039833
PIDY,86079833,0.0,0.0,0.0,0.0,0.7343498468399048,-2.1347837448120117,0.0,0.0,0.0,0.0,0,86.079833
PIDY,86119833,0.0,0.0,0.0,0.0,0.7329428791999817,-2.9090230464935303,0.0,0.0,0.0,0.0,0,86.119833
PIDY,86159833,0.0,0.0,0.0,0.0,0.7300946712493896,-3.4850473403930664,0.0,0.0,0.0,0.0,0,86.159833
PIDY,86199833,0.0,0.0,0.0,0.0,0.7256864309310913,-3.8603765964508057,0.0,0.0,0.0,0.0,0,86.199833
PIDY,86239833,0.0,0.0,0.0,0.0,0.7207172513008118,-4.0366315841674805,0.0,0.0,0.0,0.0,0,86.239833
PIDY,86279833,0.0,0.0,0.0,0.0,0.7153155207633972,-4.026814937591553,0.0,0.0,0.0,0.0,0,86.279833
PIDY,86319833,0.0,0.0,0.0,0.0,0.7094395160675049,-3.852499485015869,0.0,0.0,0.0,0.0,0,86.319833
PIDY,86359833,0.0,0.0,0.0,0.0,0.7042856812477112,-3.5360047817230225,0.0,0.0,0.0,0.0,0,86.359833
PIDY,86399833,0.0,0.0,0.0,0.0,0.6992511749267578,-3.1131973266601562,0.0,0.0,0.0,0.0,0,86.399833
PIDY,86439833,0.0,0.0,0.0,0.0,0.6954796314239502,-2.6159353256225586,0.0,0.0,0.0,0.0,0,86.439833
PIDY,86479833,0.0,0.0,0.0,0.0,0.6926664113998413,-2.0751986503601074,0.0,0.0,0.0,0.0,0,86.479833
PIDY,86519833,0.0,0.0,0.0,0.0,0.6903699040412903,-1.52327299118042,0.0,0.0,0.0,0.0,0,86.519833
PIDY,86559833,0.0,0.0,0.0,0.0,0.6896666288375854,-0.9890101552009583,0.0,0.0,0.0,0.0,0,86.559833
PIDY,86599833,0.0,0.0,0.0,0.0,0.6895577311515808,-0.5039133429527283,0.0,0.0,0.0,0.0,0,86.599833
PIDY,86639833,0.0,0.0,0.0,0.0,0.6908161044120789,-0.08364748954772949,0.0,0.0,0.0,0.0,0,86.639833
PIDY,86679833,0.0,0.0,0.0,0.0,0.6928765773773193,0.2520917057991028,0.0,0.0,0.0,0.0,0,86.679833
PIDY,86719833,0.0,0.0,0.0,0.0,0.6950441598892212,0.4824165105819702,0.0,0.0,0.0,0.0,0,86.719833
PIDY,86759833,0.0,0.0,0.0,0.0,0.6980903148651123,0.5707371830940247,0.0,0.0,0.0,0.0,0,86.759833
PIDY,86799833,0.0,0.0,0.0,0.0,0.7006311416625977,0.3928246796131134,0.0,0.0,0.0,0.0,0,86.799833
PIDY,86839833,0.0,0.0,0.0,0.0,0.7028399705886841,-0.08208804577589035,0.0,0.0,0.0,0.0,0,86.839833
PIDY,86879833,0.0,0.0,0.0,0.0,0.7036944627761841,-0.8380314111709595,0.0,0.0,0.0,0.0,0,86.879833
PIDY,86919833,0.0,0.0,0.0,0.0,0.7021036148071289,-1.833222508430481,0.0,0.0,0.0,0.0,0,86.919833
PIDY,86959833,0.0,0.0,0.0,0.0,0.6986032724380493,-3.0186076164245605,0.0,0.0,0.0,0.0,0,86.959833
PIDY,86999833,0.0,0.0,0.0,0.0,0.691747784614563,-4.339730262756348,0.0,0.0,0.0,0.0,0,86.999833
PIDY,87039833,0.0,0.0,0.0,0.0,0.682373583316803,-5.731510162353516,0.0,0.0,0.0,0.0,0,87.039833
PIDY,87079833,0.0,0.0,0.0,0.0,0.6698333024978638,-7.125210285186768,0.0,0.0,0.0,0.0,0,87.079833
PIDY,87119833,0.0,0.0,0.0,0.0,0.6537259817123413,-8.442265510559082,0.0,0.0,0.0,0.0,0,87.119833
PIDY,87159833,0.0,0.0,0.0,0.0,0.6351918578147888,-9.618939399719238,0.0,0.0,0.0,0.0,0,87.159833
PIDY,87199833,0.0,0.0,0.0,0.0,0.6137410998344421,-10.594283103942871,0.0,0.0,0.0,0.0,0,87.199833
PIDY,87239833,0.0,0.0,0.0,0.0,0.590595006942749,-11.329767227172852,0.0,0.0,0.0,0.0,0,87.239833
PIDY,87279833,0.0,0.0,0.0,0.0,0.5659077167510986,-11.793201446533203,0.0,0.0,0.0,0.0,0,87.279833
PIDY,87319833,0.0,0.0,0.0,0.0,0.5399617552757263,-11.970988273620605,0.0,0.0,0.0,0.0,0,87.319833
PIDY,87359833,0.0,0.0,0.0,0.0,0.5139368176460266,-11.879971504211426,0.0,0.0,0.0,0.0,0,87.359833
PIDY,87399833,0.0,0.0,0.0,0.0,0.48791950941085815,-11.528637886047363,0.0,0.0,0.0,0.0,0,87.399833
PIDY,87439833,0.0,0.0,0.0,0.0,0.4628101885318756,-10.945820808410645,0.0,0.0,0.0,0.0,0,87.439833
PIDY,87479833,0.0,0.0,0.0,0.0,0.43891140818595886,-10.15959644317627,0.0,0.0,0.0,0.0,0,87.479833
PIDY,87519833,0.0,0.0,0.0,0.0,0.4164990782737732,-9.20559024810791,0.0,0.0,0.0,0.0,0,87.519833
PIDY,87559833,0.0,0.0,0.0,0.0,0.39620593190193176,-8.13366985321045,0.0,0.0,0.0,0.0,0,87.559833
PIDY,87599833,0.0,0.0,0.0,0.0,0.3780001997947693,-6.9925689697265625,0.0,0.0,0.0,0.0,0,87.599833
PIDY,87639833,0.0,0.0,0.0,0.0,0.36227378249168396,-5.833693027496338,0.0,0.0,0.0,0.0,0,87.639833
PIDY,87679833,0.0,0.0,0.0,0.0,0.3489505350589752,-4.692724227905273,0.0,0.0,0.0,0.0,0,87.679833
PIDY,87719833,0.0,0.0,0.0,0.0,0.33787286281585693,-3.610248565673828,0.0,0.0,0.0,0.0,0,87.719833
PIDY,87759833,0.0,0.0,0.0,0.0,0.32915839552879333,-2.63093900680542,0.0,0.0,0.0,0.0,0,87.759833
PIDY,87799833,0.0,0.0,0.0,0.0,0.32242095470428467,-1.7854442596435547,0.0,0.0,0.0,0.0,0,87.799833
PIDY,87839833,0.0,0.0,0.0,0.0,0.3174472451210022,-1.1237154006958008,0.0,0.0,0.0,0.0,0,87.839833
PIDY,87879833,0.0,0.0,0.0,0.0,0.3136480152606964,-0.7701517343521118,0.0,0.0,0.0,0.0,0,87.879833
PIDY,87919833,0.0,0.0,0.0,0.0,0.31030702590942383,-0.7730233669281006,0.0,0.0,0.0,0.0,0,87.919833
PIDY,87959833,0.0,0.0,0.0,0.0,0.3066701292991638,-1.1161458492279053,0.0,0.0,0.0,0.0,0,87.959833
PIDY,87999833,0.0,0.0,0.0,0.0,0.30200129747390747,-1.7556560039520264,0.0,0.0,0.0,0.0,0,87.999833
PIDY,88039833,0.0,0.0,0.0,0.0,0.29577770829200745,-2.6440680027008057,0.0,0.0,0.0,0.0,0,88.039833
PIDY,88079833,0.0,0.0,0.0,0.0,0.28744032979011536,-3.7287189960479736,0.0,0.0,0.0,0.0,0,88.079833
PIDY,88119833,0.0,0.0,0.0,0.0,0.27658146619796753,-4.946172714233398,0.0,0.0,0.0,0.0,0,88.119833
PIDY,88159833,0.0,0.0,0.0,0.0,0.26302215456962585,-6.219358444213867,0.0,0.0,0.0,0.0,0,88.159833
PIDY,88199833,0.0,0.0,0.0,0.0,0.24671179056167603,-7.469882488250732,0.0,0.0,0.0,0.0,0,88.199833
PIDY,88239833,0.0,0.0,0.0,0.0,0.22769145667552948,-8.618773460388184,0.0,0.0,0.0,0.0,0,88.239833
PIDY,88279833,0.0,0.0,0.0,0.0,0.20625604689121246,-9.604692459106445,0.0,0.0,0.0,0.0,0,88.279833
PIDY,88319833,0.0,0.0,0.0,0.0,0.18281970918178558,-10.379776954650879,0.0,0.0,0.0,0.0,0,88.319833
PIDY,88359833,0.0,0.0,0.0,0.0,0.15778760612010956,-10.897699356079102,0.0,0.0,0.0,0.0,0,88.359833
PIDY,88399833,0.0,0.0,0.0,0.0,0.13176897168159485,-11.139212608337402,0.0,0.0,0.0,0.0,0,88.399833
PIDY,88439833,0.0,0.0,0.0,0.0,0.10530324280261993,-11.096749305725098,0.0,0.0,0.0,0.0,0,88.439833
PIDY,88479833,0.0,0.0,0.0,0.0,0.07899458706378937,-10.786126136779785,0.0,0.0,0.0,0.0,0,88.479833
PIDY,88519833,0.0,0.0,0.0,0.0,0.0533977709710598,-10.230751037597656,0.0,0.0,0.0,0.0,0,88.519833
PIDY,88559833,0.0,0.0,0.0,0.0,0.029010213911533356,-9.453720092773438,0.0,0.0,0.0,0.0,0,88.559833
PIDY,88599833,0.0,0.0,0.0,0.0,0.0062913293950259686,-8.492609024047852,0.0,0.0,0.0,0.0,0,88.599833
PIDY,88639833,0.0,0.0,0.0,0.0,-0.014376021921634674,-7.385551452636719,0.0,0.0,0.0,0.0,0,88.639833
PIDY,88679833,0.0,0.0,0.0,0.0,-0.0327017568051815,-6.183866500854492,0.0,0.0,0.0,0.0,0,88.679833
PIDY,88719833,0.0,0.0,0.0,0.0,-0.048499953001737595,-4.936248779296875,0.0,0.0,0.0,0.0,0,88.719833
PIDY,88759833,0.0,0.0,0.0,0.0,-0.061650872230529785,-3.6866939067840576,0.0,0.0,0.0,0.0,0,88.759833
PIDY,88799833,0.0,0.0,0.0,0.0,-0.07216998934745789,-2.4865095615386963,0.0,0.0,0.0,0.0,0,88.799833
PIDY,88839833,0.0,0.0,0.0,0.0,-0.08017320930957794,-1.3815721273422241,0.0,0.0,0.0,0.0,0,88.839833
PIDY,88879833,0.0,0.0,0.0,0.0,-0.08585155010223389,-0.40120723843574524,0.0,0.0,0.0,0.0,0,88.879833
PIDY,88919833,0.0,0.0,0.0,0.0,-0.08945109695196152,0.4313484728336334,0.0,0.0,0.0,0.0,0,88.919833
PIDY,88959833,0.0,0.0,0.0,0.0,-0.09129221737384796,1.0931787490844727,0.0,0.0,0.0,0.0,0,88.959833
PIDY,88999833,0.0,0.0,0.0,0.0,-0.09172390401363373,1.5707457065582275,0.0,0.0,0.0,0.0,0,88.999833
PIDY,89039833,0.0,0.0,0.0,0.0,-0.09115391224622726,1.860107421875,0.0,0.0,0.0,0.0,0,89.039833
PIDY,89079833,0.0,0.0,0.0,0.0,-0.08996166288852692,1.9711599349975586,0.0,0.0,0.0,0.0,0,89.079833
PIDY,89119833,0.0,0.0,0.0,0.0,-0.08848441392183304,1.9301553964614868,0.0,0.0,0.0,0.0,0,89.119833
PIDY,89159833,0.0,0.0,0.0,0.0,-0.08706634491682053,1.753377079963684,0.0,0.0,0.0,0.0,0,89.159833
PIDY,89199833,0.0,0.0,0.0,0.0,-0.08593440800905228,1.4670915603637695,0.0,0.0,0.0,0.0,0,89.199833
PIDY,89239833,0.0,0.0,0.0,0.0,-0.08538753539323807,1.0975677967071533,0.0,0.0,0.0,0.0,0,89.239833
PIDY,89279833,0.0,0.0,0.0,0.0,-0.08555890619754791,0.670993983745575,0.0,0.0,0.0,0.0,0,89.279833
PIDY,89319833,0.0,0.0,0.0,0.0,-0.08652486652135849,0.21625499427318573,0.0,0.0,0.0,0.0,0,89.319833
PIDY,89359833,0.0,0.0,0.0,0.0,-0.08841714262962341,-0.24557268619537354,0.0,0.0,0.0,0.0,0,89.359833
PIDY,89399833,0.0,0.0,0.0,0.0,-0.09113866835832596,-0.6729262471199036,0.0,0.0,0.0,0.0,0,89.399833
PIDY,89439833,0.0,0.0,0.0,0.0,-0.0947394147515297,-1.0509986877441406,0.0,0.0,0.0,0.0,0,89.439833
PIDY,89479833,0.0,0.0,0.0,0.0,-0.09905989468097687,-1.3589884042739868,0.0,0.0,0.0,0.0,0,89.479833
PIDY,89519833,0.0,0.0,0.0,0.0,-0.10387779027223587,-1.5773513317108154,0.0,0.0,0.0,0.0,0,89.519833
PIDY,89559833,0.0,0.0,0.0,0.0,-0.10916657745838165,-1.7059184312820435,0.0,0.0,0.0,0.0,0,89.559833
PIDY,89599833,0.0,0.0,0.0,0.0,-0.11456064879894257,-1.73183012008667,0.0,0.0,0.0,0.0,0,89.599833
PIDY,89639833,0.0,0.0,0.0,0.0,-0.11999548226594925,-1.6214081048965454,0.0,0.0,0.0,0.0,0,89.639833
PIDY,89679833,0.0,0.0,0.0,0.0,-0.12485183775424957,-1.212408185005188,0.0,0.0,0.0,0.0,0,89.679833
PIDY,89719833,0.0,0.0,0.0,0.0,-0.12829342484474182,-0.43725916743278503,0.0,0.0,0.0,0.0,0,89.719833
PIDY,89759833,0.0,0.0,0.0,0.0,-0.12974175810813904,0.6536100506782532,0.0,0.0,0.0,0.0,0,89.759833
PIDY,89799833,0.0,0.0,0.0,0.0,-0.12839943170547485,1.9916706085205078,0.0,0.0,0.0,0.0,0,89.799833
PIDY,89839833,0.0,0.0,0.0,0.0,-0.12395267188549042,3.5016684532165527,0.0,0.0,0.0,0.0,0,89.839833
PIDY,89879833,0.0,0.0,0.0,0.0,-0.11597149074077606,5.114964008331299,0.0,0.0,0.0,0.0,0,89.879833
PIDY,89919833,0.0,0.0,0.0,0.0,-0.10420024394989014,6.761014938354492,0.0,0.0,0.0,0.0,0,89.919833
PIDY,89959833,0.0,0.0,0.0,0.0,-0.08875837177038193,8.365869522094727,0.0,0.0,0.0,0.0,0,89.959833
PIDY,89999833,0.0,0.0,0.0,0.0,-0.06971259415149689,9.840616226196289,0.0,0.0,0.0,0.0,0,89.999833
PIDY,90039833,0.0,0.0,0.0,0.0,-0.0474882535636425,11.125370979309082,0.0,0.0,0.0,0.0,0,90.039833
PIDY,90079833,0.0,0.0,0.0,0.0,-0.02249520644545555,12.16683578491211,0.0,0.0,0.0,0.0,0,90.079833
PIDY,90119833,0.0,0.0,0.0,0.0,0.004721144214272499,12.924704551696777,0.0,0.0,0.0,0.0,0,90.119833
PIDY,90159833,0.0,0.0,0.0,0.0,0.033542029559612274,13.385886192321777,0.0,0.0,0.0,0.0,0,90.159833
PIDY,90199833,0.0,0.0,0.0,0.0,0.06330382823944092,13.535985946655273,0.0,0.0,0.0,0.0,0,90.199833
PIDY,90239833,0.0,0.0,0.0,0.0,0.09342684596776962,13.398188591003418,0.0,0.0,0.0,0.0,0,90.239833
PIDY,90279833,0.0,0.0,0.0,0.0,0.12327983230352402,12.98646354675293,0.0,0.0,0.0,0.0,0,90.279833
PIDY,90319833,0.0,0.0,0.0,0.0,0.15217699110507965,12.316237449645996,0.0,0.0,0.0,0.0,0,90.319833
PIDY,90359833,0.0,0.0,0.0,0.0,0.1797902137041092,11.438360214233398,0.0,0.0,0.0,0.0,0,90.359833
PIDY,90399833,0.0,0.0,0.0,0.0,0.20546607673168182,10.376041412353516,0.0,0.0,0.0,0.0,0,90.399833
PIDY,90439833,0.0,0.0,0.0,0.0,0.22905035316944122,9.187653541564941,0.0,0.0,0.0,0.0,0,90.439833
PIDY,90479833,0.0,0.0,0.0,0.0,0.25016525387763977,7.916594505310059,0.0,0.0,0.0,0.0,0,90.479833
PIDY,90519833,0.0,0.0,0.0,0.0,0.26850634813308716,6.603564262390137,0.0,0.0,0.0,0.0,0,90.519833
PIDY,90559833,0.0,0.0,0.0,0.0,0.28421008586883545,5.295653343200684,0.0,0.0,0.0,0.0,0,90.559833
PIDY,90599833,0.0,0.0,0.0,0.0,0.2970038056373596,4.036049842834473,0.0,0.0,0.0,0.0,0,90.599833
PIDY,90639833,0.0,0.0,0.0,0.0,0.3073314428329468,2.87321138381958,0.0,0.0,0.0,0.0,0,90.639833
PIDY,90679833,0.0,0.0,0.0,0.0,0.3152303695678711,1.8422861099243164,0.0,0.0,0.0,0.0,0,90.679833
PIDY,90719833,0.0,0.0,0.0,0.0,0.32085806131362915,1.003810167312622,0.0,0.0,0.0,0.0,0,90.719833
PIDY,90759833,0.0,0.0,0.0,0.0,0.3251670300960541,0.5360596776008606,0.0,0.0,0.0,0.0,0,90.759833
PIDY,90799833,0.0,0.0,0.0,0.0,0.328792929649353,0.5208324790000916,0.0,0.0,0.0,0.0,0,90.799833
PIDY,90839833,0.0,0.0,0.0,0.0,0.3328753113746643,0.919009268283844,0.0,0.0,0.0,0.0,0,90.839833
PIDY,90879833,0.0,0.0,0.0,0.0,0.3381308913230896,1.666786551475525,0.0,0.0,0.0,0.0,0,90.879833
PIDY,90919833,0.0,0.0,0.0,0.0,0.3451310396194458,2.696805715560913,0.0,0.0,0.0,0.0,0,90.919833
PIDY,90959833,0.0,0.0,0.0,0.0,0.3547057509422302,3.9383158683776855,0.0,0.0,0.0,0.0,0,90.959833
PIDY,90999833,0.0,0.0,0.0,0.0,0.36701110005378723,5.314504623413086,0.0,0.0,0.0,0.0,0,90.999833
PIDY,91039833,0.0,0.0,0.0,0.0,0.3824938237667084,6.7387919425964355,0.0,0.0,0.0,0.0,0,91.039833
PIDY,91079833,0.0,0.0,0.0,0.0,0.4010644853115082,8.124319076538086,0.0,0.0,0.0,0.0,0,91.079833
PIDY,91119833,0.0,0.0,0.0,0.0,0.422545850276947,9.394303321838379,0.0,0.0,0.0,0.0,0,91.119833
PIDY,91159833,0.0,0.0,0.0,0.0,0.446702241897583,10.486393928527832,0.0,0.0,0.0,0.0,0,91.159833
PIDY,91199833,0.0,0.0,0.0,0.0,0.4729919731616974,11.342083930969238,0.0,0.0,0.0,0.0,0,91.199833
PIDY,91239833,0.0,0.0,0.0,0.0,0.5010897517204285,11.926755905151367,0.0,0.0,0.0,0.0,0,91.239833
PIDY,91279833,0.0,0.0,0.0,0.0,0.5303298830986023,12.22199821472168,0.0,0.0,0.0,0.0,0,91.279833
PIDY,91319833,0.0,0.0,0.0,0.0,0.5600982308387756,12.222783088684082,0.0,0.0,0.0,0.0,0,91.319833
PIDY,91359833,0.0,0.0,0.0,0.0,0.5898101925849915,11.932987213134766,0.0,0.0,0.0,0.0,0,91.359833
PIDY,91399833,0.0,0.0,0.0,0.0,0.6189326643943787,11.369688034057617,0.0,0.0,0.0,0.0,0,91.399833
PIDY,91439833,0.0,0.0,0.0,0.0,0.6467267870903015,10.557004928588867,0.0,0.0,0.0,0.0,0,91.439833
PIDY,91479833,0.0,0.0,0.0,0.0,0.6727575063705444,9.528117179870605,0.0,0.0,0.0,0.0,0,91.479833
PIDY,91519833,0.0,0.0,0.0,0.0,0.6967216730117798,8.325177192687988,0.0,0.0,0.0,0.0,0,91.519833
PIDY,91559833,0.0,0.0,0.0,0.0,0.7179437279701233,6.982547760009766,0.0,0.0,0.0,0.0,0,91.559833
PIDY,91599833,0.0,0.0,0.0,0.0,0.7363871335983276,5.557512283325195,0.0,0.0,0.0,0.0,0,91.599833
PIDY,91639833,0.0,0.0,0.0,0.0,0.7516871690750122,4.100127696990967,0.0,0.0,0.0,0.0,0,91.639833
PIDY,91679833,0.0,0.0,0.0,0.0,0.7638686299324036,2.6580066680908203,0.0,0.0,0.0,0.0,0,91.679833
PIDY,91719833,0.0,0.0,0.0,0.0,0.7731285095214844,1.2823607921600342,0.0,0.0,0.0,0.0,0,91.719833
PIDY,91759833,0.0,0.0,0.0,0.0,0.7792977094650269,0.013900057412683964,0.0,0.0,0.0,0.0,0,91.759833
PIDY,91799833,0.0,0.0,0.0,0.0,0.7828533053398132,-1.1140323877334595,0.0,0.0,0.0,0.0,0,91.799833
PIDY,91839833,0.0,0.0,0.0,0.0,0.7839034795761108,-2.064976930618286,0.0,0.0,0.0,0.0,0,91.839833
PIDY,91879833,0.0,0.0,0.0,0.0,0.7829172015190125,-2.8248136043548584,0.0,0.0,0.0,0.0,0,91.879833
PIDY,91919833,0.0,0.0,0.0,0.0,0.7801985144615173,-3.38722562789917,0.0,0.0,0.0,0.0,0,91.919833
PIDY,91959833,0.0,0.0,0.0,0.0,0.7763381004333496,-3.746424436569214,0.0,0.0,0.0,0.0,0,91.959833
PIDY,91999833,0.0,0.0,0.0,0.0,0.7715187668800354,-3.913194179534912,0.0,0.0,0.0,0.0,0,91.999833
PIDY,92039833,0.0,0.0,0.0,0.0,0.7664295434951782,-3.9060869216918945,0.0,0.0,0.0,0.0,0,92.039833
PIDY,92079833,0.0,0.0,0.0,0.0,0.7612834572792053,-3.7422900199890137,0.0,0.0,0.0,0.0,0,92.079833
PIDY,92119833,0.0,0.0,0.0,0.0,0.7563081383705139,-3.4452850818634033,0.0,0.0,0.0,0.0,0,92.119833
PIDY,92159833,0.0,0.0,0.0,0.0,0.7519720196723938,-3.0432353019714355,0.0,0.0,0.0,0.0,0,92.159833
PIDY,92199833,0.0,0.0,0.0,0.0,0.7483100295066833,-2.5686585903167725,0.0,0.0,0.0,0.0,0,92.199833
PIDY,92239833,0.0,0.0,0.0,0.0,0.745643675327301,-2.045104742050171,0.0,0.0,0.0,0.0,0,92.239833
PIDY,92279833,0.0,0.0,0.0,0.0,0.7439942359924316,-1.5051000118255615,0.0,0.0,0.0,0.0,0,92.279833
PIDY,92319833,0.0,0.0,0.0,0.0,0.7430408000946045,-0.984968364238739,0.0,0.0,0.0,0.0,0,92.319833
PIDY,92359833,0.0,0.0,0.0,0.0,0.7434318661689758,-0.5143625736236572,0.0,0.0,0.0,0.0,0,92.359833
PIDY,92399833,0.0,0.0,0.0,0.0,0.7443468570709229,-0.11874549090862274,0.0,0.0,0.0,0.0,0,92.399833
PIDY,92439833,0.0,0.0,0.0,0.0,0.7463726997375488,0.19110262393951416,0.0,0.0,0.0,0.0,0,92.439833
PIDY,92479833,0.0,0.0,0.0,0.0,0.7489672899246216,0.4030863344669342,0.0,0.0,0.0,0.0,0,92.479833
PIDY,92519833,0.0,0.0,0.0,0.0,0.7514867782592773,0.4792998731136322,0.0,0.0,0.0,0.0,0,92.519833
PIDY,92559833,0.0,0.0,0.0,0.0,0.7542837262153625,0.30260199308395386,0.0,0.0,0.0,0.0,0,92.559833
PIDY,92599833,0.0,0.0,0.0,0.0,0.7557626962661743,-0.18292206525802612,0.0,0.0,0.0,0.0,0,92.599833
PIDY,92639833,0.0,0.0,0.0,0.0,0.7564316391944885,-0.9415953159332275,0.0,0.0,0.0,0.0,0,92.639833
PIDY,92679833,0.0,0.0,0.0,0.0,0.7551725506782532,-1.9302315711975098,0.0,0.0,0.0,0.0,0,92.679833
PIDY,92719833,0.0,0.0,0.0,0.0,0.7509346008300781,-3.1064255237579346,0.0,0.0,0.0,0.0,0,92.719833
PIDY,92759833,0.0,0.0,0.0,0.0,0.7444692850112915,-4.4136576652526855,0.0,0.0,0.0,0.0,0,92.759833
PIDY,92799833,0.0,0.0,0.0,0.0,0.7343746423721313,-5.785250186920166,0.0,0.0,0.0,0.0,0,92.799833
PIDY,92839833,0.0,0.0,0.0,0.0,0.7217496037483215,-7.1564555168151855,0.0,0.0,0.0,0.0,0,92.839833
PIDY,92879833,0.0,0.0,0.0,0.0,0.7060657739639282,-8.45158863067627,0.0,0.0,0.0,0.0,0,92.879833
PIDY,92919833,0.0,0.0,0.0,0.0,0.6870502233505249,-9.5960111618042,0.0,0.0,0.0,0.0,0,92.919833
PIDY,92959833,0.0,0.0,0.0,0.0,0.6660635471343994,-10.54572582244873,0.0,0.0,0.0,0.0,0,92.959833
PIDY,92999833,0.0,0.0,0.0,0.0,0.6424699425697327,-11.240692138671875,0.0,0.0,0.0,0.0,0,92.999833
PIDY,93039833,0.0,0.0,0.0,0.0,0.6180110573768616,-11.672492980957031,0.0,0.0,0.0,0.0,0,93.039833
PIDY,93079833,0.0,0.0,0.0,0.0,0.5926531553268433,-11.826948165893555,0.0,0.0,0.0,0.0,0,93.079833
PIDY,93119833,0.0,0.0,0.0,0.0,0.5665212273597717,-11.70036792755127,0.0,0.0,0.0,0.0,0,93.119833
PIDY,93159833,0.0,0.0,0.0,0.0,0.541109561920166,-11.328803062438965,0.0,0.0,0.0,0.0,0,93.159833
PIDY,93199833,0.0,0.0,0.0,0.0,0.516136884689331,-10.722735404968262,0.0,0.0,0.0,0.0,0,93.199833
PIDY,93239833,0.0,0.0,0.0,0.0,0.4927544891834259,-9.923935890197754,0.0,0.0,0.0,0.0,0,93.239833
PIDY,93279833,0.0,0.0,0.0,0.0,0.47102299332618713,-8.966744422912598,0.0,0.0,0.0,0.0,0,93.279833
PIDY,93319833,0.0,0.0,0.0,0.0,0.45093047618865967,-7.888284683227539,0.0,0.0,0.0,0.0,0,93.319833
PIDY,93359833,0.0,0.0,0.0,0.0,0.4334067702293396,-6.754006862640381,0.0,0.0,0.0,0.0,0,93.359833
PIDY,93399833,0.0,0.0,0.0,0.0,0.41795408725738525,-5.603608131408691,0.0,0.0,0.0,0.0,0,93.399833
PIDY,93439833,0.0,0.0,0.0,0.0,0.4051586985588074,-4.480329513549805,0.0,0.0,0.0,0.0,0,93.439833
PIDY,93479833,0.0,0.0,0.0,0.0,0.3946983218193054,-3.4215517044067383,0.0,0.0,0.0,0.0,0,93.479833
PIDY,93519833,0.0,0.0,0.0,0.0,0.3862553536891937,-2.4654288291931152,0.0,0.0,0.0,0.0,0,93.519833
PIDY,93559833,0.0,0.0,0.0,0.0,0.3799697458744049,-1.647166132926941,0.0,0.0,0.0,0.0,0,93.559833
PIDY,93599833,0.0,0.0,0.0,0.0,0.37527331709861755,-1.0132815837860107,0.0,0.0,0.0,0.0,0,93.599833
PIDY,93639833,0.0,0.0,0.0,0.0,0.3717707693576813,-0.6859599947929382,0.0,0.0,0.0,0.0,0,93.639833
PIDY,93679833,0.0,0.0,0.0,0.0,0.3686731457710266,-0.7104843854904175,0.0,0.0,0.0,0.0,0,93.679833
PIDY,93719833,0.0,0.0,0.0,0.0,0.365200400352478,-1.0711915493011475,0.0,0.0,0.0,0.0,0,93.719833
PIDY,93759833,0.0,0.0,0.0,0.0,0.36074668169021606,-1.7263985872268677,0.0,0.0,0.0,0.0,0,93.759833
PIDY,93799833,0.0,0.0,0.0,0.0,0.3546355366706848,-2.6261541843414307,0.0,0.0,0.0,0.0,0,93.799833
PIDY,93839833,0.0,0.0,0.0,0.0,0.3464033603668213,-3.7207188606262207,0.0,0.0,0.0,0.0,0,93.839833
PIDY,93879833,0.0,0.0,0.0,0.0,0.3356409966945648,-4.947437763214111,0.0,0.0,0.0,0.0,0,93.879833
PIDY,93919833,0.0,0.0,0.0,0.0,0.3221462368965149,-6.228126049041748,0.0,0.0,0.0,0.0,0,93.919833
PIDY,93959833,0.0,0.0,0.0,0.0,0.3058261573314667,-7.482761383056641,0.0,0.0,0.0,0.0,0,93.959833
PIDY,93999833,0.0,0.0,0.0,0.0,0.2868051826953888,-8.634257316589355,0.0,0.0,0.0,0.0,0,93.999833
PIDY,94039833,0.0,0.0,0.0,0.0,0.2653839886188507,-9.614831924438477,0.0,0.0,0.0,0.0,0,94.039833
PIDY,94079833,0.0,0.0,0.0,0.0,0.24193917214870453,-10.376930236816406,0.0,0.0,0.0,0.0,0,94.079833
PIDY,94119833,0.0,0.0,0.0,0.0,0.21696265041828156,-10.880425453186035,0.0,0.0,0.0,0.0,0,94.119833
PIDY,94159833,0.0,0.0,0.0,0.0,0.19100654125213623,-11.103893280029297,0.0,0.0,0.0,0.0,0,94.159833
PIDY,94199833,0.0,0.0,0.0,0.0,0.16463428735733032,-11.044340133666992,0.0,0.0,0.0,0.0,0,94.199833
PIDY,94239833,0.0,0.0,0.0,0.0,0.1384759545326233,-10.71744441986084,0.0,0.0,0.0,0.0,0,94.239833
PIDY,94279833,0.0,0.0,0.0,0.0,0.11306013911962509,-10.139366149902344,0.0,0.0,0.0,0.0,0,94.279833
PIDY,94319833,0.0,0.0,0.0,0.0,0.08889804035425186,-9.335824966430664,0.0,0.0,0.0,0.0,0,94.319833
PIDY,94359833,0.0,0.0,0.0,0.0,0.06647320091724396,-8.344966888427734,0.0,0.0,0.0,0.0,0,94.359833
PIDY,94399833,0.0,0.0,0.0,0.0,0.0461515448987484,-7.210066795349121,0.0,0.0,0.0,0.0,0,94.399833
PIDY,94439833,0.0,0.0,0.0,0.0,0.028244277462363243,-5.98054838180542,0.0,0.0,0.0,0.0,0,94.439833
PIDY,94479833,0.0,0.0,0.0,0.0,0.012930471450090408,-4.70859956741333,0.0,0.0,0.0,0.0,0,94.479833
PIDY,94519833,0.0,0.0,0.0,0.0,0.0002889447205234319,-3.447434902191162,0.0,0.0,0.0,0.0,0,94.519833
PIDY,94559833,0.0,0.0,0.0,0.0,-0.009697788394987583,-2.2417027950286865,0.0,0.0,0.0,0.0,0,94.559833
PIDY,94599833,0.0,0.0,0.0,0.0,-0.017130402848124504,-1.125910758972168,0.0,0.0,0.0,0.0,0,94.599833
PIDY,94639833,0.0,0.0,0.0,0.0,-0.022216491401195526,-0.14323629438877106,0.0,0.0,0.0,0.0,0,94.639833
PIDY,94679833,0.0,0.0,0.0,0.0,-0.025236641988158226,0.6757925748825073,0.0,0.0,0.0,0.0,0,94.679833
PIDY,94719833,0.0,0.0,0.0,0.0,-0.026522574946284294,1.3113653659820557,0.0,0.0,0.0,0.0,0,94.719833
PIDY,94759833,0.0,0.0,0.0,0.0,-0.026470966637134552,1.7590926885604858,0.0,0.0,0.0,0.0,0,94.759833
PIDY,94799833,0.0,0.0,0.0,0.0,-0.0254443921148777,2.0246968269348145,0.0,0.0,0.0,0.0,0,94.799833
PIDY,94839833,0.0,0.0,0.0,0.0,-0.02384212799370289,2.113766670227051,0.0,0.0,0.0,0.0,0,94.839833
PIDY,94879833,0.0,0.0,0.0,0.0,-0.022025246173143387,2.039255380630493,0.0,0.0,0.0,0.0,0,94.879833
PIDY,94919833,0.0,0.0,0.0,0.0,-0.020317012444138527,1.8265963792800903,0.0,0.0,0.0,0.0,0,94.919833
PIDY,94959833,0.0,0.0,0.0,0.0,-0.019025860354304314,1.4978312253952026,0.0,0.0,0.0,0.0,0,94.959833
PIDY,94999833,0.0,0.0,0.0,0.0,-0.018355777487158775,1.0928475856781006,0.0,0.0,0.0,0.0,0,94.999833
PIDY,95039833,0.0,0.0,0.0,0.0,-0.01847444474697113,0.643410325050354,0.0,0.0,0.0,0.0,0,95.039833
PIDY,95079833,0.0,0.0,0.0,0.0,-0.01946505904197693,0.17624828219413757,0.0,0.0,0.0,0.0,0,95.079833
PIDY,95119833,0.0,0.0,0.0,0.0,-0.021351123228669167,-0.28281375765800476,0.0,0.0,0.0,0.0,0,95.119833
PIDY,95159833,0.0,0.0,0.0,0.0,-0.024143941700458527,-0.7116915583610535,0.0,0.0,0.0,0.0,0,95.159833
PIDY,95199833,0.0,0.0,0.0,0.0,-0.027746040374040604,-1.0830764770507812,0.0,0.0,0.0,0.0,0,95.199833
PIDY,95239833,0.0,0.0,0.0,0.0,-0.03207315877079964,-1.3890154361724854,0.0,0.0,0.0,0.0,0,95.239833
PIDY,95279833,0.0,0.0,0.0,0.0,-0.036975473165512085,-1.609655737876892,0.0,0.0,0.0,0.0,0,95.279833
PIDY,95319833,0.0,0.0,0.0,0.0,-0.04223570600152016,-1.7237406969070435,0.0,0.0,0.0,0.0,0,95.319833
PIDY,95359833,0.0,0.0,0.0,0.0,-0.047684021294116974,-1.731447696685791,0.0,0.0,0.0,0.0,0,95.359833
PIDY,95399833,0.0,0.0,0.0,0.0,-0.053004179149866104,-1.5922797918319702,0.0,0.0,0.0,0.0,0,95.399833
PIDY,95439833,0.0,0.0,0.0,0.0,-0.05773008614778519,-1.1665805578231812,0.0,0.0,0.0,0.0,0,95.439833
PIDY,95479833,0.0,0.0,0.0,0.0,-0.06110536679625511,-0.3863429129123688,0.0,0.0,0.0,0.0,0,95.479833
PIDY,95519833,0.0,0.0,0.0,0.0,-0.06235282123088837,0.7087026238441467,0.0,0.0,0.0,0.0,0,95.519833
PIDY,95559833,0.0,0.0,0.0,0.0,-0.0609462633728981,2.0445353984832764,0.0,0.0,0.0,0.0,0,95.559833
PIDY,95599833,0.0,0.0,0.0,0.0,-0.0563119500875473,3.5545732975006104,0.0,0.0,0.0,0.0,0,95.599833
PIDY,95639833,0.0,0.0,0.0,0.0,-0.04818444326519966,5.162637233734131,0.0,0.0,0.0,0.0,0,95.639833
PIDY,95679833,0.0,0.0,0.0,0.0,-0.03636021539568901,6.794185638427734,0.0,0.0,0.0,0.0,0,95.679833
PIDY,95719833,0.0,0.0,0.0,0.0,-0.020835459232330322,8.36217212677002,0.0,0.0,0.0,0.0,0,95.719833
PIDY,95759833,0.0,0.0,0.0,0.0,-0.0018521803431212902,9.79926586151123,0.0,0.0,0.0,0.0,0,95.759833
PIDY,95799833,0.0,0.0,0.0,0.0,0.02025877870619297,11.034342765808105,0.0,0.0,0.0,0.0,0,95.799833
PIDY,95839833,0.0,0.0,0.0,0.0,0.045040544122457504,12.026229858398438,0.0,0.0,0.0,0.0,0,95.839833
PIDY,95879833,0.0,0.0,0.0,0.0,0.07193595170974731,12.736482620239258,0.0,0.0,0.0,0.0,0,95.879833
PIDY,95919833,0.0,0.0,0.0,0.0,0.10023954510688782,13.133330345153809,0.0,0.0,0.0,0.0,0,95.919833
PIDY,95959833,0.0,0.0,0.0,0.0,0.12946228682994843,13.236124992370605,0.0,0.0,0.0,0.0,0,95.959833
PIDY,95999833,0.0,0.0,0.0,0.0,0.15878818929195404,13.043755531311035,0.0,0.0,0.0,0.0,0,95.999833
PIDY,96039833,0.0,0.0,0.0,0.0,0.1878548115491867,12.591062545776367,0.0,0.0,0.0,0.0,0,96.039833
PIDY,96079833,0.0,0.0,0.0,0.0,0.21599309146404266,11.89757251739502,0.0,0.0,0.0,0.0,0,96.079833
PIDY,96119833,0.0,0.0,0.0,0.0,0.24245765805244446,10.987713813781738,0.0,0.0,0.0,0.0,0,96.119833
PIDY,96159833,0.0,0.0,0.0,0.0,0.26727771759033203,9.91816234588623,0.0,0.0,0.0,0.0,0,96.159833
PIDY,96199833,0.0,0.0,0.0,0.0,0.2895926237106323,8.717673301696777,0.0,0.0,0.0,0.0,0,96.199833
PIDY,96239833,0.0,0.0,0.0,0.0,0.3096992075443268,7.452388763427734,0.0,0.0,0.0,0.0,0,96.239833
PIDY,96279833,0.0,0.0,0.0,0.0,0.32717448472976685,6.160401821136475,0.0,0.0,0.0,0.0,0,96.279833
PIDY,96319833,0.0,0.0,0.0,0.0,0.34168389439582825,4.878343105316162,0.0,0.0,0.0,0.0,0,96.319833
PIDY,96359833,0.0,0.0,0.0,0.0,0.35377195477485657,3.656826972961426,0.0,0.0,0.0,0.0,0,96.359833
PIDY,96399833,0.0,0.0,0.0,0.0,0.36308637261390686,2.5354747772216797,0.0,0.0,0.0,0.0,0,96.399833
PIDY,96439833,0.0,0.0,0.0,0.0,0.3702819347381592,1.550931692123413,0.0,0.0,0.0,0.0,0,96.439833
PIDY,96479833,0.0,0.0,0.0,0.0,0.37545695900917053,0.7580979466438293,0.0,0.0,0.0,0.0,0,96.479833
PIDY,96519833,0.0,0.0,0.0,0.0,0.37900349497795105,0.32679814100265503,0.0,0.0,0.0,0.0,0,96.519833
PIDY,96559833,0.0,0.0,0.0,0.0,0.3822658360004425,0.33588707447052,0.0,0.0,0.0,0.0,0,96.559833
PIDY,96599833,0.0,0.0,0.0,0.0,0.38575541973114014,0.7505958080291748,0.0,0.0,0.0,0.0,0,96.599833
PIDY,96639833,0.0,0.0,0.0,0.0,0.3906004726886749,1.5088839530944824,0.0,0.0,0.0,0.0,0,96.639833
PIDY,96679833,0.0,0.0,0.0,0.0,0.39734378457069397,2.545278549194336,0.0,0.0,0.0,0.0,0,96.679833
PIDY,96719833,0.0,0.0,0.0,0.0,0.40643632411956787,3.7879104614257812,0.0,0.0,0.0,0.0,0,96.719833
PIDY,96759833,0.0,0.0,0.0,0.0,0.41847464442253113,5.160520076751709,0.0,0.0,0.0,0.0,0,96.759833
PIDY,96799833,0.0,0.0,0.0,0.0,0.4334573447704315,6.572923183441162,0.0,0.0,0.0,0.0,0,96.799833
PIDY,96839833,0.0,0.0,0.0,0.0,0.45160290598869324,7.94364595413208,0.0,0.0,0.0,0.0,0,96.839833
PIDY,96879833,0.0,0.0,0.0,0.0,0.47265857458114624,9.195775032043457,0.0,0.0,0.0,0.0,0,96.879833
PIDY,96919833,0.0,0.0,0.0,0.0,0.49630388617515564,10.264936447143555,0.0,0.0,0.0,0.0,0,96.919833
PIDY,96959833,0.0,0.0,0.0,0.0,0.5221426486968994,11.096363067626953,0.0,0.0,0.0,0.0,0,96.959833
PIDY,96999833,0.0,0.0,0.0,0.0,0.549513578414917,11.650054931640625,0.0,0.0,0.0,0.0,0,96.999833
PIDY,97039833,0.0,0.0,0.0,0.0,0.578080415725708,11.91536808013916,0.0,0.0,0.0,0.0,0,97.039833
PIDY,97079833,0.0,0.0,0.0,0.0,0.6071241497993469,11.88718032836914,0.0,0.0,0.0,0.0,0,97.079833
PIDY,97119833,0.0,0.0,0.0,0.0,0.6360117197036743,11.569310188293457,0.0,0.0,0.0,0.0,0,97.119833
PIDY,97159833,0.0,0.0,0.0,0.0,0.6641748547554016,10.976786613464355,0.0,0.0,0.0,0.0,0,97.159833
PIDY,97199833,0.0,0.0,0.0,0.0,0.690864622592926,10.132928848266602,0.0,0.0,0.0,0.0,0,97.199833
PIDY,97239833,0.0,0.0,0.0,0.0,0.7158817648887634,9.07588005065918,0.0,0.0,0.0,0.0,0,97.239833
PIDY,97279833,0.0,0.0,0.0,0.0,0.7386237978935242,7.846742153167725,0.0,0.0,0.0,0.0,0,97.279833
PIDY,97319833,0.0,0.0,0.0,0.0,0.7585251331329346,6.487241744995117,0.0,0.0,0.0,0.0,0,97.319833
PIDY,97359833,0.0,0.0,0.0,0.0,0.7757117748260498,5.054355144500732,0.0,0.0,0.0,0.0,0,97.359833
PIDY,97399833,0.0,0.0,0.0,0.0,0.7897379398345947,3.600788116455078,0.0,0.0,0.0,0.0,0,97.399833
PIDY,97439833,0.0,0.0,0.0,0.0,0.8007559180259705,2.174877166748047,0.0,0.0,0.0,0.0,0,97.439833
PIDY,97479833,0.0,0.0,0.0,0.0,0.8087329268455505,0.8268415927886963,0.0,0.0,0.0,0.0,0,97.479833
PIDY,97519833,0.0,0.0,0.0,0.0,0.8137757778167725,-0.40197667479515076,0.0,0.0,0.0,0.0,0,97.519833
PIDY,97559833,0.0,0.0,0.0,0.0,0.8162539601325989,-1.47842538356781,0.0,0.0,0.0,0.0,0,97.559833
PIDY,97599833,0.0,0.0,0.0,0.0,0.8163327574729919,-2.372633457183838,0.0,0.0,0.0,0.0,0,97.599833
PIDY,97639833,0.0,0.0,0.0,0.0,0.8145922422409058,-3.0692272186279297,0.0,0.0,0.0,0.0,0,97.639833
PIDY,97679833,0.0,0.0,0.0,0.0,0.8113409280776978,-3.563701629638672,0.0,0.0,0.0,0.0,0,97.679833
PIDY,97719833,0.0,0.0,0.0,0.0,0.8067929744720459,-3.855164051055908,0.0,0.0,0.0,0.0,0,97.719833
PIDY,97759833,0.0,0.0,0.0,0.0,0.8017883896827698,-3.952146053314209,0.0,0.0,0.0,0.0,0,97.759833
PIDY,97799833,0.0,0.0,0.0,0.0,0.7961665391921997,-3.877415895462036,0.0,0.0,0.0,0.0,0,97.799833
PIDY,97839833,0.0,0.0,0.0,0.0,0.7909752726554871,-3.655547857284546,0.0,0.0,0.0,0.0,0,97.839833
PIDY,97879833,0.0,0.0,0.0,0.0,0.7861749529838562,-3.309579610824585,0.0,0.0,0.0,0.0,0,97.879833
PIDY,97919833,0.0,0.0,0.0,0.0,0.781732976436615,-2.8685615062713623,0.0,0.0,0.0,0.0,0,97.919833
PIDY,97959833,0.0,0.0,0.0,0.0,0.7784181237220764,-2.36361026763916,0.0,0.0,0.0,0.0,0,97.959833
PIDY,97999833,0.0,0.0,0.0,0.0,0.7757217288017273,-1.8269729614257812,0.0,0.0,0.0,0.0,0,97.999833
PIDY,98039833,0.0,0.0,0.0,0.0,0.7744200229644775,-1.285321593284607,0.0,0.0,0.0,0.0,0,98.039833
PIDY,98079833,0.0,0.0,0.0,0.0,0.7741719484329224,-0.7674587368965149,0.0,0.0,0.0,0.0,0,98.079833
PIDY,98119833,0.0,0.0,0.0,0.0,0.7745882868766785,-0.3072028160095215,0.0,0.0,0.0,0.0,0,98.119833
PIDY,98159833,0.0,0.0,0.0,0.0,0.7762024402618408,0.07127905637025833,0.0,0.0,0.0,0.0,0,98.159833
PIDY,98199833,0.0,0.0,0.0,0.0,0.7781848311424255,0.3530147075653076,0.0,0.0,0.0,0.0,0,98.199833
PIDY,98239833,0.0,0.0,0.0,0.0,0.7810111045837402,0.5316712856292725,0.0,0.0,0.0,0.0,0,98.239833
PIDY,98279833,0.0,0.0,0.0,0.0,0.7841032147407532,0.5750635266304016,0.0,0.0,0.0,0.0,0,98.279833
PIDY,98319833,0.0,0.0,0.0,0.0,0.786823034286499,0.3678639829158783,0.0,0.0,0.0,0.0,0,98.319833
PIDY,98359833,0.0,0.0,0.0,0.0,0.7889394760131836,-0.1347709596157074,0.0,0.0,0.0,0.0,0,98.359833
PIDY,98399833,0.0,0.0,0.0,0.0,0.7894622683525085,-0.914430558681488,0.0,0.0,0.0,0.0,0,98.399833
PIDY,98439833,0.0,0.0,0.0,0.0,0.7881877422332764,-1.9259130954742432,0.0,0.0,0.0,0.0,0,98.439833
PIDY,98479833,0.0,0.0,0.0,0.0,0.7844550013542175,-3.121628999710083,0.0,0.0,0.0,0.0,0,98.479833
PIDY,98519833,0.0,0.0,0.0,0.0,0.7776533961296082,-4.445737838745117,0.0,0.0,0.0,0.0,0,98.519833
PIDY,98559833,0.0,0.0,0.0,0.0,0.7680103182792664,-5.8351664543151855,0.0,0.0,0.0,0.0,0,98.559833
PIDY,98599833,0.0,0.0,0.0,0.0,0.7550003528594971,-7.220880031585693,0.0,0.0,0.0,0.0,0,98.599833
PIDY,98639833,0.0,0.0,0.0,0.0,0.7390919923782349,-8.52814769744873,0.0,0.0,0.0,0.0,0,98.639833
PIDY,98679833,0.0,0.0,0.0,0.0,0.7203214764595032,-9.683077812194824,0.0,0.0,0.0,0.0,0,98.679833
PIDY,98719833,0.0,0.0,0.0,0.0,0.6987637281417847,-10.625492095947266,0.0,0.0,0.0,0.0,0,98.719833
PIDY,98759833,0.0,0.0,0.0,0.0,0.675497829914093,-11.320777893066406,0.0,0.0,0.0,0.0,0,98.759833
PIDY,98799833,0.0,0.0,0.0,0.0,0.6506085395812988,-11.72950553894043,0.0,0.0,0.0,0.0,0,98.799833
PIDY,98839833,0.0,0.0,0.0,0.0,0.6250694990158081,-11.841492652893066,0.0,0.0,0.0,0.0,0,98.839833
PIDY,98879833,0.0,0.0,0.0,0.0,0.5993302464485168,-11.660693168640137,0.0,0.0,0.0,0.0,0,98.879833
PIDY,98919833,0.0,0.0,0.0,0.0,0.573774516582489,-11.205024719238281,0.0,0.0,0.0,0.0,0,98.919833
PIDY,98959833,0.0,0.0,0.0,0.0,0.5494130253791809,-10.517377853393555,0.0,0.0,0.0,0.0,0,98.959833
PIDY,98999833,0.0,0.0,0.0,0.0,0.5263325572013855,-9.634526252746582,0.0,0.0,0.0,0.0,0,98.999833
PIDY,99039833,0.0,0.0,0.0,0.0,0.5052369832992554,-8.606718063354492,0.0,0.0,0.0,0.0,0,99.039833
PIDY,99079833,0.0,0.0,0.0,0.0,0.4862718880176544,-7.4752631187438965,0.0,0.0,0.0,0.0,0,99.079833
PIDY,99119833,0.0,0.0,0.0,0.0,0.4694812595844269,-6.293699741363525,0.0,0.0,0.0,0.0,0,99.119833
PIDY,99159833,0.0,0.0,0.0,0.0,0.4552856683731079,-5.115947723388672,0.0,0.0,0.0,0.0,0,99.159833
PIDY,99199833,0.0,0.0,0.0,0.0,0.4433671534061432,-3.9831511974334717,0.0,0.0,0.0,0.0,0,99.199833
PIDY,99239833,0.0,0.0,0.0,0.0,0.43393585085868835,-2.940675973892212,0.0,0.0,0.0,0.0,0,99.239833
PIDY,99279833,0.0,0.0,0.0,0.0,0.4266476035118103,-2.025723695755005,0.0,0.0,0.0,0.0,0,99.279833
PIDY,99319833,0.0,0.0,0.0,0.0,0.42099982500076294,-1.2658355236053467,0.0,0.0,0.0,0.0,0,99.319833
PIDY,99359833,0.0,0.0,0.0,0.0,0.4171173870563507,-0.7051703929901123,0.0,0.0,0.0,0.0,0,99.359833
PIDY,99399833,0.0,0.0,0.0,0.0,0.41402435302734375,-0.45585307478904724,0.0,0.0,0.0,0.0,0,99.399833
PIDY,99439833,0.0,0.0,0.0,0.0,0.4113355576992035,-0.565872848033905,0.0,0.0,0.0,0.0,0,99.439833
PIDY,99479833,0.0,0.0,0.0,0.0,0.4081329107284546,-1.0099165439605713,0.0,0.0,0.0,0.0,0,99.479833
PIDY,99519833,0.0,0.0,0.0,0.0,0.40355485677719116,-1.7400777339935303,0.0,0.0,0.0,0.0,0,99.519833
PIDY,99559833,0.0,0.0,0.0,0.0,0.3973640501499176,-2.713578224182129,0.0,0.0,0.0,0.0,0,99.559833
PIDY,99599833,0.0,0.0,0.0,0.0,0.3887903690338135,-3.871056079864502,0.0,0.0,0.0,0.0,0,99.599833
PIDY,99639833,0.0,0.0,0.0,0.0,0.3776595890522003,-5.144058704376221,0.0,0.0,0.0,0.0,0,99.639833
PIDY,99679833,0.0,0.0,0.0,0.0,0.3636816740036011,-6.457714080810547,0.0,0.0,0.0,0.0,0,99.679833
PIDY,99719833,0.0,0.0,0.0,0.0,0.346790611743927,-7.733036041259766,0.0,0.0,0.0,0.0,0,99.719833
PIDY,99759833,0.0,0.0,0.0,0.0,0.3272062838077545,-8.89115047454834,0.0,0.0,0.0,0.0,0,99.759833
PIDY,99799833,0.0,0.0,0.0,0.0,0.3051633834838867,-9.859121322631836,0.0,0.0,0.0,0.0,0,99.799833
PIDY,99839833,0.0,0.0,0.0,0.0,0.2811792194843292,-10.58391284942627,0.0,0.0,0.0,0.0,0,99.839833
PIDY,99879833,0.0,0.0,0.0,0.0,0.2557566165924072,-11.025615692138672,0.0,0.0,0.0,0.0,0,99.879833
PIDY,99919833,0.0,0.0,0.0,0.0,0.22949285805225372,-11.16401195526123,0.0,0.0,0.0,0.0,0,99.919833
PIDY,99959833,0.0,0.0,0.0,0.0,0.2030518352985382,-11.001885414123535,0.0,0.0,0.0,0.0,0,99.959833
PIDY,99999833,0.0,0.0,0.0,0.0,0.1769912838935852,-10.554035186767578,0.0,0.0,0.0,0.0,0,99.999833
PIDY,100039833,0.0,0.0,0.0,0.0,0.15198253095149994,-9.857963562011719,0.0,0.0,0.0,0.0,0,100.039833
PIDY,100079833,0.0,0.0,0.0,0.0,0.12848328053951263,-8.949309349060059,0.0,0.0,0.0,0.0,0,100.079833
PIDY,100119833,0.0,0.0,0.0,0.0,0.10692473500967026,-7.864702224731445,0.0,0.0,0.0,0.0,0,100.119833
PIDY,100159833,0.0,0.0,0.0,0.0,0.087680883705616,-6.657948017120361,0.0,0.0,0.0,0.0,0,100.159833
PIDY,100199833,0.0,0.0,0.0,0.0,0.07098834961652756,-5.3757243156433105,0.0,0.0,0.0,0.0,0,100.199833
PIDY,100239833,0.0,0.0,0.0,0.0,0.056992918252944946,-4.076675891876221,0.0,0.0,0.0,0.0,0,100.239833
PIDY,100279833,0.0,0.0,0.0,0.0,0.0457242950797081,-2.8087656497955322,0.0,0.0,0.0,0.0,0,100.279833
PIDY,100319833,0.0,0.0,0.0,0.0,0.03711649775505066,-1.6138761043548584,0.0,0.0,0.0,0.0,0,100.319833
PIDY,100359833,0.0,0.0,0.0,0.0,0.031020009890198708,-0.5370643138885498,0.0,0.0,0.0,0.0,0,100.359833
PIDY,100399833,0.0,0.0,0.0,0.0,0.0271779652684927,0.3875071108341217,0.0,0.0,0.0,0.0,0,100.399833
PIDY,100439833,0.0,0.0,0.0,0.0,0.02527916617691517,1.1305391788482666,0.0,0.0,0.0,0.0,0,100.439833
PIDY,100479833,0.0,0.0,0.0,0.0,0.024949630722403526,1.685951590538025,0.0,0.0,0.0,0.0,0,100.479833
PIDY,100519833,0.0,0.0,0.0,0.0,0.02580360509455204,2.055223226547241,0.0,0.0,0.0,0.0,0,100.519833
PIDY,100559833,0.0,0.0,0.0,0.0,0.027464676648378372,2.239527463912964,0.0,0.0,0.0,0.0,0,100.559833
PIDY,100599833,0.0,0.0,0.0,0.0,0.029536906629800797,2.252147912979126,0.0,0.0,0.0,0.0,0,100.599833
PIDY,100639833,0.0,0.0,0.0,0.0,0.03167916461825371,2.104200839996338,0.0,0.0,0.0,0.0,0,100.639833
PIDY,100679833,0.0,0.0,0.0,0.0,0.03355082869529724,1.8213059902191162,0.0,0.0,0.0,0.0,0,100.679833
PIDY,100719833,0.0,0.0,0.0,0.0,0.03486458957195282,1.4388705492019653,0.0,0.0,0.0,0.0,0,100.719833
PIDY,100759833,0.0,0.0,0.0,0.0,0.03546861186623573,0.9908924698829651,0.0,0.0,0.0,0.0,0,100.759833
PIDY,100799833,0.0,0.0,0.0,0.0,0.035183172672986984,0.5080791711807251,0.0,0.0,0.0,0.0,0,100.799833
PIDY,100839833,0.0,0.0,0.0,0.0,0.03397568315267563,0.013805613853037357,0.0,0.0,0.0,0.0,0,100.839833
PIDY,100879833,0.0,0.0,0.0,0.0,0.03180399909615517,-0.46161726117134094,0.0,0.0,0.0,0.0,0,100.879833
PIDY,100919833,0.0,0.0,0.0,0.0,0.0286957286298275,-0.8911987543106079,0.0,0.0,0.0,0.0,0,100.919833
PIDY,100959833,0.0,0.0,0.0,0.0,0.0247749462723732,-1.257961630821228,0.0,0.0,0.0,0.0,0,100.959833
PIDY,100999833,0.0,0.0,0.0,0.0,0.020145701244473457,-1.5371038913726807,0.0,0.0,0.0,0.0,0,100.999833
PIDY,101039833,0.0,0.0,0.0,0.0,0.015011100098490715,-1.721295714378357,0.0,0.0,0.0,0.0,0,101.039833
PIDY,101079833,0.0,0.0,0.0,0.0,0.009566118940711021,-1.7926820516586304,0.0,0.0,0.0,0.0,0,101.079833
PIDY,101119833,0.0,0.0,0.0,0.0,0.004040767904371023,-1.7478877305984497,0.0,0.0,0.0,0.0,0,101.119833
PIDY,101159833,0.0,0.0,0.0,0.0,-0.0012917310232296586,-1.565850019454956,0.0,0.0,0.0,0.0,0,101.159833
PIDY,101199833,0.0,0.0,0.0,0.0,-0.005911895073950291,-1.089508295059204,0.0,0.0,0.0,0.0,0,101.199833
PIDY,101239833,0.0,0.0,0.0,0.0,-0.009099327959120274,-0.2720564603805542,0.0,0.0,0.0,0.0,0,101.239833
PIDY,101279833,0.0,0.0,0.0,0.0,-0.010149741545319557,0.8446462154388428,0.0,0.0,0.0,0.0,0,101.279833
PIDY,101319833,0.0,0.0,0.0,0.0,-0.008444401435554028,2.1955533027648926,0.0,0.0,0.0,0.0,0,101.319833
PIDY,101359833,0.0,0.0,0.0,0.0,-0.0035330273676663637,3.7091996669769287,0.0,0.0,0.0,0.0,0,101.359833
PIDY,101399833,0.0,0.0,0.0,0.0,0.0049172258004546165,5.312317371368408,0.0,0.0,0.0,0.0,0,101.399833
PIDY,101439833,0.0,0.0,0.0,0.0,0.017054596915841103,6.929869651794434,0.0,0.0,0.0,0.0,0,101.439833
PIDY,101479833,0.0,0.0,0.0,0.0,0.0328405499458313,8.477980613708496,0.0,0.0,0.0,0.0,0,101.479833
PIDY,101519833,0.0,0.0,0.0,0.0,0.05202504247426987,9.876466751098633,0.0,0.0,0.0,0.0,0,101.519833
PIDY,101559833,0.0,0.0,0.0,0.0,0.07428980618715286,11.072611808776855,0.0,0.0,0.0,0.0,0,101.559833
PIDY,101599833,0.0,0.0,0.0,0.0,0.09907080978155136,12.007246017456055,0.0,0.0,0.0,0.0,0,101.599833
PIDY,101639833,0.0,0.0,0.0,0.0,0.1258944720029831,12.660862922668457,0.0,0.0,0.0,0.0,0,101.639833
PIDY,101679833,0.0,0.0,0.0,0.0,0.1540917009115219,13.008930206298828,0.0,0.0,0.0,0.0,0,101.679833
PIDY,101719833,0.0,0.0,0.0,0.0,0.1829403191804886,13.049548149108887,0.0,0.0,0.0,0.0,0,101.719833
PIDY,101759833,0.0,0.0,0.0,0.0,0.21196676790714264,12.808050155639648,0.0,0.0,0.0,0.0,0,101.759833
PIDY,101799833,0.0,0.0,0.0,0.0,0.24037066102027893,12.293730735778809,0.0,0.0,0.0,0.0,0,101.799833
PIDY,101839833,0.0,0.0,0.0,0.0,0.26784539222717285,11.546478271484375,0.0,0.0,0.0,0.0,0,101.839833
PIDY,101879833,0.0,0.0,0.0,0.0,0.29377469420433044,10.595751762390137,0.0,0.0,0.0,0.0,0,101.879833
PIDY,101919833,0.0,0.0,0.0,0.0,0.3176015615463257,9.480989456176758,0.0,0.0,0.0,0.0,0,101.919833
PIDY,101959833,0.0,0.0,0.0,0.0,0.33924752473831177,8.258753776550293,0.0,0.0,0.0,0.0,0,101.959833
PIDY,101999833,0.0,0.0,0.0,0.0,0.35822898149490356,6.965337753295898,0.0,0.0,0.0,0.0,0,101.999833
PIDY,102039833,0.0,0.0,0.0,0.0,0.3746282160282135,5.6536865234375,0.0,0.0,0.0,0.0,0,102.039833
PIDY,102079833,0.0,0.0,0.0,0.0,0.38828974962234497,4.371479511260986,0.0,0.0,0.0,0.0,0,102.079833
PIDY,102119833,0.0,0.0,0.0,0.0,0.39914533495903015,3.1635448932647705,0.0,0.0,0.0,0.0,0,102.119833
PIDY,102159833,0.0,0.0,0.0,0.0,0.40760284662246704,2.0729689598083496,0.0,0.0,0.0,0.0,0,102.159833
PIDY,102199833,0.0,0.0,0.0,0.0,0.4136870801448822,1.1256643533706665,0.0,0.0,0.0,0.0,0,102.199833
PIDY,102239833,0.0,0.0,0.0,0.0,0.41791290044784546,0.37578916549682617,0.0,0.0,0.0,0.0,0,102.239833
PIDY,102279833,0.0,0.0,0.0,0.0,0.4208255708217621,-0.011337853036820889,0.0,0.0,0.0,0.0,0,102.279833
PIDY,102319833,0.0,0.0,0.0,0.0,0.4232962429523468,0.039156604558229446,0.0,0.0,0.0,0.0,0,102.319833
PIDY,102359833,0.0,0.0,0.0,0.0,0.42624083161354065,0.4931803047657013,0.0,0.0,0.0,0.0,0,102.359833
PIDY,102399833,0.0,0.0,0.0,0.0,0.4304199814796448,1.2892305850982666,0.0,0.0,0.0,0.0,0,102.399833
PIDY,102439833,0.0,0.0,0.0,0.0,0.43661683797836304,2.363065719604492,0.0,0.0,0.0,0.0,0,102.439833
PIDY,102479833,0.0,0.0,0.0,0.0,0.4453498125076294,3.6449851989746094,0.0,0.0,0.0,0.0,0,102.479833
PIDY,102519833,0.0,0.0,0.0,0.0,0.4569937288761139,5.054956912994385,0.0,0.0,0.0,0.0,0,102.519833
PIDY,102559833,0.0,0.0,0.0,0.0,0.4717866778373718,6.502615451812744,0.0,0.0,0.0,0.0,0,102.559833
PIDY,102599833,0.0,0.0,0.0,0.0,0.48974284529685974,7.899320125579834,0.0,0.0,0.0,0.0,0,102.599833
PIDY,102639833,0.0,0.0,0.0,0.0,0.5106287002563477,9.16614055633545,0.0,0.0,0.0,0.0,0,102.639833
PIDY,102679833,0.0,0.0,0.0,0.0,0.5341458916664124,10.237531661987305,0.0,0.0,0.0,0.0,0,102.679833
PIDY,102719833,0.0,0.0,0.0,0.0,0.5598982572555542,11.060798645019531,0.0,0.0,0.0,0.0,0,102.719833
PIDY,102759833,0.0,0.0,0.0,0.0,0.5872201919555664,11.595026969909668,0.0,0.0,0.0,0.0,0,102.759833
PIDY,102799833,0.0,0.0,0.0,0.0,0.6156184077262878,11.829548835754395,0.0,0.0,0.0,0.0,0,102.799833
PIDY,102839833,0.0,0.0,0.0,0.0,0.6443703174591064,11.765515327453613,0.0,0.0,0.0,0.0,0,102.839833
PIDY,102879833,0.0,0.0,0.0,0.0,0.6729096174240112,11.409966468811035,0.0,0.0,0.0,0.0,0,102.879833
PIDY,102919833,0.0,0.0,0.0,0.0,0.7006784081459045,10.779434204101562,0.0,0.0,0.0,0.0,0,102.919833
PIDY,102959833,0.0,0.0,0.0,0.0,0.7270060777664185,9.900477409362793,0.0,0.0,0.0,0.0,0,102.959833
PIDY,102999833,0.0,0.0,0.0,0.0,0.7514196634292603,8.81015682220459,0.0,0.0,0.0,0.0,0,102.999833
PIDY,103039833,0.0,0.0,0.0,0.0,0.7735096216201782,7.553184986114502,0.0,0.0,0.0,0.0,0,103.039833
PIDY,103079833,0.0,0.0,0.0,0.0,0.7929156422615051,6.180179595947266,0.0,0.0,0.0,0.0,0,103.079833
PIDY,103119833,0.0,0.0,0.0,0.0,0.8092747330665588,4.737158298492432,0.0,0.0,0.0,0.0,0,103.119833
PIDY,103159833,0.0,0.0,0.0,0.0,0.8226755261421204,3.281574249267578,0.0,0.0,0.0,0.0,0,103.159833
PIDY,103199833,0.0,0.0,0.0,0.0,0.8328731060028076,1.8649722337722778,0.0,0.0,0.0,0.0,0,103.199833
PIDY,103239833,0.0,0.0,0.0,0.0,0.8401570916175842,0.5330294966697693,0.0,0.0,0.0,0.0,0,103.239833
PIDY,103279833,0.0,0.0,0.0,0.0,0.8446032404899597,-0.6713111996650696,0.0,0.0,0.0,0.0,0,103.279833
PIDY,103319833,0.0,0.0,0.0,0.0,0.8463323712348938,-1.7165583372116089,0.0,0.0,0.0,0.0,0,103.319833
PIDY,103359833,0.0,0.0,0.0,0.0,0.8459672331809998,-2.5797600746154785,0.0,0.0,0.0,0.0,0,103.359833
PIDY,103399833,0.0,0.0,0.0,0.0,0.8435985445976257,-3.2419114112854004,0.0,0.0,0.0,0.0,0,103.399833
PIDY,103439833,0.0,0.0,0.0,0.0,0.8399503231048584,-3.6914279460906982,0.0,0.0,0.0,0.0,0,103.439833
PIDY,103479833,0.0,0.0,0.0,0.0,0.835308313369751,-3.9367949962615967,0.0,0.0,0.0,0.0,0,103.479833
PIDY,103519833,0.0,0.0,0.0,0.0,0.8298195004463196,-3.993697166442871,0.0,0.0,0.0,0.0,0,103.519833
PIDY,103559833,0.0,0.0,0.0,0.0,0.8244027495384216,-3.8793137073516846,0.0,0.0,0.0,0.0,0,103.559833
PIDY,103599833,0.0,0.0,0.0,0.0,0.8188992738723755,-3.616973400115967,0.0,0.0,0.0,0.0,0,103.599833
PIDY,103639833,0.0,0.0,0.0,0.0,0.814131498336792,-3.2313790321350098,0.0,0.0,0.0,0.0,0,103.639833
PIDY,103679833,0.0,0.0,0.0,0.0,0.8100955486297607,-2.754323959350586,0.0,0.0,0.0,0.0,0,103.679833
PIDY,103719833,0.0,0.0,0.0,0.0,0.806480348110199,-2.2176105976104736,0.0,0.0,0.0,0.0,0,103.719833
PIDY,103759833,0.0,0.0,0.0,0.0,0.8044156432151794,-1.6507738828659058,0.0,0.0,0.0,0.0,0,103.759833
PIDY,103799833,0.0,0.0,0.0,0.0,0.8028236627578735,-1.0961071252822876,0.0,0.0,0.0,0.0,0,103.799833
PIDY,103839833,0.0,0.0,0.0,0.0,0.8029219508171082,-0.5821967720985413,0.0,0.0,0.0,0.0,0,103.839833
PIDY,103879833,0.0,0.0,0.0,0.0,0.804009735584259,-0.13187168538570404,0.0,0.0,0.0,0.0,0,103.879833
PIDY,103919833,0.0,0.0,0.0,0.0,0.8054629564285278,0.23170581459999084,0.0,0.0,0.0,0.0,0,103.919833
PIDY,103959833,0.0,0.0,0.0,0.0,0.8080801367759705,0.4998452663421631,0.0,0.0,0.0,0.0,0,103.959833
PIDY,103999833,0.0,0.0,0.0,0.0,0.8105724453926086,0.6564751267433167,0.0,0.0,0.0,0.0,0,103.999833
PIDY,104039833,0.0,0.0,0.0,0.0,0.8138889670372009,0.6802043318748474,0.0,0.0,0.0,0.0,0,104.039833
PIDY,104079833,0.0,0.0,0.0,0.0,0.8169853091239929,0.45199260115623474,0.0,0.0,0.0,0.0,0,104.079833
PIDY,104119833,0.0,0.0,0.0,0.0,0.8185054063796997,-0.07739432156085968,0.0,0.0,0.0,0.0,0,104.119833
PIDY,104159833,0.0,0.0,0.0,0.0,0.819301187992096,-0.8792673945426941,0.0,0.0,0.0,0.0,0,104.159833
PIDY,104199833,0.0,0.0,0.0,0.0,0.8174151182174683,-1.9144700765609741,0.0,0.0,0.0,0.0,0,104.199833
PIDY,104239833,0.0,0.0,0.0,0.0,0.8136692047119141,-3.131127119064331,0.0,0.0,0.0,0.0,0,104.239833
PIDY,104279833,0.0,0.0,0.0,0.0,0.8070379495620728,-4.4755635261535645,0.0,0.0,0.0,0.0,0,104.279833
PIDY,104319833,0.0,0.0,0.0,0.0,0.7967883348464966,-5.884609222412109,0.0,0.0,0.0,0.0,0,104.319833
PIDY,104359833,0.0,0.0,0.0,0.0,0.7838017344474792,-7.294108867645264,0.0,0.0,0.0,0.0,0,104.359833
PIDY,104399833,0.0,0.0,0.0,0.0,0.7671236395835876,-8.621491432189941,0.0,0.0,0.0,0.0,0,104.399833
PIDY,104439833,0.0,0.0,0.0,0.0,0.7480618953704834,-9.800026893615723,0.0,0.0,0.0,0.0,0,104.439833
PIDY,104479833,0.0,0.0,0.0,0.0,0.7264596819877625,-10.760092735290527,0.0,0.0,0.0,0.0,0,104.479833
PIDY,104519833,0.0,0.0,0.0,0.0,0.7024123668670654,-11.449406623840332,0.0,0.0,0.0,0.0,0,104.519833
PIDY,104559833,0.0,0.0,0.0,0.0,0.6773287057876587,-11.856124877929688,0.0,0.0,0.0,0.0,0,104.559833
PIDY,104599833,0.0,0.0,0.0,0.0,0.6509597301483154,-11.955694198608398,0.0,0.0,0.0,0.0,0,104.599833
PIDY,104639833,0.0,0.0,0.0,0.0,0.6248663663864136,-11.765596389770508,0.0,0.0,0.0,0.0,0,104.639833
PIDY,104679833,0.0,0.0,0.0,0.0,0.5991992950439453,-11.298539161682129,0.0,0.0,0.0,0.0,0,104.679833
PIDY,104719833,0.0,0.0,0.0,0.0,0.5741702318191528,-10.584881782531738,0.0,0.0,0.0,0.0,0,104.719833
PIDY,104759833,0.0,0.0,0.0,0.0,0.5509963035583496,-9.672019958496094,0.0,0.0,0.0,0.0,0,104.759833
PIDY,104799833,0.0,0.0,0.0,0.0,0.529377281665802,-8.593257904052734,0.0,0.0,0.0,0.0,0,104.799833
PIDY,104839833,0.0,0.0,0.0,0.0,0.5103616714477539,-7.4090142250061035,0.0,0.0,0.0,0.0,0,104.839833
PIDY,104879833,0.0,0.0,0.0,0.0,0.49380919337272644,-6.166323661804199,0.0,0.0,0.0,0.0,0,104.879833
PIDY,104919833,0.0,0.0,0.0,0.0,0.47948211431503296,-4.920087814331055,0.0,0.0,0.0,0.0,0,104.919833
PIDY,104959833,0.0,0.0,0.0,0.0,0.46808332204818726,-3.726806640625,0.0,0.0,0.0,0.0,0,104.959833
PIDY,104999833,0.0,0.0,0.0,0.0,0.4589313268661499,-2.6187281608581543,0.0,0.0,0.0,0.0,0,104.999833
PIDY,105039833,0.0,0.0,0.0,0.0,0.4523123800754547,-1.6349921226501465,0.0,0.0,0.0,0.0,0,105.039833
PIDY,105079833,0.0,0.0,0.0,0.0,0.44773349165916443,-0.8059034943580627,0.0,0.0,0.0,0.0,0,105.079833
PIDY,105119833,0.0,0.0,0.0,0.0,0.4446669816970825,-0.17955182492733002,0.0,0.0,0.0,0.0,0,105.119833
PIDY,105159833,0.0,0.0,0.0,0.0,0.44289129972457886,0.12592527270317078,0.0,0.0,0.0,0.0,0,105.159833
PIDY,105199833,0.0,0.0,0.0,0.0,0.441336452960968,0.06878066807985306,0.0,0.0,0.0,0.0,0,105.199833
PIDY,105239833,0.0,0.0,0.0,0.0,0.4395388662815094,-0.3331705629825592,0.0,0.0,0.0,0.0,0,105.239833
PIDY,105279833,0.0,0.0,0.0,0.0,0.43662965297698975,-1.0423487424850464,0.0,0.0,0.0,0.0,0,105.279833
PIDY,105319833,0.0,0.0,0.0,0.0,0.4318197965621948,-2.012939453125,0.0,0.0,0.0,0.0,0,105.319833
PIDY,105359833,0.0,0.0,0.0,0.0,0.4248608648777008,-3.187746047973633,0.0,0.0,0.0,0.0,0,105.359833
PIDY,105399833,0.0,0.0,0.0,0.0,0.4150944948196411,-4.494535446166992,0.0,0.0,0.0,0.0,0,105.399833
PIDY,105439833,0.0,0.0,0.0,0.0,0.4025122821331024,-5.861950397491455,0.0,0.0,0.0,0.0,0,105.439833
PIDY,105479833,0.0,0.0,0.0,0.0,0.3869304358959198,-7.207272052764893,0.0,0.0,0.0,0.0,0,105.479833
PIDY,105519833,0.0,0.0,0.0,0.0,0.36842238903045654,-8.447245597839355,0.0,0.0,0.0,0.0,0,105.519833
PIDY,105559833,0.0,0.0,0.0,0.0,0.3473505973815918,-9.510361671447754,0.0,0.0,0.0,0.0,0,105.559833
PIDY,105599833,0.0,0.0,0.0,0.0,0.3241077959537506,-10.335214614868164,0.0,0.0,0.0,0.0,0,105.599833
PIDY,105639833,0.0,0.0,0.0,0.0,0.29919883608818054,-10.877522468566895,0.0,0.0,0.0,0.0,0,105.639833
PIDY,105679833,0.0,0.0,0.0,0.0,0.27324777841567993,-11.113235473632812,0.0,0.0,0.0,0.0,0,105.679833
PIDY,105719833,0.0,0.0,0.0,0.0,0.24692553281784058,-11.038494110107422,0.0,0.0,0.0,0.0,0,105.719833
PIDY,105759833,0.0,0.0,0.0,0.0,0.22082635760307312,-10.665474891662598,0.0,0.0,0.0,0.0,0,105.759833
PIDY,105799833,0.0,0.0,0.0,0.0,0.19556263089179993,-10.023162841796875,0.0,0.0,0.0,0.0,0,105.799833
PIDY,105839833,0.0,0.0,0.0,0.0,0.17172370851039886,-9.145038604736328,0.0,0.0,0.0,0.0,0,105.839833
PIDY,105879833,0.0,0.0,0.0,0.0,0.14977607131004333,-8.070954322814941,0.0,0.0,0.0,0.0,0,105.879833
PIDY,105919833,0.0,0.0,0.0,0.0,0.1301201730966568,-6.847035884857178,0.0,0.0,0.0,0.0,0,105.919833
PIDY,105959833,0.0,0.0,0.0,0.0,0.11306250840425491,-5.530293941497803,0.0,0.0,0.0,0.0,0,105.959833
PIDY,105999833,0.0,0.0,0.0,0.0,0.09875451773405075,-4.17714262008667,0.0,0.0,0.0,0.0,0,105.999833
PIDY,106039833,0.0,0.0,0.0,0.0,0.08732378482818604,-2.8407533168792725,0.0,0.0,0.0,0.0,0,106.039833
PIDY,106079833,0.0,0.0,0.0,0.0,0.07870782911777496,-1.571118950843811,0.0,0.0,0.0,0.0,0,106.079833
PIDY,106119833,0.0,0.0,0.0,0.0,0.07274053990840912,-0.41598910093307495,0.0,0.0,0.0,0.0,0,106.119833
PIDY,106159833,0.0,0.0,0.0,0.0,0.06921860575675964,0.5859643220901489,0.0,0.0,0.0,0.0,0,106.159833
PIDY,106199833,0.0,0.0,0.0,0.0,0.06779643148183823,1.4153796434402466,0.0,0.0,0.0,0.0,0,106.199833
PIDY,106239833,0.0,0.0,0.0,0.0,0.06814891844987869,2.0518553256988525,0.0,0.0,0.0,0.0,0,106.239833
PIDY,106279833,0.0,0.0,0.0,0.0,0.06985341012477875,2.487067222595215,0.0,0.0,0.0,0.0,0,106.279833
PIDY,106319833,0.0,0.0,0.0,0.0,0.07246819883584976,2.7208640575408936,0.0,0.0,0.0,0.0,0,106.319833
PIDY,106359833,0.0,0.0,0.0,0.0,0.07562323659658432,2.766073226928711,0.0,0.0,0.0,0.0,0,106.359833
PIDY,106399833,0.0,0.0,0.0,0.0,0.07890013605356216,2.650674819946289,0.0,0.0,0.0,0.0,0,106.399833
PIDY,106439833,0.0,0.0,0.0,0.0,0.08201202750205994,2.395679473876953,0.0,0.0,0.0,0.0,0,106.439833
PIDY,106479833,0.0,0.0,0.0,0.0,0.08464747667312622,2.028397798538208,0.0,0.0,0.0,0.0,0,106.479833
PIDY,106519833,0.0,0.0,0.0,0.0,0.08654254674911499,1.5813781023025513,0.0,0.0,0.0,0.0,0,106.519833
PIDY,106559833,0.0,0.0,0.0,0.0,0.08760175108909607,1.0809940099716187,0.0,0.0,0.0,0.0,0,106.559833
PIDY,106599833,0.0,0.0,0.0,0.0,0.08762726932764053,0.561811089515686,0.0,0.0,0.0,0.0,0,106.599833
PIDY,106639833,0.0,0.0,0.0,0.0,0.0866897702217102,0.044321153312921524,0.0,0.0,0.0,0.0,0,106.639833
PIDY,106679833,0.0,0.0,0.0,0.0,0.08473636955022812,-0.4413229525089264,0.0,0.0,0.0,0.0,0,106.679833
PIDY,106719833,0.0,0.0,0.0,0.0,0.08178626745939255,-0.8613519668579102,0.0,0.0,0.0,0.0,0,106.719833
PIDY,106759833,0.0,0.0,0.0,0.0,0.07809380441904068,-1.1994283199310303,0.0,0.0,0.0,0.0,0,106.759833
PIDY,106799833,0.0,0.0,0.0,0.0,0.07370737940073013,-1.432930827140808,0.0,0.0,0.0,0.0,0,106.799833
PIDY,106839833,0.0,0.0,0.0,0.0,0.06896694004535675,-1.5641497373580933,0.0,0.0,0.0,0.0,0,106.839833
PIDY,106879833,0.0,0.0,0.0,0.0,0.06402125954627991,-1.5841100215911865,0.0,0.0,0.0,0.0,0,106.879833
PIDY,106919833,0.0,0.0,0.0,0.0,0.059092290699481964,-1.456151008605957,0.0,0.0,0.0,0.0,0,106.919833
PIDY,106959833,0.0,0.0,0.0,0.0,0.05479826778173447,-1.04160475730896,0.0,0.0,0.0,0.0,0,106.959833
PIDY,106999833,0.0,0.0,0.0,0.0,0.05178028717637062,-0.27226465940475464,0.0,0.0,0.0,0.0,0,106.999833
PIDY,107039833,0.0,0.0,0.0,0.0,0.05084127187728882,0.8049419522285461,0.0,0.0,0.0,0.0,0,107.039833
PIDY,107079833,0.0,0.0,0.0,0.0,0.05257042124867439,2.1293723583221436,0.0,0.0,0.0,0.0,0,107.079833
PIDY,107119833,0.0,0.0,0.0,0.0,0.05743195489048958,3.630333423614502,0.0,0.0,0.0,0.0,0,107.119833
PIDY,107159833,0.0,0.0,0.0,0.0,0.06585320830345154,5.234724044799805,0.0,0.0,0.0,0.0,0,107.159833
PIDY,107199833,0.0,0.0,0.0,0.0,0.07791447639465332,6.860873699188232,0.0,0.0,0.0,0.0,0,107.199833
PIDY,107239833,0.0,0.0,0.0,0.0,0.09369539469480515,8.424848556518555,0.0,0.0,0.0,0.0,0,107.239833
PIDY,107279833,0.0,0.0,0.0,0.0,0.11293276399374008,9.84522819519043,0.0,0.0,0.0,0.0,0,107.279833
PIDY,107319833,0.0,0.0,0.0,0.0,0.1351577639579773,11.049508094787598,0.0,0.0,0.0,0.0,0,107.319833
PIDY,107359833,0.0,0.0,0.0,0.0,0.1600576490163803,11.999176979064941,0.0,0.0,0.0,0.0,0,107.359833
PIDY,107399833,0.0,0.0,0.0,0.0,0.18680010735988617,12.642971992492676,0.0,0.0,0.0,0.0,0,107.399833
PIDY,107439833,0.0,0.0,0.0,0.0,0.21504206955432892,12.985676765441895,0.0,0.0,0.0,0.0,0,107.439833
PIDY,107479833,0.0,0.0,0.0,0.0,0.2439960092306137,13.021492004394531,0.0,0.0,0.0,0.0,0,107.479833
PIDY,107519833,0.0,0.0,0.0,0.0,0.2728598117828369,12.756872177124023,0.0,0.0,0.0,0.0,0,107.519833
PIDY,107559833,0.0,0.0,0.0,0.0,0.301341712474823,12.226264953613281,0.0,0.0,0.0,0.0,0,107.559833
PIDY,107599833,0.0,0.0,0.0,0.0,0.32850247621536255,11.447404861450195,0.0,0.0,0.0,0.0,0,107.599833
PIDY,107639833,0.0,0.0,0.0,0.0,0.3542702794075012,10.47097110748291,0.0,0.0,0.0,0.0,0,107.639833
PIDY,107679833,0.0,0.0,0.0,0.0,0.37800759077072144,9.329482078552246,0.0,0.0,0.0,0.0,0,107.679833
PIDY,107719833,0.0,0.0,0.0,0.0,0.3991393744945526,8.069269180297852,0.0,0.0,0.0,0.0,0,107.719833
PIDY,107759833,0.0,0.0,0.0,0.0,0.4178757667541504,6.747673034667969,0.0,0.0,0.0,0.0,0,107.759833
PIDY,107799833,0.0,0.0,0.0,0.0,0.4335233271121979,5.401378631591797,0.0,0.0,0.0,0.0,0,107.799833
PIDY,107839833,0.0,0.0,0.0,0.0,0.4466674029827118,4.084445476531982,0.0,0.0,0.0,0.0,0,107.839833
PIDY,107879833,0.0,0.0,0.0,0.0,0.45704594254493713,2.8403685092926025,0.0,0.0,0.0,0.0,0,107.879833
PIDY,107919833,0.0,0.0,0.0,0.0,0.4644862115383148,1.712136149406433,0.0,0.0,0.0,0.0,0,107.919833
PIDY,107959833,0.0,0.0,0.0,0.0,0.4698900580406189,0.7367383241653442,0.0,0.0,0.0,0.0,0,107.959833
PIDY,107999833,0.0,0.0,0.0,0.0,0.4729428291320801,-0.034087885171175,0.0,0.0,0.0,0.0,0,107.999833
PIDY,108039833,0.0,0.0,0.0,0.0,0.4749641418457031,-0.44171908497810364,0.0,0.0,0.0,0.0,0,108.039833
PIDY,108079833,0.0,0.0,0.0,0.0,0.47649961709976196,-0.41002801060676575,0.0,0.0,0.0,0.0,0,108.079833
PIDY,108119833,0.0,0.0,0.0,0.0,0.47815704345703125,0.03185998275876045,0.0,0.0,0.0,0.0,0,108.119833
PIDY,108159833,0.0,0.0,0.0,0.0,0.4813718795776367,0.8268086910247803,0.0,0.0,0.0,0.0,0,108.159833
PIDY,108199833,0.0,0.0,0.0,0.0,0.4863267242908478,1.9094023704528809,0.0,0.0,0.0,0.0,0,108.199833
PIDY,108239833,0.0,0.0,0.0,0.0,0.49407973885536194,3.20772123336792,0.0,0.0,0.0,0.0,0,108.239833
PIDY,108279833,0.0,0.0,0.0,0.0,0.5048002004623413,4.639969348907471,0.0,0.0,0.0,0.0,0,108.279833
PIDY,108319833,0.0,0.0,0.0,0.0,0.518517792224884,6.10838508605957,0.0,0.0,0.0,0.0,0,108.319833
PIDY,108359833,0.0,0.0,0.0,0.0,0.5355753302574158,7.523102760314941,0.0,0.0,0.0,0.0,0,108.359833
PIDY,108399833,0.0,0.0,0.0,0.0,0.5553367137908936,8.796696662902832,0.0,0.0,0.0,0.0,0,108.399833
PIDY,108439833,0.0,0.0,0.0,0.0,0.5780053734779358,9.871550559997559,0.0,0.0,0.0,0.0,0,108.439833
PIDY,108479833,0.0,0.0,0.0,0.0,0.6028490662574768,10.691458702087402,0.0,0.0,0.0,0.0,0,108.479833
PIDY,108519833,0.0,0.0,0.0,0.0,0.6291144490242004,11.223644256591797,0.0,0.0,0.0,0.0,0,108.519833
PIDY,108559833,0.0,0.0,0.0,0.0,0.6566107869148254,11.461797714233398,0.0,0.0,0.0,0.0,0,108.559833
PIDY,108599833,0.0,0.0,0.0,0.0,0.6842944622039795,11.392389297485352,0.0,0.0,0.0,0.0,0,108.599833
PIDY,108639833,0.0,0.0,0.0,0.0,0.7119691967964172,11.030816078186035,0.0,0.0,0.0,0.0,0,108.639833
PIDY,108679833,0.0,0.0,0.0,0.0,0.7388112545013428,10.39309310913086,0.0,0.0,0.0,0.0,0,108.679833
PIDY,108719833,0.0,0.0,0.0,0.0,0.7640609741210938,9.505919456481934,0.0,0.0,0.0,0.0,0,108.719833
PIDY,108759833,0.0,0.0,0.0,0.0,0.7875694036483765,8.410481452941895,0.0,0.0,0.0,0.0,0,108.759833
PIDY,108799833,0.0,0.0,0.0,0.0,0.8086480498313904,7.147249221801758,0.0,0.0,0.0,0.0,0,108.799833
PIDY,108839833,0.0,0.0,0.0,0.0,0.8270882964134216,5.769277095794678,0.0,0.0,0.0,0.0,0,108.839833
PIDY,108879833,0.0,0.0,0.0,0.0,0.842572033405304,4.322360515594482,0.0,0.0,0.0,0.0,0,108.879833
PIDY,108919833,0.0,0.0,0.0,0.0,0.8548208475112915,2.861572504043579,0.0,0.0,0.0,0.0,0,108.919833
PIDY,108959833,0.0,0.0,0.0,0.0,0.8640889525413513,1.44391667842865,0.0,0.0,0.0,0.0,0,108.959833
PIDY,108999833,0.0,0.0,0.0,0.0,0.8703259825706482,0.11493026465177536,0.0,0.0,0.0,0.0,0,108.999833
PIDY,109039833,0.0,0.0,0.0,0.0,0.8737309575080872,-1.08336341381073,0.0,0.0,0.0,0.0,0,109.039833
PIDY,109079833,0.0,0.0,0.0,0.0,0.8745774030685425,-2.1164984703063965,0.0,0.0,0.0,0.0,0,109.079833
PIDY,109119833,0.0,0.0,0.0,0.0,0.8730328679084778,-2.9639039039611816,0.0,0.0,0.0,0.0,0,109.119833
PIDY,109159833,0.0,0.0,0.0,0.0,0.8698468208312988,-3.6080691814422607,0.0,0.0,0.0,0.0,0,109.159833
PIDY,109199833,0.0,0.0,0.0,0.0,0.8651436567306519,-4.041709899902344,0.0,0.0,0.0,0.0,0,109.199833
PIDY,109239833,0.0,0.0,0.0,0.0,0.8595958352088928,-4.273947238922119,0.0,0.0,0.0,0.0,0,109.239833
PIDY,109279833,0.0,0.0,0.0,0.0,0.8534995913505554,-4.3151326179504395,0.0,0.0,0.0,0.0,0,109.279833
PIDY,109319833,0.0,0.0,0.0,0.0,0.8470520973205566,-4.183100700378418,0.0,0.0,0.0,0.0,0,109.319833
PIDY,109359833,0.0,0.0,0.0,0.0,0.8410103917121887,-3.898143768310547,0.0,0.0,0.0,0.0,0,109.359833
PIDY,109399833,0.0,0.0,0.0,0.0,0.8349987864494324,-3.489537239074707,0.0,0.0,0.0,0.0,0,109.399833
PIDY,109439833,0.0,0.0,0.0,0.0,0.8302549123764038,-2.986237049102783,0.0,0.0,0.0,0.0,0,109.439833
PIDY,109479833,0.0,0.0,0.0,0.0,0.8264884948730469,-2.418849229812622,0.0,0.0,0.0,0.0,0,109.479833
PIDY,109519833,0.0,0.0,0.0,0.0,0.8232960104942322,-1.8213962316513062,0.0,0.0,0.0,0.0,0,109.519833
PIDY,109559833,0.0,0.0,0.0,0.0,0.8218111991882324,-1.2273228168487549,0.0,0.0,0.0,0.0,0,109.559833
PIDY,109599833,0.0,0.0,0.0,0.0,0.8209050297737122,-0.6780349016189575,0.0,0.0,0.0,0.0,0,109.599833
PIDY,109639833,0.0,0.0,0.0,0.0,0.8216313123703003,-0.19435009360313416,0.0,0.0,0.0,0.0,0,109.639833
PIDY,109679833,0.0,0.0,0.0,0.0,0.8232857584953308,0.20144672691822052,0.0,0.0,0.0,0.0,0,109.679833
PIDY,109719833,0.0,0.0,0.0,0.0,0.825021505355835,0.4905572533607483,0.0,0.0,0.0,0.0,0,109.719833
PIDY,109759833,0.0,0.0,0.0,0.0,0.8279540538787842,0.6676049828529358,0.0,0.0,0.0,0.0,0,109.759833
PIDY,109799833,0.0,0.0,0.0,0.0,0.8305724859237671,0.6987016201019287,0.0,0.0,0.0,0.0,0,109.799833
PIDY,109839833,0.0,0.0,0.0,0.0,0.8335715532302856,0.4809451103210449,0.0,0.0,0.0,0.0,0,109.839833
PIDY,109879833,0.0,0.0,0.0,0.0,0.8357648253440857,-0.03543129935860634,0.0,0.0,0.0,0.0,0,109.879833
PIDY,109919833,0.0,0.0,0.0,0.0,0.8359392285346985,-0.8335838913917542,0.0,0.0,0.0,0.0,0,109.919833
PIDY,109959833,0.0,0.0,0.0,0.0,0.834674060344696,-1.8664722442626953,0.0,0.0,0.0,0.0,0,109.959833
PIDY,109999833,0.0,0.0,0.0,0.0,0.8301655650138855,-3.091888427734375,0.0,0.0,0.0,0.0,0,109.999833
PIDY,110039833,0.0,0.0,0.0,0.0,0.8234643936157227,-4.451200485229492,0.0,0.0,0.0,0.0,0,110.039833
PIDY,110079833,0.0,0.0,0.0,0.0,0.8136025667190552,-5.875842094421387,0.0,0.0,0.0,0.0,0,110.079833
PIDY,110119833,0.0,0.0,0.0,0.0,0.7999740242958069,-7.282431602478027,0.0,0.0,0.0,0.0,0,110.119833
PIDY,110159833,0.0,0.0,0.0,0.0,0.7837461829185486,-8.596174240112305,0.0,0.0,0.0,0.0,0,110.159833
PIDY,110199833,0.0,0.0,0.0,0.0,0.7641724944114685,-9.738761901855469,0.0,0.0,0.0,0.0,0,110.199833
PIDY,110239833,0.0,0.0,0.0,0.0,0.7426247596740723,-10.659666061401367,0.0,0.0,0.0,0.0,0,110.239833
PIDY,110279833,0.0,0.0,0.0,0.0,0.7191451787948608,-11.306880950927734,0.0,0.0,0.0,0.0,0,110.279833
PIDY,110319833,0.0,0.0,0.0,0.0,0.693755567073822,-11.6539945602417,0.0,0.0,0.0,0.0,0,110.319833
PIDY,110359833,0.0,0.0,0.0,0.0,0.6682434678077698,-11.707229614257812,0.0,0.0,0.0,0.0,0,110.359833
PIDY,110399833,0.0,0.0,0.0,0.0,0.6420779228210449,-11.457873344421387,0.0,0.0,0.0,0.0,0,110.399833
PIDY,110439833,0.0,0.0,0.0,0.0,0.6170389652252197,-10.948765754699707,0.0,0.0,0.0,0.0,0,110.439833
PIDY,110479833,0.0,0.0,0.0,0.0,0.5930729508399963,-10.206609725952148,0.0,0.0,0.0,0.0,0,110.479833
PIDY,110519833,0.0,0.0,0.0,0.0,0.5702565312385559,-9.261322975158691,0.0,0.0,0.0,0.0,0,110.519833
PIDY,110559833,0.0,0.0,0.0,0.0,0.5498154759407043,-8.17218017578125,0.0,0.0,0.0,0.0,0,110.559833
PIDY,110599833,0.0,0.0,0.0,0.0,0.5312796831130981,-6.9795613288879395,0.0,0.0,0.0,0.0,0,110.599833
PIDY,110639833,0.0,0.0,0.0,0.0,0.5155783295631409,-5.747159481048584,0.0,0.0,0.0,0.0,0,110.639833
PIDY,110679833,0.0,0.0,0.0,0.0,0.5024296045303345,-4.522454261779785,0.0,0.0,0.0,0.0,0,110.679833
PIDY,110719833,0.0,0.0,0.0,0.0,0.4915026128292084,-3.3442070484161377,0.0,0.0,0.0,0.0,0,110.719833
PIDY,110759833,0.0,0.0,0.0,0.0,0.4833533763885498,-2.2599637508392334,0.0,0.0,0.0,0.0,0,110.759833
PIDY,110799833,0.0,0.0,0.0,0.0,0.4772073030471802,-1.3052769899368286,0.0,0.0,0.0,0.0,0,110.799833
PIDY,110839833,0.0,0.0,0.0,0.0,0.47329336404800415,-0.5111033916473389,0.0,0.0,0.0,0.0,0,110.839833
PIDY,110879833,0.0,0.0,0.0,0.0,0.47100335359573364,0.08019287139177322,0.0,0.0,0.0,0.0,0,110.879833
PIDY,110919833,0.0,0.0,0.0,0.0,0.4695880711078644,0.3550551235675812,0.0,0.0,0.0,0.0,0,110.919833
PIDY,110959833,0.0,0.0,0.0,0.0,0.46865224838256836,0.26463183760643005,0.0,0.0,0.0,0.0,0,110.959833
PIDY,110999833,0.0,0.0,0.0,0.0,0.46712517738342285,-0.1714302897453308,0.0,0.0,0.0,0.0,0,110.999833
PIDY,111039833,0.0,0.0,0.0,0.0,0.46454402804374695,-0.9110383987426758,0.0,0.0,0.0,0.0,0,111.039833
PIDY,111079833,0.0,0.0,0.0,0.0,0.4601473808288574,-1.9040778875350952,0.0,0.0,0.0,0.0,0,111.079833
PIDY,111119833,0.0,0.0,0.0,0.0,0.45325949788093567,-3.092848777770996,0.0,0.0,0.0,0.0,0,111.119833
PIDY,111159833,0.0,0.0,0.0,0.0,0.44380080699920654,-4.408938884735107,0.0,0.0,0.0,0.0,0,111.159833
PIDY,111199833,0.0,0.0,0.0,0.0,0.43131089210510254,-5.7755632400512695,0.0,0.0,0.0,0.0,0,111.199833
PIDY,111239833,0.0,0.0,0.0,0.0,0.41591039299964905,-7.1119914054870605,0.0,0.0,0.0,0.0,0,111.239833
PIDY,111279833,0.0,0.0,0.0,0.0,0.39764460921287537,-8.335549354553223,0.0,0.0,0.0,0.0,0,111.279833
PIDY,111319833,0.0,0.0,0.0,0.0,0.3767687678337097,-9.370765686035156,0.0,0.0,0.0,0.0,0,111.319833
PIDY,111359833,0.0,0.0,0.0,0.0,0.3538146913051605,-10.161608695983887,0.0,0.0,0.0,0.0,0,111.359833
PIDY,111399833,0.0,0.0,0.0,0.0,0.3292166292667389,-10.665340423583984,0.0,0.0,0.0,0.0,0,111.399833
PIDY,111439833,0.0,0.0,0.0,0.0,0.30371952056884766,-10.863251686096191,0.0,0.0,0.0,0.0,0,111.439833
PIDY,111479833,0.0,0.0,0.0,0.0,0.27790331840515137,-10.751901626586914,0.0,0.0,0.0,0.0,0,111.479833
PIDY,111519833,0.0,0.0,0.0,0.0,0.2523920238018036,-10.34644889831543,0.0,0.0,0.0,0.0,0,111.519833
PIDY,111559833,0.0,0.0,0.0,0.0,0.22782477736473083,-9.674535751342773,0.0,0.0,0.0,0.0,0,111.559833
PIDY,111599833,0.0,0.0,0.0,0.0,0.2047605663537979,-8.76974868774414,0.0,0.0,0.0,0.0,0,111.599833
PIDY,111639833,0.0,0.0,0.0,0.0,0.1836225986480713,-7.674468040466309,0.0,0.0,0.0,0.0,0,111.639833
PIDY,111679833,0.0,0.0,0.0,0.0,0.16482771933078766,-6.437227725982666,0.0,0.0,0.0,0.0,0,111.679833
PIDY,111719833,0.0,0.0,0.0,0.0,0.14867176115512848,-5.114395618438721,0.0,0.0,0.0,0.0,0,111.719833
PIDY,111759833,0.0,0.0,0.0,0.0,0.13530825078487396,-3.755422830581665,0.0,0.0,0.0,0.0,0,111.759833
PIDY,111799833,0.0,0.0,0.0,0.0,0.1248258426785469,-2.41792368888855,0.0,0.0,0.0,0.0,0,111.799833
PIDY,111839833,0.0,0.0,0.0,0.0,0.11714956164360046,-1.1560189723968506,0.0,0.0,0.0,0.0,0,111.839833
PIDY,111879833,0.0,0.0,0.0,0.0,0.11213590949773788,-0.008964933454990387,0.0,0.0,0.0,0.0,0,111.879833
PIDY,111919833,0.0,0.0,0.0,0.0,0.10954993218183517,0.9899259805679321,0.0,0.0,0.0,0.0,0,111.919833
PIDY,111959833,0.0,0.0,0.0,0.0,0.10906722396612167,1.8094539642333984,0.0,0.0,0.0,0.0,0,111.959833
PIDY,111999833,0.0,0.0,0.0,0.0,0.1103212907910347,2.431030511856079,0.0,0.0,0.0,0.0,0,111.999833
PIDY,112039833,0.0,0.0,0.0,0.0,0.11288958042860031,2.843052387237549,0.0,0.0,0.0,0.0,0,112.039833
PIDY,112079833,0.0,0.0,0.0,0.0,0.11635080724954605,3.0557918548583984,0.0,0.0,0.0,0.0,0,112.079833
PIDY,112119833,0.0,0.0,0.0,0.0,0.12027371674776077,3.0875446796417236,0.0,0.0,0.0,0.0,0,112.119833
PIDY,112159833,0.0,0.0,0.0,0.0,0.12433341145515442,2.952672004699707,0.0,0.0,0.0,0.0,0,112.159833
PIDY,112199833,0.0,0.0,0.0,0.0,0.1280999779701233,2.6738102436065674,0.0,0.0,0.0,0.0,0,112.199833
PIDY,112239833,0.0,0.0,0.0,0.0,0.13140064477920532,2.2775967121124268,0.0,0.0,0.0,0.0,0,112.239833
PIDY,112279833,0.0,0.0,0.0,0.0,0.13393016159534454,1.792940616607666,0.0,0.0,0.0,0.0,0,112.279833
PIDY,112319833,0.0,0.0,0.0,0.0,0.13543687760829926,1.254239559173584,0.0,0.0,0.0,0.0,0,112.319833
PIDY,112359833,0.0,0.0,0.0,0.0,0.13596661388874054,0.7017109990119934,0.0,0.0,0.0,0.0,0,112.359833
PIDY,112399833,0.0,0.0,0.0,0.0,0.13535630702972412,0.17252986133098602,0.0,0.0,0.0,0.0,0,112.399833
PIDY,112439833,0.0,0.0,0.0,0.0,0.1337893158197403,-0.3137350082397461,0.0,0.0,0.0,0.0,0,112.439833
PIDY,112479833,0.0,0.0,0.0,0.0,0.13128814101219177,-0.7297489047050476,0.0,0.0,0.0,0.0,0,112.479833
PIDY,112519833,0.0,0.0,0.0,0.0,0.12793035805225372,-1.0518006086349487,0.0,0.0,0.0,0.0,0,112.519833
PIDY,112559833,0.0,0.0,0.0,0.0,0.12405369430780411,-1.273292899131775,0.0,0.0,0.0,0.0,0,112.559833
PIDY,112599833,0.0,0.0,0.0,0.0,0.11971131712198257,-1.380177617073059,0.0,0.0,0.0,0.0,0,112.599833
PIDY,112639833,0.0,0.0,0.0,0.0,0.11529705673456192,-1.3794716596603394,0.0,0.0,0.0,0.0,0,112.639833
PIDY,112679833,0.0,0.0,0.0,0.0,0.11098580062389374,-1.2378787994384766,0.0,0.0,0.0,0.0,0,112.679833
PIDY,112719833,0.0,0.0,0.0,0.0,0.10721700638532639,-0.8090479373931885,0.0,0.0,0.0,0.0,0,112.719833
PIDY,112759833,0.0,0.0,0.0,0.0,0.1048503965139389,-0.03733756020665169,0.0,0.0,0.0,0.0,0,112.759833
PIDY,112799833,0.0,0.0,0.0,0.0,0.10447297990322113,1.0470396280288696,0.0,0.0,0.0,0.0,0,112.799833
PIDY,112839833,0.0,0.0,0.0,0.0,0.10685446113348007,2.3796753883361816,0.0,0.0,0.0,0.0,0,112.839833
PIDY,112879833,0.0,0.0,0.0,0.0,0.1124400794506073,3.8928275108337402,0.0,0.0,0.0,0.0,0,112.879833
PIDY,112919833,0.0,0.0,0.0,0.0,0.12152358144521713,5.507347106933594,0.0,0.0,0.0,0.0,0,112.919833
PIDY,112959833,0.0,0.0,0.0,0.0,0.1343882828950882,7.142743110656738,0.0,0.0,0.0,0.0,0,112.959833
PIDY,112999833,0.0,0.0,0.0,0.0,0.15085408091545105,8.710750579833984,0.0,0.0,0.0,0.0,0,112.999833
PIDY,113039833,0.0,0.0,0.0,0.0,0.17088545858860016,10.13015079498291,0.0,0.0,0.0,0.0,0,113.039833
PIDY,113079833,0.0,0.0,0.0,0.0,0.19398804008960724,11.322901725769043,0.0,0.0,0.0,0.0,0,113.079833
PIDY,113119833,0.0,0.0,0.0,0.0,0.21949535608291626,12.23070240020752,0.0,0.0,0.0,0.0,0,113.119833
PIDY,113159833,0.0,0.0,0.0,0.0,0.2470259815454483,12.82994556427002,0.0,0.0,0.0,0.0,0,113.159833
PIDY,113199833,0.0,0.0,0.0,0.0,0.2756119966506958,13.088848114013672,0.0,0.0,0.0,0.0,0,113.199833
PIDY,113239833,0.0,0.0,0.0,0.0,0.3048538267612457,13.020524024963379,0.0,0.0,0.0,0.0,0,113.239833
PIDY,113279833,0.0,0.0,0.0,0.0,0.3339196443557739,12.641880989074707,0.0,0.0,0.0,0.0,0,113.279833
PIDY,113319833,0.0,0.0,0.0,0.0,0.36199507117271423,11.982151985168457,0.0,0.0,0.0,0.0,0,113.319833
PIDY,113359833,0.0,0.0,0.0,0.0,0.38886263966560364,11.085004806518555,0.0,0.0,0.0,0.0,0,113.359833
PIDY,113399833,0.0,0.0,0.0,0.0,0.41358694434165955,9.980757713317871,0.0,0.0,0.0,0.0,0,113.399833
PIDY,113439833,0.0,0.0,0.0,0.0,0.4362607002258301,8.72802734375,0.0,0.0,0.0,0.0,0,113.439833
PIDY,113479833,0.0,0.0,0.0,0.0,0.4563155770301819,7.371710300445557,0.0,0.0,0.0,0.0,0,113.479833
PIDY,113519833,0.0,0.0,0.0,0.0,0.4732634127140045,5.960752010345459,0.0,0.0,0.0,0.0,0,113.519833
PIDY,113559833,0.0,0.0,0.0,0.0,0.48752933740615845,4.559701919555664,0.0,0.0,0.0,0.0,0,113.559833
PIDY,113599833,0.0,0.0,0.0,0.0,0.49866384267807007,3.216238498687744,0.0,0.0,0.0,0.0,0,113.599833
PIDY,113639833,0.0,0.0,0.0,0.0,0.507190465927124,1.9775911569595337,0.0,0.0,0.0,0.0,0,113.639833
PIDY,113679833,0.0,0.0,0.0,0.0,0.5131182074546814,0.8765736818313599,0.0,0.0,0.0,0.0,0,113.679833
PIDY,113719833,0.0,0.0,0.0,0.0,0.516502320766449,-0.059536028653383255,0.0,0.0,0.0,0.0,0,113.719833
PIDY,113759833,0.0,0.0,0.0,0.0,0.5181787610054016,-0.7767552733421326,0.0,0.0,0.0,0.0,0,113.759833
PIDY,113799833,0.0,0.0,0.0,0.0,0.518280565738678,-1.1158427000045776,0.0,0.0,0.0,0.0,0,113.799833
PIDY,113839833,0.0,0.0,0.0,0.0,0.5183454751968384,-1.004913568496704,0.0,0.0,0.0,0.0,0,113.839833
PIDY,113879833,0.0,0.0,0.0,0.0,0.5190039277076721,-0.46940264105796814,0.0,0.0,0.0,0.0,0,113.879833
PIDY,113919833,0.0,0.0,0.0,0.0,0.5208266973495483,0.4287959933280945,0.0,0.0,0.0,0.0,0,113.919833
PIDY,113959833,0.0,0.0,0.0,0.0,0.525150716304779,1.6190648078918457,0.0,0.0,0.0,0.0,0,113.959833
PIDY,113999833,0.0,0.0,0.0,0.0,0.5320610404014587,3.019571542739868,0.0,0.0,0.0,0.0,0,113.999833
PIDY,114039833,0.0,0.0,0.0,0.0,0.5423529744148254,4.545080184936523,0.0,0.0,0.0,0.0,0,114.039833
PIDY,114079833,0.0,0.0,0.0,0.0,0.5560240745544434,6.1012678146362305,0.0,0.0,0.0,0.0,0,114.079833
PIDY,114119833,0.0,0.0,0.0,0.0,0.5728917717933655,7.583699703216553,0.0,0.0,0.0,0.0,0,114.119833
PIDY,114159833,0.0,0.0,0.0,0.0,0.593024730682373,8.904685020446777,0.0,0.0,0.0,0.0,0,114.159833
PIDY,114199833,0.0,0.0,0.0,0.0,0.6158139109611511,9.99427604675293,0.0,0.0,0.0,0.0,0,114.199833
PIDY,114239833,0.0,0.0,0.0,0.0,0.6408487558364868,10.800400733947754,0.0,0.0,0.0,0.0,0,114.239833
PIDY,114279833,0.0,0.0,0.0,0.0,0.6674544811248779,11.291625022888184,0.0,0.0,0.0,0.0,0,114.279833
PIDY,114319833,0.0,0.0,0.0,0.0,0.6948211193084717,11.460148811340332,0.0,0.0,0.0,0.0,0,114.319833
PIDY,114359833,0.0,0.0,0.0,0.0,0.7225967645645142,11.314373970031738,0.0,0.0,0.0,0.0,0,114.359833
PIDY,114399833,0.0,0.0,0.0,0.0,0.7497904300689697,10.859442710876465,0.0,0.0,0.0,0.0,0,114.399833
PIDY,114439833,0.0,0.0,0.0,0.0,0.7761268615722656,10.124443054199219,0.0,0.0,0.0,0.0,0,114.439833
PIDY,114479833,0.0,0.0,0.0,0.0,0.8008477687835693,9.138440132141113,0.0,0.0,0.0,0.0,0,114.479833
PIDY,114519833,0.0,0.0,0.0,0.0,0.823430597782135,7.945100784301758,0.0,0.0,0.0,0.0,0,114.519833
PIDY,114559833,0.0,0.0,0.0,0.0,0.8434509634971619,6.589200496673584,0.0,0.0,0.0,0.0,0,114.559833
PIDY,114599833,0.0,0.0,0.0,0.0,0.8604400753974915,5.126435279846191,0.0,0.0,0.0,0.0,0,114.599833
PIDY,114639833,0.0,0.0,0.0,0.0,0.8744368553161621,3.616436243057251,0.0,0.0,0.0,0.0,0,114.639833
PIDY,114679833,0.0,0.0,0.0,0.0,0.8852052092552185,2.10839581489563,0.0,0.0,0.0,0.0,0,114.679833
PIDY,114719833,0.0,0.0,0.0,0.0,0.8926955461502075,0.658006489276886,0.0,0.0,0.0,0.0,0,114.719833
PIDY,114759833,0.0,0.0,0.0,0.0,0.8971590399742126,-0.6822789311408997,0.0,0.0,0.0,0.0,0,114.759833
PIDY,114799833,0.0,0.0,0.0,0.0,0.8987767100334167,-1.8759291172027588,0.0,0.0,0.0,0.0,0,114.799833
PIDY,114839833,0.0,0.0,0.0,0.0,0.8978222012519836,-2.8873860836029053,0.0,0.0,0.0,0.0,0,114.839833
PIDY,114879833,0.0,0.0,0.0,0.0,0.8947070240974426,-3.6876347064971924,0.0,0.0,0.0,0.0,0,114.879833
PIDY,114919833,0.0,0.0,0.0,0.0,0.8895944952964783,-4.266585826873779,0.0,0.0,0.0,0.0,0,114.919833
PIDY,114959833,0.0,0.0,0.0,0.0,0.8834843039512634,-4.62484884262085,0.0,0.0,0.0,0.0,0,114.959833
PIDY,114999833,0.0,0.0,0.0,0.0,0.876174807548523,-4.765743732452393,0.0,0.0,0.0,0.0,0,114.999833
PIDY,115039833,0.0,0.0,0.0,0.0,0.8689008355140686,-4.71129846572876,0.0,0.0,0.0,0.0,0,115.039833
PIDY,115079833,0.0,0.0,0.0,0.0,0.8616644144058228,-4.487782955169678,0.0,0.0,0.0,0.0,0,115.079833
PIDY,115119833,0.0,0.0,0.0,0.0,0.854501485824585,-4.122966766357422,0.0,0.0,0.0,0.0,0,115.119833
PIDY,115159833,0.0,0.0,0.0,0.0,0.8483311533927917,-3.6504194736480713,0.0,0.0,0.0,0.0,0,115.159833
PIDY,115199833,0.0,0.0,0.0,0.0,0.8426435589790344,-3.103419542312622,0.0,0.0,0.0,0.0,0,115.199833
PIDY,115239833,0.0,0.0,0.0,0.0,0.8384144306182861,-2.5148696899414062,0.0,0.0,0.0,0.0,0,115.239833
PIDY,115279833,0.0,0.0,0.0,0.0,0.8353206515312195,-1.9171557426452637,0.0,0.0,0.0,0.0,0,115.279833
PIDY,115319833,0.0,0.0,0.0,0.0,0.8329264521598816,-1.3434580564498901,0.0,0.0,0.0,0.0,0,115.319833
PIDY,115359833,0.0,0.0,0.0,0.0,0.832091212272644,-0.8184188008308411,0.0,0.0,0.0,0.0,0,115.359833
PIDY,115399833,0.0,0.0,0.0,0.0,0.8317059874534607,-0.369288831949234,0.0,0.0,0.0,0.0,0,115.399833
PIDY,115439833,0.0,0.0,0.0,0.0,0.8327388167381287,-0.006183772347867489,0.0,0.0,0.0,0.0,0,115.439833
PIDY,115479833,0.0,0.0,0.0,0.0,0.8344606757164001,0.2588699162006378,0.0,0.0,0.0,0.0,0,115.479833
PIDY,115519833,0.0,0.0,0.0,0.0,0.8360705971717834,0.41772952675819397,0.0,0.0,0.0,0.0,0,115.519833
PIDY,115559833,0.0,0.0,0.0,0.0,0.8385317921638489,0.4514049291610718,0.0,0.0,0.0,0.0,0,115.559833
PIDY,115599833,0.0,0.0,0.0,0.0,0.8400990962982178,0.24284064769744873,0.0,0.0,0.0,0.0,0,115.599833
PIDY,115639833,0.0,0.0,0.0,0.0,0.8416239619255066,-0.24867312610149384,0.0,0.0,0.0,0.0,0,115.639833
PIDY,115679833,0.0,0.0,0.0,0.0,0.8417823910713196,-1.0099114179611206,0.0,0.0,0.0,0.0,0,115.679833
PIDY,115719833,0.0,0.0,0.0,0.0,0.8393065333366394,-2.0042836666107178,0.0,0.0,0.0,0.0,0,115.719833
PIDY,115759833,0.0,0.0,0.0,0.0,0.8351025581359863,-3.1849067211151123,0.0,0.0,0.0,0.0,0,115.759833
PIDY,115799833,0.0,0.0,0.0,0.0,0.827524721622467,-4.495439529418945,0.0,0.0,0.0,0.0,0,115.799833
PIDY,115839833,0.0,0.0,0.0,0.0,0.8174500465393066,-5.871090412139893,0.0,0.0,0.0,0.0,0,115.839833
PIDY,115879833,0.0,0.0,0.0,0.0,0.8042268753051758,-7.241189002990723,0.0,0.0,0.0,0.0,0,115.879833
PIDY,115919833,0.0,0.0,0.0,0.0,0.7873871326446533,-8.523119926452637,0.0,0.0,0.0,0.0,0,115.919833
PIDY,115959833,0.0,0.0,0.0,0.0,0.7682806253433228,-9.65236759185791,0.0,0.0,0.0,0.0,0,115.959833
PIDY,115999833,0.0,0.0,0.0,0.0,0.7464198470115662,-10.555353164672852,0.0,0.0,0.0,0.0,0,115.999833
PIDY,116039833,0.0,0.0,0.0,0.0,0.7230004072189331,-11.18452262878418,0.0,0.0,0.0,0.0,0,116.039833
PIDY,116079833,0.0,0.0,0.0,0.0,0.6983010768890381,-11.508313179016113,0.0,0.0,0.0,0.0,0,116.079833
PIDY,116119833,0.0,0.0,0.0,0.0,0.6725707650184631,-11.519590377807617,0.0,0.0,0.0,0.0,0,116.119833
PIDY,116159833,0.0,0.0,0.0,0.0,0.6472668051719666,-11.240326881408691,0.0,0.0,0.0,0.0,0,116.159833
PIDY,116199833,0.0,0.0,0.0,0.0,0.6222742795944214,-10.683111190795898,0.0,0.0,0.0,0.0,0,116.199833
PIDY,116239833,0.0,0.0,0.0,0.0,0.5988005995750427,-9.890372276306152,0.0,0.0,0.0,0.0,0,116.239833
PIDY,116279833,0.0,0.0,0.0,0.0,0.5770108103752136,-8.897871971130371,0.0,0.0,0.0,0.0,0,116.279833
PIDY,116319833,0.0,0.0,0.0,0.0,0.55693519115448,-7.750898838043213,0.0,0.0,0.0,0.0,0,116.319833
PIDY,116359833,0.0,0.0,0.0,0.0,0.5396381616592407,-6.512668132781982,0.0,0.0,0.0,0.0,0,116.359833
PIDY,116399833,0.0,0.0,0.0,0.0,0.524652898311615,-5.2346343994140625,0.0,0.0,0.0,0.0,0,116.399833
PIDY,116439833,0.0,0.0,0.0,0.0,0.5125889778137207,-3.9731640815734863,0.0,0.0,0.0,0.0,0,116.439833
PIDY,116479833,0.0,0.0,0.0,0.0,0.5031533241271973,-2.770447015762329,0.0,0.0,0.0,0.0,0,116.479833
PIDY,116519833,0.0,0.0,0.0,0.0,0.495977520942688,-1.6715028285980225,0.0,0.0,0.0,0.0,0,116.519833
PIDY,116559833,0.0,0.0,0.0,0.0,0.4913271367549896,-0.716596782207489,0.0,0.0,0.0,0.0,0,116.559833
PIDY,116599833,0.0,0.0,0.0,0.0,0.4885201156139374,0.06574253737926483,0.0,0.0,0.0,0.0,0,116.599833
PIDY,116639833,0.0,0.0,0.0,0.0,0.4874526858329773,0.6379624605178833,0.0,0.0,0.0,0.0,0,116.639833
PIDY,116679833,0.0,0.0,0.0,0.0,0.48740026354789734,0.8908418416976929,0.0,0.0,0.0,0.0,0,116.679833
PIDY,116719833,0.0,0.0,0.0,0.0,0.48745498061180115,0.7734981179237366,0.0,0.0,0.0,0.0,0,116.719833
PIDY,116759833,0.0,0.0,0.0,0.0,0.48713067173957825,0.3022635579109192,0.0,0.0,0.0,0.0,0,116.759833
PIDY,116799833,0.0,0.0,0.0,0.0,0.4854191541671753,-0.4797891080379486,0.0,0.0,0.0,0.0,0,116.799833
PIDY,116839833,0.0,0.0,0.0,0.0,0.4819222092628479,-1.5218626260757446,0.0,0.0,0.0,0.0,0,116.839833
PIDY,116879833,0.0,0.0,0.0,0.0,0.4759731590747833,-2.7668588161468506,0.0,0.0,0.0,0.0,0,116.879833
PIDY,116919833,0.0,0.0,0.0,0.0,0.46713218092918396,-4.137013912200928,0.0,0.0,0.0,0.0,0,116.919833
PIDY,116959833,0.0,0.0,0.0,0.0,0.45528796315193176,-5.55171537399292,0.0,0.0,0.0,0.0,0,116.959833
PIDY,116999833,0.0,0.0,0.0,0.0,0.4402681291103363,-6.924434661865234,0.0,0.0,0.0,0.0,0,116.999833
PIDY,117039833,0.0,0.0,0.0,0.0,0.422408789396286,-8.172016143798828,0.0,0.0,0.0,0.0,0,117.039833
PIDY,117079833,0.0,0.0,0.0,0.0,0.401948481798172,-9.217059135437012,0.0,0.0,0.0,0.0,0,117.079833
PIDY,117119833,0.0,0.0,0.0,0.0,0.3793209195137024,-9.9949369430542,0.0,0.0,0.0,0.0,0,117.119833
PIDY,117159833,0.0,0.0,0.0,0.0,0.3552148938179016,-10.4656982421875,0.0,0.0,0.0,0.0,0,117.159833
PIDY,117199833,0.0,0.0,0.0,0.0,0.3302135467529297,-10.607650756835938,0.0,0.0,0.0,0.0,0,117.199833
PIDY,117239833,0.0,0.0,0.0,0.0,0.3050708770751953,-10.422858238220215,0.0,0.0,0.0,0.0,0,117.239833
PIDY,117279833,0.0,0.0,0.0,0.0,0.280428022146225,-9.931547164916992,0.0,0.0,0.0,0.0,0,117.279833
PIDY,117319833,0.0,0.0,0.0,0.0,0.25694748759269714,-9.16959285736084,0.0,0.0,0.0,0.0,0,117.319833
PIDY,117359833,0.0,0.0,0.0,0.0,0.2350950390100479,-8.181879043579102,0.0,0.0,0.0,0.0,0,117.359833
PIDY,117399833,0.0,0.0,0.0,0.0,0.2153986245393753,-7.019718170166016,0.0,0.0,0.0,0.0,0,117.399833
PIDY,117439833,0.0,0.0,0.0,0.0,0.19814012944698334,-5.731710910797119,0.0,0.0,0.0,0.0,0,117.439833
PIDY,117479833,0.0,0.0,0.0,0.0,0.18360857665538788,-4.376254558563232,0.0,0.0,0.0,0.0,0,117.479833
PIDY,117519833,0.0,0.0,0.0,0.0,0.1719483733177185,-3.0150415897369385,0.0,0.0,0.0,0.0,0,117.519833
PIDY,117559833,0.0,0.0,0.0,0.0,0.1631261259317398,-1.6970964670181274,0.0,0.0,0.0,0.0,0,117.559833
PIDY,117599833,0.0,0.0,0.0,0.0,0.1570739448070526,-0.4748251736164093,0.0,0.0,0.0,0.0,0,117.599833
PIDY,117639833,0.0,0.0,0.0,0.0,0.15358032286167145,0.6111600995063782,0.0,0.0,0.0,0.0,0,117.639833
PIDY,117679833,0.0,0.0,0.0,0.0,0.1523793339729309,1.5361883640289307,0.0,0.0,0.0,0.0,0,117.679833
PIDY,117719833,0.0,0.0,0.0,0.0,0.15315833687782288,2.279231071472168,0.0,0.0,0.0,0.0,0,117.719833
PIDY,117759833,0.0,0.0,0.0,0.0,0.15550123155117035,2.824268102645874,0.0,0.0,0.0,0.0,0,117.759833
PIDY,117799833,0.0,0.0,0.0,0.0,0.15899237990379333,3.169384479522705,0.0,0.0,0.0,0.0,0,117.799833
PIDY,117839833,0.0,0.0,0.0,0.0,0.16326969861984253,3.317211151123047,0.0,0.0,0.0,0.0,0,117.839833
PIDY,117879833,0.0,0.0,0.0,0.0,0.16790100932121277,3.283773183822632,0.0,0.0,0.0,0.0,0,117.879833
PIDY,117919833,0.0,0.0,0.0,0.0,0.17246924340724945,3.0986387729644775,0.0,0.0,0.0,0.0,0,117.919833
PIDY,117959833,0.0,0.0,0.0,0.0,0.17677251994609833,2.7846901416778564,0.0,0.0,0.0,0.0,0,117.959833
PIDY,117999833,0.0,0.0,0.0,0.0,0.18037433922290802,2.3693175315856934,0.0,0.0,0.0,0.0,0,117.999833
PIDY,118039833,0.0,0.0,0.0,0.0,0.18328644335269928,1.879211187362671,0.0,0.0,0.0,0.0,0,118.039833
PIDY,118079833,0.0,0.0,0.0,0.0,0.18524570763111115,1.346422553062439,0.0,0.0,0.0,0.0,0,118.079833
PIDY,118119833,0.0,0.0,0.0,0.0,0.18604008853435516,0.8032244443893433,0.0,0.0,0.0,0.0,0,118.119833
PIDY,118159833,0.0,0.0,0.0,0.0,0.18590573966503143,0.27570879459381104,0.0,0.0,0.0,0.0,0,118.159833
PIDY,118199833,0.0,0.0,0.0,0.0,0.18463332951068878,-0.2046126127243042,0.0,0.0,0.0,0.0,0,118.199833
PIDY,118239833,0.0,0.0,0.0,0.0,0.18253818154335022,-0.6252662539482117,0.0,0.0,0.0,0.0,0,118.239833
PIDY,118279833,0.0,0.0,0.0,0.0,0.1796242743730545,-0.9662720561027527,0.0,0.0,0.0,0.0,0,118.279833
PIDY,118319833,0.0,0.0,0.0,0.0,0.1759105771780014,-1.209289789199829,0.0,0.0,0.0,0.0,0,118.319833
PIDY,118359833,0.0,0.0,0.0,0.0,0.17190413177013397,-1.343979001045227,0.0,0.0,0.0,0.0,0,118.359833
PIDY,118399833,0.0,0.0,0.0,0.0,0.16757260262966156,-1.360955834388733,0.0,0.0,0.0,0.0,0,118.399833
PIDY,118439833,0.0,0.0,0.0,0.0,0.16340841352939606,-1.238590955734253,0.0,0.0,0.0,0.0,0,118.439833
PIDY,118479833,0.0,0.0,0.0,0.0,0.15981359779834747,-0.8276625871658325,0.0,0.0,0.0,0.0,0,118.479833
PIDY,118519833,0.0,0.0,0.0,0.0,0.15741688013076782,-0.05818507447838783,0.0,0.0,0.0,0.0,0,118.519833
PIDY,118559833,0.0,0.0,0.0,0.0,0.15719342231750488,1.0337177515029907,0.0,0.0,0.0,0.0,0,118.559833
PIDY,118599833,0.0,0.0,0.0,0.0,0.15958723425865173,2.3922131061553955,0.0,0.0,0.0,0.0,0,118.599833
PIDY,118639833,0.0,0.0,0.0,0.0,0.1653815507888794,3.943232774734497,0.0,0.0,0.0,0.0,0,118.639833
PIDY,118679833,0.0,0.0,0.0,0.0,0.17483116686344147,5.602254867553711,0.0,0.0,0.0,0.0,0,118.679833
PIDY,118719833,0.0,0.0,0.0,0.0,0.18797622621059418,7.272287368774414,0.0,0.0,0.0,0.0,0,118.719833
PIDY,118759833,0.0,0.0,0.0,0.0,0.2050042450428009,8.861346244812012,0.0,0.0,0.0,0.0,0,118.759833
PIDY,118799833,0.0,0.0,0.0,0.0,0.22539228200912476,10.270602226257324,0.0,0.0,0.0,0.0,0,118.799833
PIDY,118839833,0.0,0.0,0.0,0.0,0.24892780184745789,11.433769226074219,0.0,0.0,0.0,0.0,0,118.839833
PIDY,118879833,0.0,0.0,0.0,0.0,0.2749007046222687,12.293974876403809,0.0,0.0,0.0,0.0,0,118.879833
PIDY,118919833,0.0,0.0,0.0,0.0,0.3024609684944153,12.812928199768066,0.0,0.0,0.0,0.0,0,118.919833
PIDY,118959833,0.0,0.0,0.0,0.0,0.33121076226234436,12.991740226745605,0.0,0.0,0.0,0.0,0,118.959833
PIDY,118999833,0.0,0.0,0.0,0.0,0.3600549101829529,12.831684112548828,0.0,0.0,0.0,0.0,0,118.999833
PIDY,119039833,0.0,0.0,0.0,0.0,0.3887430727481842,12.369671821594238,0.0,0.0,0.0,0.0,0,119.039833
PIDY,119079833,0.0,0.0,0.0,0.0,0.41643401980400085,11.630590438842773,0.0,0.0,0.0,0.0,0,119.079833
PIDY,119119833,0.0,0.0,0.0,0.0,0.44220393896102905,10.64490032196045,0.0,0.0,0.0,0.0,0,119.119833
PIDY,119159833,0.0,0.0,0.0,0.0,0.4662557542324066,9.470902442932129,0.0,0.0,0.0,0.0,0,119.159833
PIDY,119199833,0.0,0.0,0.0,0.0,0.4874098002910614,8.145078659057617,0.0,0.0,0.0,0.0,0,119.199833
PIDY,119239833,0.0,0.0,0.0,0.0,0.5062162280082703,6.730529308319092,0.0,0.0,0.0,0.0,0,119.239833
PIDY,119279833,0.0,0.0,0.0,0.0,0.5220544934272766,5.277128219604492,0.0,0.0,0.0,0.0,0,119.279833
PIDY,119319833,0.0,0.0,0.0,0.0,0.5343504548072815,3.8356993198394775,0.0,0.0,0.0,0.0,0,119.319833
PIDY,119359833,0.0,0.0,0.0,0.0,0.5441012978553772,2.4642527103424072,0.0,0.0,0.0,0.0,0,119.359833
PIDY,119399833,0.0,0.0,0.0,0.0,0.5506033897399902,1.2054641246795654,0.0,0.0,0.0,0.0,0,119.399833
PIDY,119439833,0.0,0.0,0.0,0.0,0.5548165440559387,0.09487368166446686,0.0,0.0,0.0,0.0,0,119.439833
PIDY,119479833,0.0,0.0,0.0,0.0,0.5566813349723816,-0.8426021933555603,0.0,0.0,0.0,0.0,0,119.479833
PIDY,119519833,0.0,0.0,0.0,0.0,0.5562482476234436,-1.5497196912765503,0.0,0.0,0.0,0.0,0,119.519833
PIDY,119559833,0.0,0.0,0.0,0.0,0.5549213290214539,-1.8695719242095947,0.0,0.0,0.0,0.0,0,119.559833
PIDY,119599833,0.0,0.0,0.0,0.0,0.552955687046051,-1.724308967590332,0.0,0.0,0.0,0.0,0,119.599833
PIDY,119639833,0.0,0.0,0.0,0.0,0.5519900321960449,-1.1388765573501587,0.0,0.0,0.0,0.0,0,119.639833
PIDY,119679833,0.0,0.0,0.0,0.0,0.5526062250137329,-0.17087221145629883,0.0,0.0,0.0,0.0,0,119.679833
PIDY,119719833,0.0,0.0,0.0,0.0,0.555439829826355,1.1061227321624756,0.0,0.0,0.0,0.0,0,119.719833
PIDY,119759833,0.0,0.0,0.0,0.0,0.5614120364189148,2.604938268661499,0.0,0.0,0.0,0.0,0,119.759833
PIDY,119799833,0.0,0.0,0.0,0.0,0.5706920623779297,4.227581024169922,0.0,0.0,0.0,0.0,0,119.799833
PIDY,119839833,0.0,0.0,0.0,0.0,0.5836336612701416,5.866866111755371,0.0,0.0,0.0,0.0,0,119.839833
PIDY,119879833,0.0,0.0,0.0,0.0,0.6000839471817017,7.414168357849121,0.0,0.0,0.0,0.0,0,119.879833
PIDY,119919833,0.0,0.0,0.0,0.0,0.6197068691253662,8.77802848815918,0.0,0.0,0.0,0.0,0,119.919833
PIDY,119959833,0.0,0.0,0.0,0.0,0.642166256904602,9.886872291564941,0.0,0.0,0.0,0.0,0,119.959833
PIDY,119999833,0.0,0.0,0.0,0.0,0.6667640805244446,10.686800003051758,0.0,0.0,0.0,0.0,0,119.999833
PIDY,120039833,0.0,0.0,0.0,0.0,0.6929470300674438,11.146842002868652,0.0,0.0,0.0,0.0,0,120.039833
PIDY,120079833,0.0,0.0,0.0,0.0,0.7199453115463257,11.257452964782715,0.0,0.0,0.0,0.0,0,120.079833
PIDY,120119833,0.0,0.0,0.0,0.0,0.7467995882034302,11.029284477233887,0.0,0.0,0.0,0.0,0,120.119833
PIDY,120159833,0.0,0.0,0.0,0.0,0.7733272314071655,10.497072219848633,0.0,0.0,0.0,0.0,0,120.159833
PIDY,120199833,0.0,0.0,0.0,0.0,0.7984358668327332,9.685399055480957,0.0,0.0,0.0,0.0,0,120.199833
PIDY,120239833,0.0,0.0,0.0,0.0,0.8219971656799316,8.637866973876953,0.0,0.0,0.0,0.0,0,120.239833
PIDY,120279833,0.0,0.0,0.0,0.0,0.8433052897453308,7.394866943359375,0.0,0.0,0.0,0.0,0,120.279833
PIDY,120319833,0.0,0.0,0.0,0.0,0.8616440892219543,6.002880573272705,0.0,0.0,0.0,0.0,0,120.319833
PIDY,120359833,0.0,0.0,0.0,0.0,0.8773171305656433,4.5197272300720215,0.0,0.0,0.0,0.0,0,120.359833
PIDY,120399833,0.0,0.0,0.0,0.0,0.8894806504249573,2.997976779937744,0.0,0.0,0.0,0.0,0,120.399833
PIDY,120439833,0.0,0.0,0.0,0.0,0.8987480998039246,1.5006910562515259,0.0,0.0,0.0,0.0,0,120.439833
PIDY,120479833,0.0,0.0,0.0,0.0,0.9048254489898682,0.07804101705551147,0.0,0.0,0.0,0.0,0,120.479833
PIDY,120519833,0.0,0.0,0.0,0.0,0.9075968861579895,-1.2247719764709473,0.0,0.0,0.0,0.0,0,120.519833
PIDY,120559833,0.0,0.0,0.0,0.0,0.9078541994094849,-2.370542287826538,0.0,0.0,0.0,0.0,0,120.559833
PIDY,120599833,0.0,0.0,0.0,0.0,0.9054694771766663,-3.323488712310791,0.0,0.0,0.0,0.0,0,120.599833
PIDY,120639833,0.0,0.0,0.0,0.0,0.901236355304718,-4.063051700592041,0.0,0.0,0.0,0.0,0,120.639833
PIDY,120679833,0.0,0.0,0.0,0.0,0.8954018354415894,-4.58155632019043,0.0,0.0,0.0,0.0,0,120.679833
PIDY,120719833,0.0,0.0,0.0,0.0,0.8881312608718872,-4.875002861022949,0.0,0.0,0.0,0.0,0,120.719833
PIDY,120759833,0.0,0.0,0.0,0.0,0.8804917931556702,-4.956233978271484,0.0,0.0,0.0,0.0,0,120.759833
PIDY,120799833,0.0,0.0,0.0,0.0,0.8722264170646667,-4.846920490264893,0.0,0.0,0.0,0.0,0,120.799833
PIDY,120839833,0.0,0.0,0.0,0.0,0.864497721195221,-4.572071075439453,0.0,0.0,0.0,0.0,0,120.839833
PIDY,120879833,0.0,0.0,0.0,0.0,0.8572638630867004,-4.16148042678833,0.0,0.0,0.0,0.0,0,120.879833
PIDY,120919833,0.0,0.0,0.0,0.0,0.8503512740135193,-3.6489384174346924,0.0,0.0,0.0,0.0,0,120.919833
PIDY,120959833,0.0,0.0,0.0,0.0,0.844868004322052,-3.0686094760894775,0.0,0.0,0.0,0.0,0,120.959833
PIDY,120999833,0.0,0.0,0.0,0.0,0.8400695323944092,-2.4537527561187744,0.0,0.0,0.0,0.0,0,120.999833
PIDY,121039833,0.0,0.0,0.0,0.0,0.8369012475013733,-1.8368021249771118,0.0,0.0,0.0,0.0,0,121.039833
PIDY,121079833,0.0,0.0,0.0,0.0,0.8349324464797974,-1.2481969594955444,0.0,0.0,0.0,0.0,0,121.079833
PIDY,121119833,0.0,0.0,0.0,0.0,0.8337127566337585,-0.715395450592041,0.0,0.0,0.0,0.0,0,121.119833
PIDY,121159833,0.0,0.0,0.0,0.0,0.8339226245880127,-0.25896745920181274,0.0,0.0,0.0,0.0,0,121.159833
PIDY,121199833,0.0,0.0,0.0,0.0,0.8346449732780457,0.10231903940439224,0.0,0.0,0.0,0.0,0,121.199833
PIDY,121239833,0.0,0.0,0.0,0.0,0.8364180326461792,0.36178869009017944,0.0,0.0,0.0,0.0,0,121.239833
PIDY,121279833,0.0,0.0,0.0,0.0,0.8386738300323486,0.515112042427063,0.0,0.0,0.0,0.0,0,121.279833
PIDY,121319833,0.0,0.0,0.0,0.0,0.8407548666000366,0.5363924503326416,0.0,0.0,0.0,0.0,0,121.319833
PIDY,121359833,0.0,0.0,0.0,0.0,0.843069314956665,0.32646194100379944,0.0,0.0,0.0,0.0,0,121.359833
PIDY,121399833,0.0,0.0,0.0,0.0,0.8440991044044495,-0.16526933014392853,0.0,0.0,0.0,0.0,0,121.399833
PIDY,121439833,0.0,0.0,0.0,0.0,0.8442924618721008,-0.925696074962616,0.0,0.0,0.0,0.0,0,121.439833
PIDY,121479833,0.0,0.0,0.0,0.0,0.8425394892692566,-1.9282349348068237,0.0,0.0,0.0,0.0,0,121.479833
PIDY,121519833,0.0,0.0,0.0,0.0,0.8379313349723816,-3.1221909523010254,0.0,0.0,0.0,0.0,0,121.519833
PIDY,121559833,0.0,0.0,0.0,0.0,0.830872654914856,-4.4511895179748535,0.0,0.0,0.0,0.0,0,121.559833
PIDY,121599833,0.0,0.0,0.0,0.0,0.8203492164611816,-5.841910362243652,0.0,0.0,0.0,0.0,0,121.599833
PIDY,121639833,0.0,0.0,0.0,0.0,0.8070166110992432,-7.215160846710205,0.0,0.0,0.0,0.0,0,121.639833
PIDY,121679833,0.0,0.0,0.0,0.0,0.7906225919723511,-8.489690780639648,0.0,0.0,0.0,0.0,0,121.679833
PIDY,121719833,0.0,0.0,0.0,0.0,0.7710764408111572,-9.584300994873047,0.0,0.0,0.0,0.0,0,121.719833
PIDY,121759833,0.0,0.0,0.0,0.0,0.7495905756950378,-10.43708610534668,0.0,0.0,0.0,0.0,0,121.759833
PIDY,121799833,0.0,0.0,0.0,0.0,0.725917398929596,-10.995255470275879,0.0,0.0,0.0,0.0,0,121.799833
PIDY,121839833,0.0,0.0,0.0,0.0,0.701567530632019,-11.244927406311035,0.0,0.0,0.0,0.0,0,121.839833
PIDY,121879833,0.0,0.0,0.0,0.0,0.6767817735671997,-11.170011520385742,0.0,0.0,0.0,0.0,0,121.879833
PIDY,121919833,0.0,0.0,0.0,0.0,0.6519699692726135,-10.777093887329102,0.0,0.0,0.0,0.0,0,121.919833
PIDY,121959833,0.0,0.0,0.0,0.0,0.6283345222473145,-10.105567932128906,0.0,0.0,0.0,0.0,0,121.959833
PIDY,121999833,0.0,0.0,0.0,0.0,0.6058982014656067,-9.192020416259766,0.0,0.0,0.0,0.0,0,121.999833
PIDY,122039833,0.0,0.0,0.0,0.0,0.5856658220291138,-8.097814559936523,0.0,0.0,0.0,0.0,0,122.039833
PIDY,122079833,0.0,0.0,0.0,0.0,0.5677371025085449,-6.873119354248047,0.0,0.0,0.0,0.0,0,122.079833
PIDY,122119833,0.0,0.0,0.0,0.0,0.5521795153617859,-5.575541019439697,0.0,0.0,0.0,0.0,0,122.119833
PIDY,122159833,0.0,0.0,0.0,0.0,0.5395112037658691,-4.266457557678223,0.0,0.0,0.0,0.0,0,122.159833
PIDY,122199833,0.0,0.0,0.0,0.0,0.5293911099433899,-2.9970197677612305,0.0,0.0,0.0,0.0,0,122.199833
PIDY,122239833,0.0,0.0,0.0,0.0,0.5220754742622375,-1.817665457725525,0.0,0.0,0.0,0.0,0,122.239833
PIDY,122279833,0.0,0.0,0.0,0.0,0.5172132253646851,-0.7630587816238403,0.0,0.0,0.0,0.0,0,122.279833
PIDY,122319833,0.0,0.0,0.0,0.0,0.5142861008644104,0.13281385600566864,0.0,0.0,0.0,0.0,0,122.319833
PIDY,122359833,0.0,0.0,0.0,0.0,0.5134857296943665,0.846370279788971,0.0,0.0,0.0,0.0,0,122.359833
PIDY,122399833,0.0,0.0,0.0,0.0,0.5138944983482361,1.3399195671081543,0.0,0.0,0.0,0.0,0,122.399833
PIDY,122439833,0.0,0.0,0.0,0.0,0.5154169797897339,1.5085339546203613,0.0,0.0,0.0,0.0,0,122.439833
PIDY,122479833,0.0,0.0,0.0,0.0,0.5170316100120544,1.3041303157806396,0.0,0.0,0.0,0.0,0,122.479833
PIDY,122519833,0.0,0.0,0.0,0.0,0.5177490711212158,0.7408753037452698,0.0,0.0,0.0,0.0,0,122.519833
PIDY,122559833,0.0,0.0,0.0,0.0,0.5171869993209839,-0.14276057481765747,0.0,0.0,0.0,0.0,0,122.559833
PIDY,122599833,0.0,0.0,0.0,0.0,0.5144007802009583,-1.296527624130249,0.0,0.0,0.0,0.0,0,122.599833
PIDY,122639833,0.0,0.0,0.0,0.0,0.5089828372001648,-2.6556155681610107,0.0,0.0,0.0,0.0,0,122.639833
PIDY,122679833,0.0,0.0,0.0,0.0,0.5004573464393616,-4.141124725341797,0.0,0.0,0.0,0.0,0,122.679833
PIDY,122719833,0.0,0.0,0.0,0.0,0.48855292797088623,-5.660227298736572,0.0,0.0,0.0,0.0,0,122.719833
PIDY,122759833,0.0,0.0,0.0,0.0,0.4734092950820923,-7.115113735198975,0.0,0.0,0.0,0.0,0,122.759833
PIDY,122799833,0.0,0.0,0.0,0.0,0.4550839960575104,-8.409491539001465,0.0,0.0,0.0,0.0,0,122.799833
PIDY,122839833,0.0,0.0,0.0,0.0,0.4341757297515869,-9.46606731414795,0.0,0.0,0.0,0.0,0,122.839833
PIDY,122879833,0.0,0.0,0.0,0.0,0.41114065051078796,-10.22588062286377,0.0,0.0,0.0,0.0,0,122.879833
PIDY,122919833,0.0,0.0,0.0,0.0,0.3865223228931427,-10.649972915649414,0.0,0.0,0.0,0.0,0,122.919833
PIDY,122959833,0.0,0.0,0.0,0.0,0.3612681031227112,-10.724771499633789,0.0,0.0,0.0,0.0,0,122.959833
PIDY,122999833,0.0,0.0,0.0,0.0,0.3359307050704956,-10.449925422668457,0.0,0.0,0.0,0.0,0,122.999833
PIDY,123039833,0.0,0.0,0.0,0.0,0.3113594353199005,-9.85937786102295,0.0,0.0,0.0,0.0,0,123.039833
PIDY,123079833,0.0,0.0,0.0,0.0,0.28812119364738464,-8.992249488830566,0.0,0.0,0.0,0.0,0,123.079833
PIDY,123119833,0.0,0.0,0.0,0.0,0.2666536271572113,-7.896424770355225,0.0,0.0,0.0,0.0,0,123.119833
PIDY,123159833,0.0,0.0,0.0,0.0,0.2476460486650467,-6.630618572235107,0.0,0.0,0.0,0.0,0,123.159833
PIDY,123199833,0.0,0.0,0.0,0.0,0.23126599192619324,-5.249108791351318,0.0,0.0,0.0,0.0,0,123.199833
PIDY,123239833,0.0,0.0,0.0,0.0,0.21786272525787354,-3.817824602127075,0.0,0.0,0.0,0.0,0,123.239833
PIDY,123279833,0.0,0.0,0.0,0.0,0.20747536420822144,-2.391869068145752,0.0,0.0,0.0,0.0,0,123.279833
PIDY,123319833,0.0,0.0,0.0,0.0,0.20003248751163483,-1.0276554822921753,0.0,0.0,0.0,0.0,0,123.319833
PIDY,123359833,0.0,0.0,0.0,0.0,0.19551269710063934,0.22456970810890198,0.0,0.0,0.0,0.0,0,123.359833
PIDY,123399833,0.0,0.0,0.0,0.0,0.1935565173625946,1.331552267074585,0.0,0.0,0.0,0.0,0,123.399833
PIDY,123439833,0.0,0.0,0.0,0.0,0.19402620196342468,2.256577730178833,0.0,0.0,0.0,0.0,0,123.439833
PIDY,123479833,0.0,0.0,0.0,0.0,0.19646096229553223,2.979680299758911,0.0,0.0,0.0,0.0,0,123.479833
PIDY,123519833,0.0,0.0,0.0,0.0,0.20030884444713593,3.489759922027588,0.0,0.0,0.0,0.0,0,123.519833
PIDY,123559833,0.0,0.0,0.0,0.0,0.20538674294948578,3.7823731899261475,0.0,0.0,0.0,0.0,0,123.559833
PIDY,123599833,0.0,0.0,0.0,0.0,0.2109372317790985,3.8630242347717285,0.0,0.0,0.0,0.0,0,123.599833
PIDY,123639833,0.0,0.0,0.0,0.0,0.21687906980514526,3.754467725753784,0.0,0.0,0.0,0.0,0,123.639833
PIDY,123679833,0.0,0.0,0.0,0.0,0.22265028953552246,3.484219551086426,0.0,0.0,0.0,0.0,0,123.679833
PIDY,123719833,0.0,0.0,0.0,0.0,0.2277047038078308,3.0778732299804688,0.0,0.0,0.0,0.0,0,123.719833
PIDY,123759833,0.0,0.0,0.0,0.0,0.2321760356426239,2.567211866378784,0.0,0.0,0.0,0.0,0,123.759833
PIDY,123799833,0.0,0.0,0.0,0.0,0.2354210615158081,1.986217737197876,0.0,0.0,0.0,0.0,0,123.799833
PIDY,123839833,0.0,0.0,0.0,0.0,0.2377437949180603,1.3683241605758667,0.0,0.0,0.0,0.0,0,123.839833
PIDY,123879833,0.0,0.0,0.0,0.0,0.23884661495685577,0.746591329574585,0.0,0.0,0.0,0.0,0,123.879833
PIDY,123919833,0.0,0.0,0.0,0.0,0.23852850496768951,0.15564966201782227,0.0,0.0,0.0,0.0,0,123.919833
PIDY,123959833,0.0,0.0,0.0,0.0,0.23724864423274994,-0.3817780017852783,0.0,0.0,0.0,0.0,0,123.959833
PIDY,123999833,0.0,0.0,0.0,0.0,0.23471471667289734,-0.8378012776374817,0.0,0.0,0.0,0.0,0,123.999833
PIDY,124039833,0.0,0.0,0.0,0.0,0.2315056174993515,-1.1932209730148315,0.0,0.0,0.0,0.0,0,124.039833
PIDY,124079833,0.0,0.0,0.0,0.0,0.2276342362165451,-1.4267873764038086,0.0,0.0,0.0,0.0,0,124.079833
PIDY,124119833,0.0,0.0,0.0,0.0,0.2231922149658203,-1.5280559062957764,0.0,0.0,0.0,0.0,0,124.119833
PIDY,124159833,0.0,0.0,0.0,0.0,0.21877221763134003,-1.50514554977417,0.0,0.0,0.0,0.0,0,124.159833
PIDY,124199833,0.0,0.0,0.0,0.0,0.21434636414051056,-1.320967197418213,0.0,0.0,0.0,0.0,0,124.199833
PIDY,124239833,0.0,0.0,0.0,0.0,0.2107979953289032,-0.8363564014434814,0.0,0.0,0.0,0.0,0,124.239833
PIDY,124279833,0.0,0.0,0.0,0.0,0.2087259739637375,0.017053818330168724,0.0,0.0,0.0,0.0,0,124.279833
PIDY,124319833,0.0,0.0,0.0,0.0,0.2087855041027069,1.2155086994171143,0.0,0.0,0.0,0.0,0,124.319833
PIDY,124359833,0.0,0.0,0.0,0.0,0.21198546886444092,2.6961801052093506,0.0,0.0,0.0,0.0,0,124.359833
PIDY,124399833,0.0,0.0,0.0,0.0,0.21862900257110596,4.374532699584961,0.0,0.0,0.0,0.0,0,124.399833
PIDY,124439833,0.0,0.0,0.0,0.0,0.22933435440063477,6.151175498962402,0.0,0.0,0.0,0.0,0,124.439833
PIDY,124479833,0.0,0.0,0.0,0.0,0.24410703778266907,7.916482925415039,0.0,0.0,0.0,0.0,0,124.479833
PIDY,124519833,0.0,0.0,0.0,0.0,0.26265475153923035,9.552396774291992,0.0,0.0,0.0,0.0,0,124.519833
PIDY,124559833,0.0,0.0,0.0,0.0,0.2849007546901703,10.962007522583008,0.0,0.0,0.0,0.0,0,124.559833
PIDY,124599833,0.0,0.0,0.0,0.0,0.3099011182785034,12.055505752563477,0.0,0.0,0.0,0.0,0,124.599833
PIDY,124639833,0.0,0.0,0.0,0.0,0.33734291791915894,12.796670913696289,0.0,0.0,0.0,0.0,0,124.639833
PIDY,124679833,0.0,0.0,0.0,0.0,0.366229772567749,13.151763916015625,0.0,0.0,0.0,0.0,0,124.679833
PIDY,124719833,0.0,0.0,0.0,0.0,0.39549878239631653,13.113852500915527,0.0,0.0,0.0,0.0,0,124.719833
PIDY,124759833,0.0,0.0,0.0,0.0,0.42481374740600586,12.717838287353516,0.0,0.0,0.0,0.0,0,124.759833
PIDY,124799833,0.0,0.0,0.0,0.0,0.45295578241348267,11.993050575256348,0.0,0.0,0.0,0.0,0,124.799833
PIDY,124839833,0.0,0.0,0.0,0.0,0.47979918122291565,11.000285148620605,0.0,0.0,0.0,0.0,0,124.839833
PIDY,124879833,0.0,0.0,0.0,0.0,0.5045427680015564,9.784423828125,0.0,0.0,0.0,0.0,0,124.879833
PIDY,124919833,0.0,0.0,0.0,0.0,0.5263095498085022,8.393457412719727,0.0,0.0,0.0,0.0,0,124.919833
PIDY,124959833,0.0,0.0,0.0,0.0,0.5455889105796814,6.896387577056885,0.0,0.0,0.0,0.0,0,124.959833
PIDY,124999833,0.0,0.0,0.0,0.0,0.5613754391670227,5.338888168334961,0.0,0.0,0.0,0.0,0,124.999833
PIDY,125039833,0.0,0.0,0.0,0.0,0.574245035648346,3.7813405990600586,0.0,0.0,0.0,0.0,0,125.039833
PIDY,125079833,0.0,0.0,0.0,0.0,0.5838329792022705,2.2755229473114014,0.0,0.0,0.0,0.0,0,125.079833
PIDY,125119833,0.0,0.0,0.0,0.0,0.5897783041000366,0.8700143694877625,0.0,0.0,0.0,0.0,0,125.119833
PIDY,125159833,0.0,0.0,0.0,0.0,0.5931912660598755,-0.3929315507411957,0.0,0.0,0.0,0.0,0,125.159833
PIDY,125199833,0.0,0.0,0.0,0.0,0.593477725982666,-1.4763239622116089,0.0,0.0,0.0,0.0,0,125.199833
PIDY,125239833,0.0,0.0,0.0,0.0,0.5918807983398438,-2.355232000350952,0.0,0.0,0.0,0.0,0,125.239833
PIDY,125279833,0.0,0.0,0.0,0.0,0.5884418487548828,-2.9738616943359375,0.0,0.0,0.0,0.0,0,125.279833
PIDY,125319833,0.0,0.0,0.0,0.0,0.5836084485054016,-3.1630916595458984,0.0,0.0,0.0,0.0,0,125.319833
PIDY,125359833,0.0,0.0,0.0,0.0,0.5790908932685852,-2.843982458114624,0.0,0.0,0.0,0.0,0,125.359833
PIDY,125399833,0.0,0.0,0.0,0.0,0.5753831267356873,-2.033673048019409,0.0,0.0,0.0,0.0,0,125.399833
PIDY,125439833,0.0,0.0,0.0,0.0,0.5740483403205872,-0.7987172603607178,0.0,0.0,0.0,0.0,0,125.439833
PIDY,125479833,0.0,0.0,0.0,0.0,0.5756980180740356,0.7738179564476013,0.0,0.0,0.0,0.0,0,125.479833
PIDY,125519833,0.0,0.0,0.0,0.0,0.5807207226753235,2.5703659057617188,0.0,0.0,0.0,0.0,0,125.519833
PIDY,125559833,0.0,0.0,0.0,0.0,0.5900573134422302,4.468935012817383,0.0,0.0,0.0,0.0,0,125.559833
PIDY,125599833,0.0,0.0,0.0,0.0,0.6032354831695557,6.335784912109375,0.0,0.0,0.0,0.0,0,125.599833
PIDY,125639833,0.0,0.0,0.0,0.0,0.6206793189048767,8.04824161529541,0.0,0.0,0.0,0.0,0,125.639833
PIDY,125679833,0.0,0.0,0.0,0.0,0.641656756401062,9.504378318786621,0.0,0.0,0.0,0.0,0,125.679833
PIDY,125719833,0.0,0.0,0.0,0.0,0.6652575135231018,10.625994682312012,0.0,0.0,0.0,0.0,0,125.719833
PIDY,125759833,0.0,0.0,0.0,0.0,0.6913272142410278,11.374958038330078,0.0,0.0,0.0,0.0,0,125.759833
PIDY,125799833,0.0,0.0,0.0,0.0,0.7185243368148804,11.724239349365234,0.0,0.0,0.0,0.0,0,125.799833
PIDY,125839833,0.0,0.0,0.0,0.0,0.7465364933013916,11.690587997436523,0.0,0.0,0.0,0.0,0,125.839833
PIDY,125879833,0.0,0.0,0.0,0.0,0.774344265460968,11.29642105102539,0.0,0.0,0.0,0.0,0,125.879833
PIDY,125919833,0.0,0.0,0.0,0.0,0.8009265661239624,10.571208953857422,0.0,0.0,0.0,0.0,0,125.919833
PIDY,125959833,0.0,0.0,0.0,0.0,0.8262115716934204,9.562830924987793,0.0,0.0,0.0,0.0,0,125.959833
PIDY,125999833,0.0,0.0,0.0,0.0,0.8490961790084839,8.31212043762207,0.0,0.0,0.0,0.0,0,125.999833
PIDY,126039833,0.0,0.0,0.0,0.0,0.8695493340492249,6.873843669891357,0.0,0.0,0.0,0.0,0,126.039833
PIDY,126079833,0.0,0.0,0.0,0.0,0.8869408965110779,5.300861358642578,0.0,0.0,0.0,0.0,0,126.079833
PIDY,126119833,0.0,0.0,0.0,0.0,0.9008215069770813,3.654934883117676,0.0,0.0,0.0,0.0,0,126.119833
PIDY,126159833,0.0,0.0,0.0,0.0,0.9113621115684509,2.0017778873443604,0.0,0.0,0.0,0.0,0,126.159833
PIDY,126199833,0.0,0.0,0.0,0.0,0.9181149005889893,0.39914193749427795,0.0,0.0,0.0,0.0,0,126.199833
PIDY,126239833,0.0,0.0,0.0,0.0,0.9217101335525513,-1.0947166681289673,0.0,0.0,0.0,0.0,0,126.239833
PIDY,126279833,0.0,0.0,0.0,0.0,0.9221112728118896,-2.43365740776062,0.0,0.0,0.0,0.0,0,126.279833
PIDY,126319833,0.0,0.0,0.0,0.0,0.9193641543388367,-3.5802412033081055,0.0,0.0,0.0,0.0,0,126.319833
PIDY,126359833,0.0,0.0,0.0,0.0,0.9144285917282104,-4.5018534660339355,0.0,0.0,0.0,0.0,0,126.359833
PIDY,126399833,0.0,0.0,0.0,0.0,0.907146155834198,-5.174047946929932,0.0,0.0,0.0,0.0,0,126.399833
PIDY,126439833,0.0,0.0,0.0,0.0,0.8987744450569153,-5.586082458496094,0.0,0.0,0.0,0.0,0,126.439833
PIDY,126479833,0.0,0.0,0.0,0.0,0.8894863128662109,-5.7481913566589355,0.0,0.0,0.0,0.0,0,126.479833
PIDY,126519833,0.0,0.0,0.0,0.0,0.8792845010757446,-5.672698974609375,0.0,0.0,0.0,0.0,0,126.519833
PIDY,126559833,0.0,0.0,0.0,0.0,0.869708240032196,-5.384200096130371,0.0,0.0,0.0,0.0,0,126.559833
PIDY,126599833,0.0,0.0,0.0,0.0,0.8601385354995728,-4.9126505851745605,0.0,0.0,0.0,0.0,0,126.599833
PIDY,126639833,0.0,0.0,0.0,0.0,0.8520215749740601,-4.296321392059326,0.0,0.0,0.0,0.0,0,126.639833
PIDY,126679833,0.0,0.0,0.0,0.0,0.8451234102249146,-3.5742571353912354,0.0,0.0,0.0,0.0,0,126.679833
PIDY,126719833,0.0,0.0,0.0,0.0,0.8391280174255371,-2.7889339923858643,0.0,0.0,0.0,0.0,0,126.719833
PIDY,126759833,0.0,0.0,0.0,0.0,0.8352281451225281,-1.98366379737854,0.0,0.0,0.0,0.0,0,126.759833
PIDY,126799833,0.0,0.0,0.0,0.0,0.832333505153656,-1.2002168893814087,0.0,0.0,0.0,0.0,0,126.799833
PIDY,126839833,0.0,0.0,0.0,0.0,0.8315967917442322,-0.4732660949230194,0.0,0.0,0.0,0.0,0,126.839833
PIDY,126879833,0.0,0.0,0.0,0.0,0.8323026299476624,0.16452670097351074,0.0,0.0,0.0,0.0,0,126.879833
PIDY,126919833,0.0,0.0,0.0,0.0,0.8336648941040039,0.6860256791114807,0.0,0.0,0.0,0.0,0,126.919833
PIDY,126959833,0.0,0.0,0.0,0.0,0.8366589546203613,1.0775121450424194,0.0,0.0,0.0,0.0,0,126.959833
PIDY,126999833,0.0,0.0,0.0,0.0,0.8398110270500183,1.325315237045288,0.0,0.0,0.0,0.0,0,126.999833
PIDY,127039833,0.0,0.0,0.0,0.0,0.8440224528312683,1.4334161281585693,0.0,0.0,0.0,0.0,0,127.039833
PIDY,127079833,0.0,0.0,0.0,0.0,0.8483856320381165,1.380401611328125,0.0,0.0,0.0,0.0,0,127.079833
PIDY,127119833,0.0,0.0,0.0,0.0,0.8518134951591492,1.057357907295227,0.0,0.0,0.0,0.0,0,127.119833
PIDY,127159833,0.0,0.0,0.0,0.0,0.8548243641853333,0.4204231798648834,0.0,0.0,0.0,0.0,0,127.159833
PIDY,127199833,0.0,0.0,0.0,0.0,0.8555373549461365,-0.5159871578216553,0.0,0.0,0.0,0.0,0,127.199833
PIDY,127239833,0.0,0.0,0.0,0.0,0.8545162677764893,-1.7169575691223145,0.0,0.0,0.0,0.0,0,127.239833
PIDY,127279833,0.0,0.0,0.0,0.0,0.8505875468254089,-3.128939390182495,0.0,0.0,0.0,0.0,0,127.279833
PIDY,127319833,0.0,0.0,0.0,0.0,0.8428800106048584,-4.674076080322266,0.0,0.0,0.0,0.0,0,127.319833
PIDY,127359833,0.0,0.0,0.0,0.0,0.8320508003234863,-6.270001411437988,0.0,0.0,0.0,0.0,0,127.359833
PIDY,127399833,0.0,0.0,0.0,0.0,0.8172876238822937,-7.816969394683838,0.0,0.0,0.0,0.0,0,127.399833
PIDY,127439833,0.0,0.0,0.0,0.0,0.7994495034217834,-9.21847152709961,0.0,0.0,0.0,0.0,0,127.439833
PIDY,127479833,0.0,0.0,0.0,0.0,0.7786160707473755,-10.378398895263672,0.0,0.0,0.0,0.0,0,127.479833
PIDY,127519833,0.0,0.0,0.0,0.0,0.7549440264701843,-11.21883773803711,0.0,0.0,0.0,0.0,0,127.519833
PIDY,127559833,0.0,0.0,0.0,0.0,0.7300254702568054,-11.70760726928711,0.0,0.0,0.0,0.0,0,127.559833
PIDY,127599833,0.0,0.0,0.0,0.0,0.703834056854248,-11.813211441040039,0.0,0.0,0.0,0.0,0,127.599833
PIDY,127639833,0.0,0.0,0.0,0.0,0.6779255867004395,-11.549572944641113,0.0,0.0,0.0,0.0,0,127.639833
PIDY,127679833,0.0,0.0,0.0,0.0,0.6527022123336792,-10.93443775177002,0.0,0.0,0.0,0.0,0,127.679833
PIDY,127719833,0.0,0.0,0.0,0.0,0.6284841895103455,-10.006315231323242,0.0,0.0,0.0,0.0,0,127.719833
PIDY,127759833,0.0,0.0,0.0,0.0,0.6066755056381226,-8.83946418762207,0.0,0.0,0.0,0.0,0,127.759833
PIDY,127799833,0.0,0.0,0.0,0.0,0.5870553255081177,-7.497539043426514,0.0,0.0,0.0,0.0,0,127.799833
PIDY,127839833,0.0,0.0,0.0,0.0,0.5705273151397705,-6.057736873626709,0.0,0.0,0.0,0.0,0,127.839833
PIDY,127879833,0.0,0.0,0.0,0.0,0.556993842124939,-4.582809925079346,0.0,0.0,0.0,0.0,0,127.879833
PIDY,127919833,0.0,0.0,0.0,0.0,0.5462315082550049,-3.1326637268066406,0.0,0.0,0.0,0.0,0,127.919833
PIDY,127959833,0.0,0.0,0.0,0.0,0.5387595891952515,-1.7669227123260498,0.0,0.0,0.0,0.0,0,127.959833
PIDY,127999833,0.0,0.0,0.0,0.0,0.5339252352714539,-0.5322403907775879,0.0,0.0,0.0,0.0,0,127.999833
PIDY,128039833,0.0,0.0,0.0,0.0,0.5318363904953003,0.5305836796760559,0.0,0.0,0.0,0.0,0,128.039833
PIDY,128079833,0.0,0.0,0.0,0.0,0.5319708585739136,1.403581142425537,0.0,0.0,0.0,0.0,0,128.079833
PIDY,128119833,0.0,0.0,0.0,0.0,0.5337538719177246,2.0708365440368652,0.0,0.0,0.0,0.0,0,128.119833
PIDY,128159833,0.0,0.0,0.0,0.0,0.5371257662773132,2.5019266605377197,0.0,0.0,0.0,0.0,0,128.159833
PIDY,128199833,0.0,0.0,0.0,0.0,0.5411035418510437,2.577928066253662,0.0,0.0,0.0,0.0,0,128.199833
PIDY,128239833,0.0,0.0,0.0,0.0,0.5451037883758545,2.248899221420288,0.0,0.0,0.0,0.0,0,128.239833
PIDY,128279833,0.0,0.0,0.0,0.0,0.5481247305870056,1.5316270589828491,0.0,0.0,0.0,0.0,0,128.279833
PIDY,128319833,0.0,0.0,0.0,0.0,0.5492233037948608,0.457999050617218,0.0,0.0,0.0,0.0,0,128.319833
PIDY,128359833,0.0,0.0,0.0,0.0,0.5478287935256958,-0.9140249490737915,0.0,0.0,0.0,0.0,0,128.359833
PIDY,128399833,0.0,0.0,0.0,0.0,0.5430904626846313,-2.5062289237976074,0.0,0.0,0.0,0.0,0,128.399833
PIDY,128439833,0.0,0.0,0.0,0.0,0.5348631739616394,-4.221725940704346,0.0,0.0,0.0,0.0,0,128.439833
PIDY,128479833,0.0,0.0,0.0,0.0,0.5228201746940613,-5.952014923095703,0.0,0.0,0.0,0.0,0,128.479833
PIDY,128519833,0.0,0.0,0.0,0.0,0.5068923234939575,-7.583446025848389,0.0,0.0,0.0,0.0,0,128.519833
PIDY,128559833,0.0,0.0,0.0,0.0,0.4876384139060974,-9.018156051635742,0.0,0.0,0.0,0.0,0,128.559833
PIDY,128599833,0.0,0.0,0.0,0.0,0.46531832218170166,-10.15804386138916,0.0,0.0,0.0,0.0,0,128.599833
PIDY,128639833,0.0,0.0,0.0,0.0,0.440857470035553,-10.941947937011719,0.0,0.0,0.0,0.0,0,128.639833
PIDY,128679833,0.0,0.0,0.0,0.0,0.4149201214313507,-11.330964088439941,0.0,0.0,0.0,0.0,0,128.679833
PIDY,128719833,0.0,0.0,0.0,0.0,0.388266921043396,-11.315224647521973,0.0,0.0,0.0,0.0,0,128.719833
PIDY,128759833,0.0,0.0,0.0,0.0,0.36188971996307373,-10.913484573364258,0.0,0.0,0.0,0.0,0,128.759833
PIDY,128799833,0.0,0.0,0.0,0.0,0.3365229070186615,-10.159404754638672,0.0,0.0,0.0,0.0,0,128.799833
PIDY,128839833,0.0,0.0,0.0,0.0,0.31282222270965576,-9.106233596801758,0.0,0.0,0.0,0.0,0,128.839833
PIDY,128879833,0.0,0.0,0.0,0.0,0.2914023995399475,-7.8165507316589355,0.0,0.0,0.0,0.0,0,128.879833
PIDY,128919833,0.0,0.0,0.0,0.0,0.2727496027946472,-6.3592000007629395,0.0,0.0,0.0,0.0,0,128.919833
PIDY,128959833,0.0,0.0,0.0,0.0,0.2571555972099304,-4.798044681549072,0.0,0.0,0.0,0.0,0,128.959833
PIDY,128999833,0.0,0.0,0.0,0.0,0.2448883354663849,-3.2028493881225586,0.0,0.0,0.0,0.0,0,128.999833
PIDY,129039833,0.0,0.0,0.0,0.0,0.2359284609556198,-1.6360938549041748,0.0,0.0,0.0,0.0,0,129.039833
PIDY,129079833,0.0,0.0,0.0,0.0,0.2302597612142563,-0.15714465081691742,0.0,0.0,0.0,0.0,0,129.079833
PIDY,129119833,0.0,0.0,0.0,0.0,0.2277304083108902,1.1799638271331787,0.0,0.0,0.0,0.0,0,129.119833
PIDY,129159833,0.0,0.0,0.0,0.0,0.2279813587665558,2.3335680961608887,0.0,0.0,0.0,0.0,0,129.159833
PIDY,129199833,0.0,0.0,0.0,0.0,0.23067161440849304,3.284348249435425,0.0,0.0,0.0,0.0,0,129.199833
PIDY,129239833,0.0,0.0,0.0,0.0,0.23542551696300507,4.011087894439697,0.0,0.0,0.0,0.0,0,129.239833
PIDY,129279833,0.0,0.0,0.0,0.0,0.24175870418548584,4.504926681518555,0.0,0.0,0.0,0.0,0,129.279833
PIDY,129319833,0.0,0.0,0.0,0.0,0.24911953508853912,4.766632080078125,0.0,0.0,0.0,0.0,0,129.319833
PIDY,129359833,0.0,0.0,0.0,0.0,0.25716471672058105,4.807497978210449,0.0,0.0,0.0,0.0,0,129.359833
PIDY,129399833,0.0,0.0,0.0,0.0,0.2652644217014313,4.644641876220703,0.0,0.0,0.0,0.0,0,129.399833
PIDY,129439833,0.0,0.0,0.0,0.0,0.27319300174713135,4.303206920623779,0.0,0.0,0.0,0.0,0,129.439833
PIDY,129479833,0.0,0.0,0.0,0.0,0.2804744839668274,3.813417434692383,0.0,0.0,0.0,0.0,0,129.479833
PIDY,129519833,0.0,0.0,0.0,0.0,0.2866649031639099,3.2094526290893555,0.0,0.0,0.0,0.0,0,129.519833
PIDY,129559833,0.0,0.0,0.0,0.0,0.2917915880680084,2.5253164768218994,0.0,0.0,0.0,0.0,0,129.559833
PIDY,129599833,0.0,0.0,0.0,0.0,0.29533255100250244,1.7978155612945557,0.0,0.0,0.0,0.0,0,129.599833
PIDY,129639833,0.0,0.0,0.0,0.0,0.29762762784957886,1.060928463935852,0.0,0.0,0.0,0.0,0,129.639833
PIDY,129679833,0.0,0.0,0.0,0.0,0.29843881726264954,0.3499971628189087,0.0,0.0,0.0,0.0,0,129.679833
PIDY,129719833,0.0,0.0,0.0,0.0,0.2975541055202484,-0.30075353384017944,0.0,0.0,0.0,0.0,0,129.719833
PIDY,129759833,0.0,0.0,0.0,0.0,0.29562681913375854,-0.8683753609657288,0.0,0.0,0.0,0.0,0,129.759833
PIDY,129799833,0.0,0.0,0.0,0.0,0.2923164963722229,-1.3263673782348633,0.0,0.0,0.0,0.0,0,129.799833
PIDY,129839833,0.0,0.0,0.0,0.0,0.2883402109146118,-1.666440725326538,0.0,0.0,0.0,0.0,0,129.839833
PIDY,129879833,0.0,0.0,0.0,0.0,0.2836930751800537,-1.878710389137268,0.0,0.0,0.0,0.0,0,129.879833
PIDY,129919833,0.0,0.0,0.0,0.0,0.2784389555454254,-1.9566015005111694,0.0,0.0,0.0,0.0,0,129.919833
PIDY,129959833,0.0,0.0,0.0,0.0,0.27329781651496887,-1.8745936155319214,0.0,0.0,0.0,0.0,0,129.959833
PIDY,129999833,0.0,0.0,0.0,0.0,0.26847130060195923,-1.4630608558654785,0.0,0.0,0.0,0.0,0,129.999833
PIDY,130039833,0.0,0.0,0.0,0.0,0.2651674449443817,-0.6364231705665588,0.0,0.0,0.0,0.0,0,130.039833
PIDY,130079833,0.0,0.0,0.0,0.0,0.2641279101371765,0.5970856547355652,0.0,0.0,0.0,0.0,0,130.079833
PIDY,130119833,0.0,0.0,0.0,0.0,0.26600179076194763,2.169929265975952,0.0,0.0,0.0,0.0,0,130.119833
PIDY,130159833,0.0,0.0,0.0,0.0,0.27189016342163086,3.9779841899871826,0.0,0.0,0.0,0.0,0,130.159833
PIDY,130199833,0.0,0.0,0.0,0.0,0.2817789912223816,5.891054630279541,0.0,0.0,0.0,0.0,0,130.199833
PIDY,130239833,0.0,0.0,0.0,0.0,0.2962370812892914,7.775254726409912,0.0,0.0,0.0,0.0,0,130.239833
PIDY,130279833,0.0,0.0,0.0,0.0,0.31484153866767883,9.494708061218262,0.0,0.0,0.0,0.0,0,130.279833
PIDY,130319833,0.0,0.0,0.0,0.0,0.3368086516857147,10.912463188171387,0.0,0.0,0.0,0.0,0,130.319833
PIDY,130359833,0.0,0.0,0.0,0.0,0.36193138360977173,11.95180606842041,0.0,0.0,0.0,0.0,0,130.359833
PIDY,130399833,0.0,0.0,0.0,0.0,0.388780415058136,12.550542831420898,0.0,0.0,0.0,0.0,0,130.399833
PIDY,130439833,0.0,0.0,0.0,0.0,0.4169386029243469,12.716750144958496,0.0,0.0,0.0,0.0,0,130.439833
PIDY,130479833,0.0,0.0,0.0,0.0,0.44524314999580383,12.472026824951172,0.0,0.0,0.0,0.0,0,130.479833
PIDY,130519833,0.0,0.0,0.0,0.0,0.4724913239479065,11.859203338623047,0.0,0.0,0.0,0.0,0,130.519833
PIDY,130559833,0.0,0.0,0.0,0.0,0.4987587332725525,10.965983390808105,0.0,0.0,0.0,0.0,0,130.559833
PIDY,130599833,0.0,0.0,0.0,0.0,0.5228078961372375,9.839587211608887,0.0,0.0,0.0,0.0,0,130.599833
PIDY,130639833,0.0,0.0,0.0,0.0,0.5448468923568726,8.546514511108398,0.0,0.0,0.0,0.0,0,130.639833
PIDY,130679833,0.0,0.0,0.0,0.0,0.5642188787460327,7.131389617919922,0.0,0.0,0.0,0.0,0,130.679833
PIDY,130719833,0.0,0.0,0.0,0.0,0.5803017020225525,5.638075351715088,0.0,0.0,0.0,0.0,0,130.719833
PIDY,130759833,0.0,0.0,0.0,0.0,0.5936448574066162,4.122436046600342,0.0,0.0,0.0,0.0,0,130.759833
PIDY,130799833,0.0,0.0,0.0,0.0,0.6034564971923828,2.6223597526550293,0.0,0.0,0.0,0.0,0,130.799833
PIDY,130839833,0.0,0.0,0.0,0.0,0.6104332208633423,1.1781271696090698,0.0,0.0,0.0,0.0,0,130.839833
PIDY,130879833,0.0,0.0,0.0,0.0,0.6143071055412292,-0.17466852068901062,0.0,0.0,0.0,0.0,0,130.879833
PIDY,130919833,0.0,0.0,0.0,0.0,0.6149161458015442,-1.3905385732650757,0.0,0.0,0.0,0.0,0,130.919833
PIDY,130959833,0.0,0.0,0.0,0.0,0.6132449507713318,-2.426516056060791,0.0,0.0,0.0,0.0,0,130.959833
PIDY,130999833,0.0,0.0,0.0,0.0,0.6090456247329712,-3.245075225830078,0.0,0.0,0.0,0.0,0,130.999833
PIDY,131039833,0.0,0.0,0.0,0.0,0.6034224629402161,-3.78768253326416,0.0,0.0,0.0,0.0,0,131.039833
PIDY,131079833,0.0,0.0,0.0,0.0,0.5969337821006775,-3.8632466793060303,0.0,0.0,0.0,0.0,0,131.079833
PIDY,131119833,0.0,0.0,0.0,0.0,0.5904682874679565,-3.369760751724243,0.0,0.0,0.0,0.0,0,131.119833
PIDY,131159833,0.0,0.0,0.0,0.0,0.5858244299888611,-2.3292322158813477,0.0,0.0,0.0,0.0,0,131.159833
PIDY,131199833,0.0,0.0,0.0,0.0,0.5835273861885071,-0.8113359808921814,0.0,0.0,0.0,0.0,0,131.199833
PIDY,131239833,0.0,0.0,0.0,0.0,0.5852470397949219,1.0628031492233276,0.0,0.0,0.0,0.0,0,131.239833
PIDY,131279833,0.0,0.0,0.0,0.0,0.591298520565033,3.1468942165374756,0.0,0.0,0.0,0.0,0,131.279833
PIDY,131319833,0.0,0.0,0.0,0.0,0.6016504168510437,5.275898456573486,0.0,0.0,0.0,0.0,0,131.319833
PIDY,131359833,0.0,0.0,0.0,0.0,0.6169413924217224,7.29596471786499,0.0,0.0,0.0,0.0,0,131.359833
PIDY,131399833,0.0,0.0,0.0,0.0,0.6361942887306213,9.047398567199707,0.0,0.0,0.0,0.0,0,131.399833
PIDY,131439833,0.0,0.0,0.0,0.0,0.6591669321060181,10.430121421813965,0.0,0.0,0.0,0.0,0,131.439833
PIDY,131479833,0.0,0.0,0.0,0.0,0.6847841739654541,11.380278587341309,0.0,0.0,0.0,0.0,0,131.479833
PIDY,131519833,0.0,0.0,0.0,0.0,0.711817741394043,11.874979019165039,0.0,0.0,0.0,0.0,0,131.519833
PIDY,131559833,0.0,0.0,0.0,0.0,0.7399331331253052,11.939801216125488,0.0,0.0,0.0,0.0,0,131.559833
PIDY,131599833,0.0,0.0,0.0,0.0,0.7676740884780884,11.599472999572754,0.0,0.0,0.0,0.0,0,131.599833
PIDY,131639833,0.0,0.0,0.0,0.0,0.7948914170265198,10.920473098754883,0.0,0.0,0.0,0.0,0,131.639833
PIDY,131679833,0.0,0.0,0.0,0.0,0.820635974407196,9.95401382446289,0.0,0.0,0.0,0.0,0,131.679833
PIDY,131719833,0.0,0.0,0.0,0.0,0.8439764976501465,8.745996475219727,0.0,0.0,0.0,0.0,0,131.719833
PIDY,131759833,0.0,0.0,0.0,0.0,0.865167498588562,7.350681304931641,0.0,0.0,0.0,0.0,0,131.759833
PIDY,131799833,0.0,0.0,0.0,0.0,0.8831257820129395,5.8089680671691895,0.0,0.0,0.0,0.0,0,131.799833
PIDY,131839833,0.0,0.0,0.0,0.0,0.8981544375419617,4.177310943603516,0.0,0.0,0.0,0.0,0,131.839833
PIDY,131879833,0.0,0.0,0.0,0.0,0.9097198843955994,2.5032918453216553,0.0,0.0,0.0,0.0,0,131.879833
PIDY,131919833,0.0,0.0,0.0,0.0,0.9173271059989929,0.8343034982681274,0.0,0.0,0.0,0.0,0,131.919833
PIDY,131959833,0.0,0.0,0.0,0.0,0.9216922521591187,-0.7779871821403503,0.0,0.0,0.0,0.0,0,131.959833
PIDY,131999833,0.0,0.0,0.0,0.0,0.9223086833953857,-2.273993730545044,0.0,0.0,0.0,0.0,0,131.999833
PIDY,132039833,0.0,0.0,0.0,0.0,0.9199373722076416,-3.595120668411255,0.0,0.0,0.0,0.0,0,132.039833
PIDY,132079833,0.0,0.0,0.0,0.0,0.9147137999534607,-4.689150333404541,0.0,0.0,0.0,0.0,0,132.079833
PIDY,132119833,0.0,0.0,0.0,0.0,0.9067817330360413,-5.513987064361572,0.0,0.0,0.0,0.0,0,132.119833
PIDY,132159833,0.0,0.0,0.0,0.0,0.8974579572677612,-6.044388771057129,0.0,0.0,0.0,0.0,0,132.159833
PIDY,132199833,0.0,0.0,0.0,0.0,0.8866735100746155,-6.268513202667236,0.0,0.0,0.0,0.0,0,132.199833
PIDY,132239833,0.0,0.0,0.0,0.0,0.8757725954055786,-6.198734283447266,0.0,0.0,0.0,0.0,0,132.239833
PIDY,132279833,0.0,0.0,0.0,0.0,0.8650248646736145,-5.85857629776001,0.0,0.0,0.0,0.0,0,132.279833
PIDY,132319833,0.0,0.0,0.0,0.0,0.8545241951942444,-5.287806510925293,0.0,0.0,0.0,0.0,0,132.319833
PIDY,132359833,0.0,0.0,0.0,0.0,0.8456575870513916,-4.533183574676514,0.0,0.0,0.0,0.0,0,132.359833
PIDY,132399833,0.0,0.0,0.0,0.0,0.8377681970596313,-3.645843029022217,0.0,0.0,0.0,0.0,0,132.399833
PIDY,132439833,0.0,0.0,0.0,0.0,0.8322360515594482,-2.6873817443847656,0.0,0.0,0.0,0.0,0,132.439833
PIDY,132479833,0.0,0.0,0.0,0.0,0.8286224007606506,-1.7164243459701538,0.0,0.0,0.0,0.0,0,132.479833
PIDY,132519833,0.0,0.0,0.0,0.0,0.826391875743866,-0.7815669178962708,0.0,0.0,0.0,0.0,0,132.519833
PIDY,132559833,0.0,0.0,0.0,0.0,0.826579213142395,0.07810945063829422,0.0,0.0,0.0,0.0,0,132.559833
PIDY,132599833,0.0,0.0,0.0,0.0,0.8280847072601318,0.831889808177948,0.0,0.0,0.0,0.0,0,132.599833
PIDY,132639833,0.0,0.0,0.0,0.0,0.831497311592102,1.4607943296432495,0.0,0.0,0.0,0.0,0,132.639833
PIDY,132679833,0.0,0.0,0.0,0.0,0.836172342300415,1.9464508295059204,0.0,0.0,0.0,0.0,0,132.679833
PIDY,132719833,0.0,0.0,0.0,0.0,0.8413103818893433,2.2796378135681152,0.0,0.0,0.0,0.0,0,132.719833
PIDY,132759833,0.0,0.0,0.0,0.0,0.8476430773735046,2.467395782470703,0.0,0.0,0.0,0.0,0,132.759833
PIDY,132799833,0.0,0.0,0.0,0.0,0.8539151549339294,2.505406618118286,0.0,0.0,0.0,0.0,0,132.799833
PIDY,132839833,0.0,0.0,0.0,0.0,0.8606722354888916,2.3762898445129395,0.0,0.0,0.0,0.0,0,132.839833
PIDY,132879833,0.0,0.0,0.0,0.0,0.8669256567955017,1.9512782096862793,0.0,0.0,0.0,0.0,0,132.879833
PIDY,132919833,0.0,0.0,0.0,0.0,0.8713375926017761,1.1550908088684082,0.0,0.0,0.0,0.0,0,132.919833
PIDY,132959833,0.0,0.0,0.0,0.0,0.8742181062698364,-0.0014846347039565444,0.0,0.0,0.0,0.0,0,132.959833
PIDY,132999833,0.0,0.0,0.0,0.0,0.8736377954483032,-1.484494686126709,0.0,0.0,0.0,0.0,0,132.999833
PIDY,133039833,0.0,0.0,0.0,0.0,0.8700185418128967,-3.215421438217163,0.0,0.0,0.0,0.0,0,133.039833
PIDY,133079833,0.0,0.0,0.0,0.0,0.862317681312561,-5.091787815093994,0.0,0.0,0.0,0.0,0,133.079833
PIDY,133119833,0.0,0.0,0.0,0.0,0.8498471975326538,-6.983572006225586,0.0,0.0,0.0,0.0,0,133.119833
PIDY,133159833,0.0,0.0,0.0,0.0,0.8336312770843506,-8.761284828186035,0.0,0.0,0.0,0.0,0,133.159833
PIDY,133199833,0.0,0.0,0.0,0.0,0.8131817579269409,-10.290050506591797,0.0,0.0,0.0,0.0,0,133.199833
PIDY,133239833,0.0,0.0,0.0,0.0,0.789958119392395,-11.466438293457031,0.0,0.0,0.0,0.0,0,133.239833
PIDY,133279833,0.0,0.0,0.0,0.0,0.7644155621528625,-12.211030960083008,0.0,0.0,0.0,0.0,0,133.279833
PIDY,133319833,0.0,0.0,0.0,0.0,0.7372632026672363,-12.489294052124023,0.0,0.0,0.0,0.0,0,133.319833
PIDY,133359833,0.0,0.0,0.0,0.0,0.7100157141685486,-12.31206226348877,0.0,0.0,0.0,0.0,0,133.359833
PIDY,133399833,0.0,0.0,0.0,0.0,0.6829912662506104,-11.706541061401367,0.0,0.0,0.0,0.0,0,133.399833
PIDY,133439833,0.0,0.0,0.0,0.0,0.6577586531639099,-10.744139671325684,0.0,0.0,0.0,0.0,0,133.439833
PIDY,133479833,0.0,0.0,0.0,0.0,0.6346367001533508,-9.496941566467285,0.0,0.0,0.0,0.0,0,133.479833
PIDY,133519833,0.0,0.0,0.0,0.0,0.6138634085655212,-8.054288864135742,0.0,0.0,0.0,0.0,0,133.519833
PIDY,133559833,0.0,0.0,0.0,0.0,0.5963488221168518,-6.506750583648682,0.0,0.0,0.0,0.0,0,133.559833
PIDY,133599833,0.0,0.0,0.0,0.0,0.5818085670471191,-4.919694423675537,0.0,0.0,0.0,0.0,0,133.599833
PIDY,133639833,0.0,0.0,0.0,0.0,0.5707038640975952,-3.3594512939453125,0.0,0.0,0.0,0.0,0,133.639833
PIDY,133679833,0.0,0.0,0.0,0.0,0.5627965331077576,-1.8753721714019775,0.0,0.0,0.0,0.0,0,133.679833
PIDY,133719833,0.0,0.0,0.0,0.0,0.5576487183570862,-0.506580650806427,0.0,0.0,0.0,0.0,0,133.719833
PIDY,133759833,0.0,0.0,0.0,0.0,0.5556737184524536,0.7119730710983276,0.0,0.0,0.0,0.0,0,133.759833
PIDY,133799833,0.0,0.0,0.0,0.0,0.5559915900230408,1.754834771156311,0.0,0.0,0.0,0.0,0,133.799833
PIDY,133839833,0.0,0.0,0.0,0.0,0.5588483810424805,2.6078622341156006,0.0,0.0,0.0,0.0,0,133.839833
PIDY,133879833,0.0,0.0,0.0,0.0,0.5635696649551392,3.2515904903411865,0.0,0.0,0.0,0.0,0,133.879833
PIDY,133919833,0.0,0.0,0.0,0.0,0.5694275498390198,3.640085220336914,0.0,0.0,0.0,0.0,0,133.919833
PIDY,133959833,0.0,0.0,0.0,0.0,0.5761970281600952,3.6361243724823,0.0,0.0,0.0,0.0,0,133.959833
PIDY,133999833,0.0,0.0,0.0,0.0,0.5823611617088318,3.1494922637939453,0.0,0.0,0.0,0.0,0,133.999833
PIDY,134039833,0.0,0.0,0.0,0.0,0.5873897671699524,2.1831791400909424,0.0,0.0,0.0,0.0,0,134.039833
PIDY,134079833,0.0,0.0,0.0,0.0,0.5899540185928345,0.7800555229187012,0.0,0.0,0.0,0.0,0,134.079833
PIDY,134119833,0.0,0.0,0.0,0.0,0.5888754725456238,-0.978495717048645,0.0,0.0,0.0,0.0,0,134.119833
PIDY,134159833,0.0,0.0,0.0,0.0,0.5839257836341858,-2.9772653579711914,0.0,0.0,0.0,0.0,0,134.159833
PIDY,134199833,0.0,0.0,0.0,0.0,0.5741040110588074,-5.071974754333496,0.0,0.0,0.0,0.0,0,134.199833
PIDY,134239833,0.0,0.0,0.0,0.0,0.5600056648254395,-7.113925457000732,0.0,0.0,0.0,0.0,0,134.239833
PIDY,134279833,0.0,0.0,0.0,0.0,0.5415441989898682,-8.957831382751465,0.0,0.0,0.0,0.0,0,134.279833
PIDY,134319833,0.0,0.0,0.0,0.0,0.5189778804779053,-10.464493751525879,0.0,0.0,0.0,0.0,0,134.319833
PIDY,134359833,0.0,0.0,0.0,0.0,0.49375370144844055,-11.546016693115234,0.0,0.0,0.0,0.0,0,134.359833
PIDY,134399833,0.0,0.0,0.0,0.0,0.46638229489326477,-12.141305923461914,0.0,0.0,0.0,0.0,0,134.399833
PIDY,134439833,0.0,0.0,0.0,0.0,0.4381842017173767,-12.245924949645996,0.0,0.0,0.0,0.0,0,134.439833
PIDY,134479833,0.0,0.0,0.0,0.0,0.4100317358970642,-11.877307891845703,0.0,0.0,0.0,0.0,0,134.479833
PIDY,134519833,0.0,0.0,0.0,0.0,0.38275739550590515,-11.081957817077637,0.0,0.0,0.0,0.0,0,134.519833
PIDY,134559833,0.0,0.0,0.0,0.0,0.3574024736881256,-9.940385818481445,0.0,0.0,0.0,0.0,0,134.559833
PIDY,134599833,0.0,0.0,0.0,0.0,0.3343683183193207,-8.534636497497559,0.0,0.0,0.0,0.0,0,134.599833
PIDY,134639833,0.0,0.0,0.0,0.0,0.31441107392311096,-6.954165935516357,0.0,0.0,0.0,0.0,0,134.639833
PIDY,134679833,0.0,0.0,0.0,0.0,0.29773059487342834,-5.272240161895752,0.0,0.0,0.0,0.0,0,134.679833
PIDY,134719833,0.0,0.0,0.0,0.0,0.2844231128692627,-3.557483196258545,0.0,0.0,0.0,0.0,0,134.719833
PIDY,134759833,0.0,0.0,0.0,0.0,0.27476978302001953,-1.8754101991653442,0.0,0.0,0.0,0.0,0,134.759833
PIDY,134799833,0.0,0.0,0.0,0.0,0.2685272693634033,-0.27488166093826294,0.0,0.0,0.0,0.0,0,134.799833
PIDY,134839833,0.0,0.0,0.0,0.0,0.26574984192848206,1.1968295574188232,0.0,0.0,0.0,0.0,0,134.839833
PIDY,134879833,0.0,0.0,0.0,0.0,0.26611074805259705,2.5077502727508545,0.0,0.0,0.0,0.0,0,134.879833
PIDY,134919833,0.0,0.0,0.0,0.0,0.26921337842941284,3.6275370121002197,0.0,0.0,0.0,0.0,0,134.919833
PIDY,134959833,0.0,0.0,0.0,0.0,0.2748524248600006,4.528989791870117,0.0,0.0,0.0,0.0,0,134.959833
PIDY,134999833,0.0,0.0,0.0,0.0,0.28235939145088196,5.189323902130127,0.0,0.0,0.0,0.0,0,134.999833
PIDY,135039833,0.0,0.0,0.0,0.0,0.291470468044281,5.595325946807861,0.0,0.0,0.0,0.0,0,135.039833
PIDY,135079833,0.0,0.0,0.0,0.0,0.3015087842941284,5.7387590408325195,0.0,0.0,0.0,0.0,0,135.079833
PIDY,135119833,0.0,0.0,0.0,0.0,0.311726838350296,5.618688106536865,0.0,0.0,0.0,0.0,0,135.119833
PIDY,135159833,0.0,0.0,0.0,0.0,0.3218843340873718,5.251707077026367,0.0,0.0,0.0,0.0,0,135.159833
PIDY,135199833,0.0,0.0,0.0,0.0,0.3310503661632538,4.658629894256592,0.0,0.0,0.0,0.0,0,135.199833
PIDY,135239833,0.0,0.0,0.0,0.0,0.33919763565063477,3.8793349266052246,0.0,0.0,0.0,0.0,0,135.239833
PIDY,135279833,0.0,0.0,0.0,0.0,0.3457051217556,2.958588123321533,0.0,0.0,0.0,0.0,0,135.279833
PIDY,135319833,0.0,0.0,0.0,0.0,0.3500365614891052,1.9519561529159546,0.0,0.0,0.0,0.0,0,135.319833
PIDY,135359833,0.0,0.0,0.0,0.0,0.3525271713733673,0.9165248870849609,0.0,0.0,0.0,0.0,0,135.359833
PIDY,135399833,0.0,0.0,0.0,0.0,0.3526071310043335,-0.08896079659461975,0.0,0.0,0.0,0.0,0,135.399833
PIDY,135439833,0.0,0.0,0.0,0.0,0.3509082794189453,-1.0189480781555176,0.0,0.0,0.0,0.0,0,135.439833
PIDY,135479833,0.0,0.0,0.0,0.0,0.34733206033706665,-1.8239485025405884,0.0,0.0,0.0,0.0,0,135.479833
PIDY,135519833,0.0,0.0,0.0,0.0,0.3418373167514801,-2.4626476764678955,0.0,0.0,0.0,0.0,0,135.519833
PIDY,135559833,0.0,0.0,0.0,0.0,0.33541592955589294,-2.9165568351745605,0.0,0.0,0.0,0.0,0,135.559833
PIDY,135599833,0.0,0.0,0.0,0.0,0.327836275100708,-3.163006067276001,0.0,0.0,0.0,0.0,0,135.599833
PIDY,135639833,0.0,0.0,0.0,0.0,0.32011839747428894,-3.2196524143218994,0.0,0.0,0.0,0.0,0,135.639833
PIDY,135679833,0.0,0.0,0.0,0.0,0.3123413026332855,-3.094416856765747,0.0,0.0,0.0,0.0,0,135.679833
PIDY,135719833,0.0,0.0,0.0,0.0,0.3046777546405792,-2.7643210887908936,0.0,0.0,0.0,0.0,0,135.719833
PIDY,135759833,0.0,0.0,0.0,0.0,0.2982712686061859,-2.080282211303711,0.0,0.0,0.0,0.0,0,135.759833
PIDY,135799833,0.0,0.0,0.0,0.0,0.2936010956764221,-0.9309645295143127,0.0,0.0,0.0,0.0,0,135.799833
PIDY,135839833,0.0,0.0,0.0,0.0,0.29216116666793823,0.6626350283622742,0.0,0.0,0.0,0.0,0,135.839833
PIDY,135879833,0.0,0.0,0.0,0.0,0.2946658134460449,2.6240592002868652,0.0,0.0,0.0,0.0,0,135.879833
PIDY,135919833,0.0,0.0,0.0,0.0,0.30166351795196533,4.8112969398498535,0.0,0.0,0.0,0.0,0,135.919833
PIDY,135959833,0.0,0.0,0.0,0.0,0.31385189294815063,7.048343181610107,0.0,0.0,0.0,0.0,0,135.959833
PIDY,135999833,0.0,0.0,0.0,0.0,0.3308381736278534,9.146388053894043,0.0,0.0,0.0,0.0,0,135.999833
PIDY,136039833,0.0,0.0,0.0,0.0,0.3524906635284424,10.941018104553223,0.0,0.0,0.0,0.0,0,136.039833
PIDY,136079833,0.0,0.0,0.0,0.0,0.37779995799064636,12.282520294189453,0.0,0.0,0.0,0.0,0,136.079833
PIDY,136119833,0.0,0.0,0.0,0.0,0.40545547008514404,13.069929122924805,0.0,0.0,0.0,0.0,0,136.119833
PIDY,136159833,0.0,0.0,0.0,0.0,0.43459105491638184,13.284278869628906,0.0,0.0,0.0,0.0,0,136.159833
PIDY,136199833,0.0,0.0,0.0,0.0,0.46353068947792053,12.963458061218262,0.0,0.0,0.0,0.0,0,136.199833
PIDY,136239833,0.0,0.0,0.0,0.0,0.49183300137519836,12.2232084274292,0.0,0.0,0.0,0.0,0,136.239833
PIDY,136279833,0.0,0.0,0.0,0.0,0.5184673070907593,11.180072784423828,0.0,0.0,0.0,0.0,0,136.279833
PIDY,136319833,0.0,0.0,0.0,0.0,0.5426055192947388,9.944792747497559,0.0,0.0,0.0,0.0,0,136.319833
PIDY,136359833,0.0,0.0,0.0,0.0,0.5646303296089172,8.61092758178711,0.0,0.0,0.0,0.0,0,136.359833
PIDY,136399833,0.0,0.0,0.0,0.0,0.5837276577949524,7.215504169464111,0.0,0.0,0.0,0.0,0,136.399833
PIDY,136439833,0.0,0.0,0.0,0.0,0.600382387638092,5.786803245544434,0.0,0.0,0.0,0.0,0,136.439833
PIDY,136479833,0.0,0.0,0.0,0.0,0.6141646504402161,4.335369110107422,0.0,0.0,0.0,0.0,0,136.479833
PIDY,136519833,0.0,0.0,0.0,0.0,0.6246436834335327,2.8693766593933105,0.0,0.0,0.0,0.0,0,136.519833
PIDY,136559833,0.0,0.0,0.0,0.0,0.632272481918335,1.3957520723342896,0.0,0.0,0.0,0.0,0,136.559833
PIDY,136599833,0.0,0.0,0.0,0.0,0.636186420917511,-0.06740764528512955,0.0,0.0,0.0,0.0,0,136.599833
PIDY,136639833,0.0,0.0,0.0,0.0,0.6372553706169128,-1.4766817092895508,0.0,0.0,0.0,0.0,0,136.639833
PIDY,136679833,0.0,0.0,0.0,0.0,0.6351444125175476,-2.7659988403320312,0.0,0.0,0.0,0.0,0,136.679833
PIDY,136719833,0.0,0.0,0.0,0.0,0.6298011541366577,-3.8460853099823,0.0,0.0,0.0,0.0,0,136.719833
PIDY,136759833,0.0,0.0,0.0,0.0,0.6224918961524963,-4.641251087188721,0.0,0.0,0.0,0.0,0,136.759833
PIDY,136799833,0.0,0.0,0.0,0.0,0.6131810545921326,-5.04646635055542,0.0,0.0,0.0,0.0,0,136.799833
PIDY,136839833,0.0,0.0,0.0,0.0,0.6038622260093689,-4.8447699546813965,0.0,0.0,0.0,0.0,0,136.839833
PIDY,136879833,0.0,0.0,0.0,0.0,0.5956555604934692,-3.9191629886627197,0.0,0.0,0.0,0.0,0,136.879833
PIDY,136919833,0.0,0.0,0.0,0.0,0.5898984670639038,-2.319485664367676,0.0,0.0,0.0,0.0,0,136.919833
PIDY,136959833,0.0,0.0,0.0,0.0,0.5884100794792175,-0.1970154047012329,0.0,0.0,0.0,0.0,0,136.959833
PIDY,136999833,0.0,0.0,0.0,0.0,0.5917366743087769,2.240515947341919,0.0,0.0,0.0,0.0,0,136.999833
PIDY,137039833,0.0,0.0,0.0,0.0,0.6007354259490967,4.765460014343262,0.0,0.0,0.0,0.0,0,137.039833
PIDY,137079833,0.0,0.0,0.0,0.0,0.6151772141456604,7.155776500701904,0.0,0.0,0.0,0.0,0,137.079833
PIDY,137119833,0.0,0.0,0.0,0.0,0.6342939734458923,9.205167770385742,0.0,0.0,0.0,0.0,0,137.119833
PIDY,137159833,0.0,0.0,0.0,0.0,0.6576303839683533,10.764374732971191,0.0,0.0,0.0,0.0,0,137.159833
PIDY,137199833,0.0,0.0,0.0,0.0,0.6836285591125488,11.745621681213379,0.0,0.0,0.0,0.0,0,137.199833
PIDY,137239833,0.0,0.0,0.0,0.0,0.7113723754882812,12.166481018066406,0.0,0.0,0.0,0.0,0,137.239833
PIDY,137279833,0.0,0.0,0.0,0.0,0.7396377921104431,12.105740547180176,0.0,0.0,0.0,0.0,0,137.279833
PIDY,137319833,0.0,0.0,0.0,0.0,0.7674557566642761,11.674535751342773,0.0,0.0,0.0,0.0,0,137.319833
PIDY,137359833,0.0,0.0,0.0,0.0,0.7944666147232056,10.983489990234375,0.0,0.0,0.0,0.0,0,137.359833
PIDY,137399833,0.0,0.0,0.0,0.0,0.8201092481613159,10.108201026916504,0.0,0.0,0.0,0.0,0,137.399833
PIDY,137439833,0.0,0.0,0.0,0.0,0.8441351652145386,9.083846092224121,0.0,0.0,0.0,0.0,0,137.439833
PIDY,137479833,0.0,0.0,0.0,0.0,0.8661958575248718,7.914326190948486,0.0,0.0,0.0,0.0,0,137.479833
PIDY,137519833,0.0,0.0,0.0,0.0,0.8859162330627441,6.596965789794922,0.0,0.0,0.0,0.0,0,137.519833
PIDY,137559833,0.0,0.0,0.0,0.0,0.9029203653335571,5.129213333129883,0.0,0.0,0.0,0.0,0,137.559833
PIDY,137599833,0.0,0.0,0.0,0.0,0.9166102409362793,3.512537717819214,0.0,0.0,0.0,0.0,0,137.599833
PIDY,137639833,0.0,0.0,0.0,0.0,0.9268220663070679,1.766518473625183,0.0,0.0,0.0,0.0,0,137.639833
PIDY,137679833,0.0,0.0,0.0,0.0,0.9330706000328064,-0.05731341615319252,0.0,0.0,0.0,0.0,0,137.679833
PIDY,137719833,0.0,0.0,0.0,0.0,0.9350880980491638,-1.870130181312561,0.0,0.0,0.0,0.0,0,137.719833
PIDY,137759833,0.0,0.0,0.0,0.0,0.9331554770469666,-3.553210496902466,0.0,0.0,0.0,0.0,0,137.759833
PIDY,137799833,0.0,0.0,0.0,0.0,0.9273856282234192,-4.9861273765563965,0.0,0.0,0.0,0.0,0,137.799833
PIDY,137839833,0.0,0.0,0.0,0.0,0.9187682271003723,-6.074674606323242,0.0,0.0,0.0,0.0,0,137.839833
PIDY,137879833,0.0,0.0,0.0,0.0,0.9079602360725403,-6.752939701080322,0.0,0.0,0.0,0.0,0,137.879833
PIDY,137919833,0.0,0.0,0.0,0.0,0.8956239819526672,-7.005587577819824,0.0,0.0,0.0,0.0,0,137.919833
PIDY,137959833,0.0,0.0,0.0,0.0,0.8831827640533447,-6.865244388580322,0.0,0.0,0.0,0.0,0,137.959833
PIDY,137999833,0.0,0.0,0.0,0.0,0.870762825012207,-6.3862128257751465,0.0,0.0,0.0,0.0,0,137.999833
PIDY,138039833,0.0,0.0,0.0,0.0,0.8598302006721497,-5.648942470550537,0.0,0.0,0.0,0.0,0,138.039833
PIDY,138079833,0.0,0.0,0.0,0.0,0.850411057472229,-4.753323078155518,0.0,0.0,0.0,0.0,0,138.079833
PIDY,138119833,0.0,0.0,0.0,0.0,0.8421597480773926,-3.7923803329467773,0.0,0.0,0.0,0.0,0,138.119833
PIDY,138159833,0.0,0.0,0.0,0.0,0.8362899422645569,-2.8330583572387695,0.0,0.0,0.0,0.0,0,138.159833
PIDY,138199833,0.0,0.0,0.0,0.0,0.83168625831604,-1.9130897521972656,0.0,0.0,0.0,0.0,0,138.199833
PIDY,138239833,0.0,0.0,0.0,0.0,0.8293536901473999,-1.0347219705581665,0.0,0.0,0.0,0.0,0,138.239833
PIDY,138279833,0.0,0.0,0.0,0.0,0.8287638425827026,-0.18254271149635315,0.0,0.0,0.0,0.0,0,138.279833
PIDY,138319833,0.0,0.0,0.0,0.0,0.8293073177337646,0.6519654393196106,0.0,0.0,0.0,0.0,0,138.319833
PIDY,138359833,0.0,0.0,0.0,0.0,0.832317054271698,1.472292184829712,0.0,0.0,0.0,0.0,0,138.359833
PIDY,138399833,0.0,0.0,0.0,0.0,0.8364701271057129,2.243549346923828,0.0,0.0,0.0,0.0,0,138.399833
PIDY,138439833,0.0,0.0,0.0,0.0,0.8430391550064087,2.919172763824463,0.0,0.0,0.0,0.0,0,138.439833
PIDY,138479833,0.0,0.0,0.0,0.0,0.8510996103286743,3.4374866485595703,0.0,0.0,0.0,0.0,0,138.479833
PIDY,138519833,0.0,0.0,0.0,0.0,0.8595539927482605,3.7396023273468018,0.0,0.0,0.0,0.0,0,138.519833
PIDY,138559833,0.0,0.0,0.0,0.0,0.8692789673805237,3.788102626800537,0.0,0.0,0.0,0.0,0,138.559833
PIDY,138599833,0.0,0.0,0.0,0.0,0.8783131241798401,3.5106184482574463,0.0,0.0,0.0,0.0,0,138.599833
PIDY,138639833,0.0,0.0,0.0,0.0,0.8868945240974426,2.7711544036865234,0.0,0.0,0.0,0.0,0,138.639833
PIDY,138679833,0.0,0.0,0.0,0.0,0.8932680487632751,1.4980602264404297,0.0,0.0,0.0,0.0,0,138.679833
PIDY,138719833,0.0,0.0,0.0,0.0,0.8958181738853455,-0.25891706347465515,0.0,0.0,0.0,0.0,0,138.719833
PIDY,138759833,0.0,0.0,0.0,0.0,0.8944858312606812,-2.3795135021209717,0.0,0.0,0.0,0.0,0,138.759833
PIDY,138799833,0.0,0.0,0.0,0.0,0.8878349661827087,-4.700376987457275,0.0,0.0,0.0,0.0,0,138.799833
PIDY,138839833,0.0,0.0,0.0,0.0,0.8762531876564026,-7.017005443572998,0.0,0.0,0.0,0.0,0,138.839833
PIDY,138879833,0.0,0.0,0.0,0.0,0.8596741557121277,-9.108431816101074,0.0,0.0,0.0,0.0,0,138.879833
PIDY,138919833,0.0,0.0,0.0,0.0,0.8385295271873474,-10.784008026123047,0.0,0.0,0.0,0.0,0,138.919833
PIDY,138959833,0.0,0.0,0.0,0.0,0.8144167065620422,-11.934052467346191,0.0,0.0,0.0,0.0,0,138.959833
PIDY,138999833,0.0,0.0,0.0,0.0,0.7880408763885498,-12.515952110290527,0.0,0.0,0.0,0.0,0,138.999833
PIDY,139039833,0.0,0.0,0.0,0.0,0.7610263824462891,-12.554511070251465,0.0,0.0,0.0,0.0,0,139.039833
PIDY,139079833,0.0,0.0,0.0,0.0,0.7342373728752136,-12.121650695800781,0.0,0.0,0.0,0.0,0,139.079833
PIDY,139119833,0.0,0.0,0.0,0.0,0.7082177996635437,-11.323585510253906,0.0,0.0,0.0,0.0,0,139.119833
PIDY,139159833,0.0,0.0,0.0,0.0,0.6841970086097717,-10.287162780761719,0.0,0.0,0.0,0.0,0,139.159833
PIDY,139199833,0.0,0.0,0.0,0.0,0.6619920134544373,-9.115716934204102,0.0,0.0,0.0,0.0,0,139.199833
PIDY,139239833,0.0,0.0,0.0,0.0,0.6422119736671448,-7.886127948760986,0.0,0.0,0.0,0.0,0,139.239833
PIDY,139279833,0.0,0.0,0.0,0.0,0.6247462630271912,-6.628478050231934,0.0,0.0,0.0,0.0,0,139.279833
PIDY,139319833,0.0,0.0,0.0,0.0,0.6095153093338013,-5.3327507972717285,0.0,0.0,0.0,0.0,0,139.319833
PIDY,139359833,0.0,0.0,0.0,0.0,0.5971510410308838,-3.965200662612915,0.0,0.0,0.0,0.0,0,139.359833
PIDY,139399833,0.0,0.0,0.0,0.0,0.5876083970069885,-2.5031752586364746,0.0,0.0,0.0,0.0,0,139.399833
PIDY,139439833,0.0,0.0,0.0,0.0,0.5814834833145142,-0.9597092270851135,0.0,0.0,0.0,0.0,0,139.439833
PIDY,139479833,0.0,0.0,0.0,0.0,0.5788714289665222,0.6073870062828064,0.0,0.0,0.0,0.0,0,139.479833
PIDY,139519833,0.0,0.0,0.0,0.0,0.5796218514442444,2.1001148223876953,0.0,0.0,0.0,0.0,0,139.519833
PIDY,139559833,0.0,0.0,0.0,0.0,0.5839020013809204,3.4137871265411377,0.0,0.0,0.0,0.0,0,139.559833
PIDY,139599833,0.0,0.0,0.0,0.0,0.5908675789833069,4.43773889541626,0.0,0.0,0.0,0.0,0,139.599833
PIDY,139639833,0.0,0.0,0.0,0.0,0.600106418132782,5.0832085609436035,0.0,0.0,0.0,0.0,0,139.639833
PIDY,139679833,0.0,0.0,0.0,0.0,0.6104920506477356,5.258281707763672,0.0,0.0,0.0,0.0,0,139.679833
PIDY,139719833,0.0,0.0,0.0,0.0,0.620635986328125,4.796607971191406,0.0,0.0,0.0,0.0,0,139.719833
PIDY,139759833,0.0,0.0,0.0,0.0,0.6291810870170593,3.63596248626709,0.0,0.0,0.0,0.0,0,139.759833
PIDY,139799833,0.0,0.0,0.0,0.0,0.634416937828064,1.851656436920166,0.0,0.0,0.0,0.0,0,139.799833
PIDY,139839833,0.0,0.0,0.0,0.0,0.6353886127471924,-0.3986052870750427,0.0,0.0,0.0,0.0,0,139.839833
PIDY,139879833,0.0,0.0,0.0,0.0,0.6311288475990295,-2.912386178970337,0.0,0.0,0.0,0.0,0,139.879833
PIDY,139919833,0.0,0.0,0.0,0.0,0.6212136149406433,-5.446218967437744,0.0,0.0,0.0,0.0,0,139.919833
PIDY,139959833,0.0,0.0,0.0,0.0,0.6060594320297241,-7.759248733520508,0.0,0.0,0.0,0.0,0,139.959833
PIDY,139999833,0.0,0.0,0.0,0.0,0.5862491130828857,-9.661008834838867,0.0,0.0,0.0,0.0,0,139.999833
PIDY,140039833,0.0,0.0,0.0,0.0,0.5628281831741333,-11.0416898727417,0.0,0.0,0.0,0.0,0,140.039833
PIDY,140079833,0.0,0.0,0.0,0.0,0.5369399189949036,-11.864380836486816,0.0,0.0,0.0,0.0,0,140.079833
PIDY,140119833,0.0,0.0,0.0,0.0,0.5097510814666748,-12.150776863098145,0.0,0.0,0.0,0.0,0,140.119833
PIDY,140159833,0.0,0.0,0.0,0.0,0.4822571277618408,-11.976587295532227,0.0,0.0,0.0,0.0,0,140.159833
PIDY,140199833,0.0,0.0,0.0,0.0,0.4553186595439911,-11.45080280303955,0.0,0.0,0.0,0.0,0,140.199833
PIDY,140239833,0.0,0.0,0.0,0.0,0.4293990731239319,-10.675681114196777,0.0,0.0,0.0,0.0,0,140.239833
PIDY,140279833,0.0,0.0,0.0,0.0,0.4049333930015564,-9.73007583618164,0.0,0.0,0.0,0.0,0,140.279833
PIDY,140319833,0.0,0.0,0.0,0.0,0.382262259721756,-8.661110877990723,0.0,0.0,0.0,0.0,0,140.319833
PIDY,140359833,0.0,0.0,0.0,0.0,0.3615473210811615,-7.4746198654174805,0.0,0.0,0.0,0.0,0,140.359833
PIDY,140399833,0.0,0.0,0.0,0.0,0.34327036142349243,-6.143266201019287,0.0,0.0,0.0,0.0,0,140.399833
PIDY,140439833,0.0,0.0,0.0,0.0,0.3277597725391388,-4.625331401824951,0.0,0.0,0.0,0.0,0,140.439833
PIDY,140479833,0.0,0.0,0.0,0.0,0.31563901901245117,-2.911553144454956,0.0,0.0,0.0,0.0,0,140.479833
PIDY,140519833,0.0,0.0,0.0,0.0,0.30745744705200195,-1.0456409454345703,0.0,0.0,0.0,0.0,0,140.519833
PIDY,140559833,0.0,0.0,0.0,0.0,0.30350396037101746,0.8766727447509766,0.0,0.0,0.0,0.0,0,140.559833
PIDY,140599833,0.0,0.0,0.0,0.0,0.30394917726516724,2.731029987335205,0.0,0.0,0.0,0.0,0,140.599833
PIDY,140639833,0.0,0.0,0.0,0.0,0.308439701795578,4.379745960235596,0.0,0.0,0.0,0.0,0,140.639833
PIDY,140679833,0.0,0.0,0.0,0.0,0.31645888090133667,5.690170764923096,0.0,0.0,0.0,0.0,0,140.679833
PIDY,140719833,0.0,0.0,0.0,0.0,0.32713112235069275,6.559685707092285,0.0,0.0,0.0,0.0,0,140.719833
PIDY,140759833,0.0,0.0,0.0,0.0,0.3394249379634857,6.9308762550354,0.0,0.0,0.0,0.0,0,140.759833
PIDY,140799833,0.0,0.0,0.0,0.0,0.35216259956359863,6.809711933135986,0.0,0.0,0.0,0.0,0,140.799833
PIDY,140839833,0.0,0.0,0.0,0.0,0.3644348978996277,6.261476039886475,0.0,0.0,0.0,0.0,0,140.839833
PIDY,140879833,0.0,0.0,0.0,0.0,0.375392884016037,5.4071879386901855,0.0,0.0,0.0,0.0,0,140.879833
PIDY,140919833,0.0,0.0,0.0,0.0,0.3845199942588806,4.401285648345947,0.0,0.0,0.0,0.0,0,140.919833
PIDY,140959833,0.0,0.0,0.0,0.0,0.3917813301086426,3.4073636531829834,0.0,0.0,0.0,0.0,0,140.959833
PIDY,140999833,0.0,0.0,0.0,0.0,0.39721447229385376,2.514331817626953,0.0,0.0,0.0,0.0,0,140.999833
PIDY,141039833,0.0,0.0,0.0,0.0,0.4011864960193634,1.7290573120117188,0.0,0.0,0.0,0.0,0,141.039833
PIDY,141079833,0.0,0.0,0.0,0.0,0.4037991762161255,1.0213488340377808,0.0,0.0,0.0,0.0,0,141.079833
PIDY,141119833,0.0,0.0,0.0,0.0,0.4049760103225708,0.3355092406272888,0.0,0.0,0.0,0.0,0,141.119833
PIDY,141159833,0.0,0.0,0.0,0.0,0.4048498272895813,-0.3972763121128082,0.0,0.0,0.0,0.0,0,141.159833
PIDY,141199833,0.0,0.0,0.0,0.0,0.4028075039386749,-1.2199774980545044,0.0,0.0,0.0,0.0,0,141.199833
PIDY,141239833,0.0,0.0,0.0,0.0,0.3989727199077606,-2.1401724815368652,0.0,0.0,0.0,0.0,0,141.239833
PIDY,141279833,0.0,0.0,0.0,0.0,0.3928793966770172,-3.1012165546417236,0.0,0.0,0.0,0.0,0,141.279833
PIDY,141319833,0.0,0.0,0.0,0.0,0.3842732012271881,-3.9821579456329346,0.0,0.0,0.0,0.0,0,141.319833
PIDY,141359833,0.0,0.0,0.0,0.0,0.37399592995643616,-4.618190288543701,0.0,0.0,0.0,0.0,0,141.359833
PIDY,141399833,0.0,0.0,0.0,0.0,0.3623453676700592,-4.837947368621826,0.0,0.0,0.0,0.0,0,141.399833
PIDY,141439833,0.0,0.0,0.0,0.0,0.3508290648460388,-4.560822486877441,0.0,0.0,0.0,0.0,0,141.439833
PIDY,141479833,0.0,0.0,0.0,0.0,0.3404238820075989,-3.750441312789917,0.0,0.0,0.0,0.0,0,141.479833
PIDY,141519833,0.0,0.0,0.0,0.0,0.3323061466217041,-2.295125961303711,0.0,0.0,0.0,0.0,0,141.519833
PIDY,141559833,0.0,0.0,0.0,0.0,0.32840695977211,-0.2438850998878479,0.0,0.0,0.0,0.0,0,141.559833
PIDY,141599833,0.0,0.0,0.0,0.0,0.3293708264827728,2.180842161178589,0.0,0.0,0.0,0.0,0,141.599833
PIDY,141639833,0.0,0.0,0.0,0.0,0.3360763192176819,4.702805042266846,0.0,0.0,0.0,0.0,0,141.639833
PIDY,141679833,0.0,0.0,0.0,0.0,0.3482537269592285,7.059841156005859,0.0,0.0,0.0,0.0,0,141.679833
PIDY,141719833,0.0,0.0,0.0,0.0,0.36501699686050415,9.018598556518555,0.0,0.0,0.0,0.0,0,141.719833
PIDY,141759833,0.0,0.0,0.0,0.0,0.3857792913913727,10.43259048461914,0.0,0.0,0.0,0.0,0,141.759833
PIDY,141799833,0.0,0.0,0.0,0.0,0.4087311923503876,11.237476348876953,0.0,0.0,0.0,0.0,0,141.799833
PIDY,141839833,0.0,0.0,0.0,0.0,0.43322333693504333,11.517335891723633,0.0,0.0,0.0,0.0,0,141.839833
PIDY,141879833,0.0,0.0,0.0,0.0,0.4580860137939453,11.451035499572754,0.0,0.0,0.0,0.0,0,141.879833
PIDY,141919833,0.0,0.0,0.0,0.0,0.48252013325691223,11.241816520690918,0.0,0.0,0.0,0.0,0,141.919833
PIDY,141959833,0.0,0.0,0.0,0.0,0.5072593092918396,11.056395530700684,0.0,0.0,0.0,0.0,0,141.959833
PIDY,141999833,0.0,0.0,0.0,0.0,0.5317556858062744,10.912933349609375,0.0,0.0,0.0,0.0,0,141.999833
PIDY,142039833,0.0,0.0,0.0,0.0,0.5567800998687744,10.73050594329834,0.0,0.0,0.0,0.0,0,142.039833
PIDY,142079833,0.0,0.0,0.0,0.0,0.5817332863807678,10.35188102722168,0.0,0.0,0.0,0.0,0,142.079833
PIDY,142119833,0.0,0.0,0.0,0.0,0.6055604219436646,9.602936744689941,0.0,0.0,0.0,0.0,0,142.119833
PIDY,142159833,0.0,0.0,0.0,0.0,0.627903163433075,8.342023849487305,0.0,0.0,0.0,0.0,0,142.159833
PIDY,142199833,0.0,0.0,0.0,0.0,0.6465149521827698,6.495458126068115,0.0,0.0,0.0,0.0,0,142.199833
PIDY,142239833,0.0,0.0,0.0,0.0,0.6609982252120972,4.144599914550781,0.0,0.0,0.0,0.0,0,142.239833
PIDY,142279833,0.0,0.0,0.0,0.0,0.6698257327079773,1.4802088737487793,0.0,0.0,0.0,0.0,0,142.279833
PIDY,142319833,0.0,0.0,0.0,0.0,0.6722442507743835,-1.147376537322998,0.0,0.0,0.0,0.0,0,142.319833
PIDY,142359833,0.0,0.0,0.0,0.0,0.6695691347122192,-3.3289101123809814,0.0,0.0,0.0,0.0,0,142.359833
PIDY,142399833,0.0,0.0,0.0,0.0,0.6624917387962341,-4.73660135269165,0.0,0.0,0.0,0.0,0,142.399833
PIDY,142439833,0.0,0.0,0.0,0.0,0.6536105871200562,-5.2427520751953125,0.0,0.0,0.0,0.0,0,142.439833
PIDY,142479833,0.0,0.0,0.0,0.0,0.644528865814209,-4.9442458152771,0.0,0.0,0.0,0.0,0,142.479833
PIDY,142519833,0.0,0.0,0.0,0.0,0.6364514827728271,-4.092946529388428,0.0,0.0,0.0,0.0,0,142.519833
PIDY,142559833,0.0,0.0,0.0,0.0,0.6308414340019226,-2.9841952323913574,0.0,0.0,0.0,0.0,0,142.559833
PIDY,142599833,0.0,0.0,0.0,0.0,0.6275743842124939,-1.7876718044281006,0.0,0.0,0.0,0.0,0,142.599833
PIDY,142639833,0.0,0.0,0.0,0.0,0.6268207430839539,-0.6456876397132874,0.0,0.0,0.0,0.0,0,142.639833
PIDY,142679833,0.0,0.0,0.0,0.0,0.6280763745307922,0.34566590189933777,0.0,0.0,0.0,0.0,0,142.679833
PIDY,142719833,0.0,0.0,0.0,0.0,0.6309790015220642,1.2302111387252808,0.0,0.0,0.0,0.0,0,142.719833
PIDY,142759833,0.0,0.0,0.0,0.0,0.635570764541626,2.2187609672546387,0.0,0.0,0.0,0.0,0,142.759833
PIDY,142799833,0.0,0.0,0.0,0.0,0.6425346732139587,3.552217721939087,0.0,0.0,0.0,0.0,0,142.799833
PIDY,142839833,0.0,0.0,0.0,0.0,0.6528981924057007,5.3705010414123535,0.0,0.0,0.0,0.0,0,142.839833
PIDY,142879833,0.0,0.0,0.0,0.0,0.6679311990737915,7.628269672393799,0.0,0.0,0.0,0.0,0,142.879833
PIDY,142919833,0.0,0.0,0.0,0.0,0.6886274218559265,10.071739196777344,0.0,0.0,0.0,0.0,0,142.919833
PIDY,142959833,0.0,0.0,0.0,0.0,0.7148547768592834,12.336694717407227,0.0,0.0,0.0,0.0,0,142.959833
PIDY,142999833,0.0,0.0,0.0,0.0,0.7460407018661499,14.038263320922852,0.0,0.0,0.0,0.0,0,142.999833
PIDY,143039833,0.0,0.0,0.0,0.0,0.7802965641021729,14.818018913269043,0.0,0.0,0.0,0.0,0,143.039833
PIDY,143079833,0.0,0.0,0.0,0.0,0.8152737021446228,14.453356742858887,0.0,0.0,0.0,0.0,0,143.079833
PIDY,143119833,0.0,0.0,0.0,0.0,0.8484795093536377,12.943802833557129,0.0,0.0,0.0,0.0,0,143.119833
PIDY,143159833,0.0,0.0,0.0,0.0,0.8771111369132996,10.497001647949219,0.0,0.0,0.0,0.0,0,143.159833
PIDY,143199833,0.0,0.0,0.0,0.0,0.9001302719116211,7.515105724334717,0.0,0.0,0.0,0.0,0,143.199833
PIDY,143239833,0.0,0.0,0.0,0.0,0.9161016345024109,4.460008144378662,0.0,0.0,0.0,0.0,0,143.239833
PIDY,143279833,0.0,0.0,0.0,0.0,0.9258661270141602,1.7578015327453613,0.0,0.0,0.0,0.0,0,143.279833
PIDY,143319833,0.0,0.0,0.0,0.0,0.9311977028846741,-0.28877824544906616,0.0,0.0,0.0,0.0,0,143.319833
PIDY,143359833,0.0,0.0,0.0,0.0,0.9327841997146606,-1.5515989065170288,0.0,0.0,0.0,0.0,0,143.359833
PIDY,143399833,0.0,0.0,0.0,0.0,0.9334592223167419,-2.06235408782959,0.0,0.0,0.0,0.0,0,143.399833
PIDY,143439833,0.0,0.0,0.0,0.0,0.933558464050293,-1.957801342010498,0.0,0.0,0.0,0.0,0,143.439833
PIDY,143479833,0.0,0.0,0.0,0.0,0.9347347021102905,-1.376284122467041,0.0,0.0,0.0,0.0,0,143.479833
PIDY,143519833,0.0,0.0,0.0,0.0,0.9381278157234192,-0.4849458634853363,0.0,0.0,0.0,0.0,0,143.519833
PIDY,143559833,0.0,0.0,0.0,0.0,0.9429863095283508,0.47302505373954773,0.0,0.0,0.0,0.0,0,143.559833
PIDY,143599833,0.0,0.0,0.0,0.0,0.9495329856872559,1.2693082094192505,0.0,0.0,0.0,0.0,0,143.599833
PIDY,143639833,0.0,0.0,0.0,0.0,0.9569193124771118,1.743109941482544,0.0,0.0,0.0,0.0,0,143.639833
PIDY,143679833,0.0,0.0,0.0,0.0,0.9643775820732117,1.8113319873809814,0.0,0.0,0.0,0.0,0,143.679833
PIDY,143719833,0.0,0.0,0.0,0.0,0.9709345698356628,1.4758867025375366,0.0,0.0,0.0,0.0,0,143.719833
PIDY,143759833,0.0,0.0,0.0,0.0,0.9760728478431702,0.8134422302246094,0.0,0.0,0.0,0.0,0,143.759833
PIDY,143799833,0.0,0.0,0.0,0.0,0.9790676832199097,-0.054572854191064835,0.0,0.0,0.0,0.0,0,143.799833
PIDY,143839833,0.0,0.0,0.0,0.0,0.9800103902816772,-0.9963369369506836,0.0,0.0,0.0,0.0,0,143.839833
PIDY,143879833,0.0,0.0,0.0,0.0,0.9788234233856201,-1.9010835886001587,0.0,0.0,0.0,0.0,0,143.879833
PIDY,143919833,0.0,0.0,0.0,0.0,0.9755464792251587,-2.698641061782837,0.0,0.0,0.0,0.0,0,143.919833
PIDY,143959833,0.0,0.0,0.0,0.0,0.9708995223045349,-3.350757122039795,0.0,0.0,0.0,0.0,0,143.959833
PIDY,143999833,0.0,0.0,0.0,0.0,0.964845597743988,-3.840754270553589,0.0,0.0,0.0,0.0,0,143.999833
PIDY,144039833,0.0,0.0,0.0,0.0,0.9581211805343628,-4.1696600914001465,0.0,0.0,0.0,0.0,0,144.039833
PIDY,144079833,0.0,0.0,0.0,0.0,0.9508243203163147,-4.358145713806152,0.0,0.0,0.0,0.0,0,144.079833
PIDY,144119833,0.0,0.0,0.0,0.0,0.9430627226829529,-4.44103479385376,0.0,0.0,0.0,0.0,0,144.119833
PIDY,144159833,0.0,0.0,0.0,0.0,0.9351982474327087,-4.4512858390808105,0.0,0.0,0.0,0.0,0,144.159833
PIDY,144199833,0.0,0.0,0.0,0.0,0.9269394874572754,-4.412071704864502,0.0,0.0,0.0,0.0,0,144.199833
PIDY,144239833,0.0,0.0,0.0,0.0,0.9189031720161438,-4.333901882171631,0.0,0.0,0.0,0.0,0,144.239833
PIDY,144279833,0.0,0.0,0.0,0.0,0.9108930826187134,-4.217563629150391,0.0,0.0,0.0,0.0,0,144.279833
PIDY,144319833,0.0,0.0,0.0,0.0,0.9025974869728088,-4.054478168487549,0.0,0.0,0.0,0.0,0,144.319833
PIDY,144359833,0.0,0.0,0.0,0.0,0.8949486017227173,-3.861513376235962,0.0,0.0,0.0,0.0,0,144.359833
PIDY,144399833,0.0,0.0,0.0,0.0,0.8869418501853943,-3.745018243789673,0.0,0.0,0.0,0.0,0,144.399833
PIDY,144439833,0.0,0.0,0.0,0.0,0.8793943524360657,-3.7768704891204834,0.0,0.0,0.0,0.0,0,144.439833
PIDY,144479833,0.0,0.0,0.0,0.0,0.8714541792869568,-3.970324993133545,0.0,0.0,0.0,0.0,0,144.479833
PIDY,144519833,0.0,0.0,0.0,0.0,0.8622652888298035,-4.333343505859375,0.0,0.0,0.0,0.0,0,144.519833
PIDY,144559833,0.0,0.0,0.0,0.0,0.8524261116981506,-4.854404449462891,0.0,0.0,0.0,0.0,0,144.559833
PIDY,144599833,0.0,0.0,0.0,0.0,0.8405909538269043,-5.493537902832031,0.0,0.0,0.0,0.0,0,144.599833
PIDY,144639833,0.0,0.0,0.0,0.0,0.8276203870773315,-6.205316543579102,0.0,0.0,0.0,0.0,0,144.639833
PIDY,144679833,0.0,0.0,0.0,0.0,0.812892496585846,-6.925311088562012,0.0,0.0,0.0,0.0,0,144.679833
PIDY,144719833,0.0,0.0,0.0,0.0,0.7960830926895142,-7.5786285400390625,0.0,0.0,0.0,0.0,0,144.719833
PIDY,144759833,0.0,0.0,0.0,0.0,0.7782360315322876,-8.109578132629395,0.0,0.0,0.0,0.0,0,144.759833
PIDY,144799833,0.0,0.0,0.0,0.0,0.758905827999115,-8.45268726348877,0.0,0.0,0.0,0.0,0,144.799833
PIDY,144839833,0.0,0.0,0.0,0.0,0.73935866355896,-8.574048042297363,0.0,0.0,0.0,0.0,0,144.839833
PIDY,144879833,0.0,0.0,0.0,0.0,0.7197047472000122,-8.456402778625488,0.0,0.0,0.0,0.0,0,144.879833
PIDY,144919833,0.0,0.0,0.0,0.0,0.7001820206642151,-8.102705955505371,0.0,0.0,0.0,0.0,0,144.919833
PIDY,144959833,0.0,0.0,0.0,0.0,0.6818321347236633,-7.543515205383301,0.0,0.0,0.0,0.0,0,144.959833
PIDY,144999833,0.0,0.0,0.0,0.0,0.6645776629447937,-6.806629657745361,0.0,0.0,0.0,0.0,0,144.999833
PIDY,145039833,0.0,0.0,0.0,0.0,0.6491696834564209,-5.93988561630249,0.0,0.0,0.0,0.0,0,145.039833
PIDY,145079833,0.0,0.0,0.0,0.0,0.6356264352798462,-4.995312213897705,0.0,0.0,0.0,0.0,0,145.079833
PIDY,145119833,0.0,0.0,0.0,0.0,0.623918890953064,-4.0185065269470215,0.0,0.0,0.0,0.0,0,145.119833
PIDY,145159833,0.0,0.0,0.0,0.0,0.6144099831581116,-3.0539989471435547,0.0,0.0,0.0,0.0,0,145.159833
PIDY,145199833,0.0,0.0,0.0,0.0,0.606833815574646,-2.137352705001831,0.0,0.0,0.0,0.0,0,145.199833
PIDY,145239833,0.0,0.0,0.0,0.0,0.6012259721755981,-1.2945778369903564,0.0,0.0,0.0,0.0,0,145.239833
PIDY,145279833,0.0,0.0,0.0,0.0,0.5973703265190125,-0.548590362071991,0.0,0.0,0.0,0.0,0,145.279833
PIDY,145319833,0.0,0.0,0.0,0.0,0.5950126051902771,0.09045315533876419,0.0,0.0,0.0,0.0,0,145.319833
PIDY,145359833,0.0,0.0,0.0,0.0,0.5940901637077332,0.6137130260467529,0.0,0.0,0.0,0.0,0,145.359833
PIDY,145399833,0.0,0.0,0.0,0.0,0.5942044854164124,1.0184985399246216,0.0,0.0,0.0,0.0,0,145.399833
PIDY,145439833,0.0,0.0,0.0,0.0,0.5952919721603394,1.2807109355926514,0.0,0.0,0.0,0.0,0,145.439833
PIDY,145479833,0.0,0.0,0.0,0.0,0.596794068813324,1.2866376638412476,0.0,0.0,0.0,0.0,0,145.479833
PIDY,145519833,0.0,0.0,0.0,0.0,0.5980388522148132,0.9689906239509583,0.0,0.0,0.0,0.0,0,145.519833
PIDY,145559833,0.0,0.0,0.0,0.0,0.5983327627182007,0.3232649862766266,0.0,0.0,0.0,0.0,0,145.559833
PIDY,145599833,0.0,0.0,0.0,0.0,0.5969204902648926,-0.6303057074546814,0.0,0.0,0.0,0.0,0,145.599833
PIDY,145639833,0.0,0.0,0.0,0.0,0.5931414365768433,-1.8418142795562744,0.0,0.0,0.0,0.0,0,145.639833
PIDY,145679833,0.0,0.0,0.0,0.0,0.5864586234092712,-3.2387137413024902,0.0,0.0,0.0,0.0,0,145.679833
PIDY,145719833,0.0,0.0,0.0,0.0,0.5764830708503723,-4.725539684295654,0.0,0.0,0.0,0.0,0,145.719833
PIDY,145759833,0.0,0.0,0.0,0.0,0.5632132887840271,-6.196983814239502,0.0,0.0,0.0,0.0,0,145.759833
PIDY,145799833,0.0,0.0,0.0,0.0,0.546684980392456,-7.540399074554443,0.0,0.0,0.0,0.0,0,145.799833
PIDY,145839833,0.0,0.0,0.0,0.0,0.5273983478546143,-8.657660484313965,0.0,0.0,0.0,0.0,0,145.839833
PIDY,145879833,0.0,0.0,0.0,0.0,0.5058760643005371,-9.464460372924805,0.0,0.0,0.0,0.0,0,145.879833
PIDY,145919833,0.0,0.0,0.0,0.0,0.48281100392341614,-9.908828735351562,0.0,0.0,0.0,0.0,0,145.919833
PIDY,145959833,0.0,0.0,0.0,0.0,0.45905670523643494,-9.971970558166504,0.0,0.0,0.0,0.0,0,145.959833
PIDY,145999833,0.0,0.0,0.0,0.0,0.43539831042289734,-9.662201881408691,0.0,0.0,0.0,0.0,0,145.999833
PIDY,146039833,0.0,0.0,0.0,0.0,0.4125787913799286,-9.006243705749512,0.0,0.0,0.0,0.0,0,146.039833
PIDY,146079833,0.0,0.0,0.0,0.0,0.391297847032547,-8.054125785827637,0.0,0.0,0.0,0.0,0,146.079833
PIDY,146119833,0.0,0.0,0.0,0.0,0.37210607528686523,-6.873007774353027,0.0,0.0,0.0,0.0,0,146.119833
PIDY,146159833,0.0,0.0,0.0,0.0,0.35547083616256714,-5.53399133682251,0.0,0.0,0.0,0.0,0,146.159833
PIDY,146199833,0.0,0.0,0.0,0.0,0.3416789174079895,-4.103784561157227,0.0,0.0,0.0,0.0,0,146.199833
PIDY,146239833,0.0,0.0,0.0,0.0,0.33088216185569763,-2.6472203731536865,0.0,0.0,0.0,0.0,0,146.239833
PIDY,146279833,0.0,0.0,0.0,0.0,0.3231343924999237,-1.2224866151809692,0.0,0.0,0.0,0.0,0,146.279833
PIDY,146319833,0.0,0.0,0.0,0.0,0.3183520436286926,0.11779727786779404,0.0,0.0,0.0,0.0,0,146.319833
PIDY,146359833,0.0,0.0,0.0,0.0,0.31639692187309265,1.3320038318634033,0.0,0.0,0.0,0.0,0,146.359833
PIDY,146399833,0.0,0.0,0.0,0.0,0.3169286251068115,2.386334180831909,0.0,0.0,0.0,0.0,0,146.399833
PIDY,146439833,0.0,0.0,0.0,0.0,0.3197901248931885,3.252838611602783,0.0,0.0,0.0,0.0,0,146.439833
PIDY,146479833,0.0,0.0,0.0,0.0,0.324520468711853,3.917057752609253,0.0,0.0,0.0,0.0,0,146.479833
PIDY,146519833,0.0,0.0,0.0,0.0,0.33056405186653137,4.3730878829956055,0.0,0.0,0.0,0.0,0,146.519833
PIDY,146559833,0.0,0.0,0.0,0.0,0.33778950572013855,4.62301778793335,0.0,0.0,0.0,0.0,0,146.559833
PIDY,146599833,0.0,0.0,0.0,0.0,0.3454554080963135,4.674010753631592,0.0,0.0,0.0,0.0,0,146.599833
PIDY,146639833,0.0,0.0,0.0,0.0,0.35347142815589905,4.540955543518066,0.0,0.0,0.0,0.0,0,146.639833
PIDY,146679833,0.0,0.0,0.0,0.0,0.3612830638885498,4.243503093719482,0.0,0.0,0.0,0.0,0,146.679833
PIDY,146719833,0.0,0.0,0.0,0.0,0.3683514893054962,3.808436870574951,0.0,0.0,0.0,0.0,0,146.719833
PIDY,146759833,0.0,0.0,0.0,0.0,0.37476739287376404,3.2650675773620605,0.0,0.0,0.0,0.0,0,146.759833
PIDY,146799833,0.0,0.0,0.0,0.0,0.3798530101776123,2.6438207626342773,0.0,0.0,0.0,0.0,0,146.799833
PIDY,146839833,0.0,0.0,0.0,0.0,0.3839508295059204,1.9763147830963135,0.0,0.0,0.0,0.0,0,146.839833
PIDY,146879833,0.0,0.0,0.0,0.0,0.3867025673389435,1.2941149473190308,0.0,0.0,0.0,0.0,0,146.879833
PIDY,146919833,0.0,0.0,0.0,0.0,0.38780415058135986,0.632679283618927,0.0,0.0,0.0,0.0,0,146.919833
PIDY,146959833,0.0,0.0,0.0,0.0,0.38784632086753845,0.018085943534970284,0.0,0.0,0.0,0.0,0,146.959833
PIDY,146999833,0.0,0.0,0.0,0.0,0.38634029030799866,-0.5184740424156189,0.0,0.0,0.0,0.0,0,146.999833
PIDY,147039833,0.0,0.0,0.0,0.0,0.3840735852718353,-0.9625790119171143,0.0,0.0,0.0,0.0,0,147.039833
PIDY,147079833,0.0,0.0,0.0,0.0,0.38092541694641113,-1.2961127758026123,0.0,0.0,0.0,0.0,0,147.079833
PIDY,147119833,0.0,0.0,0.0,0.0,0.3767679035663605,-1.5066601037979126,0.0,0.0,0.0,0.0,0,147.119833
PIDY,147159833,0.0,0.0,0.0,0.0,0.3725620210170746,-1.6001782417297363,0.0,0.0,0.0,0.0,0,147.159833
PIDY,147199833,0.0,0.0,0.0,0.0,0.3678191602230072,-1.5729151964187622,0.0,0.0,0.0,0.0,0,147.199833
PIDY,147239833,0.0,0.0,0.0,0.0,0.3635304570198059,-1.4405344724655151,0.0,0.0,0.0,0.0,0,147.239833
PIDY,147279833,0.0,0.0,0.0,0.0,0.35961806774139404,-1.1473380327224731,0.0,0.0,0.0,0.0,0,147.279833
PIDY,147319833,0.0,0.0,0.0,0.0,0.3562430143356323,-0.5888937711715698,0.0,0.0,0.0,0.0,0,147.319833
PIDY,147359833,0.0,0.0,0.0,0.0,0.35476380586624146,0.27675050497055054,0.0,0.0,0.0,0.0,0,147.359833
PIDY,147399833,0.0,0.0,0.0,0.0,0.3552456498146057,1.464158296585083,0.0,0.0,0.0,0.0,0,147.399833
PIDY,147439833,0.0,0.0,0.0,0.0,0.35905900597572327,2.9500958919525146,0.0,0.0,0.0,0.0,0,147.439833
PIDY,147479833,0.0,0.0,0.0,0.0,0.36655107140541077,4.683148384094238,0.0,0.0,0.0,0.0,0,147.479833
PIDY,147519833,0.0,0.0,0.0,0.0,0.3778745234012604,6.563539505004883,0.0,0.0,0.0,0.0,0,147.519833
PIDY,147559833,0.0,0.0,0.0,0.0,0.3939417004585266,8.476489067077637,0.0,0.0,0.0,0.0,0,147.559833
PIDY,147599833,0.0,0.0,0.0,0.0,0.4140140414237976,10.268263816833496,0.0,0.0,0.0,0.0,0,147.599833
PIDY,147639833,0.0,0.0,0.0,0.0,0.43834295868873596,11.807512283325195,0.0,0.0,0.0,0.0,0,147.639833
PIDY,147679833,0.0,0.0,0.0,0.0,0.46590322256088257,12.96841049194336,0.0,0.0,0.0,0.0,0,147.679833
PIDY,147719833,0.0,0.0,0.0,0.0,0.495301753282547,13.64431095123291,0.0,0.0,0.0,0.0,0,147.719833
PIDY,147759833,0.0,0.0,0.0,0.0,0.5262859463691711,13.791738510131836,0.0,0.0,0.0,0.0,0,147.759833
PIDY,147799833,0.0,0.0,0.0,0.0,0.5568103790283203,13.372776985168457,0.0,0.0,0.0,0.0,0,147.799833
PIDY,147839833,0.0,0.0,0.0,0.0,0.5865126252174377,12.445321083068848,0.0,0.0,0.0,0.0,0,147.839833
PIDY,147879833,0.0,0.0,0.0,0.0,0.6139529943466187,11.075618743896484,0.0,0.0,0.0,0.0,0,147.879833
PIDY,147919833,0.0,0.0,0.0,0.0,0.6377948522567749,9.358461380004883,0.0,0.0,0.0,0.0,0,147.919833
PIDY,147959833,0.0,0.0,0.0,0.0,0.6583631634712219,7.427959442138672,0.0,0.0,0.0,0.0,0,147.959833
PIDY,147999833,0.0,0.0,0.0,0.0,0.6743867993354797,5.4011383056640625,0.0,0.0,0.0,0.0,0,147.999833
PIDY,148039833,0.0,0.0,0.0,0.0,0.6866661310195923,3.408229112625122,0.0,0.0,0.0,0.0,0,148.039833
PIDY,148079833,0.0,0.0,0.0,0.0,0.6948890686035156,1.5450081825256348,0.0,0.0,0.0,0.0,0,148.079833
PIDY,148119833,0.0,0.0,0.0,0.0,0.6990032196044922,-0.11504660546779633,0.0,0.0,0.0,0.0,0,148.119833
PIDY,148159833,0.0,0.0,0.0,0.0,0.7001498341560364,-1.523086428642273,0.0,0.0,0.0,0.0,0,148.159833
PIDY,148199833,0.0,0.0,0.0,0.0,0.6981854438781738,-2.648979902267456,0.0,0.0,0.0,0.0,0,148.199833
PIDY,148239833,0.0,0.0,0.0,0.0,0.6942445635795593,-3.4878246784210205,0.0,0.0,0.0,0.0,0,148.239833
PIDY,148279833,0.0,0.0,0.0,0.0,0.6885762810707092,-4.048370838165283,0.0,0.0,0.0,0.0,0,148.279833
PIDY,148319833,0.0,0.0,0.0,0.0,0.6814343333244324,-4.349973678588867,0.0,0.0,0.0,0.0,0,148.319833
PIDY,148359833,0.0,0.0,0.0,0.0,0.6739176511764526,-4.365914344787598,0.0,0.0,0.0,0.0,0,148.359833
PIDY,148399833,0.0,0.0,0.0,0.0,0.6662625074386597,-4.011048793792725,0.0,0.0,0.0,0.0,0,148.399833
PIDY,148439833,0.0,0.0,0.0,0.0,0.6597843766212463,-3.2514936923980713,0.0,0.0,0.0,0.0,0,148.439833
PIDY,148479833,0.0,0.0,0.0,0.0,0.6551881432533264,-2.0832464694976807,0.0,0.0,0.0,0.0,0,148.479833
PIDY,148519833,0.0,0.0,0.0,0.0,0.6533262729644775,-0.5235316753387451,0.0,0.0,0.0,0.0,0,148.519833
PIDY,148559833,0.0,0.0,0.0,0.0,0.6552669405937195,1.370066523551941,0.0,0.0,0.0,0.0,0,148.559833
PIDY,148599833,0.0,0.0,0.0,0.0,0.6615270972251892,3.5022106170654297,0.0,0.0,0.0,0.0,0,148.599833
PIDY,148639833,0.0,0.0,0.0,0.0,0.6727719306945801,5.747318744659424,0.0,0.0,0.0,0.0,0,148.639833
PIDY,148679833,0.0,0.0,0.0,0.0,0.68903648853302,7.953500747680664,0.0,0.0,0.0,0.0,0,148.679833
PIDY,148719833,0.0,0.0,0.0,0.0,0.7099872827529907,9.95678997039795,0.0,0.0,0.0,0.0,0,148.719833
PIDY,148759833,0.0,0.0,0.0,0.0,0.7352530360221863,11.60995864868164,0.0,0.0,0.0,0.0,0,148.759833
PIDY,148799833,0.0,0.0,0.0,0.0,0.7637274861335754,12.782073974609375,0.0,0.0,0.0,0.0,0,148.799833
PIDY,148839833,0.0,0.0,0.0,0.0,0.7944779992103577,13.386236190795898,0.0,0.0,0.0,0.0,0,148.839833
PIDY,148879833,0.0,0.0,0.0,0.0,0.8261269330978394,13.384233474731445,0.0,0.0,0.0,0.0,0,148.879833
PIDY,148919833,0.0,0.0,0.0,0.0,0.857312023639679,12.788826942443848,0.0,0.0,0.0,0.0,0,148.919833
PIDY,148959833,0.0,0.0,0.0,0.0,0.8869356513023376,11.662114143371582,0.0,0.0,0.0,0.0,0,148.959833
PIDY,148999833,0.0,0.0,0.0,0.0,0.9137318134307861,10.092338562011719,0.0,0.0,0.0,0.0,0,148.999833
PIDY,149039833,0.0,0.0,0.0,0.0,0.9371724128723145,8.199259757995605,0.0,0.0,0.0,0.0,0,149.039833
PIDY,149079833,0.0,0.0,0.0,0.0,0.9565296173095703,6.110212326049805,0.0,0.0,0.0,0.0,0,149.079833
PIDY,149119833,0.0,0.0,0.0,0.0,0.9714704155921936,3.958620071411133,0.0,0.0,0.0,0.0,0,149.119833
PIDY,149159833,0.0,0.0,0.0,0.0,0.9820034503936768,1.8637380599975586,0.0,0.0,0.0,0.0,0,149.159833
PIDY,149199833,0.0,0.0,0.0,0.0,0.9880598783493042,-0.08509127795696259,0.0,0.0,0.0,0.0,0,149.199833
PIDY,149239833,0.0,0.0,0.0,0.0,0.9903689026832581,-1.8207758665084839,0.0,0.0,0.0,0.0,0,149.239833
PIDY,149279833,0.0,0.0,0.0,0.0,0.9891560077667236,-3.299468755722046,0.0,0.0,0.0,0.0,0,149.279833
PIDY,149319833,0.0,0.0,0.0,0.0,0.9846862554550171,-4.493602275848389,0.0,0.0,0.0,0.0,0,149.319833
PIDY,149359833,0.0,0.0,0.0,0.0,0.9779862761497498,-5.392646312713623,0.0,0.0,0.0,0.0,0,149.359833
PIDY,149399833,0.0,0.0,0.0,0.0,0.9689450860023499,-6.0061421394348145,0.0,0.0,0.0,0.0,0,149.399833
PIDY,149439833,0.0,0.0,0.0,0.0,0.9589436650276184,-6.355620384216309,0.0,0.0,0.0,0.0,0,149.439833
PIDY,149479833,0.0,0.0,0.0,0.0,0.9480679631233215,-6.464527606964111,0.0,0.0,0.0,0.0,0,149.479833
PIDY,149519833,0.0,0.0,0.0,0.0,0.9364583492279053,-6.355416297912598,0.0,0.0,0.0,0.0,0,149.519833
PIDY,149559833,0.0,0.0,0.0,0.0,0.9252398014068604,-6.054240703582764,0.0,0.0,0.0,0.0,0,149.559833
PIDY,149599833,0.0,0.0,0.0,0.0,0.9140816330909729,-5.577878952026367,0.0,0.0,0.0,0.0,0,149.599833
PIDY,149639833,0.0,0.0,0.0,0.0,0.9041904211044312,-4.9475555419921875,0.0,0.0,0.0,0.0,0,149.639833
PIDY,149679833,0.0,0.0,0.0,0.0,0.895518958568573,-4.185347557067871,0.0,0.0,0.0,0.0,0,149.679833
PIDY,149719833,0.0,0.0,0.0,0.0,0.8878646492958069,-3.3193857669830322,0.0,0.0,0.0,0.0,0,149.719833
PIDY,149759833,0.0,0.0,0.0,0.0,0.882510244846344,-2.3787970542907715,0.0,0.0,0.0,0.0,0,149.759833
PIDY,149799833,0.0,0.0,0.0,0.0,0.8786982893943787,-1.3952901363372803,0.0,0.0,0.0,0.0,0,149.799833
PIDY,149839833,0.0,0.0,0.0,0.0,0.8774175643920898,-0.40759730339050293,0.0,0.0,0.0,0.0,0,149.839833
PIDY,149879833,0.0,0.0,0.0,0.0,0.8782421350479126,0.5379217267036438,0.0,0.0,0.0,0.0,0,149.879833
PIDY,149919833,0.0,0.0,0.0,0.0,0.8806818127632141,1.3960362672805786,0.0,0.0,0.0,0.0,0,149.919833
PIDY,149959833,0.0,0.0,0.0,0.0,0.8853335380554199,2.1286306381225586,0.0,0.0,0.0,0.0,0,149.959833
PIDY,149999833,0.0,0.0,0.0,0.0,0.8910089731216431,2.694807529449463,0.0,0.0,0.0,0.0,0,149.999833
PIDY,150039833,0.0,0.0,0.0,0.0,0.898344099521637,3.0757949352264404,0.0,0.0,0.0,0.0,0,150.039833
PIDY,150079833,0.0,0.0,0.0,0.0,0.9064275622367859,3.2536447048187256,0.0,0.0,0.0,0.0,0,150.079833
PIDY,150119833,0.0,0.0,0.0,0.0,0.9143754243850708,3.219856023788452,0.0,0.0,0.0,0.0,0,150.119833
PIDY,150159833,0.0,0.0,0.0,0.0,0.9225523471832275,2.938361644744873,0.0,0.0,0.0,0.0,0,150.159833
PIDY,150199833,0.0,0.0,0.0,0.0,0.9295380711555481,2.338921070098877,0.0,0.0,0.0,0.0,0,150.199833
PIDY,150239833,0.0,0.0,0.0,0.0,0.9352551102638245,1.408712387084961,0.0,0.0,0.0,0.0,0,150.239833
PIDY,150279833,0.0,0.0,0.0,0.0,0.9386360049247742,0.1653883457183838,0.0,0.0,0.0,0.0,0,150.279833
PIDY,150319833,0.0,0.0,0.0,0.0,0.9386432766914368,-1.357954740524292,0.0,0.0,0.0,0.0,0,150.319833
PIDY,150359833,0.0,0.0,0.0,0.0,0.9353303909301758,-3.112499475479126,0.0,0.0,0.0,0.0,0,150.359833
PIDY,150399833,0.0,0.0,0.0,0.0,0.9275255799293518,-5.0164875984191895,0.0,0.0,0.0,0.0,0,150.399833
PIDY,150439833,0.0,0.0,0.0,0.0,0.9156925082206726,-6.964754581451416,0.0,0.0,0.0,0.0,0,150.439833
PIDY,150479833,0.0,0.0,0.0,0.0,0.899461567401886,-8.840563774108887,0.0,0.0,0.0,0.0,0,150.479833
PIDY,150519833,0.0,0.0,0.0,0.0,0.8787831664085388,-10.52271556854248,0.0,0.0,0.0,0.0,0,150.519833
PIDY,150559833,0.0,0.0,0.0,0.0,0.854787290096283,-11.903240203857422,0.0,0.0,0.0,0.0,0,150.559833
PIDY,150599833,0.0,0.0,0.0,0.0,0.8277298212051392,-12.884775161743164,0.0,0.0,0.0,0.0,0,150.599833
PIDY,150639833,0.0,0.0,0.0,0.0,0.79891037940979,-13.405732154846191,0.0,0.0,0.0,0.0,0,150.639833
PIDY,150679833,0.0,0.0,0.0,0.0,0.7691839933395386,-13.426468849182129,0.0,0.0,0.0,0.0,0,150.679833
PIDY,150719833,0.0,0.0,0.0,0.0,0.7394761443138123,-12.938009262084961,0.0,0.0,0.0,0.0,0,150.719833
PIDY,150759833,0.0,0.0,0.0,0.0,0.7112117409706116,-11.974981307983398,0.0,0.0,0.0,0.0,0,150.759833
PIDY,150799833,0.0,0.0,0.0,0.0,0.6850206851959229,-10.59760856628418,0.0,0.0,0.0,0.0,0,150.799833
PIDY,150839833,0.0,0.0,0.0,0.0,0.6620709300041199,-8.892181396484375,0.0,0.0,0.0,0.0,0,150.839833
PIDY,150879833,0.0,0.0,0.0,0.0,0.6428361535072327,-6.954455375671387,0.0,0.0,0.0,0.0,0,150.879833
PIDY,150919833,0.0,0.0,0.0,0.0,0.6276788115501404,-4.895122051239014,0.0,0.0,0.0,0.0,0,150.919833
PIDY,150959833,0.0,0.0,0.0,0.0,0.6169257760047913,-2.828993082046509,0.0,0.0,0.0,0.0,0,150.959833
PIDY,150999833,0.0,0.0,0.0,0.0,0.6103627681732178,-0.8650560975074768,0.0,0.0,0.0,0.0,0,150.999833
PIDY,151039833,0.0,0.0,0.0,0.0,0.6079424619674683,0.9017724394798279,0.0,0.0,0.0,0.0,0,151.039833
PIDY,151079833,0.0,0.0,0.0,0.0,0.6091269254684448,2.4010331630706787,0.0,0.0,0.0,0.0,0,151.079833
PIDY,151119833,0.0,0.0,0.0,0.0,0.6133357286453247,3.582827568054199,0.0,0.0,0.0,0.0,0,151.119833
PIDY,151159833,0.0,0.0,0.0,0.0,0.6199382543563843,4.420176982879639,0.0,0.0,0.0,0.0,0,151.159833
PIDY,151199833,0.0,0.0,0.0,0.0,0.6282007098197937,4.906755447387695,0.0,0.0,0.0,0.0,0,151.199833
PIDY,151239833,0.0,0.0,0.0,0.0,0.6374035477638245,5.016421318054199,0.0,0.0,0.0,0.0,0,151.239833
PIDY,151279833,0.0,0.0,0.0,0.0,0.6466550230979919,4.701358795166016,0.0,0.0,0.0,0.0,0,151.279833
PIDY,151319833,0.0,0.0,0.0,0.0,0.6549669504165649,3.9601614475250244,0.0,0.0,0.0,0.0,0,151.319833
PIDY,151359833,0.0,0.0,0.0,0.0,0.6615298390388489,2.8218564987182617,0.0,0.0,0.0,0.0,0,151.359833
PIDY,151399833,0.0,0.0,0.0,0.0,0.6653390526771545,1.3238673210144043,0.0,0.0,0.0,0.0,0,151.399833
PIDY,151439833,0.0,0.0,0.0,0.0,0.6657571792602539,-0.47583213448524475,0.0,0.0,0.0,0.0,0,151.439833
PIDY,151479833,0.0,0.0,0.0,0.0,0.6620699167251587,-2.491837978363037,0.0,0.0,0.0,0.0,0,151.479833
PIDY,151519833,0.0,0.0,0.0,0.0,0.6537404656410217,-4.61370325088501,0.0,0.0,0.0,0.0,0,151.519833
PIDY,151559833,0.0,0.0,0.0,0.0,0.6408312916755676,-6.7234883308410645,0.0,0.0,0.0,0.0,0,151.559833
PIDY,151599833,0.0,0.0,0.0,0.0,0.6233165860176086,-8.692955017089844,0.0,0.0,0.0,0.0,0,151.599833
PIDY,151639833,0.0,0.0,0.0,0.0,0.601630687713623,-10.398550987243652,0.0,0.0,0.0,0.0,0,151.639833
PIDY,151679833,0.0,0.0,0.0,0.0,0.5764055848121643,-11.7334566116333,0.0,0.0,0.0,0.0,0,151.679833
PIDY,151719833,0.0,0.0,0.0,0.0,0.5485759973526001,-12.609678268432617,0.0,0.0,0.0,0.0,0,151.719833
PIDY,151759833,0.0,0.0,0.0,0.0,0.5190512537956238,-12.969544410705566,0.0,0.0,0.0,0.0,0,151.759833
PIDY,151799833,0.0,0.0,0.0,0.0,0.489074170589447,-12.792871475219727,0.0,0.0,0.0,0.0,0,151.799833
PIDY,151839833,0.0,0.0,0.0,0.0,0.45968884229660034,-12.090639114379883,0.0,0.0,0.0,0.0,0,151.839833
PIDY,151879833,0.0,0.0,0.0,0.0,0.43202701210975647,-10.918116569519043,0.0,0.0,0.0,0.0,0,151.879833
PIDY,151919833,0.0,0.0,0.0,0.0,0.40705570578575134,-9.349193572998047,0.0,0.0,0.0,0.0,0,151.919833
PIDY,151959833,0.0,0.0,0.0,0.0,0.38553687930107117,-7.476973533630371,0.0,0.0,0.0,0.0,0,151.959833
PIDY,151999833,0.0,0.0,0.0,0.0,0.368072509765625,-5.41193962097168,0.0,0.0,0.0,0.0,0,151.999833
PIDY,152039833,0.0,0.0,0.0,0.0,0.3549764156341553,-3.2727060317993164,0.0,0.0,0.0,0.0,0,152.039833
PIDY,152079833,0.0,0.0,0.0,0.0,0.3463565409183502,-1.1777100563049316,0.0,0.0,0.0,0.0,0,152.079833
PIDY,152119833,0.0,0.0,0.0,0.0,0.3420622646808624,0.7733446359634399,0.0,0.0,0.0,0.0,0,152.119833
PIDY,152159833,0.0,0.0,0.0,0.0,0.34180065989494324,2.5013811588287354,0.0,0.0,0.0,0.0,0,152.159833
PIDY,152199833,0.0,0.0,0.0,0.0,0.3450621962547302,3.9460384845733643,0.0,0.0,0.0,0.0,0,152.199833
PIDY,152239833,0.0,0.0,0.0,0.0,0.35129842162132263,5.064788818359375,0.0,0.0,0.0,0.0,0,152.239833
PIDY,152279833,0.0,0.0,0.0,0.0,0.3598282039165497,5.841658115386963,0.0,0.0,0.0,0.0,0,152.279833
PIDY,152319833,0.0,0.0,0.0,0.0,0.36991581320762634,6.2792205810546875,0.0,0.0,0.0,0.0,0,152.319833
PIDY,152359833,0.0,0.0,0.0,0.0,0.3809925615787506,6.40061616897583,0.0,0.0,0.0,0.0,0,152.359833
PIDY,152399833,0.0,0.0,0.0,0.0,0.3922596871852875,6.2393693923950195,0.0,0.0,0.0,0.0,0,152.399833
PIDY,152439833,0.0,0.0,0.0,0.0,0.4034087359905243,5.839426040649414,0.0,0.0,0.0,0.0,0,152.439833
PIDY,152479833,0.0,0.0,0.0,0.0,0.41384220123291016,5.24979305267334,0.0,0.0,0.0,0.0,0,152.479833
PIDY,152519833,0.0,0.0,0.0,0.0,0.42297598719596863,4.515023231506348,0.0,0.0,0.0,0.0,0,152.519833
PIDY,152559833,0.0,0.0,0.0,0.0,0.4309081733226776,3.679011583328247,0.0,0.0,0.0,0.0,0,152.559833
PIDY,152599833,0.0,0.0,0.0,0.0,0.43696707487106323,2.7831058502197266,0.0,0.0,0.0,0.0,0,152.599833
PIDY,152639833,0.0,0.0,0.0,0.0,0.44152188301086426,1.86683189868927,0.0,0.0,0.0,0.0,0,152.639833
PIDY,152679833,0.0,0.0,0.0,0.0,0.44425567984580994,0.9663126468658447,0.0,0.0,0.0,0.0,0,152.679833
PIDY,152719833,0.0,0.0,0.0,0.0,0.44489458203315735,0.10871949046850204,0.0,0.0,0.0,0.0,0,152.719833
PIDY,152759833,0.0,0.0,0.0,0.0,0.44405597448349,-0.6793281435966492,0.0,0.0,0.0,0.0,0,152.759833
PIDY,152799833,0.0,0.0,0.0,0.0,0.44129136204719543,-1.3696578741073608,0.0,0.0,0.0,0.0,0,152.799833
PIDY,152839833,0.0,0.0,0.0,0.0,0.437389075756073,-1.94906747341156,0.0,0.0,0.0,0.0,0,152.839833
PIDY,152879833,0.0,0.0,0.0,0.0,0.43226221203804016,-2.403588056564331,0.0,0.0,0.0,0.0,0,152.879833
PIDY,152919833,0.0,0.0,0.0,0.0,0.425915002822876,-2.7182977199554443,0.0,0.0,0.0,0.0,0,152.919833
PIDY,152959833,0.0,0.0,0.0,0.0,0.4191429615020752,-2.887481689453125,0.0,0.0,0.0,0.0,0,152.959833
PIDY,152999833,0.0,0.0,0.0,0.0,0.4117582440376282,-2.9017186164855957,0.0,0.0,0.0,0.0,0,152.999833
PIDY,153039833,0.0,0.0,0.0,0.0,0.40466341376304626,-2.7097954750061035,0.0,0.0,0.0,0.0,0,153.039833
PIDY,153079833,0.0,0.0,0.0,0.0,0.3982277512550354,-2.1992204189300537,0.0,0.0,0.0,0.0,0,153.079833
PIDY,153119833,0.0,0.0,0.0,0.0,0.3929898142814636,-1.3179296255111694,0.0,0.0,0.0,0.0,0,153.119833
PIDY,153159833,0.0,0.0,0.0,0.0,0.3903214633464813,-0.060570575296878815,0.0,0.0,0.0,0.0,0,153.159833
PIDY,153199833,0.0,0.0,0.0,0.0,0.39060941338539124,1.5512126684188843,0.0,0.0,0.0,0.0,0,153.199833
PIDY,153239833,0.0,0.0,0.0,0.0,0.39508315920829773,3.4531619548797607,0.0,0.0,0.0,0.0,0,153.239833
PIDY,153279833,0.0,0.0,0.0,0.0,0.40410760045051575,5.544313430786133,0.0,0.0,0.0,0.0,0,153.279833
PIDY,153319833,0.0,0.0,0.0,0.0,0.41786202788352966,7.686795711517334,0.0,0.0,0.0,0.0,0,153.319833
PIDY,153359833,0.0,0.0,0.0,0.0,0.4365793466567993,9.727436065673828,0.0,0.0,0.0,0.0,0,153.359833
PIDY,153399833,0.0,0.0,0.0,0.0,0.4596174955368042,11.507718086242676,0.0,0.0,0.0,0.0,0,153.399833
PIDY,153439833,0.0,0.0,0.0,0.0,0.48652008175849915,12.898689270019531,0.0,0.0,0.0,0.0,0,153.439833
PIDY,153479833,0.0,0.0,0.0,0.0,0.5161717534065247,13.781452178955078,0.0,0.0,0.0,0.0,0,153.479833
PIDY,153519833,0.0,0.0,0.0,0.0,0.5471670627593994,14.079168319702148,0.0,0.0,0.0,0.0,0,153.519833
PIDY,153559833,0.0,0.0,0.0,0.0,0.578628420829773,13.787415504455566,0.0,0.0,0.0,0.0,0,153.559833
PIDY,153599833,0.0,0.0,0.0,0.0,0.6089680194854736,12.93819808959961,0.0,0.0,0.0,0.0,0,153.599833
PIDY,153639833,0.0,0.0,0.0,0.0,0.6373465061187744,11.61367130279541,0.0,0.0,0.0,0.0,0,153.639833
PIDY,153679833,0.0,0.0,0.0,0.0,0.6627033352851868,9.915741920471191,0.0,0.0,0.0,0.0,0,153.679833
PIDY,153719833,0.0,0.0,0.0,0.0,0.6841893792152405,7.96864652633667,0.0,0.0,0.0,0.0,0,153.719833
PIDY,153759833,0.0,0.0,0.0,0.0,0.7017323970794678,5.908759593963623,0.0,0.0,0.0,0.0,0,153.759833
PIDY,153799833,0.0,0.0,0.0,0.0,0.71486896276474,3.859250783920288,0.0,0.0,0.0,0.0,0,153.799833
PIDY,153839833,0.0,0.0,0.0,0.0,0.7239975929260254,1.9216837882995605,0.0,0.0,0.0,0.0,0,153.839833
PIDY,153879833,0.0,0.0,0.0,0.0,0.7292308807373047,0.1749192178249359,0.0,0.0,0.0,0.0,0,153.879833
PIDY,153919833,0.0,0.0,0.0,0.0,0.7307183742523193,-1.32743501663208,0.0,0.0,0.0,0.0,0,153.919833
PIDY,153959833,0.0,0.0,0.0,0.0,0.7294467091560364,-2.5544145107269287,0.0,0.0,0.0,0.0,0,153.959833
PIDY,153999833,0.0,0.0,0.0,0.0,0.7254384756088257,-3.4912378787994385,0.0,0.0,0.0,0.0,0,153.999833
PIDY,154039833,0.0,0.0,0.0,0.0,0.7197580337524414,-4.147839069366455,0.0,0.0,0.0,0.0,0,154.039833
PIDY,154079833,0.0,0.0,0.0,0.0,0.7126690149307251,-4.540775775909424,0.0,0.0,0.0,0.0,0,154.079833
PIDY,154119833,0.0,0.0,0.0,0.0,0.7045236825942993,-4.6368513107299805,0.0,0.0,0.0,0.0,0,154.119833
PIDY,154159833,0.0,0.0,0.0,0.0,0.6965035200119019,-4.355461120605469,0.0,0.0,0.0,0.0,0,154.159833
PIDY,154199833,0.0,0.0,0.0,0.0,0.6891592741012573,-3.655165433883667,0.0,0.0,0.0,0.0,0,154.199833
PIDY,154239833,0.0,0.0,0.0,0.0,0.6836723685264587,-2.533503293991089,0.0,0.0,0.0,0.0,0,154.239833
PIDY,154279833,0.0,0.0,0.0,0.0,0.6809036731719971,-1.0061181783676147,0.0,0.0,0.0,0.0,0,154.279833
PIDY,154319833,0.0,0.0,0.0,0.0,0.681611180305481,0.8710007071495056,0.0,0.0,0.0,0.0,0,154.319833
PIDY,154359833,0.0,0.0,0.0,0.0,0.686856210231781,3.002258062362671,0.0,0.0,0.0,0.0,0,154.359833
PIDY,154399833,0.0,0.0,0.0,0.0,0.6969090104103088,5.259220600128174,0.0,0.0,0.0,0.0,0,154.399833
PIDY,154439833,0.0,0.0,0.0,0.0,0.7120707035064697,7.490365505218506,0.0,0.0,0.0,0.0,0,154.439833
PIDY,154479833,0.0,0.0,0.0,0.0,0.7320817708969116,9.533955574035645,0.0,0.0,0.0,0.0,0,154.479833
PIDY,154519833,0.0,0.0,0.0,0.0,0.7562538981437683,11.236357688903809,0.0,0.0,0.0,0.0,0,154.519833
PIDY,154559833,0.0,0.0,0.0,0.0,0.7839875221252441,12.471517562866211,0.0,0.0,0.0,0.0,0,154.559833
PIDY,154599833,0.0,0.0,0.0,0.0,0.8138794898986816,13.143013954162598,0.0,0.0,0.0,0.0,0,154.599833
PIDY,154639833,0.0,0.0,0.0,0.0,0.8449733853340149,13.21639633178711,0.0,0.0,0.0,0.0,0,154.639833
PIDY,154679833,0.0,0.0,0.0,0.0,0.875835120677948,12.699572563171387,0.0,0.0,0.0,0.0,0,154.679833
PIDY,154719833,0.0,0.0,0.0,0.0,0.9053223133087158,11.644646644592285,0.0,0.0,0.0,0.0,0,154.719833
PIDY,154759833,0.0,0.0,0.0,0.0,0.9322130084037781,10.136358261108398,0.0,0.0,0.0,0.0,0,154.759833
PIDY,154799833,0.0,0.0,0.0,0.0,0.955854594707489,8.291616439819336,0.0,0.0,0.0,0.0,0,154.799833
PIDY,154839833,0.0,0.0,0.0,0.0,0.9753870368003845,6.241113662719727,0.0,0.0,0.0,0.0,0,154.839833
PIDY,154879833,0.0,0.0,0.0,0.0,0.9906182885169983,4.120294570922852,0.0,0.0,0.0,0.0,0,154.879833
PIDY,154919833,0.0,0.0,0.0,0.0,1.0016452074050903,2.043353796005249,0.0,0.0,0.0,0.0,0,154.919833
PIDY,154959833,0.0,0.0,0.0,0.0,1.0082714557647705,0.10038682818412781,0.0,0.0,0.0,0.0,0,154.959833
PIDY,154999833,0.0,0.0,0.0,0.0,1.010925531387329,-1.6400121450424194,0.0,0.0,0.0,0.0,0,154.999833
PIDY,155039833,0.0,0.0,0.0,0.0,1.010080099105835,-3.1291191577911377,0.0,0.0,0.0,0.0,0,155.039833
PIDY,155079833,0.0,0.0,0.0,0.0,1.0061981678009033,-4.338362216949463,0.0,0.0,0.0,0.0,0,155.079833
PIDY,155119833,0.0,0.0,0.0,0.0,0.9996871948242188,-5.257626056671143,0.0,0.0,0.0,0.0,0,155.119833
PIDY,155159833,0.0,0.0,0.0,0.0,0.9913459420204163,-5.895877361297607,0.0,0.0,0.0,0.0,0,155.159833
PIDY,155199833,0.0,0.0,0.0,0.0,0.9813855290412903,-6.269563674926758,0.0,0.0,0.0,0.0,0,155.199833
PIDY,155239833,0.0,0.0,0.0,0.0,0.970690131187439,-6.402860164642334,0.0,0.0,0.0,0.0,0,155.239833
PIDY,155279833,0.0,0.0,0.0,0.0,0.9595467448234558,-6.318480968475342,0.0,0.0,0.0,0.0,0,155.279833
PIDY,155319833,0.0,0.0,0.0,0.0,0.9480703473091125,-6.038783073425293,0.0,0.0,0.0,0.0,0,155.319833
PIDY,155359833,0.0,0.0,0.0,0.0,0.9373469352722168,-5.586490631103516,0.0,0.0,0.0,0.0,0,155.359833
PIDY,155399833,0.0,0.0,0.0,0.0,0.9271515011787415,-4.978514194488525,0.0,0.0,0.0,0.0,0,155.399833
PIDY,155439833,0.0,0.0,0.0,0.0,0.9184095859527588,-4.237262725830078,0.0,0.0,0.0,0.0,0,155.439833
PIDY,155479833,0.0,0.0,0.0,0.0,0.911152184009552,-3.390717029571533,0.0,0.0,0.0,0.0,0,155.479833
PIDY,155519833,0.0,0.0,0.0,0.0,0.9051913022994995,-2.463362455368042,0.0,0.0,0.0,0.0,0,155.519833
PIDY,155559833,0.0,0.0,0.0,0.0,0.9016332030296326,-1.4895089864730835,0.0,0.0,0.0,0.0,0,155.559833
PIDY,155599833,0.0,0.0,0.0,0.0,0.8997445702552795,-0.5098794102668762,0.0,0.0,0.0,0.0,0,155.599833
PIDY,155639833,0.0,0.0,0.0,0.0,0.9003380537033081,0.4329575002193451,0.0,0.0,0.0,0.0,0,155.639833
PIDY,155679833,0.0,0.0,0.0,0.0,0.9029195308685303,1.2781848907470703,0.0,0.0,0.0,0.0,0,155.679833
PIDY,155719833,0.0,0.0,0.0,0.0,0.9065978527069092,1.9045262336730957,0.0,0.0,0.0,0.0,0,155.719833
PIDY,155759833,0.0,0.0,0.0,0.0,0.9119163751602173,2.219451665878296,0.0,0.0,0.0,0.0,0,155.759833
PIDY,155799833,0.0,0.0,0.0,0.0,0.9170136451721191,2.1657378673553467,0.0,0.0,0.0,0.0,0,155.799833
PIDY,155839833,0.0,0.0,0.0,0.0,0.9221619367599487,1.7133593559265137,0.0,0.0,0.0,0.0,0,155.839833
PIDY,155879833,0.0,0.0,0.0,0.0,0.9258830547332764,0.8522586822509766,0.0,0.0,0.0,0.0,0,155.879833
PIDY,155919833,0.0,0.0,0.0,0.0,0.9267655611038208,-0.38574784994125366,0.0,0.0,0.0,0.0,0,155.919833
PIDY,155959833,0.0,0.0,0.0,0.0,0.9250713586807251,-1.9263930320739746,0.0,0.0,0.0,0.0,0,155.959833
PIDY,155999833,0.0,0.0,0.0,0.0,0.9193006157875061,-3.6691274642944336,0.0,0.0,0.0,0.0,0,155.999833
PIDY,156039833,0.0,0.0,0.0,0.0,0.9099445343017578,-5.495645999908447,0.0,0.0,0.0,0.0,0,156.039833
PIDY,156079833,0.0,0.0,0.0,0.0,0.8965445160865784,-7.272972583770752,0.0,0.0,0.0,0.0,0,156.079833
PIDY,156119833,0.0,0.0,0.0,0.0,0.8791493773460388,-8.868877410888672,0.0,0.0,0.0,0.0,0,156.119833
PIDY,156159833,0.0,0.0,0.0,0.0,0.8586595058441162,-10.167341232299805,0.0,0.0,0.0,0.0,0,156.159833
PIDY,156199833,0.0,0.0,0.0,0.0,0.8354195952415466,-11.071043968200684,0.0,0.0,0.0,0.0,0,156.199833
PIDY,156239833,0.0,0.0,0.0,0.0,0.810724139213562,-11.52457046508789,0.0,0.0,0.0,0.0,0,156.239833
PIDY,156279833,0.0,0.0,0.0,0.0,0.7853529453277588,-11.50818920135498,0.0,0.0,0.0,0.0,0,156.279833
PIDY,156319833,0.0,0.0,0.0,0.0,0.7602170705795288,-11.037336349487305,0.0,0.0,0.0,0.0,0,156.319833
PIDY,156359833,0.0,0.0,0.0,0.0,0.7363798022270203,-10.158618927001953,0.0,0.0,0.0,0.0,0,156.359833
PIDY,156399833,0.0,0.0,0.0,0.0,0.7145547270774841,-8.937527656555176,0.0,0.0,0.0,0.0,0,156.399833
PIDY,156439833,0.0,0.0,0.0,0.0,0.6954266428947449,-7.465865612030029,0.0,0.0,0.0,0.0,0,156.439833
PIDY,156479833,0.0,0.0,0.0,0.0,0.6794238686561584,-5.843325614929199,0.0,0.0,0.0,0.0,0,156.479833
PIDY,156519833,0.0,0.0,0.0,0.0,0.6666650772094727,-4.169536113739014,0.0,0.0,0.0,0.0,0,156.519833
PIDY,156559833,0.0,0.0,0.0,0.0,0.6574606895446777,-2.5372488498687744,0.0,0.0,0.0,0.0,0,156.559833
PIDY,156599833,0.0,0.0,0.0,0.0,0.6514362692832947,-1.0233650207519531,0.0,0.0,0.0,0.0,0,156.599833
PIDY,156639833,0.0,0.0,0.0,0.0,0.6485774517059326,0.31243598461151123,0.0,0.0,0.0,0.0,0,156.639833
PIDY,156679833,0.0,0.0,0.0,0.0,0.6483960151672363,1.4291739463806152,0.0,0.0,0.0,0.0,0,156.679833
PIDY,156719833,0.0,0.0,0.0,0.0,0.6503337025642395,2.300781488418579,0.0,0.0,0.0,0.0,0,156.719833
PIDY,156759833,0.0,0.0,0.0,0.0,0.654154896736145,2.9244353771209717,0.0,0.0,0.0,0.0,0,156.759833
PIDY,156799833,0.0,0.0,0.0,0.0,0.6592105031013489,3.3073410987854004,0.0,0.0,0.0,0.0,0,156.799833
PIDY,156839833,0.0,0.0,0.0,0.0,0.6651535630226135,3.474062919616699,0.0,0.0,0.0,0.0,0,156.839833
PIDY,156879833,0.0,0.0,0.0,0.0,0.6715219020843506,3.4523890018463135,0.0,0.0,0.0,0.0,0,156.879833
PIDY,156919833,0.0,0.0,0.0,0.0,0.6779377460479736,3.2720818519592285,0.0,0.0,0.0,0.0,0,156.919833
PIDY,156959833,0.0,0.0,0.0,0.0,0.6841073036193848,2.9595377445220947,0.0,0.0,0.0,0.0,0,156.959833
PIDY,156999833,0.0,0.0,0.0,0.0,0.6897995471954346,2.5460288524627686,0.0,0.0,0.0,0.0,0,156.999833
PIDY,157039833,0.0,0.0,0.0,0.0,0.6946933269500732,2.052757978439331,0.0,0.0,0.0,0.0,0,157.039833
PIDY,157079833,0.0,0.0,0.0,0.0,0.698656439781189,1.5019572973251343,0.0,0.0,0.0,0.0,0,157.079833
PIDY,157119833,0.0,0.0,0.0,0.0,0.7016291618347168,0.9094763994216919,0.0,0.0,0.0,0.0,0,157.119833
PIDY,157159833,0.0,0.0,0.0,0.0,0.7033208012580872,0.29576441645622253,0.0,0.0,0.0,0.0,0,157.159833
PIDY,157199833,0.0,0.0,0.0,0.0,0.703728199005127,-0.3169023394584656,0.0,0.0,0.0,0.0,0,157.199833
PIDY,157239833,0.0,0.0,0.0,0.0,0.7028850317001343,-0.9076665639877319,0.0,0.0,0.0,0.0,0,157.239833
PIDY,157279833,0.0,0.0,0.0,0.0,0.700791597366333,-1.4579458236694336,0.0,0.0,0.0,0.0,0,157.279833
PIDY,157319833,0.0,0.0,0.0,0.0,0.6974551677703857,-1.9504907131195068,0.0,0.0,0.0,0.0,0,157.319833
PIDY,157359833,0.0,0.0,0.0,0.0,0.6931189298629761,-2.3701648712158203,0.0,0.0,0.0,0.0,0,157.359833
PIDY,157399833,0.0,0.0,0.0,0.0,0.6878833174705505,-2.703815221786499,0.0,0.0,0.0,0.0,0,157.399833
PIDY,157439833,0.0,0.0,0.0,0.0,0.681903064250946,-2.9377682209014893,0.0,0.0,0.0,0.0,0,157.439833
PIDY,157479833,0.0,0.0,0.0,0.0,0.6754182577133179,-3.0575127601623535,0.0,0.0,0.0,0.0,0,157.479833
PIDY,157519833,0.0,0.0,0.0,0.0,0.6687687635421753,-3.060330629348755,0.0,0.0,0.0,0.0,0,157.519833
PIDY,157559833,0.0,0.0,0.0,0.0,0.662014901638031,-2.950253963470459,0.0,0.0,0.0,0.0,0,157.559833
PIDY,157599833,0.0,0.0,0.0,0.0,0.6555315852165222,-2.734239101409912,0.0,0.0,0.0,0.0,0,157.599833
PIDY,157639833,0.0,0.0,0.0,0.0,0.6494856476783752,-2.4175920486450195,0.0,0.0,0.0,0.0,0,157.639833
PIDY,157679833,0.0,0.0,0.0,0.0,0.6441375613212585,-2.0094780921936035,0.0,0.0,0.0,0.0,0,157.679833
PIDY,157719833,0.0,0.0,0.0,0.0,0.6396952867507935,-1.529242992401123,0.0,0.0,0.0,0.0,0,157.719833
PIDY,157759833,0.0,0.0,0.0,0.0,0.636283814907074,-0.9985218048095703,0.0,0.0,0.0,0.0,0,157.759833
PIDY,157799833,0.0,0.0,0.0,0.0,0.6340557336807251,-0.4406452178955078,0.0,0.0,0.0,0.0,0,157.799833
PIDY,157839833,0.0,0.0,0.0,0.0,0.6330009698867798,0.11962950974702835,0.0,0.0,0.0,0.0,0,157.839833
PIDY,157879833,0.0,0.0,0.0,0.0,0.6331515908241272,0.6587725877761841,0.0,0.0,0.0,0.0,0,157.879833
PIDY,157919833,0.0,0.0,0.0,0.0,0.6343799233436584,1.1543664932250977,0.0,0.0,0.0,0.0,0,157.919833
PIDY,157959833,0.0,0.0,0.0,0.0,0.6367369294166565,1.5861870050430298,0.0,0.0,0.0,0.0,0,157.959833
PIDY,157999833,0.0,0.0,0.0,0.0,0.6400111317634583,1.937393307685852,0.0,0.0,0.0,0.0,0,157.999833
PIDY,158039833,0.0,0.0,0.0,0.0,0.644015371799469,2.1968181133270264,0.0,0.0,0.0,0.0,0,158.039833
PIDY,158079833,0.0,0.0,0.0,0.0,0.6485616564750671,2.356846809387207,0.0,0.0,0.0,0.0,0,158.079833
PIDY,158119833,0.0,0.0,0.0,0.0,0.653457760810852,2.4144740104675293,0.0,0.0,0.0,0.0,0,158.119833
PIDY,158159833,0.0,0.0,0.0,0.0,0.6584481596946716,2.3726966381073,0.0,0.0,0.0,0.0,0,158.159833
PIDY,158199833,0.0,0.0,0.0,0.0,0.6632037162780762,2.2389867305755615,0.0,0.0,0.0,0.0,0,158.199833
PIDY,158239833,0.0,0.0,0.0,0.0,0.6678225994110107,2.0232620239257812,0.0,0.0,0.0,0.0,0,158.239833
PIDY,158279833,0.0,0.0,0.0,0.0,0.6719900369644165,1.7383381128311157,0.0,0.0,0.0,0.0,0,158.279833
PIDY,158319833,0.0,0.0,0.0,0.0,0.6754568815231323,1.398366093635559,0.0,0.0,0.0,0.0,0,158.319833
PIDY,158359833,0.0,0.0,0.0,0.0,0.6783217191696167,1.020571231842041,0.0,0.0,0.0,0.0,0,158.359833
PIDY,158399833,0.0,0.0,0.0,0.0,0.6803359389305115,0.6252464652061462,0.0,0.0,0.0,0.0,0,158.399833
PIDY,158439833,0.0,0.0,0.0,0.0,0.6816099286079407,0.23155571520328522,0.0,0.0,0.0,0.0,0,158.439833
PIDY,158479833,0.0,0.0,0.0,0.0,0.6820812821388245,-0.1406259536743164,0.0,0.0,0.0,0.0,0,158.479833
PIDY,158519833,0.0,0.0,0.0,0.0,0.6816936135292053,-0.474344938993454,0.0,0.0,0.0,0.0,0,158.519833
PIDY,158559833,0.0,0.0,0.0,0.0,0.6807391047477722,-0.756322979927063,0.0,0.0,0.0,0.0,0,158.559833
PIDY,158599833,0.0,0.0,0.0,0.0,0.6790227293968201,-0.9752647876739502,0.0,0.0,0.0,0.0,0,158.599833
PIDY,158639833,0.0,0.0,0.0,0.0,0.6770748496055603,-1.1255831718444824,0.0,0.0,0.0,0.0,0,158.639833
PIDY,158679833,0.0,0.0,0.0,0.0,0.6748373508453369,-1.20460844039917,0.0,0.0,0.0,0.0,0,158.679833
PIDY,158719833,0.0,0.0,0.0,0.0,0.672235369682312,-1.2115015983581543,0.0,0.0,0.0,0.0,0,158.719833
PIDY,158759833,0.0,0.0,0.0,0.0,0.6698596477508545,-1.1505069732666016,0.0,0.0,0.0,0.0,0,158.759833
PIDY,158799833,0.0,0.0,0.0,0.0,0.6675017476081848,-1.0280234813690186,0.0,0.0,0.0,0.0,0,158.799833
PIDY,158839833,0.0,0.0,0.0,0.0,0.6655363440513611,-0.855164647102356,0.0,0.0,0.0,0.0,0,158.839833
PIDY,158879833,0.0,0.0,0.0,0.0,0.6639367341995239,-0.6430827975273132,0.0,0.0,0.0,0.0,0,158.879833
PIDY,158919833,0.0,0.0,0.0,0.0,0.662571132183075,-0.4042927622795105,0.0,0.0,0.0,0.0,0,158.919833
PIDY,158959833,0.0,0.0,0.0,0.0,0.6619054675102234,-0.1496962308883667,0.0,0.0,0.0,0.0,0,158.959833
PIDY,158999833,0.0,0.0,0.0,0.0,0.6616194248199463,0.10954107344150543,0.0,0.0,0.0,0.0,0,158.999833
PIDY,159039833,0.0,0.0,0.0,0.0,0.6620123982429504,0.3619137108325958,0.0,0.0,0.0,0.0,0,159.039833
PIDY,159079833,0.0,0.0,0.0,0.0,0.6629227995872498,0.596595287322998,0.0,0.0,0.0,0.0,0,159.079833
PIDY,159119833,0.0,0.0,0.0,0.0,0.6641360521316528,0.803881049156189,0.0,0.0,0.0,0.0,0,159.119833
PIDY,159159833,0.0,0.0,0.0,0.0,0.6659364104270935,0.9735007882118225,0.0,0.0,0.0,0.0,0,159.159833
PIDY,159199833,0.0,0.0,0.0,0.0,0.6677998900413513,1.0981030464172363,0.0,0.0,0.0,0.0,0,159.199833
PIDY,159239833,0.0,0.0,0.0,0.0,0.6701803803443909,1.1760181188583374,0.0,0.0,0.0,0.0,0,159.239833
PIDY,159279833,0.0,0.0,0.0,0.0,0.6727081537246704,1.2056777477264404,0.0,0.0,0.0,0.0,0,159.279833
PIDY,159319833,0.0,0.0,0.0,0.0,0.6751257181167603,1.1870489120483398,0.0,0.0,0.0,0.0,0,159.319833
PIDY,159359833,0.0,0.0,0.0,0.0,0.6776540279388428,1.1220253705978394,0.0,0.0,0.0,0.0,0,159.359833
PIDY,159399833,0.0,0.0,0.0,0.0,0.6798416972160339,1.0148108005523682,0.0,0.0,0.0,0.0,0,159.399833
PIDY,159439833,0.0,0.0,0.0,0.0,0.6819953918457031,0.87212735414505,0.0,0.0,0.0,0.0,0,159.439833
PIDY,159479833,0.0,0.0,0.0,0.0,0.6838468909263611,0.7004819512367249,0.0,0.0,0.0,0.0,0,159.479833
PIDY,159519833,0.0,0.0,0.0,0.0,0.6851417422294617,0.5083343386650085,0.0,0.0,0.0,0.0,0,159.519833
PIDY,159559833,0.0,0.0,0.0,0.0,0.6862318515777588,0.3044908940792084,0.0,0.0,0.0,0.0,0,159.559833
PIDY,159599833,0.0,0.0,0.0,0.0,0.686737060546875,0.09853734821081161,0.0,0.0,0.0,0.0,0,159.599833
PIDY,159639833,0.0,0.0,0.0,0.0,0.686984658241272,-0.09980790317058563,0.0,0.0,0.0,0.0,0,159.639833
PIDY,159679833,0.0,0.0,0.0,0.0,0.6868250966072083,-0.28240737318992615,0.0,0.0,0.0,0.0,0,159.679833
PIDY,159719833,0.0,0.0,0.0,0.0,0.6860852241516113,-0.4413134455680847,0.0,0.0,0.0,0.0,0,159.719833
PIDY,159759833,0.0,0.0,0.0,0.0,0.685238778591156,-0.5692469477653503,0.0,0.0,0.0,0.0,0,159.759833
PIDY,159799833,0.0,0.0,0.0,0.0,0.6838732361793518,-0.6610292196273804,0.0,0.0,0.0,0.0,0,159.799833
PIDY,159839833,0.0,0.0,0.0,0.0,0.6825913190841675,-0.7147970795631409,0.0,0.0,0.0,0.0,0,159.839833
PIDY,159879833,0.0,0.0,0.0,0.0,0.6812077760696411,-0.7304028272628784,0.0,0.0,0.0,0.0,0,159.879833
PIDY,159919833,0.0,0.0,0.0,0.0,0.6795440912246704,-0.7111647129058838,0.0,0.0,0.0,0.0,0,159.919833
PIDY,159959833,0.0,0.0,0.0,0.0,0.6781803369522095,-0.6607832312583923,0.0,0.0,0.0,0.0,0,159.959833
PIDY,159999833,0.0,0.0,0.0,0.0,0.6766560077667236,-0.584924578666687,0.0,0.0,0.0,0.0,0,159.999833
PIDY,160039833,0.0,0.0,0.0,0.0,0.6755577325820923,-0.4890703856945038,0.0,0.0,0.0,0.0,0,160.039833
PIDY,160079833,0.0,0.0,0.0,0.0,0.6746580004692078,-0.37826216220855713,0.0,0.0,0.0,0.0,0,160.079833
PIDY,160119833,0.0,0.0,0.0,0.0,0.6737026572227478,-0.2582882046699524,0.0,0.0,0.0,0.0,0,160.119833
PIDY,160159833,0.0,0.0,0.0,0.0,0.6732795238494873,-0.1344793438911438,0.0,0.0,0.0,0.0,0,160.159833
PIDY,160199833,0.0,0.0,0.0,0.0,0.6728479862213135,-0.010745925828814507,0.0,0.0,0.0,0.0,0,160.199833
PIDY,160239833,0.0,0.0,0.0,0.0,0.6729321479797363,0.10883738845586777,0.0,0.0,0.0,0.0,0,160.239833
PIDY,160279833,0.0,0.0,0.0,0.0,0.6732617616653442,0.22179767489433289,0.0,0.0,0.0,0.0,0,160.279833
PIDY,160319833,0.0,0.0,0.0,0.0,0.6736128330230713,0.32506614923477173,0.0,0.0,0.0,0.0,0,160.319833
PIDY,160359833,0.0,0.0,0.0,0.0,0.6743828058242798,0.41643664240837097,0.0,0.0,0.0,0.0,0,160.359833
PIDY,160399833,0.0,0.0,0.0,0.0,0.6751329302787781,0.4972414970397949,0.0,0.0,0.0,0.0,0,160.399833
PIDY,160439833,0.0,0.0,0.0,0.0,0.6762732863426208,0.5735775828361511,0.0,0.0,0.0,0.0,0,160.439833
PIDY,160479833,0.0,0.0,0.0,0.0,0.6775882244110107,0.6444556713104248,0.0,0.0,0.0,0.0,0,160.479833
PIDY,160519833,0.0,0.0,0.0,0.0,0.6789640188217163,0.707207441329956,0.0,0.0,0.0,0.0,0,160.519833
PIDY,160559833,0.0,0.0,0.0,0.0,0.680591881275177,0.7623177766799927,0.0,0.0,0.0,0.0,0,160.559833
PIDY,160599833,0.0,0.0,0.0,0.0,0.6823482513427734,0.8109774589538574,0.0,0.0,0.0,0.0,0,160.599833
PIDY,160639833,0.0,0.0,0.0,0.0,0.684247612953186,0.85479736328125,0.0,0.0,0.0,0.0,0,160.639833
PIDY,160679833,0.0,0.0,0.0,0.0,0.6862714290618896,0.8949769735336304,0.0,0.0,0.0,0.0,0,160.679833
PIDY,160719833,0.0,0.0,0.0,0.0,0.688368558883667,0.9312129616737366,0.0,0.0,0.0,0.0,0,160.719833
PIDY,160759833,0.0,0.0,0.0,0.0,0.6906061172485352,0.9565719962120056,0.0,0.0,0.0,0.0,0,160.759833
PIDY,160799833,0.0,0.0,0.0,0.0,0.6929416060447693,0.9652134776115417,0.0,0.0,0.0,0.0,0,160.799833
PIDY,160839833,0.0,0.0,0.0,0.0,0.6952709555625916,0.9565372467041016,0.0,0.0,0.0,0.0,0,160.839833
PIDY,160879833,0.0,0.0,0.0,0.0,0.6975837349891663,0.9286149144172668,0.0,0.0,0.0,0.0,0,160.879833
PIDY,160919833,0.0,0.0,0.0,0.0,0.6999874114990234,0.8794561624526978,0.0,0.0,0.0,0.0,0,160.919833
PIDY,160959833,0.0,0.0,0.0,0.0,0.7021167278289795,0.807894229888916,0.0,0.0,0.0,0.0,0,160.959833
PIDY,160999833,0.0,0.0,0.0,0.0,0.7041515111923218,0.7149454355239868,0.0,0.0,0.0,0.0,0,160.999833
PIDY,161039833,0.0,0.0,0.0,0.0,0.7058916091918945,0.6027841567993164,0.0,0.0,0.0,0.0,0,161.039833
PIDY,161079833,0.0,0.0,0.0,0.0,0.7073754668235779,0.475675493478775,0.0,0.0,0.0,0.0,0,161.079833
PIDY,161119833,0.0,0.0,0.0,0.0,0.708660900592804,0.3378133475780487,0.0,0.0,0.0,0.0,0,161.119833
PIDY,161159833,0.0,0.0,0.0,0.0,0.7095522284507751,0.19271673262119293,0.0,0.0,0.0,0.0,0,161.159833
PIDY,161199833,0.0,0.0,0.0,0.0,0.71019047498703,0.04533444717526436,0.0,0.0,0.0,0.0,0,161.199833
PIDY,161239833,0.0,0.0,0.0,0.0,0.7104436755180359,-0.09986092150211334,0.0,0.0,0.0,0.0,0,161.239833
PIDY,161279833,0.0,0.0,0.0,0.0,0.7103855609893799,-0.23869673907756805,0.0,0.0,0.0,0.0,0,161.279833
PIDY,161319833,0.0,0.0,0.0,0.0,0.710241973400116,-0.36740371584892273,0.0,0.0,0.0,0.0,0,161.319833
PIDY,161359833,0.0,0.0,0.0,0.0,0.7096174359321594,-0.4798542261123657,0.0,0.0,0.0,0.0,0,161.359833
PIDY,161399833,0.0,0.0,0.0,0.0,0.7089875936508179,-0.5716235637664795,0.0,0.0,0.0,0.0,0,161.399833
PIDY,161439833,0.0,0.0,0.0,0.0,0.7079377174377441,-0.6397199034690857,0.0,0.0,0.0,0.0,0,161.439833
PIDY,161479833,0.0,0.0,0.0,0.0,0.7067470550537109,-0.6828879714012146,0.0,0.0,0.0,0.0,0,161.479833
PIDY,161519833,0.0,0.0,0.0,0.0,0.7057127356529236,-0.7011972665786743,0.0,0.0,0.0,0.0,0,161.519833
PIDY,161559833,0.0,0.0,0.0,0.0,0.7043951153755188,-0.6952320337295532,0.0,0.0,0.0,0.0,0,161.559833
PIDY,161599833,0.0,0.0,0.0,0.0,0.7032526135444641,-0.6680096983909607,0.0,0.0,0.0,0.0,0,161.599833
PIDY,161639833,0.0,0.0,0.0,0.0,0.7020033597946167,-0.6219795942306519,0.0,0.0,0.0,0.0,0,161.639833
PIDY,161679833,0.0,0.0,0.0,0.0,0.7008494734764099,-0.5608336329460144,0.0,0.0,0.0,0.0,0,161.679833
PIDY,161719833,0.0,0.0,0.0,0.0,0.6999030709266663,-0.48782777786254883,0.0,0.0,0.0,0.0,0,161.719833
PIDY,161759833,0.0,0.0,0.0,0.0,0.6990242600440979,-0.4065234661102295,0.0,0.0,0.0,0.0,0,161.759833
PIDY,161799833,0.0,0.0,0.0,0.0,0.6983479857444763,-0.32098498940467834,0.0,0.0,0.0,0.0,0,161.799833
PIDY,161839833,0.0,0.0,0.0,0.0,0.6978071928024292,-0.23332907259464264,0.0,0.0,0.0,0.0,0,161.839833
PIDY,161879833,0.0,0.0,0.0,0.0,0.69744473695755,-0.14637595415115356,0.0,0.0,0.0,0.0,0,161.879833
PIDY,161919833,0.0,0.0,0.0,0.0,0.6973877549171448,-0.06298361718654633,0.0,0.0,0.0,0.0,0,161.919833
PIDY,161959833,0.0,0.0,0.0,0.0,0.6973714828491211,0.01569727063179016,0.0,0.0,0.0,0.0,0,161.959833
PIDY,161999833,0.0,0.0,0.0,0.0,0.6977006196975708,0.095298632979393,0.0,0.0,0.0,0.0,0,161.999833
PIDY,162039833,0.0,0.0,0.0,0.0,0.6980379819869995,0.18172889947891235,0.0,0.0,0.0,0.0,0,162.039833
PIDY,162079833,0.0,0.0,0.0,0.0,0.6985742449760437,0.273141473531723,0.0,0.0,0.0,0.0,0,162.079833
PIDY,162119833,0.0,0.0,0.0,0.0,0.6994601488113403,0.3700612485408783,0.0,0.0,0.0,0.0,0,162.119833
PIDY,162159833,0.0,0.0,0.0,0.0,0.7004417777061462,0.47353988885879517,0.0,0.0,0.0,0.0,0,162.159833
PIDY,162199833,0.0,0.0,0.0,0.0,0.7018421292304993,0.5827539563179016,0.0,0.0,0.0,0.0,0,162.199833
PIDY,162239833,0.0,0.0,0.0,0.0,0.703331470489502,0.6937066912651062,0.0,0.0,0.0,0.0,0,162.239833
PIDY,162279833,0.0,0.0,0.0,0.0,0.7050845623016357,0.8017141819000244,0.0,0.0,0.0,0.0,0,162.279833
PIDY,162319833,0.0,0.0,0.0,0.0,0.7071547508239746,0.899808943271637,0.0,0.0,0.0,0.0,0,162.319833
PIDY,162359833,0.0,0.0,0.0,0.0,0.7093824148178101,0.9754647612571716,0.0,0.0,0.0,0.0,0,162.359833
PIDY,162399833,0.0,0.0,0.0,0.0,0.7118057012557983,1.0229026079177856,0.0,0.0,0.0,0.0,0,162.399833
PIDY,162439833,0.0,0.0,0.0,0.0,0.7142928242683411,1.039363145828247,0.0,0.0,0.0,0.0,0,162.439833
PIDY,162479833,0.0,0.0,0.0,0.0,0.7168033123016357,1.0232288837432861,0.0,0.0,0.0,0.0,0,162.479833
PIDY,162519833,0.0,0.0,0.0,0.0,0.7193647027015686,0.9744033813476562,0.0,0.0,0.0,0.0,0,162.519833
PIDY,162559833,0.0,0.0,0.0,0.0,0.7216947674751282,0.8941254615783691,0.0,0.0,0.0,0.0,0,162.559833
PIDY,162599833,0.0,0.0,0.0,0.0,0.7239474058151245,0.78572678565979,0.0,0.0,0.0,0.0,0,162.599833
PIDY,162639833,0.0,0.0,0.0,0.0,0.7258309125900269,0.653335690498352,0.0,0.0,0.0,0.0,0,162.639833
PIDY,162679833,0.0,0.0,0.0,0.0,0.7274138331413269,0.5023543834686279,0.0,0.0,0.0,0.0,0,162.679833
PIDY,162719833,0.0,0.0,0.0,0.0,0.7287148833274841,0.33730825781822205,0.0,0.0,0.0,0.0,0,162.719833
PIDY,162759833,0.0,0.0,0.0,0.0,0.7295947670936584,0.16535967588424683,0.0,0.0,0.0,0.0,0,162.759833
PIDY,162799833,0.0,0.0,0.0,0.0,0.7301293015480042,-0.008120520040392876,0.0,0.0,0.0,0.0,0,162.799833
PIDY,162839833,0.0,0.0,0.0,0.0,0.7302655577659607,-0.17823657393455505,0.0,0.0,0.0,0.0,0,162.839833
PIDY,162879833,0.0,0.0,0.0,0.0,0.7300415635108948,-0.33980345726013184,0.0,0.0,0.0,0.0,0,162.879833
PIDY,162919833,0.0,0.0,0.0,0.0,0.7294736504554749,-0.48825937509536743,0.0,0.0,0.0,0.0,0,162.919833
PIDY,162959833,0.0,0.0,0.0,0.0,0.7286005020141602,-0.6182045936584473,0.0,0.0,0.0,0.0,0,162.959833
PIDY,162999833,0.0,0.0,0.0,0.0,0.7275640964508057,-0.7244606018066406,0.0,0.0,0.0,0.0,0,162.999833
PIDY,163039833,0.0,0.0,0.0,0.0,0.726202130317688,-0.8029869794845581,0.0,0.0,0.0,0.0,0,163.039833
PIDY,163079833,0.0,0.0,0.0,0.0,0.7246788740158081,-0.8526653051376343,0.0,0.0,0.0,0.0,0,163.079833
PIDY,163119833,0.0,0.0,0.0,0.0,0.7231498956680298,-0.873841404914856,0.0,0.0,0.0,0.0,0,163.119833
PIDY,163159833,0.0,0.0,0.0,0.0,0.7214816808700562,-0.8679744601249695,0.0,0.0,0.0,0.0,0,163.159833
PIDY,163199833,0.0,0.0,0.0,0.0,0.7199336290359497,-0.8379473686218262,0.0,0.0,0.0,0.0,0,163.199833
PIDY,163239833,0.0,0.0,0.0,0.0,0.7183420658111572,-0.7870600819587708,0.0,0.0,0.0,0.0,0,163.239833
PIDY,163279833,0.0,0.0,0.0,0.0,0.7168553471565247,-0.7192493677139282,0.0,0.0,0.0,0.0,0,163.279833
PIDY,163319833,0.0,0.0,0.0,0.0,0.7156066298484802,-0.6379040479660034,0.0,0.0,0.0,0.0,0,163.319833
PIDY,163359833,0.0,0.0,0.0,0.0,0.7144265174865723,-0.5469560623168945,0.0,0.0,0.0,0.0,0,163.359833
PIDY,163399833,0.0,0.0,0.0,0.0,0.7135102152824402,-0.45121297240257263,0.0,0.0,0.0,0.0,0,163.399833
PIDY,163439833,0.0,0.0,0.0,0.0,0.712708592414856,-0.3534393012523651,0.0,0.0,0.0,0.0,0,163.439833
PIDY,163479833,0.0,0.0,0.0,0.0,0.7121056318283081,-0.25601956248283386,0.0,0.0,0.0,0.0,0,163.479833
PIDY,163519833,0.0,0.0,0.0,0.0,0.711725652217865,-0.16090622544288635,0.0,0.0,0.0,0.0,0,163.519833
PIDY,163559833,0.0,0.0,0.0,0.0,0.7115156054496765,-0.07030215114355087,0.0,0.0,0.0,0.0,0,163.559833
PIDY,163599833,0.0,0.0,0.0,0.0,0.7114183306694031,0.013172260485589504,0.0,0.0,0.0,0.0,0,163.599833
PIDY,163639833,0.0,0.0,0.0,0.0,0.711555540561676,0.08938634395599365,0.0,0.0,0.0,0.0,0,163.639833
PIDY,163679833,0.0,0.0,0.0,0.0,0.7118481993675232,0.15958888828754425,0.0,0.0,0.0,0.0,0,163.679833
PIDY,163719833,0.0,0.0,0.0,0.0,0.7122690677642822,0.2324138581752777,0.0,0.0,0.0,0.0,0,163.719833
PIDY,163759833,0.0,0.0,0.0,0.0,0.7128874659538269,0.30904245376586914,0.0,0.0,0.0,0.0,0,163.759833
PIDY,163799833,0.0,0.0,0.0,0.0,0.713610053062439,0.3889066278934479,0.0,0.0,0.0,0.0,0,163.799833
PIDY,163839833,0.0,0.0,0.0,0.0,0.7145999670028687,0.47437629103660583,0.0,0.0,0.0,0.0,0,163.839833
PIDY,163879833,0.0,0.0,0.0,0.0,0.715802013874054,0.5647090673446655,0.0,0.0,0.0,0.0,0,163.879833
PIDY,163919833,0.0,0.0,0.0,0.0,0.7172185182571411,0.655877947807312,0.0,0.0,0.0,0.0,0,163.919833
PIDY,163959833,0.0,0.0,0.0,0.0,0.7188707590103149,0.7448843121528625,0.0,0.0,0.0,0.0,0,163.959833
PIDY,163999833,0.0,0.0,0.0,0.0,0.7207524180412292,0.8266050219535828,0.0,0.0,0.0,0.0,0,163.999833
PIDY,164039833,0.0,0.0,0.0,0.0,0.7228151559829712,0.8915499448776245,0.0,0.0,0.0,0.0,0,164.039833
PIDY,164079833,0.0,0.0,0.0,0.0,0.7250223159790039,0.9319993257522583,0.0,0.0,0.0,0.0,0,164.079833
PIDY,164119833,0.0,0.0,0.0,0.0,0.7272202372550964,0.9455841183662415,0.0,0.0,0.0,0.0,0,164.119833
PIDY,164159833,0.0,0.0,0.0,0.0,0.7295383810997009,0.9314314126968384,0.0,0.0,0.0,0.0,0,164.159833
PIDY,164199833,0.0,0.0,0.0,0.0,0.7317779660224915,0.8892813324928284,0.0,0.0,0.0,0.0,0,164.199833
PIDY,164239833,0.0,0.0,0.0,0.0,0.7339509129524231,0.8187448382377625,0.0,0.0,0.0,0.0,0,164.239833
PIDY,164279833,0.0,0.0,0.0,0.0,0.7359539270401001,0.7212095856666565,0.0,0.0,0.0,0.0,0,164.279833
PIDY,164319833,0.0,0.0,0.0,0.0,0.7376071810722351,0.5994486212730408,0.0,0.0,0.0,0.0,0,164.319833
PIDY,164359833,0.0,0.0,0.0,0.0,0.7391061782836914,0.45932701230049133,0.0,0.0,0.0,0.0,0,164.359833
PIDY,164399833,0.0,0.0,0.0,0.0,0.7401301860809326,0.3043064773082733,0.0,0.0,0.0,0.0,0,164.399833
PIDY,164439833,0.0,0.0,0.0,0.0,0.7409687638282776,0.1409967541694641,0.0,0.0,0.0,0.0,0,164.439833
PIDY,164479833,0.0,0.0,0.0,0.0,0.7414512038230896,-0.025755543261766434,0.0,0.0,0.0,0.0,0,164.479833
PIDY,164519833,0.0,0.0,0.0,0.0,0.7415095567703247,-0.1902877390384674,0.0,0.0,0.0,0.0,0,164.519833
PIDY,164559833,0.0,0.0,0.0,0.0,0.7412807941436768,-0.3478180468082428,0.0,0.0,0.0,0.0,0,164.559833
PIDY,164599833,0.0,0.0,0.0,0.0,0.7406479120254517,-0.49314403533935547,0.0,0.0,0.0,0.0,0,164.599833
PIDY,164639833,0.0,0.0,0.0,0.0,0.7397785782814026,-0.6210173964500427,0.0,0.0,0.0,0.0,0,164.639833
PIDY,164679833,0.0,0.0,0.0,0.0,0.7386416792869568,-0.7257459163665771,0.0,0.0,0.0,0.0,0,164.679833
PIDY,164719833,0.0,0.0,0.0,0.0,0.7372268438339233,-0.8047913908958435,0.0,0.0,0.0,0.0,0,164.719833
PIDY,164759833,0.0,0.0,0.0,0.0,0.7357051372528076,-0.8559632301330566,0.0,0.0,0.0,0.0,0,164.759833
PIDY,164799833,0.0,0.0,0.0,0.0,0.7339774370193481,-0.8791147470474243,0.0,0.0,0.0,0.0,0,164.799833
PIDY,164839833,0.0,0.0,0.0,0.0,0.7323043942451477,-0.8757953643798828,0.0,0.0,0.0,0.0,0,164.839833
PIDY,164879833,0.0,0.0,0.0,0.0,0.7306397557258606,-0.8494662046432495,0.0,0.0,0.0,0.0,0,164.879833
PIDY,164919833,0.0,0.0,0.0,0.0,0.7288727760314941,-0.8030848503112793,0.0,0.0,0.0,0.0,0,164.919833
PIDY,164959833,0.0,0.0,0.0,0.0,0.7273578643798828,-0.7404199242591858,0.0,0.0,0.0,0.0,0,164.959833
PIDY,164999833,0.0,0.0,0.0,0.0,0.725720226764679,-0.6633895635604858,0.0,0.0,0.0,0.0,0,164.999833
PIDY,165039833,0.0,0.0,0.0,0.0,0.7244887351989746,-0.5775906443595886,0.0,0.0,0.0,0.0,0,165.039833
PIDY,165079833,0.0,0.0,0.0,0.0,0.7234313488006592,-0.48515835404396057,0.0,0.0,0.0,0.0,0,165.079833
PIDY,165119833,0.0,0.0,0.0,0.0,0.7223822474479675,-0.3890102803707123,0.0,0.0,0.0,0.0,0,165.119833
PIDY,165159833,0.0,0.0,0.0,0.0,0.7217060327529907,-0.29246774315834045,0.0,0.0,0.0,0.0,0,165.159833
PIDY,165199833,0.0,0.0,0.0,0.0,0.7211124897003174,-0.19843339920043945,0.0,0.0,0.0,0.0,0,165.199833
PIDY,165239833,0.0,0.0,0.0,0.0,0.7208192944526672,-0.10904676467180252,0.0,0.0,0.0,0.0,0,165.239833
PIDY,165279833,0.0,0.0,0.0,0.0,0.7207069993019104,-0.025823531672358513,0.0,0.0,0.0,0.0,0,165.279833
PIDY,165319833,0.0,0.0,0.0,0.0,0.7206565737724304,0.048952456563711166,0.0,0.0,0.0,0.0,0,165.319833
PIDY,165359833,0.0,0.0,0.0,0.0,0.7208626866340637,0.11565516889095306,0.0,0.0,0.0,0.0,0,165.359833
PIDY,165399833,0.0,0.0,0.0,0.0,0.7210760712623596,0.173502579331398,0.0,0.0,0.0,0.0,0,165.399833
PIDY,165439833,0.0,0.0,0.0,0.0,0.7215393781661987,0.2230367660522461,0.0,0.0,0.0,0.0,0,165.439833
PIDY,165479833,0.0,0.0,0.0,0.0,0.7221139669418335,0.27005407214164734,0.0,0.0,0.0,0.0,0,165.479833
PIDY,165519833,0.0,0.0,0.0,0.0,0.7226653099060059,0.3206936717033386,0.0,0.0,0.0,0.0,0,165.519833
PIDY,165559833,0.0,0.0,0.0,0.0,0.7234827280044556,0.37575075030326843,0.0,0.0,0.0,0.0,0,165.559833
PIDY,165599833,0.0,0.0,0.0,0.0,0.7241894006729126,0.4357629716396332,0.0,0.0,0.0,0.0,0,165.599833
PIDY,165639833,0.0,0.0,0.0,0.0,0.7253000140190125,0.5017147660255432,0.0,0.0,0.0,0.0,0,165.639833
PIDY,165679833,0.0,0.0,0.0,0.0,0.7265838980674744,0.5725388526916504,0.0,0.0,0.0,0.0,0,165.679833
PIDY,165719833,0.0,0.0,0.0,0.0,0.7278506755828857,0.6444094181060791,0.0,0.0,0.0,0.0,0,165.719833
PIDY,165759833,0.0,0.0,0.0,0.0,0.7295049428939819,0.7128616571426392,0.0,0.0,0.0,0.0,0,165.759833
PIDY,165799833,0.0,0.0,0.0,0.0,0.7310845851898193,0.7686467170715332,0.0,0.0,0.0,0.0,0,165.799833
PIDY,165839833,0.0,0.0,0.0,0.0,0.7330372333526611,0.8039361834526062,0.0,0.0,0.0,0.0,0,165.839833
PIDY,165879833,0.0,0.0,0.0,0.0,0.7350713610649109,0.8161603808403015,0.0,0.0,0.0,0.0,0,165.879833
PIDY,165919833,0.0,0.0,0.0,0.0,0.7368527054786682,0.8033722043037415,0.0,0.0,0.0,0.0,0,165.919833
PIDY,165959833,0.0,0.0,0.0,0.0,0.7388723492622375,0.7632119059562683,0.0,0.0,0.0,0.0,0,165.959833
PIDY,165999833,0.0,0.0,0.0,0.0,0.74053955078125,0.695634663105011,0.0,0.0,0.0,0.0,0,165.999833
PIDY,166039833,0.0,0.0,0.0,0.0,0.742291271686554,0.6030130386352539,0.0,0.0,0.0,0.0,0,166.039833
PIDY,166079833,0.0,0.0,0.0,0.0,0.7438240647315979,0.4884680509567261,0.0,0.0,0.0,0.0,0,166.079833
PIDY,166119833,0.0,0.0,0.0,0.0,0.7448935508728027,0.3559417724609375,0.0,0.0,0.0,0.0,0,166.119833
PIDY,166159833,0.0,0.0,0.0,0.0,0.7458606958389282,0.2101117968559265,0.0,0.0,0.0,0.0,0,166.159833
PIDY,166199833,0.0,0.0,0.0,0.0,0.7464140057563782,0.05591874197125435,0.0,0.0,0.0,0.0,0,166.199833
PIDY,166239833,0.0,0.0,0.0,0.0,0.7467136383056641,-0.10152900964021683,0.0,0.0,0.0,0.0,0,166.239833
PIDY,166279833,0.0,0.0,0.0,0.0,0.746673583984375,-0.2563779354095459,0.0,0.0,0.0,0.0,0,166.279833
PIDY,166319833,0.0,0.0,0.0,0.0,0.7461286187171936,-0.4050653874874115,0.0,0.0,0.0,0.0,0,166.319833
PIDY,166359833,0.0,0.0,0.0,0.0,0.7454433441162109,-0.5406665205955505,0.0,0.0,0.0,0.0,0,166.359833
PIDY,166399833,0.0,0.0,0.0,0.0,0.7443174123764038,-0.6583157777786255,0.0,0.0,0.0,0.0,0,166.399833
PIDY,166439833,0.0,0.0,0.0,0.0,0.743097186088562,-0.752902090549469,0.0,0.0,0.0,0.0,0,166.439833
PIDY,166479833,0.0,0.0,0.0,0.0,0.7416816353797913,-0.8209553956985474,0.0,0.0,0.0,0.0,0,166.479833
PIDY,166519833,0.0,0.0,0.0,0.0,0.739934504032135,-0.8613589406013489,0.0,0.0,0.0,0.0,0,166.519833
PIDY,166559833,0.0,0.0,0.0,0.0,0.7383012771606445,-0.874474048614502,0.0,0.0,0.0,0.0,0,166.559833
PIDY,166599833,0.0,0.0,0.0,0.0,0.7363945841789246,-0.8623245358467102,0.0,0.0,0.0,0.0,0,166.599833
PIDY,166639833,0.0,0.0,0.0,0.0,0.7347621917724609,-0.828723669052124,0.0,0.0,0.0,0.0,0,166.639833
PIDY,166679833,0.0,0.0,0.0,0.0,0.7332014441490173,-0.7760205268859863,0.0,0.0,0.0,0.0,0,166.679833
PIDY,166719833,0.0,0.0,0.0,0.0,0.7315747737884521,-0.7080337405204773,0.0,0.0,0.0,0.0,0,166.719833
PIDY,166759833,0.0,0.0,0.0,0.0,0.7302664518356323,-0.6287099123001099,0.0,0.0,0.0,0.0,0,166.759833
PIDY,166799833,0.0,0.0,0.0,0.0,0.7290271520614624,-0.540900468826294,0.0,0.0,0.0,0.0,0,166.799833
PIDY,166839833,0.0,0.0,0.0,0.0,0.7280630469322205,-0.44852885603904724,0.0,0.0,0.0,0.0,0,166.839833
PIDY,166879833,0.0,0.0,0.0,0.0,0.7272869348526001,-0.3539285957813263,0.0,0.0,0.0,0.0,0,166.879833
PIDY,166919833,0.0,0.0,0.0,0.0,0.7266296744346619,-0.2602432668209076,0.0,0.0,0.0,0.0,0,166.919833
PIDY,166959833,0.0,0.0,0.0,0.0,0.7262295484542847,-0.17032189667224884,0.0,0.0,0.0,0.0,0,166.959833
PIDY,166999833,0.0,0.0,0.0,0.0,0.72586590051651,-0.08576265722513199,0.0,0.0,0.0,0.0,0,166.999833
PIDY,167039833,0.0,0.0,0.0,0.0,0.7258135676383972,-0.008916852995753288,0.0,0.0,0.0,0.0,0,167.039833
PIDY,167079833,0.0,0.0,0.0,0.0,0.7259151339530945,0.059556685388088226,0.0,0.0,0.0,0.0,0,167.079833
PIDY,167119833,0.0,0.0,0.0,0.0,0.7259739637374878,0.11959978193044662,0.0,0.0,0.0,0.0,0,167.119833
PIDY,167159833,0.0,0.0,0.0,0.0,0.7263376712799072,0.17125195264816284,0.0,0.0,0.0,0.0,0,167.159833
PIDY,167199833,0.0,0.0,0.0,0.0,0.7266536951065063,0.2140854001045227,0.0,0.0,0.0,0.0,0,167.199833
PIDY,167239833,0.0,0.0,0.0,0.0,0.7272126078605652,0.2482556402683258,0.0,0.0,0.0,0.0,0,167.239833
PIDY,167279833,0.0,0.0,0.0,0.0,0.7278415560722351,0.2745873034000397,0.0,0.0,0.0,0.0,0,167.279833
PIDY,167319833,0.0,0.0,0.0,0.0,0.7284373044967651,0.2996067404747009,0.0,0.0,0.0,0.0,0,167.319833
PIDY,167359833,0.0,0.0,0.0,0.0,0.7292008399963379,0.3296239674091339,0.0,0.0,0.0,0.0,0,167.359833
PIDY,167399833,0.0,0.0,0.0,0.0,0.7299639582633972,0.36552321910858154,0.0,0.0,0.0,0.0,0,167.399833
PIDY,167439833,0.0,0.0,0.0,0.0,0.7309122085571289,0.4090067744255066,0.0,0.0,0.0,0.0,0,167.439833
PIDY,167479833,0.0,0.0,0.0,0.0,0.7319815158843994,0.4608227014541626,0.0,0.0,0.0,0.0,0,167.479833
PIDY,167519833,0.0,0.0,0.0,0.0,0.7331236004829407,0.5188378691673279,0.0,0.0,0.0,0.0,0,167.519833
PIDY,167559833,0.0,0.0,0.0,0.0,0.7344933152198792,0.5807735323905945,0.0,0.0,0.0,0.0,0,167.559833
PIDY,167599833,0.0,0.0,0.0,0.0,0.7359500527381897,0.6418603658676147,0.0,0.0,0.0,0.0,0,167.599833
PIDY,167639833,0.0,0.0,0.0,0.0,0.7376357316970825,0.6922388076782227,0.0,0.0,0.0,0.0,0,167.639833
PIDY,167679833,0.0,0.0,0.0,0.0,0.7394371032714844,0.7223195433616638,0.0,0.0,0.0,0.0,0,167.679833
PIDY,167719833,0.0,0.0,0.0,0.0,0.7412102818489075,0.7304088473320007,0.0,0.0,0.0,0.0,0,167.719833
PIDY,167759833,0.0,0.0,0.0,0.0,0.7430963516235352,0.7153701186180115,0.0,0.0,0.0,0.0,0,167.759833
PIDY,167799833,0.0,0.0,0.0,0.0,0.7448247075080872,0.6753957867622375,0.0,0.0,0.0,0.0,0,167.799833
PIDY,167839833,0.0,0.0,0.0,0.0,0.7465698719024658,0.6097617149353027,0.0,0.0,0.0,0.0,0,167.839833
PIDY,167879833,0.0,0.0,0.0,0.0,0.7481566667556763,0.5199763178825378,0.0,0.0,0.0,0.0,0,167.879833
PIDY,167919833,0.0,0.0,0.0,0.0,0.7493941783905029,0.40956640243530273,0.0,0.0,0.0,0.0,0,167.919833
PIDY,167959833,0.0,0.0,0.0,0.0,0.7505152225494385,0.2817017138004303,0.0,0.0,0.0,0.0,0,167.959833
PIDY,167999833,0.0,0.0,0.0,0.0,0.7511217594146729,0.14138074219226837,0.0,0.0,0.0,0.0,0,167.999833
PIDY,168039833,0.0,0.0,0.0,0.0,0.7516422867774963,-0.005696433130651712,0.0,0.0,0.0,0.0,0,168.039833
PIDY,168079833,0.0,0.0,0.0,0.0,0.7518391609191895,-0.15509282052516937,0.0,0.0,0.0,0.0,0,168.079833
PIDY,168119833,0.0,0.0,0.0,0.0,0.7516389489173889,-0.3024486303329468,0.0,0.0,0.0,0.0,0,168.119833
PIDY,168159833,0.0,0.0,0.0,0.0,0.7511882185935974,-0.44238126277923584,0.0,0.0,0.0,0.0,0,168.159833
PIDY,168199833,0.0,0.0,0.0,0.0,0.7503126263618469,-0.567864179611206,0.0,0.0,0.0,0.0,0,168.199833
PIDY,168239833,0.0,0.0,0.0,0.0,0.7492977380752563,-0.6730507612228394,0.0,0.0,0.0,0.0,0,168.239833
PIDY,168279833,0.0,0.0,0.0,0.0,0.7480627298355103,-0.7539006471633911,0.0,0.0,0.0,0.0,0,168.279833
PIDY,168319833,0.0,0.0,0.0,0.0,0.7464702129364014,-0.8086338043212891,0.0,0.0,0.0,0.0,0,168.319833
PIDY,168359833,0.0,0.0,0.0,0.0,0.7449560761451721,-0.8367220759391785,0.0,0.0,0.0,0.0,0,168.359833
PIDY,168399833,0.0,0.0,0.0,0.0,0.7433204054832458,-0.839349091053009,0.0,0.0,0.0,0.0,0,168.399833
PIDY,168439833,0.0,0.0,0.0,0.0,0.741744339466095,-0.8199323415756226,0.0,0.0,0.0,0.0,0,168.439833
PIDY,168479833,0.0,0.0,0.0,0.0,0.7402074933052063,-0.7804392576217651,0.0,0.0,0.0,0.0,0,168.479833
PIDY,168519833,0.0,0.0,0.0,0.0,0.7386447191238403,-0.7237794399261475,0.0,0.0,0.0,0.0,0,168.519833
PIDY,168559833,0.0,0.0,0.0,0.0,0.7373001575469971,-0.6539027094841003,0.0,0.0,0.0,0.0,0,168.559833
PIDY,168599833,0.0,0.0,0.0,0.0,0.7360649108886719,-0.5732983350753784,0.0,0.0,0.0,0.0,0,168.599833
PIDY,168639833,0.0,0.0,0.0,0.0,0.7350299954414368,-0.4857562482357025,0.0,0.0,0.0,0.0,0,168.639833
PIDY,168679833,0.0,0.0,0.0,0.0,0.7341764569282532,-0.39464235305786133,0.0,0.0,0.0,0.0,0,168.679833
PIDY,168719833,0.0,0.0,0.0,0.0,0.7335166335105896,-0.3035281002521515,0.0,0.0,0.0,0.0,0,168.719833
PIDY,168759833,0.0,0.0,0.0,0.0,0.7330378890037537,-0.21368159353733063,0.0,0.0,0.0,0.0,0,168.759833
PIDY,168799833,0.0,0.0,0.0,0.0,0.7327501177787781,-0.12715379893779755,0.0,0.0,0.0,0.0,0,168.799833
PIDY,168839833,0.0,0.0,0.0,0.0,0.7326335906982422,-0.04575151577591896,0.0,0.0,0.0,0.0,0,168.839833
PIDY,168879833,0.0,0.0,0.0,0.0,0.7326824069023132,0.028775319457054138,0.0,0.0,0.0,0.0,0,168.879833
PIDY,168919833,0.0,0.0,0.0,0.0,0.7329201102256775,0.09574180841445923,0.0,0.0,0.0,0.0,0,168.919833
PIDY,168959833,0.0,0.0,0.0,0.0,0.7332555651664734,0.15422052145004272,0.0,0.0,0.0,0.0,0,168.959833
PIDY,168999833,0.0,0.0,0.0,0.0,0.7336315512657166,0.20360195636749268,0.0,0.0,0.0,0.0,0,168.999833
PIDY,169039833,0.0,0.0,0.0,0.0,0.7341838479042053,0.24395708739757538,0.0,0.0,0.0,0.0,0,169.039833
PIDY,169079833,0.0,0.0,0.0,0.0,0.7348188757896423,0.27579304575920105,0.0,0.0,0.0,0.0,0,169.079833
PIDY,169119833,0.0,0.0,0.0,0.0,0.7355033755302429,0.29897522926330566,0.0,0.0,0.0,0.0,0,169.119833
PIDY,169159833,0.0,0.0,0.0,0.0,0.7362523078918457,0.3139740228652954,0.0,0.0,0.0,0.0,0,169.159833
PIDY,169199833,0.0,0.0,0.0,0.0,0.737064003944397,0.3207903802394867,0.0,0.0,0.0,0.0,0,169.199833
PIDY,169239833,0.0,0.0,0.0,0.0,0.7378563284873962,0.32011356949806213,0.0,0.0,0.0,0.0,0,169.239833
PIDY,169279833,0.0,0.0,0.0,0.0,0.7386472225189209,0.31289592385292053,0.0,0.0,0.0,0.0,0,169.279833
PIDY,169319833,0.0,0.0,0.0,0.0,0.7394251227378845,0.30000096559524536,0.0,0.0,0.0,0.0,0,169.319833
PIDY,169359833,0.0,0.0,0.0,0.0,0.7401731610298157,0.2822223901748657,0.0,0.0,0.0,0.0,0,169.359833
PIDY,169399833,0.0,0.0,0.0,0.0,0.7409399747848511,0.2601322829723358,0.0,0.0,0.0,0.0,0,169.399833
PIDY,169439833,0.0,0.0,0.0,0.0,0.741603672504425,0.23394328355789185,0.0,0.0,0.0,0.0,0,169.439833
PIDY,169479833,0.0,0.0,0.0,0.0,0.7422165870666504,0.20563514530658722,0.0,0.0,0.0,0.0,0,169.479833
PIDY,169519833,0.0,0.0,0.0,0.0,0.7427700161933899,0.1826551854610443,0.0,0.0,0.0,0.0,0,169.519833
PIDY,169559833,0.0,0.0,0.0,0.0,0.7433145642280579,0.17089731991291046,0.0,0.0,0.0,0.0,0,169.559833
PIDY,169599833,0.0,0.0,0.0,0.0,0.7438091039657593,0.1712896227836609,0.0,0.0,0.0,0.0,0,169.599833
PIDY,169639833,0.0,0.0,0.0,0.0,0.7443856596946716,0.1859409064054489,0.0,0.0,0.0,0.0,0,169.639833
PIDY,169679833,0.0,0.0,0.0,0.0,0.7450288534164429,0.2170911282300949,0.0,0.0,0.0,0.0,0,169.679833
PIDY,169719833,0.0,0.0,0.0,0.0,0.7457315921783447,0.26522672176361084,0.0,0.0,0.0,0.0,0,169.719833
PIDY,169759833,0.0,0.0,0.0,0.0,0.7466179728507996,0.32857510447502136,0.0,0.0,0.0,0.0,0,169.759833
PIDY,169799833,0.0,0.0,0.0,0.0,0.7477103471755981,0.40225279331207275,0.0,0.0,0.0,0.0,0,169.799833
PIDY,169839833,0.0,0.0,0.0,0.0,0.7489344477653503,0.4748823344707489,0.0,0.0,0.0,0.0,0,169.839833
PIDY,169879833,0.0,0.0,0.0,0.0,0.750321626663208,0.5400179028511047,0.0,0.0,0.0,0.0,0,169.879833
PIDY,169919833,0.0,0.0,0.0,0.0,0.7519541382789612,0.5902349948883057,0.0,0.0,0.0,0.0,0,169.919833
PIDY,169959833,0.0,0.0,0.0,0.0,0.7535775899887085,0.618560254573822,0.0,0.0,0.0,0.0,0,169.959833
PIDY,169999833,0.0,0.0,0.0,0.0,0.755362868309021,0.6178483366966248,0.0,0.0,0.0,0.0,0,169.999833
PIDY,170039833,0.0,0.0,0.0,0.0,0.7569997906684875,0.5850473046302795,0.0,0.0,0.0,0.0,0,170.039833
PIDY,170079833,0.0,0.0,0.0,0.0,0.7585408091545105,0.521479070186615,0.0,0.0,0.0,0.0,0,170.079833
PIDY,170119833,0.0,0.0,0.0,0.0,0.7601174712181091,0.4288090169429779,0.0,0.0,0.0,0.0,0,170.119833
PIDY,170159833,0.0,0.0,0.0,0.0,0.7612766623497009,0.31169191002845764,0.0,0.0,0.0,0.0,0,170.159833
PIDY,170199833,0.0,0.0,0.0,0.0,0.7622148990631104,0.1756453514099121,0.0,0.0,0.0,0.0,0,170.199833
PIDY,170239833,0.0,0.0,0.0,0.0,0.7628025412559509,0.026185564696788788,0.0,0.0,0.0,0.0,0,170.239833
PIDY,170279833,0.0,0.0,0.0,0.0,0.7630628347396851,-0.12956805527210236,0.0,0.0,0.0,0.0,0,170.279833
PIDY,170319833,0.0,0.0,0.0,0.0,0.7629883885383606,-0.28595679998397827,0.0,0.0,0.0,0.0,0,170.319833
PIDY,170359833,0.0,0.0,0.0,0.0,0.7625778913497925,-0.43727242946624756,0.0,0.0,0.0,0.0,0,170.359833
PIDY,170399833,0.0,0.0,0.0,0.0,0.761949360370636,-0.5767086744308472,0.0,0.0,0.0,0.0,0,170.399833
PIDY,170439833,0.0,0.0,0.0,0.0,0.7609269618988037,-0.6969953179359436,0.0,0.0,0.0,0.0,0,170.439833
PIDY,170479833,0.0,0.0,0.0,0.0,0.7596532106399536,-0.7928810715675354,0.0,0.0,0.0,0.0,0,170.479833
PIDY,170519833,0.0,0.0,0.0,0.0,0.7582559585571289,-0.8605470061302185,0.0,0.0,0.0,0.0,0,170.519833
PIDY,170559833,0.0,0.0,0.0,0.0,0.7566454410552979,-0.8998561501502991,0.0,0.0,0.0,0.0,0,170.559833
PIDY,170599833,0.0,0.0,0.0,0.0,0.755063533782959,-0.9124413132667542,0.0,0.0,0.0,0.0,0,170.599833
PIDY,170639833,0.0,0.0,0.0,0.0,0.7533434629440308,-0.8993951678276062,0.0,0.0,0.0,0.0,0,170.639833
PIDY,170679833,0.0,0.0,0.0,0.0,0.75164794921875,-0.8648130893707275,0.0,0.0,0.0,0.0,0,170.679833
PIDY,170719833,0.0,0.0,0.0,0.0,0.7501034736633301,-0.8114712238311768,0.0,0.0,0.0,0.0,0,170.719833
PIDY,170759833,0.0,0.0,0.0,0.0,0.7485882043838501,-0.7427132725715637,0.0,0.0,0.0,0.0,0,170.759833
PIDY,170799833,0.0,0.0,0.0,0.0,0.7474160194396973,-0.6617901921272278,0.0,0.0,0.0,0.0,0,170.799833
PIDY,170839833,0.0,0.0,0.0,0.0,0.7462111711502075,-0.5713273286819458,0.0,0.0,0.0,0.0,0,170.839833
PIDY,170879833,0.0,0.0,0.0,0.0,0.7451918721199036,-0.47549986839294434,0.0,0.0,0.0,0.0,0,170.879833
PIDY,170919833,0.0,0.0,0.0,0.0,0.7444767355918884,-0.3780687749385834,0.0,0.0,0.0,0.0,0,170.919833
PIDY,170959833,0.0,0.0,0.0,0.0,0.7438490986824036,-0.2819555401802063,0.0,0.0,0.0,0.0,0,170.959833
PIDY,170999833,0.0,0.0,0.0,0.0,0.743514358997345,-0.18856996297836304,0.0,0.0,0.0,0.0,0,170.999833
PIDY,171039833,0.0,0.0,0.0,0.0,0.7432717084884644,-0.09987619519233704,0.0,0.0,0.0,0.0,0,171.039833
PIDY,171079833,0.0,0.0,0.0,0.0,0.7432071566581726,-0.018013780936598778,0.0,0.0,0.0,0.0,0,171.079833
PIDY,171119833,0.0,0.0,0.0,0.0,0.7435482740402222,0.05630025640130043,0.0,0.0,0.0,0.0,0,171.119833
PIDY,171159833,0.0,0.0,0.0,0.0,0.743797242641449,0.1221749559044838,0.0,0.0,0.0,0.0,0,171.159833
PIDY,171199833,0.0,0.0,0.0,0.0,0.7443240284919739,0.17908577620983124,0.0,0.0,0.0,0.0,0,171.199833
PIDY,171239833,0.0,0.0,0.0,0.0,0.7448144555091858,0.2274349480867386,0.0,0.0,0.0,0.0,0,171.239833
PIDY,171279833,0.0,0.0,0.0,0.0,0.7453997731208801,0.26627323031425476,0.0,0.0,0.0,0.0,0,171.279833
PIDY,171319833,0.0,0.0,0.0,0.0,0.7462234497070312,0.29655587673187256,0.0,0.0,0.0,0.0,0,171.319833
PIDY,171359833,0.0,0.0,0.0,0.0,0.7469518780708313,0.31844744086265564,0.0,0.0,0.0,0.0,0,171.359833
PIDY,171399833,0.0,0.0,0.0,0.0,0.7478854656219482,0.332429975271225,0.0,0.0,0.0,0.0,0,171.399833
PIDY,171439833,0.0,0.0,0.0,0.0,0.7486881613731384,0.33776989579200745,0.0,0.0,0.0,0.0,0,171.439833
PIDY,171479833,0.0,0.0,0.0,0.0,0.7495024800300598,0.33514121174812317,0.0,0.0,0.0,0.0,0,171.479833
PIDY,171519833,0.0,0.0,0.0,0.0,0.7504462599754333,0.3261721432209015,0.0,0.0,0.0,0.0,0,171.519833
PIDY,171559833,0.0,0.0,0.0,0.0,0.7512502670288086,0.31776371598243713,0.0,0.0,0.0,0.0,0,171.559833
PIDY,171599833,0.0,0.0,0.0,0.0,0.7522123456001282,0.3175291419029236,0.0,0.0,0.0,0.0,0,171.599833
PIDY,171639833,0.0,0.0,0.0,0.0,0.7530470490455627,0.3270326256752014,0.0,0.0,0.0,0.0,0,171.639833
PIDY,171679833,0.0,0.0,0.0,0.0,0.7539322972297668,0.3482251465320587,0.0,0.0,0.0,0.0,0,171.679833
PIDY,171719833,0.0,0.0,0.0,0.0,0.755072295665741,0.38237279653549194,0.0,0.0,0.0,0.0,0,171.719833
PIDY,171759833,0.0,0.0,0.0,0.0,0.7561439871788025,0.42925164103507996,0.0,0.0,0.0,0.0,0,171.759833
PIDY,171799833,0.0,0.0,0.0,0.0,0.7575005888938904,0.4857625961303711,0.0,0.0,0.0,0.0,0,171.799833
PIDY,171839833,0.0,0.0,0.0,0.0,0.7588614225387573,0.5439105033874512,0.0,0.0,0.0,0.0,0,171.839833
PIDY,171879833,0.0,0.0,0.0,0.0,0.7603636980056763,0.5916147828102112,0.0,0.0,0.0,0.0,0,171.879833
PIDY,171919833,0.0,0.0,0.0,0.0,0.7622265219688416,0.6223549246788025,0.0,0.0,0.0,0.0,0,171.919833
PIDY,171959833,0.0,0.0,0.0,0.0,0.7639013528823853,0.6321368217468262,0.0,0.0,0.0,0.0,0,171.959833
PIDY,171999833,0.0,0.0,0.0,0.0,0.7657956480979919,0.6171958446502686,0.0,0.0,0.0,0.0,0,171.999833
PIDY,172039833,0.0,0.0,0.0,0.0,0.7674329876899719,0.5757209658622742,0.0,0.0,0.0,0.0,0,172.039833
PIDY,172079833,0.0,0.0,0.0,0.0,0.7689612507820129,0.5077667832374573,0.0,0.0,0.0,0.0,0,172.079833
PIDY,172119833,0.0,0.0,0.0,0.0,0.7704846858978271,0.41546061635017395,0.0,0.0,0.0,0.0,0,172.119833
PIDY,172159833,0.0,0.0,0.0,0.0,0.77162766456604,0.3029186725616455,0.0,0.0,0.0,0.0,0,172.159833
PIDY,172199833,0.0,0.0,0.0,0.0,0.7726023197174072,0.17456115782260895,0.0,0.0,0.0,0.0,0,172.199833
PIDY,172239833,0.0,0.0,0.0,0.0,0.7731934785842896,0.035505179315805435,0.0,0.0,0.0,0.0,0,172.239833
PIDY,172279833,0.0,0.0,0.0,0.0,0.7734740376472473,-0.10889886319637299,0.0,0.0,0.0,0.0,0,172.279833
PIDY,172319833,0.0,0.0,0.0,0.0,0.7736429572105408,-0.2540278136730194,0.0,0.0,0.0,0.0,0,172.319833
PIDY,172359833,0.0,0.0,0.0,0.0,0.7732867002487183,-0.3945963978767395,0.0,0.0,0.0,0.0,0,172.359833
PIDY,172399833,0.0,0.0,0.0,0.0,0.7728058695793152,-0.5249720215797424,0.0,0.0,0.0,0.0,0,172.399833
PIDY,172439833,0.0,0.0,0.0,0.0,0.7718679308891296,-0.6383141875267029,0.0,0.0,0.0,0.0,0,172.439833
PIDY,172479833,0.0,0.0,0.0,0.0,0.7706928849220276,-0.728604257106781,0.0,0.0,0.0,0.0,0,172.479833
PIDY,172519833,0.0,0.0,0.0,0.0,0.7695695161819458,-0.7929640412330627,0.0,0.0,0.0,0.0,0,172.519833
PIDY,172559833,0.0,0.0,0.0,0.0,0.7680703401565552,-0.8315650820732117,0.0,0.0,0.0,0.0,0,172.559833
PIDY,172599833,0.0,0.0,0.0,0.0,0.7667446732521057,-0.8433741927146912,0.0,0.0,0.0,0.0,0,172.599833
PIDY,172639833,0.0,0.0,0.0,0.0,0.7651423215866089,-0.8318226337432861,0.0,0.0,0.0,0.0,0,172.639833
PIDY,172679833,0.0,0.0,0.0,0.0,0.7635661363601685,-0.7984403967857361,0.0,0.0,0.0,0.0,0,172.679833
PIDY,172719833,0.0,0.0,0.0,0.0,0.7621877789497375,-0.7475739121437073,0.0,0.0,0.0,0.0,0,172.719833
PIDY,172759833,0.0,0.0,0.0,0.0,0.760786771774292,-0.6812594532966614,0.0,0.0,0.0,0.0,0,172.759833
PIDY,172799833,0.0,0.0,0.0,0.0,0.7597030401229858,-0.6023869514465332,0.0,0.0,0.0,0.0,0,172.799833
PIDY,172839833,0.0,0.0,0.0,0.0,0.7586016058921814,-0.5152381062507629,0.0,0.0,0.0,0.0,0,172.839833
PIDY,172879833,0.0,0.0,0.0,0.0,0.7576776742935181,-0.4235045611858368,0.0,0.0,0.0,0.0,0,172.879833
PIDY,172919833,0.0,0.0,0.0,0.0,0.7570866942405701,-0.33038991689682007,0.0,0.0,0.0,0.0,0,172.919833
PIDY,172959833,0.0,0.0,0.0,0.0,0.7565372586250305,-0.23807530105113983,0.0,0.0,0.0,0.0,0,172.959833
PIDY,172999833,0.0,0.0,0.0,0.0,0.756183922290802,-0.14858482778072357,0.0,0.0,0.0,0.0,0,172.999833
PIDY,173039833,0.0,0.0,0.0,0.0,0.7560049891471863,-0.0638279989361763,0.0,0.0,0.0,0.0,0,173.039833
PIDY,173079833,0.0,0.0,0.0,0.0,0.7559988498687744,0.014271426945924759,0.0,0.0,0.0,0.0,0,173.079833
PIDY,173119833,0.0,0.0,0.0,0.0,0.7561523914337158,0.08553698658943176,0.0,0.0,0.0,0.0,0,173.119833
PIDY,173159833,0.0,0.0,0.0,0.0,0.7564527988433838,0.14809347689151764,0.0,0.0,0.0,0.0,0,173.159833
PIDY,173199833,0.0,0.0,0.0,0.0,0.7568687200546265,0.2020961195230484,0.0,0.0,0.0,0.0,0,173.199833
PIDY,173239833,0.0,0.0,0.0,0.0,0.7574113011360168,0.24677954614162445,0.0,0.0,0.0,0.0,0,173.239833
PIDY,173279833,0.0,0.0,0.0,0.0,0.7580472230911255,0.28214922547340393,0.0,0.0,0.0,0.0,0,173.279833
PIDY,173319833,0.0,0.0,0.0,0.0,0.7586399912834167,0.30823805928230286,0.0,0.0,0.0,0.0,0,173.319833
PIDY,173359833,0.0,0.0,0.0,0.0,0.7594024538993835,0.3256549537181854,0.0,0.0,0.0,0.0,0,173.359833
PIDY,173399833,0.0,0.0,0.0,0.0,0.7599899768829346,0.33414238691329956,0.0,0.0,0.0,0.0,0,173.399833
PIDY,173439833,0.0,0.0,0.0,0.0,0.7608080506324768,0.33502623438835144,0.0,0.0,0.0,0.0,0,173.439833
PIDY,173479833,0.0,0.0,0.0,0.0,0.7616307139396667,0.32989102602005005,0.0,0.0,0.0,0.0,0,173.479833
PIDY,173519833,0.0,0.0,0.0,0.0,0.7622706294059753,0.3196702301502228,0.0,0.0,0.0,0.0,0,173.519833
PIDY,173559833,0.0,0.0,0.0,0.0,0.7630746960639954,0.3090837001800537,0.0,0.0,0.0,0.0,0,173.559833
PIDY,173599833,0.0,0.0,0.0,0.0,0.7636104822158813,0.30084162950515747,0.0,0.0,0.0,0.0,0,173.599833
PIDY,173639833,0.0,0.0,0.0,0.0,0.7644092440605164,0.2939550578594208,0.0,0.0,0.0,0.0,0,173.639833
PIDY,173679833,0.0,0.0,0.0,0.0,0.7652162313461304,0.2894597351551056,0.0,0.0,0.0,0.0,0,173.679833
PIDY,173719833,0.0,0.0,0.0,0.0,0.765758752822876,0.2902722656726837,0.0,0.0,0.0,0.0,0,173.719833
PIDY,173759833,0.0,0.0,0.0,0.0,0.7666228413581848,0.29775431752204895,0.0,0.0,0.0,0.0,0,173.759833
PIDY,173799833,0.0,0.0,0.0,0.0,0.7671284079551697,0.3114349842071533,0.0,0.0,0.0,0.0,0,173.799833
PIDY,173839833,0.0,0.0,0.0,0.0,0.7680999636650085,0.3265124559402466,0.0,0.0,0.0,0.0,0,173.839833
PIDY,173879833,0.0,0.0,0.0,0.0,0.7691198587417603,0.33581191301345825,0.0,0.0,0.0,0.0,0,173.879833
PIDY,173919833,0.0,0.0,0.0,0.0,0.7697931528091431,0.3378136456012726,0.0,0.0,0.0,0.0,0,173.919833
PIDY,173959833,0.0,0.0,0.0,0.0,0.7708487510681152,0.3305476903915405,0.0,0.0,0.0,0.0,0,173.959833
PIDY,173999833,0.0,0.0,0.0,0.0,0.7714548707008362,0.31064102053642273,0.0,0.0,0.0,0.0,0,173.999833
PIDY,174039833,0.0,0.0,0.0,0.0,0.7724286913871765,0.2768803536891937,0.0,0.0,0.0,0.0,0,174.039833
PIDY,174079833,0.0,0.0,0.0,0.0,0.7733099460601807,0.22843173146247864,0.0,0.0,0.0,0.0,0,174.079833
PIDY,174119833,0.0,0.0,0.0,0.0,0.7737823724746704,0.16508524119853973,0.0,0.0,0.0,0.0,0,174.119833
PIDY,174159833,0.0,0.0,0.0,0.0,0.7743755578994751,0.08887580037117004,0.0,0.0,0.0,0.0,0,174.159833
PIDY,174199833,0.0,0.0,0.0,0.0,0.774413526058197,0.002956281416118145,0.0,0.0,0.0,0.0,0,174.199833
PIDY,174239833,0.0,0.0,0.0,0.0,0.7746199369430542,-0.08890768140554428,0.0,0.0,0.0,0.0,0,174.239833
PIDY,174279833,0.0,0.0,0.0,0.0,0.7746156454086304,-0.18348750472068787,0.0,0.0,0.0,0.0,0,174.279833
PIDY,174319833,0.0,0.0,0.0,0.0,0.7740396857261658,-0.27754196524620056,0.0,0.0,0.0,0.0,0,174.319833
PIDY,174359833,0.0,0.0,0.0,0.0,0.7736153602600098,-0.3670334219932556,0.0,0.0,0.0,0.0,0,174.359833
PIDY,174399833,0.0,0.0,0.0,0.0,0.7726923823356628,-0.4468671977519989,0.0,0.0,0.0,0.0,0,174.399833
PIDY,174439833,0.0,0.0,0.0,0.0,0.7719038724899292,-0.5118816494941711,0.0,0.0,0.0,0.0,0,174.439833
PIDY,174479833,0.0,0.0,0.0,0.0,0.7709788680076599,-0.5580001473426819,0.0,0.0,0.0,0.0,0,174.479833
PIDY,174519833,0.0,0.0,0.0,0.0,0.769629955291748,-0.5831125378608704,0.0,0.0,0.0,0.0,0,174.519833
PIDY,174559833,0.0,0.0,0.0,0.0,0.768554151058197,-0.587989330291748,0.0,0.0,0.0,0.0,0,174.559833
PIDY,174599833,0.0,0.0,0.0,0.0,0.7671816349029541,-0.5732409358024597,0.0,0.0,0.0,0.0,0,174.599833
PIDY,174639833,0.0,0.0,0.0,0.0,0.7661244869232178,-0.5408613681793213,0.0,0.0,0.0,0.0,0,174.639833
PIDY,174679833,0.0,0.0,0.0,0.0,0.7651350498199463,-0.49358710646629333,0.0,0.0,0.0,0.0,0,174.679833
PIDY,174719833,0.0,0.0,0.0,0.0,0.7640489339828491,-0.434138685464859,0.0,0.0,0.0,0.0,0,174.719833
PIDY,174759833,0.0,0.0,0.0,0.0,0.7632811665534973,-0.36567288637161255,0.0,0.0,0.0,0.0,0,174.759833
PIDY,174799833,0.0,0.0,0.0,0.0,0.7624253034591675,-0.29066741466522217,0.0,0.0,0.0,0.0,0,174.799833
PIDY,174839833,0.0,0.0,0.0,0.0,0.7619536519050598,-0.21392929553985596,0.0,0.0,0.0,0.0,0,174.839833
PIDY,174879833,0.0,0.0,0.0,0.0,0.7616384625434875,-0.13717222213745117,0.0,0.0,0.0,0.0,0,174.879833
PIDY,174919833,0.0,0.0,0.0,0.0,0.7611944675445557,-0.06288032233715057,0.0,0.0,0.0,0.0,0,174.919833
PIDY,174959833,0.0,0.0,0.0,0.0,0.7611860036849976,0.007752318400889635,0.0,0.0,0.0,0.0,0,174.959833
PIDY,174999833,0.0,0.0,0.0,0.0,0.7609825730323792,0.07320716232061386,0.0,0.0,0.0,0.0,0,174.999833
PIDY,175039833,0.0,0.0,0.0,0.0,0.7612511515617371,0.13221897184848785,0.0,0.0,0.0,0.0,0,175.039833
PIDY,175079833,0.0,0.0,0.0,0.0,0.7616394758224487,0.1837918907403946,0.0,0.0,0.0,0.0,0,175.079833
PIDY,175119833,0.0,0.0,0.0,0.0,0.761917769908905,0.22742138803005219,0.0,0.0,0.0,0.0,0,175.119833
PIDY,175159833,0.0,0.0,0.0,0.0,0.7625041604042053,0.26331865787506104,0.0,0.0,0.0,0.0,0,175.159833
PIDY,175199833,0.0,0.0,0.0,0.0,0.7630229592323303,0.29000383615493774,0.0,0.0,0.0,0.0,0,175.199833
PIDY,175239833,0.0,0.0,0.0,0.0,0.7637430429458618,0.3079289495944977,0.0,0.0,0.0,0.0,0,175.239833
PIDY,175279833,0.0,0.0,0.0,0.0,0.7645030617713928,0.31833115220069885,0.0,0.0,0.0,0.0,0,175.279833
PIDY,175319833,0.0,0.0,0.0,0.0,0.7651621699333191,0.3214189112186432,0.0,0.0,0.0,0.0,0,175.319833
PIDY,175359833,0.0,0.0,0.0,0.0,0.765954315662384,0.31782639026641846,0.0,0.0,0.0,0.0,0,175.359833
PIDY,175399833,0.0,0.0,0.0,0.0,0.7664469480514526,0.30718034505844116,0.0,0.0,0.0,0.0,0,175.399833
PIDY,175439833,0.0,0.0,0.0,0.0,0.7672099471092224,0.29090267419815063,0.0,0.0,0.0,0.0,0,175.439833
PIDY,175479833,0.0,0.0,0.0,0.0,0.7679393887519836,0.2700623869895935,0.0,0.0,0.0,0.0,0,175.479833
PIDY,175519833,0.0,0.0,0.0,0.0,0.768386960029602,0.24449601769447327,0.0,0.0,0.0,0.0,0,175.519833
PIDY,175559833,0.0,0.0,0.0,0.0,0.7690204977989197,0.21665415167808533,0.0,0.0,0.0,0.0,0,175.559833
PIDY,175599833,0.0,0.0,0.0,0.0,0.7694045305252075,0.1939120590686798,0.0,0.0,0.0,0.0,0,175.599833
PIDY,175639833,0.0,0.0,0.0,0.0,0.7699659466743469,0.18277062475681305,0.0,0.0,0.0,0.0,0,175.639833
PIDY,175679833,0.0,0.0,0.0,0.0,0.7705281376838684,0.18401989340782166,0.0,0.0,0.0,0.0,0,175.679833
PIDY,175719833,0.0,0.0,0.0,0.0,0.7708722949028015,0.19933806359767914,0.0,0.0,0.0,0.0,0,175.719833
PIDY,175759833,0.0,0.0,0.0,0.0,0.7715294361114502,0.22995443642139435,0.0,0.0,0.0,0.0,0,175.759833
PIDY,175799833,0.0,0.0,0.0,0.0,0.7720606327056885,0.2771449387073517,0.0,0.0,0.0,0.0,0,175.799833
PIDY,175839833,0.0,0.0,0.0,0.0,0.7729548811912537,0.33962276577949524,0.0,0.0,0.0,0.0,0,175.839833
PIDY,175879833,0.0,0.0,0.0,0.0,0.7740151882171631,0.41344043612480164,0.0,0.0,0.0,0.0,0,175.879833
PIDY,175919833,0.0,0.0,0.0,0.0,0.7751119136810303,0.48553887009620667,0.0,0.0,0.0,0.0,0,175.919833
PIDY,175959833,0.0,0.0,0.0,0.0,0.7765073180198669,0.5460124611854553,0.0,0.0,0.0,0.0,0,175.959833
PIDY,175999833,0.0,0.0,0.0,0.0,0.7780176997184753,0.5874722599983215,0.0,0.0,0.0,0.0,0,175.999833
PIDY,176039833,0.0,0.0,0.0,0.0,0.7796182036399841,0.6048471927642822,0.0,0.0,0.0,0.0,0,176.039833
PIDY,176079833,0.0,0.0,0.0,0.0,0.7812346816062927,0.592578113079071,0.0,0.0,0.0,0.0,0,176.079833
PIDY,176119833,0.0,0.0,0.0,0.0,0.7827492356300354,0.5497968792915344,0.0,0.0,0.0,0.0,0,176.119833
PIDY,176159833,0.0,0.0,0.0,0.0,0.7841969132423401,0.47739022970199585,0.0,0.0,0.0,0.0,0,176.159833
PIDY,176199833,0.0,0.0,0.0,0.0,0.7853603363037109,0.3782708942890167,0.0,0.0,0.0,0.0,0,176.199833
PIDY,176239833,0.0,0.0,0.0,0.0,0.7863956689834595,0.2575661242008209,0.0,0.0,0.0,0.0,0,176.239833
PIDY,176279833,0.0,0.0,0.0,0.0,0.787153959274292,0.12043236941099167,0.0,0.0,0.0,0.0,0,176.279833
PIDY,176319833,0.0,0.0,0.0,0.0,0.7875216603279114,-0.02767087332904339,0.0,0.0,0.0,0.0,0,176.319833
PIDY,176359833,0.0,0.0,0.0,0.0,0.7876473069190979,-0.1797247678041458,0.0,0.0,0.0,0.0,0,176.359833
PIDY,176399833,0.0,0.0,0.0,0.0,0.7873119711875916,-0.3298457860946655,0.0,0.0,0.0,0.0,0,176.399833
PIDY,176439833,0.0,0.0,0.0,0.0,0.7867889404296875,-0.47287917137145996,0.0,0.0,0.0,0.0,0,176.439833
PIDY,176479833,0.0,0.0,0.0,0.0,0.7859631180763245,-0.6022313237190247,0.0,0.0,0.0,0.0,0,176.479833
PIDY,176519833,0.0,0.0,0.0,0.0,0.7849045395851135,-0.7118934392929077,0.0,0.0,0.0,0.0,0,176.519833
PIDY,176559833,0.0,0.0,0.0,0.0,0.7835765480995178,-0.7970908880233765,0.0,0.0,0.0,0.0,0,176.559833
PIDY,176599833,0.0,0.0,0.0,0.0,0.7821667790412903,-0.8548347353935242,0.0,0.0,0.0,0.0,0,176.599833
PIDY,176639833,0.0,0.0,0.0,0.0,0.7805450558662415,-0.8852494359016418,0.0,0.0,0.0,0.0,0,176.639833
PIDY,176679833,0.0,0.0,0.0,0.0,0.7788634300231934,-0.8889418840408325,0.0,0.0,0.0,0.0,0,176.679833
PIDY,176719833,0.0,0.0,0.0,0.0,0.7771934866905212,-0.8683503270149231,0.0,0.0,0.0,0.0,0,176.719833
PIDY,176759833,0.0,0.0,0.0,0.0,0.7755452394485474,-0.8263992071151733,0.0,0.0,0.0,0.0,0,176.759833
PIDY,176799833,0.0,0.0,0.0,0.0,0.7740533351898193,-0.7665289044380188,0.0,0.0,0.0,0.0,0,176.799833
PIDY,176839833,0.0,0.0,0.0,0.0,0.7726082801818848,-0.6927897930145264,0.0,0.0,0.0,0.0,0,176.839833
PIDY,176879833,0.0,0.0,0.0,0.0,0.7713094353675842,-0.6092652678489685,0.0,0.0,0.0,0.0,0,176.879833
PIDY,176919833,0.0,0.0,0.0,0.0,0.7701295614242554,-0.5186761617660522,0.0,0.0,0.0,0.0,0,176.919833
PIDY,176959833,0.0,0.0,0.0,0.0,0.7691810131072998,-0.4248098134994507,0.0,0.0,0.0,0.0,0,176.959833
PIDY,176999833,0.0,0.0,0.0,0.0,0.7684950828552246,-0.3293289542198181,0.0,0.0,0.0,0.0,0,176.999833
PIDY,177039833,0.0,0.0,0.0,0.0,0.7679325342178345,-0.23521195352077484,0.0,0.0,0.0,0.0,0,177.039833
PIDY,177079833,0.0,0.0,0.0,0.0,0.7675624489784241,-0.14389221370220184,0.0,0.0,0.0,0.0,0,177.079833
PIDY,177119833,0.0,0.0,0.0,0.0,0.7674432396888733,-0.05762608349323273,0.0,0.0,0.0,0.0,0,177.119833
PIDY,177159833,0.0,0.0,0.0,0.0,0.7674329280853271,0.0220248531550169,0.0,0.0,0.0,0.0,0,177.159833
PIDY,177199833,0.0,0.0,0.0,0.0,0.7676228284835815,0.09295547753572464,0.0,0.0,0.0,0.0,0,177.199833
PIDY,177239833,0.0,0.0,0.0,0.0,0.7679197788238525,0.15537790954113007,0.0,0.0,0.0,0.0,0,177.239833
PIDY,177279833,0.0,0.0,0.0,0.0,0.7683451175689697,0.20833779871463776,0.0,0.0,0.0,0.0,0,177.279833
PIDY,177319833,0.0,0.0,0.0,0.0,0.7690191268920898,0.2518293857574463,0.0,0.0,0.0,0.0,0,177.319833
PIDY,177359833,0.0,0.0,0.0,0.0,0.769641101360321,0.285888135433197,0.0,0.0,0.0,0.0,0,177.359833
PIDY,177399833,0.0,0.0,0.0,0.0,0.7703924179077148,0.31066858768463135,0.0,0.0,0.0,0.0,0,177.399833
PIDY,177439833,0.0,0.0,0.0,0.0,0.7711300253868103,0.3265784680843353,0.0,0.0,0.0,0.0,0,177.439833
PIDY,177479833,0.0,0.0,0.0,0.0,0.771899402141571,0.33447158336639404,0.0,0.0,0.0,0.0,0,177.479833
PIDY,177519833,0.0,0.0,0.0,0.0,0.7727827429771423,0.3369975686073303,0.0,0.0,0.0,0.0,0,177.519833
PIDY,177559833,0.0,0.0,0.0,0.0,0.7735906839370728,0.33973750472068787,0.0,0.0,0.0,0.0,0,177.559833
PIDY,177599833,0.0,0.0,0.0,0.0,0.7746385931968689,0.34334027767181396,0.0,0.0,0.0,0.0,0,177.599833
PIDY,177639833,0.0,0.0,0.0,0.0,0.7755009531974792,0.34748566150665283,0.0,0.0,0.0,0.0,0,177.639833
PIDY,177679833,0.0,0.0,0.0,0.0,0.7763959765434265,0.3524017930030823,0.0,0.0,0.0,0.0,0,177.679833
PIDY,177719833,0.0,0.0,0.0,0.0,0.7775835394859314,0.36080488562583923,0.0,0.0,0.0,0.0,0,177.719833
PIDY,177759833,0.0,0.0,0.0,0.0,0.778573215007782,0.375079870223999,0.0,0.0,0.0,0.0,0,177.759833
PIDY,177799833,0.0,0.0,0.0,0.0,0.7797431349754333,0.3951830565929413,0.0,0.0,0.0,0.0,0,177.799833
PIDY,177839833,0.0,0.0,0.0,0.0,0.7808674573898315,0.41364172101020813,0.0,0.0,0.0,0.0,0,177.839833
PIDY,177879833,0.0,0.0,0.0,0.0,0.7820457220077515,0.42476320266723633,0.0,0.0,0.0,0.0,0,177.879833
PIDY,177919833,0.0,0.0,0.0,0.0,0.783440351486206,0.42724838852882385,0.0,0.0,0.0,0.0,0,177.919833
PIDY,177959833,0.0,0.0,0.0,0.0,0.7846611142158508,0.41886013746261597,0.0,0.0,0.0,0.0,0,177.959833
PIDY,177999833,0.0,0.0,0.0,0.0,0.7860826253890991,0.396811306476593,0.0,0.0,0.0,0.0,0,177.999833
PIDY,178039833,0.0,0.0,0.0,0.0,0.7872183322906494,0.35714221000671387,0.0,0.0,0.0,0.0,0,178.039833
PIDY,178079833,0.0,0.0,0.0,0.0,0.7882503867149353,0.3003230392932892,0.0,0.0,0.0,0.0,0,178.079833
PIDY,178119833,0.0,0.0,0.0,0.0,0.7894264459609985,0.2276463359594345,0.0,0.0,0.0,0.0,0,178.119833
PIDY,178159833,0.0,0.0,0.0,0.0,0.7901384234428406,0.14187996089458466,0.0,0.0,0.0,0.0,0,178.159833
PIDY,178199833,0.0,0.0,0.0,0.0,0.7909632325172424,0.045561183243989944,0.0,0.0,0.0,0.0,0,178.199833
PIDY,178239833,0.0,0.0,0.0,0.0,0.7912482619285583,-0.05689315125346184,0.0,0.0,0.0,0.0,0,178.239833
PIDY,178279833,0.0,0.0,0.0,0.0,0.7913009524345398,-0.16205766797065735,0.0,0.0,0.0,0.0,0,178.279833
PIDY,178319833,0.0,0.0,0.0,0.0,0.7914039492607117,-0.2662762403488159,0.0,0.0,0.0,0.0,0,178.319833
PIDY,178359833,0.0,0.0,0.0,0.0,0.7909930944442749,-0.36633026599884033,0.0,0.0,0.0,0.0,0,178.359833
PIDY,178399833,0.0,0.0,0.0,0.0,0.790644109249115,-0.45709431171417236,0.0,0.0,0.0,0.0,0,178.399833
PIDY,178439833,0.0,0.0,0.0,0.0,0.7898223996162415,-0.5334348678588867,0.0,0.0,0.0,0.0,0,178.439833
PIDY,178479833,0.0,0.0,0.0,0.0,0.7888385653495789,-0.5914245247840881,0.0,0.0,0.0,0.0,0,178.479833
PIDY,178519833,0.0,0.0,0.0,0.0,0.7878974676132202,-0.6280141472816467,0.0,0.0,0.0,0.0,0,178.519833
PIDY,178559833,0.0,0.0,0.0,0.0,0.7867215871810913,-0.6425008177757263,0.0,0.0,0.0,0.0,0,178.559833
PIDY,178599833,0.0,0.0,0.0,0.0,0.7856104373931885,-0.6352962255477905,0.0,0.0,0.0,0.0,0,178.599833
PIDY,178639833,0.0,0.0,0.0,0.0,0.7844271659851074,-0.6088422536849976,0.0,0.0,0.0,0.0,0,178.639833
PIDY,178679833,0.0,0.0,0.0,0.0,0.7833008170127869,-0.5648925304412842,0.0,0.0,0.0,0.0,0,178.679833
PIDY,178719833,0.0,0.0,0.0,0.0,0.7822563648223877,-0.5073446035385132,0.0,0.0,0.0,0.0,0,178.719833
PIDY,178759833,0.0,0.0,0.0,0.0,0.7813416123390198,-0.43941763043403625,0.0,0.0,0.0,0.0,0,178.759833
PIDY,178799833,0.0,0.0,0.0,0.0,0.7806530594825745,-0.3639809489250183,0.0,0.0,0.0,0.0,0,178.799833
PIDY,178839833,0.0,0.0,0.0,0.0,0.7800331711769104,-0.28492823243141174,0.0,0.0,0.0,0.0,0,178.839833
PIDY,178879833,0.0,0.0,0.0,0.0,0.7795733213424683,-0.20491932332515717,0.0,0.0,0.0,0.0,0,178.879833
PIDY,178919833,0.0,0.0,0.0,0.0,0.7793002128601074,-0.12611931562423706,0.0,0.0,0.0,0.0,0,178.919833
PIDY,178959833,0.0,0.0,0.0,0.0,0.7791628241539001,-0.04970935359597206,0.0,0.0,0.0,0.0,0,178.959833
PIDY,178999833,0.0,0.0,0.0,0.0,0.7791027426719666,0.021771535277366638,0.0,0.0,0.0,0.0,0,178.999833
PIDY,179039833,0.0,0.0,0.0,0.0,0.7792665362358093,0.08630773425102234,0.0,0.0,0.0,0.0,0,179.039833
PIDY,179079833,0.0,0.0,0.0,0.0,0.7795631885528564,0.144148051738739,0.0,0.0,0.0,0.0,0,179.079833
PIDY,179119833,0.0,0.0,0.0,0.0,0.7798078656196594,0.19413702189922333,0.0,0.0,0.0,0.0,0,179.119833
PIDY,179159833,0.0,0.0,0.0,0.0,0.7803279161453247,0.23511722683906555,0.0,0.0,0.0,0.0,0,179.159833
PIDY,179199833,0.0,0.0,0.0,0.0,0.7808290719985962,0.2675881087779999,0.0,0.0,0.0,0.0,0,179.199833
PIDY,179239833,0.0,0.0,0.0,0.0,0.7815021276473999,0.2920553386211395,0.0,0.0,0.0,0.0,0,179.239833
PIDY,179279833,0.0,0.0,0.0,0.0,0.7822257280349731,0.30821868777275085,0.0,0.0,0.0,0.0,0,179.279833
PIDY,179319833,0.0,0.0,0.0,0.0,0.7827993631362915,0.31607910990715027,0.0,0.0,0.0,0.0,0,179.319833
PIDY,179359833,0.0,0.0,0.0,0.0,0.7835740447044373,0.3172471225261688,0.0,0.0,0.0,0.0,0,179.359833
PIDY,179399833,0.0,0.0,0.0,0.0,0.7841500639915466,0.3102496564388275,0.0,0.0,0.0,0.0,0,179.399833
PIDY,179439833,0.0,0.0,0.0,0.0,0.784911036491394,0.29421359300613403,0.0,0.0,0.0,0.0,0,179.439833
PIDY,179479833,0.0,0.0,0.0,0.0,0.7856366634368896,0.26654553413391113,0.0,0.0,0.0,0.0,0,179.479833
PIDY,179519833,0.0,0.0,0.0,0.0,0.7862411141395569,0.2255321890115738,0.0,0.0,0.0,0.0,0,179.519833
PIDY,179559833,0.0,0.0,0.0,0.0,0.7868150472640991,0.17201995849609375,0.0,0.0,0.0,0.0,0,179.559833
PIDY,179599833,0.0,0.0,0.0,0.0,0.7872396111488342,0.10735813528299332,0.0,0.0,0.0,0.0,0,179.599833
PIDY,179639833,0.0,0.0,0.0,0.0,0.7875643372535706,0.03721906244754791,0.0,0.0,0.0,0.0,0,179.639833
PIDY,179679833,0.0,0.0,0.0,0.0,0.7877578735351562,-0.02829163335263729,0.0,0.0,0.0,0.0,0,179.679833
PIDY,179719833,0.0,0.0,0.0,0.0,0.7877008318901062,-0.08389545977115631,0.0,0.0,0.0,0.0,0,179.719833
PIDY,179759833,0.0,0.0,0.0,0.0,0.7876862287521362,-0.12658216059207916,0.0,0.0,0.0,0.0,0,179.759833
PIDY,179799833,0.0,0.0,0.0,0.0,0.7873954772949219,-0.15177437663078308,0.0,0.0,0.0,0.0,0,179.799833
PIDY,179839833,0.0,0.0,0.0,0.0,0.7873055338859558,-0.15545237064361572,0.0,0.0,0.0,0.0,0,179.839833
PIDY,179879833,0.0,0.0,0.0,0.0,0.7872441411018372,-0.13784581422805786,0.0,0.0,0.0,0.0,0,179.879833
PIDY,179919833,0.0,0.0,0.0,0.0,0.7871701121330261,-0.10636968165636063,0.0,0.0,0.0,0.0,0,179.919833
PIDY,179959833,0.0,0.0,0.0,0.0,0.7872546911239624,-0.06877554208040237,0.0,0.0,0.0,0.0,0,179.959833
PIDY,179999833,0.0,0.0,0.0,0.0,0.7873688340187073,-0.027481846511363983,0.0,0.0,0.0,0.0,0,179.999833
PIDY,180039833,0.0,0.0,0.0,0.0,0.7876353859901428,0.012786643579602242,0.0,0.0,0.0,0.0,0,180.039833
PIDY,180079833,0.0,0.0,0.0,0.0,0.7879814505577087,0.04712306708097458,0.0,0.0,0.0,0.0,0,180.079833
PIDY,180119833,0.0,0.0,0.0,0.0,0.788320004940033,0.0703013613820076,0.0,0.0,0.0,0.0,0,180.119833
PIDY,180159833,0.0,0.0,0.0,0.0,0.7887508869171143,0.08116237819194794,0.0,0.0,0.0,0.0,0,180.159833
PIDY,180199833,0.0,0.0,0.0,0.0,0.7890085577964783,0.07904940098524094,0.0,0.0,0.0,0.0,0,180.199833
PIDY,180239833,0.0,0.0,0.0,0.0,0.7894086837768555,0.06342627108097076,0.0,0.0,0.0,0.0,0,180.239833
PIDY,180279833,0.0,0.0,0.0,0.0,0.7897505760192871,0.03573145344853401,0.0,0.0,0.0,0.0,0,180.279833
PIDY,180319833,0.0,0.0,0.0,0.0,0.7898542284965515,-0.0017354628071188927,0.0,0.0,0.0,0.0,0,180.319833
PIDY,180359833,0.0,0.0,0.0,0.0,0.7900152802467346,-0.0473240464925766,0.0,0.0,0.0,0.0,0,180.359833
PIDY,180399833,0.0,0.0,0.0,0.0,0.7900661826133728,-0.09777536243200302,0.0,0.0,0.0,0.0,0,180.399833
PIDY,180439833,0.0,0.0,0.0,0.0,0.7899932265281677,-0.1511477828025818,0.0,0.0,0.0,0.0,0,180.439833
PIDY,180479833,0.0,0.0,0.0,0.0,0.7897968888282776,-0.205107182264328,0.0,0.0,0.0,0.0,0,180.479833
PIDY,180519833,0.0,0.0,0.0,0.0,0.7895156741142273,-0.2571737766265869,0.0,0.0,0.0,0.0,0,180.519833
PIDY,180559833,0.0,0.0,0.0,0.0,0.7890826463699341,-0.3048133850097656,0.0,0.0,0.0,0.0,0,180.559833
PIDY,180599833,0.0,0.0,0.0,0.0,0.7886013984680176,-0.34314486384391785,0.0,0.0,0.0,0.0,0,180.599833
PIDY,180639833,0.0,0.0,0.0,0.0,0.787988543510437,-0.36857977509498596,0.0,0.0,0.0,0.0,0,180.639833
PIDY,180679833,0.0,0.0,0.0,0.0,0.7873250842094421,-0.37866640090942383,0.0,0.0,0.0,0.0,0,180.679833
PIDY,180719833,0.0,0.0,0.0,0.0,0.7866249084472656,-0.372035950422287,0.0,0.0,0.0,0.0,0,180.719833
PIDY,180759833,0.0,0.0,0.0,0.0,0.7859607338905334,-0.3495312035083771,0.0,0.0,0.0,0.0,0,180.759833
PIDY,180799833,0.0,0.0,0.0,0.0,0.7854206562042236,-0.31191182136535645,0.0,0.0,0.0,0.0,0,180.799833
PIDY,180839833,0.0,0.0,0.0,0.0,0.784887433052063,-0.26283878087997437,0.0,0.0,0.0,0.0,0,180.839833
PIDY,180879833,0.0,0.0,0.0,0.0,0.7844566106796265,-0.20459608733654022,0.0,0.0,0.0,0.0,0,180.879833
PIDY,180919833,0.0,0.0,0.0,0.0,0.7841503024101257,-0.1401441991329193,0.0,0.0,0.0,0.0,0,180.919833
PIDY,180959833,0.0,0.0,0.0,0.0,0.7839711308479309,-0.07242029905319214,0.0,0.0,0.0,0.0,0,180.959833
PIDY,180999833,0.0,0.0,0.0,0.0,0.7838570475578308,-0.003774680197238922,0.0,0.0,0.0,0.0,0,180.999833
PIDY,181039833,0.0,0.0,0.0,0.0,0.7839587330818176,0.06294156610965729,0.0,0.0,0.0,0.0,0,181.039833
PIDY,181079833,0.0,0.0,0.0,0.0,0.7841969728469849,0.12559516727924347,0.0,0.0,0.0,0.0,0,181.079833
PIDY,181119833,0.0,0.0,0.0,0.0,0.7845295071601868,0.1829114854335785,0.0,0.0,0.0,0.0,0,181.119833
PIDY,181159833,0.0,0.0,0.0,0.0,0.7850152850151062,0.233385369181633,0.0,0.0,0.0,0.0,0,181.159833
PIDY,181199833,0.0,0.0,0.0,0.0,0.785597026348114,0.2758047878742218,0.0,0.0,0.0,0.0,0,181.199833
PIDY,181239833,0.0,0.0,0.0,0.0,0.7862737774848938,0.30944713950157166,0.0,0.0,0.0,0.0,0,181.239833
PIDY,181279833,0.0,0.0,0.0,0.0,0.7870204448699951,0.33437204360961914,0.0,0.0,0.0,0.0,0,181.279833
PIDY,181319833,0.0,0.0,0.0,0.0,0.7878496646881104,0.35078147053718567,0.0,0.0,0.0,0.0,0,181.319833
PIDY,181359833,0.0,0.0,0.0,0.0,0.7886836528778076,0.3568843901157379,0.0,0.0,0.0,0.0,0,181.359833
PIDY,181399833,0.0,0.0,0.0,0.0,0.7896141409873962,0.34944742918014526,0.0,0.0,0.0,0.0,0,181.399833
PIDY,181439833,0.0,0.0,0.0,0.0,0.7904409170150757,0.32727745175361633,0.0,0.0,0.0,0.0,0,181.439833
PIDY,181479833,0.0,0.0,0.0,0.0,0.7912207245826721,0.2906029224395752,0.0,0.0,0.0,0.0,0,181.479833
PIDY,181519833,0.0,0.0,0.0,0.0,0.7920048832893372,0.24025599658489227,0.0,0.0,0.0,0.0,0,181.519833
PIDY,181559833,0.0,0.0,0.0,0.0,0.7926034927368164,0.17755773663520813,0.0,0.0,0.0,0.0,0,181.559833
PIDY,181599833,0.0,0.0,0.0,0.0,0.7931438088417053,0.10445111989974976,0.0,0.0,0.0,0.0,0,181.599833
PIDY,181639833,0.0,0.0,0.0,0.0,0.7934611439704895,0.024278424680233,0.0,0.0,0.0,0.0,0,181.639833
PIDY,181679833,0.0,0.0,0.0,0.0,0.7936133742332458,-0.05996689945459366,0.0,0.0,0.0,0.0,0,181.679833
PIDY,181719833,0.0,0.0,0.0,0.0,0.7937429547309875,-0.14504419267177582,0.0,0.0,0.0,0.0,0,181.719833
PIDY,181759833,0.0,0.0,0.0,0.0,0.7935472130775452,-0.22795550525188446,0.0,0.0,0.0,0.0,0,181.759833
PIDY,181799833,0.0,0.0,0.0,0.0,0.7934104800224304,-0.307242751121521,0.0,0.0,0.0,0.0,0,181.799833
PIDY,181839833,0.0,0.0,0.0,0.0,0.7928783297538757,-0.3791143000125885,0.0,0.0,0.0,0.0,0,181.839833
PIDY,181879833,0.0,0.0,0.0,0.0,0.7921972870826721,-0.43839702010154724,0.0,0.0,0.0,0.0,0,181.879833
PIDY,181919833,0.0,0.0,0.0,0.0,0.791540265083313,-0.48142796754837036,0.0,0.0,0.0,0.0,0,181.919833
PIDY,181959833,0.0,0.0,0.0,0.0,0.7906498312950134,-0.5054211616516113,0.0,0.0,0.0,0.0,0,181.959833
PIDY,181999833,0.0,0.0,0.0,0.0,0.7899146676063538,-0.5097161531448364,0.0,0.0,0.0,0.0,0,181.999833
PIDY,182039833,0.0,0.0,0.0,0.0,0.7889701128005981,-0.49507832527160645,0.0,0.0,0.0,0.0,0,182.039833
PIDY,182079833,0.0,0.0,0.0,0.0,0.788055956363678,-0.4632018208503723,0.0,0.0,0.0,0.0,0,182.079833
PIDY,182119833,0.0,0.0,0.0,0.0,0.7874484658241272,-0.41648051142692566,0.0,0.0,0.0,0.0,0,182.119833
PIDY,182159833,0.0,0.0,0.0,0.0,0.7867017984390259,-0.35064947605133057,0.0,0.0,0.0,0.0,0,182.159833
PIDY,182199833,0.0,0.0,0.0,0.0,0.7862330675125122,-0.26258283853530884,0.0,0.0,0.0,0.0,0,182.199833
PIDY,182239833,0.0,0.0,0.0,0.0,0.7858408689498901,-0.1559855043888092,0.0,0.0,0.0,0.0,0,182.239833
PIDY,182279833,0.0,0.0,0.0,0.0,0.7856916189193726,-0.03271905705332756,0.0,0.0,0.0,0.0,0,182.279833
PIDY,182319833,0.0,0.0,0.0,0.0,0.7859503030776978,0.10700219124555588,0.0,0.0,0.0,0.0,0,182.319833
PIDY,182359833,0.0,0.0,0.0,0.0,0.7864101529121399,0.25889894366264343,0.0,0.0,0.0,0.0,0,182.359833
PIDY,182399833,0.0,0.0,0.0,0.0,0.7873446941375732,0.4204288721084595,0.0,0.0,0.0,0.0,0,182.399833
PIDY,182439833,0.0,0.0,0.0,0.0,0.7885279655456543,0.5878002643585205,0.0,0.0,0.0,0.0,0,182.439833
PIDY,182479833,0.0,0.0,0.0,0.0,0.7900843620300293,0.7470727562904358,0.0,0.0,0.0,0.0,0,182.479833
PIDY,182519833,0.0,0.0,0.0,0.0,0.7922367453575134,0.8848599195480347,0.0,0.0,0.0,0.0,0,182.519833
PIDY,182559833,0.0,0.0,0.0,0.0,0.7944225668907166,0.9926071166992188,0.0,0.0,0.0,0.0,0,182.559833
PIDY,182599833,0.0,0.0,0.0,0.0,0.7971490621566772,1.065146803855896,0.0,0.0,0.0,0.0,0,182.599833
PIDY,182639833,0.0,0.0,0.0,0.0,0.7996904850006104,1.0966356992721558,0.0,0.0,0.0,0.0,0,182.639833
PIDY,182679833,0.0,0.0,0.0,0.0,0.802274763584137,1.0825937986373901,0.0,0.0,0.0,0.0,0,182.679833
PIDY,182719833,0.0,0.0,0.0,0.0,0.8050122261047363,1.0216035842895508,0.0,0.0,0.0,0.0,0,182.719833
PIDY,182759833,0.0,0.0,0.0,0.0,0.8073812127113342,0.915080189704895,0.0,0.0,0.0,0.0,0,182.759833
PIDY,182799833,0.0,0.0,0.0,0.0,0.8096203804016113,0.7669324278831482,0.0,0.0,0.0,0.0,0,182.799833
PIDY,182839833,0.0,0.0,0.0,0.0,0.8113940954208374,0.5829037427902222,0.0,0.0,0.0,0.0,0,182.839833
PIDY,182879833,0.0,0.0,0.0,0.0,0.8127560019493103,0.37215813994407654,0.0,0.0,0.0,0.0,0,182.879833
PIDY,182919833,0.0,0.0,0.0,0.0,0.8137546181678772,0.14425446093082428,0.0,0.0,0.0,0.0,0,182.919833
PIDY,182959833,0.0,0.0,0.0,0.0,0.8141621947288513,-0.08911071717739105,0.0,0.0,0.0,0.0,0,182.959833
PIDY,182999833,0.0,0.0,0.0,0.0,0.8140785694122314,-0.3166123628616333,0.0,0.0,0.0,0.0,0,182.999833
