time_s,external_roll_target_deg,external_pitch_target_deg,command_airspeed_mps,north_m,east_m,down_m,u_mps,v_mps,w_mps,p_deg_s,q_deg_s,r_deg_s,roll_deg,pitch_deg,yaw_deg,alpha_deg,beta_deg,airspeed_mps,altitude_m,protocol_throttle_pwm_us,protocol_aileron_left_pwm_us,protocol_aileron_right_pwm_us,protocol_elevator_pwm_us,protocol_rudder_pwm_us,protocol_timestamp_s,protocol_frame_count,protocol_frame_rate_hz,protocol_valid,throttle_actual,aileron_left_actual_deg,aileron_right_actual_deg,elevator_actual_deg,rudder_actual_deg
0,0,0,13,0,0,-120,12.999693909385,0,0.0892090931365611,0,0,0,0,0.393180357480759,0,0.393180357480759,0,13,120,980,1500,1500,1500,1500,0.02,1,50,1,0.399236183899769,0,0,0.0364700877860353,0
0.02,0,0,13,0.259999975977793,0,-120.000005479156,12.9996940973622,0,0.0886816100545261,0,0.00549534396646527,0,0,0.39320839764644,0,0.390855594047542,0,12.9999965789594,120.000005479156,980,1500,1500,1500,1500,0.04,2,50,1,0,0,0,0.0231254955891254,0
0.04,0,0,13,0.519942042573989,0,-120.000019898274,12.9939097770519,0,0.0883726789811242,0,0.0265637835830874,0,0,0.39351201620503,0,0.38966743270048,0,12.9942102886076,120.000019898274,980,1500,1500,1500,1500,0.06,3,50,1,0,0,0,0.0130593864395896,0
0.06,0,0,13,0.779768399535458,0,-120.000039064804,12.988125309721,0,0.0883713684059862,0,0.0546932451742857,0,0,0.394319217846175,0,0.389835190709027,0,12.9884259461941,120.000039064804,980,1500,1500,1500,1500,0.08,4,50,1,0,0,0,0.00737487218473864,0
0.08,0,0,13,1.03947910205325,0,-120.000059557835,12.9823423757505,0,0.0886521950577712,0,0.0842944331238647,0,0,0.395710219220824,0,0.391248168047645,0,12.98264506073,120.000059557835,980,1500,1500,1500,1500,0.1,5,50,1,0,0,0,0.00416472397021286,0
0.1,0,0,13,1.29907423043108,0,-120.000078743201,12.9765622352072,0,0.0891786363182146,0,0.112272072763782,0,0,0.397680535193009,0,0.393746737758754,0,12.9768686620995,120.000078743201,980,1500,1500,1500,1500,0.12,6,50,1,0,0,0,0.00235189509913931,0
0.12,0,0,13,1.55855388191233,0,-120.000094621154,12.9707858242005,0,0.0899107888536919,0,0.136981509601663,0,0,0.400179512276919,0,0.397156062605273,0,12.9710974418988,120.000094621154,980,1500,1500,1500,1500,0.14,7,50,1,0,0,0,0.0013281577835452,0
0.14,0,0,13,1.81791816498006,0,-120.000105694822,12.9650138370868,0,0.0908095090491851,0,0.157628197478558,0,0,0.403132817585203,0,0.401304355842817,0,12.9653318570249,120.000105694822,980,1500,1500,1500,1500,0.16,8,50,1,0,0,0,0.000750034769253634,0
0.16,0,0,13,2.07716719548729,0,-120.000110857041,12.9592467950557,0,0.0918385469958436,0,0.173918921406113,0,0,0.406455657828819,0,0.40603232096123,0,12.9595722079811,120.000110857041,980,1500,1500,1500,1500,0.18,9,50,1,0,0,0,0.000423558226333435,0
0.18,0,0,13,2.33630109417383,0,-120.000109293678,12.9534851024321,0,0.0929655360727751,0,0.18585673091463,0,0,0.410060585956445,0,0.41119755538142,0,12.953818699126,120.000109293678,980,1500,1500,1500,1500,0.2,10,50,1,0,0,0,0.000239191006135955,0
0.2,0,0,13,2.59531998524788,0,-120.000100401786,12.9477290922507,0,0.0941623320113564,0,0.19361846041965,0,0,0.41386210375622,0,0.416676087647982,0,12.9480714854021,120.000100401786,980,1500,1500,1500,1500,0.22,11,50,1,0,0,0,0.000135075495786243,0
0.22,0,0,13,2.85422399578929,0,-120.00008372107,12.9419790626372,0,0.0954049861491942,0,0.197480177777253,0,0,0.417779334728228,0,0.422362299447399,0,12.9423307085363,120.00008372107,980,1500,1500,1500,1500,0.24,12,50,1,0,0,0,7.6279580309674e-05,0
0.24,0,0,13,3.1130132557841,0,-120.000058877264,12.9362353053912,0,0.0966735182411545,0,0.1977708403554,0,0,0.421737511169126,0,0.428167959754155,0,12.9365965248043,120.000058877264,980,1500,1500,1500,1500,0.26,13,50,1,0,0,0,4.30764613400192e-05,0
0.26,0,0,13,3.37168789863772,0,-120.000025536057,12.9304981280063,0,0.0979515857058285,0,0.194842875356626,0,0,0.425668716943573,0,0.434020797566962,0,12.930869125914,120.000025536057,980,1500,1500,1500,1500,0.28,14,50,1,0,0,0,2.43260583506755e-05,0
0.28,0,0,13,3.6302480620421,0,-119.999983366303,12.9247678702031,0,0.0992261065482841,0,0.189053172498267,0,0,0.429512153735775,0,0.439862865528909,0,12.9251487542254,119.999983366303,980,1500,1500,1500,1500,0.3,15,50,1,0,0,0,1.37373659876446e-05,0
0.3,0,0,13,3.88869388909475,0,-119.999932011334,12.9190449159008,0,0.100486869994267,0,0.18075068117151,0,0,0.433214097784796,0,0.445648844720379,0,12.9194357133005,119.999932011334,980,1500,1500,1500,1500,0.32,16,50,1,0,0,0,7.75773952187593e-06,0
0.32,0,0,13,4.14702552958542,0,-119.99987106724,12.9133297014256,0,0.101726155078229,0,0.170268342308302,0,0,0.436727654688946,0,0.451344380256504,0,12.9137303746186,119.99987106724,980,1500,1500,1500,1500,0.34,17,50,1,0,0,0,4.38093609381915e-06,0
0.34,0,0,13,4.40524314138192,0,-119.99980006711,12.9076227206381,0,0.102938369074006,0,0.15791796556865,0,0,0.440012384039433,0,0.45692450056051,0,12.908033181169,119.99980006711,980,1500,1500,1500,1500,0.36,18,50,1,0,0,0,2.47399400353756e-06,0
0.36,0,0,13,4.66334689185916,0,-119.999718470295,12.9019245275662,0,0.104119712486402,0,0.143987171518463,0,0,0.443033843379304,0,0.462372150409893,0,12.9023446485335,119.999718470295,980,1500,1500,1500,1500,0.38,19,50,1,0,0,0,1.39710924753619e-06,0
0.38,0,0,13,4.92133695932723,0,-119.999625655834,12.8962357370425,0,0.105267874047291,0,0.128737817546421,0,0,0.445763086613189,0,0.467676853409047,0,12.8966653639876,119.999625655834,980,1500,1500,1500,1500,0.4,20,50,1,0,0,0,7.88972910508309e-07,0
0.4,0,0,13,5.17921353442366,0,-119.999520919311,12.8905570237718,0,0.106381757041429,0,0.11240550622587,0,0,0.448176142307488,0,0.472833510179902,0,12.8909959840714,119.999520919311,980,1500,1500,1500,1500,0.42,21,50,1,0,0,0,4.45547300337248e-07,0
0.42,0,0,13,5.43697682144339,0,-119.999403472454,12.8848891201908,0,0.107461236894897,0,0.0951998868083409,0,0,0.450253490494655,0,0.477841332392036,0,12.8853372310175,119.999403472454,980,1500,1500,1500,1500,0.44,22,50,1,0,0,0,2.51608634712078e-07,0
0.44,0,0,13,5.69462703958727,0,-119.999272444902,12.8792328134247,0,0.108506949038753,0,0.0773055333203473,0,0,0.451979551583496,0,0.482702908658829,0,12.8796898883625,119.999272444902,980,1500,1500,1500,1500,0.46,23,50,1,0,0,0,1.42087955675541e-07,0
0.46,0,0,13,5.95216442411558,0,-119.999126887627,12.8735889415994,0,0.109520105458045,0,0.0588832325256815,0,0,0.453342197172493,0,0.487423395630256,0,12.874054796014,119.999126887627,980,1500,1500,1500,1500,0.48,24,50,1,0,0,0,8.02396434890131e-08,0
0.48,0,0,13,6.20958922739814,0,-119.998965777587,12.8679583897207,0,0.110502337955439,0,0.0400715509435778,0,0,0.454332289604891,0,0.492009825893136,0,12.8684328450001,119.998965777587,980,1500,1500,1500,1500,0.5,25,50,1,0,0,0,4.53127807816876e-08,0
0.5,0,0,13,6.46690171985696,0,-119.998788023229,12.8623420852995,0,0.111455565936685,0,0.0209885773453017,0,0,0.454943254771504,0,0.496470523270905,0,12.8628249720831,119.998788023229,980,1500,1500,1500,1500,0.52,26,50,1,0,0,0,2.55889484659839e-08,0
0.52,0,0,13,6.72410219080014,0,-119.998592470549,12.8567409938658,0,0.112381886419306,0,0.0017337586342705,0,0,0.455170690818125,0,0.500814615610187,0,12.8572321543847,119.998592470549,980,1500,1500,1500,1500,0.54,27,50,1,0,0,0,1.44505429218637e-08,0
0.54,0,0,13,6.98119094914888,0,-119.998377909445,12.851156114488,0,0.113283483945861,0,-0.0176102355458345,0,0,0.455012013952535,0,0.505051635017287,0,12.8516554041368,119.998377909445,980,1500,1500,1500,1500,0.56,28,50,1,0,0,0,8.16048346082741e-09,0
0.56,0,0,13,7.23816832406116,0,-119.998143080171,12.8455884753877,0,0.114162558126366,0,-0.0369756697186257,0,0,0.454466141401453,0,0.509191195665437,0,12.8460957636432,119.998143080171,980,1500,1500,1500,1500,0.58,29,50,1,0,0,0,4.60837289467384e-09,0
0.58,0,0,13,7.49503466545712,0,-119.99788667972,12.8400391297198,0,0.115021266623753,0,-0.0563079592258179,0,0,0.453533210686633,0,0.513242739657353,0,12.8405543005165,119.99788667972,980,1500,1500,1500,1500,0.6,30,50,1,0,0,0,2.60243168659167e-09,0
0.6,0,0,13,7.75179034445251,0,-119.997607368017,12.8345091515703,0,0.115861681518035,0,-0.0755639748105625,0,0,0.45221433372811,0,0.517215341937987,0,12.8350321032316,119.997607368017,980,1500,1500,1500,1500,0.62,31,50,1,0,0,0,1.46964033470553e-09,0
0.62,0,0,13,8.00843575370683,0,-119.997303773826,12.8289996322059,0,0.116685757128486,0,-0.0947104549636429,0,0,0.450511383805019,0,0.521117565862126,0,12.8295302770233,119.997303773826,980,1500,1500,1500,1500,0.64,32,50,1,0,0,0,8.29932529841763e-10,0
0.64,0,0,13,8.26497130769348,0,-119.996974500309,12.8235116765999,0,0.117495307529987,0,-0.113722538953111,0,0,0.448426813079104,0,0.524957361692834,0,12.8240499401393,119.996974500309,980,1500,1500,1500,1500,0.66,33,50,1,0,0,0,4.68677939645389e-10,0
0.66,0,0,13,8.52139744289932,0,-119.996618130188,12.8180464002456,0,0.118291992163107,0,-0.132582427807701,0,0,0.445963498186103,0,0.528742001009719,0,12.818592220453,119.996618130188,980,1500,1500,1500,1500,0.68,34,50,1,0,0,0,2.6467092590301e-10,0
0.68,0,0,13,8.77771461796064,0,-119.996233230485,12.8126049262606,0,0.119077308101946,0,-0.151278175969773,0,0,0.443124611302021,0,0.532478040716868,0,12.8131582524271,119.996233230485,980,1500,1500,1500,1500,0.7,35,50,1,0,0,0,1.49464468226002e-10,0
0.7,0,0,13,9.03392331374281,0,-119.995818356834,12.8071883827786,0,0.119852587705344,0,-0.169802612728896,0,0,0.439913514074495,0,0.536171311040625,0,12.8077491744162,119.995818356834,980,1500,1500,1500,1500,0.72,36,50,1,0,0,0,8.44052938034765e-11,0
0.72,0,0,13,9.29002403337024,0,-119.995372057362,12.801797900619,0,0.120619000532487,0,-0.188152389761232,0,0,0.436333671856374,0,0.539826922583213,0,12.8023661262901,119.995372057362,980,1500,1500,1500,1500,0.74,37,50,1,0,0,0,4.76651990042124e-11,0
0.74,0,0,13,9.54601730221276,0,-119.994892876155,12.7964346112214,0,0.121377558551015,0,-0.206327149013523,0,0,0.432388585774051,0,0.543449288139258,0,12.7970102473579,119.994892876155,980,1500,1500,1500,1500,0.76,38,50,1,0,0,0,2.69174016667849e-11,0
0.76,0,0,13,9.80190366783443,0,-119.994379356318,12.7910996448286,0,0.122129123802897,0,-0.224328803676288,0,0,0.428081740294163,0,0.547042155581379,0,12.7916826745669,119.994379356318,980,1500,1500,1500,1500,0.78,39,50,1,0,0,0,1.52007445185953e-11,0
0.78,0,0,13,10.0576836999099,0,-119.993830042665,12.7857941288994,0,0.122874417819578,0,-0.242160923991897,0,0,0.423416564108106,0,0.550608648673694,0,12.7863845409542,119.993830042665,980,1500,1500,1500,1500,0.8,40,50,1,0,0,0,8.58413589766088e-12,0
0.8,0,0,13,10.3133579901134,0,-119.993243484055,12.780519186733,0,0.123614032192715,0,-0.259828219053106,0,0,0.418396402325457,0,0.554151313175651,0,12.7811169743261,119.993243484055,980,1500,1500,1500,1500,0.82,41,50,1,0,0,0,4.84761710318644e-12,0
0.82,0,0,13,10.5689271519839,0,-119.992618235404,12.7752759362832,0,0.124348439810088,0,-0.277336105489767,0,0,0.413024498147287,0,0.557672166052477,0,12.7758810961381,119.992618235404,980,1500,1500,1500,1500,0.84,42,50,1,0,0,0,2.73753722672414e-12,0
0.84,0,0,13,10.8243918207717,0,-119.991952859412,12.7700654891444,0,0.12507800635815,0,-0.294690353948536,0,0,0.407303982372789,0,0.561172746013023,0,12.770678020556,119.991952859412,980,1500,1500,1500,1500,0.86,43,50,1,0,0,0,1.54593688160199e-12,0
0.86,0,0,13,11.0797526532674,0,-119.991245928021,12.7648889496898,0,0.125803001773526,0,-0.31189680448399,0,0,0.401237869272656,0,0.564654163952575,0,12.7655088536716,119.991245928021,980,1500,1500,1500,1500,0.88,44,50,1,0,0,0,8.73018572520805e-13,0
0.88,0,0,13,11.3350103276194,0,-119.990496023646,12.7597474143412,0,0.126523611396253,0,-0.328961142349365,0,0,0.39482905753683,0,0.568117152189514,0,12.760374692854,119.990496023646,980,1500,1500,1500,1500,0.9,45,50,1,0,0,0,4.93009408751844e-13,0
0.9,0,0,13,11.5901655431386,0,-119.989701740193,12.7546419709568,0,0.127239946638153,0,-0.345888726158304,0,0,0.388080335169791,0,0.571562111653416,0,12.7552766262168,119.989701740193,980,1500,1500,1500,1500,0.92,46,50,1,0,0,0,2.78411347442497e-13,0
0.92,0,0,13,11.8452190200961,0,-119.988861683907,12.7495736983167,0,0.127952055031463,0,-0.362684460949636,0,0,0.380994387361638,0,0.574989156411468,0,12.7502157321826,119.988861683907,980,1500,1500,1500,1500,0.940000000000001,47,50,1,0,0,0,1.57223933273377e-13,0
0.94,0,0,13,12.1001714995125,0,-119.987974474064,12.7445436656943,0,0.128659929566211,0,-0.379352709295383,0,0,0.373573806506518,0,0.578398155113274,0,12.7451930791285,119.987974474064,980,1500,1500,1500,1500,0.960000000000001,48,50,1,0,0,0,8.87872043328145e-14,0
0.96,0,0,13,12.3550237429426,0,-119.987038743524,12.7395529324985,0,0.129363517260928,0,-0.395897234223695,0,0,0.365821103670912,0,0.581788769094875,0,12.7402097250999,119.987038743524,980,1500,1500,1500,1500,0.980000000000001,49,50,1,0,0,0,5.01397432891461e-14,0
0.98,0,0,13,12.6097765322554,0,-119.986053139186,12.7346025479746,0,0.130062726940646,0,-0.412321168363565,0,0,0.357738720932433,0,0.585160487014321,0,12.7352667175769,119.986053139186,980,1500,1500,1500,1500,1,50,50,1,0,0,0,2.83148216681978e-14,0
1,0,0,13,12.8644306694107,0,-119.985016322345,12.7296935509543,0,0.130757436219775,0,-0.428627004341766,0,0,0.349329044115448,0,0.588512655997019,0,12.7303650932852,119.985016322345,980,1500,1500,1500,1500,1.02,51,50,1,0,0,0,1.59898929174492e-14,0
1.02,0,0,13,13.1189869762331,0,-119.983926968968,12.7248269696437,0,0.131447497705905,0,-0.444816602062804,0,0,0.340594415543116,0,0.591844509352371,0,12.7255058780397,119.983926968968,980,1500,1500,1500,1500,1.04,52,50,1,0,0,0,9.0297822994471e-15,0
1.04,0,0,13,13.3734462941838,0,-119.982783769924,12.7200038214419,0,0.132132744454714,0,-0.460891209071066,0,0,0.331537146507146,0,0.595155190987038,0,12.720690086613,119.982783769924,980,1500,1500,1500,1500,1.06,53,50,1,0,0,0,5.09928170228267e-15,0
1.06,0,0,13,13.6278094841311,0,-119.98158543115,12.7152251127838,0,0.132812994716479,0,-0.476851490725051,0,0,0.322159529227142,0,0.598443776687275,0,12.7159187226222,119.98158543115,980,1500,1500,1500,1500,1.08,54,50,1,0,0,0,2.8796567865016e-15,0
1.08,0,0,13,13.8820774261194,0,-119.98033067379,12.7104918389994,0,0.133488056021865,0,-0.492697567402491,0,0,0.312463848131914,0,0.601709292475793,0,12.7111927784284,119.98033067379,980,1500,1500,1500,1500,1.1,55,50,1,0,0,0,1.62619437250008e-15,0
1.1,0,0,13,14.1362510191367,0,-119.979018234303,12.7058049841857,0,0.134157728659196,0,-0.50842905640063,0,0,0.302452390346192,0,0.604950730269774,0,12.7065132350428,119.979018234303,980,1500,1500,1500,1500,1.12,56,50,1,0,0,0,9.18341432057833e-16,0
1.12,0,0,13,14.3903311808819,0,-119.977646864554,12.7011655210874,0,0.13482180859778,0,-0.524045116597012,0,0,0.292127455308807,0,0.608167061078183,0,12.7018810620369,119.977646864554,980,1500,1500,1500,1500,1.14,57,50,1,0,0,0,5.18604048873615e-16,0
1.14,0,0,13,14.6443188475299,0,-119.976215331886,12.6965744109812,0,0.135480089912458,0,-0.539544494293723,0,0,0.281491363483477,0,0.611357245980167,0,12.6972972174532,119.976215331886,980,1500,1500,1500,1500,1.16,58,50,1,0,0,0,2.92865104545528e-16,0
1.16,0,0,13,14.8982149734973,0,-119.974722419189,12.6920326035632,0,0.136132366763808,0,-0.554925568983273,0,0,0.270546464151624,0,0.614520245123714,0,12.6927626477135,119.974722419189,980,1500,1500,1500,1500,1.18,59,50,1,0,0,0,1.65386231840557e-16,0
1.18,0,0,13,15.1520205312056,0,-119.973166924965,12.6875410368357,0,0.136778434986591,0,-0.570186398049517,0,0,0.259295142299093,0,0.617655024976389,0,12.6882782875246,119.973166924965,980,1500,1500,1500,1500,1.2,60,50,1,0,0,0,9.3396602250939e-17,0
1.2,0,0,13,15.4057365108445,0,-119.971547663387,12.6831006369925,0,0.137418093336424,0,-0.585324759654534,0,0,0.247739824625918,0,0.620760564048954,0,12.6838450597781,119.971547663387,980,1500,1500,1500,1500,1.22,61,50,1,0,0,0,5.2742753825056e-17,0
1.22,0,0,13,15.6593639201327,0,-119.96986346437,12.6787123183011,0,0.138051144441493,0,-0.60033819326519,0,0,0.2358829847212,0,0.623835857299082,0,12.6794638754453,119.96986346437,980,1500,1500,1500,1500,1.24,62,50,1,0,0,0,2.97847888896032e-17,0
1.24,0,0,13,15.9129037840793,0,-119.968113173636,12.6743769829815,0,0.138677395502579,0,-0.615224037444116,0,0,0.223727147454309,0,0.626879919407147,0,12.6751356334658,119.968113173636,980,1500,1500,1500,1500,1.26,63,50,1,0,0,0,1.68200100461343e-17,0
1.26,0,0,13,16.1663571447415,0,-119.966295652791,12.670095521081,0,0.13929665878095,0,-0.629979464672134,0,0,0.211274892639663,0,0.629891787099771,0,12.67086122063,119.966295652791,980,1500,1500,1500,1500,1.28,64,50,1,0,0,0,9.49856448540458e-18,0
1.28,0,0,13,16.4197250609832,0,-119.964409779406,12.6658688103449,0,0.139908751909821,0,-0.644601513085826,0,0,0.198528858035812,0,0.632870520680121,0,12.6666415114555,119.964409779406,980,1500,1500,1500,1500,1.3,65,50,1,0,0,0,5.36401149796727e-18,0
1.3,0,0,13,16.6730086082299,0,-119.962454447105,12.6616977160819,0,0.140513498061339,0,-0.659087115107877,0,0,0.185491741740856,0,0.635815204907351,0,12.6624773680576,119.962454447105,980,1500,1500,1500,1500,1.32,66,50,1,0,0,0,3.02915449956011e-18,0
1.32,0,0,13,16.9262088782232,0,-119.960428565656,12.6575830910267,0,0.141110725997328,0,-0.673433123021888,0,0,0.17216630404596,0,0.638724949351314,0,12.6583696400143,119.960428565656,980,1500,1500,1500,1500,1.34,67,50,1,0,0,0,1.71061844026294e-18,0
1.34,0,0,13,17.1793269787731,0,-119.958331061076,12.6535257751979,0,0.141700270028536,0,-0.687636331600237,0,0,0.158555368807063,0,0.641598888333192,0,12.654319164227,119.958331061076,980,1500,1500,1500,1500,1.36,68,50,1,0,0,0,9.66017233057128e-19,0
1.36,0,0,13,17.4323640335082,0,-119.956160875736,12.6495265957528,0,0.1422819699038,0,-0.701693497935633,0,0,0.144661824392266,0,0.644436180547982,0,12.6503267647764,119.956160875736,980,1500,1500,1500,1500,1.38,69,50,1,0,0,0,5.45527437679153e-19,0
1.38,0,0,13,17.6853211816244,0,-119.953916968474,12.6455863668391,0,0.142855670647489,0,-0.715601358656649,0,0,0.130488624259072,0,0.647236008451195,0,12.6463932527746,119.953916968474,980,1500,1500,1500,1500,1.4,70,50,1,0,0,0,3.08069230109876e-19,0
1.4,0,0,13,17.9381995776311,0,-119.951598314711,12.6417058894436,0,0.143421222360752,0,-0.729356644726696,0,0,0.116038787211828,0,0.649997577479576,0,12.6425194262148,119.951598314711,980,1500,1500,1500,1500,1.42,71,50,1,0,0,0,1.73972277076025e-19,0
1.42,0,0,13,18.1910003910955,0,-119.949203906578,12.6378859512403,0,0.14397847999955,0,-0.74295609403644,0,0,0.101315397385599,0,0.652720115164267,0,12.6387060698182,119.949203906578,980,1500,1500,1500,1500,1.44,72,50,1,0,0,0,9.82452975917866e-20,0
1.44,0,0,13,18.4437248063851,0,-119.946732753034,12.6341273264351,0,0.144527303140165,0,-0.756396462003293,0,0,0.0863216039984881,0,0.65540287018463,0,12.6349539548795,119.946732753034,980,1500,1500,1500,1500,1.46,73,50,1,0,0,0,5.54808999521271e-20,0
1.46,0,0,13,18.6963740224073,0,-119.944183880004,12.6304307756111,0,0.145067555740836,0,-0.769674530389649,0,0,0.0710606209101235,0,0.658045111401807,0,12.631263839111,119.944183880004,980,1500,1500,1500,1500,1.48,74,50,1,0,0,0,3.13310696282656e-20,0
1.48,0,0,13,18.9489492523476,0,-119.941556330504,12.6267970455729,0,0.145599105906376,0,-0.782787114545287,0,0,0.0555357260198731,0,0.66064612690312,0,12.627636466486,119.941556330504,980,1500,1500,1500,1500,1.5,75,50,1,0,0,0,1.76932228009685e-20,0
1.5,0,0,13,19.2014517234052,0,-119.938849164774,12.6232268691906,0,0.146121825661092,0,-0.795731069269908,0,0,0.0397502605343308,0,0.66320522308141,0,12.6240725670835,119.938849164774,980,1500,1500,1500,1500,1.52,76,50,1,0,0,0,9.9916835524278e-21,0
1.52,0,0,13,19.4538826765263,0,-119.936061460417,12.6197209652452,0,0.146635590733966,0,-0.80850329347997,0,0,0.023707628129803,0,0.665721723767399,0,12.6205728569316,119.936061460417,980,1500,1500,1500,1500,1.54,77,50,1,0,0,0,5.64248477142284e-21,0
1.54,0,0,13,19.7062433661358,0,-119.933192312527,12.616280038274,0,0.147140280358939,0,-0.821100733850666,0,0,0.00741129403198042,0,0.668194969428036,0,12.6171380378537,119.933192312527,980,1500,1500,1500,1500,1.56,78,50,1,0,0,0,3.18641340357529e-21,0
1.56,0,0,13,19.9585350598662,0,-119.930240833825,12.6129047784177,0,0.147635777092164,0,-0.833520387589618,0,0,-0.00913521596829801,0,0.670624316439465,0,12.6137687973147,119.930240833825,980,1500,1500,1500,1500,1.58,79,50,1,0,0,0,1.79942539320739e-21,0
1.58,0,0,13,20.2107590382844,0,-119.927206154795,12.60959586127,0,0.148121966647317,0,-0.845759304484183,0,0,-0.0259283165472667,0,0.67300913643968,0,12.6104658082705,119.927206154795,980,1500,1500,1500,1500,1.6,80,50,1,0,0,0,1.01616812874515e-21,0
1.6,0,0,13,20.4629165946172,0,-119.924087423811,12.6063539477276,0,0.148598737749406,0,-0.857814588349648,0,0,-0.0429643639152102,0,0.675348815762989,0,12.6072297290185,119.924087423811,980,1500,1500,1500,1500,1.62,81,50,1,0,0,0,5.738485573091e-22,0
1.62,0,0,13,20.7150090344736,0,-119.920883807271,12.6031796838445,0,0.149065982006997,0,-0.869683397991235,0,0,-0.0602396569073658,0,0.67764275495605,0,12.6040612030513,119.920883807271,980,1500,1500,1500,1500,1.64,82,50,1,0,0,0,3.24062679600457e-22,0
1.64,0,0,13,20.9670376755656,0,-119.917594489724,12.6000737006874,0,0.149523593802369,0,-0.881362947779102,0,0,-0.0777504380900411,0,0.67989036837343,0,12.600960858913,119.917594489724,980,1500,1500,1500,1500,1.66,83,50,1,0,0,0,1.83004067836772e-22,0
1.66,0,0,13,21.2190038474276,0,-119.914218673994,12.5970366141947,0,0.149971470198824,0,-0.892850507922548,0,0,-0.095492894875091,0,0.68209108384918,0,12.5979293100587,119.914218673994,980,1500,1500,1500,1500,1.68,84,50,1,0,0,0,1.03345713508562e-22,0
1.68,0,0,13,21.4709088911323,0,-119.910755581307,12.5940690250387,0,0.150409510864114,0,-0.904143404517511,0,0,-0.113463160637498,0,0.684244342439924,0,12.5949671547169,119.910755581307,980,1500,1500,1500,1500,1.7,85,50,1,0,0,0,5.83611972501073e-23,0
1.7,0,0,13,21.7227541590064,0,-119.907204451405,12.5911715184907,0,0.150837618008838,0,-0.915239019430303,0,0,-0.131657315832167,0,0.686349598234221,0,12.5920749757559,119.907204451405,980,1500,1500,1500,1500,1.72,86,50,1,0,0,0,3.2957625709205e-23,0
1.72,0,0,13,21.9745410143433,0,-119.90356454267,12.5883446642901,0,0.151255696338536,0,-0.926134790070391,0,0,-0.150071389107209,0,0.68840631822251,0,12.5892533405535,119.90356454267,980,1500,1500,1500,1500,1.74,87,50,1,0,0,0,1.86117684963369e-23,0
1.74,0,0,13,22.2262708311145,0,-119.899835132232,12.5855890165164,0,0.151663653018166,0,-0.936828209095873,0,0,-0.168701358411936,0,0.690413982221724,0,12.5865028008698,119.899835132232,980,1500,1500,1500,1500,1.76,88,50,1,0,0,0,1.05104029524945e-23,0
1.76,0,0,13,22.4779449936791,0,-119.896015516081,12.5829051134654,0,0.152061397647647,0,-0.947316824087169,0,0,-0.187543152098601,0,0.692372082848589,0,12.5838238927255,119.896015516081,980,1500,1500,1500,1500,1.78,89,50,1,0,0,0,5.93541501687752e-24,0
1.78,0,0,13,22.729564896492,0,-119.892105009177,12.5802934775297,0,0.152448842247174,0,-0.957598237217238,0,0,-0.206592650017531,0,0.694280125535697,0,12.5812171362822,119.892105009177,980,1500,1500,1500,1500,1.8,90,50,1,0,0,0,3.35183642166773e-24,0
1.8,0,0,13,22.9811319438097,0,-119.888102945546,12.577754615082,0,0.152825901251038,0,-0.967670104940373,0,0,-0.225845684605817,0,0.696137628584675,0,12.5786830357279,119.888102945546,980,1500,1500,1500,1500,1.82,91,50,1,0,0,0,1.89284276932141e-24,0
1.82,0,0,13,23.2326475493953,0,-119.884008678385,12.5752890163633,0,0.153192491508773,0,-0.97753013771619,0,0,-0.245298041970114,0,0.697944123250971,0,12.5762220791668,119.884008678385,980,1500,1500,1500,1500,1.84,92,50,1,0,0,0,1.06892261394715e-24,0
1.84,0,0,13,23.4841131362215,0,-119.879821580152,12.572897155375,0,0.153548532292506,0,-0.987176099780779,0,0,-0.264945462964373,0,0.699699153855194,0,12.5738347385118,119.879821580152,980,1500,1500,1500,1500,1.86,93,50,1,0,0,0,6.0363997111986e-25,0
1.86,0,0,13,23.7355301361727,0,-119.875541042665,12.5705794897751,0,0.153893945309478,0,-0.996605808973102,0,0,-0.284783644263534,0,0.701402277916223,0,12.571521469383,119.875541042665,980,1500,1500,1500,1500,1.88,94,50,1,0,0,0,3.40886430859625e-25,0
1.88,0,0,13,23.9868999897452,0,-119.871166477181,12.5683364607785,0,0.15422865471879,0,-1.00581713662142,0,0,-0.304808239434346,0,0.703053066301773,0,12.569282711009,119.871166477181,980,1500,1500,1500,1500,1.9,95,50,1,0,0,0,1.92504745052975e-25,0
1.9,0,0,13,24.238224145746,0,-119.866697314485,12.5661684930615,0,0.154552587151519,0,-1.01480800749187,0,0,-0.325014860004539,0,0.704651103392428,0,12.5671188861332,119.866697314485,980,1500,1500,1500,1500,1.92,96,50,1,0,0,0,1.08710918103899e-25,0
1.92,0,0,13,24.4895040609913,0,-119.862133004969,12.5640759946709,0,0.154865671733437,0,-1.02357639979922,0,0,-0.345399076531581,0,0.70619598725562,0,12.5650304009242,119.862133004969,980,1500,1500,1500,1500,1.94,97,50,1,0,0,0,6.13910255133729e-26,0
1.94,0,0,13,24.7407412000025,0,-119.857473018707,12.5620593569373,0,0.155167840109643,0,-1.03212034527792,0,0,-0.365956419672263,0,0.70768732982636,0,12.5630176448901,119.857473018707,980,1500,1500,1500,1500,1.96,98,50,1,0,0,0,3.46686246360424e-26,0
1.96,0,0,13,24.9919370347022,0,-119.852716845527,12.5601189543918,0,0.155459026470513,0,-1.04043792931056,0,0,-0.38668238125429,0,0.70912475709193,0,12.5610809907979,119.852716845527,980,1500,1500,1500,1500,1.98,99,50,1,0,0,0,1.95780005970578e-26,0
1.98,0,0,13,25.2430930441082,0,-119.84786399508,12.558255144689,0,0.155739167578455,0,-1.0485272911096,0,0,-0.407572415350972,0,0.710507909278098,0,12.5592207945965,119.84786399508,980,1500,1500,1500,1500,2,100,50,1,0,0,0,1.10560517298373e-26,0
2,0,0,13,25.4942107140273,0,-119.842913996905,12.5564682685319,0,0.156008202795003,0,-1.05638662394764,0,0,-0.428621939360045,0,0.711836441034726,0,12.5574373953442,119.842913996905,980,1500,1500,1500,1500,2.02,101,50,1,0,0,0,6.24355276969433e-27,0
2.02,0,0,13,25.7452915367479,0,-119.837866400485,12.5547586496036,0,0.15626607410787,0,-1.06401417543123,0,0,-0.449826335087551,0,0.71311002161896,0,12.5557311151407,119.837866400485,980,1500,1500,1500,1500,2.04,102,50,1,0,0,0,3.52584739475813e-27,0
2.04,0,0,13,25.9963370107309,0,-119.832720775312,12.5531265945011,0,0.15651272615765,0,-1.07140824781258,0,0,-0.471180949837567,0,0.714328335074458,0,12.5541022590634,119.832720775312,980,1500,1500,1500,1500,2.06,103,50,1,0,0,0,1.99110991925376e-27,0
2.06,0,0,13,26.2473486403016,0,-119.827476710932,12.5515723926756,0,0.15674810626388,0,-1.07856719833392,0,0,-0.492681097508521,0,0.71549108040536,0,12.5525511151078,119.827476710932,980,1500,1500,1500,1500,2.08,104,50,1,0,0,0,1.124415854312e-27,0
2.08,0,0,13,26.4983279353386,0,-119.822133817,12.5500963163752,0,0.156972164450259,0,-1.08548943959889,0,0,-0.514322059696656,0,0.716597971743931,0,12.5510779541324,119.822133817,980,1500,1500,1500,1500,2.1,105,50,1,0,0,0,6.34978009602825e-28,0
2.1,0,0,13,26.749276410964,0,-119.816691723323,12.5486986205937,0,0.157184853468829,0,-1.09217343996583,0,0,-0.536099086807169,0,0.717648738510998,0,12.549683029808,119.816691723323,980,1500,1500,1500,1500,2.12,106,50,1,0,0,0,3.58583589099132e-28,0
2.12,0,0,13,27.0001955872317,0,-119.8111500799,12.5473795430225,0,0.157386128822991,0,-1.09861772395774,0,0,-0.55800739917337,0,0.718643125568479,0,12.5483665785713,119.8111500799,980,1500,1500,1500,1500,2.14,107,50,1,0,0,0,2.02498651018864e-28,0
2.14,0,0,13,27.2510869888157,0,-119.805508556967,12.5461393040077,0,0.157575948789245,0,-1.1048208726843,0,0,-0.58004218818419,0,0.719580893363457,0,12.5471288195828,119.805508556967,980,1500,1500,1500,1500,2.16,108,50,1,0,0,0,1.14354657912477e-28,0
2.16,0,0,13,27.5019521446973,0,-119.799766845025,12.5449781065115,0,0.157754274437565,0,-1.11078152427138,0,0,-0.602198617420193,0,0.720461818063367,0,12.5459699546888,119.799766845025,980,1500,1500,1500,1500,2.18,109,50,1,0,0,0,6.4578147659174e-29,0
2.18,0,0,13,27.7527925878527,0,-119.793924654873,12.5438961360772,0,0.157921069650359,0,-1.11649837429389,0,0,-0.624471823798229,0,0.721285691681983,0,12.5448901683886,119.793924654873,1396,1410,1410,1410,1410,2.2,110,50,1,0,0,0,3.64684502688285e-29,0
2.2,0,0,13,28.0036098549395,0,-119.787981717638,12.5428935608002,0,0.158076301139974,0,-1.12197017620836,0,0,-0.646856918724743,0,0.722052322195994,0,12.5438896278047,119.787981717638,1396,1410,1410,1410,1410,2.22,111,50,1,0.452173913043478,0,0,2.05943947483462e-29,0
2.22,0,0,13,28.2545012483897,0,-119.781937588905,12.5515449603193,0,0.158084946003368,0,-1.12699264206457,0,0,-0.669347807081518,0,0.721594142201684,0,12.5525404496886,119.781937588905,1396,1410,1410,1410,1410,2.24,112,50,1,0.452173913043478,0,0,1.16300279261725e-29,0
2.24,0,0,13,28.5055624564953,0,-119.775795188759,12.5601124623799,0,0.157835809004707,0,-1.13098696472584,0,0,-0.691929735336049,0,0.719965665744674,0,12.5611041397735,119.775795188759,1395,1410,1410,1410,1410,2.26,113,50,1,0.452173913043478,0,0,6.56768752936593e-30,0
2.26,0,0,13,28.7567932753163,0,-119.769558850969,12.5687423141054,0,0.157362101641571,0,-1.13349914334448,0,0,-0.714577377529156,0,0.717312280963564,0,12.5697273713242,119.769558850969,1394,1410,1410,1410,1410,2.28,114,50,1,0.451086956521739,0,0,3.70889216751731e-30,0
2.28,0,0,13,29.0081941575235,0,-119.763232405983,12.5773538927096,0,0.156694084062272,0,-1.13419890379166,0,0,-0.737257593716537,0,0.713778535352298,0,12.5783299359827,119.763232405983,1394,1410,1410,1410,1410,2.3,115,50,1,0.45,0,0,2.09447861956966e-30,0
2.3,0,0,13,29.2597647422743,0,-119.756819253767,12.5859463625428,0,0.155860899919655,0,-1.13286439907774,0,0,-0.75993175131894,0,0.709498915765468,0,12.5869113948152,119.756819253767,1393,1410,1410,1410,1410,2.32,116,50,1,0.45,0,0,1.18279003262878e-30,0
2.32,0,0,13,29.5115053989583,0,-119.75032241157,12.5945934412309,0,0.154888176229916,0,-1.12936306951584,0,0,-0.782557708516174,0,0.704587367969339,0,12.5955458117952,119.75032241157,1392,1410,1410,1410,1410,2.34,117,50,1,0.448913043478261,0,0,6.67942965955623e-31,0
2.34,0,0,13,29.7634164509422,0,-119.743744605121,12.6032166281375,0,0.153799239866378,0,-1.12363436986569,0,0,-0.805091410837259,0,0.699155637263788,0,12.6041550126118,119.743744605121,1391,1410,1410,1410,1410,2.36,118,50,1,0.447826086956522,0,0,3.77199497342752e-31,0
2.36,0,0,13,30.0154974357121,0,-119.737088310021,12.6118156274542,0,0.152616075436346,0,-1.11567953387375,0,0,-0.827488231148212,0,0.693304634474699,0,12.6127390002084,119.737088310021,1390,1410,1410,1410,1410,2.38,119,50,1,0.446739130434783,0,0,2.1301139176167e-31,0
2.38,0,0,13,30.2677478779192,0,-119.730355784468,12.6203892444262,0,0.151358204152823,0,-1.10554894074035,0,0,-0.849704078387783,0,0.68712385734044,0,12.6212968425116,119.730355784468,1389,1410,1410,1410,1410,2.4,120,50,1,0.445652173913043,0,0,1.20291393121909e-31,0
2.4,0,0,13,30.5201672817111,0,-119.723549113731,12.628936400052,0,0.150042794264971,0,-1.09333094320339,0,0,-0.871696266153673,0,0.680691874959488,0,12.6298276883206,119.723549113731,1388,1410,1410,1410,1410,2.42,121,50,1,0.444565217391304,0,0,6.79307296175016e-32,0
2.42,0,0,13,30.7727551328281,0,-119.716670248789,12.6374560975651,0,0.148684786034971,0,-1.07914219423564,0,0,-0.893424173028388,0,0.674076934776038,0,12.6383307356425,119.716670248789,1387,1410,1410,1410,1410,2.44,122,50,1,0.443478260869565,0,0,3.83617140562124e-32,0
2.44,0,0,13,31.0255109001172,0,-119.709721039713,12.6459474014089,0,0.147297038325944,0,-1.06311936765215,0,0,-0.914849723557544,0,0.667337664035653,0,12.6468052130449,119.709721039713,1386,1410,1410,1410,1410,2.46,123,50,1,0.442391304347826,0,0,2.16635551188229e-32,0
2.46,0,0,13,31.2784340366234,0,-119.70270326415,12.6544094191982,0,0.145890489156335,0,-1.04541216151205,0,0,-0.935937716658154,0,0.660523831192721,0,12.6552503643159,119.70270326415,1385,1410,1410,1410,1410,2.48,124,50,1,0.441304347826087,0,0,1.22338021627132e-32,0
2.48,0,0,13,31.5315239803222,0,-119.695618651309,12.6628412865455,0,0.144474323955397,0,-1.02617746890252,0,0,-0.956656025962855,0,0.653677138667995,0,12.6636654361415,119.695618651309,1384,1410,1410,1410,1410,2.5,125,50,1,0.440217391304348,0,0,6.90864978234188e-33,0
2.5,0,0,13,31.784780154551,0,-119.688468901859,12.6712421545199,0,0.143056146370865,0,-1.00557459969249,0,0,-0.97697569428289,0,0.646832023569914,0,12.6720496684435,119.688468901859,1383,1410,1410,1410,1410,2.52,126,50,1,0.439130434782609,0,0,3.90143973069342e-33,0
2.52,0,0,13,32.0382019681934,0,-119.681255704157,12.679611179493,0,0.141642147478662,0,-0.983761438482981,0,0,-0.996870942056861,0,0.640016447636089,0,12.680402287036,119.681255704157,1382,1410,1410,1410,1410,2.54,127,50,1,0.43804347826087,0,0,2.20321371784365e-33,0
2.54,0,0,13,32.2917888156635,0,-119.673980747201,12.6879475151203,0,0.14023727012725,0,-0.960891427694062,0,0,-1.01631910739098,0,0.633252661739478,0,12.6887224982809,119.673980747201,1382,1410,1410,1410,1410,2.56,128,50,1,0.43695652173913,0,0,1.2441947131224e-33,0
2.56,0,0,13,32.5455400767329,0,-119.666645730716,12.6962503062066,0,0.138845365921195,0,-0.937111270019344,0,0,-1.0353005331259,0,0.626557933864442,0,12.6970094854453,119.666645730716,1381,1410,1410,1410,1410,2.58,129,50,1,0.43695652173913,0,0,7.02619301806463e-34,0
2.58,0,0,13,32.7994558088611,0,-119.659252366668,12.7045879357161,0,0.137468364186847,0,-0.912557683877101,0,0,-1.05379840512138,0,0.619937439670461,0,12.7053316433494,119.659252366668,1380,1410,1410,1410,1410,2.6,130,50,1,0.435869565217391,0,0,3.96781852602549e-34,0
2.6,0,0,13,33.0535360400666,0,-119.651802415219,12.7128888256819,0,0.136107568056359,0,-0.887355096504989,0,0,-1.07179851556417,0,0.613400413992833,0,12.7136174067112,119.651802415219,1379,1410,1410,1410,1410,2.62,131,50,1,0.434782608695652,0,0,2.24069902648471e-34,0
2.62,0,0,13,33.3077800843635,0,-119.644297678598,12.7211529163893,0,0.134764654978309,0,-0.861618695982757,0,0,-1.08928905211512,0,0.606954194740281,0,12.7218667275833,119.644297678598,1378,1410,1410,1410,1410,2.64,132,50,1,0.433695652173913,0,0,1.26536334622106e-34,0
2.64,0,0,13,33.5621872476984,0,-119.636739984328,12.7293792626642,0,0.133440708472732,0,-0.835453990397342,0,0,-1.10626040996566,0,0.600603470984483,0,12.7300786657201,119.636739984328,1377,1410,1410,1410,1410,2.66,133,50,1,0.432608695652174,0,0,7.1457361253541e-35,0
2.66,0,0,13,33.8167568188924,0,-119.629131186799,12.7375669091263,0,0.132136332467851,0,-0.808956622647973,0,0,-1.12270499589826,0,0.594350762899,0,12.738252265316,119.629131186799,1376,1410,1410,1410,1410,2.68,134,50,1,0.431521739130435,0,0,4.03532668507297e-35,0
2.68,0,0,13,34.0714880692572,0,-119.621473167514,12.7457148833433,0,0.130851741620512,0,-0.782212436473193,0,0,-1.13861703127226,0,0.588196835144491,0,12.7463865493623,119.621473167514,1375,1410,1410,1410,1410,2.7,135,50,1,0.430434782608696,0,0,2.2788221072822e-35,0
2.7,0,0,13,34.3263802521459,0,-119.613767834479,12.7538221966388,0,0.129586841292342,0,-0.755297739610039,0,0,-1.15399235838444,0,0.582141061753983,0,12.7544805214839,119.613767834479,1374,1410,1410,1410,1410,2.72,136,50,1,0.429347826086957,0,0,1.28689214081417e-35,0
2.72,0,0,13,34.5814326025193,0,-119.606017120918,12.7618878452533,0,0.128341297518235,0,-0.728279717601075,0,0,-1.1688282536713,0,0.576181744620868,0,12.7625331679676,119.606017120918,1373,1410,1410,1410,1410,2.74,137,50,1,0.428260869565217,0,0,7.26731312987122e-36,0
2.74,0,0,13,34.8366443365364,0,-119.598222983466,12.7699108118076,0,0.127114597535217,0,-0.701216958113043,0,0,-1.1831232503544,0,0.570316388365063,0,12.7705434599482,119.598222983466,1372,1410,1410,1410,1410,2.76,138,50,1,0.427173913043478,0,0,4.10398342274321e-36,0
2.76,0,0,13,35.0920146511746,0,-119.590387399992,12.7778900669752,0,0.1259061015242,0,-0.674160051538165,0,0,-1.19687697238737,0,0.564541934716489,0,12.7785103556754,119.590387399992,1371,1410,1410,1410,1410,2.78,139,50,1,0.426086956521739,0,0,2.31759381124252e-36,0
2.78,0,0,13,35.3475427238849,0,-119.582512367157,12.7858245712876,0,0.124715086271109,0,-0.647152239074703,0,0,-1.21008998093331,0,0.558854959777259,0,12.7864328027987,119.582512367157,1371,1410,1410,1410,1410,2.8,140,50,1,0.425,0,0,1.30878722466168e-36,0
2.8,0,0,13,35.603227712284,0,-119.574599897821,12.7937132770069,0,0.123540781481581,0,-0.62023008441044,0,0,-1.222763634076,0,0.553251837628068,0,12.7943097406211,119.574599897821,1370,1410,1410,1410,1410,2.82,141,50,1,0.425,0,0,7.39095863618691e-37,0
2.82,0,0,13,35.8590693942565,0,-119.566652010701,12.8016191589853,0,0.122381495647681,0,-0.593422686765462,0,0,-1.23489995144775,0,0.547722089455287,0,12.8022041196887,119.566652010701,1369,1410,1410,1410,1410,2.84,142,50,1,0.423913043478261,0,0,4.1738082808645e-37,0
2.84,0,0,13,36.1150675149801,0,-119.558670758171,12.8094758583348,0,0.121235710079581,0,-0.566751281678511,0,0,-1.24650144870353,0,0.542261618780377,0,12.8100495651914,119.558670758171,1368,1410,1410,1410,1410,2.86,143,50,1,0.422826086956522,0,0,2.35702517399023e-37,0
2.86,0,0,13,36.3712211535524,0,-119.550658216578,12.8172830307922,0,0.120102905213321,0,-0.540233380317877,0,0,-1.25757102652774,0,0.536867927874554,0,12.8178457238053,119.550658216578,1368,1410,1410,1410,1410,2.88,144,50,1,0.421739130434783,0,0,1.33105482978078e-37,0
2.88,0,0,13,36.6275293753185,0,-119.542616464118,12.8250395944973,0,0.118982575113337,0,-0.513883276452316,0,0,-1.26811190292544,0,0.531538617494354,0,12.8255915050185,119.542616464118,1367,1410,1410,1410,1410,2.9,145,50,1,0.421739130434783,0,0,7.51670783763158e-38,0
2.9,0,0,13,36.8839918509966,0,-119.534547571142,12.8328071201164,0,0.117873363412292,0,-0.487711047441448,0,0,-1.27812754483053,0,0.526264928001053,0,12.8333484606283,119.534547571142,1366,1410,1410,1410,1410,2.92,146,50,1,0.420652173913043,0,0,4.24482113374831e-38,0
2.92,0,0,13,37.140608218245,0,-119.526453628664,12.8405206650248,0,0.11677411614501,0,-0.46172191374563,0,0,-1.28762156540809,0,0.521044258745498,0,12.8410516369622,119.526453628664,1365,1410,1410,1410,1410,2.94,147,50,1,0.419565217391304,0,0,2.39712741890919e-38,0
2.94,0,0,13,37.3973774619926,0,-119.518336740202,12.8481798493567,0,0.11568467563987,0,-0.435920037360156,0,0,-1.29659766968682,0,0.515875760946489,0,12.8487006496997,119.518336740202,1364,1410,1410,1410,1410,2.96,148,50,1,0.418478260869565,0,0,1.35370129421971e-38,0
2.96,0,0,13,37.6542985526555,0,-119.510199000487,12.8557835949995,0,0.114604904924493,0,-0.410308759584107,0,0,-1.30505963744856,0,0.510758708535149,0,12.8562944165763,119.510199000487,1363,1410,1410,1410,1410,2.98,149,50,1,0.417391304347826,0,0,7.64459652631225e-39,0
2.98,0,0,13,37.9113704392184,0,-119.502042494674,12.8633308376452,0,0.113534697517854,0,-0.384890767871799,0,0,-1.31301130850187,0,0.505692512021717,0,12.8638318694802,119.502042494674,1362,1410,1410,1410,1410,3,150,50,1,0.416304347826087,0,0,4.31704219384609e-39,0
3,0,0,13,38.1685920493895,0,-119.493869297422,12.8708205221842,0,0.112473975907611,0,-0.359668241576215,0,0,-1.32045657109796,0,0.500676711539044,0,12.8713119498183,119.493869297422,1361,1410,1410,1410,1410,3.02,151,50,1,0.415217391304348,0,0,2.43791196033702e-39,0
3.02,0,0,13,38.4259622897184,0,-119.485681472037,12.8782516032455,0,0.111422689726286,0,-0.334642977255145,0,0,-1.32739935305454,0,0.495710968368823,0,12.8787336090269,119.485681472037,1360,1410,1410,1410,1410,3.04,152,50,1,0.414130434782609,0,0,1.37673306386178e-39,0
3.04,0,0,13,38.6834800457246,0,-119.477481069695,12.8856230456505,0,0.110380813666733,0,-0.309816495065804,0,0,-1.33384361519406,0,0.490795055349647,0,12.886095808996,119.477481069695,1359,1410,1410,1410,1410,3.06,153,50,1,0.41304347826087,0,0,7.77466110330011e-40,0
3.06,0,0,13,38.9411441820393,0,-119.469270128733,12.8929338248217,0,0.10934834523764,0,-0.28519012786543,0,0,-1.33979334673416,0,0.485928846616741,0,12.8933975224468,119.469270128733,1359,1410,1410,1410,1410,3.08,154,50,1,0.41195652173913,0,0,4.39049201750241e-40,0
3.08,0,0,13,39.1989535425555,0,-119.461050673993,12.9001829271492,0,0.108325302441894,0,-0.260765094676924,0,0,-1.34525256230098,0,0.481112307042854,0,12.9006377332696,119.461050673993,1359,1410,1410,1410,1410,3.1,155,50,1,0.41195652173913,0,0,2.47939040681402e-40,0
3.1,0,0,13,39.4569075378384,0,-119.452824707993,12.9074280693087,0,0.10731089343629,0,-0.236541215299932,0,0,-1.35022529237846,0,0.476339639510935,0,12.9078741469007,119.452824707993,1358,1410,1410,1410,1410,3.12,156,50,1,0.41195652173913,0,0,1.40015669426007e-40,0
3.12,0,0,13,39.715006134275,0,-119.444594231437,12.9146671240482,0,0.1063036673199,0,-0.212514626204113,0,0,-1.35471552678023,0,0.471604407239941,0,12.9151046219013,119.444594231437,1357,1410,1410,1410,1410,3.14,157,50,1,0.410869565217391,0,0,7.90693858899137e-41,0
3.14,0,0,13,39.9732486752853,0,-119.436361266776,12.9218399133096,0,0.105303232240263,0,-0.18868005667778,0,0,-1.35872715689436,0,0.466906977785873,0,12.9222689770768,119.436361266776,1356,1410,1410,1410,1410,3.16,158,50,1,0.409782608695652,0,0,4.46519151080589e-41,0
3.16,0,0,13,40.2316338982653,0,-119.428127833193,12.9289460517125,0,0.104310077353553,0,-0.165033996383739,0,0,-1.3622639851834,0,0.462249397583959,0,12.9293668290574,119.428127833193,1355,1410,1410,1410,1410,3.18,159,50,1,0.408695652173913,0,0,2.52157456438729e-41,0
3.18,0,0,13,40.4901605261642,0,-119.419895927522,12.9359845574682,0,0.103324663596255,0,-0.141574500723904,0,0,-1.365329759975,0,0.457633605349351,0,12.9363971977194,119.419895927522,1354,1410,1410,1410,1410,3.2,160,50,1,0.407608695652174,0,0,1.42397885250332e-41,0
3.2,0,0,13,40.7488272616891,0,-119.411667524945,12.9429544685695,0,0.102347428917699,0,-0.118300959693173,0,0,-1.36792820442021,0,0.453061433023979,0,12.9433591224098,119.411667524945,1353,1410,1410,1410,1410,3.22,161,50,1,0.406521739130435,0,0,8.0414666336444e-42,0
3.22,0,0,13,41.0076327876222,0,-119.403444579439,12.9498548382747,0,0.101378785481579,0,-0.0952138853406914,0,0,-1.37006304102926,0,0.448534594004395,0,12.9502516574209,119.403444579439,1353,1410,1410,1410,1410,3.24,162,50,1,0.405434782608696,0,0,4.54116193553972e-42,0
3.24,0,0,13,41.2665757670911,0,-119.395229024151,12.9566847348391,0,0.100419118039099,0,-0.0723147181055846,0,0,-1.371738012144,0,0.444054676425776,0,12.9570738717228,119.395229024151,1352,1410,1410,1410,1410,3.26,163,50,1,0.405434782608696,0,0,2.56447643997111e-42,0
3.26,0,0,13,41.5256554058357,0,-119.387022763604,12.9634994362139,0,0.0994679911827513,0,-0.0496043637657249,0,0,-1.37295688917112,0,0.439617734462534,0,12.9638810359394,119.387022763604,1351,1410,1410,1410,1410,3.28,164,50,1,0.404347826086957,0,0,1.44820631911363e-42,0
3.28,0,0,13,41.7848708804665,0,-119.37882770235,12.9702408113212,0,0.0985250875518073,0,-0.0270820873668382,0,0,-1.37372343999415,0,0.435224233671888,0,12.9706150161255,119.37882770235,1350,1410,1410,1410,1410,3.3,165,50,1,0.403260869565217,0,0,8.17828352809619e-43,0
3.3,0,0,13,42.0442207821518,0,-119.370645740274,12.9769085176093,0,0.0975909164942308,0,-0.00474847444167997,0,0,-1.3740414299398,0,0.430876292195775,0,12.9772754714302,119.370645740274,1349,1410,1410,1410,1410,3.32,166,50,1,0.402173913043478,0,0,4.61842491523347e-43,0
3.32,0,0,13,42.3037036886628,0,-119.362478753997,12.9835016658876,0,0.096665939259248,0,0.0173947670338666,0,0,-1.37391464768443,0,0.426575830609303,0,12.9838615138917,119.362478753997,1348,1410,1410,1410,1410,3.34,167,50,1,0.401086956521739,0,0,2.60810824476449e-43,0
3.34,0,0,13,42.5633181590826,0,-119.354328597594,12.9900193863654,0,0.0957505775096002,0,0.0393450333352146,0,0,-1.37334692537541,0,0.42232459079454,0,12.990372274544,119.354328597594,1348,1410,1410,1410,1410,3.36,168,50,1,0.4,0,0,1.47284598997636e-43,0
3.36,0,0,13,42.82306273413,0,-119.346197103033,12.9964608246791,0,0.0948452140853431,0,0.0610990242190139,0,0,-1.37234215451005,0,0.418124140052242,0,12.9968068994678,119.346197103033,1348,1410,1410,1410,1410,3.38,169,50,1,0.4,0,0,8.31742821466107e-44,0
3.38,0,0,13,43.0829364783795,0,-119.338086072709,13.0028793302099,0,0.0939494309960479,0,0.0826541600001429,0,0,-1.37090429079676,0,0.41397078901126,0,13.0032187312059,119.338086072709,1347,1410,1410,1410,1410,3.4,170,50,1,0.4,0,0,4.69700244131775e-44,0
3.4,0,0,13,43.3429389708704,0,-119.329997299338,13.0092730794909,0,0.0930621527090939,0,0.104010895195482,0,0,-1.36903731128893,0,0.409859766979587,0,13.0096059364239,119.329997299338,1346,1410,1410,1410,1410,3.42,171,50,1,0.398913043478261,0,0,2.65248239772682e-44,0
3.42,0,0,13,43.6030692173334,0,-119.321932588803,13.0155866272365,0,0.0921832351305277,0,0.125170773173948,0,0,-1.36674516673575,0,0.405792082579935,0,13.0159130682383,119.321932588803,1346,1410,1410,1410,1410,3.44,172,50,1,0.397826086956522,0,0,1.49790487830293e-44,0
3.44,0,0,13,43.8633256649564,0,-119.313893737413,13.021819669153,0,0.0913133061401115,0,0.146133612367524,0,0,-1.36403179340831,0,0.401770369696088,0,13.0221398247684,119.313893737413,1345,1410,1410,1410,1410,3.46,173,50,1,0.397826086956522,0,0,8.4589402982149e-45,0
3.46,0,0,13,44.1237072822049,0,-119.305882506891,13.0280247706203,0,0.0904521791374475,0,0.166899013114093,0,0,-1.3609011390052,0,0.397792062384235,0,13.0283387667272,119.305882506891,1344,1410,1410,1410,1410,3.48,174,50,1,0.396739130434783,0,0,4.77691687938367e-45,0
3.48,0,0,13,44.3842130110684,0,-119.297900652337,13.0341468258908,0,0.0895997521354147,0,0.187467568912311,0,0,-1.35735714455857,0,0.393858290027764,0,13.0344547870044,119.297900652337,1343,1410,1410,1410,1410,3.5,175,50,1,0.395652173913043,0,0,2.69761152911271e-45,0
3.5,0,0,13,44.6448412385569,0,-119.289949918148,13.0401855578054,0,0.0887566814639935,0,0.207838177179272,0,0,-1.35340375536701,0,0.389971806832041,0,13.0404876109179,119.289949918148,1343,1410,1410,1410,1410,3.52,176,50,1,0.394565217391304,0,0,1.52339011662701e-45,0
3.52,0,0,13,44.9055903397912,0,-119.28203202086,13.0461402026277,0,0.0879235528701718,0,0.228008337950225,0,0,-1.3490449533279,0,0.38613506778459,0,13.0464364765926,119.28203202086,1342,1410,1410,1410,1410,3.54,177,50,1,0.394565217391304,0,0,8.60286005746786e-46,0
3.54,0,0,13,45.1664591954816,0,-119.274148642914,13.0520622252221,0,0.0871001555887428,0,0.247975667577811,0,0,-1.34428477462371,0,0.382345498069023,0,13.0523528441493,119.274148642914,1341,1410,1410,1410,1410,3.56,178,50,1,0.393478260869565,0,0,4.85819097554881e-46,0
3.56,0,0,13,45.4274466612697,0,-119.266301459673,13.0578977713567,0,0.0862863561156314,0,0.267739064416271,0,0,-1.33912728562852,0,0.378603980907368,0,13.0581828575975,119.266301459673,1340,1410,1410,1410,1410,3.58,179,50,1,0.392391304347826,0,0,2.74350848406697e-46,0
3.58,0,0,13,45.6885510505858,0,-119.258492135201,13.0636465989002,0,0.0854827589890668,0,0.287296050725062,0,0,-1.33357658765428,0,0.374913036030421,0,13.0639262766996,119.258492135201,1340,1410,1410,1410,1410,3.6,180,50,1,0.391304347826087,0,0,1.54930895883465e-46,0
3.6,0,0,13,45.9497706658185,0,-119.250722305538,13.0693080020796,0,0.0846898976199615,0,0.306643037970107,0,0,-1.32763684319491,0,0.371274881807037,0,13.0695823970003,119.250722305538,1339,1410,1410,1410,1410,3.62,181,50,1,0.391304347826087,0,0,8.74922845642902e-47,0
3.62,0,0,13,46.2111043046585,0,-119.242993572718,13.0749323668296,0,0.0839075253635793,0,0.325776782774465,0,0,-1.32131228835401,0,0.367686879160622,0,13.0752015995923,119.242993572718,1338,1410,1410,1410,1410,3.64,182,50,1,0.390217391304348,0,0,4.94084786293144e-47,0
3.64,0,0,13,46.4725507411037,0,-119.23530753095,13.0804670645453,0,0.0831354711237292,0,0.344695504958985,0,0,-1.31460720487212,0,0.364149648746194,0,13.0807312537645,119.23530753095,1338,1410,1410,1410,1410,3.66,183,50,1,0.389130434782609,0,0,2.79018632628069e-47,0
3.66,0,0,13,46.7341082194766,0,-119.227665762201,13.0859118894052,0,0.0823742864368604,0,0.363396259769911,0,0,-1.30752592085361,0,0.360665474013202,0,13.0861711550912,119.227665762201,1337,1410,1410,1410,1410,3.68,184,50,1,0.389130434782609,0,0,1.57566878222896e-47,0
3.68,0,0,13,46.9957754772052,0,-119.220069813285,13.0913165150229,0,0.0816237462922431,0,0.381876327958869,0,0,-1.30007282629817,0,0.357231876947543,0,13.0915709726706,119.220069813285,1336,1410,1410,1410,1410,3.7,185,50,1,0.38804347826087,0,0,8.89808715606592e-48,0
3.7,0,0,13,47.2575512289427,0,-119.212521221708,13.0966291245895,0,0.0808836987970136,0,0.400134336603029,0,0,-1.292252347625,0,0.353849498934968,0,13.0968788877266,119.212521221708,1336,1410,1410,1410,1410,3.72,186,50,1,0.38695652173913,0,0,5.02491106823491e-48,0
3.72,0,0,13,47.5194336679946,0,-119.205021511192,13.1018495401312,0,0.0801547024327809,0,0.418167682979922,0,0,-1.28406895015526,0,0.350520653507225,0,13.1020947236905,119.205021511192,1336,1410,1410,1410,1410,3.74,187,50,1,0.38695652173913,0,0,2.83765834170962e-48,0
3.74,0,0,13,47.7814214740362,0,-119.197572169534,13.1070267389169,0,0.0794365490098098,0,0.43597391665606,0,0,-1.27552715494304,0,0.347242999019972,0,13.1072674535923,119.197572169534,1335,1410,1410,1410,1410,3.76,188,50,1,0.38695652173913,0,0,1.60247708962991e-48,0
3.76,0,0,13,48.0435138006743,0,-119.190174667664,13.1121592709076,0,0.0787284029503624,0,0.453552996838599,0,0,-1.26663150825483,0,0.344012829530901,0,13.1123956204456,119.190174667664,1335,1410,1410,1410,1410,3.78,189,50,1,0.385869565217391,0,0,9.04947852616261e-49,0
3.78,0,0,13,48.3057092802066,0,-119.18283047939,13.1171965741526,0,0.0780302558692584,0,0.470905618236374,0,0,-1.25738654417039,0,0.340831333534653,0,13.117428661357,119.18283047939,1334,1410,1410,1410,1410,3.8,190,50,1,0.385869565217391,0,0,5.11040451844409e-49,0
3.8,0,0,13,48.5680065283476,0,-119.175541054746,13.1221876976274,0,0.077342090572198,0,0.488031835410976,0,0,-1.24779679327442,0,0.337697048510371,0,13.1224156225422,119.175541054746,1334,1410,1410,1410,1410,3.82,191,50,1,0.384782608695652,0,0,2.88593804235571e-49,0
3.82,0,0,13,48.8304041439608,0,-119.168307829203,13.1270820588474,0,0.0766639398361011,0,0.504932241260945,0,0,-1.23786677552128,0,0.33461132001403,0,13.1273059208424,119.168307829203,1333,1410,1410,1410,1410,3.84,192,50,1,0.384782608695652,0,0,1.62974151150987e-49,0
3.84,0,0,13,49.0929007056396,0,-119.161132213601,13.131928361221,0,0.0759958275109068,0,0.521606696506256,0,0,-1.22760101033093,0,0.331572899998296,0,13.1321482572365,119.161132213601,1332,1410,1410,1410,1410,3.86,193,50,1,0.383695652173913,0,0,9.20344565737939e-50,0
3.86,0,0,13,49.3554947757313,0,-119.154015603264,13.1366764310027,0,0.0753378207674763,0,0.538055526721415,0,0,-1.21700401118067,0,0.328583250763064,0,13.1368924575068,119.154015603264,1332,1410,1410,1410,1410,3.88,194,50,1,0.382608695652174,0,0,5.19735254763576e-50,0
3.88,0,0,13,49.6181844123225,0,-119.146959373742,13.1413261722992,0,0.0746906539368066,0,0.554277171189768,0,0,-1.20608030329441,0,0.325645456436344,0,13.141538428226,119.146959373742,1331,1410,1410,1410,1410,3.9,195,50,1,0.382608695652174,0,0,2.93503917011311e-50,0
3.9,0,0,13,49.8809681469488,0,-119.139964861121,13.1459251988494,0,0.0740542958967148,0,0.570269655765555,0,0,-1.19483445250616,0,0.322758091546509,0,13.1461337804118,119.139964861121,1331,1410,1410,1410,1410,3.92,196,50,1,0.381521739130435,0,0,1.65746980816549e-50,0
3.92,0,0,13,50.1438444918824,0,-119.133033386432,13.1504241233999,0,0.0734287621818814,0,0.586031804047484,0,0,-1.1832710520688,0,0.319922339018983,0,13.1506291259549,119.133033386432,1330,1410,1410,1410,1410,3.94,197,50,1,0.381521739130435,0,0,9.36003237351774e-51,0
3.94,0,0,13,50.4068119409118,0,-119.126166245674,13.1548706326803,0,0.0728140530364013,0,0.601561979351039,0,0,-1.17139472724712,0,0.317136932714909,0,13.1550721491322,119.126166245674,1330,1410,1410,1410,1410,3.96,198,50,1,0.380434782608696,0,0,5.28577990390477e-51,0
3.96,0,0,13,50.669868973244,0,-119.119364718692,13.1592157364713,0,0.0722102063597445,0,0.616859240987395,0,0,-1.15921012506896,0,0.314403123875991,0,13.1594138590173,119.119364718692,1329,1410,1410,1410,1410,3.98,199,50,1,0.380434782608696,0,0,2.98497570067945e-51,0
3.98,0,0,13,50.933014050221,0,-119.112630059483,13.1635067871645,0,0.0716172423466612,0,0.631922112920975,0,0,-1.14672192060528,0,0.31171976490201,0,13.1637016057463,119.112630059483,1329,1410,1410,1410,1410,4,200,50,1,0.379347826086956,0,0,1.6856698719265e-51,0
4,0,0,13,51.1962456192204,0,-119.105963505063,13.1676951913163,0,0.0710352160404304,0,0.646749747473075,0,0,-1.13393480821103,0,0.309088153630921,0,13.1678867952809,119.105963505063,1329,1410,1410,1410,1410,4.02,201,50,1,0.379347826086956,0,0,9.5192832439939e-52,0
4.02,0,0,13,51.4595621104191,0,-119.099366265909,13.1718279709167,0,0.0704641624076854,0,0.661340716084825,0,0,-1.12085350886802,0,0.306507237177438,0,13.1720164475151,119.099366265909,1328,1410,1410,1410,1410,4.04,202,50,1,0.379347826086956,0,0,5.37571175640817e-52,0
4.04,0,0,13,51.7229624109539,0,-119.092839530146,13.1759039480096,0,0.069903487214831,0,0.675695255450644,0,0,-1.10748275604626,0,0.303974378441185,0,13.1760893798084,119.092839530146,1328,1410,1410,1410,1410,4.06,203,50,1,0.378260869565217,0,0,3.03576184753385e-52,0
4.06,0,0,13,51.9864449169229,0,-119.086384480484,13.179875331998,0,0.0693533532498554,0,0.689813825316844,0,0,-1.09382727110604,0,0.301491301008459,0,13.1800578016417,119.086384480484,1327,1410,1410,1410,1410,4.08,204,50,1,0.378260869565217,0,0,1.71434972940212e-52,0
4.08,0,0,13,52.2500080119262,0,-119.080002270706,13.183788814428,0,0.068813889159047,0,0.703695913325018,0,0,-1.07989177989267,0,0.299057400821574,0,13.1839684031318,119.080002270706,1326,1410,1410,1410,1410,4.1,205,50,1,0.377173913043478,0,0,9.68124359652477e-53,0
4.1,0,0,13,52.5136500670715,0,-119.073694034831,13.1875966114219,0,0.068285246778797,0,0.717341262531701,0,0,-1.06568101218461,0,0.296674336719139,0,13.1877734004082,119.073694034831,1326,1410,1410,1410,1410,4.12,206,50,1,0.376086956521739,0,0,5.46717370252911e-53,0
4.12,0,0,13,52.7773689745689,0,-119.067460882119,13.191298772592,0,0.0677681983495718,0,0.730747687327656,0,0,-1.05119972168948,0,0.294345360468065,0,13.1914728456111,119.067460882119,1326,1410,1410,1410,1410,4.14,207,50,1,0.376086956521739,0,0,3.08741206598245e-53,0
4.14,0,0,13,53.0411630822946,0,-119.061303880955,13.1949409794684,0,0.0672627692922702,0,0.743912531743972,0,0,-1.03645271564593,0,0.292069469916766,0,13.1951124183081,119.061303880955,1325,1409,1409,1555,1409,4.16,208,50,1,0.376086956521739,0,0,1.7435175437657e-53,0
4.16,0,0,13,53.3050311192202,0,-119.055221372057,13.1985170029646,0,0.0677584909357895,0,1.15512159465736,0,0,-1.0195093338024,0,0.294142247160112,0,13.1986909309461,119.055221372057,1325,1409,1409,1555,1409,4.18,209,50,1,0.375,0,0,-1.07282717148537,0
4.18,0,0,13,53.5689708972458,0,-119.049192005367,13.2019532714439,0,0.0742001859814215,0,2.77011507670287,0,0,-0.981566141054791,0,0.3220214951618,0,13.202161786957,119.049192005367,1325,1409,1409,1554,1409,4.2,210,50,1,0.375,0,0,-1.88208347901496,0
4.2,0,0,13,53.8329804793222,0,-119.043213177116,13.2052499720497,0,0.0886853386726139,0,4.93732463130851,0,0,-0.904921298468886,0,0.384787810051635,0,13.2055477702977,119.043213177116,1324,1409,1409,1553,1409,4.22,211,50,1,0.375,0,0,-2.339085181226,0
4.22,0,0,13,54.0970584314465,0,-119.037319633252,13.2083276616689,0,0.111071870664551,0,7.23716510654793,0,0,-0.783131629252057,0,0.481802054873965,0,13.2087946678893,119.037319633252,1324,1409,1409,1549,1409,4.24,212,50,1,0.373913043478261,0,0,-2.59716232425296,0
4.24,0,0,13,54.3612021623915,0,-119.031574453731,13.2110408889681,0,0.140169593176273,0,9.42954727659278,0,0,-0.616087830043466,0,0.607887359575882,0,13.2117844701175,119.031574453731,1324,1409,1409,1544,1409,4.26,213,50,1,0.373913043478261,0,0,-2.69673714847252,0
4.26,0,0,13,54.6254078572755,0,-119.026061829216,13.213332009254,0,0.174229282096955,0,11.3686986216006,0,0,-0.407648095967713,0,0.755450936685518,0,13.2144806416869,119.026061829216,1323,1409,1409,1536,1409,4.28,214,50,1,0.373913043478261,0,0,-2.74421563638999,0
4.28,0,0,13,54.8896704944361,0,-119.020879093319,13.2151048205068,0,0.211473701555626,0,12.9979079524525,0,0,-0.163332981158508,0,0.916793066851549,0,13.2167967580436,119.020879093319,1323,1409,1409,1526,1409,4.3,215,50,1,0.372826086956522,0,0,-2.6710012323877,0
4.3,0,0,13,55.1539826717971,0,-119.016132300885,13.2162402648275,0,0.249892707302811,0,14.2194190565984,0,0,0.1095440870996,0,1.08321968081816,0,13.2186025397093,119.016132300885,1323,1409,1409,1513,1409,4.32,216,50,1,0.372826086956522,0,0,-2.5337470631834,0
4.32,0,0,13,55.4183348493122,0,-119.011930076999,13.2167349599957,0,0.287597782378378,0,15.0164030153188,0,0,0.402626289140662,0,1.24656650074319,0,13.2198636712789,119.011930076999,1323,1409,1409,1500,1409,4.34,217,50,1,0.372826086956522,0,0,-2.34162208028606,0
4.34,0,0,13,55.6827157129944,0,-119.008377774079,13.2165653747563,0,0.322885288896303,0,15.3854290800166,0,0,0.707341800531311,0,1.39947744332164,0,13.2205088863853,119.008377774079,1322,1409,1409,1485,1409,4.35999999999999,218,50,1,0.372826086956522,0,0,-2.11413394461943,0
4.36,0,0,13,55.9471117804029,0,-119.005572764788,13.2157299114737,0,0.354322701901966,0,15.3481454853955,0,0,1.01533055963488,0,1.53577088712467,0,13.2204788744623,119.005572764788,1322,1409,1409,1469,1409,4.37999999999999,219,50,1,0.371739130434783,0,0,-1.85842884598677,0
4.38,0,0,13,56.2115071556219,0,-119.003600613294,13.2141984970154,0,0.380753440633815,0,14.9322501137555,0,0,1.31873673354649,0,1.6504618707078,0,13.2196828668874,119.003600613294,1322,1409,1409,1453,1409,4.39999999999999,220,50,1,0.371739130434783,0,0,-1.57800729991556,0
4.4,0,0,13,56.4758843095458,0,-119.002532232948,13.212042218135,0,0.401285622898485,0,14.1710589497633,0,0,1.61030519583764,0,1.73969368671627,0,13.2181348807207,119.002532232948,1322,1409,1409,1436,1409,4.41999999999999,221,50,1,0.371739130434783,0,0,-1.28225933346743,0
4.42,0,0,13,56.7402249552677,0,-119.002421673437,13.2092917108164,0,0.415292991805862,0,13.1038022671863,0,0,1.8835282027296,0,1.80075518341652,0,13.2158183920061,119.002421673437,1323,1409,1409,1421,1409,4.43999999999999,222,50,1,0.371739130434783,0,0,-0.970638051934886,0
4.44,0,0,13,57.0045101057222,0,-119.003304715286,13.2059792700227,0,0.422386762638755,0,11.7723428096998,0,0,2.13267025690501,0,1.83195284375587,0,13.2127324599237,119.003304715286,1323,1409,1409,1409,1409,4.45999999999999,223,50,1,0.372826086956522,0,0,-0.663120642625213,0
4.46,0,0,13,57.2687210895857,0,-119.00519773565,13.2021781457597,0,0.422474896627982,0,10.2403587260477,0,0,2.35305326217478,0,1.83286203269801,0,13.2089360976067,119.00519773565,1323,1409,1409,1400,1409,4.47999999999999,224,50,1,0.372826086956522,0,0,-0.381014846592232,0
4.48,0,0,13,57.5328396842993,0,-119.008097229095,13.1978643816069,0,0.415787526723017,0,8.58203250031737,0,0,2.54141601310473,0,1.80445812786284,0,13.2044122740343,119.008097229095,1324,1409,1409,1392,1409,4.49999999999999,225,50,1,0.372826086956522,0,0,-0.128391960959964,0
4.5,0,0,13,57.7968482279811,0,-119.011980638804,13.1930543652784,0,0.402811148443393,0,6.86261616715476,0,0,2.69590440843338,0,1.74881498490826,0,13.1992022602316,119.011980638804,1324,1408,1408,1385,1409,4.51999999999999,226,50,1,0.373913043478261,0,0,0.0969280985257659,0
4.52,0,0,13,58.0607310034014,0,-119.016808169636,13.1878073246511,0,0.38420716734791,0,5.13544696297509,0,0,2.81584787567478,0,1.6687553676453,0,13.1934027900145,119.016808169636,1325,1408,1408,1380,1409,4.53999999999999,227,50,1,0.373913043478261,0,0,0.296699171096197,0
4.54,0,0,13,58.3244741554957,0,-119.022524806778,13.1820913848273,0,0.360796785403555,0,3.46296721117341,0,0,2.90163312534339,0,1.56780686378407,0,13.1870280047589,119.022524806778,1325,1408,1408,1376,1409,4.55999999999999,228,50,1,0.375,0,0,0.420816053910729,0
4.56,0,0,13,58.5880659857398,0,-119.029061918683,13.1759671743588,0,0.33362165810249,0,1.9061198336021,0,0,2.95517331552633,0,1.4504460443189,0,13.1801902258858,119.029061918683,1325,1408,1408,1373,1409,4.57999999999999,229,50,1,0.375,0,0,0.567550548339564,0
4.58,0,0,13,58.8514970405131,0,-119.036341958706,13.1694157082361,0,0.303520738418137,0,0.449381247033278,0,0,2.97848982614276,0,1.32028477979726,0,13.1729129252032,119.036341958706,1326,1408,1408,1371,1409,4.59999999999999,230,50,1,0.375,0,0,0.664946010885708,0
4.6,0,0,13,59.1147597002475,0,-119.04427989865,13.1624689993553,0,0.271464247291744,0,-0.849102355344846,0,0,2.97419135252315,0,1.18150712739969,0,13.1652680563879,119.04427989865,1327,1408,1408,1371,1409,4.61999999999999,231,50,1,0.376086956521739,0,0,0.719946993586844,0
4.62,0,0,13,59.3778490590008,0,-119.052785376228,13.1552129407488,0,0.238439890342072,0,-1.96444725566361,0,0,2.94573962655244,0,1.03837951566741,0,13.157373639817,119.052785376228,1328,1408,1408,1371,1409,4.63999999999999,232,50,1,0.377173913043478,0,0,0.75100704524641,0
4.64,0,0,13,59.6407627472671,0,-119.061766075739,13.1476962419926,0,0.205340177677974,0,-2.89457016063645,0,0,2.89684415091865,0,0.894770375222118,0,13.1492996414363,119.061766075739,1329,1408,1408,1373,1409,4.65999999999999,233,50,1,0.378260869565217,0,0,0.768547219289065,0
4.66,0,0,13,59.9035002460647,0,-119.071130364404,13.1399751995667,0,0.172918142805533,0,-3.64953942507679,0,0,2.83112200000848,0,0.753951797828986,0,13.1411129258271,119.071130364404,1330,1408,1408,1375,1409,4.67999999999999,234,50,1,0.379347826086956,0,0,0.778452473434122,0
4.68,0,0,13,60.1660626377575,0,-119.080789324181,13.1321106546489,0,0.141775130029646,0,-4.24545686647064,0,0,2.75192130358453,0,0.618544971907914,0,13.1328759391627,119.080789324181,1331,1408,1408,1378,1409,4.69999999999999,235,50,1,0.380434782608696,0,0,0.784046149952928,0
4.7,0,0,13,60.4284523517197,0,-119.090658256425,13.1241651346444,0,0.112365937532878,0,-4.70093908247181,0,0,2.66223884265213,0,0.490540663765286,0,13.1246461508619,119.090658256425,1332,1408,1408,1382,1409,4.71999999999999,236,50,1,0.381521739130435,0,0,0.787205000451747,0
4.72,0,0,13,60.6906729282062,0,-119.100657617563,13.1161999997522,0,0.0850590276560142,0,-5.01635708985244,0,0,2.56478280536176,0,0.371559977447469,0,13.1164758022758,119.100657617563,1333,1408,1408,1386,1409,4.73999999999999,237,50,1,0.382608695652174,0,0,0.737893232935573,0
4.74,0,0,13,60.9527288323756,0,-119.11071291621,13.1082732603225,0,0.0602921546621763,0,-5.17234326209563,0,0,2.46267762981943,0,0.263532928458767,0,13.1084119179709,119.11071291621,1334,1408,1408,1390,1409,4.75999999999999,238,50,1,0.383695652173913,0,0,0.7003580945786,0
4.76,0,0,13,61.2146251905615,0,-119.120756743775,13.1004390500961,0,0.0383331349182917,0,-5.19190870764536,0,0,2.35875769940859,0,0.167652440472802,0,13.1004951331816,119.120756743775,1335,1408,1408,1394,1409,4.77999999999999,239,50,1,0.384782608695652,0,0,0.611033818219589,0
4.78,0,0,13,61.4763676064407,0,-119.13072872986,13.0927451980461,0,0.0195111923167327,0,-5.06007273650187,0,0,2.25605384966826,0,0.0853837853378726,0,13.0927597361131,119.13072872986,1336,1408,1408,1399,1409,4.79999999999999,240,50,1,0.385869565217391,0,0,0.547673594474618,0
4.8,0,0,13,61.7379619246772,0,-119.140577277789,13.0852322668743,0,0.00393626303687782,0,-4.81409286361261,0,0,2.15707258483258,0,0.0172355559048454,0,13.0852328589221,119.140577277789,1336,1408,1408,1403,1409,4.81999999999999,241,50,1,0.38695652173913,0,0,0.435249486455011,0
4.82,0,0,13,61.9994140922404,0,-119.150258963491,13.0779323761212,0,-0.00821161761171745,0,-4.44108439986934,0,0,2.06438707037948,0,-0.0359759445731913,0,13.0779349541533,119.150258963491,1337,1408,1408,1407,1409,4.83999999999998,242,50,1,0.38695652173913,0,0,0.357229720887247,0
4.84,0,0,13,62.2607294703329,0,-119.159739857252,13.0708182916738,0,-0.0169909599594892,0,-3.98873589046531,0,0,1.97992253183831,0,-0.074479632834896,0,13.0708293350757,119.159739857252,1337,1408,1408,1410,1409,4.85999999999998,243,50,1,0.38804347826087,0,0,0.245043041879574,0
4.86,0,0,13,62.5219132398857,0,-119.168994646152,13.0639538411419,0,-0.0224153090647176,0,-3.45278667162652,0,0,1.90544091326809,0,-0.0983087785806014,0,13.0639730713733,119.168994646152,1338,1408,1408,1416,1410,4.87999999999998,244,50,1,0.38804347826087,0,0,0.168772005046265,0
4.88,0,0,13,62.7829702704756,0,-119.17800718376,13.0572926463591,0,-0.0246937076899845,0,-2.87458033894704,0,0,1.84205661854482,0,-0.108356577640251,0,13.0573159964773,119.17800718376,1339,1408,1408,1422,1410,4.89999999999998,245,50,1,0.389130434782609,0,0,0.0568433080311102,0
4.9,0,0,13,63.0439050852368,0,-119.186768953366,13.0508821021514,0,-0.0239060841953325,0,-2.22778590767549,0,0,1.79093277842037,0,-0.104952001435659,0,13.0509039972378,119.186768953366,1340,1408,1408,1426,1410,4.91999999999998,246,50,1,0.390217391304348,0,0,-0.0627296144448502,0
4.92,0,0,13,63.3047222960644,0,-119.195278947562,13.0447112397049,0,-0.0202035180736872,0,-1.5422572524247,0,0,1.75323845743407,0,-0.088739058311818,0,13.0447268851987,119.195278947562,1341,1408,1408,1430,1410,4.93999999999998,247,50,1,0.391304347826087,0,0,-0.138466178248784,0
4.94,0,0,13,63.5654259919694,0,-119.203544549031,13.0387621984317,0,-0.013927339500136,0,-0.858599580464818,0,0,1.72920129526873,0,-0.0612004005884612,0,13.0387696366657,119.203544549031,1341,1408,1408,1433,1410,4.95999999999998,248,50,1,0.392391304347826,0,0,-0.238981650343834,0
4.96,0,0,13,63.8260197474472,0,-119.211579397968,13.0330123802311,0,-0.00532525346569416,0,-0.167954644822438,0,0,1.71898063560258,0,-0.0234108986119508,0,13.0330134681731,119.211579397968,1342,1408,1408,1434,1410,4.97999999999998,249,50,1,0.392391304347826,0,0,-0.306693315751847,0
4.98,0,0,13,64.0865060573804,0,-119.219403354143,13.0273833307705,0,0.00519342329687203,0,0.480505109018407,0,0,1.72221007930028,0,0.0228412116859657,0,13.0273843659609,119.219403354143,1343,1408,1408,1435,1410,4.99999999999998,250,50,1,0.393478260869565,0,0,-0.344931320279078,0
5,0,0,13,64.3468868335875,0,-119.227041774485,13.0218984902033,0,0.017138896415802,0,1.06035370595156,0,0,1.73774806018105,0,0.075410345415675,0,13.0219097689597,119.227041774485,1343,1408,1408,1435,1410,5.01999999999998,251,50,1,0.394565217391304,0,0,-0.36652501438502,0
5.02,0,0,13,64.6071639470133,0,-119.234523672895,13.0165289694631,0,0.0300267046707381,0,1.56138091910473,0,0,1.76410138666428,0,0.132170442882264,0,13.0165636024208,119.234523672895,1344,1408,1408,1434,1410,5.03999999999998,252,50,1,0.394565217391304,0,0,-0.378719364767738,0
5.04,0,0,13,64.8673382158469,0,-119.241880147704,13.0111952163729,0,0.0434189630555239,0,1.98241831429194,0,0,1.79967156120657,0,0.191197969001219,0,13.0112676617199,119.241880147704,1345,1408,1408,1433,1410,5.05999999999998,253,50,1,0.395652173913043,0,0,-0.385605735414971,0
5.06,0,0,13,65.1274099763645,0,-119.249143145021,13.0059254189581,0,0.0569404535788658,0,2.32721257059972,0,0,1.84289075002193,0,0.250841576031712,0,13.0060500621347,119.249143145021,1345,1408,1408,1431,1410,5.07999999999998,254,50,1,0.396739130434783,0,0,-0.389494593714325,0
5.08,0,0,13,65.3873796424135,0,-119.256344510716,13.0006969390187,0,0.0702824246331799,0,2.60203942549593,0,0,1.89229419790606,0,0.309740862040429,0,13.0008869128003,119.256344510716,1346,1408,1408,1428,1410,5.09999999999998,255,50,1,0.396739130434783,0,0,-0.391690702469891,0
5.1,0,0,13,65.6472466821954,0,-119.263515196429,12.9954366642106,0,0.0832018556823607,0,2.81430860780406,0,0,1.94655567647678,0,0.366824922270573,0,12.9957030068519,119.263515196429,1347,1407,1407,1425,1410,5.11999999999998,256,50,1,0.397826086956522,0,0,-0.392930884882059,0
5.12,0,0,13,65.9070101991187,0,-119.270684691131,12.9901809115208,0,0.0955150208884068,0,2.97175400334986,0,0,2.00450134942372,0,0.421280426555504,0,12.9905320612073,119.270684691131,1347,1407,1407,1422,1410,5.13999999999998,257,50,1,0.398913043478261,0,0,-0.393631238364806,0
5.14,0,0,13,66.166669495838,0,-119.277880784612,12.9849144678932,0,0.107038507228527,0,3.06119940041341,0,0,2.06501027242596,0,0.47229543307846,0,12.9853556355046,119.277880784612,1348,1407,1407,1418,1410,5.15999999999998,258,50,1,0.398913043478261,0,0,-0.336281078651953,0
5.16,0,0,13,66.4262230092075,0,-119.285130141312,12.9795722491117,0,0.117431241515669,0,3.04781360308347,0,0,2.12622979135815,0,0.518363072302397,0,12.9801034613132,119.285130141312,1348,1407,1407,1415,1410,5.17999999999998,259,50,1,0.4,0,0,-0.292945647388292,0
5.18,0,0,13,66.6856689578256,0,-119.292456271878,12.974200469624,0,0.126492803792376,0,2.95401395986299,0,0,2.18641439920452,0,0.558591197306058,0,12.9748170798436,119.292456271878,1348,1407,1407,1411,1410,5.19999999999998,260,50,1,0.4,0,0,-0.217945889764356,0
5.2,0,0,13,66.9450054063276,0,-119.299879286242,12.9687397494706,0,0.133990467162021,0,2.77091517594523,0,0,2.24376234125035,0,0.591947657413608,0,12.96943191257,119.299879286242,1349,1407,1407,1409,1410,5.21999999999998,261,50,1,0.4,0,0,-0.166012005310878,0
5.22,0,0,13,67.2042298280377,0,-119.307414703112,12.9631881208598,0,0.139857701649652,0,2.52909065027835,0,0,2.29688225797703,0,0.618130746260429,0,12.9639425497613,119.307414703112,1349,1407,1407,1407,1410,5.23999999999998,262,50,1,0.401086956521739,0,0,-0.0920770229139144,0
5.24,0,0,13,67.4633402714719,0,-119.315073804414,12.9576010683601,0,0.144009397018891,0,2.22571065425667,0,0,2.34448587010678,0,0.636752969803388,0,12.9584012961938,119.315073804414,1350,1407,1407,1405,1410,5.25999999999998,263,50,1,0.401086956521739,0,0,-0.0418669772516902,0
5.26,0,0,13,67.7223348983826,0,-119.322862947815,12.9519252115762,0,0.146536167184137,0,1.90356330859424,0,0,2.38577963265937,0,0.648208322832874,0,12.9527541293177,119.322862947815,1351,1407,1407,1402,1410,5.27999999999998,264,50,1,0.402173913043478,0,0,-0.013512454559395,0
5.28,0,0,13,67.9812120684117,0,-119.330783720999,12.946219838954,0,0.147585672701527,0,1.56728698241037,0,0,2.42056942911637,0,0.653138135052436,0,12.9470610429283,119.330783720999,1351,1407,1407,1400,1410,5.29999999999997,265,50,1,0.403260869565217,0,0,0.0621114238229891,0
5.3,0,0,13,68.2399708885974,0,-119.338834924172,12.9404917950499,0,0.147135666270849,0,1.18739656785803,0,0,2.44814342539216,0,0.65143501225794,0,12.9413282472103,119.338834924172,1352,1407,1407,1399,1410,5.31999999999997,266,50,1,0.403260869565217,0,0,0.116120136283115,0
5.32,0,0,13,68.4986101886401,0,-119.347011374522,12.9346929548736,0,0.145319587890671,0,0.805239919519371,0,0,2.46804374163002,0,0.64368352654191,0,12.9355092524214,119.347011374522,1353,1407,1407,1398,1410,5.33999999999997,267,50,1,0.404347826086957,0,0,0.146619834955654,0
5.34,0,0,13,68.7571291576833,0,-119.355303687031,12.9288881549158,0,0.142372406653347,0,0.445619869465396,0,0,2.4804996564632,0,0.630913363786354,0,12.9296720308173,119.355303687031,1353,1407,1407,1396,1410,5.35999999999997,268,50,1,0.405434782608696,0,0,0.163843567511813,0
5.36,0,0,13,69.0155279015182,0,-119.363699565409,12.9230870646574,0,0.138511511807553,0,0.102250830082816,0,0,2.48600774758788,0,0.6140809177224,0,12.9238293365248,119.363699565409,1354,1407,1407,1396,1410,5.37999999999997,269,50,1,0.405434782608696,0,0,0.224665749052461,0
5.38,0,0,13,69.2738062812026,0,-119.372185484058,12.9172457039488,0,0.133770115304802,0,-0.257099066127701,0,0,2.48445202298233,0,0.593329973945241,0,12.917938342473,119.372185484058,1355,1407,1407,1395,1410,5.39999999999997,270,50,1,0.406521739130435,0,0,0.268701026800867,0
5.4,0,0,13,69.5319645351405,0,-119.380745739774,12.9114337668503,0,0.128285847658736,0,-0.602203628580903,0,0,2.47581344830494,0,0.56926255561047,0,12.9120710644913,119.380745739774,1356,1407,1407,1395,1410,5.41999999999997,271,50,1,0.407608695652174,0,0,0.293568546153037,0
5.42,0,0,13,69.7900038731302,0,-119.38936229156,12.9056640846173,0,0.122263010543555,0,-0.91570613975046,0,0,2.46057155581434,0,0.542780665264942,0,12.9062432066317,119.38936229156,1356,1407,1407,1395,1410,5.43999999999997,272,50,1,0.408695652173913,0,0,0.307611684980586,0
5.44,0,0,13,70.0479258899981,0,-119.398015668518,12.8999505864114,0,0.115916600054808,0,-1.1904032519991,0,0,2.43944219106098,0,0.51483555430516,0,12.900471378598,119.398015668518,1357,1407,1407,1395,1410,5.45999999999997,273,50,1,0.408695652173913,0,0,0.315542099966373,0
5.46,0,0,13,70.3057319645881,0,-119.406685697072,12.8942495504058,0,0.109446943058417,0,-1.42473108065339,0,0,2.41322355952941,0,0.486317354222666,0,12.8947140372125,119.406685697072,1358,1407,1407,1396,1410,5.47999999999997,274,50,1,0.409782608695652,0,0,0.32002054902389,0
5.48,0,0,13,70.5634238090727,0,-119.415352109798,12.8886334002143,0,0.103026863405897,0,-1.62018331849569,0,0,2.38271152153347,0,0.457991048477327,0,12.8890451725372,119.415352109798,1358,1407,1407,1397,1410,5.49999999999997,275,50,1,0.410869565217391,0,0,0.322549610365158,0
5.5,0,0,13,70.8210040061042,0,-119.423995053866,12.8831155180597,0,0.0967969313632613,0,-1.77982412068686,0,0,2.34865459430264,0,0.43048215086047,0,12.8834791534582,119.423995053866,1359,1407,1407,1398,1410,5.51999999999997,276,50,1,0.410869565217391,0,0,0.323977817136241,0
5.52,0,0,13,71.0784748051735,0,-119.432595394848,12.8776505728823,0,0.0908674262773019,0,-1.90743158151908,0,0,2.31173186104097,0,0.404284429543554,0,12.8779711587817,119.432595394848,1359,1407,1407,1399,1410,5.53999999999997,277,50,1,0.41195652173913,0,0,0.324784351381846,0
5.54,0,0,13,71.3358386858218,0,-119.441134984062,12.8723103568694,0,0.0853197112340305,0,-2.00700829905106,0,0,2.27254401852836,0,0.379759937568411,0,12.8725931100416,119.441134984062,1359,1407,1407,1401,1410,5.55999999999997,278,50,1,0.41195652173913,0,0,0.325239815886359,0
5.56,0,0,13,71.593098315164,0,-119.449596850566,12.8670469326686,0,0.080209663013192,0,-2.08249845656928,0,0,2.23161196239229,0,0.357161644309748,0,12.8672969328269,119.449596850566,1360,1407,1407,1402,1410,5.57999999999997,279,50,1,0.41195652173913,0,0,0.325497024945988,0
5.58,0,0,13,71.8502559367518,0,-119.45796515276,12.8618712469915,0,0.0756164865243408,0,-2.11959876831747,0,0,2.18946729876058,0,0.336844891460324,0,12.8620935242759,119.45796515276,1361,1407,1407,1403,1410,5.59999999999997,280,50,1,0.41304347826087,0,0,0.274546647925536,0
5.6,0,0,13,72.1073145579028,0,-119.466224511204,12.8568510902959,0,0.0717755861929078,0,-2.08522263729564,0,0,2.14733411372343,0,0.31986023714389,0,12.8570514385226,119.466224511204,1361,1407,1407,1405,1410,5.61999999999997,281,50,1,0.414130434782609,0,0,0.236086157086603,0
5.62,0,0,13,72.3642778539683,0,-119.474361764138,12.8519935358074,0,0.0687790529395055,0,-2.01187851984996,0,0,2.10632268953643,0,0.306622612369604,0,12.8521775743474,119.474361764138,1362,1407,1407,1406,1410,5.63999999999997,282,50,1,0.414130434782609,0,0,0.214366820928543,0
5.64,0,0,13,72.6211489065991,0,-119.482366732732,12.8472442706,0,0.0666101392765852,0,-1.9212394570116,0,0,2.06697677350408,0,0.297063368249004,0,12.8474169489092,119.482366732732,1362,1407,1407,1408,1410,5.65999999999997,283,50,1,0.415217391304348,0,0,0.202101518202109,0
5.66,0,0,13,72.8779307946781,0,-119.490231649078,12.8426675643671,0,0.0652433809726423,0,-1.80778178506995,0,0,2.0295941108564,0,0.291071788148897,0,12.8428332881654,119.490231649078,1363,1407,1407,1409,1410,5.67999999999997,284,50,1,0.415217391304348,0,0,0.14407945184301,0
5.68,0,0,13,73.1346265937218,0,-119.497949980181,12.8382039972708,0,0.0648044800112707,0,-1.64217358245593,0,0,1.99504353250124,0,0.289214259514925,0,12.8383675557358,119.497949980181,1364,1407,1407,1410,1410,5.69999999999997,285,50,1,0.416304347826087,0,0,0.101625449881334,0
5.7,0,0,13,73.3912393133196,0,-119.505517764176,12.8339146138456,0,0.0652847677278968,0,-1.45766273805295,0,0,1.96403817861539,0,0.291455063113103,0,12.8340806611295,119.505517764176,1364,1407,1407,1411,1410,5.71999999999997,286,50,1,0.417391304347826,0,0,0.0776509056218229,0
5.72,0,0,13,73.6477724465695,0,-119.512934157559,12.8297971370993,0,0.0665789977534647,0,-1.27517086775776,0,0,1.93672635246339,0,0.297328265765711,0,12.8299698885875,119.512934157559,1365,1407,1407,1412,1410,5.73999999999997,287,50,1,0.417391304347826,0,0,0.0641120460115997,0
5.74,0,0,13,73.9042287400356,0,-119.520200702597,12.8257872134691,0,0.0685457642412792,0,-1.10564160975827,0,0,1.91294648350309,0,0.306206982706113,0,12.8259703791558,119.520200702597,1365,1407,1407,1414,1410,5.75999999999997,288,50,1,0.418478260869565,0,0,0.0564664066383877,0
5.76,0,0,13,74.1606108203681,0,-119.527320630908,12.821942525972,0,0.0710751531284296,0,-0.938205344419547,0,0,1.89245849770758,0,0.317601220279843,0,12.822139517909,119.527320630908,1366,1407,1407,1415,1410,5.77999999999996,289,50,1,0.418478260869565,0,0,0.00624406864262317,0
5.78,0,0,13,74.4169212068474,0,-119.534297687553,12.818195228604,0,0.0742207364541862,0,-0.742196362134617,0,0,1.87563576382949,0,0.33175399119414,0,12.8184101056382,119.534297687553,1366,1407,1407,1417,1410,5.79999999999996,290,50,1,0.419565217391304,0,0,-0.0308210706775228,0
5.8,0,0,13,74.6731622747485,0,-119.541137239468,12.8146014572068,0,0.0779368266753004,0,-0.543960427434983,0,0,1.86278988539242,0,0.348461572949505,0,12.8148384561024,119.541137239468,1367,1407,1407,1418,1410,5.81999999999996,291,50,1,0.419565217391304,0,0,-0.0517524265463515,0
5.82,0,0,13,74.9293362155848,0,-119.547846689957,12.8110914028276,0,0.0821080074679057,0,-0.359468570155269,0,0,1.85378819809544,0,0.367211327357294,0,12.8113545207559,119.547846689957,1367,1407,1407,1418,1410,5.83999999999996,292,50,1,0.420652173913043,0,0,-0.0635727425236726,0
5.84,0,0,13,75.185445043904,0,-119.55443482445,12.807720430648,0,0.0865976908218839,0,-0.196229425314714,0,0,1.84827086062267,0,0.387391856268757,0,12.8080131866615,119.55443482445,1367,1407,1407,1419,1410,5.85999999999996,293,50,1,0.420652173913043,0,0,-0.0702478891639237,0
5.86,0,0,13,75.4414905997082,0,-119.560911289851,12.8044178687675,0,0.0912713583146103,0,-0.0569950806319311,0,0,1.84577979294889,0,0.408403967164733,0,12.8047431609877,119.560911289851,1368,1407,1407,1419,1410,5.87999999999996,294,50,1,0.420652173913043,0,0,-0.0740174654387326,0
5.88,0,0,13,75.6974739376935,0,-119.567286128364,12.8011769889554,0,0.0960086950418894,0,0.0581145790099638,0,0,1.84583069597394,0,0.429709696946299,0,12.8015370160026,119.567286128364,1368,1406,1406,1419,1410,5.89999999999996,295,50,1,0.421739130434783,0,0,-0.0761462134734078,0
5.9,0,0,13,75.9533965970497,0,-119.573569479653,12.7980534812326,0,0.100706554764137,0,0.15039612603229,0,0,1.84795247228651,0,0.450845238069356,0,12.7984496998138,119.573569479653,1369,1406,1406,1418,1410,5.91999999999996,296,50,1,0.421739130434783,0,0,-0.0773483560657772,0
5.92,0,0,13,76.2092599725821,0,-119.579771312295,12.7949772563871,0,0.105281190003388,0,0.221860399580743,0,0,1.85170794173548,0,0.471437470925684,0,12.79541039281,119.579771312295,1369,1406,1406,1418,1410,5.93999999999996,297,50,1,0.422826086956522,0,0,-0.0780272277729256,0
5.94,0,0,13,76.4650653406371,0,-119.585901208946,12.7920061205393,0,0.109667441640912,0,0.274824046177531,0,0,1.85670367568884,0,0.491191730333477,0,12.7924762081338,119.585901208946,1369,1406,1406,1417,1410,5.95999999999996,298,50,1,0.422826086956522,0,0,-0.0784105989284707,0
5.96,0,0,13,76.7208138675193,0,-119.591968228885,12.7890705776736,0,0.113817156751879,0,0.311675551316507,0,0,1.8625935840683,0,0.509894016218591,0,12.7895770292019,119.591968228885,1370,1406,1406,1416,1410,5.97999999999996,299,50,1,0.422826086956522,0,0,-0.0786270955674621,0
5.98,0,0,13,76.9765059923242,0,-119.597980764428,12.7861663474776,0,0.117697917341846,0,0.334736924679897,0,0,1.86907884032566,0,0.527398383331081,0,12.7867080464487,119.597980764428,1370,1406,1406,1416,1410,5.99999999999996,300,50,1,0.423913043478261,0,0,-0.0787493551428542,0
6,0,0,13,77.2321427150715,0,-119.603946516746,12.7833526137063,0,0.12128901881267,0,0.346190393287798,0,0,1.87590573992494,0,0.543608595239855,0,12.7839279985628,119.603946516746,1370,1406,1406,1415,1410,6.01999999999996,301,50,1,0.423913043478261,0,0,-0.0788183973406672,0
6.02,0,0,13,77.4877249571102,0,-119.609872456216,12.7805610281852,0,0.124580411324247,0,0.348039600686621,0,0,1.88286248675016,0,0.558481407969796,0,12.7811681967671,119.609872456216,1371,1406,1406,1414,1410,6.03999999999996,302,50,1,0.423913043478261,0,0,-0.0788573867209554,0
6.04,0,0,13,77.7432529445665,0,-119.615764770985,12.7777888826905,0,0.127571532230177,0,0.342088299443715,0,0,1.88977537430639,0,0.572013484263088,0,12.7784256943665,119.615764770985,1371,1406,1406,1413,1410,6.05999999999996,303,50,1,0.425,0,0,-0.07887940473057,0
6.06,0,0,13,77.9987275032915,0,-119.621628918467,12.7750973115962,0,0.130267669155838,0,0.329937955455395,0,0,1.89650473990017,0,0.584224823639886,0,12.7757614640529,119.621628918467,1371,1406,1406,1412,1410,6.07999999999996,304,50,1,0.425,0,0,-0.0788918386996099,0
6.08,0,0,13,78.2541494119404,0,-119.627469645073,12.7724189160762,0,0.132679458708816,0,0.31299284806485,0,0,1.90294097279219,0,0.595165225723284,0,12.7731080323665,119.627469645073,1371,1406,1406,1411,1410,6.09999999999996,305,50,1,0.425,0,0,-0.0788988603872552,0
6.1,0,0,13,78.5095187783043,0,-119.63329098045,12.7697523266247,0,0.13482233203775,0,0.292465990551783,0,0,1.90900061684097,0,0.604903165310794,0,12.7704640301186,119.63329098045,1371,1406,1406,1410,1410,6.11999999999996,306,50,1,0.425,0,0,-0.0789028256615156,0
6.12,0,0,13,78.7648356957371,0,-119.639096296903,12.7670958242775,0,0.136714375606838,0,0.269391996780778,0,0,1.91462266896341,0,0.61351911538863,0,12.7678277951569,119.639096296903,1371,1406,1406,1410,1410,6.13999999999996,307,50,1,0.425,0,0,-0.0789050649237492,0
6.14,0,0,13,79.0201002428321,0,-119.64488835875,12.7644480484673,0,0.138375368437723,0,0.244641607018087,0,0,1.91976515439181,0,0.621101203257161,0,12.7651980683659,119.64488835875,1372,1406,1406,1410,1410,6.15999999999996,308,50,1,0.425,0,0,-0.0789063294757124,0
6.16,0,0,13,79.2753124895695,0,-119.650669374886,12.761807957924,0,0.139825977472645,0,0.218937058375134,0,0,1.9244020021494,0,0.62774160541542,0,12.7625739433278,119.650669374886,1372,1406,1406,1409,1410,6.17999999999996,309,50,1,0.426086956521739,0,0,-0.0789070435911223,0
6.18,0,0,13,79.5304731478772,0,-119.656441080389,12.7592393761911,0,0.141086199438976,0,0.192869203721239,0,0,1.92852023995831,0,0.633526348959691,0,12.7600193877054,119.656441080389,1372,1406,1406,1409,1410,6.19999999999996,310,50,1,0.426086956521739,0,0,-0.0789074468650354,0
6.2,0,0,13,79.7855829215975,0,-119.662204785033,12.7566763984467,0,0.142175906725464,0,0.166913752260212,0,0,1.93211754296331,0,0.638547367971074,0,12.7574686643997,119.662204785033,1373,1406,1406,1408,1410,6.21999999999996,311,50,1,0.426086956521739,0,0,-0.0789076746011223,0
6.22,0,0,13,80.0406418705163,0,-119.667961491654,12.7541199029687,0,0.143076178925243,0,0.125507406562994,0,0,1.93512261327909,0,0.642719169428393,0,12.7549223946004,119.667961491654,1373,1406,1406,1408,1410,6.23999999999995,312,50,1,0.427173913043478,0,0,-0.0330030963204419,0
6.24,0,0,13,80.2956506999376,0,-119.673712679337,12.7516368923729,0,0.143612052270914,0,0.0366110829936343,0,0,1.93679500653259,0,0.645251796932166,0,12.752445563753,119.673712679337,1373,1406,1406,1407,1410,6.25999999999995,313,50,1,0.427173913043478,0,0,0.00162372584212095,0
6.26,0,0,13,80.5506101366289,0,-119.679458834593,12.7491632979312,0,0.143719640037386,0,-0.0736391171970876,0,0,1.93644063023321,0,0.64586042499453,0,12.7499733384916,119.679458834593,1373,1406,1406,1407,1410,6.27999999999995,314,50,1,0.427173913043478,0,0,0.0211781198248601,0
6.28,0,0,13,80.8055203302926,0,-119.685198720002,12.7467020492839,0,0.143420439450165,0,-0.188388487352974,0,0,1.93381716632883,0,0.644640402129081,0,12.7475088764696,119.685198720002,1374,1406,1406,1407,1410,6.29999999999995,315,50,1,0.427173913043478,0,0,0.0322208404717924,0
6.3,0,0,13,81.0603815248813,0,-119.690929792242,12.7442557294385,0,0.142773021704417,0,-0.298653300389497,0,0,1.92893370917553,0,0.641853831804428,0,12.7450554425256,119.690929792242,1374,1406,1406,1407,1410,6.31999999999995,316,50,1,0.428260869565217,0,0,0.0384568649373843,0
6.32,0,0,13,81.3151947112425,0,-119.696648573806,12.7418927707609,0,0.141848579344586,0,-0.399932899212883,0,0,1.92193021697442,0,0.637816480910236,0,12.7426823079378,119.696648573806,1374,1406,1406,1407,1410,6.33999999999995,317,50,1,0.428260869565217,0,0,0.0419784609623878,0
6.34,0,0,13,81.5699609640832,0,-119.702350930962,12.7395499916026,0,0.140719438219441,0,-0.490274673673868,0,0,1.91300890760086,0,0.632856107486101,0,12.7403271523471,119.702350930962,1375,1406,1406,1407,1410,6.35999999999995,318,50,1,0.428260869565217,0,0,0.0439671700560978,0
6.36,0,0,13,81.8246807935186,0,-119.708032264164,12.7372314739237,0,0.13945350099389,0,-0.569168507885228,0,0,1.90239531871784,0,0.627277429025928,0,12.7379948539498,119.708032264164,1375,1406,1406,1407,1410,6.37999999999995,319,50,1,0.429347826086957,0,0,0.0450902301207174,0
6.38,0,0,13,82.0793554632912,0,-119.713687743461,12.7350065789339,0,0.138109384371735,0,-0.636906506803729,0,0,1.89031640298125,0,0.621340443484772,0,12.7357554454984,119.713687743461,1375,1406,1406,1408,1410,6.39999999999995,320,50,1,0.429347826086957,0,0,0.0457244424913113,0
6.4,0,0,13,82.3339863090664,0,-119.719312458072,12.7328118796745,0,0.136736536598145,0,-0.694209772293103,0,0,1.87698854054087,0,0.615270639417341,0,12.7335460592727,119.719312458072,1375,1406,1406,1408,1410,6.41999999999995,321,50,1,0.429347826086957,0,0,0.0460825937101872,0
6.42,0,0,13,82.5885740815977,0,-119.724901497176,12.7306514749782,0,0.135376135855935,0,-0.742014121573184,0,0,1.86261128363554,0,0.609253100729901,0,12.7313712409749,119.724901497176,1376,1406,1406,1409,1410,6.43999999999995,322,50,1,0.429347826086957,0,0,0.0462848481939056,0
6.44,0,0,13,82.8431196081512,0,-119.730450062748,12.7285285720425,0,0.134060678353965,0,-0.781342133027935,0,0,1.84736444519415,0,0.603434012312059,0,12.7292345360899,119.730450062748,1376,1406,1406,1409,1410,6.45999999999995,323,50,1,0.430434782608696,0,0,0.0463990649661187,0
6.46,0,0,13,83.0976244422204,0,-119.735953570794,12.7265126710152,0,0.132813923251269,0,-0.813225841844661,0,0,1.83140719448446,0,0.59791721586117,0,12.7272056753916,119.735953570794,1376,1406,1406,1409,1410,6.47999999999995,324,50,1,0.430434782608696,0,0,0.0464635652472246,0
6.48,0,0,13,83.3520901835844,0,-119.741407700797,12.724539334134,0,0.131652968300485,0,-0.838660374819125,0,0,1.81487837945896,0,0.592782976579239,0,12.725220381981,119.741407700797,1376,1406,1406,1410,1410,6.49999999999995,325,50,1,0.430434782608696,0,0,0.0464999897248398,0
6.5,0,0,13,83.6065178166661,0,-119.746808390836,12.7226120017891,0,0.130590070744141,0,-0.858581357737219,0,0,1.7978975124858,0,0.588086561422499,0,12.7232821989707,119.746808390836,1377,1406,1406,1410,1410,6.51999999999995,326,50,1,0.430434782608696,0,0,0.0465205592874337,0
6.52,0,0,13,83.8609083773821,0,-119.752151877002,12.7207331086405,0,0.129632552653132,0,-0.873850888163759,0,0,1.78056611254861,0,0.583861087007721,0,12.7213936115494,119.752151877002,1377,1406,1406,1410,1410,6.53999999999995,327,50,1,0.431521739130435,0,0,0.0465321752921923,0
6.54,0,0,13,84.1152636085258,0,-119.75743473288,12.7189717863353,0,0.128782731639249,0,-0.885249278613033,0,0,1.76296926241523,0,0.58011409884353,0,12.7196237481131,119.75743473288,1377,1406,1406,1411,1410,6.55999999999995,328,50,1,0.431521739130435,0,0,0.0465387350605848,0
6.56,0,0,13,84.3695852763677,0,-119.762653869033,12.7172622406331,0,0.128039811416503,0,-0.893471506355819,0,0,1.74517729644266,0,0.576845298593453,0,12.7179067888682,119.762653869033,1377,1406,1406,1412,1410,6.57999999999995,329,50,1,0.431521739130435,0,0,0.0465424394806722,0
6.58,0,0,13,84.6238745059743,0,-119.767806487322,12.7156070418777,0,0.127401419881485,0,-0.899131660451747,0,0,1.72724746451081,0,0.574044117216409,0,12.7162452620747,119.767806487322,1378,1406,1406,1412,1410,6.59999999999995,330,50,1,0.431521739130435,0,0,0.0465445314338271,0
6.6,0,0,13,84.8781324546042,0,-119.772890086509,12.7140077552657,0,0.126863177359706,0,-0.902766204231063,0,0,1.70922551725728,0,0.571690969209716,0,12.7146406739131,119.772890086509,1378,1406,1406,1413,1410,6.61999999999995,331,50,1,0.432608695652174,0,0,0.046545712797684,0
6.62,0,0,13,85.1323609734214,0,-119.777902475088,12.7125331392941,0,0.126418278722819,0,-0.904836971806922,0,0,1.69114722479721,0,0.569752306330584,0,12.7131616995476,119.777902475088,1378,1406,1406,1414,1410,6.63999999999995,332,50,1,0.432608695652174,0,0,0.0465463799352627,0
6.64,0,0,13,85.3865619230635,0,-119.782841644008,12.711115740618,0,0.126097817670729,0,-0.889906888707127,0,0,1.67311674402912,0,0.568371488009354,0,12.7117411880123,119.782841644008,1378,1406,1406,1415,1410,6.65999999999995,333,50,1,0.432608695652174,0,0,0.000642049792567621,0
6.66,0,0,13,85.6407365205573,0,-119.787705021582,12.709755612089,0,0.126086003982118,0,-0.826178103841787,0,0,1.6559023364407,0,0.568379056972314,0,12.7103810092156,119.787705021582,1378,1406,1406,1415,1410,6.67999999999995,334,50,1,0.432608695652174,0,0,-0.0339846322419782,0
6.68,0,0,13,85.8948859840886,0,-119.792490966627,12.708452026992,0,0.126455590700108,0,-0.739650364833083,0,0,1.64022566124951,0,0.570103464521776,0,12.7090811602876,119.792490966627,1378,1405,1405,1416,1410,6.69999999999995,335,50,1,0.432608695652174,0,0,-0.0535389470918867,0
6.7,0,0,13,86.1490114854606,0,-119.797199476857,12.7072037134526,0,0.127194409825836,0,-0.647139661764715,0,0,1.62635847961154,0,0.573490411274355,0,12.7078402820099,119.797199476857,1379,1405,1405,1417,1410,6.71999999999994,336,50,1,0.432608695652174,0,0,-0.0645816230510755,0
6.72,0,0,13,86.4031141368713,0,-119.801831812285,12.7060088865174,0,0.128252211040103,0,-0.557664977682938,0,0,1.61432110809585,0,0.578313845454207,0,12.7066561476219,119.801831812285,1379,1405,1405,1417,1410,6.73999999999994,337,50,1,0.433695652173913,0,0,-0.0708176222806888,0
6.74,0,0,13,86.6571956626796,0,-119.806390198957,12.7049332312378,0,0.129563075973109,0,-0.475800586381464,0,0,1.604001858529,0,0.584273839071454,0,12.7055938468403,119.806390198957,1379,1405,1405,1418,1410,6.75999999999994,338,50,1,0.433695652173913,0,0,-0.0743392040544779,0
6.76,0,0,13,86.9112577089848,0,-119.810877562145,12.7039055529394,0,0.131059090692705,0,-0.403589138681772,0,0,1.59522513444777,0,0.591067554214352,0,12.704581566634,119.810877562145,1379,1405,1405,1418,1410,6.77999999999994,339,50,1,0.433695652173913,0,0,-0.0763279051002688,0
6.78,0,0,13,87.1653011746909,0,-119.815297267752,12.7029240839601,0,0.132677640865161,0,-0.341642315068181,0,0,1.5877900915772,0,0.598412805893296,0,12.7036169510593,119.815297267752,1379,1405,1405,1418,1410,6.79999999999994,340,50,1,0.433695652173913,0,0,-0.0774509606200827,0
6.8,0,0,13,87.4193269010459,0,-119.819652956863,12.7019861768299,0,0.134363382127021,0,-0.289772347588286,0,0,1.58149239656451,0,0.606060145581509,0,12.702696814253,119.819652956863,1379,1405,1405,1418,1410,6.81999999999994,341,50,1,0.433695652173913,0,0,-0.0780851704241425,0
6.82,0,0,13,87.6733356668622,0,-119.823948400891,12.7010892109848,0,0.136069356622192,0,-0.247358680647685,0,0,1.57613623705605,0,0.613797878498615,0,12.7018180594435,119.823948400891,1379,1405,1405,1418,1410,6.83999999999994,342,50,1,0.433695652173913,0,0,-0.07844332019365,0
6.84,0,0,13,87.9273281927568,0,-119.82818738585,12.7002306410945,0,0.137757051710326,0,-0.213562368682718,0,0,1.57154065328043,0,0.621452347125888,0,12.7009777317454,119.82818738585,1380,1405,1405,1418,1410,6.85999999999994,343,50,1,0.433695652173913,0,0,-0.0786455738588838,0
6.86,0,0,13,88.1813051457695,0,-119.832373621571,12.6994080378597,0,0.139395907248652,0,-0.187452363909952,0,0,1.56754253795324,0,0.628885724669684,0,12.700173059097,119.832373621571,1380,1405,1405,1418,1410,6.87999999999994,344,50,1,0.434782608695652,0,0,-0.0787597901688839,0
6.88,0,0,13,88.4352678271265,0,-119.836510697476,12.6986874413944,0,0.140961595986816,0,-0.168078497053456,0,0,1.56399767943592,0,0.635984849159404,0,12.699469788372,119.836510697476,1380,1405,1405,1418,1410,6.89999999999994,345,50,1,0.434782608695652,0,0,-0.0788242901889697,0
6.9,0,0,13,88.6892174840934,0,-119.840602030285,12.6979974742739,0,0.142436279421784,0,-0.154514779847293,0,0,1.56078068899605,0,0.642672627233117,0,12.6987963189572,119.840602030285,1380,1405,1405,1418,1410,6.91999999999994,346,50,1,0.434782608695652,0,0,-0.0788607145191821,0
6.92,0,0,13,88.9431546407925,0,-119.844650788094,12.697337004353,0,0.143808575767419,0,-0.145888863909023,0,0,1.55778419218196,0,0.648897651461245,0,12.6981513579173,119.844650788094,1380,1405,1405,1418,1410,6.93999999999994,347,50,1,0.434782608695652,0,0,-0.078881283998535,0
6.94,0,0,13,89.1970797950752,0,-119.8486598805,12.6967042425687,0,0.145071653956458,0,-0.141395897400834,0,0,1.55491760233408,0,0.654629079545084,0,12.6975330048023,119.8486598805,1380,1405,1405,1418,1410,6.95999999999994,348,50,1,0.434782608695652,0,0,-0.0788928999562858,0
6.96,0,0,13,89.4509934147124,0,-119.852631946766,12.6960975902897,0,0.146222451408906,0,-0.140305406860582,0,0,1.55210569265909,0,0.659853067316819,0,12.6969395929671,119.852631946766,1380,1405,1405,1418,1410,6.97999999999994,349,50,1,0.434782608695652,0,0,-0.0788994596981322,0
6.98,0,0,13,89.7048959417148,0,-119.856569352713,12.6955156288947,0,0.147260953879886,0,-0.141963542087592,0,0,1.54928708021273,0,0.664569522874401,0,12.6963696729438,119.856569352713,1380,1405,1405,1417,1410,6.99999999999994,350,50,1,0.434782608695652,0,0,-0.0789031641032286,0
7,0,0,13,89.9587877962788,0,-119.860474194421,12.6949571132487,0,0.148189555127632,0,-0.145792290427994,0,0,1.54641269733219,0,0.668789219529276,0,12.6958219998342,119.860474194421,1380,1405,1405,1417,1410,7.01999999999994,351,50,1,0.434782608695652,0,0,-0.0789052560479177,0
7.02,0,0,13,90.2126693804046,0,-119.864348307205,12.694420962907,0,0.149012496227552,0,-0.151286699463638,0,0,1.54344430005429,0,0.672531267368833,0,12.6952955187157,119.864348307205,1380,1405,1405,1417,1410,7.03999999999994,352,50,1,0.434782608695652,0,0,-0.0789064374069939,0
7.04,0,0,13,90.4665410811747,0,-119.868193278537,12.6939062517228,0,0.149735381503446,0,-0.15801080585954,0,0,1.54035304595139,0,0.675820929957374,0,12.6947893488628,119.868193278537,1380,1405,1405,1417,1410,7.05999999999994,353,50,1,0.434782608695652,0,0,-0.0789071045418729,0
7.06,0,0,13,90.7204032736926,0,-119.872010463802,12.6934121963774,0,0.150364766316134,0,-0.165592755511125,0,0,1.53711816214099,0,0.678687764851303,0,12.6943027673871,119.872010463802,1380,1405,1405,1417,1410,7.07999999999994,354,50,1,0.434782608695652,0,0,-0.0789074812850288,0
7.08,0,0,13,90.974256323687,0,-119.875801003929,12.6929381442667,0,0.15090781099308,0,-0.173719462396754,0,0,1.53372571598863,0,0.681164062253331,0,12.6938351927855,119.875801003929,1380,1405,1405,1416,1410,7.09999999999994,355,50,1,0.434782608695652,0,0,-0.0789076940387164,0
7.1,0,0,13,91.228100589793,0,-119.879565844099,12.6924835611075,0,0.151371994724637,0,-0.182131060232717,0,0,1.53016749506355,0,0.68328355403681,0,12.6933861687799,119.879565844099,1380,1405,1405,1416,1410,7.11999999999994,356,50,1,0.434782608695652,0,0,-0.0789078141845792,0
7.12,0,0,13,91.4819364255263,0,-119.883305752916,12.6920480185601,0,0.151764883123445,0,-0.190615334837505,0,0,1.52643999851989,0,0.685080364766983,0,12.6929553487431,119.883305752916,1381,1405,1405,1416,1410,7.13999999999994,357,50,1,0.434782608695652,0,0,-0.0789078820331253,0
7.14,0,0,13,91.7357641809716,0,-119.887021341494,12.6916311821073,0,0.152093943234407,0,-0.199002276130374,0,0,1.52254353883037,0,0.686588176739046,0,12.6925424809298,119.887021341494,1381,1405,1405,1416,1410,7.15999999999994,358,50,1,0.435869565217391,0,0,-0.0789079203484288,0
7.16,0,0,13,91.989584891923,0,-119.890713106848,12.6913016026445,0,0.152365432385566,0,-0.20715714875079,0,0,1.51848146053294,0,0.687831485664536,0,12.6922161813559,119.890713106848,1381,1405,1405,1416,1410,7.17999999999993,359,50,1,0.435869565217391,0,0,-0.078907941985775,0
7.18,0,0,13,92.2433995830628,0,-119.894381449113,12.6909893477626,0,0.152585429110171,0,-0.214974590210303,0,0,1.51425950880319,0,0.688841479634242,0,12.691906591927,119.894381449113,1381,1405,1405,1416,1410,7.19999999999993,360,50,1,0.435869565217391,0,0,-0.0789079542047765,0
7.2,0,0,13,92.4972085901782,0,-119.898026648284,12.6906951201236,0,0.152760621436399,0,-0.222377847188032,0,0,1.50988524353854,0,0.689648290051555,0,12.6916144930183,119.898026648284,1381,1405,1405,1416,1410,7.21999999999993,361,50,1,0.435869565217391,0,0,-0.0789079611050681,0
7.22,0,0,13,92.7510122580236,0,-119.901648892309,12.6904188229589,0,0.152897192555508,0,-0.229314287366907,0,0,1.50536751152276,0,0.690279817159662,0,12.691339860456,119.901648892309,1381,1405,1405,1416,1410,7.23999999999993,362,50,1,0.435869565217391,0,0,-0.0789079650017878,0
7.24,0,0,13,93.0048109324846,0,-119.905248291848,12.6901604105314,0,0.153000802182026,0,-0.235751428116498,0,0,1.50071600440302,0,0.690761599227034,0,12.6910827154537,119.905248291848,1381,1405,1405,1416,1410,7.25999999999993,363,50,1,0.435869565217391,0,0,-0.0789079672023361,0
7.26,0,0,13,93.2586049611101,0,-119.908824893814,12.6899198729482,0,0.153076573169991,0,-0.241673364994623,0,0,1.49594089207673,0,0.69111675233864,0,12.6908431090728,119.908824893814,1381,1405,1405,1416,1410,7.27999999999993,364,50,1,0.435869565217391,0,0,-0.0789079684450255,0
7.28,0,0,13,93.5123946934387,0,-119.912378693554,12.6896972288338,0,0.153129092885093,0,-0.247077594856094,0,0,1.49105252354475,0,0.691365976424919,0,12.6906211147666,119.912378693554,1381,1405,1405,1416,1410,7.29999999999993,365,50,1,0.435869565217391,0,0,-0.0789079691467948,0
7.3,0,0,13,93.7661804812115,0,-119.915909645696,12.6894925187863,0,0.153162426081419,0,-0.251972219679621,0,0,1.48606118746702,0,0.691527613239912,0,12.6904168218817,119.915909645696,1381,1405,1405,1415,1410,7.31999999999993,366,50,1,0.435869565217391,0,0,-0.0789079695430966,0
7.32,0,0,13,94.0199626784858,0,-119.919417673691,12.6893057996399,0,0.15318013655367,0,-0.256373511751849,0,0,1.4809769249921,0,0.691617743969317,0,12.6902303301008,119.919417673691,1381,1405,1405,1415,1410,7.33999999999993,367,50,1,0.435869565217391,0,0,-0.0789079697668955,0
7.34,0,0,13,94.2737416416683,0,-119.92290267813,12.6891371394889,0,0.153185315222217,0,-0.260303816981628,0,0,1.47580938786057,0,0.691650315895527,0,12.6900617447496,119.92290267813,1381,1405,1405,1415,1410,7.35999999999993,368,50,1,0.435869565217391,0,0,-0.0789079698932787,0
7.36,0,0,13,94.527517729481,0,-119.926364543915,12.6889866134245,0,0.15318061266504,0,-0.263789770598981,0,0,1.47056773527386,0,0.691637289155296,0,12.689911172887,119.926364543915,1381,1405,1405,1415,1410,7.37999999999993,369,50,1,0.435869565217391,0,0,-0.0789079699646496,0
7.38,0,0,13,94.7812913028748,0,-119.929803146361,12.6888542999274,0,0.153168274435052,0,-0.266860798084835,0,0,1.46526056355094,0,0.691588796089556,0,12.6897787200991,119.929803146361,1381,1405,1405,1416,1410,7.39999999999993,370,50,1,0.435869565217391,0,0,-0.0789079700049541,0
7.4,0,0,13,95.0350627249,0,-119.933218356321,12.6887402778579,0,0.153150177793416,0,-0.269547873670762,0,0,1.45989586314453,0,0.691513307002653,0,12.6896644879166,119.933218356321,1381,1405,1405,1416,1410,7.41999999999993,371,50,1,0.435869565217391,0,0,-0.0789079700277147,0
7.42,0,0,13,95.2888323605456,0,-119.936610044444,12.688644623985,0,0.153127868749541,0,-0.271882508960266,0,0,1.45448099814088,0,0.691417797321809,0,12.6895685717825,119.936610044444,1381,1405,1405,1416,1410,7.43999999999993,372,50,1,0.435869565217391,0,0,-0.0789079700405681,0
7.44,0,0,13,95.5426005765547,0,-119.939978084636,12.6885674109941,0,0.153102598527614,0,-0.273895944995724,0,0,1.44902270390909,0,0.691307912181839,0,12.6894910594956,119.939978084636,1381,1405,1405,1416,1410,7.45999999999993,373,50,1,0.435869565217391,0,0,-0.0789079700478266,0
7.46,0,0,13,95.7963677412243,0,-119.943322356833,12.6885087059189,0,0.153075358779345,0,-0.275618522291111,0,0,1.44352709908813,0,0.691188125361885,0,12.6894320300652,119.943322356833,1381,1405,1405,1416,1410,7.47999999999993,374,50,1,0.435869565217391,0,0,-0.0789079700519256,0
7.48,0,0,13,96.0501342241947,0,-119.946642749164,12.6884685689394,0,0.153046915034834,0,-0.277079204853436,0,0,1.43799970859474,0,0.691061890278518,0,12.689391552914,119.946642749164,1381,1405,1405,1416,1410,7.49999999999993,375,50,1,0.435869565217391,0,0,-0.0789079700542404,0
7.5,0,0,13,96.3039003962336,0,-119.949939159583,12.6884470524992,0,0.153017838030314,0,-0.278305235926675,0,0,1.43244549479808,0,0.690931781402295,0,12.6893696873734,119.949939159583,1381,1405,1405,1416,1410,7.51999999999993,376,50,1,0.435869565217391,0,0,-0.0789079700555476,0
7.52,0,0,13,96.5576666290202,0,-119.953211497053,12.6884442006906,0,0.152988532675001,0,-0.279321905029013,0,0,1.42686889443409,0,0.690799625022597,0,12.6893664824202,119.953211497053,1381,1405,1405,1416,1410,7.53999999999993,377,50,1,0.435869565217391,0,0,-0.0789079700562858,0
7.54,0,0,13,96.8114332949305,0,-119.956459682351,12.6884600488684,0,0.15295926452181,0,-0.280152407749974,0,0,1.42127385922217,0,0.690666618748334,0,12.6893819766107,119.956459682351,1381,1405,1405,1416,1410,7.55999999999993,378,50,1,0.435869565217391,0,0,-0.0789079700567027,0
7.56,0,0,13,97.0652007668278,0,-119.959683648548,12.6884946234489,0,0.152930183690312,0,-0.280817781674328,0,0,1.41566389849853,0,0.690533439510013,0,12.6894161981699,119.959683648548,1381,1405,1405,1416,1410,7.57999999999993,379,50,1,0.435869565217391,0,0,-0.0789079700569381,0
7.58,0,0,13,97.3189694178603,0,-119.962883341231,12.6885479418635,0,0.152901346257337,0,-0.281336903661655,0,0,1.41004212249443,0,0.690400340131304,0,12.6894691652038,119.962883341231,1381,1405,1405,1416,1410,7.59999999999993,380,50,1,0.435869565217391,0,0,-0.078907970057071,0
7.6,0,0,13,97.5727396212656,0,-119.966058718512,12.6886200126324,0,0.152872733183018,0,-0.281726535501397,0,0,1.40441128516483,0,0.690267234775102,0,12.6895408860024,119.966058718512,1381,1405,1405,1416,1410,7.61999999999993,381,50,1,0.435869565217391,0,0,-0.0789079700571461,0
7.62,0,0,13,97.8265117501852,0,-119.969209750874,12.6887108355332,0,0.152844266879873,0,-0.282001406658703,0,0,1.39877382571557,0,0.690133773748858,0,12.6896313594089,119.969209750874,1381,1405,1405,1416,1410,7.63999999999993,382,50,1,0.435869565217391,0,0,-0.0789079700571885,0
7.64,0,0,13,98.0802861774878,0,-119.97233642088,12.6888204018412,0,0.152815825561436,0,-0.282174324409543,0,0,1.39313190818695,0,0.689999408284869,0,12.6897405752334,119.97233642088,1381,1405,1405,1416,1410,7.65999999999992,383,50,1,0.435869565217391,0,0,-0.0789079700572125,0
7.66,0,0,13,98.3340632756023,0,-119.975438722792,12.6889486946207,0,0.152787255526785,0,-0.28225630312339,0,0,1.38748745863035,0,0.689863446000754,0,12.6898685146918,119.975438722792,1381,1405,1405,1416,1410,7.67999999999992,384,50,1,0.435869565217391,0,0,-0.078907970057226,0
7.68,0,0,13,98.5878434163602,0,-119.978516662127,12.6890956890499,0,0.152758381549417,0,-0.282256705782392,0,0,1.38184219956655,0,0.689725097800377,0,12.6900151508577,119.978516662127,1381,1405,1405,1416,1410,7.69999999999992,385,50,1,0.435869565217391,0,0,-0.0789079700572336,0
7.7,0,0,13,98.8416269708477,0,-119.981570255157,12.6892613527675,0,0.152729015544823,0,-0.282183392025696,0,0,1.37619768153965,0,0.689583517002069,0,12.6901804491121,119.981570255157,1381,1405,1405,1416,1410,7.71999999999992,386,50,1,0.435869565217391,0,0,-0.0789079700572379,0
7.72,0,0,13,99.0954143092666,0,-119.984599528397,12.6894456462276,0,0.152698963691872,0,-0.282042868077742,0,0,1.3705553116845,0,0.689437831484665,0,12.6903643675852,119.984599528397,1381,1405,1405,1416,1410,7.73999999999992,387,50,1,0.435869565217391,0,0,-0.0789079700572403,0
7.74,0,0,13,99.3492058008039,0,-119.987604518079,12.6896485230541,0,0.15266803217989,0,-0.281840434864107,0,0,1.36491637930817,0,0.689287169627401,0,12.6905668575796,119.987604518079,1381,1405,1405,1416,1410,7.75999999999992,388,50,1,0.435869565217391,0,0,-0.0789079700572417,0
7.76,0,0,13,99.6030018135085,0,-119.990585269631,12.6898699303884,0,0.152636031746996,0,-0.281580331443622,0,0,1.3592820785518,0,0.689130680791214,0,12.6907878639729,119.990585269631,1381,1405,1405,1417,1410,7.77999999999992,389,50,1,0.435869565217391,0,0,-0.0789079700572425,0
7.78,0,0,13,99.8568027141767,0,-119.993541837171,12.6901098092234,0,0.152602781166645,0,-0.281265871598404,0,0,1.35365352824913,0,0.688967551050168,0,12.6910273255938,119.993541837171,1381,1405,1405,1417,1410,7.79999999999992,390,50,1,0.435869565217391,0,0,-0.0789079700572429,0
7.8,0,0,13,100.110608868243,0,-119.996474283023,12.6903680947212,0,0.152568109829081,0,-0.280899572032236,0,0,1.34803178913514,0,0.688797014835547,0,12.6912851755705,119.996474283023,1381,1405,1405,1417,1410,7.81999999999992,391,50,1,0.435869565217391,0,0,-0.0789079700572432,0
7.82,0,0,13,100.364420639679,0,-119.999382677259,12.6906447165105,0,0.152531859553135,0,-0.280483271141248,0,0,1.34241787858351,0,0.688618363104246,0,12.6915613416504,119.999382677259,1381,1404,1404,1417,1410,7.83999999999992,392,50,1,0.435869565217391,0,0,-0.0789079700572433,0
7.84,0,0,13,100.61823839088,-6.66145322450794e-08,-120.002267097277,12.6909395955021,-1.45123677537209e-05,0.152493885699776,-0.0394408899257435,-0.28001824065364,0.000278477731299724,-0.00019429467659351,1.33681278306339,7.52757999731453e-07,0.688430948541835,-6.55142510177284e-05,12.6918557430373,120.002267097277,1381,1404,1404,1417,1410,7.85999999999992,393,50,1,0.435869565217391,-0.156097142432776,0.156097142432776,-0.0789079700572434,0
7.86,0,0,13,100.872062482285,-8.87114025103667e-07,-120.005127627387,12.6912526239456,-8.97602379974618e-05,0.15245405581089,-0.183971540668085,-0.279505497146277,0.00479975408349699,-0.00234031322036033,1.33121746821715,4.02569935722881e-05,0.688234180500961,-0.000405201278118564,12.6921682707092,120.005127627387,1381,1404,1404,1417,1410,7.87999999999992,394,50,1,0.435869565217391,-0.27384453032394,0.27384453032394,-0.0789079700572434,0
7.88,0,0,13,101.125893272182,-3.29970975673765e-06,-120.007964358378,12.6915837088712,-0.000247111615682796,0.152412240378094,-0.355155275506732,-0.278946686442941,0.0170564858533423,-0.00773277566035133,1.325632890419,0.000245545708539535,0.688027480977631,-0.00111549765227277,12.6924988316473,120.007964358378,1381,1404,1404,1417,1410,7.89999999999992,395,50,1,0.435869565217391,-0.340338614085157,0.340338614085157,-0.0789079700572435,0
7.9,0,0,13,101.379731117114,-8.00589667991213e-06,-120.010777387067,12.6919327673861,-0.000520299726643621,0.152368300937761,-0.513322113121695,-0.278344214121589,0.0373155555361902,-0.0164477359832499,1.32006002565588,0.000777905047808054,0.687810231137777,-0.00234864389485439,12.6928473457177,120.010777387067,1381,1405,1405,1417,1410,7.91999999999992,396,50,1,0.435869565217391,-0.377889028191418,0.377889028191418,-0.0789079700572435,0
7.92,0,0,13,101.633576371948,-1.57178860187447e-05,-120.013566815839,12.6922997077273,-0.000943979581268038,0.152322085568622,-0.644250852417122,-0.277700395055628,0.0644519648994672,-0.0280519422492784,1.31449990920734,0.00178776385914906,0.687581752035889,-0.00426102066475636,12.6932137293762,120.013566815839,1381,1405,1405,1417,1410,7.93999999999992,397,50,1,0.435869565217391,-0.39909442752612,0.39909442752612,-0.0789079700572435,0
7.94,0,0,13,101.887429389757,-2.72135163285895e-05,-120.01633275219,12.6926844232939,-0.00154747405960134,0.152273433663915,-0.745717938874716,-0.277016646794165,0.0969147472601177,-0.041963572572885,1.30895366360346,0.00339766367375902,0.687341326493217,-0.00698491739615095,12.6935978927411,120.01633275219,1381,1405,1405,1417,1410,7.95999999999992,398,50,1,0.435869565217391,-0.411069500814837,0.411069500814837,-0.0789079700572435,0
7.96,0,0,13,102.141290521697,-4.33435743703364e-05,-120.019075308263,12.6930867904566,-0.00235290866642655,0.152222186429555,-0.820591223029278,-0.27629313653781,0.133168655685715,-0.0576156182233966,1.30342250760253,0.00569875898532929,0.687088246610764,-0.0106201149912313,12.6939997400458,120.019075308263,1381,1405,1405,1417,1410,7.97999999999992,399,50,1,0.435869565217391,-0.417832041713346,0.417832041713346,-0.0789079700572435,0
7.98,0,0,13,102.395160116892,-6.50193477154825e-05,-120.021794600407,12.6935066677601,-0.00337534456730586,0.152168198189445,-0.873419212159871,-0.275528824243789,0.171869973212828,-0.0745195390410214,1.29790775053369,0.00875319762272576,0.686821864840526,-0.0152344898801089,12.6944191705632,120.021794600407,1380,1405,1405,1417,1411,7.99999999999992,400,50,1,0.435869565217391,-0.421650971109554,0.421650971109554,-0.0789079700572435,0
8,0,0,13,102.649038522331,-9.31940626141801e-05,-120.024490748787,12.693943895998,-0.00462369947390438,0.152111345235498,-0.908852042871394,-0.274721722898633,0.211913569765658,-0.0922809144063648,1.29241077869848,0.0125985727005242,0.686541633917612,-0.0208681744632163,12.6948560793217,120.024490748787,1380,1405,1405,1417,1411,8.01999999999992,401,50,1,0.434782608695652,-0.42380758974626,0.42380758974626,-0.0789079700572435,0
8.02,0,0,13,102.902925395231,-0.000128844611350323,-120.027163855063,12.6943295214359,-0.00610186833525723,0.152052499154899,-0.930994998673098,-0.273870953240697,0.252422302231819,-0.11059387521616,1.28693302862659,0.0172526575764638,0.686255216995888,-0.0275387682508951,12.6952415965233,120.027163855063,1380,1405,1405,1417,1412,8.03999999999992,402,50,1,0.434782608695652,-0.425025471372667,0.425025471372667,-0.0789079700572435,0
8.04,0,0,13,103.156820400648,-0.000172955610452484,-120.029813999964,12.6947330734411,-0.00780979250451107,0.15199238905732,-0.943220018014963,-0.272977992270573,0.29271487774361,-0.1292277309062,1.28147591196242,0.0227176704041727,0.685962144724716,-0.0352458000973968,12.6956453355121,120.029813999964,1380,1405,1405,1418,1412,8.05999999999992,403,50,1,0.434782608695652,-0.42571323119756,0.42571323119756,-0.0789079700572435,0
8.06,0,0,13,103.410723890124,-0.000226506746919685,-120.032441280446,12.6951535309608,-0.00974437728436568,0.151930735265507,-0.948182801777243,-0.272043072256218,0.332269175305179,-0.148012200705843,1.27604079253113,0.0289838326453013,0.685661212060541,-0.043975175559081,12.696066362298,120.032441280446,1380,1405,1405,1418,1413,8.07999999999992,404,50,1,0.434782608695652,-0.426101621634266,0.426101621634266,-0.0789079700572435,0
8.08,0,0,13,103.664636204764,-0.000290463587109889,-120.03504579994,12.6955907032664,-0.0119002295862987,0.151867310616099,-0.947918813045578,-0.271065658059939,0.370688083952076,-0.166823914335094,1.2706289948605,0.0360322088935296,0.685351406226842,-0.0537024206907277,12.6965045819849,120.03504579994,1380,1406,1406,1418,1414,8.09999999999992,405,50,1,0.434782608695652,-0.426320952752288,0.426320952752288,-0.0789079700572435,0
8.1,0,0,13,103.918557683511,-0.000365770935277783,-120.037627667913,12.6960443809811,-0.0142702390261815,0.151801925937103,-0.943960532556883,-0.270044707365315,0.407670842991236,-0.185575128015998,1.26524180899472,0.0438369153795004,0.685031887067262,-0.0643953078699444,12.6969598876378,120.037627667913,1380,1406,1406,1418,1415,8.11999999999992,406,50,1,0.434782608695652,-0.426444813009356,0.426444813009356,-0.0789079700572435,0
8.12,0,0,13,104.17248866297,-0.000453348377983643,-120.040186999403,12.6965143452586,-0.0168460252880183,0.151734427349268,-0.937447853288359,-0.268978870685373,0.442990159920236,-0.204204754408315,1.25988049422679,0.0523668123633718,0.684701974351798,-0.0760158763609319,12.6974321673466,120.040186999403,1380,1406,1406,1418,1416,8.13999999999992,407,50,1,0.434782608695652,-0.426514759141118,0.426514759141118,-0.0789079700572435,0
8.14,0,0,13,104.426429477223,-0.00055400615076286,-120.042723914943,12.6970003732286,-0.0195991845005141,0.15166469487859,-0.929082097991234,-0.267866487641315,0.47438792678125,-0.222670915708735,1.25454624377854,0.0615767241509142,0.684361141200505,-0.0884358136315455,12.6979212781255,120.042723914943,1380,1406,1406,1418,1417,8.15999999999991,408,50,1,0.434782608695652,-0.426554258989289,0.426554258989289,-0.0789079700572435,0.0794002852725108
8.16,0,0,13,104.680380456853,-0.000667785453448912,-120.045238542888,12.6975022755503,-0.0224595825520065,0.151592657297412,-0.919623735900223,-0.266704579761801,0.497055441830592,-0.240945521301345,1.24923985653164,0.0713267180013224,0.684009078995605,-0.101338532612842,12.6984270208636,120.045238542888,1380,1407,1407,1418,1417,8.17999999999991,409,50,1,0.434782608695652,-0.426576565269367,0.426576565269367,-0.0789079700572435,0.139293605822422
8.18,0,0,13,104.934341929403,-0.00079464443500045,-120.047731016908,12.6980198919676,-0.0254151733048526,0.151518276264438,-0.910241477716064,-0.265490509025741,0.513661349840244,-0.259022809165596,1.24396201191197,0.0814673333317254,0.683645626032968,-0.114669576640116,12.6989492831447,120.047731016908,1380,1407,1407,1418,1418,8.19999999999991,410,50,1,0.434782608695652,-0.426589162029962,0.426589162029962,-0.0789079700572435,0.173116449324176
8.2,0,0,13,105.188314220033,-0.00093491726999504,-120.050201473916,12.6985530632918,-0.0284576929967627,0.151441526451262,-0.901474018433402,-0.264222746491231,0.526061670184785,-0.276912739135858,1.23871350987992,0.0918974316444068,0.683270679348979,-0.128391559877225,12.6994879533571,120.050201473916,1380,1407,1407,1418,1419,8.21999999999991,411,50,1,0.434782608695652,-0.426596275648949,0.426596275648949,-0.0789079700572435,0.19221682198745
8.22,0,0,13,105.442297651414,-0.00108914957581386,-120.052650054384,12.6991016284918,-0.0315787425032033,0.151362392159932,-0.893513284779229,-0.262900395139494,0.535326069019787,-0.294631522030966,1.23349522052777,0.102544451164075,0.68288417960634,-0.142466489661689,12.7000429117976,120.052650054384,1380,1407,1407,1418,1421,8.23999999999991,412,50,1,0.434782608695652,-0.426600292838503,0.426600292838503,-0.0789079700572435,0.203003148567502
8.24,0,0,13,105.69629254358,-0.00125800007852918,-120.055076902546,12.699665425529,-0.0347699802965222,0.151280865592568,-0.886388453011642,-0.261522914379507,0.542076558754211,-0.312196991678299,1.22830804887637,0.113352360724045,0.682486103233399,-0.156856637665554,12.7006140313058,120.055076902546,1380,1407,1407,1418,1421,8.25999999999991,413,50,1,0.434782608695652,-0.426602561418245,0.426602561418245,-0.0789079700572435,0.209094382657151
8.26,0,0,13,105.950299213801,-0.00144218606784021,-120.057482166493,12.7002442927486,-0.0380232141316546,0.151196945708389,-0.880060112903237,-0.26008997252903,0.546680186220095,-0.329626550569511,1.22315291279247,0.124274800277353,0.68207645718475,-0.171524953958484,12.7012011784987,120.057482166493,1380,1408,1408,1418,1422,8.27999999999991,414,50,1,0.434782608695652,-0.426603842526336,0.426603842526336,-0.0789079700572435,0.212534212932967
8.28,0,0,13,106.204317976237,-0.00164237204833977,-120.059865998698,12.700838069046,-0.0413113354278899,0.151110639631402,-0.874326798773699,-0.258601225194253,0.547270976982059,-0.346935862785401,1.21803066929454,0.135261101275696,0.68165528527346,-0.186349065913639,12.7018041516933,120.059865998698,1380,1408,1408,1418,1424,8.29999999999991,415,50,1,0.434782608695652,-0.426604565991291,0.426604565991291,-0.0789079700572435,0.293877032698862
8.3,0,0,13,106.458349139753,-0.00185849502530054,-120.062228560049,12.7014466604664,-0.0445663510781989,0.151021982119431,-0.869269157534859,-0.257055227898361,0.539305824623494,-0.364138443741281,1.21294159924423,0.146172317515182,0.68122275240091,-0.201022209306218,12.7024226455981,120.062228560049,1380,1408,1408,1419,1425,8.31999999999991,416,50,1,0.434782608695652,-0.426604974545062,0.426604974545062,-0.0789079700572435,0.354867337679813
8.32,0,0,13,106.712393009625,-0.00209044302621489,-120.064570016032,12.7020700413724,-0.0477790774806645,0.150931015782338,-0.865549354630065,-0.255450886231598,0.525644460750397,-0.381258254664837,1.207885862472,0.156864497051057,0.680779055256437,-0.215502932473905,12.7030565750019,120.064570016032,1379,1408,1408,1419,1425,8.33999999999991,417,50,1,0.434782608695652,-0.42660520526278,0.42660520526278,-0.0789079700572435,0.389309668169336
8.34,0,0,13,106.966449889083,-0.00233851021666298,-120.06689053386,12.7027081674318,-0.0509446603024558,0.150837774367631,-0.863330432894936,-0.253788078770329,0.508282527343733,-0.398326184764979,1.20286385727776,0.167245286376338,0.680324351598669,-0.229769319557535,12.7037058443404,120.06689053386,1379,1409,1409,1419,1426,8.35999999999991,418,50,1,0.433695652173913,-0.426605335553257,0.426605335553257,-0.0789079700572435,0.40875987636095
8.36,0,0,13,107.220519396254,-0.00260323187081694,-120.069190262509,12.7032926890082,-0.0540585361661396,0.150743247367853,-0.862525662035375,-0.252068883243571,0.488395190382021,-0.415372854088461,1.19787611232916,0.177253338961533,0.679866764565628,-0.243802083707796,12.7043020664092,120.069190262509,1379,1409,1409,1419,1427,8.37999999999991,419,50,1,0.433695652173913,-0.42660540913065,0.42660540913065,-0.0789079700572435,0.419743761403578
8.38,0,0,13,107.474601156534,-0.00288528257018534,-120.07146932997,12.7038927526039,-0.0571165431332333,0.150648251091112,-0.862958344852204,-0.250298240602195,0.466686618213184,-0.432425667079824,1.19292316468559,0.186845703990014,0.679406272252062,-0.257581263361715,12.7049143351979,120.07146932997,1379,1409,1409,1419,1428,8.39999999999991,420,50,1,0.433695652173913,-0.426605450681137,0.426605450681137,-0.0789079700572435,0.4259465603372
8.4,0,0,13,107.728695476014,-0.00318533720691986,-120.073727880173,12.7045074671663,-0.0600958280256711,0.150552573573723,-0.864297512908798,-0.248479850158383,0.441500417838796,-0.449507486461132,1.18800543605589,0.195980492851518,0.678941968576258,-0.271003807394432,12.7055416086541,120.073727880173,1379,1410,1410,1419,1429,8.41999999999991,421,50,1,0.433695652173913,-0.42660547414545,0.42660547414545,-0.0789079700572435,0.508849678574697
8.42,0,0,13,107.98280264626,-0.00350331652982273,-120.075966070369,12.7051368781152,-0.0629182874266127,0.1504562657034,-0.826986506573316,-0.246613939063335,0.408147420846102,-0.4664417746847,1.18312257270499,0.204530143573195,0.678474082724114,-0.283717534771898,12.7061834903493,120.075966070369,1379,1410,1410,1419,1429,8.43999999999991,422,50,1,0.433695652173913,-0.270508344963397,0.270508344963397,-0.0789079700572435,0.570721112378303
8.44,0,0,13,108.236922954293,-0.00383850227456683,-120.078184071114,12.7057811876715,-0.0655330889747312,0.150361127235986,-0.685823249021581,-0.24469186258019,0.365603632419611,-0.481493906459452,1.17827374882782,0.21232697305207,0.67801072078897,-0.295493302021213,12.7068398370059,120.078184071114,1379,1410,1410,1419,1430,8.45999999999991,423,50,1,0.433695652173913,-0.152760964555157,0.152760964555157,-0.0789079700572435,0.605661032281802
8.46,0,0,13,108.491056685365,-0.00419045816092755,-120.080382062231,12.70644059234,-0.0679187378965135,0.150268490844564,-0.519517215651103,-0.242717244444061,0.312427543936103,-0.493398417522237,1.17345760206245,0.219167193674328,0.677557881676247,-0.306234295308974,12.7075106177789,120.080382062231,1379,1410,1410,1419,1430,8.47999999999991,424,50,1,0.433695652173913,-0.0862668850196819,0.0862668850196819,-0.0789079700572435,0.625392238232808
8.48,0,0,13,108.745204123342,-0.00455914789564849,-120.082560234072,12.7071153459415,-0.0700417034325418,0.150178275640633,-0.3676736914966,-0.240705383987601,0.249574814309846,-0.502109528426578,1.1686724692302,0.224844816924379,0.677115187172149,-0.315789462694008,12.7081957716174,120.082560234072,1379,1410,1410,1419,1430,8.49999999999991,425,50,1,0.433695652173913,-0.0487164732997741,0.0487164732997741,-0.0789079700572435,0.636534807802408
8.5,0,0,13,108.999365550228,-0.00494468548577992,-120.084718789103,12.7078056852537,-0.0718680065799231,0.150089732504542,-0.244310013555116,-0.238672349817472,0.178913904432968,-0.508087463140863,1.16391673036817,0.229183974359006,0.676679247572989,-0.324005772340015,12.7088952026657,120.084718789103,1379,1410,1410,1419,1430,8.51999999999991,426,50,1,0.433695652173913,-0.0275110753126896,0.0275110753126896,-0.0789079700572435,0.642827218764094
8.52,0,0,13,109.253541245722,-0.00534722313069149,-120.086857941017,12.7085117921757,-0.0733695059592371,0.150001881294684,-0.15141466164953,-0.236630163113886,0.102460330870279,-0.511936346814098,1.15918900178795,0.232048530722385,0.676245635396394,-0.330756552315539,12.7096087910157,120.086857941017,1379,1410,1410,1419,1430,8.53999999999991,427,50,1,0.433695652173913,-0.0155360027849961,0.0155360027849961,-0.0789079700572435,0.646380657265278
8.54,0,0,13,109.507731486907,-0.00576691194268577,-120.088977912797,12.7092337780842,-0.0745257401401291,0.149913745653937,-0.0859005127339433,-0.234585519081183,0.0220501271340071,-0.514240836732802,1.15448822609198,0.233341250935683,0.675809944945937,-0.335949789785829,12.7103364016487,120.088977912797,1379,1410,1410,1419,1430,8.55999999999991,428,50,1,0.433695652173913,-0.0087734623162503,0.0087734623162503,-0.0789079700572435,0.648387348382336
8.56,0,0,13,109.761936548038,-0.00620389652991656,-120.091078934522,12.7099716796621,-0.0753237506795034,0.149824468336403,-0.0430322539821917,-0.232540237981878,-0.0607694544148738,-0.51550302878793,1.14981369848234,0.232998864263655,0.675368312383163,-0.339527324656094,12.7110778904286,120.091078934522,1378,1411,1411,1419,1429,8.57999999999991,429,50,1,0.433695652173913,-0.00495453316273871,0.00495453316273871,-0.0789079700572435,0.649520563221411
8.58,0,0,13,110.016156700406,-0.00665832353640713,-120.093161241332,12.7107254608029,-0.0757571125849517,0.149733357253774,-0.0180078467772005,-0.230492383261052,-0.144748397960561,-0.516127513933844,1.14516505705195,0.23098608549052,0.674917623041602,-0.341460470450219,12.7118331077105,120.093161241332,1378,1411,1411,1419,1429,8.59999999999991,430,50,1,0.432608695652174,-0.00279791466308697,0.00279791466308697,-0.0789079700572435,0.650160510177165
8.6,0,0,13,110.270391534344,-0.0071303570737448,-120.095225051784,12.711427211355,-0.0758247703806624,0.149640847226312,-0.00660054062605425,-0.228439195182903,-0.228900546612275,-0.516427613951896,1.14054224452846,0.227289953177174,0.67446344278774,-0.341746582345205,12.7125341112045,120.095225051784,1378,1411,1411,1419,1428,8.61999999999991,431,50,1,0.432608695652174,-0.00158003311407644,0.00158003311407644,-0.0789079700572435,0.650521899820203
8.62,0,0,13,110.524640646868,-0.00762018830889326,-120.097270562616,12.7121454914954,-0.0755299276151814,0.149547363718877,-0.00534324566154605,-0.226379096616704,-0.312458553542953,-0.516639313300384,1.13594541423784,0.221914991589452,0.674004049229917,-0.340398538242527,12.7132494737147,120.097270562616,1378,1411,1411,1419,1427,8.6399999999999,432,50,1,0.432608695652174,-0.000892273332891321,0.000892273332891321,-0.0789079700572435,0.650725983100733
8.64,0,0,13,110.778904310955,-0.0081280434031985,-120.099297982928,12.712879290176,-0.0748790885032878,0.149452447725467,-0.0115065764912937,-0.224308739973052,-0.39482957573999,-0.516936513850484,1.13137488398329,0.214879273775225,0.673537430190065,-0.337445956385279,12.7139782428086,120.099297982928,1378,1411,1411,1419,1426,8.6599999999999,433,50,1,0.432608695652174,-0.000503882920867991,0.000503882920867991,-0.0789079700572435,0.650841232627646
8.66,0,0,13,111.033182788563,-0.00865419435527256,-120.101307525854,12.7136283668862,-0.0738812907168968,0.149355779926717,-0.0229969524563078,-0.222223918771879,-0.475556158672468,-0.51744489634643,1.12683112005349,0.206211329989452,0.673062162495733,-0.332929853795607,12.714720281839,120.101307525854,1378,1412,1412,1419,1425,8.6799999999999,434,50,1,0.432608695652174,-0.000284551816784356,0.000284551816784356,-0.0789079700572435,0.650906316124047
8.68,0,0,13,111.287476338657,-0.00919896465133032,-120.103299407829,12.714392431975,-0.0725474973139579,0.149257146059519,-0.0382355291300352,-0.22012012113452,-0.554284773850969,-0.518253473899908,1.12231471819548,0.195947762387404,0.672577299288487,-0.326899924473067,12.7154754433044,120.103299407829,1378,1412,1412,1419,1424,8.6999999999999,435,50,1,0.432608695652174,-0.000160691567588358,0.000160691567588358,-0.0789079700572435,0.650943069953909
8.7,0,0,13,111.541785217041,-0.00976273294048926,-120.105273848014,12.715171159671,-0.0708901256056969,0.149156416452076,-0.056044835260828,-0.217992912780606,-0.630741228265737,-0.519423764394935,1.11782638501101,0.184131419982288,0.67208227699159,-0.319412413022573,12.7162435752941,120.105273848014,1378,1412,1412,1419,1422,8.7199999999999,436,50,1,0.432608695652174,-9.07454402709802e-05,9.07454402709802e-05,-0.0789079700572435,0.650963825507685
8.72,0,0,13,111.796109676627,-0.0103460167032648,-120.107231067194,12.7159642069815,-0.0689418398172028,0.149053526315296,-0.075692850996358,-0.215838197707362,-0.702619088999231,-0.520997414697281,1.11336701194343,0.170820102196674,0.671576825403287,-0.310614779373037,12.7170246380283,120.107231067194,1378,1412,1412,1419,1421,8.7399999999999,437,50,1,0.432608695652174,-5.12455946105952e-05,5.12455946105952e-05,-0.0789079700572435,0.571575261272523
8.74,0,0,13,112.050449970239,-0.0109501332084076,-120.109171281633,12.7167711353174,-0.0667773337017059,0.1489484501687,-0.0963918695256866,-0.213652518747426,-0.765057521476191,-0.523001930254755,1.10893840476332,0.156167430134525,0.671060856530653,-0.300843804561349,12.7178187186776,120.109171281633,1378,1412,1412,1419,1419,8.7599999999999,438,50,1,0.432608695652174,-2.89393159496663e-05,2.89393159496663e-05,-0.0789079700572435,0.511688559804812
8.76,0,0,13,112.304806346941,-0.0115765108550686,-120.111094709267,12.7175914146093,-0.0644131699792777,0.14884121083014,-0.116948324042778,-0.211433206900222,-0.820699086693475,-0.525441965350479,1.10454250446046,0.14033729705452,0.670534504789681,-0.290174324806946,12.7186254820029,120.111094709267,1378,1412,1412,1420,1417,8.7799999999999,439,50,1,0.432608695652174,-1.63425561552847e-05,1.63425561552847e-05,-0.0789079700572435,0.477869454218727
8.78,0,0,13,112.559179050717,-0.0122262270813953,-120.113001472029,12.7184241633357,-0.0618622096439628,0.14876848809269,-0.136802550762824,-0.194228971396278,-0.871375042493063,-0.528305891508132,1.10025347810298,0.123445106622155,0.670163038061614,-0.278664485395421,12.7194446496124,120.113001472029,1378,1412,1412,1420,1416,8.7999999999999,440,50,1,0.432608695652174,-9.22893762081874e-06,9.22893762081874e-06,-0.122217216569522,0.458771192424171
8.8,0,0,13,112.813568327707,-0.0129002483532553,-120.114890946094,12.7192669629633,-0.0591566996174246,0.148911395560319,-0.155876621342482,-0.131680501838348,-0.916038739958249,-0.531576079243523,1.09677946730991,0.105582381648377,0.670762295240251,-0.266459736160171,12.7202761838714,120.114890946094,1377,1413,1413,1420,1414,8.8199999999999,441,50,1,0.432608695652174,-5.21174832135551e-06,5.21174832135551e-06,-0.154886300505837,0.368585772617426
8.82,0,0,13,113.067974412298,-0.0136002016257618,-120.11676317076,12.7201177231417,-0.0563701431861833,0.149346250912166,-0.173975625243962,-0.0480719726507688,-0.950596155896331,-0.535233981246252,1.09479135710342,0.0869168379733764,0.672675905401194,-0.25389132697152,12.7211193212818,120.11676317076,1377,1413,1413,1420,1412,8.8399999999999,442,50,1,0.431521739130435,-2.94316872441298e-06,2.94316872441298e-06,-0.173335124234067,0.302601891147741
8.84,0,0,13,113.322396823657,-0.0143277469555897,-120.11861952465,12.7209067600697,-0.0535172034987371,0.150070171085842,-0.190406615350506,0.0409208031210191,-0.978171001592767,-0.539249508641405,1.09453990019048,0.0676179972488613,0.675894316646212,-0.241026721836076,12.7219044936561,120.11861952465,1377,1413,1413,1419,1410,8.8599999999999,443,50,1,0.431521739130435,-1.66206071480247e-06,1.66206071480247e-06,-0.183753509323125,0.265339597521398
8.86,0,0,13,113.576835031697,-0.0150842236793798,-120.12046238838,12.7216997256128,-0.0506274286683015,0.151043962658762,-0.205154375292631,0.126935974768342,-0.998808685433331,-0.543586038888756,1.09604157748295,0.0478120290378049,0.680237322992451,-0.227997697701973,12.7226970931421,120.12046238838,1377,1413,1413,1419,1410,8.8799999999999,444,50,1,0.431521739130435,-9.38595805526124e-07,9.38595805526124e-07,-0.189636960184972,0.164896619770517
8.88,0,0,13,113.831289114686,-0.0158714893047248,-120.122294885696,12.722493024138,-0.0477713504208542,0.152213188807635,-0.218181446613972,0.205771824784564,-1.00906227156542,-0.548208471177253,1.09919153825924,0.0276852003330551,0.6854597765308,-0.215121990818587,12.7234932194743,120.122294885696,1377,1413,1413,1419,1409,8.8999999999999,445,50,1,0.431521739130435,-5.30042060621072e-07,5.30042060621072e-07,-0.192959451506599,0.0931201094422339
8.9,0,0,13,114.085759072033,-0.0166913368914864,-120.124120649079,12.7232837355757,-0.0449603347560791,0.15352098843651,-0.228966558014701,0.275585394589829,-1.01244924735203,-0.553073520362925,1.10382653871987,0.00741216670485576,0.691305644341601,-0.202450818202224,12.7242893373877,120.124120649079,1377,1413,1413,1419,1408,8.9199999999999,446,50,1,0.431521739130435,-2.99324357059055e-07,2.99324357059055e-07,-0.194835722566135,0.0525866133253753
8.92,0,0,13,114.340244831099,-0.0175450920443665,-120.125943633085,12.7240689450337,-0.0422011875377141,0.1549141004389,-0.237511085638409,0.335861961925001,-1.0113539136449,-0.558134090834074,1.10976043356601,-0.0128940132656692,0.697535172627663,-0.190014837160012,12.7250819186642,120.125943633085,1377,1414,1414,1418,1407,8.9399999999999,447,50,1,0.431521739130435,-1.69033888789569e-07,1.69033888789569e-07,-0.195895286835254,0.0296966135198542
8.94,0,0,13,114.594746248907,-0.0184338098497345,-120.127767957861,12.7248457830871,-0.0395002159754358,0.156345675181387,-0.244053799251365,0.386822169846693,-1.00718333470291,-0.563346507766589,1.11680452175598,-0.0331572944526342,0.703937537447656,-0.177842437355798,12.7258675319429,120.127767957861,1377,1414,1414,1418,1406,8.9599999999999,448,50,1,0.431521739130435,-9.5456500232914e-08,9.5456500232914e-08,-0.196493641979457,0.0167702158169223
8.96,0,0,13,114.849263115036,-0.0193583908692604,-120.12959778393,12.7256114627191,-0.0368631486137355,0.157776303712358,-0.248899746117807,0.429079037427903,-1.00078268960459,-0.568673057291518,1.12477866432696,-0.0533237139726056,0.710335466252004,-0.165959381913094,12.7266428940953,120.12959778393,1377,1414,1414,1417,1405,8.9799999999999,449,50,1,0.431521739130435,-5.39060155449644e-08,5.39060155449644e-08,-0.196831543972785,0.00947044478179716
8.98,0,0,13,115.103795155335,-0.0203196452525418,-120.131437213602,12.726363313224,-0.0342951381439262,0.159174074325725,-0.25234342515693,0.4634383378479,-0.992672778987149,-0.574082276260934,1.13351704255086,-0.0733527883737664,0.716585478671524,-0.154388822023718,12.7274049091954,120.131437213602,1377,1414,1414,1416,1404,8.9999999999999,450,50,1,0.431521739130435,-3.04417038634734e-08,3.04417038634734e-08,-0.19702236335188,0.00534813179175467
9,0,0,13,115.358342036066,-0.0213184435916402,-120.133290213841,12.7270988000133,-0.0318279657943602,0.160514116515,-0.254838064038952,0.490781783734731,-0.98021813584169,-0.579549094848698,1.14287093444902,-0.0931982146242714,0.722575820207999,-0.143273759556452,12.7281507559545,120.133290213841,1376,1414,1414,1416,1403,9.0199999999999,451,50,1,0.431521739130435,-1.7190981836497e-08,1.7190981836497e-08,-0.197130122513285,-0.109390193860964
9.02,0,0,13,115.612903366965,-0.0223566721224684,-120.135160550072,12.7278154928457,-0.02955139369121,0.16177788810193,-0.256387871122304,0.511998126686429,-0.956984943044302,-0.585054384310591,1.15271069727086,-0.11268876618401,0.728223243598458,-0.13301813966193,12.7288778998728,120.135160550072,1376,1415,1415,1415,1402,9.0399999999999,452,50,1,0.430434782608696,-9.7080589781761e-09,9.7080589781761e-09,-0.197190976064543,-0.195498362793066
9.04,0,0,13,115.867478038532,-0.0234362648223724,-120.137051735571,12.7284443179286,-0.0274714431295616,0.16295332883067,-0.256138213846571,0.527941738291407,-0.927065128642108,-0.590566036882523,1.16292429636705,-0.131646751799652,0.733477535357435,-0.12364954376642,12.7295170066336,120.137051735571,1376,1415,1415,1414,1402,9.0599999999999,453,50,1,0.430434782608696,-5.48231683449617e-09,5.48231683449617e-09,-0.197225341167727,-0.24412520624193
9.06,0,0,13,116.122064905556,-0.0245585577480617,-120.138967109028,12.7290514957916,-0.025587832765152,0.163996254643264,-0.253922643699841,0.5244359910174,-0.89332077750986,-0.596043349954381,1.17334278378588,-0.149967720565192,0.73813617710234,-0.115165783606135,12.730133600683,120.138967109028,1376,1415,1415,1413,1401,9.0799999999999,454,50,1,0.430434782608696,-3.0959636670282e-09,3.0959636670282e-09,-0.153935501251981,-0.271585665953537
9.08,0,0,13,116.376663445817,-0.0257245350889047,-120.140910499858,12.7296367270028,-0.023899749021634,0.164720692018217,-0.249920154141955,0.471809933891165,-0.857442227394643,-0.601446826029625,1.18317698227218,-0.167585205627919,0.741362377038546,-0.107563046914245,12.7307248539053,120.140910499858,1376,1415,1415,1413,1401,9.09999999999989,455,50,1,0.430434782608696,-1.74834678784842e-09,1.74834678784842e-09,-0.121277376572414,-0.287093085191346
9.1,0,0,13,116.631273103826,-0.0269349557577817,-120.142884793982,12.730200207783,-0.0224057519366327,0.165048957373625,-0.244421836882116,0.395056745531624,-0.820446641497916,-0.606742211174386,1.19168958886702,-0.184459561736537,0.742806766564215,-0.100834691811941,12.7312898209996,120.142884793982,1376,1416,1416,1412,1400,9.11999999999989,456,50,1,0.430434782608696,-9.87323114652058e-10,9.87323114652058e-10,-0.102834741735074,-0.295850405860508
9.12,0,0,13,116.885893332242,-0.0281903672194384,-120.144891243567,12.7307424087209,-0.0210909608597503,0.16498640815892,-0.203001554517433,0.310465336500159,-0.78320831452594,-0.611730470980025,1.1985765500526,-0.200572338539531,0.742493673325173,-0.0949135904607176,12.7318289189225,120.144891243567,1376,1416,1416,1411,1400,9.13999999999989,457,50,1,0.430434782608696,0.136604581149919,-0.136604581149919,-0.0924198516248564,-0.300795823542617
9.14,0,0,13,117.140523614086,-0.0294906654283976,-120.146929815222,12.7312641685093,-0.0199116799659132,0.164577103178063,-0.0681822131089901,0.226905606101906,-0.749621076156356,-0.614842667744644,1.20377863693115,-0.215950418524748,0.740621519893481,-0.0896029623795764,12.7323434381208,120.146929815222,1376,1416,1416,1411,1400,9.15999999999989,458,50,1,0.430434782608696,0.239648316975076,-0.239648316975076,-0.0865383744408971,-0.303588590528602
9.16,0,0,13,117.395163474657,-0.0308355353360091,-120.148999483191,12.7317667197363,-0.0188456603330355,0.163880580307978,0.0907121168937041,0.149020321615643,-0.723030826791666,-0.614923488302204,1.20736741981318,-0.230706938396118,0.737458302926542,-0.084802572606714,12.7328353405399,120.148999483191,1376,1417,1417,1410,1400,9.17999999999989,459,50,1,0.430434782608696,0.297838981954921,-0.297838981954921,-0.0832169976909401,-0.305165716656133
9.18,0,0,13,117.649812488835,-0.032224720143869,-120.151098474554,12.7322516084973,-0.0178595561770792,0.162959523226685,0.238592008529233,0.079039250083512,-0.703862922462045,-0.611894955146906,1.20948075690075,-0.244990606761351,0.733286100047683,-0.0803622760949008,12.7333069464315,120.151098474554,1376,1417,1417,1410,1400,9.19999999999989,460,50,1,0.430434782608696,0.330700305000723,-0.330700305000723,-0.0813413560502242,-0.306056348361041
9.2,0,0,13,117.904470285584,-0.0336579020931018,-120.153224477062,12.7327205980142,-0.0169189171266433,0.161873644836772,0.362826979829307,0.0178074602638012,-0.691267520507121,-0.60613040103224,1.21028599182872,-0.258944418413175,0.728373560533665,-0.07612698625287,12.7337607623885,120.153224477062,1376,1417,1417,1410,1400,9.21999999999989,461,50,1,0.430434782608696,0.349257689637838,-0.349257689637838,-0.0802821472253196,-0.306559304224837
9.22,0,0,13,118.159136549462,-0.0351346615037445,-120.155374811295,12.7331755937543,-0.0159936607113688,0.160676675097802,0.461376543776345,-0.0346192978685262,-0.683988376422689,-0.598136077126068,1.2099588705331,-0.272689592341307,0.722962366387371,-0.0719612966868904,12.7341993659783,120.155374811295,1376,1417,1417,1410,1400,9.23999999999989,462,50,1,0.430434782608696,0.359737381039485,-0.359737381039485,-0.0796839928069054,-0.306843332515693
9.24,0,0,13,118.413811020087,-0.0366544756231458,-120.157546572517,12.7336185793568,-0.0150597163168694,0.159415115801219,0.536697481739663,-0.0786269808237765,-0.680762724575594,-0.588406866635332,1.20867158062235,-0.286321773082096,0.717261643231149,-0.0677568726917321,12.7346253222756,120.157546572517,1376,1417,1417,1410,1400,9.25999999999989,463,50,1,0.430434782608696,0.365655452687044,-0.365655452687044,-0.0793462041670678,-0.307003728438702
9.26,0,0,13,118.668493490213,-0.0382167334715723,-120.159736746402,12.7340515609412,-0.0140989291390099,0.158127990017752,0.592735372387977,-0.114838333076671,-0.680482635026558,-0.577369972562078,1.20658614051965,-0.29991264821787,0.71144684496517,-0.0634320134934171,12.7350411227345,120.159736746402,1376,1417,1417,1410,1400,9.27999999999989,464,50,1,0.430434782608696,0.368997494993761,-0.368997494993761,-0.0791554488007433,-0.307094306923122
9.28,0,0,13,118.923183802838,-0.0398207551043759,-120.16194230213,12.7344765197047,-0.0130982790982906,0.15684713628427,0.633531911569352,-0.143990788883915,-0.682240351949349,-0.565370952710504,1.20385096352169,-0.313513547839304,0.705661087300568,-0.0589281332148142,12.7354491408818,120.16194230213,1376,1417,1417,1410,1400,9.29999999999989,465,50,1,0.430434782608696,0.370884806848881,-0.370884806848881,-0.0790477257885095,-0.307145458234738
9.3,0,0,13,119.177881847697,-0.0414658100829789,-120.164160265821,12.7348953729559,-0.0120489232394076,0.155597785301061,0.662655441202361,-0.16686297969844,-0.685321393426052,-0.552678471878736,1.20059932903852,-0.327159395662132,0.700017750287662,-0.0542054488301771,12.7358516011877,120.164160265821,1375,1417,1417,1410,1400,9.31999999999989,466,50,1,0.430434782608696,0.371950606055347,-0.371950606055347,-0.0789868926513439,-0.307174344307372
9.32,0,0,13,119.432587557372,-0.0431511331628912,-120.166387777038,12.7353099434255,-0.0109452873929978,0.15439926633736,0.683033108316467,-0.18423020464329,-0.689177586183624,-0.539495941226499,1.19694901095016,-0.340872311916827,0.694603662533027,-0.0492388907936112,12.7362505584601,120.166387777038,1375,1418,1418,1410,1400,9.33999999999989,467,50,1,0.429347826086957,0.37255248218166,-0.37255248218166,-0.0789525390763678,-0.307190656796062
9.34,0,0,13,119.687300239621,-0.0448759326858017,-120.168622110577,12.7356555586999,-0.00978429849759158,0.153266691257037,0.69696421199663,-0.196839144662594,-0.693395517998231,-0.525974442994862,1.19300260106123,-0.35466463056084,0.68949027457223,-0.0440148766357976,12.7365815241371,120.168622110577,1375,1418,1418,1410,1400,9.35999999999989,468,50,1,0.429347826086957,0.372892372537393,-0.372892372537393,-0.0789331389900231,-0.30719986875404
9.36,0,0,13,119.942019246287,-0.0466394037087128,-120.170860702795,12.7360010478899,-0.00856475220499654,0.152210588321152,0.706206537231348,-0.205392865294537,-0.697666988017042,-0.512224536262045,1.1888482115639,-0.368541308365681,0.684721138046913,-0.0385277165472997,12.7369134451809,120.170860702795,1375,1418,1418,1410,1400,9.37999999999989,469,50,1,0.429347826086957,0.373084314780771,-0.373084314780771,-0.0789221834096958,-0.307205070913649
9.38,0,0,13,120.196744624616,-0.048440739200209,-120.173101205917,12.7363470828779,-0.0072868195188471,0.151236762305032,0.712079602949211,-0.210538108208317,-0.701764125215768,-0.498326082497635,1.1845604745677,-0.382501791821048,0.680322300746918,-0.0327781996616149,12.7372470601595,120.173101205917,1375,1417,1417,1410,1400,9.39999999999989,470,50,1,0.429347826086957,0.373192708043985,-0.373192708043985,-0.0789159965949478,-0.307208008667454
9.4,0,0,13,120.451476441113,-0.050279131044548,-120.175341490577,12.736694970435,-0.00595168338373487,0.150347966855471,0.715560450145524,-0.212861138698463,-0.705519561730565,-0.484336062592643,1.18020170605264,-0.396541440276704,0.676306051261404,-0.0267716671487611,12.7375837074218,120.175341490577,1375,1417,1417,1410,1401,9.41999999999989,471,50,1,0.429347826086957,0.373253919684026,-0.373253919684026,-0.0789125027885421,-0.307209667670266
9.42,0,0,13,120.706214785587,-0.0521537734161231,-120.177579649115,12.737045861543,-0.00456125977595255,0.149544474974172,0.717365787581818,-0.212886574631446,-0.708811035799598,-0.470294597278999,1.17582312287513,-0.410652597607278,0.672673529047775,-0.0205167599439839,12.7379245418607,120.177579649115,1375,1417,1417,1410,1401,9.43999999999989,472,50,1,0.429347826086957,0.373288487006435,-0.373288487006435,-0.07891052977275,-0.307210604539218
9.44,0,0,13,120.960959767589,-0.0540638649309554,-120.179813993249,12.7374007610214,-0.00311799005188045,0.148824596199073,0.718017821315897,-0.211078297416833,-0.711549744886853,-0.456229483337308,1.1714660634033,-0.424825393675143,0.669417050854095,-0.0140244840620958,12.7382705509486,120.179813993249,1375,1417,1417,1410,1401,9.45999999999989,473,50,1,0.429347826086957,0.373308007799828,-0.373308007799828,-0.0789094155749772,-0.307211133606094
9.46,0,0,13,121.215711513196,-0.0560086099290152,-120.182043047431,12.737760533606,-0.00162468706636754,0.148185129262067,0.717895207539008,-0.207841778393774,-0.713671667925565,-0.442159561640628,1.1671631765834,-0.439048342115956,0.666522146909865,-0.00730751788123844,12.7386225661816,120.182043047431,1375,1417,1417,1410,1401,9.47999999999989,474,50,1,0.429347826086957,0.373319031545613,-0.373319031545613,-0.0789087863673034,-0.307211432379746
9.48,0,0,13,121.470470162073,-0.0579872191231691,-120.184265538963,12.7381259119898,-8.44213322894324e-05,0.147621753095555,0.717271587913196,-0.20352735315184,-0.715131167807165,-0.428097191704403,1.16293955558911,-0.453308786472497,0.663969319558003,-0.000379699595789102,12.7389812755503,120.184265538963,1375,1417,1417,1410,1401,9.49999999999989,475,50,1,0.429347826086957,0.373325256854631,-0.373325256854631,-0.0789084310423275,-0.307211601102642
9.5,0,0,13,121.725235864824,-0.0599989097932824,-120.186480385769,12.7384975061779,0.00149956330135086,0.147129360125992,0.716344267397431,-0.198434104494499,-0.715896309100252,-0.414050056026423,1.15881380030808,-0.467593234333406,0.661735542112044,0.00674435250750774,12.7393472365032,120.186480385769,1375,1417,1417,1410,1401,9.51999999999989,476,50,1,0.429347826086957,0.373328772399448,-0.373328772399448,-0.0789082303838744,-0.307211696383518
9.52,0,0,13,121.980008780631,-0.0620429056585071,-120.1886866826,12.7388758136495,0.00312391235863693,0.146702336455095,0.715255309923162,-0.19281410162349,-0.715945447217442,-0.400022468600436,1.1547989988815,-0.481887609180105,0.659795518684117,0.0140495225187171,12.7397208890122,120.1886866826,1375,1417,1417,1410,1401,9.53999999999989,477,50,1,0.429347826086957,0.373330757691315,-0.373330757691315,-0.0789081170684096,-0.307211750190356
9.54,0,0,13,122.234789075166,-0.0641184365258166,-120.190883686302,12.7392612299132,0.00478520768973692,0.146334793854577,0.714106924619311,-0.186876804904337,-0.715264750063146,-0.386016320287642,1.15090362298333,-0.496177441918729,0.658122727179692,0.0215204084652714,12.7401025684284,120.190883686302,1375,1417,1417,1410,1401,9.55999999999989,478,50,1,0.429347826086957,0.37333187882161,-0.37333187882161,-0.0789080530771132,-0.307211780576053
9.56,0,0,13,122.489576918762,-0.0662247377864602,-120.193070800675,12.7396540591192,0.0064800029613952,0.146020758593143,0.712972616510938,-0.180793491531085,-0.713846398150477,-0.372031760204041,1.14713233491178,-0.510448018216673,0.656690268063823,0.0291414822783671,12.74049251789,120.193070800675,1375,1417,1417,1410,1401,9.57999999999988,479,50,1,0.429347826086957,0.373332511944204,-0.373332511944204,-0.0789080169400684,-0.307211797735406
9.58,0,0,13,122.744372484832,-0.0683610498123416,-120.195247561345,12.7400545244668,0.00820485080866065,0.145754322045233,0.711905229007289,-0.17470159288313,-0.711687275408901,-0.358067686280215,1.14348670712835,-0.524684493395344,0.655471541185485,0.0368972122160995,12.7408909001042,120.195247561345,1375,1417,1417,1410,1401,9.59999999999988,480,50,1,0.429347826086957,0.373332869480007,-0.373332869480007,-0.0789079965328243,-0.307211807425604
9.6,0,0,13,122.99917594851,-0.0705266172897956,-120.19741362098,12.7404627782078,0.00995632390717256,0.145529757848816,0.710942723748735,-0.168708862495227,-0.708788013244778,-0.344122098459306,1.1399658567996,-0.538871983410877,0.654440772122126,0.0447721579058007,12.7412978083751,120.19741362098,1375,1416,1416,1410,1401,9.61999999999988,481,50,1,0.429347826086957,0.373333071386954,-0.373333071386954,-0.0789079850084838,-0.307211812897834
9.62,0,0,13,123.253987485506,-0.072720688517587,-120.199568735098,12.740878911102,0.0117310315928558,0.145341610119971,0.710112323344379,-0.162897316240713,-0.705152288011921,-0.330192353331936,1.13656699930271,-0.55299563810095,0.653573408335374,0.0527510453233731,12.7417132767967,120.199568735098,1375,1416,1416,1410,1401,9.63999999999988,482,50,1,0.429347826086957,0.373333185407466,-0.373333185407466,-0.0789079785004798,-0.307211815988102
9.64,0,0,13,123.508807271137,-0.0749425146881762,-120.201712748663,12.7413029612233,0.0135256331965297,0.145184756921732,0.709433475108843,-0.157326904757206,-0.700786299775031,-0.316275348211388,1.13328592564654,-0.567040701165631,0.652846404030305,0.0608188269616598,12.7421372895631,120.201712748663,1375,1416,1416,1410,1401,9.65999999999988,483,50,1,0.429347826086957,0.373333249796915,-0.373333249796915,-0.0789079748252921,-0.307211817733232
9.66,0,0,13,123.763635479541,-0.0771913491656577,-120.203845583586,12.7417349220566,0.0153368489292316,0.145054452843837,0.708919968781613,-0.15203889312706,-0.695698380508042,-0.302367654776056,1.13011740941371,-0.580992560112848,0.65223841107541,0.0689607309483535,12.7425697893785,120.203845583586,1375,1416,1416,1410,1401,9.67999999999988,484,50,1,0.429347826086957,0.373333286158804,-0.373333286158804,-0.0789079727498469,-0.307211818718739
9.68,0,0,13,124.018472283024,-0.0794664467696941,-120.205967227227,12.7421747498517,0.0171614689156166,0.144946354194274,0.708581448889527,-0.147058934938176,-0.689898694570886,-0.28846561669758,1.12705554920955,-0.594836788506295,0.651729891738176,0.0771623018018882,12.7430106849743,120.205967227227,1375,1416,1416,1410,1401,9.69999999999988,485,50,1,0.429347826086957,0.373333306693022,-0.373333306693022,-0.0789079715778055,-0.307211819275272
9.7,0,0,13,124.273317851552,-0.0817670630718403,-120.208077721927,12.7426223702292,0.0189963608020293,0.144856529944722,0.708424494930147,-0.142399837536377,-0.683399004920751,-0.274565421556517,1.12409405276544,-0.608559182210606,0.651303167375654,0.0854094347460429,12.7434598577567,120.208077721927,1375,1416,1416,1410,1401,9.71999999999988,486,50,1,0.429347826086957,0.373333318289067,-0.373333318289067,-0.0789079709159324,-0.307211819589557
9.72,0,0,13,124.528172352347,-0.0840924537085543,-120.210177155583,12.7430776840476,0.0208384762439322,0.144781461219267,0.708453393572751,-0.138064022897594,-0.676212486144021,-0.260663154390394,1.12122646883121,-0.622145790865882,0.650942415631393,0.0936884049559089,12.7439171676246,120.210177155583,1375,1415,1415,1410,1401,9.73999999999988,487,50,1,0.429347826086957,0.373333324837563,-0.373333324837563,-0.0789079705421607,-0.307211819767039
9.74,0,0,13,124.783035949585,-0.0864418737137021,-120.212265653266,12.7435405725603,0.0226848564905741,0.144718031776014,0.708670691710529,-0.134045694400964,-0.668353570863798,-0.246754838101511,1.11844637284383,-0.635582945490583,0.650633627160384,0.101985892717653,12.7443824580057,120.212265653266,1374,1415,1415,1410,1401,9.75999999999988,488,50,1,0.429347826086957,0.373333328535618,-0.373333328535618,-0.078907970331085,-0.307211819867266
9.76,0,0,13,125.037908804178,-0.0888145768723243,-120.21434336982,12.7440109018958,0.0245326372231459,0.144663511609298,0.70907759377012,-0.130332724137272,-0.659837819987942,-0.232836464439251,1.11574751210966,-0.648857282871919,0.650364531454486,0.11028900520736,12.7448555601669,120.21434336982,1374,1415,1415,1409,1401,9.77999999999988,489,50,1,0.428260869565217,0.373333330623977,-0.373333330623977,-0.0789079702118868,-0.307211819923866
9.78,0,0,13,125.292790414783,-0.0912098075525513,-120.216410464347,12.7444226234064,0.0263790465782056,0.144616462790016,0.709673478123587,-0.126909945096502,-0.65068189388786,-0.21890402348522,1.11312390597676,-0.661955767768853,0.650132029931715,0.118585880657843,12.7452704082495,120.216410464347,1374,1415,1415,1409,1400,9.79999999999988,490,50,1,0.428260869565217,0.37333333180331,-0.37333333180331,-0.0789079701445733,-0.307211819955829
9.8,0,0,13,125.54768028584,-0.0936268074385457,-120.218467090431,12.744842355093,0.0282214160836755,0.144575622815379,0.710457198132732,-0.123761427312416,-0.640903328425744,-0.20495353542995,1.11056986937842,-0.674865713324811,0.649927043903445,0.126863975089109,12.7456935949054,120.218467090431,1374,1415,1415,1409,1400,9.81999999999988,491,50,1,0.428260869565217,0.373333332469302,-0.373333332469302,-0.0789079701065603,-0.30721181997388
9.82,0,0,13,125.802578578304,-0.0960648225921181,-120.220513425221,12.7452691925699,0.0300571891830982,0.144539048313305,0.71142773035198,-0.120867931438766,-0.630520396324333,-0.190981045781897,1.10808006017371,-0.687574796040447,0.649740881928156,0.135111792040146,12.746124185892,120.220513425221,1374,1414,1414,1409,1400,9.83999999999988,492,50,1,0.428260869565217,0.373333332845399,-0.373333332845399,-0.0789079700850936,-0.307211819984073
9.84,0,0,13,126.057485442292,-0.0985230954184786,-120.222549658292,12.7457029995291,0.0318839171939543,0.144505105609505,0.712583353089623,-0.118208160867688,-0.619552126419183,-0.176982634878438,1.10564953372837,-0.700071070926405,0.649566206461572,0.143318315330945,12.7465620173413,120.222549658292,1374,1414,1414,1409,1400,9.85999999999988,493,50,1,0.428260869565217,0.373333333057788,-0.373333333057788,-0.078907970072971,-0.307211819989829
9.86,0,0,13,126.312401024742,-0.101000864219185,-120.224575987913,12.7461436307603,0.0336992617565912,0.144472432059186,0.713921774340521,-0.115759678141234,-0.608018217928748,-0.162954430763286,1.10327377481222,-0.712342985453057,0.649396899516721,0.151473026793824,12.7470069184825,120.224575987913,1374,1414,1414,1408,1400,9.87999999999988,494,50,1,0.428260869565217,0.373333333177728,-0.373333333177728,-0.0789079700661251,-0.30721181999308
9.88,0,0,13,126.567325468555,-0.103497362960614,-120.226592726225,12.7465913771521,0.0355009952455549,0.144400891915672,0.715439446797113,-0.129413694259289,-0.595939673083524,-0.148892615969184,1.10087139545325,-0.724379189910197,0.649052559438756,0.159565908076708,12.747458714361,120.226592726225,1374,1414,1414,1408,1400,9.89999999999988,495,50,1,0.428260869565217,0.37333333324546,-0.37333333324546,-0.0330032631748834,-0.307211819994916
9.9,0,0,13,126.822258905769,-0.106011822419858,-120.228600985306,12.747048161709,0.0372869879634718,0.144096595488585,0.717126420638752,-0.191453360382276,-0.583344094632727,-0.134793404875853,1.09768647861488,-0.736167211803025,0.647661718186077,0.167587384404639,12.7479171234062,120.228600985306,1374,1414,1414,1408,1400,9.91999999999988,496,50,1,0.428260869565217,0.37333333328371,-0.37333333328371,0.0016236316163941,-0.307211819995952
9.92,0,0,13,127.077201475527,-0.10854346591185,-120.230601166198,12.7475155357774,0.0390552197174136,0.143477562544033,0.718974867310213,-0.275990010815668,-0.570258790192315,-0.120653070298907,1.09300429052116,-0.747695769411959,0.644855984198388,0.175528362850401,12.7483827780635,120.230601166198,1374,1413,1413,1408,1400,9.93999999999988,497,50,1,0.428260869565217,0.37333333330531,-0.37333333330531,0.0211780666138846,-0.307211819996538
9.94,0,0,13,127.33215335453,-0.111091508130742,-120.232592223124,12.7479953036875,0.0408037943654918,0.142547546676245,0.720981730131144,-0.366313138954557,-0.556707195343432,-0.106467949432753,1.08655796160807,-0.758955507698687,0.640652293146139,0.183380290055555,12.7488575572691,120.232592223124,1374,1413,1413,1408,1400,9.95999999999988,498,50,1,0.428260869565217,0.373333333317508,-0.373333333317508,0.0322208104225902,-0.307211819996868
9.96,0,0,13,127.587114773908,-0.113655156712062,-120.234572020717,12.7484895796801,0.0425309413559878,0.141348999937306,0.723145596643017,-0.453508364972674,-0.542710835541744,-0.092234442220476,1.07832993601596,-0.76993815693073,0.635241472579437,0.191135162641199,12.7493441001476,120.234572020717,1374,1413,1413,1408,1400,9.97999999999988,499,50,1,0.428260869565217,0.373333333324396,-0.373333333324396,0.0384568479680553,-0.307211819997055
9.98,0,0,13,127.84208602827,-0.1162336132858,-120.236537637721,12.7490007344866,0.0442350156603811,0.139939624228243,0.725465173711527,-0.53309295682354,-0.528290426682213,-0.0779490252193188,1.06843267582227,-0.780636082368741,0.628882846100359,0.198785529929987,12.7498454721216,120.236537637721,1374,1413,1413,1408,1400,9.99999999999988,500,50,1,0.428260869565217,0.373333333328286,-0.373333333328286,0.0419784513795002,-0.307211819997161
10,0,0,13,128.097067479672,-0.11882607411109,-120.238485615086,12.7495313246546,0.0459144967659342,0.138379788396605,0.727938646373107,-0.603097366284613,-0.513466440395752,-0.0636082693457926,1.05704090333075,-0.791042060777314,0.621847684281323,0.206324491976717,12.7503649400792,120.238485615086,1374,1413,1413,1409,1400,10.0199999999999,501,50,1,0.428260869565217,0.373333333330483,-0.373333333330483,0.0439671646444675,-0.30721181999722
10.02,0,0,13,128.352059558189,-0.121431730391341,-120.240412158554,12.7500840168083,0.0475679870464149,0.136726073252313,0.730563473288283,-0.66296709415677,-0.498259374624653,-0.04920885620017,1.04435327929556,-0.801149177766039,0.61439020128325,0.213745694496152,12.7509058175554,120.240412158554,1374,1412,1412,1409,1400,10.0399999999999,502,50,1,0.428260869565217,0.373333333331724,-0.373333333331724,0.0450902270646717,-0.307211819997254
10.04,0,0,13,128.607062760195,-0.124049768344898,-120.242313303043,12.7506615146815,0.0491942097251052,0.135028256098852,0.733336385350228,-0.712931064999925,-0.482689863282065,-0.034747591076458,1.03057096572636,-0.810950788729196,0.60673401080258,0.22104332172958,12.751471356757,120.242313303043,1374,1412,1412,1409,1400,10.0599999999999,503,50,1,0.428260869565217,0.373333333332424,-0.373333333332424,0.0457244407655069,-0.307211819997273
10.06,0,0,13,128.862077645121,-0.126679369090431,-120.244185044519,12.7512664936572,0.0507920065726524,0.13332820698709,0.736253468574063,-0.75363625585934,-0.46677869922816,-0.020221412355686,1.01588592472531,-0.820440512471098,0.599067173275715,0.228212087926134,12.7520646732588,120.244185044519,1374,1412,1412,1410,1401,10.0799999999999,504,50,1,0.428260869565217,0.37333333333282,-0.37333333333282,0.0460825927355942,-0.307211819997283
10.08,0,0,13,129.117104831209,-0.129319708394982,-120.246023444022,12.7519015452871,0.0523603354333443,0.131659827088376,0.739310273008766,-0.785935080328784,-0.450546811606746,-0.00562739765356405,1.00047486445193,-0.829612240808253,0.591541925470019,0.235247227872072,12.7526886943692,120.246023444022,1373,1412,1412,1410,1401,10.0999999999999,505,50,1,0.428260869565217,0.373333333333043,-0.373333333333043,0.0462848476435352,-0.307211819997289
10.1,0,0,13,129.372144990662,-0.131969956323948,-120.247824707867,12.752569132688,0.0538982676399936,0.130049533590471,0.742501920897217,-0.81076105889204,-0.434015220138952,0.00903723268354865,0.984496479000005,-0.83846015511351,0.584276865015479,0.24214448674066,12.7533461251715,120.247824707867,1373,1412,1412,1410,1401,10.1199999999999,506,50,1,0.427173913043478,0.37333333333317,-0.37333333333317,0.0463990646553146,-0.307211819997293
10.12,0,0,13,129.627198190309,-0.134629267210741,-120.249585230159,12.7532061233526,0.0554049822518822,0.128517933982524,0.745822430651385,-0.829057280856799,-0.41720508115226,0.0237751088179696,0.968090609156391,-0.846978745630408,0.577367439387215,0.248901372202915,12.7539740079762,120.249585230159,1373,1412,1412,1410,1401,10.1399999999999,507,50,1,0.427173913043478,0.373333333333241,-0.373333333333241,0.0464635650717079,-0.307211819997295
10.14,0,0,13,129.882264549589,-0.137296788795599,-120.251301630026,12.7538809224567,0.0568797678074986,0.127079590461583,0.749265892159487,-0.841735516799579,-0.400137479864983,0.0385886989015847,0.951378487193788,-0.855162831204685,0.570875900034207,0.255513383447094,12.7546408461588,120.251301630026,1373,1411,1411,1411,1401,10.1599999999999,508,50,1,0.427173913043478,0.373333333333281,-0.373333333333281,0.0464999896257223,-0.307211819997296
10.16,0,0,13,130.137344881537,-0.139971671347382,-120.252970811799,12.7545947084789,0.0583220216987796,0.125743056484511,0.752827033882777,-0.849648881127452,-0.382833306537341,0.053480330687802,0.934463661608745,-0.86300757275782,0.564840609017524,0.261977750596735,12.7553478569589,120.252970811799,1373,1411,1411,1411,1401,10.1799999999999,509,50,1,0.427173913043478,0.373333333333304,-0.373333333333304,0.0465205592314603,-0.307211819997297
10.18,0,0,13,130.392440025169,-0.142653057533907,-120.254589975702,12.7553492106527,0.0597312435857408,0.124512721264192,0.756500341357858,-0.853578904334133,-0.36531332262482,0.0684521969157375,0.917433316518198,-0.870508486458261,0.559281186296191,0.268292153300809,12.7560967668373,120.254589975702,1373,1411,1411,1412,1401,10.1999999999999,510,50,1,0.427173913043478,0.373333333333317,-0.373333333333317,0.0465321752605831,-0.307211819997297
10.2,0,0,13,130.647550848162,-0.145340082071644,-120.256156624033,12.7561459403817,0.0611070326932773,0.123389565282044,0.760280143545883,-0.854229944194662,-0.347598098063929,0.0835063557797004,0.900359768356098,-0.877661454698691,0.5542019413664,0.274454723777222,12.7568890528444,120.256156624033,1373,1411,1411,1413,1401,10.2199999999999,511,50,1,0.427173913043478,0.373333333333324,-0.373333333333324,0.0465387350427345,-0.307211819997297
10.22,0,0,13,130.902678242221,-0.148031871286565,-120.257668559534,12.7569862010775,0.0624490850099239,0.122371851090842,0.764160670449126,-0.852228038107069,-0.32970795453213,0.0986447322700533,0.883302026802959,-0.884462734025771,0.549594978386414,0.280464034553819,12.7577259608693,120.257668559534,1373,1410,1410,1413,1401,10.2399999999999,512,50,1,0.427173913043478,0.373333333333328,-0.373333333333328,0.0465424394705918,-0.307211819997297
10.24,0,0,13,131.157823118028,-0.150727601603764,-120.259123877829,12.7578711196431,0.06374444680854,0.121455922216274,0.73327317123825,-0.848121661469676,-0.311413255707607,0.113697354847007,0.866307346896099,-0.890908276009225,0.545443785484181,0.286261857591566,12.7586084821568,120.259123877829,1373,1410,1410,1414,1401,10.2599999999999,513,50,1,0.427173913043478,0.236728751625852,-0.236728751625852,0.0465445314281345,-0.307211819997297
10.26,0,0,13,131.41298639509,-0.153426989090789,-120.260520848369,12.7588013358791,0.0649528789442159,0.120677142351572,0.609671849783087,-0.826437297626135,-0.289198771331753,0.127112833806668,0.849490110358492,-0.896960842298592,0.541907079252951,0.291667464259917,12.7595373496691,120.260520848369,1373,1410,1410,1414,1401,10.2799999999999,514,50,1,0.427173913043478,0.133685016043392,-0.133685016043392,0.000641005907093645,-0.307211819997297
10.28,0,0,13,131.668169008817,-0.156129874514278,-120.261857211697,12.7597760178312,0.0660558436133878,0.120223596083433,0.462762217716176,-0.755218773134125,-0.259975385207147,0.137750106425146,0.833631813563817,-0.902502357905204,0.539829289874704,0.29659762495336,12.7605133561605,120.261857211697,1373,1410,1410,1415,1401,10.2999999999999,515,50,1,0.427173913043478,0.0754943512006016,-0.0754943512006016,-0.0339852217430227,-0.307211819997297
10.3,0,0,13,131.92337189695,-0.158835964220671,-120.263131675841,12.7607943892823,0.0670233128187962,0.120169427470947,0.32757808124217,-0.660735496667721,-0.223532567350811,0.145545221477584,0.819465353784482,-0.907384415345162,0.539543016807405,0.300917581286922,12.7615362030321,120.263131675841,1372,1410,1410,1415,1402,10.3199999999999,516,50,1,0.427173913043478,0.0426330282321979,-0.0426330282321979,-0.0535392799938095,-0.307211819997297
10.32,0,0,13,132.178595967453,-0.161544957220546,-120.26434463314,12.7618550669347,0.0678242938232853,0.120502014493887,0.216625104470842,-0.560006843541923,-0.180901118744966,0.150883362637594,0.807268887227889,-0.911469937706635,0.540991230338887,0.304488333216579,12.7626041864416,120.26434463314,1372,1410,1410,1416,1402,10.3399999999999,517,50,1,0.426086956521739,0.0240756436387906,-0.0240756436387906,-0.0645818110468241,-0.307211819997297
10.34,0,0,13,132.433841428968,-0.164256583452141,-120.26549776477,12.7628911165323,0.0684325735824745,0.121170669077966,0.131805838319723,-0.462190532740822,-0.133487816040648,0.154279936658463,0.797065910789503,-0.914648115328784,0.543948804055427,0.307193985166699,12.7636497523487,120.26549776477,1372,1410,1410,1416,1402,10.3599999999999,518,50,1,0.426086956521739,0.0135959522618259,-0.0135959522618259,-0.070817728445295,-0.307211819997297
10.36,0,0,13,132.689108437574,-0.166970621396825,-120.266593706253,12.7639659207751,0.0688284609876191,0.122109451487192,0.0705361112003972,-0.371958664522819,-0.0826807299878685,0.156236421265902,0.788745752799606,-0.91683715811158,0.548116692176158,0.308944859379025,12.7647355672529,120.266593706253,1372,1410,1410,1417,1402,10.3799999999999,519,50,1,0.426086956521739,0.00767788062820545,-0.00767788062820545,-0.0743392640075549,-0.307211819997297
10.38,0,0,13,132.944397732217,-0.169686898253065,-120.267635806384,12.7650760041008,0.068998691991057,0.123249201079542,0.0287616057423284,-0.291421729855946,-0.0296931440291169,0.157184409317936,0.782132342744512,-0.917981841277634,0.553184299467748,0.309681751139586,12.7658574555544,120.267635806384,1372,1410,1410,1417,1403,10.3999999999999,520,50,1,0.426086956521739,0.00433583832935994,-0.00433583832935994,-0.0763279389568579,-0.307211819997297
10.4,0,0,13,133.199709974256,-0.172405264022236,-120.268627899723,12.7662184370994,0.0689356072528021,0.124525144327633,0.00235148616099135,-0.221235418469312,0.0244769803279486,0.157472040579844,0.777023380285844,-0.918049293930261,0.558860791889841,0.309370633451003,12.7670118592118,120.268627899723,1372,1410,1410,1417,1403,10.4199999999999,521,50,1,0.426086956521739,0.0024485264786854,-0.0024485264786854,-0.0774509797395121,-0.307211819997297
10.42,0,0,13,133.45504575461,-0.175125576200574,-120.269574121967,12.7673901821239,0.068636137904048,0.125879979878275,-0.012334491016555,-0.161239399694736,0.0790365968212073,0.157369107692131,0.77321246000288,-0.917024619587232,0.56488896935459,0.307998107891642,12.7681952033698,120.269574121967,1372,1409,1409,1417,1403,10.4399999999999,522,50,1,0.426086956521739,0.00138272727472949,-0.00138272727472949,-0.0780851812212308,-0.307211819997297
10.44,0,0,13,133.710405595098,-0.17784768655121,-120.270478759549,12.7685881809904,0.0681008388670236,0.127265017729564,-0.0182813737545058,-0.110828825901959,0.133368110923101,0.157078981268481,0.770501332086968,-0.914906998422287,0.571050365785257,0.305567052954628,12.7694039894084,120.270478759549,1372,1409,1409,1418,1404,10.4599999999999,523,50,1,0.426086956521739,0.000780851149834146,-0.000780851149834146,-0.0784433262909614,-0.307211819997297
10.46,0,0,13,133.965789951028,-0.180571430667993,-120.271346128877,12.7698094188668,0.067333060125633,0.128640246191176,-0.017836296310345,-0.0691721870591826,0.186996074517453,0.156751748108178,0.768706408855508,-0.911706466598107,0.577165534132044,0.302092893951953,12.7706348568936,120.271346128877,1371,1409,1409,1418,1404,10.4799999999999,524,50,1,0.426086956521739,0.000440960794901938,-0.000440960794901938,-0.0786455773021461,-0.307211819997297
10.48,0,0,13,134.221199214616,-0.183296620217556,-120.272180481185,12.7710509726832,0.0663382747639275,0.12997383222845,-0.0127962968534055,-0.0353401025369203,0.23955659104554,0.156496167153509,0.767661886779645,-0.90744136275399,0.583091787635095,0.297600578614953,12.7718846264221,120.272180481185,1371,1409,1409,1418,1405,10.4999999999999,525,50,1,0.425,0.000249018551976071,-0.000249018551976071,-0.0787597921133564,-0.307211819997297
10.5,0,0,13,134.476633074087,-0.18602302728822,-120.272985914698,12.7722455486812,0.0651235567866008,0.131242248373845,-0.00451319620446958,-0.00838358194368892,0.29077150093183,0.156389635924297,0.76722085333284,-0.902136353169839,0.588726724209704,0.292123701538552,12.7730858433353,120.272985914698,1371,1409,1409,1418,1405,10.5199999999999,526,50,1,0.425,0.000140625289017018,-0.000140625289017018,-0.0788242912870486,-0.307211819997297
10.52,0,0,13,134.73209117165,-0.188750391214988,-120.273766312272,12.7734558360042,0.0636971719267637,0.132428318639423,0.00600805701359334,0.0126197051610614,0.340428216354597,0.156486097477223,0.767255156317423,-0.895820927018437,0.593990538845797,0.285698153950966,12.7743010996156,120.273766312272,1371,1409,1409,1418,1406,10.5399999999999,527,50,1,0.425,7.9413649120489e-05,-7.9413649120489e-05,-0.0788607151392871,-0.307211819997297
10.54,0,0,13,134.987573745181,-0.191478426465434,-120.274525332276,12.7746786454841,0.0620682612734029,0.13351950132858,0.0180262129411137,0.0285424175488172,0.388364201989594,0.15682212357919,0.767654619842921,-0.888528247511133,0.598827224435116,0.278365296101088,12.7755271680538,120.274525332276,1371,1409,1409,1418,1406,10.5599999999999,528,50,1,0.425,4.48463267931057e-05,-4.48463267931057e-05,-0.0788812843487196,-0.307211819997297
10.56,0,0,13,135.243080979765,-0.194206811236638,-120.275266380609,12.7759117029669,0.0602466102435267,0.134508006976816,0.030997111787989,0.0401922016696388,0.43445491578816,0.157421499391351,0.768325880889156,-0.880294282316163,0.603202069624393,0.270169339056135,12.7767617924102,120.275266380609,1371,1409,1409,1417,1407,10.5799999999999,529,50,1,0.425,2.53255334455489e-05,-2.53255334455489e-05,-0.0788929001540414,-0.307211819997297
10.58,0,0,13,135.498613019451,-0.196935187360627,-120.27599259635,12.7771529082978,0.0582424697259253,0.135389974849182,0.0445221968042117,0.0483039962081026,0.478604987139271,0.158298630168725,0.769191001516552,-0.871157141701293,0.607097989038257,0.261156557483009,12.7780029375717,120.27599259635,1371,1409,1409,1417,1408,10.5999999999999,530,50,1,0.425,1.43017876862151e-05,-1.43017876862151e-05,-0.0788994598098084,-0.307211819997297
10.6,0,0,13,135.754169971476,-0.199663160709833,-120.276706846376,12.7784003404999,0.0560664192646911,0.136164735377372,0.0583096227373419,0.0535371472224328,0.520741707981422,0.159461048304058,0.770185979536639,-0.86115656904924,0.61051220671049,0.251374674333668,12.77924878624,120.276706846376,1371,1409,1409,1417,1409,10.6199999999999,531,50,1,0.425,8.07647868351306e-06,-8.07647868351306e-06,-0.0789031641662941,-0.307211819997297
10.62,0,0,13,136.00975191033,-0.202390302056977,-120.277411727192,12.7796522539017,0.0537292612579717,0.136834152632829,0.072145347113547,0.0564756982882672,0.560810256832437,0.160911246460224,0.771259235985811,-0.85033354308723,0.613453300645354,0.240872385427184,12.7804977269861,120.277411727192,1371,1409,1409,1417,1410,10.6399999999999,532,50,1,0.425,4.56093387458919e-06,-4.56093387458919e-06,-0.078905256083532,-0.307211819997297
10.64,0,0,13,136.265358883376,-0.205116031551192,-120.278109572044,12.7809070750296,0.0512693474157318,0.137402045394515,0.0860717031676592,0.0576307726608003,0.59577720371982,0.162648898799522,0.772370172115436,-0.838744399686737,0.615938601440283,0.229821852081959,12.7817484535022,120.278109572044,1371,1409,1409,1416,1410,10.6599999999999,533,50,1,0.425,2.57564201225958e-06,-2.57564201225958e-06,-0.078906437427106,-0.194801439194643
10.66,0,0,13,136.520990928663,-0.207838676075873,-120.278802459991,12.7821633014596,0.048784196789917,0.137873677068756,0.0997627177528695,0.0574441498487483,0.618901096623222,0.164673053671548,0.773488082706528,-0.826577750175343,0.617991905891152,0.218660359769991,12.7829999496936,120.278802459991,1371,1409,1409,1416,1411,10.6799999999999,534,50,1,0.425,1.45451172012752e-06,-1.45451172012752e-06,-0.0789071045532305,-0.110007902906408
10.68,0,0,13,136.776648062583,-0.21055645534788,-120.27949223347,12.7834195521378,0.0462873737308566,0.138255352897908,0.112101763606367,0.0562929471745489,0.634130024546907,0.166963937740655,0.774590485605593,-0.814033105767093,0.619641665640469,0.207448755742923,12.7842509561394,120.27949223347,1371,1409,1409,1416,1413,10.6999999999999,535,50,1,0.425,8.21389127028686e-07,-8.21389127028686e-07,-0.0789074812914427,-0.0621234563353185
10.7,0,0,13,137.03233027306,-0.213268141820764,-120.28018051695,12.784674680926,0.0437864202460201,0.13855405934213,0.122726700764509,0.0544950417681684,0.644220052356186,0.169488244125456,0.775661652916153,-0.801238529916807,0.620919362878683,0.196220867413666,12.7855004272445,120.28018051695,1371,1409,1409,1415,1414,10.7199999999999,536,50,1,0.425,4.63853325253233e-07,-4.63853325253233e-07,-0.0789076940423384,-0.0350822415943121
10.72,0,0,13,137.2880375261,-0.215972825431451,-120.280868734359,12.7859277219655,0.0412886393029666,0.13877715370352,0.131662226265723,0.0523146342086135,0.650778943795238,0.172210390847739,0.776691561824815,-0.788279425316945,0.621858120378869,0.185009431472779,12.7867474973682,120.280868734359,1370,1409,1409,1415,1415,10.7399999999999,537,50,1,0.425,2.6194637872406e-07,-2.6194637872406e-07,-0.0789078141866246,-0.0198115775889624
10.74,0,0,13,137.543769770406,-0.218669772822349,-120.281558127384,12.7871778532732,0.0388009380528495,0.138932117804722,0.139085363088745,0.0499678178511832,0.654756615605456,0.175097408019086,0.77767492518054,-0.77521617153048,0.62249159861611,0.173845393385178,12.78799144109,120.281558127384,1370,1409,1409,1415,1416,10.7599999999999,538,50,1,0.423913043478261,1.47925867059784e-07,-1.47925867059784e-07,-0.0789078820342803,-0.0111879568900499
10.76,0,0,13,137.799526301828,-0.221358257851095,-120.282249758957,12.7883603616316,0.0363491759826145,0.139027263398905,0.145353678047003,0.0476263937401785,0.654608467637583,0.178121203674051,0.778610333166475,-0.762104452811495,0.622860273995655,0.162845403595908,12.7891677048005,120.282249758957,1370,1409,1409,1415,1417,10.7799999999999,539,50,1,0.423913043478261,8.35364178423708e-08,-8.35364178423708e-08,-0.0789079203490811,0.073082243268458
10.78,0,0,13,138.055306423238,-0.224036859619339,-120.282944521438,12.7895394147304,0.0340005786815673,0.139070516962319,0.150524158653408,0.0454219925422367,0.645941613450065,0.181259551469083,0.779499672482551,-0.749083941359871,0.622996606211364,0.152309621794509,12.7903406947971,120.282944521438,1370,1409,1409,1415,1418,10.7999999999999,540,50,1,0.423913043478261,4.71745290031991e-08,-4.71745290031991e-08,-0.0789079419861434,0.135725693007127
10.8,0,0,13,138.311110069211,-0.226704143393089,-120.283643185474,12.790713753969,0.0317625710635549,0.139068514625162,0.154044388965894,0.0434547550426403,0.631789417046638,0.184482251546241,0.780347171515045,-0.736295974376137,0.622930443866706,0.142271182559442,12.7915091857315,120.283643185474,1370,1409,1409,1414,1419,10.8199999999999,541,50,1,0.423913043478261,2.66403114252872e-08,-2.66403114252872e-08,-0.0789079542049845,0.171101584299636
10.82,0,0,13,138.566937153638,-0.229359104510499,-120.284346414986,12.7918829627328,0.0296379515617491,0.139027509747312,0.155847363920012,0.0417978979902799,0.614262933644775,0.187753853109091,0.781158640134297,-0.723827398215309,0.622689868868416,0.132742475836114,12.7926727773712,120.284346414986,1370,1409,1409,1414,1419,10.8399999999999,542,50,1,0.423913043478261,1.504426663779e-08,-1.504426663779e-08,-0.0789079611051856,0.191078991194692
10.84,0,0,13,138.822787580573,-0.23200099422157,-120.285054781731,12.7930466984322,0.027629039107491,0.138953303299105,0.156098206530995,0.0405018565589415,0.594613101605434,0.191040696362789,0.781941032782945,-0.711732172861891,0.622300922905306,0.123733739028443,12.7938311389734,120.285054781731,1370,1409,1409,1414,1420,10.8599999999999,543,50,1,0.423913043478261,8.49577000267676e-09,-8.49577000267676e-09,-0.0789079650018542,0.202360594899053
10.86,0,0,13,139.078661246526,-0.234629215589959,-120.285768778863,12.794204676715,0.025737610243429,0.138851211023659,0.155036206254862,0.0395980237778089,0.573595850743032,0.194313606140459,0.782702066563226,-0.700044607742836,0.62178746219515,0.115252776942677,12.7949839934663,120.285768778863,1369,1408,1408,1414,1421,10.8799999999999,544,50,1,0.423913043478261,4.79771528092147e-09,-4.79771528092147e-09,-0.0789079672023735,0.208731520956215
10.88,0,0,13,139.334558041983,-0.237243265372833,-120.286488833383,12.7953566571548,0.0239649078653663,0.138726049673826,0.152902228236606,0.0391021036100172,0.551680776859021,0.197548447939215,0.783449894348345,-0.688786995896936,0.621171097644839,0.107305002479309,12.7961311034805,120.286488833383,1369,1408,1408,1414,1421,10.8999999999999,545,50,1,0.422826086956522,2.7093567633699e-09,-2.7093567633699e-09,-0.0789079684450467,0.212329298354666
10.9,0,0,13,139.590477217009,-0.239842694101119,-120.287215302666,12.7964388835173,0.0223116841039425,0.138583031889212,0.149909481571369,0.0390154873369439,0.52917083374379,0.200725758366708,0.784192822745362,-0.677974042171695,0.620478283913198,0.0998941259800751,12.7972087256389,120.287215302666,1369,1408,1408,1414,1421,10.9199999999999,546,50,1,0.422826086956522,1.53002286325927e-09,-1.53002286325927e-09,-0.0789079691468067,0.214361028450522
10.92,0,0,13,139.846418025905,-0.242427096075681,-120.287948476643,12.7975155343022,0.0207782395012215,0.138426725103859,0.146235331286614,0.0393270017014974,0.506270991643837,0.203830052236762,0.784939036081605,-0.667615450641424,0.619726367933312,0.093020769627491,12.798281038646,120.287948476643,1369,1408,1408,1414,1422,10.9399999999999,547,50,1,0.422826086956522,8.64031637968711e-10,-8.64031637968711e-10,-0.0789079695431034,0.21550838325468
10.94,0,0,13,140.102380356567,-0.244996024136695,-120.288688615434,12.7985857428276,0.0193838801878387,0.138260271025258,0.142163968279135,0.0400187626427241,0.4810079024797,0.206849712420323,0.785696450722028,-0.657727682877987,0.618929468422601,0.0867712183167395,12.7993471963951,120.288688615434,1369,1408,1408,1413,1422,10.9599999999999,548,50,1,0.422826086956522,4.87934323948978e-10,-4.87934323948978e-10,-0.0789079697668992,0.295556600577471
10.96,0,0,13,140.358364094777,-0.247548307728271,-120.289435951541,12.79964933181,0.0181894276051143,0.138086390039455,0.137659218115474,0.0410676855689238,0.448738502278197,0.209777169336048,0.786472902864223,-0.648417867431423,0.618099779978954,0.0814175499864467,12.8004070921082,120.289435951541,1369,1408,1408,1413,1422,10.9799999999999,549,50,1,0.422826086956522,2.75545355083593e-10,-2.75545355083593e-10,-0.0789079698932808,0.355815820098005
10.98,0,0,13,140.614369123564,-0.250082747390827,-120.290190698529,12.8007061661473,0.0171958918063119,0.137907409309493,0.132080176495649,0.042447231435395,0.412362309443203,0.21259498399582,0.787275764382767,-0.63979853525817,0.617247731111842,0.0769640555496598,12.8014605613687,120.290190698529,1369,1408,1408,1413,1422,10.9999999999999,550,50,1,0.422826086956522,1.55605455450767e-10,-1.55605455450767e-10,-0.0789079699646508,0.389845293379295
11,0,0,13,140.87039531835,-0.252598579284309,-120.290953057964,12.8017561315341,0.0163997174724314,0.137725296828531,0.125286753409209,0.0441288895889502,0.373914294881895,0.215278823767634,0.788111675272841,-0.631929775602168,0.616382138460011,0.0733945952618527,12.8025074598452,120.290953057964,1369,1408,1408,1413,1422,11.0199999999999,551,50,1,0.422826086956522,8.78732205763194e-11,-8.78732205763194e-11,-0.0789079700049547,0.409062353623618
11.02,0,0,13,141.12644254902,-0.255095306291699,-120.291723223224,12.8027991174712,0.0157969392984741,0.137541693381524,0.117387305141692,0.0460832230131964,0.334601282625134,0.21780483693575,0.788986581652392,-0.624839970630833,0.615510351343737,0.0706912025624738,12.8035476530152,120.291723223224,1368,1407,1407,1412,1421,11.0399999999999,552,50,1,0.422826086956522,4.96236000986327e-11,-4.96236000986327e-11,-0.0789079700277151,0.419914575795302
11.04,0,0,13,141.382510681093,-0.257572596384481,-120.292501382745,12.803835010406,0.015383120257841,0.137357946488874,0.108578812576916,0.0482806948831929,0.295152705073837,0.220152660778852,0.789905766638221,-0.618538546872326,0.614638404610375,0.0688338086116433,12.804581009137,120.292501382745,1368,1407,1407,1412,1421,11.0599999999999,553,50,1,0.421739130434783,2.80233462549639e-11,-2.80233462549639e-11,-0.0789079700405683,0.426043022319706
11.06,0,0,13,141.638598945459,-0.260030218605261,-120.293287708037,12.8048005949254,0.0151533640592595,0.137176031960759,0.0990716214755023,0.0506907152893369,0.256021151557081,0.222306242766352,0.790873868902458,-0.613023345299566,0.613778166547836,0.0678006328663228,12.80554431346,120.293287708037,1368,1407,1407,1412,1421,11.0799999999999,554,50,1,0.421739130434783,1.58252914694764e-11,-1.58252914694764e-11,-0.0789079700478267,0.429503867131793
11.08,0,0,13,141.894706577997,-0.262468017744742,-120.294082348115,12.8057596375369,0.015102353174203,0.136997540848656,0.0890575254751483,0.0532812738864075,0.217496934521318,0.224253680946158,0.791894857984184,-0.608284912291636,0.612933686387824,0.0675673453581679,12.8065013294669,120.294082348115,1368,1407,1407,1411,1420,11.0999999999999,555,50,1,0.421739130434783,8.93682887886811e-12,-8.93682887886811e-12,-0.0789079700519257,0.431458268914635
11.1,0,0,13,142.15083344326,-0.264885902449371,-120.294885460117,12.8067113200443,0.0152243999541175,0.136822915943952,0.0786992037189374,0.0560228771063972,0.179773855940012,0.225986688980108,0.79297205993287,-0.604309033150192,0.612106979187074,0.0681083263516429,12.8074512346381,120.294885460117,1368,1407,1407,1411,1419,11.1199999999999,556,50,1,0.421739130434783,5.04678922117911e-12,-5.04678922117911e-12,-0.0789079700542404,0.43256195501909
11.12,0,0,13,142.406979395869,-0.267283827596779,-120.295697207409,12.8076555201018,0.0155135004342376,0.136652455452294,0.0681295880705729,0.0588885359363494,0.142987459369855,0.227499976595306,0.794108213615399,-0.601078246785845,0.611299379302367,0.0693965476169086,12.8083939072731,120.295697207409,1368,1407,1407,1411,1419,11.1399999999999,557,50,1,0.421739130434783,2.85001333115327e-12,-2.85001333115327e-12,-0.0789079700555476,0.433185226563284
11.14,0,0,13,142.66314428748,-0.26966178800951,-120.296517760024,12.8085920997536,0.0159633817861035,0.136486329653213,0.0574552512554998,0.061853807275821,0.107237104214419,0.228790672270588,0.795305524543634,-0.598572771505687,0.610511649298423,0.0714037889521876,12.8093292145065,120.296517760024,1368,1407,1407,1411,1418,11.1599999999999,558,50,1,0.421739130434783,1.60945417606595e-12,-1.60945417606595e-12,-0.0789079700562858,0.433537199299222
11.16,0,0,13,142.919327966666,-0.272019814474387,-120.297347294814,12.8095209113882,0.0165675448247614,0.13632460522984,0.0467609717654712,0.0648967705481905,0.0725988522573323,0.229857833266571,0.796565717926449,-0.596771089009422,0.609744088688161,0.074100828629908,12.8102570177505,120.297347294814,1368,1407,1407,1411,1418,11.1799999999999,559,50,1,0.421739130434783,9.08887939765509e-13,-9.08887939765509e-13,-0.0789079700567027,0.433735964681659
11.18,0,0,13,143.175530278833,-0.274357971065019,-120.298185995352,12.8104417986025,0.0173193016703335,0.136167266557629,0.0361141866009643,0.0679979546725536,0.0391330507153617,0.230702049911052,0.797890090222995,-0.595650328169473,0.608996629266167,0.077457612105933,12.811177173003,120.298185995352,1368,1407,1407,1410,1417,11.1999999999999,560,50,1,0.421739130434783,5.1326549045988e-13,-5.1326549045988e-13,-0.0789079700569381,0.433848211095148
11.2,0,0,13,143.431751066149,-0.276676353166882,-120.299034051678,12.8113545972158,0.018211809163803,0.136014234207301,0.0255688316568508,0.0711402273699373,0.00688884090666266,0.231325134886718,0.799279558564796,-0.595186530467825,0.608268917933447,0.0814434016580618,12.8120895312788,120.299034051678,1367,1407,1407,1410,1417,11.2199999999998,561,50,1,0.421739130434783,2.89850323863895e-13,-2.89850323863895e-13,-0.078907970057071,0.433911598678977
11.22,0,0,13,143.687990167474,-0.278975085873301,-120.29989165989,12.8122591363561,0.0192380987472265,0.13586538085813,0.0151684483230485,0.0743086571237667,-0.0240931244545322,0.231729882996949,0.800734707528939,-0.595354844659021,0.607560387901446,0.0860269101398789,12.8129939390956,120.29989165989,1367,1407,1407,1410,1416,11.2399999999998,562,50,1,0.420652173913043,1.63683730555759e-13,-1.63683730555759e-13,-0.0789079700571461,0.433947394796275
11.24,0,0,13,143.944246791143,-0.281254398953364,-120.300759007268,12.8130926148323,0.0203716379677504,0.135721426671327,0.00480693378697749,0.0774887661374521,-0.0516541291027957,0.23191926370916,0.802255781907717,-0.596119427784107,0.606877227959532,0.0910898293462191,12.8138275962165,120.300759007268,1367,1407,1407,1410,1416,11.2599999999998,563,50,1,0.420652173913043,9.24351689226725e-14,-9.24351689226725e-14,-0.0789079700571885,0.3545673242399
11.26,0,0,13,144.200520143185,-0.283515302395199,-120.301636266817,12.8139183554711,0.0215438237756279,0.135582914217143,-0.00533619807825765,0.0806654941687754,-0.0710011936535164,0.231895470242914,0.80384233639304,-0.597350389769753,0.606218852027536,0.0963249404472525,12.8146537402947,120.301636266817,1367,1407,1407,1410,1415,11.2799999999998,564,50,1,0.420652173913043,5.21998150014816e-14,-5.21998150014816e-14,-0.0789079700572125,0.294685419306522
11.28,0,0,13,144.456810053002,-0.285758892393676,-120.302523622645,12.8147355333604,0.0227456213231342,0.13544942255136,-0.0145046500608423,0.0838265194074187,-0.0849283979473416,0.231673191743522,0.805493613885967,-0.598909932841189,0.605583411252597,0.101691832777381,12.8154715363629,120.302523622645,1367,1407,1407,1410,1414,11.2999999999998,565,50,1,0.420652173913043,2.94781814967891e-14,-2.94781814967891e-14,-0.078907970057226,0.260869022410297
11.3,0,0,13,144.71311634387,-0.287985876240743,-120.303421264152,12.815544016558,0.0239722533822051,0.135320543423639,-0.022467124326507,0.086961848720154,-0.0953817714185283,0.231276082015422,0.807208836545774,-0.600710776396017,0.604969081214327,0.107169135997305,12.816280847373,120.303421264152,1367,1407,1407,1410,1414,11.3199999999998,566,50,1,0.420652173913043,1.66468632950706e-14,-1.66468632950706e-14,-0.0789079700572336,0.241772290261992
11.32,0,0,13,144.969438838244,-0.290196739489547,-120.304329385611,12.8163436650807,0.025219075605043,0.13519588136526,-0.0292587726632951,0.0900635672181154,-0.103490888670714,0.230728965567111,0.808987168917218,-0.602695691613901,0.604374095526479,0.11273607994943,12.8170815269923,120.304329385611,1367,1407,1407,1410,1413,11.3399999999998,567,50,1,0.420652173913043,9.40078537731218e-15,-9.40078537731218e-15,-0.0789079700572379,0.230988019546716
11.34,0,0,13,145.22577735671,-0.292391845974343,-120.305248185488,12.8171343360267,0.02648167591223,0.135075061215637,-0.0350167701911794,0.093125578897624,-0.109917467263524,0.230054517703939,0.810827707003898,-0.604824960711444,0.603796779207402,0.118372938574314,12.8178734249905,120.305248185488,1367,1407,1407,1410,1412,11.3599999999998,568,50,1,0.420652173913043,5.30879386367374e-15,-5.30879386367374e-15,-0.0789079700572403,0.224897946441162
11.36,0,0,13,145.482131717412,-0.294571493518823,-120.306177865652,12.8179158844966,0.0277558985890165,0.134957733112584,-0.039901707094466,0.0961433523565836,-0.115054361548246,0.229272209700552,0.812729483342653,-0.607069181724332,0.603235570902045,0.124061137160674,12.818656388314,120.306177865652,1367,1407,1407,1410,1411,11.3799999999998,569,50,1,0.420652173913043,2.99797210082015e-15,-2.99797210082015e-15,-0.0789079700572417,0.221458771794104
11.38,0,0,13,145.738501735729,-0.296735944767767,-120.307118630545,12.8186881646241,0.0290378357323132,0.134843575593015,-0.0440632713511212,0.0991136806717765,-0.119139433216745,0.22839829173982,0.814691479275345,-0.609405127932483,0.602689036646828,0.129783213635261,12.8194302622097,120.307118630545,1366,1407,1407,1410,1410,11.3999999999998,570,50,1,0.420652173913043,1.69300917460681e-15,-1.69300917460681e-15,-0.0789079700572425,0.219516607546161
11.4,0,0,13,145.994887223255,-0.298885527020776,-120.308070686705,12.8194510437144,0.030304323128993,0.13473229787293,-0.0477697913286488,0.102034452509856,-0.120194066456101,0.227445570233115,0.816712598809326,-0.611803097580819,0.602155879347361,0.13543565073907,12.8201948583584,120.308070686705,1366,1406,1406,1410,1410,11.4199999999998,571,50,1,0.419565217391304,9.56072961625864e-16,-9.56072961625864e-16,-0.0789079700572429,0.139019546926921
11.42,0,0,13,146.251287358831,-0.301021305547669,-120.309034229854,12.820142246955,0.0314903554744205,0.134624517392359,-0.0509723106502835,0.104902795350221,-0.113545069179817,0.226423133822137,0.818791343756223,-0.614142269638003,0.601641776887471,0.140728654186072,12.8208877475521,120.309034229854,1366,1406,1406,1410,1409,11.4399999999998,572,50,1,0.419565217391304,5.39911727391754e-16,-5.39911727391754e-16,-0.0789079700572432,0.0785068574629402
11.44,0,0,13,146.507701325758,-0.303144395339007,-120.310009433989,12.8208246672834,0.0325907928862432,0.134520719200341,-0.0530173404541635,0.10771410777557,-0.102078449834617,0.225350221433373,0.820926117928247,-0.616296016319007,0.601145936274096,0.145638688061603,12.8215717887043,120.310009433989,1366,1406,1406,1410,1409,11.4599999999998,573,50,1,0.419565217391304,3.04897936742637e-16,-3.04897936742637e-16,-0.0789079700572433,0.0443342451112024
11.46,0,0,13,146.764128931553,-0.305255502285481,-120.310996477726,12.8214975461759,0.0336049654888238,0.134420473271634,-0.0537547135886096,0.110465518760925,-0.0878089798866075,0.224253172333595,0.82311546262695,-0.618189820215733,0.600666467660987,0.150162839500787,12.822246194951,120.310996477726,1366,1406,1406,1410,1408,11.4799999999998,574,50,1,0.419565217391304,1.72181390241342e-16,-1.72181390241342e-16,-0.0789079700572434,0.0250363516398299
11.48,0,0,13,147.020569976839,-0.307355086002892,-120.311995540993,12.8221607987041,0.0345325087934067,0.134323399562268,-0.05328332489488,0.113155491443484,-0.0719195227325658,0.223158031115468,0.825358003064191,-0.619780424829305,0.600201673345391,0.154299552080964,12.8229108558727,120.311995540993,1366,1406,1406,1409,1408,11.4999999999998,575,50,1,0.419565217391304,9.72339513417759e-17,-9.72339513417759e-17,-0.0789079700572434,0.0141384814799706
11.5,0,0,13,147.277024261131,-0.309443461603127,-120.313006804496,12.8228143257442,0.0353734341700284,0.134229160120983,-0.0517905218027044,0.115783568036281,-0.0551145806268182,0.222087542320473,0.827652419863373,-0.621043038369305,0.599750044755301,0.158048947575316,12.823565649997,120.313006804496,1366,1406,1406,1409,1407,11.5199999999998,576,50,1,0.419565217391304,5.49097743971215e-17,-5.49097743971215e-17,-0.0789079700572435,0.00798425670941049
11.52,0,0,13,147.5334915822,-0.311520856649653,-120.314030449072,12.8234580217512,0.0361281280528815,0.134137459258744,-0.0494766602819692,0.118350135734248,-0.0378222466962581,0.221060338055075,0.829997437713878,-0.621963960514172,0.599310262781969,0.161412821854771,12.8242104527035,120.314030449072,1366,1406,1406,1409,1407,11.5399999999998,577,50,1,0.419565217391304,3.10085446774122e-17,-3.10085446774122e-17,-0.0789079700572435,0.00450885445456614
11.54,0,0,13,147.789971735769,-0.313587443014117,-120.315066655047,12.8240917768005,0.0367973216202854,0.134048042116818,-0.04652328457824,0.120856220880882,-0.0203098687260035,0.220091105581699,0.832391822323175,-0.622536310369205,0.598881191229455,0.164394508962264,12.8248451382571,120.315066655047,1366,1406,1406,1408,1407,11.5599999999998,578,50,1,0.419565217391304,1.75110871164219e-17,-1.75110871164219e-17,-0.0789079700572435,0.00254623181998891
11.56,0,0,13,148.046464514937,-0.315643354256803,-120.31611571124,12.8247158874311,0.0373820514650425,0.133921108806535,-0.0430827862340598,0.10719715042025,-0.00275046173912267,0.219191121271868,0.834756126737649,-0.622757832470871,0.598285022845919,0.16699870505392,12.8254695771532,120.31611571124,1366,1406,1406,1408,1406,11.5799999999998,579,50,1,0.419565217391304,9.88882823070005e-18,-9.88882823070005e-18,-0.0330032631698678,0.00143790325158054
11.58,0,0,13,148.302969705865,-0.317688692884815,-120.317178709624,12.8253321771088,0.037883621137531,0.133560369375208,-0.0392777762548686,0.044701132481682,0.0147392637361465,0.21836883483031,0.836327987378033,-0.622631727511005,0.596644886791686,0.169231297533277,12.8260835407462,120.317178709624,1366,1406,1406,1408,1406,11.5999999999998,580,50,1,0.419565217391304,5.58440050729824e-18,-5.58440050729824e-18,0.00162363161922651,0.000812010023861411
11.6,0,0,13,148.55948710019,-0.319723541951869,-120.318256012872,12.8259421922037,0.0383035647054961,0.132883012228979,-0.0352042751276729,-0.0404188691698614,0.0320761899181894,0.217630477753073,0.836386961392351,-0.622162978218657,0.593590962600275,0.171099188317995,12.8266877320593,120.318256012872,1366,1406,1406,1407,1406,11.6199999999998,581,50,1,0.419565217391304,3.15361216702064e-18,-3.15361216702064e-18,0.0211780666154841,0.000458556775726492
11.62,0,0,13,148.816016523405,-0.321747971354754,-120.319346509605,12.8265478022519,0.0386436153321852,0.131893534276671,-0.0309368760257856,-0.131256605531475,0.0491976500208691,0.216980560517206,0.834665938536343,-0.62135626799991,0.589143442393464,0.172610148262665,12.8272841146067,120.319346509605,1366,1406,1406,1407,1406,11.6399999999998,582,50,1,0.419565217391304,1.78090194050072e-18,-1.78090194050072e-18,0.0322208104234935,0.000258955321222198
11.64,0,0,13,149.072557853668,-0.323762038469173,-120.320447978322,12.8271512185106,0.0389056796160516,0.130635751046061,-0.0265336207549625,-0.218807111523602,0.0660540160290261,0.216422240498985,0.831149900361254,-0.620216439780699,0.583498104857506,0.173772708725713,12.8278754177727,120.320447978322,1365,1405,1405,1407,1406,11.6599999999998,583,50,1,0.419565217391304,1.00570759931954e-18,-1.00570759931954e-18,0.0384568479685654,0.000146236762684515
11.66,0,0,13,149.329111032292,-0.32576578820835,-120.321557397652,12.8277549203244,0.039091816037593,0.129168859667455,-0.0220399556936187,-0.298556487014624,0.0826043270017831,0.215957610854255,0.825955017402094,-0.618748750703568,0.576919377566392,0.174596070085999,12.8284647974843,120.321557397652,1365,1405,1405,1406,1406,11.6799999999998,584,50,1,0.418478260869565,5.67941306776662e-19,-5.67941306776662e-19,0.0419784513797882,8.25825499916939e-05
11.68,0,0,13,149.585675451288,-0.327759246230301,-120.322671185496,12.8282998170348,0.0392042181919989,0.127555482144997,-0.0174918370453084,-0.36853801449402,0.0988136424454176,0.215587923658455,0.819259984233079,-0.616958989961252,0.569689673726897,0.175090873174531,12.8289938641923,120.322671185496,1365,1405,1405,1406,1406,11.6999999999998,585,50,1,0.418478260869565,3.20726748173549e-19,-3.20726748173549e-19,0.0439671646446301,4.66358625419213e-05
11.7,0,0,13,149.842250580243,-0.329742425568665,-120.323785399326,12.8288511975289,0.0392451979452997,0.125854073120815,-0.0129180828222629,-0.428220076333047,0.114651509472463,0.215313760451708,0.811267161596356,-0.614853521727669,0.562067156206786,0.17526658978465,12.829528536997,120.323785399326,1365,1405,1405,1405,1406,11.7199999999998,586,50,1,0.418478260869565,1.81120206906222e-19,-1.81120206906222e-19,0.0450902270647636,2.63361167128858e-05
11.72,0,0,13,150.098836575538,-0.331715332984448,-120.32489593303,12.8294112063359,0.0392171694782363,0.124115083505207,-0.00834213494107204,-0.477862398139749,0.130091031021163,0.215135162595998,0.80218086761599,-0.612439285098916,0.554277083003705,0.175134004224473,12.8300714901201,120.32489593303,1365,1405,1405,1405,1406,11.7399999999998,587,50,1,0.418478260869565,1.02281863101738e-19,-1.02281863101738e-19,0.0457244407655588,1.4872482371078e-05
11.74,0,0,13,150.355433652515,-0.33367796210446,-120.325998648123,12.8299826216188,0.0391226379490745,0.12238081809607,-0.00378338655812425,-0.51814506199788,0.145108218811546,0.215051730548104,0.792195581595167,-0.60972377216267,0.54650827884591,0.174704299217568,12.8306259284759,120.325998648123,1365,1405,1405,1406,1406,11.7599999999998,588,50,1,0.418478260869565,5.77604216462685e-20,-5.77604216462685e-20,0.0460825927356235,8.39876031418868e-06
11.76,0,0,13,150.612042088078,-0.335630293490411,-120.327089479335,12.830568118928,0.0389641879620548,0.120685389557525,0.000741849416005684,-0.549952924221179,0.159681604657133,0.215062699796843,0.781489875935457,-0.606714994524299,0.538912968682121,0.173989014943795,12.8311948557275,120.327089479335,1365,1405,1405,1406,1407,11.7799999999998,589,50,1,0.418478260869565,3.2618356838457e-20,-3.2618356838457e-20,0.0462848476435518,4.74293215182193e-06
11.78,0,0,13,150.868662215839,-0.337572294721738,-120.328164515654,12.8311702321228,0.0387444728961936,0.119055237711806,0.00521963186736484,-0.57424963100308,0.173791982753518,0.215166999452762,0.770223687149905,-0.603421443865212,0.531609103522894,0.173000002226327,12.8317810458845,120.328164515654,1365,1405,1405,1406,1407,11.7999999999998,590,50,1,0.418478260869565,1.84201772167924e-20,-1.84201772167924e-20,0.0463990646553239,2.6784197375871e-06
11.8,0,0,13,151.125294420907,-0.339503920560708,-120.329220060473,12.8317913206271,0.0384662049041828,0.117509914945905,0.00963787515657008,-0.592003971308721,0.187422232266492,0.215363297957807,0.758537539376612,-0.59985204978145,0.524683873457087,0.171749378463732,12.832387023666,120.329220060473,1365,1405,1405,1407,1407,11.8199999999998,591,50,1,0.418478260869565,1.04022078849171e-20,-1.04022078849171e-20,0.0464635650717132,1.5125521641587e-06
11.82,0,0,13,151.381939134523,-0.341425113191363,-120.33025267409,12.8324335469934,0.0381321454578423,0.116062973780026,0.0139859733793853,-0.604147205268935,0.200557189411865,0.215650039250504,0.746552905843915,-0.59601613671521,0.518197675606307,0.170249485732088,12.8330150554109,120.33025267409,1365,1405,1405,1407,1408,11.8399999999998,592,50,1,0.418478260869565,5.8743153015047e-21,-5.8743153015047e-21,0.0464999896257253,8.54165617582474e-07
11.84,0,0,13,151.638596828706,-0.34333580252333,-120.331259201451,12.8330988634693,0.0377450963535431,0.11472286431564,0.0182545267978647,-0.611549024101179,0.213183550263012,0.216025471857196,0.734373222767002,-0.591923380998826,0.512188125130021,0.168512850711799,12.8336671480708,120.331259201451,1365,1405,1405,1408,1408,11.8599999999998,593,50,1,0.418478260869565,3.31733230514718e-21,-3.31733230514718e-21,0.046520559231462,4.82362803444772e-07
11.86,0,0,13,151.895268011029,-0.345235906551406,-120.332236787706,12.8337890061811,0.0373078911177251,0.113493790802295,0.0224351421588499,-0.61500492492249,0.225289792725619,0.21648767273081,0.722085261225255,-0.587583768589986,0.50667388281261,0.166552146209971,12.8343450543635,120.332236787706,1365,1405,1405,1408,1409,11.8799999999998,594,50,1,0.418478260869565,1.87335766943838e-21,-1.87335766943838e-21,0.046532175260584,2.7239901648773e-07
11.88,0,0,13,152.15195321964,-0.3471253317623,-120.333182883877,12.8345054955519,0.0368233867716532,0.112376500766543,0.0265202862629504,-0.615230712113206,0.2368661104718,0.217034567177151,0.70976067505379,-0.583007553830419,0.501658180822319,0.164380154131673,12.8350502825306,120.333182883877,1365,1405,1405,1409,1409,11.8999999999998,595,50,1,0.418478260869565,1.05791902493408e-21,-1.05791902493408e-21,0.046538735042735,1.53828661027711e-07
11.9,0,0,13,152.408653018563,-0.349003973580506,-120.334095244613,12.8352496416481,0.0362944559279577,0.111368994360599,0.0305031778285548,-0.612861521031376,0.247904354284807,0.217663945854242,0.697457610255408,-0.578205219420755,0.497131991670838,0.162009729810557,12.8357841094288,120.334095244613,1365,1405,1405,1409,1409,11.9199999999998,596,50,1,0.418478260869565,5.97426044997051e-22,-5.97426044997051e-22,0.0465424394705921,8.68698325665373e-08
11.92,0,0,13,152.665367993344,-0.3508717168461,-120.334971919806,12.8360225532723,0.0357239792008541,0.110467149983416,0.0343777068662601,-0.608453738950846,0.258397977909526,0.218373479570337,0.685222302907894,-0.573187437723869,0.493076822856934,0.15945376764816,12.8365475959087,120.334971919806,1364,1405,1405,1410,1410,11.9399999999998,597,50,1,0.418478260869565,3.37377314169258e-22,-3.37377314169258e-22,0.0465445314281347,4.90569687061034e-08
11.94,0,0,13,152.922098747047,-0.352728436317938,-120.335811241568,12.8368251497625,0.035114837918395,0.109665267188216,0.0381383738125221,-0.602488776446648,0.268341986533592,0.219160732415907,0.673090618790799,-0.567965033461563,0.489467141804823,0.156725168036865,12.8373416036282,120.335811241568,1364,1405,1405,1410,1410,11.9599999999998,598,50,1,0.417391304347826,1.90523083265685e-22,-1.90523083265685e-22,0.0465457127944694,2.77033592391041e-08
11.96,0,0,13,153.178845283559,-0.354573991157823,-120.336611794898,12.8375968645135,0.0344699105079802,0.10895739543569,0.0417802342959933,-0.595379225253221,0.277732865145388,0.22002317356583,0.661089498036178,-0.562548948013929,0.486278629616703,0.153837555188851,12.8381055122832,120.336611794898,1364,1405,1405,1410,1410,11.9799999999998,599,50,1,0.417391304347826,1.07591837780926e-22,-1.07591837780926e-22,0.0465463799334474,1.56445890028132e-08
11.98,0,0,13,153.435607625326,-0.356408231735926,-120.337372390485,12.8384003448771,0.0337920627030157,0.108336707885451,0.0452988722089031,-0.587475687824913,0.286568557107363,0.220958187991439,0.64923825401272,-0.556950205547546,0.483478364325314,0.150802991056055,12.8389019063594,120.337372390485,1364,1405,1405,1410,1410,11.9999999999998,600,50,1,0.417391304347826,6.07590605750077e-23,-6.07590605750077e-23,0.0465467566789182,8.83478292125191e-09
12,0,0,13,153.69238641659,-0.35823100606642,-120.338092071326,12.8392353854813,0.0330841375585229,0.107795051200331,0.0486903791436529,-0.579069515290142,0.294848432807493,0.221963086779003,0.637549788830037,-0.551179879548476,0.481029920355265,0.147634216058684,12.8397305118533,120.338092071326,1364,1405,1405,1410,1410,12.0199999999998,601,50,1,0.417391304347826,3.4311742582874e-23,-3.4311742582874e-23,0.0465469694339129,4.9891620196356e-09
12.02,0,0,13,153.949182300455,-0.360042154175602,-120.338770090201,12.8401023138434,0.0323489525590975,0.10732415885725,0.0519513214356603,-0.570398735399533,0.302573215039631,0.223035116719908,0.626031721317616,-0.545249061080078,0.478896350935714,0.144343849035967,12.8405915891664,120.338770090201,1364,1405,1405,1411,1411,12.0399999999998,602,50,1,0.417391304347826,1.93764628342143e-23,-1.93764628342143e-23,0.0465470895805139,2.81747020612105e-09
12.04,0,0,13,154.205995923209,-0.361841508724986,-120.339405888546,12.8410013350654,0.0315892937431885,0.106915853328697,0.0550787200205801,-0.561654122258574,0.309744929067351,0.224171469357945,0.61468739249442,-0.539168828652694,0.477041116053923,0.140944368613013,12.8414852789825,120.339405888546,1364,1405,1405,1411,1411,12.0599999999998,603,50,1,0.417391304347826,1.09422397028906e-23,-1.09422397028906e-23,0.0465471574294769,1.5910764836135e-09
12.06,0,0,13,154.46282793229,-0.363628895568382,-120.339999075798,12.8419325510214,0.0308079101500843,0.106562211090048,0.0580700329620756,-0.552985038968054,0.316366851873156,0.225369289641509,0.603516751758721,-0.532950219532937,0.475428818551498,0.137448087801941,12.8424116223217,120.339999075798,1364,1405,1405,1411,1411,12.0799999999998,604,50,1,0.417391304347826,6.17928105557514e-24,-6.17928105557514e-24,0.0465471957450158,8.98509723796922e-10
12.08,0,0,13,154.719678974587,-0.365404134306632,-120.340549409575,12.8428959738705,0.0300075085535697,0.10625568661209,0.0609231399367911,-0.54450496600551,0.322443460787254,0.226625684243581,0.592517129241211,-0.526604202478656,0.474025757174522,0.133867129977708,12.8433705746259,120.340549409575,1364,1405,1405,1412,1412,12.0999999999998,605,50,1,0.417391304347826,3.48955199306252e-24,-3.48955199306252e-24,0.046547217382495,5.07404723828308e-10
12.1,0,0,13,154.976549694987,-0.367167038837307,-120.341056776945,12.8438915386006,0.0291907484824377,0.105989201376365,0.0636363280822666,-0.536296654854209,0.32798038148098,0.227937729594193,0.581683901254045,-0.52014165188221,0.472800323374512,0.130213406176234,12.8443620186424,120.341056776945,1364,1405,1405,1412,1412,12.1199999999998,606,50,1,0.417391304347826,1.9706132481707e-24,-1.9706132481707e-24,0.0465472296015716,2.86540642738188e-10
12.12,0,0,13,155.233440735151,-0.368917417897428,-120.341521176992,12.8449191144948,0.0283602375276229,0.105756203395904,0.0662082787678139,-0.528416869484243,0.332984335346628,0.229302479655671,0.571011056738352,-0.513573323303413,0.471723266362854,0.126498593717084,12.8453857760498,120.341521176992,1363,1405,1405,1412,1413,12.1399999999998,607,50,1,0.417391304347826,1.11284101271057e-24,-1.11284101271057e-24,0.0465472365019056,1.61814693646006e-10
12.14,0,0,13,155.490352732495,-0.370655075597598,-120.341942704763,12.8459785154912,0.0275185269354817,0.105550702217372,0.068638054960693,-0.520900696507794,0.337463086311916,0.230716973459977,0.560491673171496,-0.506909830372619,0.470767848657539,0.122734116150097,12.8464416178382,120.341942704763,1363,1405,1405,1412,1412,12.1599999999998,608,50,1,0.416304347826087,6.28441486791124e-25,-6.28441486791124e-25,0.0465472403986492,9.13796899090332e-11
12.16,0,0,13,155.747285710697,-0.372379806606174,-120.342321525017,12.8470086423842,0.0266681113967834,0.105368141056589,0.0709250836856972,-0.513766642866655,0.341425378607023,0.232178242382649,0.550118303590471,-0.5001616231317,0.469915961006933,0.118931705333602,12.8474684156378,120.342321525017,1363,1405,1405,1412,1412,12.1799999999998,609,50,1,0.416304347826087,3.54892296212447e-25,-3.54892296212447e-25,0.046547242599211,5.16037668750806e-11
12.18,0,0,13,156.004239695474,-0.374091402246784,-120.342657849382,12.8480708374161,0.0258114213556465,0.105204387708254,0.0730691502487531,-0.507021294900004,0.344880897072417,0.233683317128326,0.539883250937648,-0.49333896792619,0.46914690658088,0.115101633536891,12.8485274812302,120.342657849382,1363,1405,1405,1413,1412,12.1999999999998,610,50,1,0.416304347826087,2.00414111032115e-25,-2.00414111032115e-25,0.0465472438419081,2.91415823182217e-11
12.2,0,0,13,156.261215315921,-0.375789656182122,-120.342951949944,12.8491641676413,0.0249508154798769,0.105054952900875,0.0750703912900823,-0.500659185283778,0.347840217998912,0.235229234720616,0.529778809867702,-0.486451928082586,0.468440687864592,0.111254461995342,12.8496178500888,120.342951949944,1363,1405,1405,1414,1412,12.2199999999998,611,50,1,0.416304347826087,1.1317748040591e-25,-1.1317748040591e-25,0.0465472445436817,1.64567796390807e-11
12.22,0,0,13,156.518213188315,-0.377474359864506,-120.343204038287,12.8502880106571,0.0240885814540691,0.104955675914813,0.0769288317914797,-0.478496968407696,0.350314820599236,0.236813048233672,0.51987604073304,-0.479510021355406,0.467957103150274,0.107400425677427,12.8507391970463,120.343204038287,1363,1405,1405,1414,1413,12.2399999999998,612,50,1,0.416304347826087,6.39133741883956e-26,-6.39133741883956e-26,0.000642538052610225,9.29344169207717e-12
12.24,0,0,13,156.775233924149,-0.379145305973451,-120.343413558736,12.8514405307243,0.0232269345345556,0.105100296139014,0.0786414262774829,-0.407716196030146,0.352317716054823,0.238431862040391,0.510931950862079,-0.472519668385399,0.46855985807896,0.103549432228219,12.8518912723957,120.343413558736,1363,1404,1404,1414,1413,12.2599999999998,613,50,1,0.416304347826087,3.60930406428499e-26,-3.60930406428499e-26,-0.0339843565126839,5.24817493933843e-12
12.26,0,0,13,157.032278121358,-0.380802350758522,-120.343580720012,12.8526198491543,0.0223532892280472,0.105569149787755,0.0398030174134145,-0.314609192176827,0.354154521773379,0.239883735325634,0.503661891804693,-0.465486333730419,0.470606831748199,0.0996454149366935,12.8530728427798,120.343580720012,1363,1404,1404,1415,1413,12.2799999999998,614,50,1,0.416304347826087,-0.156097142432776,0.156097142432776,-0.0535387913825575,2.96373949571138e-12
12.28,0,0,13,157.289346334138,-0.382445979000506,-120.343707238983,12.8538235007517,0.0214235452255141,0.106355749028605,-0.106579732408735,-0.216129452886189,0.359951917814626,0.239366897596483,0.498326499600857,-0.458378344430382,0.474068784753119,0.0954918643979473,12.8542813530013,120.343707238983,1362,1404,1404,1415,1413,12.2999999999998,615,50,1,0.416304347826087,-0.27384453032394,0.27384453032394,-0.0645815351191955,1.67367740213836e-12
12.3,0,0,13,157.546439057883,-0.38407682342429,-120.343795968179,12.8550486115656,0.0204181407987939,0.107414124059014,-0.279938117752398,-0.121292797735802,0.373317888242187,0.235558384920996,0.494933591451334,-0.451072929082026,0.478740526720585,0.091001715141107,12.8555135836821,120.343795968179,1362,1404,1404,1416,1413,12.3199999999998,616,50,1,0.415217391304348,-0.340338614085157,0.340338614085157,-0.0708175726239627,9.45155959382398e-13
12.32,0,0,13,157.803556116773,-0.385695366250658,-120.343850567121,12.8562315959157,0.0193036515962516,0.108683538105096,-0.439714656842496,-0.0345992136346803,0.394512343291635,0.228384102849092,0.493359843133475,-0.443413004732881,0.484353416743669,0.0860265628417732,12.8567054718634,120.343850567121,1362,1404,1404,1416,1413,12.3399999999998,617,50,1,0.415217391304348,-0.377889028191418,0.377889028191418,-0.0743391760124248,5.33746698386869e-13
12.34,0,0,13,158.060697268808,-0.387302096910479,-120.343875232288,12.8574302692012,0.0180453846737975,0.110100724407455,-0.571506396969901,0.0420093965789184,0.422362313187936,0.218289187820556,0.493419925546557,-0.435253488678729,0.490623127015303,0.0804115422088622,12.8579143305901,120.343875232288,1362,1404,1404,1416,1414,12.3599999999998,618,50,1,0.415217391304348,-0.39909442752612,0.39909442752612,-0.0763278892644132,3.01416433140875e-13
12.36,0,0,13,158.317862800675,-0.388897574641945,-120.343874508722,12.8586405737039,0.0166141537288626,0.111605865379906,-0.673190301222006,0.108032262319397,0.455265485052379,0.205868133048673,0.494905577559344,-0.426478413027645,0.497283087808042,0.0740268382445426,12.8591356359203,120.343874508722,1362,1404,1404,1415,1414,12.3799999999998,619,50,1,0.415217391304348,-0.411069500814837,0.411069500814837,-0.0774509516772881,1.70215322065592e-13
12.38,0,0,13,158.575052916521,-0.390482432802456,-120.343853117169,12.8598590943136,0.0149883083221463,0.113146622253907,-0.747816629454891,0.163764399641138,0.491645760234621,0.191698074039634,0.49760741161232,-0.417004113217418,0.504100130319661,0.0667762512874383,12.860365575407,120.343853117169,1362,1404,1404,1415,1415,12.3999999999998,620,50,1,0.415217391304348,-0.417832041713346,0.417832041713346,-0.0780851653739843,9.6123677013827e-14
12.4,0,0,13,158.832267746374,-0.392057367615074,-120.343815815044,12.8610824774976,0.0131535964363149,0.114679215838679,-0.800112900471436,0.209923111543088,0.530132217909061,0.17627443175267,0.50132673990263,-0.406776466380814,0.510879309300229,0.0585965715492802,12.861600477104,120.343815815044,1361,1404,1404,1414,1415,12.4199999999998,621,50,1,0.415217391304348,-0.421650971109554,0.421650971109554,-0.0784433173417342,5.42827823637288e-14
12.42,0,0,13,159.089507349415,-0.39362312033882,-120.343767287034,12.8623074885367,0.0111021776443394,0.116168428051604,-0.834874675575449,0.24743038763483,0.569604988216492,0.159995613545016,0.505881616280316,-0.395766110877455,0.517463890201398,0.0494531655758391,12.8628368679577,120.343767287034,1361,1404,1404,1413,1416,12.4399999999998,622,50,1,0.414130434782609,-0.42380758974626,0.42380758974626,-0.0786455722483553,3.06544709138008e-14
12.44,0,0,13,159.346771118736,-0.395180371716874,-120.343712049904,12.8634710505934,0.0088510510918124,0.117587878812745,-0.8561713578288,0.277284113334396,0.607040807474189,0.143169927453852,0.511109525834436,-0.383973796191083,0.523739004841695,0.0394222214843199,12.8640115329474,120.343712049904,1361,1404,1404,1412,1416,12.4599999999998,623,50,1,0.414130434782609,-0.425025471372667,0.425025471372667,-0.0787597892593892,0.0794002852725281
12.46,0,0,13,159.604058398017,-0.396729055384236,-120.34365437821,12.8646309833612,0.00646369293466017,0.118918217908218,-0.867600298446193,0.300483894930475,0.63695883769892,0.126030835412735,0.516868234496847,-0.371509777227329,0.529616274655025,0.0287864046037845,12.8651822241247,120.34365437821,1361,1405,1405,1411,1417,12.4799999999998,624,50,1,0.414130434782609,-0.42571323119756,0.42571323119756,-0.0788242896753616,0.139293605822432
12.48,0,0,13,159.86136907492,-0.398269054035234,-120.34359828708,12.8657839982413,0.00394659841561704,0.120145437589067,-0.872600780708121,0.317989766972438,0.661683901894062,0.108738318660367,0.523035075703524,-0.358503457149572,0.535033575205729,0.0175747989139166,12.8663455725087,120.34359828708,1361,1405,1405,1410,1418,12.4999999999998,625,50,1,0.414130434782609,-0.426101621634266,0.426101621634266,-0.0788607142291383,0.173116449324182
12.5,0,0,13,160.118702976327,-0.399800656873392,-120.343547504691,12.8669276766745,0.00130421035706925,0.121260838662866,-0.873445875232192,0.330696749022269,0.682810252372271,0.0913959981251364,0.52950574595053,-0.345041704179562,0.539952409079574,0.00580732498677934,12.8674991248777,120.343547504691,1361,1405,1405,1410,1419,12.5199999999998,626,50,1,0.414130434782609,-0.426320952752288,0.426320952752288,-0.078881283834742,0.192216821987453
12.52,0,0,13,160.376059881079,-0.401324383428934,-120.343505455235,12.8680598201489,-0.00145750242846739,0.122260121489822,-0.871626764855038,0.339422459312215,0.70120365543624,0.0740706186325115,0.536192949664575,-0.331187326656531,0.544353872556859,-0.00648932082062488,12.8686406895426,120.343505455235,1361,1405,1405,1410,1419,12.5399999999998,627,50,1,0.414130434782609,-0.426444813009356,0.426444813009356,-0.078892899863789,0.203003148567503
12.54,0,0,13,160.633439525654,-0.402840877069413,-120.343475252476,12.8691784472947,-0.00433158600413835,0.123142562593988,-0.868133329505704,0.344901839552959,0.717329171720357,0.0568045664670354,0.543024836011467,-0.31699009350293,0.548234979877819,-0.0192840768408988,12.8697683258742,120.343475252476,1360,1405,1405,1409,1420,12.5599999999998,628,50,1,0.414130434782609,-0.426514759141118,0.426514759141118,-0.0788994596458976,0.209094382657152
12.56,0,0,13,160.890841609333,-0.40435084484531,-120.343459701662,12.8702817855562,-0.00731045728103345,0.123910277201185,-0.863630013425888,0.347786383942051,0.731433644854981,0.0396239510779404,0.549943356611857,-0.302492779993504,0.551605372559465,-0.032543101973884,12.8708803288354,120.343459701662,1360,1405,1405,1409,1421,12.5799999999998,629,50,1,0.41304347826087,-0.426554258989289,0.426554258989289,-0.0789031640737307,0.212534212932968
12.58,0,0,13,161.148265203241,-0.405855020601043,-120.343461296498,12.8713086937315,-0.0103861357950325,0.124568406366143,-0.858566643251021,0.348644748456385,0.743646894359516,0.0225438929152133,0.556902618291073,-0.287734447060162,0.554490712226818,-0.0462310216281785,12.8719156557604,120.343461296498,1360,1405,1405,1408,1421,12.5999999999998,630,50,1,0.41304347826087,-0.426576565269367,0.426576565269367,-0.0789052560312598,0.214476747426352
12.6,0,0,13,161.405709357854,-0.407354149517146,-120.343482332817,12.8723184507644,-0.0135504128904679,0.125083640426849,-0.853250277341095,0.331742448705182,0.754038344751501,0.00557202974201911,0.563788423427167,-0.272752197796294,0.556740353232624,-0.0603111656350781,12.8729333032017,120.343482332817,1360,1405,1405,1408,1422,12.6199999999998,631,50,1,0.41304347826087,-0.426589162029962,0.426589162029962,-0.0330017305102112,0.215573731857391
12.62,0,0,13,161.663173694992,-0.408848897200242,-120.34352564944,12.8733110694303,-0.0167752993485039,0.125264818797323,-0.847742643797722,0.264597170139842,0.760509403347816,-0.0112885049942093,0.569807738314781,-0.257592221659638,0.55750372937172,-0.0746589439003358,12.8739314343293,120.34352564944,1360,1406,1406,1407,1423,12.6399999999998,632,50,1,0.41304347826087,-0.426596275648949,0.426596275648949,0.00162449713990946,0.29559350411767
12.64,0,0,13,161.92065781786,-0.410339164970599,-120.343593100885,12.8742872021419,-0.0199902847792974,0.12503604888038,-0.842339614701825,0.173981602728303,0.758281554923663,-0.0280364120254573,0.574217673188196,-0.242393586563454,0.556443439564586,-0.0889605767651428,12.8749098866066,120.343593100885,1360,1406,1406,1407,1423,12.6599999999998,633,50,1,0.41304347826087,-0.426600292838503,0.426600292838503,0.0211785553906987,0.355836660195922
12.66,0,0,13,162.178161343055,-0.411824792307283,-120.343684826872,12.8752480843774,-0.0231850701391516,0.124410199520791,-0.837885088437682,0.0772247215885651,0.750218998095822,-0.0446850603277726,0.576738526451036,-0.227301972083657,0.553617101379667,-0.103170300947612,12.87587001641,120.343684826872,1360,1406,1406,1406,1424,12.6799999999998,634,50,1,0.41304347826087,-0.426602561418245,0.426602561418245,0.0322210864437148,0.389857062160253
12.68,0,0,13,162.435683922293,-0.413306026686529,-120.343799640487,12.8761954365061,-0.026353827021557,0.123440038383574,-0.834667150141177,-0.0163643843977168,0.73832202330032,-0.0612584414222055,0.577349814302979,-0.2124112813558,0.549259802813563,-0.117262244132878,12.8768140813781,120.343799640487,1360,1406,1406,1406,1425,12.6999999999998,635,50,1,0.41304347826087,-0.426603842526336,0.426603842526336,0.0384570038421864,0.409068999667499
12.7,0,0,13,162.693225257749,-0.414783353111644,-120.34393536295,12.8771313549507,-0.0294910288785783,0.122193771959248,-0.832686704628749,-0.102052496939081,0.723762849847845,-0.0777827120145783,0.576167394975798,-0.197784562741145,0.543675224989468,-0.131211868387015,12.8777448713408,120.34393536295,1360,1406,1406,1406,1425,12.7199999999998,636,50,1,0.41304347826087,-0.426604565991291,0.426604565991291,0.0419785394044468,0.419918328936721
12.72,0,0,13,162.950785110805,-0.416257392150807,-120.344089101319,12.8780582120037,-0.0325915462912077,0.120741887614033,-0.831828716476294,-0.177715291741061,0.707239519396329,-0.0942824491499527,0.573373364978914,-0.183466773360843,0.537177092838997,-0.144996393356272,12.8786654636289,120.344089101319,1359,1406,1406,1406,1426,12.7399999999998,637,50,1,0.41304347826087,-0.426604974545062,0.426604974545062,0.04396721435375,0.42604514178668
12.74,0,0,13,163.208363306291,-0.417728843217027,-120.344257478469,12.8789785612454,-0.0356506669440426,0.119150383506911,-0.831945250019579,-0.242708749866266,0.689177743012119,-0.110779322579246,0.569176156144896,-0.169492070877955,0.530059065522207,-0.158594885190925,12.8795790523201,120.344257478469,1359,1407,1407,1406,1427,12.7599999999998,638,50,1,0.41195652173913,-0.42660520526278,0.42660520526278,0.0450902551364044,0.429505064033202
12.76,0,0,13,163.465959142203,-0.419198451584052,-120.344436810807,12.8798359140452,-0.0386640775501565,0.117478431032285,-0.83289193453251,-0.297218799248006,0.669846399795908,-0.127291895262788,0.563788000757819,-0.155887987108398,0.522586753010026,-0.171988966268637,12.8804297003392,120.344436810807,1359,1407,1407,1406,1428,12.7799999999998,639,50,1,0.41195652173913,-0.426605335553257,0.426605335553257,0.0457244566181231,0.431458944826551
12.78,0,0,13,163.723571987454,-0.420666909550733,-120.344623252922,12.8806927671609,-0.0416081655195233,0.115776228568308,-0.834400576236202,-0.341883818705645,0.647276380135297,-0.14383522115843,0.557412395068091,-0.142688177777058,0.514980890583876,-0.185072940902921,12.8812802755211,120.344623252922,1359,1407,1407,1406,1428,12.7999999999998,640,50,1,0.41195652173913,-0.42660540913065,0.42660540913065,0.0460826016878538,0.511962621991308
12.8,0,0,13,163.981201865055,-0.422134171767293,-120.344812947592,12.8815511930554,-0.0444171327310611,0.114084206551871,-0.836523560154792,-0.377568580373018,0.616778112058516,-0.160420149107248,0.550237261661674,-0.130017849657242,0.507421237921862,-0.197554185852648,12.8821329455635,120.344812947592,1359,1407,1407,1406,1429,12.8199999999998,641,50,1,0.41195652173913,-0.426605450681137,0.426605450681137,0.0462848526990385,0.572479047938448
12.82,0,0,13,164.238848848887,-0.423600155397653,-120.345002120659,12.8824138732689,-0.0470857458561619,0.112434442924498,-0.839919404794396,-0.405234255751372,0.581293398790586,-0.177067650665192,0.542431990570763,-0.118007610117897,0.500050343966487,-0.20940949281218,12.882990560177,120.345002120659,1359,1407,1407,1407,1430,12.8399999999998,642,50,1,0.41195652173913,-0.42660547414545,0.42660547414545,0.0463990675102489,0.606653770349938
12.84,0,0,13,164.496513064982,-0.425065210205493,-120.345187153567,12.8832833113704,-0.0496134691073241,0.110851443133357,-0.844734175037937,-0.425861266637204,0.542884197335712,-0.193805926992118,0.534146521570069,-0.106734976314893,0.492977058771056,-0.220636544869271,12.8838557279953,120.345187153567,1359,1408,1408,1407,1430,12.8599999999998,643,50,1,0.41195652173913,-0.426605487396173,0.426605487396173,0.0464635666839411,0.625952855410291
12.86,0,0,13,164.754194687132,-0.426529947647554,-120.345364638031,12.8841618110109,-0.0520002370475872,0.109353065103813,-0.850860511755307,-0.440402753668258,0.502772025666405,-0.210662816844206,0.525511449901519,-0.0962454091782581,0.486280656765315,-0.231235114773801,12.8847307961716,120.345364638031,1359,1408,1408,1407,1431,12.8799999999998,644,50,1,0.41195652173913,-0.426605494879096,0.426605494879096,0.0464999905361796,0.636851398482042
12.88,0,0,13,165.011893932104,-0.427995138473137,-120.34553141422,12.8850514638987,-0.0542465078303321,0.107951461233513,-0.858100967080473,-0.449757495465017,0.461694699755218,-0.227662698926187,0.516638852731183,-0.0865652266236422,0.480015033623329,-0.241207303248643,12.8856178520439,120.34553141422,1359,1408,1408,1407,1431,12.8999999999998,645,50,1,0.41195652173913,-0.426605499104839,0.426605499104839,0.046520559745612,0.643006003258142
12.9,0,0,13,165.269611054727,-0.429461655470275,-120.345684595166,12.8859541440318,-0.0563532491562015,0.106653983509479,-0.866244738416056,-0.454754869730772,0.420110116569739,-0.244825644184777,0.507623531445545,-0.0777090485044566,0.474212737415264,-0.250557477731439,12.8865187293923,120.345684595166,1359,1409,1409,1408,1432,12.9199999999998,646,50,1,0.41195652173913,-0.426605501491192,0.426605501491192,0.0465321755509339,0.646481620109
12.92,0,0,13,165.527346343028,-0.430930441518998,-120.345821579828,12.8868715071714,-0.0583218971750034,0.105464023136845,-0.875100052966532,-0.456147430073263,0.37831296880339,-0.262167575753214,0.498544476378158,-0.0696841152858496,0.46888870708148,-0.259292090530819,12.887435018118,120.345821579828,1359,1409,1409,1408,1432,12.9399999999998,647,50,1,0.41195652173913,-0.426605502838809,0.426605502838809,0.0465387352067008,0.648444363929836
12.94,0,0,13,165.78510011355,-0.432402491792464,-120.345940056993,12.8878049947821,-0.0601543078604148,0.104381770762912,-0.884504726614759,-0.454608400483239,0.336501803516517,-0.279700812209468,0.489466429991349,-0.0624928145246784,0.464043656586838,-0.267419463269335,12.8883680766167,120.345940056993,1359,1409,1409,1408,1432,12.9599999999998,648,50,1,0.41195652173913,-0.426605503599833,0.426605503599833,0.0465424395631866,0.649552760934321
12.96,0,0,13,166.042872706923,-0.433878843836301,-120.34603800188,12.8887558416432,-0.0618527096307501,0.103404892124616,-0.894326671420922,-0.450732393964717,0.294817696696965,-0.297434696108417,0.480441467622376,-0.0561341766394679,0.459667081969518,-0.274949576641896,12.8893190462063,120.34603800188,1359,1409,1409,1408,1431,12.9799999999998,649,50,1,0.41195652173913,-0.426605504029597,0.426605504029597,0.0465445314804244,0.650178692809132
12.98,0,0,13,166.300664483739,-0.43536057200899,-120.346113667117,12.8897250863236,-0.0634196605768318,0.102529119190179,-0.904460332673295,-0.445038255306646,0.253366658398362,-0.315376178001619,0.471510542480717,-0.0506047756735832,0.455739891781389,-0.28189388044845,12.8902888669971,120.346113667117,1359,1410,1410,1409,1431,12.9999999999998,650,50,1,0.41195652173913,-0.426605504272292,0.426605504272292,0.0465457128239984,0.650532167881981
13,0,0,13,166.558475820954,-0.436848715604407,-120.346165569903,12.8907136150173,-0.0648432104923581,0.101748983964699,-0.874187283893715,-0.437972466971045,0.211937520475998,-0.333330058075702,0.462704955514483,-0.0459000922913254,0.452237669630076,-0.288199345714542,12.8912782532252,120.346165569903,1359,1410,1410,1409,1430,13.0199999999998,651,50,1,0.41195652173913,-0.270508361976571,0.270508361976571,0.0465463799501229,0.650731781661296
13.02,0,0,13,166.816307109946,-0.438343705647701,-120.346192479987,12.8917222224483,-0.0660801386410588,0.101059803089726,-0.736132092338994,-0.429911454866919,0.166447173069264,-0.349491109258968,0.454047504424534,-0.0420532212680588,0.449139493676051,-0.293673995393195,12.8922876763316,120.346192479987,1359,1410,1410,1409,1430,13.0399999999998,652,50,1,0.41195652173913,-0.152760974162804,0.152760974162804,0.0465467566883351,0.650844507179878
13.04,0,0,13,167.074158751948,-0.439845848823296,-120.346193402597,12.8927515885806,-0.06711219589355,0.100455624103222,-0.571323586123828,-0.421180798661531,0.113328495176969,-0.362535914494508,0.445553338845064,-0.0391889247102869,0.446418809756236,-0.298236889834247,12.8933176065781,120.346193402597,1359,1410,1410,1409,1429,13.0599999999998,653,50,1,0.41195652173913,-0.0862668904452946,0.0862668904452946,0.0465469694392308,0.650908165323034
13.06,0,0,13,167.332031155014,-0.441355624121082,-120.346167559984,12.8938023397107,-0.0679074001866894,0.0999286578909598,-0.420480974694106,-0.412058151315835,0.0523868270932529,-0.372396186245005,0.437231368818736,-0.0374660198242074,0.444040909723869,-0.301746103366308,12.8943683803123,120.346167559984,1359,1410,1410,1410,1428,13.0799999999998,654,50,1,0.41195652173913,-0.0487164763637159,0.0487164763637159,0.0465470895835171,0.650944114230088
13.08,0,0,13,167.589924732216,-0.442873530807372,-120.346114372057,12.8948749743071,-0.0684327239901438,0.0994703939946496,-0.298006739038097,-0.402770948355493,-0.0151307962980951,-0.379524193211796,0.429085637893189,-0.037030349422164,0.441967892942017,-0.304055123916113,12.89544020187,120.346114372057,1358,1410,1410,1410,1427,13.0999999999998,655,50,1,0.41195652173913,-0.027511077042953,0.027511077042953,0.0465471574311728,0.650964415229367
13.1,0,0,13,167.847839899597,-0.444400031604133,-120.346033435189,12.8959698353173,-0.0686609143860869,0.09907226244643,-0.20596394019382,-0.393498936980959,-0.087547452797768,-0.384520817621547,0.421116453545647,-0.0379972748469931,0.440161609252287,-0.305043157486389,12.8965331631321,120.346033435189,1358,1410,1410,1410,1426,13.1199999999998,656,50,1,0.410869565217391,-0.0155360037621072,0.0155360037621072,0.0465471957459735,0.650975879571555
13.12,0,0,13,168.105776487441,-0.445935544216709,-120.345924491043,12.8970284334316,-0.0685725296986897,0.0987268370763594,-0.141227904358212,-0.384380347338501,-0.163215650055444,-0.387968171917605,0.413321301450637,-0.040448315742133,0.438591000323904,-0.304625552534904,12.8975885960489,120.345924491043,1358,1410,1410,1410,1425,13.1399999999998,657,50,1,0.410869565217391,-0.00877346286804266,0.00877346286804266,0.0465472173830358,0.650982353693346
13.14,0,0,13,168.363734332568,-0.447480453705369,-120.345787395208,12.8981101762325,-0.068155793034366,0.0984270714867787,-0.0990009663819457,-0.375518966201399,-0.240698280419781,-0.39036518647272,0.405695549782143,-0.0444338802274071,0.437222681722739,-0.30274894511184,12.8986657921956,120.345787395208,1358,1410,1410,1410,1424,13.1599999999998,658,50,1,0.410869565217391,-0.00495453347434586,0.00495453347434586,0.046547229601877,0.650986009747245
13.16,0,0,13,168.621713857386,-0.449035131108777,-120.345622121091,12.8992143861316,-0.0674055836164235,0.0981656651664732,-0.0744279196941678,-0.366987011544084,-0.318815262192467,-0.39211248566169,0.39823304573681,-0.0499781113805217,0.436024207488808,-0.29939098311097,12.8997640207061,120.345622121091,1358,1411,1411,1410,1423,13.1799999999998,659,50,1,0.410869565217391,-0.00279791483905717,0.00279791483905717,0.046547236502078,0.650988074387137
13.18,0,0,13,168.879715475205,-0.450599950992734,-120.345428743279,12.900340877562,-0.0663222180862591,0.0979360149212773,-0.0632475722813529,-0.358830572283563,-0.396630066721993,-0.393518854828023,0.390926629478331,-0.0570839734791379,0.434966220849091,-0.294553472979972,12.9008831037619,120.345428743279,1358,1411,1411,1410,1422,13.1999999999998,660,50,1,0.410869565217391,-0.00158003321345001,0.00158003321345001,0.0465472403987466,0.650989240326699
13.2,0,0,13,169.137739595248,-0.452175390618679,-120.345207420779,12.9014893766134,-0.0649300384185582,0.097732211697921,-0.0621195661238862,-0.35107466055617,-0.471260515556841,-0.394816191701507,0.38376862285329,-0.0657274168205424,0.434022459097942,-0.288344927718961,12.9020229278188,120.345207420779,1358,1411,1411,1410,1420,13.2199999999998,661,50,1,0.410869565217391,-0.000892273389009373,0.000892273389009373,0.046547242599266,0.571589613481388
13.22,0,0,13,169.395786621882,-0.453762721119552,-120.344958378001,12.9026594573019,-0.0632993901039359,0.0975490150301827,-0.0681555778763186,-0.343727689755428,-0.537317020320976,-0.39617643642413,0.376751746508333,-0.0757768472323068,0.433169641372137,-0.281078111771643,12.9031834713075,120.344958378001,1357,1411,1411,1410,1419,13.2399999999998,662,50,1,0.410869565217391,-0.000503882952558872,0.000503882952558872,0.0465472438419391,0.511696664757249
13.24,0,0,13,169.653856953384,-0.455363307273033,-120.344681897013,12.9038505499907,-0.0614426819055948,0.0973818440801881,-0.0785252233216673,-0.336785243841442,-0.597229599569195,-0.397711425809527,0.369868788854127,-0.08708335840548,0.432387427646457,-0.272808453089488,12.9043642789256,120.344681897013,1357,1411,1411,1411,1417,13.2599999999998,663,50,1,0.409782608695652,-0.000284551834680771,0.000284551834680771,0.0465472445436992,0.477874031232246
13.26,0,0,13,169.911950398787,-0.456978138637486,-120.344378300427,12.9050038648091,-0.0593697618340797,0.0972275563570003,-0.0914502355484662,-0.330234369001975,-0.652666395224174,-0.39948768431282,0.363112398691312,-0.0995422167768082,0.431663817424227,-0.263581187935807,12.9055066819197,120.344378300427,1357,1411,1411,1411,1416,13.2799999999998,664,50,1,0.409782608695652,-0.000160691577694787,0.000160691577694787,0.0465472449399958,0.45877377714665
13.28,0,0,13,170.170066767273,-0.458608088552226,-120.344047928712,12.9061778249685,-0.0571114123258761,0.0970834239262708,-0.105967626131067,-0.324057335053519,-0.702386371376486,-0.401544367526314,0.356475412410574,-0.113063431431229,0.430984727991878,-0.253531990757823,12.9066693207167,120.344047928712,1357,1411,1411,1411,1414,13.2999999999998,665,50,1,0.409782608695652,-9.07454459782642e-05,9.07454459782642e-05,0.0465472451637917,0.36858723225705
13.3,0,0,13,170.42820644359,-0.460254699640309,-120.343691148902,12.9073712777529,-0.054741896249235,0.0969463375334712,-0.121221732084585,-0.31823089999575,-0.742051902828892,-0.403905185108744,0.349951634277654,-0.127475963384752,0.430336387723675,-0.242990790255286,12.9078514311766,120.343691148902,1357,1412,1412,1411,1413,13.3199999999998,666,50,1,0.409782608695652,-5.12455978336019e-05,5.12455978336019e-05,0.0465472452901733,0.302602715432688
13.32,0,0,13,170.68636979897,-0.461919532023815,-120.343308353598,12.908583622092,-0.0522754674137406,0.0968136768749789,-0.136019057496185,-0.312727953123592,-0.77478717327129,-0.406570537667892,0.343535377499024,-0.142608682427944,0.429707181279615,-0.232021044022692,12.9090525113606,120.343308353598,1357,1412,1412,1412,1411,13.3399999999998,667,50,1,0.409782608695652,-2.89393177697566e-05,2.89393177697566e-05,0.0465472453615433,0.265340063010045
13.34,0,0,13,170.944557197566,-0.463603721433981,-120.342899957719,12.9098143259118,-0.0497222194707657,0.0966832555144518,-0.149853572179969,-0.307518885548451,-0.802726241330154,-0.409524560819237,0.337221141969702,-0.158346082990282,0.429087420522509,-0.220667724352453,12.9102721071449,120.342899957719,1357,1412,1412,1412,1410,13.3599999999998,668,50,1,0.409782608695652,-1.63425571831227e-05,1.63425571831227e-05,0.0465472454018472,0.244297167912903
13.36,0,0,13,171.202768996139,-0.465308251418828,-120.342466391335,12.9110629016839,-0.047111968683065,0.096553265529509,-0.162728458140928,-0.302572794854772,-0.824946671326021,-0.412746331609895,0.331003886440373,-0.174595164883437,0.428469098960457,-0.209063307504661,12.9115098776989,120.342466391335,1357,1412,1412,1412,1410,13.3799999999998,669,50,1,0.409782608695652,-9.22893820125746e-06,9.22893820125746e-06,0.0465472454246075,0.153013578439527
13.38,0,0,13,171.461005542124,-0.467034745376012,-120.342008089675,12.9123288316123,-0.0445171183872852,0.0964222238341927,-0.174510105332672,-0.29785871857688,-0.837332925296807,-0.416216324462894,0.32487975178344,-0.191187210663892,0.427845655381661,-0.197529184346011,12.9127655780923,120.342008089675,1356,1412,1412,1412,1409,13.3999999999998,670,50,1,0.409782608695652,-5.21174864913978e-06,5.21174864913978e-06,0.0465472454374607,0.0864095406580566
13.4,0,0,13,171.719267174885,-0.46878481866182,-120.341525494246,12.9136116034735,-0.0419492948839152,0.0962889480298086,-0.184539044689904,-0.293346302130668,-0.843174981123055,-0.4199041901573,0.31884549630638,-0.207957263159083,0.427211864912668,-0.186116971632694,12.9140387156853,120.341525494246,1356,1412,1412,1411,1408,13.4199999999998,671,50,1,0.408695652173913,-2.94316890951869e-06,2.94316890951869e-06,0.0465472454447191,0.0487970335239708
13.42,0,0,13,171.977553648836,-0.470559635958589,-120.341019044487,12.914852951162,-0.0394154065164406,0.0961533335023481,-0.192702411079431,-0.289007309670579,-0.844730425759649,-0.423772501342938,0.312898078280228,-0.224798861680132,0.426569193438476,-0.174858114977882,12.9152710303715,120.341019044487,1356,1412,1412,1411,1407,13.4399999999998,672,50,1,0.408695652173913,-1.66206081933502e-06,1.66206081933502e-06,0.0465472454488181,0.0275565691312065
13.44,0,0,13,172.235864718611,-0.472360102308695,-120.340489162416,12.9161109817441,-0.0369218694121398,0.0960153543953643,-0.199148618306303,-0.284817197094628,-0.843328326126826,-0.427784810195247,0.307034750679905,-0.24164061787536,0.425915606589354,-0.163780187508564,12.9165206253639,120.340489162416,1356,1413,1413,1411,1406,13.4599999999998,673,50,1,0.408695652173913,-9.3859586455755e-07,9.3859586455755e-07,0.0465472454511329,0.0155616939687519
13.46,0,0,13,172.494200711209,-0.474186977795242,-120.339936271814,12.9173847584798,-0.0344745409195199,0.0958743008145026,-0.204112593176927,-0.280752420060677,-0.839764410427015,-0.431908825309351,0.301253114825377,-0.258431940343244,0.425247992316012,-0.152909171574014,12.9177865508815,120.339936271814,1356,1413,1413,1411,1405,13.4799999999998,674,50,1,0.408695652173913,-5.30042093957189e-07,5.30042093957189e-07,0.0465472454524401,0.00878797059329305
13.48,0,0,13,172.752561941145,-0.476040937935746,-120.339360798405,12.9186739493639,-0.0320787399637946,0.0957296437673664,-0.207835096640654,-0.276790571856511,-0.834526921277295,-0.436117175158466,0.295551156648116,-0.275134821305248,0.424564022100352,-0.142268640088638,12.9190684579124,120.339360798405,1356,1413,1413,1411,1404,13.4999999999998,675,50,1,0.408695652173913,-2.99324375884564e-07,2.99324375884564e-07,0.0465472454531783,0.00496272624970386
13.5,0,0,13,173.010948715664,-0.47792272741663,-120.338763167365,12.9199782216043,-0.0297673249803689,0.0955810011216708,-0.210732976990137,-0.272910705798764,-0.824867898006064,-0.440388138515325,0.289927365498254,-0.291704341315546,0.423862019659401,-0.1320042783597,12.9203660578229,120.338763167365,1355,1413,1413,1411,1403,13.5199999999998,676,50,1,0.408695652173913,-1.69033899420675e-07,1.69033899420675e-07,0.0465472454535951,-0.109607839354882
13.52,0,0,13,173.269361329555,-0.479834143494051,-120.338143794809,12.921297190633,-0.0276333886116215,0.095428106398467,-0.212760512372019,-0.269093969722576,-0.80413599145788,-0.444707144814979,0.284381644986525,-0.307966209264372,0.423140823935453,-0.122528793161832,12.9216791175264,120.338143794809,1355,1413,1413,1411,1402,13.5399999999998,677,50,1,0.407608695652174,-9.54565062364923e-08,9.54565062364923e-08,0.0465472454538305,-0.195621271147655
13.54,0,0,13,173.527799495503,-0.48177703666493,-120.337503086407,12.9225730930881,-0.0256838374550975,0.0952716123388342,-0.213003294073602,-0.265324536633525,-0.776532923458671,-0.449045659830016,0.278914349191384,-0.323738976995112,0.422405225249196,-0.113873107825026,12.9229498059007,120.337503086407,1355,1413,1413,1411,1402,13.5599999999998,678,50,1,0.407608695652174,-5.39060189352939e-08,5.39060189352939e-08,0.0465472454539635,-0.244194614817112
13.56,0,0,13,173.786262929091,-0.483752646235503,-120.33684143002,12.9238637107031,-0.0239188923238624,0.0951121238773142,-0.211272092925594,-0.261590386063672,-0.744997912220159,-0.453364830516555,0.273525560197902,-0.338917059504649,0.421656017110767,-0.106037399946653,12.9242358243088,120.33684143002,1355,1414,1414,1412,1401,13.5799999999998,679,50,1,0.407608695652174,-3.04417057780539e-08,3.04417057780539e-08,0.0465472454540386,-0.271624862233766
13.58,0,0,13,174.044751916241,-0.485761848584991,-120.336159214834,12.9251682112873,-0.0223381205592721,0.094949451697841,-0.207733471209543,-0.257880304926845,-0.711267240554274,-0.457626352340602,0.26821526107749,-0.353440595811378,0.42089239407561,-0.0990195409607898,12.925536262766,120.336159214834,1355,1414,1414,1412,1401,13.5999999999998,680,50,1,0.407608695652174,-1.71909829176953e-08,1.71909829176953e-08,0.046547245454081,-0.287115220041106
13.6,0,0,13,174.30326673212,-0.487805301058503,-120.335456832405,12.9264863488501,-0.0209403814298676,0.0947834837930718,-0.202677706377207,-0.254183798017675,-0.676384660498813,-0.461796884832638,0.262983454802129,-0.36727693809019,0.420113874516154,-0.0928142530734793,12.9268508050252,120.335456832405,1355,1414,1414,1413,1400,13.6199999999998,681,50,1,0.407608695652174,-9.70805958874837e-09,9.70805958874837e-09,0.0465472454541049,-0.295862905811296
13.62,0,0,13,174.56180764654,-0.489883524362902,-120.334734675641,12.9278178725532,-0.019723854559452,0.0946141662799832,-0.196410397318074,-0.250491202992024,-0.640993022529157,-0.465849240377267,0.257830223791652,-0.38040996941697,0.419320234784305,-0.087413242681004,12.9281791377133,120.334734675641,1355,1414,1414,1413,1400,13.6399999999998,682,50,1,0.407608695652174,-5.4823171792974e-09,5.4823171792974e-09,0.0465472454541184,-0.300802882491351
13.64,0,0,13,174.820374923713,-0.491996948725527,-120.333993138212,12.9291625273137,-0.0186861036666987,0.0944414943854325,-0.189207232030243,-0.246793767396923,-0.605501375091001,-0.469762133235562,0.252755755290781,-0.39283390015223,0.418511469113201,-0.0828054846270884,12.9295209510649,120.333993138212,1354,1414,1414,1414,1400,13.6599999999998,683,50,1,0.407608695652174,-3.0959638617437e-09,3.0959638617437e-09,0.0465472454541261,-0.303592576844874
13.66,0,0,13,175.078968821777,-0.494145938871551,-120.333232502905,12.9305197632297,-0.0178241491403405,0.0943058612646515,-0.18129897103902,-0.226716315234409,-0.570181208857883,-0.473519388232972,0.2478398726558,-0.404550291204015,0.417866577013412,-0.0789775454569258,12.9308759426048,120.333232502905,1354,1414,1414,1414,1399,13.6799999999998,684,50,1,0.406521739130435,-1.74834689780779e-09,1.74834689780779e-09,0.000642538566754676,-0.305167967801172
13.68,0,0,13,175.337589021988,-0.496330798662634,-120.33245222958,12.9318309532514,-0.0171345446571542,0.094408535909915,-0.172866908660952,-0.157076239330594,-0.535223502082578,-0.477109060423244,0.243856323441744,-0.415571036334424,0.418279096138975,-0.0759142584726258,12.932186913579,120.33245222958,1354,1414,1414,1415,1399,13.6999999999998,685,50,1,0.406521739130435,-9.87323176748108e-10,9.87323176748108e-10,-0.0339843562223372,-0.30605761962344
13.7,0,0,13,175.596235203228,-0.498551796115323,-120.331652506302,12.9331519789589,-0.0166134274350937,0.0948349029189104,-0.16405732250927,-0.0645469080973805,-0.500768968055121,-0.480522598012035,0.241535565022699,-0.425911087835127,0.420125141466768,-0.0735979259960845,12.9335103423483,120.331652506302,1354,1414,1414,1415,1399,13.7199999999998,686,50,1,0.406521739130435,-5.57559290187927e-10,5.57559290187927e-10,-0.0535387912185934,-0.306560022129752
13.72,0,0,13,175.854907583087,-0.500809178828234,-120.330835028676,12.9344798713834,-0.0162565631873086,0.0955798888009044,-0.154989744014339,0.0336781800972767,-0.466925532774834,-0.483754129707768,0.241146878939173,-0.43558410066445,0.423381891927243,-0.0720095859537928,12.9348432280492,120.330835028676,1354,1414,1414,1416,1399,13.7399999999998,687,50,1,0.406521739130435,-3.14863835262905e-10,3.14863835262905e-10,-0.064581535026602,-0.306843737929608
13.74,0,0,13,176.113606320535,-0.503103169902049,-120.33000263083,12.9358117309634,-0.0160593974373963,0.0965981414927681,-0.145759873028492,0.128450090152989,-0.433779924875131,-0.486799884811716,0.242703254113732,-0.444603521153775,0.427848136430233,-0.071128862047132,12.9361823674574,120.33000263083,1354,1415,1415,1416,1399,13.7599999999998,688,50,1,0.406521739130435,-1.77809313737828e-10,1.77809313737828e-10,-0.0708175725716735,-0.307003957383287
13.76,0,0,13,176.372331508986,-0.505433967259826,-120.329158966766,12.9371443335389,-0.0160170959538381,0.0978286398670118,-0.136443727581726,0.215193003576235,-0.401404518834377,-0.489657729172092,0.246084488501613,-0.452983226917351,0.433253367344746,-0.0709341465759104,12.9375241254638,120.329158966766,1353,1415,1415,1415,1400,13.7799999999998,689,50,1,0.406521739130435,-1.00412141729515e-10,1.00412141729515e-10,-0.0743391759828961,-0.307094436212278
13.78,0,0,13,176.631083169343,-0.507801742831768,-120.328308248898,12.9384742837012,-0.0161245801256508,0.0992078776909439,-0.127101778579394,0.291923679241778,-0.369861450867447,-0.492326807628344,0.251107102231622,-0.460737856866155,0.439316195123025,-0.0714027582937695,12.938864671797,120.328308248898,1353,1415,1415,1415,1400,13.7999999999998,690,50,1,0.405434782608696,-5.67045561042685e-11,5.67045561042685e-11,-0.0763278892477379,-0.307145531246667
13.8,0,0,13,176.889860681115,-0.510206637216593,-120.327455026279,12.9397415508015,-0.0163765604848335,0.100677391415011,-0.11778254672505,0.358115491367654,-0.339205243747787,-0.494807275287352,0.257563844858785,-0.467882965400059,0.445779631989496,-0.0725114095024101,12.9401435668393,120.327455026279,1353,1415,1415,1414,1401,13.8199999999998,691,50,1,0.405434782608696,-3.20220904324861e-11,3.20220904324861e-11,-0.0774509516678712,-0.307174385538531
13.82,0,0,13,177.14866335469,-0.512648763558414,-120.326603998664,12.9409999511161,-0.0167675604293471,0.102185944926961,-0.108525480914084,0.4140449217026,-0.309484206232998,-0.497100098857888,0.265245714094045,-0.474435076889848,0.452414937866861,-0.0742353729959696,12.9414142524382,120.326603998664,1353,1415,1415,1413,1401,13.8399999999998,692,50,1,0.405434782608696,-1.80834547717962e-11,1.80834547717962e-11,-0.0780851653686664,-0.307190680080045
13.84,0,0,13,177.407490993064,-0.515128212022167,-120.325759898205,12.9422456349689,-0.0172919395863045,0.103689932234523,-0.0993631676149676,0.460416905389701,-0.280741266056191,-0.499206910165481,0.273953955593723,-0.48041167744145,0.459029178856083,-0.0765495263017731,12.9426725481677,120.325759898205,1353,1415,1415,1412,1402,13.8599999999998,693,50,1,0.405434782608696,-1.0212054618141e-11,1.0212054618141e-11,-0.0784433173387311,-0.307199881902927
13.86,0,0,13,177.666343322812,-0.517645045226926,-120.324927382773,12.9434754661923,-0.0179439198666069,0.105154265458701,-0.0903230224710622,0.498144374001919,-0.253014706043254,-0.501129898694657,0.283506241641398,-0.485831175195648,0.465467183015026,-0.0794281484733928,12.9439150394201,120.324927382773,1353,1416,1416,1411,1402,13.8799999999998,694,50,1,0.405434782608696,-5.76693230579725e-12,5.76693230579725e-12,-0.0786455722466594,-0.307205078339064
13.88,0,0,13,177.925220004124,-0.520199237846633,-120.32411095226,12.944686486419,-0.0187045325524687,0.106551871804169,-0.0455831046724772,0.528218802277662,-0.226598609253519,-0.502695065091186,0.293739429271237,-0.490713542169306,0.471609311320042,-0.0827871516385615,12.9451385234999,120.32411095226,1352,1416,1416,1410,1403,13.8999999999998,695,50,1,0.405434782608696,0.136604581704222,-0.136604581704222,-0.0787597892584315,-0.307208012860721
13.9,0,0,13,178.184120639435,-0.522790172646511,-120.323314890779,12.9458759373288,-0.0195267095209886,0.10786327640361,0.0941358173318482,0.551630405343774,-0.205181653306588,-0.502310376037547,0.304510032036624,-0.495113762154323,0.477369590948263,-0.0864181279778459,12.946340006484,120.323314890779,1352,1416,1416,1410,1403,13.9199999999998,696,50,1,0.404347826086957,0.2396483172881,-0.2396483172881,-0.0788242896748208,-0.30720967003828
13.92,0,0,13,178.443044213073,-0.525417063015406,-120.322543211527,12.9469851578497,-0.0203850178529977,0.109075878173034,0.257228507855399,0.569329822174147,-0.191980578081391,-0.498811855930838,0.315693379578207,-0.499168840969399,0.482694583817101,-0.0902088834778598,12.9474606689394,120.322543211527,1352,1416,1416,1409,1404,13.9399999999998,697,50,1,0.404347826086957,0.297838982131692,-0.297838982131692,-0.0788607142288328,-0.307210605876478
13.94,0,0,13,178.701989663056,-0.528079219661127,-120.321799614742,12.9480687324047,-0.0212417741814289,0.110181840171546,0.407749157232909,0.582204103451555,-0.187228650323669,-0.492144171206481,0.32718293772971,-0.503047101698183,0.487547771037336,-0.093992307332431,12.9485549444697,120.321799614742,1352,1416,1416,1409,1404,13.9599999999998,698,50,1,0.404347826086957,0.330700305100548,-0.330700305100548,-0.0788812838345695,-0.307211134361269
13.96,0,0,13,178.960956443625,-0.530775922487711,-120.321087494002,12.9491241297906,-0.0220583156610169,0.111176679906105,0.532999899249433,0.591064838218414,-0.189882374696034,-0.482711467240417,0.33888926030155,-0.506906845971723,0.491909565844773,-0.0975973800869627,12.9496201701892,120.321087494002,1352,1416,1416,1408,1405,13.9799999999998,699,50,1,0.404347826086957,0.349257689694211,-0.349257689694211,-0.0788928998636916,-0.307211432806207
13.98,0,0,13,179.219943963181,-0.533506368180122,-120.320410044206,12.9501499313274,-0.0228010245147472,0.112018911623919,0.631168791724907,0.580225045044408,-0.198515403093805,-0.471048981717853,0.350658796337654,-0.510880266432693,0.495596639966653,-0.100875453867511,12.9506544764015,120.320410044206,1352,1416,1416,1408,1405,13.9999999999998,700,50,1,0.404347826086957,0.35973738107132,-0.35973738107132,-0.0329947527584669,-0.307211601343472
14,0,0,13,179.478951595028,-0.536269670907628,-120.319770968695,12.9511462310805,-0.0234431241533795,0.112509174537246,0.70500885268586,0.517063379313048,-0.211729178983574,-0.457675425414785,0.36165618429267,-0.515065548981678,0.497727273550096,-0.103708189301744,12.9516561332231,120.319770968695,1352,1416,1416,1407,1406,14.0199999999998,701,50,1,0.404347826086957,0.365655452705022,-0.365655452705022,0.00162843760277035,-0.30721169651952
14.02,0,0,13,179.737978684492,-0.539064862213251,-120.319172917437,12.9521132708191,-0.0239645390888851,0.112566552530716,0.758738606815151,0.428914670591001,-0.228306612560332,-0.44303634733061,0.371102156584616,-0.519535727175855,0.497943915482746,-0.106006911714651,12.9526245876274,120.319172917437,1352,1416,1416,1407,1406,14.0399999999998,702,50,1,0.404347826086957,0.368997495003914,-0.368997495003914,0.0211807806414854,-0.307211750267159
14.04,0,0,13,179.99702457759,-0.541890904157364,-120.318616738569,12.9530519339146,-0.0243509962223459,0.112201852748441,0.796620913453055,0.333520861108441,-0.247247381199059,-0.427490948957725,0.378690960040416,-0.524345991369572,0.496294762557235,-0.107708618269503,12.9535607702849,120.318616738569,1352,1416,1416,1407,1406,14.0399999999998,702,50,1,0.404347826086957,0.370508798898409,-0.370508798898409,0.0300225395236882,-0.307211774572361
14.06,0,0,13,180.256088646945,-0.544746711711373,-120.318101868008,12.9539636517891,-0.0245929516985476,0.11146755628292,0.82239095001091,0.240478741890326,-0.2677569381454,-0.41131786195103,0.384383205009205,-0.529535952386878,0.493012260600809,-0.108771223950249,12.9544665703089,120.318101868008,1351,1416,1416,1406,1406,14.0799999999998,704,50,1,0.403260869565217,0.371950606058585,-0.371950606058585,0.0384577134892539,-0.307211797759899
14.08,0,0,13,180.515169750674,-0.547631166713223,-120.317626659086,12.9547945062441,-0.0246845866873219,0.110433440714447,0.839095839967963,0.15472864621235,-0.289216550685515,-0.394727749694987,0.388280898762851,-0.535132264561949,0.488407346714864,-0.109169584991797,12.9552887105097,120.317626659086,1351,1416,1416,1406,1407,14.0999999999998,705,50,1,0.403260869565217,0.372552482183488,-0.372552482183488,0.041978940155006,-0.307211807439435
14.1,0,0,13,180.774266806752,-0.550543138254267,-120.317188654566,12.9556030443825,-0.0246229536347194,0.109172061700732,0.849120504713802,0.0785468815129669,-0.311149424188419,-0.377877010728165,0.390555949162455,-0.541151122517648,0.482798855977768,-0.108890302750425,12.9560864103523,120.317188654566,1351,1416,1416,1406,1407,14.1199999999998,706,50,1,0.403260869565217,0.372892372538425,-0.372892372538425,0.0439674406648532,-0.307211812905645
14.12,0,0,13,181.033379350655,-0.55348149972992,-120.316784844324,12.9563910964277,-0.0244072916782966,0.107750998599198,0.854283072507358,0.0126932331463715,-0.333189643891501,-0.360880130537423,0.391409327394179,-0.547600409293729,0.476485704064561,-0.107930115764666,12.9568621292803,120.316784844324,1351,1416,1416,1406,1407,14.1199999999998,706,50,1,0.403260869565217,0.37304607424869,-0.37304607424869,0.0448666598535915,-0.307211815377518
14.14,0,0,13,181.292506973966,-0.556445132399049,-120.316411861984,12.9571611477905,-0.0240384995768547,0.10623036434761,0.855944722147241,-0.0429272639099382,-0.355056148255875,-0.343819935090257,0.391047904799208,-0.55448144984166,0.469733693712676,-0.106293090686882,12.9576189074067,120.316411861984,1351,1416,1416,1406,1407,14.1599999999998,708,50,1,0.403260869565217,0.373192708044314,-0.373192708044314,0.0457245287902179,-0.307211817735723
14.16,0,0,13,181.5516493297,-0.55943293168071,-120.316066144616,12.9579157114344,-0.0235187328397275,0.104661515242144,0.855112407114654,-0.0888791805036843,-0.376532003488675,-0.326755691646866,0.389671519287956,-0.56179039893129,0.462769849341294,-0.103988845784912,12.9583597244484,120.316066144616,1351,1416,1416,1406,1407,14.1799999999998,709,50,1,0.403260869565217,0.373253919684212,-0.373253919684212,0.0460826424447437,-0.307211818720145
14.18,0,0,13,181.810806130466,-0.562443811463327,-120.315744061762,12.9586572657828,-0.0228511006352861,0.103086909119735,0.852525154254616,-0.125970356514481,-0.397448448664462,-0.309729311749561,0.387466023274426,-0.569519321193129,0.45578180722693,-0.101031211373908,12.9590874376114,120.315744061762,1351,1415,1415,1406,1407,14.1999999999998,710,50,1,0.403260869565217,0.37328848700654,-0.37328848700654,0.0462848757151928,-0.307211819276066
14.2,0,0,13,182.069977145476,-0.565476706922197,-120.315442017775,12.9593882016848,-0.0220394389465985,0.101540572038474,0.84872272540688,-0.155117662804297,-0.417672876731401,-0.292770004188953,0.384599862187953,-0.577657025037924,0.44891989382667,-0.0974372275581994,12.9598047356666,120.315442017775,1351,1415,1415,1406,1407,14.1999999999998,710,50,1,0.403260869565217,0.373304118684473,-0.373304118684473,0.0463763275586741,-0.307211819527459
14.22,0,0,13,182.329162196728,-0.568530576204401,-120.315156531063,12.9601107814376,-0.0210881408443104,0.100048868419136,0.844098427520331,-0.177266809953669,-0.437099914677827,-0.275897715624848,0.381222754764965,-0.586189705880069,0.442300543050028,-0.0932263945084357,12.9605141083558,120.315156531063,1351,1415,1415,1406,1406,14.2199999999998,711,50,1,0.403260869565217,0.373316835291694,-0.373316835291694,0.0464507250211932,-0.307211819731971
14.24,0,0,13,182.588361154684,-0.571604401263665,-120.314884293523,12.9608271088653,-0.0200020289614022,0.0986313994257949,0.838938822295769,-0.193344373847478,-0.45564487182438,-0.259125649093406,0.377465630826263,-0.595101444495833,0.436010277874127,-0.0884201092287318,12.9612178278128,120.314884293523,1350,1414,1414,1406,1406,14.2599999999998,713,50,1,0.403260869565217,0.37332525685465,-0.37332525685465,0.046499994681212,-0.307211819867409
14.26,0,0,13,182.847573933666,-0.574697188063511,-120.314622213128,12.9615391092181,-0.0187862588570518,0.0973019293351667,0.833453116148755,-0.204229404745757,-0.473238960826611,-0.242462094420275,0.373441318845789,-0.60437459666212,0.430109813380676,-0.0830412387438252,12.9619179394396,120.314622213128,1350,1414,1414,1405,1406,14.2799999999998,714,50,1,0.402173913043478,0.373328772399459,-0.373328772399459,0.0465205620863869,-0.307211819923947
14.28,0,0,13,183.106799933501,-0.577807960420443,-120.314367433532,12.9621931525959,-0.0174462490466889,0.0960700646501686,0.827794021831584,-0.210738312427987,-0.489825842565708,-0.225911756510862,0.36924566522014,-0.613990101841764,0.424643298596762,-0.0771141403309782,12.9625609026199,120.314367433532,1350,1414,1414,1405,1406,14.2799999999998,714,50,1,0.402173913043478,0.373330362162869,-0.373330362162869,0.0465298628661978,-0.307211819949514
14.3,0,0,13,183.366038594949,-0.58093576515767,-120.314117339988,12.9628467607345,-0.0159876189353306,0.0949411728704382,0.822074284064062,-0.213617579665503,-0.505359062708201,-0.209476720342899,0.364958859243138,-0.623927731377005,0.419632457614242,-0.0706633407057161,12.9632042941763,120.314117339988,1350,1414,1414,1405,1405,14.2999999999998,715,50,1,0.402173913043478,0.373331655459528,-0.373331655459528,0.0465374291917199,-0.307211819970313
14.32,0,0,13,183.625289943308,-0.584079677222198,-120.313869587882,12.9635007630582,-0.0144161387071253,0.0939164454088517,0.816378333400669,-0.213537458640019,-0.519800238981024,-0.193157121311041,0.360646902096373,-0.634166291145098,0.415082461788744,-0.0637144166706011,12.9638489715664,120.313869587882,1350,1413,1413,1405,1404,14.3399999999998,717,50,1,0.402173913043478,0.373332511944206,-0.373332511944206,0.0465424399847421,-0.307211819984088
14.34,0,0,13,183.884554024558,-0.587238792819927,-120.313622103543,12.9641563368085,-0.0127376959852044,0.0929944366236815,0.810769574660192,-0.211091798392362,-0.533117762219399,-0.176951637687732,0.356363138796517,-0.644683791594106,0.410986817365501,-0.0562934595476356,12.9644961236199,120.313622103543,1350,1413,1413,1405,1404,14.3599999999998,718,50,1,0.402173913043478,0.373332869480008,-0.373332869480008,0.0465445317184845,-0.307211819989837
14.36,0,0,13,184.143830906643,-0.590412228338665,-120.313373077318,12.9648144754426,-0.0109582644283432,0.0921716557913668,0.805296196234934,-0.206800362886078,-0.545285816561001,-0.160857849854278,0.352149765271498,-0.655457592489135,0.407330001268135,-0.0484269395255985,12.9651467434942,120.313373077318,1350,1412,1412,1406,1404,14.3799999999998,719,50,1,0.402173913043478,0.373333071386955,-0.373333071386955,0.0465457129584353,-0.307211819993085
14.38,0,0,13,184.403120675707,-0.593599119137547,-120.31312095216,12.9654760038404,-0.00908387697522989,0.0914430865175889,0.79999530791009,-0.201112622218778,-0.556283654340615,-0.144872500644062,0.348039273566577,-0.66646452818878,0.404089757498849,-0.0401415870014608,12.9658016474514,120.31312095216,1350,1412,1412,1406,1404,14.3799999999998,719,50,1,0.402173913043478,0.373333162691231,-0.373333162691231,0.046546247126581,-0.307211819994553
14.4,0,0,13,184.662423432675,-0.596798618290133,-120.31286440894,12.9661415916236,-0.00712060251427843,0.0908026299474832,0.794895887157906,-0.194412490030091,-0.566095051466328,-0.128991685261594,0.344055811209337,-0.677681017856946,0.401239056372909,-0.0314642890391547,12.9664614908855,120.31286440894,1350,1412,1412,1406,1403,14.4199999999998,721,50,1,0.402173913043478,0.373333249796915,-0.373333249796915,0.0465467567312079,-0.307211819995954
14.42,0,0,13,184.921739290188,-0.600009895302837,-120.31260234953,12.9668117673891,-0.00507452514614929,0.0902434776169204,0.790020874954209,-0.187023624426492,-0.57470789044557,-0.11321099110525,0.340216439797712,-0.689083163823906,0.398747742406784,-0.0224219972673204,12.9671267845641,120.31260234953,1350,1412,1412,1406,1402,14.4399999999998,722,50,1,0.402173913043478,0.373333286158804,-0.373333286158804,0.0465469694634419,-0.307211819996539
14.44,0,0,13,185.181068369849,-0.603232134824825,-120.312333878513,12.9674869332795,-0.00295172545255772,0.0897584203265381,0.785388666262992,-0.179215010070734,-0.582113833389391,-0.097525601990798,0.336532284476418,-0.700646840451667,0.396583899157678,-0.0130416446445684,12.9677979106507,120.312333878513,1350,1411,1411,1406,1402,14.4599999999998,723,50,1,0.402173913043478,0.373333306693022,-0.373333306693022,0.0465470895971895,-0.307211819996869
14.46,0,0,13,185.440410799812,-0.606464535361076,-120.312058284255,12.9681673794511,-0.00075826336010981,0.0893400996366328,0.781014170628893,-0.171206610898554,-0.588308058214972,-0.0819303770878912,0.333009570865727,-0.712347775238585,0.394714960250562,-0.00335006929153292,12.968475138189,120.312058284255,1350,1411,1411,1406,1402,14.4599999999998,723,50,1,0.402173913043478,0.373333315978794,-0.373333315978794,0.0465471439228336,-0.307211819997018
14.48,0,0,13,185.699766712659,-0.609706307997003,-120.31177501988,12.9688532981045,0.00149983768825451,0.0889812085414882,0.776909568025416,-0.163174936535455,-0.593289039059897,-0.0664199118887222,0.329650549661458,-0.724161623450056,0.393108595640279,0.00662605586708177,12.9691586378123,120.31177501988,1350,1411,1411,1406,1401,14.4999999999998,725,50,1,0.402173913043478,0.373333324837563,-0.373333324837563,0.0465471957503337,-0.307211819997161
14.5,0,0,13,185.959136243575,-0.61295667514055,-120.311483684635,12.9695447968282,0.00381660545440183,0.0886746476679313,0.773084849010079,-0.155258406862192,-0.59705835748227,-0.0509885863937935,0.326454311836144,-0.73606403723697,0.391733401200494,0.0168602885249945,12.9698484955126,120.311483684635,1349,1410,1410,1406,1400,14.5199999999998,726,50,1,0.402173913043478,0.373333328535618,-0.373333328535618,0.0465472173854981,-0.30721181999722
14.52,0,0,13,186.21851952811,-0.616214930154583,-120.311184005909,12.9702419347707,0.00617306017864583,0.0884136626050138,0.733567294556341,-0.147560551662329,-0.599357064680024,-0.035807948119785,0.323417499928252,-0.748030010793494,0.390559504094259,0.0272687319829966,12.9705447429509,120.311184005909,1349,1410,1410,1407,1400,14.5399999999998,727,50,1,0.401086956521739,0.236728748916498,-0.236728748916498,0.0465472296032675,-0.307211819997254
14.54,0,0,13,186.47791614539,-0.619480935055687,-120.310875813821,12.9708897767852,0.008522609825061,0.0881929180771046,0.598887284525026,-0.140143396465249,-0.596498815281836,-0.0224728351013167,0.320534926867766,-0.759999884001576,0.3895649573135,0.0376456992974947,12.9711923980483,120.310875813821,1349,1410,1410,1407,1400,14.5399999999998,727,50,1,0.401086956521739,0.154214353084669,-0.154214353084669,0.0465472351282611,-0.307211819997269
14.56,0,0,13,186.737325677295,-0.622754696892197,-120.310559015266,12.971543818435,0.0108403959741365,0.088007551006016,0.440946030865403,-0.133054656795873,-0.585278510575499,-0.0121475726163585,0.317800007444327,-0.771831752946898,0.388726580251887,0.0478813090281479,12.9718468953653,120.310559015266,1349,1410,1410,1407,1399,14.5799999999998,729,50,1,0.401086956521739,0.0754943503365709,-0.0754943503365709,0.0465472403991901,-0.307211819997283
14.58,0,0,13,186.996748254916,-0.626036110548034,-120.310233600986,12.9722034911639,0.0130890549442251,0.0878522514294193,0.295797383649084,-0.126335441562653,-0.565500754181944,-0.00488384817052316,0.315205082836556,-0.783352930753847,0.388020915562493,0.0578105450382669,12.9725075740045,120.310233600986,1349,1410,1410,1406,1399,14.5999999999998,730,50,1,0.401086956521739,0.0426330277442641,-0.0426330277442641,0.0465472425995164,-0.307211819997289
14.6,0,0,13,187.256184001123,-0.62932508440951,-120.309899634517,12.9728687552136,0.0152302356145541,0.0877220810421942,0.176146896633929,-0.120014969349574,-0.53825599391675,-0.000272967737972466,0.312741798054758,-0.794401821234926,0.387426135725157,0.0672640637833954,12.973174278625,120.309899634517,1349,1410,1410,1406,1399,14.6199999999998,731,50,1,0.401086956521739,0.0240756433632455,-0.0240756433632455,0.0465472438420806,-0.307211819997293
14.62,0,0,13,187.515633034706,-0.632621588900953,-120.309557240024,12.9735395573216,0.0172307566654499,0.087612490137904,0.0837758431508026,-0.114108972385222,-0.505018933926783,0.00222446667044396,0.31040145891626,-0.804843512840458,0.386922133875685,0.0760953892964941,12.9738468270899,120.309557240024,1349,1410,1410,1406,1399,14.6199999999998,731,50,1,0.401086956521739,0.0156838144220065,-0.0156838144220065,0.0465472444039801,-0.307211819997294
14.64,0,0,13,187.77509546984,-0.635925661789326,-120.309206591232,12.9742158282652,0.0190644455505994,0.0875193514370053,0.0158884184024452,-0.108620356686333,-0.467239933443131,0.00313055723709861,0.308175330326351,-0.814572802602376,0.386490672914076,0.0841890289112597,12.9745250182181,120.309206591232,1349,1410,1410,1406,1399,14.6599999999998,733,50,1,0.401086956521739,0.00767788054033233,-0.00767788054033233,0.0465472449400409,-0.307211819997296
14.66,0,0,13,188.034571415895,-0.63923739573703,-120.308847901452,12.974897479567,0.020712019465001,0.0874389837650142,-0.0317749197530119,-0.103541020458407,-0.426185042323681,0.00289341249215134,0.306054869464319,-0.823511820626735,0.386115489758036,0.0914599400850439,12.975208636816,120.308847901452,1349,1410,1410,1406,1399,14.6799999999998,734,50,1,0.401086956521739,0.00433583827973639,-0.00433583827973639,0.0465472451638172,-0.307211819997297
14.68,0,0,13,188.294060977418,-0.642556920501032,-120.308481414744,12.9755844022224,0.0221601993167186,0.0873681595425922,-0.0635109758037227,-0.0988541041580105,-0.382895489939113,0.00187405578333436,0.304031899861858,-0.831605801273412,0.385782328011241,0.0978496104245278,12.9758974583237,120.308481414744,1349,1410,1410,1406,1399,14.6999999999998,735,50,1,0.401086956521739,0.00244852645066209,-0.00244852645066209,0.0465472452901877,-0.307211819997297
14.7,0,0,13,188.553564254193,-0.645884385407087,-120.30810739821,12.9762764669341,0.0234006292262605,0.0873040965174829,-0.0830817945103198,-0.094536246848739,-0.338199877361898,0.000352358919743544,0.30209873550594,-0.838818649353207,0.385478900986186,0.103321280077641,12.9765912527529,120.30810739821,1349,1410,1410,1406,1399,14.6999999999998,735,50,1,0.401086956521739,0.00159506576335917,-0.00159506576335917,0.0465472453473336,-0.307211819997297
14.72,0,0,13,188.813081341358,-0.649219944310945,-120.307726135396,12.9769735253684,0.0244288543282993,0.0872444368875523,-0.0935560429511803,-0.0905596319895665,-0.292745745974956,-0.00146022300956431,0.300248263868694,-0.845128982849593,0.385194799026142,0.107855422885915,12.9772897878873,120.307726135396,1349,1410,1410,1405,1399,14.7199999999998,736,50,1,0.401086956521739,0.000900762542363064,-0.000900762542363064,0.0465472453938228,-0.307211819997297
14.74,0,0,13,189.072612329525,-0.652563743614548,-120.307337920724,12.9776754120136,0.0252434499174353,0.0871872176048629,-0.0973351775904123,-0.0868937341070948,-0.247034778114174,-0.00340685164737518,0.298473995643162,-0.850526861551545,0.384921357892031,0.111445897018253,12.9779928318003,120.307337920724,1348,1410,1410,1405,1400,14.7599999999998,738,50,1,0.401086956521739,0.000440960789855154,-0.000440960789855154,0.0465472454246101,-0.307211819997297
14.76,0,0,13,189.332157304919,-0.655915913178032,-120.306943054889,12.9783819463178,0.0258453194705775,0.087130835318434,-0.0962496936585592,-0.0835067492996057,-0.201454904347332,-0.00537285767122367,0.296770087790716,-0.855011196366618,0.384651503503571,0.114096842278927,12.9787001547732,120.306943054889,1348,1410,1410,1405,1400,14.7799999999998,739,50,1,0.4,0.000249018549126061,-0.000249018549126061,0.0465472454374622,-0.307211819997297
14.78,0,0,13,189.591715803933,-0.659276551535595,-120.306541833132,12.9790383751807,0.0262371466741171,0.0870747763018221,-0.0916708346621853,-0.0803678272152159,-0.156307195864537,-0.00727543207069341,0.295131339177,-0.858587750500584,0.3843845893405,0.115820744995434,12.9793569774834,120.306541833132,1348,1410,1410,1405,1400,14.7799999999998,739,50,1,0.4,0.000162220408950432,-0.000162220408950432,0.046547245443274,-0.307211819997297
14.8,0,0,13,189.851287365084,-0.662645729439239,-120.306134530874,12.9796996530877,0.0264229781010662,0.0870186755725218,-0.0846140484224121,-0.0774490475376374,-0.111826867227219,-0.00905549365791615,0.293553134219807,-0.861267621592358,0.384117374538923,0.116635134479823,12.9800182398961,120.306134530874,1348,1410,1410,1405,1400,14.7999999999998,740,50,1,0.4,9.16088046938186e-05,-9.16088046938186e-05,0.046547245448002,-0.307211819997297
14.82,0,0,13,190.110872069376,-0.666023494907599,-120.305721421733,12.9803650656254,0.0264079045660159,0.0869615917478378,-0.0758257700573938,-0.0747232094119545,-0.0681993500994119,-0.0106714662224464,0.292031403004936,-0.863066090525132,0.383845725460685,0.116562625799058,12.9806832228805,120.305721421733,1348,1410,1410,1405,1401,14.8399999999998,742,50,1,0.4,4.48463262798407e-05,-4.48463262798407e-05,0.0465472454511331,-0.307211819997297
14.84,0,0,13,190.370469989119,-0.669409863111282,-120.305302777844,12.981034410892,0.0261978203612878,0.0869028140576659,-0.0658524405381991,-0.0721641941927647,-0.0255726253238377,-0.0120946132989907,0.290562601556485,-0.864001755136078,0.383566511950733,0.115629372731844,12.9813517324524,120.305302777844,1348,1410,1410,1405,1402,14.8599999999998,743,50,1,0.4,2.53255331556989e-05,-2.53255331556989e-05,0.0465472454524402,-0.307211819997297
14.86,0,0,13,190.630081193205,-0.672804815426699,-120.304878868201,12.9817074769187,0.0257992422693423,0.0868418230890822,-0.0550935563630974,-0.0697473861614854,0.015933773503497,-0.0133055902732769,0.289143683698803,-0.864095875548278,0.383277449322635,0.113864272471976,12.9820235756767,120.304878868201,1348,1410,1410,1405,1402,14.8799999999998,744,50,1,0.4,1.43017875225315e-05,-1.43017875225315e-05,0.0465472454531783,-0.307211819997297
14.88,0,0,13,190.889705747174,-0.676208299072169,-120.304449957476,12.9823840465872,0.025219172013312,0.0867782617175529,-0.0438415269547033,-0.0674499558099212,0.0562221674109375,-0.0142919213834261,0.287772066954737,-0.863371874439983,0.382976969715131,0.111298357638971,12.9826985641054,120.304449957476,1348,1410,1410,1405,1402,14.8799999999998,744,50,1,0.4,9.31674298468733e-06,-9.31674298468733e-06,0.0465472454535121,-0.307211819997297
14.9,0,0,13,191.149343713296,-0.67962022723439,-120.304016305219,12.9830638990484,0.0244649905795593,0.0867119084858066,-0.0323111485894606,-0.0652510332599945,0.0952119377734062,-0.0150461660904047,0.286445594619297,-0.861854950351049,0.382664104389873,0.107964329162141,12.9833765137429,120.304016305219,1348,1410,1410,1404,1403,14.9199999999998,746,50,1,0.4,4.56093382238944e-06,-4.56093382238944e-06,0.0465472454538306,-0.307211819997297
14.92,0,0,13,191.408995150664,-0.683040479557751,-120.303578165369,12.9837468109901,0.0235443757821422,0.0866426535908378,-0.0206611504228187,-0.0631317935936551,0.132836053214562,-0.015564592303924,0.285162495764184,-0.859571773015236,0.382338377576445,0.10389619187813,12.9840572449042,120.303578165369,1348,1410,1410,1404,1404,14.9399999999998,747,50,1,0.4,2.57564198278143e-06,-2.57564198278143e-06,0.0465472454539635,-0.307211819997297
14.94,0,0,13,191.668660115261,-0.686468902902447,-120.303135786013,12.984432557753,0.0224652367259721,0.0865704774858195,-0.00900981121334866,-0.0610754726615306,0.169038556543735,-0.0158462185621695,0.283921344590818,-0.856550238061665,0.381999711891257,0.0991289648173511,12.9847405819781,120.303135786013,1348,1410,1410,1404,1404,14.9599999999998,748,50,1,0.4,1.45451170348067e-06,-1.45451170348067e-06,0.0465472454540386,-0.307211819997297
14.96,0,0,13,191.928338660037,-0.689905312302024,-120.302689409361,12.9851209143164,0.0212356605565893,0.0864954320313409,0.00255379394897122,-0.0590673291007456,0.203772743325042,-0.0158921227850412,0.28272102025322,-0.85281926469332,0.381648345036855,0.0936984458037126,12.985426353126,120.302689409361,1348,1410,1410,1404,1404,14.9599999999998,748,50,1,0.4,9.47525733283339e-07,-9.47525733283339e-07,0.0465472454540725,-0.307211819997297
14.98,0,0,13,192.188030834963,-0.693349492069169,-120.302239271868,12.98581165617,0.0198638681711968,0.0864176240801913,0.0139617332591872,-0.0570945658103892,0.236999835215345,-0.0157049425487428,0.281560668014833,-0.848408624575306,0.381284757266786,0.0876410156769991,12.986114389937,120.302239271868,1348,1410,1410,1404,1405,14.9999999999998,750,50,1,0.4,4.63853319944444e-07,-4.63853319944444e-07,0.0465472454541049,-0.307211819997297
15,0,0,13,192.447736687085,-0.696801197011819,-120.301785604482,12.9865045600876,0.0183581765094272,0.0863372013463504,0.0251614624401766,-0.0551462219695451,0.268688005095812,-0.0152885123774183,0.280439662382452,-0.843348793540674,0.38090960895322,0.0809934716170588,12.9868045270635,120.301785604482,1348,1410,1410,1404,1406,15.0199999999998,751,50,1,0.4,2.61946375726091e-07,-2.61946375726091e-07,0.0465472454541184,-0.307211819997297
15.02,0,0,13,192.707456260565,-0.700260153731332,-120.301328632973,12.9871994048148,0.0167269657278131,0.086254340387738,0.0361117256008943,-0.0532130447994097,0.298811650946977,-0.0146475987507843,0.279357572672914,-0.837670820163419,0.380523687501707,0.0737928820772384,12.987496601849,120.301328632973,1348,1410,1410,1403,1406,15.0399999999998,752,50,1,0.4,1.47925865366777e-07,-1.47925865366777e-07,0.0465472454541261,-0.307211819997297
15.04,0,0,13,192.967189596718,-0.703726061981414,-120.300868578328,12.9878959716797,0.0149786500560367,0.0861692365205871,0.0467796411593696,-0.0512873486336759,0.327350844644066,-0.0137877046449864,0.278314131311022,-0.831406207002727,0.380127862806083,0.0660764580171514,12.9881904539645,120.300868578328,1348,1410,1410,1403,1406,15.0399999999998,752,50,1,0.4,9.63646863189989e-08,-9.63646863189989e-08,0.0465472454541295,-0.307211819997297
15.06,0,0,13,193.226936734036,-0.707198596071482,-120.30040565717,12.9885940451361,0.01312165148699,0.0860820954787406,0.0571386322362755,-0.0493628674407748,0.354290903055789,-0.0127149234845488,0.277309205027356,-0.824586801576115,0.379723050416812,0.0578814366883288,12.9888859250609,120.30040565717,1348,1410,1410,1403,1408,15.0799999999998,754,50,1,0.4,4.7174528463288e-08,-4.7174528463288e-08,0.0465472454541328,-0.307211819997297
15.08,0,0,13,193.486697708206,-0.710677406301822,-120.299940082206,12.9892934132434,0.0111643757049727,0.0859931266320462,0.0671669569110092,-0.0474346057130469,0.379622044112805,-0.0114358281888569,0.276342769019113,-0.817244695010547,0.379310181600179,0.0492449753406469,12.9895828584462,120.299940082206,1348,1410,1410,1403,1408,15.0999999999998,755,50,1,0.4,2.66403111203896e-08,-2.66403111203896e-08,0.0465472454541342,-0.307211819997297
15.1,0,0,13,193.746472552121,-0.714162120420442,-120.299472062661,12.9899938680893,0.0091151898353556,0.0859025375829592,0.0768466634432854,-0.0454986915802926,0.403339101469839,-0.00995738515683251,0.275414884053023,-0.80941212695167,0.378890179487883,0.0402040530079777,12.9902810987926,120.299472062661,1348,1410,1410,1403,1409,15.1199999999998,756,50,1,0.4,1.50442664656088e-08,-1.50442664656088e-08,0.0465472454541349,-0.307211819997297
15.12,0,0,13,194.00626129589,-0.717652345093464,-120.299001804713,12.9906952061576,0.0069824017255201,0.0858105299684176,0.086162845842459,-0.0435522351001217,0.425441279209566,-0.00828688600287285,0.274525676424014,-0.801121395756202,0.378463940551968,0.0307953790900857,12.9909804918749,120.299001804713,1348,1410,1410,1403,1409,15.1199999999998,756,50,1,0.4,9.80042276760226e-09,-9.80042276760226e-09,0.0465472454541353,-0.307211819997297
15.14,0,0,13,194.266063966832,-0.721147667382262,-120.298529511902,12.9913972286437,0.00477424055583737,0.0857172963041457,0.0951031112397368,-0.0415931939087651,0.445931933605509,-0.00643189196988228,0.27367532063406,-0.792404773304558,0.378032320684895,0.0210553078405783,12.9916808843456,120.298529511902,1348,1410,1410,1402,1410,15.1599999999998,758,50,1,0.4,4.79771522601176e-09,-4.79771522601176e-09,0.0465472454541356,-0.307211819997297
15.16,0,0,13,194.525880591468,-0.724647535644383,-120.298055510577,12.9921000509246,0.00252721113789667,0.0855775877620544,0.103862732384482,-0.0580099788396084,0.461725885886803,-0.00439914793392523,0.272774664251594,-0.783309333537274,0.377395776649269,0.0111448794766702,12.9923821389135,120.298055510577,1348,1410,1410,1402,1410,15.1799999999998,759,50,1,0.4,2.70935673236139e-09,-2.70935673236139e-09,0.0976428730917056,-0.194801439194643
15.18,0,0,13,194.785711209269,-0.728150285821874,-120.297581039702,12.9928048984739,0.000339224637608148,0.0851657342136085,0.112209863430124,-0.130051566937258,0.465899837064697,-0.00219236464748151,0.270955184766115,-0.774017899034204,0.375559187065166,0.00149588350298849,12.9930840237091,120.297581039702,1348,1410,1410,1402,1410,15.1999999999998,760,50,1,0.4,1.5300228457482e-09,-1.5300228457482e-09,0.136185389586358,-0.110007902906408
15.2,0,0,13,195.045555862168,-0.731654160475842,-120.297106489893,12.9935131804597,-0.00177867996626879,0.0843865340576744,0.119072066082684,-0.227711126978608,0.462570464724415,0.000167095178947467,0.267397807942537,-0.764723878001515,0.372102925969904,-0.00784304475275092,12.9937873240104,120.297106489893,1348,1410,1410,1402,1410,15.1999999999998,760,50,1,0.4,9.96716640635194e-10,-9.96716640635194e-10,0.153614688820945,-0.0716634445903181
15.22,0,0,13,195.305414612476,-0.735157990562514,-120.296630550719,12.9942270796924,-0.00382207399997822,0.0832460755371069,0.124140956125386,-0.331657582085783,0.454617218843576,0.00264466029556175,0.26180212345544,-0.755546286560842,0.367054039456637,-0.0168524228349991,12.9944942924283,120.296630550719,1348,1410,1410,1403,1411,15.2199999999998,761,50,1,0.4,5.62863949473389e-10,-5.62863949473389e-10,0.167793688250339,-0.0404696458456516
15.24,0,0,13,195.565287570134,-0.738660952200411,-120.296150630534,12.9949493458875,-0.00578703766863997,0.0817959357799789,0.127493029990184,-0.431612636102796,0.443728205074361,0.00520420563872304,0.254155789271189,-0.746559522698392,0.360640113663728,-0.0255150085847704,12.9952080617086,120.296150630534,1347,1410,1410,1403,1412,15.2599999999998,763,50,1,0.398913043478261,2.75545351929984e-10,-2.75545351929984e-10,0.177183719276106,-0.0198115775889624
15.26,0,0,13,195.825174367221,-0.742162413864452,-120.295663209274,12.9956289693733,-0.00767023237312058,0.0801060734306273,0.129349968884045,-0.522444315124111,0.43090760571836,0.0078130258027878,0.244595997367459,-0.737811638528141,0.353171193384289,-0.0338162580705313,12.9958781205842,120.295663209274,1347,1410,1410,1403,1413,15.2799999999998,764,50,1,0.398913043478261,1.55605453669868e-10,-1.55605453669868e-10,0.181103546866521,-0.0111879568900499
15.28,0,0,13,196.085074713624,-0.745661862169067,-120.295164122807,12.9963240103663,-0.00946889372528086,0.0782490187118874,0.129964707973466,-0.601939540917824,0.416765346160972,0.0104434208797781,0.233330775978977,-0.729334851514515,0.344965572270359,-0.0417439360120633,12.9965630207105,120.295164122807,1347,1410,1410,1403,1413,15.2799999999998,764,50,1,0.398913043478261,1.01367470085391e-10,-1.01367470085391e-10,0.182876130865566,-0.00728827209215216
15.3,0,0,13,196.34498893625,-0.749158863407169,-120.294648824829,12.9970374097173,-0.0111807893496897,0.0762915781530645,0.129572114976527,-0.669524834398406,0.401682849180701,0.0130727301790444,0.220594513949114,-0.721151621831717,0.336317816078391,-0.0492882206137131,12.9972661296343,120.294648824829,1347,1410,1410,1403,1414,15.2999999999998,765,50,1,0.398913043478261,5.72440473392996e-11,-5.72440473392996e-11,0.184318154849016,-0.00411581932856173
15.32,0,0,13,196.604917431861,-0.752653031223381,-120.294112585557,12.997772612392,-0.0128041600655093,0.0742921654022206,0.128371695265542,-0.725530614790008,0.385908226456281,0.0156827430193657,0.206623163906452,-0.713278188178724,0.327485431674292,-0.0564413713879336,12.9979912354103,120.294112585557,1347,1409,1409,1404,1415,15.3399999999998,767,50,1,0.398913043478261,2.80233459342375e-11,-2.80233459342375e-11,0.185273134078116,-0.00201486502454069
15.34,0,0,13,196.864860669633,-0.756144012770822,-120.293550648248,12.9985329693858,-0.0143376678735106,0.0722995605613687,0.126525255092221,-0.770765832397825,0.369611106295937,0.018258936455435,0.19164078109714,-0.705726642008814,0.31868342162185,-0.063197502286336,12.9987419449494,120.293550648248,1347,1409,1409,1404,1415,15.3599999999998,768,50,1,0.398913043478261,1.58252912883564e-11,-1.58252912883564e-11,0.185671786001654,-0.00113783079275774
15.36,0,0,13,197.124819187057,-0.75963148106152,-120.292958351941,12.999321676486,-0.0157803504873439,0.0703529112848002,0.124160802274901,-0.806270384485502,0.352914349784489,0.0207897409919902,0.175852637953577,-0.698506157945085,0.310084298128365,-0.0695523827704846,12.9995216296734,120.292958351941,1347,1409,1409,1405,1416,15.3799999999998,769,50,1,0.398913043478261,8.93682877658636e-12,-8.93682877658636e-12,0.185896911967249,-0.00064255366844875
15.38,0,0,13,197.384793585938,-0.763115045492394,-120.292331225229,13.0001417285837,-0.0171115166174532,0.0684823760384898,0.121523127747676,-0.833170456529308,0.333725542620737,0.0232666655393663,0.159442177838647,-0.691634283672518,0.301820926724186,-0.0754148327437742,13.0003333650754,120.292331225229,1347,1409,1409,1405,1416,15.3799999999998,769,50,1,0.398913043478261,5.82179931553584e-12,-5.82179931553584e-12,0.185998716109186,0.0578516745665508
15.4,0,0,13,197.644784535003,-0.766593559840632,-120.291665055105,13.0009959125847,-0.018267257465707,0.0667100717971271,0.118526609127576,-0.852594201680239,0.307218472942071,0.0256855135975872,0.142570242462548,-0.685222994067005,0.293990710145538,-0.0805032396243476,13.0011798943564,120.291665055105,1347,1409,1409,1406,1416,15.4199999999998,771,50,1,0.398913043478261,2.85001329853495e-12,-2.85001329853495e-12,0.186095838826407,0.139088691244121
15.42,0,0,13,197.904792755172,-0.770065840698154,-120.290955935552,13.0018867717049,-0.0192452803694231,0.0650511303468595,0.114475413059226,-0.865622734015786,0.276361151152289,0.0280312365032112,0.125375538656043,-0.679390403531525,0.286660250766544,-0.0848075940019434,13.0020637459832,120.290955935552,1347,1409,1409,1407,1416,15.4399999999998,772,50,1,0.398913043478261,1.60945415764579e-12,-1.60945415764579e-12,0.186136382282076,0.173000730348346
15.44,0,0,13,198.164819008029,-0.773531147572876,-120.290200298812,13.0028165677094,-0.0200481275164454,0.0635147673469171,0.109204929693718,-0.873262613559512,0.24323648749012,0.030280641816682,0.107975852572146,-0.674200905092716,0.279870068436734,-0.0883392051335223,13.0029871470592,120.290200298812,1346,1409,1409,1407,1417,15.4599999999998,773,50,1,0.398913043478261,9.08887929363313e-13,-9.08887929363313e-13,0.18615927790622,0.192151473384738
15.46,0,0,13,198.424864092226,-0.776989009061236,-120.289394932147,13.003787276932,-0.0206788332053049,0.0621053008481013,0.102814028297547,-0.876431710173995,0.209076905541816,0.032410396896006,0.0904697004262193,-0.669686457598611,0.273639094024594,-0.0911115609418244,13.0039520233749,120.289394932147,1346,1409,1409,1407,1417,15.4599999999998,773,50,1,0.397826086956522,5.92085096105789e-13,-5.92085096105789e-13,0.186169631529198,0.200811624856484
15.48,0,0,13,198.684928301349,-0.780439112038494,-120.288536851929,13.0047466595329,-0.0211409511277804,0.0608693775021328,0.0954962697466777,-0.857529607368291,0.174624861416076,0.034400350743114,0.0730276967491865,-0.665859628166917,0.268173848836851,-0.0931408332120521,13.0049062933788,120.288536851929,1346,1409,1409,1408,1416,15.4999999999998,775,50,1,0.397826086956522,2.89850320546566e-13,-2.89850320546566e-13,0.135083881407194,0.209073542559234
15.5,0,0,13,198.945011961333,-0.783881249607727,-120.287622496238,13.005749533595,-0.0214385225980181,0.0600312685087011,0.0874592990169137,-0.779969351775687,0.140339422676507,0.0362345014329365,0.0565857382929377,-0.662720711626832,0.264461028500098,-0.0944445887917767,13.0059057467774,120.287622496238,1346,1409,1409,1409,1416,15.5199999999998,776,50,1,0.397826086956522,1.63683728682404e-13,-1.63683728682404e-13,0.0965454882384313,0.212522444152009
15.52,0,0,13,199.205115956004,-0.787315292881303,-120.286649497133,13.0067951978456,-0.0215760249374235,0.0596812624638438,0.078894690358963,-0.674455927908722,0.106512929704916,0.037900898610606,0.0420164464514408,-0.660262579045959,0.262898001044507,-0.0950427066361445,13.0069500151512,120.286649497133,1346,1409,1409,1410,1416,15.5399999999998,777,50,1,0.397826086956522,9.24351678647546e-14,-9.24351678647546e-14,0.0747821592229712,0.214470101382471
15.54,0,0,13,199.465241154973,-0.790741164753408,-120.285617523288,13.0078822218279,-0.0215583135900984,0.0598062947959546,0.0699664431866816,-0.560908820709684,0.0733383442338707,0.0393911216289804,0.029660891377372,-0.658473620118904,0.263426749789208,-0.0949567481513122,13.0080375710838,120.285617523288,1346,1409,1409,1410,1416,15.5399999999998,777,50,1,0.397826086956522,6.02158786365407e-14,-6.02158786365407e-14,0.0649405710691766,0.215350850844713
15.56,0,0,13,199.725388391618,-0.794158828931095,-120.28452783925,13.0090082566062,-0.0213905657933162,0.0603464465995875,0.0608083690258081,-0.45009439994734,0.040948784639654,0.0406996501547358,0.019561346366343,-0.657339209305827,0.265782896739601,-0.0942097065649829,13.0091658099346,120.28452783925,1346,1409,1409,1410,1415,15.5799999999998,779,50,1,0.397826086956522,2.94781811594122e-14,-2.94781811594122e-14,0.0555515446004944,0.216191099378186
15.58,0,0,13,199.985558445753,-0.797568283509951,-120.283382921688,13.0101703377989,-0.0210782297904562,0.0612233575909868,0.0515269079663428,-0.347547489065613,0.00944050560501441,0.0418232738482793,0.0116016698151812,-0.656842585887994,0.269620920678483,-0.0928257775936451,13.0103314642568,120.283382921688,1346,1409,1409,1410,1415,15.5999999999998,780,50,1,0.397826086956522,1.66468631045478e-14,-1.66468631045478e-14,0.0516321363580636,0.216541857472091
15.6,0,0,13,200.245752032917,-0.800969557101692,-120.282186138565,13.0113651218848,-0.0206269804646448,0.062355558088187,0.0422057306517509,-0.255812176751141,-0.0211136761873079,0.0427605943632793,0.00558756298342471,-0.656965399725474,0.274581715526753,-0.0908301590341204,13.0115308869843,120.282186138565,1345,1409,1409,1410,1414,15.6199999999998,781,50,1,0.397826086956522,9.40078526972047e-15,-9.40078526972047e-15,0.0494187754960163,0.21673993692416
15.62,0,0,13,200.505969798256,-0.804362706366754,-120.280941481628,13.0125890674381,-0.0200426809597256,0.0636664002789333,0.0329104369958064,-0.175728565329664,-0.0506564847580532,0.0435116282565331,0.00129240007483001,-0.657688062861289,0.280327527964772,-0.0882488773319337,13.0127602512916,120.280941481628,1345,1409,1409,1410,1414,15.6199999999998,781,50,1,0.396739130434783,6.12403869615853e-15,-6.12403869615853e-15,0.0484178722782906,0.216829510370742
15.64,0,0,13,200.766211780224,-0.807747808191632,-120.279653339898,13.0137852329751,-0.0193313510537018,0.0650885635866687,0.0236926905940814,-0.107177630956119,-0.0791414034718924,0.0440775007936018,-0.0015167730049591,-0.658989987025677,0.286562965772752,-0.0851089932744167,13.0139623601824,120.279653339898,1345,1409,1409,1410,1413,15.6599999999998,783,50,1,0.396739130434783,2.99797206650845e-15,-2.99797206650845e-15,0.0474629952140444,0.216914964816477
15.66,0,0,13,201.026477949423,-0.81112496459046,-120.278326304389,13.0150039667533,-0.0184991375298676,0.0665645981550864,0.0145935530541336,-0.0495153307178441,-0.106529975030116,0.0444602146507711,-0.00306477264446011,-0.660849753199117,0.293033893468298,-0.0814373880944419,13.015187333205,120.278326304389,1345,1408,1408,1409,1412,15.6799999999998,784,50,1,0.396739130434783,1.69300915523037e-15,-1.69300915523037e-15,0.0470643859387805,0.216950637402989
15.68,0,0,13,201.286768738227,-0.814494307643204,-120.276965038667,13.0162413356648,-0.0175522859814904,0.0680463939340695,0.00564606351694454,-0.00182442390975925,-0.132790187331684,0.0446624761996738,-0.00356050252784931,-0.663245245513905,0.29952853253028,-0.0772617478310745,13.0164310355312,120.276965038667,1345,1408,1408,1409,1411,15.6999999999998,785,50,1,0.396739130434783,9.56072950683637e-16,-9.56072950683637e-16,0.0468392840574386,0.216970782359052
15.7,0,0,13,201.547084504456,-0.81785599229438,-120.275574167533,13.0174940632655,-0.0164971185816379,0.0694954536908458,-0.00312278317243922,0.0369343550193187,-0.157895314674609,0.0446875658169524,-0.00319312315940482,-0.666153759855577,0.305877486474608,-0.0726100806208771,13.0176900201287,120.275574167533,1345,1408,1408,1409,1411,15.6999999999998,785,50,1,0.396739130434783,6.22823261924284e-16,-6.22823261924284e-16,0.0467374908066341,0.216979892103283
15.72,0,0,13,201.807425539762,-0.821210195433308,-120.274158186817,13.0187590637797,-0.0153400128137667,0.0708819991040393,-0.0116905829786167,0.0678319053864119,-0.181823248109423,0.0445392406067133,-0.00213058809591032,-0.669552097261267,0.311949798198507,-0.0675106247796884,13.0189610620255,120.274158186817,1345,1408,1408,1408,1411,15.7199999999998,786,50,1,0.396739130434783,3.51719582816628e-16,-3.51719582816628e-16,0.0466546804523194,0.216987303018461
15.74,0,0,13,202.067792072719,-0.824557200462839,-120.272721395877,13.0200334719124,-0.014107513138578,0.0721839411608004,-0.020183668362201,0.0919166594217381,-0.202362460787485,0.0442208728672882,-0.000519604202001758,-0.673406067250563,0.317648400281627,-0.0620803491592131,13.0202412094787,120.272721395877,1344,1408,1408,1408,1410,15.7599999999998,788,50,1,0.396739130434783,1.72181388270731e-16,-1.72181388270731e-16,0.0465998393614412,0.137591925618597
15.76,0,0,13,202.328184265426,-0.827898088149417,-120.271267849748,13.0213146355038,-0.0128698757745161,0.0733858189724947,-0.0284224264303408,0.110182519224083,-0.214580409411613,0.0437334452812566,0.00151350592814797,-0.677584705000903,0.322905428871796,-0.0566285075577826,13.0215277885859,120.271267849748,1344,1408,1408,1408,1410,15.7799999999998,789,50,1,0.395652173913043,9.72339502289362e-17,-9.72339502289362e-17,0.0465769461866984,0.0777006538387654
15.78,0,0,13,202.588601696735,-0.831234007494664,-120.269801321275,13.0225471697155,-0.0116358430278113,0.0744785220751882,-0.035634461821952,0.123549474134525,-0.221377264087406,0.04309061787709,0.00386157864465887,-0.681949180516577,0.327682318815034,-0.0511937954509926,13.0227653449857,120.269801321275,1344,1408,1408,1408,1410,15.7799999999998,789,50,1,0.395652173913043,6.33419928971598e-17,-6.33419928971598e-17,0.0465665936713644,0.0506172407062722
15.8,0,0,13,202.849043907948,-0.834565698671121,-120.268325267896,13.0237824042289,-0.0104095286458066,0.0754574606949226,-0.0415943706611259,0.132853127984009,-0.224776711082598,0.0423158144283321,0.00643505486802728,-0.686413100523336,0.331957761652235,-0.0457940636915405,13.0240051558407,120.268325267896,1344,1408,1408,1407,1410,15.7999999999998,790,50,1,0.395652173913043,3.57703712731129e-17,-3.57703712731129e-17,0.0465581717430334,0.0285844731128607
15.82,0,0,13,203.109510930231,-0.837893672062067,-120.266842840707,13.0250179204101,-0.0091947444977701,0.0763210279463299,-0.0463517231822846,0.138843732356538,-0.225958125844398,0.0414338377550631,0.00916026206659221,-0.6909213580163,0.335724892683937,-0.0404460804043058,13.0252447681277,120.266842840707,1344,1408,1408,1407,1409,15.8399999999998,792,50,1,0.395652173913043,1.7511086916008e-17,-1.7511086916008e-17,0.0465525943277356,0.0139932904052309
15.84,0,0,13,203.370002753193,-0.841218305489969,-120.265356889885,13.0262520058199,-0.00799494915787665,0.0770706381800858,-0.0500594600011529,0.14218628200902,-0.225616398778748,0.0404672842400912,0.0119776948545728,-0.695437158179128,0.338990122781938,-0.0351650473984588,13.026482453894,120.265356889885,1344,1408,1408,1407,1409,15.8599999999998,793,50,1,0.395652173913043,9.8888281175227e-18,-9.8888281175227e-18,0.04655026605999,0.00790226467835121
15.86,0,0,13,203.630519333455,-0.844539902054845,-120.26386997169,13.0274831463081,-0.00681325510186444,0.0777100402264641,-0.0528924326667517,0.143462961441298,-0.224167489765196,0.0394353931755281,0.0148403248232086,-0.699934563881575,0.341770123394551,-0.0299646353146257,13.0277166993353,120.26386997169,1344,1408,1408,1407,1409,15.8599999999998,793,50,1,0.395652173913043,6.44196886896559e-18,-6.44196886896559e-18,0.0465492131947667,0.00514784385442606
15.88,0,0,13,203.891060598351,-0.847858722221009,-120.262384360674,13.0287100135452,-0.00565245912563579,0.0782447293892515,-0.0550122593640899,0.1431772794452,-0.221866128730401,0.0383540108942891,0.0177119797505095,-0.704394197354617,0.344089235446077,-0.0248571186972246,13.0289461893518,120.262384360674,1344,1408,1408,1407,1408,15.8799999999998,794,50,1,0.395652173913043,3.6378965617147e-18,-3.6378965617147e-18,0.0465483566729295,0.00290708071386067
15.9,0,0,13,204.151626449522,-0.851175001505467,-120.260902065657,13.0299314493817,-0.00451507803495537,0.0786814453048821,-0.0565551116276851,0.141759293349747,-0.218873410167906,0.0372360014933647,0.0205658186591861,-0.708800751308858,0.345977257557514,-0.0198535341396333,13.0301697890454,120.260902065657,1343,1409,1409,1407,1408,15.9199999999997,796,50,1,0.394565217391304,1.78090192011835e-18,-1.78090192011835e-18,0.0465477894420283,0.00142313711712936
15.92,0,0,13,204.412216240666,-0.854488953603722,-120.259424843103,13.0310938930595,-0.00340338384194074,0.0790284876271452,-0.0576301807443371,0.139570438720746,-0.21529575397035,0.0360917811623818,0.0233829133629076,-0.713141540708901,0.347472232817866,-0.0149638964680274,13.0313339737193,120.259424843103,1343,1409,1409,1407,1407,15.9399999999997,797,50,1,0.394565217391304,1.00570758780924e-18,-1.00570758780924e-18,0.0465475526539569,0.000803671320144831
15.94,0,0,13,204.672829311966,-0.857800782085369,-120.257954203663,13.032249595038,-0.00231942963197631,0.0792944971723679,-0.0583225871084798,0.136908667313628,-0.21120743909749,0.0349298319333599,0.0261509176853185,-0.717405655320343,0.348610877171504,-0.0101970934921819,13.0324910322011,120.257954203663,1343,1409,1409,1407,1407,15.9599999999997,798,50,1,0.394565217391304,5.6794130027659e-19,-5.6794130027659e-19,0.0465474189354419,0.000453847758623685
15.96,0,0,13,204.933465513568,-0.8611106895306,-120.256491450244,13.0333973509846,-0.0012650701722197,0.0794875079083413,-0.0586976673570009,0.134017506560615,-0.206663690856994,0.0337571402533194,0.0288628900344917,-0.721583460048249,0.349428636320404,-0.00556123867895794,13.0336397975765,120.256491450244,1343,1409,1409,1407,1407,15.9599999999997,798,50,1,0.394565217391304,3.69979145385144e-19,-3.69979145385144e-19,0.0465473584666344,0.000295654156140395
15.98,0,0,13,205.194124677158,-0.864418872268832,-120.255037703623,13.0345365459932,-0.000241981577902558,0.0796155288097476,-0.0588052511728023,0.131092391016709,-0.201708334974029,0.0325795486748998,0.0315162700876439,-0.725666297924298,0.349960816856201,-0.00106365611544413,13.0347796935666,120.255037703623,1343,1409,1409,1406,1406,15.9999999999997,800,50,1,0.394565217391304,1.81120204833307e-19,-1.81120204833307e-19,0.046547300778462,0.00014473502625188
16,0,0,13,205.454806622891,-0.867725520989755,-120.253593922703,13.0356666562856,0.000748325119340452,0.0796863600077719,-0.0586833822624598,0.128286561550831,-0.196378286105044,0.0314020271915369,0.0341119760595733,-0.729646311657091,0.35024179156993,0.00328905847716881,13.0359102347998,120.253593922703,1343,1409,1409,1406,1406,16.0199999999997,801,50,1,0.394565217391304,1.02281861931126e-19,-1.02281861931126e-19,0.0465472766967855,8.17344922137052e-05
16.02,0,0,13,205.715511161217,-0.871030820896262,-120.252160924073,13.0367872393712,0.00170449347464445,0.0797074592661649,-0.0583613332729113,0.125716664514002,-0.190706193945151,0.0302288772712933,0.0366536171764353,-0.733516334821027,0.350304413442425,0.00749099104420273,13.0370310158791,120.252160924073,1342,1409,1409,1406,1406,16.0399999999997,802,50,1,0.394565217391304,5.77604209852021e-20,-5.77604209852021e-20,0.0465472630974263,4.61569489461814e-05
16.04,0,0,13,205.976238094465,-0.874334951651812,-120.250739400537,13.0378979222191,0.00262531342745056,0.079685845189715,-0.057861947829509,0.123467982941508,-0.184722008620771,0.0290638825439259,0.0391468145859237,-0.737269824115015,0.350179591442257,0.011536872645197,13.0381416987391,120.250739400537,1342,1409,1409,1406,1406,16.0599999999997,803,50,1,0.393478260869565,3.26183564651409e-20,-3.26183564651409e-20,0.0465472554176217,2.60656655264956e-05
16.06,0,0,13,206.236986696429,-0.877638080504417,-120.249329933082,13.0389462178868,0.00350971320009805,0.0796287652763182,-0.0572034114216886,0.121598211907494,-0.178453920647439,0.0279104186279237,0.0415986168737584,-0.74090081597917,0.349900627281736,0.015422105104133,13.0391898341611,120.249329933082,1342,1409,1409,1405,1406,16.0799999999997,804,50,1,0.393478260869565,1.8420177005974e-20,-1.8420177005974e-20,0.0465472510806969,1.4719753685005e-05
16.08,0,0,13,206.497756240889,-0.880940368851459,-120.247932993459,13.0399845830074,0.00435675571992628,0.0795427929627539,-0.0564005618455458,0.120140770709044,-0.171928897349779,0.0267715323749073,0.0440169735897527,-0.744403897738936,0.349495029960184,0.0191425887243063,13.0402279106733,120.247932993459,1342,1409,1409,1405,1406,16.0799999999997,804,50,1,0.393478260869565,1.19996227483269e-20,-1.19996227483269e-20,0.0465472491194975,9.58902246764893e-06
16.1,0,0,13,206.758546519452,-0.884241978713429,-120.246548975843,13.041012336102,0.0051656354301819,0.0794331510293927,-0.0554658434881549,0.119111487193188,-0.165172988757513,0.0256499987044001,0.0464103194136355,-0.74777418662843,0.348985792473251,0.0226948334518087,13.0412552716231,120.246548975843,1342,1409,1409,1405,1405,16.1199999999997,806,50,1,0.393478260869565,5.87431523427333e-21,-5.87431523427333e-21,0.0465472472484832,4.69422597234176e-06
16.12,0,0,13,207.019357315331,-0.88754306576266,-120.245178214185,13.0420293008065,0.00593567249523083,0.0793045150855226,-0.0544099980937741,0.11851221251058,-0.158211522036278,0.0245483611453333,0.04878726108537,-0.751007313774615,0.348393482717725,0.0260759015367342,13.0422717622896,120.245178214185,1342,1409,1409,1405,1405,16.1199999999997,806,50,1,0.393478260869565,3.82675837985534e-21,-3.82675837985534e-21,0.0465472466230438,3.05800214326012e-06
16.14,0,0,13,207.280188408612,-0.890843779199897,-120.243820993349,13.0430353221964,0.00666630901543266,0.079161019470459,-0.0532425573595943,0.118333796105306,-0.151069200478,0.0234689606765638,0.0511563281843888,-0.754099410946587,0.347736283516774,0.0292833910474791,13.0432772462577,120.243820993349,1342,1409,1409,1405,1405,16.1599999999997,808,50,1,0.393478260869565,1.87335764799786e-21,-1.87335764799786e-21,0.046547246026365,1.49701944414028e-06
16.16,0,0,13,207.541039576657,-0.894144261588522,-120.242477558919,13.0440302639967,0.00735710540008548,0.0790062800081696,-0.0519721913262744,0.118558670865001,-0.143770151674354,0.022413956255249,0.0535257794950059,-0.757047098685792,0.347030093718382,0.0323154196755902,13.0442716027896,120.242477558919,1342,1409,1409,1405,1405,16.1799999999997,809,50,1,0.393478260869565,1.05791901282622e-21,-1.05791901282622e-21,0.0465472457772841,8.45394009103998e-07
16.18,0,0,13,207.801910594421,-0.897444648709984,-120.24114812571,13.0450140037609,0.00800773681679652,0.0788434237330871,-0.0506069524005827,0.119163071689616,-0.136337944627006,0.0213853394920672,0.0559034573687618,-0.75984747502463,0.346288659892819,0.0351706089024014,13.0452547222211,120.24114812571,1341,1409,1409,1405,1405,16.1999999999997,810,50,1,0.393478260869565,5.97426038159528e-22,-5.97426038159528e-22,0.0465472456366236,4.7740931717782e-07
16.2,0,0,13,208.062801234681,-0.900745069440701,-120.239832885068,13.0459864288329,0.00861798965211044,0.0786751234257536,-0.0491544444298851,0.120118915825392,-0.128795588051347,0.0203849452452884,0.058296683031579,-0.762498104313706,0.345523729046163,0.0378480682350044,13.0462265021762,120.239832885068,1341,1409,1409,1405,1405,16.2199999999997,811,50,1,0.392391304347826,3.37377310307984e-22,-3.37377310307984e-22,0.04654724555719,2.69601693025665e-07
16.22,0,0,13,208.323710750253,-0.904045638750551,-120.238532005593,13.0468956431368,0.00918775697462664,0.0785043636970229,-0.0476219414338221,0.121394330017657,-0.12116553271912,0.0194144593809274,0.0607121803690829,-0.764997005975193,0.344749782158001,0.040347535219549,13.0471350599624,120.238532005593,1341,1408,1408,1405,1405,16.2399999999997,812,50,1,0.392391304347826,1.90523081085154e-22,-1.90523081085154e-22,0.0465472455123324,1.52248961775566e-07
16.24,0,0,13,208.584638397582,-0.907346464569453,-120.237245625217,13.0477938751875,0.00971703616299074,0.0783336228427647,-0.046016462765761,0.122953883705512,-0.113469637243089,0.018475424574265,0.0631559943632306,-0.767342643130301,0.343976315401087,0.0426689010247671,13.048032632801,120.237245625217,1341,1408,1408,1405,1405,16.2599999999997,813,50,1,0.392391304347826,1.0759183654954e-22,-1.0759183654954e-22,0.0465472454870006,8.59777477715287e-08
16.26,0,0,13,208.845583949936,-0.910647654577809,-120.235973872674,13.0486805751597,0.0102059260231415,0.0781642589913433,-0.0443448204563125,0.124762360486859,-0.105729130017247,0.0175692449595248,0.0656334602498639,-0.769533910174575,0.343209304410851,0.0448126439721773,13.0489186741607,120.235973872674,1341,1408,1408,1405,1405,16.2599999999997,813,50,1,0.392391304347826,7.00895245998678e-23,-7.00895245998678e-23,0.0465472454755452,5.60092629769275e-08
16.28,0,0,13,209.106547174357,-0.913949309212322,-120.234716875041,13.0495556584844,0.0106546218926623,0.0779973481494376,-0.0426136541288985,0.126785682934904,-0.0979646005760908,0.0166971899228859,0.0681492192889159,-0.771570120072319,0.342453472239608,0.0467796638485938,13.0497931014698,120.234716875041,1341,1408,1408,1405,1405,16.2999999999997,815,50,1,0.392391304347826,3.43117421901772e-23,-3.43117421901772e-23,0.0465472454646167,2.74188675482869e-08
16.3,0,0,13,209.367527836241,-0.917251521707414,-120.233474760001,13.0504190351426,0.0110634117876097,0.0778337155715998,-0.0408294500456258,0.128991438553725,-0.0901959757737008,0.0158603973644566,0.0707072470109759,-0.773450991274275,0.341712440002117,0.0485712662135598,13.0506558256346,120.233474760001,1341,1408,1408,1405,1405,16.2999999999997,815,50,1,0.392391304347826,2.23520089946176e-23,-2.23520089946176e-23,0.0465472454609635,1.78617212342249e-08
16.32,0,0,13,209.628525699243,-0.920554378093093,-120.232247657545,13.0512706117729,0.0114326724641832,0.0776739716811588,-0.038998551179083,0.131349254867615,-0.082442496937172,0.0150598766655341,0.0733108904542899,-0.775176634171132,0.3409888849097,0.0501891449701238,13.051506753383,120.232247657545,1341,1408,1408,1405,1405,16.3399999999997,817,50,1,0.392391304347826,1.0942239577657e-23,-1.0942239577657e-23,0.0465472454574783,8.7440566555461e-09
16.34,0,0,13,209.889540525193,-0.923857957211169,-120.231035701177,13.0521102912645,0.0117628654105612,0.0775185451088044,-0.0371271611434282,0.13383104613855,-0.0747226984002153,0.0142965115107048,0.0759629115859202,-0.776747537107879,0.340284685643235,0.051635364648594,13.0523457870673,120.231035701177,1341,1408,1408,1405,1405,16.3599999999997,818,50,1,0.392391304347826,6.17928098485345e-24,-6.17928098485345e-24,0.0465472454560234,4.93792725324944e-09
16.36,0,0,13,210.150572074009,-0.927162330748805,-120.229839028689,13.0529379725957,0.0120545327767053,0.0773677127451123,-0.0352213440063778,0.136411153887424,-0.0670543877679533,0.0135710626665349,0.0786655345654617,-0.778164551991435,0.33960105454523,0.0529123424286311,13.0531728246878,120.229839028689,1340,1408,1408,1405,1405,16.3799999999997,819,50,1,0.392391304347826,3.4895519531247e-24,-3.4895519531247e-24,0.0465472454552019,2.78853700506596e-09
16.38,0,0,13,210.411620103616,-0.930467563288658,-120.228657782584,13.0537535508562,0.0123082932511883,0.0772216267611984,-0.0332870214079308,0.139066401025475,-0.059454628134743,0.0128841707847691,0.08142049492929,-0.77942887952911,0.338938656439982,0.0540228299393841,13.053987760076,120.228657782584,1340,1408,1408,1405,1405,16.3999999999997,820,50,1,0.391304347826087,1.97061322561709e-24,-1.97061322561709e-24,0.0465472454547379,1.57473738064999e-09
16.4,0,0,13,210.672683855729,-0.93377370537704,-120.227492104596,13.0545055068943,0.0125248375822146,0.077081061782312,-0.0313299718698705,0.14177503667119,-0.0519397370829009,0.0122363592481946,0.0842290831688932,-0.780542054238243,0.338302220247952,0.0549701099622378,13.0547390778665,120.227492104596,1340,1408,1408,1405,1406,16.4199999999997,821,50,1,0.391304347826087,1.11284099997413e-24,-1.11284099997413e-24,0.0465472454544759,8.89282736256079e-10
16.42,0,0,13,210.9337625754,-0.937080800664621,-120.22634212282,13.0552456718846,0.0127049249513911,0.0769465852324868,-0.0293558214799518,0.144515618427473,-0.0445252573904808,0.0116280370593581,0.0870921537070452,-0.781505929363365,0.337692881712814,0.0557573349370178,13.055478610352,120.22634212282,1340,1408,1408,1404,1406,16.4399999999997,822,50,1,0.391304347826087,6.2844147959863e-25,-6.2844147959863e-25,0.0465472454543279,5.02194076752454e-10
16.44,0,0,13,211.194856020376,-0.940388892943675,-120.22520796876,13.0559734888213,0.0128493789207475,0.0768179275222993,-0.0273700338005834,0.147269610816228,-0.0372259313482786,0.011059501997053,0.0900101593743316,-0.782322660942003,0.337109465922345,0.0563881507197411,13.0562057980614,120.22520796876,1340,1408,1408,1404,1406,16.4399999999997,822,50,1,0.391304347826087,4.09391325183153e-25,-4.09391325183153e-25,0.046547245454261,3.27148836057297e-10
16.46,0,0,13,211.455963941863,-0.943698019197941,-120.224089780817,13.0566888561559,0.0129590827502605,0.0766947914122088,-0.0253779074682023,0.150021338584011,-0.0300557068646328,0.010530943841683,0.0929832110386706,-0.782994691878344,0.336550665202123,0.0568664615624039,13.0569205372216,120.224089780817,1340,1408,1408,1404,1406,16.4799999999997,824,50,1,0.391304347826087,2.00414108738381e-25,-2.00414108738381e-25,0.0465472454541972,1.60152984125615e-10
16.48,0,0,13,211.717086089011,-0.947008209786964,-120.222987703357,13.0573916661359,0.013034975162888,0.0765768598006936,-0.0233845700652926,0.152757716173448,-0.0230277304242057,0.0100424476951036,0.0960111320882829,-0.783524735962016,0.336015085297164,0.0571964133944617,13.0576227181256,120.222987703357,1340,1408,1408,1404,1407,16.4999999999997,825,50,1,0.391304347826087,1.13177479110597e-25,-1.13177479110597e-25,0.0465472454541705,9.04412924293557e-11
16.5,0,0,13,211.97822220883,-0.950319488580085,-120.221901885792,13.0580818082153,0.0130780461150204,0.0764638077639849,-0.0213949722970637,0.155467977845323,-0.016154342329236,0.00959399741747737,0.0990935075197245,-0.78391576177527,0.335501298121024,0.0573823752116874,13.0583122285858,120.221901885792,1340,1408,1408,1404,1407,16.5199999999997,826,50,1,0.391304347826087,6.39133734569089e-26,-6.39133734569089e-26,0.0465472454541555,5.10738368126603e-11
16.52,0,0,13,212.239372046135,-0.953631873102256,-120.220832481652,13.058759169716,0.0130893325855866,0.0763553121179617,-0.0194138825468992,0.158143413004655,-0.00944707404542251,0.00918547917554664,0.10222972767456,-0.78417097653114,0.335007883687254,0.0574289205679445,13.0589889546227,120.220832481652,1340,1408,1408,1404,1407,16.5399999999997,827,50,1,0.391304347826087,3.60930402297662e-26,-3.60930402297662e-26,0.046547245454147,2.88423212085763e-11
16.54,0,0,13,212.50053534351,-0.956945374690565,-120.219779647675,13.0594236364734,0.0130699143933874,0.0762510588518132,-0.0174458818838579,0.160777111728862,-0.00291664760072254,0.00881668509503952,0.105419026780933,-0.784293809883386,0.334533462691037,0.057340809200189,13.0596527811239,120.219779647675,1340,1408,1408,1403,1407,16.5599999999997,828,50,1,0.391304347826087,2.03823938961041e-26,-2.03823938961041e-26,0.0465472454541422,1.62877814672518e-11
16.56,0,0,13,212.761711841289,-0.960259998660694,-120.218743542936,13.0600750934448,0.013020910051899,0.0761507487237285,-0.0154953595702569,0.163363724166256,0.00342702302203169,0.00848731700860096,0.108660516542478,-0.784287897747962,0.33407672101903,0.0571229688271567,13.0603035924532,120.218743542936,1340,1408,1408,1403,1407,16.5799999999997,829,50,1,0.391304347826087,1.15103072030303e-26,-1.15103072030303e-26,0.0465472454541395,9.1980053618592e-12
16.58,0,0,13,213.022901277538,-0.96357574448257,-120.217724328012,13.0607134252739,0.0129434726704231,0.0760541012885126,-0.013566509099527,0.165899236356127,0.0095748285630627,0.00819699028974507,0.111953215078872,-0.784157066174591,0.333636427374933,0.0567804771604512,13.060941273007,120.217724328012,1340,1408,1408,1403,1407,16.5799999999997,829,50,1,0.391304347826087,7.49826367623498e-27,-7.49826367623498e-27,0.0465472454541382,5.99193994409515e-12
16.6,0,0,13,213.284103388065,-0.966892605964455,-120.216722164216,13.0613385168102,0.0128387859100724,0.0759608576046708,-0.0116633247817424,0.16838076408824,0.0155184593027869,0.00794523776273046,0.115296071563759,-0.783905315305766,0.333211445109505,0.0563185441649942,13.0615657077175,120.216722164216,1339,1408,1408,1403,1407,16.6199999999997,831,50,1,0.390217391304348,3.67071244385969e-27,-3.67071244385969e-27,0.0465472454541371,2.93330422419794e-12
16.62,0,0,13,213.545317396057,-0.970210564462352,-120.21573720699,13.0618992196341,0.0127080603327571,0.0758714995780889,-0.00978960251936239,0.17080533294454,0.02125038711024,0.00773151365340184,0.118687980997307,-0.783536803533899,0.332805187708145,0.0557427138172176,13.0621257536101,120.21573720699,1339,1408,1408,1403,1407,16.6199999999997,831,50,1,0.390217391304348,2.39124545489547e-27,-2.39124545489547e-27,0.0465472454541367,1.91086893926337e-12
16.64,0,0,13,213.806542528384,-0.973529596128642,-120.214769719229,13.0624472402615,0.0125525293584796,0.0757403918108005,-0.00794889536937682,0.154582331120434,0.0267638792281979,0.00755519751147893,0.122037443189171,-0.783055843871027,0.332216167243093,0.0550581855037744,13.0626728534997,120.214769719229,1339,1408,1408,1402,1407,16.6599999999997,833,50,1,0.390217391304348,1.17061426839755e-27,-1.17061426839755e-27,0.0976428730917062,9.35449951722824e-13
16.66,0,0,13,214.067778522804,-0.976849678951253,-120.213820884107,13.062983260367,0.0123734451257794,0.0753381144777448,-0.00614418401605344,0.0820870047835896,0.0320530455651805,0.00741559733570022,0.124465357841107,-0.782466977482619,0.330438158900641,0.0542704654447351,13.0632063672846,120.213820884107,1339,1408,1408,1402,1407,16.6799999999997,834,50,1,0.390217391304348,6.61067091244952e-28,-6.61067091244952e-28,0.136185389586359,5.28265539969162e-13
16.68,0,0,13,214.329025114056,-0.980170786168123,-120.212891023083,13.0635087307327,0.0121720746768172,0.0745675980155002,-0.00437821831276743,-0.01631854965762,0.0371126733600723,0.00731194994196912,0.125143266226048,-0.78177484467996,0.327045539002663,0.0533851171365477,13.0637272186771,120.212891023083,1339,1408,1408,1401,1407,16.6999999999997,835,50,1,0.390217391304348,3.73316566288981e-28,-3.73316566288981e-28,0.157951047118672,2.983211236528e-13
16.7,0,0,13,214.590282064834,-0.98349288701023,-120.211978731907,13.0640259222966,0.0119496961343932,0.0734349057059785,-0.00265381041515863,-0.121083621474981,0.0419382045803263,0.00724342107600284,0.123767357123874,-0.780984114923001,0.322065026227956,0.052407745629894,13.0642377802554,120.211978731907,1339,1408,1408,1401,1407,16.7199999999997,836,50,1,0.390217391304348,2.10818630229099e-28,-2.10818630229099e-28,0.170242508364584,1.68467344704454e-13
16.72,0,0,13,214.851549190674,-0.986815947199176,-120.211081305713,13.06453769505,0.0117075952243614,0.0719923941771576,-0.00097376507802989,-0.221820234940636,0.0465257889846224,0.00720910800489035,0.12032506368083,-0.780099507445277,0.315726334052808,0.0513439852448673,13.0647412970172,120.211081305713,1339,1407,1407,1401,1407,16.7399999999997,837,50,1,0.390217391304348,1.19053100947225e-28,-1.19053100947225e-28,0.177183719276106,9.51365625211329e-14
16.74,0,0,13,215.11282637465,-0.990139929322887,-120.210195104842,13.0650472880338,0.0114470618946657,0.0703103015395805,0.00065919851717513,-0.313348393272419,0.0508723032865613,0.00720804414776424,0.114954857156936,-0.779125795841941,0.308337548002892,0.0501994868417391,13.0652414907758,120.210195104842,1339,1407,1407,1401,1407,16.7599999999997,838,50,1,0.390217391304348,6.72314435861169e-29,-6.72314435861169e-29,0.181103546866521,5.37253409212079e-14
16.76,0,0,13,215.374113575123,-0.993464793131358,-120.209315855812,13.065558157864,0.0111693870152399,0.0684615566424612,0.00224250875612242,-0.393439412834349,0.0549753497929431,0.00723920489270559,0.107866639767365,-0.778067803300229,0.300218506429302,0.0489799047940295,13.0657422948898,120.209315855812,1339,1407,1407,1401,1407,16.7599999999997,838,50,1,0.390217391304348,4.37971882461923e-29,-4.37971882461923e-29,0.182876130865566,3.49987854552463e-14
16.78,0,0,13,215.635410828755,-0.996790495778426,-120.208438897658,13.0660738497345,0.0108758591638643,0.0665140412384009,0.00377378433872068,-0.461523098592011,0.0588332432001416,0.00730151396996125,0.0992967756594779,-0.776930393062065,0.291666874557362,0.0476908838883412,13.0662476728673,120.208438897658,1339,1407,1407,1401,1408,16.7999999999997,840,50,1,0.390217391304348,2.14405482179693e-29,-2.14405482179693e-29,0.184567203264137,1.7133363514239e-14
16.8,0,0,13,215.896718250228,-1.00011699202648,-120.207559381593,13.0665978932672,0.010567761508896,0.0645270306909872,0.00525086047451558,-0.517943454110928,0.0624449905753569,0.00739384995407697,0.0894830081482934,-0.775718456613687,0.282942545550647,0.0463380463233236,13.0667614931784,120.207559381593,1339,1407,1407,1401,1408,16.7999999999997,840,50,1,0.390217391304348,1.39672105240631e-29,-1.39672105240631e-29,0.18513249192484,1.11613421800529e-14
16.82,0,0,13,216.158036029698,-1.00344423442557,-120.206672430484,13.0671337194033,0.0102463688004153,0.0625499517109149,0.00667180253466069,-0.563527788353566,0.0658102674526691,0.00751505262444899,0.0786508539951625,-0.774436900958678,0.274262202114361,0.0449269789393523,13.0672874432799,120.206672430484,1339,1407,1407,1401,1408,16.8399999999997,842,50,1,0.390217391304348,6.83753141933117e-30,-6.83753141933117e-30,0.185671786001654,5.46394197370609e-15
16.84,0,0,13,216.419364428713,-1.00677217347499,-120.205773263766,13.0676845959635,0.00991294447994473,0.060622397247055,0.00803491083889831,-0.599335880196603,0.068929391765025,0.00766392902644274,0.0670066589185716,-0.773090635709531,0.265799389600904,0.0434632207796564,13.0678289719868,120.205773263766,1339,1407,1407,1401,1409,16.8599999999997,843,50,1,0.390217391304348,3.86127790229375e-30,-3.86127790229375e-30,0.185896911967249,3.08558705015067e-15
16.86,0,0,13,216.680703775125,-1.01010075777302,-120.20485729273,13.068253579899,0.00956873791688689,0.0587747944822422,0.00933871947374379,-0.626513401505275,0.071803296631276,0.00783925915215613,0.0547345383112177,-0.771684560392378,0.257687451450217,0.0419522510603389,13.0683892529169,120.20485729273,1339,1407,1407,1402,1409,16.8799999999997,844,50,1,0.390217391304348,2.18053360553338e-30,-2.18053360553338e-30,0.186024044679755,1.74248692425255e-15
16.88,0,0,13,216.942054457414,-1.01342993415922,-120.203920190602,13.0688434842707,0.0092149817778281,0.0570293818463435,0.0105819912604627,-0.646206344443206,0.0744335026053047,0.00803980121035964,0.0419955885325846,-0.770223552172262,0.250023818214825,0.0403994776090443,13.0689711638923,120.203920190602,1339,1407,1407,1402,1409,16.8999999999997,845,50,1,0.390217391304348,1.23138684269162e-30,-1.23138684269162e-30,0.186095838826407,9.84013943486976e-16
16.9,0,0,13,217.203416918701,-1.01675964785222,-120.202957941376,13.0694568579434,0.00885288953306095,0.0554012998179501,0.011763710359228,-0.659511626827735,0.0768220897494819,0.00826429648689161,0.0289284184926336,-0.768712454103107,0.242874794340025,0.0388102258182411,13.0695772785243,120.202957941376,1338,1407,1407,1402,1409,16.9199999999997,846,50,1,0.390217391304348,6.95386465269876e-31,-6.95386465269876e-31,0.186136382282076,5.55690506195414e-16
16.92,0,0,13,217.464791650704,-1.02008984258543,-120.201966870948,13.0700959759752,0.00848365310316946,0.0538996859698099,0.0128830735245581,-0.66744950355237,0.0789716697472253,0.00851147381567964,0.0156504339258836,-0.767156063949904,0.236280362621422,0.0371897281481411,13.0702098670879,120.201966870948,1338,1407,1407,1402,1409,16.9399999999997,847,50,1,0.389130434782609,3.92697338736818e-31,-3.92697338736818e-31,0.18615927790622,3.13808499076215e-16
16.94,0,0,13,217.7261786812,-1.02342045396374,-120.200943658838,13.070712183463,0.00810844143909847,0.0525294299981855,0.0139394787361961,-0.670950063183279,0.0808853547001353,0.00878005367753531,0.00225952575072091,-0.765559123624308,0.230262773248901,0.035543255412842,13.0708202524083,120.200943658838,1338,1407,1407,1402,1409,16.9399999999997,847,50,1,0.389130434782609,2.55818384241666e-31,-2.55818384241666e-31,0.186169631529198,2.04427112883445e-16
16.96,0,0,13,217.987578080191,-1.02675141646847,-120.199885330129,13.0713583850115,0.00772839769718117,0.0512912855255237,0.0149325180396195,-0.670848824983121,0.0825667349618832,0.00906875195307384,-0.0111640769534135,-0.763926309243764,0.22482430799384,0.0338756766390484,13.0714613013815,120.199885330129,1338,1407,1407,1403,1409,16.9799999999997,849,50,1,0.389130434782609,1.25233756366844e-31,-1.25233756366844e-31,0.186179509044764,1.00075588099398e-16
16.98,0,0,13,218.248990456512,-1.03008267030228,-120.198789267308,13.0720356269837,0.00734463648618853,0.0501820798915633,0.0158619696930668,-0.667883789179375,0.0840198543651768,0.00937628347027228,-0.0245558806030796,-0.762262221614239,0.219950996389633,0.0321918895937475,13.0721340116279,120.198789267308,1338,1407,1407,1404,1409,16.9999999999997,850,50,1,0.389130434782609,7.07217717074612e-32,-7.07217717074612e-32,0.186183632370654,5.65144981703142e-17
17,0,0,13,218.510416441292,-1.03341415467438,-120.197653203042,13.072745157271,0.00695824285320764,0.0491962466836665,0.0167277865722913,-0.662697814492838,0.0852491788404863,0.00970136526317153,-0.0378651929566499,-0.760571377356409,0.215618369559369,0.0304966617817669,13.0728395781017,120.197653203042,1338,1407,1407,1404,1409,17.0199999999997,851,50,1,0.389130434782609,3.99378661036989e-32,-3.99378661036989e-32,0.186185960887507,3.19147612729508e-17
17.02,0,0,13,218.771856687706,-1.03674580799943,-120.196475202831,13.0734879952403,0.00657027063157946,0.0483264656766184,0.017530087126642,-0.655843712760046,0.0862595697959994,0.01004271959291,-0.0510532685516036,-0.75885820061819,0.211794274907225,0.0287946242017447,13.0735789658927,120.196475202831,1338,1407,1407,1405,1409,17.0399999999997,852,50,1,0.389130434782609,2.25536367430782e-32,-2.25536367430782e-32,0.186187275843171,1.80228440503867e-17
17.04,0,0,13,219.033311866673,-1.04007756803848,-120.195253643964,13.074264953726,0.0061817409340226,0.0475642119331939,0.0182691466940686,-0.647790638982464,0.0870562577595275,0.0103990767729498,-0.0640915700673657,-0.757127015333716,0.208441284196115,0.0270902644698013,13.0743529342146,120.195253643964,1338,1407,1407,1406,1409,17.0599999999997,853,50,1,0.389130434782609,1.27364473859963e-32,-1.27364473859963e-32,0.186188018422465,1.01778266453731e-17
17.06,0,0,13,219.294782663015,-1.04340937204148,-120.193987192038,13.0750766590621,0.00579364078202195,0.0469002146634967,0.018945389199393,-0.638931210586547,0.0876448163160497,0.0107691778218763,-0.0769601655584048,-0.755382038017888,0.205518705834642,0.0253879205642582,13.0751620577628,120.193987192038,1338,1407,1407,1406,1409,17.0799999999997,854,50,1,0.389130434782609,7.19250264887047e-33,-7.19250264887047e-33,0.186188437770449,5.74760314929563e-18
17.08,0,0,13,219.55626977202,-1.04674115689059,-120.192674776104,13.075923571103,0.00540692186924029,0.0463248342778634,0.0195593792194609,-0.62958895304331,0.0880311363412867,0.0111517769631666,-0.0896462718920487,-0.753627371086537,0.20298423831668,0.0236917751782513,13.0760067475664,120.192674776104,1338,1407,1407,1406,1409,17.0799999999997,854,50,1,0.389130434782609,4.6854771468698e-33,-4.6854771468698e-33,0.186188627403668,3.74421317863967e-18
17.1,0,0,13,219.817773896411,-1.05007285924385,-120.191315563329,13.0768060027063,0.00502249945647747,0.0458283663641312,0.02011181438499,-0.620025783625562,0.0882214005350616,0.0115456439874274,-0.10214294788119,-0.751866996693311,0.200795303100849,0.022005850671907,13.0768872709479,120.191315563329,1338,1407,1407,1407,1409,17.1199999999997,856,50,1,0.389130434782609,2.29373625829482e-33,-2.29373625829482e-33,0.186188808316677,1.83294833320628e-18
17.12,0,0,13,220.079295743679,-1.05340441567855,-120.189908933847,13.0777241383023,0.00464125139555173,0.045401281263422,0.0206035180812841,-0.610449326417333,0.0882220582622322,0.0119495664890499,-0.114447935692702,-0.75010477107532,0.198910094970887,0.0203340046139842,13.0778037703236,120.189908933847,1338,1407,1407,1407,1409,17.1199999999997,856,50,1,0.389130434782609,1.49422938632839e-33,-1.49422938632839e-33,0.186188868791954,1.19405413468702e-18
17.14,0,0,13,220.340836023046,-1.05673576285109,-120.188454329704,13.0786779002649,0.00426401733443978,0.0450805561634977,0.0210353035331124,-0.582388734273331,0.0880398252394303,0.012362351973969,-0.126472108734508,-0.748344399897513,0.197490556526041,0.0186799261313994,13.0787562886257,120.188454329704,1337,1407,1407,1408,1409,17.1599999999997,858,50,1,0.389130434782609,7.31487533541966e-34,-7.31487533541966e-34,0.135093298848729,5.84539242695524e-19
17.16,0,0,13,220.602395440259,-1.06006683777033,-120.186950434143,13.0796665729524,0.00389159848111755,0.0450873266950904,0.0214071287022397,-0.498252784291843,0.0876818719967142,0.0127828313400645,-0.13733971497224,-0.746589275081562,0.197505286741257,0.0170471346466798,13.0797448626177,120.186950434143,1337,1407,1407,1408,1409,17.1799999999997,859,50,1,0.38804347826087,4.13084266213907e-34,-4.13084266213907e-34,0.0965508064383291,3.30099903374854e-19
17.18,0,0,13,220.863974194833,-1.06339757102997,-120.185396936784,13.0806384062867,0.00352475726291753,0.0455113434999136,0.0217195625762963,-0.388568141815386,0.0871556110579254,0.0132098684573187,-0.146227914263286,-0.744842635188002,0.199347868161955,0.0154390390936651,13.0807180545383,120.185396936784,1337,1406,1406,1408,1409,17.1999999999997,860,50,1,0.38804347826087,2.33276171047271e-34,-2.33276171047271e-34,0.07478516250683,1.8641339750879e-19
17.2,0,0,13,221.12557246321,-1.06672789306162,-120.183795365073,13.0816415199525,0.00316421539947473,0.0463393824788397,0.0219741563701743,-0.272995142765325,0.0864684934687499,0.0136423667586436,-0.152841314132714,-0.743107674519245,0.20295923352452,0.0138587383397249,13.081723976876,120.183795365073,1337,1406,1406,1407,1409,17.2199999999997,861,50,1,0.38804347826087,1.31735281222975e-34,-1.31735281222975e-34,0.0624937089415442,1.0527102375825e-19
17.22,0,0,13,221.387190871501,-1.07005774048946,-120.182148653776,13.0826720319112,0.00281065279425894,0.0475116987769259,0.0221728530146794,-0.161982525674389,0.0856280088655811,0.0140792690686784,-0.157177443929891,-0.741387501334814,0.208077359363939,0.0123092192457415,13.0827586064959,120.182148653776,1337,1406,1406,1407,1410,17.2399999999997,862,50,1,0.38804347826087,7.43933006144027e-35,-7.43933006144027e-35,0.0555525023674104,5.94484548385931e-20
17.24,0,0,13,221.648829972141,-1.07338704950945,-120.180460766371,13.0837260341534,0.00246470825023825,0.0489513357004412,0.0223176972842686,-0.0607366008500823,0.0846416915301499,0.0145195547629482,-0.159385722707283,-0.739685110834795,0.214364917393721,0.0107932854952867,13.0838178390269,120.180460766371,1337,1406,1406,1407,1410,17.2599999999997,863,50,1,0.38804347826087,4.20112450129242e-35,-4.20112450129242e-35,0.0516326772263977,3.35716197727134e-20
17.26,0,0,13,221.910490239172,-1.07671575602093,-120.178736377095,13.084799393254,0.00212697949877818,0.0505793599291935,0.022410713513547,0.0285121211846664,0.0835171226052881,0.0149622365376768,-0.159687268497094,-0.738003368459705,0.221476029813792,0.00931355790709293,13.0848973231505,120.178736377095,1337,1406,1406,1407,1410,17.2599999999997,863,50,1,0.38804347826087,2.73677658569256e-35,-2.73677658569256e-35,0.0498600943349966,2.18698643445273e-20
17.28,0,0,13,222.172172063759,-1.08004379574946,-120.176980609604,13.0858879266841,0.00179802331589165,0.0523226063081627,0.0224538660206656,0.105209048945843,0.0822619280571049,0.0154063577549379,-0.15832951377555,-0.736344999349981,0.22909018904288,0.00787247483026992,13.0859926531293,120.176980609604,1337,1406,1406,1406,1410,17.2999999999997,865,50,1,0.38804347826087,1.33976615159655e-35,-1.33976615159655e-35,0.0481690229931339,1.07062096855054e-20
17.3,0,0,13,222.433875752984,-1.08337110440043,-120.175198824195,13.0869875256408,0.00147835569950838,0.0541172167136943,0.022449057696426,0.169726034123529,0.0808837725860774,0.0158509906669242,-0.155560828370146,-0.734712581565895,0.236927744987917,0.00647229299151872,13.0870995012248,120.175198824195,1337,1406,1406,1406,1410,17.2999999999997,865,50,1,0.38804347826087,8.72775999108064e-36,-8.72775999108064e-36,0.0476037346856658,6.97444314725546e-21
17.32,0,0,13,222.695601530978,-1.08669761783104,-120.173396446983,13.0880942399358,0.00116845210234849,0.0559098450490797,0.0223981438446683,0.222926555295911,0.0793903501365406,0.0162952355143399,-0.151616709764282,-0.733108541685432,0.244755165301145,0.00511508870513937,13.0882137096509,120.173396446983,1336,1406,1406,1406,1410,17.3399999999997,867,50,1,0.38695652173913,4.27260211024839e-36,-4.27260211024839e-36,0.0470644409458431,3.41428047279306e-21
17.34,0,0,13,222.957349042643,-1.09002326585177,-120.171578831887,13.0891544302018,0.000868748393958353,0.0576582933235196,0.0223029502027622,0.265910777306453,0.0777893749210246,0.0167382203667298,-0.146712709964049,-0.731535151964032,0.252388762868248,0.00380277684848021,13.0892814520578,120.171578831887,1336,1406,1406,1405,1409,17.3599999999997,868,50,1,0.38695652173913,2.41281583978586e-36,-2.41281583978586e-36,0.0468393151209237,1.92810605660346e-21
17.36,0,0,13,223.219117861882,-1.09334797888103,-120.169751142748,13.0902150207034,0.00057964046430151,0.0593299691449398,0.0221652896983464,0.29986572754945,0.0760885649149791,0.017179101537011,-0.141041334232803,-0.729994528574344,0.259685081443404,0.0025370561943727,13.090349486147,120.169751142748,1336,1406,1406,1405,1409,17.3799999999997,869,50,1,0.38695652173913,1.36256082979445e-36,-1.36256082979445e-36,0.0467121824878598,1.08883643131689e-21
17.38,0,0,13,223.480907991146,-1.09667169444091,-120.167918291199,13.0912723847724,0.000301483993238775,0.060900227563937,0.0219869755265297,0.32598053491958,0.0742956227550241,0.0176170643919146,-0.134771222482444,-0.728488630808336,0.26653641738727,0.00131947246885359,13.0914140405426,120.167918291199,1336,1406,1406,1405,1409,17.3999999999997,870,50,1,0.38695652173913,7.69462792922853e-37,-7.69462792922853e-37,0.04664038838607,6.14885664666906e-22
17.4,0,0,13,223.74271936298,-1.09999435088345,-120.166084888125,13.0923236065455,3.45956361304182e-05,0.0623519906265183,0.021769830942714,0.345395600303519,0.0724182222469965,0.0180513244147218,-0.128047658709477,-0.727019260930525,0.272868209282173,0.000151398752473171,13.0924720809495,120.166084888125,1336,1406,1406,1405,1409,17.3999999999997,870,50,1,0.38695652173913,5.01258116626877e-37,-5.01258116626877e-37,0.0466079223979307,4.00560537879966e-22
17.42,0,0,13,224.004551849937,-1.10331588761614,-120.164255207676,13.0933660476816,-0.000220746438933453,0.063674592283719,0.0215156955588037,0.359173821926773,0.0704639916641841,0.0184811284026983,-0.120993860739068,-0.725588064598962,0.278633975911145,-0.000965961670101785,13.0935208771748,120.164255207676,1336,1406,1406,1404,1409,17.4399999999997,872,50,1,0.38695652173913,2.45386730279914e-37,-2.45386730279914e-37,0.0465769493458981,1.96091070466784e-22
17.44,0,0,13,224.26640527029,-1.10663624526241,-120.162433166871,13.0943973441082,-0.000464301941312567,0.0648626872985368,0.0212264286838805,0.36828549729278,0.0684404969756197,0.0189057557044602,-0.113712698440437,-0.72419653180445,0.283810528805426,-0.00203157232680533,13.0945579989997,120.162433166871,1336,1406,1406,1404,1409,17.4399999999997,872,50,1,0.38695652173913,1.59854500304175e-37,-1.59854500304175e-37,0.0465665957293905,1.27741382135138e-22
17.46,0,0,13,224.528279393712,-1.10995536581083,-120.16062231781,13.0954153956363,-0.000695867781828666,0.0659152493928089,0.0209039102524044,0.373601830749721,0.0663552252370798,0.0193245194257586,-0.106288621631825,-0.722845998278113,0.288393578004168,-0.00304456030559119,13.0955813039591,120.16062231781,1336,1406,1406,1403,1409,17.4799999999997,874,50,1,0.38695652173913,7.8255437366553e-38,-7.8255437366553e-38,0.0465567182199969,6.25347282045342e-23
17.48,0,0,13,224.790173946803,-1.11327319275183,-120.158825849927,13.0964183522492,-0.000915277331840964,0.066834673225269,0.0205500398555786,0.375893944478593,0.0642155683481227,0.0197367675513583,-0.0987896589232296,-0.721537647327382,0.292393794650359,-0.00400421274249986,13.0965889211049,120.158825849927,1336,1406,1406,1403,1409,17.4999999999997,875,50,1,0.38695652173913,4.41922636265357e-38,-4.41922636265357e-38,0.0465525948966832,3.53144942719302e-23
17.5,0,0,13,225.052088618351,-1.11658967120101,-120.15704660003,13.0974045980902,-0.00112239961933623,0.0676259845069854,0.020166734327334,0.375835438975045,0.0620288073335988,0.0201418839463721,-0.0912693983473702,-0.720272512065604,0.295833349000647,-0.00490997306100947,13.0975792320426,120.15704660003,1336,1406,1406,1402,1409,17.5199999999997,876,50,1,0.38695652173913,2.4956172122449e-38,-2.4956172122449e-38,0.046550266381285,1.99427348848982e-23
17.52,0,0,13,225.314023065169,-1.11990474797479,-120.155287195226,13.0983729704978,-0.00131713851667315,0.0682498425873971,0.0197560123942827,0.355320447149499,0.0598020740211294,0.0205392892402641,-0.0838597005423736,-0.719051510526504,0.298540326558244,-0.00576143720456243,13.0985508454231,120.155287195226,1336,1406,1406,1402,1409,17.5399999999997,877,50,1,0.38695652173913,1.40932026534918e-38,-1.40932026534918e-38,0.0976445790640122,1.12620237918983e-23
17.54,0,0,13,225.575976920568,-1.12321837144663,-120.153550872325,13.0993233939803,-0.00149943226129263,0.0684838605260683,0.0193205349800353,0.27702718254048,0.0575421491647551,0.0209284406731608,-0.0774734021682464,-0.71787570702815,0.299542221083653,-0.00655835139124173,13.0995024969473,120.153550872325,1336,1406,1406,1402,1409,17.5599999999997,878,50,1,0.38695652173913,7.95868693555466e-39,-7.95868693555466e-39,0.136186352979835,6.35986892576752e-24
17.56,0,0,13,225.837949794622,-1.12653049222144,-120.151839703478,13.1002563953916,-0.00166925194091466,0.0682397298660535,0.0188625567108268,0.171912813118891,0.0552556553553983,0.021308827722722,-0.0729630271770438,-0.716746027798776,0.298453177986326,-0.0073006046763069,13.1004342321975,120.151839703478,1336,1406,1406,1402,1409,17.5799999999997,879,50,1,0.38695652173913,4.49441473989411e-39,-4.49441473989411e-39,0.157951591164427,3.59153323597494e-24
17.58,0,0,13,226.099941302099,-1.12984106384533,-120.150153752033,13.101173536584,-0.00182659992123823,0.0675336325046998,0.0183837331884179,0.0599849251030746,0.0529491898604113,0.0216799703108223,-0.070645807558993,-0.715663082476659,0.295344370128484,-0.00798822143310997,13.1013477231801,120.150153752033,1336,1406,1406,1402,1409,17.5799999999997,879,50,1,0.38695652173913,2.92783730231031e-39,-2.92783730231031e-39,0.167794042662993,2.33966502633498e-24
17.6,0,0,13,226.361951092353,-1.13315004306479,-120.148491526583,13.1020771177607,-0.00197150884342555,0.0664285620680408,0.0178855541596971,-0.0480315562661747,0.050629265718749,0.0220414212169336,-0.0705398527197932,-0.714627240705066,0.290491622000128,-0.00862135692795162,13.1022456640247,120.148491526583,1336,1406,1406,1402,1409,17.6199999999997,881,50,1,0.38695652173913,1.43329833188574e-39,-1.43329833188574e-39,0.177183892775865,1.14536349979939e-24
17.62,0,0,13,226.623978868331,-1.13645738995156,-120.146850375885,13.1029699352006,-0.00210404067662075,0.0650053826069501,0.0173695327097464,-0.146708885225958,0.0483022646032396,0.0223927694612577,-0.0725064270369836,-0.713638681600401,0.284248802442723,-0.00920029327083281,13.1031313528303,120.146850375885,1336,1406,1406,1402,1409,17.6199999999997,881,50,1,0.38695652173913,9.3370651448448e-40,-9.3370651448448e-40,0.180322715098901,7.46134518839784e-25
17.64,0,0,13,226.886024397978,-1.1397630679402,-120.145226818043,13.103855100069,-0.00222428573721943,0.0633472951134291,0.0168372679165323,-0.233638959967215,0.0459744013199587,0.0227336432471736,-0.0763311203887339,-0.71269742481475,0.276979892729003,-0.00972543528933427,13.1040084062416,120.145226818043,1335,1406,1406,1402,1409,17.6599999999997,883,50,1,0.385869565217391,4.57088236639871e-40,-4.57088236639871e-40,0.183317199872185,3.65263930605556e-25
17.66,0,0,13,227.148087025137,-1.1430670376512,-120.143616809556,13.1046863850896,-0.0023323613012359,0.0615325814140992,0.0162904503438237,-0.308126156560534,0.0436517015840493,0.0230637119959579,-0.0817700301393724,-0.71180335088884,0.26902828534374,-0.010197343179534,13.1048310538533,120.143616809556,1335,1406,1406,1402,1409,17.6799999999997,884,50,1,0.385869565217391,2.58126010587106e-40,-2.58126010587106e-40,0.18456723451011,2.06271160928742e-25
17.68,0,0,13,227.410166171961,-1.14636926306352,-120.142015956252,13.1055171339957,-0.00242841091618508,0.0596300895059377,0.0157308417498522,-0.370433453424323,0.0413399776676072,0.0233826874312945,-0.0885758266992794,-0.710956215330721,0.260693938971663,-0.0106166168934714,13.1056530167027,120.142015956252,1335,1406,1406,1403,1409,17.6999999999997,885,50,1,0.385869565217391,1.45768435940105e-40,-1.45768435940105e-40,0.185273151723283,1.1648506262404e-25
17.7,0,0,13,227.672261829194,-1.14966971751354,-120.14041971085,13.1063502392998,-0.00251260352351321,0.0576972867341163,0.0151602476410077,-0.421340536735118,0.0390448091950543,0.0236903237812229,-0.0965121368514657,-0.71015565921007,0.252228088208627,-0.0109840022697788,13.1064774781505,120.14041971085,1335,1406,1406,1403,1409,17.7199999999997,886,50,1,0.385869565217391,8.23180773921046e-41,-8.23180773921046e-41,0.185671795966199,6.57812258070039e-26
17.72,0,0,13,227.934374053851,-1.15296837736326,-120.138823523566,13.1071889034115,-0.00258513184187309,0.0557810104598095,0.0145804923542348,-0.461885321243037,0.0367715367075834,0.023986417326846,-0.10536107385901,-0.709401217501323,0.243835440629886,-0.0113003483740095,13.1073078530166,120.138823523566,1335,1406,1406,1403,1410,17.7399999999997,887,50,1,0.385869565217391,4.64865100721587e-41,-4.64865100721587e-41,0.185896917594408,3.71478503010996e-26
17.74,0,0,13,228.196502969541,-1.15626522193101,-120.137222955339,13.1080361548358,-0.00264621109703564,0.0539181305494503,0.0139933965551684,-0.493211704218849,0.0345252537625238,0.0242708054636708,-0.114926753502965,-0.708692326077206,0.235677096103283,-0.0115666024312614,13.1081473139311,120.137222955339,1335,1406,1406,1404,1409,17.7599999999997,888,50,1,0.385869565217391,2.62517746666442e-41,-2.62517746666442e-41,0.186024047857514,2.09780642586623e-26
17.76,0,0,13,228.45864876163,-1.15956023336312,-120.135613763764,13.1088948091424,-0.00269607771757934,0.0521365488352072,0.013400758973804,-0.516479288037389,0.0323108013837225,0.0245433654174123,-0.125036436126537,-0.708028327883165,0.227874927651342,-0.0117838042646524,13.1089987644259,120.135613763764,1335,1406,1406,1404,1409,17.7599999999997,888,50,1,0.385869565217391,1.71014313473564e-41,-1.71014313473564e-41,0.186081537393718,1.36659304094889e-26
17.78,0,0,13,228.720811671886,-1.1628533965033,-120.133991965745,13.1097674411337,-0.00273498800920129,0.0504563274044472,0.012804342175619,-0.532810069493583,0.0301327643198591,0.0248040127331686,-0.135540262418218,-0.707408478587268,0.220516523172377,-0.0119530806149791,13.1098648231683,120.133991965745,1335,1406,1406,1404,1409,17.7999999999997,890,50,1,0.385869565217391,8.37186308258413e-42,-8.37186308258413e-42,0.186136383295484,6.69004225205102e-27
17.8,0,0,13,228.982991992844,-1.16614469876227,-120.132353880521,13.1106563686842,-0.00276321681614981,0.0488908313377256,0.0122058618084684,-0.54325759711257,0.0279954687337775,0.0250526996285417,-0.1463101649762,-0.706831951882406,0.213660188253546,-0.0120756393766349,13.1107478187354,120.132353880521,1335,1406,1406,1404,1409,17.7999999999997,890,50,1,0.385869565217391,5.45375859629764e-42,-5.45375859629764e-42,0.186154717085557,4.35815481951906e-27
17.82,0,0,13,229.245190062103,-1.16943412998958,-120.130696156394,13.1115636462956,-0.0027810561771203,0.0474478222085246,0.011606978684,-0.548790077968789,0.0259029810411036,0.0252894132770903,-0.157238312806708,-0.706297844549564,0.207339732014981,-0.0121527637829218,13.1116497924924,120.130696156394,1334,1406,1406,1405,1408,17.8399999999997,892,50,1,0.385869565217391,2.66984203405455e-42,-2.66984203405455e-42,0.186172207803272,2.13349834295349e-27
17.84,0,0,13,229.50740625671,-1.17272168234884,-120.129015784092,13.1124910665151,-0.00278881398190125,0.0461304684494426,0.0110092930947194,-0.550282335707013,0.023859107687654,0.025514174068953,-0.16823531272804,-0.705805181351117,0.201568888136446,-0.0121858065701484,13.112572507599,120.129015784092,1334,1406,1406,1405,1408,17.8599999999997,893,50,1,0.384782608695652,1.50770817952866e-42,-1.50770817952866e-42,0.186179509227271,1.20482517753936e-27
17.86,0,0,13,229.769640496275,-1.1760073441464,-120.12731009622,13.1133910257491,-0.00278681248140898,0.0449389501528881,0.0104143419591278,-0.548514185361189,0.0218673994096983,0.0257270338876306,-0.179228314758703,-0.70535291977618,0.196349067529383,-0.0121762291060426,13.1134683234361,120.12731009622,1334,1406,1406,1405,1408,17.8799999999997,894,50,1,0.384782608695652,8.51430131679162e-43,-8.51430131679162e-43,0.186183632473719,6.80386611607694e-28
17.88,0,0,13,230.031892734285,-1.17929110584145,-120.125576747249,13.11431445018,-0.00277538717822698,0.0438704496045604,0.00982359497401793,-0.544173250125282,0.0199311483811313,0.0259280744294722,-0.190159140154411,-0.704939954658793,0.191667070444547,-0.0121254588116109,13.1143881221094,120.125576747249,1334,1405,1405,1406,1408,17.8999999999997,895,50,1,0.384782608695652,4.80818024982675e-43,-4.80818024982675e-43,0.18618596094571,3.8422664954632e-28
17.9,0,0,13,230.29416344053,-1.18257296592529,-120.123813715447,13.1152620077312,-0.00275488563035541,0.042919230174176,0.00923845189470706,-0.537856504909974,0.0180533864663284,0.0261174055193194,-0.200982450972703,-0.704565122869674,0.187497738846805,-0.0120350224096907,13.115332522706,120.123813715447,1334,1405,1405,1406,1408,17.8999999999997,895,50,1,0.384782608695652,3.13223641038657e-43,-3.13223641038657e-43,0.186187013903295,2.5030024645877e-28
17.92,0,0,13,230.556453100657,-1.1858529247009,-120.122019291608,13.1162345733503,-0.00272566597050326,0.0420779989474838,0.00866024272555736,-0.530075310404009,0.0162368914260049,0.0262951634891994,-0.211663982348744,-0.704227207879259,0.183809115779472,-0.0119064926542298,13.1163023512879,120.122019291608,1334,1405,1405,1406,1407,17.9399999999997,897,50,1,0.384782608695652,1.53336021046536e-43,-1.53336021046536e-43,0.186188018441026,1.2253239803894e-28
17.94,0,0,13,230.818762216274,-1.18913098423244,-120.12019205818,13.1172328279696,-0.00268809563435868,0.0413384103427493,0.00809022727695257,-0.521261963348504,0.0144841896695206,0.0264615096127498,-0.222178894570191,-0.703924944245533,0.180564653719753,-0.0117414831179549,13.1172982413755,120.12019205818,1334,1405,1405,1406,1407,17.9399999999997,897,50,1,0.384782608695652,9.98890730361173e-44,-9.98890730361173e-44,0.186188354236104,7.98223898955075e-29
17.96,0,0,13,231.081091301291,-1.19240714824791,-120.118330866354,13.1182572802903,-0.00264255011120696,0.040691490187651,0.00752959512139384,-0.51177675912391,0.0127975594646769,0.0266166285869628,-0.232510261869138,-0.703657022058653,0.177725068392815,-0.0115416426774469,13.1183206567127,120.118330866354,1334,1405,1405,1407,1407,17.9799999999997,899,50,1,0.384782608695652,4.88998625857066e-44,-4.88998625857066e-44,0.186188674589774,3.90763852192489e-29
17.98,0,0,13,231.343440878664,-1.19568142204592,-120.116434812038,13.1193082860138,-0.00258941172061678,0.0401279823518029,0.00697946582887715,-0.501915249171329,0.0111790345447417,0.0267607270587014,-0.242647704866936,-0.703422091344658,0.175249853804169,-0.0113086501091134,13.1193699110701,120.116434812038,1334,1405,1405,1407,1408,17.9999999999997,900,50,1,0.384782608695652,2.76146385658377e-44,-2.76146385658377e-44,0.186188808320019,2.2067142875866e-29
18,0,0,13,231.605811477536,-1.19895381240623,-120.114503211514,13.1203860664389,-0.00252906841721281,0.0396386265883242,0.00644088940200482,-0.491915456348905,0.0096304080907819,0.0268940321924927,-0.252586168080271,-0.703218766428136,0.173098496337514,-0.0110442088048522,13.1204461871275,120.114503211514,1333,1405,1405,1408,1408,18.0199999999997,901,50,1,0.384782608695652,1.55944868308229e-44,-1.55944868308229e-44,0.186188883839912,1.24617154829359e-29
18.02,0,0,13,231.868203629737,-1.20222432755144,-120.112535449988,13.1214905945358,-0.00246191260976253,0.0392608830696531,0.00591483462003842,-0.463213472308111,0.00815324413268884,0.0270167900814493,-0.262233716519282,-0.703045587292314,0.171434500577441,-0.0107500415430075,13.1215495617113,120.112535449988,1333,1405,1405,1408,1408,18.0399999999997,902,50,1,0.383695652173913,8.80648931677704e-45,-8.80648931677704e-45,0.135093298849795,7.0373565645186e-30
18.04,0,0,13,232.130617375025,-1.20549297140047,-120.110530154609,13.1225725000158,-0.00238833987599328,0.0392185688699414,0.0054021307534578,-0.378013486387734,0.00674893515351595,0.0271292628876293,-0.27070731294272,-0.702900690121615,0.171235615930568,-0.0104279235111289,13.1226313222037,120.110530154609,1333,1405,1405,1408,1408,18.0599999999997,903,50,1,0.383695652173913,4.97318410845172e-45,-4.97318410845172e-45,0.0965508064389311,3.97412278301392e-30
18.06,0,0,13,232.393052757041,-1.20875974875367,-120.108486962765,13.1236796137371,-0.00230874811789453,0.0396020959524237,0.00490363077066245,-0.267081661092317,0.00541862945715837,0.0272317294633463,-0.277178046602947,-0.702782206659444,0.172895570261977,-0.0100795602584584,13.1237395684439,120.108486962765,1333,1405,1405,1409,1408,18.0799999999997,904,50,1,0.383695652173913,2.80844719012369e-45,-2.80844719012369e-45,0.0747851625071699,2.24425915465187e-30
18.08,0,0,13,232.655510283172,-1.21202467044847,-120.106407387129,13.1248088620067,-0.00222353664848496,0.0403971218263394,0.00442019788804838,-0.150230403127297,0.00416320184000654,0.0273244850353196,-0.281348528886655,-0.702688497895959,0.176351313025224,-0.00970670599558205,13.1248712197787,120.106407387129,1333,1405,1405,1409,1408,18.0799999999997,904,50,1,0.383695652173913,1.82953219065992e-45,-1.82953219065992e-45,0.0649425275258045,1.46199806856186e-30
18.1,0,0,13,232.917990405292,-1.21528774712129,-120.104294372752,13.1259567589945,-0.00213310506768709,0.0415430380726885,0.00395262614747353,-0.0379908040211602,0.00298328702442893,0.0274078389821715,-0.283216575894449,-0.702618050396161,0.18133785185343,-0.00931111588169217,13.1260226730393,120.104294372752,1333,1405,1405,1409,1409,18.1199999999997,906,50,1,0.383695652173913,8.95632224828524e-46,-8.95632224828524e-46,0.0555525023675189,7.15708960752832e-31
18.12,0,0,13,233.180493507024,-1.21854898916301,-120.102151907878,13.127119339623,-0.00203785220674046,0.0429618417592805,0.0035016151038397,0.0643890848881112,0.00187930070503998,0.0274821128203147,-0.2829330999562,-0.702569414691647,0.187514363270437,-0.00889454125147058,13.127189799397,120.102151907878,1333,1405,1405,1409,1409,18.1199999999997,906,50,1,0.383695652173913,5.83449812436736e-46,-5.83449812436736e-46,0.0524136215306151,4.66240770859356e-31
18.14,0,0,13,233.443019893861,-1.22180840668004,-120.099984701906,13.1282924130045,-0.00193817511532513,0.0445735598472217,0.00306776879238636,0.154660757524161,0.00085145426241378,0.0275476385354299,-0.280721289512906,-0.70254117140198,0.194531547858994,-0.00845872484448645,13.1283682245781,120.099984701906,1332,1405,1405,1410,1409,18.1599999999997,908,50,1,0.383695652173913,2.85622989448473e-46,-2.85622989448473e-46,0.0494190809342008,2.28244280719602e-31
18.16,0,0,13,233.705569788121,-1.22506600948952,-120.097797920379,13.1294717418492,-0.00183446810028183,0.0463040850990517,0.00265160342876346,0.232265411856246,-0.000100234295006073,0.0276047572319579,-0.276830857485114,-0.702531913314385,0.202065833518834,-0.00800539637342569,13.1295535207252,120.097797920379,1332,1405,1405,1409,1409,18.1799999999997,909,50,1,0.382608695652174,1.61296478203583e-46,-1.61296478203583e-46,0.0481690229931534,1.28893681566986e-31
18.18,0,0,13,233.96814284314,-1.22832180119945,-120.095596966833,13.1306047551261,-0.0017271218442902,0.0480894315199834,0.00225355766203972,0.297577435153179,-0.000975930016611142,0.0276538180293895,-0.271512459165212,-0.702540236673884,0.209838708696864,-0.00753629630960831,13.1306929296102,120.095596966833,1332,1405,1405,1409,1409,18.1999999999997,910,50,1,0.382608695652174,9.10870442575931e-47,-9.10870442575931e-47,0.0474630926202843,7.27885977931742e-32
18.2,0,0,13,234.230738633116,-1.23157578523696,-120.093387294343,13.1317363486654,-0.00161652254400593,0.0498761523854012,0.00187400035117733,0.351465173346476,-0.00177597553785636,0.0276951771281628,-0.265003803652463,-0.702564737817208,0.217616255209743,-0.00705308485326935,13.1318311660858,120.093387294343,1332,1405,1405,1409,1409,18.2199999999997,911,50,1,0.382608695652174,5.14385045723856e-47,-5.14385045723856e-47,0.0470644409458493,4.11050402493395e-32
18.22,0,0,13,234.493357135852,-1.23482797075809,-120.091174282119,13.1328623651011,-0.001503051058419,0.0516206665144995,0.00151323695361091,0.395037472896331,-0.00250088551405669,0.0277291969412498,-0.257522521967056,-0.702604012965595,0.22520841328979,-0.0065574292954931,13.1329639020696,120.091174282119,1332,1405,1405,1409,1409,18.2399999999997,912,50,1,0.382608695652174,2.90482557010051e-47,-2.90482557010051e-47,0.0468393151209272,2.32127611346603e-32
18.24,0,0,13,234.755998248073,-1.23807836668616,-120.088963137213,13.1339793095684,-0.00138708216158315,0.0532892672975786,0.00117151557227536,0.429493328487048,-0.00315133819340847,0.0277562452840758,-0.249262985605909,-0.702656659778521,0.232468262918006,-0.00605096881756205,13.1340874892082,120.088963137213,1332,1405,1405,1408,1409,18.2599999999997,913,50,1,0.382608695652174,1.64040764070728e-47,-1.64040764070728e-47,0.0467121824878617,1.31086668745801e-32
18.26,0,0,13,235.018661794248,-1.24132698179132,-120.086758816104,13.1350839632093,-0.00126898382526274,0.0548570681778013,0.000849030758355137,0.456033534611952,-0.00372816886496236,0.027776694581872,-0.240395461921535,-0.702721279928045,0.239287409052838,-0.00553531164000234,13.1351985759183,120.086758816104,1332,1405,1405,1408,1409,18.2599999999997,913,50,1,0.382608695652174,1.06862560742909e-47,-1.06862560742909e-47,0.0466546918799383,8.53949759426501e-33
18.28,0,0,13,235.281347531946,-1.24457382471727,-120.084565969202,13.1361733940167,-0.00114911654482497,0.0563068386516512,0.000545926244980356,0.475809276826902,-0.0042323632115561,0.0277909210694305,-0.231066637302112,-0.702796482242564,0.245590885391716,-0.00501203213536018,13.1362941204214,120.084565969202,1332,1405,1405,1407,1409,18.2999999999997,915,50,1,0.382608695652174,5.23136753305895e-48,-5.23136753305895e-48,0.0465998449557367,4.1804398240791e-33
18.3,0,0,13,235.544055157554,-1.24781890400362,-120.082388904483,13.1372449567665,-0.00102783270711941,0.0576278372832287,0.000262296931233399,0.489893096599387,-0.00466505051145323,0.0277993039734334,-0.22140092739593,-0.702880886136048,0.251332048056649,-0.00448266814331197,13.1373713914982,120.082388904483,1332,1405,1405,1407,1409,18.2999999999997,915,50,1,0.382608695652174,3.40791713533449e-48,-3.40791713533449e-48,0.0465815108238853,2.72330177906338e-33
18.32,0,0,13,235.80678431212,-1.25106222810292,-120.080231566893,13.1382962865823,-0.000905475999599239,0.058814703681086,-1.80961574990226e-06,0.499263674035852,-0.00502749665732045,0.0278022246746073,-0.211502219524642,-0.702973125144009,0.256487729513669,-0.0039487184783413,13.1384279616428,120.080231566893,1331,1405,1405,1406,1408,18.3399999999997,917,50,1,0.381521739130435,1.66831741006422e-48,-1.66831741006422e-48,0.0465640197801084,1.33316967239709e-33
18.34,0,0,13,236.0695341066,-1.25430379949758,-120.078097527717,13.1392772365219,-0.000782380912605594,0.059867115234262,-0.000246391520717233,0.504798330859477,-0.00532109648734505,0.02780006585458,-0.201455831803389,-0.703071850449694,0.261057685002613,-0.0034116533275662,13.1394136468029,120.078097527717,1331,1405,1405,1406,1408,18.3599999999997,918,50,1,0.381521739130435,9.42129074724316e-49,-9.42129074724316e-49,0.0465567182199971,7.52865073713785e-34
18.36,0,0,13,236.332303612828,-1.25754362066539,-120.075989972446,13.1402344838274,-0.000658872180564422,0.0607880840185943,-0.000471492113774877,0.507271117242792,-0.00554736732931983,0.027793210633354,-0.191330574565108,-0.703175734336653,0.265054312227014,-0.00287287043919487,13.1403751055759,120.075989972446,1331,1405,1405,1405,1408,18.3799999999997,919,50,1,0.381521739130435,5.32037361767224e-49,-5.32037361767224e-49,0.0465525948966833,4.25156550552881e-34
18.38,0,0,13,236.595092345455,-1.26078169991925,-120.073911724843,13.1411660436697,-0.00053526425429242,0.0615825518048571,-0.000677199133498061,0.507357980623943,-0.00570794176683483,0.0277820416821457,-0.181180766492259,-0.703283473514314,0.268499345471874,-0.00233373856103805,13.1413103488386,120.073911724843,1331,1405,1405,1405,1408,18.3999999999997,920,50,1,0.381521739130435,3.00451139775149e-49,-3.00451139775149e-49,0.0465502663812851,2.4009360878752e-34
18.4,0,0,13,236.857899782103,-1.2640180454495,-120.071865269285,13.1420705482468,-0.000411860921241015,0.0622574363669104,-0.000863643080212397,0.505641782973315,-0.00580455930107472,0.0277669403461547,-0.171048147700163,-0.703393792244118,0.271423110278078,-0.00179557914072225,13.1422180187786,120.071865269285,1331,1405,1405,1405,1408,18.3999999999997,920,50,1,0.381521739130435,1.95725607329255e-49,-1.95725607329255e-49,0.0465492134040708,1.56406354227772e-34
18.42,0,0,13,237.120725372026,-1.26725266536141,-120.069852770784,13.1429468278637,-0.000288954915577464,0.0628210369935046,-0.00103099600409973,0.502618575719647,-0.0058390586253145,0.0277482857787506,-0.160963680515537,-0.7035054452645,0.273861936785011,-0.00125966483964483,13.1430969670864,120.069852770784,1331,1405,1405,1404,1408,18.4399999999997,922,50,1,0.381521739130435,9.58158386297558e-50,-9.58158386297558e-50,0.046548208847613,7.65674262139162e-35
18.44,0,0,13,237.383568540373,-1.27048556765925,-120.067876097943,13.1437938942783,-0.000166827568257697,0.063282540770425,-0.00117947017218757,0.498704718163765,-0.00581336983107559,0.0277264540907657,-0.150949215483354,-0.703617220503314,0.275856005975849,-0.000727218096951715,13.1439462355514,120.067876097943,1331,1405,1405,1404,1408,18.4399999999997,922,50,1,0.381521739130435,6.24181796135158e-50,-6.24181796135158e-50,0.0465478730462747,4.98790119703722e-35
18.46,0,0,13,237.646428692087,-1.27371676022643,-120.065936847623,13.1446109220455,-4.57484963766052e-05,0.0636516150393487,-0.00130931661052021,0.494244408152461,-0.00572950658366079,0.0277018175212502,-0.141019010287682,-0.703727941568016,0.277447572781938,-0.000199409860465313,13.1447650348778,120.065936847623,1330,1405,1405,1402,1407,18.4799999999997,924,50,1,0.381521739130435,3.05562992345245e-50,-3.05562992345245e-50,0.0465475526866331,2.44178542970371e-35
18.48,0,0,13,237.90930521634,-1.27694625075197,-120.064036498256,13.1453974531435,7.40246723170361e-05,0.0638913677902639,-0.00142083182045853,0.470698020745295,-0.00558955664212375,0.0276747437382722,-0.131272551758861,-0.703836514185323,0.278475938777464,0.00032264153466783,13.1455527199685,120.064036498256,1330,1405,1405,1402,1407,18.4999999999997,925,50,1,0.380434782608696,1.72556959192278e-50,-1.72556959192278e-50,0.0976430465914646,1.37892048220819e-35
18.5,0,0,13,238.172197016895,-1.28017404051075,-120.062177235445,13.1461062890395,0.000192246526442226,0.0637792755700925,-0.00151440766003357,0.390221453549927,-0.00539565934938361,0.027645595869022,-0.122601517770017,-0.70394226858967,0.277972394215419,0.000837874326996848,13.146261004395,120.062177235445,1330,1405,1405,1401,1407,18.5199999999997,926,50,1,0.380434782608696,9.74460419344328e-51,-9.74460419344328e-51,0.136185487564816,7.78701385110643e-36
18.52,0,0,13,238.435102991757,-1.28340013107523,-120.060360149548,13.1467866571592,0.000308684090845851,0.0632268346016361,-0.00159043037902606,0.283768886392161,-0.00515000986129985,0.0276147310810964,-0.115841567736611,-0.704044549894208,0.275550439798744,0.00134527862461374,13.1469386982963,120.060360149548,1330,1404,1404,1401,1407,18.5399999999997,927,50,1,0.380434782608696,5.50295457983022e-51,-5.50295457983022e-51,0.157951102448883,4.39746783804523e-36
18.54,0,0,13,238.698022531936,-1.28662460227245,-120.058584398347,13.1474402633557,0.000407857413758521,0.0622495954535678,-0.0438465644144682,0.171280481051724,-0.00453951518153562,0.0273744472975644,-0.111293599704409,-0.704141626729437,0.271278087055585,0.00177739894963874,13.1475876364065,120.058584398347,1330,1404,1404,1400,1407,18.5599999999997,928,50,1,0.380434782608696,-0.156097142432776,0.156097142432776,0.170242539610556,2.48332977909042e-36
18.56,0,0,13,238.960955061714,-1.28984820068112,-120.056847668237,13.148069884589,0.000442364591863359,0.0609097385559471,-0.197721530394059,0.0633664123556259,0.000819268720053844,0.0250497745091478,-0.10896129498932,-0.704190382105222,0.26542648587286,0.00192768614451978,13.1482109764779,120.056847668237,1330,1404,1404,1400,1407,18.5799999999997,929,50,1,0.380434782608696,-0.27384453032394,0.27384453032394,0.177183736921273,1.40238132917389e-36
18.58,0,0,13,239.223900066719,-1.29307183590258,-120.055146568343,13.148678772784,0.000389650056603517,0.0592869297667896,-0.378645193455911,-0.0346777550161718,0.0147193644265615,0.0192770846021635,-0.108694023541256,-0.704050037309823,0.258342902313182,0.00169789506367092,13.1488124392178,120.055146568343,1330,1404,1404,1400,1407,18.5799999999997,929,50,1,0.380434782608696,-0.327091039485601,0.327091039485601,0.180322613569133,9.13565971376185e-37
18.6,0,0,13,239.486857108632,-1.29629627127062,-120.053476957371,13.149270466035,0.000211761949560902,0.0574627332768156,-0.54444941243634,-0.120576686218677,0.0373826200517066,0.00999815071995832,-0.110268096456612,-0.703543200474343,0.25038279853251,0.000922708993596219,13.1493960241335,120.053476957371,1330,1404,1404,1400,1407,18.6199999999997,931,50,1,0.380434782608696,-0.377889028191418,0.377889028191418,0.183317150169134,4.47228601742258e-37
18.62,0,0,13,239.749825828436,-1.29952227971092,-120.051834213163,13.149848622327,-0.000130603756039188,0.0555126997707384,-0.680442169896337,-0.1937575365503,0.0675135463566243,-0.00230878136560654,-0.113432768730107,-0.702505479644619,0.241875370829437,-0.000569054256500753,13.1499657971802,120.051834213163,1330,1404,1404,1400,1407,18.6199999999997,931,50,1,0.380434782608696,-0.394869689117683,0.394869689117683,0.184318158514767,2.91342178819908e-37
18.64,0,0,13,240.012805946891,-1.30275070021651,-120.050213452482,13.1504168964776,-0.000670691413044945,0.0535027629214119,-0.784722958604527,-0.254589251576891,0.103370520550108,-0.0170160619394583,-0.117935999326455,-0.700803941573611,0.233107864017174,-0.00292214836618042,13.1505257517193,120.050213452482,1330,1404,1404,1401,1408,18.6599999999997,933,50,1,0.380434782608696,-0.411069500814837,0.411069500814837,0.185273135872654,1.42624133718436e-37
18.66,0,0,13,240.275797262897,-1.30598244396659,-120.048609707659,13.1509788451009,-0.00143349184287954,0.0514880277713391,-0.860705445176342,-0.303940946878114,0.143249538433561,-0.033519368256843,-0.123538509894131,-0.698340647087707,0.224320307141152,-0.00624534521190196,13.1510797144643,120.048609707659,1330,1404,1404,1401,1408,18.6799999999997,934,50,1,0.380434782608696,-0.417832041713346,0.417832041713346,0.185671787015062,8.05424329464589e-38
18.68,0,0,13,240.538799650233,-1.30921848009049,-120.047018065931,13.1515378539124,-0.00243590413163844,0.0495128553463182,-0.91346621095377,-0.342924034209501,0.185672201964643,-0.0513031108789297,-0.130021029947614,-0.69504976554302,0.21570589474825,-0.0106121456605679,13.151631282064,120.047018065931,1330,1405,1405,1401,1408,18.6999999999997,935,50,1,0.380434782608696,-0.421650971109554,0.421650971109554,0.185896912539539,4.54837714754601e-38
18.7,0,0,13,240.801813053105,-1.31245981560068,-120.045433776682,13.1520970843999,-0.00368781478821677,0.0476116176688932,-0.948083137227247,-0.372740952503679,0.229432000333422,-0.0699548449971805,-0.137187546757824,-0.690892482428627,0.207414286426412,-0.0160654861043212,13.1521837800266,120.045433776682,1330,1405,1405,1402,1409,18.7199999999997,936,50,1,0.380434782608696,-0.42380758974626,0.42380758974626,0.186024045002937,2.56855100094519e-38
18.72,0,0,13,241.064837480884,-1.31570747599547,-120.043852331283,13.1526594374175,-0.00519340573555394,0.0458097668400253,-0.968977541027065,-0.394596398023251,0.273578378514955,-0.0891576207847701,-0.144866202470077,-0.685851663418466,0.19955627222965,-0.0226234406124824,13.1527402385544,120.043852331283,1329,1405,1405,1402,1409,18.7399999999997,937,50,1,0.380434782608696,-0.425025471372667,0.425025471372667,0.186095839008914,1.45050729753492e-38
18.74,0,0,13,241.327873002341,-1.31896248900867,-120.042269519762,13.1532275312843,-0.00695238859238664,0.0441250165198878,-0.979739177065171,-0.409645709083439,0.317378195405383,-0.10867459626653,-0.152908809122404,-0.679927088558719,0.19220892572486,-0.0302846008243797,13.1533033813763,120.042269519762,1329,1405,1405,1403,1410,18.7599999999997,938,50,1,0.379347826086956,-0.42571323119756,0.42571323119756,0.186136382385141,8.1912775702247e-39
18.76,0,0,13,241.590919266182,-1.32222586645661,-120.040681464914,13.1537563500287,-0.00896105156811544,0.0425691919647539,-0.983164437223363,-0.418966373620322,0.360273125550566,-0.128332584013491,-0.161189568364613,-0.673131508017706,0.185424334839906,-0.0390327791605617,13.1538282850458,120.040681464914,1329,1405,1405,1403,1410,18.7599999999997,938,50,1,0.379347826086956,-0.426024242851178,0.426024242851178,0.186154716492524,5.33611814032245e-39
18.78,0,0,13,241.853975973105,-1.32549860083473,-120.03908463008,13.1542957216099,-0.0112131073896909,0.0411485630941504,-0.981375715265657,-0.423544115383524,0.401841132539276,-0.14800731032646,-0.169603377761873,-0.665487514632478,0.179229003072076,-0.0488403517235581,13.1543648599842,120.03908463008,1329,1405,1405,1403,1410,18.7999999999997,940,50,1,0.379347826086956,-0.426320952752288,0.426320952752288,0.186172207512958,2.61225213000541e-39
18.8,0,0,13,242.117043339439,-1.32878166465479,-120.037475841454,13.1548470251327,-0.0137003568512852,0.0398642698201715,-0.97595621530543,-0.424264068807813,0.441764554568694,-0.167611296579145,-0.178063907025436,-0.657025121706913,0.17362782083795,-0.0596714455003353,13.1549145612744,120.037475841454,1329,1405,1405,1403,1410,18.7999999999997,940,50,1,0.379347826086956,-0.426420136408031,0.426420136408031,0.186178054380025,1.70172306560422e-39
18.82,0,0,13,242.380121613797,-1.3320760008302,-120.035852291685,13.1554117527433,-0.0164131914757845,0.038713973890533,-0.968072408774857,-0.421909342668227,0.479804738191383,-0.187084328098965,-0.186501566953644,-0.647779916509075,0.168610527032529,-0.0714840445607125,13.1554789555092,120.035852291685,1329,1406,1406,1403,1410,18.8399999999997,942,50,1,0.379347826086956,-0.426514759141118,0.426514759141118,0.186183632381136,8.33064333642235e-40
18.84,0,0,13,242.643211075552,-1.33538252051826,-120.03421152955,13.1559911398901,-0.0193409765067046,0.0376926612282685,-0.95857686225853,-0.417163737483642,0.515782670305591,-0.206386185622524,-0.194861493938659,-0.637791662835257,0.16415521072618,-0.084231660483069,13.156059352365,120.03421152955,1329,1406,1406,1404,1411,18.8599999999997,943,50,1,0.379347826086956,-0.426554258989289,0.426554258989289,0.186185960893426,4.70446526006088e-40
18.86,0,0,13,242.906312029856,-1.33870210220891,-120.032551443699,13.1565861880661,-0.0224723399655863,0.0367933402549326,-0.948089550747339,-0.410616756789144,0.549564453127736,-0.225491216275087,-0.203101611501248,-0.627103244482167,0.160231353710867,-0.0978645927118507,13.1566568276277,120.032551443699,1329,1406,1406,1404,1412,18.8799999999997,944,50,1,0.379347826086956,-0.426576565269367,0.426576565269367,0.186187275846514,2.65669678671233e-40
18.88,0,0,13,243.169424803082,-1.3420355917566,-120.030870242112,13.1571976870358,-0.0257953911261429,0.0360076360857258,-0.937060068224052,-0.402770048878753,0.58105055892727,-0.244384334829661,-0.211190806274677,-0.615759863404772,0.156802419211506,-0.112330881486681,13.1572722449526,120.030870242112,1329,1406,1406,1404,1413,18.8999999999997,945,50,1,0.379347826086956,-0.426589162029962,0.426589162029962,0.186188018424352,1.50028482013623e-40
18.9,0,0,13,243.432549738701,-1.34538380308972,-120.029166428683,13.1578262377033,-0.0292978866427993,0.03532628843327,-0.925814177216976,-0.394044675760074,0.610167950521389,-0.263058107012562,-0.219107241134309,-0.603808426018511,0.153828020927467,-0.127577032770145,13.1579062777636,120.029166428683,1329,1406,1406,1404,1413,18.8999999999997,945,50,1,0.379347826086956,-0.4265948584071,0.4265948584071,0.186188354225243,9.77344129257697e-41
18.92,0,0,13,243.695687193587,-1.34874751940034,-120.027438778118,13.1584722748692,-0.0329673581849413,0.0347395620321432,-0.914588100464511,-0.384788779617353,0.636864331827005,-0.281510636128553,-0.226836817792435,-0.591297067523843,0.151265710831009,-0.143548575490538,13.1585594307423,120.027438778118,1329,1406,1406,1404,1415,18.9399999999997,947,50,1,0.379347826086956,-0.426600292838503,0.426600292838503,0.186188674584457,4.78450666995058e-41
18.94,0,0,13,243.958837534731,-1.35212749466949,-120.025686310086,13.159136089307,-0.0367912118889277,0.0342375787767186,-0.903553498977214,-0.375285336054654,0.661103959189608,-0.299744038105845,-0.234371793732676,-0.578274777129733,0.149072425796455,-0.160190495994884,13.1592320604956,120.025686310086,1329,1406,1406,1404,1415,18.9399999999997,947,50,1,0.379347826086956,-0.426602109450526,0.426602109450526,0.186188781673563,3.11681451582366e-41
18.96,0,0,13,244.222001137232,-1.35552436803124,-120.023908263889,13.1598178565241,-0.0407362158108156,0.0338105832566111,-0.892688002614831,-0.365759609912147,0.680623635289884,-0.31776249654002,-0.241709611775505,-0.564801906561834,0.147205643889892,-0.177357932049417,13.1599243391331,120.023908263889,1329,1407,1407,1404,1417,18.9799999999997,949,50,1,0.379347826086956,-0.426603842526336,0.426603842526336,0.186188883838217,0.0794002852725108
18.98,0,0,13,244.485178388622,-1.35893795901928,-120.022104077255,13.160517732158,-0.0447242963844246,0.0334491668194122,-0.882256926421427,-0.356385342033929,0.690389243428805,-0.335569169638654,-0.248852320578919,-0.551037626506206,0.145624359103602,-0.194710826379272,13.1606362341603,120.022104077255,1329,1407,1407,1404,1419,18.9999999999997,950,50,1,0.379347826086956,-0.426604565991291,0.426604565991291,0.186188926486407,0.139293605822422
19,0,0,13,244.748369679091,-1.36236800726298,-120.020273358556,13.1612358321956,-0.048740286428007,0.0331443977346817,-0.873104945863565,-0.347293308942516,0.693375753327128,-0.353181441486106,-0.255805191428199,-0.537148927192503,0.144289648355483,-0.212183044096797,13.1613678163515,120.020273358556,1328,1407,1407,1404,1420,19.0199999999997,951,50,1,0.379347826086956,-0.426604974545062,0.426604974545062,0.186188950570613,0.173116449324176
19.02,0,0,13,245.011575395057,-1.36581466720314,-120.018415861279,13.1619721885668,-0.0527739737696811,0.0328879106462106,-0.86549659294257,-0.338578394427785,0.691666913869861,-0.370627717446939,-0.262575553694011,-0.523248904164666,0.143165061314872,-0.229730034293149,13.1621190770931,120.018415861279,1328,1408,1408,1404,1421,19.0399999999997,952,50,1,0.378260869565217,-0.42660520526278,0.42660520526278,0.1861889641714,0.19221682198745
19.04,0,0,13,245.274795449678,-1.36927832815258,-120.016531461489,13.1626797771649,-0.0568156482050415,0.0326726418018428,-0.859402268238192,-0.330305563202267,0.686487300818499,-0.387938455138477,-0.2691722064391,-0.509418292786204,0.142220328061403,-0.247310324524859,13.1628429465518,120.016531461489,1328,1408,1408,1404,1422,19.0599999999997,953,50,1,0.378260869565217,-0.426605335553257,0.426605335553257,0.186188971852011,0.203003148567502
19.06,0,0,13,245.538029757871,-1.37275942639745,-120.014620125273,13.1634059407135,-0.0608355454222905,0.0324920975670665,-0.854531711696371,-0.322516014945414,0.676327170091056,-0.405141396384241,-0.275605014421408,-0.495729478961609,0.141426640308261,-0.264793517606496,13.1635866183956,120.014620125273,1328,1408,1408,1404,1424,19.0799999999997,954,50,1,0.378260869565217,-0.42660540913065,0.42660540913065,0.186188976189392,0.288494667929662
19.08,0,0,13,245.801278707616,-1.37625768428846,-120.012681909464,13.1641502907757,-0.0647595528511589,0.0323398007901381,-0.850889407217205,-0.315228466280189,0.656610501345818,-0.422257905638516,-0.281885126488912,-0.482341818600021,0.140755789554764,-0.281857001958181,13.1643493018277,120.012681909464,1328,1408,1408,1404,1424,19.0799999999997,954,50,1,0.378260869565217,-0.42660544240306,0.42660544240306,0.186188978150797,0.339209994841886
19.1,0,0,13,246.064542678968,-1.37977281216441,-120.010716947663,13.1649128634123,-0.0685769343603081,0.0322099852033489,-0.849093690931801,-0.308444448541702,0.630602701672489,-0.439318726515214,-0.288024018727744,-0.469415145565995,0.140182661825428,-0.298454053873092,13.165130875928,120.010716947663,1328,1409,1409,1404,1426,19.1199999999997,956,50,1,0.378260869565217,-0.42660547414545,0.42660547414545,0.186188980022008,0.387593196750528
19.12,0,0,13,246.327822043596,-1.38330498417196,-120.008725432499,13.1656936294058,-0.0722822736308569,0.0320975557230999,-0.849223422704268,-0.302152685677324,0.600575472203501,-0.456361572124646,-0.29403274144822,-0.457050706216717,0.139685069682373,-0.314561117058318,13.1659311757103,120.008725432499,1328,1409,1409,1404,1426,19.1199999999997,956,50,1,0.378260869565217,-0.42660548475624,0.42660548475624,0.186188980647513,0.403766647059665
19.14,0,0,13,246.591117166031,-1.38685465146663,-120.006707604312,13.1664925100822,-0.0758709544326061,0.0319980664015179,-0.851102319563877,-0.296331833319016,0.567879367203071,-0.473422936858678,-0.299921808931606,-0.445314306943526,0.139243655561042,-0.330158128413128,13.166749989881,120.006707604312,1328,1409,1409,1404,1428,19.1599999999997,958,50,1,0.378260869565217,-0.426605494879096,0.426605494879096,0.186188981244255,0.419196367412661
19.16,0,0,13,246.854428404876,-1.39042234332962,-120.004663741796,13.1673093893877,-0.0793185277489206,0.0319076899269194,-0.854325664978549,-0.290952864162112,0.531091137388893,-0.490534030216597,-0.30570119437884,-0.434261312952332,0.138841758352965,-0.345138739474804,13.1675869499836,120.004663741796,1328,1409,1409,1404,1428,19.1799999999997,959,50,1,0.378260869565217,-0.426605499104839,0.426605499104839,0.186188981493362,0.505037722303162
19.18,0,0,13,247.117756117631,-1.39400789759431,-120.002594159225,13.1681442506374,-0.0825563433904643,0.0318232011098135,-0.858809269399718,-0.28598022152252,0.485695317341525,-0.507717631356571,-0.311381015722625,-0.424032631338464,0.138465339523947,-0.359204317206196,13.1684414898483,120.002594159225,1328,1410,1410,1404,1429,19.1999999999997,960,50,1,0.378260869565217,-0.426605501491192,0.426605501491192,0.186188981634037,0.568568431591465
19.2,0,0,13,247.381100656307,-1.39761109304387,-120.000499193531,13.1689971978327,-0.0855641102421761,0.0317422028689217,-0.822772835386795,-0.281373676217348,0.434688193829918,-0.524795641131118,-0.31697076524951,-0.414769439432325,0.138103965501979,-0.372266702957503,13.1693134210152,120.000499193531,1328,1410,1410,1404,1430,19.2199999999997,961,50,1,0.378260869565217,-0.270508360406033,0.270508360406033,0.186188981713479,0.604445374430577
19.22,0,0,13,247.644462369988,-1.40123152778882,-119.998379200346,13.1698683607534,-0.0882957371419566,0.0316652217524986,-0.67661900305784,-0.277084020080721,0.375963313917835,-0.539923352094561,-0.322479129478943,-0.406595197211132,0.137759924242259,-0.384125530376593,13.1702024078235,119.998379200346,1327,1410,1410,1404,1430,19.2399999999997,962,50,1,0.378260869565217,-0.152760973275893,0.152760973275893,0.186188981758341,0.62470573421406
19.24,0,0,13,247.907841601502,-1.40486893799813,-119.996234551092,13.1707579038994,-0.0907304498796347,0.0315923889706228,-0.504996090122333,-0.273078057248302,0.307089870481827,-0.551767319445806,-0.327914801613631,-0.399695533434541,0.13743378280819,-0.394690624922518,13.1711083002421,119.996234551092,1327,1410,1410,1404,1430,19.2599999999997,963,50,1,0.377173913043478,-0.0862668899444398,0.0862668899444398,0.186188981783676,0.63614712654219
19.26,0,0,13,248.171238219678,-1.40852339307901,-119.994065628999,13.1716194379702,-0.0928321103901733,0.0315227793390193,-0.349903623486988,-0.269336983982398,0.228696311939125,-0.56029842228664,-0.333286127162834,-0.394270708324496,0.137121997407611,-0.403806445902222,13.171984288825,119.994065628999,1327,1410,1410,1404,1430,19.2599999999997,963,50,1,0.377173913043478,-0.0561976214815412,0.0561976214815412,0.186188981795132,0.641321034960312
19.28,0,0,13,248.434652092391,-1.41219507850223,-119.991872812504,13.1725002508805,-0.094563762534911,0.0314547545774099,-0.225772100678925,-0.265844813678814,0.142621916554416,-0.566019620430915,-0.338600683066893,-0.390494004096549,0.136816946144875,-0.411311130387472,13.1728772318813,119.991872812504,1327,1410,1410,1404,1430,19.2999999999997,965,50,1,0.377173913043478,-0.0275110768832271,0.0275110768832271,0.186188981806062,0.646257023169242
19.3,0,0,13,248.6980835499,-1.41588420543701,-119.989656483323,13.1734001221489,-0.0958952169275125,0.0313859789624281,-0.134237217288609,-0.262581299591474,0.0509668890525867,-0.569578118723668,-0.343865068165817,-0.388498216975245,0.136508472463983,-0.417073687430223,13.1737865380663,119.989656483323,1327,1410,1410,1404,1430,19.2999999999997,965,50,1,0.377173913043478,-0.0179217899964739,0.0179217899964739,0.186188981809716,0.647907016490775
19.32,0,0,13,248.961532914445,-1.41959097990463,-119.987417028583,13.1743191064294,-0.0968052491753414,0.0313144261766094,-0.0716527904156848,-0.259520931200734,-0.0443187319368523,-0.571593001059253,-0.349084814435305,-0.388375171428678,0.136187765332463,-0.421002154104614,13.1747119804413,119.987417028583,1327,1411,1411,1405,1429,19.3399999999997,967,50,1,0.377173913043478,-0.00877346281710503,0.00877346281710503,0.186188981813201,0.649481135497477
19.34,0,0,13,249.2250005038,-1.42331560458343,-119.985154836112,13.1752571556626,-0.0972813720120521,0.0312384846407168,-0.0327513391525478,-0.256634304514499,-0.141579825414247,-0.572590573385829,-0.35426439135791,-0.390180480317671,0.135847820899394,-0.423042603393432,13.1756533282453,119.985154836112,1327,1411,1411,1405,1428,19.3599999999997,968,50,1,0.377173913043478,-0.00495453344558046,0.00495453344558046,0.186188981814656,0.65013824462695
19.36,0,0,13,249.488486631037,-1.42705829158304,-119.982870290678,13.1762141265068,-0.0973186688173159,0.0311569718513145,-0.0123036025970647,-0.253890023760199,-0.239476621801935,-0.572990744065651,-0.359407265148627,-0.393939792194003,0.1354835042226,-0.423174058924203,13.176610352733,119.982870290678,1327,1411,1411,1405,1427,19.3799999999997,969,50,1,0.377173913043478,-0.00279791482281283,0.00279791482281283,0.186188981815478,0.6505093260605
19.38,0,0,13,249.751991604347,-1.43081927750352,-119.980563771207,13.1771897894558,-0.0969183997560861,0.0310690997613242,-0.00577017963540057,-0.251256495078953,-0.336953294593969,-0.57311537115446,-0.364515986591803,-0.39965484455884,0.135091398041341,-0.421402422561326,13.1775828288996,119.980563771207,1327,1411,1411,1406,1426,19.3999999999997,970,50,1,0.377173913043478,-0.00158003320427653,0.00158003320427653,0.186188981815942,0.650718882470766
19.4,0,0,13,250.015515726892,-1.43459883702273,-119.978235648948,13.1781838392939,-0.0960866916604358,0.0309744187775114,-0.00946957519095811,-0.248703356768525,-0.433190131933361,-0.573204214356832,-0.369592291420211,-0.407308683349446,0.134669558593354,-0.417754768148212,13.1785705358798,119.978235648948,1327,1411,1411,1406,1426,19.3999999999997,970,50,1,0.377173913043478,-0.00102929534146168,0.00102929534146168,0.186188981816152,0.650813645908996
19.42,0,0,13,250.279059296712,-1.43839729370592,-119.975886286436,13.1791959056459,-0.094833423940329,0.0308727557960381,-0.0205330901548292,-0.246202492670847,-0.527555435351954,-0.573431819997841,-0.374637203729483,-0.416869904148532,0.134217245586416,-0.412274489540525,13.1795732565489,119.975886286436,1326,1412,1412,1407,1423,19.4399999999997,972,50,1,0.376086956521739,-0.00050388294963339,0.00050388294963339,0.186188981816352,0.65090405168659
19.44,0,0,13,250.542622143743,-1.44221502444805,-119.973516035791,13.1801792808527,-0.0931713372403486,0.0307648058565223,-0.0367812879521946,-0.243729321134004,-0.619563299862439,-0.573922579044505,-0.379651140379639,-0.428295983418354,0.133737963217756,-0.405018840891672,13.180544497356,119.973516035791,1326,1412,1412,1407,1423,19.4399999999997,972,50,1,0.376086956521739,-0.000328249033815144,0.000328249033815144,0.186188981816419,0.650934272368436
19.46,0,0,13,250.806204096489,-1.44605255561436,-119.971125222895,13.1811802191886,-0.0911359873602708,0.0306513109347852,-0.0567335066454581,-0.241264426212279,-0.70659153754226,-0.574763981206743,-0.384633928333806,-0.441524999083815,0.133234472060202,-0.396141318783558,13.1815309141913,119.971125222895,1326,1412,1412,1407,1420,19.4799999999997,974,50,1,0.376086956521739,-0.000160691576761832,0.000160691576761832,0.186188981816483,0.57156281809122
19.48,0,0,13,251.069805436544,-1.44991127858695,-119.96871415269,13.1821977551298,-0.0888095747405313,0.0305324167086006,-0.07901088298853,-0.238791587704098,-0.783312195709753,-0.576018844810502,-0.389584028256605,-0.456389610539201,0.132707422535859,-0.385999609208334,13.1825322690439,119.96871415269,1326,1412,1412,1408,1418,19.4999999999997,975,50,1,0.376086956521739,-9.07454454514075e-05,9.07454454514075e-05,0.186188981816509,0.511681532914835
19.5,0,0,13,251.333426434696,-1.45379270637642,-119.966282996081,13.1832310799518,-0.0862124547333072,0.0304554097715317,-0.101947919627346,-0.217370915194565,-0.852488521534127,-0.577716595516579,-0.394407539609952,-0.472710571865737,0.132362341862046,-0.37468251703694,13.183548150128,119.966282996081,1326,1412,1412,1408,1416,19.5199999999997,976,50,1,0.376086956521739,-5.12455975360764e-05,5.12455975360764e-05,0.135093354178954,0.477865486006615
19.52,0,0,13,251.5970673511,-1.45769805890513,-119.963830987305,13.1842791190421,-0.0833816541480465,0.0306552990524446,-0.124818642881529,-0.138719874192835,-0.913783950491823,-0.57986230840512,-0.39820912270291,-0.490355968212848,0.133220487395474,-0.362351268674609,13.1845784208831,119.963830987305,1326,1412,1412,1409,1414,19.5399999999997,977,50,1,0.376086956521739,-2.89393176017385e-05,2.89393176017385e-05,0.0965508376843103,0.379368666230369
19.54,0,0,13,251.860728436606,-1.46162916813224,-119.961358242256,13.18533988862,-0.0803995318508558,0.0312316966235871,-0.147032313963596,-0.0338055368002644,-0.963240232827743,-0.582452229129569,-0.400145283217278,-0.509123814522691,0.135714442864499,-0.349364057000597,13.1856219982992,119.961358242256,1326,1412,1412,1409,1412,19.5599999999997,978,50,1,0.376086956521739,-1.63425570882399e-05,1.63425570882399e-05,0.0747851801520018,0.308691186578652
19.56,0,0,13,252.12440991576,-1.46558785210127,-119.958866647165,13.1864101351455,-0.0772854454746101,0.0321780253931802,-0.167632397945164,0.0774458326905421,-1.00445914076413,-0.585464437726911,-0.399907496001759,-0.528815632830638,0.13981526205181,-0.335805265534111,13.1866758782366,119.958866647165,1325,1412,1412,1408,1410,19.5799999999997,979,50,1,0.376086956521739,-9.2289381476754e-06,9.2289381476754e-06,0.0624937189060925,0.268778333001492
19.58,0,0,13,252.388111962747,-1.4695755619,-119.956359426758,13.1874859398939,-0.074074508618043,0.033440115908442,-0.186491707615889,0.184458888926359,-1.0376244101976,-0.588865705239169,-0.397484447495292,-0.54928255858076,0.145287237472464,-0.32182771251357,13.1877363747186,119.956359426758,1325,1412,1412,1408,1410,19.5799999999997,979,50,1,0.375,-6.01209076893407e-06,6.01209076893407e-06,0.0569354010906225,0.192459094944048
19.6,0,0,13,252.651834217361,-1.47359429282148,-119.95384075724,13.1885169915331,-0.0708464641748251,0.0349461463221969,-0.203493801693646,0.281972165657451,-1.05910725913346,-0.59262432675278,-0.393017788233786,-0.570312875871489,0.151818586559755,-0.307779115684795,13.1887535760808,119.95384075724,1325,1412,1412,1408,1408,19.6199999999997,981,50,1,0.375,-2.94316889243102e-06,2.94316889243102e-06,0.0516326804041575,0.0942167447357385
19.62,0,0,13,252.915576244429,-1.47764596837701,-119.951315446757,13.189545129041,-0.0676174381123187,0.0366215671409214,-0.218040610816175,0.367733907900358,-1.07272942959124,-0.59669830086025,-0.386721697135747,-0.591708350098092,0.15908477690425,-0.293728473144892,13.1897692916944,119.951315446757,1325,1412,1412,1408,1408,19.6199999999997,981,50,1,0.375,-1.91729516943998e-06,1.91729516943998e-06,0.0498600964051135,0.0613764673942935
19.64,0,0,13,253.179337989185,-1.48173201598575,-119.948788696715,13.1905655987399,-0.0643981492415609,0.0383964859097621,-0.230124060298547,0.441184781459135,-1.08107565812259,-0.601039363656629,-0.378837553445087,-0.613337522847277,0.166782111096381,-0.279722441442623,13.1907786815796,119.948788696715,1325,1412,1412,1407,1406,19.6599999999997,983,50,1,0.375,-9.3859585910818e-07,9.3859585910818e-07,0.0481690240065423,0.0300463377059457
19.66,0,0,13,253.443119311023,-1.48585357625482,-119.946265900527,13.1915741928994,-0.0611984663498971,0.0402100067352431,-0.240000108650692,0.502697500863332,-1.08566912244566,-0.605601793445202,-0.369608079749123,-0.635109052649745,0.174646066587669,-0.265803939636501,13.1917774307974,119.946265900527,1325,1412,1412,1406,1404,19.6799999999997,984,50,1,0.375,-5.3004209087983e-07,5.3004209087983e-07,0.0474630931925633,0.0169677114025126
19.68,0,0,13,253.706919985799,-1.49001175285865,-119.943752475853,13.1925669235505,-0.0580567462405671,0.0420114745838442,-0.248206687472789,0.553136306766419,-1.08423429588357,-0.610346879144068,-0.359263157907484,-0.656940145706498,0.18245668656499,-0.252139573141357,13.1927615601185,119.943752475853,1325,1412,1412,1405,1403,19.6999999999997,985,50,1,0.375,-2.99324374146724e-07,2.99324374146724e-07,0.0470644412690257,-0.102828406684657
19.7,0,0,13,253.970739696254,-1.4942086870807,-119.941253724053,13.1935399511859,-0.0550745081404837,0.0437604199923605,-0.254811772099359,0.593599868865828,-1.07018504655946,-0.615246949493851,-0.348011356477244,-0.678622448420464,0.190038321043827,-0.239170169758144,13.1937274725282,119.941253724053,1325,1412,1412,1404,1402,19.7199999999997,986,50,1,0.375,-1.69033898439286e-07,1.69033898439286e-07,0.0468393153034308,-0.191792802661848
19.72,0,0,13,254.234578047152,-1.49844654596012,-119.938774742556,13.1944897624482,-0.0522632060681988,0.0454258773934457,-0.258980308626986,0.625271693836185,-1.04811325280264,-0.620261901574565,-0.336038159761991,-0.699945824399064,0.197256644182949,-0.226945321810669,13.1946714640568,119.938774742556,1325,1413,1413,1404,1401,19.7399999999997,987,50,1,0.375,-9.54565056822837e-08,9.54565056822837e-08,0.0467121825909248,-0.242032609283641
19.74,0,0,13,254.498434578838,-1.5027268415111,-119.936320359996,13.195413244468,-0.0496267614392562,0.0469853578985709,-0.260626058327918,0.649333151050494,-1.02121267569211,-0.625342084035915,-0.323506122110046,-0.720782767406586,0.204014173661105,-0.215481887349559,13.1955902153556,119.936320359996,1325,1413,1413,1403,1400,19.7599999999997,988,50,1,0.375,-5.39060186223222e-08,5.39060186223222e-08,0.0466403884442727,-0.270403938529133
19.76,0,0,13,254.762308770378,-1.50705069406937,-119.933895083463,13.1963076347283,-0.0471680234179007,0.0484236940174612,-0.260014182461629,0.666913062810001,-0.991375035466415,-0.630439769413386,-0.310555129239262,-0.741055707612706,0.210245238261901,-0.204792055559003,13.1964807758343,119.933895083463,1325,1413,1413,1403,1400,19.7599999999997,988,50,1,0.375,-3.51164859665771e-08,3.51164859665771e-08,0.0466079224358463,-0.283233728383962
19.78,0,0,13,255.026200043869,-1.51141898959748,-119.931503065258,13.1971704897801,-0.0448888146132372,0.0497318927428191,-0.257517579376866,0.679059589612912,-0.959741947258359,-0.635513605686335,-0.297303557069526,-0.76071696166282,0.215910984538044,-0.19488355074694,13.1973405352426,119.931503065258,1325,1413,1413,1402,1399,19.7999999999997,990,50,1,0.375,-1.71909828178866e-08,1.71909828178866e-08,0.0465769493644593,-0.295473545235896
19.8,0,0,13,255.290107770679,-1.51583246904541,-119.929148214315,13.1979998397355,-0.0427900309695108,0.0508588985958185,-0.253507884479779,0.667757781344628,-0.9270203645347,-0.640529615415409,-0.283942107269793,-0.77973611973387,0.220789956942587,-0.185760070934877,13.1981671979096,119.929148214315,1325,1413,1413,1402,1398,19.8199999999997,991,50,1,0.375,-9.70805953238459e-09,9.70805953238459e-09,0.0976596474281599,-0.300583003518428
19.82,0,0,13,255.554031280647,-1.52029191099337,-119.92683499841,13.1987946402026,-0.0409010832943616,0.0515695503956995,-0.248530793591038,0.595511233359988,-0.890469778459694,-0.645461927366763,-0.271446678541288,-0.798069875468865,0.223861544513465,-0.177549096408855,13.1989587570908,119.92683499841,1325,1414,1414,1402,1398,19.8399999999997,992,50,1,0.375,-5.48231714746775e-09,5.48231714746775e-09,0.136194862358139,-0.41587878800687
19.84,0,0,13,255.817969845072,-1.52479914473131,-119.924566606115,13.1995546305227,-0.0393146512448819,0.0517677199916654,-0.242610628344543,0.494123404098973,-0.843238541278479,-0.650294927260614,-0.260722588563722,-0.815542569013085,0.224708844057904,-0.17065269759192,13.1997146932344,119.924566606115,1325,1414,1414,1401,1398,19.8599999999997,993,50,1,0.375,-3.09596384376892e-09,3.09596384376892e-09,0.157956396564562,-0.502301764045778
19.86,0,0,13,256.08192272007,-1.52935600511683,-119.922344087464,13.2002808879018,-0.0380333086917064,0.0514663402623097,-0.234848658521347,0.384225785647291,-0.789780828137414,-0.65499940714099,-0.252124708869099,-0.831978691055622,0.223388363272293,-0.16508175051369,13.200436009324,119.922344087464,1325,1414,1414,1401,1398,19.8799999999997,994,50,1,0.375,-1.74834688765711e-09,1.74834688765711e-09,0.170245529293621,-0.551106384772792
19.88,0,0,13,256.345889190728,-1.53396364462974,-119.920166817491,13.2009754022961,-0.0370521344627538,0.0507278859719881,-0.225098897832882,0.276980237543683,-0.733217217853715,-0.659535640380273,-0.245699214085794,-0.847286579690627,0.220171568766148,-0.160814607498892,13.2011248668858,119.920166817491,1325,1414,1414,1401,1397,19.8999999999997,995,50,1,0.375,-9.87323171015833e-10,9.87323171015833e-10,0.177185425249479,-0.578667238535052
19.9,0,0,13,256.609868589858,-1.53862279580642,-119.91803289409,13.2016407495047,-0.0363651863034964,0.0496343426738141,-0.213578673139941,0.178132284938532,-0.675401491008355,-0.663865057902053,-0.24132851731295,-0.861425126467651,0.215414508588191,-0.157825208262746,13.2017841397946,119.91803289409,1325,1414,1414,1401,1397,19.8999999999997,995,50,1,0.375,-6.43180876005128e-10,6.43180876005128e-10,0.180323713412067,-0.591130523527088
19.92,0,0,13,256.873860309903,-1.54333393013363,-119.915939473408,13.2022798711343,-0.03596555213528,0.0482710026480963,-0.20062623875535,0.0903284937760361,-0.61745603297545,-0.667954940049175,-0.238814180970226,-0.87438335033812,0.209487484539755,-0.156083304868443,13.2024171046969,119.915939473408,1325,1415,1415,1401,1398,19.9399999999997,997,50,1,0.375,-3.14863833434845e-10,3.14863833434845e-10,0.183317688588069,-0.603020689102838
19.94,0,0,13,257.137863809994,-1.5480973486782,-119.913883050997,13.2028959126172,-0.0358454572962741,0.0467180861779782,-0.186588857048561,0.0144481764542618,-0.560077958550319,-0.671779625119598,-0.237924302177458,-0.886168566145041,0.202738703013048,-0.15555492733234,13.2030272269578,119.913883050997,1325,1415,1415,1401,1398,19.9399999999997,997,50,1,0.375,-2.05114598903411e-10,2.05114598903411e-10,0.184318509261891,-0.606995312412596
19.96,0,0,13,257.401878619346,-1.55291323425858,-119.911859695261,13.2034920980375,-0.0359963847811096,0.0450467766212432,-0.171777060293895,-0.049626222541217,-0.503714645404655,-0.675320174333235,-0.23842042369154,-0.896799476039572,0.195477086501257,-0.156202904315901,13.2036180092707,119.911859695261,1324,1416,1416,1401,1398,19.9799999999997,999,50,1,0.373913043478261,-1.00412141146534e-10,1.00412141146534e-10,0.185273307577983,-0.61078716418237
19.98,0,0,13,257.66590388317,-1.55778161164338,-119.909865237193,13.2040260618171,-0.0363957805033369,0.0433184842837506,-0.119217911152237,-0.102561763278457,-0.448945918116255,-0.678379865520739,-0.240072569337049,-0.906302865686203,0.18796974561577,-0.157929717941077,13.20414727974,119.909865237193,1324,1416,1416,1400,1398,19.9999999999997,1000,50,1,0.373913043478261,0.136604581650774,-0.136604581650774,0.185671883980173,-0.612370056203189
20,0,0,13,257.929938829376,-1.56270184836797,-119.907895417751,13.2045469017343,-0.0369927913344034,0.0415847355030581,0.0320570641106043,-0.145320842555517,-0.399871523871987,-0.67929625019437,-0.242667764203727,-0.914747124698782,0.180439509008161,-0.160514009007749,13.2046642000824,119.907895417751,1324,1416,1416,1400,1398,20.0199999999997,1001,50,1,0.373913043478261,0.239648317257917,-0.239648317257917,0.185896967297494,-0.613263944012526
20.02,0,0,13,258.193983210933,-1.56767311858291,-119.905946019857,13.2050573212706,-0.0377577594648948,0.0398859525330114,0.207186427271886,-0.178986866263569,-0.359997877636891,-0.676863798932685,-0.246014636650764,-0.922290536040528,0.173061709351559,-0.163826967527463,13.2051715398041,119.905946019857,1324,1416,1416,1400,1398,20.0399999999997,1002,50,1,0.373913043478261,0.297838982114647,-0.297838982114647,0.186024075925747,-0.613768738657501
20.04,0,0,13,258.458036838469,-1.5726946766325,-119.904012967109,13.2055602305731,-0.0386466500984385,0.0382527168989151,0.368862671695045,-0.204667189322949,-0.329625442644995,-0.671032010374022,-0.249944290366232,-0.929125874711255,0.165968960406104,-0.167677424730864,13.2056721842248,119.904012967109,1324,1416,1416,1400,1399,20.0599999999997,1003,50,1,0.373913043478261,0.330700305090923,-0.330700305090923,0.186095856471585,-0.614053805341411
20.06,0,0,13,258.722099581349,-1.57776572451135,-119.902092395306,13.2060583160898,-0.0396138202151077,0.0367073006794938,0.504077084237174,-0.223442545555797,-0.307688496241145,-0.662225160294727,-0.254309767323901,-0.935435820161165,0.159257814823954,-0.171867265689266,13.2061687452736,119.902092395306,1324,1416,1416,1400,1399,20.0799999999997,1004,50,1,0.373913043478261,0.349257689688775,-0.349257689688775,0.186136392246627,-0.614214787663795
20.08,0,0,13,258.986171363234,-1.58288536533299,-119.900180701951,13.2065540110067,-0.0406187616035161,0.0352650004221054,0.611123084831292,-0.236335519595742,-0.2927131191069,-0.651000165745215,-0.258984948620845,-0.941376341693765,0.15299455745214,-0.176220683427627,13.2066635585861,119.900180701951,1324,1416,1416,1400,1399,20.0799999999997,1004,50,1,0.373913043478261,0.357649518728069,-0.357649518728069,0.186154722916682,-0.614287585429055
20.1,0,0,13,259.250252156746,-1.58805260032891,-119.898274578038,13.2070494845993,-0.0416281386607508,0.0339353151557482,0.692983755091704,-0.244291966966324,-0.283249399177242,-0.637894047379099,-0.26386311263116,-0.947073439141478,0.147220320339074,-0.180593014738742,13.2071586874769,119.898274578038,1324,1416,1416,1399,1400,20.1199999999997,1006,50,1,0.373913043478261,0.365655452703289,-0.365655452703289,0.186172210657851,-0.61435703561679
20.12,0,0,13,259.514341977852,-1.59326634334842,-119.896371025637,13.2075466432636,-0.0426156966189589,0.0327229937292572,0.754106301312781,-0.248171268356854,-0.27803928294861,-0.623366241755131,-0.268855295532899,-0.952625602785727,0.141955629462654,-0.184870336305091,13.2076559322955,119.896371025637,1324,1416,1416,1399,1400,20.1399999999997,1007,50,1,0.373913043478261,0.368997495002935,-0.368997495002935,0.186179510839303,-0.614386027295443
20.14,0,0,13,259.778440880315,-1.59852544029711,-119.894467364196,13.2080471388585,-0.0435613373188653,0.0316289620472969,0.798936387778821,-0.248742564909907,-0.276057992214444,-0.60778592744991,-0.273888555808477,-0.958108222557999,0.137204429439172,-0.188965450108722,13.2081568435439,119.894467364196,1324,1416,1416,1399,1401,20.1599999999997,1008,50,1,0.373913043478261,0.370884806854061,-0.370884806854061,0.186183633384063,-0.614402399421766
20.16,0,0,13,260.042548950398,-1.60382868791244,-119.892561227961,13.2085523818587,-0.044449984591843,0.0306511367902626,0.831339387043086,-0.246685019887098,-0.276500058957423,-0.591438789950527,-0.278904216403696,-0.963578199436023,0.132957615057012,-0.192812957229396,13.2086627376741,119.892561227961,1324,1416,1416,1399,1401,20.1799999999997,1009,50,1,0.373913043478261,0.371950606058273,-0.371950606058273,0.186185961459797,-0.614411645058197
20.18,0,0,13,260.306666301922,-1.60917484975566,-119.890650556593,13.2090635576456,-0.0452705129977616,0.0297851319332083,0.854447685051763,-0.242590768251513,-0.278745306286116,-0.574540579816188,-0.283856138549871,-0.9690780408877,0.12919609722451,-0.196364607547808,13.2091747146955,119.890650556593,1324,1416,1416,1400,1402,20.1999999999997,1010,50,1,0.373913043478261,0.372552482183312,-0.372552482183312,0.186187276166354,-0.614416866236638
20.2,0,0,13,260.570793071734,-1.61456266895016,-119.888733580683,13.2095816447012,-0.0460148400661781,0.0290248650628003,0.870696254503816,-0.236969627486801,-0.282321361286899,-0.557251580356749,-0.288709066320816,-0.974639223291572,0.125893433832982,-0.199585359597037,13.2096936768543,119.888733580683,1324,1416,1416,1400,1403,20.2199999999997,1011,50,1,0.373913043478261,0.372892372538326,-0.372892372538326,0.186188018604972,-0.614419814730723
20.22,0,0,13,260.834929415584,-1.61999087790961,-119.886808803652,13.2101074337626,-0.0466772003826191,0.028363071185538,0.881927936965152,-0.230254916438457,-0.286869708258478,-0.539689541825826,-0.293437069229223,-0.980284830948704,0.123018059008515,-0.202450229901077,13.2102203477607,119.886808803652,1324,1416,1416,1400,1403,20.2399999999997,1012,50,1,0.373913043478261,0.373084314781298,-0.373084314781298,0.186188437873514,-0.614421479798765
20.24,0,0,13,261.099075504443,-1.6254582055483,-119.884874981242,13.2106415472106,-0.0472535850673399,0.0277917321718215,0.889512481566695,-0.222809912734324,-0.292117588655452,-0.521940317873664,-0.298022100788864,-0.986031569778651,0.120535146156601,-0.204941860232374,13.2107552914497,119.884874981242,1324,1416,1416,1400,1404,20.2599999999997,1013,50,1,0.373913043478261,0.373192708044283,-0.373192708044283,0.186188674642057,-0.614422420092862
20.26,0,0,13,261.363231523547,-1.63096325782471,-119.882931100718,13.2111845045216,-0.0477119246546625,0.0273024293149469,0.894665559793692,-0.214934832667021,-0.301053342357534,-0.504064979689264,-0.302452820863875,-0.99190669916386,0.11840813688305,-0.206921203149256,13.2112988711524,119.882931100718,1324,1416,1416,1400,1404,20.2599999999997,1013,50,1,0.373913043478261,0.373241724527569,-0.373241724527569,0.186188781711086,-0.531927146515791
20.28,0,0,13,261.627397688316,-1.63650351335101,-119.88097636705,13.2117368389315,-0.0479570450193244,0.026886610270635,0.897868471601053,-0.206875325527738,-0.320681086742204,-0.486102773721396,-0.306724493594717,-0.998074279448688,0.116599897960977,-0.207975571517296,13.2118512355066,119.88097636705,1323,1415,1415,1401,1404,20.2999999999997,1015,50,1,0.372826086956522,0.37328848700653,-0.37328848700653,0.186188883856586,-0.417219333869043
20.3,0,0,13,261.891573770013,-1.64207637054066,-119.879010168669,13.2122536391513,-0.0479842157895388,0.0265364371948981,0.898540620952639,-0.198827517423954,-0.346624645691159,-0.46809858960286,-0.310836715981882,-1.00470643420759,0.11507679550113,-0.208085273740302,13.2123674219547,119.879010168669,1323,1415,1415,1401,1405,20.3199999999997,1016,50,1,0.372826086956522,0.373308007799882,-0.373308007799882,0.18618892649678,-0.369335056637692
20.32,0,0,13,262.155759537028,-1.64767985992084,-119.877032035361,13.212780716125,-0.0477963009312645,0.0262442363573625,0.896759175225972,-0.19094444666227,-0.375816616144644,-0.450102479798403,-0.314791774457963,-1.01189614990193,0.113805112991711,-0.207262122281782,13.2128932296726,119.877032035361,1323,1415,1415,1402,1405,20.3399999999997,1017,50,1,0.372826086956522,0.373319031545644,-0.373319031545644,0.186188950576471,-0.342293937525905
20.34,0,0,13,262.41995520645,-1.6533123995924,-119.875041631939,13.2133177963629,-0.0473972029645351,0.0260020726002427,0.892895944556041,-0.18334056338115,-0.406444740212866,-0.432159733230569,-0.318594172602711,-1.01968866951142,0.112750417302668,-0.205523156774946,13.2134283889651,119.875041631939,1323,1415,1415,1402,1405,20.3599999999997,1018,50,1,0.372826086956522,0.373325256854648,-0.373325256854648,0.186188964174708,-0.327023327524108
20.36,0,0,13,262.68416098919,-1.658972635404,-119.873038746501,13.2138648627726,-0.0467917680445988,0.025802546005371,0.887393702861693,-0.176097351100614,-0.437422229179924,-0.414307409355873,-0.322250118076769,-1.02810084862885,0.111880598382548,-0.202889505506276,13.2139729019153,119.873038746501,1323,1415,1415,1402,1405,20.3799999999997,1019,50,1,0.372826086956522,0.373328772399458,-0.373328772399458,0.18618897185388,-0.31839973732198
20.38,0,0,13,262.948377093682,-1.66465935550025,-119.871023272569,13.214421821365,-0.0459856484876844,0.0256388491167831,0.880668661880886,-0.169268805174664,-0.468084312091396,-0.396573980601269,-0.325767034688003,-1.03713237572121,0.111166120054829,-0.199385793581742,13.2145267075071,119.871023272569,1323,1414,1414,1402,1405,20.3999999999997,1020,50,1,0.372826086956522,0.37333075769132,-0.37333075769132,0.186188976190447,-0.31352983965807
20.4,0,0,13,263.21260372564,-1.67037144204602,-119.868995192524,13.2149885183355,-0.0449851637914935,0.0255047999609065,0.873075247815353,-0.162886305277699,-0.498013859119363,-0.378980251017234,-0.329153128144882,-1.04677232466312,0.110580162718998,-0.19503953911026,13.2150896969912,119.868995192524,1323,1414,1414,1402,1405,20.3999999999997,1020,50,1,0.372826086956522,0.373331655459528,-0.373331655459528,0.186188978151484,-0.311327624770574
20.42,0,0,13,263.476841087663,-1.67610784378505,-119.866954562497,13.2155647528244,-0.0437971757542555,0.0253948520508445,0.86490009501055,-0.156962920728072,-0.526940793778839,-0.361540662290167,-0.332417015508919,-1.05700302003923,0.110098666247576,-0.189880610668121,13.2156617249084,119.866954562497,1323,1414,1414,1403,1405,20.4399999999997,1022,50,1,0.372826086956522,0.373332511944206,-0.373332511944206,0.186188980022345,-0.30922667789642
20.44,0,0,13,263.741089378806,-1.6818675602255,-119.864901498823,13.2161502876063,-0.0424289821034595,0.0253040866884554,0.856368363815157,-0.151497182785967,-0.554683801165978,-0.344264585358477,-0.335567419503372,-1.06780234884944,0.109700296118322,-0.183940765137905,13.2162426180787,119.864901498823,1323,1414,1414,1403,1405,20.4399999999997,1022,50,1,0.372826086956522,0.373332798248374,-0.373332798248374,0.186188980647732,-0.308524377128161
20.46,0,0,13,264.005348794195,-1.68764963229276,-119.862836166044,13.2167448580709,-0.0408882280418336,0.0252281918909465,0.847654098205345,-0.14647635904503,-0.581116357717672,-0.327157440857539,-0.338612924189432,-1.07914516941516,0.109366351555051,-0.177253263342816,13.2168321829477,119.862836166044,1323,1413,1413,1403,1405,20.4799999999997,1024,50,1,0.372826086956522,0.373333071386955,-0.373333071386955,0.186188981244362,-0.307854371393403
20.48,0,0,13,264.269619524711,-1.69345313656334,-119.860758766438,13.217348179782,-0.0391828332230401,0.025163431510768,0.838890822933175,-0.141879266439217,-0.606146799350589,-0.310221608890857,-0.341561786253563,-1.09100419240724,0.109080631162182,-0.169852552679976,13.2174302115915,119.860758766438,1323,1413,1413,1403,1404,20.4999999999997,1025,50,1,0.372826086956522,0.373333185407466,-0.373333185407466,0.186188981493422,-0.307574680415
20.5,0,0,13,264.533901756748,-1.69927718147006,-119.858669530983,13.217959954832,-0.0373209312505137,0.0251066074968839,0.830180848369198,-0.137678660576131,-0.629706528313014,-0.293457140105465,-0.344421795222121,-1.10335055087703,0.108829268844822,-0.161774004140821,13.2180364866039,119.858669530983,1323,1413,1413,1404,1404,20.5199999999997,1026,50,1,0.372826086956522,0.373333249796915,-0.373333249796915,0.186188981634071,-0.307416733850933
20.52,0,0,13,264.798195672052,-1.70512090458326,-119.856568711663,13.2185798771629,-0.0353108190117621,0.0250550177234791,0.821602847609481,-0.133843239766575,-0.651742962468505,-0.276862298806907,-0.347200175744047,-1.1161541853556,0.108600550540693,-0.153053692057572,13.2186507850381,119.856568711663,1323,1412,1412,1404,1404,20.5399999999997,1027,50,1,0.372826086956522,0.373333286158804,-0.373333286158804,0.186188981713498,-0.307327538563896
20.54,0,0,13,265.062501447618,-1.7109834704729,-119.854456575004,13.2192076369953,-0.033160913602411,0.0250064113655549,0.813217760429366,-0.130339302125363,-0.672215263972171,-0.260433972225631,-0.34990352532387,-1.12938411770336,0.108384720351775,-0.143728206832429,13.2192728815466,119.854456575004,1322,1412,1412,1404,1403,20.5599999999997,1028,50,1,0.372826086956522,0.373333306693022,-0.373333306693022,0.186188981758352,-0.307277168368908
20.56,0,0,13,265.326819255658,-1.71686406887927,-119.85233339672,13.21984292448,-0.0308797150662662,0.0249589434155199,0.805073265047981,-0.127132093468771,-0.691091707327901,-0.24416797690668,-0.352537781351955,-1.14300865704384,0.108173782990844,-0.133834492953715,13.2199025508354,119.85233339672,1322,1412,1412,1404,1403,20.5799999999997,1029,50,1,0.371739130434783,0.373333318289067,-0.373333318289067,0.186188981783682,-0.30724872340699
20.58,0,0,13,265.591148814769,-1.72276190403351,-119.850199455875,13.2204405491799,-0.0284757787718044,0.0249117611698565,0.797206573069496,-0.124187519160376,-0.70834803481242,-0.228059291515101,-0.35510821523199,-1.1569955635304,0.107964411670111,-0.123410147811816,13.2204946874246,119.850199455875,1322,1412,1412,1404,1403,20.5799999999997,1029,50,1,0.371739130434783,0.37333332353291,-0.37333332353291,0.186188981795136,-0.307235860319727
20.6,0,0,13,265.855489842918,-1.72867620194787,-119.848055016914,13.2210455000593,-0.0259576808493716,0.0248642184712218,0.789647623885212,-0.121474238032744,-0.723966345306996,-0.212102237468985,-0.35761947175095,-1.17131218503423,0.107753437482267,-0.112491937001178,13.2210943626159,119.848055016914,1322,1411,1411,1404,1402,20.6199999999996,1031,50,1,0.371739130434783,0.373333328535618,-0.373333328535618,0.186188981806064,-0.307223588736636
20.62,0,0,13,266.119842502868,-1.73460621792952,-119.845900338603,13.2216571527942,-0.0233339865492096,0.0248152668215571,0.782421183229426,-0.118962153811849,-0.737934379254452,-0.19629059540843,-0.36007561047154,-1.18592557553262,0.107536322447238,-0.101117068024294,13.2217010304434,119.845900338603,1322,1411,1411,1404,1401,20.6399999999996,1032,50,1,0.371739130434783,0.373333330623977,-0.373333330623977,0.186188981810626,-0.307218466017675
20.64,0,0,13,266.384206949663,-1.74055122607401,-119.843735678797,13.2222752344158,-0.0206132310058318,0.0247641086868279,0.775547476631385,-0.116622480799474,-0.750245031371973,-0.180617703293337,-0.362480128692355,-1.20080260211101,0.107309614038886,-0.0893226082187335,13.2223144925923,119.843735678797,1322,1411,1411,1404,1401,20.6599999999996,1033,50,1,0.371739130434783,0.37333333180331,-0.37333333180331,0.186188981813202,-0.307215573125444
20.66,0,0,13,266.648583334145,-1.74651051781217,-119.841561292543,13.2228994788768,-0.0178038965327157,0.0247101575470491,0.769043137992845,-0.114428157262247,-0.760895964880962,-0.165076536477631,-0.364835991836814,-1.21591004323996,0.107070774662445,-0.0771453896505181,13.2229345532335,119.841561292543,1322,1410,1410,1404,1400,20.6799999999996,1034,50,1,0.371739130434783,0.373333332469302,-0.373333332469302,0.186188981814656,-0.307213939456776
20.68,0,0,13,266.912971801794,-1.75248346364658,-119.839377430575,13.2235296541393,-0.0149277822394716,0.0246529594594909,0.725583807144369,-0.112351633391645,-0.769606775706322,-0.149843893124828,-0.367145668453343,-1.23121390133822,0.106817841377595,-0.0646799373904615,13.2235610605084,119.839377430575,1322,1410,1410,1404,1399,20.6999999999996,1035,50,1,0.371739130434783,0.23672875113792,-0.23672875113792,0.186188981815478,-0.307213016894474
20.7,0,0,13,267.177372482262,-1.75847003737831,-119.837184336935,13.2241655510459,-0.0120340312304082,0.0245919645612536,0.583857570078486,-0.110347936244551,-0.772476219635175,-0.136570846377368,-0.369411085864783,-1.24664337077272,0.106548435864703,-0.0521392306255673,13.2241938924116,119.837184336935,1322,1410,1410,1404,1399,20.7199999999996,1036,50,1,0.371739130434783,0.133685015767848,-0.133685015767848,0.186188981815942,-0.307212495906823
20.72,0,0,13,267.441785497608,-1.76447036746601,-119.834982249396,13.2248068882156,-0.00915028435514333,0.0245271726603008,0.418800128068001,-0.108382539315913,-0.76615060475061,-0.126453443686024,-0.371633618190462,-1.26204103543819,0.106262562277652,-0.0396430506702592,13.2248327982057,119.834982249396,1322,1410,1410,1404,1398,20.7399999999996,1037,50,1,0.371739130434783,0.0754943510449971,-0.0754943510449971,0.186188981816204,-0.307212201695655
20.74,0,0,13,267.70621096514,-1.77048458619055,-119.832771399828,13.2254534245108,-0.00634795903707584,0.024459004671116,0.267476788937474,-0.10644129310512,-0.747258392322961,-0.11953357815041,-0.373814308866159,-1.27720225561362,0.105962048790467,-0.0275008046796819,13.2254775650408,119.832771399828,1322,1410,1410,1404,1398,20.7599999999996,1038,50,1,0.371739130434783,0.0426330281443253,-0.0426330281443253,0.186188981816352,-0.419622416351931
20.76,0,0,13,267.970648971524,-1.77651397693519,-119.830552012593,13.2261049503643,-0.00376401439428389,0.0243879254132237,0.143065565461725,-0.104519589529507,-0.709798863004985,-0.115384373278938,-0.375953754984821,-1.29179392116966,0.105648913179238,-0.0163057655428851,13.2261279706784,119.830552012593,1322,1410,1410,1404,1398,20.7599999999996,1038,50,1,0.371739130434783,0.0277728196740342,-0.0277728196740342,0.186188981816419,-0.487522514458921
20.78,0,0,13,268.235099595723,-1.78255996900603,-119.828324307732,13.2267614044283,-0.00143997108350782,0.0243142974838078,0.0482934700696382,-0.102617347441387,-0.659603739559644,-0.113429848370079,-0.378052428724233,-1.30550053008606,0.105324728847087,-0.006237666459504,13.2267838308583,119.828324307732,1322,1410,1410,1404,1397,20.7999999999996,1040,50,1,0.371739130434783,0.0135959522338027,-0.0135959522338027,0.186188981816483,-0.552300252400216
20.8,0,0,13,268.499562925799,-1.78862343837603,-119.826088503052,13.2274227711412,0.00059729477042977,0.024238353445767,-0.0196020363728208,-0.100735279335958,-0.601182377537863,-0.113101311751842,-0.380110837602469,-1.31811515098944,0.104990505288069,0.00258723203934952,13.2274449921761,119.826088503052,1322,1410,1410,1404,1397,20.8199999999996,1041,50,1,0.371739130434783,0.00767788061238026,-0.00767788061238026,0.186188981816509,-0.579341437219537
20.82,0,0,13,268.76403905388,-1.79470494867328,-119.823844814041,13.2280890431105,0.00232897248531626,0.024160225096385,-0.0652366918259151,-0.0988728234747121,-0.537603363448735,-0.113907349363012,-0.382129439053181,-1.32950572981847,0.104646815299424,0.0100876301655192,13.2281113116367,119.823844814041,1321,1410,1410,1404,1397,20.8399999999996,1042,50,1,0.371739130434783,0.00433583832042316,-0.00433583832042316,0.186188981816524,-0.594612084327569
20.84,0,0,13,269.028528073266,-1.8008048855186,-119.82159345388,13.2287602042625,0.00374333468837968,0.0240799838661474,-0.0933598910677668,-0.0970277200624585,-0.470980908035781,-0.115451567889518,-0.384108597329035,-1.33959145507383,0.104293970195247,0.0162129265773269,13.2287826499666,119.82159345388,1321,1410,1410,1404,1397,20.8599999999996,1043,50,1,0.370652173913044,0.00244852647363865,-0.00244852647363865,0.186188981816533,-0.60323569548426
20.86,0,0,13,269.29302963156,-1.80692351391831,-119.819334632252,13.2293916779827,0.00483448241615002,0.0239983019448351,-0.10815801865421,-0.0951969315633489,-0.402790947014494,-0.117427279596933,-0.386048570381118,-1.3483270321469,0.103935233166942,0.0209378463682848,13.2294143279358,119.819334632252,1321,1410,1410,1405,1397,20.8799999999996,1044,50,1,0.370652173913044,0.0013827272718795,-0.0013827272718795,0.186188981816538,-0.608105604981591
20.88,0,0,13,269.557543379388,-1.81306102159859,-119.817068540757,13.2300283519555,0.00560114667261108,0.0239157395419291,-0.113052982319998,-0.0933784029068019,-0.334078133061341,-0.119603775350068,-0.387949538072252,-1.35569211950214,0.103572676541458,0.0242570546881081,13.2300511536799,119.817068540757,1321,1410,1410,1405,1397,20.8999999999996,1045,50,1,0.370652173913044,0.000780851148224702,-0.000780851148224702,0.18618898181654,-0.610855731127272
20.9,0,0,13,269.822069412053,-1.81921754457589,-119.81479536432,13.2306698210617,0.00604565767984388,0.0238321956921694,-0.110722471708147,-0.0915694369849519,-0.265592774400954,-0.121811070584161,-0.389811626615591,-1.36168415462257,0.103205867226199,0.0261808425468943,13.2306926665795,119.81479536432,1321,1410,1410,1405,1397,20.8999999999996,1045,50,1,0.370652173913044,0.000508676936071542,-0.000508676936071542,0.186188981816542,-0.612099364804709
20.92,0,0,13,270.086607820317,-1.82539316301744,-119.812515288326,13.2313159925113,0.00617310851492551,0.0237476016202089,-0.103205150912881,-0.089766709458695,-0.197882592076472,-0.123926039428083,-0.391634908686759,-1.36631344083063,0.102834509141367,0.0267314656562902,13.2313387436622,119.812515288326,1321,1410,1410,1405,1397,20.9399999999996,1047,50,1,0.370652173913044,0.000249018551462809,-0.000249018551462809,0.186188981816543,-0.613285810460871
20.94,0,0,13,270.351158693707,-1.83158790361158,-119.810228498366,13.2319667467349,0.00599070275924054,0.0236619181154387,-0.0920256520560521,-0.087966665684798,-0.131354277331848,-0.125860908527583,-0.3934194057813,-1.36959974787017,0.10245843448942,0.0259403170164643,13.2319892594269,119.810228498366,1321,1410,1410,1405,1397,20.9399999999996,1047,50,1,0.370652173913044,0.000162220410472681,-0.000162220410472681,0.186188981816543,-0.613682413395515
20.96,0,0,13,270.615722120481,-1.8378017402427,-119.807935180116,13.2326219407539,0.00550725357381475,0.0235751344700207,-0.0783109797095721,-0.0861658022916457,-0.0663151578314661,-0.127554184538137,-0.395165093352505,-1.37156993253063,0.10207759909599,0.0238457555053349,13.2326440873972,119.807935180116,1321,1410,1410,1405,1398,20.9799999999996,1049,50,1,0.370652173913044,7.94136489568063e-05,-7.94136489568063e-05,0.186188981816543,-0.614060778695173
20.98,0,0,13,270.880298187611,-1.8440345942222,-119.805635519275,13.2332814102667,0.00473280269698508,0.0234872653487259,-0.0628882715172459,-0.084360856826557,-0.00300156652584234,-0.128963725428225,-0.396871907584171,-1.37225625158341,0.101692068807257,0.0204914542906402,13.2333030999204,119.805635519275,1321,1410,1410,1405,1399,20.9999999999996,1050,50,1,0.370652173913044,4.48463267006711e-05,-4.48463267006711e-05,0.186188981816544,-0.614218725643036
21,0,0,13,271.144886980769,-1.85028633460386,-119.803329701564,13.2339449719926,0.00367833133179421,0.0233983466795218,-0.0463623885397379,-0.0825489260099937,0.0584017388760015,-0.130061560247711,-0.398539752992882,-1.37169514725777,0.101302001649454,0.015925147533361,13.2339661679512,119.803329701564,1321,1410,1410,1405,1399,21.0199999999996,1051,50,1,0.370652173913044,2.53255333933494e-05,-2.53255333933494e-05,0.186188981816544,-0.61430792114681
21.02,0,0,13,271.409488584296,-1.85655677878734,-119.801017912753,13.234612426148,0.00235553994840573,0.0233084312490734,-0.0291753759020926,-0.0807275306926172,0.117748214797213,-0.130830072178106,-0.400168510276018,-1.36992635694264,0.100907628715083,0.0101976757942982,13.2346331608355,119.801017912753,1321,1410,1410,1404,1400,21.0399999999996,1052,50,1,0.370652173913044,1.43017876567371e-05,-1.43017876567371e-05,0.186188981816544,-0.614358291464193
21.04,0,0,13,271.674103081157,-1.86284569345864,-119.798700338741,13.235283558973,0.000776679041735164,0.0232175844181543,-0.0116509752768173,-0.0788946422128009,0.174920292018898,-0.13125921417109,-0.401758043983264,-1.36699224648289,0.100509235573613,0.00336225230145275,13.2353039461086,119.798700338741,1321,1410,1410,1404,1401,21.0599999999996,1053,50,1,0.370652173913044,8.0764786668663e-06,-8.0764786668663e-06,0.186188981816544,-0.61438673649523
21.06,0,0,13,271.93873055289,-1.86915279584685,-119.79637716564,13.2359581452552,-0.00104558277501214,0.0231258801900407,0.00597259562068478,-0.0770486815775765,0.229822950706446,-0.131344491333152,-0.403308209712139,-1.3629372984862,0.100107145216037,-0.00452610894638669,13.2359783893193,119.79637716564,1320,1410,1410,1404,1402,21.0799999999996,1054,50,1,0.370652173913044,4.56093386518847e-06,-4.56093386518847e-06,0.186188981816544,-0.614402799919738
21.08,0,0,13,272.203371079537,-1.87547775525168,-119.79404857989,13.236635950807,-0.00309826345513447,0.0230333977469183,0.0235187892896809,-0.0751885001153057,0.282379223891042,-0.131085504660257,-0.404818860623582,-1.35780770872987,0.0997017030310995,-0.0134110470706353,13.236656353885,119.79404857989,1320,1410,1410,1404,1402,21.0799999999996,1054,50,1,0.369565217391304,2.97117045859985e-06,-2.97117045859985e-06,0.186188981816544,-0.614410063955871
21.1,0,0,13,272.468024297534,-1.88182018430933,-119.7917147673,13.2372725272553,-0.00536814824218828,0.0229408405809157,0.040855498564258,-0.0733139739998778,0.332526848463466,-0.130484901656466,-0.406289856469347,-1.35165105967213,0.0992962881995743,-0.0232352819430726,13.2372934945181,119.7917147673,1320,1410,1410,1404,1404,21.1199999999996,1056,50,1,0.369565217391304,1.45451171712956e-06,-1.45451171712956e-06,0.186188981816544,-0.614416993958068
21.12,0,0,13,272.732689848744,-1.88817952631599,-119.789375898749,13.2379122698721,-0.00781234276487169,0.0228488030113741,0.0580935405737794,-0.0714272211197749,0.3770058495529,-0.129546363480781,-0.407721132989873,-1.34453153602566,0.0988931375856908,-0.0338130016803741,13.2379342937381,119.789375898749,1320,1410,1410,1404,1404,21.1399999999996,1057,50,1,0.369565217391304,8.21389125335688e-07,-8.21389125335688e-07,0.186188981816544,-0.502009506054675
21.14,0,0,13,272.997367844022,-1.89455405565725,-119.787032143673,13.2385547181703,-0.0103234110879892,0.0227572072199659,0.0749032910064037,-0.0695306293891644,0.408582526287581,-0.128270451287768,-0.409113006802032,-1.33665532594121,0.0984919177838862,-0.04467911371754,13.2385783031746,119.787032143673,1320,1409,1409,1402,1404,21.1599999999996,1058,50,1,0.369565217391304,4.63853324297166e-07,-4.63853324297166e-07,0.186188981816544,-0.417217603439076
21.16,0,0,13,273.262058390821,-1.90094192608318,-119.784683674849,13.2391996610856,-0.0128838824780519,0.0226659800386234,0.0901102986411684,-0.0676264545887467,0.431493838377736,-0.126677304338462,-0.410465867729051,-1.32824032013398,0.098092313671817,-0.0557579607345996,13.2392253325928,119.784683674849,1320,1409,1409,1401,1405,21.1799999999996,1059,50,1,0.369565217391304,2.61946378184151e-07,-2.61946378184151e-07,0.186188981816544,-0.369334079432531
21.18,0,0,13,273.526761579175,-1.90734187856966,-119.782330666436,13.2398469205138,-0.0154833289046843,0.0225750472529397,0.103361966234279,-0.0657166599826623,0.448696753626908,-0.124802503537508,-0.411779968225348,-1.31942776253863,0.097694005389767,-0.0670043777987575,13.2398752201397,119.782330666436,1320,1409,1409,1401,1406,21.1999999999996,1060,50,1,0.369565217391304,1.47925866754888e-07,-1.47925866754888e-07,0.186188981816544,-0.342293385680441
21.2,0,0,13,273.791477488121,-1.9137529889372,-119.779973294259,13.2404963387245,-0.018111939228015,0.0224843349997866,0.114717609363998,-0.0638028446220396,0.461914615123791,-0.122684295483627,-0.413055485091097,-1.31031315936814,0.09729667448796,-0.0783758785532746,13.2405278174037,119.779973294259,1320,1408,1408,1401,1407,21.2199999999996,1061,50,1,0.369565217391304,8.35364176701905e-08,-8.35364176701905e-08,0.186188981816544,-0.327023015886974
21.22,0,0,13,274.056206189457,-1.92017451694562,-119.777611735868,13.241147769015,-0.0207605434159494,0.0223937719966449,0.124391849564632,-0.0618862387261338,0.472163559753678,-0.120358089292833,-0.414292554692486,-1.30096523001416,0.0969000136448644,-0.0898327594467831,13.241182980462,119.777611735868,1320,1408,1408,1401,1408,21.2399999999996,1062,50,1,0.369565217391304,4.71745289059658e-08,-4.71745289059658e-08,0.186188981816544,-0.318399561334843
21.24,0,0,13,274.320947749792,-1.92660582240221,-119.77524617046,13.2418010719553,-0.0234205727114653,0.0223032915616747,0.132633105204236,-0.0599677356780485,0.480053261706818,-0.117854645652885,-0.415491290729699,-1.29143678343957,0.0965037354346489,-0.101337926780927,13.2418405665254,119.77524617046,1320,1408,1408,1401,1409,21.2599999999996,1063,50,1,0.369565217391304,2.66403113703777e-08,-2.66403113703777e-08,0.186188981816544,-0.313529740274945
21.26,0,0,13,274.585702231663,-1.93304631888106,-119.772876778729,13.2424561138233,-0.026084000705331,0.0222128330802724,0.139671326043705,-0.0580479398422862,0.485959161786679,-0.115199958124318,-0.416651792520171,-1.28177097675794,0.0961075786805154,-0.112856641177071,13.2425004327575,119.772876778729,1320,1408,1408,1401,1409,21.2599999999996,1063,50,1,0.369565217391304,1.73545393314527e-08,-1.73545393314527e-08,0.186188981816544,-0.311327560028524
21.28,0,0,13,274.850469696997,-1.93949532324333,-119.770503742926,13.2431127911005,-0.0287137411887788,0.0221223433707237,0.145910834918096,-0.056127254237292,0.486908489113289,-0.112414555656838,-0.417774179008607,-1.27202042444514,0.0957113141808522,-0.124228445127985,13.2431623970568,119.770503742926,1320,1408,1408,1401,1410,21.2999999999996,1065,50,1,0.369565217391304,8.49576998516578e-09,-8.49576998516578e-09,0.186188981816544,-0.196816265399836
21.3,0,0,13,275.115250230417,-1.94595102930866,-119.768127248605,13.2437711043757,-0.031208633171476,0.0220317767280151,0.151252737167121,-0.0542062715108663,0.475862096989023,-0.109510631368894,-0.418858834383939,-1.26237502626719,0.0953147443638028,-0.135015711686931,13.2438262010292,119.768127248605,1320,1408,1408,1402,1410,21.3199999999996,1066,50,1,0.369565217391304,4.79771527103271e-09,-4.79771527103271e-09,0.186188981816544,-0.111145711777176
21.32,0,0,13,275.380043914786,-1.95241155854647,-119.765747482211,13.244431039755,-0.0335579938798178,0.0219410816239102,0.154701231843917,-0.0522855685820245,0.457205421215384,-0.106515914863828,-0.419906140250334,-1.25303298061586,0.094917646609458,-0.145172311258077,13.2444917273878,119.765747482211,1319,1408,1408,1402,1411,21.3399999999996,1067,50,1,0.369565217391304,2.70935675778554e-09,-2.70935675778554e-09,0.186188981816544,-0.0627659976240224
21.34,0,0,13,275.644850815526,-1.95887566298339,-119.763364629537,13.2450925767226,-0.0357585639426029,0.0218502026911354,0.156042405263606,-0.0503653798209905,0.434007744041729,-0.103470458233753,-0.420916303368855,-1.24411325164645,0.0945197817812716,-0.154684236288245,13.2451588692702,119.763364629537,1319,1408,1408,1402,1413,21.3599999999996,1068,50,1,0.368478260869565,1.53002286010568e-09,-1.53002286010568e-09,0.186188981816544,-0.0354450963041814
21.36,0,0,13,275.909670544949,-1.96534245950505,-119.760978875135,13.2457115001467,-0.0378080087221817,0.0217597102696071,0.155443192915068,-0.0484462311614177,0.408080438335269,-0.100414556792642,-0.42188942371245,-1.23568707804776,0.0941239313823173,-0.163542028341918,13.2457833318997,119.760978875135,1319,1408,1408,1402,1414,21.3799999999996,1069,50,1,0.368478260869565,8.6403163618782e-10,-8.6403163618782e-10,0.186188981816544,-0.0200164882192815
21.38,0,0,13,276.174502711614,-1.97181128607243,-119.758590387637,13.2463323413924,-0.0397048920206535,0.0216700745058873,0.153202156124327,-0.0465302503392089,0.380510822786348,-0.0973837838693612,-0.422825562761539,-1.22779732889662,0.0937318097796841,-0.171739076374966,13.2464095727558,119.758590387637,1319,1408,1408,1402,1414,21.3999999999996,1070,50,1,0.368478260869565,4.87934322943277e-10,-4.87934322943277e-10,0.186188981816544,-0.0113036736363831
21.4,0,0,13,276.439347360755,-1.9782816252966,-119.756199330747,13.2469547253115,-0.0414485924746269,0.0215811091318809,0.149633801935557,-0.0446191401405971,0.351967349285193,-0.0944075883712306,-0.423724783120164,-1.22046966939648,0.0933426136177951,-0.179272788609272,13.2470371489078,119.756199330747,1319,1408,1408,1402,1414,21.3999999999996,1070,50,1,0.368478260869565,3.17859475475222e-10,-3.17859475475222e-10,0.186188981816544,-0.00736365450032403
21.42,0,0,13,276.704204529933,-1.98475304677188,-119.753805870439,13.2475785976609,-0.0430392013841791,0.02149265352542,0.145020781196429,-0.0427138691952467,0.322874620742928,-0.0915094835212499,-0.424587150402519,-1.21371903748867,0.0929556483120681,-0.186143652853035,13.2476659456757,119.753805870439,1319,1407,1407,1403,1416,21.4399999999996,1072,50,1,0.368478260869565,1.55605455130043e-10,-1.55605455130043e-10,0.186188981816544,-0.00360481564449265
21.44,0,0,13,276.96907425479,-1.99122509183668,-119.751410174633,13.2482039007487,-0.0444565438984776,0.021404569269603,0.139748217327341,-0.0408148662443267,0.291242855192323,-0.0887069479522287,-0.425412747394385,-1.20756438426358,0.0925703154577642,-0.192264511551859,13.2482957823146,119.751410174633,1319,1407,1407,1403,1416,21.4399999999996,1072,50,1,0.368478260869565,1.01367471036606e-10,-1.01367471036606e-10,0.186188981816544,0.0559219414167167
21.46,0,0,13,277.233956584351,-1.99769654263152,-119.749012413867,13.2488306460536,-0.0456353738095959,0.0213167420777366,0.133826374859324,-0.0389223687102518,0.252178093579087,-0.0860097817897132,-0.426201806471964,-1.20211979233001,0.0921861206268757,-0.197353310691583,13.2489263896606,119.749012413867,1319,1407,1407,1403,1417,21.4799999999996,1074,50,1,0.368478260869565,4.96235999963515e-11,-4.96235999963515e-11,0.186188981816544,0.138144006475449
21.48,0,0,13,277.498851565285,-2.00416616139866,-119.746612759677,13.2494588560139,-0.0465745934364786,0.0212290660260133,0.126615728637007,-0.0370362952734805,0.208842997057865,-0.0834373421296621,-0.426954555688042,-1.19750377708357,0.0918026055737063,-0.201405449749148,13.2495577225507,119.746612759677,1319,1407,1407,1404,1417,21.4999999999996,1075,50,1,0.368478260869565,2.80233461972039e-11,-2.80233461972039e-11,0.186188981816544,0.172467249739893
21.5,0,0,13,277.763759231709,-2.01063318497117,-119.744211383573,13.2500885066871,-0.0472785121646706,0.0211414451184272,0.118016852440519,-0.0351561301408002,0.163456540947373,-0.0810165588018476,-0.427671121933097,-1.19377773197736,0.091419355390979,-0.204439710955453,13.2501897214137,119.744211383573,1319,1407,1407,1404,1417,21.5199999999996,1076,50,1,0.368478260869565,1.58252914368582e-11,-1.58252914368582e-11,0.186188981816544,0.191850207217405
21.52,0,0,13,278.028679609184,-2.01709714188165,-119.7418084571,13.250719536324,-0.0477522211998543,0.0210538008208593,0.108189547095239,-0.0332810453561405,0.117338793879956,-0.0787736155686077,-0.42835156718021,-1.1909684289907,0.0910360310115234,-0.206478254412478,13.2508223053318,119.7418084571,1319,1407,1407,1404,1417,21.5399999999996,1077,50,1,0.368478260869565,8.93682886044806e-12,-8.93682886044806e-12,0.186188981816544,0.202796114563061
21.54,0,0,13,278.293612717058,-2.02355774231489,-119.739404151804,13.2513518539498,-0.0480015429751875,0.0209660746652259,0.0973788631849375,-0.031410028987447,0.0712905120074777,-0.0767306138520712,-0.428995910426134,-1.18908187160997,0.0906523803861608,-0.207546398373285,13.2514553797533,119.739404151804,1319,1407,1407,1404,1418,21.5599999999996,1078,50,1,0.368478260869565,5.04678921077697e-12,-5.04678921077697e-12,0.186188981816544,0.208977466802972
21.56,0,0,13,278.558558569776,-2.03001481602273,-119.736998639151,13.2519853457751,-0.0480329441438951,0.0208782279558379,0.0858350825874336,-0.0295419963471401,0.025810265451734,-0.0749047166806416,-0.429604140785673,-1.18811132232151,0.0902682371457707,-0.207672242151202,13.2520888417171,119.736998639151,1319,1407,1407,1405,1418,21.5799999999996,1079,50,1,0.368478260869565,2.85001332527899e-12,-2.85001332527899e-12,0.186188981816544,0.212468188431362
21.58,0,0,13,278.823517177602,-2.03646827712626,-119.734592090437,13.2526198798096,-0.0478534417851091,0.0207902399643468,0.0737812672661691,-0.0276758774185003,-0.0187810118143312,-0.073308387259228,-0.430176225955166,-1.18804199385035,0.0898835127425176,-0.206886259808625,13.2527225831032,119.734592090437,1319,1407,1407,1405,1418,21.5799999999996,1079,50,1,0.368478260869565,1.8566099945707e-12,-1.8566099945707e-12,0.186188981816544,0.214046726558583
21.6,0,0,13,279.088488547038,-2.04291810395717,-119.732184676727,13.2532553092398,-0.0474705154703953,0.020702105451535,0.061403831248508,-0.0258106805866131,-0.0622683275872635,-0.0719500319009413,-0.430712118253734,-1.18885382375531,0.0894981856921971,-0.205220919310772,13.2533564925607,119.732184676727,1318,1407,1407,1405,1417,21.6199999999996,1081,50,1,0.367391304347826,9.08887937892164e-13,-9.08887937892164e-13,0.186188981816544,0.215552676210885
21.62,0,0,13,279.353472242598,-2.04936431818342,-119.729776567932,13.253847628944,-0.0468920313148709,0.0206144489523504,0.0488534508776834,-0.023946157271657,-0.1045010838379,-0.0708347218379282,-0.431211762663387,-1.19052314303213,0.089115251857171,-0.202711024186695,13.253946611835,119.729776567932,1318,1407,1407,1406,1417,21.6399999999996,1082,50,1,0.367391304347826,5.13265489401968e-13,-5.13265489401968e-13,0.186188981816544,0.216181328340007
21.64,0,0,13,279.618467829297,-2.05580698686157,-119.727367917998,13.2544409038692,-0.0461261743323774,0.0205277971939286,0.0362498952595995,-0.0220840617135826,-0.145369103322759,-0.0699648550238922,-0.4316751300439,-1.19302370300502,0.0887366890885471,-0.199391380979979,13.2545370605155,119.727367917998,1318,1407,1407,1406,1417,21.6599999999996,1083,50,1,0.367391304347826,2.89850323266472e-13,-2.89850323266472e-13,0.186188981816544,0.216536339589761
21.66,0,0,13,279.883475307887,-2.06224622691987,-119.724958875717,13.2550346433234,-0.0451813881173755,0.020442022563209,0.0236877697545948,-0.020226068264453,-0.184788636386705,-0.0693407120604423,-0.432102237803405,-1.1963273331952,0.0883619485379211,-0.195298602920349,13.2551274090377,119.724958875717,1318,1407,1407,1406,1416,21.6799999999996,1084,50,1,0.367391304347826,1.63683730218384e-13,-1.63683730218384e-13,0.186188981816544,0.216736820876013
21.68,0,0,13,280.148494672883,-2.06868219284292,-119.722549591993,13.2556286752525,-0.0440663261487886,0.0203570172907291,0.0112419085164157,-0.0183733889078925,-0.222693940355753,-0.0689609008953761,-0.432493141619564,-1.2004043785506,0.087990565054658,-0.190470198794483,13.2557175522651,119.722549591993,1318,1407,1407,1406,1416,21.6999999999996,1085,50,1,0.367391304347826,9.24351687321506e-14,-9.24351687321506e-14,0.186188981816544,0.216850036291484
21.7,0,0,13,280.413525915829,-2.07511507435401,-119.720140219458,13.2562228195826,-0.0427898082811323,0.020272687942818,-0.00102810852793833,-0.0165268716276991,-0.259032321186904,-0.0688227030967901,-0.432847926736684,-1.20522400607082,0.0876221355663487,-0.184944389684082,13.2563073814691,119.720140219458,1318,1407,1407,1407,1415,21.7199999999996,1086,50,1,0.367391304347826,5.21998148938904e-14,-5.21998148938904e-14,0.186188981816544,0.21691397108829
21.72,0,0,13,280.678569025288,-2.08154509443164,-119.717730912168,13.2568168913606,-0.0413607822315699,0.0201889546515013,-0.0130743696967863,-0.0146870807804359,-0.293761131417451,-0.0689223397445939,-0.433166700809355,-1.21075443345189,0.087256315715274,-0.178759942246891,13.2568967861736,119.717730912168,1318,1407,1407,1407,1414,21.7399999999996,1087,50,1,0.367391304347826,2.94781814360305e-14,-2.94781814360305e-14,0.186188981816544,0.216950076226674
21.74,0,0,13,280.943623986852,-2.08797250753324,-119.715321825341,13.2574107021631,-0.039788288979469,0.0201057501523623,-0.0248578820612139,-0.0128543647447511,-0.32684591601228,-0.0692551745435991,-0.433449588087338,-1.21696311011291,0.0868928156775842,-0.171956018984113,13.2574856543373,119.715321825341,1318,1407,1407,1407,1414,21.7599999999996,1088,50,1,0.367391304347826,1.66468632607591e-14,-1.66468632607591e-14,0.186188981816544,0.216970465452617
21.76,0,0,13,281.20869078315,-2.09439759792026,-119.712913115121,13.2580040614134,-0.0380814312563852,0.020023018717607,-0.0363465109083415,-0.0110289122610222,-0.358259235247701,-0.0698158693114697,-0.433696724755447,-1.22381686846078,0.0865313955314744,-0.164572041911988,13.2580738725178,119.712913115121,1318,1407,1407,1407,1414,21.7599999999996,1088,50,1,0.367391304347826,1.08444169134373e-14,-1.08444169134373e-14,0.186188981816544,0.216979685658053
21.78,0,0,13,281.473769393862,-2.1008206780295,-119.710504938373,13.2585967776027,-0.036249344514637,0.0199407150343445,-0.0475134591290556,-0.00921079878141947,-0.387979889109494,-0.070598504030879,-0.433908255252876,-1.23128205595069,0.0861718603906452,-0.156647566990041,13.2586613260219,119.710504938373,1318,1407,1407,1408,1413,21.7999999999996,1090,50,1,0.367391304347826,5.30879385273157e-15,-5.30879385273157e-15,0.186188981816544,0.216988481875852
21.8,0,0,13,281.738859794524,-2.10724208667503,-119.70809732248,13.2591885939976,-0.0343011700836485,0.0199064778587257,-0.0583355372895664,0.0117417427784013,-0.415992448991026,-0.0715966701663225,-0.433991300203449,-1.23932477037483,0.0860200683662054,-0.148222167978469,13.2592479051161,119.70809732248,1318,1407,1407,1408,1413,21.8199999999996,1091,50,1,0.367391304347826,2.99797209464091e-15,-2.99797209464091e-15,0.135093354178974,0.216992153818695
21.82,0,0,13,282.003961950443,-2.11366218628702,-119.705689350962,13.2597790292698,-0.0322460315554539,0.0201585083436202,-0.0687879514597164,0.0905045907877924,-0.442287606393187,-0.0728035495689471,-0.433042437197499,-1.24791188882864,0.0871052644992535,-0.139335333786547,13.2598335614394,119.705689350962,1318,1408,1408,1408,1412,21.8399999999996,1092,50,1,0.367391304347826,1.69300917111728e-15,-1.69300917111728e-15,0.0965508376843213,0.216994227431362
21.84,0,0,13,282.269075824462,-2.12008136378196,-119.703281016468,13.2603666150015,-0.0300930102584647,0.0207975509366053,-0.0788503221496723,0.195708099855716,-0.4668616281946,-0.0742120300084545,-0.430212443512986,-1.25701015046511,0.0898625920686425,-0.130026374843607,13.2604170708027,119.703281016468,1318,1408,1408,1409,1413,21.8599999999996,1093,50,1,0.367391304347826,9.56072959655265e-16,-9.56072959655265e-16,0.074785180152008,0.216995398438012
21.86,0,0,13,282.534201354756,-2.12650002968318,-119.700874113171,13.2609485278584,-0.0278511208800395,0.0218161461269417,-0.0885089883439521,0.307179308236511,-0.489715354711552,-0.0758147984897504,-0.425193780793508,-1.2665856341134,0.0942596201176142,-0.120334316363216,13.2609957200686,119.700874113171,1317,1408,1408,1409,1412,21.8799999999996,1094,50,1,0.367391304347826,5.39911726278921e-16,-5.39911726278921e-16,0.062493718906096,0.216996059726689
21.88,0,0,13,282.79933842727,-2.13291861547568,-119.698471793343,13.2615211143091,-0.0255292899268374,0.0231584220728464,-0.0977544000490698,0.414221109313082,-0.510853797368629,-0.0776043847643465,-0.417979192049331,-1.27660412134116,0.100054773863461,-0.110297794423412,13.2615659076303,119.698471793343,1317,1408,1408,1409,1412,21.8999999999996,1095,50,1,0.366304347826087,3.048979361142e-16,-3.048979361142e-16,0.0555525079945734,0.216996433168389
21.9,0,0,13,283.064486423647,-2.13933756152426,-119.69607818174,13.2620367681967,-0.0231363406635131,0.0247506382321842,-0.106579534955056,0.511521596702176,-0.530285835287527,-0.0795731809815517,-0.408716704392755,-1.28703134159154,0.106929688805068,-0.0999553117825957,13.2620800452023,119.69607818174,1317,1408,1408,1409,1412,21.8999999999996,1095,50,1,0.366304347826087,1.98622424145398e-16,-1.98622424145398e-16,0.0524136251962982,0.216996602042342
21.92,0,0,13,283.329644650427,-2.14575732463866,-119.693698042989,13.2625351119832,-0.0206809705178235,0.0265164384449296,-0.114979031131703,0.59681866642281,-0.548024126032822,-0.0817134506343241,-0.397627339806414,-1.2978331406433,0.114554116042004,-0.0893440800098061,13.2625777441883,119.693698042989,1317,1408,1408,1409,1411,21.9399999999996,1097,50,1,0.366304347826087,9.72339511413632e-17,-9.72339511413632e-17,0.0494190827287054,0.216996763150691
21.94,0,0,13,283.594812766185,-2.15217838581155,-119.691336531713,13.2630115792767,-0.0181717286086597,0.0283844089395082,-0.122948737133564,0.66956416438643,-0.564085028936607,-0.084017334737029,-0.384958640989167,-1.30897560830276,0.122619538074588,-0.0785010488543815,13.2630544007939,119.691336531713,1317,1408,1408,1409,1411,21.9399999999996,1097,50,1,0.366304347826087,6.33419934915504e-17,-6.33419934915504e-17,0.048418072421664,0.216996817005702
21.96,0,0,13,283.859990339799,-2.15860132739648,-119.688998988222,13.2634620655388,-0.0156379406118399,0.0302924394101778,-0.130634950940661,0.730152810188714,-0.576212015970962,-0.0864777427719615,-0.370958751306352,-1.3204141987358,0.130857682782448,-0.0675528938765002,13.2635058766926,119.688998988222,1317,1409,1409,1409,1410,21.9799999999996,1099,50,1,0.366304347826087,3.10085446134993e-17,-3.10085446134993e-17,0.0474630931925635,0.1375965831117
21.98,0,0,13,284.125176838705,-2.16502754908523,-119.686690768543,13.2638826733996,-0.013154494719602,0.0321889664874587,-0.137856207707799,0.779475262245916,-0.579326731717336,-0.0890908365478713,-0.355862270400954,-1.33200473103578,0.139045885088083,-0.0568230721806833,13.2639282546313,119.686690768543,1317,1409,1409,1409,1410,21.9999999999996,1100,50,1,0.366304347826087,1.75110870803291e-17,-1.75110870803291e-17,0.0470644412690258,0.0777032840095237
22,9.2,0,13,284.390371648732,-2.1714585168696,-119.684417113648,13.2642697663591,-0.0107322584509668,0.0340329108678766,-0.143821277760511,0.818658054201977,-0.576480898730746,-0.0918396591953466,-0.339883284483415,-1.3435957179902,0.147006801937802,-0.0463584476581222,13.2643177681757,119.684417113648,1317,1409,1409,1409,1410,22.0199999999996,1101,50,1,0.366304347826087,9.8888282103178e-18,-9.8888282103178e-18,0.0468393153034308,0.0438804526196938
22.02,9.2,0,13,284.655574090165,-2.17789526117593,-119.682183050072,13.2646200386147,-0.00837687228369042,0.0357929254568496,-0.148313537550782,0.84891177559727,-0.569815101398674,-0.0946969448074405,-0.323212390340693,-1.35509094072455,0.154605151278096,-0.0361832917064852,13.2646709749742,119.682183050072,1317,1432,1432,1409,1408,22.0399999999996,1102,50,1,0.366304347826087,5.58440049578802e-18,-5.58440049578802e-18,0.0467121825909248,0.0247800867962439
22.04,9.2,0,13,284.920783424694,-2.18433832260273,-119.679993316909,13.2649304708833,-0.00604377993372657,0.0374463937666667,-0.0136704360476874,0.871436244918966,-0.561631354309585,-0.0969548309441461,-0.306015951420359,-1.366430286791,0.161743374852431,-0.0261050504207798,13.2649847024808,119.679993316909,1317,1450,1450,1409,1406,22.0599999999996,1103,50,1,0.366304347826087,0.500883466260755,-0.500883466260755,0.0466403884442727,0.0139937640787641
22.06,9.2,0,13,285.185998905907,-2.1907857273966,-119.677852318951,13.265197896593,-0.00354465118272596,0.0389784501626871,0.598581685166798,0.887321803663516,-0.567918966613737,-0.0919151106417127,-0.288436909510444,-1.37771041112491,0.1683574022901,-0.0153101878009673,13.2652556371864,119.677852318951,1317,1463,1463,1408,1405,22.0799999999996,1104,50,1,0.366304347826087,1.28852424185221,-1.28852424185221,0.0465998449886042,0.00790253217037932
22.08,9.2,0,13,285.4512197747,-2.19723296539024,-119.675764094186,13.2654187886302,-0.000656166983579138,0.0403794447721392,1.67793816015193,0.897534359584097,-0.613889694841053,-0.0697174349419908,-0.270596536762519,-1.38946887766667,0.174405697686578,-0.00283409255369363,13.2654802614854,119.675764094186,1317,1463,1463,1408,1405,22.0799999999996,1104,50,1,0.366304347826087,1.92413569423687,-1.92413569423687,0.0465815108452965,0.00514801810918075
22.1,9.2,0,13,285.716445230318,-2.20367426830138,-119.673732288483,13.265589831532,0.00288181278675337,0.0416428610590264,3.05643606345573,0.902909072415459,-0.715810110383812,-0.0226255579509861,-0.252595696091243,-1.40268949557202,0.179860253371056,0.0124468565649397,13.2656555062752,119.673732288483,1317,1480,1480,1408,1402,22.1199999999996,1106,50,1,0.366304347826087,2.85299705540969,-2.85299705540969,0.0465640197905901,-0.128625274941165
22.12,9.2,0,13,285.98167440555,-2.21010413921794,-119.671760135928,13.2657081141837,0.00731718077769292,0.0427640648515956,4.55743135262622,0.904139204932105,-0.875852235244943,0.0535490164500268,-0.234514882368258,-1.41849602972346,0.184701180089979,0.0316033906375663,13.2657790603151,119.671760135928,1317,1486,1486,1408,1400,22.1399999999996,1107,50,1,0.366304347826087,3.47681611294627,-3.47681611294627,0.0465567182259162,-0.22864805131565
22.14,9.2,0,13,286.246906411536,-2.216516178375,-119.669850446047,13.2657709493639,0.0130278536074945,0.0437392732972831,6.04002379854752,0.901788068082855,-1.10077498352131,0.15973793380192,-0.216413648775177,-1.43811961322893,0.188912252982861,0.0562678741688043,13.2658494537661,119.669850446047,1317,1491,1491,1407,1398,22.1599999999996,1108,50,1,0.366304347826087,3.99592004949857,-3.99592004949857,0.0465525949000259,-0.285132725747852
22.16,9.2,0,13,286.512140372855,-2.22290223566249,-119.668005589997,13.2657754980554,0.0203850037057292,0.0445647024606146,7.39427742560112,0.896320140158318,-1.38952653615737,0.294556146644712,-0.198329401481074,-1.4628502029458,0.192477232969066,0.0880436404256639,13.265866014923,119.668005589997,1317,1494,1494,1407,1395,22.1799999999996,1109,50,1,0.366304347826087,4.31496810241818,-4.31496810241818,0.0465502663831727,-0.317030645015424
22.18,9.2,0,13,286.777375424748,-2.2292532486976,-119.666227488572,13.2657182590932,0.0296743693217527,0.0452367090745607,8.5517419980583,0.888182526929465,-1.72917140972541,0.454333387171096,-0.180276727881852,-1.49385938908133,0.195380484646721,0.128165197505427,13.2658285778793,119.666227488572,1317,1497,1497,1406,1393,22.1999999999996,1110,50,1,0.366304347826087,4.67727976196981,-4.67727976196981,0.0465489514275083,-0.484924485817035
22.2,9.2,0,13,287.042610677167,-2.23556019060946,-119.664517608607,13.2655936576631,0.0410782285496127,0.0457515036707372,9.57646315065444,0.877804489543603,-2.1016332528445,0.63605744934082,-0.162249463322979,-1.531943675466,0.197605756732609,0.177420450684843,13.2657361541371,119.664517608607,1317,1498,1498,1406,1390,22.2199999999996,1111,50,1,0.366304347826087,4.91641792559061,-4.91641792559061,0.046548208848215,-0.608154989820769
22.22,9.2,0,13,287.307845248636,-2.24181329229647,-119.662876950663,13.2653961796471,0.0547995685998694,0.0461060389317872,10.3973213734077,0.865642955235563,-2.50324929986455,0.836292774741691,-0.144221540750071,-1.57772169849285,0.199139985552409,0.236687026377891,13.2655894917091,119.662876950663,1317,1499,1499,1406,1386,22.2399999999996,1112,50,1,0.366304347826087,5.05146358025092,-5.05146358025092,0.046547789500231,-0.677745488615827
22.24,9.2,0,13,287.573078284931,-2.24800182074889,-119.66130604013,13.2651184784969,0.0709553457885568,0.0462994034662522,11.0071185713595,0.8522168709646,-2.92117769478355,1.0508093078464,-0.126148776951556,-1.6316732610905,0.199979340157909,0.306471315664549,13.265389046101,119.66130604013,1317,1500,1500,1406,1382,22.2599999999996,1113,50,1,0.366304347826087,5.127726308736,-5.127726308736,0.046547552686825,-0.885660075608936
22.26,9.2,0,13,287.838308900402,-2.25411589219689,-119.659804956142,13.2647513691912,0.0895208159465094,0.0463334520549458,11.4693027438464,0.838098454642725,-3.33556905704655,1.2757930006777,-0.107976179263094,-1.69388977895717,0.200131942364349,0.386668067295048,13.2651343623699,119.659804956142,1317,1500,1500,1406,1382,22.2599999999996,1113,50,1,0.366304347826087,5.26246438531706,-5.26246438531706,0.0465474455975094,-1.005281731011
22.28,9.2,0,13,288.103536208147,-2.26014483705303,-119.658373313669,13.2642840944581,0.110539814865093,0.0462100425193345,11.881853473966,0.823750821197131,-3.74380592222924,1.50956656438077,-0.0896394953916867,-1.76428134448681,0.199605925007717,0.477468649719765,13.264825176277,119.658373313669,1317,1499,1499,1405,1373,22.2999999999996,1115,50,1,0.366304347826087,5.43476225502854,-5.43476225502854,0.0465473434326551,-1.26928313785952
22.3,9.2,0,13,288.368759302435,-2.26607819657628,-119.657010294692,13.263706185883,0.133911178912699,0.0459326954353758,12.2042779837631,0.809624534760344,-4.13675681487979,1.75070916241879,-0.0710686955196075,-1.84261148108057,0.198416568700778,0.578438529868599,13.2644616853372,119.657010294692,1317,1498,1498,1404,1368,22.3199999999996,1116,50,1,0.366304347826087,5.50668725097492,-5.50668725097492,0.0465473007843813,-1.42998045897394
22.32,9.2,0,13,288.633977281586,-2.27190537125032,-119.655714651942,13.263006486083,0.159581506536213,0.0455083255042103,12.4294908096526,0.796187907715986,-4.51161435142505,1.99730049282536,-0.0521888567150552,-1.92857148215318,0.196593792984512,0.689349870661508,13.2640445684866,119.655714651942,1317,1497,1497,1404,1363,22.3399999999996,1117,50,1,0.366304347826087,5.54730459961117,-5.54730459961117,0.0465472767001282,-1.70807978303645
22.34,9.2,0,13,288.899189207453,-2.27761660224194,-119.654484765998,13.2621735507817,0.187371290545155,0.0449469369261369,12.5686933028118,0.78390700095294,-4.85604155746991,2.24748195146411,-0.032928050842627,-2.02164255253877,0.194180834553328,0.809430539566532,13.2635732560541,119.654484765998,1317,1496,1496,1404,1357,22.3599999999996,1118,50,1,0.366304347826087,5.57024195245398,-5.57024195245398,0.046547263099314,-1.90064977296463
22.36,9.2,0,13,289.164394139876,-2.28320195360617,-119.65331864207,13.2611963693821,0.217170891514414,0.0442606832865656,12.6396095444644,0.773184965244595,-5.1693740180945,2.49970645583054,-0.0132164255882891,-2.12123419142368,0.191230177398333,0.938210529051495,13.2630483431042,119.65331864207,1317,1494,1494,1403,1351,22.3799999999996,1119,50,1,0.366304347826087,5.58319509127519,-5.58319509127519,0.0465472554186878,-2.21548323417012
22.38,9.2,0,13,289.429591087203,-2.28865252044202,-119.652213997147,13.2600650019275,0.24869792039386,0.0434642075781667,12.6217551802105,0.764393659448224,-5.43753724679824,2.75258773317751,0.00700520660111065,-2.2265655261507,0.187805017171986,1.07447393611984,13.2624682336393,119.652213997147,1317,1492,1492,1402,1344,22.3999999999996,1120,50,1,0.366304347826087,5.45390538179694,-5.45390538179694,0.0465472510812989,-2.54476026403312
22.4,9.2,0,13,289.694779003276,-2.29396080400641,-119.651168457896,13.2587725446009,0.281691069447854,0.042532913360756,12.4696368101056,0.738834295324645,-5.65420628337389,3.00359592808258,0.0276884947595243,-2.33667516571353,0.183798919433657,1.21709597460205,13.2618327653755,119.651168457896,1317,1492,1492,1402,1344,22.3999999999996,1120,50,1,0.366304347826087,5.3746988410857,-5.3746988410857,0.0840452940231482,-2.80697461820184
22.42,9.2,0,13,289.959956815725,-2.29911955472801,-119.650180389926,13.2573137455371,0.315895740259699,0.0412523086885445,12.2714872417061,0.658130196937429,-5.81410006446655,3.2509516120961,0.0479588449107895,-2.45051661826323,0.178284651024106,1.36498095632483,13.2611409621983,119.650180389926,1317,1488,1488,1401,1331,22.4399999999996,1122,50,1,0.366304347826087,5.29913458299958,-5.29913458299958,0.136185391380898,-3.21154858753482
22.44,9.2,0,13,290.225123431056,-2.30412156001508,-119.6492470892,13.2556872659879,0.35103454332594,0.0395416921343237,12.0371367429992,0.553781819620107,-5.91658877744844,3.494082766602,0.066980801659607,-2.56700407206677,0.170912704017555,1.51693445538343,13.260393421377,119.6492470892,1317,1488,1488,1401,1331,22.4399999999996,1122,50,1,0.366304347826087,5.17362376561129,-5.17362376561129,0.153614689989978,-3.47335766518753
22.46,9.2,0,13,290.490277745723,-2.30896050077025,-119.648363989883,13.2538964546809,0.386779856479155,0.0374347600313666,11.725313014766,0.446096642250774,-5.9570705879118,3.73158480779696,0.0844427543302227,-2.68498359724346,0.161827735773437,1.67154448120458,13.259591669808,119.648363989883,1317,1483,1483,1399,1316,22.4799999999996,1124,50,1,0.366304347826087,5.0101288430909,-5.0101288430909,0.170242508936874,-3.91501512142503
22.48,9.2,0,13,290.755418664691,-2.31363077590934,-119.647525164176,13.2519479792209,0.422821064210968,0.0350102041581054,11.4186089639602,0.345744455327489,-5.93200216766028,3.96277340325274,0.100309840538535,-2.80318404021494,0.151368860973793,1.82747187892058,13.2587378211771,119.647525164176,1318,1480,1480,1399,1310,22.4999999999996,1125,50,1,0.366304347826087,4.94187859914288,-4.94187859914288,0.177183719599289,-4.28101963154554
22.5,9.2,0,13,291.02054513525,-2.31812701808664,-119.646723732803,13.2498532442709,0.458846549501387,0.0323577988225342,11.1056570711186,0.257843704525285,-5.84370985849717,4.18795742707271,0.114683364951258,-2.92031846408262,0.139923181565193,1.98337219359376,13.2578353503824,119.646723732803,1318,1478,1478,1398,1303,22.5199999999996,1126,50,1,0.367391304347826,4.72119700727734,-4.72119700727734,0.181103547049028,-4.62498497528819
22.52,9.2,0,13,291.285656593514,-2.32244457545177,-119.645952262291,13.247671437051,0.494531036766594,0.02957980112977,10.7157604091071,0.184565998782503,-5.69169870831569,4.40593994446912,0.127721179911351,-3.03512756654679,0.127931535375474,2.13783383851674,13.2569315610746,119.645952262291,1318,1475,1475,1398,1296,22.5399999999996,1127,50,1,0.367391304347826,4.56203990950007,-4.56203990950007,0.183317144645039,-4.97168723965924
22.54,9.2,0,13,291.550752533278,-2.3265790845377,-119.645203065139,13.2453765120206,0.52957801908536,0.0267667283016992,10.3483261464456,0.126224573832425,-5.47415849921241,4.61622283531924,0.139585466557476,-3.14630625539241,0.115785192970506,2.28958163527977,13.2559861300934,119.645203065139,1318,1472,1472,1397,1291,22.5599999999996,1128,50,1,0.367391304347826,4.47216101213909,-4.47216101213909,0.18456720332234,-5.33711338600977
22.56,9.2,0,13,291.815832080567,-2.3305262074183,-119.644468421029,13.2429907613381,0.563699590379361,0.0239879575710516,9.99782553215074,0.0820441800508957,-5.19650468308263,4.81953552192427,0.150421324730681,-3.2525663936115,0.103783748668187,2.43737008697334,13.2550042231298,119.644468421029,1318,1470,1470,1397,1285,22.5799999999996,1129,50,1,0.367391304347826,4.23926532773663,-4.23926532773663,0.185273134110984,-5.57092528107036
22.58,9.2,0,13,292.080894493259,-2.33428123586734,-119.643740726512,13.2405383246137,0.596647531180877,0.0213137634946235,9.59229419503202,0.0508630978204238,-4.86405796946918,5.01514334798157,0.160357278672556,-3.35279716130086,0.0922309659202041,2.58012397651949,13.2539917639383,119.643740726512,1318,1470,1470,1397,1285,22.5799999999996,1129,50,1,0.367391304347826,4.1062936677828,-4.1062936677828,0.185592362850392,-5.84989916637111
22.6,9.2,0,13,292.345939046191,-2.33784038493485,-119.643012902459,13.2380443647272,0.628097590098321,0.018748410309658,9.22707202583596,0.0120787904511337,-4.46968747108134,5.20294252698818,0.169382644516284,-3.44578661340239,0.0811452232312576,2.716438774146,13.2529497353632,119.643012902459,1318,1465,1465,1396,1275,22.6199999999996,1131,50,1,0.367391304347826,3.97943665899711,-3.97943665899711,0.236992539615301,-6.19165765381192
22.62,9.2,0,13,292.610965133398,-2.34119912741236,-119.642279185375,13.2355371396793,0.657846212848069,0.0160815933148965,8.89884330744604,-0.0745891731830868,-4.02439323545591,5.38401652798994,0.176651116066204,-3.53051279825233,0.0696161373460584,2.84542980813748,13.2518852859974,119.642279185375,1318,1462,1462,1395,1271,22.6399999999996,1132,50,1,0.367391304347826,3.76710874071347,-3.76710874071347,0.275662188817897,-6.54892601610416
22.64,9.2,0,13,292.875972173991,-2.34435396376254,-119.641533499036,13.2330464986432,0.685568214920611,0.0132443009405057,8.54205918736418,-0.179287983371776,-3.52379926392323,5.55813740184762,0.181334013585734,-3.60597103598168,0.0573444892823529,2.96568591103808,13.2507999314785,119.641533499036,1319,1460,1460,1395,1267,22.6599999999996,1133,50,1,0.367391304347826,3.61698588925039,-3.61698588925039,0.297499640494286,-6.79137128586779
22.66,9.2,0,13,293.140959739164,-2.34730095103579,-119.640768482202,13.2306042578452,0.711116743372785,0.0102598936262096,8.23740849054862,-0.283357808556046,-2.97731227592483,5.72559066467612,0.183114623829215,-3.67120471165731,0.044430962769706,3.07656466769106,13.2497049520294,119.640768482202,1319,1458,1458,1395,1265,22.6799999999996,1134,50,1,0.368478260869565,3.53220879450171,-3.53220879450171,0.309831645194411,-7.09996673841273
22.68,9.2,0,13,293.405927974946,-2.3500360632724,-119.639976001685,13.2282858899649,0.734252705031248,0.00718018436212699,7.97215311453782,-0.377527415184366,-2.38643307846389,5.887582943305,0.181947926927445,-3.72529740011359,0.031099586378457,3.17701403391117,13.2486499756216,119.639976001685,1319,1455,1455,1395,1263,22.6999999999996,1135,50,1,0.368478260869565,3.32496162077391,-3.32496162077391,0.316795751729257,-7.30678766375978
22.7,9.2,0,13,293.670877211879,-2.35255498622512,-119.639147518813,13.2260795088771,0.754864995729079,0.00408634335699843,7.67745845070643,-0.457694234505587,-1.76319735435961,6.04389977222308,0.177930817987783,-3.76748631878249,0.0177021633954645,3.26655421968533,13.2476041998211,119.639147518813,1319,1453,1453,1395,1261,22.7199999999996,1136,50,1,0.368478260869565,3.17770795783481,-3.17770795783481,0.320728508893077,-7.42358318831367
22.72,9.2,0,13,293.935807603231,-2.3548520527607,-119.638274287539,13.2240133755602,0.77287053711554,0.00105080165357725,7.43072972281974,-0.522728020674692,-1.11233615011163,6.19476560150394,0.1712252806469,-3.79717724568413,0.00455281600364206,3.34481692306688,13.2465791708018,119.638274287539,1319,1451,1451,1395,1261,22.7399999999996,1137,50,1,0.368478260869565,3.09455114584108,-3.09455114584108,0.322949408132942,-7.61830139893442
22.74,9.2,0,13,294.200719433661,-2.35692174582658,-119.637347747657,13.222113772958,0.788105083822228,-0.00187526857862725,7.21809303631672,-0.573062047330637,-0.433697499181556,6.34128412552209,0.161998308321217,-3.81378052119773,-0.00812615714350894,3.41108343138495,13.2455806125977,119.637347747657,1319,1449,1449,1395,1262,22.7599999999996,1138,50,1,0.368478260869565,2.88821897514777,-2.88821897514777,0.324203590180847,-7.75267591185119
22.76,9.2,0,13,294.465613144751,-2.35875857128164,-119.636359677765,13.2204062339248,0.800496715493408,-0.004633731415713,6.97038170282073,-0.609894328250411,0.264903207335031,6.4831231758737,0.15041040979637,-3.81681021547551,-0.0200820790184482,3.46503358229393,13.2446199436972,119.636359677765,1319,1449,1449,1395,1262,22.7599999999996,1138,50,1,0.368478260869565,2.77071634034546,-2.77071634034546,0.324770743449384,-7.81344136797943
22.78,9.2,0,13,294.730489405788,-2.36035593951042,-119.635302218015,13.2189117796843,0.810031045507708,-0.00718630717581595,6.76558769048745,-0.634836293093399,0.977726911800663,6.62039187278737,0.136607360735447,-3.80590544947273,-0.031148179045184,3.50659667273759,13.2437090943879,119.635302218015,1319,1445,1445,1395,1266,22.7999999999996,1140,50,1,0.368478260869565,2.65861701947788,-2.65861701947788,0.325311816390751,-7.87141254773762
22.8,9.2,0,13,294.995349086246,-2.36170627362042,-119.634167973873,13.2176475810193,0.816686744673787,-0.00951946804375205,6.59643269649676,-0.649594190329493,1.69821943151549,6.75412405562962,0.120716902958333,-3.78083439723926,-0.0412649258855795,3.53567307279803,13.2428575252935,119.634167973873,1319,1443,1443,1395,1268,22.8199999999996,1141,50,1,0.368478260869565,2.47521706408125,-2.47521706408125,0.325537684935612,-7.89561236446256
22.82,9.2,0,13,295.260193204422,-2.36280171994544,-119.632950135399,13.2166275816043,0.820474049707919,-0.0116132242658295,6.40367361112458,-0.655848693500517,2.41947998439809,6.88415870442124,0.102848254754286,-3.74148601198475,-0.0503448070710495,3.55230050778352,13.2420752589632,119.632950135399,1320,1441,1441,1396,1272,22.8399999999996,1142,50,1,0.368478260869565,2.3457471329504,-2.3457471329504,0.325665236996087,-7.75905650129133
22.84,9.2,0,13,295.525023038976,-2.36363251185577,-119.63164231671,13.2158603321042,0.821533699390389,-0.0134628924422252,6.25262671236524,-0.655203192726555,3.12960958911807,7.01070157710894,0.0831069517818859,-3.687974189468,-0.0583667374480325,3.55708205942411,13.2413769369501,119.63164231671,1320,1440,1440,1397,1277,22.8599999999996,1143,50,1,0.369565217391304,2.27263311658572,-2.27263311658572,0.325737267956137,-7.65345838488211
22.86,9.2,0,13,295.789840464089,-2.3641879610492,-119.63023867803,13.2153931848127,0.8199436053776,-0.0150842347559003,6.16668394089384,-0.649054286815611,3.82432223592913,7.13486130686513,0.0615850243053509,-3.62052703441439,-0.0653981762996715,3.55033959085866,13.240813875262,119.63023867803,1320,1438,1438,1397,1282,22.8799999999996,1144,50,1,0.369565217391304,2.23134430657181,-2.23134430657181,0.325777945144622,-7.40068272289228
22.88,9.2,0,13,296.054647536164,-2.36445586185415,-119.628733823024,13.2151804871183,0.815884640258634,-0.016497358899092,6.10175567263671,-0.638594191675309,4.49067490634221,7.25773545180196,0.0383802699856199,-3.53960762247341,-0.0715259657583358,3.53286524026861,13.2403525336818,119.628733823024,1320,1436,1436,1398,1288,22.8999999999996,1145,50,1,0.369565217391304,2.04865575532876,-2.04865575532876,0.325800916290113,-7.22131530972266
22.9,9.2,0,13,296.319445906478,-2.36442432112505,-119.62712297185,13.2152175393562,0.809434128226029,-0.0176995215559096,5.97564272666179,-0.624961501023991,5.13167856543372,7.37856263558774,0.0135766324197367,-3.4457219029799,-0.0767378422008962,3.50499354715816,13.2399951470349,119.62712297185,1320,1436,1436,1398,1288,22.8999999999996,1145,50,1,0.369565217391304,1.94184499422506,-1.94184499422506,0.325811304064574,-6.96696174641571
22.92,9.2,0,13,296.584237375257,-2.36407999074896,-119.62540171578,13.2154974723915,0.800875581431248,-0.0186978731048126,5.86375313600975,-0.60917639691399,5.73455082207567,7.49688847848716,-0.0127409416335483,-3.33950619473638,-0.0810645609196607,3.46795081137648,13.2397554641382,119.62540171578,1320,1439,1439,1399,1302,22.9399999999996,1147,50,1,0.369565217391304,1.83994588531385,-1.83994588531385,0.32582121416118,-6.49846948660833
22.94,9.2,0,13,296.849023872844,-2.36340787855566,-119.623565965745,13.2160084252319,0.790425325674307,-0.0195176331141765,5.79644272016719,-0.592028559034055,6.29534048353555,7.61334836701762,-0.0404789191895945,-3.22176000006896,-0.0846153509110017,3.42267509318817,13.2396386593166,119.623565965745,1320,1439,1439,1399,1302,22.9399999999996,1147,50,1,0.369565217391304,1.80588323320511,-1.80588323320511,0.325824526890572,-6.19309399551995
22.96,9.2,0,13,297.113807348652,-2.3623925759595,-119.621612046786,13.2167364772588,0.778293346772953,-0.0201884223181694,5.77762641602941,-0.574103311823417,6.81125121771611,7.7288862324634,-0.0695441024826336,-3.0933498119109,-0.0875186167348025,3.37007813101801,13.2396476998193,119.621612046786,1320,1436,1436,1401,1317,22.9799999999996,1149,50,1,0.369565217391304,1.77338693918786,-1.77338693918786,0.325827687285363,-5.72337111249483
22.98,9.2,0,13,297.378589733017,-2.36101857081838,-119.619536666876,13.217666486193,0.764690682520419,-0.0207381938559166,5.80041202027029,-0.55583001843709,7.28045259534385,7.84439951056492,-0.099843927839129,-2.95518395350059,-0.089895596088072,3.31107695493364,13.2397843355868,119.619536666876,1320,1435,1435,1401,1326,22.9999999999996,1150,50,1,0.369565217391304,1.75982150265996,-1.75982150265996,0.325829006578416,-5.3332271339536
23,9.2,0,13,297.643372931302,-2.35927011298186,-119.617336829677,13.2187826272859,0.749857781494278,-0.0211911923363471,5.8546866572593,-0.537528414434172,7.69946584014336,7.96060939660577,-0.131282175174235,-2.8082245838844,-0.0918514872235795,3.24671617182174,13.2400509782453,119.617336829677,1320,1434,1434,1402,1335,23.0199999999996,1151,50,1,0.369565217391304,1.75216085481971,-1.75216085481971,0.325829751607112,-4.91587237834561
23.02,9.2,0,13,297.908158824084,-2.35713097603984,-119.61500960987,13.2200684381232,0.734058703818532,-0.0215202568985569,5.93017292308284,-0.500356553763516,8.06463217836331,8.07803190844118,-0.163661807291109,-2.65349604695994,-0.0932687157389558,3.17814283125691,13.240449947444,119.61500960987,1320,1433,1433,1403,1344,23.0399999999996,1152,50,1,0.369565217391304,1.747834748158,-1.747834748158,0.274734544700748,-4.4795989776229
23.04,9.2,0,13,298.172949242902,-2.35458463415576,-119.612551304906,13.2215075461607,0.717562113204603,-0.0215051926460094,6.01762646306762,-0.405936609319433,8.3739717663808,8.1969891865475,-0.195977294554962,-2.49196363948344,-0.0931932826368429,3.1065240662401,13.240982578827,119.612551304906,1320,1432,1432,1404,1353,23.0599999999996,1153,50,1,0.369565217391304,1.74539171732839,-1.74539171732839,0.236192265800631,-4.03264187516007
23.06,9.2,0,13,298.437745951017,-2.35161422425665,-119.609959250482,13.2230827315038,0.700623805418989,-0.0210576547267906,6.07206818641703,-0.2857258616103,8.62698309957291,8.31745511300795,-0.227271383769888,-2.32462062773736,-0.0912429988429428,3.03297155874063,13.2416477096219,119.609959250482,1320,1432,1432,1405,1362,23.0799999999996,1154,50,1,0.369565217391304,1.60740751183881,-1.60740751183881,0.214426742442258,-3.57965149271448
23.08,9.2,0,13,298.702550591175,-2.3482030374,-119.607232762225,13.2247766347524,0.683470912618679,-0.0201782027255112,6.02624757124454,-0.160205368659173,8.82758576291736,8.43779665716417,-0.257122621111815,-2.15250383344581,-0.0874211330064905,2.95847298520341,13.2424414926914,119.607232762225,1320,1432,1432,1405,1362,23.0799999999996,1154,50,1,0.369565217391304,1.52426923582699,-1.52426923582699,0.204584161985347,-3.22546064092345
23.1,9.2,0,13,298.967364667815,-2.34433421791371,-119.604372650279,13.2265728773878,0.666342230829194,-0.0189229822293779,5.95096727187339,-0.0403366855031187,8.98022859244637,8.55673983234716,-0.285415452297005,-1.9765975053838,-0.0819718220178622,2.88406591014295,13.2433606055523,119.604372650279,1320,1430,1430,1407,1379,23.1199999999996,1156,50,1,0.369565217391304,1.4449540417915,-1.4449540417915,0.195194188844229,-2.6836675336589
23.12,9.2,0,13,299.232189527267,-2.33999076305625,-119.601380826735,13.2284565515353,0.649444212531485,-0.0173799450396446,5.8805070120486,0.0684885435919022,9.08722153057628,8.67409644557953,-0.312193253131866,-1.79783893492366,-0.0752768792108868,2.81064746246636,13.2444004237088,119.601380826735,1320,1429,1429,1408,1387,23.1399999999996,1157,50,1,0.369565217391304,1.41184425918629,-1.41184425918629,0.191274385417509,-2.23839170482932
23.14,9.2,0,13,299.497026344275,-2.33515562323831,-119.598259836204,13.2304138989419,0.632984155336555,-0.0155954726732253,5.82574024361699,0.18313527726011,9.14844840890303,8.7901039238385,-0.33747648555904,-1.61714899567213,-0.0675378984101457,2.73911777499152,13.245556390616,119.598259836204,1319,1428,1428,1409,1396,23.1599999999996,1158,50,1,0.369565217391304,1.39314656493338,-1.39314656493338,0.137965173750163,-1.80508583153958
23.16,9.2,0,13,299.761876103753,-2.32981201690022,-119.595011778486,13.2324324142503,0.61715678892765,-0.0134195594487443,5.78673822508457,0.341738795001281,9.16456528938425,8.90509569006242,-0.360508103532033,-1.43531867078495,-0.0581060104199228,2.67032198042997,13.2468233997588,119.595011778486,1319,1427,1427,1409,1404,23.1799999999996,1159,50,1,0.368478260869565,1.38258763814901,-1.38258763814901,0.0981726062393081,-1.36335677178691
23.18,9.2,0,13,300.026739165403,-2.32394311525822,-119.591639879412,13.2344550379764,0.602165355078329,-0.0108268562711506,5.759497687089,0.513498574583335,9.13526731938077,9.01936318359824,-0.380578804836475,-1.25314536749826,-0.0468725783996652,2.6051501612604,13.2481515875948,119.591639879412,1319,1426,1426,1410,1410,23.1999999999996,1160,50,1,0.368478260869565,1.37662482084492,-1.37662482084492,0.0757010222447114,-0.932053823269482
23.2,9.2,0,13,300.291615683722,-2.31753217483552,-119.588149195811,13.2365131315771,0.58817288616548,-0.00788470070259044,5.70137899810997,0.679253584288194,9.06343681949324,9.13292065957864,-0.397496974838977,-1.07148471668634,-0.0341298357851907,2.54430026618926,13.2495769515459,119.588149195811,1319,1425,1425,1410,1421,23.2199999999996,1161,50,1,0.368478260869565,1.2366529281476,-1.2366529281476,0.0630109115327431,-0.547661041834078
23.22,9.2,0,13,300.556506011727,-2.31056358223618,-119.58454619543,13.2385944906975,0.575288442173914,-0.00468247180297576,5.5462893657753,0.829321075193176,8.95692700584524,9.24420335773381,-0.411357927939928,-0.891122582537511,-0.02026543384196,2.48824550526474,13.251089117743,119.58454619543,1319,1425,1425,1410,1431,23.2399999999996,1162,50,1,0.368478260869565,1.13170761102674,-1.13170761102674,0.0558445760434098,-0.163706925375084
23.24,9.2,0,13,300.821410265757,-2.30302213010784,-119.580838175341,13.2406887409336,0.563660267740505,-0.00132367174522111,5.36599933526544,0.959550272486619,8.81982788587953,9.35202445649863,-0.422400014634322,-0.712742660917102,-0.00572785945603965,2.43762746708563,13.2526809734417,119.580838175341,1319,1424,1424,1411,1440,23.2599999999996,1163,50,1,0.368478260869565,1.07244308862874,-1.07244308862874,0.051797616524196,0.213052722030193
23.26,9.2,0,13,301.086328334378,-2.29489270439582,-119.577032823153,13.2427866893026,0.553402906889834,0.00208386704607139,5.1950986167011,1.06900849807348,8.65458997862515,9.45629303586769,-0.430913254904109,-0.536978236940291,0.00901598648547598,2.39294140690828,13.2543448883084,119.577032823153,1319,1424,1424,1411,1440,23.2599999999996,1163,50,1,0.368478260869565,1.04564309763664,-1.04564309763664,0.0499675422357042,0.490924528588224
23.28,9.2,0,13,301.351259878649,-2.28616069349859,-119.573137953941,13.2448800824795,0.544607349736503,0.00544314027822827,5.04452030538297,1.15849245827529,8.46343526156028,9.55734343671336,-0.437192193588253,-0.364419887392409,0.0235463775995636,2.35458019103423,13.2560731437491,119.573137953941,1318,1422,1422,1412,1455,23.2999999999996,1165,50,1,0.367391304347826,1.02007549402906,-1.02007549402906,0.0482216232167622,0.900034487815623
23.3,9.2,0,13,301.616203902461,-2.27681221566113,-119.56916128185,13.2469176931785,0.537347683486146,0.00867457355161647,4.91460521866703,1.22967516432003,8.24883919768487,9.65560679454199,-0.441512334145273,-0.195610132890279,0.0375193984029386,2.32287077938418,13.2578145314761,119.56916128185,1318,1422,1422,1412,1461,23.3199999999996,1166,50,1,0.367391304347826,1.00940240916206,-1.00940240916206,0.0474927969197778,1.1991133488169
23.32,9.2,0,13,301.881159208854,-2.26683424815426,-119.565110222511,13.2489371797882,0.531682899122343,0.0117165500476287,4.80164842495919,1.2846192285823,8.01367230026511,9.75147207001057,-0.444119725278439,-0.0310343196609989,0.0506688713270462,2.29805882831126,13.2596063432041,119.565110222511,1318,1421,1421,1413,1466,23.3399999999996,1167,50,1,0.367391304347826,1.00337512471994,-1.00337512471994,0.0470812155020749,1.46497251746419
23.34,9.2,0,13,302.146124852669,-2.25621476505989,-119.560991779051,13.2509325826751,0.527639269410155,0.0145238623600736,4.7008881086945,1.32550386157043,7.76308413473831,9.84523940074234,-0.445229352141519,0.128897362090393,0.0627997823572892,2.28025629155426,13.261441416822,119.560991779051,1318,1420,1420,1413,1470,23.3599999999996,1168,50,1,0.367391304347826,0.999971407968974,-0.999971407968974,0.0468487880168164,1.63016254846518
23.36,9.2,0,13,302.411099722418,-2.24494334644931,-119.556812555238,13.2528997133215,0.525192965874426,0.0170681630614876,4.57082339867678,1.3544519601303,7.50327618420694,9.93693026399169,-0.445037205941387,0.283922049155154,0.0737901280428745,2.26935832267949,13.2633129264506,119.556812555238,1317,1420,1420,1413,1473,23.3799999999996,1169,50,1,0.367391304347826,0.861444685730046,-0.861444685730046,0.0467175320038383,1.84254878045522
23.38,9.2,0,13,302.676082562715,-2.23301055342042,-119.552578594252,13.2548346590475,0.524356718571087,0.0193464900332567,4.34692425411687,1.37328002372552,7.23631736154826,10.0250194005729,-0.443704445545342,0.433821206527967,0.0836277078257359,2.26541772377712,13.265216398298,119.552578594252,1317,1419,1419,1414,1474,23.3999999999996,1170,50,1,0.366304347826087,0.75731548255643,-0.75731548255643,0.046643409354687,1.98506894537085
23.4,9.2,0,13,302.941071561892,-2.22040809695433,-119.54829528928,13.2566916084036,0.525068424035017,0.0214042678564361,4.10176333708386,1.40091969252083,6.97358645765612,10.1083772186862,-0.441300371406333,0.578559253233347,0.0925097439298016,2.26817137841788,13.2671032027689,119.54829528928,1317,1419,1419,1414,1474,23.3999999999996,1170,50,1,0.366304347826087,0.710227248413136,-0.710227248413136,0.0129213569382521,2.04951794422182
23.42,9.2,0,13,303.206064810523,-2.20712912900257,-119.543966694303,13.2585132606429,0.527242899395268,0.0234561242531854,3.87141396152855,1.47383818936255,6.7206168118543,10.1869931174386,-0.437172648593436,0.718401277062736,0.101363968562687,2.27724153633778,13.2690131188183,119.543966694303,1317,1418,1418,1414,1475,23.4399999999996,1172,50,1,0.366304347826087,0.665304348793075,-0.665304348793075,-0.0339536889238705,2.11100328039273
23.44,9.2,0,13,303.47106075265,-2.19316763875925,-119.539597136789,13.2602977040177,0.530791662037345,0.025595467682195,3.66832191222642,1.56536145370473,6.47951300632149,10.261314566097,-0.430700844098557,0.853682888564249,0.110594081994277,2.29224401409226,13.270941568541,119.539597136789,1317,1418,1418,1414,1475,23.4399999999996,1172,50,1,0.366304347826087,0.650287602151972,-0.650287602151972,-0.0496229955237329,2.13155648873927
23.46,9.2,0,13,303.736057736009,-2.17851809592626,-119.535191996949,13.2620422943445,0.535629731041465,0.0278229567123832,3.49403695010887,1.65869643119409,6.2507658789329,10.3319156917489,-0.421723304498567,0.984683241370651,0.120202878186807,2.31281007229812,13.2728836031466,119.535191996949,1316,1417,1417,1414,1472,23.4799999999996,1174,50,1,0.365217391304348,0.635961394889129,-0.635961394889129,-0.0645717550240256,2.15116456562344
23.48,9.2,0,13,304.00105356745,-2.16317537697809,-119.530757316003,13.2637005214189,0.541677814561717,0.0301006557877058,3.34561855704762,1.74537830929858,6.03419468626067,10.3993496388071,-0.410322974134287,1.1116396078415,0.130026878524486,2.33860345595168,13.2747908618613,119.530757316003,1316,1416,1416,1414,1470,23.4999999999996,1175,50,1,0.365217391304348,0.629980982008618,-0.629980982008618,-0.0708120496269853,2.159349871993
23.5,9.2,0,13,304.266045941157,-2.14713471390019,-119.526299459626,13.2653121945635,0.54886229819307,0.0323773992096218,3.218753304111,1.821600813574,5.82940224661687,10.4640932253408,-0.396700816785256,1.23476102829317,0.139844778272664,2.36929761739461,13.2767016136385,119.526299459626,1316,1416,1416,1413,1466,23.5199999999996,1176,50,1,0.365217391304348,0.626603734477905,-0.626603734477905,-0.0743360570759438,2.16397226283408
23.52,9.2,0,13,304.531032865836,-2.13039165548917,-119.521824877749,13.2668731260979,0.557114427811403,0.034601598951498,3.10916480040458,1.88613375585936,5.63597850757467,10.5265353301321,-0.381105613101438,1.35423873858073,0.149433937466784,2.40459479623051,13.2786104807809,119.521824877749,1316,1416,1416,1413,1463,23.5399999999996,1177,50,1,0.365217391304348,0.624696541594805,-0.624696541594805,-0.0763261279444611,2.16658261070903
23.54,9.2,0,13,304.796012235524,-2.11294215866431,-119.517339938812,13.2683796926359,0.566344887859146,0.0367282319164284,3.01298871400441,1.93913677821931,5.45624210600644,10.5869830085243,-0.363798076170324,1.47026641934608,0.158600172117488,2.44410874116306,13.2805118562116,119.517339938812,1315,1415,1415,1412,1459,23.5599999999996,1178,50,1,0.365217391304348,0.623619515211555,-0.623619515211555,-0.0774499570279925,2.0754230553075
23.56,9.2,0,13,305.06098186518,-2.09478340176308,-119.51285094042,13.2698296539524,0.576413849975531,0.0387214518436282,2.92747049062433,1.98148833735736,5.29590268551073,10.6456722088615,-0.345049937343696,1.5831479696865,0.167188994000986,2.48723556168434,13.2823993059308,119.51285094042,1315,1415,1415,1412,1454,23.5799999999996,1179,50,1,0.364130434782609,0.623011298895053,-0.623011298895053,-0.078084603677502,2.00637997172016
23.58,9.2,0,13,305.325939049946,-2.07591305785886,-119.508363869547,13.2711783016852,0.587226917849975,0.0405554001250445,2.85103016869548,2.01439523737747,5.15466832592587,10.7027999470382,-0.325117579441788,1.69321126964813,0.175089655016392,2.5335756805726,13.2842257474287,119.508363869547,1315,1415,1415,1412,1454,23.5799999999996,1179,50,1,0.364130434782609,0.622736257586291,-0.622736257586291,-0.078371597038822,1.88775263197094
23.6,9.2,0,13,305.590881029483,-2.05632991261014,-119.503884439704,13.2724686840101,0.598593824776673,0.0422149695677995,2.74466372855162,2.03916168154911,5.04019510749472,10.7583435302132,-0.304251680092074,1.80088187033547,0.182236740561499,2.58230039863086,13.2860273083697,119.503884439704,1315,1414,1414,1410,1442,23.6199999999996,1181,50,1,0.364130434782609,0.48586928223994,-0.48586928223994,-0.0786453931196639,1.65703110511908
23.62,9.2,0,13,305.855805440574,-2.03603425444222,-119.499418146521,13.2737020445707,0.610327040625665,0.0437072262542757,2.54646688975629,2.05695367307847,4.95773777746548,10.8107804709357,-0.282700961568747,1.90670680008909,0.188661048715085,2.63260104993805,13.287797988613,119.499418146521,1314,1413,1413,1410,1436,23.6399999999996,1182,50,1,0.364130434782609,0.382716011574755,-0.382716011574755,-0.078759688102171,1.45456910548296
23.64,9.2,0,13,306.120709865559,-2.01502686897544,-119.494970097516,13.2748817869961,0.622266999858365,0.0450401271265529,2.33216001781375,2.06888133517496,4.91096671726275,10.8590492012813,-0.26070994201394,2.01133449601749,0.194397157895352,2.68378951979942,13.2895346529096,119.494970097516,1314,1413,1413,1409,1430,23.6599999999996,1183,50,1,0.36304347826087,0.324463490285753,-0.324463490285753,-0.0788242325500473,1.24578031943406
23.66,9.2,0,13,306.385591409039,-1.99330866877493,-119.490544958869,13.2759701480235,0.63424407406536,0.0462149759707853,2.1393992323023,2.07603335519398,4.89992321912795,10.9032558119202,-0.238508902809398,2.11544936344878,0.199451516392855,2.73514326788546,13.2911919984892,119.490544958869,1314,1413,1413,1409,1424,23.6799999999996,1184,50,1,0.36304347826087,0.291567235861211,-0.291567235861211,-0.078860681969438,1.0334186824438
23.68,9.2,0,13,306.650447137753,-1.97088074762597,-119.48614696257,13.2770154364328,0.646091704666773,0.0472321097196933,1.98123362558021,2.07941614872407,4.92303322600985,10.9439850574912,-0.216306600182121,2.21972186784276,0.203825109755964,2.78593601181266,13.2928102469833,119.48614696257,1314,1412,1412,1408,1418,23.6999999999996,1185,50,1,0.36304347826087,0.272990124841494,-0.272990124841494,-0.0788812656171047,0.819039391779714
23.7,9.2,0,13,306.915274509584,-1.94774433982528,-119.48178003856,13.27802334245,0.657653319484392,0.0480500820427568,1.85928128010217,2.06264357692943,4.97816042738744,10.9819540840071,-0.19437093912078,2.32477232950322,0.207339211403774,2.83549330882257,13.294386807283,119.48178003856,1314,1412,1412,1407,1412,23.7199999999996,1186,50,1,0.36304347826087,0.26249929359411,-0.26249929359411,-0.0329881826885833,0.603520695522088
23.72,9.2,0,13,307.180070948696,-1.92390066037238,-119.4774485445,13.2790007006938,0.668784489643024,0.0484579768705595,1.77046750400703,1.99157843315796,5.06307746146754,11.0178583171696,-0.173665837848479,2.43104103497109,0.209083898456371,2.88319320351233,13.2959196928281,119.4774485445,1313,1412,1412,1406,1409,23.7399999999996,1187,50,1,0.36304347826087,0.256574931073787,-0.256574931073787,0.00163214784029644,0.387358556277472
23.74,9.2,0,13,307.444833857709,-1.89935109022283,-119.473155609882,13.2799549540401,0.67937401144526,0.0483717877735652,1.71036170513429,1.8952333416243,5.17339519307374,11.0523128139254,-0.155084212265128,2.53892548608212,0.208697020404486,2.928556756232,13.2974092385929,119.473155609882,1313,1412,1412,1406,1405,23.7599999999996,1188,50,1,0.36195652173913,0.253229336197217,-0.253229336197217,0.0211828758798533,0.250233338390134
23.76,9.2,0,13,307.709560200427,-1.87409663984121,-119.468902224484,13.2808513268256,0.689357290867153,0.0478080540226921,1.67407835162295,1.79239808672123,5.30325418229595,11.0858405537172,-0.139002332719831,2.64878571109071,0.206250926470381,2.97131506328715,13.2988161521899,119.468902224484,1313,1412,1412,1406,1405,23.7599999999996,1188,50,1,0.36195652173913,0.251716425792689,-0.251716425792689,0.0300239044437959,0.100054151470674
23.78,9.2,0,13,307.974246999004,-1.84813882577479,-119.46468783571,13.2817407447871,0.698613299610006,0.046828726920798,1.6570006351329,1.69320263556088,5.45432058680071,11.1188629780018,-0.125520952595085,2.76103212462433,0.202012473073096,3.01093753291241,13.3001838590222,119.46468783571,1313,1411,1411,1404,1399,23.7999999999996,1190,50,1,0.36195652173913,0.250273085997234,-0.250273085997234,0.0384583816745086,-0.081701687810407
23.8,0,0,13,308.23889174216,-1.82147898363558,-119.460510615336,13.2826311642276,0.707095327140151,0.0455127233316145,1.65573871119597,1.60282040921604,5.6214208986371,11.1517267647155,-0.114582865702567,2.87603545538877,0.196322304176117,3.04722268403397,13.301516674972,119.460510615336,1313,1411,1411,1404,1396,23.8199999999996,1191,50,1,0.36195652173913,0.249670570080402,-0.249670570080402,0.0419793174913282,-0.269985252799342
23.82,0,0,13,308.503491994245,-1.79411870736765,-119.456367873704,13.2835312207158,0.714704921363822,0.0439417401293598,1.66726310742963,1.52358900722906,5.80615834464281,11.1847096228597,-0.106060442455873,2.99417845087781,0.189532965944555,3.07974631679601,13.3028168330199,119.456367873704,1313,1399,1399,1403,1395,23.8399999999996,1192,50,1,0.36195652173913,0.249330318423369,-0.249330318423369,0.0439676537535124,-0.397625751172004
23.84,0,0,13,308.768045379314,-1.76605931853921,-119.452256228579,13.2844489466565,0.721402230205296,0.0421986457783086,1.58542545885594,1.45617528503872,6.00151556579295,11.217530624171,-0.0997837919396236,3.11577468952066,0.182001992087827,3.10833645521136,13.3040890601264,119.452256228579,1313,1391,1391,1403,1393,23.8599999999996,1193,50,1,0.36195652173913,-0.128109643451809,0.128109643451809,0.045090503273413,-0.469706653705148
23.86,0,0,13,309.032549650058,-1.73730301001932,-119.448172086146,13.2853923284975,0.72703069377262,0.0404103050500461,1.1792931613714,1.39984090941515,6.21683675279631,11.2454671748364,-0.0955766990371396,3.24112354407944,0.174276583670841,3.1323192579507,13.3053318614961,119.448172086146,1313,1384,1384,1403,1392,23.8799999999996,1194,50,1,0.36195652173913,-0.620913710035519,0.620913710035519,0.0457245967455886,-0.622822426418943
23.88,0,0,13,309.297002755172,-1.70785382716203,-119.444112146911,13.2863740654346,0.731372566384135,0.0387031424708014,0.511930527634555,1.35307507255466,6.47194089599683,11.2625095834218,-0.0933433479653302,3.3708723848771,0.166901852550368,3.15075692624001,13.3065449899945,119.444112146911,1313,1380,1380,1402,1392,23.8999999999996,1195,50,1,0.36195652173913,-1.12078443356036,1.12078443356036,0.046082680820373,-0.730603035182828
23.9,0,0,13,309.561402768995,-1.6777160359034,-119.440073513787,13.287410635672,0.734261404393602,0.0371146750828538,-0.280197512021281,1.29490681441377,6.77140912646944,11.2645753724811,-0.0931438781882141,3.50587196605925,0.160039361179199,3.16293164874226,13.3077345446195,119.440073513787,1313,1380,1380,1402,1392,23.8999999999996,1195,50,1,0.36195652173913,-1.37448082763984,1.37448082763984,0.0837426548102136,-0.779342470297093
23.92,0,0,13,309.825747830842,-1.64689282291305,-119.436054464849,13.2885195016854,0.735524091497133,0.0354334978304116,-1.06121826784468,1.18493126598037,7.11287972133338,11.250998652446,-0.0958656491107132,3.64683057242128,0.152777370513197,3.16809702182748,13.3089068585145,119.436054464849,1313,1374,1374,1402,1392,23.9399999999996,1197,50,1,0.36195652173913,-1.82464061284925,1.82464061284925,0.136037236878351,-0.825840641039995
23.94,0,0,13,310.090036226008,-1.61538774735611,-119.432052911057,13.2897169525271,0.734941966375126,0.0335728081797633,-1.85235651069793,1.05335963898478,7.49383328957607,11.2214635582242,-0.102351249440809,3.79439947323841,0.144741692393838,3.16531125521012,13.3100654959198,119.432052911057,1313,1374,1374,1402,1392,23.9399999999996,1197,50,1,0.36195652173913,-2.03126425603499,2.03126425603499,0.153518176360469,-0.8413839664982
23.96,0,0,13,310.354266411393,-1.58320470025963,-119.428065494086,13.2910192761644,0.732359548972316,0.0315283992861134,-2.52801340968229,0.919386669739014,7.90959837260928,11.177106743948,-0.112916936490275,3.9492806656243,0.135914393622215,3.15390432088403,13.3112184997582,119.428065494086,1313,1371,1371,1401,1394,23.9799999999996,1199,50,1,0.36195652173913,-2.22838638963885,2.22838638963885,0.170195261494515,-0.856212538051681
23.98,0,0,13,310.618437015815,-1.5503475547116,-119.42408794171,13.2924400911311,0.7276404737387,0.0293197141921715,-3.04718028319143,0.793057393198172,8.35127835823798,11.1207396349717,-0.127571273930785,4.11209424640316,0.126379591995926,3.1332891788012,13.3123733376499,119.42408794171,1312,1370,1370,1401,1395,23.9999999999996,1200,50,1,0.36195652173913,-2.31067416652281,2.31067416652281,0.17715703811237,-0.862402660719249
24,0,0,13,310.882546853384,-1.51682038575136,-119.420115421661,13.2939889001787,0.720671079158565,0.0269829932686698,-3.45791932200989,0.679224276066159,8.80962444180945,11.0552575495378,-0.146146616913153,4.2833058322039,0.11629387699088,3.10297755358632,13.3135358100068,119.420115421661,1312,1369,1369,1401,1398,24.0199999999996,1201,50,1,0.360869565217391,-2.51324070778169,2.51324070778169,0.181088479529843,-0.865898335167076
24.02,0,0,13,311.146594535237,-1.48262807350728,-119.41614289004,13.2956295495459,0.711349236077186,0.0245820044951865,-3.85337308580326,0.57955181696101,9.28049516123644,10.9815470737583,-0.16838678200511,4.46325539034692,0.105932817956973,3.06254145742801,13.3146681193852,119.41614289004,1312,1369,1369,1402,1401,24.0399999999996,1202,50,1,0.360869565217391,-2.65723020730876,2.65723020730876,0.183308635743902,-0.867872405876403
24.04,0,0,13,311.410578836697,-1.44777550134319,-119.412165150832,13.2974080205022,0.699677412749525,0.0221721012610171,-4.17269346948311,0.494106790328135,9.75619799560934,10.9005263467609,-0.194002749220808,4.65220772199647,0.0955349077003636,3.01198338394343,13.3158214221918,119.412165150832,1312,1369,1369,1402,1404,24.0599999999996,1203,50,1,0.360869565217391,-2.73854368707052,2.73854368707052,0.184562398191669,-0.719106691643214
24.06,0,0,13,311.674498966309,-1.41226576051748,-119.408176704096,13.2993228102536,0.685761929900465,0.0197884930625001,-4.39758911164807,0.422286484958802,10.2214146890931,10.8139439678734,-0.222658159413011,4.85014727663392,0.0852521827511004,2.95176335385669,13.3170059780827,119.408176704096,1312,1369,1369,1402,1404,24.0599999999996,1203,50,1,0.360869565217391,-2.77531443012177,2.77531443012177,0.18512936171296,-0.629077247742117
24.08,0,0,13,311.938354223059,-1.37610149306429,-119.404172122646,13.301368988661,0.66964763596187,0.0174569930746627,-4.53500135138442,0.363140331737289,10.6722157518521,10.7236205269591,-0.254007766565129,5.05690645203164,0.075196128514994,2.88207811194178,13.3182262210652,119.404172122646,1312,1369,1369,1402,1408,24.0799999999996,1204,50,1,0.360869565217391,-2.80522798761623,2.80522798761623,0.185590595141606,-0.459591946949131
24.1,0,0,13,312.202143953414,-1.33928463785127,-119.400146081917,13.3035382261291,0.651472947046063,0.0151982966173574,-4.60020065053244,0.315555709891013,11.0988304517765,10.6311445627013,-0.2876994931418,5.27213975289225,0.0654561108725222,2.80352724089621,13.3194886284358,119.400146081917,1312,1369,1369,1403,1421,24.1199999999996,1206,50,1,0.360869565217391,-2.82503821712945,2.82503821712945,0.185896046610638,-0.277262349695258
24.12,0,0,13,312.465867587978,-1.30181706857496,-119.396093538401,13.3058201107308,0.631342077143219,0.0130297535390799,-4.61019752306331,0.27835346607149,11.498937488535,10.5377694196196,-0.323396288340261,5.49542306728783,0.0561069998723404,2.71656380831662,13.320796200377,119.396093538401,1311,1369,1369,1404,1428,24.1399999999996,1207,50,1,0.360869565217391,-2.83330791123432,2.83330791123432,0.186023555997195,-0.0181123361394898
24.14,0,0,13,312.729524510887,-1.26369942379477,-119.392009554035,13.3082015169298,0.609501261846788,0.0109656533105654,-4.57998082413542,0.25035996908247,11.8593683068771,10.4444352085195,-0.360754303597415,5.72613189249264,0.0472103996404621,2.62225155279935,13.3221559684969,119.392009554035,1311,1370,1370,1404,1438,24.1599999999996,1208,50,1,0.359782608695652,-2.83797795735881,2.83797795735881,0.186095562858509,0.255572482401554
24.16,0,0,13,312.993113649195,-1.22493143504086,-119.387889385936,13.3106261580025,0.586152009906159,0.00901810904149779,-4.52309792223735,0.230435203744807,12.1774553052404,10.3517945818246,-0.399433199836592,5.96349687868076,0.0388185726256801,2.52147004091754,13.3235289703257,119.387889385936,1311,1370,1370,1405,1447,24.1799999999996,1209,50,1,0.359782608695652,-2.84061521703591,2.84061521703591,0.186136226438003,0.560024698595532
24.18,0,0,13,313.256633908237,-1.1855123101068,-119.383728578914,13.3131206930245,0.561528552748982,0.00719630588448262,-4.45010455868006,0.217489248799335,12.4492530666023,10.2602637175025,-0.439108187951487,6.20667355239477,0.0309707937466685,2.41522280680117,13.3249596130498,119.383728578914,1311,1370,1370,1406,1457,24.1999999999996,1210,50,1,0.359782608695652,-2.84210452536802,2.84210452536802,0.186159189898248,0.876145711214359
24.2,0,0,13,313.520084568401,-1.14544072700601,-119.379523000141,13.3156698326144,0.535863251575619,0.00550594861216994,-4.36925873554201,0.210498029607753,12.6730937482056,10.170073861193,-0.479471722946949,6.45476019118851,0.0236914555316857,2.30451356817999,13.3264489955523,119.379523000141,1311,1371,1371,1407,1467,24.2199999999996,1211,50,1,0.359782608695652,-2.84294556477241,2.84294556477241,0.186172157780393,1.20958059542108
24.22,0,0,13,313.783464860305,-1.10471494457449,-119.375268867515,13.318259260148,0.509399829621685,0.00394996677249407,-4.28673961418003,0.208512631435268,12.8472872411704,10.0813163346333,-0.520234881910333,6.7068157154597,0.0169929428632107,2.19039428474007,13.3279981058362,119.375268867515,1311,1371,1371,1408,1478,24.2399999999996,1212,50,1,0.359782608695652,-2.8434205149654,2.8434205149654,0.186179480978444,1.55530202676959
24.24,0,0,13,314.046773958886,-1.0633328570821,-119.370962627608,13.3208757134596,0.482384649570534,0.00257696187374829,-4.20718939852868,0.230006812041145,12.9707832169343,9.99397815788963,-0.561034507740301,6.96188581899916,0.0110840338627919,2.07392762494015,13.3296073222099,119.370962627608,1311,1371,1371,1408,1478,24.2399999999996,1212,50,1,0.359782608695652,-2.84363529204245,2.84363529204245,0.148684747696268,1.83856147113611
24.26,0,0,13,314.310010983081,-1.02129215307931,-119.366600145374,13.3235073153582,0.455064644092983,0.0016264472353995,-4.13425125892831,0.313260045778089,13.0431302714059,9.90796873935604,-0.600717895097606,7.21913252355242,0.00699429658576431,1.95617798394911,13.3312765202,119.366600145374,1310,1371,1371,1409,1487,24.2599999999996,1213,50,1,0.358695652173913,-2.84381001645403,2.84381001645403,0.104226143906876,2.19616239600634
24.28,0,0,13,314.573174587456,-0.978590358043148,-119.362178598885,13.3261016969811,0.427666898609579,0.00119734870185934,-4.0705550253169,0.425843893361704,13.0658381547932,9.82314086549359,-0.638208200035335,7.4777199221045,0.00514801917299928,1.83812953953085,13.332962418311,119.362178598885,1310,1372,1372,1410,1508,24.2999999999996,1215,50,1,0.358695652173913,-2.84392572755578,2.84392572755578,0.0747834691241073,2.64220138334496
24.3,0,0,13,314.836263314245,-0.935224541529931,-119.357697322376,13.3286893374857,0.400431904285993,0.00127685387757665,-4.01770563604277,0.546737533092932,13.0385820780079,9.73931294992936,-0.672985727870469,7.73671908552977,0.00548878709405509,1.72081129291306,13.3347031011392,119.357697322376,1310,1373,1373,1410,1518,24.3199999999996,1216,50,1,0.358695652173913,-2.84397403065168,2.84397403065168,0.0624927526576332,3.01675347020795
24.32,0,0,13,315.099275973942,-0.891191346922885,-119.353157353548,13.3312597604267,0.37358955068799,0.00180103761432123,-3.97687458281197,0.664586584206581,12.9621554886692,9.65627963332595,-0.704845630446039,7.99515107633575,0.00774059280754765,1.60521241518023,13.3364935120178,119.353157353548,1310,1373,1373,1411,1528,24.3399999999996,1217,50,1,0.358695652173913,-2.84400130828529,2.84400130828529,0.0555519623365561,3.39574758563155
24.34,0,0,13,315.362211237216,-0.8464872401902,-119.348561056628,13.3338040598458,0.347362995677367,0.00268630492446586,-3.94882329285577,0.773563230413143,12.8375914100801,9.57381870229161,-0.73375403161506,8.25202659985107,0.011543137418543,1.49229226354118,13.3383281925945,119.348561056628,1309,1373,1373,1412,1537,24.3599999999996,1218,50,1,0.358695652173913,-2.84401671245931,2.84401671245931,0.0516323722611878,3.77758120478079
24.36,0,0,13,315.625067644179,-0.801108648503793,-119.343911792893,13.3363148901202,0.321963266187646,0.00384596504583271,-3.93405092436547,0.870999768082582,12.6666030702775,9.49169671545099,-0.759765492036551,8.50636783964853,0.0165231220909189,1.38295721932212,13.3402012722696,119.343911792893,1309,1374,1374,1412,1546,24.3799999999996,1219,50,1,0.357608695652174,-2.84402541147553,2.84402541147553,0.0494189087147856,4.14691206068138
24.38,0,0,13,315.887843233462,-0.75505227539834,-119.339213669857,13.3387458006188,0.297580508479856,0.00519933150695056,-3.93280097212788,0.956027178859746,12.4520113628956,9.40967257252367,-0.782978847219064,8.75723920032419,0.0223334143256901,1.27802705886158,13.3420658342553,119.339213669857,1309,1374,1374,1413,1554,24.3999999999996,1220,50,1,0.357608695652174,-2.84403032396764,2.84403032396764,0.0481689257377287,4.50650778465679
24.4,0,0,13,316.150535969716,-0.708315161245574,-119.334471300034,13.3411340448221,0.274391198332813,0.00667504731714345,-3.94503730975362,1.02878889334839,12.1966347570082,9.32750297536821,-0.803510985286584,9.00375846925138,0.0286671287555987,1.17825361346312,13.3439571599991,119.334471300034,1309,1374,1374,1413,1554,24.3999999999996,1220,50,1,0.357608695652174,-2.84403254544415,2.84403254544415,0.0476036713296963,4.77121460425257
24.42,0,0,13,316.413144177342,-0.660894794557417,-119.32968951689,13.3434769902751,0.252546640927282,0.00825555302138125,-3.97057433049601,1.10740337261256,11.9043290038018,9.24494559691706,-0.821399938072985,9.24512515808064,0.0354486529757536,1.0842845901333,13.3458692541925,119.32968951689,1308,1375,1375,1414,1568,24.4399999999996,1222,50,1,0.357608695652174,-2.8440346647669,2.8440346647669,0.00115970304308099,5.15863990870074
24.44,0,0,13,316.675666181358,-0.612789460535314,-119.324872520936,13.3457735412833,0.232176019940577,0.0101085570685736,-4.00909098647356,1.22803373033662,11.5791385100664,9.16176143925647,-0.835954391765401,9.48074029524056,0.0433978251200827,0.996672121920894,13.3477967958154,119.324872520936,1308,1375,1375,1415,1574,24.4599999999996,1223,50,1,0.356521739130435,-2.84403554946896,2.84403554946896,-0.0336923040704971,5.45237732773772
24.46,0,0,13,316.9380998917,-0.563998014023896,-119.320025419662,13.3479819937643,0.213395016487331,0.0122872618994097,-4.0599983990669,1.36321738649724,11.2245277430776,9.07772244497777,-0.846524699598328,9.71006922166703,0.0527426580349398,0.915912768500676,13.3496933191636,119.320025419662,1308,1376,1376,1415,1579,24.4799999999996,1224,50,1,0.356521739130435,-2.84403604907625,2.84403604907625,-0.0533738640758779,5.72161603074432
24.48,0,0,13,317.200443199153,-0.514519765030329,-119.315154928599,13.3501421323153,0.196291392351433,0.0147541935282779,-4.0792165687761,1.49576289971855,10.8463970237421,8.99282822888085,-0.852941204746327,9.93258468177978,0.0633216236006328,0.842376882578735,13.3515932738366,119.315154928599,1308,1376,1376,1415,1583,24.4999999999996,1225,50,1,0.356521739130435,-2.68793918878076,2.68793918878076,-0.0644883976802997,5.88970757513891
24.5,0,0,13,317.462694401493,-0.464354559925864,-119.310268916092,13.3522529110518,0.180937151764071,0.0174302653583719,-3.99437258793779,1.61737898939692,10.4473470042739,8.90880530840646,-0.855303642499059,10.1478440158646,0.0747948739581521,0.776370242267707,13.3534901755208,119.310268916092,1308,1376,1376,1415,1586,24.5199999999996,1226,50,1,0.356521739130435,-2.57019196021764,2.57019196021764,-0.0707649762243808,6.11158845855517
24.52,0,0,13,317.724851662406,-0.413502258684229,-119.305375897778,13.3543113357588,0.167442716058713,0.0202304582221538,-3.89133922538198,1.72447717626039,10.0221973782444,8.82687793533843,-0.853819255115866,10.3553049856487,0.0867973613843329,0.718363304851688,13.3553763551229,119.305375897778,1307,1377,1377,1414,1588,24.5399999999996,1227,50,1,0.356521739130435,-2.50369796643185,2.50369796643185,-0.0743094738724285,6.26095996883878
24.54,0,0,13,317.986913204618,-0.361963763178672,-119.300484864872,13.3563156921212,0.155826418486788,0.0230778453551122,-3.81275059480285,1.81590687715617,9.58002472447283,8.74693884710079,-0.848752715166205,10.5544807550187,0.0989989944617282,0.668431170638524,13.3572446008617,119.300484864872,1307,1377,1377,1414,1589,24.5599999999996,1228,50,1,0.355434782608696,-2.46614760313635,2.46614760313635,-0.0763111159276949,6.3453127676076
24.56,0,0,13,318.248876986349,-0.309741369742654,-119.295605070639,13.3582237207947,0.146117516213665,0.0259065956591613,-3.77191402194239,1.89190219795899,9.12598658763441,8.66834974977629,-0.840400768795232,10.7450446794889,0.111117822466484,0.626697647311588,13.3590479621508,119.295605070639,1307,1377,1377,1414,1589,24.5599999999996,1228,50,1,0.355434782608696,-2.4491669651872,2.4491669651872,-0.0772162778505448,6.44557180788002
24.58,0,0,13,318.510740865181,-0.256837465178311,-119.290745621441,13.3600732835006,0.138383255488779,0.0286625177886155,-3.76916250802459,1.95346713501095,8.66029094149005,8.59035411913226,-0.829049172051492,10.9266976547597,0.122921390107176,0.593445451005077,13.3608206935739,119.290745621441,1307,1377,1377,1413,1589,24.5799999999996,1229,50,1,0.355434782608696,-2.43535295852227,2.43535295852227,-0.0779526408112614,6.55025168307251
24.6,0,0,13,318.772503110695,-0.203254981592094,-119.285915417387,13.3618622515684,0.132608507601746,0.0313027093877891,-3.8001954394439,2.00199460692482,8.19050841467216,8.51223646062316,-0.814971559943806,11.0992354885541,0.134226039786677,0.568606185922875,13.3625569299364,119.285915417387,1306,1378,1378,1411,1585,24.6199999999996,1231,50,1,0.355434782608696,-2.42620464366269,2.42620464366269,-0.0784402965927422,6.61957584665159
24.62,0,0,13,319.034162103603,-0.148997868356998,-119.2811231134,13.363588450047,0.128760122956009,0.0337955018730438,-3.85865730814846,2.03903580383595,7.72216497090881,8.43338791805127,-0.798430749524714,11.262591942441,0.144896372945023,0.55203434092962,13.364251478008,119.2811231134,1306,1378,1378,1411,1582,24.6399999999996,1232,50,1,0.354347826086957,-2.422385719434,2.422385719434,-0.0786438663766574,6.64851491706936
24.64,0,0,13,319.295715933703,-0.0940710293493066,-119.276377020891,13.3652097389333,0.126767251779695,0.0361199353589962,-3.93834740735789,2.06616265335124,7.26193113199617,8.3533246070236,-0.779672936147962,11.4168109567498,0.154843422170303,0.543424632520811,13.3658597161399,119.276377020891,1306,1379,1379,1410,1578,24.6599999999996,1233,50,1,0.354347826086957,-2.42022910371549,2.42022910371549,-0.0787588259227276,6.56611335734805
24.66,0,0,13,319.557162971659,-0.0384809796410325,-119.271685151197,13.3667643308507,0.126491698391634,0.0382637199690876,-4.03345144572931,2.08487931249112,6.81892353748522,8.27167537048478,-0.758940477395099,11.5621300216883,0.164014537854511,0.542180161392227,13.3674175867492,119.271685151197,1306,1379,1379,1410,1573,24.6799999999996,1234,50,1,0.354347826086957,-2.41901122373704,2.41901122373704,-0.0788237456616912,6.50085753868733
24.68,0,0,13,319.818502086379,0.0177650918651512,-119.267055065267,13.3682488375576,0.127834247835957,0.0402213422031785,-4.13865776523146,2.09658508890964,6.39495048001796,8.18818330433668,-0.736456351487517,11.6988640560239,0.172386542832731,0.547873291399203,13.3689205373564,119.267055065267,1306,1379,1379,1409,1567,24.6999999999996,1235,50,1,0.354347826086957,-2.41832346484278,2.41832346484278,-0.07886040701476,6.33704985318282
24.7,0,0,13,320.07973238961,0.0746586846807705,-119.262493955567,13.3696609980163,0.130598895161921,0.0419932723708594,-4.24998495448456,2.10254255863504,5.99952956182386,8.10267695377724,-0.712435689483225,11.8274697430182,0.179961882575189,0.559661954677432,13.3703647933862,119.262493955567,1305,1380,1380,1408,1561,24.7199999999996,1236,50,1,0.354347826086957,-2.41793507493162,2.41793507493162,-0.0788811103452152,6.13583563540268
24.72,0,0,13,320.340853218472,0.132190148387798,-119.258008745302,13.3709979188381,0.1346167925419,0.0435409015292132,-4.36345100866935,2.08638298112678,5.63527407423364,8.01506450804581,-0.687169110951614,11.9485115009197,0.186575533935535,0.576821015095369,13.3717464392843,119.258008745302,1305,1380,1380,1407,1553,24.7399999999996,1237,50,1,0.353260869565217,-2.41771574411038,2.41771574411038,-0.0329880950037336,5.92152105579547
24.74,0,0,13,320.601863615838,0.190349289335532,-119.25360675127,13.3722176875161,0.139713567928566,0.0446544975810131,-4.47594413874587,2.0137806767878,5.30426441199484,7.92532504370057,-0.661663180085694,12.0624941377957,0.191329874917531,0.598603917600614,13.3730220888001,119.25360675127,1305,1380,1380,1407,1553,24.7399999999996,1237,50,1,0.353260869565217,-2.41761656058885,2.41761656058885,-0.00526518177415019,5.72893698791015
24.76,0,0,13,320.862762797226,0.249125060769606,-119.249294029793,13.3733589833106,0.145691407289883,0.0452528321187565,-4.58509195885166,1.91426899393935,5.00975327367228,7.83348911159276,-0.636863050644291,12.1699939905462,0.193876975767159,0.624160673824015,13.3742291105494,119.249294029793,1305,1380,1380,1406,1545,24.7599999999996,1238,50,1,0.353260869565217,-2.4175358732889,2.4175358732889,0.0172878288531145,5.45862490987217
24.78,0,0,13,321.123550569594,0.308505608181624,-119.245074593193,13.3744214943502,0.152353040260099,0.0453555445215858,-4.68890310896461,1.80699600717614,4.75344022831499,7.7396291976591,-0.613212624035213,12.2717105013768,0.194301586641574,0.652645684322934,13.37536612145,119.245074593193,1305,1381,1381,1404,1529,24.7999999999996,1240,50,1,0.353260869565217,-2.41748243818908,2.41748243818908,0.0322235420936037,5.10645010044599
24.8,0,0,13,321.384226915242,0.368478472060612,-119.24095082104,13.3754061057313,0.159504448520063,0.0450277564608807,-4.78579377074438,1.70231632978188,4.53595733722063,7.64385356139182,-0.590871478629634,12.3684061411189,0.19288316480115,0.683227610659993,13.3764329199224,119.24095082104,1305,1381,1381,1403,1521,24.8199999999996,1241,50,1,0.353260869565217,-2.41746013193918,2.41746013193918,0.0384583905921799,4.80856950264699
24.82,0,0,13,321.644791975399,0.429030786714802,-119.236923824083,13.3763144706907,0.166955712728844,0.0443517778811483,-4.87456091937799,1.605546516254,4.3572812526788,7.54629910027662,-0.569845915655328,12.4608699969997,0.189974628641,0.715092969340753,13.3774298768121,119.236923824083,1305,1382,1382,1403,1512,24.8399999999996,1242,50,1,0.353260869565217,-2.41744753519563,2.41744753519563,0.0419793225272988,4.5061039116472
24.84,0,0,13,321.905246023292,0.490149478539638,-119.232993747717,13.3771491260828,0.174533671284074,0.0434112405316891,-4.91072431369501,1.51913176540484,4.21705402743761,7.44733965261982,-0.55006411951329,12.5498973302084,0.185934395375762,0.747500280883877,13.3783580935657,119.232993747717,1304,1382,1382,1402,1503,24.8599999999996,1243,50,1,0.353260869565217,-2.26134327915349,2.26134327915349,0.0439676565974163,4.1869428094376
24.86,0,0,13,322.165589354371,0.551821846038199,-119.229160102001,13.3779135236861,0.18209121491679,0.0422300406806262,-4.82227624269405,1.42451120012918,4.11132663592419,7.34908542791172,-0.531509850094806,12.6362409884491,0.180864905317235,0.779819803572701,13.3792193656472,119.229160102001,1304,1383,1383,1401,1494,24.8799999999996,1244,50,1,0.352173913043478,-2.14359187407821,2.14359187407821,0.0961861325169869,3.85567885454816
24.88,0,0,13,322.425821977708,0.614035150636849,-119.225422855195,13.3785716669043,0.189463054640622,0.0406294590483841,-4.69635741253311,1.28230731490121,4.03596884995991,7.25312294097386,-0.514963823899632,12.7204551744592,0.174001338020193,0.811346533586215,13.3799748448385,119.225422855195,1304,1383,1383,1400,1486,24.8999999999996,1245,50,1,0.352173913043478,-2.07709552174032,2.07709552174032,0.135362741784751,3.52281760891015
24.9,-9.2,0,13,322.685944057462,0.676776365300816,-119.221780728945,13.379167267111,0.19651576619734,0.0385648425896587,-4.57591218908984,1.12385397261038,3.98925654733789,7.1596992432359,-0.501149999102625,12.8030510919367,0.165152027354376,0.841507352823389,13.3806659944407,119.221780728945,1304,1383,1383,1400,1486,24.8999999999996,1245,50,1,0.352173913043478,-2.04702522721074,2.04702522721074,0.153078783912385,3.27612040601328
24.92,-9.2,0,13,322.945956243908,0.740032581368674,-119.218230397626,13.3797054639576,0.203138066568114,0.0360935567877533,-4.47562611232072,0.968756439428189,3.96984650776453,7.06851869570643,-0.49025401629576,12.8845783913672,0.154562703991295,0.869826125112565,13.3812961300909,119.218230397626,1304,1372,1372,1399,1472,24.9399999999996,1247,50,1,0.352173913043478,-2.01833770372903,2.01833770372903,0.169980160586283,2.90099026870786
24.94,-9.2,0,13,323.205859295892,0.803791016674277,-119.214767065563,13.3801922897841,0.209200982733841,0.0333146379511086,-4.47000884936561,0.826805079080665,3.97716487431528,6.97877941316495,-0.482172683242548,12.9656038702119,0.142657456998412,0.895750928307622,13.3818691006853,119.214767065563,1304,1364,1364,1399,1466,24.9599999999996,1248,50,1,0.352173913043478,-2.26652412594172,2.26652412594172,0.177035566731431,2.6293295173814
24.96,-9.2,0,13,323.465654274132,0.868038207601515,-119.211385069447,13.3806337642749,0.214521579598415,0.0303481496111713,-4.732821795737,0.702041970245306,4.01678274957643,6.88654975407827,-0.476668328754265,13.0467420672385,0.129950340008244,0.918498840930221,13.3823876962204,119.211385069447,1304,1358,1358,1399,1459,24.9799999999996,1249,50,1,0.352173913043478,-2.66413652405478,2.66413652405478,0.181019882439722,2.38146294223266
24.98,-9.2,0,13,323.72534255462,0.932760006524262,-119.208078304886,13.3810375408916,0.21889598838039,0.0273136256073005,-5.25181889514791,0.595286412861496,4.10057629638487,6.78637044970908,-0.473470738558438,13.1287996761075,0.116953060793735,0.937197250297034,13.3828557176195,119.208078304886,1304,1354,1354,1398,1454,24.9999999999996,1250,50,1,0.352173913043478,-3.08423459692462,3.08423459692462,0.183269897723993,2.13379998869096
25,-9.2,0,13,323.984925744582,0.997942022983708,-119.204840528051,13.3814129182061,0.222106372628313,0.0243115965286272,-5.90406548898866,0.50572028322045,4.23626204548961,6.67412629014486,-0.472326092709665,13.2128032105934,0.10409590901953,0.950913658313047,13.3832781478239,119.204840528051,1304,1351,1351,1398,1449,25.0199999999996,1251,50,1,0.352173913043478,-3.35106809446051,3.35106809446051,0.184540522129816,1.97637660001807
25.02,-9.2,0,13,324.244405392255,1.06357090716943,-119.201665474142,13.3817696117098,0.223960615622364,0.021413907240022,-6.56609283065843,0.431844606202895,4.42114574196973,6.54879936251627,-0.472996025214524,13.2997934811529,0.0916863386579121,0.958825634534753,13.3836607418768,119.201665474142,1304,1349,1349,1398,1444,25.0399999999996,1252,50,1,0.352173913043478,-3.68386713891598,3.68386713891598,0.185258066758049,1.7551429508191
25.04,-9.2,0,13,324.503783390403,1.12963259213495,-119.19854725772,13.3821165658411,0.224148731848106,0.01867377235049,-7.25241447038823,0.371753291167888,4.6589835079391,6.40975389941809,-0.475270912633911,13.3908437758193,0.0799520497035515,0.959606270655537,13.3840066925238,119.19854725772,1304,1337,1337,1398,1442,25.0599999999996,1253,50,1,0.352173913043478,-3.90633404353356,3.90633404353356,0.185663277212962,1.60511739897864
25.06,-9.2,0,13,324.763061774008,1.19611312386636,-119.195480399014,13.3824616252804,0.222458975377884,0.016124736333304,-7.94899305373988,0.323466547863999,4.94263366254828,6.25723827303282,-0.478963062751275,13.4869638800225,0.0690365432329772,0.952349252003032,13.3843201977146,119.195480399014,1304,1337,1337,1398,1442,25.0599999999996,1253,50,1,0.352173913043478,-4.27423429576287,4.27423429576287,0.185846517305047,1.46929242249574
25.08,-9.2,0,13,325.022243031244,1.26299721939702,-119.192460061629,13.3828096333602,0.218554455787955,0.0137957481427341,-8.83361299353989,0.284763539041768,5.27717399693442,6.08879447309611,-0.483911416926757,13.5891415813214,0.0590636708934345,0.935612815817006,13.3846012288588,119.192460061629,1304,1330,1330,1398,1441,25.0799999999996,1254,50,1,0.352173913043478,-4.80665952948245,4.80665952948245,0.185995585900757,1.33349512863975
25.1,-9.2,0,13,325.2813299385,1.33026894781141,-119.189482020942,13.3831655534522,0.2122117060462,0.0117030231956971,-9.82938592287887,0.253415099254286,5.66305394595287,5.90133198952156,-0.489988155208299,13.6984270118414,0.0501027700109538,0.908440647780266,13.3848530436477,119.189482020942,1304,1320,1320,1398,1440,25.1199999999996,1256,50,1,0.352173913043478,-5.41268173069323,5.41268173069323,0.186094306458978,1.24356347945162
25.12,-9.2,0,13,325.540325325986,1.39791276050341,-119.186542567983,13.3835331801015,0.20320831134727,0.00984247730157117,-10.821742649908,0.227490357705037,6.09837815497015,5.69360337322943,-0.497084766990453,13.8158516554232,0.0421362804634012,0.869880972948202,13.3850794123546,119.186542567983,1304,1316,1316,1398,1443,25.1399999999996,1257,50,1,0.352173913043478,-5.71824837649498,5.71824837649498,0.186135516926419,1.20602190384108
25.14,-9.2,0,13,325.799232060123,1.46591359990268,-119.183638476911,13.3839140470181,0.191337838228426,0.00819033538250398,-11.7178034188252,0.205543885786406,6.57584341230508,5.46705965609277,-0.505099134645886,13.9423560810222,0.0350623584391558,0.819050521021174,13.3852841758365,119.183638476911,1304,1314,1314,1398,1445,25.1599999999996,1258,50,1,0.352173913043478,-6.09893692210405,6.09893692210405,0.186158789224199,1.18482149576509
25.16,-9.2,0,13,326.058053242459,1.53425595041972,-119.180767037729,13.3843047881776,0.17637794638362,0.00671760041783779,-12.5690098798788,0.186330437788599,7.08940666605493,5.22275956458199,-0.513924956914731,14.0787289208899,0.0287568257126679,0.754998178321924,13.3854685748748,119.180767037729,1304,1312,1312,1398,1449,25.1799999999996,1259,50,1,0.352173913043478,-6.35338064633794,6.35338064633794,0.186171931512496,1.17284924113061
25.18,-9.2,0,13,326.316792094845,1.60292431727919,-119.177925926017,13.3847003126972,0.158215190622438,0.00538772815681278,-13.2676205367369,0.168983859432325,7.62910633554312,4.96274983812451,-0.52345056836247,14.225629010834,0.0230632035581566,0.677238903879185,13.3856364635707,119.177925926017,1303,1311,1311,1398,1454,25.1999999999996,1260,50,1,0.352173913043478,-6.49706962844396,6.49706962844396,0.186179353200862,1.2587219581285
25.2,-9.2,0,13,326.575451657917,1.67190440771641,-119.175113003658,13.3850909029481,0.136823912868059,0.00416008114822721,-13.7852661867648,0.153121175892833,8.17802566066384,4.69045982001483,-0.533540720156491,14.3834077922929,0.0178075058495203,0.585663510809093,13.385790845878,119.175113003658,1303,1310,1310,1398,1460,25.2199999999996,1261,50,1,0.351086956521739,-6.57821340057208,6.57821340057208,0.186183544362779,1.32477946826117
25.22,-9.2,0,13,326.834034621991,1.74118209460996,-119.172326315745,13.3854232226635,0.112175261074295,0.00299835095866063,-14.179720491229,0.138614738759525,8.72481383021044,4.40918224086629,-0.544042271321134,14.5521646523889,0.0128343235547505,0.480150556390621,13.3858935872479,119.172326315745,1303,1309,1309,1399,1467,25.2399999999996,1262,50,1,0.351086956521739,-6.78013390161367,6.78013390161367,0.186185911187865,1.50765053099408
25.24,-9.2,0,13,327.092543603592,1.81074373000015,-119.169563976732,13.3857177150148,0.0843647407505572,0.00187471538593676,-14.5510729260216,0.125242148559803,9.25462651982152,4.12003930074823,-0.554782682863141,14.7316979702621,0.00802446913844802,0.361107236732235,13.385983701996,119.169563976732,1303,1309,1309,1399,1467,25.2399999999996,1262,50,1,0.351086956521739,-6.89514431782388,6.89514431782388,0.186186981489091,1.68042982773622
25.26,-9.2,0,13,327.350981423426,1.88057662645102,-119.166824086257,13.3859549944103,0.0535249896904829,0.000763691642027337,-14.8432067127928,0.112941601205747,9.76095593800151,3.82407519683589,-0.565581082551503,14.9216177374021,0.00326882227740791,0.229101297566182,13.3860620280994,119.166824086257,1303,1309,1309,1399,1476,25.2599999999996,1263,50,1,0.351086956521739,-6.98870703677605,6.98870703677605,0.186187852195381,1.9336954106154
25.28,-9.2,0,13,327.609350737505,1.95066890181339,-119.164104693817,13.3861140653217,0.0198252157135483,-0.000356790769981757,-15.0410831517162,0.101913716988957,10.2347466062713,3.52308259651075,-0.57625190596407,15.1213720058948,-0.0015271500888593,0.0848566172277505,13.3861287509227,119.164104693817,1303,1309,1309,1399,1496,25.2999999999995,1265,50,1,0.351086956521739,-7.05066887253118,7.05066887253118,0.186188428819925,2.28417163945438
25.3,-9.2,0,13,327.867654057138,2.02100932365918,-119.161403770666,13.386172902658,-0.0165329786254102,-0.00150274037433794,-15.1533631006541,0.0924741558955724,10.6675724113326,3.21888581459731,-0.586606401610262,15.3302341619724,-0.00643206100936318,-0.0707647672919284,13.3861831967692,119.161403770666,1303,1309,1309,1400,1507,25.3199999999995,1266,50,1,0.351086956521739,-7.07653457123645,7.07653457123645,0.186188669529332,2.61616563119795
25.32,-9.2,0,13,328.125893713817,2.09158736048299,-119.158719181253,13.3861094575232,-0.0552993971139242,-0.00268373200699617,-15.1969696961948,0.0849649728236109,11.0508511122534,2.91304054572651,-0.596455883290948,15.5473018592598,-0.0114870206143752,-0.236693416163871,13.3862239498123,119.158719181253,1303,1310,1310,1400,1521,25.3399999999995,1267,50,1,0.351086956521739,-7.09114140003371,7.09114140003371,0.186188805462296,2.98292614650241
25.34,-9.2,0,13,328.384071833886,2.16239320613227,-119.156048671568,13.3859027581339,-0.0961848880690784,-0.00390360757150088,-15.1900234286094,0.0797027052213961,11.3768851095749,2.60674738866064,-0.605616241476973,15.7715137018261,-0.016708640158482,-0.411693791583296,13.3862488928401,119.156048671568,1303,1311,1311,1400,1534,25.3599999999995,1268,50,1,0.351086956521739,-7.09939014096059,7.09939014096059,0.186188882226104,3.41628893535264
25.36,-9.2,0,13,328.642190249564,2.2334180266731,-119.153389860739,13.3855339805184,-0.138850084048809,-0.00516147849383744,-15.1489442585555,0.0769586199033888,11.6376827292415,2.30086347021265,-0.613911088864719,16.0016397133004,-0.0220933225015599,-0.594316065079288,13.3862551122528,119.153389860739,1303,1311,1311,1400,1547,25.3799999999995,1269,50,1,0.351086956521739,-7.10404835444575,7.10404835444575,0.186188925576018,3.88184275680948
25.38,-9.2,0,13,328.900250556993,2.30465370114142,-119.150740268695,13.3849876424809,-0.182956895109957,-0.00645292702460769,-15.087692079611,0.0769379459323632,11.8296124346583,1.99594335042595,-0.621177503300009,16.2363342811971,-0.0276223979616072,-0.783116444352317,13.3862395412267,119.150740268695,1303,1312,1312,1400,1561,25.3999999999995,1270,50,1,0.351086956521739,-7.10667893201699,7.10667893201699,0.1861889500565,4.36290084280194
25.4,-9.2,0,13,329.158254204351,2.37609248087777,-119.148097350004,13.3842520626856,-0.228160832792379,-0.00777121878377461,-15.0172489297585,0.0797702406444132,11.9505099839005,1.69229430906703,-0.627270889866686,16.4741959443623,-0.0332673044307546,-0.976624201806744,13.386198901666,119.148097350004,1303,1312,1312,1400,1561,25.3999999999995,1270,50,1,0.351086956521739,-7.10786850467127,7.10786850467127,0.186188961126811,4.75321495485095
25.42,-9.2,0,13,329.416202483954,2.44772698913067,-119.145458514437,13.3833198193361,-0.274105899406949,-0.00910822652491992,-14.9459819181758,0.0855182234359143,11.9984865845229,1.39003304962295,-0.632066939706501,16.7137789765683,-0.0389935281530621,-1.17331964881966,13.3861296269875,119.145458514437,1303,1314,1314,1401,1589,25.4399999999995,1272,50,1,0.351086956521739,-7.10900337527984,7.10900337527984,0.186188971688057,5.38632573791996
25.44,-9.2,0,13,329.674096553033,2.51955013294996,-119.14282115228,13.3821881925733,-0.320439388212795,-0.0104551649022897,-14.8802212540389,0.0941864813866522,11.9730316441926,1.0891312421265,-0.635463315786722,16.953612211412,-0.0447637331438022,-1.3716972788946,13.3860282210012,119.14282115228,1303,1316,1316,1401,1604,25.4599999999995,1273,50,1,0.351086956521739,-7.10947712207693,7.10947712207693,0.186188976096804,5.91463190249179
25.46,-9.2,0,13,329.931937454272,2.59155503547384,-119.140182659342,13.3808598514182,-0.366796302608691,-0.011801799062217,-14.7809196860535,0.105775249325403,11.8738858670014,0.789667658311086,-0.637380872141668,17.192220423869,-0.0505343534792436,-1.57019882212341,13.3858914224405,119.140182659342,1303,1317,1317,1401,1617,25.4799999999995,1274,50,1,0.351086956521739,-6.95364751304572,6.95364751304572,0.186188978586503,6.46100317962101
25.48,-9.2,0,13,330.189725958213,2.66373561662011,-119.137540457078,13.3793436087351,-0.412786009937059,-0.0131257207533211,-14.580049041214,0.120579431739265,11.697155651121,0.493365101012439,-0.637763696610651,17.4280851550413,-0.0562096454771424,-1.76715581690876,13.3857162667952,119.137540457078,1303,1318,1318,1401,1631,25.4999999999995,1275,50,1,0.351086956521739,-6.83605120611466,6.83605120611466,0.186188979992481,6.99066651424146
25.5,-9.2,0,13,330.447462809159,2.73608573379006,-119.134892058851,13.3776520525069,-0.45807381354697,-0.0144052103394602,-14.3679200197119,0.138663440153749,11.4420913147958,0.201348315371498,-0.636580915255095,17.6596317232529,-0.0616967337170131,-1.96113865706898,13.385500123891,119.134892058851,1303,1320,1320,1401,1644,25.5199999999995,1276,50,1,0.351086956521739,-6.7696424405095,6.7696424405095,0.186188980786463,7.51925938931938
25.52,-9.2,0,13,330.705148827643,2.80859882948574,-119.132235117773,13.375802879609,-0.502312349175741,-0.0156282663198814,-14.1894623311525,0.159749137941187,11.1107366559724,-0.0866483225477333,-0.633828918233663,17.8852983193353,-0.0669442650902491,-2.1506626658346,13.3852405511817,119.132235117773,1303,1321,1321,1401,1657,25.5399999999995,1277,50,1,0.351086956521739,-6.7321402071121,6.7321402071121,0.186188981234838,8.03595266867967
25.54,-9.2,0,13,330.96278490266,2.88126801349352,-119.129567444482,13.3738182723987,-0.545176271508705,-0.0167895795574391,-14.06047815875,0.183441400777313,10.7078127023785,-0.371465650758377,-0.629530817413281,18.1035951107186,-0.0719294612411153,-2.33433633288647,13.3849360939881,119.129567444482,1304,1322,1322,1401,1668,25.5599999999995,1278,50,1,0.351086956521739,-6.71096201629683,6.71096201629683,0.186188981488044,8.54328339506241
25.56,-9.2,0,13,331.220372000727,2.95408608755931,-119.126887012215,13.3717244221399,-0.586352619545572,-0.0178857999106389,-13.9394166536647,0.209380374137384,10.2386368983226,-0.653892574145576,-0.623734284675147,18.3131325165916,-0.0766378519769361,-2.51081993826838,13.3845860346123,119.126887012215,1304,1322,1322,1401,1668,25.5599999999995,1278,50,1,0.352173913043478,-6.58682850612464,6.58682850612464,0.186188981602546,8.91272788619478
25.58,-9.2,0,13,331.4779114679,3.0270459962111,-119.124191965173,13.3695903941685,-0.625547646424253,-0.0188981418273993,-13.7512046818892,0.237513918379446,9.7061949817917,-0.93297486445452,-0.616509260939865,18.5126135827441,-0.0809884980977401,-2.67884677432357,13.3842300602445,119.124191965173,1304,1324,1324,1401,1678,25.5799999999995,1279,50,1,0.352173913043478,-6.44320822021091,6.44320822021091,0.186188981695696,9.35743858818041
25.6,-9.2,0,13,331.735404875572,3.10014002339108,-119.121480658426,13.3674075851505,-0.66252767585409,-0.0198126440540832,-13.5778862989685,0.267632810418771,9.11362151390326,-1.20820117817066,-0.607947308995713,18.700789878621,-0.0849214813574622,-2.83742085446923,13.3838305805803,119.121480658426,1304,1327,1327,1401,1696,25.6199999999995,1281,50,1,0.352173913043478,-6.34809580079267,6.34809580079267,0.186188981757384,9.86581253927836
25.62,-9.2,0,13,331.992853733911,3.17335942804187,-119.118751665167,13.3652084537319,-0.697070031835042,-0.0206297747471776,-13.4568513420445,0.299311822456559,8.46700117940598,-1.48029335569832,-0.598159897885335,18.8765055123618,-0.0884384325690026,-2.98558517133914,13.3833900499312,119.118751665167,1304,1328,1328,1401,1703,25.6399999999995,1282,50,1,0.352173913043478,-6.30839153519401,6.30839153519401,0.186188981783135,10.2364856069056
25.64,-9.2,0,13,332.25025987465,3.24669462182683,-119.116003755502,13.3630259509463,-0.728981407291741,-0.0213548114562844,-13.3538436258515,0.332142714646894,7.77479977605964,-1.75019539946869,-0.587274400869335,19.0387583855672,-0.0915615618564607,-3.12250730385637,13.3829119583824,119.116003755502,1304,1330,1330,1401,1709,25.6599999999995,1283,50,1,0.352173913043478,-6.12987267445666,6.12987267445666,0.186188981797677,10.5642674957334
25.66,-9.2,0,13,332.50762531023,3.3201356892558,-119.11323589423,13.3608930440995,-0.758078681802623,-0.0219738611556663,-13.1942779372632,0.365975929258511,7.04121890642567,-2.01717763329278,-0.575431234415981,19.1866818577505,-0.0942308545193931,-3.24739751749005,13.3823999743784,119.11323589423,1304,1332,1332,1401,1713,25.6799999999995,1284,50,1,0.352173913043478,-5.99946333591235,5.99946333591235,0.186188981805889,10.8507022592351
25.68,-9.2,0,13,332.764952426461,3.39367181469415,-119.110447238246,13.3588406094238,-0.784262585981042,-0.0224798242540768,-13.0581903518036,0.400549289321405,6.27267543001867,-2.28093332732752,-0.562783351509537,19.3194903713966,-0.0964153908163746,-3.35982417958692,13.3818606917819,119.110447238246,1304,1333,1333,1401,1716,25.6999999999995,1285,50,1,0.352173913043478,-5.92581881915733,5.92581881915733,0.186188981810527,11.0281713076802
25.7,-9.2,0,13,333.022244303068,3.46729041042249,-119.107637103047,13.3568967418568,-0.807483874646461,-0.0228830201899334,-12.9798062744793,0.435460084096461,5.48000764441405,-2.54233978392929,-0.549489635893976,19.4366059153065,-0.0981589677618887,-3.45956937875889,13.3813020447583,119.107637103047,1304,1335,1335,1401,1717,25.7199999999995,1286,50,1,0.352173913043478,-5.88423042595927,5.88423042595927,0.186188981813146,11.225083653142
25.72,-9.2,0,13,333.279504303426,3.54097826917919,-119.104804973384,13.3550860038117,-0.827639242356751,-0.0231965142971331,-12.9141553527175,0.47038518543778,4.66715013755301,-2.80238731104944,-0.535714691671083,19.5375731244987,-0.0995172200120205,-3.54618441504328,13.3807266978656,119.104804973384,1304,1337,1337,1400,1717,25.7399999999995,1287,50,1,0.352173913043478,-5.6786313738169,5.6786313738169,0.186188981814625,11.3546167942478
25.74,-9.2,0,13,333.536735981023,3.61472194193296,-119.101950489483,13.3534321394622,-0.844689876651785,-0.0234058041953061,-12.7725534841939,0.505213523989082,3.84040243947634,-3.06005175005042,-0.521625480723015,19.6220620032903,-0.100427546201709,-3.61949596541155,13.3801419545015,119.101950489483,1304,1337,1337,1400,1717,25.7399999999995,1287,50,1,0.352173913043478,-5.5580074794923,5.5580074794923,0.186188981815294,11.4131929351555
25.76,-9.2,0,13,333.793943378494,3.68850686972317,-119.099073419504,13.3519535631654,-0.858652722956518,-0.0235051202407476,-12.6473643957006,0.539722351233887,3.00370591729396,-3.31477578006126,-0.50739133253416,19.6898304763815,-0.100864850161662,-3.67957001219555,13.3795553342495,119.099073419504,1304,1338,1338,1400,1715,25.7599999999995,1288,50,1,0.352173913043478,-5.45987811090553,5.45987811090553,0.186188981815838,11.4608455147187
25.78,-9.2,0,13,334.051131007729,3.7623173823802,-119.096173657799,13.3506650744142,-0.869542775817195,-0.0235098182468536,-12.5785857531559,0.573616761652527,2.16282508131204,-3.56736799842466,-0.493181702371899,19.7407380203799,-0.100894746653074,-3.72646491894499,13.3789728783533,119.096173657799,1304,1342,1342,1400,1706,25.7999999999995,1290,50,1,0.352173913043478,-5.39489201508423,5.39489201508423,0.186188981816198,11.4924033974018
25.8,-9.2,0,13,334.308303742935,3.83613701206836,-119.093251198974,13.3495785049642,-0.877407673153465,-0.0234381166387918,-12.5234023453446,0.606681130957436,1.32730087626319,-3.81882627062807,-0.479161403435081,19.7747821744032,-0.100595219750442,-3.76037923600812,13.3784019909114,119.093251198974,1304,1343,1343,1399,1700,25.8199999999995,1291,50,1,0.352173913043478,-5.18565051933634,5.18565051933634,0.186188981816349,11.3674451586169
25.82,-9.2,0,13,334.565467024059,3.90994807648544,-119.090306064699,13.3487017933144,-0.882382896949011,-0.0232788894736594,-12.3924931059157,0.638779846372795,0.50848892593119,-4.06814777918816,-0.465479871268678,19.7922118209554,-0.0999183881056287,-3.78188799650587,13.3778541272642,119.090306064699,1304,1345,1345,1399,1692,25.8399999999995,1292,50,1,0.352173913043478,-5.03295880158479,5.03295880158479,0.186188981816434,11.1876850389043
25.84,-9.2,0,13,334.822626858844,3.98373157029891,-119.087338298505,13.3480355211,-0.884618533639711,-0.0230303897688715,-12.2763271884534,0.669701284338787,-0.290463320600718,-4.31476572275962,-0.452277139110216,19.7933911171995,-0.0988567061287409,-3.79163083071705,13.3773365294239,119.087338298505,1304,1347,1347,1399,1683,25.8599999999995,1293,50,1,0.352173913043478,-4.94673102149,4.94673102149,0.186188981816482,10.9589316962176
25.86,-9.2,0,13,335.079789737004,4.05746730552867,-119.08434796339,13.3475768826658,-0.884283976836101,-0.0227120946601655,-12.2132835238028,0.699241509144963,-1.06220761414911,-4.55944309335947,-0.439682367446517,19.7787935504939,-0.0974937940746076,-3.79033105202251,13.3768562311781,119.08434796339,1304,1349,1349,1399,1673,25.8799999999995,1294,50,1,0.352173913043478,-4.89803663144997,4.89803663144997,0.186188981816509,10.6831699420657
25.88,-9.2,0,13,335.336962540668,4.13113414594682,-119.081335106744,13.3473192764077,-0.881556813585927,-0.0223451830342528,-12.1587733783029,0.727276596881552,-1.79916469005673,-4.80309828537169,-0.427807794282332,19.7490482921469,-0.0959206457645618,-3.77874834673514,13.3764185636197,119.081335106744,1305,1351,1351,1399,1661,25.8999999999995,1295,50,1,0.352173913043478,-4.68842469411601,4.68842469411601,0.186188981816524,10.364281326995
25.9,-9.2,0,13,335.594152262682,4.20471080645034,-119.078299779915,13.3472535880388,-0.8766135823032,-0.0219200246416166,-12.0222794020374,0.753680685829174,-2.49881666147446,-5.04461249102082,-0.416749604913498,19.7048915510604,-0.0940960446569507,-3.75763895111469,13.3760274447825,119.078299779915,1305,1351,1351,1399,1661,25.8999999999995,1295,50,1,0.353260869565217,-4.56598613424387,4.56598613424387,0.186188981816531,10.0761720060139
25.92,-9.2,0,13,335.851366577775,4.27817534629144,-119.075241987889,13.3474068213961,-0.869697787602642,-0.0214369837190098,-11.8943085102661,0.778293042280026,-3.15822278914846,-5.28329396792095,-0.406591762383925,19.6471005550265,-0.0920214430370313,-3.72803559440285,13.3757281163263,119.075241987889,1305,1354,1354,1398,1636,25.9399999999995,1297,50,1,0.353260869565217,-4.44917786494197,4.44917786494197,0.186188981816537,9.58048606773724
25.94,-9.2,0,13,336.108613511107,4.35150483418874,-119.072161673994,13.3477248784174,-0.861047619709939,-0.0209170367794362,-11.8131641984118,0.801024988875897,-3.77243746749087,-5.51977889995677,-0.397401659501142,19.5765338564206,-0.0897873575652909,-3.69097142844435,13.3754850362803,119.072161673994,1305,1356,1356,1398,1622,25.9599999999995,1298,50,1,0.353260869565217,-4.40041676122019,4.40041676122019,0.18618898181654,9.13603038133978
25.96,-9.2,0,13,336.365900924155,4.42467558632678,-119.069058692567,13.3481918405233,-0.850903100375692,-0.0203814876807851,-11.7344175234431,0.821863094987617,-4.33575605067493,-5.75485906664513,-0.389225474625941,19.4941610925707,-0.0874854310399073,-3.64747694005405,13.3753010023207,119.069058692567,1305,1358,1358,1398,1608,25.9799999999995,1299,50,1,0.353260869565217,-4.19076714946116,4.19076714946116,0.186188981816542,8.65555580934705
25.98,-9.2,0,13,336.623236621208,4.49766405728032,-119.06593283449,13.348790864102,-0.839490987643012,-0.0198215500486066,-11.5677628278263,0.840699232985047,-4.84791429095583,-5.98729288075409,-0.382089959788164,19.4010214995369,-0.0850781421370407,-3.59852642105666,13.3751768416613,119.06593283449,1305,1360,1360,1398,1593,25.9999999999995,1300,50,1,0.353260869565217,-4.03784496120224,4.03784496120224,0.186188981816543,8.15209808429289
26,-9.2,0,13,336.880628465698,4.57044641624482,-119.062783790389,13.3495042349127,-0.82708055892544,-0.0192376918228856,-11.40401224305,0.857427556160543,-5.30936736068882,-6.21626963469375,-0.376010784758808,19.2981311750201,-0.082567694396724,-3.54527636329259,13.3751147904492,119.062783790389,1305,1362,1362,1398,1577,26.0199999999995,1301,50,1,0.353260869565217,-3.95148703023534,3.95148703023534,0.186188981816543,7.62088083768919
26.02,-9.2,0,13,337.138084453835,4.64299827628554,-119.059611114895,13.3503147696283,-0.813927888464496,-0.0186469324094495,-11.238436956545,0.872046367639197,-5.7166588728992,-6.44210094881398,-0.3709864447432,19.1865425131829,-0.0800273140817137,-3.48882681959871,13.3751161028181,119.059611114895,1305,1364,1364,1398,1562,26.0399999999995,1302,50,1,0.353260869565217,-3.74662199920647,3.74662199920647,0.186188981816543,7.05539298141856
26.04,-9.2,0,13,337.395612468017,4.71529541260796,-119.056414274546,13.3512057156679,-0.800268965557989,-0.0180476357400046,-11.0065981265486,0.884473156536748,-6.06987547704902,-6.66379586282372,-0.36699615526337,19.0673545315671,-0.0774501382337192,-3.43019195195035,13.3751803799603,119.056414274546,1305,1366,1366,1398,1546,26.0599999999995,1303,50,1,0.353260869565217,-3.60133450085303,3.60133450085303,0.186188981816544,6.48166398521088
26.06,-9.2,0,13,337.653220311398,4.78731359125634,-119.05319262392,13.3521604555679,-0.78636283411399,-0.0174469881000148,-10.7895936676454,0.894679661168408,-6.37031335290054,-6.88088260013739,-0.364008333357785,18.9416319113551,-0.0748671511057547,-3.37048449767287,13.3753078370369,119.05319262392,1305,1366,1366,1398,1546,26.0599999999995,1303,50,1,0.353260869565217,-3.53563408702048,3.53563408702048,0.186188981816544,6.02445508668064
26.08,-9.2,0,13,337.910915744491,4.85902841727001,-119.049945370622,13.3531635840126,-0.772448639243501,-0.0168642672954523,-10.576249229917,0.902764519844946,-6.61617776372612,-7.09383892132976,-0.361975174680829,18.8104539379213,-0.0723611914735048,-3.31073177997512,13.3754977105595,119.049945370622,1305,1368,1368,1398,1531,26.0799999999995,1304,50,1,0.353260869565217,-3.36762927613757,3.36762927613757,0.186188981816544,5.43557699145158
26.1,-9.2,0,13,338.168706182912,4.93041623302344,-119.046671655016,13.3542010481026,-0.758724533113011,-0.016298725325996,-10.2988430154755,0.908723658759501,-6.81060869321782,-7.30174482268238,-0.360834985936501,18.6748915368093,-0.0699291335790539,-3.25178541721112,13.3757472388925,119.046671655016,1305,1372,1372,1398,1501,26.1199999999995,1306,50,1,0.353260869565217,-3.17294518988096,3.17294518988096,0.186188981816544,4.72091634651586
26.12,-9.2,0,13,338.426598796594,5.00145378960221,-119.043370507651,13.3552599601894,-0.745418567384562,-0.0157566686158636,-10.0371010220412,0.912616371568741,-6.95618227875363,-7.5041557481947,-0.360520406245045,18.5359420716644,-0.0675980995268114,-3.19462449363579,13.3760556860924,119.043370507651,1305,1374,1374,1399,1488,26.1399999999995,1307,50,1,0.353260869565217,-3.0916751652528,3.0916751652528,0.186188981816544,4.13970920246269
26.14,-9.2,0,13,338.684600567091,5.07211805798493,-119.040040815026,13.3563289799046,-0.732720643899462,-0.0152549696485585,-9.77928225781652,0.914632216367055,-7.0536877434645,-7.70155833346748,-0.360952864017418,18.3945808584394,-0.0654405112894423,-3.14006442633714,13.3764208993114,119.040040815026,1305,1376,1376,1399,1475,26.1599999999995,1308,50,1,0.353260869565217,-2.88968336713649,2.88968336713649,0.186188981816544,3.59846521841817
26.16,-9.2,0,13,338.942717926268,5.14238734064463,-119.036681449412,13.3573987341673,-0.720757158449776,-0.0147908021997645,-9.45768835399606,0.914840439416461,-7.1097922508679,-7.89303584529528,-0.362049786422781,18.2517094150511,-0.0634442537923067,-3.08864839481276,13.37683858738,119.036681449412,1305,1377,1377,1399,1461,26.1799999999995,1309,50,1,0.353260869565217,-2.74601843547753,2.74601843547753,0.186188981816544,3.08799730470542
26.18,-9.2,0,13,339.200956892968,5.2122408593599,-119.033291221556,13.3584616081951,-0.709685982365519,-0.0143675148655059,-9.15258572313556,0.913375346648534,-7.128841499426,-8.07815317914404,-0.363733034906241,18.1081008866975,-0.061623686215543,-3.04105360723682,13.377307545118,119.033291221556,1305,1379,1379,1399,1449,26.1999999999995,1310,50,1,0.353260869565217,-2.6648882450727,2.6648882450727,0.186188981816544,2.58184131960394
26.2,-9.2,0,13,339.459323269839,5.28165816729531,-119.02986879687,13.3595111583002,-0.699657454324842,-0.0140008335398965,-8.89651478353771,0.910515134260045,-7.11085223108938,-8.25763447568582,-0.36591744161346,17.9644954066253,-0.0600462373443933,-2.99792460820483,13.3778269896676,119.02986879687,1304,1381,1381,1400,1437,26.2199999999995,1311,50,1,0.353260869565217,-2.61907255630916,2.61907255630916,0.186188981816544,2.10207803039357
26.22,-9.2,0,13,339.717822528643,5.35061951630571,-119.026412723826,13.3605416625737,-0.690783326033224,-0.0137040812976469,-8.64269678801818,0.906563247521992,-7.05694972865456,-8.43228175165677,-0.368508437360878,17.8216214167861,-0.0587690053987582,-2.95974055539524,13.3783946317462,119.026412723826,1304,1383,1383,1400,1426,26.2399999999995,1312,50,1,0.352173913043478,-2.41108627375388,2.41108627375388,0.186188981816544,1.64223735502952
26.24,-9.2,0,13,339.976459203302,5.41910651251529,-119.022921536896,13.3615094143183,-0.683141145134938,-0.013463679069718,-8.30053200856295,0.901594268769542,-6.97276080495339,-8.60083969764864,-0.371409218114647,17.6801484289797,-0.057733875897447,-2.92684243256049,13.3789684551443,119.022921536896,1304,1383,1383,1400,1426,26.2399999999995,1312,50,1,0.352173913043478,-2.28938285071676,2.28938285071676,0.186188981816544,1.30335367200291
26.26,-9.2,0,13,340.235237445527,5.48710169327256,-119.019393694112,13.3624506989041,-0.676825308116784,-0.0132722854015136,-7.96161010788489,0.895716603221465,-6.86463819183703,-8.76249097464496,-0.37453356492339,17.5406099359228,-0.056909148258982,-2.89962544912467,13.3795873378782,119.019393694112,1304,1386,1386,1401,1409,26.2799999999995,1314,50,1,0.352173913043478,-2.17327591326235,2.17327591326235,0.186188981816544,0.814326522256287
26.28,-9.2,0,13,340.494161453885,5.55458848167071,-119.015827587941,13.3633632506784,-0.671888428023358,-0.0131378757918304,-7.66609838550275,0.889187822935545,-6.73625457534778,-8.91777657690989,-0.377802630725083,17.403440211788,-0.0563289778179288,-2.87831457710986,13.3802497746893,119.015827587941,1304,1388,1388,1402,1404,26.2999999999995,1315,50,1,0.352173913043478,-2.12480757746841,2.12480757746841,0.186188981816544,0.4586935115405
26.3,-9.2,0,13,340.753234996782,5.62155142126324,-119.012221603441,13.3642458897548,-0.668326904399565,-0.0130680206191385,-7.3715758111201,0.882288066246053,-6.59257688990985,-9.06743372956576,-0.381141217196892,17.2690076871779,-0.0560257717198573,-2.86289399477527,13.380952874371,119.012221603441,1304,1390,1390,1402,1400,26.3199999999995,1316,50,1,0.352173913043478,-1.91532329706378,1.91532329706378,0.186188981816544,0.236745248755989
26.32,-9.2,0,13,341.012460985528,5.6879776259143,-119.008574359115,13.365099638561,-0.666057527443333,-0.0130456562815137,-6.99043320192306,0.87508847514112,-6.44452943222569,-9.21020790044471,-0.3844991715936,17.1374860020989,-0.0559263177033716,-2.85300686340191,13.3816923880231,119.008574359115,1304,1391,1391,1402,1396,26.3399999999995,1317,50,1,0.352173913043478,-1.76249447441683,1.76249447441683,0.186188981816544,-0.0572085285905449
26.34,-9.2,0,13,341.271842141594,5.75385466176905,-119.004884399596,13.3659255894692,-0.665128573786701,-0.0130603187260165,-6.61661155852277,0.867675000312711,-6.2914730007605,-9.34534342884378,-0.387832663694637,17.0089828623525,-0.0559857152375913,-2.84885855167245,13.3824711266201,119.004884399596,1304,1393,1393,1403,1393,26.3599999999995,1318,50,1,0.352173913043478,-1.67618926870298,1.67618926870298,0.186188981816544,-0.255179589411543
26.36,-9.2,0,13,341.531380900005,5.81917087865527,-119.001150285718,13.3667256706757,-0.665474097407524,-0.0131164487010729,-6.2910144523682,0.860260446743453,-6.13922893976445,-9.4734663775281,-0.391110273153754,16.8835147105876,-0.0562229621580029,-2.85016570762378,13.3832874500493,119.001150285718,1304,1394,1394,1403,1391,26.3799999999995,1319,50,1,0.352173913043478,-1.62745115501276,1.62745115501276,0.186188981816544,-0.498122879360023
26.38,-9.2,0,13,341.791079503652,5.88391512109251,-118.997370542494,13.3675013123375,-0.667083956798296,-0.0132194568826669,-5.97929858198908,0.853063038029011,-5.98391091119484,-9.59545533779833,-0.394294835838613,16.7611216280121,-0.0566612130586685,-2.85688365507604,13.3841423742727,118.997370542494,1304,1396,1396,1404,1389,26.3999999999995,1320,50,1,0.352173913043478,-1.44383071654665,1.44383071654665,0.186188981816544,-0.660182941152497
26.4,-9.2,0,13,342.050939648548,5.94807795059412,-118.993543874372,13.3682547472251,-0.669821518760185,-0.0133541076549186,-5.60494490374877,0.846118810794985,-5.83641466733784,-9.71048395214367,-0.397361381567816,16.6417622586987,-0.057235126630423,-2.86842668636903,13.3850317215124,118.993543874372,1304,1396,1396,1404,1389,26.3999999999995,1320,50,1,0.352173913043478,-1.33709576586511,1.33709576586511,0.186188981816544,-0.733468070610726
26.42,-9.2,0,13,342.310962548879,6.01165145765433,-118.989669170853,13.3689896629556,-0.673609490971739,-0.0135101992152347,-5.24714560091334,0.839476554834551,-5.70078273173824,-9.81811655834226,-0.400315634089803,16.5252113265109,-0.0579009447552802,-2.88446254349872,13.3859559568984,118.989669170853,1304,1398,1398,1404,1387,26.4399999999995,1322,50,1,0.352173913043478,-1.23526898126266,1.23526898126266,0.186188981816544,-0.915793592089005
26.44,-9.2,0,13,342.571149477503,6.07462745751289,-118.985745215935,13.3697088673994,-0.678430115433711,-0.0136907755839334,-4.9399892608586,0.83326301242901,-5.57126080836723,-9.91909041298276,-0.403153731759369,16.4113038527028,-0.0586716878292948,-2.90491365390276,13.3869178699909,118.985745215935,1303,1400,1400,1405,1386,26.4599999999995,1323,50,1,0.352173913043478,-1.19276183313582,1.19276183313582,0.186188981816544,-1.02977289961229
26.46,-9.2,0,13,342.831501496912,6.1369984132679,-118.981770853163,13.3704150961899,-0.68416521750505,-0.0138995189222851,-4.64556519146556,0.827605393192173,-5.45163906152481,-10.0142864437187,-0.405871612904539,16.2998816189914,-0.0595631084669368,-2.92927320694231,13.3879152628739,118.981770853163,1303,1401,1401,1405,1387,26.4799999999995,1324,50,1,0.351086956521739,-1.01266013384095,1.01266013384095,0.186188981816544,-1.09413908010458
26.48,-9.2,0,13,343.092018764884,6.19875845449336,-118.977745191741,13.371073062645,-0.690671510771407,-0.0141188677406178,-4.28733051842044,0.822460912085241,-5.34780452321669,-10.1028520885903,-0.408482400665138,16.1906938801466,-0.060500098129444,-2.9569355759489,13.3889066515831,118.977745191741,1303,1402,1402,1405,1387,26.4999999999995,1325,50,1,0.351086956521739,-0.881356937678994,0.881356937678994,0.186188981816544,-1.130487828673
26.5,-9.2,0,13,343.352701168572,6.25990262948964,-118.973667475959,13.3717268207973,-0.697843474523474,-0.0143371821307362,-3.9445608249514,0.817787640579009,-5.26361396043907,-10.1843288464046,-0.411020437374467,16.0833799353122,-0.0614325825245265,-2.98743933267448,13.3899316368589,118.973667475959,1303,1403,1403,1405,1388,26.5199999999995,1326,50,1,0.351086956521739,-0.807207643328799,0.807207643328799,0.186188981816544,-1.15101462570189
26.52,-9.2,0,13,343.613548859025,6.3204264655199,-118.969537023639,13.3723813229787,-0.705569489868975,-0.014557582436246,-3.65188444207202,0.813629618846702,-5.19865218190615,-10.2594323998493,-0.413527816543201,15.9775503754981,-0.0623739096177654,-3.02030556451337,13.3909903470725,118.969537023639,1303,1404,1404,1406,1390,26.5399999999995,1327,50,1,0.351086956521739,-0.765334193075156,0.765334193075156,0.186188981816544,-1.16260647997088
26.54,-9.2,0,13,343.874561875422,6.38032585973691,-118.965353229662,13.3730414467262,-0.713745677685484,-0.014787382222014,-3.41643983474868,0.810060022020382,-5.15081007211643,-10.3292614196035,-0.416044217332687,15.872843684748,-0.0633553892305696,-3.05508855834197,13.3920830752704,118.965353229662,1303,1405,1405,1406,1392,26.5599999999995,1328,50,1,0.351086956521739,-0.741687496885934,0.741687496885934,0.186188981816544,-1.16915261014425
26.56,-9.2,0,13,344.13574015876,6.4395970394827,-118.961115543713,13.3737114828178,-0.722282066315189,-0.0150335842223893,-3.23361701227622,0.807152916447095,-5.11758185430056,-10.3949227377195,-0.41860304091664,15.7689450741911,-0.0644069946618352,-3.09140226158532,13.3932100789029,118.961115543713,1303,1405,1405,1406,1392,26.5599999999995,1328,50,1,0.351086956521739,-0.730994231856172,0.730994231856172,0.186188981816544,-1.17211283360647
26.58,-9.2,0,13,344.397083514068,6.49823669758229,-118.956823481744,13.3743954472396,-0.731057442664965,-0.0152985206910742,-3.05085522331556,0.804952976533232,-5.10024877124857,-10.4571659801933,-0.421233698190649,15.6655714045069,-0.0655386846869332,-3.12872735403141,13.3943694367579,118.956823481744,1303,1406,1406,1406,1393,26.5799999999995,1329,50,1,0.351086956521739,-0.607738571297075,0.607738571297075,0.186188981816544,-1.09202532152931
26.6,-9.2,0,13,344.658591196008,6.55624350177028,-118.952476915269,13.375099374055,-0.739866189515698,-0.0155610702533623,-2.78785104044565,0.803333945618957,-5.10881147249012,-10.514831218952,-0.423993396651046,15.5622974489348,-0.066659934480678,-3.16618376872841,13.3955562553835,118.952476915269,1302,1408,1408,1406,1397,26.6199999999995,1331,50,1,0.351086956521739,-0.442689574033161,0.442689574033161,0.186188981816544,-0.978911922947215
26.62,-9.2,0,13,344.920262354265,6.61361651595479,-118.948075813391,13.3758302914396,-0.748630041500849,-0.0158069613311446,-2.52571273699307,0.802162414967511,-5.14126014374814,-10.5671449852982,-0.426955657816993,15.458622195722,-0.0677095724051419,-3.20343537552206,13.3967732228494,118.948075813391,1302,1408,1408,1406,1399,26.6399999999995,1332,50,1,0.35,-0.373790588346105,0.373790588346105,0.186188981816544,-0.931693226928963
26.64,-9.2,0,13,345.182095915578,6.67035418298106,-118.943620100189,13.3765563359711,-0.757238555861422,-0.0160379266469932,-2.30150802389382,0.801393876602573,-5.19678208623798,-10.6145549358363,-0.430186927660439,15.3540982871808,-0.0686951892269618,-3.24001814949277,13.397982193412,118.943620100189,1302,1409,1409,1407,1402,26.6599999999995,1333,50,1,0.35,-0.334882082540671,0.334882082540671,0.186188981816544,-0.792617592787226
26.66,-9.2,0,13,345.444090589268,6.72645578312166,-118.93910989927,13.3773243354311,-0.765520386072963,-0.0162613525568469,-2.12521185233932,0.80103446928268,-5.27862528468142,-10.657940081254,-0.433767471857814,15.2482187570688,-0.0696481888608057,-3.27518941916089,13.3992198380502,118.93910989927,1302,1410,1410,1407,1404,26.6799999999995,1334,50,1,0.35,-0.312909744212098,0.312909744212098,0.186188981816544,-0.692765704710482
26.68,-9.2,0,13,345.706245467486,6.78192068935722,-118.934545361109,13.3781410092362,-0.773408464884679,-0.0164859897202201,-1.9955447640238,0.801112839634018,-5.37880147386366,-10.6982542697435,-0.437767458107743,15.1405422180698,-0.0706060097044244,-3.30866142667516,13.4004883979808,118.934545361109,1302,1410,1410,1407,1406,26.6999999999995,1335,50,1,0.35,-0.300501566575068,0.300501566575068,0.186188981816544,-0.636377533996855
26.7,0,0,13,345.968559774026,6.83674779261566,-118.929926558525,13.3790118440516,-0.78082110455523,-0.0167192585623079,-1.90568472452281,0.801664292494975,-5.49512690829448,-10.7363635818374,-0.442235298562549,15.0307515986049,-0.0716003890806631,-3.34008442695662,13.4017879051341,118.929926558525,1302,1410,1410,1407,1407,26.7199999999995,1336,50,1,0.35,-0.293494443802345,0.293494443802345,0.186188981816544,-0.473388667858239
26.72,0,0,13,346.231032485301,6.89093692078892,-118.925253746435,13.3799432685989,-0.78761201963297,-0.0169662728732628,-1.84810982814193,0.802728177990901,-5.6320712834614,-10.7729805499628,-0.447233347041426,14.9184626075673,-0.072653171181212,-3.36883293197446,13.4031153997423,118.925253746435,1302,1440,1440,1407,1408,26.7399999999995,1337,50,1,0.35,-0.289537394589455,0.289537394589455,0.186188981816544,-0.356480318125885
26.74,0,0,13,346.493662517494,6.94448814161417,-118.920527213963,13.3809409652924,-0.793674899442766,-0.017215510577939,-1.59603950338044,0.804232016223699,-5.78335263080628,-10.8075976962385,-0.452815349585362,14.8033415333068,-0.0737149619448349,-3.39445251701178,13.4044693045436,118.920527213963,1302,1440,1440,1407,1408,26.7399999999995,1337,50,1,0.35,0.289879700370038,-0.289879700370038,0.186188981816544,-0.303613230145536
26.76,0,0,13,346.756448093079,6.99740418672612,-118.915747816779,13.3820114944854,-0.798718751441497,-0.017331120485469,-0.654860717041368,0.805069523437161,-5.96767274060248,-10.8302515890439,-0.459051290700983,14.6849754265304,-0.0742040539476345,-3.41570088586356,13.4058376705889,118.915747816779,1302,1476,1476,1407,1409,26.7799999999995,1339,50,1,0.35,1.55011236410964,-1.55011236410964,0.186188981816544,-0.253177215082432
26.78,0,0,13,347.019386857232,7.04969008735875,-118.910917193924,13.3831695626808,-0.802456698449761,-0.0171527675640397,0.847213141075629,0.803485165062671,-6.21570968638833,-10.8280535229304,-0.466118499781471,14.5624093798735,-0.073434072971836,-3.43135183334192,13.4072166579715,118.910917193924,1302,1487,1487,1408,1409,26.7999999999995,1340,50,1,0.35,2.59386571480125,-2.59386571480125,0.186188981816544,-0.232122920069731
26.8,0,0,13,347.282476274887,7.10135181636632,-118.90603771052,13.384439000227,-0.804491051552626,-0.016541486400647,2.67476753731041,0.817341791615366,-6.5489809342686,-10.7920581157845,-0.474207028956311,14.4341517077054,-0.0708103548519397,-3.43970469636286,13.4086049544164,118.90603771052,1302,1496,1496,1408,1409,26.8199999999995,1341,50,1,0.35,3.50280228728806,-3.50280228728806,0.135093354178974,-0.220233178129961
26.82,0,0,13,347.545713676394,7.15239627108361,-118.901111797077,13.3858494362583,-0.804353059104566,-0.0152414412043215,4.59524873953595,0.884740248789855,-6.97651968285828,-10.7181889494079,-0.482755462789394,14.2982578074274,-0.0652382862571046,-3.43875500217901,13.4100030304022,118.901111797077,1302,1503,1503,1408,1408,26.8399999999995,1342,50,1,0.35,4.26848664411695,-4.26848664411695,0.0965508376843213,-0.213518825390577
26.84,0,0,13,347.809096347889,7.20283105831418,-118.896143848903,13.3874297257727,-0.801543833407663,-0.0131981746327923,6.45580678975605,0.972569141757229,-7.49701499682554,-10.606213215281,-0.491269322151958,14.1527291536631,-0.0564857836220683,-3.42637073570632,13.4114101186709,118.896143848903,1302,1508,1508,1408,1406,26.8599999999995,1343,50,1,0.35,4.90361082974236,-4.90361082974236,0.074785180152008,-0.209727108721094
26.86,0,0,13,348.072621539254,7.25266442278382,-118.891141006011,13.389204254892,-0.795596641335229,-0.0105075755501376,8.12674025126013,1.05967630449042,-8.10231184098506,-10.458507574217,-0.499770428748555,13.9957698484135,-0.0449645547922122,-3.40055899844009,13.4128250195127,118.891141006011,1301,1512,1512,1408,1404,26.8799999999995,1344,50,1,0.35,5.29334862600238,-5.29334862600238,0.062493718906096,-0.207585857604319
26.88,0,0,13,348.336286534853,7.30190490686768,-118.886112393747,13.3911902377851,-0.78610947622776,-0.00734959576349718,9.53094478498483,1.13529508568575,-8.77712465635545,-10.2801360415239,-0.508520827082725,13.8258709916135,-0.0314461051345264,-3.35960553792397,13.4142460880113,118.886112393747,1301,1515,1515,1407,1401,26.8999999999995,1345,50,1,0.348913043478261,5.73186358238236,-5.73186358238236,0.0555525079945734,-0.206376654294906
26.9,0,0,13,348.600088025509,7.35056207772754,-118.881068584741,13.393355926716,-0.772712358623304,-0.00390248234674068,10.7527865200085,1.19441307221947,-9.50790316144464,-10.075217601215,-0.517857955820634,13.6418508534253,-0.0166945284653301,-3.3019454687858,13.4156282968125,118.881068584741,1301,1515,1515,1407,1401,26.8999999999995,1345,50,1,0.348913043478261,5.96332714408063,-5.96332714408063,0.0524136251962982,-0.205829840847525
26.92,0,0,13,348.864022647666,7.39864592768529,-118.87602085984,13.3957396302122,-0.755211462095731,-0.000345408282320107,11.7084628001933,1.23554949430701,-10.2759642578429,-9.84830359616734,-0.528114405481112,13.4428084928132,-0.00147736797875534,-3.22674781324018,13.4170110200531,118.87602085984,1301,1518,1518,1406,1392,26.9399999999995,1347,50,1,0.348913043478261,6.18414694199938,-6.18414694199938,0.0494190827287054,-0.37392374361236
26.94,0,0,13,349.128087795091,7.44616507068514,-118.870980366567,13.3983278389048,-0.733567541179018,0.00315076953863293,12.4350333226876,1.25948276470448,-11.0542286681039,-9.60464269043249,-0.539528784395161,13.2283553560015,0.0134737555032883,-3.13385383624699,13.4183948422898,118.870980366567,1301,1518,1518,1405,1386,26.9599999999995,1348,50,1,0.348913043478261,6.4219425123968,-6.4219425123968,0.0481690240065427,-0.500896279824865
26.96,0,0,13,349.392280716036,7.49312862924431,-118.865958055863,13.4010971494414,-0.707707608672216,0.00646385873197622,13.0357357670677,1.26785347901493,-11.8321451053483,-9.34747309299286,-0.552257528670035,12.9984155576137,0.027635930988358,-3.02296312233926,13.4197726005178,118.865958055863,1301,1518,1518,1405,1380,26.9799999999995,1349,50,1,0.348913043478261,6.5838390945,-6.5838390945,0.0474630931925635,-0.778685670159551
26.98,0,0,13,349.656598844556,7.539544796898,-118.860964125358,13.4040171893399,-0.677797747650896,0.00949725218341408,13.4747901618212,1.26291420213575,-12.588006856823,-9.07969019033369,-0.566361568600641,12.7532522490621,0.0405962159205753,-2.89479567454426,13.421146627492,118.860964125358,1300,1517,1517,1404,1372,26.9999999999995,1350,50,1,0.348913043478261,6.6752650283048,-6.6752650283048,0.0470644412690258,-1.08704324188886
27,0,0,13,349.921039798474,7.58542080377268,-118.856007798232,13.4070504425306,-0.643988060398748,0.0121731434051726,13.7575245127267,1.2473470479493,-13.3102840280997,-8.80451547053489,-0.581811043746303,12.4934331145694,0.0520225945183525,-2.7500041861403,13.4225135640057,118.856007798232,1300,1516,1516,1404,1364,27.0199999999995,1351,50,1,0.347826086956522,6.72689490994585,-6.72689490994585,0.0468393153034308,-1.43237221558676
27.02,0,0,13,350.185600839155,7.63076345214139,-118.851097269019,13.4101161187623,-0.606500785403746,0.0144407623182382,13.9090580958466,1.22389926098152,-13.9866502134374,-8.52483389117468,-0.598501624342763,12.219755789356,0.0616992728950676,-2.58955629706983,13.4238320183545,118.851097269019,1300,1514,1514,1404,1356,27.0399999999995,1352,50,1,0.347826086956522,6.75605123974566,-6.75605123974566,0.0467121825909248,-1.80568406235476
27.04,0,0,13,350.450279239293,7.67557914709884,-118.846239583054,13.4132064336518,-0.565600485541316,0.0162756084032266,13.9593177329919,1.19516686749375,-14.6078234307587,-8.24296665261892,-0.61626463784398,11.9332255779186,0.0695227660485577,-2.41458373583756,13.4251359634244,118.846239583054,1300,1512,1512,1403,1346,27.0599999999995,1353,50,1,0.347826086956522,6.77251634755485,-6.77251634755485,0.0466403884442727,-2.19479834465128
27.06,0,0,13,350.715072634953,7.71987400561057,-118.841440615444,13.4162741496351,-0.521608327668473,0.0176734086030022,13.8951481591101,1.16352479457174,-15.1657821707132,-7.9608557586944,-0.634882708291163,11.6350049303778,0.0754763301299267,-2.22646653015342,13.426421699583,118.841440615444,1300,1512,1512,1403,1346,27.0599999999995,1353,50,1,0.347826086956522,6.67309790828433,-6.67309790828433,0.0466079224358463,-2.53100857006502
27.08,0,0,13,350.97997883518,7.76365291579845,-118.836704967886,13.4192727220674,-0.47492627805154,0.0186358473395773,13.6730520644471,1.13146510843448,-15.6486557340047,-7.68154951546426,-0.654092684368163,11.3264531466199,0.0795687468242106,-2.0269274689079,13.4276871669552,118.836704967886,1300,1510,1510,1403,1337,27.0799999999995,1354,50,1,0.347826086956522,6.55244667716408,-6.55244667716408,0.0465815108452965,-2.97943649278502
27.1,0,0,13,351.24499566446,7.80692013197118,-118.832036232426,13.4221551515603,-0.425944481685673,0.0191396000482764,13.3943931850057,1.08138033709693,-16.0484016384594,-7.407169180603,-0.673689223863148,11.0091436715741,0.0817020477462537,-1.81763722014886,13.4289256434878,118.832036232426,1299,1505,1505,1402,1315,27.1199999999995,1356,50,1,0.347826086956522,6.47254549590246,-6.47254549590246,0.0976596474281599,-3.57260648559781
27.12,0,0,13,351.510120955635,7.84967923315471,-118.827437909275,13.4248788667818,-0.375126554568661,0.0189840424128337,13.0664169658341,0.975046203035495,-16.3593001891669,-7.13847681725889,-0.694272838436013,10.6848891058158,0.0810215715264627,-1.60057724378973,13.4301322746119,118.827437909275,1299,1502,1502,1402,1304,27.1399999999995,1357,50,1,0.346739130434783,6.26930657103478,-6.26930657103478,0.136194862358139,-4.09573365465546
27.14,0,0,13,351.775352289028,7.89193249361276,-118.822911529887,13.4273706721972,-0.322977845372051,0.018109222030687,12.6359828795827,0.846126752783083,-16.5748527477033,-6.87735122884011,-0.716380975521149,10.3555965031068,0.0772736069373641,-1.37790810720332,13.4312667236231,118.822911529887,1299,1499,1499,1402,1293,27.1599999999995,1358,50,1,0.346739130434783,6.12232323387025,-6.12232323387025,0.157956396564562,-4.63631323337831
27.16,0,0,13,352.040687216751,7.93368169752447,-118.818455944053,13.4296390774108,-0.269989090516727,0.0165782657596901,12.1687846751581,0.716265141727139,-16.6904228950785,-6.62494655203982,-0.739997875342146,10.0232190337525,0.0707289430274252,-1.15171673416194,13.4323629603065,118.818455944053,1299,1497,1497,1402,1282,27.1799999999995,1359,50,1,0.346739130434783,5.89520556056648,-5.89520556056648,0.170245529293621,-5.20855021148927
27.18,0,0,13,352.306123728133,7.97492783086704,-118.814067885627,13.4316632578605,-0.2167067241132,0.014506403631953,11.6488696639799,0.597088907961922,-16.7008974592231,-6.38242143146457,-0.764810141603153,9.68976340292084,0.0618803021565773,-0.924330518033282,13.4334191519726,118.814067885627,1299,1494,1494,1402,1271,27.1999999999995,1360,50,1,0.346739130434783,5.73962372402761,-5.73962372402761,0.177185425249479,-5.81097400839306
27.2,0,0,13,352.57165983389,8.01567127033784,-118.80974256158,13.433429722689,-0.163647634940413,0.0120320120898139,11.1740126709775,0.494109711642627,-16.6043706310334,-6.14981435263357,-0.790359874850266,9.35730705754276,0.0513184898926283,-0.697949180215872,13.4344318611604,118.80974256158,1299,1491,1491,1402,1260,27.2199999999995,1361,50,1,0.346739130434783,5.65176384147886,-5.65176384147886,0.1811045102606,-6.43199497568849
27.22,0,0,13,352.837293523957,8.05591209969746,-118.805474168401,13.4349348277056,-0.111338392994795,0.00929323934789352,10.7337356661472,0.409180601671342,-16.4037298127329,-5.92602099018138,-0.816143084185221,9.02790814933387,0.0396327421415514,-0.474812311365964,13.43539937727,118.805474168401,1299,1488,1488,1402,1249,27.2399999999995,1362,50,1,0.346739130434783,5.42000833132947,-5.42000833132947,0.183317688588069,-7.06351810212213
27.24,0,0,13,353.103022919545,8.09564942448203,-118.801256227221,13.4361845458772,-0.0603163189986809,0.00641142386211132,10.2522146858272,0.342696137209918,-16.0989481636744,-5.71151811580193,-0.841660358218375,8.70359045934496,0.027340164823791,-0.257204483551162,13.4363214577339,118.801256227221,1299,1488,1488,1402,1249,27.2399999999995,1362,50,1,0.346739130434783,5.28755226921522,-5.28755226921522,0.184318509261891,-7.55818197896787
27.26,0,0,13,353.368846156244,8.13488204591768,-118.797081992409,13.4371914504284,-0.0110577751065002,0.00349447985226443,9.78836441921221,0.293812678158656,-15.6923311995433,-5.50634172354259,-0.866440040181659,8.38638417536027,0.0149003564735379,-0.047150007671118,13.4371964546644,118.797081992409,1298,1482,1482,1402,1230,27.2799999999995,1364,50,1,0.345652173913043,5.02458256699123,-5.02458256699123,0.185273307577983,-8.29885452779718
27.28,0,0,13,353.634760977998,8.17360877904721,-118.792944764146,13.437938856246,0.0359790618287887,0.000634038136852328,9.31946163668001,0.261099249685692,-15.1889270084185,-5.31063610262491,-0.890061971553655,8.07823223297373,0.00270336914415514,0.153404736210614,13.4379870367217,118.792944764146,1298,1479,1479,1402,1222,27.2999999999995,1365,50,1,0.345652173913043,4.86878826173467,-4.86878826173467,0.185671883980173,-8.88771281770727
27.3,0,0,13,353.900765090907,8.21182869456314,-118.788838106949,13.438490235498,0.0803703332658334,-0.00209587252505408,8.89024743797334,0.242627951525466,-14.5937595192679,-5.12384744429626,-0.912162158750609,7.78100372378834,-0.00893587352485385,0.342659469682132,13.4387307284849,118.788838106949,1298,1476,1476,1402,1214,27.3199999999995,1366,50,1,0.345652173913043,4.6442038125432,-4.6442038125432,0.185896967297494,-9.43262333158552
27.32,0,0,13,354.166856564017,8.24954114680507,-118.784756019066,13.4388768832448,0.121722915751513,-0.00463862947672435,8.46751371212553,0.236461698912729,-13.914018596791,-4.9457979958744,-0.932439069002101,7.49643625930189,-0.0197764949776404,0.518943530683771,13.4394289264133,118.784756019066,1298,1474,1474,1403,1207,27.3399999999995,1367,50,1,0.345652173913043,4.49147625142069,-4.49147625142069,0.186024075925747,-9.94457786968522
27.34,0,0,13,354.433033406972,8.28674616448037,-118.780693102057,13.4391322660173,0.159709451093176,-0.00695460079979482,8.12836014253916,0.240495108598758,-13.1573164885535,-4.77558051537958,-0.950651134427493,7.22614026264353,-0.0296499231177911,0.680865799294883,13.4400830182982,118.780693102057,1298,1471,1471,1403,1202,27.3599999999995,1368,50,1,0.345652173913043,4.40522822992476,-4.40522822992476,0.186095856471585,-10.416461294145
27.36,0,0,13,354.699293543043,8.32344484469527,-118.776644669581,13.4392928118723,0.194068272013738,-0.00902153292816012,7.84760221028229,0.25257969159672,-12.3386103572206,-4.61149254488494,-0.966619401089864,6.97151855672932,-0.0384615240635689,0.827314189161163,13.4406969746922,118.776644669581,1298,1469,1469,1403,1198,27.3799999999995,1369,50,1,0.345652173913043,4.17438296692206,-4.17438296692206,0.186136392246627,-10.7114249612226
27.38,0,0,13,354.96563482772,8.35963982511838,-118.772606820158,13.4393955358525,0.224622068624829,-0.0108243689283115,7.53825702276702,0.271124746050127,-11.4718134756766,-4.45365242367912,-0.980233139626177,6.73362641414952,-0.0461472035497359,0.957535189602833,13.4412768965515,118.772606820158,1298,1466,1466,1403,1194,27.3999999999995,1370,50,1,0.345652173913043,4.00948625986751,-4.00948625986751,0.186159283533383,-11.0513585089402
27.4,0,0,13,355.232055140004,8.3953342537463,-118.768576369548,13.4394724234583,0.251165383964074,-0.0123583561621761,7.28891381158581,0.294585862280577,-10.55809003009,-4.30174625968546,-0.991421889177067,6.51344689149662,-0.052686699888264,1.07065477609324,13.4418248686688,118.768576369548,1298,1466,1466,1403,1194,27.3999999999995,1370,50,1,0.345652173913043,3.93491837194949,-3.93491837194949,0.186169635194952,-11.231401093919
27.42,0,0,13,355.49855229274,8.4305327498865,-118.764550918217,13.4395553140392,0.273603716051287,-0.0136311232045228,7.08899068638403,0.321413621248895,-9.61229990419578,-4.15440353431742,-1.00016080241483,6.31175646638958,-0.0581124556268978,1.16627110085129,13.4423469617502,118.764550918217,1298,1462,1462,1403,1191,27.4399999999995,1372,50,1,0.345652173913043,3.70440744798151,-3.70440744798151,0.186179510839303,-11.5121458780768
27.44,0,0,13,355.765124183345,8.46524022173059,-118.760528732739,13.4396715373077,0.291784331462933,-0.0146499043629555,6.86615280727137,0.350523271873351,-8.63717811729281,-4.01171486297963,-1.00646106704644,6.12918056811043,-0.062455198810939,1.24373388089084,13.4428465641212,118.760528732739,1298,1460,1460,1403,1192,27.4599999999995,1373,50,1,0.345652173913043,3.55449312722961,-3.55449312722961,0.186183633384063,-11.6660547349055
27.46,0,0,13,356.031768705771,8.49946273087823,-118.756508775602,13.4398449898199,0.305702255760299,-0.0154282855650984,6.69937297702514,0.380900421367114,-7.64383844439722,-3.87333069546524,-1.01036398842983,5.96620816999252,-0.0657727273174649,1.30302230049144,13.4433301399452,118.756508775602,1298,1458,1458,1403,1194,27.4799999999995,1374,50,1,0.345652173913043,3.46983379355252,-3.46983379355252,0.186185961459797,-11.7529698554942
27.48,0,0,13,356.298483698756,8.5332080799575,-118.752490700332,13.44009415502,0.315358610510613,-0.0159879108349804,6.57875476149093,0.411582894587968,-6.64292182157497,-3.73797987213024,-1.01194270780634,5.82310223107005,-0.0681572146312958,1.34414160740783,13.4438029427063,118.752490700332,1298,1456,1456,1403,1197,27.4999999999995,1375,50,1,0.345652173913043,3.28542055192049,-3.28542055192049,0.186187276166354,-11.8020523991672
27.5,0,0,13,356.565267071069,8.56648467260231,-118.748474712865,13.4404323640024,0.32075247491553,-0.0163455565078187,6.44081698865334,0.441948766581588,-5.63963982622976,-3.60566316004756,-1.01129324690806,5.69996205290274,-0.0696801200000296,1.36708859663863,13.4442690935098,118.748474712865,1297,1454,1454,1403,1202,27.5199999999995,1376,50,1,0.345652173913043,3.15537839968973,-3.15537839968973,0.186188018604972,-11.8297702010535
27.52,0,0,13,356.83211675461,8.59930187887059,-118.74446154385,13.4408681008599,0.321982728089773,-0.0165209591181635,6.35153432374985,0.471454925742626,-4.64342629788862,-3.47604130904095,-1.00852684697021,5.596783081407,-0.0704255667988243,1.37228559957465,13.4447343270142,118.74446154385,1297,1452,1452,1403,1207,27.5399999999995,1377,50,1,0.344565217391304,3.08194123970012,-3.08194123970012,0.186188437873514,-11.6637872978856
27.54,0,0,13,357.099030198507,8.63167176262014,-118.740452503669,13.4413679524392,0.319254140728839,-0.0165378358632909,6.29528215100322,0.499612405067934,-3.67183688680198,-3.34803552543035,-1.0037810156233,5.51322409952077,-0.0704948873109467,1.36061020867504,13.445168988869,118.740452503669,1297,1450,1450,1403,1214,27.5599999999995,1378,50,1,0.344565217391304,2.90386536291773,-2.90386536291773,0.186188674642057,-11.5356150617876
27.56,0,0,13,357.366004923751,8.66360691686566,-118.73644926667,13.4419660807375,0.312683745753524,-0.0164120284192729,6.20661219284613,0.526154677929103,-2.72702522328261,-3.22192077500117,-0.997203543882982,5.44880821241804,-0.0699555026966457,1.33255917635194,13.4456123919751,118.73644926667,1297,1450,1450,1403,1214,27.5599999999995,1378,50,1,0.344565217391304,2.80259724486838,-2.80259724486838,0.186188781711086,-11.2935019716333
27.58,0,0,13,357.633038745265,8.69512223162295,-118.732453924772,13.4426566453765,0.302618412215779,-0.0161618745404747,6.15174771780541,0.550839358190913,-1.82748331280235,-3.09763376787893,-0.988955754938305,5.40281434076035,-0.0688856956211747,1.28961243748318,13.4460721697857,118.732453924772,1297,1448,1448,1402,1222,27.5799999999995,1379,50,1,0.344565217391304,2.72021409401925,-2.72021409401925,0.186188868813365,-10.9020071455481
27.6,0,0,13,357.900129372499,8.72623493147998,-118.728468946572,13.4434270637095,0.289358205305028,-0.0158097865779951,6.15355953897476,0.573458277560477,-0.981811812496047,-2.97419236766306,-0.979210754537056,5.37425775943004,-0.0673811539297428,1.23305112730534,13.4465500905476,118.728468946572,1297,1445,1445,1402,1240,27.6199999999995,1381,50,1,0.344565217391304,2.66565591829423,-2.66565591829423,0.18618892649678,-10.3578453492886
27.62,0,0,13,358.167274489952,8.75696334907522,-118.724497046839,13.4442618208957,0.273212624559845,-0.0153759642346513,6.16574280256718,0.593905423347783,-0.197658381506526,-2.85064985411151,-0.968145305174715,5.36198844170689,-0.0655281401253001,1.16419673261085,13.4470464216975,118.724497046839,1297,1443,1443,1401,1251,27.6399999999995,1382,50,1,0.344565217391304,2.48350883325898,-2.48350883325898,0.186188950576471,-9.87247989479963
27.64,0,0,13,358.434471825892,8.78732606266386,-118.720541090329,13.4451438134198,0.254485705190663,-0.0148700769374676,6.10409810802823,0.612153117053696,0.522825255859018,-2.72796748234164,-0.955934397835378,5.36475769366726,-0.063368031907352,1.08434742445252,13.447560234365,118.720541090329,1297,1442,1442,1401,1262,27.6599999999995,1383,50,1,0.344565217391304,2.35042964526857,-2.35042964526857,0.186188964174708,-9.32570176502946
27.66,0,0,13,358.701719065927,8.81734260287438,-118.716604093287,13.4460547527519,0.233554999679239,-0.0143038940214807,6.04608527978835,0.628165174223443,1.17590218665657,-2.60679205085024,-0.942747335479761,5.38126664910461,-0.0609511461874726,0.995114395276986,13.4480906062259,118.716604093287,1297,1440,1440,1400,1274,27.6799999999995,1384,50,1,0.344565217391304,2.27527741614831,-2.27527741614831,0.18618897185388,-8.73610491437561
27.68,0,0,13,358.969013807908,8.84703367543625,-118.712689197069,13.446975959492,0.210794755357908,-0.0136934792153019,6.02375038076453,0.641935696942715,1.75648792581166,-2.48663799819293,-0.928748676759417,5.41012618626772,-0.0583460769951666,0.898094444356878,13.4486350383753,118.712689197069,1297,1438,1438,1400,1286,27.6999999999995,1385,50,1,0.344565217391304,2.23283759045482,-2.23283759045482,0.186188976190447,-8.10086727918825
27.7,0,0,13,359.236353578951,8.87642079401338,-118.708799606259,13.4478894638915,0.186582342571381,-0.0130534349093042,5.99648981057763,0.653503240066835,2.25910578103198,-2.36691127933416,-0.914098221151067,5.44983312565843,-0.0556151577218525,0.794897211512954,13.4491901018525,118.708799606259,1297,1436,1436,1399,1299,27.7199999999995,1386,50,1,0.344565217391304,2.0494990397988,-2.0494990397988,0.186188978639385,-7.43578653075646
27.72,0,0,13,359.503735906235,8.90552540767487,-118.704938512462,13.4487787674913,0.161274689183295,-0.0123913692341596,5.88364944469081,0.662876536629195,2.68398919317233,-2.24883728559622,-0.898947400835879,5.49882741770744,-0.0527908868807893,0.6870447034325,13.4497514255219,118.704938512462,1297,1435,1435,1399,1311,27.7399999999995,1387,50,1,0.344565217391304,1.91574700958059,-1.91574700958059,0.186188980022345,-6.7323925585691
27.74,0,0,13,359.771158254918,8.93436932403115,-118.701109085754,13.4496287878512,0.135262601684728,-0.0117172603999728,5.76497384022039,0.670078658771561,3.03238747019765,-2.13327216795429,-0.883435264161291,5.55556885914354,-0.0499158310698702,0.576202668128243,13.4503140408171,118.701109085754,1297,1435,1435,1399,1311,27.7399999999995,1387,50,1,0.344565217391304,1.85526304615723,-1.85526304615723,0.186188980647732,-6.20296194840813
27.76,0,0,13,360.038618033333,8.96297439199109,-118.697314434026,13.4504265609872,0.108881230165722,-0.011043727618655,5.67432903190157,0.67520476009832,3.30666460046898,-2.01990357336663,-0.867687597148524,5.61855950905441,-0.0470437749746897,0.463799163900898,13.4508717843384,118.697314434026,1297,1431,1431,1398,1337,27.7799999999995,1389,50,1,0.344565217391304,1.79756041476905,-1.79756041476905,0.186188981244362,-5.38056325202502
27.78,0,0,13,360.306112622354,8.99136212726545,-118.693557557894,13.4511622122079,0.0824538113294703,-0.0103817186960302,5.57301413419619,0.678386447409255,3.50673588165942,-1.90827602868973,-0.85181802788591,5.68631775022948,-0.0442213496410001,0.351210902227221,13.4514189314814,118.693557557894,1297,1429,1429,1397,1350,27.7999999999995,1390,50,1,0.344565217391304,1.61410069040051,-1.61410069040051,0.186188981493422,-4.71165266056946
27.8,0,0,13,360.573639435051,9.01955315139736,-118.689841306767,13.4518288026414,0.0562727172023005,-0.00973837323809497,5.38213332861831,0.679684136251332,3.63679868844473,-1.79971835699204,-0.835927462468,5.75739420942734,-0.0414789391521545,0.239682618065814,13.4519500292778,118.689841306767,1297,1428,1428,1397,1362,27.8199999999995,1391,50,1,0.344565217391304,1.48028023119093,-1.48028023119093,0.186188981634071,-4.04417196201359
27.82,0,0,13,360.841195861364,9.0475676723328,-118.686168377381,13.4524216065468,0.030650527841339,-0.00912215897390611,5.18309364672565,0.679200772257911,3.70134990439581,-1.69515793757214,-0.820101861560954,5.83043925298008,-0.0388525682905041,0.13054470740548,13.4524596170711,118.686168377381,1297,1426,1426,1396,1374,27.8399999999995,1392,50,1,0.344565217391304,1.40470939277988,-1.40470939277988,0.186188981713498,-3.39623381335782
27.84,0,0,13,361.108779253625,9.07542558740347,-118.682541431853,13.452938368836,0.00586320897963779,-0.00859107834051533,5.01124148686746,0.657427221229115,3.70281892726081,-1.59432135522215,-0.804509694779845,5.90417382014721,-0.0365892156768612,0.0249712761596122,13.4529423896613,118.682541431853,1296,1424,1424,1396,1385,27.8599999999995,1393,50,1,0.344565217391304,1.36203317083384,-1.36203317083384,0.237284609395922,-2.76288392297207
27.86,0,0,13,361.376386972433,9.10314615649967,-118.678963902611,13.453379137966,-0.0178420593931829,-0.00839919531008237,4.82885384609423,0.574844520817371,3.64269859873747,-1.49676890982356,-0.790141316296324,5.97737205491865,-0.0357708182542056,-0.0759864040104941,13.4533935910396,118.678963902611,1296,1423,1423,1395,1396,27.8799999999995,1394,50,1,0.343478260869565,1.17856112293003,-1.17856112293003,0.275827125915904,-2.15650734986705
27.88,0,0,13,361.644016090991,9.13074720315076,-118.675438039192,13.4537105043617,-0.0402673310836678,-0.00865631043691375,4.55783275591997,0.46395744073063,3.52768832473815,-1.40382963902218,-0.777917237891298,6.04887940621434,-0.0368649218064066,-0.171487319856792,13.4537735496341,118.675438039192,1296,1421,1421,1395,1406,27.8999999999995,1395,50,1,0.343478260869565,1.04473370439676,-1.04473370439676,0.297592783462522,-1.56891532403231
27.9,0,0,13,361.91166373118,9.15824569139914,-118.671963977708,13.4539758958441,-0.0611958674203384,-0.00935872111425506,4.28041814728666,0.34573306344117,3.36382444244846,-1.31641486670296,-0.768186265404019,6.11766489424248,-0.0398555147676229,-0.260609943516661,13.4541183258437,118.671963977708,1296,1421,1421,1395,1406,27.8999999999995,1395,50,1,0.343478260869565,0.984215649647209,-0.984215649647209,0.307435424600657,-1.13441798559202
27.92,0,0,13,362.179327441464,9.18565797462042,-118.668540207812,13.4541835393431,-0.0804527303498279,-0.0104504842923559,4.03263144457329,0.231419172306711,3.15499467623309,-1.23421910643572,-0.760977224482384,6.18278436899943,-0.044504263053169,-0.342610575658768,13.4544281396414,118.668540207812,1296,1418,1418,1394,1429,27.9399999999995,1397,50,1,0.343478260869565,0.926480494609496,-0.926480494609496,0.316825455632596,-0.492316833811816
27.94,0,0,13,362.447004899929,9.21299934507524,-118.665163973664,13.4543433502188,-0.0979032339349183,-0.0118542075899799,3.78374338251172,0.126696792538276,2.90475394020048,-1.15672543978532,-0.756150437662493,6.24336286571357,-0.0504815338027917,-0.41691673668392,13.454704773834,118.665163973664,1296,1416,1416,1394,1442,27.9599999999995,1398,50,1,0.343478260869565,0.765774623669568,-0.765774623669568,0.320745283225587,-0.00902237046880242
27.96,0,0,13,362.714694001973,9.24028346449566,-118.661831601415,13.4544660052852,-0.113444867819639,-0.013491044561788,3.46683215971517,0.0340202067614924,2.61914669395244,-1.08491714877056,-0.753483285282926,6.29861810096357,-0.0574515298672589,-0.483092739155217,13.45495103052,118.661831601415,1296,1415,1415,1394,1452,27.9799999999995,1399,50,1,0.343478260869565,0.649120453293792,-0.649120453293792,0.322958880902495,0.466045803798662
27.98,0,0,13,362.982392794812,9.26752307312082,-118.658538793151,13.4545620600188,-0.126952006324729,-0.0152869539900528,3.15169795921566,-0.0458986996681248,2.30303122298564,-1.01942478017733,-0.752718689272154,6.34788275343824,-0.065098928113358,-0.540604263689502,13.4551696655883,118.658538793151,1296,1413,1413,1394,1462,27.9999999999995,1400,50,1,0.343478260869565,0.583243729274811,-0.583243729274811,0.324208939625479,0.899277391006024
28,0,0,13,363.250099481975,9.29473001997392,-118.655280856442,13.4546418297732,-0.138348724971798,-0.0171745886087627,2.86830125562124,-0.113290041105959,1.96080321269707,-0.959852629772368,-0.753593430503707,6.39058626231675,-0.0731369084472717,-0.589128445841763,13.4553640643306,118.655280856442,1296,1412,1412,1394,1470,28.0199999999995,1401,50,1,0.343478260869565,0.546041949402789,-0.546041949402789,0.324914870439922,1.30135582905562
