Time_s,Axis,StateValue,State,Surface_deg,P_slew,D_slew,FF_single,FF,P,I,D,ActionValue,Action,RMAX,TAU
5.439988,pitch,0,IDLE,-1.1477712392807,0.361668765544891,0.0539572685956955,0,0.795000016689301,0.342162489891052,0.599749982357025,0.0240024998784065,0,NONE,55,0.46000000834465
5.479988,pitch,0,IDLE,-1.1242458820343,1.04218471050262,0.229969367384911,0,0.795000016689301,0.342162489891052,0.599749982357025,0.0240024998784065,0,NONE,55,0.46000000834465
5.519988,pitch,0,IDLE,-1.06199514865875,1.72513735294342,0.42245352268219,0,0.795000016689301,0.342162489891052,0.599749982357025,0.0240024998784065,0,NONE,55,0.46000000834465
5.559988,pitch,0,IDLE,-0.964101135730743,2.39198207855225,0.599846959114075,0,0.795000016689301,0.342162489891052,0.599749982357025,0.0240024998784065,0,NONE,55,0.46000000834465
5.599988,pitch,0,IDLE,-0.833317399024963,3.02986025810242,0.763332724571228,0,0.795000016689301,0.342162489891052,0.599749982357025,0.0240024998784065,0,NONE,55,0.46000000834465
5.639988,pitch,0,IDLE,-0.674222052097321,3.63130760192871,0.914001226425171,0,0.795000016689301,0.342162489891052,0.599749982357025,0.0240024998784065,0,NONE,55,0.46000000834465
5.679988,pitch,0,IDLE,-0.492831259965897,4.18990802764893,1.05285727977753,0,0.795000016689301,0.342162489891052,0.599749982357025,0.0240024998784065,0,NONE,55,0.46000000834465
5.719988,pitch,0,IDLE,-0.30194216966629,4.70471429824829,1.18082702159882,0,0.795000016689301,0.342162489891052,0.599749982357025,0.0240024998784065,0,NONE,55,0.46000000834465
5.759988,pitch,0,IDLE,-0.111818373203278,5.17192649841309,1.29768478870392,0,0.795000016689301,0.342162489891052,0.599749982357025,0.0240024998784065,0,NONE,55,0.46000000834465
5.799988,pitch,0,IDLE,0.0710384920239449,5.5747241973877,1.40016663074493,0,0.795000016689301,0.342162489891052,0.599749982357025,0.0240024998784065,0,NONE,55,0.46000000834465
5.839988,pitch,0,IDLE,0.240679770708084,5.91925811767578,1.48652684688568,0,0.795000016689301,0.342162489891052,0.599749982357025,0.0240024998784065,0,NONE,55,0.46000000834465
5.879988,pitch,0,IDLE,0.385450184345245,6.21115255355835,1.55834949016571,0,0.795000016689301,0.342162489891052,0.599749982357025,0.0240024998784065,0,NONE,55,0.46000000834465
5.919988,pitch,0,IDLE,0.496361047029495,6.4555492401123,1.61708188056946,0,0.795000016689301,0.342162489891052,0.599749982357025,0.0240024998784065,0,NONE,55,0.46000000834465
5.959988,pitch,0,IDLE,0.572368443012238,6.65714740753174,1.66404581069946,0,0.795000016689301,0.342162489891052,0.599749982357025,0.0240024998784065,0,NONE,55,0.46000000834465
5.999988,pitch,0,IDLE,0.614887058734894,6.8162055015564,1.70044755935669,0,0.795000016689301,0.342162489891052,0.599749982357025,0.0240024998784065,0,NONE,55,0.46000000834465
6.039988,pitch,0,IDLE,0.625272750854492,6.93582677841187,1.72738766670227,0,0.795000016689301,0.342162489891052,0.599749982357025,0.0240024998784065,0,NONE,55,0.46000000834465
6.079988,pitch,0,IDLE,0.609097421169281,7.02017021179199,1.74586963653564,0,0.795000016689301,0.342162489891052,0.599749982357025,0.0240024998784065,0,NONE,55,0.46000000834465
6.119988,pitch,0,IDLE,0.571611821651459,7.07302856445312,1.75680780410767,0,0.795000016689301,0.342162489891052,0.599749982357025,0.0240024998784065,0,NONE,55,0.46000000834465
6.159988,pitch,0,IDLE,0.517324447631836,7.09785413742065,1.76103496551514,0,0.795000016689301,0.342162489891052,0.599749982357025,0.0240024998784065,0,NONE,55,0.46000000834465
6.199988,pitch,0,IDLE,0.45185711979866,7.10074901580811,1.76103496551514,0,0.795000016689301,0.342162489891052,0.599749982357025,0.0240024998784065,0,NONE,55,0.46000000834465
6.239988,pitch,0,IDLE,0.38154074549675,7.10074901580811,1.76103496551514,0,0.795000016689301,0.342162489891052,0.599749982357025,0.0240024998784065,0,NONE,55,0.46000000834465
6.279988,pitch,0,IDLE,0.310203343629837,7.10074901580811,1.76103496551514,0,0.795000016689301,0.342162489891052,0.599749982357025,0.0240024998784065,0,NONE,55,0.46000000834465
6.319988,pitch,0,IDLE,0.241534382104874,7.10074901580811,1.76103496551514,0,0.795000016689301,0.342162489891052,0.599749982357025,0.0240024998784065,0,NONE,55,0.46000000834465
6.359988,pitch,0,IDLE,0.179922312498093,7.10074901580811,1.76103496551514,0,0.795000016689301,0.342162489891052,0.599749982357025,0.0240024998784065,0,NONE,55,0.46000000834465
6.399988,pitch,0,IDLE,0.142540723085403,7.10074901580811,1.76103496551514,0,0.795000016689301,0.342162489891052,0.599749982357025,0.0240024998784065,0,NONE,55,0.46000000834465
6.439988,pitch,0,IDLE,0.124476902186871,7.10074901580811,1.76103496551514,0,0.795000016689301,0.342162489891052,0.599749982357025,0.0240024998784065,0,NONE,55,0.46000000834465
6.479988,pitch,0,IDLE,0.121457189321518,7.10074901580811,1.76103496551514,0,0.795000016689301,0.342162489891052,0.599749982357025,0.0240024998784065,0,NONE,55,0.46000000834465
6.519988,pitch,0,IDLE,0.133400946855545,7.10074901580811,1.76103496551514,0,0.795000016689301,0.342162489891052,0.599749982357025,0.0240024998784065,0,NONE,55,0.46000000834465
6.559988,pitch,0,IDLE,0.158838301897049,7.10074901580811,1.76103496551514,0,0.795000016689301,0.342162489891052,0.599749982357025,0.0240024998784065,0,NONE,55,0.46000000834465
6.599988,pitch,0,IDLE,0.195473283529282,7.10074901580811,1.76103496551514,0,0.795000016689301,0.342162489891052,0.599749982357025,0.0240024998784065,0,NONE,55,0.46000000834465
6.639988,pitch,0,IDLE,0.240910112857819,7.10074901580811,1.76103496551514,0,0.795000016689301,0.342162489891052,0.599749982357025,0.0240024998784065,0,NONE,55,0.46000000834465
6.679988,pitch,0,IDLE,0.293122321367264,7.10074901580811,1.76103496551514,0,0.795000016689301,0.342162489891052,0.599749982357025,0.0240024998784065,0,NONE,55,0.46000000834465
6.719988,pitch,0,IDLE,0.349666386842728,7.10074901580811,1.76103496551514,0,0.795000016689301,0.342162489891052,0.599749982357025,0.0240024998784065,0,NONE,55,0.46000000834465
6.759988,pitch,0,IDLE,0.405687272548676,7.10074901580811,1.76103496551514,0,0.795000016689301,0.342162489891052,0.599749982357025,0.0240024998784065,0,NONE,55,0.46000000834465
6.799988,pitch,0,IDLE,0.456809312105179,7.10074901580811,1.76103496551514,0,0.795000016689301,0.342162489891052,0.599749982357025,0.0240024998784065,0,NONE,55,0.46000000834465
6.839988,pitch,0,IDLE,0.499256432056427,7.10074901580811,1.76103496551514,0,0.795000016689301,0.342162489891052,0.599749982357025,0.0240024998784065,0,NONE,55,0.46000000834465
6.879988,pitch,0,IDLE,0.532330632209778,7.10074901580811,1.76103496551514,0,0.795000016689301,0.342162489891052,0.599749982357025,0.0240024998784065,0,NONE,55,0.46000000834465
6.919988,pitch,0,IDLE,0.553543388843536,7.10074901580811,1.76103496551514,0,0.795000016689301,0.342162489891052,0.599749982357025,0.0240024998784065,0,NONE,55,0.46000000834465
6.959988,pitch,0,IDLE,0.564672291278839,7.10074901580811,1.76103496551514,0,0.795000016689301,0.342162489891052,0.599749982357025,0.0240024998784065,0,NONE,55,0.46000000834465
6.999988,pitch,0,IDLE,0.565842747688293,7.10074901580811,1.76103496551514,0,0.795000016689301,0.342162489891052,0.599749982357025,0.0240024998784065,0,NONE,55,0.46000000834465
7.039988,pitch,0,IDLE,0.559512317180634,7.10074901580811,1.76103496551514,0,0.795000016689301,0.342162489891052,0.599749982357025,0.0240024998784065,0,NONE,55,0.46000000834465
7.079988,pitch,0,IDLE,0.546340882778168,7.10074901580811,1.76103496551514,0,0.795000016689301,0.342162489891052,0.599749982357025,0.0240024998784065,0,NONE,55,0.46000000834465
7.119988,pitch,0,IDLE,0.528184413909912,7.10074901580811,1.76103496551514,0,0.795000016689301,0.342162489891052,0.599749982357025,0.0240024998784065,0,NONE,55,0.46000000834465
7.159988,pitch,0,IDLE,0.506612658500671,7.10074901580811,1.76103496551514,0,0.795000016689301,0.342162489891052,0.599749982357025,0.0240024998784065,0,NONE,55,0.46000000834465
7.199988,pitch,0,IDLE,0.483967840671539,7.10074901580811,1.76103496551514,0,0.795000016689301,0.342162489891052,0.599749982357025,0.0240024998784065,0,NONE,55,0.46000000834465
7.239988,pitch,0,IDLE,0.460975855588913,7.10074901580811,1.76103496551514,0,0.795000016689301,0.342162489891052,0.599749982357025,0.0240024998784065,0,NONE,55,0.46000000834465
7.279988,pitch,0,IDLE,0.437755078077316,7.10074901580811,1.76103496551514,0,0.795000016689301,0.342162489891052,0.599749982357025,0.0240024998784065,0,NONE,55,0.46000000834465
7.319988,pitch,0,IDLE,0.416581094264984,7.10074901580811,1.76103496551514,0,0.795000016689301,0.342162489891052,0.599749982357025,0.0240024998784065,0,NONE,55,0.46000000834465
7.359988,pitch,0,IDLE,0.396069258451462,7.10074901580811,1.76103496551514,0,0.795000016689301,0.342162489891052,0.599749982357025,0.0240024998784065,0,NONE,55,0.46000000834465
7.399988,pitch,0,IDLE,0.377969264984131,7.10074901580811,1.76103496551514,0,0.795000016689301,0.342162489891052,0.599749982357025,0.0240024998784065,0,NONE,55,0.46000000834465
7.439988,pitch,0,IDLE,0.36291116476059,7.10074901580811,1.76103496551514,0,0.795000016689301,0.342162489891052,0.599749982357025,0.0240024998784065,0,NONE,55,0.46000000834465
7.479988,pitch,0,IDLE,0.348403364419937,7.10074901580811,1.76103496551514,0,0.795000016689301,0.342162489891052,0.599749982357025,0.0240024998784065,0,NONE,55,0.46000000834465
7.519988,pitch,0,IDLE,0.335778772830963,7.10074901580811,1.76103496551514,0,0.795000016689301,0.342162489891052,0.599749982357025,0.0240024998784065,0,NONE,55,0.46000000834465
7.559988,pitch,0,IDLE,0.325524151325226,7.10074901580811,1.76103496551514,0,0.795000016689301,0.342162489891052,0.599749982357025,0.0240024998784065,0,NONE,55,0.46000000834465
7.599988,pitch,0,IDLE,0.317428529262543,7.10074901580811,1.76103496551514,0,0.795000016689301,0.342162489891052,0.599749982357025,0.0240024998784065,0,NONE,55,0.46000000834465
7.639988,pitch,0,IDLE,0.311210155487061,7.10074901580811,1.76103496551514,0,0.795000016689301,0.342162489891052,0.599749982357025,0.0240024998784065,0,NONE,55,0.46000000834465
7.679988,pitch,0,IDLE,0.304198086261749,7.10074901580811,1.76103496551514,0,0.795000016689301,0.342162489891052,0.599749982357025,0.0240024998784065,0,NONE,55,0.46000000834465
7.719988,pitch,0,IDLE,0.297701358795166,7.10074901580811,1.76103496551514,0,0.795000016689301,0.342162489891052,0.599749982357025,0.0240024998784065,0,NONE,55,0.46000000834465
7.759988,pitch,0,IDLE,0.292241394519806,7.10074901580811,1.76103496551514,0,0.795000016689301,0.342162489891052,0.599749982357025,0.0240024998784065,0,NONE,55,0.46000000834465
7.799988,pitch,0,IDLE,0.287753403186798,7.10074901580811,1.76103496551514,0,0.795000016689301,0.342162489891052,0.599749982357025,0.0240024998784065,0,NONE,55,0.46000000834465
7.839988,pitch,0,IDLE,0.284137308597565,7.10074901580811,1.76103496551514,0,0.795000016689301,0.342162489891052,0.599749982357025,0.0240024998784065,0,NONE,55,0.46000000834465
7.879988,pitch,0,IDLE,0.281273394823074,7.10074901580811,1.76103496551514,0,0.795000016689301,0.342162489891052,0.599749982357025,0.0240024998784065,0,NONE,55,0.46000000834465
7.919988,pitch,0,IDLE,0.278965026140213,7.10074901580811,1.76103496551514,0,0.795000016689301,0.342162489891052,0.599749982357025,0.0240024998784065,0,NONE,55,0.46000000834465
7.959988,pitch,0,IDLE,0.277114480733871,7.10074901580811,1.76103496551514,0,0.795000016689301,0.342162489891052,0.599749982357025,0.0240024998784065,0,NONE,55,0.46000000834465
7.999988,pitch,0,IDLE,0.275567680597305,7.10074901580811,1.76103496551514,0,0.795000016689301,0.342162489891052,0.599749982357025,0.0240024998784065,0,NONE,55,0.46000000834465
8.039988,pitch,0,IDLE,0.274213671684265,7.10074901580811,1.76103496551514,0,0.795000016689301,0.342162489891052,0.599749982357025,0.0240024998784065,0,NONE,55,0.46000000834465
8.079988,pitch,0,IDLE,0.273009568452835,7.10074901580811,1.76103496551514,0,0.795000016689301,0.342162489891052,0.599749982357025,0.0240024998784065,0,NONE,55,0.46000000834465
8.119988,pitch,0,IDLE,0.271917700767517,7.10074901580811,1.76103496551514,0,0.795000016689301,0.342162489891052,0.599749982357025,0.0240024998784065,0,NONE,55,0.46000000834465
8.159988,pitch,0,IDLE,0.270873665809631,7.10074901580811,1.76103496551514,0,0.795000016689301,0.342162489891052,0.599749982357025,0.0240024998784065,0,NONE,55,0.46000000834465
8.199988,pitch,0,IDLE,0.268904447555542,7.10074901580811,1.76103496551514,0,0.795000016689301,0.342162489891052,0.599749982357025,0.0240024998784065,0,NONE,55,0.46000000834465
8.239988,pitch,0,IDLE,0.265038222074509,7.10074901580811,1.76103496551514,0,0.795000016689301,0.342162489891052,0.599749982357025,0.0240024998784065,0,NONE,55,0.46000000834465
8.279988,pitch,0,IDLE,0.261053472757339,7.10074901580811,1.76103496551514,0,0.795000016689301,0.342162489891052,0.599749982357025,0.0240024998784065,0,NONE,55,0.46000000834465
8.319988,pitch,0,IDLE,0.257316082715988,7.10074901580811,1.76103496551514,0,0.795000016689301,0.342162489891052,0.599749982357025,0.0240024998784065,0,NONE,55,0.46000000834465
8.359988,pitch,0,IDLE,0.253843367099762,7.10074901580811,1.76103496551514,0,0.795000016689301,0.342162489891052,0.599749982357025,0.0240024998784065,0,NONE,55,0.46000000834465
8.399988,pitch,0,IDLE,0.250677049160004,7.10074901580811,1.76103496551514,0,0.795000016689301,0.342162489891052,0.599749982357025,0.0240024998784065,0,NONE,55,0.46000000834465
8.439988,pitch,0,IDLE,0.247836962342262,7.10074901580811,1.76103496551514,0,0.795000016689301,0.342162489891052,0.599749982357025,0.0240024998784065,0,NONE,55,0.46000000834465
8.479988,pitch,0,IDLE,0.245281890034676,7.10074901580811,1.76103496551514,0,0.795000016689301,0.342162489891052,0.599749982357025,0.0240024998784065,0,NONE,55,0.46000000834465
8.519988,pitch,0,IDLE,0.243013694882393,7.10074901580811,1.76103496551514,0,0.795000016689301,0.342162489891052,0.599749982357025,0.0240024998784065,0,NONE,55,0.46000000834465
8.559988,pitch,0,IDLE,0.240923672914505,7.10074901580811,1.76103496551514,0,0.795000016689301,0.342162489891052,0.599749982357025,0.0240024998784065,0,NONE,55,0.46000000834465
8.599988,pitch,0,IDLE,0.238996624946594,7.10074901580811,1.76103496551514,0,0.795000016689301,0.342162489891052,0.599749982357025,0.0240024998784065,0,NONE,55,0.46000000834465
8.639988,pitch,0,IDLE,0.237271502614021,7.10074901580811,1.76103496551514,0,0.795000016689301,0.342162489891052,0.599749982357025,0.0240024998784065,0,NONE,55,0.46000000834465
8.679988,pitch,0,IDLE,0.23566660284996,7.10074901580811,1.76103496551514,0,0.795000016689301,0.342162489891052,0.599749982357025,0.0240024998784065,0,NONE,55,0.46000000834465
8.719988,pitch,0,IDLE,0.234108537435532,7.10074901580811,1.76103496551514,0,0.795000016689301,0.342162489891052,0.599749982357025,0.0240024998784065,0,NONE,55,0.46000000834465
8.759988,pitch,0,IDLE,0.23253521323204,7.10074901580811,1.76103496551514,0,0.795000016689301,0.342162489891052,0.599749982357025,0.0240024998784065,0,NONE,55,0.46000000834465
8.799988,pitch,0,IDLE,0.230940356850624,7.10074901580811,1.76103496551514,0,0.795000016689301,0.342162489891052,0.599749982357025,0.0240024998784065,0,NONE,55,0.46000000834465
8.839988,pitch,0,IDLE,0.22809424996376,7.10074901580811,1.76103496551514,0,0.795000016689301,0.342162489891052,0.599749982357025,0.0240024998784065,0,NONE,55,0.46000000834465
8.879988,pitch,0,IDLE,0.221196159720421,7.10074901580811,1.76103496551514,0,0.795000016689301,0.342162489891052,0.599749982357025,0.0240024998784065,0,NONE,55,0.46000000834465
8.919988,pitch,0,IDLE,0.206581711769104,7.10074901580811,1.76103496551514,0,0.795000016689301,0.342162489891052,0.599749982357025,0.0240024998784065,0,NONE,55,0.46000000834465
8.959988,pitch,0,IDLE,0.182918950915337,7.10074901580811,1.76103496551514,0,0.795000016689301,0.342162489891052,0.599749982357025,0.0240024998784065,0,NONE,55,0.46000000834465
8.999988,pitch,0,IDLE,0.150310158729553,7.10074901580811,1.76103496551514,0,0.795000016689301,0.342162489891052,0.599749982357025,0.0240024998784065,0,NONE,55,0.46000000834465
9.039988,pitch,0,IDLE,0.107157200574875,7.10074901580811,1.76103496551514,0,0.795000016689301,0.342162489891052,0.599749982357025,0.0240024998784065,0,NONE,55,0.46000000834465
9.079988,pitch,0,IDLE,0.054950438439846,7.10074901580811,1.76103496551514,0,0.795000016689301,0.342162489891052,0.599749982357025,0.0240024998784065,0,NONE,55,0.46000000834465
9.119988,pitch,0,IDLE,-0.00364716164767742,7.10074901580811,1.76103496551514,0,0.795000016689301,0.342162489891052,0.599749982357025,0.0240024998784065,0,NONE,55,0.46000000834465
9.159988,pitch,0,IDLE,-0.0654183477163315,7.10074901580811,1.76103496551514,0,0.795000016689301,0.342162489891052,0.599749982357025,0.0240024998784065,0,NONE,55,0.46000000834465
9.199988,pitch,0,IDLE,-0.127247422933578,7.10074901580811,1.76103496551514,0,0.795000016689301,0.342162489891052,0.599749982357025,0.0240024998784065,0,NONE,55,0.46000000834465
9.239988,pitch,0,IDLE,-0.184572398662567,7.10074901580811,1.76103496551514,0,0.795000016689301,0.342162489891052,0.599749982357025,0.0240024998784065,0,NONE,55,0.46000000834465
9.279988,pitch,0,IDLE,-0.234353259205818,7.10074901580811,1.76103496551514,0,0.795000016689301,0.342162489891052,0.599749982357025,0.0240024998784065,0,NONE,55,0.46000000834465
9.319988,pitch,0,IDLE,-0.274253249168396,7.10074901580811,1.76103496551514,0,0.795000016689301,0.342162489891052,0.599749982357025,0.0240024998784065,0,NONE,55,0.46000000834465
9.359988,pitch,0,IDLE,-0.304478049278259,7.10074901580811,1.76103496551514,0,0.795000016689301,0.342162489891052,0.599749982357025,0.0240024998784065,0,NONE,55,0.46000000834465
9.399988,pitch,0,IDLE,-0.32603320479393,7.10074901580811,1.76103496551514,0,0.795000016689301,0.342162489891052,0.599749982357025,0.0240024998784065,0,NONE,55,0.46000000834465
9.439988,pitch,0,IDLE,-0.340278089046478,7.10074901580811,1.76103496551514,0,0.795000016689301,0.342162489891052,0.599749982357025,0.0240024998784065,0,NONE,55,0.46000000834465
9.479988,pitch,0,IDLE,-0.348655104637146,7.10074901580811,1.76103496551514,0,0.795000016689301,0.342162489891052,0.599749982357025,0.0240024998784065,0,NONE,55,0.46000000834465
9.519988,pitch,0,IDLE,-0.352619707584381,7.10074901580811,1.76103496551514,0,0.795000016689301,0.342162489891052,0.599749982357025,0.0240024998784065,0,NONE,55,0.46000000834465
9.559988,pitch,0,IDLE,-0.353436917066574,7.10074901580811,1.76103496551514,0,0.795000016689301,0.342162489891052,0.599749982357025,0.0240024998784065,0,NONE,55,0.46000000834465
9.599988,pitch,0,IDLE,-0.352197229862213,7.10074901580811,1.76103496551514,0,0.795000016689301,0.342162489891052,0.599749982357025,0.0240024998784065,0,NONE,55,0.46000000834465
9.639988,pitch,0,IDLE,-0.350727140903473,7.10074901580811,1.76103496551514,0,0.795000016689301,0.342162489891052,0.599749982357025,0.0240024998784065,0,NONE,55,0.46000000834465
9.679988,pitch,0,IDLE,-0.350687891244888,7.10074901580811,1.76103496551514,0,0.795000016689301,0.342162489891052,0.599749982357025,0.0240024998784065,0,NONE,55,0.46000000834465
9.719988,pitch,0,IDLE,-0.355752557516098,7.10074901580811,1.76103496551514,0,0.795000016689301,0.342162489891052,0.599749982357025,0.0240024998784065,0,NONE,55,0.46000000834465
9.759988,pitch,0,IDLE,-0.370597630739212,7.10074901580811,1.76103496551514,0,0.795000016689301,0.342162489891052,0.599749982357025,0.0240024998784065,0,NONE,55,0.46000000834465
9.799988,pitch,0,IDLE,-0.387405097484589,7.10074901580811,1.76103496551514,0,0.795000016689301,0.342162489891052,0.599749982357025,0.0240024998784065,0,NONE,55,0.46000000834465
9.839988,pitch,0,IDLE,-0.405244588851929,7.10074901580811,1.76103496551514,0,0.795000016689301,0.342162489891052,0.599749982357025,0.0240024998784065,0,NONE,55,0.46000000834465
9.879988,pitch,0,IDLE,-0.421891987323761,7.10074901580811,1.76103496551514,0,0.795000016689301,0.342162489891052,0.599749982357025,0.0240024998784065,0,NONE,55,0.46000000834465
9.919988,pitch,0,IDLE,-0.437930226325989,7.10074901580811,1.76103496551514,0,0.795000016689301,0.342162489891052,0.599749982357025,0.0240024998784065,0,NONE,55,0.46000000834465
9.959988,pitch,0,IDLE,-0.454346239566803,7.10074901580811,1.76103496551514,0,0.795000016689301,0.342162489891052,0.599749982357025,0.0240024998784065,0,NONE,55,0.46000000834465
9.999988,pitch,0,IDLE,-0.468435376882553,7.10074901580811,1.76103496551514,0,0.795000016689301,0.342162489891052,0.599749982357025,0.0240024998784065,0,NONE,55,0.46000000834465
10.039988,pitch,0,IDLE,-0.344607412815094,7.10074901580811,1.76103496551514,0,0.795000016689301,0.342162489891052,0.599749982357025,0.0240024998784065,0,NONE,55,0.46000000834465
10.079988,pitch,0,IDLE,0.0427794903516769,7.10074901580811,1.76103496551514,0,0.795000016689301,0.342162489891052,0.599749982357025,0.0240024998784065,0,NONE,55,0.46000000834465
10.119988,pitch,0,IDLE,0.445326685905457,7.10074901580811,2.23781943321228,0,0.795000016689301,0.342162489891052,0.599749982357025,0.0240024998784065,0,NONE,55,0.46000000834465
10.159988,pitch,0,IDLE,0.796709179878235,7.10074901580811,2.96401453018188,0,0.795000016689301,0.342162489891052,0.599749982357025,0.0240024998784065,0,NONE,55,0.46000000834465
10.199988,pitch,0,IDLE,1.06308782100677,7.10074901580811,3.63327598571777,0,0.795000016689301,0.342162489891052,0.599749982357025,0.0240024998784065,0,NONE,55,0.46000000834465
10.239988,pitch,0,IDLE,1.23005306720734,7.10074901580811,4.25006723403931,0,0.795000016689301,0.342162489891052,0.599749982357025,0.0240024998784065,0,NONE,55,0.46000000834465
10.279988,pitch,0,IDLE,1.29212367534637,7.10074901580811,4.8185019493103,0,0.795000016689301,0.342162489891052,0.599749982357025,0.0240024998784065,0,NONE,55,0.46000000834465
10.319988,pitch,0,IDLE,1.25512683391571,7.10074901580811,5.34237146377563,0,0.795000016689301,0.342162489891052,0.599749982357025,0.0240024998784065,0,NONE,55,0.46000000834465
10.359988,pitch,0,IDLE,1.13258194923401,7.10074901580811,5.81787347793579,0,0.795000016689301,0.342162489891052,0.599749982357025,0.0240024998784065,0,NONE,55,0.46000000834465
10.399988,pitch,0,IDLE,0.949240028858185,7.10074901580811,6.22807025909424,0,0.795000016689301,0.342162489891052,0.599749982357025,0.0240024998784065,0,NONE,55,0.46000000834465
10.439988,pitch,0,IDLE,0.730449914932251,7.10074901580811,6.5772876739502,0,0.795000016689301,0.342162489891052,0.599749982357025,0.0240024998784065,0,NONE,55,0.46000000834465
10.479988,pitch,0,IDLE,0.500671327114105,7.10074901580811,6.8659610748291,0,0.795000016689301,0.342162489891052,0.599749982357025,0.0240024998784065,0,NONE,55,0.46000000834465
10.519988,pitch,0,IDLE,0.283928155899048,7.10074901580811,7.10015106201172,0,0.795000016689301,0.342162489891052,0.599749982357025,0.0240024998784065,0,NONE,55,0.46000000834465
10.559988,pitch,0,IDLE,0.109956860542297,7.10074901580811,7.28538990020752,0,0.795000016689301,0.342162489891052,0.599749982357025,0.0240024998784065,0,NONE,55,0.46000000834465
10.599988,pitch,0,IDLE,-0.0188429243862629,7.10074901580811,7.42672777175903,0,0.795000016689301,0.342162489891052,0.599749982357025,0.0240024998784065,0,NONE,55,0.46000000834465
10.639988,pitch,0,IDLE,-0.101573474705219,7.10074901580811,7.52876901626587,0,0.795000016689301,0.342162489891052,0.599749982357025,0.0240024998784065,0,NONE,55,0.46000000834465
10.679988,pitch,0,IDLE,-0.138486236333847,7.10074901580811,7.59571266174316,0,0.795000016689301,0.342162489891052,0.599749982357025,0.0240024998784065,0,NONE,55,0.46000000834465
10.719988,pitch,0,IDLE,-0.132745027542114,7.10074901580811,7.63138246536255,0,0.795000016689301,0.342162489891052,0.599749982357025,0.0240024998784065,0,NONE,55,0.46000000834465
10.759988,pitch,0,IDLE,-0.0915922299027443,7.10074901580811,7.63926124572754,0,0.795000016689301,0.342162489891052,0.599749982357025,0.0240024998784065,0,NONE,55,0.46000000834465
10.799988,pitch,0,IDLE,-0.0204009637236595,7.10074901580811,7.63926124572754,0,0.795000016689301,0.342162489891052,0.599749982357025,0.0240024998784065,0,NONE,55,0.46000000834465
10.839988,pitch,0,IDLE,0.0737622827291489,7.10074901580811,7.63926124572754,0,0.795000016689301,0.342162489891052,0.599749982357025,0.0240024998784065,0,NONE,55,0.46000000834465
10.879988,pitch,0,IDLE,0.179888486862183,7.10074901580811,7.63926124572754,0,0.795000016689301,0.342162489891052,0.599749982357025,0.0240024998784065,0,NONE,55,0.46000000834465
10.919988,pitch,0,IDLE,0.288210988044739,7.10074901580811,7.63926124572754,0,0.795000016689301,0.342162489891052,0.599749982357025,0.0240024998784065,0,NONE,55,0.46000000834465
10.959988,pitch,0,IDLE,0.389038354158401,7.10074901580811,7.63926124572754,0,0.795000016689301,0.342162489891052,0.599749982357025,0.0240024998784065,0,NONE,55,0.46000000834465
10.999988,pitch,0,IDLE,0.47182908654213,7.10074901580811,7.63926124572754,0,0.795000016689301,0.342162489891052,0.599749982357025,0.0240024998784065,0,NONE,55,0.46000000834465
11.039988,pitch,0,IDLE,0.530986547470093,7.10074901580811,7.63926124572754,0,0.795000016689301,0.342162489891052,0.599749982357025,0.0240024998784065,0,NONE,55,0.46000000834465
11.079988,pitch,0,IDLE,0.564911544322968,7.10074901580811,7.63926124572754,0,0.795000016689301,0.342162489891052,0.599749982357025,0.0240024998784065,0,NONE,55,0.46000000834465
11.119988,pitch,0,IDLE,0.570550143718719,7.10074901580811,7.63926124572754,0,0.795000016689301,0.342162489891052,0.599749982357025,0.0240024998784065,0,NONE,55,0.46000000834465
11.159988,pitch,0,IDLE,0.550793349742889,7.10074901580811,7.63926124572754,0,0.795000016689301,0.342162489891052,0.599749982357025,0.0240024998784065,0,NONE,55,0.46000000834465
11.199988,pitch,0,IDLE,0.513564586639404,7.10074901580811,7.63926124572754,0,0.795000016689301,0.342162489891052,0.599749982357025,0.0240024998784065,0,NONE,55,0.46000000834465
11.239988,pitch,0,IDLE,0.461406260728836,7.10074901580811,7.63926124572754,0,0.795000016689301,0.342162489891052,0.599749982357025,0.0240024998784065,0,NONE,55,0.46000000834465
11.279988,pitch,0,IDLE,0.398661732673645,7.10074901580811,7.63926124572754,0,0.795000016689301,0.342162489891052,0.599749982357025,0.0240024998784065,0,NONE,55,0.46000000834465
11.319988,pitch,0,IDLE,0.328402459621429,7.10074901580811,7.63926124572754,0,0.795000016689301,0.342162489891052,0.599749982357025,0.0240024998784065,0,NONE,55,0.46000000834465
11.359988,pitch,0,IDLE,0.255964875221252,7.10074901580811,7.63926124572754,0,0.795000016689301,0.342162489891052,0.599749982357025,0.0240024998784065,0,NONE,55,0.46000000834465
11.399988,pitch,0,IDLE,0.194652318954468,7.10074901580811,7.63926124572754,0,0.795000016689301,0.342162489891052,0.599749982357025,0.0240024998784065,0,NONE,55,0.46000000834465
11.439988,pitch,0,IDLE,0.141211271286011,7.10074901580811,7.63926124572754,0,0.795000016689301,0.342162489891052,0.599749982357025,0.0240024998784065,0,NONE,55,0.46000000834465
11.479988,pitch,0,IDLE,0.0957010164856911,7.10074901580811,7.63926124572754,0,0.795000016689301,0.342162489891052,0.599749982357025,0.0240024998784065,0,NONE,55,0.46000000834465
11.519988,pitch,0,IDLE,0.0595390126109123,7.10074901580811,7.63926124572754,0,0.795000016689301,0.342162489891052,0.599749982357025,0.0240024998784065,0,NONE,55,0.46000000834465
11.559988,pitch,0,IDLE,0.0318402908742428,7.10074901580811,7.63926124572754,0,0.795000016689301,0.342162489891052,0.599749982357025,0.0240024998784065,0,NONE,55,0.46000000834465
11.599988,pitch,0,IDLE,0.0100472206249833,7.10074901580811,7.63926124572754,0,0.795000016689301,0.342162489891052,0.599749982357025,0.0240024998784065,0,NONE,55,0.46000000834465
11.639988,pitch,0,IDLE,-0.00719359423965216,7.10074901580811,7.63926124572754,0,0.795000016689301,0.342162489891052,0.599749982357025,0.0240024998784065,0,NONE,55,0.46000000834465
11.679988,pitch,0,IDLE,-0.0207988489419222,7.10074901580811,7.63926124572754,0,0.795000016689301,0.342162489891052,0.599749982357025,0.0240024998784065,0,NONE,55,0.46000000834465
11.719988,pitch,0,IDLE,-0.0317976027727127,7.10074901580811,7.63926124572754,0,0.795000016689301,0.342162489891052,0.599749982357025,0.0240024998784065,0,NONE,55,0.46000000834465
11.759988,pitch,0,IDLE,-0.0392668694257736,7.10074901580811,7.63926124572754,0,0.795000016689301,0.342162489891052,0.599749982357025,0.0240024998784065,0,NONE,55,0.46000000834465
11.799988,pitch,0,IDLE,-0.037840586155653,7.10074901580811,7.63926124572754,0,0.795000016689301,0.342162489891052,0.599749982357025,0.0240024998784065,0,NONE,55,0.46000000834465
11.839988,pitch,0,IDLE,-0.0248725656419992,7.10074901580811,7.63926124572754,0,0.795000016689301,0.342162489891052,0.599749982357025,0.0240024998784065,0,NONE,55,0.46000000834465
11.879988,pitch,0,IDLE,-0.00223868619650602,7.10074901580811,7.63926124572754,0,0.795000016689301,0.342162489891052,0.599749982357025,0.0240024998784065,0,NONE,55,0.46000000834465
11.919988,pitch,0,IDLE,0.0286691915243864,7.10074901580811,7.63926124572754,0,0.795000016689301,0.342162489891052,0.599749982357025,0.0240024998784065,0,NONE,55,0.46000000834465
11.959988,pitch,0,IDLE,0.0635956302285194,7.10074901580811,7.63926124572754,0,0.795000016689301,0.342162489891052,0.599749982357025,0.0240024998784065,0,NONE,55,0.46000000834465
11.999988,pitch,0,IDLE,0.0966259092092514,7.10074901580811,7.63926124572754,0,0.795000016689301,0.342162489891052,0.599749982357025,0.0240024998784065,0,NONE,55,0.46000000834465
12.039988,pitch,0,IDLE,0.124929413199425,7.10074901580811,7.63926124572754,0,0.795000016689301,0.342162489891052,0.599749982357025,0.0240024998784065,0,NONE,55,0.46000000834465
12.079988,pitch,0,IDLE,0.147386938333511,7.10074901580811,7.63926124572754,0,0.795000016689301,0.342162489891052,0.599749982357025,0.0240024998784065,0,NONE,55,0.46000000834465
12.119988,pitch,0,IDLE,0.165961191058159,7.10074901580811,7.63926124572754,0,0.795000016689301,0.342162489891052,0.599749982357025,0.0240024998784065,0,NONE,55,0.46000000834465
12.159988,pitch,0,IDLE,0.178329929709435,7.10074901580811,7.63926124572754,0,0.795000016689301,0.342162489891052,0.599749982357025,0.0240024998784065,0,NONE,55,0.46000000834465
12.199988,pitch,0,IDLE,0.191852003335953,7.10074901580811,7.63926124572754,0,0.795000016689301,0.342162489891052,0.599749982357025,0.0240024998784065,0,NONE,55,0.46000000834465
12.239988,pitch,0,IDLE,0.210447728633881,7.10074901580811,7.63926124572754,0,0.795000016689301,0.342162489891052,0.599749982357025,0.0240024998784065,0,NONE,55,0.46000000834465
12.279988,pitch,0,IDLE,0.233681783080101,7.10074901580811,7.63926124572754,0,0.795000016689301,0.342162489891052,0.599749982357025,0.0240024998784065,0,NONE,55,0.46000000834465
12.319988,pitch,0,IDLE,0.260118305683136,7.10074901580811,7.63926124572754,0,0.795000016689301,0.342162489891052,0.599749982357025,0.0240024998784065,0,NONE,55,0.46000000834465
12.359988,pitch,0,IDLE,0.287465482950211,7.10074901580811,7.63926124572754,0,0.795000016689301,0.342162489891052,0.599749982357025,0.0240024998784065,0,NONE,55,0.46000000834465
12.399988,pitch,0,IDLE,0.309325903654099,7.10074901580811,7.63926124572754,0,0.795000016689301,0.342162489891052,0.599749982357025,0.0240024998784065,0,NONE,55,0.46000000834465
12.439988,pitch,0,IDLE,0.323082745075226,7.10074901580811,7.63926124572754,0,0.795000016689301,0.342162489891052,0.599749982357025,0.0240024998784065,0,NONE,55,0.46000000834465
12.479988,pitch,0,IDLE,0.329663664102554,7.10074901580811,7.63926124572754,0,0.795000016689301,0.342162489891052,0.599749982357025,0.0240024998784065,0,NONE,55,0.46000000834465
12.519988,pitch,0,IDLE,0.329113811254501,7.10074901580811,7.63926124572754,0,0.795000016689301,0.342162489891052,0.599749982357025,0.0240024998784065,0,NONE,55,0.46000000834465
12.559988,pitch,0,IDLE,0.3240986764431,7.10074901580811,7.63926124572754,0,0.795000016689301,0.342162489891052,0.599749982357025,0.0240024998784065,0,NONE,55,0.46000000834465
12.599988,pitch,0,IDLE,0.319063514471054,7.10074901580811,7.63926124572754,0,0.795000016689301,0.342162489891052,0.599749982357025,0.0240024998784065,0,NONE,55,0.46000000834465
12.639988,pitch,0,IDLE,0.316359102725983,7.10074901580811,7.63926124572754,0,0.795000016689301,0.342162489891052,0.599749982357025,0.0240024998784065,0,NONE,55,0.46000000834465
12.679988,pitch,0,IDLE,0.316981226205826,7.10074901580811,7.63926124572754,0,0.795000016689301,0.342162489891052,0.599749982357025,0.0240024998784065,0,NONE,55,0.46000000834465
12.719988,pitch,0,IDLE,0.321257412433624,7.10074901580811,7.63926124572754,0,0.795000016689301,0.342162489891052,0.599749982357025,0.0240024998784065,0,NONE,55,0.46000000834465
12.759988,pitch,0,IDLE,-0.00127409398555756,7.10074901580811,7.63926124572754,0,0.795000016689301,0.342162489891052,0.599749982357025,0.0240024998784065,0,NONE,55,0.46000000834465
12.799988,pitch,0,IDLE,-0.415084511041641,7.10074901580811,7.63926124572754,0,0.795000016689301,0.342162489891052,0.599749982357025,0.0240024998784065,0,NONE,55,0.46000000834465
12.839988,pitch,0,IDLE,-0.800419688224792,7.10074901580811,7.63926124572754,0,0.795000016689301,0.342162489891052,0.599749982357025,0.0240024998784065,0,NONE,55,0.46000000834465
12.879988,pitch,0,IDLE,-1.11974704265594,7.10074901580811,7.63926124572754,0,0.795000016689301,0.342162489891052,0.599749982357025,0.0240024998784065,0,NONE,55,0.46000000834465
12.919988,pitch,0,IDLE,-1.35356187820435,7.10074901580811,7.63926124572754,0,0.795000016689301,0.342162489891052,0.599749982357025,0.0240024998784065,0,NONE,55,0.46000000834465
12.959988,pitch,0,IDLE,-1.49559116363525,7.10074901580811,7.63926124572754,0,0.795000016689301,0.342162489891052,0.599749982357025,0.0240024998784065,0,NONE,55,0.46000000834465
12.999988,pitch,0,IDLE,-1.54730355739594,7.10074901580811,7.63926124572754,0,0.795000016689301,0.342162489891052,0.599749982357025,0.0240024998784065,0,NONE,55,0.46000000834465
13.039988,pitch,0,IDLE,-1.5146849155426,7.10074901580811,7.63926124572754,0,0.795000016689301,0.342162489891052,0.599749982357025,0.0240024998784065,0,NONE,55,0.46000000834465
13.079988,pitch,0,IDLE,-1.41042768955231,7.10074901580811,7.63926124572754,0,0.795000016689301,0.342162489891052,0.599749982357025,0.0240024998784065,0,NONE,55,0.46000000834465
13.119988,pitch,0,IDLE,-1.25025463104248,7.10074901580811,7.63926124572754,0,0.795000016689301,0.342162489891052,0.599749982357025,0.0240024998784065,0,NONE,55,0.46000000834465
13.159988,pitch,0,IDLE,-1.0518274307251,7.10074901580811,7.63926124572754,0,0.795000016689301,0.342162489891052,0.599749982357025,0.0240024998784065,0,NONE,55,0.46000000834465
13.199988,pitch,0,IDLE,-0.83421516418457,7.10074901580811,7.63926124572754,0,0.795000016689301,0.342162489891052,0.599749982357025,0.0240024998784065,0,NONE,55,0.46000000834465
13.239988,pitch,0,IDLE,-0.615419089794159,7.10074901580811,7.63926124572754,0,0.795000016689301,0.342162489891052,0.599749982357025,0.0240024998784065,0,NONE,55,0.46000000834465
13.279988,pitch,0,IDLE,-0.413603842258453,7.10074901580811,7.76287221908569,0,0.795000016689301,0.342162489891052,0.599749982357025,0.0240024998784065,0,NONE,55,0.46000000834465
13.319988,pitch,0,IDLE,-0.24177597463131,7.10074901580811,7.86675357818604,0,0.795000016689301,0.342162489891052,0.599749982357025,0.0240024998784065,0,NONE,55,0.46000000834465
13.359988,pitch,0,IDLE,-0.108009159564972,7.10074901580811,7.93427658081055,0,0.795000016689301,0.342162489891052,0.599749982357025,0.0240024998784065,0,NONE,55,0.46000000834465
13.399988,pitch,0,IDLE,-0.0203003697097301,7.10074901580811,7.96940755844116,0,0.795000016689301,0.342162489891052,0.599749982357025,0.0240024998784065,0,NONE,55,0.46000000834465
13.439988,pitch,0,IDLE,0.0221456028521061,7.10074901580811,7.97596836090088,0,0.795000016689301,0.342162489891052,0.599749982357025,0.0240024998784065,0,NONE,55,0.46000000834465
13.479988,pitch,0,IDLE,0.0230186618864536,7.10074901580811,7.97596836090088,0,0.795000016689301,0.342162489891052,0.599749982357025,0.0240024998784065,0,NONE,55,0.46000000834465
13.519988,pitch,0,IDLE,-0.0156417973339558,7.10074901580811,7.97596836090088,0,0.795000016689301,0.342162489891052,0.599749982357025,0.0240024998784065,0,NONE,55,0.46000000834465
13.559988,pitch,0,IDLE,-0.0881022959947586,7.10074901580811,7.97596836090088,0,0.795000016689301,0.342162489891052,0.599749982357025,0.0240024998784065,0,NONE,55,0.46000000834465
13.599988,pitch,0,IDLE,-0.174880191683769,7.10074901580811,7.97596836090088,0,0.795000016689301,0.342162489891052,0.599749982357025,0.0240024998784065,0,NONE,55,0.46000000834465
13.639988,pitch,0,IDLE,-0.261486530303955,7.10074901580811,7.97596836090088,0,0.795000016689301,0.342162489891052,0.599749982357025,0.0240024998784065,0,NONE,55,0.46000000834465
13.679988,pitch,0,IDLE,-0.339943259954453,7.10074901580811,7.97596836090088,0,0.795000016689301,0.342162489891052,0.599749982357025,0.0240024998784065,0,NONE,55,0.46000000834465
13.719988,pitch,0,IDLE,-0.404898971319199,7.10074901580811,7.97596836090088,0,0.795000016689301,0.342162489891052,0.599749982357025,0.0240024998784065,0,NONE,55,0.46000000834465
13.759988,pitch,0,IDLE,-0.451807945966721,7.10074901580811,7.97596836090088,0,0.795000016689301,0.342162489891052,0.599749982357025,0.0240024998784065,0,NONE,55,0.46000000834465
13.799988,pitch,0,IDLE,-0.490419328212738,7.10074901580811,7.97596836090088,0,0.795000016689301,0.342162489891052,0.599749982357025,0.0240024998784065,0,NONE,55,0.46000000834465
13.839988,pitch,0,IDLE,-0.524227201938629,7.10074901580811,7.97596836090088,0,0.795000016689301,0.342162489891052,0.599749982357025,0.0240024998784065,0,NONE,55,0.46000000834465
13.879988,pitch,0,IDLE,-0.551839649677277,7.10074901580811,7.97596836090088,0,0.795000016689301,0.342162489891052,0.599749982357025,0.0240024998784065,0,NONE,55,0.46000000834465
13.919988,pitch,0,IDLE,-0.576039791107178,7.10074901580811,7.97596836090088,0,0.795000016689301,0.342162489891052,0.599749982357025,0.0240024998784065,0,NONE,55,0.46000000834465
13.959988,pitch,0,IDLE,-0.594145536422729,7.10074901580811,7.97596836090088,0,0.795000016689301,0.342162489891052,0.599749982357025,0.0240024998784065,0,NONE,55,0.46000000834465
13.999988,pitch,0,IDLE,-0.600357174873352,7.10074901580811,7.97596836090088,0,0.795000016689301,0.342162489891052,0.599749982357025,0.0240024998784065,0,NONE,55,0.46000000834465
14.039988,pitch,0,IDLE,-0.594879031181335,7.10074901580811,7.97596836090088,0,0.795000016689301,0.342162489891052,0.599749982357025,0.0240024998784065,0,NONE,55,0.46000000834465
14.079988,pitch,0,IDLE,-0.579460561275482,7.10074901580811,7.97596836090088,0,0.795000016689301,0.342162489891052,0.599749982357025,0.0240024998784065,0,NONE,55,0.46000000834465
14.119988,pitch,0,IDLE,-0.561154663562775,7.10074901580811,7.97596836090088,0,0.795000016689301,0.342162489891052,0.599749982357025,0.0240024998784065,0,NONE,55,0.46000000834465
14.159988,pitch,0,IDLE,-0.548618257045746,7.10074901580811,7.97596836090088,0,0.795000016689301,0.342162489891052,0.599749982357025,0.0240024998784065,0,NONE,55,0.46000000834465
14.199988,pitch,0,IDLE,-0.539675533771515,7.10074901580811,7.97596836090088,0,0.795000016689301,0.342162489891052,0.599749982357025,0.0240024998784065,0,NONE,55,0.46000000834465
14.239988,pitch,0,IDLE,-0.535119891166687,7.10074901580811,7.97596836090088,0,0.795000016689301,0.342162489891052,0.599749982357025,0.0240024998784065,0,NONE,55,0.46000000834465
14.279988,pitch,0,IDLE,-0.535482585430145,7.10074901580811,7.97596836090088,0,0.795000016689301,0.342162489891052,0.599749982357025,0.0240024998784065,0,NONE,55,0.46000000834465
14.319988,pitch,0,IDLE,-0.54051548242569,7.10074901580811,7.97596836090088,0,0.795000016689301,0.342162489891052,0.599749982357025,0.0240024998784065,0,NONE,55,0.46000000834465
14.359988,pitch,0,IDLE,-0.684616327285767,7.10074901580811,7.97596836090088,0,0.795000016689301,0.342162489891052,0.599749982357025,0.0240024998784065,0,NONE,55,0.46000000834465
14.399988,pitch,2,DEMAND_NEG,-1.09156858921051,7.10074901580811,7.97596836090088,0,0.795000016689301,0.342162489891052,0.599749982357025,0.0240024998784065,0,NONE,55,0.46000000834465
14.439988,pitch,2,DEMAND_NEG,-1.50934481620789,7.10074901580811,7.97596836090088,0,0.795000016689301,0.342162489891052,0.599749982357025,0.0240024998784065,0,NONE,55,0.46000000834465
14.479988,pitch,2,DEMAND_NEG,-1.86878824234009,7.10074901580811,7.97596836090088,0,0.795000016689301,0.342162489891052,0.599749982357025,0.0240024998784065,0,NONE,55,0.46000000834465
14.519988,pitch,2,DEMAND_NEG,-2.14165282249451,7.10074901580811,7.97596836090088,0,0.795000016689301,0.342162489891052,0.599749982357025,0.0240024998784065,0,NONE,55,0.46000000834465
14.559988,pitch,2,DEMAND_NEG,-2.31462073326111,7.10074901580811,7.97596836090088,0,0.795000016689301,0.342162489891052,0.599749982357025,0.0240024998784065,0,NONE,55,0.46000000834465
14.599988,pitch,2,DEMAND_NEG,-2.38653039932251,7.10074901580811,7.97596836090088,0,0.795000016689301,0.342162489891052,0.599749982357025,0.0240024998784065,0,NONE,55,0.46000000834465
14.639988,pitch,2,DEMAND_NEG,-2.36353492736816,7.10074901580811,7.97596836090088,0,0.795000016689301,0.342162489891052,0.599749982357025,0.0240024998784065,0,NONE,55,0.46000000834465
14.679988,pitch,2,DEMAND_NEG,-2.25709199905396,7.10074901580811,7.97596836090088,0,0.795000016689301,0.342162489891052,0.599749982357025,0.0240024998784065,0,NONE,55,0.46000000834465
14.719988,pitch,2,DEMAND_NEG,-2.082679271698,7.10074901580811,7.97596836090088,0,0.795000016689301,0.342162489891052,0.599749982357025,0.0240024998784065,0,NONE,55,0.46000000834465
14.759988,pitch,2,DEMAND_NEG,-1.86162781715393,7.10074901580811,7.97596836090088,0,0.795000016689301,0.342162489891052,0.599749982357025,0.0240024998784065,0,NONE,55,0.46000000834465
14.799988,pitch,2,DEMAND_NEG,-1.62297916412354,7.10074901580811,8.05652618408203,0,0.795000016689301,0.342162489891052,0.599749982357025,0.0240024998784065,0,NONE,55,0.46000000834465
14.839988,pitch,2,DEMAND_NEG,-1.38082313537598,7.10074901580811,8.20759296417236,0,0.795000016689301,0.342162489891052,0.599749982357025,0.0240024998784065,0,NONE,55,0.46000000834465
14.879988,pitch,2,DEMAND_NEG,-1.15062808990479,7.10074901580811,8.31582164764404,0,0.795000016689301,0.342162489891052,0.599749982357025,0.0240024998784065,0,NONE,55,0.46000000834465
14.919988,pitch,2,DEMAND_NEG,-0.945226073265076,7.10074901580811,8.38579750061035,0,0.795000016689301,0.342162489891052,0.599749982357025,0.0240024998784065,0,NONE,55,0.46000000834465
14.959988,pitch,2,DEMAND_NEG,-0.777221262454987,7.10074901580811,8.42169952392578,0,0.795000016689301,0.342162489891052,0.599749982357025,0.0240024998784065,0,NONE,55,0.46000000834465
14.999988,pitch,2,DEMAND_NEG,-0.653835415840149,7.10074901580811,8.42807388305664,0,0.795000016689301,0.342162489891052,0.599749982357025,0.0240024998784065,0,NONE,55,0.46000000834465
15.039988,pitch,2,DEMAND_NEG,-0.577119171619415,7.10074901580811,8.42807388305664,0,0.795000016689301,0.342162489891052,0.599749982357025,0.0240024998784065,0,NONE,55,0.46000000834465
15.079988,pitch,2,DEMAND_NEG,-0.547628998756409,7.10074901580811,8.42807388305664,0,0.795000016689301,0.342162489891052,0.599749982357025,0.0240024998784065,0,NONE,55,0.46000000834465
15.119988,pitch,2,DEMAND_NEG,-0.564040124416351,7.10074901580811,8.42807388305664,0,0.795000016689301,0.342162489891052,0.599749982357025,0.0240024998784065,0,NONE,55,0.46000000834465
15.159988,pitch,2,DEMAND_NEG,-0.622849702835083,7.10074901580811,8.42807388305664,0,0.795000016689301,0.342162489891052,0.599749982357025,0.0240024998784065,0,NONE,55,0.46000000834465
15.199988,pitch,2,DEMAND_NEG,-0.700801014900208,7.10074901580811,8.42807388305664,0,0.795000016689301,0.342162489891052,0.599749982357025,0.0240024998784065,0,NONE,55,0.46000000834465
15.239988,pitch,2,DEMAND_NEG,-0.785146951675415,7.10074901580811,8.42807388305664,0,0.795000016689301,0.342162489891052,0.599749982357025,0.0240024998784065,0,NONE,55,0.46000000834465
15.279988,pitch,2,DEMAND_NEG,-0.867404878139496,7.10074901580811,8.42807388305664,0,0.795000016689301,0.342162489891052,0.599749982357025,0.0240024998784065,0,NONE,55,0.46000000834465
15.319988,pitch,2,DEMAND_NEG,-0.940221428871155,7.10074901580811,8.42807388305664,0,0.795000016689301,0.342162489891052,0.599749982357025,0.0240024998784065,0,NONE,55,0.46000000834465
15.359988,pitch,2,DEMAND_NEG,-0.999110698699951,7.10074901580811,8.42807388305664,0,0.795000016689301,0.342162489891052,0.599749982357025,0.0240024998784065,0,NONE,55,0.46000000834465
15.399988,pitch,2,DEMAND_NEG,-1.04382061958313,7.10074901580811,8.42807388305664,0,0.795000016689301,0.342162489891052,0.599749982357025,0.0240024998784065,0,NONE,55,0.46000000834465
15.439988,pitch,2,DEMAND_NEG,-1.07781255245209,7.10074901580811,8.42807388305664,0,0.795000016689301,0.342162489891052,0.599749982357025,0.0240024998784065,0,NONE,55,0.46000000834465
15.479988,pitch,2,DEMAND_NEG,-1.106036901474,7.10074901580811,8.42807388305664,0,0.795000016689301,0.342162489891052,0.599749982357025,0.0240024998784065,0,NONE,55,0.46000000834465
15.519988,pitch,2,DEMAND_NEG,-1.12372815608978,7.10074901580811,8.42807388305664,0,0.795000016689301,0.342162489891052,0.599749982357025,0.0240024998784065,0,NONE,55,0.46000000834465
15.559988,pitch,2,DEMAND_NEG,-1.13072526454926,7.10074901580811,8.42807388305664,0,0.795000016689301,0.342162489891052,0.599749982357025,0.0240024998784065,0,NONE,55,0.46000000834465
15.599988,pitch,2,DEMAND_NEG,-1.1371191740036,7.10074901580811,8.42807388305664,0,0.795000016689301,0.342162489891052,0.599749982357025,0.0240024998784065,0,NONE,55,0.46000000834465
15.639988,pitch,2,DEMAND_NEG,-1.14754867553711,7.10074901580811,8.42807388305664,0,0.795000016689301,0.342162489891052,0.599749982357025,0.0240024998784065,0,NONE,55,0.46000000834465
15.679988,pitch,2,DEMAND_NEG,-1.16137623786926,7.10074901580811,8.42807388305664,0,0.795000016689301,0.342162489891052,0.599749982357025,0.0240024998784065,0,NONE,55,0.46000000834465
15.719988,pitch,2,DEMAND_NEG,-1.17830538749695,7.10074901580811,8.42807388305664,0,0.795000016689301,0.342162489891052,0.599749982357025,0.0240024998784065,0,NONE,55,0.46000000834465
15.759988,pitch,2,DEMAND_NEG,-1.19307506084442,7.10074901580811,8.42807388305664,0,0.795000016689301,0.342162489891052,0.599749982357025,0.0240024998784065,0,NONE,55,0.46000000834465
15.799988,pitch,2,DEMAND_NEG,-1.19425451755524,7.10074901580811,8.42807388305664,0,0.795000016689301,0.342162489891052,0.599749982357025,0.0240024998784065,0,NONE,55,0.46000000834465
15.839988,pitch,2,DEMAND_NEG,-1.18938314914703,7.10074901580811,8.42807388305664,0,0.795000016689301,0.342162489891052,0.599749982357025,0.0240024998784065,0,NONE,55,0.46000000834465
15.879988,pitch,2,DEMAND_NEG,-1.17112970352173,7.10074901580811,8.42807388305664,0,0.795000016689301,0.342162489891052,0.599749982357025,0.0240024998784065,0,NONE,55,0.46000000834465
15.919988,pitch,2,DEMAND_NEG,-1.13736581802368,7.10074901580811,8.42807388305664,0,0.795000016689301,0.342162489891052,0.599749982357025,0.0240024998784065,0,NONE,55,0.46000000834465
15.959988,pitch,2,DEMAND_NEG,-1.09084296226501,7.10074901580811,8.42807388305664,0,0.795000016689301,0.342162489891052,0.599749982357025,0.0240024998784065,0,NONE,55,0.46000000834465
15.999988,pitch,2,DEMAND_NEG,-1.03686571121216,7.10074901580811,8.42807388305664,0,0.795000016689301,0.342162489891052,0.599749982357025,0.0240024998784065,0,NONE,55,0.46000000834465
16.039988,pitch,2,DEMAND_NEG,-0.980124473571777,7.10074901580811,8.42807388305664,0,0.795000016689301,0.342162489891052,0.599749982357025,0.0240024998784065,0,NONE,55,0.46000000834465
16.079988,pitch,2,DEMAND_NEG,-0.920602440834045,7.10074901580811,8.42807388305664,0,0.795000016689301,0.342162489891052,0.599749982357025,0.0240024998784065,0,NONE,55,0.46000000834465
16.119988,pitch,2,DEMAND_NEG,-0.860301733016968,7.10074901580811,8.42807388305664,0,0.795000016689301,0.342162489891052,0.599749982357025,0.0240024998784065,0,NONE,55,0.46000000834465
16.159988,pitch,0,IDLE,-0.800285160541534,7.10074901580811,8.42807388305664,0,0.795000016689301,0.342162489891052,0.599749982357025,0.0240024998784065,0,NONE,55,0.46000000834465
16.199988,pitch,0,IDLE,-0.745092272758484,1.71873879432678,2.5533287525177,1.01858901977539,0.890400052070618,0.119756869971752,0.890400052070618,0.0180018749088049,4,LOWER_PD,35,0.528999984264374
16.239988,pitch,0,IDLE,-0.687512159347534,1.71873879432678,2.5533287525177,1.01858901977539,0.890400052070618,0.119756869971752,0.890400052070618,0.0180018749088049,4,LOWER_PD,35,0.528999984264374
16.279988,pitch,0,IDLE,-0.635484933853149,1.71873879432678,2.5533287525177,1.01858901977539,0.890400052070618,0.119756869971752,0.890400052070618,0.0180018749088049,4,LOWER_PD,35,0.528999984264374
16.319988,pitch,0,IDLE,-0.586034297943115,1.71873879432678,2.5533287525177,1.01858901977539,0.890400052070618,0.119756869971752,0.890400052070618,0.0180018749088049,4,LOWER_PD,35,0.528999984264374
16.359988,pitch,0,IDLE,-0.543186187744141,1.71873879432678,2.5533287525177,1.01858901977539,0.890400052070618,0.119756869971752,0.890400052070618,0.0180018749088049,4,LOWER_PD,35,0.528999984264374
16.399988,pitch,0,IDLE,-0.509796440601349,1.71873879432678,2.5533287525177,1.01858901977539,0.890400052070618,0.119756869971752,0.890400052070618,0.0180018749088049,4,LOWER_PD,35,0.528999984264374
16.439988,pitch,0,IDLE,-0.488848686218262,1.71873879432678,2.5533287525177,1.01858901977539,0.890400052070618,0.119756869971752,0.890400052070618,0.0180018749088049,4,LOWER_PD,35,0.528999984264374
16.479988,pitch,0,IDLE,-0.480019479990005,1.71873879432678,2.5533287525177,1.01858901977539,0.890400052070618,0.119756869971752,0.890400052070618,0.0180018749088049,4,LOWER_PD,35,0.528999984264374
16.519988,pitch,0,IDLE,-0.48147264122963,1.71873879432678,2.5533287525177,1.01858901977539,0.890400052070618,0.119756869971752,0.890400052070618,0.0180018749088049,4,LOWER_PD,35,0.528999984264374
16.559988,pitch,0,IDLE,-0.494008600711823,1.71873879432678,2.5533287525177,1.01858901977539,0.890400052070618,0.119756869971752,0.890400052070618,0.0180018749088049,4,LOWER_PD,35,0.528999984264374
16.599988,pitch,0,IDLE,-0.516050398349762,1.71873879432678,2.5533287525177,1.01858901977539,0.890400052070618,0.119756869971752,0.890400052070618,0.0180018749088049,4,LOWER_PD,35,0.528999984264374
16.639988,pitch,0,IDLE,-0.547331809997559,1.71873879432678,2.5533287525177,1.01858901977539,0.890400052070618,0.119756869971752,0.890400052070618,0.0180018749088049,4,LOWER_PD,35,0.528999984264374
16.679988,pitch,0,IDLE,-0.595580220222473,1.71873879432678,2.5533287525177,1.01858901977539,0.890400052070618,0.119756869971752,0.890400052070618,0.0180018749088049,4,LOWER_PD,35,0.528999984264374
16.719988,pitch,0,IDLE,-0.653262257575989,1.71873879432678,2.5533287525177,1.01858901977539,0.890400052070618,0.119756869971752,0.890400052070618,0.0180018749088049,4,LOWER_PD,35,0.528999984264374
16.759988,pitch,0,IDLE,-0.715538442134857,1.71873879432678,2.5533287525177,1.01858901977539,0.890400052070618,0.119756869971752,0.890400052070618,0.0180018749088049,4,LOWER_PD,35,0.528999984264374
16.799988,pitch,0,IDLE,-0.777405560016632,1.71873879432678,2.5533287525177,1.01858901977539,0.890400052070618,0.119756869971752,0.890400052070618,0.0180018749088049,4,LOWER_PD,35,0.528999984264374
16.839988,pitch,0,IDLE,-0.834556519985199,1.71873879432678,2.5533287525177,1.01858901977539,0.890400052070618,0.119756869971752,0.890400052070618,0.0180018749088049,4,LOWER_PD,35,0.528999984264374
16.879988,pitch,0,IDLE,-0.885095059871674,1.71873879432678,2.5533287525177,1.01858901977539,0.890400052070618,0.119756869971752,0.890400052070618,0.0180018749088049,4,LOWER_PD,35,0.528999984264374
16.919988,pitch,0,IDLE,-0.928083658218384,1.71873879432678,2.5533287525177,1.01858901977539,0.890400052070618,0.119756869971752,0.890400052070618,0.0180018749088049,4,LOWER_PD,35,0.528999984264374
16.959988,pitch,0,IDLE,-0.962378740310669,1.71873879432678,2.5533287525177,1.01858901977539,0.890400052070618,0.119756869971752,0.890400052070618,0.0180018749088049,4,LOWER_PD,35,0.528999984264374
16.999988,pitch,0,IDLE,-0.986365735530853,1.71873879432678,2.5533287525177,1.01858901977539,0.890400052070618,0.119756869971752,0.890400052070618,0.0180018749088049,4,LOWER_PD,35,0.528999984264374
17.039988,pitch,0,IDLE,-0.999495089054108,1.71873879432678,2.5533287525177,1.01858901977539,0.890400052070618,0.119756869971752,0.890400052070618,0.0180018749088049,4,LOWER_PD,35,0.528999984264374
17.079988,pitch,0,IDLE,-0.762097597122192,1.71873879432678,2.5533287525177,1.01858901977539,0.890400052070618,0.119756869971752,0.890400052070618,0.0180018749088049,4,LOWER_PD,35,0.528999984264374
17.119988,pitch,0,IDLE,-0.442659676074982,1.71873879432678,2.5533287525177,1.01858901977539,0.890400052070618,0.119756869971752,0.890400052070618,0.0180018749088049,4,LOWER_PD,35,0.528999984264374
17.159988,pitch,0,IDLE,-0.137736916542053,1.71873879432678,2.5533287525177,1.01858901977539,0.890400052070618,0.119756869971752,0.890400052070618,0.0180018749088049,4,LOWER_PD,35,0.528999984264374
17.199988,pitch,0,IDLE,0.121102623641491,1.71873879432678,2.71450090408325,1.01858901977539,0.890400052070618,0.119756869971752,0.890400052070618,0.0180018749088049,4,LOWER_PD,35,0.528999984264374
17.239988,pitch,0,IDLE,0.31906133890152,1.71873879432678,3.06936597824097,1.01858901977539,0.890400052070618,0.119756869971752,0.890400052070618,0.0180018749088049,4,LOWER_PD,35,0.528999984264374
17.279988,pitch,0,IDLE,0.449920505285263,1.71873879432678,3.39640998840332,1.01858901977539,0.890400052070618,0.119756869971752,0.890400052070618,0.0180018749088049,4,LOWER_PD,35,0.528999984264374
17.319988,pitch,0,IDLE,0.519521474838257,1.71873879432678,3.69781398773193,1.01858901977539,0.890400052070618,0.119756869971752,0.890400052070618,0.0180018749088049,4,LOWER_PD,35,0.528999984264374
17.359988,pitch,0,IDLE,0.533770799636841,1.71873879432678,3.97558784484863,1.01858901977539,0.890400052070618,0.119756869971752,0.890400052070618,0.0180018749088049,4,LOWER_PD,35,0.528999984264374
17.399988,pitch,0,IDLE,0.503980875015259,1.71873879432678,4.21815395355225,1.01858901977539,0.890400052070618,0.119756869971752,0.890400052070618,0.0180018749088049,4,LOWER_PD,35,0.528999984264374
17.439988,pitch,0,IDLE,0.441046625375748,1.71873879432678,4.42450761795044,1.01858901977539,0.890400052070618,0.119756869971752,0.890400052070618,0.0180018749088049,4,LOWER_PD,35,0.528999984264374
17.479988,pitch,0,IDLE,0.354157269001007,1.71873879432678,4.59456777572632,1.01858901977539,0.890400052070618,0.119756869971752,0.890400052070618,0.0180018749088049,4,LOWER_PD,35,0.528999984264374
17.519988,pitch,0,IDLE,0.25295290350914,1.71873879432678,4.73082447052002,1.01858901977539,0.890400052070618,0.119756869971752,0.890400052070618,0.0180018749088049,4,LOWER_PD,35,0.528999984264374
17.559988,pitch,0,IDLE,0.14522385597229,1.71873879432678,4.83673763275146,1.01858901977539,0.890400052070618,0.119756869971752,0.890400052070618,0.0180018749088049,4,LOWER_PD,35,0.528999984264374
17.599988,pitch,0,IDLE,0.0417836718261242,1.71873879432678,4.91546630859375,1.01858901977539,0.890400052070618,0.119756869971752,0.890400052070618,0.0180018749088049,4,LOWER_PD,35,0.528999984264374
17.639988,pitch,0,IDLE,-0.0519744493067265,1.71873879432678,4.96988868713379,1.01858901977539,0.890400052070618,0.119756869971752,0.890400052070618,0.0180018749088049,4,LOWER_PD,35,0.528999984264374
17.679988,pitch,0,IDLE,-0.131176009774208,1.71873879432678,5.00262832641602,1.01858901977539,0.890400052070618,0.119756869971752,0.890400052070618,0.0180018749088049,4,LOWER_PD,35,0.528999984264374
17.719988,pitch,0,IDLE,-0.195142358541489,1.71873879432678,5.01607465744019,1.01858901977539,0.890400052070618,0.119756869971752,0.890400052070618,0.0180018749088049,4,LOWER_PD,35,0.528999984264374
17.759988,pitch,0,IDLE,-0.244579344987869,1.71873879432678,5.01625061035156,1.01858901977539,0.890400052070618,0.119756869971752,0.890400052070618,0.0180018749088049,4,LOWER_PD,35,0.528999984264374
17.799988,pitch,0,IDLE,-0.284699678421021,1.71873879432678,5.01625061035156,1.01858901977539,0.890400052070618,0.119756869971752,0.890400052070618,0.0180018749088049,4,LOWER_PD,35,0.528999984264374
17.839988,pitch,0,IDLE,-0.317338705062866,1.71873879432678,5.01625061035156,1.01858901977539,0.890400052070618,0.119756869971752,0.890400052070618,0.0180018749088049,4,LOWER_PD,35,0.528999984264374
17.879988,pitch,0,IDLE,-0.340784192085266,1.71873879432678,5.01625061035156,1.01858901977539,0.890400052070618,0.119756869971752,0.890400052070618,0.0180018749088049,4,LOWER_PD,35,0.528999984264374
17.919988,pitch,0,IDLE,-0.355917751789093,1.71873879432678,5.01625061035156,1.01858901977539,0.890400052070618,0.119756869971752,0.890400052070618,0.0180018749088049,4,LOWER_PD,35,0.528999984264374
17.959988,pitch,0,IDLE,-0.362903416156769,1.71873879432678,5.01625061035156,1.01858901977539,0.890400052070618,0.119756869971752,0.890400052070618,0.0180018749088049,4,LOWER_PD,35,0.528999984264374
17.999988,pitch,0,IDLE,-0.358920276165009,1.71873879432678,5.01625061035156,1.01858901977539,0.890400052070618,0.119756869971752,0.890400052070618,0.0180018749088049,4,LOWER_PD,35,0.528999984264374
18.039988,pitch,0,IDLE,-0.344870746135712,1.71873879432678,5.01625061035156,1.01858901977539,0.890400052070618,0.119756869971752,0.890400052070618,0.0180018749088049,4,LOWER_PD,35,0.528999984264374
18.079988,pitch,0,IDLE,-0.322635293006897,1.71873879432678,5.01625061035156,1.01858901977539,0.890400052070618,0.119756869971752,0.890400052070618,0.0180018749088049,4,LOWER_PD,35,0.528999984264374
18.119988,pitch,0,IDLE,-0.294801026582718,1.71873879432678,5.01625061035156,1.01858901977539,0.890400052070618,0.119756869971752,0.890400052070618,0.0180018749088049,4,LOWER_PD,35,0.528999984264374
18.159988,pitch,0,IDLE,-0.263352125883102,1.71873879432678,5.01625061035156,1.01858901977539,0.890400052070618,0.119756869971752,0.890400052070618,0.0180018749088049,4,LOWER_PD,35,0.528999984264374
18.199988,pitch,0,IDLE,-0.229377150535583,1.71873879432678,5.01625061035156,1.01858901977539,0.890400052070618,0.119756869971752,0.890400052070618,0.0180018749088049,4,LOWER_PD,35,0.528999984264374
18.239988,pitch,0,IDLE,-0.192455738782883,1.71873879432678,5.01625061035156,1.01858901977539,0.890400052070618,0.119756869971752,0.890400052070618,0.0180018749088049,4,LOWER_PD,35,0.528999984264374
18.279988,pitch,0,IDLE,-0.158093422651291,1.71873879432678,5.01625061035156,1.01858901977539,0.890400052070618,0.119756869971752,0.890400052070618,0.0180018749088049,4,LOWER_PD,35,0.528999984264374
18.319988,pitch,0,IDLE,-0.127016767859459,1.71873879432678,5.01625061035156,1.01858901977539,0.890400052070618,0.119756869971752,0.890400052070618,0.0180018749088049,4,LOWER_PD,35,0.528999984264374
18.359988,pitch,0,IDLE,-0.100513391196728,1.71873879432678,5.01625061035156,1.01858901977539,0.890400052070618,0.119756869971752,0.890400052070618,0.0180018749088049,4,LOWER_PD,35,0.528999984264374
18.399988,pitch,0,IDLE,-0.0787159949541092,1.71873879432678,5.01625061035156,1.01858901977539,0.890400052070618,0.119756869971752,0.890400052070618,0.0180018749088049,4,LOWER_PD,35,0.528999984264374
18.439988,pitch,0,IDLE,-0.0610599108040333,1.71873879432678,5.01625061035156,1.01858901977539,0.890400052070618,0.119756869971752,0.890400052070618,0.0180018749088049,4,LOWER_PD,35,0.528999984264374
18.479988,pitch,0,IDLE,-0.0486207120120525,1.71873879432678,5.01625061035156,1.01858901977539,0.890400052070618,0.119756869971752,0.890400052070618,0.0180018749088049,4,LOWER_PD,35,0.528999984264374
18.519988,pitch,0,IDLE,-0.0396060086786747,1.71873879432678,5.01625061035156,1.01858901977539,0.890400052070618,0.119756869971752,0.890400052070618,0.0180018749088049,4,LOWER_PD,35,0.528999984264374
18.559988,pitch,0,IDLE,-0.0320791080594063,1.71873879432678,5.01625061035156,1.01858901977539,0.890400052070618,0.119756869971752,0.890400052070618,0.0180018749088049,4,LOWER_PD,35,0.528999984264374
18.599988,pitch,0,IDLE,-0.0204533692449331,1.71873879432678,5.01625061035156,1.01858901977539,0.890400052070618,0.119756869971752,0.890400052070618,0.0180018749088049,4,LOWER_PD,35,0.528999984264374
18.639988,pitch,0,IDLE,-0.00309428852051497,1.71873879432678,5.01625061035156,1.01858901977539,0.890400052070618,0.119756869971752,0.890400052070618,0.0180018749088049,4,LOWER_PD,35,0.528999984264374
18.679988,pitch,0,IDLE,0.118001751601696,1.71873879432678,5.01625061035156,1.01858901977539,0.890400052070618,0.119756869971752,0.890400052070618,0.0180018749088049,4,LOWER_PD,35,0.528999984264374
18.719988,pitch,0,IDLE,0.442668914794922,1.71873879432678,5.01625061035156,1.01858901977539,0.890400052070618,0.119756869971752,0.890400052070618,0.0180018749088049,4,LOWER_PD,35,0.528999984264374
18.759988,pitch,1,DEMAND_POS,0.781748116016388,1.71873879432678,5.01625061035156,1.01858901977539,0.890400052070618,0.119756869971752,0.890400052070618,0.0180018749088049,4,LOWER_PD,35,0.528999984264374
18.799988,pitch,1,DEMAND_POS,1.07743144035339,1.71873879432678,5.01625061035156,1.01858901977539,0.890400052070618,0.119756869971752,0.890400052070618,0.0180018749088049,4,LOWER_PD,35,0.528999984264374
18.839988,pitch,1,DEMAND_POS,1.30831491947174,1.71873879432678,5.01625061035156,1.01858901977539,0.890400052070618,0.119756869971752,0.890400052070618,0.0180018749088049,4,LOWER_PD,35,0.528999984264374
18.879988,pitch,1,DEMAND_POS,1.46616184711456,1.71873879432678,5.01625061035156,1.01858901977539,0.890400052070618,0.119756869971752,0.890400052070618,0.0180018749088049,4,LOWER_PD,35,0.528999984264374
18.919988,pitch,1,DEMAND_POS,1.54971897602081,1.71873879432678,5.01625061035156,1.01858901977539,0.890400052070618,0.119756869971752,0.890400052070618,0.0180018749088049,4,LOWER_PD,35,0.528999984264374
18.959988,pitch,1,DEMAND_POS,1.56514394283295,1.71873879432678,5.01625061035156,1.01858901977539,0.890400052070618,0.119756869971752,0.890400052070618,0.0180018749088049,4,LOWER_PD,35,0.528999984264374
18.999988,pitch,1,DEMAND_POS,1.52060663700104,1.71873879432678,5.01625061035156,1.01858901977539,0.890400052070618,0.119756869971752,0.890400052070618,0.0180018749088049,4,LOWER_PD,35,0.528999984264374
19.039988,pitch,1,DEMAND_POS,1.42439293861389,1.71873879432678,5.01625061035156,1.01858901977539,0.890400052070618,0.119756869971752,0.890400052070618,0.0180018749088049,4,LOWER_PD,35,0.528999984264374
19.079988,pitch,1,DEMAND_POS,1.289790391922,1.71873879432678,5.01625061035156,1.01858901977539,0.890400052070618,0.119756869971752,0.890400052070618,0.0180018749088049,4,LOWER_PD,35,0.528999984264374
19.119988,pitch,1,DEMAND_POS,1.13019239902496,1.71873879432678,5.02151393890381,1.01858901977539,0.890400052070618,0.119756869971752,0.890400052070618,0.0180018749088049,4,LOWER_PD,35,0.528999984264374
19.159988,pitch,0,IDLE,0.959161162376404,1.71873879432678,5.11733913421631,1.01858901977539,0.890400052070618,0.119756869971752,0.890400052070618,0.0180018749088049,4,LOWER_PD,35,0.528999984264374
19.199988,pitch,0,IDLE,0.797832310199738,1.47969484329224,5.18626737594604,1.24102354049683,0.99724805355072,0.119756869971752,0.99724805355072,0.0180018749088049,4,LOWER_PD,30,0.608349978923798
19.239988,pitch,0,IDLE,0.644669532775879,1.51201224327087,5.23117446899414,1.24102354049683,0.99724805355072,0.119756869971752,0.99724805355072,0.0180018749088049,4,LOWER_PD,30,0.608349978923798
19.279988,pitch,0,IDLE,0.506479620933533,1.53846752643585,5.25468063354492,1.24102354049683,0.99724805355072,0.119756869971752,0.99724805355072,0.0180018749088049,4,LOWER_PD,30,0.608349978923798
19.319988,pitch,0,IDLE,0.387444615364075,1.55965220928192,5.2591724395752,1.24102354049683,0.99724805355072,0.119756869971752,0.99724805355072,0.0180018749088049,4,LOWER_PD,30,0.608349978923798
19.359988,pitch,0,IDLE,0.290316492319107,1.57545018196106,5.2591724395752,1.24102354049683,0.99724805355072,0.119756869971752,0.99724805355072,0.0180018749088049,4,LOWER_PD,30,0.608349978923798
19.399988,pitch,0,IDLE,0.218095511198044,1.58454179763794,5.2591724395752,1.24102354049683,0.99724805355072,0.119756869971752,0.99724805355072,0.0180018749088049,4,LOWER_PD,30,0.608349978923798
19.439988,pitch,0,IDLE,0.17159965634346,1.58766949176788,5.2591724395752,1.24102354049683,0.99724805355072,0.119756869971752,0.99724805355072,0.0180018749088049,4,LOWER_PD,30,0.608349978923798
19.479988,pitch,0,IDLE,0.149522289633751,1.58766949176788,5.2591724395752,1.24102354049683,0.99724805355072,0.119756869971752,0.99724805355072,0.0180018749088049,4,LOWER_PD,30,0.608349978923798
19.519988,pitch,0,IDLE,0.155736029148102,1.58766949176788,5.2591724395752,1.24102354049683,0.99724805355072,0.119756869971752,0.99724805355072,0.0180018749088049,4,LOWER_PD,30,0.608349978923798
19.559988,pitch,0,IDLE,0.183429777622223,1.58766949176788,5.2591724395752,1.24102354049683,0.99724805355072,0.119756869971752,0.99724805355072,0.0180018749088049,4,LOWER_PD,30,0.608349978923798
19.599988,pitch,0,IDLE,0.218900680541992,1.58766949176788,5.2591724395752,1.24102354049683,0.99724805355072,0.119756869971752,0.99724805355072,0.0180018749088049,4,LOWER_PD,30,0.608349978923798
19.639988,pitch,0,IDLE,0.255632102489471,1.58766949176788,5.2591724395752,1.24102354049683,0.99724805355072,0.119756869971752,0.99724805355072,0.0180018749088049,4,LOWER_PD,30,0.608349978923798
19.679988,pitch,0,IDLE,0.29122519493103,1.58766949176788,5.2591724395752,1.24102354049683,0.99724805355072,0.119756869971752,0.99724805355072,0.0180018749088049,4,LOWER_PD,30,0.608349978923798
19.719988,pitch,0,IDLE,0.32488688826561,1.58766949176788,5.2591724395752,1.24102354049683,0.99724805355072,0.119756869971752,0.99724805355072,0.0180018749088049,4,LOWER_PD,30,0.608349978923798
19.759988,pitch,0,IDLE,0.355943381786346,1.58766949176788,5.2591724395752,1.24102354049683,0.99724805355072,0.119756869971752,0.99724805355072,0.0180018749088049,4,LOWER_PD,30,0.608349978923798
19.799988,pitch,0,IDLE,0.390978664159775,1.58766949176788,5.2591724395752,1.24102354049683,0.99724805355072,0.119756869971752,0.99724805355072,0.0180018749088049,4,LOWER_PD,30,0.608349978923798
19.839988,pitch,0,IDLE,0.432065784931183,1.58766949176788,5.2591724395752,1.24102354049683,0.99724805355072,0.119756869971752,0.99724805355072,0.0180018749088049,4,LOWER_PD,30,0.608349978923798
19.879988,pitch,0,IDLE,0.479232370853424,1.58766949176788,5.2591724395752,1.24102354049683,0.99724805355072,0.119756869971752,0.99724805355072,0.0180018749088049,4,LOWER_PD,30,0.608349978923798
19.919988,pitch,0,IDLE,0.529015004634857,1.58766949176788,5.2591724395752,1.24102354049683,0.99724805355072,0.119756869971752,0.99724805355072,0.0180018749088049,4,LOWER_PD,30,0.608349978923798
19.959988,pitch,0,IDLE,0.577060222625732,1.58766949176788,5.2591724395752,1.24102354049683,0.99724805355072,0.119756869971752,0.99724805355072,0.0180018749088049,4,LOWER_PD,30,0.608349978923798
19.999988,pitch,0,IDLE,0.614337801933289,1.58766949176788,5.2591724395752,1.24102354049683,0.99724805355072,0.119756869971752,0.99724805355072,0.0180018749088049,4,LOWER_PD,30,0.608349978923798
20.039988,pitch,0,IDLE,0.643833160400391,1.58766949176788,5.2591724395752,1.24102354049683,0.99724805355072,0.119756869971752,0.99724805355072,0.0180018749088049,4,LOWER_PD,30,0.608349978923798
20.079988,pitch,0,IDLE,0.662083804607391,1.58766949176788,5.2591724395752,1.24102354049683,0.99724805355072,0.119756869971752,0.99724805355072,0.0180018749088049,4,LOWER_PD,30,0.608349978923798
20.119988,pitch,0,IDLE,0.667272448539734,1.58766949176788,5.2591724395752,1.24102354049683,0.99724805355072,0.119756869971752,0.99724805355072,0.0180018749088049,4,LOWER_PD,30,0.608349978923798
20.159988,pitch,0,IDLE,0.662140429019928,1.58766949176788,5.2591724395752,1.24102354049683,0.99724805355072,0.119756869971752,0.99724805355072,0.0180018749088049,4,LOWER_PD,30,0.608349978923798
20.199988,pitch,0,IDLE,0.655140399932861,1.58766949176788,5.2591724395752,1.24102354049683,0.99724805355072,0.119756869971752,0.99724805355072,0.0180018749088049,4,LOWER_PD,30,0.608349978923798
20.239988,pitch,0,IDLE,0.649517059326172,1.58766949176788,5.2591724395752,1.24102354049683,0.99724805355072,0.119756869971752,0.99724805355072,0.0180018749088049,4,LOWER_PD,30,0.608349978923798
20.279988,pitch,0,IDLE,0.647197067737579,1.58766949176788,5.2591724395752,1.24102354049683,0.99724805355072,0.119756869971752,0.99724805355072,0.0180018749088049,4,LOWER_PD,30,0.608349978923798
20.319988,pitch,0,IDLE,0.648467302322388,1.58766949176788,5.2591724395752,1.24102354049683,0.99724805355072,0.119756869971752,0.99724805355072,0.0180018749088049,4,LOWER_PD,30,0.608349978923798
20.359988,pitch,0,IDLE,0.653882682323456,1.58766949176788,5.2591724395752,1.24102354049683,0.99724805355072,0.119756869971752,0.99724805355072,0.0180018749088049,4,LOWER_PD,30,0.608349978923798
20.399988,pitch,0,IDLE,0.662190139293671,1.58766949176788,5.2591724395752,1.24102354049683,0.99724805355072,0.119756869971752,0.99724805355072,0.0180018749088049,4,LOWER_PD,30,0.608349978923798
20.439988,pitch,0,IDLE,0.67181134223938,1.58766949176788,5.2591724395752,1.24102354049683,0.99724805355072,0.119756869971752,0.99724805355072,0.0180018749088049,4,LOWER_PD,30,0.608349978923798
20.479988,pitch,0,IDLE,0.681995630264282,1.58766949176788,5.2591724395752,1.24102354049683,0.99724805355072,0.119756869971752,0.99724805355072,0.0180018749088049,4,LOWER_PD,30,0.608349978923798
20.519988,pitch,0,IDLE,0.689116239547729,1.58766949176788,5.2591724395752,1.24102354049683,0.99724805355072,0.119756869971752,0.99724805355072,0.0180018749088049,4,LOWER_PD,30,0.608349978923798
20.559988,pitch,0,IDLE,0.691049873828888,1.58766949176788,5.2591724395752,1.24102354049683,0.99724805355072,0.119756869971752,0.99724805355072,0.0180018749088049,4,LOWER_PD,30,0.608349978923798
20.599988,pitch,0,IDLE,0.685738265514374,1.58766949176788,5.2591724395752,1.24102354049683,0.99724805355072,0.119756869971752,0.99724805355072,0.0180018749088049,4,LOWER_PD,30,0.608349978923798
20.639988,pitch,0,IDLE,0.672091245651245,1.58766949176788,5.2591724395752,1.24102354049683,0.99724805355072,0.119756869971752,0.99724805355072,0.0180018749088049,4,LOWER_PD,30,0.608349978923798
20.679988,pitch,0,IDLE,0.650696694850922,1.58766949176788,5.2591724395752,1.24102354049683,0.99724805355072,0.119756869971752,0.99724805355072,0.0180018749088049,4,LOWER_PD,30,0.608349978923798
20.719988,pitch,0,IDLE,0.622814476490021,1.58766949176788,5.2591724395752,1.24102354049683,0.99724805355072,0.119756869971752,0.99724805355072,0.0180018749088049,4,LOWER_PD,30,0.608349978923798
20.759988,pitch,0,IDLE,0.590220093727112,1.58766949176788,5.2591724395752,1.24102354049683,0.99724805355072,0.119756869971752,0.99724805355072,0.0180018749088049,4,LOWER_PD,30,0.608349978923798
20.799988,pitch,0,IDLE,0.553887903690338,1.58766949176788,5.2591724395752,1.24102354049683,0.99724805355072,0.119756869971752,0.99724805355072,0.0180018749088049,4,LOWER_PD,30,0.608349978923798
20.839988,pitch,0,IDLE,0.515936136245728,1.58766949176788,5.2591724395752,1.24102354049683,0.99724805355072,0.119756869971752,0.99724805355072,0.0180018749088049,4,LOWER_PD,30,0.608349978923798
20.879988,pitch,0,IDLE,0.47755292057991,1.58766949176788,5.2591724395752,1.24102354049683,0.99724805355072,0.119756869971752,0.99724805355072,0.0180018749088049,4,LOWER_PD,30,0.608349978923798
20.919988,pitch,0,IDLE,0.445623010396957,1.58766949176788,5.2591724395752,1.24102354049683,0.99724805355072,0.119756869971752,0.99724805355072,0.0180018749088049,4,LOWER_PD,30,0.608349978923798
20.959988,pitch,0,IDLE,0.416486531496048,1.58766949176788,5.2591724395752,1.24102354049683,0.99724805355072,0.119756869971752,0.99724805355072,0.0180018749088049,4,LOWER_PD,30,0.608349978923798
20.999988,pitch,0,IDLE,0.385788172483444,1.58766949176788,5.2591724395752,1.24102354049683,0.99724805355072,0.119756869971752,0.99724805355072,0.0180018749088049,4,LOWER_PD,30,0.608349978923798
21.039988,pitch,0,IDLE,0.351557910442352,1.58766949176788,5.2591724395752,1.24102354049683,0.99724805355072,0.119756869971752,0.99724805355072,0.0180018749088049,4,LOWER_PD,30,0.608349978923798
21.079988,pitch,0,IDLE,0.314639687538147,1.58766949176788,5.2591724395752,1.24102354049683,0.99724805355072,0.119756869971752,0.99724805355072,0.0180018749088049,4,LOWER_PD,30,0.608349978923798
21.119988,pitch,0,IDLE,0.275018215179443,1.58766949176788,5.2591724395752,1.24102354049683,0.99724805355072,0.119756869971752,0.99724805355072,0.0180018749088049,4,LOWER_PD,30,0.608349978923798
21.159988,pitch,0,IDLE,0.142419189214706,1.58766949176788,5.2591724395752,1.24102354049683,0.99724805355072,0.119756869971752,0.99724805355072,0.0180018749088049,4,LOWER_PD,30,0.608349978923798
21.199988,pitch,0,IDLE,-0.150141820311546,1.58766949176788,5.2591724395752,1.24102354049683,0.99724805355072,0.119756869971752,0.99724805355072,0.0180018749088049,4,LOWER_PD,30,0.608349978923798
21.239988,pitch,0,IDLE,-0.433972775936127,1.58766949176788,5.2591724395752,1.24102354049683,0.99724805355072,0.119756869971752,0.99724805355072,0.0180018749088049,4,LOWER_PD,30,0.608349978923798
21.279988,pitch,0,IDLE,-0.662823379039764,1.58766949176788,5.2591724395752,1.24102354049683,0.99724805355072,0.119756869971752,0.99724805355072,0.0180018749088049,4,LOWER_PD,30,0.608349978923798
21.319988,pitch,0,IDLE,-0.821504592895508,1.58766949176788,5.2591724395752,1.24102354049683,0.99724805355072,0.119756869971752,0.99724805355072,0.0180018749088049,4,LOWER_PD,30,0.608349978923798
21.359988,pitch,0,IDLE,-0.908551394939423,1.58766949176788,5.2591724395752,1.24102354049683,0.99724805355072,0.119756869971752,0.99724805355072,0.0180018749088049,4,LOWER_PD,30,0.608349978923798
21.399988,pitch,2,DEMAND_NEG,-1.13557505607605,1.58766949176788,5.2591724395752,1.24102354049683,0.99724805355072,0.119756869971752,0.99724805355072,0.0180018749088049,4,LOWER_PD,30,0.608349978923798
21.439988,pitch,2,DEMAND_NEG,-1.37841606140137,1.58766949176788,5.2591724395752,1.24102354049683,0.99724805355072,0.119756869971752,0.99724805355072,0.0180018749088049,4,LOWER_PD,30,0.608349978923798
21.479988,pitch,2,DEMAND_NEG,-1.56293725967407,1.58766949176788,5.2591724395752,1.24102354049683,0.99724805355072,0.119756869971752,0.99724805355072,0.0180018749088049,4,LOWER_PD,30,0.608349978923798
21.519988,pitch,2,DEMAND_NEG,-1.67302978038788,1.58766949176788,5.2591724395752,1.24102354049683,0.99724805355072,0.119756869971752,0.99724805355072,0.0180018749088049,4,LOWER_PD,30,0.608349978923798
21.559988,pitch,2,DEMAND_NEG,-1.70712161064148,1.58766949176788,5.2591724395752,1.24102354049683,0.99724805355072,0.119756869971752,0.99724805355072,0.0180018749088049,4,LOWER_PD,30,0.608349978923798
21.599988,pitch,2,DEMAND_NEG,-1.66976165771484,1.58766949176788,5.2591724395752,1.24102354049683,0.99724805355072,0.119756869971752,0.99724805355072,0.0180018749088049,4,LOWER_PD,30,0.608349978923798
21.639988,pitch,2,DEMAND_NEG,-1.572638630867,1.58766949176788,5.2591724395752,1.24102354049683,0.99724805355072,0.119756869971752,0.99724805355072,0.0180018749088049,4,LOWER_PD,30,0.608349978923798
21.679988,pitch,2,DEMAND_NEG,-1.42786705493927,1.58766949176788,5.2591724395752,1.24102354049683,0.99724805355072,0.119756869971752,0.99724805355072,0.0180018749088049,4,LOWER_PD,30,0.608349978923798
21.719988,pitch,2,DEMAND_NEG,-1.25134301185608,1.58766949176788,5.2591724395752,1.24102354049683,0.99724805355072,0.119756869971752,0.99724805355072,0.0180018749088049,4,LOWER_PD,30,0.608349978923798
21.759988,pitch,0,IDLE,-1.05837464332581,1.58766949176788,5.2591724395752,1.24102354049683,0.99724805355072,0.119756869971752,0.99724805355072,0.0180018749088049,4,LOWER_PD,30,0.608349978923798
21.799988,pitch,0,IDLE,-0.859800219535828,1.44914662837982,4.91104507446289,0.974256694316864,1.01858901977539,0.119756869971752,1.01858901977539,0.0180018749088049,4,LOWER_PD,30,0.699602484703064
21.839988,pitch,0,IDLE,-0.662315964698792,1.47566854953766,4.92071628570557,0.974256694316864,1.01858901977539,0.119756869971752,1.01858901977539,0.0180018749088049,4,LOWER_PD,30,0.699602484703064
21.879988,pitch,0,IDLE,-0.473152607679367,1.49716579914093,4.92071628570557,0.974256694316864,1.01858901977539,0.119756869971752,1.01858901977539,0.0180018749088049,4,LOWER_PD,30,0.699602484703064
21.919988,pitch,0,IDLE,-0.298876643180847,1.51414895057678,4.92071628570557,0.974256694316864,1.01858901977539,0.119756869971752,1.01858901977539,0.0180018749088049,4,LOWER_PD,30,0.699602484703064
21.959988,pitch,0,IDLE,-0.142801553010941,1.52511119842529,4.92071628570557,0.974256694316864,1.01858901977539,0.119756869971752,1.01858901977539,0.0180018749088049,4,LOWER_PD,30,0.699602484703064
21.999988,pitch,0,IDLE,-0.00735968351364136,1.53007888793945,4.92071628570557,0.974256694316864,1.01858901977539,0.119756869971752,1.01858901977539,0.0180018749088049,4,LOWER_PD,30,0.699602484703064
22.039988,pitch,0,IDLE,0.107050955295563,1.53052771091461,4.92071628570557,0.974256694316864,1.01858901977539,0.119756869971752,1.01858901977539,0.0180018749088049,4,LOWER_PD,30,0.699602484703064
22.079988,pitch,0,IDLE,0.200313493609428,1.53052771091461,4.92071628570557,0.974256694316864,1.01858901977539,0.119756869971752,1.01858901977539,0.0180018749088049,4,LOWER_PD,30,0.699602484703064
22.119988,pitch,0,IDLE,0.272255510091782,1.53052771091461,4.92071628570557,0.974256694316864,1.01858901977539,0.119756869971752,1.01858901977539,0.0180018749088049,4,LOWER_PD,30,0.699602484703064
22.159988,pitch,0,IDLE,0.321457386016846,1.53052771091461,4.92071628570557,0.974256694316864,1.01858901977539,0.119756869971752,1.01858901977539,0.0180018749088049,4,LOWER_PD,30,0.699602484703064
22.199988,pitch,0,IDLE,0.347733378410339,1.53052771091461,4.92071628570557,0.974256694316864,1.01858901977539,0.119756869971752,1.01858901977539,0.0180018749088049,4,LOWER_PD,30,0.699602484703064
22.239988,pitch,0,IDLE,0.358116447925568,1.53052771091461,4.92071628570557,0.974256694316864,1.01858901977539,0.119756869971752,1.01858901977539,0.0180018749088049,4,LOWER_PD,30,0.699602484703064
22.279988,pitch,0,IDLE,0.35696068406105,1.53052771091461,4.92071628570557,0.974256694316864,1.01858901977539,0.119756869971752,1.01858901977539,0.0180018749088049,4,LOWER_PD,30,0.699602484703064
22.319988,pitch,0,IDLE,0.345636159181595,1.53052771091461,4.92071628570557,0.974256694316864,1.01858901977539,0.119756869971752,1.01858901977539,0.0180018749088049,4,LOWER_PD,30,0.699602484703064
22.359988,pitch,0,IDLE,0.326046764850616,1.53052771091461,4.92071628570557,0.974256694316864,1.01858901977539,0.119756869971752,1.01858901977539,0.0180018749088049,4,LOWER_PD,30,0.699602484703064
22.399988,pitch,0,IDLE,0.297503352165222,1.53052771091461,4.92071628570557,0.974256694316864,1.01858901977539,0.119756869971752,1.01858901977539,0.0180018749088049,4,LOWER_PD,30,0.699602484703064
22.439988,pitch,0,IDLE,0.259247809648514,1.53052771091461,4.92071628570557,0.974256694316864,1.01858901977539,0.119756869971752,1.01858901977539,0.0180018749088049,4,LOWER_PD,30,0.699602484703064
22.479988,pitch,0,IDLE,0.213452994823456,1.53052771091461,4.92071628570557,0.974256694316864,1.01858901977539,0.119756869971752,1.01858901977539,0.0180018749088049,4,LOWER_PD,30,0.699602484703064
22.519988,pitch,0,IDLE,0.158990561962128,1.53052771091461,4.92071628570557,0.974256694316864,1.01858901977539,0.119756869971752,1.01858901977539,0.0180018749088049,4,LOWER_PD,30,0.699602484703064
22.559988,pitch,0,IDLE,0.0974330306053162,1.53052771091461,4.92071628570557,0.974256694316864,1.01858901977539,0.119756869971752,1.01858901977539,0.0180018749088049,4,LOWER_PD,30,0.699602484703064
22.599988,pitch,0,IDLE,0.0299178101122379,1.53052771091461,4.92071628570557,0.974256694316864,1.01858901977539,0.119756869971752,1.01858901977539,0.0180018749088049,4,LOWER_PD,30,0.699602484703064
22.639988,pitch,0,IDLE,-0.0414483845233917,1.53052771091461,4.92071628570557,0.974256694316864,1.01858901977539,0.119756869971752,1.01858901977539,0.0180018749088049,4,LOWER_PD,30,0.699602484703064
22.679988,pitch,0,IDLE,-0.113094449043274,1.53052771091461,4.92071628570557,0.974256694316864,1.01858901977539,0.119756869971752,1.01858901977539,0.0180018749088049,4,LOWER_PD,30,0.699602484703064
22.719988,pitch,0,IDLE,-0.183369874954224,1.53052771091461,4.92071628570557,0.974256694316864,1.01858901977539,0.119756869971752,1.01858901977539,0.0180018749088049,4,LOWER_PD,30,0.699602484703064
22.759988,pitch,0,IDLE,-0.250118881464005,1.53052771091461,4.92071628570557,0.974256694316864,1.01858901977539,0.119756869971752,1.01858901977539,0.0180018749088049,4,LOWER_PD,30,0.699602484703064
22.799988,pitch,0,IDLE,-0.316879838705063,1.53052771091461,4.92071628570557,0.974256694316864,1.01858901977539,0.119756869971752,1.01858901977539,0.0180018749088049,4,LOWER_PD,30,0.699602484703064
22.839988,pitch,0,IDLE,-0.380001693964005,1.53052771091461,4.92071628570557,0.974256694316864,1.01858901977539,0.119756869971752,1.01858901977539,0.0180018749088049,4,LOWER_PD,30,0.699602484703064
22.879988,pitch,0,IDLE,-0.43609818816185,1.53052771091461,4.92071628570557,0.974256694316864,1.01858901977539,0.119756869971752,1.01858901977539,0.0180018749088049,4,LOWER_PD,30,0.699602484703064
22.919988,pitch,0,IDLE,-0.483877927064896,1.53052771091461,4.92071628570557,0.974256694316864,1.01858901977539,0.119756869971752,1.01858901977539,0.0180018749088049,4,LOWER_PD,30,0.699602484703064
22.959988,pitch,0,IDLE,-0.52125358581543,1.53052771091461,4.92071628570557,0.974256694316864,1.01858901977539,0.119756869971752,1.01858901977539,0.0180018749088049,4,LOWER_PD,30,0.699602484703064
22.999988,pitch,0,IDLE,-0.616116583347321,1.53052771091461,4.92071628570557,0.974256694316864,1.01858901977539,0.119756869971752,1.01858901977539,0.0180018749088049,4,LOWER_PD,30,0.699602484703064
23.039988,pitch,2,DEMAND_NEG,-0.851653218269348,1.53052771091461,4.92071628570557,0.974256694316864,1.01858901977539,0.119756869971752,1.01858901977539,0.0180018749088049,4,LOWER_PD,30,0.699602484703064
23.079988,pitch,2,DEMAND_NEG,-1.10534405708313,1.53052771091461,4.92071628570557,0.974256694316864,1.01858901977539,0.119756869971752,1.01858901977539,0.0180018749088049,4,LOWER_PD,30,0.699602484703064
23.119988,pitch,2,DEMAND_NEG,-1.3357025384903,1.53052771091461,4.92071628570557,0.974256694316864,1.01858901977539,0.119756869971752,1.01858901977539,0.0180018749088049,4,LOWER_PD,30,0.699602484703064
23.159988,pitch,2,DEMAND_NEG,-1.52277421951294,1.53052771091461,4.92071628570557,0.974256694316864,1.01858901977539,0.119756869971752,1.01858901977539,0.0180018749088049,4,LOWER_PD,30,0.699602484703064
23.199988,pitch,2,DEMAND_NEG,-1.66003811359406,1.53052771091461,4.92071628570557,0.974256694316864,1.01858901977539,0.119756869971752,1.01858901977539,0.0180018749088049,4,LOWER_PD,30,0.699602484703064
23.239988,pitch,2,DEMAND_NEG,-1.74452888965607,1.53052771091461,4.92071628570557,0.974256694316864,1.01858901977539,0.119756869971752,1.01858901977539,0.0180018749088049,4,LOWER_PD,30,0.699602484703064
23.279988,pitch,2,DEMAND_NEG,-1.77820670604706,1.53052771091461,4.92071628570557,0.974256694316864,1.01858901977539,0.119756869971752,1.01858901977539,0.0180018749088049,4,LOWER_PD,30,0.699602484703064
23.319988,pitch,2,DEMAND_NEG,-1.76787078380585,1.53052771091461,4.92071628570557,0.974256694316864,1.01858901977539,0.119756869971752,1.01858901977539,0.0180018749088049,4,LOWER_PD,30,0.699602484703064
23.359988,pitch,2,DEMAND_NEG,-1.71831011772156,1.53052771091461,4.92071628570557,0.974256694316864,1.01858901977539,0.119756869971752,1.01858901977539,0.0180018749088049,4,LOWER_PD,30,0.699602484703064
23.399988,pitch,2,DEMAND_NEG,-1.63656830787659,1.53052771091461,4.92071628570557,0.974256694316864,1.01858901977539,0.119756869971752,1.01858901977539,0.0180018749088049,4,LOWER_PD,30,0.699602484703064
23.439988,pitch,2,DEMAND_NEG,-1.5288097858429,1.53052771091461,4.92071628570557,0.974256694316864,1.01858901977539,0.119756869971752,1.01858901977539,0.0180018749088049,4,LOWER_PD,30,0.699602484703064
23.479988,pitch,2,DEMAND_NEG,-1.40032386779785,1.53052771091461,4.92071628570557,0.974256694316864,1.01858901977539,0.119756869971752,1.01858901977539,0.0180018749088049,4,LOWER_PD,30,0.699602484703064
23.519988,pitch,2,DEMAND_NEG,-1.26010775566101,1.53052771091461,4.92071628570557,0.974256694316864,1.01858901977539,0.119756869971752,1.01858901977539,0.0180018749088049,4,LOWER_PD,30,0.699602484703064
23.559988,pitch,2,DEMAND_NEG,-1.11530470848083,1.53052771091461,4.92071628570557,0.974256694316864,1.01858901977539,0.119756869971752,1.01858901977539,0.0180018749088049,4,LOWER_PD,30,0.699602484703064
23.599988,pitch,2,DEMAND_NEG,-0.971256494522095,1.53052771091461,4.92071628570557,0.974256694316864,1.01858901977539,0.119756869971752,1.01858901977539,0.0180018749088049,4,LOWER_PD,30,0.699602484703064
23.639988,pitch,0,IDLE,-0.849290311336517,1,3.18609595298767,0.982276320457458,1.01858901977539,0.0598784349858761,1.01858901977539,0.0234024357050657,6,RAISE_D,30,0.80454283952713
23.679988,pitch,0,IDLE,-0.749736070632935,1.09795653820038,3.18609595298767,0.982276320457458,1.01858901977539,0.0598784349858761,1.01858901977539,0.0234024357050657,6,RAISE_D,30,0.80454283952713
23.719988,pitch,0,IDLE,-0.661486625671387,1.1927136182785,3.18609595298767,0.982276320457458,1.01858901977539,0.0598784349858761,1.01858901977539,0.0234024357050657,6,RAISE_D,30,0.80454283952713
23.759988,pitch,0,IDLE,-0.586303949356079,1.27844202518463,3.18609595298767,0.982276320457458,1.01858901977539,0.0598784349858761,1.01858901977539,0.0234024357050657,6,RAISE_D,30,0.80454283952713
23.799988,pitch,0,IDLE,-0.522541761398315,1.35591268539429,3.18609595298767,0.982276320457458,1.01858901977539,0.0598784349858761,1.01858901977539,0.0234024357050657,6,RAISE_D,30,0.80454283952713
23.839988,pitch,0,IDLE,-0.47159144282341,1.42583417892456,3.18609595298767,0.982276320457458,1.01858901977539,0.0598784349858761,1.01858901977539,0.0234024357050657,6,RAISE_D,30,0.80454283952713
23.879988,pitch,0,IDLE,-0.433320343494415,1.48885655403137,3.18609595298767,0.982276320457458,1.01858901977539,0.0598784349858761,1.01858901977539,0.0234024357050657,6,RAISE_D,30,0.80454283952713
23.919988,pitch,0,IDLE,-0.406943768262863,1.54557693004608,3.18609595298767,0.982276320457458,1.01858901977539,0.0598784349858761,1.01858901977539,0.0234024357050657,6,RAISE_D,30,0.80454283952713
23.959988,pitch,0,IDLE,-0.393180847167969,1.59511017799377,3.18609595298767,0.982276320457458,1.01858901977539,0.0598784349858761,1.01858901977539,0.0234024357050657,6,RAISE_D,30,0.80454283952713
23.999988,pitch,0,IDLE,-0.390469133853912,1.6340000629425,3.18609595298767,0.982276320457458,1.01858901977539,0.0598784349858761,1.01858901977539,0.0234024357050657,6,RAISE_D,30,0.80454283952713
24.039988,pitch,0,IDLE,-0.395418047904968,1.66334867477417,3.18609595298767,0.982276320457458,1.01858901977539,0.0598784349858761,1.01858901977539,0.0234024357050657,6,RAISE_D,30,0.80454283952713
24.079988,pitch,0,IDLE,-0.403428345918655,1.68416130542755,3.18609595298767,0.982276320457458,1.01858901977539,0.0598784349858761,1.01858901977539,0.0234024357050657,6,RAISE_D,30,0.80454283952713
24.119988,pitch,0,IDLE,-0.414982080459595,1.69735383987427,3.18609595298767,0.982276320457458,1.01858901977539,0.0598784349858761,1.01858901977539,0.0234024357050657,6,RAISE_D,30,0.80454283952713
24.159988,pitch,0,IDLE,-0.426796406507492,1.70376086235046,3.18609595298767,0.982276320457458,1.01858901977539,0.0598784349858761,1.01858901977539,0.0234024357050657,6,RAISE_D,30,0.80454283952713
24.199988,pitch,0,IDLE,-0.439670771360397,1.70465993881226,3.18609595298767,0.982276320457458,1.01858901977539,0.0598784349858761,1.01858901977539,0.0234024357050657,6,RAISE_D,30,0.80454283952713
24.239988,pitch,0,IDLE,-0.451445132493973,1.70465993881226,3.18609595298767,0.982276320457458,1.01858901977539,0.0598784349858761,1.01858901977539,0.0234024357050657,6,RAISE_D,30,0.80454283952713
24.279988,pitch,0,IDLE,-0.461787492036819,1.70465993881226,3.18609595298767,0.982276320457458,1.01858901977539,0.0598784349858761,1.01858901977539,0.0234024357050657,6,RAISE_D,30,0.80454283952713
24.319988,pitch,0,IDLE,-0.472014546394348,1.70465993881226,3.18609595298767,0.982276320457458,1.01858901977539,0.0598784349858761,1.01858901977539,0.0234024357050657,6,RAISE_D,30,0.80454283952713
24.359988,pitch,0,IDLE,-0.484407365322113,1.70465993881226,3.18609595298767,0.982276320457458,1.01858901977539,0.0598784349858761,1.01858901977539,0.0234024357050657,6,RAISE_D,30,0.80454283952713
24.399988,pitch,0,IDLE,-0.496427804231644,1.70465993881226,3.18609595298767,0.982276320457458,1.01858901977539,0.0598784349858761,1.01858901977539,0.0234024357050657,6,RAISE_D,30,0.80454283952713
24.439988,pitch,0,IDLE,-0.508141040802002,1.70465993881226,3.18609595298767,0.982276320457458,1.01858901977539,0.0598784349858761,1.01858901977539,0.0234024357050657,6,RAISE_D,30,0.80454283952713
24.479988,pitch,0,IDLE,-0.51896458864212,1.70465993881226,3.18609595298767,0.982276320457458,1.01858901977539,0.0598784349858761,1.01858901977539,0.0234024357050657,6,RAISE_D,30,0.80454283952713
24.519988,pitch,0,IDLE,-0.529769480228424,1.70465993881226,3.18609595298767,0.982276320457458,1.01858901977539,0.0598784349858761,1.01858901977539,0.0234024357050657,6,RAISE_D,30,0.80454283952713
24.559988,pitch,0,IDLE,-0.539607048034668,1.70465993881226,3.18609595298767,0.982276320457458,1.01858901977539,0.0598784349858761,1.01858901977539,0.0234024357050657,6,RAISE_D,30,0.80454283952713
24.599988,pitch,0,IDLE,-0.549855828285217,1.70465993881226,3.18609595298767,0.982276320457458,1.01858901977539,0.0598784349858761,1.01858901977539,0.0234024357050657,6,RAISE_D,30,0.80454283952713
24.639988,pitch,0,IDLE,-0.56061714887619,1.70465993881226,3.18609595298767,0.982276320457458,1.01858901977539,0.0598784349858761,1.01858901977539,0.0234024357050657,6,RAISE_D,30,0.80454283952713
24.679988,pitch,0,IDLE,-0.571584939956665,1.70465993881226,3.18609595298767,0.982276320457458,1.01858901977539,0.0598784349858761,1.01858901977539,0.0234024357050657,6,RAISE_D,30,0.80454283952713
24.719988,pitch,0,IDLE,-0.583547949790955,1.70465993881226,3.18609595298767,0.982276320457458,1.01858901977539,0.0598784349858761,1.01858901977539,0.0234024357050657,6,RAISE_D,30,0.80454283952713
24.759988,pitch,0,IDLE,-0.598583579063416,1.70465993881226,3.18609595298767,0.982276320457458,1.01858901977539,0.0598784349858761,1.01858901977539,0.0234024357050657,6,RAISE_D,30,0.80454283952713
24.799988,pitch,0,IDLE,-0.617498099803925,1.70465993881226,3.18609595298767,0.982276320457458,1.01858901977539,0.0598784349858761,1.01858901977539,0.0234024357050657,6,RAISE_D,30,0.80454283952713
24.839988,pitch,0,IDLE,-0.634448289871216,1.70465993881226,3.18609595298767,0.982276320457458,1.01858901977539,0.0598784349858761,1.01858901977539,0.0234024357050657,6,RAISE_D,30,0.80454283952713
24.879988,pitch,0,IDLE,-0.645892083644867,1.70465993881226,3.18609595298767,0.982276320457458,1.01858901977539,0.0598784349858761,1.01858901977539,0.0234024357050657,6,RAISE_D,30,0.80454283952713
24.919988,pitch,0,IDLE,-0.651465356349945,1.70465993881226,3.18609595298767,0.982276320457458,1.01858901977539,0.0598784349858761,1.01858901977539,0.0234024357050657,6,RAISE_D,30,0.80454283952713
24.959988,pitch,0,IDLE,-0.651280164718628,1.70465993881226,3.18609595298767,0.982276320457458,1.01858901977539,0.0598784349858761,1.01858901977539,0.0234024357050657,6,RAISE_D,30,0.80454283952713
24.999988,pitch,0,IDLE,-0.645103335380554,1.70465993881226,3.18609595298767,0.982276320457458,1.01858901977539,0.0598784349858761,1.01858901977539,0.0234024357050657,6,RAISE_D,30,0.80454283952713
25.039988,pitch,0,IDLE,-0.634452342987061,1.70465993881226,3.18609595298767,0.982276320457458,1.01858901977539,0.0598784349858761,1.01858901977539,0.0234024357050657,6,RAISE_D,30,0.80454283952713
25.079988,pitch,0,IDLE,-0.621090590953827,1.70465993881226,3.18609595298767,0.982276320457458,1.01858901977539,0.0598784349858761,1.01858901977539,0.0234024357050657,6,RAISE_D,30,0.80454283952713
25.119988,pitch,0,IDLE,-0.606330931186676,1.70465993881226,3.18609595298767,0.982276320457458,1.01858901977539,0.0598784349858761,1.01858901977539,0.0234024357050657,6,RAISE_D,30,0.80454283952713
25.159988,pitch,0,IDLE,-0.589156329631805,1.70465993881226,3.18609595298767,0.982276320457458,1.01858901977539,0.0598784349858761,1.01858901977539,0.0234024357050657,6,RAISE_D,30,0.80454283952713
25.199988,pitch,0,IDLE,-0.572391271591187,1.70465993881226,3.18609595298767,0.982276320457458,1.01858901977539,0.0598784349858761,1.01858901977539,0.0234024357050657,6,RAISE_D,30,0.80454283952713
25.239988,pitch,0,IDLE,-0.556239545345306,1.70465993881226,3.18609595298767,0.982276320457458,1.01858901977539,0.0598784349858761,1.01858901977539,0.0234024357050657,6,RAISE_D,30,0.80454283952713
25.279988,pitch,0,IDLE,-0.53944319486618,1.70465993881226,3.18609595298767,0.982276320457458,1.01858901977539,0.0598784349858761,1.01858901977539,0.0234024357050657,6,RAISE_D,30,0.80454283952713
25.319988,pitch,0,IDLE,-0.525274872779846,1.70465993881226,3.18609595298767,0.982276320457458,1.01858901977539,0.0598784349858761,1.01858901977539,0.0234024357050657,6,RAISE_D,30,0.80454283952713
25.359988,pitch,0,IDLE,-0.515919625759125,1.70465993881226,3.18609595298767,0.982276320457458,1.01858901977539,0.0598784349858761,1.01858901977539,0.0234024357050657,6,RAISE_D,30,0.80454283952713
25.399988,pitch,0,IDLE,-0.508088886737823,1.70465993881226,3.18609595298767,0.982276320457458,1.01858901977539,0.0598784349858761,1.01858901977539,0.0234024357050657,6,RAISE_D,30,0.80454283952713
25.439988,pitch,0,IDLE,-0.502250075340271,1.70465993881226,3.18609595298767,0.982276320457458,1.01858901977539,0.0598784349858761,1.01858901977539,0.0234024357050657,6,RAISE_D,30,0.80454283952713
25.479988,pitch,0,IDLE,-0.498073846101761,1.70465993881226,3.18609595298767,0.982276320457458,1.01858901977539,0.0598784349858761,1.01858901977539,0.0234024357050657,6,RAISE_D,30,0.80454283952713
25.519988,pitch,0,IDLE,-0.495161592960358,1.70465993881226,3.18609595298767,0.982276320457458,1.01858901977539,0.0598784349858761,1.01858901977539,0.0234024357050657,6,RAISE_D,30,0.80454283952713
25.559988,pitch,0,IDLE,-0.49252188205719,1.70465993881226,3.18609595298767,0.982276320457458,1.01858901977539,0.0598784349858761,1.01858901977539,0.0234024357050657,6,RAISE_D,30,0.80454283952713
25.599988,pitch,0,IDLE,-0.491115272045135,1.70465993881226,3.18609595298767,0.982276320457458,1.01858901977539,0.0598784349858761,1.01858901977539,0.0234024357050657,6,RAISE_D,30,0.80454283952713
25.639988,pitch,0,IDLE,-0.490338027477264,1.70465993881226,3.18609595298767,0.982276320457458,1.01858901977539,0.0598784349858761,1.01858901977539,0.0234024357050657,6,RAISE_D,30,0.80454283952713
25.679988,pitch,0,IDLE,-0.489457786083221,1.70465993881226,3.18609595298767,0.982276320457458,1.01858901977539,0.0598784349858761,1.01858901977539,0.0234024357050657,6,RAISE_D,30,0.80454283952713
25.719988,pitch,0,IDLE,-0.356500506401062,1.70465993881226,3.18609595298767,0.982276320457458,1.01858901977539,0.0598784349858761,1.01858901977539,0.0234024357050657,6,RAISE_D,30,0.80454283952713
25.759988,pitch,0,IDLE,-0.169065833091736,1.70465993881226,3.18609595298767,0.982276320457458,1.01858901977539,0.0598784349858761,1.01858901977539,0.0234024357050657,6,RAISE_D,30,0.80454283952713
25.799988,pitch,0,IDLE,0.0207644775509834,1.70465993881226,3.18609595298767,0.982276320457458,1.01858901977539,0.0598784349858761,1.01858901977539,0.0234024357050657,6,RAISE_D,30,0.80454283952713
25.839988,pitch,0,IDLE,0.194800794124603,1.70465993881226,3.18609595298767,0.982276320457458,1.01858901977539,0.0598784349858761,1.01858901977539,0.0234024357050657,6,RAISE_D,30,0.80454283952713
25.879988,pitch,0,IDLE,0.344824075698853,1.70465993881226,3.18609595298767,0.982276320457458,1.01858901977539,0.0598784349858761,1.01858901977539,0.0234024357050657,6,RAISE_D,30,0.80454283952713
25.919988,pitch,0,IDLE,0.467957347631454,1.70465993881226,3.18609595298767,0.982276320457458,1.01858901977539,0.0598784349858761,1.01858901977539,0.0234024357050657,6,RAISE_D,30,0.80454283952713
25.959988,pitch,0,IDLE,0.563417375087738,1.70465993881226,3.18609595298767,0.982276320457458,1.01858901977539,0.0598784349858761,1.01858901977539,0.0234024357050657,6,RAISE_D,30,0.80454283952713
25.999988,pitch,0,IDLE,0.630572617053986,1.70465993881226,3.18609595298767,0.982276320457458,1.01858901977539,0.0598784349858761,1.01858901977539,0.0234024357050657,6,RAISE_D,30,0.80454283952713
26.039988,pitch,0,IDLE,0.671481668949127,1.70465993881226,3.18609595298767,0.982276320457458,1.01858901977539,0.0598784349858761,1.01858901977539,0.0234024357050657,6,RAISE_D,30,0.80454283952713
26.079988,pitch,0,IDLE,0.684914410114288,1.70465993881226,3.18609595298767,0.982276320457458,1.01858901977539,0.0598784349858761,1.01858901977539,0.0234024357050657,6,RAISE_D,30,0.80454283952713
26.119988,pitch,0,IDLE,0.676236748695374,1.70465993881226,3.18609595298767,0.982276320457458,1.01858901977539,0.0598784349858761,1.01858901977539,0.0234024357050657,6,RAISE_D,30,0.80454283952713
26.159988,pitch,0,IDLE,0.652550101280212,1.70465993881226,3.18609595298767,0.982276320457458,1.01858901977539,0.0598784349858761,1.01858901977539,0.0234024357050657,6,RAISE_D,30,0.80454283952713
26.199988,pitch,0,IDLE,0.615601718425751,1.70465993881226,3.18609595298767,0.982276320457458,1.01858901977539,0.0598784349858761,1.01858901977539,0.0234024357050657,6,RAISE_D,30,0.80454283952713
26.239988,pitch,0,IDLE,0.569337844848633,1.70465993881226,3.18609595298767,0.982276320457458,1.01858901977539,0.0598784349858761,1.01858901977539,0.0234024357050657,6,RAISE_D,30,0.80454283952713
26.279988,pitch,0,IDLE,0.516588568687439,1.70465993881226,3.18609595298767,0.982276320457458,1.01858901977539,0.0598784349858761,1.01858901977539,0.0234024357050657,6,RAISE_D,30,0.80454283952713
26.319988,pitch,0,IDLE,0.460714310407639,1.70465993881226,3.18609595298767,0.982276320457458,1.01858901977539,0.0598784349858761,1.01858901977539,0.0234024357050657,6,RAISE_D,30,0.80454283952713
26.359988,pitch,0,IDLE,0.404767572879791,1.70465993881226,3.18609595298767,0.982276320457458,1.01858901977539,0.0598784349858761,1.01858901977539,0.0234024357050657,6,RAISE_D,30,0.80454283952713
26.399988,pitch,0,IDLE,0.351402550935745,1.70465993881226,3.18609595298767,0.982276320457458,1.01858901977539,0.0598784349858761,1.01858901977539,0.0234024357050657,6,RAISE_D,30,0.80454283952713
26.439988,pitch,0,IDLE,0.300366461277008,1.70465993881226,3.18609595298767,0.982276320457458,1.01858901977539,0.0598784349858761,1.01858901977539,0.0234024357050657,6,RAISE_D,30,0.80454283952713
26.479988,pitch,0,IDLE,0.25269541144371,1.70465993881226,3.18609595298767,0.982276320457458,1.01858901977539,0.0598784349858761,1.01858901977539,0.0234024357050657,6,RAISE_D,30,0.80454283952713
26.519988,pitch,0,IDLE,0.20838725566864,1.70465993881226,3.18609595298767,0.982276320457458,1.01858901977539,0.0598784349858761,1.01858901977539,0.0234024357050657,6,RAISE_D,30,0.80454283952713
26.559988,pitch,0,IDLE,0.168512612581253,1.70465993881226,3.18609595298767,0.982276320457458,1.01858901977539,0.0598784349858761,1.01858901977539,0.0234024357050657,6,RAISE_D,30,0.80454283952713
26.599988,pitch,0,IDLE,0.135862395167351,1.70465993881226,3.18609595298767,0.982276320457458,1.01858901977539,0.0598784349858761,1.01858901977539,0.0234024357050657,6,RAISE_D,30,0.80454283952713
26.639988,pitch,0,IDLE,0.113202720880508,1.70465993881226,3.18609595298767,0.982276320457458,1.01858901977539,0.0598784349858761,1.01858901977539,0.0234024357050657,6,RAISE_D,30,0.80454283952713
26.679988,pitch,0,IDLE,0.0969922989606857,1.70465993881226,3.18609595298767,0.982276320457458,1.01858901977539,0.0598784349858761,1.01858901977539,0.0234024357050657,6,RAISE_D,30,0.80454283952713
26.719988,pitch,0,IDLE,0.0850923955440521,1.70465993881226,3.18609595298767,0.982276320457458,1.01858901977539,0.0598784349858761,1.01858901977539,0.0234024357050657,6,RAISE_D,30,0.80454283952713
26.759988,pitch,0,IDLE,0.0764585360884666,1.70465993881226,3.18609595298767,0.982276320457458,1.01858901977539,0.0598784349858761,1.01858901977539,0.0234024357050657,6,RAISE_D,30,0.80454283952713
26.799988,pitch,0,IDLE,0.0696919411420822,1.70465993881226,3.18609595298767,0.982276320457458,1.01858901977539,0.0598784349858761,1.01858901977539,0.0234024357050657,6,RAISE_D,30,0.80454283952713
26.839988,pitch,0,IDLE,0.0639492720365524,1.70465993881226,3.18609595298767,0.982276320457458,1.01858901977539,0.0598784349858761,1.01858901977539,0.0234024357050657,6,RAISE_D,30,0.80454283952713
26.879988,pitch,0,IDLE,0.0584880709648132,1.70465993881226,3.18609595298767,0.982276320457458,1.01858901977539,0.0598784349858761,1.01858901977539,0.0234024357050657,6,RAISE_D,30,0.80454283952713
26.919988,pitch,0,IDLE,0.053111594170332,1.70465993881226,3.18609595298767,0.982276320457458,1.01858901977539,0.0598784349858761,1.01858901977539,0.0234024357050657,6,RAISE_D,30,0.80454283952713
26.959988,pitch,0,IDLE,0.0481870286166668,1.70465993881226,3.18609595298767,0.982276320457458,1.01858901977539,0.0598784349858761,1.01858901977539,0.0234024357050657,6,RAISE_D,30,0.80454283952713
26.999988,pitch,0,IDLE,0.0424928776919842,1.70465993881226,3.18609595298767,0.982276320457458,1.01858901977539,0.0598784349858761,1.01858901977539,0.0234024357050657,6,RAISE_D,30,0.80454283952713
27.039988,pitch,0,IDLE,0.037434671074152,1.70465993881226,3.18609595298767,0.982276320457458,1.01858901977539,0.0598784349858761,1.01858901977539,0.0234024357050657,6,RAISE_D,30,0.80454283952713
27.079988,pitch,0,IDLE,0.0324990525841713,1.70465993881226,3.18609595298767,0.982276320457458,1.01858901977539,0.0598784349858761,1.01858901977539,0.0234024357050657,6,RAISE_D,30,0.80454283952713
27.119988,pitch,0,IDLE,0.0278553422540426,1.70465993881226,3.18609595298767,0.982276320457458,1.01858901977539,0.0598784349858761,1.01858901977539,0.0234024357050657,6,RAISE_D,30,0.80454283952713
27.159988,pitch,0,IDLE,0.0234041139483452,1.70465993881226,3.18609595298767,0.982276320457458,1.01858901977539,0.0598784349858761,1.01858901977539,0.0234024357050657,6,RAISE_D,30,0.80454283952713
27.199988,pitch,0,IDLE,0.0191597379744053,1.70465993881226,3.18609595298767,0.982276320457458,1.01858901977539,0.0598784349858761,1.01858901977539,0.0234024357050657,6,RAISE_D,30,0.80454283952713
27.239988,pitch,0,IDLE,0.0149130066856742,1.70465993881226,3.18609595298767,0.982276320457458,1.01858901977539,0.0598784349858761,1.01858901977539,0.0234024357050657,6,RAISE_D,30,0.80454283952713
27.279988,pitch,0,IDLE,0.010078645311296,1.70465993881226,3.18609595298767,0.982276320457458,1.01858901977539,0.0598784349858761,1.01858901977539,0.0234024357050657,6,RAISE_D,30,0.80454283952713
27.319988,pitch,0,IDLE,0.0583180598914623,1.70465993881226,3.18609595298767,0.982276320457458,1.01858901977539,0.0598784349858761,1.01858901977539,0.0234024357050657,6,RAISE_D,30,0.80454283952713
27.359988,pitch,0,IDLE,0.223239958286285,1.70465993881226,3.18609595298767,0.982276320457458,1.01858901977539,0.0598784349858761,1.01858901977539,0.0234024357050657,6,RAISE_D,30,0.80454283952713
27.399988,pitch,0,IDLE,0.409412741661072,1.70465993881226,3.18609595298767,0.982276320457458,1.01858901977539,0.0598784349858761,1.01858901977539,0.0234024357050657,6,RAISE_D,30,0.80454283952713
27.439988,pitch,1,DEMAND_POS,0.588488638401031,1.70465993881226,3.18609595298767,0.982276320457458,1.01858901977539,0.0598784349858761,1.01858901977539,0.0234024357050657,6,RAISE_D,30,0.80454283952713
27.479988,pitch,1,DEMAND_POS,0.748185932636261,1.70465993881226,3.18609595298767,0.982276320457458,1.01858901977539,0.0598784349858761,1.01858901977539,0.0234024357050657,6,RAISE_D,30,0.80454283952713
27.519988,pitch,1,DEMAND_POS,0.88372391462326,1.70465993881226,3.18609595298767,0.982276320457458,1.01858901977539,0.0598784349858761,1.01858901977539,0.0234024357050657,6,RAISE_D,30,0.80454283952713
27.559988,pitch,1,DEMAND_POS,0.993597626686096,1.70465993881226,3.18609595298767,0.982276320457458,1.01858901977539,0.0598784349858761,1.01858901977539,0.0234024357050657,6,RAISE_D,30,0.80454283952713
27.599988,pitch,1,DEMAND_POS,1.08074188232422,1.70465993881226,3.18609595298767,0.982276320457458,1.01858901977539,0.0598784349858761,1.01858901977539,0.0234024357050657,6,RAISE_D,30,0.80454283952713
27.639988,pitch,1,DEMAND_POS,1.14901006221771,1.70465993881226,3.18609595298767,0.982276320457458,1.01858901977539,0.0598784349858761,1.01858901977539,0.0234024357050657,6,RAISE_D,30,0.80454283952713
27.679988,pitch,1,DEMAND_POS,1.19826126098633,1.70465993881226,3.18609595298767,0.982276320457458,1.01858901977539,0.0598784349858761,1.01858901977539,0.0234024357050657,6,RAISE_D,30,0.80454283952713
27.719988,pitch,1,DEMAND_POS,1.23138070106506,1.70465993881226,3.18609595298767,0.982276320457458,1.01858901977539,0.0598784349858761,1.01858901977539,0.0234024357050657,6,RAISE_D,30,0.80454283952713
27.759988,pitch,1,DEMAND_POS,1.2504894733429,1.70465993881226,3.18609595298767,0.982276320457458,1.01858901977539,0.0598784349858761,1.01858901977539,0.0234024357050657,6,RAISE_D,30,0.80454283952713
27.799988,pitch,1,DEMAND_POS,1.25876879692078,1.70465993881226,3.18609595298767,0.982276320457458,1.01858901977539,0.0598784349858761,1.01858901977539,0.0234024357050657,6,RAISE_D,30,0.80454283952713
27.839988,pitch,1,DEMAND_POS,1.25833702087402,1.70465993881226,3.18609595298767,0.982276320457458,1.01858901977539,0.0598784349858761,1.01858901977539,0.0234024357050657,6,RAISE_D,30,0.80454283952713
27.879988,pitch,1,DEMAND_POS,1.25082850456238,1.70465993881226,3.18609595298767,0.982276320457458,1.01858901977539,0.0598784349858761,1.01858901977539,0.0234024357050657,6,RAISE_D,30,0.80454283952713
27.919988,pitch,1,DEMAND_POS,1.23829901218414,1.70465993881226,3.18609595298767,0.982276320457458,1.01858901977539,0.0598784349858761,1.01858901977539,0.0234024357050657,6,RAISE_D,30,0.80454283952713
27.959988,pitch,1,DEMAND_POS,1.2214982509613,1.70465993881226,3.18609595298767,0.982276320457458,1.01858901977539,0.0598784349858761,1.01858901977539,0.0234024357050657,6,RAISE_D,30,0.80454283952713
27.999988,pitch,1,DEMAND_POS,1.2014274597168,1.70465993881226,3.18609595298767,0.982276320457458,1.01858901977539,0.0598784349858761,1.01858901977539,0.0234024357050657,6,RAISE_D,30,0.80454283952713
28.039988,pitch,1,DEMAND_POS,1.17902958393097,1.70465993881226,3.18609595298767,0.982276320457458,1.01858901977539,0.0598784349858761,1.01858901977539,0.0234024357050657,6,RAISE_D,30,0.80454283952713
28.079988,pitch,1,DEMAND_POS,1.15546691417694,1.70465993881226,3.18609595298767,0.982276320457458,1.01858901977539,0.0598784349858761,1.01858901977539,0.0234024357050657,6,RAISE_D,30,0.80454283952713
28.119988,pitch,1,DEMAND_POS,1.13151037693024,1.70465993881226,3.18609595298767,0.982276320457458,1.01858901977539,0.0598784349858761,1.01858901977539,0.0234024357050657,6,RAISE_D,30,0.80454283952713
28.159988,pitch,1,DEMAND_POS,1.1060334444046,1.70465993881226,3.18609595298767,0.982276320457458,1.01858901977539,0.0598784349858761,1.01858901977539,0.0234024357050657,6,RAISE_D,30,0.80454283952713
28.199988,pitch,1,DEMAND_POS,1.07937622070312,1.70465993881226,3.18609595298767,0.982276320457458,1.01858901977539,0.0598784349858761,1.01858901977539,0.0234024357050657,6,RAISE_D,30,0.80454283952713
28.239988,pitch,1,DEMAND_POS,1.05147159099579,1.70465993881226,3.18609595298767,0.982276320457458,1.01858901977539,0.0598784349858761,1.01858901977539,0.0234024357050657,6,RAISE_D,30,0.80454283952713
28.279988,pitch,1,DEMAND_POS,1.02414846420288,1.70465993881226,3.18609595298767,0.982276320457458,1.01858901977539,0.0598784349858761,1.01858901977539,0.0234024357050657,6,RAISE_D,30,0.80454283952713
28.319988,pitch,1,DEMAND_POS,1.00009059906006,1.70465993881226,3.18609595298767,0.982276320457458,1.01858901977539,0.0598784349858761,1.01858901977539,0.0234024357050657,6,RAISE_D,30,0.80454283952713
28.359988,pitch,1,DEMAND_POS,0.974781334400177,1.70465993881226,3.18609595298767,0.982276320457458,1.01858901977539,0.0598784349858761,1.01858901977539,0.0234024357050657,6,RAISE_D,30,0.80454283952713
28.399988,pitch,1,DEMAND_POS,0.949078023433685,1.70465993881226,3.18609595298767,0.982276320457458,1.01858901977539,0.0598784349858761,1.01858901977539,0.0234024357050657,6,RAISE_D,30,0.80454283952713
28.439988,pitch,1,DEMAND_POS,0.921183049678802,1.70465993881226,3.18609595298767,0.982276320457458,1.01858901977539,0.0598784349858761,1.01858901977539,0.0234024357050657,6,RAISE_D,30,0.80454283952713
28.479988,pitch,1,DEMAND_POS,0.891327917575836,1.70465993881226,3.18609595298767,0.982276320457458,1.01858901977539,0.0598784349858761,1.01858901977539,0.0234024357050657,6,RAISE_D,30,0.80454283952713
28.519988,pitch,1,DEMAND_POS,0.859664261341095,1.70465993881226,3.18609595298767,0.982276320457458,1.01858901977539,0.0598784349858761,1.01858901977539,0.0234024357050657,6,RAISE_D,30,0.80454283952713
28.559988,pitch,1,DEMAND_POS,0.826070129871368,1.70465993881226,3.18609595298767,0.982276320457458,1.01858901977539,0.0598784349858761,1.01858901977539,0.0234024357050657,6,RAISE_D,30,0.80454283952713
28.599988,pitch,1,DEMAND_POS,0.791492640972137,1.70465993881226,3.18609595298767,0.982276320457458,1.01858901977539,0.0598784349858761,1.01858901977539,0.0234024357050657,6,RAISE_D,30,0.80454283952713
28.639988,pitch,1,DEMAND_POS,0.756270945072174,1.70465993881226,3.18609595298767,0.982276320457458,1.01858901977539,0.0598784349858761,1.01858901977539,0.0234024357050657,6,RAISE_D,30,0.80454283952713
28.679988,pitch,1,DEMAND_POS,0.720777332782745,1.70465993881226,3.18609595298767,0.982276320457458,1.01858901977539,0.0598784349858761,1.01858901977539,0.0234024357050657,6,RAISE_D,30,0.80454283952713
28.719988,pitch,1,DEMAND_POS,0.685320138931274,1.70465993881226,3.18609595298767,0.982276320457458,1.01858901977539,0.0598784349858761,1.01858901977539,0.0234024357050657,6,RAISE_D,30,0.80454283952713
28.759988,pitch,1,DEMAND_POS,0.651426732540131,1.70465993881226,3.18609595298767,0.982276320457458,1.01858901977539,0.0598784349858761,1.01858901977539,0.0234024357050657,6,RAISE_D,30,0.80454283952713
28.799988,pitch,1,DEMAND_POS,0.621553182601929,1.70465993881226,3.18609595298767,0.982276320457458,1.01858901977539,0.0598784349858761,1.01858901977539,0.0234024357050657,6,RAISE_D,30,0.80454283952713
28.839988,pitch,1,DEMAND_POS,0.59341961145401,1.70465993881226,3.18609595298767,0.982276320457458,1.01858901977539,0.0598784349858761,1.01858901977539,0.0234024357050657,6,RAISE_D,30,0.80454283952713
28.879988,pitch,1,DEMAND_POS,0.565161466598511,1.70465993881226,3.18609595298767,0.982276320457458,1.01858901977539,0.0598784349858761,1.01858901977539,0.0234024357050657,6,RAISE_D,30,0.80454283952713
28.919988,pitch,1,DEMAND_POS,0.537244439125061,1.70465993881226,3.18609595298767,0.982276320457458,1.01858901977539,0.0598784349858761,1.01858901977539,0.0234024357050657,6,RAISE_D,30,0.80454283952713
28.959988,pitch,0,IDLE,0.509351015090942,1.70465993881226,3.18609595298767,0.982276320457458,1.01858901977539,0.0598784349858761,1.01858901977539,0.0234024357050657,6,RAISE_D,30,0.80454283952713
28.999988,pitch,0,IDLE,0.479370176792145,1,1.04957354068756,1.49900996685028,1.01858901977539,0.0598784349858761,1.01858901977539,0.0304231662303209,6,RAISE_D,30,0.925224244594574
29.039988,pitch,0,IDLE,0.449410021305084,1,1.04957354068756,1.49900996685028,1.01858901977539,0.0598784349858761,1.01858901977539,0.0304231662303209,6,RAISE_D,30,0.925224244594574
29.079988,pitch,0,IDLE,0.420694708824158,1,1.04957354068756,1.49900996685028,1.01858901977539,0.0598784349858761,1.01858901977539,0.0304231662303209,6,RAISE_D,30,0.925224244594574
29.119988,pitch,0,IDLE,0.39314991235733,1,1.04957354068756,1.49900996685028,1.01858901977539,0.0598784349858761,1.01858901977539,0.0304231662303209,6,RAISE_D,30,0.925224244594574
29.159988,pitch,0,IDLE,0.367079108953476,1,1.04957354068756,1.49900996685028,1.01858901977539,0.0598784349858761,1.01858901977539,0.0304231662303209,6,RAISE_D,30,0.925224244594574
29.199988,pitch,0,IDLE,0.344098567962646,1,1.04957354068756,1.49900996685028,1.01858901977539,0.0598784349858761,1.01858901977539,0.0304231662303209,6,RAISE_D,30,0.925224244594574
29.239988,pitch,0,IDLE,0.326463967561722,1,1.04957354068756,1.49900996685028,1.01858901977539,0.0598784349858761,1.01858901977539,0.0304231662303209,6,RAISE_D,30,0.925224244594574
29.279988,pitch,0,IDLE,0.310658901929855,1,1.04957354068756,1.49900996685028,1.01858901977539,0.0598784349858761,1.01858901977539,0.0304231662303209,6,RAISE_D,30,0.925224244594574
29.319988,pitch,0,IDLE,0.296224653720856,1,1.04957354068756,1.49900996685028,1.01858901977539,0.0598784349858761,1.01858901977539,0.0304231662303209,6,RAISE_D,30,0.925224244594574
29.359988,pitch,0,IDLE,0.283146619796753,1,1.04957354068756,1.49900996685028,1.01858901977539,0.0598784349858761,1.01858901977539,0.0304231662303209,6,RAISE_D,30,0.925224244594574
29.399988,pitch,0,IDLE,0.270949900150299,1,1.04957354068756,1.49900996685028,1.01858901977539,0.0598784349858761,1.01858901977539,0.0304231662303209,6,RAISE_D,30,0.925224244594574
29.439988,pitch,0,IDLE,0.259753942489624,1,1.04957354068756,1.49900996685028,1.01858901977539,0.0598784349858761,1.01858901977539,0.0304231662303209,6,RAISE_D,30,0.925224244594574
29.479988,pitch,0,IDLE,0.249966487288475,1,1.04957354068756,1.49900996685028,1.01858901977539,0.0598784349858761,1.01858901977539,0.0304231662303209,6,RAISE_D,30,0.925224244594574
29.519988,pitch,0,IDLE,0.240935698151588,1,1.04957354068756,1.49900996685028,1.01858901977539,0.0598784349858761,1.01858901977539,0.0304231662303209,6,RAISE_D,30,0.925224244594574
29.559988,pitch,0,IDLE,0.233027905225754,1,1.04957354068756,1.49900996685028,1.01858901977539,0.0598784349858761,1.01858901977539,0.0304231662303209,6,RAISE_D,30,0.925224244594574
29.599988,pitch,0,IDLE,0.226295202970505,1,1.04957354068756,1.49900996685028,1.01858901977539,0.0598784349858761,1.01858901977539,0.0304231662303209,6,RAISE_D,30,0.925224244594574
29.639988,pitch,0,IDLE,0.222057744860649,1,1.04957354068756,1.49900996685028,1.01858901977539,0.0598784349858761,1.01858901977539,0.0304231662303209,6,RAISE_D,30,0.925224244594574
29.679988,pitch,0,IDLE,0.22210031747818,1,1.04957354068756,1.49900996685028,1.01858901977539,0.0598784349858761,1.01858901977539,0.0304231662303209,6,RAISE_D,30,0.925224244594574
29.719988,pitch,0,IDLE,0.224400639533997,1,1.04957354068756,1.49900996685028,1.01858901977539,0.0598784349858761,1.01858901977539,0.0304231662303209,6,RAISE_D,30,0.925224244594574
29.759988,pitch,0,IDLE,0.227034911513329,1,1.04957354068756,1.49900996685028,1.01858901977539,0.0598784349858761,1.01858901977539,0.0304231662303209,6,RAISE_D,30,0.925224244594574
29.799988,pitch,0,IDLE,0.230272606015205,1,1.04957354068756,1.49900996685028,1.01858901977539,0.0598784349858761,1.01858901977539,0.0304231662303209,6,RAISE_D,30,0.925224244594574
29.839988,pitch,0,IDLE,0.233589738607407,1,1.04957354068756,1.49900996685028,1.01858901977539,0.0598784349858761,1.01858901977539,0.0304231662303209,6,RAISE_D,30,0.925224244594574
29.879988,pitch,0,IDLE,0.236785873770714,1,1.04957354068756,1.49900996685028,1.01858901977539,0.0598784349858761,1.01858901977539,0.0304231662303209,6,RAISE_D,30,0.925224244594574
29.919988,pitch,0,IDLE,0.239870518445969,1,1.04957354068756,1.49900996685028,1.01858901977539,0.0598784349858761,1.01858901977539,0.0304231662303209,6,RAISE_D,30,0.925224244594574
29.959988,pitch,0,IDLE,0.243748649954796,1,1.04957354068756,1.49900996685028,1.01858901977539,0.0598784349858761,1.01858901977539,0.0304231662303209,6,RAISE_D,30,0.925224244594574
29.999988,pitch,0,IDLE,0.24760265648365,1,1.04957354068756,1.49900996685028,1.01858901977539,0.0598784349858761,1.01858901977539,0.0304231662303209,6,RAISE_D,30,0.925224244594574
30.039988,pitch,0,IDLE,0.134987875819206,1,1.04957354068756,1.49900996685028,1.01858901977539,0.0598784349858761,1.01858901977539,0.0304231662303209,6,RAISE_D,30,0.925224244594574
30.079988,pitch,0,IDLE,-0.023309014737606,1,1.04957354068756,1.49900996685028,1.01858901977539,0.0598784349858761,1.01858901977539,0.0304231662303209,6,RAISE_D,30,0.925224244594574
30.119988,pitch,0,IDLE,-0.180809780955315,1,1.18283474445343,1.49900996685028,1.01858901977539,0.0598784349858761,1.01858901977539,0.0304231662303209,6,RAISE_D,30,0.925224244594574
30.159988,pitch,0,IDLE,-0.319998055696487,1,1.44024085998535,1.49900996685028,1.01858901977539,0.0598784349858761,1.01858901977539,0.0304231662303209,6,RAISE_D,30,0.925224244594574
30.199988,pitch,0,IDLE,-0.43161016702652,1,1.67746639251709,1.49900996685028,1.01858901977539,0.0598784349858761,1.01858901977539,0.0304231662303209,6,RAISE_D,30,0.925224244594574
30.239988,pitch,0,IDLE,-0.510145306587219,1,1.89609336853027,1.49900996685028,1.01858901977539,0.0598784349858761,1.01858901977539,0.0304231662303209,6,RAISE_D,30,0.925224244594574
30.279988,pitch,0,IDLE,-0.558841228485107,1,2.09757995605469,1.49900996685028,1.01858901977539,0.0598784349858761,1.01858901977539,0.0304231662303209,6,RAISE_D,30,0.925224244594574
30.319988,pitch,0,IDLE,-0.580713093280792,1,2.28326988220215,1.49900996685028,1.01858901977539,0.0598784349858761,1.01858901977539,0.0304231662303209,6,RAISE_D,30,0.925224244594574
30.359988,pitch,0,IDLE,-0.579596817493439,1,2.44603228569031,1.49900996685028,1.01858901977539,0.0598784349858761,1.01858901977539,0.0304231662303209,6,RAISE_D,30,0.925224244594574
30.399988,pitch,0,IDLE,-0.559670031070709,1,2.58531785011292,1.49900996685028,1.01858901977539,0.0598784349858761,1.01858901977539,0.0304231662303209,6,RAISE_D,30,0.925224244594574
30.439988,pitch,0,IDLE,-0.524526298046112,1,2.70266485214233,1.49900996685028,1.01858901977539,0.0598784349858761,1.01858901977539,0.0304231662303209,6,RAISE_D,30,0.925224244594574
30.479988,pitch,0,IDLE,-0.47738716006279,1,2.79813861846924,1.49900996685028,1.01858901977539,0.0598784349858761,1.01858901977539,0.0304231662303209,6,RAISE_D,30,0.925224244594574
30.519988,pitch,0,IDLE,-0.422426462173462,1,2.87395572662354,1.49900996685028,1.01858901977539,0.0598784349858761,1.01858901977539,0.0304231662303209,6,RAISE_D,30,0.925224244594574
30.559988,pitch,0,IDLE,-0.361994713544846,1,2.93213891983032,1.49900996685028,1.01858901977539,0.0598784349858761,1.01858901977539,0.0304231662303209,6,RAISE_D,30,0.925224244594574
30.599988,pitch,0,IDLE,-0.299926072359085,1,2.974534034729,1.49900996685028,1.01858901977539,0.0598784349858761,1.01858901977539,0.0304231662303209,6,RAISE_D,30,0.925224244594574
30.639988,pitch,0,IDLE,-0.23875629901886,1,3.00282335281372,1.49900996685028,1.01858901977539,0.0598784349858761,1.01858901977539,0.0304231662303209,6,RAISE_D,30,0.925224244594574
30.679988,pitch,0,IDLE,-0.179184198379517,1,3.0185399055481,1.49900996685028,1.01858901977539,0.0598784349858761,1.01858901977539,0.0304231662303209,6,RAISE_D,30,0.925224244594574
30.719988,pitch,0,IDLE,-0.123042844235897,1,3.02307915687561,1.49900996685028,1.01858901977539,0.0598784349858761,1.01858901977539,0.0304231662303209,6,RAISE_D,30,0.925224244594574
30.759988,pitch,0,IDLE,-0.0717026889324188,1,3.02307915687561,1.49900996685028,1.01858901977539,0.0598784349858761,1.01858901977539,0.0304231662303209,6,RAISE_D,30,0.925224244594574
30.799988,pitch,0,IDLE,-0.0257764719426632,1,3.02307915687561,1.49900996685028,1.01858901977539,0.0598784349858761,1.01858901977539,0.0304231662303209,6,RAISE_D,30,0.925224244594574
30.839988,pitch,0,IDLE,0.0148562788963318,1,3.02307915687561,1.49900996685028,1.01858901977539,0.0598784349858761,1.01858901977539,0.0304231662303209,6,RAISE_D,30,0.925224244594574
30.879988,pitch,0,IDLE,0.0511046834290028,1,3.02307915687561,1.49900996685028,1.01858901977539,0.0598784349858761,1.01858901977539,0.0304231662303209,6,RAISE_D,30,0.925224244594574
30.919988,pitch,0,IDLE,0.0843052938580513,1,3.02307915687561,1.49900996685028,1.01858901977539,0.0598784349858761,1.01858901977539,0.0304231662303209,6,RAISE_D,30,0.925224244594574
30.959988,pitch,0,IDLE,0.114427573978901,1,3.02307915687561,1.49900996685028,1.01858901977539,0.0598784349858761,1.01858901977539,0.0304231662303209,6,RAISE_D,30,0.925224244594574
30.999988,pitch,0,IDLE,0.141600579023361,1,3.02307915687561,1.49900996685028,1.01858901977539,0.0598784349858761,1.01858901977539,0.0304231662303209,6,RAISE_D,30,0.925224244594574
31.039988,pitch,0,IDLE,0.163085952401161,1,3.02307915687561,1.49900996685028,1.01858901977539,0.0598784349858761,1.01858901977539,0.0304231662303209,6,RAISE_D,30,0.925224244594574
31.079988,pitch,0,IDLE,0.177190035581589,1,3.02307915687561,1.49900996685028,1.01858901977539,0.0598784349858761,1.01858901977539,0.0304231662303209,6,RAISE_D,30,0.925224244594574
31.119988,pitch,0,IDLE,0.186120241880417,1,3.02307915687561,1.49900996685028,1.01858901977539,0.0598784349858761,1.01858901977539,0.0304231662303209,6,RAISE_D,30,0.925224244594574
31.159988,pitch,0,IDLE,0.190829381346703,1,3.02307915687561,1.49900996685028,1.01858901977539,0.0598784349858761,1.01858901977539,0.0304231662303209,6,RAISE_D,30,0.925224244594574
31.199988,pitch,0,IDLE,0.192675352096558,1,3.02307915687561,1.49900996685028,1.01858901977539,0.0598784349858761,1.01858901977539,0.0304231662303209,6,RAISE_D,30,0.925224244594574
31.239988,pitch,0,IDLE,0.192533805966377,1,3.02307915687561,1.49900996685028,1.01858901977539,0.0598784349858761,1.01858901977539,0.0304231662303209,6,RAISE_D,30,0.925224244594574
31.279988,pitch,0,IDLE,0.190854787826538,1,3.02307915687561,1.49900996685028,1.01858901977539,0.0598784349858761,1.01858901977539,0.0304231662303209,6,RAISE_D,30,0.925224244594574
31.319988,pitch,0,IDLE,0.188294172286987,1,3.02307915687561,1.49900996685028,1.01858901977539,0.0598784349858761,1.01858901977539,0.0304231662303209,6,RAISE_D,30,0.925224244594574
31.359988,pitch,0,IDLE,0.185555160045624,1,3.02307915687561,1.49900996685028,1.01858901977539,0.0598784349858761,1.01858901977539,0.0304231662303209,6,RAISE_D,30,0.925224244594574
31.399988,pitch,0,IDLE,0.182757258415222,1,3.02307915687561,1.49900996685028,1.01858901977539,0.0598784349858761,1.01858901977539,0.0304231662303209,6,RAISE_D,30,0.925224244594574
31.439988,pitch,0,IDLE,0.180014133453369,1,3.02307915687561,1.49900996685028,1.01858901977539,0.0598784349858761,1.01858901977539,0.0304231662303209,6,RAISE_D,30,0.925224244594574
31.479988,pitch,0,IDLE,0.177303239703178,1,3.02307915687561,1.49900996685028,1.01858901977539,0.0598784349858761,1.01858901977539,0.0304231662303209,6,RAISE_D,30,0.925224244594574
31.519988,pitch,0,IDLE,0.174767851829529,1,3.02307915687561,1.49900996685028,1.01858901977539,0.0598784349858761,1.01858901977539,0.0304231662303209,6,RAISE_D,30,0.925224244594574
31.559988,pitch,0,IDLE,0.172055676579475,1,3.02307915687561,1.49900996685028,1.01858901977539,0.0598784349858761,1.01858901977539,0.0304231662303209,6,RAISE_D,30,0.925224244594574
31.599988,pitch,0,IDLE,0.169054642319679,1,3.02307915687561,1.49900996685028,1.01858901977539,0.0598784349858761,1.01858901977539,0.0304231662303209,6,RAISE_D,30,0.925224244594574
31.639988,pitch,0,IDLE,0.117233797907829,1,3.02307915687561,1.49900996685028,1.01858901977539,0.0598784349858761,1.01858901977539,0.0304231662303209,6,RAISE_D,30,0.925224244594574
31.679988,pitch,0,IDLE,-0.0389412567019463,1,3.02307915687561,1.49900996685028,1.01858901977539,0.0598784349858761,1.01858901977539,0.0304231662303209,6,RAISE_D,30,0.925224244594574
31.719988,pitch,0,IDLE,-0.213824510574341,1,3.02307915687561,1.49900996685028,1.01858901977539,0.0598784349858761,1.01858901977539,0.0304231662303209,6,RAISE_D,30,0.925224244594574
31.759988,pitch,0,IDLE,-0.381645977497101,1,3.02307915687561,1.49900996685028,1.01858901977539,0.0598784349858761,1.01858901977539,0.0304231662303209,6,RAISE_D,30,0.925224244594574
31.799988,pitch,2,DEMAND_NEG,-0.532913088798523,1,3.02307915687561,1.49900996685028,1.01858901977539,0.0598784349858761,1.01858901977539,0.0304231662303209,6,RAISE_D,30,0.925224244594574
31.839988,pitch,2,DEMAND_NEG,-0.662786841392517,1,3.02307915687561,1.49900996685028,1.01858901977539,0.0598784349858761,1.01858901977539,0.0304231662303209,6,RAISE_D,30,0.925224244594574
31.879988,pitch,2,DEMAND_NEG,-0.769631385803223,1,3.02307915687561,1.49900996685028,1.01858901977539,0.0598784349858761,1.01858901977539,0.0304231662303209,6,RAISE_D,30,0.925224244594574
31.919988,pitch,2,DEMAND_NEG,-0.852519094944,1,3.02307915687561,1.49900996685028,1.01858901977539,0.0598784349858761,1.01858901977539,0.0304231662303209,6,RAISE_D,30,0.925224244594574
31.959988,pitch,2,DEMAND_NEG,-0.912175536155701,1,3.02307915687561,1.49900996685028,1.01858901977539,0.0598784349858761,1.01858901977539,0.0304231662303209,6,RAISE_D,30,0.925224244594574
31.999988,pitch,2,DEMAND_NEG,-0.950926184654236,1,3.02307915687561,1.49900996685028,1.01858901977539,0.0598784349858761,1.01858901977539,0.0304231662303209,6,RAISE_D,30,0.925224244594574
32.039988,pitch,2,DEMAND_NEG,-0.973349630832672,1,3.02307915687561,1.49900996685028,1.01858901977539,0.0598784349858761,1.01858901977539,0.0304231662303209,6,RAISE_D,30,0.925224244594574
32.079988,pitch,2,DEMAND_NEG,-0.985181152820587,1,3.06488871574402,1.49900996685028,1.01858901977539,0.0598784349858761,1.01858901977539,0.0304231662303209,6,RAISE_D,30,0.925224244594574
32.119988,pitch,2,DEMAND_NEG,-0.985581815242767,1,3.12246322631836,1.49900996685028,1.01858901977539,0.0598784349858761,1.01858901977539,0.0304231662303209,6,RAISE_D,30,0.925224244594574
32.159988,pitch,2,DEMAND_NEG,-0.976858556270599,1,3.16372847557068,1.49900996685028,1.01858901977539,0.0598784349858761,1.01858901977539,0.0304231662303209,6,RAISE_D,30,0.925224244594574
32.199988,pitch,2,DEMAND_NEG,-0.96073991060257,1,3.19043040275574,1.49900996685028,1.01858901977539,0.0598784349858761,1.01858901977539,0.0304231662303209,6,RAISE_D,30,0.925224244594574
32.239988,pitch,2,DEMAND_NEG,-0.939166307449341,1,3.20415925979614,1.49900996685028,1.01858901977539,0.0598784349858761,1.01858901977539,0.0304231662303209,6,RAISE_D,30,0.925224244594574
32.279988,pitch,2,DEMAND_NEG,-0.913754880428314,1,3.20661640167236,1.49900996685028,1.01858901977539,0.0598784349858761,1.01858901977539,0.0304231662303209,6,RAISE_D,30,0.925224244594574
32.319988,pitch,2,DEMAND_NEG,-0.885043799877167,1,3.20661640167236,1.49900996685028,1.01858901977539,0.0598784349858761,1.01858901977539,0.0304231662303209,6,RAISE_D,30,0.925224244594574
32.359988,pitch,2,DEMAND_NEG,-0.853824436664581,1,3.20661640167236,1.49900996685028,1.01858901977539,0.0598784349858761,1.01858901977539,0.0304231662303209,6,RAISE_D,30,0.925224244594574
32.399988,pitch,2,DEMAND_NEG,-0.820682048797607,1,3.20661640167236,1.49900996685028,1.01858901977539,0.0598784349858761,1.01858901977539,0.0304231662303209,6,RAISE_D,30,0.925224244594574
32.439988,pitch,2,DEMAND_NEG,-0.786138772964478,1,3.20661640167236,1.49900996685028,1.01858901977539,0.0598784349858761,1.01858901977539,0.0304231662303209,6,RAISE_D,30,0.925224244594574
32.479988,pitch,2,DEMAND_NEG,-0.750342726707458,1,3.20661640167236,1.49900996685028,1.01858901977539,0.0598784349858761,1.01858901977539,0.0304231662303209,6,RAISE_D,30,0.925224244594574
32.519988,pitch,2,DEMAND_NEG,-0.71344792842865,1,3.20661640167236,1.49900996685028,1.01858901977539,0.0598784349858761,1.01858901977539,0.0304231662303209,6,RAISE_D,30,0.925224244594574
32.559988,pitch,2,DEMAND_NEG,-0.675295114517212,1,3.20661640167236,1.49900996685028,1.01858901977539,0.0598784349858761,1.01858901977539,0.0304231662303209,6,RAISE_D,30,0.925224244594574
32.599988,pitch,2,DEMAND_NEG,-0.636934757232666,1,3.20661640167236,1.49900996685028,1.01858901977539,0.0598784349858761,1.01858901977539,0.0304231662303209,6,RAISE_D,30,0.925224244594574
32.639988,pitch,2,DEMAND_NEG,-0.599389672279358,1,3.20661640167236,1.49900996685028,1.01858901977539,0.0598784349858761,1.01858901977539,0.0304231662303209,6,RAISE_D,30,0.925224244594574
32.679988,pitch,2,DEMAND_NEG,-0.565208375453949,1,3.20661640167236,1.49900996685028,1.01858901977539,0.0598784349858761,1.01858901977539,0.0304231662303209,6,RAISE_D,30,0.925224244594574
32.719988,pitch,2,DEMAND_NEG,-0.537050366401672,1,3.20661640167236,1.49900996685028,1.01858901977539,0.0598784349858761,1.01858901977539,0.0304231662303209,6,RAISE_D,30,0.925224244594574
32.759988,pitch,2,DEMAND_NEG,-0.517026782035828,1,3.20661640167236,1.49900996685028,1.01858901977539,0.0598784349858761,1.01858901977539,0.0304231662303209,6,RAISE_D,30,0.925224244594574
32.799988,pitch,2,DEMAND_NEG,-0.501918613910675,1,3.20661640167236,1.49900996685028,1.01858901977539,0.0598784349858761,1.01858901977539,0.0304231662303209,6,RAISE_D,30,0.925224244594574
32.839988,pitch,2,DEMAND_NEG,-0.490813404321671,1,3.20661640167236,1.49900996685028,1.01858901977539,0.0598784349858761,1.01858901977539,0.0304231662303209,6,RAISE_D,30,0.925224244594574
32.879988,pitch,2,DEMAND_NEG,-0.482749789953232,1,3.20661640167236,1.49900996685028,1.01858901977539,0.0598784349858761,1.01858901977539,0.0304231662303209,6,RAISE_D,30,0.925224244594574
32.919988,pitch,2,DEMAND_NEG,-0.476374387741089,1,3.20661640167236,1.49900996685028,1.01858901977539,0.0598784349858761,1.01858901977539,0.0304231662303209,6,RAISE_D,30,0.925224244594574
32.959988,pitch,2,DEMAND_NEG,-0.47137388586998,1,3.20661640167236,1.49900996685028,1.01858901977539,0.0598784349858761,1.01858901977539,0.0304231662303209,6,RAISE_D,30,0.925224244594574
32.999988,pitch,2,DEMAND_NEG,-0.466480910778046,1,3.20661640167236,1.49900996685028,1.01858901977539,0.0598784349858761,1.01858901977539,0.0304231662303209,6,RAISE_D,30,0.925224244594574
33.039988,pitch,2,DEMAND_NEG,-0.461588829755783,1,3.20661640167236,1.49900996685028,1.01858901977539,0.0598784349858761,1.01858901977539,0.0304231662303209,6,RAISE_D,30,0.925224244594574
33.079988,pitch,2,DEMAND_NEG,-0.457465291023254,1,3.20661640167236,1.49900996685028,1.01858901977539,0.0598784349858761,1.01858901977539,0.0304231662303209,6,RAISE_D,30,0.925224244594574
33.119988,pitch,2,DEMAND_NEG,-0.453433036804199,1,3.20661640167236,1.49900996685028,1.01858901977539,0.0598784349858761,1.01858901977539,0.0304231662303209,6,RAISE_D,30,0.925224244594574
33.159988,pitch,2,DEMAND_NEG,-0.449366092681885,1,3.20661640167236,1.49900996685028,1.01858901977539,0.0598784349858761,1.01858901977539,0.0304231662303209,6,RAISE_D,30,0.925224244594574
33.199988,pitch,2,DEMAND_NEG,-0.446530431509018,1,3.20661640167236,1.49900996685028,1.01858901977539,0.0598784349858761,1.01858901977539,0.0304231662303209,6,RAISE_D,30,0.925224244594574
33.239988,pitch,2,DEMAND_NEG,-0.447553753852844,1,3.20661640167236,1.49900996685028,1.01858901977539,0.0598784349858761,1.01858901977539,0.0304231662303209,6,RAISE_D,30,0.925224244594574
33.279988,pitch,2,DEMAND_NEG,-0.449481308460236,1,3.20661640167236,1.49900996685028,1.01858901977539,0.0598784349858761,1.01858901977539,0.0304231662303209,6,RAISE_D,30,0.925224244594574
33.319988,pitch,2,DEMAND_NEG,-0.451462179422379,1,3.20661640167236,1.49900996685028,1.01858901977539,0.0598784349858761,1.01858901977539,0.0304231662303209,6,RAISE_D,30,0.925224244594574
33.359988,pitch,2,DEMAND_NEG,-0.45354288816452,1,3.20661640167236,1.49900996685028,1.01858901977539,0.0598784349858761,1.01858901977539,0.0304231662303209,6,RAISE_D,30,0.925224244594574
33.399988,pitch,2,DEMAND_NEG,-0.456175893545151,1,3.20661640167236,1.49900996685028,1.01858901977539,0.0598784349858761,1.01858901977539,0.0304231662303209,6,RAISE_D,30,0.925224244594574
33.439988,pitch,2,DEMAND_NEG,-0.458790689706802,1,3.20661640167236,1.49900996685028,1.01858901977539,0.0598784349858761,1.01858901977539,0.0304231662303209,6,RAISE_D,30,0.925224244594574
33.479988,pitch,2,DEMAND_NEG,-0.461592614650726,1,3.20661640167236,1.49900996685028,1.01858901977539,0.0598784349858761,1.01858901977539,0.0304231662303209,6,RAISE_D,30,0.925224244594574
33.519988,pitch,2,DEMAND_NEG,-0.46493873000145,1,3.20661640167236,1.49900996685028,1.01858901977539,0.0598784349858761,1.01858901977539,0.0304231662303209,6,RAISE_D,30,0.925224244594574
33.559988,pitch,2,DEMAND_NEG,-0.46906253695488,1,3.20661640167236,1.49900996685028,1.01858901977539,0.0598784349858761,1.01858901977539,0.0304231662303209,6,RAISE_D,30,0.925224244594574
33.599988,pitch,2,DEMAND_NEG,-0.473721116781235,1,3.20661640167236,1.49900996685028,1.01858901977539,0.0598784349858761,1.01858901977539,0.0304231662303209,6,RAISE_D,30,0.925224244594574
33.639988,pitch,2,DEMAND_NEG,-0.478946894407272,1,3.20661640167236,1.49900996685028,1.01858901977539,0.0598784349858761,1.01858901977539,0.0304231662303209,6,RAISE_D,30,0.925224244594574
33.679988,pitch,2,DEMAND_NEG,-0.484858155250549,1,3.20661640167236,1.49900996685028,1.01858901977539,0.0598784349858761,1.01858901977539,0.0304231662303209,6,RAISE_D,30,0.925224244594574
33.719988,pitch,2,DEMAND_NEG,-0.49110335111618,1,3.20661640167236,1.49900996685028,1.01858901977539,0.0598784349858761,1.01858901977539,0.0304231662303209,6,RAISE_D,30,0.925224244594574
33.759988,pitch,2,DEMAND_NEG,-0.499724239110947,1,3.20661640167236,1.49900996685028,1.01858901977539,0.0598784349858761,1.01858901977539,0.0304231662303209,6,RAISE_D,30,0.925224244594574
33.799988,pitch,2,DEMAND_NEG,-0.513080477714539,1,3.20661640167236,1.49900996685028,1.01858901977539,0.0598784349858761,1.01858901977539,0.0304231662303209,6,RAISE_D,30,0.925224244594574
33.839988,pitch,2,DEMAND_NEG,-0.527624249458313,1,3.20661640167236,1.49900996685028,1.01858901977539,0.0598784349858761,1.01858901977539,0.0304231662303209,6,RAISE_D,30,0.925224244594574
33.879988,pitch,2,DEMAND_NEG,-0.542264819145203,1,3.20661640167236,1.49900996685028,1.01858901977539,0.0598784349858761,1.01858901977539,0.0304231662303209,6,RAISE_D,30,0.925224244594574
33.919988,pitch,2,DEMAND_NEG,-0.556802690029144,1,3.20661640167236,1.49900996685028,1.01858901977539,0.0598784349858761,1.01858901977539,0.0304231662303209,6,RAISE_D,30,0.925224244594574
33.959988,pitch,2,DEMAND_NEG,-0.5716472864151,1,3.20661640167236,1.49900996685028,1.01858901977539,0.0598784349858761,1.01858901977539,0.0304231662303209,6,RAISE_D,30,0.925224244594574
33.999988,pitch,2,DEMAND_NEG,-0.586700320243835,1,3.20661640167236,1.49900996685028,1.01858901977539,0.0598784349858761,1.01858901977539,0.0304231662303209,6,RAISE_D,30,0.925224244594574
34.039988,pitch,2,DEMAND_NEG,-0.601733684539795,1,3.20661640167236,1.49900996685028,1.01858901977539,0.0598784349858761,1.01858901977539,0.0304231662303209,6,RAISE_D,30,0.925224244594574
34.079988,pitch,2,DEMAND_NEG,-0.616891264915466,1,3.20661640167236,1.49900996685028,1.01858901977539,0.0598784349858761,1.01858901977539,0.0304231662303209,6,RAISE_D,30,0.925224244594574
34.119988,pitch,2,DEMAND_NEG,-0.632161736488342,1,3.20661640167236,1.49900996685028,1.01858901977539,0.0598784349858761,1.01858901977539,0.0304231662303209,6,RAISE_D,30,0.925224244594574
34.159988,pitch,2,DEMAND_NEG,-0.647092342376709,1,3.20661640167236,1.49900996685028,1.01858901977539,0.0598784349858761,1.01858901977539,0.0304231662303209,6,RAISE_D,30,0.925224244594574
34.199988,pitch,2,DEMAND_NEG,-0.660275876522064,1,3.20661640167236,1.49900996685028,1.01858901977539,0.0598784349858761,1.01858901977539,0.0304231662303209,6,RAISE_D,30,0.925224244594574
34.239988,pitch,2,DEMAND_NEG,-0.670100748538971,1,3.20661640167236,1.49900996685028,1.01858901977539,0.0598784349858761,1.01858901977539,0.0304231662303209,6,RAISE_D,30,0.925224244594574
34.279988,pitch,2,DEMAND_NEG,-0.675217509269714,1,3.20661640167236,1.49900996685028,1.01858901977539,0.0598784349858761,1.01858901977539,0.0304231662303209,6,RAISE_D,30,0.925224244594574
34.319988,pitch,2,DEMAND_NEG,-0.675343990325928,1,3.20661640167236,1.49900996685028,1.01858901977539,0.0598784349858761,1.01858901977539,0.0304231662303209,6,RAISE_D,30,0.925224244594574
34.359988,pitch,0,IDLE,-0.554597795009613,1,1,0.870088517665863,1.01858901977539,0.0598784349858761,1.01858901977539,0.0395501144230366,6,RAISE_D,30,1.06400787830353
34.399988,pitch,0,IDLE,-0.393757343292236,1,1.00538325309753,0.870088517665863,1.01858901977539,0.0598784349858761,1.01858901977539,0.0395501144230366,6,RAISE_D,30,1.06400787830353
34.439988,pitch,0,IDLE,-0.232977703213692,1,1.26976108551025,0.870088517665863,1.01858901977539,0.0598784349858761,1.01858901977539,0.0395501144230366,6,RAISE_D,30,1.06400787830353
34.479988,pitch,0,IDLE,-0.085280604660511,1,1.51798796653748,0.870088517665863,1.01858901977539,0.0598784349858761,1.01858901977539,0.0395501144230366,6,RAISE_D,30,1.06400787830353
34.519988,pitch,0,IDLE,0.0437242090702057,1,1.74675381183624,0.870088517665863,1.01858901977539,0.0598784349858761,1.01858901977539,0.0395501144230366,6,RAISE_D,30,1.06400787830353
34.559988,pitch,0,IDLE,0.15140488743782,1,1.95758438110352,0.870088517665863,1.01858901977539,0.0598784349858761,1.01858901977539,0.0395501144230366,6,RAISE_D,30,1.06400787830353
34.599988,pitch,0,IDLE,0.238156110048294,1,2.15188598632812,0.870088517665863,1.01858901977539,0.0598784349858761,1.01858901977539,0.0395501144230366,6,RAISE_D,30,1.06400787830353
34.639988,pitch,0,IDLE,0.305925637483597,1,2.33095407485962,0.870088517665863,1.01858901977539,0.0598784349858761,1.01858901977539,0.0395501144230366,6,RAISE_D,30,1.06400787830353
34.679988,pitch,0,IDLE,0.356059908866882,1,2.48742628097534,0.870088517665863,1.01858901977539,0.0598784349858761,1.01858901977539,0.0395501144230366,6,RAISE_D,30,1.06400787830353
34.719988,pitch,0,IDLE,0.389823347330093,1,2.62067461013794,0.870088517665863,1.01858901977539,0.0598784349858761,1.01858901977539,0.0395501144230366,6,RAISE_D,30,1.06400787830353
34.759988,pitch,0,IDLE,0.411749839782715,1,2.7329535484314,0.870088517665863,1.01858901977539,0.0598784349858761,1.01858901977539,0.0395501144230366,6,RAISE_D,30,1.06400787830353
34.799988,pitch,0,IDLE,0.424730479717255,1,2.82444763183594,0.870088517665863,1.01858901977539,0.0598784349858761,1.01858901977539,0.0395501144230366,6,RAISE_D,30,1.06400787830353
34.839988,pitch,0,IDLE,0.430889636278152,1,2.89666056632996,0.870088517665863,1.01858901977539,0.0598784349858761,1.01858901977539,0.0395501144230366,6,RAISE_D,30,1.06400787830353
34.879988,pitch,0,IDLE,0.432065516710281,1,2.95158362388611,0.870088517665863,1.01858901977539,0.0598784349858761,1.01858901977539,0.0395501144230366,6,RAISE_D,30,1.06400787830353
34.919988,pitch,0,IDLE,0.429340451955795,1,2.99103236198425,0.870088517665863,1.01858901977539,0.0598784349858761,1.01858901977539,0.0395501144230366,6,RAISE_D,30,1.06400787830353
34.959988,pitch,0,IDLE,0.423361837863922,1,3.01666283607483,0.870088517665863,1.01858901977539,0.0598784349858761,1.01858901977539,0.0395501144230366,6,RAISE_D,30,1.06400787830353
34.999988,pitch,0,IDLE,0.415079861879349,1,3.02998280525208,0.870088517665863,1.01858901977539,0.0598784349858761,1.01858901977539,0.0395501144230366,6,RAISE_D,30,1.06400787830353
35.039988,pitch,0,IDLE,0.404670804738998,1,3.0324604511261,0.870088517665863,1.01858901977539,0.0598784349858761,1.01858901977539,0.0395501144230366,6,RAISE_D,30,1.06400787830353
35.079988,pitch,0,IDLE,0.392467796802521,1,3.0324604511261,0.870088517665863,1.01858901977539,0.0598784349858761,1.01858901977539,0.0395501144230366,6,RAISE_D,30,1.06400787830353
35.119988,pitch,0,IDLE,0.378441393375397,1,3.0324604511261,0.870088517665863,1.01858901977539,0.0598784349858761,1.01858901977539,0.0395501144230366,6,RAISE_D,30,1.06400787830353
35.159988,pitch,0,IDLE,0.363077461719513,1,3.0324604511261,0.870088517665863,1.01858901977539,0.0598784349858761,1.01858901977539,0.0395501144230366,6,RAISE_D,30,1.06400787830353
35.199988,pitch,0,IDLE,0.346377372741699,1,3.0324604511261,0.870088517665863,1.01858901977539,0.0598784349858761,1.01858901977539,0.0395501144230366,6,RAISE_D,30,1.06400787830353
35.239988,pitch,0,IDLE,0.32819190621376,1,3.0324604511261,0.870088517665863,1.01858901977539,0.0598784349858761,1.01858901977539,0.0395501144230366,6,RAISE_D,30,1.06400787830353
35.279988,pitch,0,IDLE,0.308651387691498,1,3.0324604511261,0.870088517665863,1.01858901977539,0.0598784349858761,1.01858901977539,0.0395501144230366,6,RAISE_D,30,1.06400787830353
35.319988,pitch,0,IDLE,0.28779673576355,1,3.0324604511261,0.870088517665863,1.01858901977539,0.0598784349858761,1.01858901977539,0.0395501144230366,6,RAISE_D,30,1.06400787830353
35.359988,pitch,0,IDLE,0.26576155424118,1,3.0324604511261,0.870088517665863,1.01858901977539,0.0598784349858761,1.01858901977539,0.0395501144230366,6,RAISE_D,30,1.06400787830353
35.399988,pitch,0,IDLE,0.243129119277,1,3.0324604511261,0.870088517665863,1.01858901977539,0.0598784349858761,1.01858901977539,0.0395501144230366,6,RAISE_D,30,1.06400787830353
35.439988,pitch,0,IDLE,0.219651713967323,1,3.0324604511261,0.870088517665863,1.01858901977539,0.0598784349858761,1.01858901977539,0.0395501144230366,6,RAISE_D,30,1.06400787830353
35.479988,pitch,0,IDLE,0.195310518145561,1,3.0324604511261,0.870088517665863,1.01858901977539,0.0598784349858761,1.01858901977539,0.0395501144230366,6,RAISE_D,30,1.06400787830353
35.519988,pitch,0,IDLE,0.170166805386543,1,3.0324604511261,0.870088517665863,1.01858901977539,0.0598784349858761,1.01858901977539,0.0395501144230366,6,RAISE_D,30,1.06400787830353
35.559988,pitch,0,IDLE,0.144298613071442,1,3.0324604511261,0.870088517665863,1.01858901977539,0.0598784349858761,1.01858901977539,0.0395501144230366,6,RAISE_D,30,1.06400787830353
35.599988,pitch,0,IDLE,0.117447279393673,1,3.0324604511261,0.870088517665863,1.01858901977539,0.0598784349858761,1.01858901977539,0.0395501144230366,6,RAISE_D,30,1.06400787830353
35.639988,pitch,0,IDLE,0.0900480374693871,1,3.0324604511261,0.870088517665863,1.01858901977539,0.0598784349858761,1.01858901977539,0.0395501144230366,6,RAISE_D,30,1.06400787830353
35.679988,pitch,0,IDLE,0.0622589513659477,1,3.0324604511261,0.870088517665863,1.01858901977539,0.0598784349858761,1.01858901977539,0.0395501144230366,6,RAISE_D,30,1.06400787830353
35.719988,pitch,0,IDLE,0.0342741198837757,1,3.0324604511261,0.870088517665863,1.01858901977539,0.0598784349858761,1.01858901977539,0.0395501144230366,6,RAISE_D,30,1.06400787830353
35.759988,pitch,0,IDLE,0.0060528852045536,1,3.0324604511261,0.870088517665863,1.01858901977539,0.0598784349858761,1.01858901977539,0.0395501144230366,6,RAISE_D,30,1.06400787830353
35.799988,pitch,0,IDLE,-0.0221804417669773,1,3.0324604511261,0.870088517665863,1.01858901977539,0.0598784349858761,1.01858901977539,0.0395501144230366,6,RAISE_D,30,1.06400787830353
35.839988,pitch,0,IDLE,-0.0468615628778934,1,3.0324604511261,0.870088517665863,1.01858901977539,0.0598784349858761,1.01858901977539,0.0395501144230366,6,RAISE_D,30,1.06400787830353
35.879988,pitch,0,IDLE,-0.0686501562595367,1,3.0324604511261,0.870088517665863,1.01858901977539,0.0598784349858761,1.01858901977539,0.0395501144230366,6,RAISE_D,30,1.06400787830353
35.919988,pitch,0,IDLE,-0.0863244235515594,1,3.0324604511261,0.870088517665863,1.01858901977539,0.0598784349858761,1.01858901977539,0.0395501144230366,6,RAISE_D,30,1.06400787830353
35.959988,pitch,0,IDLE,-0.0588894449174404,1,3.0324604511261,0.870088517665863,1.01858901977539,0.0598784349858761,1.01858901977539,0.0395501144230366,6,RAISE_D,30,1.06400787830353
35.999988,pitch,0,IDLE,0.0586029961705208,1,3.0324604511261,0.870088517665863,1.01858901977539,0.0598784349858761,1.01858901977539,0.0395501144230366,6,RAISE_D,30,1.06400787830353
36.039988,pitch,0,IDLE,0.193790644407272,1,3.0324604511261,0.870088517665863,1.01858901977539,0.0598784349858761,1.01858901977539,0.0395501144230366,6,RAISE_D,30,1.06400787830353
36.079988,pitch,0,IDLE,0.325603872537613,1,3.0324604511261,0.870088517665863,1.01858901977539,0.0598784349858761,1.01858901977539,0.0395501144230366,6,RAISE_D,30,1.06400787830353
36.119988,pitch,0,IDLE,0.444724202156067,1,3.0324604511261,0.870088517665863,1.01858901977539,0.0598784349858761,1.01858901977539,0.0395501144230366,6,RAISE_D,30,1.06400787830353
36.159988,pitch,0,IDLE,0.547443628311157,1,3.0324604511261,0.870088517665863,1.01858901977539,0.0598784349858761,1.01858901977539,0.0395501144230366,6,RAISE_D,30,1.06400787830353
36.199988,pitch,0,IDLE,0.632099568843842,1,3.0324604511261,0.870088517665863,1.01858901977539,0.0598784349858761,1.01858901977539,0.0395501144230366,6,RAISE_D,30,1.06400787830353
36.239988,pitch,0,IDLE,0.699194729328156,1,3.0324604511261,0.870088517665863,1.01858901977539,0.0598784349858761,1.01858901977539,0.0395501144230366,6,RAISE_D,30,1.06400787830353
36.279988,pitch,0,IDLE,0.751066029071808,1,3.0324604511261,0.870088517665863,1.01858901977539,0.0598784349858761,1.01858901977539,0.0395501144230366,6,RAISE_D,30,1.06400787830353
36.319988,pitch,0,IDLE,0.789414763450623,1,3.0324604511261,0.870088517665863,1.01858901977539,0.0598784349858761,1.01858901977539,0.0395501144230366,6,RAISE_D,30,1.06400787830353
36.359988,pitch,0,IDLE,0.816678524017334,1,3.0324604511261,0.870088517665863,1.01858901977539,0.0598784349858761,1.01858901977539,0.0395501144230366,6,RAISE_D,30,1.06400787830353
36.399988,pitch,0,IDLE,0.834864795207977,1,3.0324604511261,0.870088517665863,1.01858901977539,0.0598784349858761,1.01858901977539,0.0395501144230366,6,RAISE_D,30,1.06400787830353
36.439988,pitch,0,IDLE,0.846140027046204,1,3.0324604511261,0.870088517665863,1.01858901977539,0.0598784349858761,1.01858901977539,0.0395501144230366,6,RAISE_D,30,1.06400787830353
36.479988,pitch,0,IDLE,0.851776897907257,1,3.07028651237488,0.870088517665863,1.01858901977539,0.0598784349858761,1.01858901977539,0.0395501144230366,6,RAISE_D,30,1.06400787830353
36.519988,pitch,0,IDLE,0.853685200214386,1,3.09555411338806,0.870088517665863,1.01858901977539,0.0598784349858761,1.01858901977539,0.0395501144230366,6,RAISE_D,30,1.06400787830353
36.559988,pitch,0,IDLE,0.852839529514313,1,3.10830807685852,0.870088517665863,1.01858901977539,0.0598784349858761,1.01858901977539,0.0395501144230366,6,RAISE_D,30,1.06400787830353
36.599988,pitch,0,IDLE,0.849822878837585,1,3.11043429374695,0.870088517665863,1.01858901977539,0.0598784349858761,1.01858901977539,0.0395501144230366,6,RAISE_D,30,1.06400787830353
36.639988,pitch,0,IDLE,0.845142126083374,1,3.11043429374695,0.870088517665863,1.01858901977539,0.0598784349858761,1.01858901977539,0.0395501144230366,6,RAISE_D,30,1.06400787830353
36.679988,pitch,0,IDLE,0.838939785957336,1,3.11043429374695,0.870088517665863,1.01858901977539,0.0598784349858761,1.01858901977539,0.0395501144230366,6,RAISE_D,30,1.06400787830353
36.719988,pitch,0,IDLE,0.831957042217255,1,3.11043429374695,0.870088517665863,1.01858901977539,0.0598784349858761,1.01858901977539,0.0395501144230366,6,RAISE_D,30,1.06400787830353
36.759988,pitch,0,IDLE,0.824608087539673,1,3.11043429374695,0.870088517665863,1.01858901977539,0.0598784349858761,1.01858901977539,0.0395501144230366,6,RAISE_D,30,1.06400787830353
36.799988,pitch,0,IDLE,0.820209205150604,1,3.11043429374695,0.870088517665863,1.01858901977539,0.0598784349858761,1.01858901977539,0.0395501144230366,6,RAISE_D,30,1.06400787830353
36.839988,pitch,0,IDLE,0.816826105117798,1,3.11043429374695,0.870088517665863,1.01858901977539,0.0598784349858761,1.01858901977539,0.0395501144230366,6,RAISE_D,30,1.06400787830353
36.879988,pitch,0,IDLE,0.812496840953827,1,3.11043429374695,0.870088517665863,1.01858901977539,0.0598784349858761,1.01858901977539,0.0395501144230366,6,RAISE_D,30,1.06400787830353
36.919988,pitch,0,IDLE,0.807683408260345,1,3.11043429374695,0.870088517665863,1.01858901977539,0.0598784349858761,1.01858901977539,0.0395501144230366,6,RAISE_D,30,1.06400787830353
36.959988,pitch,0,IDLE,0.801525056362152,1,3.11043429374695,0.870088517665863,1.01858901977539,0.0598784349858761,1.01858901977539,0.0395501144230366,6,RAISE_D,30,1.06400787830353
36.999988,pitch,0,IDLE,0.794251620769501,1,3.11043429374695,0.870088517665863,1.01858901977539,0.0598784349858761,1.01858901977539,0.0395501144230366,6,RAISE_D,30,1.06400787830353
37.039988,pitch,0,IDLE,0.786202609539032,1,3.11043429374695,0.870088517665863,1.01858901977539,0.0598784349858761,1.01858901977539,0.0395501144230366,6,RAISE_D,30,1.06400787830353
37.079988,pitch,0,IDLE,0.777169585227966,1,3.11043429374695,0.870088517665863,1.01858901977539,0.0598784349858761,1.01858901977539,0.0395501144230366,6,RAISE_D,30,1.06400787830353
37.119988,pitch,0,IDLE,0.767579615116119,1,3.11043429374695,0.870088517665863,1.01858901977539,0.0598784349858761,1.01858901977539,0.0395501144230366,6,RAISE_D,30,1.06400787830353
37.159988,pitch,0,IDLE,0.757148385047913,1,3.11043429374695,0.870088517665863,1.01858901977539,0.0598784349858761,1.01858901977539,0.0395501144230366,6,RAISE_D,30,1.06400787830353
37.199988,pitch,0,IDLE,0.746332287788391,1,3.11043429374695,0.870088517665863,1.01858901977539,0.0598784349858761,1.01858901977539,0.0395501144230366,6,RAISE_D,30,1.06400787830353
37.239988,pitch,0,IDLE,0.735374331474304,1,3.11043429374695,0.870088517665863,1.01858901977539,0.0598784349858761,1.01858901977539,0.0395501144230366,6,RAISE_D,30,1.06400787830353
37.279988,pitch,0,IDLE,0.723946988582611,1,3.11043429374695,0.870088517665863,1.01858901977539,0.0598784349858761,1.01858901977539,0.0395501144230366,6,RAISE_D,30,1.06400787830353
37.319988,pitch,0,IDLE,0.712668657302856,1,3.11043429374695,0.870088517665863,1.01858901977539,0.0598784349858761,1.01858901977539,0.0395501144230366,6,RAISE_D,30,1.06400787830353
37.359988,pitch,0,IDLE,0.701307475566864,1,3.11043429374695,0.870088517665863,1.01858901977539,0.0598784349858761,1.01858901977539,0.0395501144230366,6,RAISE_D,30,1.06400787830353
37.399988,pitch,0,IDLE,0.689938068389893,1,3.11043429374695,0.870088517665863,1.01858901977539,0.0598784349858761,1.01858901977539,0.0395501144230366,6,RAISE_D,30,1.06400787830353
37.439988,pitch,0,IDLE,0.679090738296509,1,3.11043429374695,0.870088517665863,1.01858901977539,0.0598784349858761,1.01858901977539,0.0395501144230366,6,RAISE_D,30,1.06400787830353
37.479988,pitch,0,IDLE,0.671570658683777,1,3.11043429374695,0.870088517665863,1.01858901977539,0.0598784349858761,1.01858901977539,0.0395501144230366,6,RAISE_D,30,1.06400787830353
37.519988,pitch,0,IDLE,0.665567219257355,1,3.11043429374695,0.870088517665863,1.01858901977539,0.0598784349858761,1.01858901977539,0.0395501144230366,6,RAISE_D,30,1.06400787830353
37.559988,pitch,0,IDLE,0.660251677036285,1,3.11043429374695,0.870088517665863,1.01858901977539,0.0598784349858761,1.01858901977539,0.0395501144230366,6,RAISE_D,30,1.06400787830353
37.599988,pitch,0,IDLE,0.655215084552765,1,3.11043429374695,0.870088517665863,1.01858901977539,0.0598784349858761,1.01858901977539,0.0395501144230366,6,RAISE_D,30,1.06400787830353
37.639988,pitch,0,IDLE,0.650184273719788,1,3.11043429374695,0.870088517665863,1.01858901977539,0.0598784349858761,1.01858901977539,0.0395501144230366,6,RAISE_D,30,1.06400787830353
37.679988,pitch,0,IDLE,0.645289063453674,1,3.11043429374695,0.870088517665863,1.01858901977539,0.0598784349858761,1.01858901977539,0.0395501144230366,6,RAISE_D,30,1.06400787830353
37.719988,pitch,0,IDLE,0.640469491481781,1,3.11043429374695,0.870088517665863,1.01858901977539,0.0598784349858761,1.01858901977539,0.0395501144230366,6,RAISE_D,30,1.06400787830353
37.759988,pitch,0,IDLE,0.635824799537659,1,3.11043429374695,0.870088517665863,1.01858901977539,0.0598784349858761,1.01858901977539,0.0395501144230366,6,RAISE_D,30,1.06400787830353
37.799988,pitch,0,IDLE,0.631287455558777,1,3.11043429374695,0.870088517665863,1.01858901977539,0.0598784349858761,1.01858901977539,0.0395501144230366,6,RAISE_D,30,1.06400787830353
37.839988,pitch,0,IDLE,0.627011597156525,1,3.11043429374695,0.870088517665863,1.01858901977539,0.0598784349858761,1.01858901977539,0.0395501144230366,6,RAISE_D,30,1.06400787830353
37.879988,pitch,0,IDLE,0.622565507888794,1,3.11043429374695,0.870088517665863,1.01858901977539,0.0598784349858761,1.01858901977539,0.0395501144230366,6,RAISE_D,30,1.06400787830353
37.919988,pitch,0,IDLE,0.617261588573456,1,3.11043429374695,0.870088517665863,1.01858901977539,0.0598784349858761,1.01858901977539,0.0395501144230366,6,RAISE_D,30,1.06400787830353
37.959988,pitch,0,IDLE,0.609458446502686,1,3.11043429374695,0.870088517665863,1.01858901977539,0.0598784349858761,1.01858901977539,0.0395501144230366,6,RAISE_D,30,1.06400787830353
37.999988,pitch,0,IDLE,0.597312450408936,1,3.11043429374695,0.870088517665863,1.01858901977539,0.0598784349858761,1.01858901977539,0.0395501144230366,6,RAISE_D,30,1.06400787830353
38.039988,pitch,0,IDLE,0.580107867717743,1,3.11043429374695,0.870088517665863,1.01858901977539,0.0598784349858761,1.01858901977539,0.0395501144230366,6,RAISE_D,30,1.06400787830353
38.079988,pitch,0,IDLE,0.558250904083252,1,3.11043429374695,0.870088517665863,1.01858901977539,0.0598784349858761,1.01858901977539,0.0395501144230366,6,RAISE_D,30,1.06400787830353
38.119988,pitch,0,IDLE,0.532213449478149,1,3.11043429374695,0.870088517665863,1.01858901977539,0.0598784349858761,1.01858901977539,0.0395501144230366,6,RAISE_D,30,1.06400787830353
38.159988,pitch,0,IDLE,0.507262885570526,1,3.11043429374695,0.870088517665863,1.01858901977539,0.0598784349858761,1.01858901977539,0.0395501144230366,6,RAISE_D,30,1.06400787830353
38.199988,pitch,0,IDLE,0.482270836830139,1,3.11043429374695,0.870088517665863,1.01858901977539,0.0598784349858761,1.01858901977539,0.0395501144230366,6,RAISE_D,30,1.06400787830353
38.239988,pitch,0,IDLE,0.456916362047195,1,3.11043429374695,0.870088517665863,1.01858901977539,0.0598784349858761,1.01858901977539,0.0395501144230366,6,RAISE_D,30,1.06400787830353
38.279988,pitch,0,IDLE,0.431450307369232,1,3.11043429374695,0.870088517665863,1.01858901977539,0.0598784349858761,1.01858901977539,0.0395501144230366,6,RAISE_D,30,1.06400787830353
38.319988,pitch,0,IDLE,0.406285673379898,1,3.11043429374695,0.870088517665863,1.01858901977539,0.0598784349858761,1.01858901977539,0.0395501144230366,6,RAISE_D,30,1.06400787830353
38.359988,pitch,0,IDLE,0.381657034158707,1,3.11043429374695,0.870088517665863,1.01858901977539,0.0598784349858761,1.01858901977539,0.0395501144230366,6,RAISE_D,30,1.06400787830353
38.399988,pitch,0,IDLE,0.357922405004501,1,3.11043429374695,0.870088517665863,1.01858901977539,0.0598784349858761,1.01858901977539,0.0395501144230366,6,RAISE_D,30,1.06400787830353
38.439988,pitch,0,IDLE,0.334969848394394,1,3.11043429374695,0.870088517665863,1.01858901977539,0.0598784349858761,1.01858901977539,0.0395501144230366,6,RAISE_D,30,1.06400787830353
38.479988,pitch,0,IDLE,0.312375962734222,1,3.11043429374695,0.870088517665863,1.01858901977539,0.0598784349858761,1.01858901977539,0.0395501144230366,6,RAISE_D,30,1.06400787830353
38.519988,pitch,0,IDLE,0.290743291378021,1,3.11043429374695,0.870088517665863,1.01858901977539,0.0598784349858761,1.01858901977539,0.0395501144230366,6,RAISE_D,30,1.06400787830353
38.559988,pitch,0,IDLE,0.269511014223099,1,3.11043429374695,0.870088517665863,1.01858901977539,0.0598784349858761,1.01858901977539,0.0395501144230366,6,RAISE_D,30,1.06400787830353
38.599988,pitch,0,IDLE,0.248854994773865,1,3.11043429374695,0.870088517665863,1.01858901977539,0.0598784349858761,1.01858901977539,0.0395501144230366,6,RAISE_D,30,1.06400787830353
38.639988,pitch,0,IDLE,0.228403195738792,1,3.11043429374695,0.870088517665863,1.01858901977539,0.0598784349858761,1.01858901977539,0.0395501144230366,6,RAISE_D,30,1.06400787830353
38.679988,pitch,0,IDLE,0.166830152273178,1,3.11043429374695,0.870088517665863,1.01858901977539,0.0598784349858761,1.01858901977539,0.0395501144230366,6,RAISE_D,30,1.06400787830353
38.719988,pitch,0,IDLE,0.0208329260349274,1,3.11043429374695,0.870088517665863,1.01858901977539,0.0598784349858761,1.01858901977539,0.0395501144230366,6,RAISE_D,30,1.06400787830353
38.759988,pitch,0,IDLE,-0.131146550178528,1,3.11043429374695,0.870088517665863,1.01858901977539,0.0598784349858761,1.01858901977539,0.0395501144230366,6,RAISE_D,30,1.06400787830353
38.799988,pitch,0,IDLE,-0.269676506519318,1,3.11043429374695,0.870088517665863,1.01858901977539,0.0598784349858761,1.01858901977539,0.0395501144230366,6,RAISE_D,30,1.06400787830353
38.839988,pitch,0,IDLE,-0.386901646852493,1,3.11043429374695,0.870088517665863,1.01858901977539,0.0598784349858761,1.01858901977539,0.0395501144230366,6,RAISE_D,30,1.06400787830353
38.879988,pitch,0,IDLE,-0.48024120926857,1,3.11043429374695,0.870088517665863,1.01858901977539,0.0598784349858761,1.01858901977539,0.0395501144230366,6,RAISE_D,30,1.06400787830353
38.919988,pitch,0,IDLE,-0.550137877464294,1,3.11043429374695,0.870088517665863,1.01858901977539,0.0598784349858761,1.01858901977539,0.0395501144230366,6,RAISE_D,30,1.06400787830353
38.959988,pitch,0,IDLE,-0.598765432834625,1,3.11043429374695,0.870088517665863,1.01858901977539,0.0598784349858761,1.01858901977539,0.0395501144230366,6,RAISE_D,30,1.06400787830353
38.999988,pitch,0,IDLE,-0.629558920860291,1,3.11043429374695,0.870088517665863,1.01858901977539,0.0598784349858761,1.01858901977539,0.0395501144230366,6,RAISE_D,30,1.06400787830353
39.039988,pitch,0,IDLE,-0.646055400371552,1,3.11043429374695,0.870088517665863,1.01858901977539,0.0598784349858761,1.01858901977539,0.0395501144230366,6,RAISE_D,30,1.06400787830353
39.079988,pitch,0,IDLE,-0.65118408203125,1,3.11043429374695,0.870088517665863,1.01858901977539,0.0598784349858761,1.01858901977539,0.0395501144230366,6,RAISE_D,30,1.06400787830353
39.119988,pitch,0,IDLE,-0.648059487342834,1,3.11043429374695,0.870088517665863,1.01858901977539,0.0598784349858761,1.01858901977539,0.0395501144230366,6,RAISE_D,30,1.06400787830353
39.159988,pitch,0,IDLE,-0.638254821300507,1,3.11043429374695,0.870088517665863,1.01858901977539,0.0598784349858761,1.01858901977539,0.0395501144230366,6,RAISE_D,30,1.06400787830353
39.199988,pitch,0,IDLE,-0.623557269573212,1,3.11043429374695,0.870088517665863,1.01858901977539,0.0598784349858761,1.01858901977539,0.0395501144230366,6,RAISE_D,30,1.06400787830353
39.239988,pitch,0,IDLE,-0.604925215244293,1,3.11043429374695,0.870088517665863,1.01858901977539,0.0598784349858761,1.01858901977539,0.0395501144230366,6,RAISE_D,30,1.06400787830353
39.279988,pitch,0,IDLE,-0.583248853683472,1,3.11043429374695,0.870088517665863,1.01858901977539,0.0598784349858761,1.01858901977539,0.0395501144230366,6,RAISE_D,30,1.06400787830353
39.319988,pitch,0,IDLE,-0.55910712480545,1,3.11043429374695,0.870088517665863,1.01858901977539,0.0598784349858761,1.01858901977539,0.0395501144230366,6,RAISE_D,30,1.06400787830353
39.359988,pitch,0,IDLE,-0.531714081764221,1,3.11043429374695,0.870088517665863,1.01858901977539,0.0598784349858761,1.01858901977539,0.0395501144230366,6,RAISE_D,30,1.06400787830353
39.399988,pitch,0,IDLE,-0.501653254032135,1,3.11043429374695,0.870088517665863,1.01858901977539,0.0598784349858761,1.01858901977539,0.0395501144230366,6,RAISE_D,30,1.06400787830353
39.439988,pitch,0,IDLE,-0.469891756772995,1,3.11043429374695,0.870088517665863,1.01858901977539,0.0598784349858761,1.01858901977539,0.0395501144230366,6,RAISE_D,30,1.06400787830353
39.479988,pitch,0,IDLE,-0.435839027166367,1,3.11043429374695,0.870088517665863,1.01858901977539,0.0598784349858761,1.01858901977539,0.0395501144230366,6,RAISE_D,30,1.06400787830353
39.519988,pitch,0,IDLE,-0.39948296546936,1,3.11043429374695,0.870088517665863,1.01858901977539,0.0598784349858761,1.01858901977539,0.0395501144230366,6,RAISE_D,30,1.06400787830353
39.559988,pitch,0,IDLE,-0.360200822353363,1,3.11043429374695,0.870088517665863,1.01858901977539,0.0598784349858761,1.01858901977539,0.0395501144230366,6,RAISE_D,30,1.06400787830353
39.599988,pitch,0,IDLE,-0.318319976329803,1,3.11043429374695,0.870088517665863,1.01858901977539,0.0598784349858761,1.01858901977539,0.0395501144230366,6,RAISE_D,30,1.06400787830353
39.639988,pitch,0,IDLE,-0.274851560592651,1,3.11043429374695,0.870088517665863,1.01858901977539,0.0598784349858761,1.01858901977539,0.0395501144230366,6,RAISE_D,30,1.06400787830353
39.679988,pitch,0,IDLE,-0.230099126696587,1,3.11043429374695,0.870088517665863,1.01858901977539,0.0598784349858761,1.01858901977539,0.0395501144230366,6,RAISE_D,30,1.06400787830353
39.719988,pitch,0,IDLE,-0.186928018927574,1,3.11043429374695,0.870088517665863,1.01858901977539,0.0598784349858761,1.01858901977539,0.0395501144230366,6,RAISE_D,30,1.06400787830353
39.759988,pitch,0,IDLE,-0.146414875984192,1,3.11043429374695,0.870088517665863,1.01858901977539,0.0598784349858761,1.01858901977539,0.0395501144230366,6,RAISE_D,30,1.06400787830353
39.799988,pitch,0,IDLE,-0.109870932996273,1,3.11043429374695,0.870088517665863,1.01858901977539,0.0598784349858761,1.01858901977539,0.0395501144230366,6,RAISE_D,30,1.06400787830353
39.839988,pitch,0,IDLE,-0.0773343592882156,1,3.11043429374695,0.870088517665863,1.01858901977539,0.0598784349858761,1.01858901977539,0.0395501144230366,6,RAISE_D,30,1.06400787830353
39.879988,pitch,0,IDLE,-0.048408716917038,1,3.11043429374695,0.870088517665863,1.01858901977539,0.0598784349858761,1.01858901977539,0.0395501144230366,6,RAISE_D,30,1.06400787830353
39.919988,pitch,0,IDLE,-0.0214807372540236,1,3.11043429374695,0.870088517665863,1.01858901977539,0.0598784349858761,1.01858901977539,0.0395501144230366,6,RAISE_D,30,1.06400787830353
39.959988,pitch,0,IDLE,0.00417848210781813,1,3.11043429374695,0.870088517665863,1.01858901977539,0.0598784349858761,1.01858901977539,0.0395501144230366,6,RAISE_D,30,1.06400787830353
39.999988,pitch,0,IDLE,0.0290003567934036,1,3.11043429374695,0.870088517665863,1.01858901977539,0.0598784349858761,1.01858901977539,0.0395501144230366,6,RAISE_D,30,1.06400787830353
40.039988,pitch,0,IDLE,0.052747406065464,1,3.11043429374695,0.870088517665863,1.01858901977539,0.0598784349858761,1.01858901977539,0.0395501144230366,6,RAISE_D,30,1.06400787830353
40.079988,pitch,0,IDLE,0.073997437953949,1,3.11043429374695,0.870088517665863,1.01858901977539,0.0598784349858761,1.01858901977539,0.0395501144230366,6,RAISE_D,30,1.06400787830353
40.119988,pitch,0,IDLE,0.0912972241640091,1,3.11043429374695,0.870088517665863,1.01858901977539,0.0598784349858761,1.01858901977539,0.0395501144230366,6,RAISE_D,30,1.06400787830353
40.159988,pitch,0,IDLE,0.104033268988132,1,3.11043429374695,0.870088517665863,1.01858901977539,0.0598784349858761,1.01858901977539,0.0395501144230366,6,RAISE_D,30,1.06400787830353
40.199988,pitch,0,IDLE,0.112149983644485,1,3.11043429374695,0.870088517665863,1.01858901977539,0.0598784349858761,1.01858901977539,0.0395501144230366,6,RAISE_D,30,1.06400787830353
40.239988,pitch,0,IDLE,0.116492010653019,1,3.11043429374695,0.870088517665863,1.01858901977539,0.0598784349858761,1.01858901977539,0.0395501144230366,6,RAISE_D,30,1.06400787830353
40.279988,pitch,0,IDLE,0.0758536159992218,1,3.11043429374695,0.870088517665863,1.01858901977539,0.0598784349858761,1.01858901977539,0.0395501144230366,6,RAISE_D,30,1.06400787830353
40.319988,pitch,0,IDLE,-0.0560802780091763,1,3.11043429374695,0.870088517665863,1.01858901977539,0.0598784349858761,1.01858901977539,0.0395501144230366,6,RAISE_D,30,1.06400787830353
40.359988,pitch,0,IDLE,-0.203227341175079,1,3.11043429374695,0.870088517665863,1.01858901977539,0.0598784349858761,1.01858901977539,0.0395501144230366,6,RAISE_D,30,1.06400787830353
40.399988,pitch,0,IDLE,-0.344204545021057,1,3.11043429374695,0.870088517665863,1.01858901977539,0.0598784349858761,1.01858901977539,0.0395501144230366,6,RAISE_D,30,1.06400787830353
40.439988,pitch,0,IDLE,-0.469975709915161,1,3.11043429374695,0.870088517665863,1.01858901977539,0.0598784349858761,1.01858901977539,0.0395501144230366,6,RAISE_D,30,1.06400787830353
40.479988,pitch,0,IDLE,-0.576662480831146,1,3.11043429374695,0.870088517665863,1.01858901977539,0.0598784349858761,1.01858901977539,0.0395501144230366,6,RAISE_D,30,1.06400787830353
40.519988,pitch,0,IDLE,-0.663174986839294,1,3.11043429374695,0.870088517665863,1.01858901977539,0.0598784349858761,1.01858901977539,0.0395501144230366,6,RAISE_D,30,1.06400787830353
40.559988,pitch,0,IDLE,-0.730445086956024,1,3.11043429374695,0.870088517665863,1.01858901977539,0.0598784349858761,1.01858901977539,0.0395501144230366,6,RAISE_D,30,1.06400787830353
40.599988,pitch,0,IDLE,-0.780774891376495,1,3.11043429374695,0.870088517665863,1.01858901977539,0.0598784349858761,1.01858901977539,0.0395501144230366,6,RAISE_D,30,1.06400787830353
40.639988,pitch,0,IDLE,-0.816883087158203,1,3.11043429374695,0.870088517665863,1.01858901977539,0.0598784349858761,1.01858901977539,0.0395501144230366,6,RAISE_D,30,1.06400787830353
40.679988,pitch,0,IDLE,-0.84296727180481,1,3.11043429374695,0.870088517665863,1.01858901977539,0.0598784349858761,1.01858901977539,0.0395501144230366,6,RAISE_D,30,1.06400787830353
40.719988,pitch,0,IDLE,-0.863219439983368,1,3.15291380882263,0.870088517665863,1.01858901977539,0.0598784349858761,1.01858901977539,0.0395501144230366,6,RAISE_D,30,1.06400787830353
40.759988,pitch,0,IDLE,-0.877218723297119,1,3.21258425712585,0.870088517665863,1.01858901977539,0.0598784349858761,1.01858901977539,0.0395501144230366,6,RAISE_D,30,1.06400787830353
40.799988,pitch,0,IDLE,-0.886471271514893,1,3.25542497634888,0.870088517665863,1.01858901977539,0.0598784349858761,1.01858901977539,0.0395501144230366,6,RAISE_D,30,1.06400787830353
40.839988,pitch,0,IDLE,-0.89163339138031,1,3.28323650360107,0.870088517665863,1.01858901977539,0.0598784349858761,1.01858901977539,0.0395501144230366,6,RAISE_D,30,1.06400787830353
40.879988,pitch,0,IDLE,-0.894182980060577,1,3.29765939712524,0.870088517665863,1.01858901977539,0.0598784349858761,1.01858901977539,0.0395501144230366,6,RAISE_D,30,1.06400787830353
40.919988,pitch,0,IDLE,-0.894654095172882,1,3.30032205581665,0.870088517665863,1.01858901977539,0.0598784349858761,1.01858901977539,0.0395501144230366,6,RAISE_D,30,1.06400787830353
40.959988,pitch,0,IDLE,-0.8932825922966,1,3.30032205581665,0.870088517665863,1.01858901977539,0.0598784349858761,1.01858901977539,0.0395501144230366,6,RAISE_D,30,1.06400787830353
40.999988,pitch,0,IDLE,-0.890793919563293,1,3.30032205581665,0.870088517665863,1.01858901977539,0.0598784349858761,1.01858901977539,0.0395501144230366,6,RAISE_D,30,1.06400787830353
41.039988,pitch,0,IDLE,-0.887055277824402,1,3.30032205581665,0.870088517665863,1.01858901977539,0.0598784349858761,1.01858901977539,0.0395501144230366,6,RAISE_D,30,1.06400787830353
41.079988,pitch,0,IDLE,-0.882098734378815,1,3.30032205581665,0.870088517665863,1.01858901977539,0.0598784349858761,1.01858901977539,0.0395501144230366,6,RAISE_D,30,1.06400787830353
41.119988,pitch,0,IDLE,-0.875714898109436,1,3.30032205581665,0.870088517665863,1.01858901977539,0.0598784349858761,1.01858901977539,0.0395501144230366,6,RAISE_D,30,1.06400787830353
41.159988,pitch,0,IDLE,-0.868479192256927,1,3.30032205581665,0.870088517665863,1.01858901977539,0.0598784349858761,1.01858901977539,0.0395501144230366,6,RAISE_D,30,1.06400787830353
41.199988,pitch,0,IDLE,-0.860414564609528,1,3.30032205581665,0.870088517665863,1.01858901977539,0.0598784349858761,1.01858901977539,0.0395501144230366,6,RAISE_D,30,1.06400787830353
41.239988,pitch,0,IDLE,-0.851042568683624,1,3.30032205581665,0.870088517665863,1.01858901977539,0.0598784349858761,1.01858901977539,0.0395501144230366,6,RAISE_D,30,1.06400787830353
41.279988,pitch,0,IDLE,-0.841266751289368,1,3.30032205581665,0.870088517665863,1.01858901977539,0.0598784349858761,1.01858901977539,0.0395501144230366,6,RAISE_D,30,1.06400787830353
41.319988,pitch,0,IDLE,-0.830447494983673,1,3.30032205581665,0.870088517665863,1.01858901977539,0.0598784349858761,1.01858901977539,0.0395501144230366,6,RAISE_D,30,1.06400787830353
41.359988,pitch,0,IDLE,-0.819323658943176,1,3.30032205581665,0.870088517665863,1.01858901977539,0.0598784349858761,1.01858901977539,0.0395501144230366,6,RAISE_D,30,1.06400787830353
41.399988,pitch,0,IDLE,-0.807314336299896,1,3.30032205581665,0.870088517665863,1.01858901977539,0.0598784349858761,1.01858901977539,0.0395501144230366,6,RAISE_D,30,1.06400787830353
41.439988,pitch,0,IDLE,-0.794965505599976,1,3.30032205581665,0.870088517665863,1.01858901977539,0.0598784349858761,1.01858901977539,0.0395501144230366,6,RAISE_D,30,1.06400787830353
41.479988,pitch,0,IDLE,-0.78231281042099,1,3.30032205581665,0.870088517665863,1.01858901977539,0.0598784349858761,1.01858901977539,0.0395501144230366,6,RAISE_D,30,1.06400787830353
41.519988,pitch,0,IDLE,-0.77235335111618,1,3.30032205581665,0.870088517665863,1.01858901977539,0.0598784349858761,1.01858901977539,0.0395501144230366,6,RAISE_D,30,1.06400787830353
41.559988,pitch,0,IDLE,-0.763612747192383,1,3.30032205581665,0.870088517665863,1.01858901977539,0.0598784349858761,1.01858901977539,0.0395501144230366,6,RAISE_D,30,1.06400787830353
41.599988,pitch,0,IDLE,-0.754698216915131,1,3.30032205581665,0.870088517665863,1.01858901977539,0.0598784349858761,1.01858901977539,0.0395501144230366,6,RAISE_D,30,1.06400787830353
41.639988,pitch,0,IDLE,-0.745421826839447,1,3.30032205581665,0.870088517665863,1.01858901977539,0.0598784349858761,1.01858901977539,0.0395501144230366,6,RAISE_D,30,1.06400787830353
41.679988,pitch,0,IDLE,-0.735975444316864,1,3.30032205581665,0.870088517665863,1.01858901977539,0.0598784349858761,1.01858901977539,0.0395501144230366,6,RAISE_D,30,1.06400787830353
41.719988,pitch,0,IDLE,-0.725908160209656,1,3.30032205581665,0.870088517665863,1.01858901977539,0.0598784349858761,1.01858901977539,0.0395501144230366,6,RAISE_D,30,1.06400787830353
41.759988,pitch,0,IDLE,-0.715772688388824,1,3.30032205581665,0.870088517665863,1.01858901977539,0.0598784349858761,1.01858901977539,0.0395501144230366,6,RAISE_D,30,1.06400787830353
41.799988,pitch,0,IDLE,-0.705646395683289,1,3.30032205581665,0.870088517665863,1.01858901977539,0.0598784349858761,1.01858901977539,0.0395501144230366,6,RAISE_D,30,1.06400787830353
41.839988,pitch,0,IDLE,-0.695537924766541,1,3.30032205581665,0.870088517665863,1.01858901977539,0.0598784349858761,1.01858901977539,0.0395501144230366,6,RAISE_D,30,1.06400787830353
41.879988,pitch,0,IDLE,-0.685541808605194,1,3.30032205581665,0.870088517665863,1.01858901977539,0.0598784349858761,1.01858901977539,0.0395501144230366,6,RAISE_D,30,1.06400787830353
41.919988,pitch,0,IDLE,-0.675503134727478,1,3.30032205581665,0.870088517665863,1.01858901977539,0.0598784349858761,1.01858901977539,0.0395501144230366,6,RAISE_D,30,1.06400787830353
41.959988,pitch,0,IDLE,-0.66566789150238,1,3.30032205581665,0.870088517665863,1.01858901977539,0.0598784349858761,1.01858901977539,0.0395501144230366,6,RAISE_D,30,1.06400787830353
41.999988,pitch,0,IDLE,-0.655813753604889,1,3.30032205581665,0.870088517665863,1.01858901977539,0.0598784349858761,1.01858901977539,0.0395501144230366,6,RAISE_D,30,1.06400787830353
42.039988,pitch,0,IDLE,-0.646451652050018,1,3.30032205581665,0.870088517665863,1.01858901977539,0.0598784349858761,1.01858901977539,0.0395501144230366,6,RAISE_D,30,1.06400787830353
42.079988,pitch,0,IDLE,-0.637647867202759,1,3.30032205581665,0.870088517665863,1.01858901977539,0.0598784349858761,1.01858901977539,0.0395501144230366,6,RAISE_D,30,1.06400787830353
42.119988,pitch,0,IDLE,-0.629526019096375,1,3.30032205581665,0.870088517665863,1.01858901977539,0.0598784349858761,1.01858901977539,0.0395501144230366,6,RAISE_D,30,1.06400787830353
42.159988,pitch,0,IDLE,-0.621886491775513,1,3.30032205581665,0.870088517665863,1.01858901977539,0.0598784349858761,1.01858901977539,0.0395501144230366,6,RAISE_D,30,1.06400787830353
42.199988,pitch,0,IDLE,-0.618087291717529,1,3.30032205581665,0.870088517665863,1.01858901977539,0.0598784349858761,1.01858901977539,0.0395501144230366,6,RAISE_D,30,1.06400787830353
42.239988,pitch,0,IDLE,-0.615627288818359,1,3.30032205581665,0.870088517665863,1.01858901977539,0.0598784349858761,1.01858901977539,0.0395501144230366,6,RAISE_D,30,1.06400787830353
42.279988,pitch,0,IDLE,-0.613864839076996,1,3.30032205581665,0.870088517665863,1.01858901977539,0.0598784349858761,1.01858901977539,0.0395501144230366,6,RAISE_D,30,1.06400787830353
42.319988,pitch,0,IDLE,-0.611175239086151,1,3.30032205581665,0.870088517665863,1.01858901977539,0.0598784349858761,1.01858901977539,0.0395501144230366,6,RAISE_D,30,1.06400787830353
42.359988,pitch,0,IDLE,-0.605720937252045,1,3.30032205581665,0.870088517665863,1.01858901977539,0.0598784349858761,1.01858901977539,0.0395501144230366,6,RAISE_D,30,1.06400787830353
42.399988,pitch,0,IDLE,-0.595608592033386,1,3.30032205581665,0.870088517665863,1.01858901977539,0.0598784349858761,1.01858901977539,0.0395501144230366,6,RAISE_D,30,1.06400787830353
42.439988,pitch,0,IDLE,-0.580075263977051,1,3.30032205581665,0.870088517665863,1.01858901977539,0.0598784349858761,1.01858901977539,0.0395501144230366,6,RAISE_D,30,1.06400787830353
42.479988,pitch,0,IDLE,-0.560070157051086,1,3.30032205581665,0.870088517665863,1.01858901977539,0.0598784349858761,1.01858901977539,0.0395501144230366,6,RAISE_D,30,1.06400787830353
42.519988,pitch,0,IDLE,-0.535458385944366,1,3.30032205581665,0.870088517665863,1.01858901977539,0.0598784349858761,1.01858901977539,0.0395501144230366,6,RAISE_D,30,1.06400787830353
42.559988,pitch,0,IDLE,-0.508000254631042,1,3.30032205581665,0.870088517665863,1.01858901977539,0.0598784349858761,1.01858901977539,0.0395501144230366,6,RAISE_D,30,1.06400787830353
42.599988,pitch,0,IDLE,-0.478407800197601,1,3.30032205581665,0.870088517665863,1.01858901977539,0.0598784349858761,1.01858901977539,0.0395501144230366,6,RAISE_D,30,1.06400787830353
42.639988,pitch,0,IDLE,-0.448205411434174,1,3.30032205581665,0.870088517665863,1.01858901977539,0.0598784349858761,1.01858901977539,0.0395501144230366,6,RAISE_D,30,1.06400787830353
42.679988,pitch,0,IDLE,-0.417870402336121,1,3.30032205581665,0.870088517665863,1.01858901977539,0.0598784349858761,1.01858901977539,0.0395501144230366,6,RAISE_D,30,1.06400787830353
42.719988,pitch,0,IDLE,-0.388139843940735,1,3.30032205581665,0.870088517665863,1.01858901977539,0.0598784349858761,1.01858901977539,0.0395501144230366,6,RAISE_D,30,1.06400787830353
42.759988,pitch,0,IDLE,-0.359797686338425,1,3.30032205581665,0.870088517665863,1.01858901977539,0.0598784349858761,1.01858901977539,0.0395501144230366,6,RAISE_D,30,1.06400787830353
42.799988,pitch,0,IDLE,-0.332599371671677,1,3.30032205581665,0.870088517665863,1.01858901977539,0.0598784349858761,1.01858901977539,0.0395501144230366,6,RAISE_D,30,1.06400787830353
42.839988,pitch,0,IDLE,-0.30648598074913,1,3.30032205581665,0.870088517665863,1.01858901977539,0.0598784349858761,1.01858901977539,0.0395501144230366,6,RAISE_D,30,1.06400787830353
42.879988,pitch,0,IDLE,-0.285463035106659,1,3.30032205581665,0.870088517665863,1.01858901977539,0.0598784349858761,1.01858901977539,0.0395501144230366,6,RAISE_D,30,1.06400787830353
42.919988,pitch,0,IDLE,-0.266548007726669,1,3.30032205581665,0.870088517665863,1.01858901977539,0.0598784349858761,1.01858901977539,0.0395501144230366,6,RAISE_D,30,1.06400787830353
42.959988,pitch,0,IDLE,-0.249031737446785,1,3.30032205581665,0.870088517665863,1.01858901977539,0.0598784349858761,1.01858901977539,0.0395501144230366,6,RAISE_D,30,1.06400787830353
42.999988,pitch,0,IDLE,-0.191002741456032,1,3.30032205581665,0.870088517665863,1.01858901977539,0.0598784349858761,1.01858901977539,0.0395501144230366,6,RAISE_D,30,1.06400787830353
43.039988,pitch,0,IDLE,-0.0461087003350258,1,3.30032205581665,0.870088517665863,1.01858901977539,0.0598784349858761,1.01858901977539,0.0395501144230366,6,RAISE_D,30,1.06400787830353
43.079988,pitch,0,IDLE,0.110645227134228,1,3.30032205581665,0.870088517665863,1.01858901977539,0.0598784349858761,1.01858901977539,0.0395501144230366,6,RAISE_D,30,1.06400787830353
43.119988,pitch,0,IDLE,0.257616251707077,1,3.30032205581665,0.870088517665863,1.01858901977539,0.0598784349858761,1.01858901977539,0.0395501144230366,6,RAISE_D,30,1.06400787830353
43.159988,pitch,1,DEMAND_POS,0.384286642074585,1,3.30032205581665,0.870088517665863,1.01858901977539,0.0598784349858761,1.01858901977539,0.0395501144230366,6,RAISE_D,30,1.06400787830353
43.199988,pitch,1,DEMAND_POS,0.485873997211456,1,3.30032205581665,0.870088517665863,1.01858901977539,0.0598784349858761,1.01858901977539,0.0395501144230366,6,RAISE_D,30,1.06400787830353
43.239988,pitch,1,DEMAND_POS,0.561123251914978,1,3.30032205581665,0.870088517665863,1.01858901977539,0.0598784349858761,1.01858901977539,0.0395501144230366,6,RAISE_D,30,1.06400787830353
43.279988,pitch,1,DEMAND_POS,0.610882878303528,1,3.30032205581665,0.870088517665863,1.01858901977539,0.0598784349858761,1.01858901977539,0.0395501144230366,6,RAISE_D,30,1.06400787830353
43.319988,pitch,1,DEMAND_POS,0.638254046440125,1,3.30032205581665,0.870088517665863,1.01858901977539,0.0598784349858761,1.01858901977539,0.0395501144230366,6,RAISE_D,30,1.06400787830353
43.359988,pitch,1,DEMAND_POS,0.647056698799133,1,3.30032205581665,0.870088517665863,1.01858901977539,0.0598784349858761,1.01858901977539,0.0395501144230366,6,RAISE_D,30,1.06400787830353
43.399988,pitch,1,DEMAND_POS,0.641399085521698,1,3.30032205581665,0.870088517665863,1.01858901977539,0.0598784349858761,1.01858901977539,0.0395501144230366,6,RAISE_D,30,1.06400787830353
43.439988,pitch,1,DEMAND_POS,0.62196409702301,1,3.30032205581665,0.870088517665863,1.01858901977539,0.0598784349858761,1.01858901977539,0.0395501144230366,6,RAISE_D,30,1.06400787830353
43.479988,pitch,1,DEMAND_POS,0.594687581062317,1,3.30032205581665,0.870088517665863,1.01858901977539,0.0598784349858761,1.01858901977539,0.0395501144230366,6,RAISE_D,30,1.06400787830353
43.519988,pitch,1,DEMAND_POS,0.561660051345825,1,3.30032205581665,0.870088517665863,1.01858901977539,0.0598784349858761,1.01858901977539,0.0395501144230366,6,RAISE_D,30,1.06400787830353
43.559988,pitch,1,DEMAND_POS,0.52494490146637,1,3.30032205581665,0.870088517665863,1.01858901977539,0.0598784349858761,1.01858901977539,0.0395501144230366,6,RAISE_D,30,1.06400787830353
43.599988,pitch,1,DEMAND_POS,0.485520511865616,1,3.30032205581665,0.870088517665863,1.01858901977539,0.0598784349858761,1.01858901977539,0.0395501144230366,6,RAISE_D,30,1.06400787830353
43.639988,pitch,1,DEMAND_POS,0.444156527519226,1,3.30032205581665,0.870088517665863,1.01858901977539,0.0598784349858761,1.01858901977539,0.0395501144230366,6,RAISE_D,30,1.06400787830353
43.679988,pitch,1,DEMAND_POS,0.401442646980286,1,3.30032205581665,0.870088517665863,1.01858901977539,0.0598784349858761,1.01858901977539,0.0395501144230366,6,RAISE_D,30,1.06400787830353
43.719988,pitch,0,IDLE,0.353726983070374,1,3.02475070953369,0.557800710201263,0.982276320457458,0.0598784349858761,0.982276320457458,0.0514151453971863,6,RAISE_D,30,1.22360908985138
43.759988,pitch,0,IDLE,0.306263417005539,1,3.02475070953369,0.557800710201263,0.982276320457458,0.0598784349858761,0.982276320457458,0.0514151453971863,6,RAISE_D,30,1.22360908985138
43.799988,pitch,0,IDLE,0.263975024223328,1,3.02475070953369,0.557800710201263,0.982276320457458,0.0598784349858761,0.982276320457458,0.0514151453971863,6,RAISE_D,30,1.22360908985138
43.839988,pitch,0,IDLE,0.227278664708138,1,3.02475070953369,0.557800710201263,0.982276320457458,0.0598784349858761,0.982276320457458,0.0514151453971863,6,RAISE_D,30,1.22360908985138
43.879988,pitch,0,IDLE,0.196281731128693,1,3.02475070953369,0.557800710201263,0.982276320457458,0.0598784349858761,0.982276320457458,0.0514151453971863,6,RAISE_D,30,1.22360908985138
43.919988,pitch,0,IDLE,0.169048920273781,1,3.02475070953369,0.557800710201263,0.982276320457458,0.0598784349858761,0.982276320457458,0.0514151453971863,6,RAISE_D,30,1.22360908985138
43.959988,pitch,0,IDLE,0.144605070352554,1,3.02475070953369,0.557800710201263,0.982276320457458,0.0598784349858761,0.982276320457458,0.0514151453971863,6,RAISE_D,30,1.22360908985138
43.999988,pitch,0,IDLE,0.120900742709637,1,3.02475070953369,0.557800710201263,0.982276320457458,0.0598784349858761,0.982276320457458,0.0514151453971863,6,RAISE_D,30,1.22360908985138
44.039988,pitch,0,IDLE,0.0973296537995338,1,3.02475070953369,0.557800710201263,0.982276320457458,0.0598784349858761,0.982276320457458,0.0514151453971863,6,RAISE_D,30,1.22360908985138
44.079988,pitch,0,IDLE,0.0745398476719856,1,3.02475070953369,0.557800710201263,0.982276320457458,0.0598784349858761,0.982276320457458,0.0514151453971863,6,RAISE_D,30,1.22360908985138
44.119988,pitch,0,IDLE,0.0543272122740746,1,3.02475070953369,0.557800710201263,0.982276320457458,0.0598784349858761,0.982276320457458,0.0514151453971863,6,RAISE_D,30,1.22360908985138
44.159988,pitch,0,IDLE,0.0372486785054207,1,3.02475070953369,0.557800710201263,0.982276320457458,0.0598784349858761,0.982276320457458,0.0514151453971863,6,RAISE_D,30,1.22360908985138
44.199988,pitch,0,IDLE,0.0234996527433395,1,3.02475070953369,0.557800710201263,0.982276320457458,0.0598784349858761,0.982276320457458,0.0514151453971863,6,RAISE_D,30,1.22360908985138
44.239988,pitch,0,IDLE,0.0132587179541588,1,3.02475070953369,0.557800710201263,0.982276320457458,0.0598784349858761,0.982276320457458,0.0514151453971863,6,RAISE_D,30,1.22360908985138
44.279988,pitch,0,IDLE,0.00636938819661736,1,3.02475070953369,0.557800710201263,0.982276320457458,0.0598784349858761,0.982276320457458,0.0514151453971863,6,RAISE_D,30,1.22360908985138
44.319988,pitch,0,IDLE,0.000512678874656558,1,3.02475070953369,0.557800710201263,0.982276320457458,0.0598784349858761,0.982276320457458,0.0514151453971863,6,RAISE_D,30,1.22360908985138
44.359988,pitch,0,IDLE,-0.0054837241768837,1,3.02475070953369,0.557800710201263,0.982276320457458,0.0598784349858761,0.982276320457458,0.0514151453971863,6,RAISE_D,30,1.22360908985138
44.399988,pitch,0,IDLE,-0.012295207940042,1,3.02475070953369,0.557800710201263,0.982276320457458,0.0598784349858761,0.982276320457458,0.0514151453971863,6,RAISE_D,30,1.22360908985138
44.439988,pitch,0,IDLE,-0.0202895533293486,1,3.02475070953369,0.557800710201263,0.982276320457458,0.0598784349858761,0.982276320457458,0.0514151453971863,6,RAISE_D,30,1.22360908985138
44.479988,pitch,0,IDLE,-0.0294621642678976,1,3.02475070953369,0.557800710201263,0.982276320457458,0.0598784349858761,0.982276320457458,0.0514151453971863,6,RAISE_D,30,1.22360908985138
44.519988,pitch,0,IDLE,-0.0395790077745914,1,3.02475070953369,0.557800710201263,0.982276320457458,0.0598784349858761,0.982276320457458,0.0514151453971863,6,RAISE_D,30,1.22360908985138
44.559988,pitch,0,IDLE,-0.0502879209816456,1,3.02475070953369,0.557800710201263,0.982276320457458,0.0598784349858761,0.982276320457458,0.0514151453971863,6,RAISE_D,30,1.22360908985138
44.599988,pitch,0,IDLE,-0.0268737375736237,1,3.02475070953369,0.557800710201263,0.982276320457458,0.0598784349858761,0.982276320457458,0.0514151453971863,6,RAISE_D,30,1.22360908985138
44.639988,pitch,0,IDLE,0.0685709416866302,1,3.02475070953369,0.557800710201263,0.982276320457458,0.0598784349858761,0.982276320457458,0.0514151453971863,6,RAISE_D,30,1.22360908985138
44.679988,pitch,0,IDLE,0.174015790224075,1,3.02475070953369,0.557800710201263,0.982276320457458,0.0598784349858761,0.982276320457458,0.0514151453971863,6,RAISE_D,30,1.22360908985138
44.719988,pitch,0,IDLE,0.274699300527573,1,3.02475070953369,0.557800710201263,0.982276320457458,0.0598784349858761,0.982276320457458,0.0514151453971863,6,RAISE_D,30,1.22360908985138
44.759988,pitch,0,IDLE,0.36660960316658,1,3.02475070953369,0.557800710201263,0.982276320457458,0.0598784349858761,0.982276320457458,0.0514151453971863,6,RAISE_D,30,1.22360908985138
44.799988,pitch,0,IDLE,0.448852717876434,1,3.02475070953369,0.557800710201263,0.982276320457458,0.0598784349858761,0.982276320457458,0.0514151453971863,6,RAISE_D,30,1.22360908985138
44.839988,pitch,0,IDLE,0.521183550357819,1,3.02475070953369,0.557800710201263,0.982276320457458,0.0598784349858761,0.982276320457458,0.0514151453971863,6,RAISE_D,30,1.22360908985138
44.879988,pitch,0,IDLE,0.583870232105255,1,3.02475070953369,0.557800710201263,0.982276320457458,0.0598784349858761,0.982276320457458,0.0514151453971863,6,RAISE_D,30,1.22360908985138
44.919988,pitch,0,IDLE,0.637186527252197,1,3.02475070953369,0.557800710201263,0.982276320457458,0.0598784349858761,0.982276320457458,0.0514151453971863,6,RAISE_D,30,1.22360908985138
44.959988,pitch,0,IDLE,0.679774820804596,1,3.02475070953369,0.557800710201263,0.982276320457458,0.0598784349858761,0.982276320457458,0.0514151453971863,6,RAISE_D,30,1.22360908985138
44.999988,pitch,0,IDLE,0.71103835105896,1,3.02475070953369,0.557800710201263,0.982276320457458,0.0598784349858761,0.982276320457458,0.0514151453971863,6,RAISE_D,30,1.22360908985138
45.039988,pitch,0,IDLE,0.730878889560699,1,3.02475070953369,0.557800710201263,0.982276320457458,0.0598784349858761,0.982276320457458,0.0514151453971863,6,RAISE_D,30,1.22360908985138
45.079988,pitch,0,IDLE,0.740762889385223,1,3.02475070953369,0.557800710201263,0.982276320457458,0.0598784349858761,0.982276320457458,0.0514151453971863,6,RAISE_D,30,1.22360908985138
45.119988,pitch,0,IDLE,0.742856502532959,1,3.02475070953369,0.557800710201263,0.982276320457458,0.0598784349858761,0.982276320457458,0.0514151453971863,6,RAISE_D,30,1.22360908985138
45.159988,pitch,0,IDLE,0.738807916641235,1,3.02475070953369,0.557800710201263,0.982276320457458,0.0598784349858761,0.982276320457458,0.0514151453971863,6,RAISE_D,30,1.22360908985138
45.199988,pitch,0,IDLE,0.730606853961945,1,3.02475070953369,0.557800710201263,0.982276320457458,0.0598784349858761,0.982276320457458,0.0514151453971863,6,RAISE_D,30,1.22360908985138
45.239988,pitch,0,IDLE,0.719938814640045,1,3.02475070953369,0.557800710201263,0.982276320457458,0.0598784349858761,0.982276320457458,0.0514151453971863,6,RAISE_D,30,1.22360908985138
45.279988,pitch,0,IDLE,0.708900690078735,1,3.02475070953369,0.557800710201263,0.982276320457458,0.0598784349858761,0.982276320457458,0.0514151453971863,6,RAISE_D,30,1.22360908985138
45.319988,pitch,0,IDLE,0.700246751308441,1,3.02475070953369,0.557800710201263,0.982276320457458,0.0598784349858761,0.982276320457458,0.0514151453971863,6,RAISE_D,30,1.22360908985138
45.359988,pitch,0,IDLE,0.692044079303741,1,3.02475070953369,0.557800710201263,0.982276320457458,0.0598784349858761,0.982276320457458,0.0514151453971863,6,RAISE_D,30,1.22360908985138
45.399988,pitch,0,IDLE,0.684520125389099,1,3.02475070953369,0.557800710201263,0.982276320457458,0.0598784349858761,0.982276320457458,0.0514151453971863,6,RAISE_D,30,1.22360908985138
45.439988,pitch,0,IDLE,0.677498400211334,1,3.02475070953369,0.557800710201263,0.982276320457458,0.0598784349858761,0.982276320457458,0.0514151453971863,6,RAISE_D,30,1.22360908985138
45.479988,pitch,0,IDLE,0.670298159122467,1,3.02475070953369,0.557800710201263,0.982276320457458,0.0598784349858761,0.982276320457458,0.0514151453971863,6,RAISE_D,30,1.22360908985138
45.519988,pitch,0,IDLE,0.662781596183777,1,3.02475070953369,0.557800710201263,0.982276320457458,0.0598784349858761,0.982276320457458,0.0514151453971863,6,RAISE_D,30,1.22360908985138
45.559988,pitch,0,IDLE,0.654657006263733,1,3.02475070953369,0.557800710201263,0.982276320457458,0.0598784349858761,0.982276320457458,0.0514151453971863,6,RAISE_D,30,1.22360908985138
45.599988,pitch,0,IDLE,0.645741999149323,1,3.02475070953369,0.557800710201263,0.982276320457458,0.0598784349858761,0.982276320457458,0.0514151453971863,6,RAISE_D,30,1.22360908985138
45.639988,pitch,0,IDLE,0.636454820632935,1,3.02475070953369,0.557800710201263,0.982276320457458,0.0598784349858761,0.982276320457458,0.0514151453971863,6,RAISE_D,30,1.22360908985138
45.679988,pitch,0,IDLE,0.625888168811798,1,3.02475070953369,0.557800710201263,0.982276320457458,0.0598784349858761,0.982276320457458,0.0514151453971863,6,RAISE_D,30,1.22360908985138
45.719988,pitch,0,IDLE,0.614681959152222,1,3.02475070953369,0.557800710201263,0.982276320457458,0.0598784349858761,0.982276320457458,0.0514151453971863,6,RAISE_D,30,1.22360908985138
45.759988,pitch,0,IDLE,0.602791726589203,1,3.02475070953369,0.557800710201263,0.982276320457458,0.0598784349858761,0.982276320457458,0.0514151453971863,6,RAISE_D,30,1.22360908985138
45.799988,pitch,0,IDLE,0.590018928050995,1,3.02475070953369,0.557800710201263,0.982276320457458,0.0598784349858761,0.982276320457458,0.0514151453971863,6,RAISE_D,30,1.22360908985138
45.839988,pitch,0,IDLE,0.576177179813385,1,3.02475070953369,0.557800710201263,0.982276320457458,0.0598784349858761,0.982276320457458,0.0514151453971863,6,RAISE_D,30,1.22360908985138
45.879988,pitch,0,IDLE,0.56154465675354,1,3.02475070953369,0.557800710201263,0.982276320457458,0.0598784349858761,0.982276320457458,0.0514151453971863,6,RAISE_D,30,1.22360908985138
45.919988,pitch,0,IDLE,0.546735525131226,1,3.02475070953369,0.557800710201263,0.982276320457458,0.0598784349858761,0.982276320457458,0.0514151453971863,6,RAISE_D,30,1.22360908985138
45.959988,pitch,0,IDLE,0.532513320446014,1,3.02475070953369,0.557800710201263,0.982276320457458,0.0598784349858761,0.982276320457458,0.0514151453971863,6,RAISE_D,30,1.22360908985138
45.999988,pitch,0,IDLE,0.520305454730988,1,3.02475070953369,0.557800710201263,0.982276320457458,0.0598784349858761,0.982276320457458,0.0514151453971863,6,RAISE_D,30,1.22360908985138
46.039988,pitch,0,IDLE,0.508293092250824,1,3.02475070953369,0.557800710201263,0.982276320457458,0.0598784349858761,0.982276320457458,0.0514151453971863,6,RAISE_D,30,1.22360908985138
46.079988,pitch,0,IDLE,0.495844691991806,1,3.02475070953369,0.557800710201263,0.982276320457458,0.0598784349858761,0.982276320457458,0.0514151453971863,6,RAISE_D,30,1.22360908985138
46.119988,pitch,0,IDLE,0.483146637678146,1,3.02475070953369,0.557800710201263,0.982276320457458,0.0598784349858761,0.982276320457458,0.0514151453971863,6,RAISE_D,30,1.22360908985138
46.159988,pitch,0,IDLE,0.47068065404892,1,3.02475070953369,0.557800710201263,0.982276320457458,0.0598784349858761,0.982276320457458,0.0514151453971863,6,RAISE_D,30,1.22360908985138
46.199988,pitch,0,IDLE,0.458180874586105,1,3.02475070953369,0.557800710201263,0.982276320457458,0.0598784349858761,0.982276320457458,0.0514151453971863,6,RAISE_D,30,1.22360908985138
46.239988,pitch,0,IDLE,0.44577744603157,1,3.02475070953369,0.557800710201263,0.982276320457458,0.0598784349858761,0.982276320457458,0.0514151453971863,6,RAISE_D,30,1.22360908985138
46.279988,pitch,0,IDLE,0.433478385210037,1,3.02475070953369,0.557800710201263,0.982276320457458,0.0598784349858761,0.982276320457458,0.0514151453971863,6,RAISE_D,30,1.22360908985138
46.319988,pitch,0,IDLE,0.421326488256454,1,3.02475070953369,0.557800710201263,0.982276320457458,0.0598784349858761,0.982276320457458,0.0514151453971863,6,RAISE_D,30,1.22360908985138
46.359988,pitch,0,IDLE,0.409284204244614,1,3.02475070953369,0.557800710201263,0.982276320457458,0.0598784349858761,0.982276320457458,0.0514151453971863,6,RAISE_D,30,1.22360908985138
46.399988,pitch,0,IDLE,0.397719532251358,1,3.02475070953369,0.557800710201263,0.982276320457458,0.0598784349858761,0.982276320457458,0.0514151453971863,6,RAISE_D,30,1.22360908985138
46.439988,pitch,0,IDLE,0.386688441038132,1,3.02475070953369,0.557800710201263,0.982276320457458,0.0598784349858761,0.982276320457458,0.0514151453971863,6,RAISE_D,30,1.22360908985138
46.479988,pitch,0,IDLE,0.375618010759354,1,3.02475070953369,0.557800710201263,0.982276320457458,0.0598784349858761,0.982276320457458,0.0514151453971863,6,RAISE_D,30,1.22360908985138
46.519988,pitch,0,IDLE,0.366369664669037,1,3.02475070953369,0.557800710201263,0.982276320457458,0.0598784349858761,0.982276320457458,0.0514151453971863,6,RAISE_D,30,1.22360908985138
46.559988,pitch,0,IDLE,0.360133290290833,1,3.02475070953369,0.557800710201263,0.982276320457458,0.0598784349858761,0.982276320457458,0.0514151453971863,6,RAISE_D,30,1.22360908985138
46.599988,pitch,0,IDLE,0.35469314455986,1,3.02475070953369,0.557800710201263,0.982276320457458,0.0598784349858761,0.982276320457458,0.0514151453971863,6,RAISE_D,30,1.22360908985138
46.639988,pitch,0,IDLE,0.349474370479584,1,3.02475070953369,0.557800710201263,0.982276320457458,0.0598784349858761,0.982276320457458,0.0514151453971863,6,RAISE_D,30,1.22360908985138
46.679988,pitch,0,IDLE,0.34415265917778,1,3.02475070953369,0.557800710201263,0.982276320457458,0.0598784349858761,0.982276320457458,0.0514151453971863,6,RAISE_D,30,1.22360908985138
46.719988,pitch,0,IDLE,0.338867664337158,1,3.02475070953369,0.557800710201263,0.982276320457458,0.0598784349858761,0.982276320457458,0.0514151453971863,6,RAISE_D,30,1.22360908985138
46.759988,pitch,0,IDLE,0.333786487579346,1,3.02475070953369,0.557800710201263,0.982276320457458,0.0598784349858761,0.982276320457458,0.0514151453971863,6,RAISE_D,30,1.22360908985138
46.799988,pitch,0,IDLE,0.328833192586899,1,3.02475070953369,0.557800710201263,0.982276320457458,0.0598784349858761,0.982276320457458,0.0514151453971863,6,RAISE_D,30,1.22360908985138
46.839988,pitch,0,IDLE,0.323848605155945,1,3.02475070953369,0.557800710201263,0.982276320457458,0.0598784349858761,0.982276320457458,0.0514151453971863,6,RAISE_D,30,1.22360908985138
46.879988,pitch,0,IDLE,0.31919452548027,1,3.02475070953369,0.557800710201263,0.982276320457458,0.0598784349858761,0.982276320457458,0.0514151453971863,6,RAISE_D,30,1.22360908985138
46.919988,pitch,0,IDLE,0.314681261777878,1,3.02475070953369,0.557800710201263,0.982276320457458,0.0598784349858761,0.982276320457458,0.0514151453971863,6,RAISE_D,30,1.22360908985138
46.959988,pitch,0,IDLE,0.310621738433838,1,3.02475070953369,0.557800710201263,0.982276320457458,0.0598784349858761,0.982276320457458,0.0514151453971863,6,RAISE_D,30,1.22360908985138
46.999988,pitch,0,IDLE,0.307214915752411,1,3.02475070953369,0.557800710201263,0.982276320457458,0.0598784349858761,0.982276320457458,0.0514151453971863,6,RAISE_D,30,1.22360908985138
47.039988,pitch,0,IDLE,0.304124057292938,1,3.02475070953369,0.557800710201263,0.982276320457458,0.0598784349858761,0.982276320457458,0.0514151453971863,6,RAISE_D,30,1.22360908985138
47.079988,pitch,0,IDLE,0.302097141742706,1,3.02475070953369,0.557800710201263,0.982276320457458,0.0598784349858761,0.982276320457458,0.0514151453971863,6,RAISE_D,30,1.22360908985138
47.119988,pitch,0,IDLE,0.302796512842178,1,3.02475070953369,0.557800710201263,0.982276320457458,0.0598784349858761,0.982276320457458,0.0514151453971863,6,RAISE_D,30,1.22360908985138
47.159988,pitch,0,IDLE,0.30417537689209,1,3.02475070953369,0.557800710201263,0.982276320457458,0.0598784349858761,0.982276320457458,0.0514151453971863,6,RAISE_D,30,1.22360908985138
47.199988,pitch,0,IDLE,0.305948376655579,1,3.02475070953369,0.557800710201263,0.982276320457458,0.0598784349858761,0.982276320457458,0.0514151453971863,6,RAISE_D,30,1.22360908985138
47.239988,pitch,0,IDLE,0.307818233966827,1,3.02475070953369,0.557800710201263,0.982276320457458,0.0598784349858761,0.982276320457458,0.0514151453971863,6,RAISE_D,30,1.22360908985138
47.279988,pitch,0,IDLE,0.309601992368698,1,3.02475070953369,0.557800710201263,0.982276320457458,0.0598784349858761,0.982276320457458,0.0514151453971863,6,RAISE_D,30,1.22360908985138
47.319988,pitch,0,IDLE,0.275147140026093,1,3.02475070953369,0.557800710201263,0.982276320457458,0.0598784349858761,0.982276320457458,0.0514151453971863,6,RAISE_D,30,1.22360908985138
47.359988,pitch,0,IDLE,0.166709959506989,1,3.02475070953369,0.557800710201263,0.982276320457458,0.0598784349858761,0.982276320457458,0.0514151453971863,6,RAISE_D,30,1.22360908985138
47.399988,pitch,0,IDLE,0.0500331968069077,1,3.02475070953369,0.557800710201263,0.982276320457458,0.0598784349858761,0.982276320457458,0.0514151453971863,6,RAISE_D,30,1.22360908985138
47.439988,pitch,0,IDLE,-0.0563295111060143,1,3.02475070953369,0.557800710201263,0.982276320457458,0.0598784349858761,0.982276320457458,0.0514151453971863,6,RAISE_D,30,1.22360908985138
47.479988,pitch,0,IDLE,-0.146218806505203,1,3.02475070953369,0.557800710201263,0.982276320457458,0.0598784349858761,0.982276320457458,0.0514151453971863,6,RAISE_D,30,1.22360908985138
47.519988,pitch,0,IDLE,-0.21793469786644,1,3.02475070953369,0.557800710201263,0.982276320457458,0.0598784349858761,0.982276320457458,0.0514151453971863,6,RAISE_D,30,1.22360908985138
47.559988,pitch,0,IDLE,-0.272200465202332,1,3.02475070953369,0.557800710201263,0.982276320457458,0.0598784349858761,0.982276320457458,0.0514151453971863,6,RAISE_D,30,1.22360908985138
47.599988,pitch,0,IDLE,-0.311269521713257,1,3.02475070953369,0.557800710201263,0.982276320457458,0.0598784349858761,0.982276320457458,0.0514151453971863,6,RAISE_D,30,1.22360908985138
47.639988,pitch,0,IDLE,-0.33725318312645,1,3.02475070953369,0.557800710201263,0.982276320457458,0.0598784349858761,0.982276320457458,0.0514151453971863,6,RAISE_D,30,1.22360908985138
47.679988,pitch,0,IDLE,-0.352417767047882,1,3.02475070953369,0.557800710201263,0.982276320457458,0.0598784349858761,0.982276320457458,0.0514151453971863,6,RAISE_D,30,1.22360908985138
47.719988,pitch,0,IDLE,-0.359880834817886,1,3.02475070953369,0.557800710201263,0.982276320457458,0.0598784349858761,0.982276320457458,0.0514151453971863,6,RAISE_D,30,1.22360908985138
47.759988,pitch,0,IDLE,-0.361075609922409,1,3.02475070953369,0.557800710201263,0.982276320457458,0.0598784349858761,0.982276320457458,0.0514151453971863,6,RAISE_D,30,1.22360908985138
47.799988,pitch,0,IDLE,-0.357755959033966,1,3.02475070953369,0.557800710201263,0.982276320457458,0.0598784349858761,0.982276320457458,0.0514151453971863,6,RAISE_D,30,1.22360908985138
47.839988,pitch,0,IDLE,-0.350882947444916,1,3.02475070953369,0.557800710201263,0.982276320457458,0.0598784349858761,0.982276320457458,0.0514151453971863,6,RAISE_D,30,1.22360908985138
47.879988,pitch,0,IDLE,-0.339684814214706,1,3.02475070953369,0.557800710201263,0.982276320457458,0.0598784349858761,0.982276320457458,0.0514151453971863,6,RAISE_D,30,1.22360908985138
47.919988,pitch,0,IDLE,-0.323966562747955,1,3.02475070953369,0.557800710201263,0.982276320457458,0.0598784349858761,0.982276320457458,0.0514151453971863,6,RAISE_D,30,1.22360908985138
47.959988,pitch,0,IDLE,-0.305439800024033,1,3.0304000377655,0.557800710201263,0.982276320457458,0.0598784349858761,0.982276320457458,0.0514151453971863,6,RAISE_D,30,1.22360908985138
47.999988,pitch,0,IDLE,-0.286092013120651,1,3.04154491424561,0.557800710201263,0.982276320457458,0.0598784349858761,0.982276320457458,0.0514151453971863,6,RAISE_D,30,1.22360908985138
48.039988,pitch,0,IDLE,-0.265301316976547,1,3.04301643371582,0.557800710201263,0.982276320457458,0.0598784349858761,0.982276320457458,0.0514151453971863,6,RAISE_D,30,1.22360908985138
48.079988,pitch,0,IDLE,-0.242411285638809,1,3.04301643371582,0.557800710201263,0.982276320457458,0.0598784349858761,0.982276320457458,0.0514151453971863,6,RAISE_D,30,1.22360908985138
48.119988,pitch,0,IDLE,-0.218117669224739,1,3.04301643371582,0.557800710201263,0.982276320457458,0.0598784349858761,0.982276320457458,0.0514151453971863,6,RAISE_D,30,1.22360908985138
48.159988,pitch,0,IDLE,-0.19197416305542,1,3.04301643371582,0.557800710201263,0.982276320457458,0.0598784349858761,0.982276320457458,0.0514151453971863,6,RAISE_D,30,1.22360908985138
48.199988,pitch,0,IDLE,-0.164131119847298,1,3.04301643371582,0.557800710201263,0.982276320457458,0.0598784349858761,0.982276320457458,0.0514151453971863,6,RAISE_D,30,1.22360908985138
48.239988,pitch,0,IDLE,-0.134930446743965,1,3.04301643371582,0.557800710201263,0.982276320457458,0.0598784349858761,0.982276320457458,0.0514151453971863,6,RAISE_D,30,1.22360908985138
48.279988,pitch,0,IDLE,-0.10649685561657,1,3.04301643371582,0.557800710201263,0.982276320457458,0.0598784349858761,0.982276320457458,0.0514151453971863,6,RAISE_D,30,1.22360908985138
48.319988,pitch,0,IDLE,-0.0777986794710159,1,3.04301643371582,0.557800710201263,0.982276320457458,0.0598784349858761,0.982276320457458,0.0514151453971863,6,RAISE_D,30,1.22360908985138
48.359988,pitch,0,IDLE,-0.047855194658041,1,3.04301643371582,0.557800710201263,0.982276320457458,0.0598784349858761,0.982276320457458,0.0514151453971863,6,RAISE_D,30,1.22360908985138
48.399988,pitch,0,IDLE,-0.0169049426913261,1,3.04301643371582,0.557800710201263,0.982276320457458,0.0598784349858761,0.982276320457458,0.0514151453971863,6,RAISE_D,30,1.22360908985138
48.439988,pitch,0,IDLE,0.0143527323380113,1,3.04301643371582,0.557800710201263,0.982276320457458,0.0598784349858761,0.982276320457458,0.0514151453971863,6,RAISE_D,30,1.22360908985138
48.479988,pitch,0,IDLE,0.0431549362838268,1,3.04301643371582,0.557800710201263,0.982276320457458,0.0598784349858761,0.982276320457458,0.0514151453971863,6,RAISE_D,30,1.22360908985138
48.519988,pitch,0,IDLE,0.0677376464009285,1,3.04301643371582,0.557800710201263,0.982276320457458,0.0598784349858761,0.982276320457458,0.0514151453971863,6,RAISE_D,30,1.22360908985138
48.559988,pitch,0,IDLE,0.0873535573482513,1,3.04301643371582,0.557800710201263,0.982276320457458,0.0598784349858761,0.982276320457458,0.0514151453971863,6,RAISE_D,30,1.22360908985138
48.599988,pitch,0,IDLE,0.10218134522438,1,3.04301643371582,0.557800710201263,0.982276320457458,0.0598784349858761,0.982276320457458,0.0514151453971863,6,RAISE_D,30,1.22360908985138
48.639988,pitch,0,IDLE,0.113233663141727,1,3.04301643371582,0.557800710201263,0.982276320457458,0.0598784349858761,0.982276320457458,0.0514151453971863,6,RAISE_D,30,1.22360908985138
48.679988,pitch,0,IDLE,0.121795788407326,1,3.04301643371582,0.557800710201263,0.982276320457458,0.0598784349858761,0.982276320457458,0.0514151453971863,6,RAISE_D,30,1.22360908985138
48.719988,pitch,0,IDLE,0.129463568329811,1,3.04301643371582,0.557800710201263,0.982276320457458,0.0598784349858761,0.982276320457458,0.0514151453971863,6,RAISE_D,30,1.22360908985138
48.759988,pitch,0,IDLE,0.137214466929436,1,3.04301643371582,0.557800710201263,0.982276320457458,0.0598784349858761,0.982276320457458,0.0514151453971863,6,RAISE_D,30,1.22360908985138
48.799988,pitch,0,IDLE,0.145838692784309,1,3.04301643371582,0.557800710201263,0.982276320457458,0.0598784349858761,0.982276320457458,0.0514151453971863,6,RAISE_D,30,1.22360908985138
48.839988,pitch,0,IDLE,0.155505165457726,1,3.04301643371582,0.557800710201263,0.982276320457458,0.0598784349858761,0.982276320457458,0.0514151453971863,6,RAISE_D,30,1.22360908985138
48.879988,pitch,0,IDLE,0.166419178247452,1,3.04301643371582,0.557800710201263,0.982276320457458,0.0598784349858761,0.982276320457458,0.0514151453971863,6,RAISE_D,30,1.22360908985138
48.919988,pitch,0,IDLE,0.141739577054977,1,3.04301643371582,0.557800710201263,0.982276320457458,0.0598784349858761,0.982276320457458,0.0514151453971863,6,RAISE_D,30,1.22360908985138
48.959988,pitch,0,IDLE,0.0424112007021904,1,3.04301643371582,0.557800710201263,0.982276320457458,0.0598784349858761,0.982276320457458,0.0514151453971863,6,RAISE_D,30,1.22360908985138
48.999988,pitch,0,IDLE,-0.0653389245271683,1,3.04301643371582,0.557800710201263,0.982276320457458,0.0598784349858761,0.982276320457458,0.0514151453971863,6,RAISE_D,30,1.22360908985138
49.039988,pitch,0,IDLE,-0.166780680418015,1,3.04301643371582,0.557800710201263,0.982276320457458,0.0598784349858761,0.982276320457458,0.0514151453971863,6,RAISE_D,30,1.22360908985138
49.079988,pitch,0,IDLE,-0.257667183876038,1,3.04301643371582,0.557800710201263,0.982276320457458,0.0598784349858761,0.982276320457458,0.0514151453971863,6,RAISE_D,30,1.22360908985138
49.119988,pitch,0,IDLE,-0.337357997894287,1,3.04301643371582,0.557800710201263,0.982276320457458,0.0598784349858761,0.982276320457458,0.0514151453971863,6,RAISE_D,30,1.22360908985138
49.159988,pitch,0,IDLE,-0.406189024448395,1,3.04301643371582,0.557800710201263,0.982276320457458,0.0598784349858761,0.982276320457458,0.0514151453971863,6,RAISE_D,30,1.22360908985138
49.199988,pitch,0,IDLE,-0.466131985187531,1,3.04301643371582,0.557800710201263,0.982276320457458,0.0598784349858761,0.982276320457458,0.0514151453971863,6,RAISE_D,30,1.22360908985138
49.239988,pitch,0,IDLE,-0.519879996776581,1,3.04301643371582,0.557800710201263,0.982276320457458,0.0598784349858761,0.982276320457458,0.0514151453971863,6,RAISE_D,30,1.22360908985138
49.279988,pitch,0,IDLE,-0.56614089012146,1,3.04301643371582,0.557800710201263,0.982276320457458,0.0598784349858761,0.982276320457458,0.0514151453971863,6,RAISE_D,30,1.22360908985138
49.319988,pitch,0,IDLE,-0.605121970176697,1,3.04301643371582,0.557800710201263,0.982276320457458,0.0598784349858761,0.982276320457458,0.0514151453971863,6,RAISE_D,30,1.22360908985138
49.359988,pitch,0,IDLE,-0.637928366661072,1,3.04301643371582,0.557800710201263,0.982276320457458,0.0598784349858761,0.982276320457458,0.0514151453971863,6,RAISE_D,30,1.22360908985138
49.399988,pitch,0,IDLE,-0.665266990661621,1,3.08198213577271,0.557800710201263,0.982276320457458,0.0598784349858761,0.982276320457458,0.0514151453971863,6,RAISE_D,30,1.22360908985138
49.439988,pitch,0,IDLE,-0.687733173370361,1,3.12020874023438,0.557800710201263,0.982276320457458,0.0598784349858761,0.982276320457458,0.0514151453971863,6,RAISE_D,30,1.22360908985138
49.479988,pitch,0,IDLE,-0.705997824668884,1,3.14435601234436,0.557800710201263,0.982276320457458,0.0598784349858761,0.982276320457458,0.0514151453971863,6,RAISE_D,30,1.22360908985138
49.519988,pitch,0,IDLE,-0.718560099601746,1,3.15596675872803,0.557800710201263,0.982276320457458,0.0598784349858761,0.982276320457458,0.0514151453971863,6,RAISE_D,30,1.22360908985138
49.559988,pitch,0,IDLE,-0.7239670753479,1,3.15751481056213,0.557800710201263,0.982276320457458,0.0598784349858761,0.982276320457458,0.0514151453971863,6,RAISE_D,30,1.22360908985138
49.599988,pitch,0,IDLE,-0.721825659275055,1,3.15751481056213,0.557800710201263,0.982276320457458,0.0598784349858761,0.982276320457458,0.0514151453971863,6,RAISE_D,30,1.22360908985138
49.639988,pitch,0,IDLE,-0.712116479873657,1,3.15751481056213,0.557800710201263,0.982276320457458,0.0598784349858761,0.982276320457458,0.0514151453971863,6,RAISE_D,30,1.22360908985138
49.679988,pitch,0,IDLE,-0.696406900882721,1,3.15751481056213,0.557800710201263,0.982276320457458,0.0598784349858761,0.982276320457458,0.0514151453971863,6,RAISE_D,30,1.22360908985138
49.719988,pitch,0,IDLE,-0.675799906253815,1,3.15751481056213,0.557800710201263,0.982276320457458,0.0598784349858761,0.982276320457458,0.0514151453971863,6,RAISE_D,30,1.22360908985138
49.759988,pitch,0,IDLE,-0.652853786945343,1,3.15751481056213,0.557800710201263,0.982276320457458,0.0598784349858761,0.982276320457458,0.0514151453971863,6,RAISE_D,30,1.22360908985138
49.799988,pitch,0,IDLE,-0.628451228141785,1,3.15751481056213,0.557800710201263,0.982276320457458,0.0598784349858761,0.982276320457458,0.0514151453971863,6,RAISE_D,30,1.22360908985138
49.839988,pitch,0,IDLE,-0.603421270847321,1,3.15751481056213,0.557800710201263,0.982276320457458,0.0598784349858761,0.982276320457458,0.0514151453971863,6,RAISE_D,30,1.22360908985138
49.879988,pitch,0,IDLE,-0.579293012619019,1,3.15751481056213,0.557800710201263,0.982276320457458,0.0598784349858761,0.982276320457458,0.0514151453971863,6,RAISE_D,30,1.22360908985138
49.919988,pitch,0,IDLE,-0.555993258953094,1,3.15751481056213,0.557800710201263,0.982276320457458,0.0598784349858761,0.982276320457458,0.0514151453971863,6,RAISE_D,30,1.22360908985138
49.959988,pitch,0,IDLE,-0.53417295217514,1,3.15751481056213,0.557800710201263,0.982276320457458,0.0598784349858761,0.982276320457458,0.0514151453971863,6,RAISE_D,30,1.22360908985138
49.999988,pitch,0,IDLE,-0.516208529472351,1,3.15751481056213,0.557800710201263,0.982276320457458,0.0598784349858761,0.982276320457458,0.0514151453971863,6,RAISE_D,30,1.22360908985138
50.039988,pitch,0,IDLE,-0.500277101993561,1,3.15751481056213,0.557800710201263,0.982276320457458,0.0598784349858761,0.982276320457458,0.0514151453971863,6,RAISE_D,30,1.22360908985138
50.079988,pitch,0,IDLE,-0.485758066177368,1,3.15751481056213,0.557800710201263,0.982276320457458,0.0598784349858761,0.982276320457458,0.0514151453971863,6,RAISE_D,30,1.22360908985138
50.119988,pitch,0,IDLE,-0.471544504165649,1,3.15751481056213,0.557800710201263,0.982276320457458,0.0598784349858761,0.982276320457458,0.0514151453971863,6,RAISE_D,30,1.22360908985138
50.159988,pitch,0,IDLE,-0.457461625337601,1,3.15751481056213,0.557800710201263,0.982276320457458,0.0598784349858761,0.982276320457458,0.0514151453971863,6,RAISE_D,30,1.22360908985138
50.199988,pitch,0,IDLE,-0.443490296602249,1,3.15751481056213,0.557800710201263,0.982276320457458,0.0598784349858761,0.982276320457458,0.0514151453971863,6,RAISE_D,30,1.22360908985138
50.239988,pitch,0,IDLE,-0.429046958684921,1,3.15751481056213,0.557800710201263,0.982276320457458,0.0598784349858761,0.982276320457458,0.0514151453971863,6,RAISE_D,30,1.22360908985138
50.279988,pitch,0,IDLE,-0.414738148450851,1,3.15751481056213,0.557800710201263,0.982276320457458,0.0598784349858761,0.982276320457458,0.0514151453971863,6,RAISE_D,30,1.22360908985138
50.319988,pitch,0,IDLE,-0.399457395076752,1,3.15751481056213,0.557800710201263,0.982276320457458,0.0598784349858761,0.982276320457458,0.0514151453971863,6,RAISE_D,30,1.22360908985138
50.359988,pitch,0,IDLE,-0.383925378322601,1,3.15751481056213,0.557800710201263,0.982276320457458,0.0598784349858761,0.982276320457458,0.0514151453971863,6,RAISE_D,30,1.22360908985138
50.399988,pitch,0,IDLE,-0.367765575647354,1,3.15751481056213,0.557800710201263,0.982276320457458,0.0598784349858761,0.982276320457458,0.0514151453971863,6,RAISE_D,30,1.22360908985138
50.439988,pitch,0,IDLE,-0.35077291727066,1,3.15751481056213,0.557800710201263,0.982276320457458,0.0598784349858761,0.982276320457458,0.0514151453971863,6,RAISE_D,30,1.22360908985138
50.479988,pitch,0,IDLE,-0.334205329418182,1,3.15751481056213,0.557800710201263,0.982276320457458,0.0598784349858761,0.982276320457458,0.0514151453971863,6,RAISE_D,30,1.22360908985138
50.519988,pitch,0,IDLE,-0.319885164499283,1,3.15751481056213,0.557800710201263,0.982276320457458,0.0598784349858761,0.982276320457458,0.0514151453971863,6,RAISE_D,30,1.22360908985138
50.559988,pitch,0,IDLE,-0.312978267669678,1,3.15751481056213,0.557800710201263,0.982276320457458,0.0598784349858761,0.982276320457458,0.0514151453971863,6,RAISE_D,30,1.22360908985138
50.599988,pitch,0,IDLE,-0.312334775924683,1,3.15751481056213,0.557800710201263,0.982276320457458,0.0598784349858761,0.982276320457458,0.0514151453971863,6,RAISE_D,30,1.22360908985138
50.639988,pitch,0,IDLE,-0.31716924905777,1,3.15751481056213,0.557800710201263,0.982276320457458,0.0598784349858761,0.982276320457458,0.0514151453971863,6,RAISE_D,30,1.22360908985138
50.679988,pitch,0,IDLE,-0.326927363872528,1,3.15751481056213,0.557800710201263,0.982276320457458,0.0598784349858761,0.982276320457458,0.0514151453971863,6,RAISE_D,30,1.22360908985138
50.719988,pitch,0,IDLE,-0.339720219373703,1,3.15751481056213,0.557800710201263,0.982276320457458,0.0598784349858761,0.982276320457458,0.0514151453971863,6,RAISE_D,30,1.22360908985138
50.759988,pitch,0,IDLE,-0.354279518127441,1,3.15751481056213,0.557800710201263,0.982276320457458,0.0598784349858761,0.982276320457458,0.0514151453971863,6,RAISE_D,30,1.22360908985138
50.799988,pitch,0,IDLE,-0.369868069887161,1,3.15751481056213,0.557800710201263,0.982276320457458,0.0598784349858761,0.982276320457458,0.0514151453971863,6,RAISE_D,30,1.22360908985138
50.839988,pitch,0,IDLE,-0.385196000337601,1,3.15751481056213,0.557800710201263,0.982276320457458,0.0598784349858761,0.982276320457458,0.0514151453971863,6,RAISE_D,30,1.22360908985138
50.879988,pitch,0,IDLE,-0.399569183588028,1,3.15751481056213,0.557800710201263,0.982276320457458,0.0598784349858761,0.982276320457458,0.0514151453971863,6,RAISE_D,30,1.22360908985138
50.919988,pitch,0,IDLE,-0.41279661655426,1,3.15751481056213,0.557800710201263,0.982276320457458,0.0598784349858761,0.982276320457458,0.0514151453971863,6,RAISE_D,30,1.22360908985138
50.959988,pitch,0,IDLE,-0.424602329730988,1,3.15751481056213,0.557800710201263,0.982276320457458,0.0598784349858761,0.982276320457458,0.0514151453971863,6,RAISE_D,30,1.22360908985138
50.999988,pitch,0,IDLE,-0.435708165168762,1,3.15751481056213,0.557800710201263,0.982276320457458,0.0598784349858761,0.982276320457458,0.0514151453971863,6,RAISE_D,30,1.22360908985138
51.039988,pitch,0,IDLE,-0.446373105049133,1,3.15751481056213,0.557800710201263,0.982276320457458,0.0598784349858761,0.982276320457458,0.0514151453971863,6,RAISE_D,30,1.22360908985138
51.079988,pitch,0,IDLE,-0.456107825040817,1,3.15751481056213,0.557800710201263,0.982276320457458,0.0598784349858761,0.982276320457458,0.0514151453971863,6,RAISE_D,30,1.22360908985138
51.119988,pitch,0,IDLE,-0.468736290931702,1,3.15751481056213,0.557800710201263,0.982276320457458,0.0598784349858761,0.982276320457458,0.0514151453971863,6,RAISE_D,30,1.22360908985138
51.159988,pitch,0,IDLE,-0.482330173254013,1,3.15751481056213,0.557800710201263,0.982276320457458,0.0598784349858761,0.982276320457458,0.0514151453971863,6,RAISE_D,30,1.22360908985138
51.199988,pitch,0,IDLE,-0.496366798877716,1,3.15751481056213,0.557800710201263,0.982276320457458,0.0598784349858761,0.982276320457458,0.0514151453971863,6,RAISE_D,30,1.22360908985138
51.239988,pitch,0,IDLE,-0.511061906814575,1,3.15751481056213,0.557800710201263,0.982276320457458,0.0598784349858761,0.982276320457458,0.0514151453971863,6,RAISE_D,30,1.22360908985138
51.279988,pitch,0,IDLE,-0.525315701961517,1,3.15751481056213,0.557800710201263,0.982276320457458,0.0598784349858761,0.982276320457458,0.0514151453971863,6,RAISE_D,30,1.22360908985138
51.319988,pitch,0,IDLE,-0.537671744823456,1,3.15751481056213,0.557800710201263,0.982276320457458,0.0598784349858761,0.982276320457458,0.0514151453971863,6,RAISE_D,30,1.22360908985138
51.359988,pitch,0,IDLE,-0.54606705904007,1,3.15751481056213,0.557800710201263,0.982276320457458,0.0598784349858761,0.982276320457458,0.0514151453971863,6,RAISE_D,30,1.22360908985138
51.399988,pitch,0,IDLE,-0.549694538116455,1,3.15751481056213,0.557800710201263,0.982276320457458,0.0598784349858761,0.982276320457458,0.0514151453971863,6,RAISE_D,30,1.22360908985138
51.439988,pitch,0,IDLE,-0.548750519752502,1,3.15751481056213,0.557800710201263,0.982276320457458,0.0598784349858761,0.982276320457458,0.0514151453971863,6,RAISE_D,30,1.22360908985138
51.479988,pitch,0,IDLE,-0.543702304363251,1,3.15751481056213,0.557800710201263,0.982276320457458,0.0598784349858761,0.982276320457458,0.0514151453971863,6,RAISE_D,30,1.22360908985138
51.519988,pitch,0,IDLE,-0.536173820495605,1,3.15751481056213,0.557800710201263,0.982276320457458,0.0598784349858761,0.982276320457458,0.0514151453971863,6,RAISE_D,30,1.22360908985138
51.559988,pitch,0,IDLE,-0.52748692035675,1,3.15751481056213,0.557800710201263,0.982276320457458,0.0598784349858761,0.982276320457458,0.0514151453971863,6,RAISE_D,30,1.22360908985138
51.599988,pitch,0,IDLE,-0.518694281578064,1,3.15751481056213,0.557800710201263,0.982276320457458,0.0598784349858761,0.982276320457458,0.0514151453971863,6,RAISE_D,30,1.22360908985138
51.639988,pitch,0,IDLE,-0.475290507078171,1,3.15751481056213,0.557800710201263,0.982276320457458,0.0598784349858761,0.982276320457458,0.0514151453971863,6,RAISE_D,30,1.22360908985138
51.679988,pitch,0,IDLE,-0.360246390104294,1,3.15751481056213,0.557800710201263,0.982276320457458,0.0598784349858761,0.982276320457458,0.0514151453971863,6,RAISE_D,30,1.22360908985138
51.719988,pitch,0,IDLE,-0.237229943275452,1,3.15751481056213,0.557800710201263,0.982276320457458,0.0598784349858761,0.982276320457458,0.0514151453971863,6,RAISE_D,30,1.22360908985138
51.759988,pitch,0,IDLE,-0.122435919940472,1,3.15751481056213,0.557800710201263,0.982276320457458,0.0598784349858761,0.982276320457458,0.0514151453971863,6,RAISE_D,30,1.22360908985138
51.799988,pitch,0,IDLE,-0.0215023644268513,1,3.15751481056213,0.557800710201263,0.982276320457458,0.0598784349858761,0.982276320457458,0.0514151453971863,6,RAISE_D,30,1.22360908985138
51.839988,pitch,0,IDLE,0.0622355677187443,1,3.15751481056213,0.557800710201263,0.982276320457458,0.0598784349858761,0.982276320457458,0.0514151453971863,6,RAISE_D,30,1.22360908985138
51.879988,pitch,0,IDLE,0.128370732069016,1,3.15751481056213,0.557800710201263,0.982276320457458,0.0598784349858761,0.982276320457458,0.0514151453971863,6,RAISE_D,30,1.22360908985138
51.919988,pitch,0,IDLE,0.177787184715271,1,3.15751481056213,0.557800710201263,0.982276320457458,0.0598784349858761,0.982276320457458,0.0514151453971863,6,RAISE_D,30,1.22360908985138
51.959988,pitch,0,IDLE,0.212779000401497,1,3.15751481056213,0.557800710201263,0.982276320457458,0.0598784349858761,0.982276320457458,0.0514151453971863,6,RAISE_D,30,1.22360908985138
51.999988,pitch,0,IDLE,0.235717818140984,1,3.15751481056213,0.557800710201263,0.982276320457458,0.0598784349858761,0.982276320457458,0.0514151453971863,6,RAISE_D,30,1.22360908985138
52.039988,pitch,0,IDLE,0.249435886740685,1,3.15751481056213,0.557800710201263,0.982276320457458,0.0598784349858761,0.982276320457458,0.0514151453971863,6,RAISE_D,30,1.22360908985138
52.079988,pitch,0,IDLE,0.256052166223526,1,3.15751481056213,0.557800710201263,0.982276320457458,0.0598784349858761,0.982276320457458,0.0514151453971863,6,RAISE_D,30,1.22360908985138
52.119988,pitch,0,IDLE,0.257870554924011,1,3.15751481056213,0.557800710201263,0.982276320457458,0.0598784349858761,0.982276320457458,0.0514151453971863,6,RAISE_D,30,1.22360908985138
52.159988,pitch,0,IDLE,0.256221890449524,1,3.15751481056213,0.557800710201263,0.982276320457458,0.0598784349858761,0.982276320457458,0.0514151453971863,6,RAISE_D,30,1.22360908985138
52.199988,pitch,0,IDLE,0.252193242311478,1,3.15751481056213,0.557800710201263,0.982276320457458,0.0598784349858761,0.982276320457458,0.0514151453971863,6,RAISE_D,30,1.22360908985138
52.239988,pitch,0,IDLE,0.246229916810989,1,3.15751481056213,0.557800710201263,0.982276320457458,0.0598784349858761,0.982276320457458,0.0514151453971863,6,RAISE_D,30,1.22360908985138
52.279988,pitch,0,IDLE,0.239396899938583,1,3.15751481056213,0.557800710201263,0.982276320457458,0.0598784349858761,0.982276320457458,0.0514151453971863,6,RAISE_D,30,1.22360908985138
52.319988,pitch,0,IDLE,0.231387197971344,1,3.15751481056213,0.557800710201263,0.982276320457458,0.0598784349858761,0.982276320457458,0.0514151453971863,6,RAISE_D,30,1.22360908985138
52.359988,pitch,0,IDLE,0.222384259104729,1,3.15751481056213,0.557800710201263,0.982276320457458,0.0598784349858761,0.982276320457458,0.0514151453971863,6,RAISE_D,30,1.22360908985138
52.399988,pitch,0,IDLE,0.212075665593147,1,3.15751481056213,0.557800710201263,0.982276320457458,0.0598784349858761,0.982276320457458,0.0514151453971863,6,RAISE_D,30,1.22360908985138
52.439988,pitch,0,IDLE,0.20041486620903,1,3.15751481056213,0.557800710201263,0.982276320457458,0.0598784349858761,0.982276320457458,0.0514151453971863,6,RAISE_D,30,1.22360908985138
52.479988,pitch,0,IDLE,0.187637090682983,1,3.15751481056213,0.557800710201263,0.982276320457458,0.0598784349858761,0.982276320457458,0.0514151453971863,6,RAISE_D,30,1.22360908985138
52.519988,pitch,0,IDLE,0.173298835754395,1,3.15751481056213,0.557800710201263,0.982276320457458,0.0598784349858761,0.982276320457458,0.0514151453971863,6,RAISE_D,30,1.22360908985138
52.559988,pitch,0,IDLE,0.157628819346428,1,3.15751481056213,0.557800710201263,0.982276320457458,0.0598784349858761,0.982276320457458,0.0514151453971863,6,RAISE_D,30,1.22360908985138
52.599988,pitch,0,IDLE,0.140554994344711,1,3.15751481056213,0.557800710201263,0.982276320457458,0.0598784349858761,0.982276320457458,0.0514151453971863,6,RAISE_D,30,1.22360908985138
52.639988,pitch,0,IDLE,0.122393175959587,1,3.15751481056213,0.557800710201263,0.982276320457458,0.0598784349858761,0.982276320457458,0.0514151453971863,6,RAISE_D,30,1.22360908985138
52.679988,pitch,0,IDLE,0.103012017905712,1,3.15751481056213,0.557800710201263,0.982276320457458,0.0598784349858761,0.982276320457458,0.0514151453971863,6,RAISE_D,30,1.22360908985138
52.719988,pitch,0,IDLE,0.0827771723270416,1,3.15751481056213,0.557800710201263,0.982276320457458,0.0598784349858761,0.982276320457458,0.0514151453971863,6,RAISE_D,30,1.22360908985138
52.759988,pitch,0,IDLE,0.0618681870400906,1,3.15751481056213,0.557800710201263,0.982276320457458,0.0598784349858761,0.982276320457458,0.0514151453971863,6,RAISE_D,30,1.22360908985138
52.799988,pitch,0,IDLE,0.0406331904232502,1,3.15751481056213,0.557800710201263,0.982276320457458,0.0598784349858761,0.982276320457458,0.0514151453971863,6,RAISE_D,30,1.22360908985138
52.839988,pitch,0,IDLE,0.0212862715125084,1,3.15751481056213,0.557800710201263,0.982276320457458,0.0598784349858761,0.982276320457458,0.0514151453971863,6,RAISE_D,30,1.22360908985138
52.879988,pitch,0,IDLE,0.00604211818426847,1,3.15751481056213,0.557800710201263,0.982276320457458,0.0598784349858761,0.982276320457458,0.0514151453971863,6,RAISE_D,30,1.22360908985138
52.919988,pitch,0,IDLE,-0.00407417351379991,1,3.15751481056213,0.557800710201263,0.982276320457458,0.0598784349858761,0.982276320457458,0.0514151453971863,6,RAISE_D,30,1.22360908985138
52.959988,pitch,0,IDLE,-0.00893742218613625,1,3.15751481056213,0.557800710201263,0.982276320457458,0.0598784349858761,0.982276320457458,0.0514151453971863,6,RAISE_D,30,1.22360908985138
52.999988,pitch,0,IDLE,-0.00961091089993715,1,3.15751481056213,0.557800710201263,0.982276320457458,0.0598784349858761,0.982276320457458,0.0514151453971863,6,RAISE_D,30,1.22360908985138
53.039988,pitch,0,IDLE,-0.00744506623595953,1,3.15751481056213,0.557800710201263,0.982276320457458,0.0598784349858761,0.982276320457458,0.0514151453971863,6,RAISE_D,30,1.22360908985138
53.079988,pitch,0,IDLE,-0.00365686393342912,1,3.15751481056213,0.557800710201263,0.982276320457458,0.0598784349858761,0.982276320457458,0.0514151453971863,6,RAISE_D,30,1.22360908985138
53.119988,pitch,0,IDLE,0.000772324157878757,1,3.15751481056213,0.557800710201263,0.982276320457458,0.0598784349858761,0.982276320457458,0.0514151453971863,6,RAISE_D,30,1.22360908985138
53.159988,pitch,0,IDLE,0.00479796435683966,1,3.15751481056213,0.557800710201263,0.982276320457458,0.0598784349858761,0.982276320457458,0.0514151453971863,6,RAISE_D,30,1.22360908985138
53.199988,pitch,0,IDLE,0.0079150814563036,1,3.15751481056213,0.557800710201263,0.982276320457458,0.0598784349858761,0.982276320457458,0.0514151453971863,6,RAISE_D,30,1.22360908985138
53.239988,pitch,0,IDLE,0.0449074916541576,1,3.15751481056213,0.557800710201263,0.982276320457458,0.0598784349858761,0.982276320457458,0.0514151453971863,6,RAISE_D,30,1.22360908985138
53.279988,pitch,0,IDLE,0.15305107831955,1,3.15751481056213,0.557800710201263,0.982276320457458,0.0598784349858761,0.982276320457458,0.0514151453971863,6,RAISE_D,30,1.22360908985138
53.319988,pitch,0,IDLE,0.269508838653564,1,3.15751481056213,0.557800710201263,0.982276320457458,0.0598784349858761,0.982276320457458,0.0514151453971863,6,RAISE_D,30,1.22360908985138
53.359988,pitch,1,DEMAND_POS,0.379215449094772,1,3.15751481056213,0.557800710201263,0.982276320457458,0.0598784349858761,0.982276320457458,0.0514151453971863,6,RAISE_D,30,1.22360908985138
53.399988,pitch,1,DEMAND_POS,0.476313591003418,1,3.15751481056213,0.557800710201263,0.982276320457458,0.0598784349858761,0.982276320457458,0.0514151453971863,6,RAISE_D,30,1.22360908985138
53.439988,pitch,1,DEMAND_POS,0.557361543178558,1,3.15751481056213,0.557800710201263,0.982276320457458,0.0598784349858761,0.982276320457458,0.0514151453971863,6,RAISE_D,30,1.22360908985138
53.479988,pitch,1,DEMAND_POS,0.621926009654999,1,3.15751481056213,0.557800710201263,0.982276320457458,0.0598784349858761,0.982276320457458,0.0514151453971863,6,RAISE_D,30,1.22360908985138
53.519988,pitch,1,DEMAND_POS,0.67134302854538,1,3.15751481056213,0.557800710201263,0.982276320457458,0.0598784349858761,0.982276320457458,0.0514151453971863,6,RAISE_D,30,1.22360908985138
53.559988,pitch,1,DEMAND_POS,0.707324266433716,1,3.15751481056213,0.557800710201263,0.982276320457458,0.0598784349858761,0.982276320457458,0.0514151453971863,6,RAISE_D,30,1.22360908985138
53.599988,pitch,1,DEMAND_POS,0.732171714305878,1,3.15751481056213,0.557800710201263,0.982276320457458,0.0598784349858761,0.982276320457458,0.0514151453971863,6,RAISE_D,30,1.22360908985138
53.639988,pitch,1,DEMAND_POS,0.748457014560699,1,3.15751481056213,0.557800710201263,0.982276320457458,0.0598784349858761,0.982276320457458,0.0514151453971863,6,RAISE_D,30,1.22360908985138
53.679988,pitch,1,DEMAND_POS,0.758345544338226,1,3.15751481056213,0.557800710201263,0.982276320457458,0.0598784349858761,0.982276320457458,0.0514151453971863,6,RAISE_D,30,1.22360908985138
53.719988,pitch,1,DEMAND_POS,0.764122724533081,1,3.15751481056213,0.557800710201263,0.982276320457458,0.0598784349858761,0.982276320457458,0.0514151453971863,6,RAISE_D,30,1.22360908985138
53.759988,pitch,1,DEMAND_POS,0.766853868961334,1,3.15751481056213,0.557800710201263,0.982276320457458,0.0598784349858761,0.982276320457458,0.0514151453971863,6,RAISE_D,30,1.22360908985138
53.799988,pitch,1,DEMAND_POS,0.767575979232788,1,3.15751481056213,0.557800710201263,0.982276320457458,0.0598784349858761,0.982276320457458,0.0514151453971863,6,RAISE_D,30,1.22360908985138
53.839988,pitch,1,DEMAND_POS,0.767122149467468,1,3.15751481056213,0.557800710201263,0.982276320457458,0.0598784349858761,0.982276320457458,0.0514151453971863,6,RAISE_D,30,1.22360908985138
53.879988,pitch,1,DEMAND_POS,0.765549004077911,1,3.15751481056213,0.557800710201263,0.982276320457458,0.0598784349858761,0.982276320457458,0.0514151453971863,6,RAISE_D,30,1.22360908985138
53.919988,pitch,1,DEMAND_POS,0.76339203119278,1,3.15751481056213,0.557800710201263,0.982276320457458,0.0598784349858761,0.982276320457458,0.0514151453971863,6,RAISE_D,30,1.22360908985138
53.959988,pitch,1,DEMAND_POS,0.763416290283203,1,3.15751481056213,0.557800710201263,0.982276320457458,0.0598784349858761,0.982276320457458,0.0514151453971863,6,RAISE_D,30,1.22360908985138
53.999988,pitch,1,DEMAND_POS,0.764062762260437,1,3.15751481056213,0.557800710201263,0.982276320457458,0.0598784349858761,0.982276320457458,0.0514151453971863,6,RAISE_D,30,1.22360908985138
54.039988,pitch,1,DEMAND_POS,0.763879477977753,1,3.15751481056213,0.557800710201263,0.982276320457458,0.0598784349858761,0.982276320457458,0.0514151453971863,6,RAISE_D,30,1.22360908985138
54.079988,pitch,1,DEMAND_POS,0.761970102787018,1,3.15751481056213,0.557800710201263,0.982276320457458,0.0598784349858761,0.982276320457458,0.0514151453971863,6,RAISE_D,30,1.22360908985138
54.119988,pitch,1,DEMAND_POS,0.758863270282745,1,3.15751481056213,0.557800710201263,0.982276320457458,0.0598784349858761,0.982276320457458,0.0514151453971863,6,RAISE_D,30,1.22360908985138
54.159988,pitch,1,DEMAND_POS,0.754275441169739,1,3.15751481056213,0.557800710201263,0.982276320457458,0.0598784349858761,0.982276320457458,0.0514151453971863,6,RAISE_D,30,1.22360908985138
54.199988,pitch,1,DEMAND_POS,0.749030649662018,1,3.15751481056213,0.557800710201263,0.982276320457458,0.0598784349858761,0.982276320457458,0.0514151453971863,6,RAISE_D,30,1.22360908985138
54.239988,pitch,1,DEMAND_POS,0.742118537425995,1,3.15751481056213,0.557800710201263,0.982276320457458,0.0598784349858761,0.982276320457458,0.0514151453971863,6,RAISE_D,30,1.22360908985138
54.279988,pitch,1,DEMAND_POS,0.733625471591949,1,3.15751481056213,0.557800710201263,0.982276320457458,0.0598784349858761,0.982276320457458,0.0514151453971863,6,RAISE_D,30,1.22360908985138
54.319988,pitch,1,DEMAND_POS,0.723978996276855,1,3.15751481056213,0.557800710201263,0.982276320457458,0.0598784349858761,0.982276320457458,0.0514151453971863,6,RAISE_D,30,1.22360908985138
54.359988,pitch,1,DEMAND_POS,0.71319317817688,1,3.15751481056213,0.557800710201263,0.982276320457458,0.0598784349858761,0.982276320457458,0.0514151453971863,6,RAISE_D,30,1.22360908985138
54.399988,pitch,1,DEMAND_POS,0.701486587524414,1,3.15751481056213,0.557800710201263,0.982276320457458,0.0598784349858761,0.982276320457458,0.0514151453971863,6,RAISE_D,30,1.22360908985138
54.439988,pitch,1,DEMAND_POS,0.689007878303528,1,3.15751481056213,0.557800710201263,0.982276320457458,0.0598784349858761,0.982276320457458,0.0514151453971863,6,RAISE_D,30,1.22360908985138
54.479988,pitch,1,DEMAND_POS,0.675714194774628,1,3.15751481056213,0.557800710201263,0.982276320457458,0.0598784349858761,0.982276320457458,0.0514151453971863,6,RAISE_D,30,1.22360908985138
54.519988,pitch,1,DEMAND_POS,0.66264533996582,1,3.15751481056213,0.557800710201263,0.982276320457458,0.0598784349858761,0.982276320457458,0.0514151453971863,6,RAISE_D,30,1.22360908985138
54.559988,pitch,1,DEMAND_POS,0.649335265159607,1,3.15751481056213,0.557800710201263,0.982276320457458,0.0598784349858761,0.982276320457458,0.0514151453971863,6,RAISE_D,30,1.22360908985138
54.599988,pitch,1,DEMAND_POS,0.635700523853302,1,3.15751481056213,0.557800710201263,0.982276320457458,0.0598784349858761,0.982276320457458,0.0514151453971863,6,RAISE_D,30,1.22360908985138
54.639988,pitch,1,DEMAND_POS,0.62240332365036,1,3.15751481056213,0.557800710201263,0.982276320457458,0.0598784349858761,0.982276320457458,0.0514151453971863,6,RAISE_D,30,1.22360908985138
54.679988,pitch,1,DEMAND_POS,0.609191060066223,1,3.15751481056213,0.557800710201263,0.982276320457458,0.0598784349858761,0.982276320457458,0.0514151453971863,6,RAISE_D,30,1.22360908985138
54.719988,pitch,1,DEMAND_POS,0.599023580551147,1,3.15751481056213,0.557800710201263,0.982276320457458,0.0598784349858761,0.982276320457458,0.0514151453971863,6,RAISE_D,30,1.22360908985138
54.759988,pitch,1,DEMAND_POS,0.589792668819427,1,3.15751481056213,0.557800710201263,0.982276320457458,0.0598784349858761,0.982276320457458,0.0514151453971863,6,RAISE_D,30,1.22360908985138
54.799988,pitch,1,DEMAND_POS,0.5807865858078,1,3.15751481056213,0.557800710201263,0.982276320457458,0.0598784349858761,0.982276320457458,0.0514151453971863,6,RAISE_D,30,1.22360908985138
54.839988,pitch,1,DEMAND_POS,0.57203084230423,1,3.15751481056213,0.557800710201263,0.982276320457458,0.0598784349858761,0.982276320457458,0.0514151453971863,6,RAISE_D,30,1.22360908985138
54.879988,pitch,1,DEMAND_POS,0.563477575778961,1,3.15751481056213,0.557800710201263,0.982276320457458,0.0598784349858761,0.982276320457458,0.0514151453971863,6,RAISE_D,30,1.22360908985138
54.919988,pitch,1,DEMAND_POS,0.55534964799881,1,3.15751481056213,0.557800710201263,0.982276320457458,0.0598784349858761,0.982276320457458,0.0514151453971863,6,RAISE_D,30,1.22360908985138
54.959988,pitch,1,DEMAND_POS,0.54740047454834,1,3.15751481056213,0.557800710201263,0.982276320457458,0.0598784349858761,0.982276320457458,0.0514151453971863,6,RAISE_D,30,1.22360908985138
54.999988,pitch,1,DEMAND_POS,0.539606273174286,1,3.15751481056213,0.557800710201263,0.982276320457458,0.0598784349858761,0.982276320457458,0.0514151453971863,6,RAISE_D,30,1.22360908985138
55.039988,pitch,1,DEMAND_POS,0.531969368457794,1,3.15751481056213,0.557800710201263,0.982276320457458,0.0598784349858761,0.982276320457458,0.0514151453971863,6,RAISE_D,30,1.22360908985138
55.079988,pitch,1,DEMAND_POS,0.524324595928192,1,3.15751481056213,0.557800710201263,0.982276320457458,0.0598784349858761,0.982276320457458,0.0514151453971863,6,RAISE_D,30,1.22360908985138
55.119988,pitch,1,DEMAND_POS,0.517146408557892,1,3.15751481056213,0.557800710201263,0.982276320457458,0.0598784349858761,0.982276320457458,0.0514151453971863,6,RAISE_D,30,1.22360908985138
55.159988,pitch,1,DEMAND_POS,0.510185241699219,1,3.15751481056213,0.557800710201263,0.982276320457458,0.0598784349858761,0.982276320457458,0.0514151453971863,6,RAISE_D,30,1.22360908985138
55.199988,pitch,1,DEMAND_POS,0.503377020359039,1,3.15751481056213,0.557800710201263,0.982276320457458,0.0598784349858761,0.982276320457458,0.0514151453971863,6,RAISE_D,30,1.22360908985138
55.239988,pitch,1,DEMAND_POS,0.496991872787476,1,3.15751481056213,0.557800710201263,0.982276320457458,0.0598784349858761,0.982276320457458,0.0514151453971863,6,RAISE_D,30,1.22360908985138
55.279988,pitch,1,DEMAND_POS,0.490811586380005,1,3.15751481056213,0.557800710201263,0.982276320457458,0.0598784349858761,0.982276320457458,0.0514151453971863,6,RAISE_D,30,1.22360908985138
55.319988,pitch,1,DEMAND_POS,0.484776377677917,1,3.15751481056213,0.557800710201263,0.982276320457458,0.0598784349858761,0.982276320457458,0.0514151453971863,6,RAISE_D,30,1.22360908985138
55.359988,pitch,1,DEMAND_POS,0.482481271028519,1,3.15751481056213,0.557800710201263,0.982276320457458,0.0598784349858761,0.982276320457458,0.0514151453971863,6,RAISE_D,30,1.22360908985138
55.399988,pitch,1,DEMAND_POS,0.481464028358459,1,3.15751481056213,0.557800710201263,0.982276320457458,0.0598784349858761,0.982276320457458,0.0514151453971863,6,RAISE_D,30,1.22360908985138
55.439988,pitch,1,DEMAND_POS,0.481009125709534,1,3.15751481056213,0.557800710201263,0.982276320457458,0.0598784349858761,0.982276320457458,0.0514151453971863,6,RAISE_D,30,1.22360908985138
55.479988,pitch,1,DEMAND_POS,0.480575710535049,1,3.15751481056213,0.557800710201263,0.982276320457458,0.0598784349858761,0.982276320457458,0.0514151453971863,6,RAISE_D,30,1.22360908985138
55.519988,pitch,1,DEMAND_POS,0.479825675487518,1,3.15751481056213,0.557800710201263,0.982276320457458,0.0598784349858761,0.982276320457458,0.0514151453971863,6,RAISE_D,30,1.22360908985138
55.559988,pitch,1,DEMAND_POS,0.479226112365723,1,3.15751481056213,0.557800710201263,0.982276320457458,0.0598784349858761,0.982276320457458,0.0514151453971863,6,RAISE_D,30,1.22360908985138
55.599988,pitch,1,DEMAND_POS,0.47877636551857,1,3.15751481056213,0.557800710201263,0.982276320457458,0.0598784349858761,0.982276320457458,0.0514151453971863,6,RAISE_D,30,1.22360908985138
55.639988,pitch,1,DEMAND_POS,0.478502839803696,1,3.15751481056213,0.557800710201263,0.982276320457458,0.0598784349858761,0.982276320457458,0.0514151453971863,6,RAISE_D,30,1.22360908985138
55.679988,pitch,1,DEMAND_POS,0.47841539978981,1,3.15751481056213,0.557800710201263,0.982276320457458,0.0598784349858761,0.982276320457458,0.0514151453971863,6,RAISE_D,30,1.22360908985138
55.719988,pitch,1,DEMAND_POS,0.478599607944489,1,3.15751481056213,0.557800710201263,0.982276320457458,0.0598784349858761,0.982276320457458,0.0514151453971863,6,RAISE_D,30,1.22360908985138
55.759988,pitch,1,DEMAND_POS,0.478912383317947,1,3.15751481056213,0.557800710201263,0.982276320457458,0.0598784349858761,0.982276320457458,0.0514151453971863,6,RAISE_D,30,1.22360908985138
55.799988,pitch,1,DEMAND_POS,0.47926789522171,1,3.15751481056213,0.557800710201263,0.982276320457458,0.0598784349858761,0.982276320457458,0.0514151453971863,6,RAISE_D,30,1.22360908985138
55.839988,pitch,1,DEMAND_POS,0.479996979236603,1,3.15751481056213,0.557800710201263,0.982276320457458,0.0598784349858761,0.982276320457458,0.0514151453971863,6,RAISE_D,30,1.22360908985138
55.879988,pitch,1,DEMAND_POS,0.481347292661667,1,3.15751481056213,0.557800710201263,0.982276320457458,0.0598784349858761,0.982276320457458,0.0514151453971863,6,RAISE_D,30,1.22360908985138
55.919988,pitch,1,DEMAND_POS,0.482865333557129,1,3.15751481056213,0.557800710201263,0.982276320457458,0.0598784349858761,0.982276320457458,0.0514151453971863,6,RAISE_D,30,1.22360908985138
55.959988,pitch,0,IDLE,0.448423802852631,1,3.15751481056213,0.557800710201263,0.982276320457458,0.0598784349858761,0.982276320457458,0.0514151453971863,6,RAISE_D,30,1.22360908985138
55.999988,pitch,0,IDLE,0.339658737182617,1,1,1.24505388736725,1.01858901977539,0.0598784349858761,1.01858901977539,0.066839687526226,6,RAISE_D,30,1.34999990463257
56.039988,pitch,0,IDLE,0.226790368556976,1,1.04055953025818,1.24505388736725,1.01858901977539,0.0598784349858761,1.01858901977539,0.066839687526226,6,RAISE_D,30,1.34999990463257
56.079988,pitch,0,IDLE,0.124472841620445,1,1.30817937850952,1.24505388736725,1.01858901977539,0.0598784349858761,1.01858901977539,0.066839687526226,6,RAISE_D,30,1.34999990463257
56.119988,pitch,0,IDLE,0.0330236777663231,1,1.55481791496277,1.24505388736725,1.01858901977539,0.0598784349858761,1.01858901977539,0.066839687526226,6,RAISE_D,30,1.34999990463257
56.159988,pitch,0,IDLE,-0.0473717674612999,1,1.78211987018585,1.24505388736725,1.01858901977539,0.0598784349858761,1.01858901977539,0.066839687526226,6,RAISE_D,30,1.34999990463257
56.199988,pitch,0,IDLE,-0.117591261863708,1,1.99160134792328,1.24505388736725,1.01858901977539,0.0598784349858761,1.01858901977539,0.066839687526226,6,RAISE_D,30,1.34999990463257
56.239988,pitch,0,IDLE,-0.17791473865509,1,2.18465924263,1.24505388736725,1.01858901977539,0.0598784349858761,1.01858901977539,0.066839687526226,6,RAISE_D,30,1.34999990463257
56.279988,pitch,0,IDLE,-0.228743135929108,1,2.35968637466431,1.24505388736725,1.01858901977539,0.0598784349858761,1.01858901977539,0.066839687526226,6,RAISE_D,30,1.34999990463257
56.319988,pitch,0,IDLE,-0.268829971551895,1,2.50987005233765,1.24505388736725,1.01858901977539,0.0598784349858761,1.01858901977539,0.066839687526226,6,RAISE_D,30,1.34999990463257
56.359988,pitch,0,IDLE,-0.296848058700562,1,2.63759803771973,1.24505388736725,1.01858901977539,0.0598784349858761,1.01858901977539,0.066839687526226,6,RAISE_D,30,1.34999990463257
56.399988,pitch,0,IDLE,-0.312637984752655,1,2.74309015274048,1.24505388736725,1.01858901977539,0.0598784349858761,1.01858901977539,0.066839687526226,6,RAISE_D,30,1.34999990463257
56.439988,pitch,0,IDLE,-0.317013323307037,1,2.82794547080994,1.24505388736725,1.01858901977539,0.0598784349858761,1.01858901977539,0.066839687526226,6,RAISE_D,30,1.34999990463257
56.479988,pitch,0,IDLE,-0.311591893434525,1,2.89427161216736,1.24505388736725,1.01858901977539,0.0598784349858761,1.01858901977539,0.066839687526226,6,RAISE_D,30,1.34999990463257
56.519988,pitch,0,IDLE,-0.298801213502884,1,2.9439914226532,1.24505388736725,1.01858901977539,0.0598784349858761,1.01858901977539,0.066839687526226,6,RAISE_D,30,1.34999990463257
56.559988,pitch,0,IDLE,-0.281223624944687,1,2.97885847091675,1.24505388736725,1.01858901977539,0.0598784349858761,1.01858901977539,0.066839687526226,6,RAISE_D,30,1.34999990463257
56.599988,pitch,0,IDLE,-0.260474890470505,1,3.0004711151123,1.24505388736725,1.01858901977539,0.0598784349858761,1.01858901977539,0.066839687526226,6,RAISE_D,30,1.34999990463257
56.639988,pitch,0,IDLE,-0.238648414611816,1,3.01028537750244,1.24505388736725,1.01858901977539,0.0598784349858761,1.01858901977539,0.066839687526226,6,RAISE_D,30,1.34999990463257
56.679988,pitch,0,IDLE,-0.216750502586365,1,3.0111870765686,1.24505388736725,1.01858901977539,0.0598784349858761,1.01858901977539,0.066839687526226,6,RAISE_D,30,1.34999990463257
56.719988,pitch,0,IDLE,-0.195945382118225,1,3.0111870765686,1.24505388736725,1.01858901977539,0.0598784349858761,1.01858901977539,0.066839687526226,6,RAISE_D,30,1.34999990463257
56.759988,pitch,0,IDLE,-0.175412625074387,1,3.0111870765686,1.24505388736725,1.01858901977539,0.0598784349858761,1.01858901977539,0.066839687526226,6,RAISE_D,30,1.34999990463257
56.799988,pitch,0,IDLE,-0.155860170722008,1,3.0111870765686,1.24505388736725,1.01858901977539,0.0598784349858761,1.01858901977539,0.066839687526226,6,RAISE_D,30,1.34999990463257
56.839988,pitch,0,IDLE,-0.136972934007645,1,3.0111870765686,1.24505388736725,1.01858901977539,0.0598784349858761,1.01858901977539,0.066839687526226,6,RAISE_D,30,1.34999990463257
56.879988,pitch,0,IDLE,-0.117879591882229,1,3.0111870765686,1.24505388736725,1.01858901977539,0.0598784349858761,1.01858901977539,0.066839687526226,6,RAISE_D,30,1.34999990463257
56.919988,pitch,0,IDLE,-0.10034466534853,1,3.0111870765686,1.24505388736725,1.01858901977539,0.0598784349858761,1.01858901977539,0.066839687526226,6,RAISE_D,30,1.34999990463257
56.959988,pitch,0,IDLE,-0.0863414630293846,1,3.0111870765686,1.24505388736725,1.01858901977539,0.0598784349858761,1.01858901977539,0.066839687526226,6,RAISE_D,30,1.34999990463257
56.999988,pitch,0,IDLE,-0.0775898024439812,1,3.0111870765686,1.24505388736725,1.01858901977539,0.0598784349858761,1.01858901977539,0.066839687526226,6,RAISE_D,30,1.34999990463257
57.039988,pitch,0,IDLE,-0.0742318034172058,1,3.0111870765686,1.24505388736725,1.01858901977539,0.0598784349858761,1.01858901977539,0.066839687526226,6,RAISE_D,30,1.34999990463257
57.079988,pitch,0,IDLE,-0.0753197968006134,1,3.0111870765686,1.24505388736725,1.01858901977539,0.0598784349858761,1.01858901977539,0.066839687526226,6,RAISE_D,30,1.34999990463257
57.119988,pitch,0,IDLE,-0.0792433470487595,1,3.0111870765686,1.24505388736725,1.01858901977539,0.0598784349858761,1.01858901977539,0.066839687526226,6,RAISE_D,30,1.34999990463257
57.159988,pitch,0,IDLE,-0.0843677297234535,1,3.0111870765686,1.24505388736725,1.01858901977539,0.0598784349858761,1.01858901977539,0.066839687526226,6,RAISE_D,30,1.34999990463257
57.199988,pitch,0,IDLE,-0.0890069454908371,1,3.0111870765686,1.24505388736725,1.01858901977539,0.0598784349858761,1.01858901977539,0.066839687526226,6,RAISE_D,30,1.34999990463257
57.239988,pitch,0,IDLE,-0.0916426777839661,1,3.0111870765686,1.24505388736725,1.01858901977539,0.0598784349858761,1.01858901977539,0.066839687526226,6,RAISE_D,30,1.34999990463257
57.279988,pitch,0,IDLE,-0.0917336866259575,1,3.0111870765686,1.24505388736725,1.01858901977539,0.0598784349858761,1.01858901977539,0.066839687526226,6,RAISE_D,30,1.34999990463257
57.319988,pitch,0,IDLE,-0.0888401195406914,1,3.0111870765686,1.24505388736725,1.01858901977539,0.0598784349858761,1.01858901977539,0.066839687526226,6,RAISE_D,30,1.34999990463257
57.359988,pitch,0,IDLE,-0.0827784836292267,1,3.0111870765686,1.24505388736725,1.01858901977539,0.0598784349858761,1.01858901977539,0.066839687526226,6,RAISE_D,30,1.34999990463257
57.399988,pitch,0,IDLE,-0.0739583000540733,1,3.0111870765686,1.24505388736725,1.01858901977539,0.0598784349858761,1.01858901977539,0.066839687526226,6,RAISE_D,30,1.34999990463257
57.439988,pitch,0,IDLE,-0.062554731965065,1,3.0111870765686,1.24505388736725,1.01858901977539,0.0598784349858761,1.01858901977539,0.066839687526226,6,RAISE_D,30,1.34999990463257
57.479988,pitch,0,IDLE,-0.0495333671569824,1,3.0111870765686,1.24505388736725,1.01858901977539,0.0598784349858761,1.01858901977539,0.066839687526226,6,RAISE_D,30,1.34999990463257
57.519988,pitch,0,IDLE,-0.0353028029203415,1,3.0111870765686,1.24505388736725,1.01858901977539,0.0598784349858761,1.01858901977539,0.066839687526226,6,RAISE_D,30,1.34999990463257
57.559988,pitch,0,IDLE,-0.0554406493902206,1,3.0111870765686,1.24505388736725,1.01858901977539,0.0598784349858761,1.01858901977539,0.066839687526226,6,RAISE_D,30,1.34999990463257
57.599988,pitch,0,IDLE,-0.145999044179916,1,3.0111870765686,1.24505388736725,1.01858901977539,0.0598784349858761,1.01858901977539,0.066839687526226,6,RAISE_D,30,1.34999990463257
57.639988,pitch,0,IDLE,-0.244065001606941,1,3.0111870765686,1.24505388736725,1.01858901977539,0.0598784349858761,1.01858901977539,0.066839687526226,6,RAISE_D,30,1.34999990463257
57.679988,pitch,0,IDLE,-0.33607017993927,1,3.0111870765686,1.24505388736725,1.01858901977539,0.0598784349858761,1.01858901977539,0.066839687526226,6,RAISE_D,30,1.34999990463257
57.719988,pitch,2,DEMAND_NEG,-0.418866395950317,1,3.0111870765686,1.24505388736725,1.01858901977539,0.0598784349858761,1.01858901977539,0.066839687526226,6,RAISE_D,30,1.34999990463257
57.759988,pitch,2,DEMAND_NEG,-0.492306888103485,1,3.0111870765686,1.24505388736725,1.01858901977539,0.0598784349858761,1.01858901977539,0.066839687526226,6,RAISE_D,30,1.34999990463257
57.799988,pitch,2,DEMAND_NEG,-0.556403398513794,1,3.0111870765686,1.24505388736725,1.01858901977539,0.0598784349858761,1.01858901977539,0.066839687526226,6,RAISE_D,30,1.34999990463257
57.839988,pitch,2,DEMAND_NEG,-0.611761510372162,1,3.0111870765686,1.24505388736725,1.01858901977539,0.0598784349858761,1.01858901977539,0.066839687526226,6,RAISE_D,30,1.34999990463257
57.879988,pitch,2,DEMAND_NEG,-0.660684168338776,1,3.0111870765686,1.24505388736725,1.01858901977539,0.0598784349858761,1.01858901977539,0.066839687526226,6,RAISE_D,30,1.34999990463257
57.919988,pitch,2,DEMAND_NEG,-0.705025255680084,1,3.0111870765686,1.24505388736725,1.01858901977539,0.0598784349858761,1.01858901977539,0.066839687526226,6,RAISE_D,30,1.34999990463257
57.959988,pitch,2,DEMAND_NEG,-0.741964995861053,1,3.02029418945312,1.24505388736725,1.01858901977539,0.0598784349858761,1.01858901977539,0.066839687526226,6,RAISE_D,30,1.34999990463257
57.999988,pitch,2,DEMAND_NEG,-0.769199669361115,1,3.09556365013123,1.24505388736725,1.01858901977539,0.0598784349858761,1.01858901977539,0.066839687526226,6,RAISE_D,30,1.34999990463257
58.039988,pitch,2,DEMAND_NEG,-0.785421133041382,1,3.15257453918457,1.24505388736725,1.01858901977539,0.0598784349858761,1.01858901977539,0.066839687526226,6,RAISE_D,30,1.34999990463257
58.079988,pitch,2,DEMAND_NEG,-0.790843963623047,1,3.1932475566864,1.24505388736725,1.01858901977539,0.0598784349858761,1.01858901977539,0.066839687526226,6,RAISE_D,30,1.34999990463257
58.119988,pitch,2,DEMAND_NEG,-0.786742866039276,1,3.21933364868164,1.24505388736725,1.01858901977539,0.0598784349858761,1.01858901977539,0.066839687526226,6,RAISE_D,30,1.34999990463257
58.159988,pitch,2,DEMAND_NEG,-0.775741159915924,1,3.2324275970459,1.24505388736725,1.01858901977539,0.0598784349858761,1.01858901977539,0.066839687526226,6,RAISE_D,30,1.34999990463257
58.199988,pitch,2,DEMAND_NEG,-0.759787142276764,1,3.23456144332886,1.24505388736725,1.01858901977539,0.0598784349858761,1.01858901977539,0.066839687526226,6,RAISE_D,30,1.34999990463257
58.239988,pitch,2,DEMAND_NEG,-0.740772724151611,1,3.23456144332886,1.24505388736725,1.01858901977539,0.0598784349858761,1.01858901977539,0.066839687526226,6,RAISE_D,30,1.34999990463257
58.279988,pitch,2,DEMAND_NEG,-0.720510900020599,1,3.23456144332886,1.24505388736725,1.01858901977539,0.0598784349858761,1.01858901977539,0.066839687526226,6,RAISE_D,30,1.34999990463257
58.319988,pitch,2,DEMAND_NEG,-0.69989949464798,1,3.23456144332886,1.24505388736725,1.01858901977539,0.0598784349858761,1.01858901977539,0.066839687526226,6,RAISE_D,30,1.34999990463257
58.359988,pitch,2,DEMAND_NEG,-0.680025994777679,1,3.23456144332886,1.24505388736725,1.01858901977539,0.0598784349858761,1.01858901977539,0.066839687526226,6,RAISE_D,30,1.34999990463257
58.399988,pitch,2,DEMAND_NEG,-0.660948812961578,1,3.23456144332886,1.24505388736725,1.01858901977539,0.0598784349858761,1.01858901977539,0.066839687526226,6,RAISE_D,30,1.34999990463257
58.439988,pitch,2,DEMAND_NEG,-0.643123388290405,1,3.23456144332886,1.24505388736725,1.01858901977539,0.0598784349858761,1.01858901977539,0.066839687526226,6,RAISE_D,30,1.34999990463257
58.479988,pitch,2,DEMAND_NEG,-0.62681919336319,1,3.23456144332886,1.24505388736725,1.01858901977539,0.0598784349858761,1.01858901977539,0.066839687526226,6,RAISE_D,30,1.34999990463257
58.519988,pitch,2,DEMAND_NEG,-0.611440598964691,1,3.23456144332886,1.24505388736725,1.01858901977539,0.0598784349858761,1.01858901977539,0.066839687526226,6,RAISE_D,30,1.34999990463257
58.559988,pitch,2,DEMAND_NEG,-0.596770286560059,1,3.23456144332886,1.24505388736725,1.01858901977539,0.0598784349858761,1.01858901977539,0.066839687526226,6,RAISE_D,30,1.34999990463257
58.599988,pitch,2,DEMAND_NEG,-0.582218766212463,1,3.23456144332886,1.24505388736725,1.01858901977539,0.0598784349858761,1.01858901977539,0.066839687526226,6,RAISE_D,30,1.34999990463257
58.639988,pitch,2,DEMAND_NEG,-0.567543566226959,1,3.23456144332886,1.24505388736725,1.01858901977539,0.0598784349858761,1.01858901977539,0.066839687526226,6,RAISE_D,30,1.34999990463257
58.679988,pitch,2,DEMAND_NEG,-0.552855491638184,1,3.23456144332886,1.24505388736725,1.01858901977539,0.0598784349858761,1.01858901977539,0.066839687526226,6,RAISE_D,30,1.34999990463257
58.719988,pitch,2,DEMAND_NEG,-0.537481188774109,1,3.23456144332886,1.24505388736725,1.01858901977539,0.0598784349858761,1.01858901977539,0.066839687526226,6,RAISE_D,30,1.34999990463257
58.759988,pitch,2,DEMAND_NEG,-0.521829843521118,1,3.23456144332886,1.24505388736725,1.01858901977539,0.0598784349858761,1.01858901977539,0.066839687526226,6,RAISE_D,30,1.34999990463257
58.799988,pitch,2,DEMAND_NEG,-0.506199657917023,1,3.23456144332886,1.24505388736725,1.01858901977539,0.0598784349858761,1.01858901977539,0.066839687526226,6,RAISE_D,30,1.34999990463257
58.839988,pitch,2,DEMAND_NEG,-0.491907477378845,1,3.23456144332886,1.24505388736725,1.01858901977539,0.0598784349858761,1.01858901977539,0.066839687526226,6,RAISE_D,30,1.34999990463257
58.879988,pitch,2,DEMAND_NEG,-0.477550476789474,1,3.23456144332886,1.24505388736725,1.01858901977539,0.0598784349858761,1.01858901977539,0.066839687526226,6,RAISE_D,30,1.34999990463257
58.919988,pitch,2,DEMAND_NEG,-0.462375164031982,1,3.23456144332886,1.24505388736725,1.01858901977539,0.0598784349858761,1.01858901977539,0.066839687526226,6,RAISE_D,30,1.34999990463257
58.959988,pitch,2,DEMAND_NEG,-0.44674950838089,1,3.23456144332886,1.24505388736725,1.01858901977539,0.0598784349858761,1.01858901977539,0.066839687526226,6,RAISE_D,30,1.34999990463257
58.999988,pitch,2,DEMAND_NEG,-0.43005159497261,1,3.23456144332886,1.24505388736725,1.01858901977539,0.0598784349858761,1.01858901977539,0.066839687526226,6,RAISE_D,30,1.34999990463257
59.039988,pitch,2,DEMAND_NEG,-0.413336932659149,1,3.23456144332886,1.24505388736725,1.01858901977539,0.0598784349858761,1.01858901977539,0.066839687526226,6,RAISE_D,30,1.34999990463257
59.079988,pitch,2,DEMAND_NEG,-0.399205446243286,1,3.23456144332886,1.24505388736725,1.01858901977539,0.0598784349858761,1.01858901977539,0.066839687526226,6,RAISE_D,30,1.34999990463257
59.119988,pitch,2,DEMAND_NEG,-0.390035688877106,1,3.23456144332886,1.24505388736725,1.01858901977539,0.0598784349858761,1.01858901977539,0.066839687526226,6,RAISE_D,30,1.34999990463257
59.159988,pitch,2,DEMAND_NEG,-0.387282133102417,1,3.23456144332886,1.24505388736725,1.01858901977539,0.0598784349858761,1.01858901977539,0.066839687526226,6,RAISE_D,30,1.34999990463257
59.199988,pitch,2,DEMAND_NEG,-0.390439420938492,1,3.23456144332886,1.24505388736725,1.01858901977539,0.0598784349858761,1.01858901977539,0.066839687526226,6,RAISE_D,30,1.34999990463257
59.239988,pitch,2,DEMAND_NEG,-0.398291528224945,1,3.23456144332886,1.24505388736725,1.01858901977539,0.0598784349858761,1.01858901977539,0.066839687526226,6,RAISE_D,30,1.34999990463257
59.279988,pitch,2,DEMAND_NEG,-0.409633845090866,1,3.23456144332886,1.24505388736725,1.01858901977539,0.0598784349858761,1.01858901977539,0.066839687526226,6,RAISE_D,30,1.34999990463257
59.319988,pitch,2,DEMAND_NEG,-0.422585368156433,1,3.23456144332886,1.24505388736725,1.01858901977539,0.0598784349858761,1.01858901977539,0.066839687526226,6,RAISE_D,30,1.34999990463257
59.359988,pitch,2,DEMAND_NEG,-0.438036412000656,1,3.23456144332886,1.24505388736725,1.01858901977539,0.0598784349858761,1.01858901977539,0.066839687526226,6,RAISE_D,30,1.34999990463257
59.399988,pitch,2,DEMAND_NEG,-0.453373581171036,1,3.23456144332886,1.24505388736725,1.01858901977539,0.0598784349858761,1.01858901977539,0.066839687526226,6,RAISE_D,30,1.34999990463257
59.439988,pitch,2,DEMAND_NEG,-0.466699421405792,1,3.23456144332886,1.24505388736725,1.01858901977539,0.0598784349858761,1.01858901977539,0.066839687526226,6,RAISE_D,30,1.34999990463257
59.479988,pitch,2,DEMAND_NEG,-0.477876096963882,1,3.23456144332886,1.24505388736725,1.01858901977539,0.0598784349858761,1.01858901977539,0.066839687526226,6,RAISE_D,30,1.34999990463257
59.519988,pitch,2,DEMAND_NEG,-0.487248063087463,1,3.23456144332886,1.24505388736725,1.01858901977539,0.0598784349858761,1.01858901977539,0.066839687526226,6,RAISE_D,30,1.34999990463257
59.559988,pitch,2,DEMAND_NEG,-0.49477556347847,1,3.23456144332886,1.24505388736725,1.01858901977539,0.0598784349858761,1.01858901977539,0.066839687526226,6,RAISE_D,30,1.34999990463257
59.599988,pitch,2,DEMAND_NEG,-0.500445008277893,1,3.23456144332886,1.24505388736725,1.01858901977539,0.0598784349858761,1.01858901977539,0.066839687526226,6,RAISE_D,30,1.34999990463257
59.639988,pitch,2,DEMAND_NEG,-0.505205690860748,1,3.23456144332886,1.24505388736725,1.01858901977539,0.0598784349858761,1.01858901977539,0.066839687526226,6,RAISE_D,30,1.34999990463257
59.679988,pitch,2,DEMAND_NEG,-0.509099543094635,1,3.23456144332886,1.24505388736725,1.01858901977539,0.0598784349858761,1.01858901977539,0.066839687526226,6,RAISE_D,30,1.34999990463257
59.719988,pitch,2,DEMAND_NEG,-0.512960255146027,1,3.23456144332886,1.24505388736725,1.01858901977539,0.0598784349858761,1.01858901977539,0.066839687526226,6,RAISE_D,30,1.34999990463257
59.759988,pitch,2,DEMAND_NEG,-0.516766667366028,1,3.23456144332886,1.24505388736725,1.01858901977539,0.0598784349858761,1.01858901977539,0.066839687526226,6,RAISE_D,30,1.34999990463257
59.799988,pitch,2,DEMAND_NEG,-0.521346926689148,1,3.23456144332886,1.24505388736725,1.01858901977539,0.0598784349858761,1.01858901977539,0.066839687526226,6,RAISE_D,30,1.34999990463257
59.839988,pitch,2,DEMAND_NEG,-0.526910305023193,1,3.23456144332886,1.24505388736725,1.01858901977539,0.0598784349858761,1.01858901977539,0.066839687526226,6,RAISE_D,30,1.34999990463257
59.879988,pitch,2,DEMAND_NEG,-0.533471763134003,1,3.23456144332886,1.24505388736725,1.01858901977539,0.0598784349858761,1.01858901977539,0.066839687526226,6,RAISE_D,30,1.34999990463257
59.919988,pitch,2,DEMAND_NEG,-0.541416049003601,1,3.23456144332886,1.24505388736725,1.01858901977539,0.0598784349858761,1.01858901977539,0.066839687526226,6,RAISE_D,30,1.34999990463257
59.959988,pitch,2,DEMAND_NEG,-0.550110280513763,1,3.23456144332886,1.24505388736725,1.01858901977539,0.0598784349858761,1.01858901977539,0.066839687526226,6,RAISE_D,30,1.34999990463257
59.999988,pitch,2,DEMAND_NEG,-0.559030532836914,1,3.23456144332886,1.24505388736725,1.01858901977539,0.0598784349858761,1.01858901977539,0.066839687526226,6,RAISE_D,30,1.34999990463257
60.039988,pitch,2,DEMAND_NEG,-0.566657543182373,1,3.23456144332886,1.24505388736725,1.01858901977539,0.0598784349858761,1.01858901977539,0.066839687526226,6,RAISE_D,30,1.34999990463257
60.079988,pitch,2,DEMAND_NEG,-0.571109533309937,1,3.23456144332886,1.24505388736725,1.01858901977539,0.0598784349858761,1.01858901977539,0.066839687526226,6,RAISE_D,30,1.34999990463257
60.119988,pitch,2,DEMAND_NEG,-0.572788596153259,1,3.23456144332886,1.24505388736725,1.01858901977539,0.0598784349858761,1.01858901977539,0.066839687526226,6,RAISE_D,30,1.34999990463257
60.159988,pitch,2,DEMAND_NEG,-0.569659888744354,1,3.23456144332886,1.24505388736725,1.01858901977539,0.0598784349858761,1.01858901977539,0.066839687526226,6,RAISE_D,30,1.34999990463257
60.199988,pitch,2,DEMAND_NEG,-0.562191009521484,1,3.23456144332886,1.24505388736725,1.01858901977539,0.0598784349858761,1.01858901977539,0.066839687526226,6,RAISE_D,30,1.34999990463257
60.239988,pitch,2,DEMAND_NEG,-0.551994025707245,1,3.23456144332886,1.24505388736725,1.01858901977539,0.0598784349858761,1.01858901977539,0.066839687526226,6,RAISE_D,30,1.34999990463257
60.279988,pitch,2,DEMAND_NEG,-0.506720006465912,1,3.23456144332886,1.24505388736725,1.01858901977539,0.0598784349858761,1.01858901977539,0.066839687526226,6,RAISE_D,30,1.34999990463257
60.319988,pitch,0,IDLE,-0.382810473442078,1,1.02905988693237,0.952675700187683,0.982276320457458,0.0598784349858761,0.982276320457458,0.0868915915489197,6,RAISE_D,30,1.34999990463257
60.359988,pitch,0,IDLE,-0.250290542840958,1,1.28532099723816,0.952675700187683,0.982276320457458,0.0598784349858761,0.982276320457458,0.0868915915489197,6,RAISE_D,30,1.34999990463257
60.399988,pitch,0,IDLE,-0.133926317095757,1,1.5574746131897,0.952675700187683,0.982276320457458,0.0598784349858761,0.982276320457458,0.0868915915489197,6,RAISE_D,30,1.34999990463257
60.439988,pitch,0,IDLE,-0.0386060625314713,1,1.81871128082275,0.952675700187683,0.982276320457458,0.0598784349858761,0.982276320457458,0.0868915915489197,6,RAISE_D,30,1.34999990463257
60.479988,pitch,0,IDLE,0.0340226143598557,1,2.06223201751709,0.952675700187683,0.982276320457458,0.0598784349858761,0.982276320457458,0.0868915915489197,6,RAISE_D,30,1.34999990463257
60.519988,pitch,0,IDLE,0.0851363763213158,1,2.28666067123413,0.952675700187683,0.982276320457458,0.0598784349858761,0.982276320457458,0.0868915915489197,6,RAISE_D,30,1.34999990463257
60.559988,pitch,0,IDLE,0.117963574826717,1,2.49349427223206,0.952675700187683,0.982276320457458,0.0598784349858761,0.982276320457458,0.0868915915489197,6,RAISE_D,30,1.34999990463257
60.599988,pitch,0,IDLE,0.136074632406235,1,2.68109703063965,0.952675700187683,0.982276320457458,0.0598784349858761,0.982276320457458,0.0868915915489197,6,RAISE_D,30,1.34999990463257
60.639988,pitch,0,IDLE,0.143444120883942,1,2.84240984916687,0.952675700187683,0.982276320457458,0.0598784349858761,0.982276320457458,0.0868915915489197,6,RAISE_D,30,1.34999990463257
60.679988,pitch,0,IDLE,0.143767833709717,1,2.9799530506134,0.952675700187683,0.982276320457458,0.0598784349858761,0.982276320457458,0.0868915915489197,6,RAISE_D,30,1.34999990463257
60.719988,pitch,0,IDLE,0.139902755618095,1,3.09603047370911,0.952675700187683,0.982276320457458,0.0598784349858761,0.982276320457458,0.0868915915489197,6,RAISE_D,30,1.34999990463257
60.759988,pitch,0,IDLE,0.134380847215652,1,3.1927478313446,0.952675700187683,0.982276320457458,0.0598784349858761,0.982276320457458,0.0868915915489197,6,RAISE_D,30,1.34999990463257
60.799988,pitch,0,IDLE,0.128511443734169,1,3.26931047439575,0.952675700187683,0.982276320457458,0.0598784349858761,0.982276320457458,0.0868915915489197,6,RAISE_D,30,1.34999990463257
60.839988,pitch,0,IDLE,0.123203188180923,1,3.32692623138428,0.952675700187683,0.982276320457458,0.0598784349858761,0.982276320457458,0.0868915915489197,6,RAISE_D,30,1.34999990463257
60.879988,pitch,0,IDLE,0.119417913258076,1,3.36759328842163,0.952675700187683,0.982276320457458,0.0598784349858761,0.982276320457458,0.0868915915489197,6,RAISE_D,30,1.34999990463257
60.919988,pitch,0,IDLE,0.116501167416573,1,3.39313292503357,0.952675700187683,0.982276320457458,0.0598784349858761,0.982276320457458,0.0868915915489197,6,RAISE_D,30,1.34999990463257
60.959988,pitch,0,IDLE,0.114637680351734,1,3.40520358085632,0.952675700187683,0.982276320457458,0.0598784349858761,0.982276320457458,0.0868915915489197,6,RAISE_D,30,1.34999990463257
60.999988,pitch,0,IDLE,0.112901166081429,1,3.40666532516479,0.952675700187683,0.982276320457458,0.0598784349858761,0.982276320457458,0.0868915915489197,6,RAISE_D,30,1.34999990463257
61.039988,pitch,0,IDLE,0.111156642436981,1,3.40666532516479,0.952675700187683,0.982276320457458,0.0598784349858761,0.982276320457458,0.0868915915489197,6,RAISE_D,30,1.34999990463257
61.079988,pitch,0,IDLE,0.109181605279446,1,3.40666532516479,0.952675700187683,0.982276320457458,0.0598784349858761,0.982276320457458,0.0868915915489197,6,RAISE_D,30,1.34999990463257
61.119988,pitch,0,IDLE,0.106044016778469,1,3.40666532516479,0.952675700187683,0.982276320457458,0.0598784349858761,0.982276320457458,0.0868915915489197,6,RAISE_D,30,1.34999990463257
61.159988,pitch,0,IDLE,0.101848311722279,1,3.40666532516479,0.952675700187683,0.982276320457458,0.0598784349858761,0.982276320457458,0.0868915915489197,6,RAISE_D,30,1.34999990463257
61.199988,pitch,0,IDLE,0.0957647189497948,1,3.40666532516479,0.952675700187683,0.982276320457458,0.0598784349858761,0.982276320457458,0.0868915915489197,6,RAISE_D,30,1.34999990463257
61.239988,pitch,0,IDLE,0.0880103707313538,1,3.40666532516479,0.952675700187683,0.982276320457458,0.0598784349858761,0.982276320457458,0.0868915915489197,6,RAISE_D,30,1.34999990463257
61.279988,pitch,0,IDLE,0.0787280052900314,1,3.40666532516479,0.952675700187683,0.982276320457458,0.0598784349858761,0.982276320457458,0.0868915915489197,6,RAISE_D,30,1.34999990463257
61.319988,pitch,0,IDLE,0.0680154263973236,1,3.40666532516479,0.952675700187683,0.982276320457458,0.0598784349858761,0.982276320457458,0.0868915915489197,6,RAISE_D,30,1.34999990463257
61.359988,pitch,0,IDLE,0.0557500086724758,1,3.40666532516479,0.952675700187683,0.982276320457458,0.0598784349858761,0.982276320457458,0.0868915915489197,6,RAISE_D,30,1.34999990463257
61.399988,pitch,0,IDLE,0.0421519130468369,1,3.40666532516479,0.952675700187683,0.982276320457458,0.0598784349858761,0.982276320457458,0.0868915915489197,6,RAISE_D,30,1.34999990463257
61.439988,pitch,0,IDLE,0.0272596161812544,1,3.40666532516479,0.952675700187683,0.982276320457458,0.0598784349858761,0.982276320457458,0.0868915915489197,6,RAISE_D,30,1.34999990463257
61.479988,pitch,0,IDLE,0.0116496486589313,1,3.40666532516479,0.952675700187683,0.982276320457458,0.0598784349858761,0.982276320457458,0.0868915915489197,6,RAISE_D,30,1.34999990463257
61.519988,pitch,0,IDLE,-0.00153887970373034,1,3.40666532516479,0.952675700187683,0.982276320457458,0.0598784349858761,0.982276320457458,0.0868915915489197,6,RAISE_D,30,1.34999990463257
61.559988,pitch,0,IDLE,-0.00922184064984322,1,3.40666532516479,0.952675700187683,0.982276320457458,0.0598784349858761,0.982276320457458,0.0868915915489197,6,RAISE_D,30,1.34999990463257
61.599988,pitch,0,IDLE,-0.00989077240228653,1,3.40666532516479,0.952675700187683,0.982276320457458,0.0598784349858761,0.982276320457458,0.0868915915489197,6,RAISE_D,30,1.34999990463257
61.639988,pitch,0,IDLE,-0.00410657282918692,1,3.40666532516479,0.952675700187683,0.982276320457458,0.0598784349858761,0.982276320457458,0.0868915915489197,6,RAISE_D,30,1.34999990463257
61.679988,pitch,0,IDLE,0.00695301918312907,1,3.40666532516479,0.952675700187683,0.982276320457458,0.0598784349858761,0.982276320457458,0.0868915915489197,6,RAISE_D,30,1.34999990463257
61.719988,pitch,0,IDLE,0.0211674068123102,1,3.40666532516479,0.952675700187683,0.982276320457458,0.0598784349858761,0.982276320457458,0.0868915915489197,6,RAISE_D,30,1.34999990463257
61.759988,pitch,0,IDLE,0.0359001904726028,1,3.40666532516479,0.952675700187683,0.982276320457458,0.0598784349858761,0.982276320457458,0.0868915915489197,6,RAISE_D,30,1.34999990463257
61.799988,pitch,0,IDLE,0.0494201555848122,1,3.40666532516479,0.952675700187683,0.982276320457458,0.0598784349858761,0.982276320457458,0.0868915915489197,6,RAISE_D,30,1.34999990463257
61.839988,pitch,0,IDLE,0.0609007477760315,1,3.40666532516479,0.952675700187683,0.982276320457458,0.0598784349858761,0.982276320457458,0.0868915915489197,6,RAISE_D,30,1.34999990463257
61.879988,pitch,0,IDLE,0.105650290846825,1,3.40666532516479,0.952675700187683,0.982276320457458,0.0598784349858761,0.982276320457458,0.0868915915489197,6,RAISE_D,30,1.34999990463257
61.919988,pitch,0,IDLE,0.217213422060013,1,3.40666532516479,0.952675700187683,0.982276320457458,0.0598784349858761,0.982276320457458,0.0868915915489197,6,RAISE_D,30,1.34999990463257
61.959988,pitch,0,IDLE,0.328685253858566,1,3.40666532516479,0.952675700187683,0.982276320457458,0.0598784349858761,0.982276320457458,0.0868915915489197,6,RAISE_D,30,1.34999990463257
61.999988,pitch,1,DEMAND_POS,0.425269603729248,1,3.40666532516479,0.952675700187683,0.982276320457458,0.0598784349858761,0.982276320457458,0.0868915915489197,6,RAISE_D,30,1.34999990463257
62.039988,pitch,1,DEMAND_POS,0.502886414527893,1,3.40666532516479,0.952675700187683,0.982276320457458,0.0598784349858761,0.982276320457458,0.0868915915489197,6,RAISE_D,30,1.34999990463257
62.079988,pitch,1,DEMAND_POS,0.560537874698639,1,3.40666532516479,0.952675700187683,0.982276320457458,0.0598784349858761,0.982276320457458,0.0868915915489197,6,RAISE_D,30,1.34999990463257
62.119988,pitch,1,DEMAND_POS,0.600268304347992,1,3.40666532516479,0.952675700187683,0.982276320457458,0.0598784349858761,0.982276320457458,0.0868915915489197,6,RAISE_D,30,1.34999990463257
62.159988,pitch,1,DEMAND_POS,0.624971807003021,1,3.40666532516479,0.952675700187683,0.982276320457458,0.0598784349858761,0.982276320457458,0.0868915915489197,6,RAISE_D,30,1.34999990463257
62.199988,pitch,1,DEMAND_POS,0.638829827308655,1,3.40666532516479,0.952675700187683,0.982276320457458,0.0598784349858761,0.982276320457458,0.0868915915489197,6,RAISE_D,30,1.34999990463257
62.239988,pitch,1,DEMAND_POS,0.645428359508514,1,3.44169616699219,0.952675700187683,0.982276320457458,0.0598784349858761,0.982276320457458,0.0868915915489197,6,RAISE_D,30,1.34999990463257
62.279988,pitch,1,DEMAND_POS,0.650709807872772,1,3.56242918968201,0.952675700187683,0.982276320457458,0.0598784349858761,0.982276320457458,0.0868915915489197,6,RAISE_D,30,1.34999990463257
62.319988,pitch,1,DEMAND_POS,0.654657781124115,1,3.66189956665039,0.952675700187683,0.982276320457458,0.0598784349858761,0.982276320457458,0.0868915915489197,6,RAISE_D,30,1.34999990463257
62.359988,pitch,1,DEMAND_POS,0.658171534538269,1,3.7412965297699,0.952675700187683,0.982276320457458,0.0598784349858761,0.982276320457458,0.0868915915489197,6,RAISE_D,30,1.34999990463257
62.399988,pitch,1,DEMAND_POS,0.661890685558319,1,3.79995560646057,0.952675700187683,0.982276320457458,0.0598784349858761,0.982276320457458,0.0868915915489197,6,RAISE_D,30,1.34999990463257
62.439988,pitch,1,DEMAND_POS,0.666463315486908,1,3.8400776386261,0.952675700187683,0.982276320457458,0.0598784349858761,0.982276320457458,0.0868915915489197,6,RAISE_D,30,1.34999990463257
62.479988,pitch,1,DEMAND_POS,0.671531021595001,1,3.86366772651672,0.952675700187683,0.982276320457458,0.0598784349858761,0.982276320457458,0.0868915915489197,6,RAISE_D,30,1.34999990463257
62.519988,pitch,1,DEMAND_POS,0.677335739135742,1,3.87255215644836,0.952675700187683,0.982276320457458,0.0598784349858761,0.982276320457458,0.0868915915489197,6,RAISE_D,30,1.34999990463257
62.559988,pitch,1,DEMAND_POS,0.683412134647369,1,3.87255215644836,0.952675700187683,0.982276320457458,0.0598784349858761,0.982276320457458,0.0868915915489197,6,RAISE_D,30,1.34999990463257
62.599988,pitch,1,DEMAND_POS,0.689278125762939,1,3.87255215644836,0.952675700187683,0.982276320457458,0.0598784349858761,0.982276320457458,0.0868915915489197,6,RAISE_D,30,1.34999990463257
62.639988,pitch,1,DEMAND_POS,0.694607555866241,1,3.87255215644836,0.952675700187683,0.982276320457458,0.0598784349858761,0.982276320457458,0.0868915915489197,6,RAISE_D,30,1.34999990463257
62.679988,pitch,1,DEMAND_POS,0.698686957359314,1,3.87255215644836,0.952675700187683,0.982276320457458,0.0598784349858761,0.982276320457458,0.0868915915489197,6,RAISE_D,30,1.34999990463257
62.719988,pitch,1,DEMAND_POS,0.701496124267578,1,3.87255215644836,0.952675700187683,0.982276320457458,0.0598784349858761,0.982276320457458,0.0868915915489197,6,RAISE_D,30,1.34999990463257
62.759988,pitch,1,DEMAND_POS,0.702570736408234,1,3.87255215644836,0.952675700187683,0.982276320457458,0.0598784349858761,0.982276320457458,0.0868915915489197,6,RAISE_D,30,1.34999990463257
62.799988,pitch,1,DEMAND_POS,0.702135801315308,1,3.87255215644836,0.952675700187683,0.982276320457458,0.0598784349858761,0.982276320457458,0.0868915915489197,6,RAISE_D,30,1.34999990463257
62.839988,pitch,1,DEMAND_POS,0.700017869472504,1,3.87255215644836,0.952675700187683,0.982276320457458,0.0598784349858761,0.982276320457458,0.0868915915489197,6,RAISE_D,30,1.34999990463257
62.879988,pitch,1,DEMAND_POS,0.696244478225708,1,3.87255215644836,0.952675700187683,0.982276320457458,0.0598784349858761,0.982276320457458,0.0868915915489197,6,RAISE_D,30,1.34999990463257
62.919988,pitch,1,DEMAND_POS,0.691407799720764,1,3.87255215644836,0.952675700187683,0.982276320457458,0.0598784349858761,0.982276320457458,0.0868915915489197,6,RAISE_D,30,1.34999990463257
62.959988,pitch,1,DEMAND_POS,0.684955716133118,1,3.87255215644836,0.952675700187683,0.982276320457458,0.0598784349858761,0.982276320457458,0.0868915915489197,6,RAISE_D,30,1.34999990463257
62.999988,pitch,1,DEMAND_POS,0.677020668983459,1,3.87255215644836,0.952675700187683,0.982276320457458,0.0598784349858761,0.982276320457458,0.0868915915489197,6,RAISE_D,30,1.34999990463257
63.039988,pitch,1,DEMAND_POS,0.668599486351013,1,3.87255215644836,0.952675700187683,0.982276320457458,0.0598784349858761,0.982276320457458,0.0868915915489197,6,RAISE_D,30,1.34999990463257
63.079988,pitch,1,DEMAND_POS,0.659211158752441,1,3.87255215644836,0.952675700187683,0.982276320457458,0.0598784349858761,0.982276320457458,0.0868915915489197,6,RAISE_D,30,1.34999990463257
63.119988,pitch,1,DEMAND_POS,0.649019598960876,1,3.87255215644836,0.952675700187683,0.982276320457458,0.0598784349858761,0.982276320457458,0.0868915915489197,6,RAISE_D,30,1.34999990463257
63.159988,pitch,1,DEMAND_POS,0.638594508171082,1,3.87255215644836,0.952675700187683,0.982276320457458,0.0598784349858761,0.982276320457458,0.0868915915489197,6,RAISE_D,30,1.34999990463257
63.199988,pitch,1,DEMAND_POS,0.627873301506042,1,3.87255215644836,0.952675700187683,0.982276320457458,0.0598784349858761,0.982276320457458,0.0868915915489197,6,RAISE_D,30,1.34999990463257
63.239988,pitch,1,DEMAND_POS,0.619806587696075,1,3.87255215644836,0.952675700187683,0.982276320457458,0.0598784349858761,0.982276320457458,0.0868915915489197,6,RAISE_D,30,1.34999990463257
63.279988,pitch,1,DEMAND_POS,0.611905932426453,1,3.87255215644836,0.952675700187683,0.982276320457458,0.0598784349858761,0.982276320457458,0.0868915915489197,6,RAISE_D,30,1.34999990463257
63.319988,pitch,1,DEMAND_POS,0.604215800762177,1,3.87255215644836,0.952675700187683,0.982276320457458,0.0598784349858761,0.982276320457458,0.0868915915489197,6,RAISE_D,30,1.34999990463257
63.359988,pitch,1,DEMAND_POS,0.596336424350739,1,3.87255215644836,0.952675700187683,0.982276320457458,0.0598784349858761,0.982276320457458,0.0868915915489197,6,RAISE_D,30,1.34999990463257
63.399988,pitch,1,DEMAND_POS,0.588446199893951,1,3.87255215644836,0.952675700187683,0.982276320457458,0.0598784349858761,0.982276320457458,0.0868915915489197,6,RAISE_D,30,1.34999990463257
63.439988,pitch,1,DEMAND_POS,0.580628156661987,1,3.87255215644836,0.952675700187683,0.982276320457458,0.0598784349858761,0.982276320457458,0.0868915915489197,6,RAISE_D,30,1.34999990463257
63.479988,pitch,1,DEMAND_POS,0.572451531887054,1,3.87255215644836,0.952675700187683,0.982276320457458,0.0598784349858761,0.982276320457458,0.0868915915489197,6,RAISE_D,30,1.34999990463257
63.519988,pitch,1,DEMAND_POS,0.564566433429718,1,3.87255215644836,0.952675700187683,0.982276320457458,0.0598784349858761,0.982276320457458,0.0868915915489197,6,RAISE_D,30,1.34999990463257
63.559988,pitch,1,DEMAND_POS,0.556774139404297,1,3.87255215644836,0.952675700187683,0.982276320457458,0.0598784349858761,0.982276320457458,0.0868915915489197,6,RAISE_D,30,1.34999990463257
63.599988,pitch,1,DEMAND_POS,0.549120903015137,1,3.87255215644836,0.952675700187683,0.982276320457458,0.0598784349858761,0.982276320457458,0.0868915915489197,6,RAISE_D,30,1.34999990463257
63.639988,pitch,1,DEMAND_POS,0.541842997074127,1,3.87255215644836,0.952675700187683,0.982276320457458,0.0598784349858761,0.982276320457458,0.0868915915489197,6,RAISE_D,30,1.34999990463257
63.679988,pitch,1,DEMAND_POS,0.535101234912872,1,3.87255215644836,0.952675700187683,0.982276320457458,0.0598784349858761,0.982276320457458,0.0868915915489197,6,RAISE_D,30,1.34999990463257
63.719988,pitch,1,DEMAND_POS,0.52870386838913,1,3.87255215644836,0.952675700187683,0.982276320457458,0.0598784349858761,0.982276320457458,0.0868915915489197,6,RAISE_D,30,1.34999990463257
63.759988,pitch,1,DEMAND_POS,0.522445142269135,1,3.87255215644836,0.952675700187683,0.982276320457458,0.0598784349858761,0.982276320457458,0.0868915915489197,6,RAISE_D,30,1.34999990463257
63.799988,pitch,1,DEMAND_POS,0.516429960727692,1,3.87255215644836,0.952675700187683,0.982276320457458,0.0598784349858761,0.982276320457458,0.0868915915489197,6,RAISE_D,30,1.34999990463257
63.839988,pitch,1,DEMAND_POS,0.510945379734039,1,3.87255215644836,0.952675700187683,0.982276320457458,0.0598784349858761,0.982276320457458,0.0868915915489197,6,RAISE_D,30,1.34999990463257
63.879988,pitch,1,DEMAND_POS,0.505739212036133,1,3.87255215644836,0.952675700187683,0.982276320457458,0.0598784349858761,0.982276320457458,0.0868915915489197,6,RAISE_D,30,1.34999990463257
63.919988,pitch,1,DEMAND_POS,0.500754415988922,1,3.87255215644836,0.952675700187683,0.982276320457458,0.0598784349858761,0.982276320457458,0.0868915915489197,6,RAISE_D,30,1.34999990463257
63.959988,pitch,1,DEMAND_POS,0.497665286064148,1,3.87255215644836,0.952675700187683,0.982276320457458,0.0598784349858761,0.982276320457458,0.0868915915489197,6,RAISE_D,30,1.34999990463257
63.999988,pitch,1,DEMAND_POS,0.496897011995316,1,3.87255215644836,0.952675700187683,0.982276320457458,0.0598784349858761,0.982276320457458,0.0868915915489197,6,RAISE_D,30,1.34999990463257
64.039986,pitch,1,DEMAND_POS,0.498116999864578,1,3.87255215644836,0.952675700187683,0.982276320457458,0.0598784349858761,0.982276320457458,0.0868915915489197,6,RAISE_D,30,1.34999990463257
64.099983,pitch,1,DEMAND_POS,0.499907106161118,1,3.87255215644836,0.952675700187683,0.982276320457458,0.0598784349858761,0.982276320457458,0.0868915915489197,6,RAISE_D,30,1.34999990463257
64.15998,pitch,1,DEMAND_POS,0.501509487628937,1,3.87255215644836,0.952675700187683,0.982276320457458,0.0598784349858761,0.982276320457458,0.0868915915489197,6,RAISE_D,30,1.34999990463257
64.219977,pitch,1,DEMAND_POS,0.503473341464996,1,3.87255215644836,0.952675700187683,0.982276320457458,0.0598784349858761,0.982276320457458,0.0868915915489197,6,RAISE_D,30,1.34999990463257
64.279974,pitch,1,DEMAND_POS,0.504869997501373,1,3.87255215644836,0.952675700187683,0.982276320457458,0.0598784349858761,0.982276320457458,0.0868915915489197,6,RAISE_D,30,1.34999990463257
64.339971,pitch,1,DEMAND_POS,0.506018579006195,1,3.87255215644836,0.952675700187683,0.982276320457458,0.0598784349858761,0.982276320457458,0.0868915915489197,6,RAISE_D,30,1.34999990463257
64.399968,pitch,1,DEMAND_POS,0.507219731807709,1,3.87255215644836,0.952675700187683,0.982276320457458,0.0598784349858761,0.982276320457458,0.0868915915489197,6,RAISE_D,30,1.34999990463257
64.459965,pitch,1,DEMAND_POS,0.508905827999115,1,3.87255215644836,0.952675700187683,0.982276320457458,0.0598784349858761,0.982276320457458,0.0868915915489197,6,RAISE_D,30,1.34999990463257
64.519962,pitch,1,DEMAND_POS,0.511047124862671,1,3.87255215644836,0.952675700187683,0.982276320457458,0.0598784349858761,0.982276320457458,0.0868915915489197,6,RAISE_D,30,1.34999990463257
64.579959,pitch,1,DEMAND_POS,0.513944566249847,1,3.87255215644836,0.952675700187683,0.982276320457458,0.0598784349858761,0.982276320457458,0.0868915915489197,6,RAISE_D,30,1.34999990463257
64.639956,pitch,0,IDLE,0.418926179409027,1,1,1.26894330978394,1.01858901977539,0.0598784349858761,1.01858901977539,0.112959064543247,6,RAISE_D,30,1.34999990463257
64.699953,pitch,0,IDLE,0.291780412197113,1,1.27084970474243,1.26894330978394,1.01858901977539,0.0598784349858761,1.01858901977539,0.112959064543247,6,RAISE_D,30,1.34999990463257
64.75995,pitch,0,IDLE,0.175289273262024,1,1.60045504570007,1.26894330978394,1.01858901977539,0.0598784349858761,1.01858901977539,0.112959064543247,6,RAISE_D,30,1.34999990463257
64.819947,pitch,0,IDLE,0.0770684480667114,1,1.92902040481567,1.26894330978394,1.01858901977539,0.0598784349858761,1.01858901977539,0.112959064543247,6,RAISE_D,30,1.34999990463257
64.879944,pitch,0,IDLE,-0.00213531777262688,1,2.23914432525635,1.26894330978394,1.01858901977539,0.0598784349858761,1.01858901977539,0.112959064543247,6,RAISE_D,30,1.34999990463257
64.939941,pitch,0,IDLE,-0.0675486698746681,1,2.5212619304657,1.26894330978394,1.01858901977539,0.0598784349858761,1.01858901977539,0.112959064543247,6,RAISE_D,30,1.34999990463257
64.999938,pitch,0,IDLE,-0.12172557413578,1,2.76707720756531,1.26894330978394,1.01858901977539,0.0598784349858761,1.01858901977539,0.112959064543247,6,RAISE_D,30,1.34999990463257
65.059935,pitch,0,IDLE,-0.166608586907387,1,2.97999811172485,1.26894330978394,1.01858901977539,0.0598784349858761,1.01858901977539,0.112959064543247,6,RAISE_D,30,1.34999990463257
65.119932,pitch,0,IDLE,-0.203542649745941,1,3.16314291954041,1.26894330978394,1.01858901977539,0.0598784349858761,1.01858901977539,0.112959064543247,6,RAISE_D,30,1.34999990463257
65.179929,pitch,0,IDLE,-0.233531624078751,1,3.31637978553772,1.26894330978394,1.01858901977539,0.0598784349858761,1.01858901977539,0.112959064543247,6,RAISE_D,30,1.34999990463257
65.239926,pitch,0,IDLE,-0.256802767515182,1,3.4417142868042,1.26894330978394,1.01858901977539,0.0598784349858761,1.01858901977539,0.112959064543247,6,RAISE_D,30,1.34999990463257
65.299923,pitch,0,IDLE,-0.275085747241974,1,3.54196310043335,1.26894330978394,1.01858901977539,0.0598784349858761,1.01858901977539,0.112959064543247,6,RAISE_D,30,1.34999990463257
65.35992,pitch,0,IDLE,-0.288845211267471,1,3.6196973323822,1.26894330978394,1.01858901977539,0.0598784349858761,1.01858901977539,0.112959064543247,6,RAISE_D,30,1.34999990463257
65.419917,pitch,0,IDLE,-0.29914778470993,1,3.67726254463196,1.26894330978394,1.01858901977539,0.0598784349858761,1.01858901977539,0.112959064543247,6,RAISE_D,30,1.34999990463257
65.479914,pitch,0,IDLE,-0.30591145157814,1,3.716796875,1.26894330978394,1.01858901977539,0.0598784349858761,1.01858901977539,0.112959064543247,6,RAISE_D,30,1.34999990463257
65.539911,pitch,0,IDLE,-0.309412032365799,1,3.74024963378906,1.26894330978394,1.01858901977539,0.0598784349858761,1.01858901977539,0.112959064543247,6,RAISE_D,30,1.34999990463257
65.599908,pitch,0,IDLE,-0.309670597314835,1,3.74939560890198,1.26894330978394,1.01858901977539,0.0598784349858761,1.01858901977539,0.112959064543247,6,RAISE_D,30,1.34999990463257
65.659905,pitch,0,IDLE,-0.308275014162064,1,3.74939560890198,1.26894330978394,1.01858901977539,0.0598784349858761,1.01858901977539,0.112959064543247,6,RAISE_D,30,1.34999990463257
65.719902,pitch,0,IDLE,-0.305411249399185,1,3.74939560890198,1.26894330978394,1.01858901977539,0.0598784349858761,1.01858901977539,0.112959064543247,6,RAISE_D,30,1.34999990463257
65.779899,pitch,0,IDLE,-0.300767749547958,1,3.74939560890198,1.26894330978394,1.01858901977539,0.0598784349858761,1.01858901977539,0.112959064543247,6,RAISE_D,30,1.34999990463257
65.839896,pitch,0,IDLE,-0.294603109359741,1,3.74939560890198,1.26894330978394,1.01858901977539,0.0598784349858761,1.01858901977539,0.112959064543247,6,RAISE_D,30,1.34999990463257
65.899893,pitch,0,IDLE,-0.286715865135193,1,3.74939560890198,1.26894330978394,1.01858901977539,0.0598784349858761,1.01858901977539,0.112959064543247,6,RAISE_D,30,1.34999990463257
65.95989,pitch,0,IDLE,-0.278553307056427,1,3.74939560890198,1.26894330978394,1.01858901977539,0.0598784349858761,1.01858901977539,0.112959064543247,6,RAISE_D,30,1.34999990463257
66.019887,pitch,0,IDLE,-0.269900172948837,1,3.74939560890198,1.26894330978394,1.01858901977539,0.0598784349858761,1.01858901977539,0.112959064543247,6,RAISE_D,30,1.34999990463257
66.079884,pitch,0,IDLE,-0.260427594184875,1,3.74939560890198,1.26894330978394,1.01858901977539,0.0598784349858761,1.01858901977539,0.112959064543247,6,RAISE_D,30,1.34999990463257
66.139881,pitch,0,IDLE,-0.251185059547424,1,3.74939560890198,1.26894330978394,1.01858901977539,0.0598784349858761,1.01858901977539,0.112959064543247,6,RAISE_D,30,1.34999990463257
66.199878,pitch,0,IDLE,-0.241514891386032,1,3.74939560890198,1.26894330978394,1.01858901977539,0.0598784349858761,1.01858901977539,0.112959064543247,6,RAISE_D,30,1.34999990463257
66.259875,pitch,0,IDLE,-0.341804087162018,1,3.74939560890198,1.26894330978394,1.01858901977539,0.0598784349858761,1.01858901977539,0.112959064543247,6,RAISE_D,30,1.34999990463257
66.319872,pitch,2,DEMAND_NEG,-0.461056917905807,1,3.74939560890198,1.26894330978394,1.01858901977539,0.0598784349858761,1.01858901977539,0.112959064543247,6,RAISE_D,30,1.34999990463257
66.379869,pitch,2,DEMAND_NEG,-0.548313438892365,1,3.74939560890198,1.26894330978394,1.01858901977539,0.0598784349858761,1.01858901977539,0.112959064543247,6,RAISE_D,30,1.34999990463257
66.439866,pitch,2,DEMAND_NEG,-0.592577755451202,1,4.04296159744263,1.26894330978394,1.01858901977539,0.0598784349858761,1.01858901977539,0.112959064543247,6,RAISE_D,30,1.34999990463257
66.499863,pitch,2,DEMAND_NEG,-0.599906086921692,1,4.48943090438843,1.26894330978394,1.01858901977539,0.0598784349858761,1.01858901977539,0.112959064543247,6,RAISE_D,30,1.34999990463257
66.55986,pitch,2,DEMAND_NEG,-0.583564579486847,1,4.89606285095215,1.26894330978394,1.01858901977539,0.0598784349858761,1.01858901977539,0.112959064543247,6,RAISE_D,30,1.34999990463257
66.619857,pitch,2,DEMAND_NEG,-0.557799279689789,1,5.25224256515503,1.26894330978394,1.01858901977539,0.0598784349858761,1.01858901977539,0.112959064543247,6,RAISE_D,30,1.34999990463257
66.679854,pitch,2,DEMAND_NEG,-0.533993721008301,1,5.56266212463379,1.26894330978394,1.01858901977539,0.0598784349858761,1.01858901977539,0.112959064543247,6,RAISE_D,30,1.34999990463257
66.739851,pitch,2,DEMAND_NEG,-0.516538619995117,1,5.83161544799805,1.26894330978394,1.01858901977539,0.0598784349858761,1.01858901977539,0.112959064543247,6,RAISE_D,30,1.34999990463257
66.799848,pitch,2,DEMAND_NEG,-0.507286012172699,1,6.05434226989746,1.26894330978394,1.01858901977539,0.0598784349858761,1.01858901977539,0.112959064543247,6,RAISE_D,30,1.34999990463257
66.859845,pitch,2,DEMAND_NEG,-0.504818618297577,1,6.23268270492554,1.26894330978394,1.01858901977539,0.0598784349858761,1.01858901977539,0.112959064543247,6,RAISE_D,30,1.34999990463257
66.919842,pitch,2,DEMAND_NEG,-0.506972253322601,1,6.37118148803711,1.26894330978394,1.01858901977539,0.0598784349858761,1.01858901977539,0.112959064543247,6,RAISE_D,30,1.34999990463257
66.979839,pitch,2,DEMAND_NEG,-0.510179162025452,1,6.47398805618286,1.26894330978394,1.01858901977539,0.0598784349858761,1.01858901977539,0.112959064543247,6,RAISE_D,30,1.34999990463257
67.039836,pitch,2,DEMAND_NEG,-0.511234641075134,1,6.54488277435303,1.26894330978394,1.01858901977539,0.0598784349858761,1.01858901977539,0.112959064543247,6,RAISE_D,30,1.34999990463257
67.099833,pitch,2,DEMAND_NEG,-0.508341193199158,1,6.58731269836426,1.26894330978394,1.01858901977539,0.0598784349858761,1.01858901977539,0.112959064543247,6,RAISE_D,30,1.34999990463257
67.139833,pitch,2,DEMAND_NEG,-0.49905663728714,1,6.60441637039185,1.26894330978394,1.01858901977539,0.0598784349858761,1.01858901977539,0.112959064543247,6,RAISE_D,30,1.34999990463257
67.179833,pitch,2,DEMAND_NEG,-0.487102866172791,1,6.60441637039185,1.26894330978394,1.01858901977539,0.0598784349858761,1.01858901977539,0.112959064543247,6,RAISE_D,30,1.34999990463257
67.219833,pitch,2,DEMAND_NEG,-0.472580581903458,1,6.60441637039185,1.26894330978394,1.01858901977539,0.0598784349858761,1.01858901977539,0.112959064543247,6,RAISE_D,30,1.34999990463257
67.259833,pitch,2,DEMAND_NEG,-0.455047488212585,1,6.60441637039185,1.26894330978394,1.01858901977539,0.0598784349858761,1.01858901977539,0.112959064543247,6,RAISE_D,30,1.34999990463257
67.299833,pitch,2,DEMAND_NEG,-0.43633833527565,1,6.60441637039185,1.26894330978394,1.01858901977539,0.0598784349858761,1.01858901977539,0.112959064543247,6,RAISE_D,30,1.34999990463257
67.339833,pitch,2,DEMAND_NEG,-0.417975693941116,1,6.60441637039185,1.26894330978394,1.01858901977539,0.0598784349858761,1.01858901977539,0.112959064543247,6,RAISE_D,30,1.34999990463257
67.379833,pitch,2,DEMAND_NEG,-0.404355555772781,1,6.60441637039185,1.26894330978394,1.01858901977539,0.0598784349858761,1.01858901977539,0.112959064543247,6,RAISE_D,30,1.34999990463257
67.419833,pitch,2,DEMAND_NEG,-0.399844795465469,1,6.60441637039185,1.26894330978394,1.01858901977539,0.0598784349858761,1.01858901977539,0.112959064543247,6,RAISE_D,30,1.34999990463257
67.459833,pitch,2,DEMAND_NEG,-0.40318563580513,1,6.60441637039185,1.26894330978394,1.01858901977539,0.0598784349858761,1.01858901977539,0.112959064543247,6,RAISE_D,30,1.34999990463257
67.499833,pitch,2,DEMAND_NEG,-0.414802491664886,1,6.60441637039185,1.26894330978394,1.01858901977539,0.0598784349858761,1.01858901977539,0.112959064543247,6,RAISE_D,30,1.34999990463257
67.539833,pitch,2,DEMAND_NEG,-0.431312829256058,1,6.60441637039185,1.26894330978394,1.01858901977539,0.0598784349858761,1.01858901977539,0.112959064543247,6,RAISE_D,30,1.34999990463257
67.579833,pitch,2,DEMAND_NEG,-0.448966503143311,1,6.60441637039185,1.26894330978394,1.01858901977539,0.0598784349858761,1.01858901977539,0.112959064543247,6,RAISE_D,30,1.34999990463257
67.619833,pitch,2,DEMAND_NEG,-0.469720423221588,1,6.60441637039185,1.26894330978394,1.01858901977539,0.0598784349858761,1.01858901977539,0.112959064543247,6,RAISE_D,30,1.34999990463257
67.659833,pitch,2,DEMAND_NEG,-0.487344533205032,1,6.60441637039185,1.26894330978394,1.01858901977539,0.0598784349858761,1.01858901977539,0.112959064543247,6,RAISE_D,30,1.34999990463257
67.699833,pitch,2,DEMAND_NEG,-0.500660479068756,1,6.60441637039185,1.26894330978394,1.01858901977539,0.0598784349858761,1.01858901977539,0.112959064543247,6,RAISE_D,30,1.34999990463257
67.739833,pitch,2,DEMAND_NEG,-0.508985102176666,1,6.60441637039185,1.26894330978394,1.01858901977539,0.0598784349858761,1.01858901977539,0.112959064543247,6,RAISE_D,30,1.34999990463257
67.779833,pitch,2,DEMAND_NEG,-0.511767685413361,1,6.60441637039185,1.26894330978394,1.01858901977539,0.0598784349858761,1.01858901977539,0.112959064543247,6,RAISE_D,30,1.34999990463257
67.819833,pitch,2,DEMAND_NEG,-0.510500729084015,1,6.60441637039185,1.26894330978394,1.01858901977539,0.0598784349858761,1.01858901977539,0.112959064543247,6,RAISE_D,30,1.34999990463257
67.859833,pitch,2,DEMAND_NEG,-0.504927098751068,1,6.60441637039185,1.26894330978394,1.01858901977539,0.0598784349858761,1.01858901977539,0.112959064543247,6,RAISE_D,30,1.34999990463257
67.899833,pitch,2,DEMAND_NEG,-0.497041374444962,1,6.60441637039185,1.26894330978394,1.01858901977539,0.0598784349858761,1.01858901977539,0.112959064543247,6,RAISE_D,30,1.34999990463257
67.939833,pitch,2,DEMAND_NEG,-0.487049460411072,1,6.60441637039185,1.26894330978394,1.01858901977539,0.0598784349858761,1.01858901977539,0.112959064543247,6,RAISE_D,30,1.34999990463257
67.979833,pitch,2,DEMAND_NEG,-0.476026356220245,1,6.60441637039185,1.26894330978394,1.01858901977539,0.0598784349858761,1.01858901977539,0.112959064543247,6,RAISE_D,30,1.34999990463257
68.019833,pitch,2,DEMAND_NEG,-0.465102344751358,1,6.60441637039185,1.26894330978394,1.01858901977539,0.0598784349858761,1.01858901977539,0.112959064543247,6,RAISE_D,30,1.34999990463257
68.059833,pitch,2,DEMAND_NEG,-0.457811444997787,1,6.60441637039185,1.26894330978394,1.01858901977539,0.0598784349858761,1.01858901977539,0.112959064543247,6,RAISE_D,30,1.34999990463257
68.099833,pitch,2,DEMAND_NEG,-0.452547788619995,1,6.60441637039185,1.26894330978394,1.01858901977539,0.0598784349858761,1.01858901977539,0.112959064543247,6,RAISE_D,30,1.34999990463257
68.139833,pitch,2,DEMAND_NEG,-0.448194175958633,1,6.60441637039185,1.26894330978394,1.01858901977539,0.0598784349858761,1.01858901977539,0.112959064543247,6,RAISE_D,30,1.34999990463257
68.179833,pitch,2,DEMAND_NEG,-0.444977760314941,1,6.60441637039185,1.26894330978394,1.01858901977539,0.0598784349858761,1.01858901977539,0.112959064543247,6,RAISE_D,30,1.34999990463257
68.219833,pitch,2,DEMAND_NEG,-0.443274199962616,1,6.60441637039185,1.26894330978394,1.01858901977539,0.0598784349858761,1.01858901977539,0.112959064543247,6,RAISE_D,30,1.34999990463257
68.259833,pitch,2,DEMAND_NEG,-0.44270133972168,1,6.60441637039185,1.26894330978394,1.01858901977539,0.0598784349858761,1.01858901977539,0.112959064543247,6,RAISE_D,30,1.34999990463257
68.299833,pitch,2,DEMAND_NEG,-0.443549185991287,1,6.60441637039185,1.26894330978394,1.01858901977539,0.0598784349858761,1.01858901977539,0.112959064543247,6,RAISE_D,30,1.34999990463257
68.339833,pitch,2,DEMAND_NEG,-0.445494711399078,1,6.60441637039185,1.26894330978394,1.01858901977539,0.0598784349858761,1.01858901977539,0.112959064543247,6,RAISE_D,30,1.34999990463257
68.379833,pitch,2,DEMAND_NEG,-0.448580265045166,1,6.60441637039185,1.26894330978394,1.01858901977539,0.0598784349858761,1.01858901977539,0.112959064543247,6,RAISE_D,30,1.34999990463257
68.419833,pitch,2,DEMAND_NEG,-0.452794432640076,1,6.60441637039185,1.26894330978394,1.01858901977539,0.0598784349858761,1.01858901977539,0.112959064543247,6,RAISE_D,30,1.34999990463257
68.459833,pitch,2,DEMAND_NEG,-0.458107978105545,1,6.60441637039185,1.26894330978394,1.01858901977539,0.0598784349858761,1.01858901977539,0.112959064543247,6,RAISE_D,30,1.34999990463257
68.499833,pitch,2,DEMAND_NEG,-0.464258790016174,1,6.60441637039185,1.26894330978394,1.01858901977539,0.0598784349858761,1.01858901977539,0.112959064543247,6,RAISE_D,30,1.34999990463257
68.539833,pitch,2,DEMAND_NEG,-0.47099295258522,1,6.60441637039185,1.26894330978394,1.01858901977539,0.0598784349858761,1.01858901977539,0.112959064543247,6,RAISE_D,30,1.34999990463257
68.579833,pitch,2,DEMAND_NEG,-0.482287526130676,1,6.60441637039185,1.26894330978394,1.01858901977539,0.0598784349858761,1.01858901977539,0.112959064543247,6,RAISE_D,30,1.34999990463257
68.619833,pitch,2,DEMAND_NEG,-0.494986414909363,1,6.60441637039185,1.26894330978394,1.01858901977539,0.0598784349858761,1.01858901977539,0.112959064543247,6,RAISE_D,30,1.34999990463257
68.659833,pitch,2,DEMAND_NEG,-0.507851839065552,1,6.60441637039185,1.26894330978394,1.01858901977539,0.0598784349858761,1.01858901977539,0.112959064543247,6,RAISE_D,30,1.34999990463257
68.699833,pitch,2,DEMAND_NEG,-0.520156621932983,1,6.60441637039185,1.26894330978394,1.01858901977539,0.0598784349858761,1.01858901977539,0.112959064543247,6,RAISE_D,30,1.34999990463257
68.739833,pitch,2,DEMAND_NEG,-0.532318294048309,1,6.60441637039185,1.26894330978394,1.01858901977539,0.0598784349858761,1.01858901977539,0.112959064543247,6,RAISE_D,30,1.34999990463257
68.779833,pitch,2,DEMAND_NEG,-0.544498801231384,1,6.60441637039185,1.26894330978394,1.01858901977539,0.0598784349858761,1.01858901977539,0.112959064543247,6,RAISE_D,30,1.34999990463257
68.819833,pitch,2,DEMAND_NEG,-0.556048929691315,1,6.60441637039185,1.26894330978394,1.01858901977539,0.0598784349858761,1.01858901977539,0.112959064543247,6,RAISE_D,30,1.34999990463257
68.859833,pitch,2,DEMAND_NEG,-0.567944407463074,1,6.60441637039185,1.26894330978394,1.01858901977539,0.0598784349858761,1.01858901977539,0.112959064543247,6,RAISE_D,30,1.34999990463257
68.899833,pitch,2,DEMAND_NEG,-0.57915985584259,1,6.60441637039185,1.26894330978394,1.01858901977539,0.0598784349858761,1.01858901977539,0.112959064543247,6,RAISE_D,30,1.34999990463257
68.939833,pitch,0,IDLE,-0.471840649843216,1,1.54994964599609,0.491096198558807,0.982276320457458,0.0598784349858761,0.982276320457458,0.146846771240234,6,RAISE_D,30,1.34999990463257
68.979833,pitch,0,IDLE,-0.332008183002472,1,1.92688500881195,0.491096198558807,0.982276320457458,0.0598784349858761,0.982276320457458,0.146846771240234,6,RAISE_D,30,1.34999990463257
69.019833,pitch,0,IDLE,-0.210817396640778,1,2.31034564971924,0.491096198558807,0.982276320457458,0.0598784349858761,0.982276320457458,0.146846771240234,6,RAISE_D,30,1.34999990463257
69.059833,pitch,0,IDLE,-0.112949684262276,1,2.67430686950684,0.491096198558807,0.982276320457458,0.0598784349858761,0.982276320457458,0.146846771240234,6,RAISE_D,30,1.34999990463257
69.099833,pitch,0,IDLE,-0.0350552722811699,1,3.0097336769104,0.491096198558807,0.982276320457458,0.0598784349858761,0.982276320457458,0.146846771240234,6,RAISE_D,30,1.34999990463257
69.139833,pitch,0,IDLE,0.0260733366012573,1,3.31886267662048,0.491096198558807,0.982276320457458,0.0598784349858761,0.982276320457458,0.146846771240234,6,RAISE_D,30,1.34999990463257
69.179833,pitch,0,IDLE,0.0740691497921944,1,3.60375618934631,0.491096198558807,0.982276320457458,0.0598784349858761,0.982276320457458,0.146846771240234,6,RAISE_D,30,1.34999990463257
69.219833,pitch,0,IDLE,0.111713103950024,1,3.86631393432617,0.491096198558807,0.982276320457458,0.0598784349858761,0.982276320457458,0.146846771240234,6,RAISE_D,30,1.34999990463257
69.259833,pitch,0,IDLE,0.139270216226578,1,4.09479761123657,0.491096198558807,0.982276320457458,0.0598784349858761,0.982276320457458,0.146846771240234,6,RAISE_D,30,1.34999990463257
69.299833,pitch,0,IDLE,0.15954452753067,1,4.28809642791748,0.491096198558807,0.982276320457458,0.0598784349858761,0.982276320457458,0.146846771240234,6,RAISE_D,30,1.34999990463257
69.339833,pitch,0,IDLE,0.173604741692543,1,4.44867849349976,0.491096198558807,0.982276320457458,0.0598784349858761,0.982276320457458,0.146846771240234,6,RAISE_D,30,1.34999990463257
69.379833,pitch,0,IDLE,0.180902183055878,1,4.57699918746948,0.491096198558807,0.982276320457458,0.0598784349858761,0.982276320457458,0.146846771240234,6,RAISE_D,30,1.34999990463257
69.419833,pitch,0,IDLE,0.1815415173769,1,4.67636632919312,0.491096198558807,0.982276320457458,0.0598784349858761,0.982276320457458,0.146846771240234,6,RAISE_D,30,1.34999990463257
69.459833,pitch,0,IDLE,0.178861856460571,1,4.74979877471924,0.491096198558807,0.982276320457458,0.0598784349858761,0.982276320457458,0.146846771240234,6,RAISE_D,30,1.34999990463257
69.499833,pitch,0,IDLE,0.174181163311005,1,4.80004787445068,0.491096198558807,0.982276320457458,0.0598784349858761,0.982276320457458,0.146846771240234,6,RAISE_D,30,1.34999990463257
69.539833,pitch,0,IDLE,0.16720075905323,1,4.82962083816528,0.491096198558807,0.982276320457458,0.0598784349858761,0.982276320457458,0.146846771240234,6,RAISE_D,30,1.34999990463257
69.579833,pitch,0,IDLE,0.158995598554611,1,4.84080123901367,0.491096198558807,0.982276320457458,0.0598784349858761,0.982276320457458,0.146846771240234,6,RAISE_D,30,1.34999990463257
69.619833,pitch,0,IDLE,0.150277778506279,1,4.84080123901367,0.491096198558807,0.982276320457458,0.0598784349858761,0.982276320457458,0.146846771240234,6,RAISE_D,30,1.34999990463257
69.659833,pitch,0,IDLE,0.140046864748001,1,4.84080123901367,0.491096198558807,0.982276320457458,0.0598784349858761,0.982276320457458,0.146846771240234,6,RAISE_D,30,1.34999990463257
69.699833,pitch,0,IDLE,0.128445386886597,1,4.84080123901367,0.491096198558807,0.982276320457458,0.0598784349858761,0.982276320457458,0.146846771240234,6,RAISE_D,30,1.34999990463257
69.739833,pitch,0,IDLE,0.116290085017681,1,4.84080123901367,0.491096198558807,0.982276320457458,0.0598784349858761,0.982276320457458,0.146846771240234,6,RAISE_D,30,1.34999990463257
69.779833,pitch,0,IDLE,0.103423811495304,1,4.84080123901367,0.491096198558807,0.982276320457458,0.0598784349858761,0.982276320457458,0.146846771240234,6,RAISE_D,30,1.34999990463257
69.819833,pitch,0,IDLE,0.0897358804941177,1,4.84080123901367,0.491096198558807,0.982276320457458,0.0598784349858761,0.982276320457458,0.146846771240234,6,RAISE_D,30,1.34999990463257
69.859833,pitch,0,IDLE,0.0756162330508232,1,4.84080123901367,0.491096198558807,0.982276320457458,0.0598784349858761,0.982276320457458,0.146846771240234,6,RAISE_D,30,1.34999990463257
69.899833,pitch,0,IDLE,0.0611356794834137,1,4.84080123901367,0.491096198558807,0.982276320457458,0.0598784349858761,0.982276320457458,0.146846771240234,6,RAISE_D,30,1.34999990463257
69.939833,pitch,0,IDLE,0.046170748770237,1,4.84080123901367,0.491096198558807,0.982276320457458,0.0598784349858761,0.982276320457458,0.146846771240234,6,RAISE_D,30,1.34999990463257
69.979833,pitch,0,IDLE,0.0311786681413651,1,4.84080123901367,0.491096198558807,0.982276320457458,0.0598784349858761,0.982276320457458,0.146846771240234,6,RAISE_D,30,1.34999990463257
70.019833,pitch,0,IDLE,0.0160038061439991,1,4.84080123901367,0.491096198558807,0.982276320457458,0.0598784349858761,0.982276320457458,0.146846771240234,6,RAISE_D,30,1.34999990463257
70.059833,pitch,0,IDLE,0.000442043878138065,1,4.84080123901367,0.491096198558807,0.982276320457458,0.0598784349858761,0.982276320457458,0.146846771240234,6,RAISE_D,30,1.34999990463257
70.099833,pitch,0,IDLE,-0.014806205406785,1,4.84080123901367,0.491096198558807,0.982276320457458,0.0598784349858761,0.982276320457458,0.146846771240234,6,RAISE_D,30,1.34999990463257
70.139833,pitch,0,IDLE,-0.0298955496400595,1,4.84080123901367,0.491096198558807,0.982276320457458,0.0598784349858761,0.982276320457458,0.146846771240234,6,RAISE_D,30,1.34999990463257
70.179833,pitch,0,IDLE,-0.0455253943800926,1,4.84080123901367,0.491096198558807,0.982276320457458,0.0598784349858761,0.982276320457458,0.146846771240234,6,RAISE_D,30,1.34999990463257
70.219833,pitch,0,IDLE,-0.0610182471573353,1,4.84080123901367,0.491096198558807,0.982276320457458,0.0598784349858761,0.982276320457458,0.146846771240234,6,RAISE_D,30,1.34999990463257
70.259833,pitch,0,IDLE,-0.0770976021885872,1,4.84080123901367,0.491096198558807,0.982276320457458,0.0598784349858761,0.982276320457458,0.146846771240234,6,RAISE_D,30,1.34999990463257
70.299833,pitch,0,IDLE,-0.0928516462445259,1,4.84080123901367,0.491096198558807,0.982276320457458,0.0598784349858761,0.982276320457458,0.146846771240234,6,RAISE_D,30,1.34999990463257
70.339833,pitch,0,IDLE,-0.108008868992329,1,4.84080123901367,0.491096198558807,0.982276320457458,0.0598784349858761,0.982276320457458,0.146846771240234,6,RAISE_D,30,1.34999990463257
70.379833,pitch,0,IDLE,-0.123207323253155,1,4.84080123901367,0.491096198558807,0.982276320457458,0.0598784349858761,0.982276320457458,0.146846771240234,6,RAISE_D,30,1.34999990463257
70.419833,pitch,0,IDLE,-0.137466639280319,1,4.84080123901367,0.491096198558807,0.982276320457458,0.0598784349858761,0.982276320457458,0.146846771240234,6,RAISE_D,30,1.34999990463257
70.459833,pitch,0,IDLE,-0.14612127840519,1,4.84080123901367,0.491096198558807,0.982276320457458,0.0598784349858761,0.982276320457458,0.146846771240234,6,RAISE_D,30,1.34999990463257
70.499833,pitch,0,IDLE,-0.145547479391098,1,4.84080123901367,0.491096198558807,0.982276320457458,0.0598784349858761,0.982276320457458,0.146846771240234,6,RAISE_D,30,1.34999990463257
70.539833,pitch,0,IDLE,-0.0774910598993301,1,4.84080123901367,0.491096198558807,0.982276320457458,0.0598784349858761,0.982276320457458,0.146846771240234,6,RAISE_D,30,1.34999990463257
70.579833,pitch,0,IDLE,0.0970163568854332,1,4.84080123901367,0.491096198558807,0.982276320457458,0.0598784349858761,0.982276320457458,0.146846771240234,6,RAISE_D,30,1.34999990463257
70.619833,pitch,0,IDLE,0.268586069345474,1,4.84080123901367,0.491096198558807,0.982276320457458,0.0598784349858761,0.982276320457458,0.146846771240234,6,RAISE_D,30,1.34999990463257
70.659833,pitch,0,IDLE,0.41327628493309,1,4.84080123901367,0.491096198558807,0.982276320457458,0.0598784349858761,0.982276320457458,0.146846771240234,6,RAISE_D,30,1.34999990463257
70.699833,pitch,0,IDLE,0.52528965473175,1,4.84080123901367,0.491096198558807,0.982276320457458,0.0598784349858761,0.982276320457458,0.146846771240234,6,RAISE_D,30,1.34999990463257
70.739833,pitch,0,IDLE,0.603917479515076,1,4.84080123901367,0.491096198558807,0.982276320457458,0.0598784349858761,0.982276320457458,0.146846771240234,6,RAISE_D,30,1.34999990463257
70.779833,pitch,0,IDLE,0.653703153133392,1,5.0450963973999,0.491096198558807,0.982276320457458,0.0598784349858761,0.982276320457458,0.146846771240234,6,RAISE_D,30,1.34999990463257
70.819833,pitch,0,IDLE,0.679747462272644,1,5.43269872665405,0.491096198558807,0.982276320457458,0.0598784349858761,0.982276320457458,0.146846771240234,6,RAISE_D,30,1.34999990463257
70.859833,pitch,0,IDLE,0.686960935592651,1,5.78322410583496,0.491096198558807,0.982276320457458,0.0598784349858761,0.982276320457458,0.146846771240234,6,RAISE_D,30,1.34999990463257
70.899833,pitch,0,IDLE,0.681713938713074,1,6.0805721282959,0.491096198558807,0.982276320457458,0.0598784349858761,0.982276320457458,0.146846771240234,6,RAISE_D,30,1.34999990463257
70.939833,pitch,0,IDLE,0.669445157051086,1,6.32992887496948,0.491096198558807,0.982276320457458,0.0598784349858761,0.982276320457458,0.146846771240234,6,RAISE_D,30,1.34999990463257
70.979833,pitch,0,IDLE,0.653572916984558,1,6.53603458404541,0.491096198558807,0.982276320457458,0.0598784349858761,0.982276320457458,0.146846771240234,6,RAISE_D,30,1.34999990463257
71.019833,pitch,0,IDLE,0.636543691158295,1,6.70321893692017,0.491096198558807,0.982276320457458,0.0598784349858761,0.982276320457458,0.146846771240234,6,RAISE_D,30,1.34999990463257
71.059833,pitch,0,IDLE,0.621027588844299,1,6.83160781860352,0.491096198558807,0.982276320457458,0.0598784349858761,0.982276320457458,0.146846771240234,6,RAISE_D,30,1.34999990463257
71.099833,pitch,0,IDLE,0.608095765113831,1,6.92403554916382,0.491096198558807,0.982276320457458,0.0598784349858761,0.982276320457458,0.146846771240234,6,RAISE_D,30,1.34999990463257
71.139833,pitch,0,IDLE,0.598324060440063,1,6.98434734344482,0.491096198558807,0.982276320457458,0.0598784349858761,0.982276320457458,0.146846771240234,6,RAISE_D,30,1.34999990463257
71.179833,pitch,0,IDLE,0.591694474220276,1,7.01604557037354,0.491096198558807,0.982276320457458,0.0598784349858761,0.982276320457458,0.146846771240234,6,RAISE_D,30,1.34999990463257
71.219833,pitch,0,IDLE,0.587171792984009,1,7.02231979370117,0.491096198558807,0.982276320457458,0.0598784349858761,0.982276320457458,0.146846771240234,6,RAISE_D,30,1.34999990463257
71.259833,pitch,0,IDLE,0.584772288799286,1,7.02231979370117,0.491096198558807,0.982276320457458,0.0598784349858761,0.982276320457458,0.146846771240234,6,RAISE_D,30,1.34999990463257
71.299833,pitch,0,IDLE,0.584157824516296,1,7.02231979370117,0.491096198558807,0.982276320457458,0.0598784349858761,0.982276320457458,0.146846771240234,6,RAISE_D,30,1.34999990463257
71.339833,pitch,0,IDLE,0.585398852825165,1,7.02231979370117,0.491096198558807,0.982276320457458,0.0598784349858761,0.982276320457458,0.146846771240234,6,RAISE_D,30,1.34999990463257
71.379833,pitch,0,IDLE,0.587246000766754,1,7.02231979370117,0.491096198558807,0.982276320457458,0.0598784349858761,0.982276320457458,0.146846771240234,6,RAISE_D,30,1.34999990463257
71.419833,pitch,0,IDLE,0.587837517261505,1,7.02231979370117,0.491096198558807,0.982276320457458,0.0598784349858761,0.982276320457458,0.146846771240234,6,RAISE_D,30,1.34999990463257
71.459833,pitch,0,IDLE,0.588228642940521,1,7.02231979370117,0.491096198558807,0.982276320457458,0.0598784349858761,0.982276320457458,0.146846771240234,6,RAISE_D,30,1.34999990463257
71.499833,pitch,0,IDLE,0.587222099304199,1,7.02231979370117,0.491096198558807,0.982276320457458,0.0598784349858761,0.982276320457458,0.146846771240234,6,RAISE_D,30,1.34999990463257
71.539833,pitch,0,IDLE,0.585015773773193,1,7.02231979370117,0.491096198558807,0.982276320457458,0.0598784349858761,0.982276320457458,0.146846771240234,6,RAISE_D,30,1.34999990463257
71.579833,pitch,0,IDLE,0.581834495067596,1,7.02231979370117,0.491096198558807,0.982276320457458,0.0598784349858761,0.982276320457458,0.146846771240234,6,RAISE_D,30,1.34999990463257
71.619833,pitch,0,IDLE,0.577216625213623,1,7.02231979370117,0.491096198558807,0.982276320457458,0.0598784349858761,0.982276320457458,0.146846771240234,6,RAISE_D,30,1.34999990463257
71.659833,pitch,0,IDLE,0.572040617465973,1,7.02231979370117,0.491096198558807,0.982276320457458,0.0598784349858761,0.982276320457458,0.146846771240234,6,RAISE_D,30,1.34999990463257
71.699833,pitch,0,IDLE,0.568370819091797,1,7.02231979370117,0.491096198558807,0.982276320457458,0.0598784349858761,0.982276320457458,0.146846771240234,6,RAISE_D,30,1.34999990463257
71.739833,pitch,0,IDLE,0.567882239818573,1,7.02231979370117,0.491096198558807,0.982276320457458,0.0598784349858761,0.982276320457458,0.146846771240234,6,RAISE_D,30,1.34999990463257
71.779833,pitch,0,IDLE,0.566382765769958,1,7.02231979370117,0.491096198558807,0.982276320457458,0.0598784349858761,0.982276320457458,0.146846771240234,6,RAISE_D,30,1.34999990463257
71.819833,pitch,0,IDLE,0.563475131988525,1,7.02231979370117,0.491096198558807,0.982276320457458,0.0598784349858761,0.982276320457458,0.146846771240234,6,RAISE_D,30,1.34999990463257
71.859833,pitch,0,IDLE,0.560041308403015,1,7.02231979370117,0.491096198558807,0.982276320457458,0.0598784349858761,0.982276320457458,0.146846771240234,6,RAISE_D,30,1.34999990463257
71.899833,pitch,0,IDLE,0.555215239524841,1,7.02231979370117,0.491096198558807,0.982276320457458,0.0598784349858761,0.982276320457458,0.146846771240234,6,RAISE_D,30,1.34999990463257
71.939833,pitch,0,IDLE,0.550229668617249,1,7.02231979370117,0.491096198558807,0.982276320457458,0.0598784349858761,0.982276320457458,0.146846771240234,6,RAISE_D,30,1.34999990463257
71.979833,pitch,0,IDLE,0.544852614402771,1,7.02231979370117,0.491096198558807,0.982276320457458,0.0598784349858761,0.982276320457458,0.146846771240234,6,RAISE_D,30,1.34999990463257
72.019833,pitch,0,IDLE,0.538899421691895,1,7.02231979370117,0.491096198558807,0.982276320457458,0.0598784349858761,0.982276320457458,0.146846771240234,6,RAISE_D,30,1.34999990463257
72.059833,pitch,0,IDLE,0.532686591148376,1,7.02231979370117,0.491096198558807,0.982276320457458,0.0598784349858761,0.982276320457458,0.146846771240234,6,RAISE_D,30,1.34999990463257
72.099833,pitch,0,IDLE,0.5261310338974,1,7.02231979370117,0.491096198558807,0.982276320457458,0.0598784349858761,0.982276320457458,0.146846771240234,6,RAISE_D,30,1.34999990463257
72.139833,pitch,0,IDLE,0.520157277584076,1,7.02231979370117,0.491096198558807,0.982276320457458,0.0598784349858761,0.982276320457458,0.146846771240234,6,RAISE_D,30,1.34999990463257
72.179833,pitch,0,IDLE,0.514143526554108,1,7.02231979370117,0.491096198558807,0.982276320457458,0.0598784349858761,0.982276320457458,0.146846771240234,6,RAISE_D,30,1.34999990463257
72.219833,pitch,0,IDLE,0.508185029029846,1,7.02231979370117,0.491096198558807,0.982276320457458,0.0598784349858761,0.982276320457458,0.146846771240234,6,RAISE_D,30,1.34999990463257
72.259833,pitch,0,IDLE,0.502423226833344,1,7.02231979370117,0.491096198558807,0.982276320457458,0.0598784349858761,0.982276320457458,0.146846771240234,6,RAISE_D,30,1.34999990463257
72.299833,pitch,0,IDLE,0.497090548276901,1,7.02231979370117,0.491096198558807,0.982276320457458,0.0598784349858761,0.982276320457458,0.146846771240234,6,RAISE_D,30,1.34999990463257
72.339833,pitch,0,IDLE,0.492333918809891,1,7.02231979370117,0.491096198558807,0.982276320457458,0.0598784349858761,0.982276320457458,0.146846771240234,6,RAISE_D,30,1.34999990463257
72.379833,pitch,0,IDLE,0.487692177295685,1,7.02231979370117,0.491096198558807,0.982276320457458,0.0598784349858761,0.982276320457458,0.146846771240234,6,RAISE_D,30,1.34999990463257
72.419833,pitch,0,IDLE,0.483434647321701,1,7.02231979370117,0.491096198558807,0.982276320457458,0.0598784349858761,0.982276320457458,0.146846771240234,6,RAISE_D,30,1.34999990463257
72.459833,pitch,0,IDLE,0.479072213172913,1,7.02231979370117,0.491096198558807,0.982276320457458,0.0598784349858761,0.982276320457458,0.146846771240234,6,RAISE_D,30,1.34999990463257
72.499833,pitch,0,IDLE,0.476487278938293,1,7.02231979370117,0.491096198558807,0.982276320457458,0.0598784349858761,0.982276320457458,0.146846771240234,6,RAISE_D,30,1.34999990463257
72.539833,pitch,0,IDLE,0.476598829030991,1,7.02231979370117,0.491096198558807,0.982276320457458,0.0598784349858761,0.982276320457458,0.146846771240234,6,RAISE_D,30,1.34999990463257
72.579833,pitch,0,IDLE,0.476931512355804,1,7.02231979370117,0.491096198558807,0.982276320457458,0.0598784349858761,0.982276320457458,0.146846771240234,6,RAISE_D,30,1.34999990463257
72.619833,pitch,0,IDLE,0.477229833602905,1,7.02231979370117,0.491096198558807,0.982276320457458,0.0598784349858761,0.982276320457458,0.146846771240234,6,RAISE_D,30,1.34999990463257
72.659833,pitch,0,IDLE,0.47673961520195,1,7.02231979370117,0.491096198558807,0.982276320457458,0.0598784349858761,0.982276320457458,0.146846771240234,6,RAISE_D,30,1.34999990463257
72.699833,pitch,0,IDLE,0.476091653108597,1,7.02231979370117,0.491096198558807,0.982276320457458,0.0598784349858761,0.982276320457458,0.146846771240234,6,RAISE_D,30,1.34999990463257
72.739833,pitch,0,IDLE,0.475653648376465,1,7.02231979370117,0.491096198558807,0.982276320457458,0.0598784349858761,0.982276320457458,0.146846771240234,6,RAISE_D,30,1.34999990463257
72.779833,pitch,0,IDLE,0.475629806518555,1,7.02231979370117,0.491096198558807,0.982276320457458,0.0598784349858761,0.982276320457458,0.146846771240234,6,RAISE_D,30,1.34999990463257
72.819833,pitch,0,IDLE,0.47586253285408,1,7.02231979370117,0.491096198558807,0.982276320457458,0.0598784349858761,0.982276320457458,0.146846771240234,6,RAISE_D,30,1.34999990463257
72.859833,pitch,0,IDLE,0.47638002038002,1,7.02231979370117,0.491096198558807,0.982276320457458,0.0598784349858761,0.982276320457458,0.146846771240234,6,RAISE_D,30,1.34999990463257
72.899833,pitch,0,IDLE,0.477136313915253,1,7.02231979370117,0.491096198558807,0.982276320457458,0.0598784349858761,0.982276320457458,0.146846771240234,6,RAISE_D,30,1.34999990463257
72.939833,pitch,0,IDLE,0.47796157002449,1,7.02231979370117,0.491096198558807,0.982276320457458,0.0598784349858761,0.982276320457458,0.146846771240234,6,RAISE_D,30,1.34999990463257
72.979833,pitch,0,IDLE,0.478666335344315,1,7.02231979370117,0.491096198558807,0.982276320457458,0.0598784349858761,0.982276320457458,0.146846771240234,6,RAISE_D,30,1.34999990463257
73.019833,pitch,0,IDLE,0.479361444711685,1,7.02231979370117,0.491096198558807,0.982276320457458,0.0598784349858761,0.982276320457458,0.146846771240234,6,RAISE_D,30,1.34999990463257
73.059833,pitch,0,IDLE,0.480090826749802,1,7.02231979370117,0.491096198558807,0.982276320457458,0.0598784349858761,0.982276320457458,0.146846771240234,6,RAISE_D,30,1.34999990463257
73.099833,pitch,0,IDLE,0.480702728033066,1,7.02231979370117,0.491096198558807,0.982276320457458,0.0598784349858761,0.982276320457458,0.146846771240234,6,RAISE_D,30,1.34999990463257
73.139833,pitch,0,IDLE,0.482334405183792,1,7.02231979370117,0.491096198558807,0.982276320457458,0.0598784349858761,0.982276320457458,0.146846771240234,6,RAISE_D,30,1.34999990463257
73.179833,pitch,0,IDLE,0.483955919742584,1,7.02231979370117,0.491096198558807,0.982276320457458,0.0598784349858761,0.982276320457458,0.146846771240234,6,RAISE_D,30,1.34999990463257
73.219833,pitch,0,IDLE,0.485354095697403,1,7.02231979370117,0.491096198558807,0.982276320457458,0.0598784349858761,0.982276320457458,0.146846771240234,6,RAISE_D,30,1.34999990463257
73.259833,pitch,0,IDLE,0.35902351140976,1,7.02231979370117,0.491096198558807,0.982276320457458,0.0598784349858761,0.982276320457458,0.146846771240234,6,RAISE_D,30,1.34999990463257
73.299833,pitch,0,IDLE,0.209806561470032,1,7.02231979370117,0.491096198558807,0.982276320457458,0.0598784349858761,0.982276320457458,0.146846771240234,6,RAISE_D,30,1.34999990463257
73.339833,pitch,0,IDLE,0.0802773237228394,1,7.02231979370117,0.491096198558807,0.982276320457458,0.0598784349858761,0.982276320457458,0.146846771240234,6,RAISE_D,30,1.34999990463257
73.379833,pitch,0,IDLE,-0.0266847908496857,1,7.02231979370117,0.491096198558807,0.982276320457458,0.0598784349858761,0.982276320457458,0.146846771240234,6,RAISE_D,30,1.34999990463257
73.419833,pitch,0,IDLE,-0.111599639058113,1,7.02231979370117,0.491096198558807,0.982276320457458,0.0598784349858761,0.982276320457458,0.146846771240234,6,RAISE_D,30,1.34999990463257
73.459833,pitch,0,IDLE,-0.177179396152496,1,7.02231979370117,0.491096198558807,0.982276320457458,0.0598784349858761,0.982276320457458,0.146846771240234,6,RAISE_D,30,1.34999990463257
73.499833,pitch,0,IDLE,-0.229360640048981,1,7.02231979370117,0.491096198558807,0.982276320457458,0.0598784349858761,0.982276320457458,0.146846771240234,6,RAISE_D,30,1.34999990463257
73.539833,pitch,0,IDLE,-0.271385967731476,1,7.02231979370117,0.491096198558807,0.982276320457458,0.0598784349858761,0.982276320457458,0.146846771240234,6,RAISE_D,30,1.34999990463257
73.579833,pitch,0,IDLE,-0.304537922143936,1,7.02231979370117,0.491096198558807,0.982276320457458,0.0598784349858761,0.982276320457458,0.146846771240234,6,RAISE_D,30,1.34999990463257
73.619833,pitch,0,IDLE,-0.330794304609299,1,7.02231979370117,0.491096198558807,0.982276320457458,0.0598784349858761,0.982276320457458,0.146846771240234,6,RAISE_D,30,1.34999990463257
73.659833,pitch,0,IDLE,-0.351380795240402,1,7.02231979370117,0.491096198558807,0.982276320457458,0.0598784349858761,0.982276320457458,0.146846771240234,6,RAISE_D,30,1.34999990463257
73.699833,pitch,0,IDLE,-0.367665201425552,1,7.02231979370117,0.491096198558807,0.982276320457458,0.0598784349858761,0.982276320457458,0.146846771240234,6,RAISE_D,30,1.34999990463257
73.739833,pitch,0,IDLE,-0.380344837903976,1,7.02231979370117,0.491096198558807,0.982276320457458,0.0598784349858761,0.982276320457458,0.146846771240234,6,RAISE_D,30,1.34999990463257
73.779833,pitch,0,IDLE,-0.390058994293213,1,7.02231979370117,0.491096198558807,0.982276320457458,0.0598784349858761,0.982276320457458,0.146846771240234,6,RAISE_D,30,1.34999990463257
73.819833,pitch,0,IDLE,-0.396957337856293,1,7.02231979370117,0.491096198558807,0.982276320457458,0.0598784349858761,0.982276320457458,0.146846771240234,6,RAISE_D,30,1.34999990463257
73.859833,pitch,0,IDLE,-0.401578515768051,1,7.02231979370117,0.491096198558807,0.982276320457458,0.0598784349858761,0.982276320457458,0.146846771240234,6,RAISE_D,30,1.34999990463257
73.899833,pitch,0,IDLE,-0.40459617972374,1,7.02231979370117,0.491096198558807,0.982276320457458,0.0598784349858761,0.982276320457458,0.146846771240234,6,RAISE_D,30,1.34999990463257
73.939833,pitch,0,IDLE,-0.406034588813782,1,7.02231979370117,0.491096198558807,0.982276320457458,0.0598784349858761,0.982276320457458,0.146846771240234,6,RAISE_D,30,1.34999990463257
73.979833,pitch,0,IDLE,-0.405786037445068,1,7.02231979370117,0.491096198558807,0.982276320457458,0.0598784349858761,0.982276320457458,0.146846771240234,6,RAISE_D,30,1.34999990463257
74.019833,pitch,0,IDLE,-0.403993248939514,1,7.02231979370117,0.491096198558807,0.982276320457458,0.0598784349858761,0.982276320457458,0.146846771240234,6,RAISE_D,30,1.34999990463257
74.059833,pitch,0,IDLE,-0.401453822851181,1,7.02231979370117,0.491096198558807,0.982276320457458,0.0598784349858761,0.982276320457458,0.146846771240234,6,RAISE_D,30,1.34999990463257
74.099833,pitch,0,IDLE,-0.398181945085526,1,7.02231979370117,0.491096198558807,0.982276320457458,0.0598784349858761,0.982276320457458,0.146846771240234,6,RAISE_D,30,1.34999990463257
74.139833,pitch,0,IDLE,-0.394582986831665,1,7.02231979370117,0.491096198558807,0.982276320457458,0.0598784349858761,0.982276320457458,0.146846771240234,6,RAISE_D,30,1.34999990463257
74.179833,pitch,0,IDLE,-0.390497952699661,1,7.02231979370117,0.491096198558807,0.982276320457458,0.0598784349858761,0.982276320457458,0.146846771240234,6,RAISE_D,30,1.34999990463257
74.219833,pitch,0,IDLE,-0.385653048753738,1,7.02231979370117,0.491096198558807,0.982276320457458,0.0598784349858761,0.982276320457458,0.146846771240234,6,RAISE_D,30,1.34999990463257
74.259833,pitch,0,IDLE,-0.380516529083252,1,7.02231979370117,0.491096198558807,0.982276320457458,0.0598784349858761,0.982276320457458,0.146846771240234,6,RAISE_D,30,1.34999990463257
74.299833,pitch,0,IDLE,-0.375074654817581,1,7.02231979370117,0.491096198558807,0.982276320457458,0.0598784349858761,0.982276320457458,0.146846771240234,6,RAISE_D,30,1.34999990463257
74.339833,pitch,0,IDLE,-0.369171500205994,1,7.02231979370117,0.491096198558807,0.982276320457458,0.0598784349858761,0.982276320457458,0.146846771240234,6,RAISE_D,30,1.34999990463257
74.379833,pitch,0,IDLE,-0.363244742155075,1,7.02231979370117,0.491096198558807,0.982276320457458,0.0598784349858761,0.982276320457458,0.146846771240234,6,RAISE_D,30,1.34999990463257
74.419833,pitch,0,IDLE,-0.357178956270218,1,7.02231979370117,0.491096198558807,0.982276320457458,0.0598784349858761,0.982276320457458,0.146846771240234,6,RAISE_D,30,1.34999990463257
74.459833,pitch,0,IDLE,-0.350900679826736,1,7.02231979370117,0.491096198558807,0.982276320457458,0.0598784349858761,0.982276320457458,0.146846771240234,6,RAISE_D,30,1.34999990463257
74.499833,pitch,0,IDLE,-0.343945682048798,1,7.02231979370117,0.491096198558807,0.982276320457458,0.0598784349858761,0.982276320457458,0.146846771240234,6,RAISE_D,30,1.34999990463257
74.539833,pitch,0,IDLE,-0.336995214223862,1,7.02231979370117,0.491096198558807,0.982276320457458,0.0598784349858761,0.982276320457458,0.146846771240234,6,RAISE_D,30,1.34999990463257
74.579833,pitch,0,IDLE,-0.32974436879158,1,7.02231979370117,0.491096198558807,0.982276320457458,0.0598784349858761,0.982276320457458,0.146846771240234,6,RAISE_D,30,1.34999990463257
74.619833,pitch,0,IDLE,-0.322174310684204,1,7.02231979370117,0.491096198558807,0.982276320457458,0.0598784349858761,0.982276320457458,0.146846771240234,6,RAISE_D,30,1.34999990463257
74.659833,pitch,0,IDLE,-0.31410139799118,1,7.02231979370117,0.491096198558807,0.982276320457458,0.0598784349858761,0.982276320457458,0.146846771240234,6,RAISE_D,30,1.34999990463257
74.699833,pitch,0,IDLE,-0.30712041258812,1,7.02231979370117,0.491096198558807,0.982276320457458,0.0598784349858761,0.982276320457458,0.146846771240234,6,RAISE_D,30,1.34999990463257
74.739833,pitch,0,IDLE,-0.300147771835327,1,7.02231979370117,0.491096198558807,0.982276320457458,0.0598784349858761,0.982276320457458,0.146846771240234,6,RAISE_D,30,1.34999990463257
74.779833,pitch,0,IDLE,-0.292960077524185,1,7.02231979370117,0.491096198558807,0.982276320457458,0.0598784349858761,0.982276320457458,0.146846771240234,6,RAISE_D,30,1.34999990463257
74.819833,pitch,0,IDLE,-0.285122632980347,1,7.02231979370117,0.491096198558807,0.982276320457458,0.0598784349858761,0.982276320457458,0.146846771240234,6,RAISE_D,30,1.34999990463257
74.859833,pitch,0,IDLE,-0.333329260349274,1,7.02231979370117,0.491096198558807,0.982276320457458,0.0598784349858761,0.982276320457458,0.146846771240234,6,RAISE_D,30,1.34999990463257
74.899833,pitch,2,DEMAND_NEG,-0.478720635175705,1,7.02231979370117,0.491096198558807,0.982276320457458,0.0598784349858761,0.982276320457458,0.146846771240234,6,RAISE_D,30,1.34999990463257
74.939833,pitch,2,DEMAND_NEG,-0.611902475357056,1,7.02231979370117,0.491096198558807,0.982276320457458,0.0598784349858761,0.982276320457458,0.146846771240234,6,RAISE_D,30,1.34999990463257
74.979833,pitch,2,DEMAND_NEG,-0.710112810134888,1,7.02231979370117,0.491096198558807,0.982276320457458,0.0598784349858761,0.982276320457458,0.146846771240234,6,RAISE_D,30,1.34999990463257
75.019833,pitch,2,DEMAND_NEG,-0.769332885742188,1,7.02231979370117,0.491096198558807,0.982276320457458,0.0598784349858761,0.982276320457458,0.146846771240234,6,RAISE_D,30,1.34999990463257
75.059833,pitch,2,DEMAND_NEG,-0.793056845664978,1,7.02231979370117,0.491096198558807,0.982276320457458,0.0598784349858761,0.982276320457458,0.146846771240234,6,RAISE_D,30,1.34999990463257
75.099833,pitch,2,DEMAND_NEG,-0.787925660610199,1,7.02231979370117,0.491096198558807,0.982276320457458,0.0598784349858761,0.982276320457458,0.146846771240234,6,RAISE_D,30,1.34999990463257
75.139833,pitch,2,DEMAND_NEG,-0.762212216854095,1,7.02231979370117,0.491096198558807,0.982276320457458,0.0598784349858761,0.982276320457458,0.146846771240234,6,RAISE_D,30,1.34999990463257
75.179833,pitch,2,DEMAND_NEG,-0.724059402942657,1,7.02231979370117,0.491096198558807,0.982276320457458,0.0598784349858761,0.982276320457458,0.146846771240234,6,RAISE_D,30,1.34999990463257
75.219833,pitch,2,DEMAND_NEG,-0.68139773607254,1,7.02231979370117,0.491096198558807,0.982276320457458,0.0598784349858761,0.982276320457458,0.146846771240234,6,RAISE_D,30,1.34999990463257
75.259833,pitch,2,DEMAND_NEG,-0.638623178005219,1,7.02231979370117,0.491096198558807,0.982276320457458,0.0598784349858761,0.982276320457458,0.146846771240234,6,RAISE_D,30,1.34999990463257
75.299833,pitch,2,DEMAND_NEG,-0.600083231925964,1,7.02231979370117,0.491096198558807,0.982276320457458,0.0598784349858761,0.982276320457458,0.146846771240234,6,RAISE_D,30,1.34999990463257
75.339833,pitch,2,DEMAND_NEG,-0.567988455295563,1,7.02231979370117,0.491096198558807,0.982276320457458,0.0598784349858761,0.982276320457458,0.146846771240234,6,RAISE_D,30,1.34999990463257
75.379833,pitch,2,DEMAND_NEG,-0.542784750461578,1,7.02231979370117,0.491096198558807,0.982276320457458,0.0598784349858761,0.982276320457458,0.146846771240234,6,RAISE_D,30,1.34999990463257
75.419833,pitch,2,DEMAND_NEG,-0.524299144744873,1,7.02231979370117,0.491096198558807,0.982276320457458,0.0598784349858761,0.982276320457458,0.146846771240234,6,RAISE_D,30,1.34999990463257
75.459833,pitch,2,DEMAND_NEG,-0.511021018028259,1,7.05055904388428,0.491096198558807,0.982276320457458,0.0598784349858761,0.982276320457458,0.146846771240234,6,RAISE_D,30,1.34999990463257
75.499833,pitch,2,DEMAND_NEG,-0.502590954303741,1,7.07390260696411,0.491096198558807,0.982276320457458,0.0598784349858761,0.982276320457458,0.146846771240234,6,RAISE_D,30,1.34999990463257
75.539833,pitch,2,DEMAND_NEG,-0.496001422405243,1,7.07614946365356,0.491096198558807,0.982276320457458,0.0598784349858761,0.982276320457458,0.146846771240234,6,RAISE_D,30,1.34999990463257
75.579833,pitch,2,DEMAND_NEG,-0.49084398150444,1,7.07614946365356,0.491096198558807,0.982276320457458,0.0598784349858761,0.982276320457458,0.146846771240234,6,RAISE_D,30,1.34999990463257
75.619833,pitch,2,DEMAND_NEG,-0.485939621925354,1,7.07614946365356,0.491096198558807,0.982276320457458,0.0598784349858761,0.982276320457458,0.146846771240234,6,RAISE_D,30,1.34999990463257
75.659833,pitch,2,DEMAND_NEG,-0.483478635549545,1,7.07614946365356,0.491096198558807,0.982276320457458,0.0598784349858761,0.982276320457458,0.146846771240234,6,RAISE_D,30,1.34999990463257
75.699833,pitch,2,DEMAND_NEG,-0.479974448680878,1,7.07614946365356,0.491096198558807,0.982276320457458,0.0598784349858761,0.982276320457458,0.146846771240234,6,RAISE_D,30,1.34999990463257
75.739833,pitch,2,DEMAND_NEG,-0.473357796669006,1,7.07614946365356,0.491096198558807,0.982276320457458,0.0598784349858761,0.982276320457458,0.146846771240234,6,RAISE_D,30,1.34999990463257
75.779833,pitch,2,DEMAND_NEG,-0.463545083999634,1,7.07614946365356,0.491096198558807,0.982276320457458,0.0598784349858761,0.982276320457458,0.146846771240234,6,RAISE_D,30,1.34999990463257
75.819833,pitch,2,DEMAND_NEG,-0.455992698669434,1,7.07614946365356,0.491096198558807,0.982276320457458,0.0598784349858761,0.982276320457458,0.146846771240234,6,RAISE_D,30,1.34999990463257
75.859833,pitch,2,DEMAND_NEG,-0.453576594591141,1,7.07614946365356,0.491096198558807,0.982276320457458,0.0598784349858761,0.982276320457458,0.146846771240234,6,RAISE_D,30,1.34999990463257
75.899833,pitch,2,DEMAND_NEG,-0.460889041423798,1,7.07614946365356,0.491096198558807,0.982276320457458,0.0598784349858761,0.982276320457458,0.146846771240234,6,RAISE_D,30,1.34999990463257
75.939833,pitch,2,DEMAND_NEG,-0.47542417049408,1,7.07614946365356,0.491096198558807,0.982276320457458,0.0598784349858761,0.982276320457458,0.146846771240234,6,RAISE_D,30,1.34999990463257
75.979833,pitch,2,DEMAND_NEG,-0.494061291217804,1,7.07614946365356,0.491096198558807,0.982276320457458,0.0598784349858761,0.982276320457458,0.146846771240234,6,RAISE_D,30,1.34999990463257
76.019833,pitch,2,DEMAND_NEG,-0.515617549419403,1,7.07614946365356,0.491096198558807,0.982276320457458,0.0598784349858761,0.982276320457458,0.146846771240234,6,RAISE_D,30,1.34999990463257
76.059833,pitch,2,DEMAND_NEG,-0.534304738044739,1,7.07614946365356,0.491096198558807,0.982276320457458,0.0598784349858761,0.982276320457458,0.146846771240234,6,RAISE_D,30,1.34999990463257
76.099833,pitch,2,DEMAND_NEG,-0.549255609512329,1,7.07614946365356,0.491096198558807,0.982276320457458,0.0598784349858761,0.982276320457458,0.146846771240234,6,RAISE_D,30,1.34999990463257
76.139833,pitch,2,DEMAND_NEG,-0.561717987060547,1,7.07614946365356,0.491096198558807,0.982276320457458,0.0598784349858761,0.982276320457458,0.146846771240234,6,RAISE_D,30,1.34999990463257
76.179833,pitch,2,DEMAND_NEG,-0.567550778388977,1,7.07614946365356,0.491096198558807,0.982276320457458,0.0598784349858761,0.982276320457458,0.146846771240234,6,RAISE_D,30,1.34999990463257
76.219833,pitch,2,DEMAND_NEG,-0.566158354282379,1,7.07614946365356,0.491096198558807,0.982276320457458,0.0598784349858761,0.982276320457458,0.146846771240234,6,RAISE_D,30,1.34999990463257
76.259833,pitch,2,DEMAND_NEG,-0.556817471981049,1,7.07614946365356,0.491096198558807,0.982276320457458,0.0598784349858761,0.982276320457458,0.146846771240234,6,RAISE_D,30,1.34999990463257
76.299833,pitch,2,DEMAND_NEG,-0.541508197784424,1,7.07614946365356,0.491096198558807,0.982276320457458,0.0598784349858761,0.982276320457458,0.146846771240234,6,RAISE_D,30,1.34999990463257
76.339833,pitch,2,DEMAND_NEG,-0.521233320236206,1,7.07614946365356,0.491096198558807,0.982276320457458,0.0598784349858761,0.982276320457458,0.146846771240234,6,RAISE_D,30,1.34999990463257
76.379833,pitch,2,DEMAND_NEG,-0.497478485107422,1,7.07614946365356,0.491096198558807,0.982276320457458,0.0598784349858761,0.982276320457458,0.146846771240234,6,RAISE_D,30,1.34999990463257
76.419833,pitch,2,DEMAND_NEG,-0.471975445747375,1,7.07614946365356,0.491096198558807,0.982276320457458,0.0598784349858761,0.982276320457458,0.146846771240234,6,RAISE_D,30,1.34999990463257
76.459833,pitch,2,DEMAND_NEG,-0.446055918931961,1,7.07614946365356,0.491096198558807,0.982276320457458,0.0598784349858761,0.982276320457458,0.146846771240234,6,RAISE_D,30,1.34999990463257
76.499833,pitch,2,DEMAND_NEG,-0.420449942350388,1,7.07614946365356,0.491096198558807,0.982276320457458,0.0598784349858761,0.982276320457458,0.146846771240234,6,RAISE_D,30,1.34999990463257
76.539833,pitch,2,DEMAND_NEG,-0.39795845746994,1,7.07614946365356,0.491096198558807,0.982276320457458,0.0598784349858761,0.982276320457458,0.146846771240234,6,RAISE_D,30,1.34999990463257
76.579833,pitch,2,DEMAND_NEG,-0.38120111823082,1,7.07614946365356,0.491096198558807,0.982276320457458,0.0598784349858761,0.982276320457458,0.146846771240234,6,RAISE_D,30,1.34999990463257
76.619833,pitch,2,DEMAND_NEG,-0.366777271032333,1,7.07614946365356,0.491096198558807,0.982276320457458,0.0598784349858761,0.982276320457458,0.146846771240234,6,RAISE_D,30,1.34999990463257
76.659833,pitch,2,DEMAND_NEG,-0.354055732488632,1,7.07614946365356,0.491096198558807,0.982276320457458,0.0598784349858761,0.982276320457458,0.146846771240234,6,RAISE_D,30,1.34999990463257
76.699833,pitch,2,DEMAND_NEG,-0.343059808015823,1,7.07614946365356,0.491096198558807,0.982276320457458,0.0598784349858761,0.982276320457458,0.146846771240234,6,RAISE_D,30,1.34999990463257
76.739833,pitch,2,DEMAND_NEG,-0.334137886762619,1,7.07614946365356,0.491096198558807,0.982276320457458,0.0598784349858761,0.982276320457458,0.146846771240234,6,RAISE_D,30,1.34999990463257
76.779833,pitch,2,DEMAND_NEG,-0.327146649360657,1,7.07614946365356,0.491096198558807,0.982276320457458,0.0598784349858761,0.982276320457458,0.146846771240234,6,RAISE_D,30,1.34999990463257
76.819833,pitch,2,DEMAND_NEG,-0.322293043136597,1,7.07614946365356,0.491096198558807,0.982276320457458,0.0598784349858761,0.982276320457458,0.146846771240234,6,RAISE_D,30,1.34999990463257
76.859833,pitch,2,DEMAND_NEG,-0.319020956754684,1,7.07614946365356,0.491096198558807,0.982276320457458,0.0598784349858761,0.982276320457458,0.146846771240234,6,RAISE_D,30,1.34999990463257
76.899833,pitch,2,DEMAND_NEG,-0.31714078783989,1,7.07614946365356,0.491096198558807,0.982276320457458,0.0598784349858761,0.982276320457458,0.146846771240234,6,RAISE_D,30,1.34999990463257
76.939833,pitch,2,DEMAND_NEG,-0.316353350877762,1,7.07614946365356,0.491096198558807,0.982276320457458,0.0598784349858761,0.982276320457458,0.146846771240234,6,RAISE_D,30,1.34999990463257
76.979833,pitch,2,DEMAND_NEG,-0.316656529903412,1,7.07614946365356,0.491096198558807,0.982276320457458,0.0598784349858761,0.982276320457458,0.146846771240234,6,RAISE_D,30,1.34999990463257
77.019833,pitch,2,DEMAND_NEG,-0.321820467710495,1,7.07614946365356,0.491096198558807,0.982276320457458,0.0598784349858761,0.982276320457458,0.146846771240234,6,RAISE_D,30,1.34999990463257
77.059833,pitch,2,DEMAND_NEG,-0.328309595584869,1,7.07614946365356,0.491096198558807,0.982276320457458,0.0598784349858761,0.982276320457458,0.146846771240234,6,RAISE_D,30,1.34999990463257
77.099833,pitch,2,DEMAND_NEG,-0.334971249103546,1,7.07614946365356,0.491096198558807,0.982276320457458,0.0598784349858761,0.982276320457458,0.146846771240234,6,RAISE_D,30,1.34999990463257
77.139833,pitch,2,DEMAND_NEG,-0.342295825481415,1,7.07614946365356,0.491096198558807,0.982276320457458,0.0598784349858761,0.982276320457458,0.146846771240234,6,RAISE_D,30,1.34999990463257
77.179833,pitch,2,DEMAND_NEG,-0.348821192979813,1,7.07614946365356,0.491096198558807,0.982276320457458,0.0598784349858761,0.982276320457458,0.146846771240234,6,RAISE_D,30,1.34999990463257
77.219833,pitch,2,DEMAND_NEG,-0.354941934347153,1,7.07614946365356,0.491096198558807,0.982276320457458,0.0598784349858761,0.982276320457458,0.146846771240234,6,RAISE_D,30,1.34999990463257
77.259833,pitch,2,DEMAND_NEG,-0.361037403345108,1,7.07614946365356,0.491096198558807,0.982276320457458,0.0598784349858761,0.982276320457458,0.146846771240234,6,RAISE_D,30,1.34999990463257
77.299833,pitch,2,DEMAND_NEG,-0.367305517196655,1,7.07614946365356,0.491096198558807,0.982276320457458,0.0598784349858761,0.982276320457458,0.146846771240234,6,RAISE_D,30,1.34999990463257
77.339833,pitch,2,DEMAND_NEG,-0.373265981674194,1,7.07614946365356,0.491096198558807,0.982276320457458,0.0598784349858761,0.982276320457458,0.146846771240234,6,RAISE_D,30,1.34999990463257
77.379833,pitch,2,DEMAND_NEG,-0.379641234874725,1,7.07614946365356,0.491096198558807,0.982276320457458,0.0598784349858761,0.982276320457458,0.146846771240234,6,RAISE_D,30,1.34999990463257
77.419833,pitch,2,DEMAND_NEG,-0.385917365550995,1,7.07614946365356,0.491096198558807,0.982276320457458,0.0598784349858761,0.982276320457458,0.146846771240234,6,RAISE_D,30,1.34999990463257
77.459833,pitch,2,DEMAND_NEG,-0.392381817102432,1,7.07614946365356,0.491096198558807,0.982276320457458,0.0598784349858761,0.982276320457458,0.146846771240234,6,RAISE_D,30,1.34999990463257
77.499833,pitch,2,DEMAND_NEG,-0.399512648582458,1,7.07614946365356,0.491096198558807,0.982276320457458,0.0598784349858761,0.982276320457458,0.146846771240234,6,RAISE_D,30,1.34999990463257
77.539833,pitch,2,DEMAND_NEG,-0.406566232442856,1,7.07614946365356,0.491096198558807,0.982276320457458,0.0598784349858761,0.982276320457458,0.146846771240234,6,RAISE_D,30,1.34999990463257
77.579833,pitch,0,IDLE,-0.278874784708023,1,1.46071457862854,0.576913475990295,0.982276320457458,0.0598784349858761,0.982276320457458,0.190900802612305,6,RAISE_D,30,1.34999990463257
77.619833,pitch,0,IDLE,-0.119763173162937,1,1.95078408718109,0.576913475990295,0.982276320457458,0.0598784349858761,0.982276320457458,0.190900802612305,6,RAISE_D,30,1.34999990463257
77.659833,pitch,0,IDLE,0.00583560392260551,1,2.48859786987305,0.576913475990295,0.982276320457458,0.0598784349858761,0.982276320457458,0.190900802612305,6,RAISE_D,30,1.34999990463257
77.699833,pitch,0,IDLE,0.0864295288920403,1,3.03249096870422,0.576913475990295,0.982276320457458,0.0598784349858761,0.982276320457458,0.190900802612305,6,RAISE_D,30,1.34999990463257
77.739833,pitch,0,IDLE,0.121295131742954,1,3.54733276367188,0.576913475990295,0.982276320457458,0.0598784349858761,0.982276320457458,0.190900802612305,6,RAISE_D,30,1.34999990463257
77.779833,pitch,0,IDLE,0.11497962474823,1,4.02279758453369,0.576913475990295,0.982276320457458,0.0598784349858761,0.982276320457458,0.190900802612305,6,RAISE_D,30,1.34999990463257
77.819833,pitch,0,IDLE,0.0771695226430893,1,4.46098613739014,0.576913475990295,0.982276320457458,0.0598784349858761,0.982276320457458,0.190900802612305,6,RAISE_D,30,1.34999990463257
77.859833,pitch,0,IDLE,0.0198549255728722,1,4.86482048034668,0.576913475990295,0.982276320457458,0.0598784349858761,0.982276320457458,0.190900802612305,6,RAISE_D,30,1.34999990463257
77.899833,pitch,0,IDLE,-0.0403261631727219,1,5.220383644104,0.576913475990295,0.982276320457458,0.0598784349858761,0.982276320457458,0.190900802612305,6,RAISE_D,30,1.34999990463257
77.939833,pitch,0,IDLE,-0.0908748582005501,1,5.5268030166626,0.576913475990295,0.982276320457458,0.0598784349858761,0.982276320457458,0.190900802612305,6,RAISE_D,30,1.34999990463257
77.979833,pitch,0,IDLE,-0.122871793806553,1,5.78877401351929,0.576913475990295,0.982276320457458,0.0598784349858761,0.982276320457458,0.190900802612305,6,RAISE_D,30,1.34999990463257
78.019833,pitch,0,IDLE,-0.131664484739304,1,6.01058959960938,0.576913475990295,0.982276320457458,0.0598784349858761,0.982276320457458,0.190900802612305,6,RAISE_D,30,1.34999990463257
78.059833,pitch,0,IDLE,-0.122482307255268,1,6.1941351890564,0.576913475990295,0.982276320457458,0.0598784349858761,0.982276320457458,0.190900802612305,6,RAISE_D,30,1.34999990463257
78.099833,pitch,0,IDLE,-0.0982724130153656,1,6.33736181259155,0.576913475990295,0.982276320457458,0.0598784349858761,0.982276320457458,0.190900802612305,6,RAISE_D,30,1.34999990463257
78.139833,pitch,0,IDLE,-0.065615139901638,1,6.44445657730103,0.576913475990295,0.982276320457458,0.0598784349858761,0.982276320457458,0.190900802612305,6,RAISE_D,30,1.34999990463257
78.179833,pitch,0,IDLE,-0.030414056032896,1,6.51923942565918,0.576913475990295,0.982276320457458,0.0598784349858761,0.982276320457458,0.190900802612305,6,RAISE_D,30,1.34999990463257
78.219833,pitch,0,IDLE,0.00387215241789818,1,6.56519031524658,0.576913475990295,0.982276320457458,0.0598784349858761,0.982276320457458,0.190900802612305,6,RAISE_D,30,1.34999990463257
78.259833,pitch,0,IDLE,0.0315860100090504,1,6.58547878265381,0.576913475990295,0.982276320457458,0.0598784349858761,0.982276320457458,0.190900802612305,6,RAISE_D,30,1.34999990463257
78.299833,pitch,0,IDLE,0.0519666820764542,1,6.58691215515137,0.576913475990295,0.982276320457458,0.0598784349858761,0.982276320457458,0.190900802612305,6,RAISE_D,30,1.34999990463257
78.339833,pitch,0,IDLE,0.0629046261310577,1,6.58691215515137,0.576913475990295,0.982276320457458,0.0598784349858761,0.982276320457458,0.190900802612305,6,RAISE_D,30,1.34999990463257
78.379833,pitch,0,IDLE,0.0647070407867432,1,6.58691215515137,0.576913475990295,0.982276320457458,0.0598784349858761,0.982276320457458,0.190900802612305,6,RAISE_D,30,1.34999990463257
78.419833,pitch,0,IDLE,0.0581927672028542,1,6.58691215515137,0.576913475990295,0.982276320457458,0.0598784349858761,0.982276320457458,0.190900802612305,6,RAISE_D,30,1.34999990463257
78.459833,pitch,0,IDLE,0.043911274522543,1,6.58691215515137,0.576913475990295,0.982276320457458,0.0598784349858761,0.982276320457458,0.190900802612305,6,RAISE_D,30,1.34999990463257
78.499833,pitch,0,IDLE,0.0234604626893997,1,6.58691215515137,0.576913475990295,0.982276320457458,0.0598784349858761,0.982276320457458,0.190900802612305,6,RAISE_D,30,1.34999990463257
78.539833,pitch,0,IDLE,-0.00178838334977627,1,6.58691215515137,0.576913475990295,0.982276320457458,0.0598784349858761,0.982276320457458,0.190900802612305,6,RAISE_D,30,1.34999990463257
78.579833,pitch,0,IDLE,-0.0307077988982201,1,6.58691215515137,0.576913475990295,0.982276320457458,0.0598784349858761,0.982276320457458,0.190900802612305,6,RAISE_D,30,1.34999990463257
78.619833,pitch,0,IDLE,-0.0584592297673225,1,6.58691215515137,0.576913475990295,0.982276320457458,0.0598784349858761,0.982276320457458,0.190900802612305,6,RAISE_D,30,1.34999990463257
78.659833,pitch,0,IDLE,-0.0775947272777557,1,6.58691215515137,0.576913475990295,0.982276320457458,0.0598784349858761,0.982276320457458,0.190900802612305,6,RAISE_D,30,1.34999990463257
78.699833,pitch,0,IDLE,-0.0826737731695175,1,6.58691215515137,0.576913475990295,0.982276320457458,0.0598784349858761,0.982276320457458,0.190900802612305,6,RAISE_D,30,1.34999990463257
78.739833,pitch,0,IDLE,-0.0730553865432739,1,6.58691215515137,0.576913475990295,0.982276320457458,0.0598784349858761,0.982276320457458,0.190900802612305,6,RAISE_D,30,1.34999990463257
78.779833,pitch,0,IDLE,-0.0515514090657234,1,6.58691215515137,0.576913475990295,0.982276320457458,0.0598784349858761,0.982276320457458,0.190900802612305,6,RAISE_D,30,1.34999990463257
78.819833,pitch,0,IDLE,-0.0229878462851048,1,6.58691215515137,0.576913475990295,0.982276320457458,0.0598784349858761,0.982276320457458,0.190900802612305,6,RAISE_D,30,1.34999990463257
78.859833,pitch,0,IDLE,0.00777436792850494,1,6.58691215515137,0.576913475990295,0.982276320457458,0.0598784349858761,0.982276320457458,0.190900802612305,6,RAISE_D,30,1.34999990463257
78.899833,pitch,0,IDLE,0.0370501056313515,1,6.58691215515137,0.576913475990295,0.982276320457458,0.0598784349858761,0.982276320457458,0.190900802612305,6,RAISE_D,30,1.34999990463257
78.939833,pitch,0,IDLE,0.0608576387166977,1,6.58691215515137,0.576913475990295,0.982276320457458,0.0598784349858761,0.982276320457458,0.190900802612305,6,RAISE_D,30,1.34999990463257
78.979833,pitch,0,IDLE,0.0768156573176384,1,6.58691215515137,0.576913475990295,0.982276320457458,0.0598784349858761,0.982276320457458,0.190900802612305,6,RAISE_D,30,1.34999990463257
79.019833,pitch,0,IDLE,0.0843654945492744,1,6.58691215515137,0.576913475990295,0.982276320457458,0.0598784349858761,0.982276320457458,0.190900802612305,6,RAISE_D,30,1.34999990463257
79.059833,pitch,0,IDLE,0.084268145263195,1,6.58691215515137,0.576913475990295,0.982276320457458,0.0598784349858761,0.982276320457458,0.190900802612305,6,RAISE_D,30,1.34999990463257
79.099833,pitch,0,IDLE,0.0766466408967972,1,6.58691215515137,0.576913475990295,0.982276320457458,0.0598784349858761,0.982276320457458,0.190900802612305,6,RAISE_D,30,1.34999990463257
79.139833,pitch,0,IDLE,0.0683988258242607,1,6.58691215515137,0.576913475990295,0.982276320457458,0.0598784349858761,0.982276320457458,0.190900802612305,6,RAISE_D,30,1.34999990463257
79.179833,pitch,0,IDLE,0.121350422501564,1,6.58691215515137,0.576913475990295,0.982276320457458,0.0598784349858761,0.982276320457458,0.190900802612305,6,RAISE_D,30,1.34999990463257
79.219833,pitch,0,IDLE,0.2798872590065,1,6.58691215515137,0.576913475990295,0.982276320457458,0.0598784349858761,0.982276320457458,0.190900802612305,6,RAISE_D,30,1.34999990463257
79.259833,pitch,0,IDLE,0.419094741344452,1,6.58691215515137,0.576913475990295,0.982276320457458,0.0598784349858761,0.982276320457458,0.190900802612305,6,RAISE_D,30,1.34999990463257
79.299833,pitch,0,IDLE,0.516990542411804,1,6.58691215515137,0.576913475990295,0.982276320457458,0.0598784349858761,0.982276320457458,0.190900802612305,6,RAISE_D,30,1.34999990463257
79.339833,pitch,0,IDLE,0.570548593997955,1,6.58691215515137,0.576913475990295,0.982276320457458,0.0598784349858761,0.982276320457458,0.190900802612305,6,RAISE_D,30,1.34999990463257
79.379833,pitch,0,IDLE,0.583775699138641,1,6.58691215515137,0.576913475990295,0.982276320457458,0.0598784349858761,0.982276320457458,0.190900802612305,6,RAISE_D,30,1.34999990463257
79.419833,pitch,0,IDLE,0.564298272132874,1,6.58691215515137,0.576913475990295,0.982276320457458,0.0598784349858761,0.982276320457458,0.190900802612305,6,RAISE_D,30,1.34999990463257
79.459833,pitch,0,IDLE,0.521544218063354,1,6.58691215515137,0.576913475990295,0.982276320457458,0.0598784349858761,0.982276320457458,0.190900802612305,6,RAISE_D,30,1.34999990463257
79.499833,pitch,0,IDLE,0.467849433422089,1,6.93009996414185,0.576913475990295,0.982276320457458,0.0598784349858761,0.982276320457458,0.190900802612305,6,RAISE_D,30,1.34999990463257
79.539833,pitch,0,IDLE,0.417627692222595,1,7.25677537918091,0.576913475990295,0.982276320457458,0.0598784349858761,0.982276320457458,0.190900802612305,6,RAISE_D,30,1.34999990463257
79.579833,pitch,0,IDLE,0.382458209991455,1,7.53154277801514,0.576913475990295,0.982276320457458,0.0598784349858761,0.982276320457458,0.190900802612305,6,RAISE_D,30,1.34999990463257
79.619833,pitch,0,IDLE,0.369995802640915,1,7.75951337814331,0.576913475990295,0.982276320457458,0.0598784349858761,0.982276320457458,0.190900802612305,6,RAISE_D,30,1.34999990463257
79.659833,pitch,0,IDLE,0.381120771169662,1,7.94325399398804,0.576913475990295,0.982276320457458,0.0598784349858761,0.982276320457458,0.190900802612305,6,RAISE_D,30,1.34999990463257
79.699833,pitch,0,IDLE,0.411714464426041,1,8.081223487854,0.576913475990295,0.982276320457458,0.0598784349858761,0.982276320457458,0.190900802612305,6,RAISE_D,30,1.34999990463257
79.739833,pitch,0,IDLE,0.457535773515701,1,8.17825126647949,0.576913475990295,0.982276320457458,0.0598784349858761,0.982276320457458,0.190900802612305,6,RAISE_D,30,1.34999990463257
79.779833,pitch,0,IDLE,0.512223362922668,1,8.23874092102051,0.576913475990295,0.982276320457458,0.0598784349858761,0.982276320457458,0.190900802612305,6,RAISE_D,30,1.34999990463257
79.819833,pitch,0,IDLE,0.568760514259338,1,8.26670265197754,0.576913475990295,0.982276320457458,0.0598784349858761,0.982276320457458,0.190900802612305,6,RAISE_D,30,1.34999990463257
79.859833,pitch,0,IDLE,0.622052848339081,1,8.26963901519775,0.576913475990295,0.982276320457458,0.0598784349858761,0.982276320457458,0.190900802612305,6,RAISE_D,30,1.34999990463257
79.899833,pitch,0,IDLE,0.668879806995392,1,8.26963901519775,0.576913475990295,0.982276320457458,0.0598784349858761,0.982276320457458,0.190900802612305,6,RAISE_D,30,1.34999990463257
79.939833,pitch,0,IDLE,0.704225778579712,1,8.26963901519775,0.576913475990295,0.982276320457458,0.0598784349858761,0.982276320457458,0.190900802612305,6,RAISE_D,30,1.34999990463257
79.979833,pitch,0,IDLE,0.720277667045593,1,8.26963901519775,0.576913475990295,0.982276320457458,0.0598784349858761,0.982276320457458,0.190900802612305,6,RAISE_D,30,1.34999990463257
80.019833,pitch,0,IDLE,0.713246166706085,1,8.26963901519775,0.576913475990295,0.982276320457458,0.0598784349858761,0.982276320457458,0.190900802612305,6,RAISE_D,30,1.34999990463257
80.059833,pitch,0,IDLE,0.684080362319946,1,8.26963901519775,0.576913475990295,0.982276320457458,0.0598784349858761,0.982276320457458,0.190900802612305,6,RAISE_D,30,1.34999990463257
80.099833,pitch,0,IDLE,0.638395667076111,1,8.26963901519775,0.576913475990295,0.982276320457458,0.0598784349858761,0.982276320457458,0.190900802612305,6,RAISE_D,30,1.34999990463257
80.139833,pitch,0,IDLE,0.583065867424011,1,8.26963901519775,0.576913475990295,0.982276320457458,0.0598784349858761,0.982276320457458,0.190900802612305,6,RAISE_D,30,1.34999990463257
80.179833,pitch,0,IDLE,0.521094918251038,1,8.26963901519775,0.576913475990295,0.982276320457458,0.0598784349858761,0.982276320457458,0.190900802612305,6,RAISE_D,30,1.34999990463257
80.219833,pitch,0,IDLE,0.460173845291138,1,8.26963901519775,0.576913475990295,0.982276320457458,0.0598784349858761,0.982276320457458,0.190900802612305,6,RAISE_D,30,1.34999990463257
80.259833,pitch,0,IDLE,0.410681962966919,1,8.26963901519775,0.576913475990295,0.982276320457458,0.0598784349858761,0.982276320457458,0.190900802612305,6,RAISE_D,30,1.34999990463257
80.299833,pitch,0,IDLE,0.380213856697083,1,8.26963901519775,0.576913475990295,0.982276320457458,0.0598784349858761,0.982276320457458,0.190900802612305,6,RAISE_D,30,1.34999990463257
80.339833,pitch,0,IDLE,0.37359681725502,1,8.26963901519775,0.576913475990295,0.982276320457458,0.0598784349858761,0.982276320457458,0.190900802612305,6,RAISE_D,30,1.34999990463257
80.379833,pitch,0,IDLE,0.388936847448349,1,8.26963901519775,0.576913475990295,0.982276320457458,0.0598784349858761,0.982276320457458,0.190900802612305,6,RAISE_D,30,1.34999990463257
80.419833,pitch,0,IDLE,0.422517567873001,1,8.26963901519775,0.576913475990295,0.982276320457458,0.0598784349858761,0.982276320457458,0.190900802612305,6,RAISE_D,30,1.34999990463257
80.459833,pitch,0,IDLE,0.467689037322998,1,8.26963901519775,0.576913475990295,0.982276320457458,0.0598784349858761,0.982276320457458,0.190900802612305,6,RAISE_D,30,1.34999990463257
80.499833,pitch,0,IDLE,0.517998695373535,1,8.26963901519775,0.576913475990295,0.982276320457458,0.0598784349858761,0.982276320457458,0.190900802612305,6,RAISE_D,30,1.34999990463257
80.539833,pitch,0,IDLE,0.568636417388916,1,8.26963901519775,0.576913475990295,0.982276320457458,0.0598784349858761,0.982276320457458,0.190900802612305,6,RAISE_D,30,1.34999990463257
80.579833,pitch,0,IDLE,0.614167928695679,1,8.26963901519775,0.576913475990295,0.982276320457458,0.0598784349858761,0.982276320457458,0.190900802612305,6,RAISE_D,30,1.34999990463257
80.619833,pitch,0,IDLE,0.649089515209198,1,8.26963901519775,0.576913475990295,0.982276320457458,0.0598784349858761,0.982276320457458,0.190900802612305,6,RAISE_D,30,1.34999990463257
80.659833,pitch,0,IDLE,0.665355503559113,1,8.26963901519775,0.576913475990295,0.982276320457458,0.0598784349858761,0.982276320457458,0.190900802612305,6,RAISE_D,30,1.34999990463257
80.699833,pitch,0,IDLE,0.658058762550354,1,8.26963901519775,0.576913475990295,0.982276320457458,0.0598784349858761,0.982276320457458,0.190900802612305,6,RAISE_D,30,1.34999990463257
80.739833,pitch,0,IDLE,0.627732813358307,1,8.26963901519775,0.576913475990295,0.982276320457458,0.0598784349858761,0.982276320457458,0.190900802612305,6,RAISE_D,30,1.34999990463257
80.779833,pitch,0,IDLE,0.579178392887115,1,8.26963901519775,0.576913475990295,0.982276320457458,0.0598784349858761,0.982276320457458,0.190900802612305,6,RAISE_D,30,1.34999990463257
80.819833,pitch,0,IDLE,0.520505785942078,1,8.26963901519775,0.576913475990295,0.982276320457458,0.0598784349858761,0.982276320457458,0.190900802612305,6,RAISE_D,30,1.34999990463257
80.859833,pitch,0,IDLE,0.46024876832962,1,8.26963901519775,0.576913475990295,0.982276320457458,0.0598784349858761,0.982276320457458,0.190900802612305,6,RAISE_D,30,1.34999990463257
80.899833,pitch,0,IDLE,0.401679188013077,1,8.26963901519775,0.576913475990295,0.982276320457458,0.0598784349858761,0.982276320457458,0.190900802612305,6,RAISE_D,30,1.34999990463257
80.939833,pitch,0,IDLE,0.353718817234039,1,8.26963901519775,0.576913475990295,0.982276320457458,0.0598784349858761,0.982276320457458,0.190900802612305,6,RAISE_D,30,1.34999990463257
80.979833,pitch,0,IDLE,0.325894445180893,1,8.26963901519775,0.576913475990295,0.982276320457458,0.0598784349858761,0.982276320457458,0.190900802612305,6,RAISE_D,30,1.34999990463257
81.019833,pitch,0,IDLE,0.32183164358139,1,8.26963901519775,0.576913475990295,0.982276320457458,0.0598784349858761,0.982276320457458,0.190900802612305,6,RAISE_D,30,1.34999990463257
81.059833,pitch,0,IDLE,0.340494602918625,1,8.26963901519775,0.576913475990295,0.982276320457458,0.0598784349858761,0.982276320457458,0.190900802612305,6,RAISE_D,30,1.34999990463257
81.099833,pitch,0,IDLE,0.377005726099014,1,8.26963901519775,0.576913475990295,0.982276320457458,0.0598784349858761,0.982276320457458,0.190900802612305,6,RAISE_D,30,1.34999990463257
81.139833,pitch,0,IDLE,0.425836652517319,1,8.26963901519775,0.576913475990295,0.982276320457458,0.0598784349858761,0.982276320457458,0.190900802612305,6,RAISE_D,30,1.34999990463257
81.179833,pitch,0,IDLE,0.480569958686829,1,8.26963901519775,0.576913475990295,0.982276320457458,0.0598784349858761,0.982276320457458,0.190900802612305,6,RAISE_D,30,1.34999990463257
81.219833,pitch,0,IDLE,0.534527599811554,1,8.26963901519775,0.576913475990295,0.982276320457458,0.0598784349858761,0.982276320457458,0.190900802612305,6,RAISE_D,30,1.34999990463257
81.259833,pitch,0,IDLE,0.577294707298279,1,8.26963901519775,0.576913475990295,0.982276320457458,0.0598784349858761,0.982276320457458,0.190900802612305,6,RAISE_D,30,1.34999990463257
81.299833,pitch,0,IDLE,0.600610196590424,1,8.26963901519775,0.576913475990295,0.982276320457458,0.0598784349858761,0.982276320457458,0.190900802612305,6,RAISE_D,30,1.34999990463257
81.339833,pitch,0,IDLE,0.600619494915009,1,8.26963901519775,0.576913475990295,0.982276320457458,0.0598784349858761,0.982276320457458,0.190900802612305,6,RAISE_D,30,1.34999990463257
81.379833,pitch,0,IDLE,0.578584551811218,1,8.26963901519775,0.576913475990295,0.982276320457458,0.0598784349858761,0.982276320457458,0.190900802612305,6,RAISE_D,30,1.34999990463257
81.419833,pitch,0,IDLE,0.539400398731232,1,8.26963901519775,0.576913475990295,0.982276320457458,0.0598784349858761,0.982276320457458,0.190900802612305,6,RAISE_D,30,1.34999990463257
81.459833,pitch,0,IDLE,0.489806950092316,1,8.26963901519775,0.576913475990295,0.982276320457458,0.0598784349858761,0.982276320457458,0.190900802612305,6,RAISE_D,30,1.34999990463257
81.499833,pitch,0,IDLE,0.434894382953644,1,8.26963901519775,0.576913475990295,0.982276320457458,0.0598784349858761,0.982276320457458,0.190900802612305,6,RAISE_D,30,1.34999990463257
81.539833,pitch,0,IDLE,0.380289405584335,1,8.26963901519775,0.576913475990295,0.982276320457458,0.0598784349858761,0.982276320457458,0.190900802612305,6,RAISE_D,30,1.34999990463257
81.579833,pitch,0,IDLE,0.334499359130859,1,8.26963901519775,0.576913475990295,0.982276320457458,0.0598784349858761,0.982276320457458,0.190900802612305,6,RAISE_D,30,1.34999990463257
81.619833,pitch,0,IDLE,0.296324253082275,1,8.26963901519775,0.576913475990295,0.982276320457458,0.0598784349858761,0.982276320457458,0.190900802612305,6,RAISE_D,30,1.34999990463257
81.659833,pitch,0,IDLE,0.267300188541412,1,8.26963901519775,0.576913475990295,0.982276320457458,0.0598784349858761,0.982276320457458,0.190900802612305,6,RAISE_D,30,1.34999990463257
81.699833,pitch,0,IDLE,0.245921820402145,1,8.26963901519775,0.576913475990295,0.982276320457458,0.0598784349858761,0.982276320457458,0.190900802612305,6,RAISE_D,30,1.34999990463257
81.739833,pitch,0,IDLE,0.233103349804878,1,8.26963901519775,0.576913475990295,0.982276320457458,0.0598784349858761,0.982276320457458,0.190900802612305,6,RAISE_D,30,1.34999990463257
81.779833,pitch,0,IDLE,0.227434709668159,1,8.26963901519775,0.576913475990295,0.982276320457458,0.0598784349858761,0.982276320457458,0.190900802612305,6,RAISE_D,30,1.34999990463257
81.819833,pitch,0,IDLE,0.227758795022964,1,8.26963901519775,0.576913475990295,0.982276320457458,0.0598784349858761,0.982276320457458,0.190900802612305,6,RAISE_D,30,1.34999990463257
81.859833,pitch,0,IDLE,0.232893452048302,1,8.26963901519775,0.576913475990295,0.982276320457458,0.0598784349858761,0.982276320457458,0.190900802612305,6,RAISE_D,30,1.34999990463257
81.899833,pitch,0,IDLE,0.0843604803085327,1,8.26963901519775,0.576913475990295,0.982276320457458,0.0598784349858761,0.982276320457458,0.190900802612305,6,RAISE_D,30,1.34999990463257
81.939833,pitch,0,IDLE,-0.0813112333416939,1,8.26963901519775,0.576913475990295,0.982276320457458,0.0598784349858761,0.982276320457458,0.190900802612305,6,RAISE_D,30,1.34999990463257
81.979833,pitch,0,IDLE,-0.205178737640381,1,8.26963901519775,0.576913475990295,0.982276320457458,0.0598784349858761,0.982276320457458,0.190900802612305,6,RAISE_D,30,1.34999990463257
82.019833,pitch,0,IDLE,-0.277672320604324,1,8.26963901519775,0.576913475990295,0.982276320457458,0.0598784349858761,0.982276320457458,0.190900802612305,6,RAISE_D,30,1.34999990463257
82.059833,pitch,0,IDLE,-0.300326198339462,1,8.26963901519775,0.576913475990295,0.982276320457458,0.0598784349858761,0.982276320457458,0.190900802612305,6,RAISE_D,30,1.34999990463257
82.099833,pitch,0,IDLE,-0.28119370341301,1,8.26963901519775,0.576913475990295,0.982276320457458,0.0598784349858761,0.982276320457458,0.190900802612305,6,RAISE_D,30,1.34999990463257
82.139833,pitch,0,IDLE,-0.232907831668854,1,8.26963901519775,0.576913475990295,0.982276320457458,0.0598784349858761,0.982276320457458,0.190900802612305,6,RAISE_D,30,1.34999990463257
82.179833,pitch,0,IDLE,-0.168112650513649,1,8.26963901519775,0.576913475990295,0.982276320457458,0.0598784349858761,0.982276320457458,0.190900802612305,6,RAISE_D,30,1.34999990463257
82.219833,pitch,0,IDLE,-0.0978063568472862,1,8.26963901519775,0.576913475990295,0.982276320457458,0.0598784349858761,0.982276320457458,0.190900802612305,6,RAISE_D,30,1.34999990463257
82.259833,pitch,0,IDLE,-0.0306696109473705,1,8.26963901519775,0.576913475990295,0.982276320457458,0.0598784349858761,0.982276320457458,0.190900802612305,6,RAISE_D,30,1.34999990463257
82.299833,pitch,0,IDLE,0.0248400606215,1,8.26963901519775,0.576913475990295,0.982276320457458,0.0598784349858761,0.982276320457458,0.190900802612305,6,RAISE_D,30,1.34999990463257
82.339833,pitch,0,IDLE,0.0577604994177818,1,8.26963901519775,0.576913475990295,0.982276320457458,0.0598784349858761,0.982276320457458,0.190900802612305,6,RAISE_D,30,1.34999990463257
82.379833,pitch,0,IDLE,0.062620684504509,1,8.26963901519775,0.576913475990295,0.982276320457458,0.0598784349858761,0.982276320457458,0.190900802612305,6,RAISE_D,30,1.34999990463257
82.419833,pitch,0,IDLE,0.0426135025918484,1,8.41365718841553,0.576913475990295,0.982276320457458,0.0598784349858761,0.982276320457458,0.190900802612305,6,RAISE_D,30,1.34999990463257
82.459833,pitch,0,IDLE,0.00275072082877159,1,8.52366065979004,0.576913475990295,0.982276320457458,0.0598784349858761,0.982276320457458,0.190900802612305,6,RAISE_D,30,1.34999990463257
82.499833,pitch,0,IDLE,-0.0520143173635006,1,8.59456253051758,0.576913475990295,0.982276320457458,0.0598784349858761,0.982276320457458,0.190900802612305,6,RAISE_D,30,1.34999990463257
82.539833,pitch,0,IDLE,-0.115073412656784,1,8.63063526153564,0.576913475990295,0.982276320457458,0.0598784349858761,0.982276320457458,0.190900802612305,6,RAISE_D,30,1.34999990463257
82.579833,pitch,0,IDLE,-0.180131047964096,1,8.63683986663818,0.576913475990295,0.982276320457458,0.0598784349858761,0.982276320457458,0.190900802612305,6,RAISE_D,30,1.34999990463257
82.619833,pitch,0,IDLE,-0.237420871853828,1,8.63683986663818,0.576913475990295,0.982276320457458,0.0598784349858761,0.982276320457458,0.190900802612305,6,RAISE_D,30,1.34999990463257
82.659833,pitch,0,IDLE,-0.276284337043762,1,8.63683986663818,0.576913475990295,0.982276320457458,0.0598784349858761,0.982276320457458,0.190900802612305,6,RAISE_D,30,1.34999990463257
82.699833,pitch,0,IDLE,-0.28930926322937,1,8.63683986663818,0.576913475990295,0.982276320457458,0.0598784349858761,0.982276320457458,0.190900802612305,6,RAISE_D,30,1.34999990463257
82.739833,pitch,0,IDLE,-0.274182438850403,1,8.63683986663818,0.576913475990295,0.982276320457458,0.0598784349858761,0.982276320457458,0.190900802612305,6,RAISE_D,30,1.34999990463257
82.779833,pitch,0,IDLE,-0.235469117760658,1,8.63683986663818,0.576913475990295,0.982276320457458,0.0598784349858761,0.982276320457458,0.190900802612305,6,RAISE_D,30,1.34999990463257
82.819833,pitch,0,IDLE,-0.178585588932037,1,8.63683986663818,0.576913475990295,0.982276320457458,0.0598784349858761,0.982276320457458,0.190900802612305,6,RAISE_D,30,1.34999990463257
82.859833,pitch,0,IDLE,-0.111414417624474,1,8.63683986663818,0.576913475990295,0.982276320457458,0.0598784349858761,0.982276320457458,0.190900802612305,6,RAISE_D,30,1.34999990463257
82.899833,pitch,0,IDLE,-0.0464025288820267,1,8.63683986663818,0.576913475990295,0.982276320457458,0.0598784349858761,0.982276320457458,0.190900802612305,6,RAISE_D,30,1.34999990463257
82.939833,pitch,0,IDLE,0.00535621866583824,1,8.63683986663818,0.576913475990295,0.982276320457458,0.0598784349858761,0.982276320457458,0.190900802612305,6,RAISE_D,30,1.34999990463257
82.979833,pitch,0,IDLE,0.0378771163523197,1,8.63683986663818,0.576913475990295,0.982276320457458,0.0598784349858761,0.982276320457458,0.190900802612305,6,RAISE_D,30,1.34999990463257
83.019833,pitch,0,IDLE,0.0500490963459015,1,8.63683986663818,0.576913475990295,0.982276320457458,0.0598784349858761,0.982276320457458,0.190900802612305,6,RAISE_D,30,1.34999990463257
83.059833,pitch,0,IDLE,0.0448658391833305,1,8.63683986663818,0.576913475990295,0.982276320457458,0.0598784349858761,0.982276320457458,0.190900802612305,6,RAISE_D,30,1.34999990463257
83.099833,pitch,0,IDLE,0.027959767729044,1,8.63683986663818,0.576913475990295,0.982276320457458,0.0598784349858761,0.982276320457458,0.190900802612305,6,RAISE_D,30,1.34999990463257
83.139833,pitch,0,IDLE,-0.000198446214199066,1,8.63683986663818,0.576913475990295,0.982276320457458,0.0598784349858761,0.982276320457458,0.190900802612305,6,RAISE_D,30,1.34999990463257
83.179833,pitch,0,IDLE,-0.0311116389930248,1,8.63683986663818,0.576913475990295,0.982276320457458,0.0598784349858761,0.982276320457458,0.190900802612305,6,RAISE_D,30,1.34999990463257
83.219833,pitch,0,IDLE,-0.059466227889061,1,8.63683986663818,0.576913475990295,0.982276320457458,0.0598784349858761,0.982276320457458,0.190900802612305,6,RAISE_D,30,1.34999990463257
83.259833,pitch,0,IDLE,-0.0808341279625893,1,8.63683986663818,0.576913475990295,0.982276320457458,0.0598784349858761,0.982276320457458,0.190900802612305,6,RAISE_D,30,1.34999990463257
83.299833,pitch,0,IDLE,-0.0946094021201134,1,8.63683986663818,0.576913475990295,0.982276320457458,0.0598784349858761,0.982276320457458,0.190900802612305,6,RAISE_D,30,1.34999990463257
83.339833,pitch,0,IDLE,-0.0998667255043983,1,8.63683986663818,0.576913475990295,0.982276320457458,0.0598784349858761,0.982276320457458,0.190900802612305,6,RAISE_D,30,1.34999990463257
83.379833,pitch,0,IDLE,-0.0974522158503532,1,8.63683986663818,0.576913475990295,0.982276320457458,0.0598784349858761,0.982276320457458,0.190900802612305,6,RAISE_D,30,1.34999990463257
83.419833,pitch,0,IDLE,-0.0874372124671936,1,8.63683986663818,0.576913475990295,0.982276320457458,0.0598784349858761,0.982276320457458,0.190900802612305,6,RAISE_D,30,1.34999990463257
83.459833,pitch,0,IDLE,-0.0719365254044533,1,8.63683986663818,0.576913475990295,0.982276320457458,0.0598784349858761,0.982276320457458,0.190900802612305,6,RAISE_D,30,1.34999990463257
83.499833,pitch,0,IDLE,-0.120763719081879,1,8.63683986663818,0.576913475990295,0.982276320457458,0.0598784349858761,0.982276320457458,0.190900802612305,6,RAISE_D,30,1.34999990463257
83.539833,pitch,0,IDLE,-0.282493114471436,1,8.63683986663818,0.576913475990295,0.982276320457458,0.0598784349858761,0.982276320457458,0.190900802612305,6,RAISE_D,30,1.34999990463257
83.579833,pitch,0,IDLE,-0.424519151449203,1,8.63683986663818,0.576913475990295,0.982276320457458,0.0598784349858761,0.982276320457458,0.190900802612305,6,RAISE_D,30,1.34999990463257
83.619833,pitch,0,IDLE,-0.525916516780853,1,8.63683986663818,0.576913475990295,0.982276320457458,0.0598784349858761,0.982276320457458,0.190900802612305,6,RAISE_D,30,1.34999990463257
83.659833,pitch,0,IDLE,-0.584852159023285,1,8.63683986663818,0.576913475990295,0.982276320457458,0.0598784349858761,0.982276320457458,0.190900802612305,6,RAISE_D,30,1.34999990463257
83.699833,pitch,0,IDLE,-0.606579124927521,1,8.63683986663818,0.576913475990295,0.982276320457458,0.0598784349858761,0.982276320457458,0.190900802612305,6,RAISE_D,30,1.34999990463257
83.739833,pitch,0,IDLE,-0.597917258739471,1,8.63683986663818,0.576913475990295,0.982276320457458,0.0598784349858761,0.982276320457458,0.190900802612305,6,RAISE_D,30,1.34999990463257
83.779833,pitch,0,IDLE,-0.568270564079285,1,8.63683986663818,0.576913475990295,0.982276320457458,0.0598784349858761,0.982276320457458,0.190900802612305,6,RAISE_D,30,1.34999990463257
83.819833,pitch,0,IDLE,-0.526717901229858,1,8.63683986663818,0.576913475990295,0.982276320457458,0.0598784349858761,0.982276320457458,0.190900802612305,6,RAISE_D,30,1.34999990463257
83.859833,pitch,0,IDLE,-0.483461648225784,1,8.63683986663818,0.576913475990295,0.982276320457458,0.0598784349858761,0.982276320457458,0.190900802612305,6,RAISE_D,30,1.34999990463257
83.899833,pitch,0,IDLE,-0.450560480356216,1,8.63683986663818,0.576913475990295,0.982276320457458,0.0598784349858761,0.982276320457458,0.190900802612305,6,RAISE_D,30,1.34999990463257
83.939833,pitch,0,IDLE,-0.436963468790054,1,8.63683986663818,0.576913475990295,0.982276320457458,0.0598784349858761,0.982276320457458,0.190900802612305,6,RAISE_D,30,1.34999990463257
83.979833,pitch,0,IDLE,-0.444468051195145,1,8.63683986663818,0.576913475990295,0.982276320457458,0.0598784349858761,0.982276320457458,0.190900802612305,6,RAISE_D,30,1.34999990463257
84.019833,pitch,0,IDLE,-0.472028017044067,1,8.63683986663818,0.576913475990295,0.982276320457458,0.0598784349858761,0.982276320457458,0.190900802612305,6,RAISE_D,30,1.34999990463257
84.059833,pitch,0,IDLE,-0.513368546962738,1,8.71269702911377,0.576913475990295,0.982276320457458,0.0598784349858761,0.982276320457458,0.190900802612305,6,RAISE_D,30,1.34999990463257
84.099833,pitch,0,IDLE,-0.56343287229538,1,8.75333976745605,0.576913475990295,0.982276320457458,0.0598784349858761,0.982276320457458,0.190900802612305,6,RAISE_D,30,1.34999990463257
84.139833,pitch,0,IDLE,-0.615115165710449,1,8.7621374130249,0.576913475990295,0.982276320457458,0.0598784349858761,0.982276320457458,0.190900802612305,6,RAISE_D,30,1.34999990463257
84.179833,pitch,0,IDLE,-0.668961346149445,1,8.7621374130249,0.576913475990295,0.982276320457458,0.0598784349858761,0.982276320457458,0.190900802612305,6,RAISE_D,30,1.34999990463257
84.219833,pitch,0,IDLE,-0.716849982738495,1,8.7621374130249,0.576913475990295,0.982276320457458,0.0598784349858761,0.982276320457458,0.190900802612305,6,RAISE_D,30,1.34999990463257
84.259833,pitch,0,IDLE,-0.755395293235779,1,8.7621374130249,0.576913475990295,0.982276320457458,0.0598784349858761,0.982276320457458,0.190900802612305,6,RAISE_D,30,1.34999990463257
84.299833,pitch,0,IDLE,-0.784128904342651,1,8.7621374130249,0.576913475990295,0.982276320457458,0.0598784349858761,0.982276320457458,0.190900802612305,6,RAISE_D,30,1.34999990463257
84.339833,pitch,0,IDLE,-0.80168205499649,1,8.7621374130249,0.576913475990295,0.982276320457458,0.0598784349858761,0.982276320457458,0.190900802612305,6,RAISE_D,30,1.34999990463257
84.379833,pitch,0,IDLE,-0.808395147323608,1,8.7621374130249,0.576913475990295,0.982276320457458,0.0598784349858761,0.982276320457458,0.190900802612305,6,RAISE_D,30,1.34999990463257
84.419833,pitch,0,IDLE,-0.807507514953613,1,8.7621374130249,0.576913475990295,0.982276320457458,0.0598784349858761,0.982276320457458,0.190900802612305,6,RAISE_D,30,1.34999990463257
84.459833,pitch,0,IDLE,-0.800609350204468,1,8.7621374130249,0.576913475990295,0.982276320457458,0.0598784349858761,0.982276320457458,0.190900802612305,6,RAISE_D,30,1.34999990463257
84.499833,pitch,0,IDLE,-0.788206696510315,1,8.7621374130249,0.576913475990295,0.982276320457458,0.0598784349858761,0.982276320457458,0.190900802612305,6,RAISE_D,30,1.34999990463257
84.539833,pitch,0,IDLE,-0.773030161857605,1,8.7621374130249,0.576913475990295,0.982276320457458,0.0598784349858761,0.982276320457458,0.190900802612305,6,RAISE_D,30,1.34999990463257
84.579833,pitch,0,IDLE,-0.756465017795563,1,8.7621374130249,0.576913475990295,0.982276320457458,0.0598784349858761,0.982276320457458,0.190900802612305,6,RAISE_D,30,1.34999990463257
84.619833,pitch,0,IDLE,-0.739747226238251,1,8.7621374130249,0.576913475990295,0.982276320457458,0.0598784349858761,0.982276320457458,0.190900802612305,6,RAISE_D,30,1.34999990463257
84.659833,pitch,0,IDLE,-0.723763704299927,1,8.7621374130249,0.576913475990295,0.982276320457458,0.0598784349858761,0.982276320457458,0.190900802612305,6,RAISE_D,30,1.34999990463257
84.699833,pitch,0,IDLE,-0.709057092666626,1,8.7621374130249,0.576913475990295,0.982276320457458,0.0598784349858761,0.982276320457458,0.190900802612305,6,RAISE_D,30,1.34999990463257
84.739833,pitch,0,IDLE,-0.695839583873749,1,8.7621374130249,0.576913475990295,0.982276320457458,0.0598784349858761,0.982276320457458,0.190900802612305,6,RAISE_D,30,1.34999990463257
84.779833,pitch,0,IDLE,-0.684606075286865,1,8.7621374130249,0.576913475990295,0.982276320457458,0.0598784349858761,0.982276320457458,0.190900802612305,6,RAISE_D,30,1.34999990463257
84.819833,pitch,0,IDLE,-0.675330638885498,1,8.7621374130249,0.576913475990295,0.982276320457458,0.0598784349858761,0.982276320457458,0.190900802612305,6,RAISE_D,30,1.34999990463257
84.859833,pitch,0,IDLE,-0.670103311538696,1,8.7621374130249,0.576913475990295,0.982276320457458,0.0598784349858761,0.982276320457458,0.190900802612305,6,RAISE_D,30,1.34999990463257
84.899833,pitch,0,IDLE,-0.670531630516052,1,8.7621374130249,0.576913475990295,0.982276320457458,0.0598784349858761,0.982276320457458,0.190900802612305,6,RAISE_D,30,1.34999990463257
84.939833,pitch,0,IDLE,-0.671440303325653,1,8.7621374130249,0.576913475990295,0.982276320457458,0.0598784349858761,0.982276320457458,0.190900802612305,6,RAISE_D,30,1.34999990463257
84.979833,pitch,0,IDLE,-0.672444760799408,1,8.7621374130249,0.576913475990295,0.982276320457458,0.0598784349858761,0.982276320457458,0.190900802612305,6,RAISE_D,30,1.34999990463257
85.019833,pitch,0,IDLE,-0.672410070896149,1,8.7621374130249,0.576913475990295,0.982276320457458,0.0598784349858761,0.982276320457458,0.190900802612305,6,RAISE_D,30,1.34999990463257
85.059833,pitch,0,IDLE,-0.665628790855408,1,8.7621374130249,0.576913475990295,0.982276320457458,0.0598784349858761,0.982276320457458,0.190900802612305,6,RAISE_D,30,1.34999990463257
85.099833,pitch,0,IDLE,-0.646700382232666,1,8.7621374130249,0.576913475990295,0.982276320457458,0.0598784349858761,0.982276320457458,0.190900802612305,6,RAISE_D,30,1.34999990463257
85.139833,pitch,0,IDLE,-0.613198101520538,1,8.7621374130249,0.576913475990295,0.982276320457458,0.0598784349858761,0.982276320457458,0.190900802612305,6,RAISE_D,30,1.34999990463257
85.179833,pitch,0,IDLE,-0.566860556602478,1,8.7621374130249,0.576913475990295,0.982276320457458,0.0598784349858761,0.982276320457458,0.190900802612305,6,RAISE_D,30,1.34999990463257
85.219833,pitch,0,IDLE,-0.512266159057617,1,8.7621374130249,0.576913475990295,0.982276320457458,0.0598784349858761,0.982276320457458,0.190900802612305,6,RAISE_D,30,1.34999990463257
85.259833,pitch,0,IDLE,-0.454551458358765,1,8.7621374130249,0.576913475990295,0.982276320457458,0.0598784349858761,0.982276320457458,0.190900802612305,6,RAISE_D,30,1.34999990463257
85.299833,pitch,0,IDLE,-0.398807674646378,1,8.7621374130249,0.576913475990295,0.982276320457458,0.0598784349858761,0.982276320457458,0.190900802612305,6,RAISE_D,30,1.34999990463257
85.339833,pitch,0,IDLE,-0.348081648349762,1,8.7621374130249,0.576913475990295,0.982276320457458,0.0598784349858761,0.982276320457458,0.190900802612305,6,RAISE_D,30,1.34999990463257
85.379833,pitch,0,IDLE,-0.305457651615143,1,8.7621374130249,0.576913475990295,0.982276320457458,0.0598784349858761,0.982276320457458,0.190900802612305,6,RAISE_D,30,1.34999990463257
85.419833,pitch,0,IDLE,-0.272857069969177,1,8.7621374130249,0.576913475990295,0.982276320457458,0.0598784349858761,0.982276320457458,0.190900802612305,6,RAISE_D,30,1.34999990463257
85.459833,pitch,0,IDLE,-0.250053107738495,1,8.7621374130249,0.576913475990295,0.982276320457458,0.0598784349858761,0.982276320457458,0.190900802612305,6,RAISE_D,30,1.34999990463257
85.499833,pitch,0,IDLE,-0.236753702163696,1,8.7621374130249,0.576913475990295,0.982276320457458,0.0598784349858761,0.982276320457458,0.190900802612305,6,RAISE_D,30,1.34999990463257
85.539833,pitch,0,IDLE,-0.230566591024399,1,8.7621374130249,0.576913475990295,0.982276320457458,0.0598784349858761,0.982276320457458,0.190900802612305,6,RAISE_D,30,1.34999990463257
85.579833,pitch,0,IDLE,-0.230592623353004,1,8.7621374130249,0.576913475990295,0.982276320457458,0.0598784349858761,0.982276320457458,0.190900802612305,6,RAISE_D,30,1.34999990463257
85.619833,pitch,0,IDLE,-0.236217707395554,1,8.7621374130249,0.576913475990295,0.982276320457458,0.0598784349858761,0.982276320457458,0.190900802612305,6,RAISE_D,30,1.34999990463257
85.659833,pitch,0,IDLE,-0.249065771698952,1,8.7621374130249,0.576913475990295,0.982276320457458,0.0598784349858761,0.982276320457458,0.190900802612305,6,RAISE_D,30,1.34999990463257
85.699833,pitch,0,IDLE,-0.264489829540253,1,8.7621374130249,0.576913475990295,0.982276320457458,0.0598784349858761,0.982276320457458,0.190900802612305,6,RAISE_D,30,1.34999990463257
85.739833,pitch,0,IDLE,-0.27896723151207,1,8.7621374130249,0.576913475990295,0.982276320457458,0.0598784349858761,0.982276320457458,0.190900802612305,6,RAISE_D,30,1.34999990463257
85.779833,pitch,0,IDLE,-0.291425317525864,1,8.7621374130249,0.576913475990295,0.982276320457458,0.0598784349858761,0.982276320457458,0.190900802612305,6,RAISE_D,30,1.34999990463257
85.819833,pitch,0,IDLE,-0.302026659250259,1,8.7621374130249,0.576913475990295,0.982276320457458,0.0598784349858761,0.982276320457458,0.190900802612305,6,RAISE_D,30,1.34999990463257
85.859833,pitch,0,IDLE,-0.309160947799683,1,8.7621374130249,0.576913475990295,0.982276320457458,0.0598784349858761,0.982276320457458,0.190900802612305,6,RAISE_D,30,1.34999990463257
85.899833,pitch,0,IDLE,-0.313499569892883,1,8.7621374130249,0.576913475990295,0.982276320457458,0.0598784349858761,0.982276320457458,0.190900802612305,6,RAISE_D,30,1.34999990463257
85.939833,pitch,0,IDLE,-0.314624339342117,1,8.7621374130249,0.576913475990295,0.982276320457458,0.0598784349858761,0.982276320457458,0.190900802612305,6,RAISE_D,30,1.34999990463257
85.979833,pitch,0,IDLE,-0.314120888710022,1,8.7621374130249,0.576913475990295,0.982276320457458,0.0598784349858761,0.982276320457458,0.190900802612305,6,RAISE_D,30,1.34999990463257
86.019833,pitch,0,IDLE,-0.311446398496628,1,8.7621374130249,0.576913475990295,0.982276320457458,0.0598784349858761,0.982276320457458,0.190900802612305,6,RAISE_D,30,1.34999990463257
86.059833,pitch,0,IDLE,-0.306134760379791,1,8.7621374130249,0.576913475990295,0.982276320457458,0.0598784349858761,0.982276320457458,0.190900802612305,6,RAISE_D,30,1.34999990463257
86.099833,pitch,0,IDLE,-0.299794465303421,1,8.7621374130249,0.576913475990295,0.982276320457458,0.0598784349858761,0.982276320457458,0.190900802612305,6,RAISE_D,30,1.34999990463257
86.139833,pitch,0,IDLE,-0.291552156209946,1,8.7621374130249,0.576913475990295,0.982276320457458,0.0598784349858761,0.982276320457458,0.190900802612305,6,RAISE_D,30,1.34999990463257
86.179833,pitch,0,IDLE,-0.282657712697983,1,8.7621374130249,0.576913475990295,0.982276320457458,0.0598784349858761,0.982276320457458,0.190900802612305,6,RAISE_D,30,1.34999990463257
86.219833,pitch,0,IDLE,-0.122266799211502,1,8.7621374130249,0.576913475990295,0.982276320457458,0.0598784349858761,0.982276320457458,0.190900802612305,6,RAISE_D,30,1.34999990463257
86.259833,pitch,0,IDLE,0.05329380184412,1,8.7621374130249,0.576913475990295,0.982276320457458,0.0598784349858761,0.982276320457458,0.190900802612305,6,RAISE_D,30,1.34999990463257
86.299833,pitch,0,IDLE,0.188574060797691,1,8.7621374130249,0.576913475990295,0.982276320457458,0.0598784349858761,0.982276320457458,0.190900802612305,6,RAISE_D,30,1.34999990463257
86.339833,pitch,0,IDLE,0.270837694406509,1,8.7621374130249,0.576913475990295,0.982276320457458,0.0598784349858761,0.982276320457458,0.190900802612305,6,RAISE_D,30,1.34999990463257
86.379833,pitch,0,IDLE,0.300999939441681,1,8.7621374130249,0.576913475990295,0.982276320457458,0.0598784349858761,0.982276320457458,0.190900802612305,6,RAISE_D,30,1.34999990463257
86.419833,pitch,0,IDLE,0.287769079208374,1,8.7621374130249,0.576913475990295,0.982276320457458,0.0598784349858761,0.982276320457458,0.190900802612305,6,RAISE_D,30,1.34999990463257
86.459833,pitch,0,IDLE,0.243677243590355,1,8.7621374130249,0.576913475990295,0.982276320457458,0.0598784349858761,0.982276320457458,0.190900802612305,6,RAISE_D,30,1.34999990463257
86.499833,pitch,0,IDLE,0.18098258972168,1,8.7621374130249,0.576913475990295,0.982276320457458,0.0598784349858761,0.982276320457458,0.190900802612305,6,RAISE_D,30,1.34999990463257
86.539833,pitch,0,IDLE,0.110918439924717,1,8.7621374130249,0.576913475990295,0.982276320457458,0.0598784349858761,0.982276320457458,0.190900802612305,6,RAISE_D,30,1.34999990463257
86.579833,pitch,0,IDLE,0.04278414696455,1,8.7621374130249,0.576913475990295,0.982276320457458,0.0598784349858761,0.982276320457458,0.190900802612305,6,RAISE_D,30,1.34999990463257
86.619833,pitch,0,IDLE,-0.0142740923911333,1,8.7621374130249,0.576913475990295,0.982276320457458,0.0598784349858761,0.982276320457458,0.190900802612305,6,RAISE_D,30,1.34999990463257
86.659833,pitch,0,IDLE,-0.0530814118683338,1,8.7621374130249,0.576913475990295,0.982276320457458,0.0598784349858761,0.982276320457458,0.190900802612305,6,RAISE_D,30,1.34999990463257
86.699833,pitch,0,IDLE,-0.0649722963571548,1,8.7621374130249,0.576913475990295,0.982276320457458,0.0598784349858761,0.982276320457458,0.190900802612305,6,RAISE_D,30,1.34999990463257
86.739833,pitch,0,IDLE,-0.0493464805185795,1,8.7621374130249,0.576913475990295,0.982276320457458,0.0598784349858761,0.982276320457458,0.190900802612305,6,RAISE_D,30,1.34999990463257
86.779833,pitch,0,IDLE,-0.00977513566613197,1,8.7621374130249,0.576913475990295,0.982276320457458,0.0598784349858761,0.982276320457458,0.190900802612305,6,RAISE_D,30,1.34999990463257
86.819833,pitch,0,IDLE,0.0488928258419037,1,8.7621374130249,0.576913475990295,0.982276320457458,0.0598784349858761,0.982276320457458,0.190900802612305,6,RAISE_D,30,1.34999990463257
86.859833,pitch,0,IDLE,0.11602807790041,1,8.7621374130249,0.576913475990295,0.982276320457458,0.0598784349858761,0.982276320457458,0.190900802612305,6,RAISE_D,30,1.34999990463257
86.899833,pitch,0,IDLE,0.184308305382729,1,8.7621374130249,0.576913475990295,0.982276320457458,0.0598784349858761,0.982276320457458,0.190900802612305,6,RAISE_D,30,1.34999990463257
86.939833,pitch,0,IDLE,0.240672260522842,1,8.7621374130249,0.576913475990295,0.982276320457458,0.0598784349858761,0.982276320457458,0.190900802612305,6,RAISE_D,30,1.34999990463257
86.979833,pitch,0,IDLE,0.275173634290695,1,8.7621374130249,0.576913475990295,0.982276320457458,0.0598784349858761,0.982276320457458,0.190900802612305,6,RAISE_D,30,1.34999990463257
87.019833,pitch,0,IDLE,0.284176558256149,1,8.7621374130249,0.576913475990295,0.982276320457458,0.0598784349858761,0.982276320457458,0.190900802612305,6,RAISE_D,30,1.34999990463257
87.059833,pitch,0,IDLE,0.266189426183701,1,8.7621374130249,0.576913475990295,0.982276320457458,0.0598784349858761,0.982276320457458,0.190900802612305,6,RAISE_D,30,1.34999990463257
87.099833,pitch,0,IDLE,0.22166596353054,1,8.7621374130249,0.576913475990295,0.982276320457458,0.0598784349858761,0.982276320457458,0.190900802612305,6,RAISE_D,30,1.34999990463257
87.139833,pitch,0,IDLE,0.160295754671097,1,8.7621374130249,0.576913475990295,0.982276320457458,0.0598784349858761,0.982276320457458,0.190900802612305,6,RAISE_D,30,1.34999990463257
87.179833,pitch,0,IDLE,0.0933981537818909,1,8.7621374130249,0.576913475990295,0.982276320457458,0.0598784349858761,0.982276320457458,0.190900802612305,6,RAISE_D,30,1.34999990463257
87.219833,pitch,0,IDLE,0.0348177887499332,1,8.7621374130249,0.576913475990295,0.982276320457458,0.0598784349858761,0.982276320457458,0.190900802612305,6,RAISE_D,30,1.34999990463257
87.259833,pitch,0,IDLE,-0.00904065929353237,1,8.7621374130249,0.576913475990295,0.982276320457458,0.0598784349858761,0.982276320457458,0.190900802612305,6,RAISE_D,30,1.34999990463257
87.299833,pitch,0,IDLE,-0.0323643013834953,1,8.7621374130249,0.576913475990295,0.982276320457458,0.0598784349858761,0.982276320457458,0.190900802612305,6,RAISE_D,30,1.34999990463257
87.339833,pitch,0,IDLE,-0.035047709941864,1,8.7621374130249,0.576913475990295,0.982276320457458,0.0598784349858761,0.982276320457458,0.190900802612305,6,RAISE_D,30,1.34999990463257
87.379833,pitch,0,IDLE,-0.024346336722374,1,8.7621374130249,0.576913475990295,0.982276320457458,0.0598784349858761,0.982276320457458,0.190900802612305,6,RAISE_D,30,1.34999990463257
87.419833,pitch,0,IDLE,-0.00543563533574343,1,8.7621374130249,0.576913475990295,0.982276320457458,0.0598784349858761,0.982276320457458,0.190900802612305,6,RAISE_D,30,1.34999990463257
87.459833,pitch,0,IDLE,0.0159946009516716,1,8.7621374130249,0.576913475990295,0.982276320457458,0.0598784349858761,0.982276320457458,0.190900802612305,6,RAISE_D,30,1.34999990463257
87.499833,pitch,0,IDLE,0.0358240343630314,1,8.7621374130249,0.576913475990295,0.982276320457458,0.0598784349858761,0.982276320457458,0.190900802612305,6,RAISE_D,30,1.34999990463257
87.539833,pitch,0,IDLE,0.0510304532945156,1,8.7621374130249,0.576913475990295,0.982276320457458,0.0598784349858761,0.982276320457458,0.190900802612305,6,RAISE_D,30,1.34999990463257
87.579833,pitch,0,IDLE,0.059290949255228,1,8.7621374130249,0.576913475990295,0.982276320457458,0.0598784349858761,0.982276320457458,0.190900802612305,6,RAISE_D,30,1.34999990463257
87.619833,pitch,0,IDLE,0.059919461607933,1,8.7621374130249,0.576913475990295,0.982276320457458,0.0598784349858761,0.982276320457458,0.190900802612305,6,RAISE_D,30,1.34999990463257
87.659833,pitch,0,IDLE,0.0534091889858246,1,8.7621374130249,0.576913475990295,0.982276320457458,0.0598784349858761,0.982276320457458,0.190900802612305,6,RAISE_D,30,1.34999990463257
87.699833,pitch,0,IDLE,0.0405308753252029,1,8.7621374130249,0.576913475990295,0.982276320457458,0.0598784349858761,0.982276320457458,0.190900802612305,6,RAISE_D,30,1.34999990463257
87.739833,pitch,0,IDLE,0.0222151689231396,1,8.7621374130249,0.576913475990295,0.982276320457458,0.0598784349858761,0.982276320457458,0.190900802612305,6,RAISE_D,30,1.34999990463257
87.779833,pitch,0,IDLE,-0.00056887324899435,1,8.7621374130249,0.576913475990295,0.982276320457458,0.0598784349858761,0.982276320457458,0.190900802612305,6,RAISE_D,30,1.34999990463257
87.819833,pitch,0,IDLE,0.038191631436348,1,8.7621374130249,0.576913475990295,0.982276320457458,0.0598784349858761,0.982276320457458,0.190900802612305,6,RAISE_D,30,1.34999990463257
87.859833,pitch,0,IDLE,0.185082003474236,1,8.7621374130249,0.576913475990295,0.982276320457458,0.0598784349858761,0.982276320457458,0.190900802612305,6,RAISE_D,30,1.34999990463257
87.899833,pitch,0,IDLE,0.318532258272171,1,8.7621374130249,0.576913475990295,0.982276320457458,0.0598784349858761,0.982276320457458,0.190900802612305,6,RAISE_D,30,1.34999990463257
87.939833,pitch,0,IDLE,0.422492831945419,1,8.7621374130249,0.576913475990295,0.982276320457458,0.0598784349858761,0.982276320457458,0.190900802612305,6,RAISE_D,30,1.34999990463257
87.979833,pitch,0,IDLE,0.497996747493744,1,8.7621374130249,0.576913475990295,0.982276320457458,0.0598784349858761,0.982276320457458,0.190900802612305,6,RAISE_D,30,1.34999990463257
88.019833,pitch,0,IDLE,0.549079239368439,1,8.7621374130249,0.576913475990295,0.982276320457458,0.0598784349858761,0.982276320457458,0.190900802612305,6,RAISE_D,30,1.34999990463257
88.059833,pitch,0,IDLE,0.580975830554962,1,8.7621374130249,0.576913475990295,0.982276320457458,0.0598784349858761,0.982276320457458,0.190900802612305,6,RAISE_D,30,1.34999990463257
88.099833,pitch,0,IDLE,0.597045063972473,1,8.7621374130249,0.576913475990295,0.982276320457458,0.0598784349858761,0.982276320457458,0.190900802612305,6,RAISE_D,30,1.34999990463257
88.139833,pitch,0,IDLE,0.602684438228607,1,8.7621374130249,0.576913475990295,0.982276320457458,0.0598784349858761,0.982276320457458,0.190900802612305,6,RAISE_D,30,1.34999990463257
88.179833,pitch,0,IDLE,0.601233780384064,1,8.7621374130249,0.576913475990295,0.982276320457458,0.0598784349858761,0.982276320457458,0.190900802612305,6,RAISE_D,30,1.34999990463257
88.219833,pitch,0,IDLE,0.594856202602386,1,8.7621374130249,0.576913475990295,0.982276320457458,0.0598784349858761,0.982276320457458,0.190900802612305,6,RAISE_D,30,1.34999990463257
88.259833,pitch,0,IDLE,0.586319863796234,1,8.7621374130249,0.576913475990295,0.982276320457458,0.0598784349858761,0.982276320457458,0.190900802612305,6,RAISE_D,30,1.34999990463257
88.299833,pitch,0,IDLE,0.576172709465027,1,8.7621374130249,0.576913475990295,0.982276320457458,0.0598784349858761,0.982276320457458,0.190900802612305,6,RAISE_D,30,1.34999990463257
88.339833,pitch,0,IDLE,0.566064059734344,1,8.7621374130249,0.576913475990295,0.982276320457458,0.0598784349858761,0.982276320457458,0.190900802612305,6,RAISE_D,30,1.34999990463257
88.379833,pitch,0,IDLE,0.556313872337341,1,8.7621374130249,0.576913475990295,0.982276320457458,0.0598784349858761,0.982276320457458,0.190900802612305,6,RAISE_D,30,1.34999990463257
88.419833,pitch,0,IDLE,0.552795767784119,1,8.7621374130249,0.576913475990295,0.982276320457458,0.0598784349858761,0.982276320457458,0.190900802612305,6,RAISE_D,30,1.34999990463257
88.459833,pitch,0,IDLE,0.55177366733551,1,8.7621374130249,0.576913475990295,0.982276320457458,0.0598784349858761,0.982276320457458,0.190900802612305,6,RAISE_D,30,1.34999990463257
88.499833,pitch,0,IDLE,0.550440013408661,1,8.7621374130249,0.576913475990295,0.982276320457458,0.0598784349858761,0.982276320457458,0.190900802612305,6,RAISE_D,30,1.34999990463257
88.539833,pitch,0,IDLE,0.54907763004303,1,8.7621374130249,0.576913475990295,0.982276320457458,0.0598784349858761,0.982276320457458,0.190900802612305,6,RAISE_D,30,1.34999990463257
88.579833,pitch,0,IDLE,0.5473473072052,1,8.7621374130249,0.576913475990295,0.982276320457458,0.0598784349858761,0.982276320457458,0.190900802612305,6,RAISE_D,30,1.34999990463257
88.619833,pitch,0,IDLE,0.544282257556915,1,8.7621374130249,0.576913475990295,0.982276320457458,0.0598784349858761,0.982276320457458,0.190900802612305,6,RAISE_D,30,1.34999990463257
88.659833,pitch,0,IDLE,0.540250062942505,1,8.7621374130249,0.576913475990295,0.982276320457458,0.0598784349858761,0.982276320457458,0.190900802612305,6,RAISE_D,30,1.34999990463257
88.699833,pitch,0,IDLE,0.535855412483215,1,8.7621374130249,0.576913475990295,0.982276320457458,0.0598784349858761,0.982276320457458,0.190900802612305,6,RAISE_D,30,1.34999990463257
88.739833,pitch,0,IDLE,0.531123220920563,1,8.7621374130249,0.576913475990295,0.982276320457458,0.0598784349858761,0.982276320457458,0.190900802612305,6,RAISE_D,30,1.34999990463257
88.779833,pitch,0,IDLE,0.525424659252167,1,8.7621374130249,0.576913475990295,0.982276320457458,0.0598784349858761,0.982276320457458,0.190900802612305,6,RAISE_D,30,1.34999990463257
88.819833,pitch,0,IDLE,0.518321812152863,1,8.7621374130249,0.576913475990295,0.982276320457458,0.0598784349858761,0.982276320457458,0.190900802612305,6,RAISE_D,30,1.34999990463257
88.859833,pitch,0,IDLE,0.511141240596771,1,8.7621374130249,0.576913475990295,0.982276320457458,0.0598784349858761,0.982276320457458,0.190900802612305,6,RAISE_D,30,1.34999990463257
88.899833,pitch,0,IDLE,0.503342151641846,1,8.7621374130249,0.576913475990295,0.982276320457458,0.0598784349858761,0.982276320457458,0.190900802612305,6,RAISE_D,30,1.34999990463257
88.939833,pitch,0,IDLE,0.496056258678436,1,8.7621374130249,0.576913475990295,0.982276320457458,0.0598784349858761,0.982276320457458,0.190900802612305,6,RAISE_D,30,1.34999990463257
88.979833,pitch,0,IDLE,0.489402443170547,1,8.7621374130249,0.576913475990295,0.982276320457458,0.0598784349858761,0.982276320457458,0.190900802612305,6,RAISE_D,30,1.34999990463257
89.019833,pitch,0,IDLE,0.482690244913101,1,8.7621374130249,0.576913475990295,0.982276320457458,0.0598784349858761,0.982276320457458,0.190900802612305,6,RAISE_D,30,1.34999990463257
89.059833,pitch,0,IDLE,0.480487167835236,1,8.7621374130249,0.576913475990295,0.982276320457458,0.0598784349858761,0.982276320457458,0.190900802612305,6,RAISE_D,30,1.34999990463257
89.099833,pitch,0,IDLE,0.47876113653183,1,8.7621374130249,0.576913475990295,0.982276320457458,0.0598784349858761,0.982276320457458,0.190900802612305,6,RAISE_D,30,1.34999990463257
89.139833,pitch,0,IDLE,0.476716905832291,1,8.7621374130249,0.576913475990295,0.982276320457458,0.0598784349858761,0.982276320457458,0.190900802612305,6,RAISE_D,30,1.34999990463257
89.179833,pitch,0,IDLE,0.473960369825363,1,8.7621374130249,0.576913475990295,0.982276320457458,0.0598784349858761,0.982276320457458,0.190900802612305,6,RAISE_D,30,1.34999990463257
89.219833,pitch,0,IDLE,0.469985336065292,1,8.7621374130249,0.576913475990295,0.982276320457458,0.0598784349858761,0.982276320457458,0.190900802612305,6,RAISE_D,30,1.34999990463257
89.259833,pitch,0,IDLE,0.465780705213547,1,8.7621374130249,0.576913475990295,0.982276320457458,0.0598784349858761,0.982276320457458,0.190900802612305,6,RAISE_D,30,1.34999990463257
89.299833,pitch,0,IDLE,0.461410641670227,1,8.7621374130249,0.576913475990295,0.982276320457458,0.0598784349858761,0.982276320457458,0.190900802612305,6,RAISE_D,30,1.34999990463257
89.339833,pitch,0,IDLE,0.457154721021652,1,8.7621374130249,0.576913475990295,0.982276320457458,0.0598784349858761,0.982276320457458,0.190900802612305,6,RAISE_D,30,1.34999990463257
89.379833,pitch,0,IDLE,0.453235059976578,1,8.7621374130249,0.576913475990295,0.982276320457458,0.0598784349858761,0.982276320457458,0.190900802612305,6,RAISE_D,30,1.34999990463257
89.419833,pitch,0,IDLE,0.448974847793579,1,8.7621374130249,0.576913475990295,0.982276320457458,0.0598784349858761,0.982276320457458,0.190900802612305,6,RAISE_D,30,1.34999990463257
89.459833,pitch,0,IDLE,0.445321768522263,1,8.7621374130249,0.576913475990295,0.982276320457458,0.0598784349858761,0.982276320457458,0.190900802612305,6,RAISE_D,30,1.34999990463257
89.499833,pitch,0,IDLE,0.441623479127884,1,8.7621374130249,0.576913475990295,0.982276320457458,0.0598784349858761,0.982276320457458,0.190900802612305,6,RAISE_D,30,1.34999990463257
89.539833,pitch,0,IDLE,0.437813460826874,1,8.7621374130249,0.576913475990295,0.982276320457458,0.0598784349858761,0.982276320457458,0.190900802612305,6,RAISE_D,30,1.34999990463257
89.579833,pitch,0,IDLE,0.43468976020813,1,8.7621374130249,0.576913475990295,0.982276320457458,0.0598784349858761,0.982276320457458,0.190900802612305,6,RAISE_D,30,1.34999990463257
89.619833,pitch,0,IDLE,0.434191703796387,1,8.7621374130249,0.576913475990295,0.982276320457458,0.0598784349858761,0.982276320457458,0.190900802612305,6,RAISE_D,30,1.34999990463257
89.659833,pitch,0,IDLE,0.437775999307632,1,8.7621374130249,0.576913475990295,0.982276320457458,0.0598784349858761,0.982276320457458,0.190900802612305,6,RAISE_D,30,1.34999990463257
89.699833,pitch,0,IDLE,0.441241383552551,1,8.7621374130249,0.576913475990295,0.982276320457458,0.0598784349858761,0.982276320457458,0.190900802612305,6,RAISE_D,30,1.34999990463257
89.739833,pitch,0,IDLE,0.443787515163422,1,8.7621374130249,0.576913475990295,0.982276320457458,0.0598784349858761,0.982276320457458,0.190900802612305,6,RAISE_D,30,1.34999990463257
89.779833,pitch,0,IDLE,0.444788604974747,1,8.7621374130249,0.576913475990295,0.982276320457458,0.0598784349858761,0.982276320457458,0.190900802612305,6,RAISE_D,30,1.34999990463257
89.819833,pitch,0,IDLE,0.445484966039658,1,8.7621374130249,0.576913475990295,0.982276320457458,0.0598784349858761,0.982276320457458,0.190900802612305,6,RAISE_D,30,1.34999990463257
89.859833,pitch,0,IDLE,0.446549206972122,1,8.7621374130249,0.576913475990295,0.982276320457458,0.0598784349858761,0.982276320457458,0.190900802612305,6,RAISE_D,30,1.34999990463257
89.899833,pitch,0,IDLE,0.447646886110306,1,8.7621374130249,0.576913475990295,0.982276320457458,0.0598784349858761,0.982276320457458,0.190900802612305,6,RAISE_D,30,1.34999990463257
89.939833,pitch,0,IDLE,0.448861837387085,1,8.7621374130249,0.576913475990295,0.982276320457458,0.0598784349858761,0.982276320457458,0.190900802612305,6,RAISE_D,30,1.34999990463257
89.979833,pitch,0,IDLE,0.450593322515488,1,8.7621374130249,0.576913475990295,0.982276320457458,0.0598784349858761,0.982276320457458,0.190900802612305,6,RAISE_D,30,1.34999990463257
90.019833,pitch,0,IDLE,0.452993988990784,1,8.7621374130249,0.576913475990295,0.982276320457458,0.0598784349858761,0.982276320457458,0.190900802612305,6,RAISE_D,30,1.34999990463257
90.059833,pitch,0,IDLE,0.455153971910477,1,8.7621374130249,0.576913475990295,0.982276320457458,0.0598784349858761,0.982276320457458,0.190900802612305,6,RAISE_D,30,1.34999990463257
90.099833,pitch,0,IDLE,0.457061797380447,1,8.7621374130249,0.576913475990295,0.982276320457458,0.0598784349858761,0.982276320457458,0.190900802612305,6,RAISE_D,30,1.34999990463257
90.139833,pitch,0,IDLE,0.460270166397095,1,8.7621374130249,0.576913475990295,0.982276320457458,0.0598784349858761,0.982276320457458,0.190900802612305,6,RAISE_D,30,1.34999990463257
90.179833,pitch,0,IDLE,0.463187694549561,1,8.7621374130249,0.576913475990295,0.982276320457458,0.0598784349858761,0.982276320457458,0.190900802612305,6,RAISE_D,30,1.34999990463257
90.219833,pitch,0,IDLE,0.46682471036911,1,8.7621374130249,0.576913475990295,0.982276320457458,0.0598784349858761,0.982276320457458,0.190900802612305,6,RAISE_D,30,1.34999990463257
90.259833,pitch,0,IDLE,0.470271974802017,1,8.7621374130249,0.576913475990295,0.982276320457458,0.0598784349858761,0.982276320457458,0.190900802612305,6,RAISE_D,30,1.34999990463257
90.299833,pitch,0,IDLE,0.478926569223404,1,8.7621374130249,0.576913475990295,0.982276320457458,0.0598784349858761,0.982276320457458,0.190900802612305,6,RAISE_D,30,1.34999990463257
90.339833,pitch,0,IDLE,0.488316208124161,1,8.7621374130249,0.576913475990295,0.982276320457458,0.0598784349858761,0.982276320457458,0.190900802612305,6,RAISE_D,30,1.34999990463257
90.379833,pitch,0,IDLE,0.497136741876602,1,8.7621374130249,0.576913475990295,0.982276320457458,0.0598784349858761,0.982276320457458,0.190900802612305,6,RAISE_D,30,1.34999990463257
90.419833,pitch,0,IDLE,0.505435645580292,1,8.7621374130249,0.576913475990295,0.982276320457458,0.0598784349858761,0.982276320457458,0.190900802612305,6,RAISE_D,30,1.34999990463257
90.459833,pitch,0,IDLE,0.512804388999939,1,8.7621374130249,0.576913475990295,0.982276320457458,0.0598784349858761,0.982276320457458,0.190900802612305,6,RAISE_D,30,1.34999990463257
90.499833,pitch,0,IDLE,0.519805550575256,1,8.7621374130249,0.576913475990295,0.982276320457458,0.0598784349858761,0.982276320457458,0.190900802612305,6,RAISE_D,30,1.34999990463257
90.539833,pitch,0,IDLE,0.370330184698105,1,8.7621374130249,0.576913475990295,0.982276320457458,0.0598784349858761,0.982276320457458,0.190900802612305,6,RAISE_D,30,1.34999990463257
90.579833,pitch,0,IDLE,0.199860692024231,1,8.7621374130249,0.576913475990295,0.982276320457458,0.0598784349858761,0.982276320457458,0.190900802612305,6,RAISE_D,30,1.34999990463257
90.619833,pitch,0,IDLE,0.0630964711308479,1,8.7621374130249,0.576913475990295,0.982276320457458,0.0598784349858761,0.982276320457458,0.190900802612305,6,RAISE_D,30,1.34999990463257
90.659833,pitch,0,IDLE,-0.0302393734455109,1,8.7621374130249,0.576913475990295,0.982276320457458,0.0598784349858761,0.982276320457458,0.190900802612305,6,RAISE_D,30,1.34999990463257
90.699833,pitch,0,IDLE,-0.0801140144467354,1,8.7621374130249,0.576913475990295,0.982276320457458,0.0598784349858761,0.982276320457458,0.190900802612305,6,RAISE_D,30,1.34999990463257
90.739833,pitch,0,IDLE,-0.0932590663433075,1,8.7621374130249,0.576913475990295,0.982276320457458,0.0598784349858761,0.982276320457458,0.190900802612305,6,RAISE_D,30,1.34999990463257
90.779833,pitch,0,IDLE,-0.0776512920856476,1,8.7621374130249,0.576913475990295,0.982276320457458,0.0598784349858761,0.982276320457458,0.190900802612305,6,RAISE_D,30,1.34999990463257
90.819833,pitch,0,IDLE,-0.0423247143626213,1,8.7621374130249,0.576913475990295,0.982276320457458,0.0598784349858761,0.982276320457458,0.190900802612305,6,RAISE_D,30,1.34999990463257
90.859833,pitch,0,IDLE,-0.00122832134366035,1,8.7621374130249,0.576913475990295,0.982276320457458,0.0598784349858761,0.982276320457458,0.190900802612305,6,RAISE_D,30,1.34999990463257
90.899833,pitch,0,IDLE,0.0332696326076984,1,8.7621374130249,0.576913475990295,0.982276320457458,0.0598784349858761,0.982276320457458,0.190900802612305,6,RAISE_D,30,1.34999990463257
90.939833,pitch,0,IDLE,0.0513120852410793,1,8.7621374130249,0.576913475990295,0.982276320457458,0.0598784349858761,0.982276320457458,0.190900802612305,6,RAISE_D,30,1.34999990463257
90.979833,pitch,0,IDLE,0.0498609393835068,1,8.7621374130249,0.576913475990295,0.982276320457458,0.0598784349858761,0.982276320457458,0.190900802612305,6,RAISE_D,30,1.34999990463257
91.019833,pitch,0,IDLE,0.0302972588688135,1,8.7621374130249,0.576913475990295,0.982276320457458,0.0598784349858761,0.982276320457458,0.190900802612305,6,RAISE_D,30,1.34999990463257
91.059833,pitch,0,IDLE,-0.00437682121992111,1,8.7621374130249,0.576913475990295,0.982276320457458,0.0598784349858761,0.982276320457458,0.190900802612305,6,RAISE_D,30,1.34999990463257
91.099833,pitch,0,IDLE,-0.0470602810382843,1,8.7621374130249,0.576913475990295,0.982276320457458,0.0598784349858761,0.982276320457458,0.190900802612305,6,RAISE_D,30,1.34999990463257
91.139833,pitch,0,IDLE,-0.0939725190401077,1,8.7621374130249,0.576913475990295,0.982276320457458,0.0598784349858761,0.982276320457458,0.190900802612305,6,RAISE_D,30,1.34999990463257
91.179833,pitch,0,IDLE,-0.138884007930756,1,8.7621374130249,0.576913475990295,0.982276320457458,0.0598784349858761,0.982276320457458,0.190900802612305,6,RAISE_D,30,1.34999990463257
91.219833,pitch,0,IDLE,-0.177021980285645,1,8.7621374130249,0.576913475990295,0.982276320457458,0.0598784349858761,0.982276320457458,0.190900802612305,6,RAISE_D,30,1.34999990463257
91.259833,pitch,0,IDLE,-0.207720428705215,1,8.7621374130249,0.576913475990295,0.982276320457458,0.0598784349858761,0.982276320457458,0.190900802612305,6,RAISE_D,30,1.34999990463257
91.299833,pitch,0,IDLE,-0.228477269411087,1,8.7621374130249,0.576913475990295,0.982276320457458,0.0598784349858761,0.982276320457458,0.190900802612305,6,RAISE_D,30,1.34999990463257
91.339833,pitch,0,IDLE,-0.23914735019207,1,8.7621374130249,0.576913475990295,0.982276320457458,0.0598784349858761,0.982276320457458,0.190900802612305,6,RAISE_D,30,1.34999990463257
91.379833,pitch,0,IDLE,-0.240126430988312,1,8.7621374130249,0.576913475990295,0.982276320457458,0.0598784349858761,0.982276320457458,0.190900802612305,6,RAISE_D,30,1.34999990463257
91.419833,pitch,0,IDLE,-0.232432067394257,1,8.7621374130249,0.576913475990295,0.982276320457458,0.0598784349858761,0.982276320457458,0.190900802612305,6,RAISE_D,30,1.34999990463257
91.459833,pitch,0,IDLE,-0.219524040818214,1,8.7621374130249,0.576913475990295,0.982276320457458,0.0598784349858761,0.982276320457458,0.190900802612305,6,RAISE_D,30,1.34999990463257
91.499833,pitch,0,IDLE,-0.201704174280167,1,8.7621374130249,0.576913475990295,0.982276320457458,0.0598784349858761,0.982276320457458,0.190900802612305,6,RAISE_D,30,1.34999990463257
91.539833,pitch,0,IDLE,-0.17997881770134,1,8.7621374130249,0.576913475990295,0.982276320457458,0.0598784349858761,0.982276320457458,0.190900802612305,6,RAISE_D,30,1.34999990463257
91.579833,pitch,0,IDLE,-0.155882343649864,1,8.7621374130249,0.576913475990295,0.982276320457458,0.0598784349858761,0.982276320457458,0.190900802612305,6,RAISE_D,30,1.34999990463257
91.619833,pitch,0,IDLE,-0.130489453673363,1,8.7621374130249,0.576913475990295,0.982276320457458,0.0598784349858761,0.982276320457458,0.190900802612305,6,RAISE_D,30,1.34999990463257
91.659833,pitch,0,IDLE,-0.104462586343288,1,8.7621374130249,0.576913475990295,0.982276320457458,0.0598784349858761,0.982276320457458,0.190900802612305,6,RAISE_D,30,1.34999990463257
91.699833,pitch,0,IDLE,-0.0787410959601402,1,8.7621374130249,0.576913475990295,0.982276320457458,0.0598784349858761,0.982276320457458,0.190900802612305,6,RAISE_D,30,1.34999990463257
91.739833,pitch,0,IDLE,-0.0541142523288727,1,8.7621374130249,0.576913475990295,0.982276320457458,0.0598784349858761,0.982276320457458,0.190900802612305,6,RAISE_D,30,1.34999990463257
91.779833,pitch,0,IDLE,-0.0307591035962105,1,8.7621374130249,0.576913475990295,0.982276320457458,0.0598784349858761,0.982276320457458,0.190900802612305,6,RAISE_D,30,1.34999990463257
91.819833,pitch,0,IDLE,-0.00916141737252474,1,8.7621374130249,0.576913475990295,0.982276320457458,0.0598784349858761,0.982276320457458,0.190900802612305,6,RAISE_D,30,1.34999990463257
91.859833,pitch,0,IDLE,0.0103020323440433,1,8.7621374130249,0.576913475990295,0.982276320457458,0.0598784349858761,0.982276320457458,0.190900802612305,6,RAISE_D,30,1.34999990463257
91.899833,pitch,0,IDLE,0.0275841355323792,1,8.7621374130249,0.576913475990295,0.982276320457458,0.0598784349858761,0.982276320457458,0.190900802612305,6,RAISE_D,30,1.34999990463257
91.939833,pitch,0,IDLE,0.0439757034182549,1,8.7621374130249,0.576913475990295,0.982276320457458,0.0598784349858761,0.982276320457458,0.190900802612305,6,RAISE_D,30,1.34999990463257
91.979833,pitch,0,IDLE,0.0596483312547207,1,8.7621374130249,0.576913475990295,0.982276320457458,0.0598784349858761,0.982276320457458,0.190900802612305,6,RAISE_D,30,1.34999990463257
92.019833,pitch,0,IDLE,0.0732271745800972,1,8.7621374130249,0.576913475990295,0.982276320457458,0.0598784349858761,0.982276320457458,0.190900802612305,6,RAISE_D,30,1.34999990463257
92.059833,pitch,0,IDLE,0.0862520933151245,1,8.7621374130249,0.576913475990295,0.982276320457458,0.0598784349858761,0.982276320457458,0.190900802612305,6,RAISE_D,30,1.34999990463257
92.099833,pitch,0,IDLE,0.0984522998332977,1,8.7621374130249,0.576913475990295,0.982276320457458,0.0598784349858761,0.982276320457458,0.190900802612305,6,RAISE_D,30,1.34999990463257
92.139833,pitch,0,IDLE,0.0401683002710342,1,8.7621374130249,0.576913475990295,0.982276320457458,0.0598784349858761,0.982276320457458,0.190900802612305,6,RAISE_D,30,1.34999990463257
92.179833,pitch,0,IDLE,-0.139990493655205,1,8.7621374130249,0.576913475990295,0.982276320457458,0.0598784349858761,0.982276320457458,0.190900802612305,6,RAISE_D,30,1.34999990463257
92.219833,pitch,0,IDLE,-0.31280243396759,1,8.7621374130249,0.576913475990295,0.982276320457458,0.0598784349858761,0.982276320457458,0.190900802612305,6,RAISE_D,30,1.34999990463257
92.259833,pitch,0,IDLE,-0.455846607685089,1,8.7621374130249,0.576913475990295,0.982276320457458,0.0598784349858761,0.982276320457458,0.190900802612305,6,RAISE_D,30,1.34999990463257
92.299833,pitch,0,IDLE,-0.566436529159546,1,8.7621374130249,0.576913475990295,0.982276320457458,0.0598784349858761,0.982276320457458,0.190900802612305,6,RAISE_D,30,1.34999990463257
92.339833,pitch,0,IDLE,-0.645050585269928,1,8.7621374130249,0.576913475990295,0.982276320457458,0.0598784349858761,0.982276320457458,0.190900802612305,6,RAISE_D,30,1.34999990463257
92.379833,pitch,0,IDLE,-0.696921467781067,1,8.7621374130249,0.576913475990295,0.982276320457458,0.0598784349858761,0.982276320457458,0.190900802612305,6,RAISE_D,30,1.34999990463257
92.419833,pitch,0,IDLE,-0.726373076438904,1,8.7621374130249,0.576913475990295,0.982276320457458,0.0598784349858761,0.982276320457458,0.190900802612305,6,RAISE_D,30,1.34999990463257
92.459833,pitch,0,IDLE,-0.737343072891235,1,8.7621374130249,0.576913475990295,0.982276320457458,0.0598784349858761,0.982276320457458,0.190900802612305,6,RAISE_D,30,1.34999990463257
92.499833,pitch,0,IDLE,-0.736172199249268,1,8.7621374130249,0.576913475990295,0.982276320457458,0.0598784349858761,0.982276320457458,0.190900802612305,6,RAISE_D,30,1.34999990463257
92.539833,pitch,0,IDLE,-0.727060854434967,1,8.7621374130249,0.576913475990295,0.982276320457458,0.0598784349858761,0.982276320457458,0.190900802612305,6,RAISE_D,30,1.34999990463257
92.579833,pitch,0,IDLE,-0.71354204416275,1,8.7621374130249,0.576913475990295,0.982276320457458,0.0598784349858761,0.982276320457458,0.190900802612305,6,RAISE_D,30,1.34999990463257
92.619833,pitch,0,IDLE,-0.703614950180054,1,8.7621374130249,0.576913475990295,0.982276320457458,0.0598784349858761,0.982276320457458,0.190900802612305,6,RAISE_D,30,1.34999990463257
92.659833,pitch,0,IDLE,-0.694504141807556,1,8.7621374130249,0.576913475990295,0.982276320457458,0.0598784349858761,0.982276320457458,0.190900802612305,6,RAISE_D,30,1.34999990463257
92.699833,pitch,0,IDLE,-0.686142802238464,1,8.7621374130249,0.576913475990295,0.982276320457458,0.0598784349858761,0.982276320457458,0.190900802612305,6,RAISE_D,30,1.34999990463257
92.739833,pitch,0,IDLE,-0.678464710712433,1,8.7621374130249,0.576913475990295,0.982276320457458,0.0598784349858761,0.982276320457458,0.190900802612305,6,RAISE_D,30,1.34999990463257
92.779833,pitch,0,IDLE,-0.671980381011963,1,8.7621374130249,0.576913475990295,0.982276320457458,0.0598784349858761,0.982276320457458,0.190900802612305,6,RAISE_D,30,1.34999990463257
92.819833,pitch,0,IDLE,-0.666872143745422,1,8.7621374130249,0.576913475990295,0.982276320457458,0.0598784349858761,0.982276320457458,0.190900802612305,6,RAISE_D,30,1.34999990463257
92.859833,pitch,0,IDLE,-0.66305673122406,1,8.7621374130249,0.576913475990295,0.982276320457458,0.0598784349858761,0.982276320457458,0.190900802612305,6,RAISE_D,30,1.34999990463257
92.899833,pitch,0,IDLE,-0.660862326622009,1,8.7621374130249,0.576913475990295,0.982276320457458,0.0598784349858761,0.982276320457458,0.190900802612305,6,RAISE_D,30,1.34999990463257
92.939833,pitch,0,IDLE,-0.658749580383301,1,8.7621374130249,0.576913475990295,0.982276320457458,0.0598784349858761,0.982276320457458,0.190900802612305,6,RAISE_D,30,1.34999990463257
92.979833,pitch,0,IDLE,-0.656848430633545,1,8.7621374130249,0.576913475990295,0.982276320457458,0.0598784349858761,0.982276320457458,0.190900802612305,6,RAISE_D,30,1.34999990463257
93.019833,pitch,0,IDLE,-0.655701756477356,1,8.7621374130249,0.576913475990295,0.982276320457458,0.0598784349858761,0.982276320457458,0.190900802612305,6,RAISE_D,30,1.34999990463257
93.059833,pitch,0,IDLE,-0.65386289358139,1,8.7621374130249,0.576913475990295,0.982276320457458,0.0598784349858761,0.982276320457458,0.190900802612305,6,RAISE_D,30,1.34999990463257
93.099833,pitch,0,IDLE,-0.651717722415924,1,8.7621374130249,0.576913475990295,0.982276320457458,0.0598784349858761,0.982276320457458,0.190900802612305,6,RAISE_D,30,1.34999990463257
93.139833,pitch,0,IDLE,-0.648107171058655,1,8.7621374130249,0.576913475990295,0.982276320457458,0.0598784349858761,0.982276320457458,0.190900802612305,6,RAISE_D,30,1.34999990463257
93.179833,pitch,0,IDLE,-0.643473386764526,1,8.7621374130249,0.576913475990295,0.982276320457458,0.0598784349858761,0.982276320457458,0.190900802612305,6,RAISE_D,30,1.34999990463257
93.219833,pitch,0,IDLE,-0.638805329799652,1,8.7621374130249,0.576913475990295,0.982276320457458,0.0598784349858761,0.982276320457458,0.190900802612305,6,RAISE_D,30,1.34999990463257
93.259833,pitch,0,IDLE,-0.633107542991638,1,8.7621374130249,0.576913475990295,0.982276320457458,0.0598784349858761,0.982276320457458,0.190900802612305,6,RAISE_D,30,1.34999990463257
93.299833,pitch,0,IDLE,-0.627330124378204,1,8.7621374130249,0.576913475990295,0.982276320457458,0.0598784349858761,0.982276320457458,0.190900802612305,6,RAISE_D,30,1.34999990463257
93.339833,pitch,0,IDLE,-0.621453166007996,1,8.7621374130249,0.576913475990295,0.982276320457458,0.0598784349858761,0.982276320457458,0.190900802612305,6,RAISE_D,30,1.34999990463257
93.379833,pitch,0,IDLE,-0.614508032798767,1,8.7621374130249,0.576913475990295,0.982276320457458,0.0598784349858761,0.982276320457458,0.190900802612305,6,RAISE_D,30,1.34999990463257
93.419833,pitch,0,IDLE,-0.607836782932281,1,8.7621374130249,0.576913475990295,0.982276320457458,0.0598784349858761,0.982276320457458,0.190900802612305,6,RAISE_D,30,1.34999990463257
93.459833,pitch,0,IDLE,-0.603394150733948,1,8.7621374130249,0.576913475990295,0.982276320457458,0.0598784349858761,0.982276320457458,0.190900802612305,6,RAISE_D,30,1.34999990463257
93.499833,pitch,0,IDLE,-0.603451073169708,1,8.7621374130249,0.576913475990295,0.982276320457458,0.0598784349858761,0.982276320457458,0.190900802612305,6,RAISE_D,30,1.34999990463257
93.539833,pitch,0,IDLE,-0.602766215801239,1,8.7621374130249,0.576913475990295,0.982276320457458,0.0598784349858761,0.982276320457458,0.190900802612305,6,RAISE_D,30,1.34999990463257
93.579833,pitch,0,IDLE,-0.60082620382309,1,8.7621374130249,0.576913475990295,0.982276320457458,0.0598784349858761,0.982276320457458,0.190900802612305,6,RAISE_D,30,1.34999990463257
93.619833,pitch,0,IDLE,-0.598804712295532,1,8.7621374130249,0.576913475990295,0.982276320457458,0.0598784349858761,0.982276320457458,0.190900802612305,6,RAISE_D,30,1.34999990463257
93.659833,pitch,0,IDLE,-0.596158564090729,1,8.7621374130249,0.576913475990295,0.982276320457458,0.0598784349858761,0.982276320457458,0.190900802612305,6,RAISE_D,30,1.34999990463257
93.699833,pitch,0,IDLE,-0.592877328395844,1,8.7621374130249,0.576913475990295,0.982276320457458,0.0598784349858761,0.982276320457458,0.190900802612305,6,RAISE_D,30,1.34999990463257
93.739833,pitch,0,IDLE,-0.589326918125153,1,8.7621374130249,0.576913475990295,0.982276320457458,0.0598784349858761,0.982276320457458,0.190900802612305,6,RAISE_D,30,1.34999990463257
93.779833,pitch,0,IDLE,-0.585345208644867,1,8.7621374130249,0.576913475990295,0.982276320457458,0.0598784349858761,0.982276320457458,0.190900802612305,6,RAISE_D,30,1.34999990463257
93.819833,pitch,0,IDLE,-0.581651508808136,1,8.7621374130249,0.576913475990295,0.982276320457458,0.0598784349858761,0.982276320457458,0.190900802612305,6,RAISE_D,30,1.34999990463257
93.859833,pitch,0,IDLE,-0.577629685401917,1,8.7621374130249,0.576913475990295,0.982276320457458,0.0598784349858761,0.982276320457458,0.190900802612305,6,RAISE_D,30,1.34999990463257
93.899833,pitch,0,IDLE,-0.573958098888397,1,8.7621374130249,0.576913475990295,0.982276320457458,0.0598784349858761,0.982276320457458,0.190900802612305,6,RAISE_D,30,1.34999990463257
93.939833,pitch,0,IDLE,-0.570291340351105,1,8.7621374130249,0.576913475990295,0.982276320457458,0.0598784349858761,0.982276320457458,0.190900802612305,6,RAISE_D,30,1.34999990463257
93.979833,pitch,0,IDLE,-0.567505061626434,1,8.7621374130249,0.576913475990295,0.982276320457458,0.0598784349858761,0.982276320457458,0.190900802612305,6,RAISE_D,30,1.34999990463257
94.019833,pitch,0,IDLE,-0.565529227256775,1,8.7621374130249,0.576913475990295,0.982276320457458,0.0598784349858761,0.982276320457458,0.190900802612305,6,RAISE_D,30,1.34999990463257
94.059833,pitch,0,IDLE,-0.562760531902313,1,8.7621374130249,0.576913475990295,0.982276320457458,0.0598784349858761,0.982276320457458,0.190900802612305,6,RAISE_D,30,1.34999990463257
94.099833,pitch,0,IDLE,-0.560278952121735,1,8.7621374130249,0.576913475990295,0.982276320457458,0.0598784349858761,0.982276320457458,0.190900802612305,6,RAISE_D,30,1.34999990463257
94.139833,pitch,0,IDLE,-0.558237254619598,1,8.7621374130249,0.576913475990295,0.982276320457458,0.0598784349858761,0.982276320457458,0.190900802612305,6,RAISE_D,30,1.34999990463257
94.179833,pitch,0,IDLE,-0.556724905967712,1,8.7621374130249,0.576913475990295,0.982276320457458,0.0598784349858761,0.982276320457458,0.190900802612305,6,RAISE_D,30,1.34999990463257
94.219833,pitch,0,IDLE,-0.557664275169373,1,8.7621374130249,0.576913475990295,0.982276320457458,0.0598784349858761,0.982276320457458,0.190900802612305,6,RAISE_D,30,1.34999990463257
94.259833,pitch,0,IDLE,-0.561854362487793,1,8.7621374130249,0.576913475990295,0.982276320457458,0.0598784349858761,0.982276320457458,0.190900802612305,6,RAISE_D,30,1.34999990463257
94.299833,pitch,0,IDLE,-0.565797448158264,1,8.7621374130249,0.576913475990295,0.982276320457458,0.0598784349858761,0.982276320457458,0.190900802612305,6,RAISE_D,30,1.34999990463257
94.339833,pitch,0,IDLE,-0.569235384464264,1,8.7621374130249,0.576913475990295,0.982276320457458,0.0598784349858761,0.982276320457458,0.190900802612305,6,RAISE_D,30,1.34999990463257
94.379833,pitch,0,IDLE,-0.571963787078857,1,8.7621374130249,0.576913475990295,0.982276320457458,0.0598784349858761,0.982276320457458,0.190900802612305,6,RAISE_D,30,1.34999990463257
94.419833,pitch,0,IDLE,-0.573995292186737,1,8.7621374130249,0.576913475990295,0.982276320457458,0.0598784349858761,0.982276320457458,0.190900802612305,6,RAISE_D,30,1.34999990463257
94.459833,pitch,0,IDLE,-0.575749814510345,1,8.7621374130249,0.576913475990295,0.982276320457458,0.0598784349858761,0.982276320457458,0.190900802612305,6,RAISE_D,30,1.34999990463257
94.499833,pitch,0,IDLE,-0.578057706356049,1,8.7621374130249,0.576913475990295,0.982276320457458,0.0598784349858761,0.982276320457458,0.190900802612305,6,RAISE_D,30,1.34999990463257
94.539833,pitch,0,IDLE,-0.576341807842255,1,8.7621374130249,0.576913475990295,0.982276320457458,0.0598784349858761,0.982276320457458,0.190900802612305,6,RAISE_D,30,1.34999990463257
94.579833,pitch,0,IDLE,-0.564700186252594,1,8.7621374130249,0.576913475990295,0.982276320457458,0.0598784349858761,0.982276320457458,0.190900802612305,6,RAISE_D,30,1.34999990463257
94.619833,pitch,0,IDLE,-0.539622187614441,1,8.7621374130249,0.576913475990295,0.982276320457458,0.0598784349858761,0.982276320457458,0.190900802612305,6,RAISE_D,30,1.34999990463257
94.659833,pitch,0,IDLE,-0.500397384166718,1,8.7621374130249,0.576913475990295,0.982276320457458,0.0598784349858761,0.982276320457458,0.190900802612305,6,RAISE_D,30,1.34999990463257
94.699833,pitch,0,IDLE,-0.450292885303497,1,8.7621374130249,0.576913475990295,0.982276320457458,0.0598784349858761,0.982276320457458,0.190900802612305,6,RAISE_D,30,1.34999990463257
94.739833,pitch,0,IDLE,-0.394113540649414,1,8.7621374130249,0.576913475990295,0.982276320457458,0.0598784349858761,0.982276320457458,0.190900802612305,6,RAISE_D,30,1.34999990463257
94.779833,pitch,0,IDLE,-0.337187230587006,1,8.7621374130249,0.576913475990295,0.982276320457458,0.0598784349858761,0.982276320457458,0.190900802612305,6,RAISE_D,30,1.34999990463257
94.819833,pitch,0,IDLE,-0.284201741218567,1,8.7621374130249,0.576913475990295,0.982276320457458,0.0598784349858761,0.982276320457458,0.190900802612305,6,RAISE_D,30,1.34999990463257
94.859833,pitch,0,IDLE,-0.0834932699799538,1,8.7621374130249,0.576913475990295,0.982276320457458,0.0598784349858761,0.982276320457458,0.190900802612305,6,RAISE_D,30,1.34999990463257
94.899833,pitch,0,IDLE,0.126276552677155,1,8.7621374130249,0.576913475990295,0.982276320457458,0.0598784349858761,0.982276320457458,0.190900802612305,6,RAISE_D,30,1.34999990463257
94.939833,pitch,0,IDLE,0.284897923469543,1,8.7621374130249,0.576913475990295,0.982276320457458,0.0598784349858761,0.982276320457458,0.190900802612305,6,RAISE_D,30,1.34999990463257
94.979833,pitch,0,IDLE,0.380767941474915,1,8.7621374130249,0.576913475990295,0.982276320457458,0.0598784349858761,0.982276320457458,0.190900802612305,6,RAISE_D,30,1.34999990463257
95.019833,pitch,0,IDLE,0.414899915456772,1,8.7621374130249,0.576913475990295,0.982276320457458,0.0598784349858761,0.982276320457458,0.190900802612305,6,RAISE_D,30,1.34999990463257
95.059833,pitch,0,IDLE,0.398920327425003,1,8.7621374130249,0.576913475990295,0.982276320457458,0.0598784349858761,0.982276320457458,0.190900802612305,6,RAISE_D,30,1.34999990463257
95.099833,pitch,0,IDLE,0.340294063091278,1,8.7621374130249,0.576913475990295,0.982276320457458,0.0598784349858761,0.982276320457458,0.190900802612305,6,RAISE_D,30,1.34999990463257
95.139833,pitch,0,IDLE,0.258985340595245,1,8.7621374130249,0.576913475990295,0.982276320457458,0.0598784349858761,0.982276320457458,0.190900802612305,6,RAISE_D,30,1.34999990463257
95.179833,pitch,0,IDLE,0.171690225601196,1,8.7621374130249,0.576913475990295,0.982276320457458,0.0598784349858761,0.982276320457458,0.190900802612305,6,RAISE_D,30,1.34999990463257
95.219833,pitch,0,IDLE,0.0937259122729301,1,8.7621374130249,0.576913475990295,0.982276320457458,0.0598784349858761,0.982276320457458,0.190900802612305,6,RAISE_D,30,1.34999990463257
95.259833,pitch,0,IDLE,0.0383018851280212,1,8.7621374130249,0.576913475990295,0.982276320457458,0.0598784349858761,0.982276320457458,0.190900802612305,6,RAISE_D,30,1.34999990463257
95.299833,pitch,0,IDLE,0.0125404428690672,1,8.7621374130249,0.576913475990295,0.982276320457458,0.0598784349858761,0.982276320457458,0.190900802612305,6,RAISE_D,30,1.34999990463257
95.339833,pitch,0,IDLE,0.0163656286895275,1,8.7621374130249,0.576913475990295,0.982276320457458,0.0598784349858761,0.982276320457458,0.190900802612305,6,RAISE_D,30,1.34999990463257
95.379833,pitch,0,IDLE,0.0445427261292934,1,8.7927713394165,0.576913475990295,0.982276320457458,0.0598784349858761,0.982276320457458,0.190900802612305,6,RAISE_D,30,1.34999990463257
95.419833,pitch,0,IDLE,0.0910288915038109,1,8.92579174041748,0.576913475990295,0.982276320457458,0.0598784349858761,0.982276320457458,0.190900802612305,6,RAISE_D,30,1.34999990463257
95.459833,pitch,0,IDLE,0.147878542542458,1,9.01581764221191,0.576913475990295,0.982276320457458,0.0598784349858761,0.982276320457458,0.190900802612305,6,RAISE_D,30,1.34999990463257
95.499833,pitch,0,IDLE,0.208333730697632,1,9.06750869750977,0.576913475990295,0.982276320457458,0.0598784349858761,0.982276320457458,0.190900802612305,6,RAISE_D,30,1.34999990463257
95.539833,pitch,0,IDLE,0.265559643507004,1,9.08510971069336,0.576913475990295,0.982276320457458,0.0598784349858761,0.982276320457458,0.190900802612305,6,RAISE_D,30,1.34999990463257
95.579833,pitch,0,IDLE,0.309075742959976,1,9.08510971069336,0.576913475990295,0.982276320457458,0.0598784349858761,0.982276320457458,0.190900802612305,6,RAISE_D,30,1.34999990463257
95.619833,pitch,0,IDLE,0.331649988889694,1,9.08510971069336,0.576913475990295,0.982276320457458,0.0598784349858761,0.982276320457458,0.190900802612305,6,RAISE_D,30,1.34999990463257
95.659833,pitch,0,IDLE,0.328787297010422,1,9.08510971069336,0.576913475990295,0.982276320457458,0.0598784349858761,0.982276320457458,0.190900802612305,6,RAISE_D,30,1.34999990463257
95.699833,pitch,0,IDLE,0.30226531624794,1,9.08510971069336,0.576913475990295,0.982276320457458,0.0598784349858761,0.982276320457458,0.190900802612305,6,RAISE_D,30,1.34999990463257
95.739833,pitch,0,IDLE,0.257459849119186,1,9.08510971069336,0.576913475990295,0.982276320457458,0.0598784349858761,0.982276320457458,0.190900802612305,6,RAISE_D,30,1.34999990463257
95.779833,pitch,0,IDLE,0.200938835740089,1,9.08510971069336,0.576913475990295,0.982276320457458,0.0598784349858761,0.982276320457458,0.190900802612305,6,RAISE_D,30,1.34999990463257
95.819833,pitch,0,IDLE,0.140166521072388,1,9.08510971069336,0.576913475990295,0.982276320457458,0.0598784349858761,0.982276320457458,0.190900802612305,6,RAISE_D,30,1.34999990463257
95.859833,pitch,0,IDLE,0.0855720490217209,1,9.08510971069336,0.576913475990295,0.982276320457458,0.0598784349858761,0.982276320457458,0.190900802612305,6,RAISE_D,30,1.34999990463257
95.899833,pitch,0,IDLE,0.0472969189286232,1,9.08510971069336,0.576913475990295,0.982276320457458,0.0598784349858761,0.982276320457458,0.190900802612305,6,RAISE_D,30,1.34999990463257
95.939833,pitch,0,IDLE,0.0298690162599087,1,9.08510971069336,0.576913475990295,0.982276320457458,0.0598784349858761,0.982276320457458,0.190900802612305,6,RAISE_D,30,1.34999990463257
95.979833,pitch,0,IDLE,0.0335657298564911,1,9.08510971069336,0.576913475990295,0.982276320457458,0.0598784349858761,0.982276320457458,0.190900802612305,6,RAISE_D,30,1.34999990463257
96.019833,pitch,0,IDLE,0.0545743145048618,1,9.08510971069336,0.576913475990295,0.982276320457458,0.0598784349858761,0.982276320457458,0.190900802612305,6,RAISE_D,30,1.34999990463257
96.059833,pitch,0,IDLE,0.0861473008990288,1,9.08510971069336,0.576913475990295,0.982276320457458,0.0598784349858761,0.982276320457458,0.190900802612305,6,RAISE_D,30,1.34999990463257
96.099833,pitch,0,IDLE,0.123220831155777,1,9.08510971069336,0.576913475990295,0.982276320457458,0.0598784349858761,0.982276320457458,0.190900802612305,6,RAISE_D,30,1.34999990463257
96.139833,pitch,0,IDLE,0.160057157278061,1,9.08510971069336,0.576913475990295,0.982276320457458,0.0598784349858761,0.982276320457458,0.190900802612305,6,RAISE_D,30,1.34999990463257
96.179833,pitch,0,IDLE,0.192942410707474,1,9.08510971069336,0.576913475990295,0.982276320457458,0.0598784349858761,0.982276320457458,0.190900802612305,6,RAISE_D,30,1.34999990463257
96.219833,pitch,0,IDLE,0.218898549675941,1,9.08510971069336,0.576913475990295,0.982276320457458,0.0598784349858761,0.982276320457458,0.190900802612305,6,RAISE_D,30,1.34999990463257
96.259833,pitch,0,IDLE,0.236558362841606,1,9.08510971069336,0.576913475990295,0.982276320457458,0.0598784349858761,0.982276320457458,0.190900802612305,6,RAISE_D,30,1.34999990463257
96.299833,pitch,0,IDLE,0.245360508561134,1,9.08510971069336,0.576913475990295,0.982276320457458,0.0598784349858761,0.982276320457458,0.190900802612305,6,RAISE_D,30,1.34999990463257
96.339833,pitch,0,IDLE,0.245630592107773,1,9.08510971069336,0.576913475990295,0.982276320457458,0.0598784349858761,0.982276320457458,0.190900802612305,6,RAISE_D,30,1.34999990463257
96.379833,pitch,0,IDLE,0.238403797149658,1,9.08510971069336,0.576913475990295,0.982276320457458,0.0598784349858761,0.982276320457458,0.190900802612305,6,RAISE_D,30,1.34999990463257
96.419833,pitch,0,IDLE,0.225961148738861,1,9.08510971069336,0.576913475990295,0.982276320457458,0.0598784349858761,0.982276320457458,0.190900802612305,6,RAISE_D,30,1.34999990463257
96.459833,pitch,0,IDLE,0.273211300373077,1,9.08510971069336,0.576913475990295,0.982276320457458,0.0598784349858761,0.982276320457458,0.190900802612305,6,RAISE_D,30,1.34999990463257
96.499833,pitch,0,IDLE,0.426220208406448,1,9.08510971069336,0.576913475990295,0.982276320457458,0.0598784349858761,0.982276320457458,0.190900802612305,6,RAISE_D,30,1.34999990463257
96.539833,pitch,1,DEMAND_POS,0.558610618114471,1,9.08510971069336,0.576913475990295,0.982276320457458,0.0598784349858761,0.982276320457458,0.190900802612305,6,RAISE_D,30,1.34999990463257
96.579833,pitch,1,DEMAND_POS,0.647908747196198,1,9.08510971069336,0.576913475990295,0.982276320457458,0.0598784349858761,0.982276320457458,0.190900802612305,6,RAISE_D,30,1.34999990463257
96.619833,pitch,1,DEMAND_POS,0.693884968757629,1,9.08510971069336,0.576913475990295,0.982276320457458,0.0598784349858761,0.982276320457458,0.190900802612305,6,RAISE_D,30,1.34999990463257
96.659833,pitch,1,DEMAND_POS,0.702285885810852,1,9.08510971069336,0.576913475990295,0.982276320457458,0.0598784349858761,0.982276320457458,0.190900802612305,6,RAISE_D,30,1.34999990463257
96.699833,pitch,1,DEMAND_POS,0.681827247142792,1,9.08510971069336,0.576913475990295,0.982276320457458,0.0598784349858761,0.982276320457458,0.190900802612305,6,RAISE_D,30,1.34999990463257
96.739833,pitch,1,DEMAND_POS,0.642738521099091,1,9.08510971069336,0.576913475990295,0.982276320457458,0.0598784349858761,0.982276320457458,0.190900802612305,6,RAISE_D,30,1.34999990463257
96.779833,pitch,1,DEMAND_POS,0.594085812568665,1,9.08510971069336,0.576913475990295,0.982276320457458,0.0598784349858761,0.982276320457458,0.190900802612305,6,RAISE_D,30,1.34999990463257
96.819833,pitch,1,DEMAND_POS,0.542770326137543,1,9.08510971069336,0.576913475990295,0.982276320457458,0.0598784349858761,0.982276320457458,0.190900802612305,6,RAISE_D,30,1.34999990463257
96.859833,pitch,1,DEMAND_POS,0.494938045740128,1,9.08510971069336,0.576913475990295,0.982276320457458,0.0598784349858761,0.982276320457458,0.190900802612305,6,RAISE_D,30,1.34999990463257
96.899833,pitch,1,DEMAND_POS,0.453787386417389,1,9.08510971069336,0.576913475990295,0.982276320457458,0.0598784349858761,0.982276320457458,0.190900802612305,6,RAISE_D,30,1.34999990463257
96.939833,pitch,1,DEMAND_POS,0.422156810760498,1,9.08510971069336,0.576913475990295,0.982276320457458,0.0598784349858761,0.982276320457458,0.190900802612305,6,RAISE_D,30,1.34999990463257
96.979833,pitch,1,DEMAND_POS,0.399336993694305,1,9.08510971069336,0.576913475990295,0.982276320457458,0.0598784349858761,0.982276320457458,0.190900802612305,6,RAISE_D,30,1.34999990463257
97.019833,pitch,1,DEMAND_POS,0.384442001581192,1,9.08510971069336,0.576913475990295,0.982276320457458,0.0598784349858761,0.982276320457458,0.190900802612305,6,RAISE_D,30,1.34999990463257
97.059833,pitch,1,DEMAND_POS,0.377085328102112,1,9.08510971069336,0.576913475990295,0.982276320457458,0.0598784349858761,0.982276320457458,0.190900802612305,6,RAISE_D,30,1.34999990463257
97.099833,pitch,1,DEMAND_POS,0.374323666095734,1,9.08510971069336,0.576913475990295,0.982276320457458,0.0598784349858761,0.982276320457458,0.190900802612305,6,RAISE_D,30,1.34999990463257
97.139833,pitch,1,DEMAND_POS,0.376273095607758,1,9.08510971069336,0.576913475990295,0.982276320457458,0.0598784349858761,0.982276320457458,0.190900802612305,6,RAISE_D,30,1.34999990463257
97.179833,pitch,1,DEMAND_POS,0.384021997451782,1,9.08510971069336,0.576913475990295,0.982276320457458,0.0598784349858761,0.982276320457458,0.190900802612305,6,RAISE_D,30,1.34999990463257
97.219833,pitch,1,DEMAND_POS,0.394564062356949,1,9.08510971069336,0.576913475990295,0.982276320457458,0.0598784349858761,0.982276320457458,0.190900802612305,6,RAISE_D,30,1.34999990463257
97.259833,pitch,1,DEMAND_POS,0.403617709875107,1,9.08510971069336,0.576913475990295,0.982276320457458,0.0598784349858761,0.982276320457458,0.190900802612305,6,RAISE_D,30,1.34999990463257
97.299833,pitch,1,DEMAND_POS,0.409119427204132,1,9.08510971069336,0.576913475990295,0.982276320457458,0.0598784349858761,0.982276320457458,0.190900802612305,6,RAISE_D,30,1.34999990463257
97.339833,pitch,1,DEMAND_POS,0.411604315042496,1,9.08510971069336,0.576913475990295,0.982276320457458,0.0598784349858761,0.982276320457458,0.190900802612305,6,RAISE_D,30,1.34999990463257
97.379833,pitch,1,DEMAND_POS,0.410587340593338,1,9.08510971069336,0.576913475990295,0.982276320457458,0.0598784349858761,0.982276320457458,0.190900802612305,6,RAISE_D,30,1.34999990463257
97.419833,pitch,1,DEMAND_POS,0.406374424695969,1,9.08510971069336,0.576913475990295,0.982276320457458,0.0598784349858761,0.982276320457458,0.190900802612305,6,RAISE_D,30,1.34999990463257
97.459833,pitch,1,DEMAND_POS,0.405783206224442,1,9.08510971069336,0.576913475990295,0.982276320457458,0.0598784349858761,0.982276320457458,0.190900802612305,6,RAISE_D,30,1.34999990463257
97.499833,pitch,1,DEMAND_POS,0.413653433322906,1,9.08510971069336,0.576913475990295,0.982276320457458,0.0598784349858761,0.982276320457458,0.190900802612305,6,RAISE_D,30,1.34999990463257
97.539833,pitch,1,DEMAND_POS,0.434095770120621,1,9.08510971069336,0.576913475990295,0.982276320457458,0.0598784349858761,0.982276320457458,0.190900802612305,6,RAISE_D,30,1.34999990463257
97.579833,pitch,1,DEMAND_POS,0.465219169855118,1,9.08510971069336,0.576913475990295,0.982276320457458,0.0598784349858761,0.982276320457458,0.190900802612305,6,RAISE_D,30,1.34999990463257
97.619833,pitch,1,DEMAND_POS,0.502471089363098,1,9.08510971069336,0.576913475990295,0.982276320457458,0.0598784349858761,0.982276320457458,0.190900802612305,6,RAISE_D,30,1.34999990463257
97.659833,pitch,1,DEMAND_POS,0.542586445808411,1,9.08510971069336,0.576913475990295,0.982276320457458,0.0598784349858761,0.982276320457458,0.190900802612305,6,RAISE_D,30,1.34999990463257
97.699833,pitch,1,DEMAND_POS,0.579855382442474,1,9.08510971069336,0.576913475990295,0.982276320457458,0.0598784349858761,0.982276320457458,0.190900802612305,6,RAISE_D,30,1.34999990463257
97.739833,pitch,1,DEMAND_POS,0.613215982913971,1,9.08510971069336,0.576913475990295,0.982276320457458,0.0598784349858761,0.982276320457458,0.190900802612305,6,RAISE_D,30,1.34999990463257
97.779833,pitch,1,DEMAND_POS,0.64131498336792,1,9.08510971069336,0.576913475990295,0.982276320457458,0.0598784349858761,0.982276320457458,0.190900802612305,6,RAISE_D,30,1.34999990463257
97.819833,pitch,1,DEMAND_POS,0.659577369689941,1,9.08510971069336,0.576913475990295,0.982276320457458,0.0598784349858761,0.982276320457458,0.190900802612305,6,RAISE_D,30,1.34999990463257
97.859833,pitch,1,DEMAND_POS,0.668505787849426,1,9.08510971069336,0.576913475990295,0.982276320457458,0.0598784349858761,0.982276320457458,0.190900802612305,6,RAISE_D,30,1.34999990463257
97.899833,pitch,1,DEMAND_POS,0.667531192302704,1,9.08510971069336,0.576913475990295,0.982276320457458,0.0598784349858761,0.982276320457458,0.190900802612305,6,RAISE_D,30,1.34999990463257
97.939833,pitch,1,DEMAND_POS,0.658716380596161,1,9.08510971069336,0.576913475990295,0.982276320457458,0.0598784349858761,0.982276320457458,0.190900802612305,6,RAISE_D,30,1.34999990463257
97.979833,pitch,1,DEMAND_POS,0.64354282617569,1,9.08510971069336,0.576913475990295,0.982276320457458,0.0598784349858761,0.982276320457458,0.190900802612305,6,RAISE_D,30,1.34999990463257
98.019833,pitch,1,DEMAND_POS,0.625031232833862,1,9.08510971069336,0.576913475990295,0.982276320457458,0.0598784349858761,0.982276320457458,0.190900802612305,6,RAISE_D,30,1.34999990463257
98.059833,pitch,1,DEMAND_POS,0.603943884372711,1,9.08510971069336,0.576913475990295,0.982276320457458,0.0598784349858761,0.982276320457458,0.190900802612305,6,RAISE_D,30,1.34999990463257
98.099833,pitch,1,DEMAND_POS,0.581970453262329,1,9.08510971069336,0.576913475990295,0.982276320457458,0.0598784349858761,0.982276320457458,0.190900802612305,6,RAISE_D,30,1.34999990463257
98.139833,pitch,1,DEMAND_POS,0.560971856117249,1,9.08510971069336,0.576913475990295,0.982276320457458,0.0598784349858761,0.982276320457458,0.190900802612305,6,RAISE_D,30,1.34999990463257
98.179833,pitch,1,DEMAND_POS,0.541548669338226,1,9.08510971069336,0.576913475990295,0.982276320457458,0.0598784349858761,0.982276320457458,0.190900802612305,6,RAISE_D,30,1.34999990463257
98.219833,pitch,1,DEMAND_POS,0.524915099143982,1,9.08510971069336,0.576913475990295,0.982276320457458,0.0598784349858761,0.982276320457458,0.190900802612305,6,RAISE_D,30,1.34999990463257
98.259833,pitch,1,DEMAND_POS,0.513953566551208,1,9.08510971069336,0.576913475990295,0.982276320457458,0.0598784349858761,0.982276320457458,0.190900802612305,6,RAISE_D,30,1.34999990463257
98.299833,pitch,1,DEMAND_POS,0.51043826341629,1,9.08510971069336,0.576913475990295,0.982276320457458,0.0598784349858761,0.982276320457458,0.190900802612305,6,RAISE_D,30,1.34999990463257
98.339833,pitch,1,DEMAND_POS,0.508828103542328,1,9.08510971069336,0.576913475990295,0.982276320457458,0.0598784349858761,0.982276320457458,0.190900802612305,6,RAISE_D,30,1.34999990463257
98.379833,pitch,1,DEMAND_POS,0.508752644062042,1,9.08510971069336,0.576913475990295,0.982276320457458,0.0598784349858761,0.982276320457458,0.190900802612305,6,RAISE_D,30,1.34999990463257
98.419833,pitch,1,DEMAND_POS,0.510434031486511,1,9.08510971069336,0.576913475990295,0.982276320457458,0.0598784349858761,0.982276320457458,0.190900802612305,6,RAISE_D,30,1.34999990463257
98.459833,pitch,1,DEMAND_POS,0.513695001602173,1,9.08510971069336,0.576913475990295,0.982276320457458,0.0598784349858761,0.982276320457458,0.190900802612305,6,RAISE_D,30,1.34999990463257
98.499833,pitch,1,DEMAND_POS,0.518392503261566,1,9.08510971069336,0.576913475990295,0.982276320457458,0.0598784349858761,0.982276320457458,0.190900802612305,6,RAISE_D,30,1.34999990463257
98.539833,pitch,1,DEMAND_POS,0.52433854341507,1,9.08510971069336,0.576913475990295,0.982276320457458,0.0598784349858761,0.982276320457458,0.190900802612305,6,RAISE_D,30,1.34999990463257
98.579833,pitch,1,DEMAND_POS,0.53129643201828,1,9.08510971069336,0.576913475990295,0.982276320457458,0.0598784349858761,0.982276320457458,0.190900802612305,6,RAISE_D,30,1.34999990463257
98.619833,pitch,1,DEMAND_POS,0.539839923381805,1,9.08510971069336,0.576913475990295,0.982276320457458,0.0598784349858761,0.982276320457458,0.190900802612305,6,RAISE_D,30,1.34999990463257
98.659833,pitch,1,DEMAND_POS,0.548547267913818,1,9.08510971069336,0.576913475990295,0.982276320457458,0.0598784349858761,0.982276320457458,0.190900802612305,6,RAISE_D,30,1.34999990463257
98.699833,pitch,1,DEMAND_POS,0.558114945888519,1,9.08510971069336,0.576913475990295,0.982276320457458,0.0598784349858761,0.982276320457458,0.190900802612305,6,RAISE_D,30,1.34999990463257
98.739833,pitch,1,DEMAND_POS,0.567824244499207,1,9.08510971069336,0.576913475990295,0.982276320457458,0.0598784349858761,0.982276320457458,0.190900802612305,6,RAISE_D,30,1.34999990463257
98.779833,pitch,1,DEMAND_POS,0.577933251857758,1,9.08510971069336,0.576913475990295,0.982276320457458,0.0598784349858761,0.982276320457458,0.190900802612305,6,RAISE_D,30,1.34999990463257
98.819833,pitch,1,DEMAND_POS,0.588631689548492,1,9.08510971069336,0.576913475990295,0.982276320457458,0.0598784349858761,0.982276320457458,0.190900802612305,6,RAISE_D,30,1.34999990463257
98.859833,pitch,1,DEMAND_POS,0.598693251609802,1,9.08510971069336,0.576913475990295,0.982276320457458,0.0598784349858761,0.982276320457458,0.190900802612305,6,RAISE_D,30,1.34999990463257
98.899833,pitch,1,DEMAND_POS,0.60858541727066,1,9.08510971069336,0.576913475990295,0.982276320457458,0.0598784349858761,0.982276320457458,0.190900802612305,6,RAISE_D,30,1.34999990463257
98.939833,pitch,1,DEMAND_POS,0.615151524543762,1,9.08510971069336,0.576913475990295,0.982276320457458,0.0598784349858761,0.982276320457458,0.190900802612305,6,RAISE_D,30,1.34999990463257
98.979833,pitch,1,DEMAND_POS,0.611623406410217,1,9.08510971069336,0.576913475990295,0.982276320457458,0.0598784349858761,0.982276320457458,0.190900802612305,6,RAISE_D,30,1.34999990463257
99.019833,pitch,1,DEMAND_POS,0.59658282995224,1,9.08510971069336,0.576913475990295,0.982276320457458,0.0598784349858761,0.982276320457458,0.190900802612305,6,RAISE_D,30,1.34999990463257
99.059833,pitch,1,DEMAND_POS,0.570719718933105,1,9.08510971069336,0.576913475990295,0.982276320457458,0.0598784349858761,0.982276320457458,0.190900802612305,6,RAISE_D,30,1.34999990463257
99.099833,pitch,1,DEMAND_POS,0.533459186553955,1,9.08510971069336,0.576913475990295,0.982276320457458,0.0598784349858761,0.982276320457458,0.190900802612305,6,RAISE_D,30,1.34999990463257
99.139833,pitch,1,DEMAND_POS,0.489456295967102,1,9.08510971069336,0.576913475990295,0.982276320457458,0.0598784349858761,0.982276320457458,0.190900802612305,6,RAISE_D,30,1.34999990463257
99.179833,pitch,0,IDLE,0.287010371685028,1,9.08510971069336,0.576913475990295,0.982276320457458,0.0598784349858761,0.982276320457458,0.190900802612305,6,RAISE_D,30,1.34999990463257
99.219833,pitch,0,IDLE,0.00816506147384644,1,2.8999354839325,0.635370850563049,0.952675700187683,0.0598784349858761,0.952675700187683,0.248171031475067,6,RAISE_D,30,1.34999990463257
99.259833,pitch,0,IDLE,-0.201301649212837,1,3.69223237037659,0.635370850563049,0.952675700187683,0.0598784349858761,0.952675700187683,0.248171031475067,6,RAISE_D,30,1.34999990463257
99.299833,pitch,0,IDLE,-0.318692892789841,1,4.56487941741943,0.635370850563049,0.952675700187683,0.0598784349858761,0.952675700187683,0.248171031475067,6,RAISE_D,30,1.34999990463257
99.339833,pitch,0,IDLE,-0.338598251342773,1,5.43196773529053,0.635370850563049,0.952675700187683,0.0598784349858761,0.952675700187683,0.248171031475067,6,RAISE_D,30,1.34999990463257
99.379833,pitch,0,IDLE,-0.271674633026123,1,6.24020957946777,0.635370850563049,0.952675700187683,0.0598784349858761,0.952675700187683,0.248171031475067,6,RAISE_D,30,1.34999990463257
99.419833,pitch,0,IDLE,-0.14739254117012,1,6.98508548736572,0.635370850563049,0.952675700187683,0.0598784349858761,0.952675700187683,0.248171031475067,6,RAISE_D,30,1.34999990463257
99.459833,pitch,0,IDLE,-0.003144271671772,1,7.67156314849854,0.635370850563049,0.952675700187683,0.0598784349858761,0.952675700187683,0.248171031475067,6,RAISE_D,30,1.34999990463257
99.499833,pitch,0,IDLE,0.125339925289154,1,8.28017139434814,0.635370850563049,0.952675700187683,0.0598784349858761,0.952675700187683,0.248171031475067,6,RAISE_D,30,1.34999990463257
99.539833,pitch,0,IDLE,0.210517257452011,1,8.81027412414551,0.635370850563049,0.952675700187683,0.0598784349858761,0.952675700187683,0.248171031475067,6,RAISE_D,30,1.34999990463257
99.579833,pitch,0,IDLE,0.235529527068138,1,9.26924228668213,0.635370850563049,0.952675700187683,0.0598784349858761,0.952675700187683,0.248171031475067,6,RAISE_D,30,1.34999990463257
99.619833,pitch,0,IDLE,0.196436271071434,1,9.66382694244385,0.635370850563049,0.952675700187683,0.0598784349858761,0.952675700187683,0.248171031475067,6,RAISE_D,30,1.34999990463257
99.659833,pitch,0,IDLE,0.0991332158446312,1,9.9957857131958,0.635370850563049,0.952675700187683,0.0598784349858761,0.952675700187683,0.248171031475067,6,RAISE_D,30,1.34999990463257
99.699833,pitch,0,IDLE,-0.0327755287289619,1,10.2585706710815,0.635370850563049,0.952675700187683,0.0598784349858761,0.952675700187683,0.248171031475067,6,RAISE_D,30,1.34999990463257
99.739833,pitch,0,IDLE,-0.171924263238907,1,10.4593143463135,0.635370850563049,0.952675700187683,0.0598784349858761,0.952675700187683,0.248171031475067,6,RAISE_D,30,1.34999990463257
99.779833,pitch,0,IDLE,-0.290405213832855,1,10.6045207977295,0.635370850563049,0.952675700187683,0.0598784349858761,0.952675700187683,0.248171031475067,6,RAISE_D,30,1.34999990463257
99.819833,pitch,0,IDLE,-0.367144465446472,1,10.700119972229,0.635370850563049,0.952675700187683,0.0598784349858761,0.952675700187683,0.248171031475067,6,RAISE_D,30,1.34999990463257
99.859833,pitch,0,IDLE,-0.394156664609909,1,10.7515153884888,0.635370850563049,0.952675700187683,0.0598784349858761,0.952675700187683,0.248171031475067,6,RAISE_D,30,1.34999990463257
99.899833,pitch,0,IDLE,-0.373393565416336,1,10.7636260986328,0.635370850563049,0.952675700187683,0.0598784349858761,0.952675700187683,0.248171031475067,6,RAISE_D,30,1.34999990463257
99.939833,pitch,0,IDLE,-0.313096761703491,1,10.7636260986328,0.635370850563049,0.952675700187683,0.0598784349858761,0.952675700187683,0.248171031475067,6,RAISE_D,30,1.34999990463257
99.979833,pitch,0,IDLE,-0.226210027933121,1,10.7636260986328,0.635370850563049,0.952675700187683,0.0598784349858761,0.952675700187683,0.248171031475067,6,RAISE_D,30,1.34999990463257
100.019833,pitch,0,IDLE,-0.129345327615738,1,10.7636260986328,0.635370850563049,0.952675700187683,0.0598784349858761,0.952675700187683,0.248171031475067,6,RAISE_D,30,1.34999990463257
100.059833,pitch,0,IDLE,-0.0417125783860683,1,10.7636260986328,0.635370850563049,0.952675700187683,0.0598784349858761,0.952675700187683,0.248171031475067,6,RAISE_D,30,1.34999990463257
100.099833,pitch,0,IDLE,0.0229509398341179,1,10.7636260986328,0.635370850563049,0.952675700187683,0.0598784349858761,0.952675700187683,0.248171031475067,6,RAISE_D,30,1.34999990463257
100.139833,pitch,0,IDLE,0.0585747323930264,1,10.7636260986328,0.635370850563049,0.952675700187683,0.0598784349858761,0.952675700187683,0.248171031475067,6,RAISE_D,30,1.34999990463257
100.179833,pitch,0,IDLE,0.0657618269324303,1,10.7636260986328,0.635370850563049,0.952675700187683,0.0598784349858761,0.952675700187683,0.248171031475067,6,RAISE_D,30,1.34999990463257
100.219833,pitch,0,IDLE,0.0503932647407055,1,10.7636260986328,0.635370850563049,0.952675700187683,0.0598784349858761,0.952675700187683,0.248171031475067,6,RAISE_D,30,1.34999990463257
100.259833,pitch,0,IDLE,0.0186893623322248,1,10.7636260986328,0.635370850563049,0.952675700187683,0.0598784349858761,0.952675700187683,0.248171031475067,6,RAISE_D,30,1.34999990463257
100.299833,pitch,0,IDLE,-0.0218161959201097,1,10.7636260986328,0.635370850563049,0.952675700187683,0.0598784349858761,0.952675700187683,0.248171031475067,6,RAISE_D,30,1.34999990463257
100.339833,pitch,0,IDLE,-0.0653266757726669,1,10.7636260986328,0.635370850563049,0.952675700187683,0.0598784349858761,0.952675700187683,0.248171031475067,6,RAISE_D,30,1.34999990463257
100.379833,pitch,0,IDLE,-0.105272300541401,1,10.7636260986328,0.635370850563049,0.952675700187683,0.0598784349858761,0.952675700187683,0.248171031475067,6,RAISE_D,30,1.34999990463257
100.419833,pitch,0,IDLE,-0.139337420463562,1,10.7636260986328,0.635370850563049,0.952675700187683,0.0598784349858761,0.952675700187683,0.248171031475067,6,RAISE_D,30,1.34999990463257
100.459833,pitch,0,IDLE,-0.164418369531631,1,10.7636260986328,0.635370850563049,0.952675700187683,0.0598784349858761,0.952675700187683,0.248171031475067,6,RAISE_D,30,1.34999990463257
100.499833,pitch,0,IDLE,-0.180757373571396,1,10.7636260986328,0.635370850563049,0.952675700187683,0.0598784349858761,0.952675700187683,0.248171031475067,6,RAISE_D,30,1.34999990463257
100.539833,pitch,0,IDLE,-0.18772491812706,1,10.7636260986328,0.635370850563049,0.952675700187683,0.0598784349858761,0.952675700187683,0.248171031475067,6,RAISE_D,30,1.34999990463257
100.579833,pitch,0,IDLE,-0.186813861131668,1,10.7636260986328,0.635370850563049,0.952675700187683,0.0598784349858761,0.952675700187683,0.248171031475067,6,RAISE_D,30,1.34999990463257
100.619833,pitch,0,IDLE,-0.178142756223679,1,10.7636260986328,0.635370850563049,0.952675700187683,0.0598784349858761,0.952675700187683,0.248171031475067,6,RAISE_D,30,1.34999990463257
100.659833,pitch,0,IDLE,-0.164868801832199,1,10.7636260986328,0.635370850563049,0.952675700187683,0.0598784349858761,0.952675700187683,0.248171031475067,6,RAISE_D,30,1.34999990463257
100.699833,pitch,0,IDLE,-0.147797599434853,1,10.7636260986328,0.635370850563049,0.952675700187683,0.0598784349858761,0.952675700187683,0.248171031475067,6,RAISE_D,30,1.34999990463257
100.739833,pitch,0,IDLE,-0.129650220274925,1,10.7636260986328,0.635370850563049,0.952675700187683,0.0598784349858761,0.952675700187683,0.248171031475067,6,RAISE_D,30,1.34999990463257
100.779833,pitch,0,IDLE,-0.195493742823601,1,10.7636260986328,0.635370850563049,0.952675700187683,0.0598784349858761,0.952675700187683,0.248171031475067,6,RAISE_D,30,1.34999990463257
100.819833,pitch,0,IDLE,-0.397858798503876,1,10.7636260986328,0.635370850563049,0.952675700187683,0.0598784349858761,0.952675700187683,0.248171031475067,6,RAISE_D,30,1.34999990463257
100.859833,pitch,0,IDLE,-0.566638708114624,1,10.7636260986328,0.635370850563049,0.952675700187683,0.0598784349858761,0.952675700187683,0.248171031475067,6,RAISE_D,30,1.34999990463257
100.899833,pitch,2,DEMAND_NEG,-0.673514127731323,1,10.7636260986328,0.635370850563049,0.952675700187683,0.0598784349858761,0.952675700187683,0.248171031475067,6,RAISE_D,30,1.34999990463257
100.939833,pitch,2,DEMAND_NEG,-0.718073129653931,1,10.7636260986328,0.635370850563049,0.952675700187683,0.0598784349858761,0.952675700187683,0.248171031475067,6,RAISE_D,30,1.34999990463257
100.979833,pitch,2,DEMAND_NEG,-0.710058689117432,1,10.7636260986328,0.635370850563049,0.952675700187683,0.0598784349858761,0.952675700187683,0.248171031475067,6,RAISE_D,30,1.34999990463257
101.019833,pitch,2,DEMAND_NEG,-0.663346767425537,1,10.7636260986328,0.635370850563049,0.952675700187683,0.0598784349858761,0.952675700187683,0.248171031475067,6,RAISE_D,30,1.34999990463257
101.059833,pitch,2,DEMAND_NEG,-0.592213571071625,1,10.7636260986328,0.635370850563049,0.952675700187683,0.0598784349858761,0.952675700187683,0.248171031475067,6,RAISE_D,30,1.34999990463257
101.099833,pitch,2,DEMAND_NEG,-0.5118248462677,1,10.7636260986328,0.635370850563049,0.952675700187683,0.0598784349858761,0.952675700187683,0.248171031475067,6,RAISE_D,30,1.34999990463257
101.139833,pitch,2,DEMAND_NEG,-0.438956260681152,1,10.7636260986328,0.635370850563049,0.952675700187683,0.0598784349858761,0.952675700187683,0.248171031475067,6,RAISE_D,30,1.34999990463257
101.179833,pitch,2,DEMAND_NEG,-0.390216290950775,1,10.8978891372681,0.635370850563049,0.952675700187683,0.0598784349858761,0.952675700187683,0.248171031475067,6,RAISE_D,30,1.34999990463257
101.219833,pitch,2,DEMAND_NEG,-0.373449295759201,1,11.1866054534912,0.635370850563049,0.952675700187683,0.0598784349858761,0.952675700187683,0.248171031475067,6,RAISE_D,30,1.34999990463257
101.259833,pitch,2,DEMAND_NEG,-0.387870788574219,1,11.4100637435913,0.635370850563049,0.952675700187683,0.0598784349858761,0.952675700187683,0.248171031475067,6,RAISE_D,30,1.34999990463257
101.299833,pitch,2,DEMAND_NEG,-0.42839303612709,1,11.5724220275879,0.635370850563049,0.952675700187683,0.0598784349858761,0.952675700187683,0.248171031475067,6,RAISE_D,30,1.34999990463257
101.339833,pitch,2,DEMAND_NEG,-0.489725947380066,1,11.6801977157593,0.635370850563049,0.952675700187683,0.0598784349858761,0.952675700187683,0.248171031475067,6,RAISE_D,30,1.34999990463257
101.379833,pitch,2,DEMAND_NEG,-0.565138220787048,1,11.7393283843994,0.635370850563049,0.952675700187683,0.0598784349858761,0.952675700187683,0.248171031475067,6,RAISE_D,30,1.34999990463257
101.419833,pitch,2,DEMAND_NEG,-0.640859842300415,1,11.7552185058594,0.635370850563049,0.952675700187683,0.0598784349858761,0.952675700187683,0.248171031475067,6,RAISE_D,30,1.34999990463257
101.459833,pitch,2,DEMAND_NEG,-0.700616180896759,1,11.7552185058594,0.635370850563049,0.952675700187683,0.0598784349858761,0.952675700187683,0.248171031475067,6,RAISE_D,30,1.34999990463257
101.499833,pitch,2,DEMAND_NEG,-0.733466446399689,1,11.7552185058594,0.635370850563049,0.952675700187683,0.0598784349858761,0.952675700187683,0.248171031475067,6,RAISE_D,30,1.34999990463257
101.539833,pitch,2,DEMAND_NEG,-0.735310912132263,1,11.7552185058594,0.635370850563049,0.952675700187683,0.0598784349858761,0.952675700187683,0.248171031475067,6,RAISE_D,30,1.34999990463257
101.579833,pitch,2,DEMAND_NEG,-0.706689834594727,1,11.7552185058594,0.635370850563049,0.952675700187683,0.0598784349858761,0.952675700187683,0.248171031475067,6,RAISE_D,30,1.34999990463257
101.619833,pitch,2,DEMAND_NEG,-0.654590427875519,1,11.7552185058594,0.635370850563049,0.952675700187683,0.0598784349858761,0.952675700187683,0.248171031475067,6,RAISE_D,30,1.34999990463257
101.659833,pitch,2,DEMAND_NEG,-0.586281061172485,1,11.7552185058594,0.635370850563049,0.952675700187683,0.0598784349858761,0.952675700187683,0.248171031475067,6,RAISE_D,30,1.34999990463257
101.699833,pitch,2,DEMAND_NEG,-0.512109756469727,1,11.7552185058594,0.635370850563049,0.952675700187683,0.0598784349858761,0.952675700187683,0.248171031475067,6,RAISE_D,30,1.34999990463257
101.739833,pitch,2,DEMAND_NEG,-0.44633674621582,1,11.7552185058594,0.635370850563049,0.952675700187683,0.0598784349858761,0.952675700187683,0.248171031475067,6,RAISE_D,30,1.34999990463257
101.779833,pitch,2,DEMAND_NEG,-0.401215255260468,1,11.7552185058594,0.635370850563049,0.952675700187683,0.0598784349858761,0.952675700187683,0.248171031475067,6,RAISE_D,30,1.34999990463257
101.819833,pitch,2,DEMAND_NEG,-0.384725779294968,1,11.7552185058594,0.635370850563049,0.952675700187683,0.0598784349858761,0.952675700187683,0.248171031475067,6,RAISE_D,30,1.34999990463257
101.859833,pitch,2,DEMAND_NEG,-0.394299954175949,1,11.7552185058594,0.635370850563049,0.952675700187683,0.0598784349858761,0.952675700187683,0.248171031475067,6,RAISE_D,30,1.34999990463257
101.899833,pitch,2,DEMAND_NEG,-0.42612823843956,1,11.7552185058594,0.635370850563049,0.952675700187683,0.0598784349858761,0.952675700187683,0.248171031475067,6,RAISE_D,30,1.34999990463257
101.939833,pitch,2,DEMAND_NEG,-0.472677767276764,1,11.7552185058594,0.635370850563049,0.952675700187683,0.0598784349858761,0.952675700187683,0.248171031475067,6,RAISE_D,30,1.34999990463257
101.979833,pitch,2,DEMAND_NEG,-0.525576293468475,1,11.7552185058594,0.635370850563049,0.952675700187683,0.0598784349858761,0.952675700187683,0.248171031475067,6,RAISE_D,30,1.34999990463257
102.019833,pitch,2,DEMAND_NEG,-0.580326199531555,1,11.7552185058594,0.635370850563049,0.952675700187683,0.0598784349858761,0.952675700187683,0.248171031475067,6,RAISE_D,30,1.34999990463257
102.059833,pitch,2,DEMAND_NEG,-0.629688143730164,1,11.7552185058594,0.635370850563049,0.952675700187683,0.0598784349858761,0.952675700187683,0.248171031475067,6,RAISE_D,30,1.34999990463257
102.099833,pitch,2,DEMAND_NEG,-0.672492384910583,1,11.7552185058594,0.635370850563049,0.952675700187683,0.0598784349858761,0.952675700187683,0.248171031475067,6,RAISE_D,30,1.34999990463257
102.139833,pitch,2,DEMAND_NEG,-0.708882331848145,1,11.7552185058594,0.635370850563049,0.952675700187683,0.0598784349858761,0.952675700187683,0.248171031475067,6,RAISE_D,30,1.34999990463257
102.179833,pitch,2,DEMAND_NEG,-0.732933938503265,1,11.7552185058594,0.635370850563049,0.952675700187683,0.0598784349858761,0.952675700187683,0.248171031475067,6,RAISE_D,30,1.34999990463257
102.219833,pitch,2,DEMAND_NEG,-0.745180904865265,1,11.7552185058594,0.635370850563049,0.952675700187683,0.0598784349858761,0.952675700187683,0.248171031475067,6,RAISE_D,30,1.34999990463257
102.259833,pitch,2,DEMAND_NEG,-0.746156871318817,1,11.7552185058594,0.635370850563049,0.952675700187683,0.0598784349858761,0.952675700187683,0.248171031475067,6,RAISE_D,30,1.34999990463257
102.299833,pitch,2,DEMAND_NEG,-0.737754166126251,1,11.7552185058594,0.635370850563049,0.952675700187683,0.0598784349858761,0.952675700187683,0.248171031475067,6,RAISE_D,30,1.34999990463257
102.339833,pitch,2,DEMAND_NEG,-0.723214328289032,1,11.7552185058594,0.635370850563049,0.952675700187683,0.0598784349858761,0.952675700187683,0.248171031475067,6,RAISE_D,30,1.34999990463257
102.379833,pitch,2,DEMAND_NEG,-0.704621553421021,1,11.7552185058594,0.635370850563049,0.952675700187683,0.0598784349858761,0.952675700187683,0.248171031475067,6,RAISE_D,30,1.34999990463257
102.419833,pitch,2,DEMAND_NEG,-0.683853328227997,1,11.7552185058594,0.635370850563049,0.952675700187683,0.0598784349858761,0.952675700187683,0.248171031475067,6,RAISE_D,30,1.34999990463257
102.459833,pitch,2,DEMAND_NEG,-0.662633240222931,1,11.7552185058594,0.635370850563049,0.952675700187683,0.0598784349858761,0.952675700187683,0.248171031475067,6,RAISE_D,30,1.34999990463257
102.499833,pitch,2,DEMAND_NEG,-0.642075538635254,1,11.7552185058594,0.635370850563049,0.952675700187683,0.0598784349858761,0.952675700187683,0.248171031475067,6,RAISE_D,30,1.34999990463257
102.539833,pitch,2,DEMAND_NEG,-0.622751891613007,1,11.7552185058594,0.635370850563049,0.952675700187683,0.0598784349858761,0.952675700187683,0.248171031475067,6,RAISE_D,30,1.34999990463257
102.579833,pitch,2,DEMAND_NEG,-0.605232417583466,1,11.7552185058594,0.635370850563049,0.952675700187683,0.0598784349858761,0.952675700187683,0.248171031475067,6,RAISE_D,30,1.34999990463257
102.619833,pitch,2,DEMAND_NEG,-0.590974032878876,1,11.7552185058594,0.635370850563049,0.952675700187683,0.0598784349858761,0.952675700187683,0.248171031475067,6,RAISE_D,30,1.34999990463257
102.659833,pitch,2,DEMAND_NEG,-0.579262733459473,1,11.7552185058594,0.635370850563049,0.952675700187683,0.0598784349858761,0.952675700187683,0.248171031475067,6,RAISE_D,30,1.34999990463257
102.699833,pitch,2,DEMAND_NEG,-0.569616973400116,1,11.7552185058594,0.635370850563049,0.952675700187683,0.0598784349858761,0.952675700187683,0.248171031475067,6,RAISE_D,30,1.34999990463257
102.739833,pitch,2,DEMAND_NEG,-0.562915205955505,1,11.7552185058594,0.635370850563049,0.952675700187683,0.0598784349858761,0.952675700187683,0.248171031475067,6,RAISE_D,30,1.34999990463257
102.779833,pitch,2,DEMAND_NEG,-0.559001743793488,1,11.7552185058594,0.635370850563049,0.952675700187683,0.0598784349858761,0.952675700187683,0.248171031475067,6,RAISE_D,30,1.34999990463257
102.819833,pitch,2,DEMAND_NEG,-0.562304854393005,1,11.7552185058594,0.635370850563049,0.952675700187683,0.0598784349858761,0.952675700187683,0.248171031475067,6,RAISE_D,30,1.34999990463257
102.859833,pitch,2,DEMAND_NEG,-0.568375289440155,1,11.7552185058594,0.635370850563049,0.952675700187683,0.0598784349858761,0.952675700187683,0.248171031475067,6,RAISE_D,30,1.34999990463257
102.899833,pitch,2,DEMAND_NEG,-0.575345993041992,1,11.7552185058594,0.635370850563049,0.952675700187683,0.0598784349858761,0.952675700187683,0.248171031475067,6,RAISE_D,30,1.34999990463257
102.939833,pitch,2,DEMAND_NEG,-0.58201265335083,1,11.7552185058594,0.635370850563049,0.952675700187683,0.0598784349858761,0.952675700187683,0.248171031475067,6,RAISE_D,30,1.34999990463257
102.979833,pitch,2,DEMAND_NEG,-0.586672723293304,1,11.7552185058594,0.635370850563049,0.952675700187683,0.0598784349858761,0.952675700187683,0.248171031475067,6,RAISE_D,30,1.34999990463257
103.019833,pitch,2,DEMAND_NEG,-0.582455039024353,1,11.7552185058594,0.635370850563049,0.952675700187683,0.0598784349858761,0.952675700187683,0.248171031475067,6,RAISE_D,30,1.34999990463257
103.059833,pitch,2,DEMAND_NEG,-0.561846315860748,1,11.7552185058594,0.635370850563049,0.952675700187683,0.0598784349858761,0.952675700187683,0.248171031475067,6,RAISE_D,30,1.34999990463257
103.099833,pitch,2,DEMAND_NEG,-0.522104978561401,1,11.7552185058594,0.635370850563049,0.952675700187683,0.0598784349858761,0.952675700187683,0.248171031475067,6,RAISE_D,30,1.34999990463257
103.139833,pitch,2,DEMAND_NEG,-0.466919779777527,1,11.7552185058594,0.635370850563049,0.952675700187683,0.0598784349858761,0.952675700187683,0.248171031475067,6,RAISE_D,30,1.34999990463257
103.179833,pitch,2,DEMAND_NEG,-0.402073264122009,1,11.7552185058594,0.635370850563049,0.952675700187683,0.0598784349858761,0.952675700187683,0.248171031475067,6,RAISE_D,30,1.34999990463257
103.219833,pitch,2,DEMAND_NEG,-0.333083957433701,1,11.7552185058594,0.635370850563049,0.952675700187683,0.0598784349858761,0.952675700187683,0.248171031475067,6,RAISE_D,30,1.34999990463257
103.259833,pitch,2,DEMAND_NEG,-0.266840815544128,1,11.7552185058594,0.635370850563049,0.952675700187683,0.0598784349858761,0.952675700187683,0.248171031475067,6,RAISE_D,30,1.34999990463257
103.299833,pitch,2,DEMAND_NEG,-0.207824423909187,1,11.7552185058594,0.635370850563049,0.952675700187683,0.0598784349858761,0.952675700187683,0.248171031475067,6,RAISE_D,30,1.34999990463257
103.339833,pitch,2,DEMAND_NEG,-0.160376816987991,1,11.7552185058594,0.635370850563049,0.952675700187683,0.0598784349858761,0.952675700187683,0.248171031475067,6,RAISE_D,30,1.34999990463257
103.379833,pitch,2,DEMAND_NEG,-0.124698169529438,1,11.7552185058594,0.635370850563049,0.952675700187683,0.0598784349858761,0.952675700187683,0.248171031475067,6,RAISE_D,30,1.34999990463257
103.419833,pitch,2,DEMAND_NEG,-0.102704972028732,1,11.7552185058594,0.635370850563049,0.952675700187683,0.0598784349858761,0.952675700187683,0.248171031475067,6,RAISE_D,30,1.34999990463257
103.459833,pitch,2,DEMAND_NEG,-0.0926821455359459,1,11.7552185058594,0.635370850563049,0.952675700187683,0.0598784349858761,0.952675700187683,0.248171031475067,6,RAISE_D,30,1.34999990463257
103.499833,pitch,0,IDLE,0.130055487155914,1,3.21465635299683,1.05924141407013,0.982276320457458,0.0598784349858761,0.982276320457458,0.322622328996658,6,RAISE_D,30,1.34999990463257
103.539833,pitch,0,IDLE,0.380833148956299,1,4.0240650177002,1.05924141407013,0.982276320457458,0.0598784349858761,0.982276320457458,0.322622328996658,6,RAISE_D,30,1.34999990463257
103.579833,pitch,0,IDLE,0.532070398330688,1,5.05199480056763,1.05924141407013,0.982276320457458,0.0598784349858761,0.982276320457458,0.322622328996658,6,RAISE_D,30,1.34999990463257
103.619833,pitch,0,IDLE,0.558961689472198,1,6.15252637863159,1.05924141407013,0.982276320457458,0.0598784349858761,0.982276320457458,0.322622328996658,6,RAISE_D,30,1.34999990463257
103.659833,pitch,0,IDLE,0.458670109510422,1,7.24979019165039,1.05924141407013,0.982276320457458,0.0598784349858761,0.982276320457458,0.322622328996658,6,RAISE_D,30,1.34999990463257
103.699833,pitch,0,IDLE,0.269184798002243,1,8.26102828979492,1.05924141407013,0.982276320457458,0.0598784349858761,0.982276320457458,0.322622328996658,6,RAISE_D,30,1.34999990463257
103.739833,pitch,0,IDLE,0.0487213358283043,1,9.19298648834229,1.05924141407013,0.982276320457458,0.0598784349858761,0.982276320457458,0.322622328996658,6,RAISE_D,30,1.34999990463257
103.779833,pitch,0,IDLE,-0.146998256444931,1,10.0518789291382,1.05924141407013,0.982276320457458,0.0598784349858761,0.982276320457458,0.322622328996658,6,RAISE_D,30,1.34999990463257
103.819833,pitch,0,IDLE,-0.273284614086151,1,10.833815574646,1.05924141407013,0.982276320457458,0.0598784349858761,0.982276320457458,0.322622328996658,6,RAISE_D,30,1.34999990463257
103.859833,pitch,0,IDLE,-0.304946750402451,1,11.5175018310547,1.05924141407013,0.982276320457458,0.0598784349858761,0.982276320457458,0.322622328996658,6,RAISE_D,30,1.34999990463257
103.899833,pitch,0,IDLE,-0.233886212110519,1,12.1121053695679,1.05924141407013,0.982276320457458,0.0598784349858761,0.982276320457458,0.322622328996658,6,RAISE_D,30,1.34999990463257
103.939833,pitch,0,IDLE,-0.0814347118139267,1,12.6260137557983,1.05924141407013,0.982276320457458,0.0598784349858761,0.982276320457458,0.322622328996658,6,RAISE_D,30,1.34999990463257
103.979833,pitch,0,IDLE,0.110625959932804,1,13.0477924346924,1.05924141407013,0.982276320457458,0.0598784349858761,0.982276320457458,0.322622328996658,6,RAISE_D,30,1.34999990463257
104.019833,pitch,0,IDLE,0.293649345636368,1,13.3806037902832,1.05924141407013,0.982276320457458,0.0598784349858761,0.982276320457458,0.322622328996658,6,RAISE_D,30,1.34999990463257
104.059833,pitch,0,IDLE,0.424117594957352,1,13.6336336135864,1.05924141407013,0.982276320457458,0.0598784349858761,0.982276320457458,0.322622328996658,6,RAISE_D,30,1.34999990463257
104.099833,pitch,0,IDLE,0.473218262195587,1,13.8152637481689,1.05924141407013,0.982276320457458,0.0598784349858761,0.982276320457458,0.322622328996658,6,RAISE_D,30,1.34999990463257
104.139833,pitch,0,IDLE,0.429726719856262,1,13.9331350326538,1.05924141407013,0.982276320457458,0.0598784349858761,0.982276320457458,0.322622328996658,6,RAISE_D,30,1.34999990463257
104.179833,pitch,0,IDLE,0.308003216981888,1,13.9942054748535,1.05924141407013,0.982276320457458,0.0598784349858761,0.982276320457458,0.322622328996658,6,RAISE_D,30,1.34999990463257
104.219833,pitch,0,IDLE,0.141672313213348,1,14.005443572998,1.05924141407013,0.982276320457458,0.0598784349858761,0.982276320457458,0.322622328996658,6,RAISE_D,30,1.34999990463257
104.259833,pitch,0,IDLE,-0.0254830792546272,1,14.005443572998,1.05924141407013,0.982276320457458,0.0598784349858761,0.982276320457458,0.322622328996658,6,RAISE_D,30,1.34999990463257
104.299833,pitch,0,IDLE,-0.153872817754745,1,14.005443572998,1.05924141407013,0.982276320457458,0.0598784349858761,0.982276320457458,0.322622328996658,6,RAISE_D,30,1.34999990463257
104.339833,pitch,0,IDLE,-0.215809553861618,1,14.005443572998,1.05924141407013,0.982276320457458,0.0598784349858761,0.982276320457458,0.322622328996658,6,RAISE_D,30,1.34999990463257
104.379833,pitch,0,IDLE,-0.197505578398705,1,14.005443572998,1.05924141407013,0.982276320457458,0.0598784349858761,0.982276320457458,0.322622328996658,6,RAISE_D,30,1.34999990463257
104.419833,pitch,0,IDLE,-0.102994710206985,1,14.005443572998,1.05924141407013,0.982276320457458,0.0598784349858761,0.982276320457458,0.322622328996658,6,RAISE_D,30,1.34999990463257
104.459833,pitch,0,IDLE,0.041304849088192,1,14.005443572998,1.05924141407013,0.982276320457458,0.0598784349858761,0.982276320457458,0.322622328996658,6,RAISE_D,30,1.34999990463257
104.499833,pitch,0,IDLE,0.199413269758224,1,14.005443572998,1.05924141407013,0.982276320457458,0.0598784349858761,0.982276320457458,0.322622328996658,6,RAISE_D,30,1.34999990463257
104.539833,pitch,0,IDLE,0.332398295402527,1,14.005443572998,1.05924141407013,0.982276320457458,0.0598784349858761,0.982276320457458,0.322622328996658,6,RAISE_D,30,1.34999990463257
104.579833,pitch,0,IDLE,0.410747528076172,1,14.005443572998,1.05924141407013,0.982276320457458,0.0598784349858761,0.982276320457458,0.322622328996658,6,RAISE_D,30,1.34999990463257
104.619833,pitch,0,IDLE,0.422863215208054,1,14.005443572998,1.05924141407013,0.982276320457458,0.0598784349858761,0.982276320457458,0.322622328996658,6,RAISE_D,30,1.34999990463257
104.659833,pitch,0,IDLE,0.371951729059219,1,14.005443572998,1.05924141407013,0.982276320457458,0.0598784349858761,0.982276320457458,0.322622328996658,6,RAISE_D,30,1.34999990463257
104.699833,pitch,0,IDLE,0.27203494310379,1,14.005443572998,1.05924141407013,0.982276320457458,0.0598784349858761,0.982276320457458,0.322622328996658,6,RAISE_D,30,1.34999990463257
104.739833,pitch,0,IDLE,0.144960135221481,1,14.005443572998,1.05924141407013,0.982276320457458,0.0598784349858761,0.982276320457458,0.322622328996658,6,RAISE_D,30,1.34999990463257
104.779833,pitch,0,IDLE,0.0182691067457199,1,14.005443572998,1.05924141407013,0.982276320457458,0.0598784349858761,0.982276320457458,0.322622328996658,6,RAISE_D,30,1.34999990463257
104.819833,pitch,0,IDLE,-0.0825270116329193,1,14.005443572998,1.05924141407013,0.982276320457458,0.0598784349858761,0.982276320457458,0.322622328996658,6,RAISE_D,30,1.34999990463257
104.859833,pitch,0,IDLE,-0.138207748532295,1,14.005443572998,1.05924141407013,0.982276320457458,0.0598784349858761,0.982276320457458,0.322622328996658,6,RAISE_D,30,1.34999990463257
104.899833,pitch,0,IDLE,-0.137588903307915,1,14.005443572998,1.05924141407013,0.982276320457458,0.0598784349858761,0.982276320457458,0.322622328996658,6,RAISE_D,30,1.34999990463257
104.939833,pitch,0,IDLE,-0.0832502245903015,1,14.005443572998,1.05924141407013,0.982276320457458,0.0598784349858761,0.982276320457458,0.322622328996658,6,RAISE_D,30,1.34999990463257
104.979833,pitch,0,IDLE,0.0131838992238045,1,14.005443572998,1.05924141407013,0.982276320457458,0.0598784349858761,0.982276320457458,0.322622328996658,6,RAISE_D,30,1.34999990463257
105.019833,pitch,0,IDLE,0.125947505235672,1,14.005443572998,1.05924141407013,0.982276320457458,0.0598784349858761,0.982276320457458,0.322622328996658,6,RAISE_D,30,1.34999990463257
105.059833,pitch,0,IDLE,0.230179667472839,1,14.005443572998,1.05924141407013,0.982276320457458,0.0598784349858761,0.982276320457458,0.322622328996658,6,RAISE_D,30,1.34999990463257
105.099833,pitch,0,IDLE,0.409140408039093,1,14.005443572998,1.05924141407013,0.982276320457458,0.0598784349858761,0.982276320457458,0.322622328996658,6,RAISE_D,30,1.34999990463257
105.139833,pitch,0,IDLE,0.711652100086212,1,14.005443572998,1.05924141407013,0.982276320457458,0.0598784349858761,0.982276320457458,0.322622328996658,6,RAISE_D,30,1.34999990463257
105.179833,pitch,1,DEMAND_POS,0.924379348754883,1,14.005443572998,1.05924141407013,0.982276320457458,0.0598784349858761,0.982276320457458,0.322622328996658,6,RAISE_D,30,1.34999990463257
105.219833,pitch,1,DEMAND_POS,1.00586450099945,1,14.005443572998,1.05924141407013,0.982276320457458,0.0598784349858761,0.982276320457458,0.322622328996658,6,RAISE_D,30,1.34999990463257
105.259833,pitch,1,DEMAND_POS,0.957699000835419,1,14.005443572998,1.05924141407013,0.982276320457458,0.0598784349858761,0.982276320457458,0.322622328996658,6,RAISE_D,30,1.34999990463257
105.299833,pitch,1,DEMAND_POS,0.805777549743652,1,14.005443572998,1.05924141407013,0.982276320457458,0.0598784349858761,0.982276320457458,0.322622328996658,6,RAISE_D,30,1.34999990463257
105.339833,pitch,1,DEMAND_POS,0.595229625701904,1,14.005443572998,1.05924141407013,0.982276320457458,0.0598784349858761,0.982276320457458,0.322622328996658,6,RAISE_D,30,1.34999990463257
105.379833,pitch,1,DEMAND_POS,0.384879440069199,1,14.005443572998,1.05924141407013,0.982276320457458,0.0598784349858761,0.982276320457458,0.322622328996658,6,RAISE_D,30,1.34999990463257
105.419833,pitch,1,DEMAND_POS,0.228374511003494,1,14.005443572998,1.05924141407013,0.982276320457458,0.0598784349858761,0.982276320457458,0.322622328996658,6,RAISE_D,30,1.34999990463257
105.459833,pitch,1,DEMAND_POS,0.160429313778877,1,14.1923913955688,1.05924141407013,0.982276320457458,0.0598784349858761,0.982276320457458,0.322622328996658,6,RAISE_D,30,1.34999990463257
105.499833,pitch,1,DEMAND_POS,0.191954761743546,1,14.7301177978516,1.05924141407013,0.982276320457458,0.0598784349858761,0.982276320457458,0.322622328996658,6,RAISE_D,30,1.34999990463257
105.539833,pitch,1,DEMAND_POS,0.310107618570328,1,15.1839208602905,1.05924141407013,0.982276320457458,0.0598784349858761,0.982276320457458,0.322622328996658,6,RAISE_D,30,1.34999990463257
105.579833,pitch,1,DEMAND_POS,0.48345747590065,1,15.5441617965698,1.05924141407013,0.982276320457458,0.0598784349858761,0.982276320457458,0.322622328996658,6,RAISE_D,30,1.34999990463257
105.619833,pitch,1,DEMAND_POS,0.665266811847687,1,15.8147535324097,1.05924141407013,0.982276320457458,0.0598784349858761,0.982276320457458,0.322622328996658,6,RAISE_D,30,1.34999990463257
105.659833,pitch,1,DEMAND_POS,0.813339471817017,1,16.0051574707031,1.05924141407013,0.982276320457458,0.0598784349858761,0.982276320457458,0.322622328996658,6,RAISE_D,30,1.34999990463257
105.699833,pitch,1,DEMAND_POS,0.898250877857208,1,16.1239948272705,1.05924141407013,0.982276320457458,0.0598784349858761,0.982276320457458,0.322622328996658,6,RAISE_D,30,1.34999990463257
105.739833,pitch,1,DEMAND_POS,0.911923587322235,1,16.1791172027588,1.05924141407013,0.982276320457458,0.0598784349858761,0.982276320457458,0.322622328996658,6,RAISE_D,30,1.34999990463257
105.779833,pitch,1,DEMAND_POS,0.859849810600281,1,16.1850471496582,1.05924141407013,0.982276320457458,0.0598784349858761,0.982276320457458,0.322622328996658,6,RAISE_D,30,1.34999990463257
105.819833,pitch,1,DEMAND_POS,0.766081988811493,1,16.1850471496582,1.05924141407013,0.982276320457458,0.0598784349858761,0.982276320457458,0.322622328996658,6,RAISE_D,30,1.34999990463257
105.859833,pitch,1,DEMAND_POS,0.643556535243988,1,16.1850471496582,1.05924141407013,0.982276320457458,0.0598784349858761,0.982276320457458,0.322622328996658,6,RAISE_D,30,1.34999990463257
105.899833,pitch,1,DEMAND_POS,0.516658067703247,1,16.1850471496582,1.05924141407013,0.982276320457458,0.0598784349858761,0.982276320457458,0.322622328996658,6,RAISE_D,30,1.34999990463257
105.939833,pitch,1,DEMAND_POS,0.409309506416321,1,16.1850471496582,1.05924141407013,0.982276320457458,0.0598784349858761,0.982276320457458,0.322622328996658,6,RAISE_D,30,1.34999990463257
105.979833,pitch,1,DEMAND_POS,0.337263703346252,1,16.1850471496582,1.05924141407013,0.982276320457458,0.0598784349858761,0.982276320457458,0.322622328996658,6,RAISE_D,30,1.34999990463257
106.019833,pitch,1,DEMAND_POS,0.301900923252106,1,16.1850471496582,1.05924141407013,0.982276320457458,0.0598784349858761,0.982276320457458,0.322622328996658,6,RAISE_D,30,1.34999990463257
106.059833,pitch,1,DEMAND_POS,0.302029252052307,1,16.1850471496582,1.05924141407013,0.982276320457458,0.0598784349858761,0.982276320457458,0.322622328996658,6,RAISE_D,30,1.34999990463257
106.099833,pitch,1,DEMAND_POS,0.329323768615723,1,16.1850471496582,1.05924141407013,0.982276320457458,0.0598784349858761,0.982276320457458,0.322622328996658,6,RAISE_D,30,1.34999990463257
106.139833,pitch,1,DEMAND_POS,0.375785291194916,1,16.1850471496582,1.05924141407013,0.982276320457458,0.0598784349858761,0.982276320457458,0.322622328996658,6,RAISE_D,30,1.34999990463257
106.179833,pitch,1,DEMAND_POS,0.431306689977646,1,16.1850471496582,1.05924141407013,0.982276320457458,0.0598784349858761,0.982276320457458,0.322622328996658,6,RAISE_D,30,1.34999990463257
106.219833,pitch,1,DEMAND_POS,0.486863374710083,1,16.1850471496582,1.05924141407013,0.982276320457458,0.0598784349858761,0.982276320457458,0.322622328996658,6,RAISE_D,30,1.34999990463257
106.259833,pitch,1,DEMAND_POS,0.538688719272614,1,16.1850471496582,1.05924141407013,0.982276320457458,0.0598784349858761,0.982276320457458,0.322622328996658,6,RAISE_D,30,1.34999990463257
106.299833,pitch,1,DEMAND_POS,0.580634653568268,1,16.1850471496582,1.05924141407013,0.982276320457458,0.0598784349858761,0.982276320457458,0.322622328996658,6,RAISE_D,30,1.34999990463257
106.339833,pitch,1,DEMAND_POS,0.61165463924408,1,16.1850471496582,1.05924141407013,0.982276320457458,0.0598784349858761,0.982276320457458,0.322622328996658,6,RAISE_D,30,1.34999990463257
106.379833,pitch,1,DEMAND_POS,0.631591320037842,1,16.1850471496582,1.05924141407013,0.982276320457458,0.0598784349858761,0.982276320457458,0.322622328996658,6,RAISE_D,30,1.34999990463257
106.419833,pitch,1,DEMAND_POS,0.642192721366882,1,16.1850471496582,1.05924141407013,0.982276320457458,0.0598784349858761,0.982276320457458,0.322622328996658,6,RAISE_D,30,1.34999990463257
106.459833,pitch,1,DEMAND_POS,0.648914098739624,1,16.1850471496582,1.05924141407013,0.982276320457458,0.0598784349858761,0.982276320457458,0.322622328996658,6,RAISE_D,30,1.34999990463257
106.499833,pitch,1,DEMAND_POS,0.645110964775085,1,16.1850471496582,1.05924141407013,0.982276320457458,0.0598784349858761,0.982276320457458,0.322622328996658,6,RAISE_D,30,1.34999990463257
106.539833,pitch,1,DEMAND_POS,0.63302344083786,1,16.1850471496582,1.05924141407013,0.982276320457458,0.0598784349858761,0.982276320457458,0.322622328996658,6,RAISE_D,30,1.34999990463257
106.579833,pitch,1,DEMAND_POS,0.615761041641235,1,16.1850471496582,1.05924141407013,0.982276320457458,0.0598784349858761,0.982276320457458,0.322622328996658,6,RAISE_D,30,1.34999990463257
106.619833,pitch,1,DEMAND_POS,0.593807876110077,1,16.1850471496582,1.05924141407013,0.982276320457458,0.0598784349858761,0.982276320457458,0.322622328996658,6,RAISE_D,30,1.34999990463257
106.659833,pitch,1,DEMAND_POS,0.570746064186096,1,16.1850471496582,1.05924141407013,0.982276320457458,0.0598784349858761,0.982276320457458,0.322622328996658,6,RAISE_D,30,1.34999990463257
106.699833,pitch,1,DEMAND_POS,0.547163665294647,1,16.1850471496582,1.05924141407013,0.982276320457458,0.0598784349858761,0.982276320457458,0.322622328996658,6,RAISE_D,30,1.34999990463257
106.739833,pitch,1,DEMAND_POS,0.524879276752472,1,16.1850471496582,1.05924141407013,0.982276320457458,0.0598784349858761,0.982276320457458,0.322622328996658,6,RAISE_D,30,1.34999990463257
106.779833,pitch,1,DEMAND_POS,0.504084587097168,1,16.1850471496582,1.05924141407013,0.982276320457458,0.0598784349858761,0.982276320457458,0.322622328996658,6,RAISE_D,30,1.34999990463257
106.819833,pitch,1,DEMAND_POS,0.485685646533966,1,16.1850471496582,1.05924141407013,0.982276320457458,0.0598784349858761,0.982276320457458,0.322622328996658,6,RAISE_D,30,1.34999990463257
106.859833,pitch,1,DEMAND_POS,0.470566511154175,1,16.1850471496582,1.05924141407013,0.982276320457458,0.0598784349858761,0.982276320457458,0.322622328996658,6,RAISE_D,30,1.34999990463257
106.899833,pitch,1,DEMAND_POS,0.457029104232788,1,16.1850471496582,1.05924141407013,0.982276320457458,0.0598784349858761,0.982276320457458,0.322622328996658,6,RAISE_D,30,1.34999990463257
106.939833,pitch,1,DEMAND_POS,0.446962267160416,1,16.1850471496582,1.05924141407013,0.982276320457458,0.0598784349858761,0.982276320457458,0.322622328996658,6,RAISE_D,30,1.34999990463257
106.979833,pitch,1,DEMAND_POS,0.442350566387177,1,16.1850471496582,1.05924141407013,0.982276320457458,0.0598784349858761,0.982276320457458,0.322622328996658,6,RAISE_D,30,1.34999990463257
107.019833,pitch,1,DEMAND_POS,0.445958316326141,1,16.1850471496582,1.05924141407013,0.982276320457458,0.0598784349858761,0.982276320457458,0.322622328996658,6,RAISE_D,30,1.34999990463257
107.059833,pitch,1,DEMAND_POS,0.451179653406143,1,16.1850471496582,1.05924141407013,0.982276320457458,0.0598784349858761,0.982276320457458,0.322622328996658,6,RAISE_D,30,1.34999990463257
107.099833,pitch,1,DEMAND_POS,0.454389452934265,1,16.1850471496582,1.05924141407013,0.982276320457458,0.0598784349858761,0.982276320457458,0.322622328996658,6,RAISE_D,30,1.34999990463257
107.139833,pitch,1,DEMAND_POS,0.457380414009094,1,16.1850471496582,1.05924141407013,0.982276320457458,0.0598784349858761,0.982276320457458,0.322622328996658,6,RAISE_D,30,1.34999990463257
107.179833,pitch,1,DEMAND_POS,0.460608065128326,1,16.1850471496582,1.05924141407013,0.982276320457458,0.0598784349858761,0.982276320457458,0.322622328996658,6,RAISE_D,30,1.34999990463257
107.219833,pitch,1,DEMAND_POS,0.463394284248352,1,16.1850471496582,1.05924141407013,0.982276320457458,0.0598784349858761,0.982276320457458,0.322622328996658,6,RAISE_D,30,1.34999990463257
107.259833,pitch,1,DEMAND_POS,0.465642780065536,1,16.1850471496582,1.05924141407013,0.982276320457458,0.0598784349858761,0.982276320457458,0.322622328996658,6,RAISE_D,30,1.34999990463257
107.299833,pitch,1,DEMAND_POS,0.467312335968018,1,16.1850471496582,1.05924141407013,0.982276320457458,0.0598784349858761,0.982276320457458,0.322622328996658,6,RAISE_D,30,1.34999990463257
107.339833,pitch,1,DEMAND_POS,0.469522923231125,1,16.1850471496582,1.05924141407013,0.982276320457458,0.0598784349858761,0.982276320457458,0.322622328996658,6,RAISE_D,30,1.34999990463257
107.379833,pitch,1,DEMAND_POS,0.471893519163132,1,16.1850471496582,1.05924141407013,0.982276320457458,0.0598784349858761,0.982276320457458,0.322622328996658,6,RAISE_D,30,1.34999990463257
107.419833,pitch,1,DEMAND_POS,0.476008892059326,1,16.1850471496582,1.05924141407013,0.982276320457458,0.0598784349858761,0.982276320457458,0.322622328996658,6,RAISE_D,30,1.34999990463257
107.459833,pitch,1,DEMAND_POS,0.480158865451813,1,16.1850471496582,1.05924141407013,0.982276320457458,0.0598784349858761,0.982276320457458,0.322622328996658,6,RAISE_D,30,1.34999990463257
107.499833,pitch,1,DEMAND_POS,0.485740005970001,1,16.1850471496582,1.05924141407013,0.982276320457458,0.0598784349858761,0.982276320457458,0.322622328996658,6,RAISE_D,30,1.34999990463257
107.539833,pitch,1,DEMAND_POS,0.490631550550461,1,16.1850471496582,1.05924141407013,0.982276320457458,0.0598784349858761,0.982276320457458,0.322622328996658,6,RAISE_D,30,1.34999990463257
107.579833,pitch,1,DEMAND_POS,0.495597034692764,1,16.1850471496582,1.05924141407013,0.982276320457458,0.0598784349858761,0.982276320457458,0.322622328996658,6,RAISE_D,30,1.34999990463257
107.619833,pitch,1,DEMAND_POS,0.506782650947571,1,16.1850471496582,1.05924141407013,0.982276320457458,0.0598784349858761,0.982276320457458,0.322622328996658,6,RAISE_D,30,1.34999990463257
107.659833,pitch,1,DEMAND_POS,0.518870532512665,1,16.1850471496582,1.05924141407013,0.982276320457458,0.0598784349858761,0.982276320457458,0.322622328996658,6,RAISE_D,30,1.34999990463257
107.699833,pitch,1,DEMAND_POS,0.529398262500763,1,16.1850471496582,1.05924141407013,0.982276320457458,0.0598784349858761,0.982276320457458,0.322622328996658,6,RAISE_D,30,1.34999990463257
107.739833,pitch,1,DEMAND_POS,0.538967967033386,1,16.1850471496582,1.05924141407013,0.982276320457458,0.0598784349858761,0.982276320457458,0.322622328996658,6,RAISE_D,30,1.34999990463257
107.779833,pitch,1,DEMAND_POS,0.546896755695343,1,16.1850471496582,1.05924141407013,0.982276320457458,0.0598784349858761,0.982276320457458,0.322622328996658,6,RAISE_D,30,1.34999990463257
107.819833,pitch,0,IDLE,0.278587758541107,1,3.34049510955811,1.22152292728424,0.982276320457458,0.0598784349858761,0.982276320457458,0.41940900683403,6,RAISE_D,30,1.34999990463257
107.859833,pitch,0,IDLE,-0.0254032462835312,1,4.46669721603394,1.22152292728424,0.982276320457458,0.0598784349858761,0.982276320457458,0.41940900683403,6,RAISE_D,30,1.34999990463257
107.899833,pitch,0,IDLE,-0.220740526914597,1,5.78712892532349,1.22152292728424,0.982276320457458,0.0598784349858761,0.982276320457458,0.41940900683403,6,RAISE_D,30,1.34999990463257
107.939833,pitch,0,IDLE,-0.280113279819489,1,7.18003082275391,1.22152292728424,0.982276320457458,0.0598784349858761,0.982276320457458,0.41940900683403,6,RAISE_D,30,1.34999990463257
107.979833,pitch,0,IDLE,-0.210201621055603,1,8.50327396392822,1.22152292728424,0.982276320457458,0.0598784349858761,0.982276320457458,0.41940900683403,6,RAISE_D,30,1.34999990463257
108.019833,pitch,0,IDLE,-0.047138012945652,1,9.72277450561523,1.22152292728424,0.982276320457458,0.0598784349858761,0.982276320457458,0.41940900683403,6,RAISE_D,30,1.34999990463257
108.059833,pitch,0,IDLE,0.145432740449905,1,10.8466653823853,1.22152292728424,0.982276320457458,0.0598784349858761,0.982276320457458,0.41940900683403,6,RAISE_D,30,1.34999990463257
108.099833,pitch,0,IDLE,0.303838104009628,1,11.8824434280396,1.22152292728424,0.982276320457458,0.0598784349858761,0.982276320457458,0.41940900683403,6,RAISE_D,30,1.34999990463257
108.139833,pitch,0,IDLE,0.376967877149582,1,12.7985095977783,1.22152292728424,0.982276320457458,0.0598784349858761,0.982276320457458,0.41940900683403,6,RAISE_D,30,1.34999990463257
108.179833,pitch,0,IDLE,0.349568128585815,1,13.5934495925903,1.22152292728424,0.982276320457458,0.0598784349858761,0.982276320457458,0.41940900683403,6,RAISE_D,30,1.34999990463257
108.219833,pitch,0,IDLE,0.231957226991653,1,14.2787132263184,1.22152292728424,0.982276320457458,0.0598784349858761,0.982276320457458,0.41940900683403,6,RAISE_D,30,1.34999990463257
108.259833,pitch,0,IDLE,0.0462019145488739,1,14.8647747039795,1.22152292728424,0.982276320457458,0.0598784349858761,0.982276320457458,0.41940900683403,6,RAISE_D,30,1.34999990463257
108.299833,pitch,0,IDLE,-0.161793142557144,1,15.3431348800659,1.22152292728424,0.982276320457458,0.0598784349858761,0.982276320457458,0.41940900683403,6,RAISE_D,30,1.34999990463257
108.339833,pitch,0,IDLE,-0.342793673276901,1,15.7188987731934,1.22152292728424,0.982276320457458,0.0598784349858761,0.982276320457458,0.41940900683403,6,RAISE_D,30,1.34999990463257
108.379833,pitch,0,IDLE,-0.453435808420181,1,16.0026893615723,1.22152292728424,0.982276320457458,0.0598784349858761,0.982276320457458,0.41940900683403,6,RAISE_D,30,1.34999990463257
108.419833,pitch,0,IDLE,-0.466801047325134,1,16.2041912078857,1.22152292728424,0.982276320457458,0.0598784349858761,0.982276320457458,0.41940900683403,6,RAISE_D,30,1.34999990463257
108.459833,pitch,0,IDLE,-0.386451601982117,1,16.3322334289551,1.22152292728424,0.982276320457458,0.0598784349858761,0.982276320457458,0.41940900683403,6,RAISE_D,30,1.34999990463257
108.499833,pitch,0,IDLE,-0.235282182693481,1,16.3948574066162,1.22152292728424,0.982276320457458,0.0598784349858761,0.982276320457458,0.41940900683403,6,RAISE_D,30,1.34999990463257
108.539833,pitch,0,IDLE,-0.0560922995209694,1,16.4039516448975,1.22152292728424,0.982276320457458,0.0598784349858761,0.982276320457458,0.41940900683403,6,RAISE_D,30,1.34999990463257
108.579833,pitch,0,IDLE,0.101027101278305,1,16.4039516448975,1.22152292728424,0.982276320457458,0.0598784349858761,0.982276320457458,0.41940900683403,6,RAISE_D,30,1.34999990463257
108.619833,pitch,0,IDLE,0.199040219187737,1,16.4039516448975,1.22152292728424,0.982276320457458,0.0598784349858761,0.982276320457458,0.41940900683403,6,RAISE_D,30,1.34999990463257
108.659833,pitch,0,IDLE,0.221968621015549,1,16.4039516448975,1.22152292728424,0.982276320457458,0.0598784349858761,0.982276320457458,0.41940900683403,6,RAISE_D,30,1.34999990463257
108.699833,pitch,0,IDLE,0.174579322338104,1,16.4039516448975,1.22152292728424,0.982276320457458,0.0598784349858761,0.982276320457458,0.41940900683403,6,RAISE_D,30,1.34999990463257
108.739833,pitch,0,IDLE,0.0691245049238205,1,16.4039516448975,1.22152292728424,0.982276320457458,0.0598784349858761,0.982276320457458,0.41940900683403,6,RAISE_D,30,1.34999990463257
108.779833,pitch,0,IDLE,-0.07304547727108,1,16.4039516448975,1.22152292728424,0.982276320457458,0.0598784349858761,0.982276320457458,0.41940900683403,6,RAISE_D,30,1.34999990463257
108.819833,pitch,0,IDLE,-0.220078274607658,1,16.4039516448975,1.22152292728424,0.982276320457458,0.0598784349858761,0.982276320457458,0.41940900683403,6,RAISE_D,30,1.34999990463257
108.859833,pitch,0,IDLE,-0.338579148054123,1,16.4039516448975,1.22152292728424,0.982276320457458,0.0598784349858761,0.982276320457458,0.41940900683403,6,RAISE_D,30,1.34999990463257
108.899833,pitch,0,IDLE,-0.404784560203552,1,16.4039516448975,1.22152292728424,0.982276320457458,0.0598784349858761,0.982276320457458,0.41940900683403,6,RAISE_D,30,1.34999990463257
108.939833,pitch,0,IDLE,-0.408286690711975,1,16.4039516448975,1.22152292728424,0.982276320457458,0.0598784349858761,0.982276320457458,0.41940900683403,6,RAISE_D,30,1.34999990463257
108.979833,pitch,0,IDLE,-0.355337738990784,1,16.4039516448975,1.22152292728424,0.982276320457458,0.0598784349858761,0.982276320457458,0.41940900683403,6,RAISE_D,30,1.34999990463257
109.019833,pitch,0,IDLE,-0.257492244243622,1,16.4039516448975,1.22152292728424,0.982276320457458,0.0598784349858761,0.982276320457458,0.41940900683403,6,RAISE_D,30,1.34999990463257
109.059833,pitch,0,IDLE,-0.138503894209862,1,16.4039516448975,1.22152292728424,0.982276320457458,0.0598784349858761,0.982276320457458,0.41940900683403,6,RAISE_D,30,1.34999990463257
109.099833,pitch,0,IDLE,-0.0274679958820343,1,16.4039516448975,1.22152292728424,0.982276320457458,0.0598784349858761,0.982276320457458,0.41940900683403,6,RAISE_D,30,1.34999990463257
109.139833,pitch,0,IDLE,0.0539321005344391,1,16.4039516448975,1.22152292728424,0.982276320457458,0.0598784349858761,0.982276320457458,0.41940900683403,6,RAISE_D,30,1.34999990463257
109.179833,pitch,0,IDLE,0.0960378050804138,1,16.4039516448975,1.22152292728424,0.982276320457458,0.0598784349858761,0.982276320457458,0.41940900683403,6,RAISE_D,30,1.34999990463257
109.219833,pitch,0,IDLE,0.0987380817532539,1,16.4039516448975,1.22152292728424,0.982276320457458,0.0598784349858761,0.982276320457458,0.41940900683403,6,RAISE_D,30,1.34999990463257
109.259833,pitch,0,IDLE,0.0702500566840172,1,16.4039516448975,1.22152292728424,0.982276320457458,0.0598784349858761,0.982276320457458,0.41940900683403,6,RAISE_D,30,1.34999990463257
109.299833,pitch,0,IDLE,0.0195400472730398,1,16.4039516448975,1.22152292728424,0.982276320457458,0.0598784349858761,0.982276320457458,0.41940900683403,6,RAISE_D,30,1.34999990463257
109.339833,pitch,0,IDLE,-0.0447064563632011,1,16.4039516448975,1.22152292728424,0.982276320457458,0.0598784349858761,0.982276320457458,0.41940900683403,6,RAISE_D,30,1.34999990463257
109.379833,pitch,0,IDLE,-0.110006421804428,1,16.4039516448975,1.22152292728424,0.982276320457458,0.0598784349858761,0.982276320457458,0.41940900683403,6,RAISE_D,30,1.34999990463257
109.419833,pitch,0,IDLE,-0.305578261613846,1,16.4039516448975,1.22152292728424,0.982276320457458,0.0598784349858761,0.982276320457458,0.41940900683403,6,RAISE_D,30,1.34999990463257
109.459833,pitch,0,IDLE,-0.696639895439148,1,16.4039516448975,1.22152292728424,0.982276320457458,0.0598784349858761,0.982276320457458,0.41940900683403,6,RAISE_D,30,1.34999990463257
109.499833,pitch,0,IDLE,-0.98992919921875,1,16.4039516448975,1.22152292728424,0.982276320457458,0.0598784349858761,0.982276320457458,0.41940900683403,6,RAISE_D,30,1.34999990463257
109.539833,pitch,0,IDLE,-1.11407935619354,1,16.4039516448975,1.22152292728424,0.982276320457458,0.0598784349858761,0.982276320457458,0.41940900683403,6,RAISE_D,30,1.34999990463257
109.579833,pitch,0,IDLE,-1.05344700813293,1,16.4039516448975,1.22152292728424,0.982276320457458,0.0598784349858761,0.982276320457458,0.41940900683403,6,RAISE_D,30,1.34999990463257
109.619833,pitch,0,IDLE,-0.841052532196045,1,16.4039516448975,1.22152292728424,0.982276320457458,0.0598784349858761,0.982276320457458,0.41940900683403,6,RAISE_D,30,1.34999990463257
109.659833,pitch,0,IDLE,-0.547515273094177,1,16.4039516448975,1.22152292728424,0.982276320457458,0.0598784349858761,0.982276320457458,0.41940900683403,6,RAISE_D,30,1.34999990463257
109.699833,pitch,0,IDLE,-0.265544265508652,1,17.5094928741455,1.22152292728424,0.982276320457458,0.0598784349858761,0.982276320457458,0.41940900683403,6,RAISE_D,30,1.34999990463257
109.739833,pitch,0,IDLE,-0.0821659937500954,1,18.6663970947266,1.22152292728424,0.982276320457458,0.0598784349858761,0.982276320457458,0.41940900683403,6,RAISE_D,30,1.34999990463257
109.779833,pitch,0,IDLE,-0.0484132766723633,1,19.6656761169434,1.22152292728424,0.982276320457458,0.0598784349858761,0.982276320457458,0.41940900683403,6,RAISE_D,30,1.34999990463257
109.819833,pitch,0,IDLE,-0.171686470508575,1,20.5223407745361,1.22152292728424,0.982276320457458,0.0598784349858761,0.982276320457458,0.41940900683403,6,RAISE_D,30,1.34999990463257
109.859833,pitch,0,IDLE,-0.418668150901794,1,21.2501125335693,1.22152292728424,0.982276320457458,0.0598784349858761,0.982276320457458,0.41940900683403,6,RAISE_D,30,1.34999990463257
109.899833,pitch,0,IDLE,-0.724609851837158,1,21.8529758453369,1.22152292728424,0.982276320457458,0.0598784349858761,0.982276320457458,0.41940900683403,6,RAISE_D,30,1.34999990463257
109.939833,pitch,0,IDLE,-0.993803858757019,1,22.3187274932861,1.22152292728424,0.982276320457458,0.0598784349858761,0.982276320457458,0.41940900683403,6,RAISE_D,30,1.34999990463257
109.979833,pitch,0,IDLE,-1.15727782249451,1,22.6616744995117,1.22152292728424,0.982276320457458,0.0598784349858761,0.982276320457458,0.41940900683403,6,RAISE_D,30,1.34999990463257
110.019833,pitch,0,IDLE,-1.18345642089844,1,22.8948631286621,1.22152292728424,0.982276320457458,0.0598784349858761,0.982276320457458,0.41940900683403,6,RAISE_D,30,1.34999990463257
110.059833,pitch,0,IDLE,-1.07328855991364,1,23.0301780700684,1.22152292728424,0.982276320457458,0.0598784349858761,0.982276320457458,0.41940900683403,6,RAISE_D,30,1.34999990463257
110.099833,pitch,0,IDLE,-0.86074960231781,1,23.0784473419189,1.22152292728424,0.982276320457458,0.0598784349858761,0.982276320457458,0.41940900683403,6,RAISE_D,30,1.34999990463257
110.139833,pitch,0,IDLE,-0.606471955776215,1,23.0784473419189,1.22152292728424,0.982276320457458,0.0598784349858761,0.982276320457458,0.41940900683403,6,RAISE_D,30,1.34999990463257
110.179833,pitch,0,IDLE,-0.380678296089172,1,23.0784473419189,1.22152292728424,0.982276320457458,0.0598784349858761,0.982276320457458,0.41940900683403,6,RAISE_D,30,1.34999990463257
110.219833,pitch,0,IDLE,-0.242329671978951,1,23.0784473419189,1.22152292728424,0.982276320457458,0.0598784349858761,0.982276320457458,0.41940900683403,6,RAISE_D,30,1.34999990463257
110.259833,pitch,0,IDLE,-0.217018142342567,1,23.0784473419189,1.22152292728424,0.982276320457458,0.0598784349858761,0.982276320457458,0.41940900683403,6,RAISE_D,30,1.34999990463257
110.299833,pitch,0,IDLE,-0.304255366325378,1,23.0784473419189,1.22152292728424,0.982276320457458,0.0598784349858761,0.982276320457458,0.41940900683403,6,RAISE_D,30,1.34999990463257
110.339833,pitch,0,IDLE,-0.47875714302063,1,23.0784473419189,1.22152292728424,0.982276320457458,0.0598784349858761,0.982276320457458,0.41940900683403,6,RAISE_D,30,1.34999990463257
110.379833,pitch,0,IDLE,-0.689531564712524,1,23.0784473419189,1.22152292728424,0.982276320457458,0.0598784349858761,0.982276320457458,0.41940900683403,6,RAISE_D,30,1.34999990463257
110.419833,pitch,0,IDLE,-0.875857353210449,1,23.0784473419189,1.22152292728424,0.982276320457458,0.0598784349858761,0.982276320457458,0.41940900683403,6,RAISE_D,30,1.34999990463257
110.459833,pitch,0,IDLE,-0.986918807029724,1,23.0784473419189,1.22152292728424,0.982276320457458,0.0598784349858761,0.982276320457458,0.41940900683403,6,RAISE_D,30,1.34999990463257
110.499833,pitch,0,IDLE,-0.991491556167603,1,23.0784473419189,1.22152292728424,0.982276320457458,0.0598784349858761,0.982276320457458,0.41940900683403,6,RAISE_D,30,1.34999990463257
110.539833,pitch,0,IDLE,-0.88268256187439,1,23.0784473419189,1.22152292728424,0.982276320457458,0.0598784349858761,0.982276320457458,0.41940900683403,6,RAISE_D,30,1.34999990463257
110.579833,pitch,0,IDLE,-0.688174605369568,1,23.0784473419189,1.22152292728424,0.982276320457458,0.0598784349858761,0.982276320457458,0.41940900683403,6,RAISE_D,30,1.34999990463257
110.619833,pitch,0,IDLE,-0.469632387161255,1,23.0784473419189,1.22152292728424,0.982276320457458,0.0598784349858761,0.982276320457458,0.41940900683403,6,RAISE_D,30,1.34999990463257
110.659833,pitch,0,IDLE,-0.291753798723221,1,23.0784473419189,1.22152292728424,0.982276320457458,0.0598784349858761,0.982276320457458,0.41940900683403,6,RAISE_D,30,1.34999990463257
110.699833,pitch,0,IDLE,-0.192956119775772,1,23.0784473419189,1.22152292728424,0.982276320457458,0.0598784349858761,0.982276320457458,0.41940900683403,6,RAISE_D,30,1.34999990463257
110.739833,pitch,0,IDLE,-0.188150927424431,1,23.0784473419189,1.22152292728424,0.982276320457458,0.0598784349858761,0.982276320457458,0.41940900683403,6,RAISE_D,30,1.34999990463257
110.779833,pitch,0,IDLE,-0.272808194160461,1,23.0784473419189,1.22152292728424,0.982276320457458,0.0598784349858761,0.982276320457458,0.41940900683403,6,RAISE_D,30,1.34999990463257
110.819833,pitch,0,IDLE,-0.422091960906982,1,23.0784473419189,1.22152292728424,0.982276320457458,0.0598784349858761,0.982276320457458,0.41940900683403,6,RAISE_D,30,1.34999990463257
110.859833,pitch,0,IDLE,-0.59844583272934,1,23.0784473419189,1.22152292728424,0.982276320457458,0.0598784349858761,0.982276320457458,0.41940900683403,6,RAISE_D,30,1.34999990463257
110.899833,pitch,0,IDLE,-0.756148099899292,1,23.0784473419189,1.22152292728424,0.982276320457458,0.0598784349858761,0.982276320457458,0.41940900683403,6,RAISE_D,30,1.34999990463257
110.939833,pitch,0,IDLE,-0.85108757019043,1,23.0784473419189,1.22152292728424,0.982276320457458,0.0598784349858761,0.982276320457458,0.41940900683403,6,RAISE_D,30,1.34999990463257
110.979833,pitch,0,IDLE,-0.863084256649017,1,23.0784473419189,1.22152292728424,0.982276320457458,0.0598784349858761,0.982276320457458,0.41940900683403,6,RAISE_D,30,1.34999990463257
111.019833,pitch,0,IDLE,-0.79118138551712,1,23.0784473419189,1.22152292728424,0.982276320457458,0.0598784349858761,0.982276320457458,0.41940900683403,6,RAISE_D,30,1.34999990463257
111.059833,pitch,0,IDLE,-0.652132391929626,1,23.0784473419189,1.22152292728424,0.982276320457458,0.0598784349858761,0.982276320457458,0.41940900683403,6,RAISE_D,30,1.34999990463257
111.099833,pitch,0,IDLE,-0.483947843313217,1,23.0784473419189,1.22152292728424,0.982276320457458,0.0598784349858761,0.982276320457458,0.41940900683403,6,RAISE_D,30,1.34999990463257
111.139833,pitch,0,IDLE,-0.330678880214691,1,23.0784473419189,1.22152292728424,0.982276320457458,0.0598784349858761,0.982276320457458,0.41940900683403,6,RAISE_D,30,1.34999990463257
111.179833,pitch,0,IDLE,-0.234694764018059,1,23.0784473419189,1.22152292728424,0.982276320457458,0.0598784349858761,0.982276320457458,0.41940900683403,6,RAISE_D,30,1.34999990463257
111.219833,pitch,0,IDLE,-0.217903792858124,1,23.0784473419189,1.22152292728424,0.982276320457458,0.0598784349858761,0.982276320457458,0.41940900683403,6,RAISE_D,30,1.34999990463257
111.259833,pitch,0,IDLE,-0.287521809339523,1,23.0784473419189,1.22152292728424,0.982276320457458,0.0598784349858761,0.982276320457458,0.41940900683403,6,RAISE_D,30,1.34999990463257
111.299833,pitch,0,IDLE,-0.426758408546448,1,23.0784473419189,1.22152292728424,0.982276320457458,0.0598784349858761,0.982276320457458,0.41940900683403,6,RAISE_D,30,1.34999990463257
111.339833,pitch,0,IDLE,-0.592597424983978,1,23.0784473419189,1.22152292728424,0.982276320457458,0.0598784349858761,0.982276320457458,0.41940900683403,6,RAISE_D,30,1.34999990463257
111.379833,pitch,0,IDLE,-0.741125464439392,1,23.0784473419189,1.22152292728424,0.982276320457458,0.0598784349858761,0.982276320457458,0.41940900683403,6,RAISE_D,30,1.34999990463257
111.419833,pitch,0,IDLE,-0.830907046794891,1,23.0784473419189,1.22152292728424,0.982276320457458,0.0598784349858761,0.982276320457458,0.41940900683403,6,RAISE_D,30,1.34999990463257
111.459833,pitch,0,IDLE,-0.839838147163391,1,23.0784473419189,1.22152292728424,0.982276320457458,0.0598784349858761,0.982276320457458,0.41940900683403,6,RAISE_D,30,1.34999990463257
111.499833,pitch,0,IDLE,-0.768590569496155,1,23.0784473419189,1.22152292728424,0.982276320457458,0.0598784349858761,0.982276320457458,0.41940900683403,6,RAISE_D,30,1.34999990463257
111.539833,pitch,0,IDLE,-0.631887257099152,1,23.0784473419189,1.22152292728424,0.982276320457458,0.0598784349858761,0.982276320457458,0.41940900683403,6,RAISE_D,30,1.34999990463257
111.579833,pitch,0,IDLE,-0.462426364421844,1,23.0784473419189,1.22152292728424,0.982276320457458,0.0598784349858761,0.982276320457458,0.41940900683403,6,RAISE_D,30,1.34999990463257
111.619833,pitch,0,IDLE,-0.302730202674866,1,23.0784473419189,1.22152292728424,0.982276320457458,0.0598784349858761,0.982276320457458,0.41940900683403,6,RAISE_D,30,1.34999990463257
111.659833,pitch,0,IDLE,-0.193623721599579,1,23.0784473419189,1.22152292728424,0.982276320457458,0.0598784349858761,0.982276320457458,0.41940900683403,6,RAISE_D,30,1.34999990463257
111.699833,pitch,0,IDLE,-0.163911864161491,1,23.0784473419189,1.22152292728424,0.982276320457458,0.0598784349858761,0.982276320457458,0.41940900683403,6,RAISE_D,30,1.34999990463257
111.739833,pitch,0,IDLE,-0.224291443824768,1,23.0784473419189,1.22152292728424,0.982276320457458,0.0598784349858761,0.982276320457458,0.41940900683403,6,RAISE_D,30,1.34999990463257
111.779833,pitch,0,IDLE,-0.359190374612808,1,23.0784473419189,1.22152292728424,0.982276320457458,0.0598784349858761,0.982276320457458,0.41940900683403,6,RAISE_D,30,1.34999990463257
111.819833,pitch,0,IDLE,-0.532437562942505,1,23.0784473419189,1.22152292728424,0.982276320457458,0.0598784349858761,0.982276320457458,0.41940900683403,6,RAISE_D,30,1.34999990463257
111.859833,pitch,0,IDLE,-0.692966163158417,1,23.0784473419189,1.22152292728424,0.982276320457458,0.0598784349858761,0.982276320457458,0.41940900683403,6,RAISE_D,30,1.34999990463257
111.899833,pitch,0,IDLE,-0.794205605983734,1,23.0784473419189,1.22152292728424,0.982276320457458,0.0598784349858761,0.982276320457458,0.41940900683403,6,RAISE_D,30,1.34999990463257
111.939833,pitch,0,IDLE,-0.812543928623199,1,23.0784473419189,1.22152292728424,0.982276320457458,0.0598784349858761,0.982276320457458,0.41940900683403,6,RAISE_D,30,1.34999990463257
111.979833,pitch,0,IDLE,-0.749386548995972,1,23.0784473419189,1.22152292728424,0.982276320457458,0.0598784349858761,0.982276320457458,0.41940900683403,6,RAISE_D,30,1.34999990463257
112.019833,pitch,0,IDLE,-0.623300909996033,1,23.0784473419189,1.22152292728424,0.982276320457458,0.0598784349858761,0.982276320457458,0.41940900683403,6,RAISE_D,30,1.34999990463257
112.059833,pitch,0,IDLE,-0.458104431629181,1,23.0784473419189,1.22152292728424,0.982276320457458,0.0598784349858761,0.982276320457458,0.41940900683403,6,RAISE_D,30,1.34999990463257
112.099833,pitch,0,IDLE,-0.2948057949543,1,23.0784473419189,1.22152292728424,0.982276320457458,0.0598784349858761,0.982276320457458,0.41940900683403,6,RAISE_D,30,1.34999990463257
112.139833,pitch,0,IDLE,0.125493764877319,1,23.0784473419189,1.22152292728424,0.982276320457458,0.0598784349858761,0.982276320457458,0.41940900683403,6,RAISE_D,30,1.34999990463257
112.179833,pitch,0,IDLE,0.477522403001785,1,23.0784473419189,1.22152292728424,0.982276320457458,0.0598784349858761,0.982276320457458,0.41940900683403,6,RAISE_D,30,1.34999990463257
112.219833,pitch,0,IDLE,0.622005224227905,1,23.0784473419189,1.22152292728424,0.982276320457458,0.0598784349858761,0.982276320457458,0.41940900683403,6,RAISE_D,30,1.34999990463257
112.259833,pitch,0,IDLE,0.537238955497742,1,23.0784473419189,1.22152292728424,0.982276320457458,0.0598784349858761,0.982276320457458,0.41940900683403,6,RAISE_D,30,1.34999990463257
112.299833,pitch,0,IDLE,0.266989499330521,1,23.0784473419189,1.22152292728424,0.982276320457458,0.0598784349858761,0.982276320457458,0.41940900683403,6,RAISE_D,30,1.34999990463257
112.339833,pitch,0,IDLE,-0.0928253531455994,1,23.0784473419189,1.22152292728424,0.982276320457458,0.0598784349858761,0.982276320457458,0.41940900683403,6,RAISE_D,30,1.34999990463257
112.379833,pitch,0,IDLE,-0.426030725240707,1,23.0784473419189,1.22152292728424,0.982276320457458,0.0598784349858761,0.982276320457458,0.41940900683403,6,RAISE_D,30,1.34999990463257
112.419833,pitch,0,IDLE,-0.627754986286163,1,23.0784473419189,1.22152292728424,0.982276320457458,0.0598784349858761,0.982276320457458,0.41940900683403,6,RAISE_D,30,1.34999990463257
112.459833,pitch,0,IDLE,-0.64350438117981,1,23.0784473419189,1.22152292728424,0.982276320457458,0.0598784349858761,0.982276320457458,0.41940900683403,6,RAISE_D,30,1.34999990463257
112.499833,pitch,0,IDLE,-0.469829469919205,1,23.0784473419189,1.22152292728424,0.982276320457458,0.0598784349858761,0.982276320457458,0.41940900683403,6,RAISE_D,30,1.34999990463257
112.539833,pitch,0,IDLE,-0.158660352230072,1,23.0784473419189,1.22152292728424,0.982276320457458,0.0598784349858761,0.982276320457458,0.41940900683403,6,RAISE_D,30,1.34999990463257
112.579833,pitch,0,IDLE,0.201156005263329,1,23.3968238830566,1.22152292728424,0.982276320457458,0.0598784349858761,0.982276320457458,0.41940900683403,6,RAISE_D,30,1.34999990463257
112.619833,pitch,0,IDLE,0.51019674539566,1,23.8612823486328,1.22152292728424,0.982276320457458,0.0598784349858761,0.982276320457458,0.41940900683403,6,RAISE_D,30,1.34999990463257
112.659833,pitch,0,IDLE,0.6810702085495,1,24.1982955932617,1.22152292728424,0.982276320457458,0.0598784349858761,0.982276320457458,0.41940900683403,6,RAISE_D,30,1.34999990463257
112.699833,pitch,0,IDLE,0.672650873661041,1,24.4214630126953,1.22152292728424,0.982276320457458,0.0598784349858761,0.982276320457458,0.41940900683403,6,RAISE_D,30,1.34999990463257
112.739833,pitch,0,IDLE,0.495241582393646,1,24.5431690216064,1.22152292728424,0.982276320457458,0.0598784349858761,0.982276320457458,0.41940900683403,6,RAISE_D,30,1.34999990463257
112.779833,pitch,0,IDLE,0.205667406320572,1,24.5746917724609,1.22152292728424,0.982276320457458,0.0598784349858761,0.982276320457458,0.41940900683403,6,RAISE_D,30,1.34999990463257
112.819833,pitch,0,IDLE,-0.106440767645836,1,24.5746917724609,1.22152292728424,0.982276320457458,0.0598784349858761,0.982276320457458,0.41940900683403,6,RAISE_D,30,1.34999990463257
112.859833,pitch,0,IDLE,-0.348190665245056,1,24.5746917724609,1.22152292728424,0.982276320457458,0.0598784349858761,0.982276320457458,0.41940900683403,6,RAISE_D,30,1.34999990463257
112.899833,pitch,0,IDLE,-0.449895530939102,1,24.5746917724609,1.22152292728424,0.982276320457458,0.0598784349858761,0.982276320457458,0.41940900683403,6,RAISE_D,30,1.34999990463257
112.939833,pitch,0,IDLE,-0.386864393949509,1,24.5746917724609,1.22152292728424,0.982276320457458,0.0598784349858761,0.982276320457458,0.41940900683403,6,RAISE_D,30,1.34999990463257
112.979833,pitch,0,IDLE,-0.18077740073204,1,24.5746917724609,1.22152292728424,0.982276320457458,0.0598784349858761,0.982276320457458,0.41940900683403,6,RAISE_D,30,1.34999990463257
113.019833,pitch,0,IDLE,0.105094835162163,1,24.5746917724609,1.22152292728424,0.982276320457458,0.0598784349858761,0.982276320457458,0.41940900683403,6,RAISE_D,30,1.34999990463257
113.059833,pitch,0,IDLE,0.384792506694794,1,24.5746917724609,1.22152292728424,0.982276320457458,0.0598784349858761,0.982276320457458,0.41940900683403,6,RAISE_D,30,1.34999990463257
113.099833,pitch,0,IDLE,0.581995248794556,1,24.5746917724609,1.22152292728424,0.982276320457458,0.0598784349858761,0.982276320457458,0.41940900683403,6,RAISE_D,30,1.34999990463257
113.139833,pitch,0,IDLE,0.640770733356476,1,24.5746917724609,1.22152292728424,0.982276320457458,0.0598784349858761,0.982276320457458,0.41940900683403,6,RAISE_D,30,1.34999990463257
113.179833,pitch,0,IDLE,0.54535984992981,1,24.5746917724609,1.22152292728424,0.982276320457458,0.0598784349858761,0.982276320457458,0.41940900683403,6,RAISE_D,30,1.34999990463257
113.219833,pitch,0,IDLE,0.325019657611847,1,24.5746917724609,1.22152292728424,0.982276320457458,0.0598784349858761,0.982276320457458,0.41940900683403,6,RAISE_D,30,1.34999990463257
113.259833,pitch,0,IDLE,0.0492434501647949,1,24.5746917724609,1.22152292728424,0.982276320457458,0.0598784349858761,0.982276320457458,0.41940900683403,6,RAISE_D,30,1.34999990463257
113.299833,pitch,0,IDLE,-0.199159979820251,1,24.5746917724609,1.22152292728424,0.982276320457458,0.0598784349858761,0.982276320457458,0.41940900683403,6,RAISE_D,30,1.34999990463257
113.339833,pitch,0,IDLE,-0.345369905233383,1,24.5746917724609,1.22152292728424,0.982276320457458,0.0598784349858761,0.982276320457458,0.41940900683403,6,RAISE_D,30,1.34999990463257
113.379833,pitch,0,IDLE,-0.351617306470871,1,24.5746917724609,1.22152292728424,0.982276320457458,0.0598784349858761,0.982276320457458,0.41940900683403,6,RAISE_D,30,1.34999990463257
113.419833,pitch,0,IDLE,-0.218807369470596,1,24.5746917724609,1.22152292728424,0.982276320457458,0.0598784349858761,0.982276320457458,0.41940900683403,6,RAISE_D,30,1.34999990463257
113.459833,pitch,0,IDLE,0.0106664448976517,1,24.5746917724609,1.22152292728424,0.982276320457458,0.0598784349858761,0.982276320457458,0.41940900683403,6,RAISE_D,30,1.34999990463257
113.499833,pitch,0,IDLE,0.266791522502899,1,24.5746917724609,1.22152292728424,0.982276320457458,0.0598784349858761,0.982276320457458,0.41940900683403,6,RAISE_D,30,1.34999990463257
113.539833,pitch,0,IDLE,0.475754678249359,1,24.5746917724609,1.22152292728424,0.982276320457458,0.0598784349858761,0.982276320457458,0.41940900683403,6,RAISE_D,30,1.34999990463257
113.579833,pitch,0,IDLE,0.584965407848358,1,24.5746917724609,1.22152292728424,0.982276320457458,0.0598784349858761,0.982276320457458,0.41940900683403,6,RAISE_D,30,1.34999990463257
113.619833,pitch,0,IDLE,0.5741006731987,1,24.5746917724609,1.22152292728424,0.982276320457458,0.0598784349858761,0.982276320457458,0.41940900683403,6,RAISE_D,30,1.34999990463257
113.659833,pitch,0,IDLE,0.453932732343674,1,24.5746917724609,1.22152292728424,0.982276320457458,0.0598784349858761,0.982276320457458,0.41940900683403,6,RAISE_D,30,1.34999990463257
113.699833,pitch,0,IDLE,0.258176237344742,1,24.5746917724609,1.22152292728424,0.982276320457458,0.0598784349858761,0.982276320457458,0.41940900683403,6,RAISE_D,30,1.34999990463257
113.739833,pitch,0,IDLE,0.173330157995224,1,24.5746917724609,1.22152292728424,0.982276320457458,0.0598784349858761,0.982276320457458,0.41940900683403,6,RAISE_D,30,1.34999990463257
113.779833,pitch,0,IDLE,0.323362648487091,1,24.5746917724609,1.22152292728424,0.982276320457458,0.0598784349858761,0.982276320457458,0.41940900683403,6,RAISE_D,30,1.34999990463257
113.819833,pitch,0,IDLE,0.483889192342758,1,24.5746917724609,1.22152292728424,0.982276320457458,0.0598784349858761,0.982276320457458,0.41940900683403,6,RAISE_D,30,1.34999990463257
113.859833,pitch,0,IDLE,0.617929518222809,1,24.5746917724609,1.22152292728424,0.982276320457458,0.0598784349858761,0.982276320457458,0.41940900683403,6,RAISE_D,30,1.34999990463257
113.899833,pitch,0,IDLE,0.703666865825653,1,24.5746917724609,1.22152292728424,0.982276320457458,0.0598784349858761,0.982276320457458,0.41940900683403,6,RAISE_D,30,1.34999990463257
113.939833,pitch,0,IDLE,0.728309273719788,1,24.5746917724609,1.22152292728424,0.982276320457458,0.0598784349858761,0.982276320457458,0.41940900683403,6,RAISE_D,30,1.34999990463257
113.979833,pitch,0,IDLE,0.691013336181641,1,24.5746917724609,1.22152292728424,0.982276320457458,0.0598784349858761,0.982276320457458,0.41940900683403,6,RAISE_D,30,1.34999990463257
114.019833,pitch,0,IDLE,0.602181911468506,1,24.5746917724609,1.22152292728424,0.982276320457458,0.0598784349858761,0.982276320457458,0.41940900683403,6,RAISE_D,30,1.34999990463257
114.059833,pitch,0,IDLE,0.488051027059555,1,24.5746917724609,1.22152292728424,0.982276320457458,0.0598784349858761,0.982276320457458,0.41940900683403,6,RAISE_D,30,1.34999990463257
114.099833,pitch,0,IDLE,0.379605621099472,1,24.5746917724609,1.22152292728424,0.982276320457458,0.0598784349858761,0.982276320457458,0.41940900683403,6,RAISE_D,30,1.34999990463257
114.139833,pitch,0,IDLE,0.304860711097717,1,24.5746917724609,1.22152292728424,0.982276320457458,0.0598784349858761,0.982276320457458,0.41940900683403,6,RAISE_D,30,1.34999990463257
114.179833,pitch,0,IDLE,0.275846689939499,1,24.5746917724609,1.22152292728424,0.982276320457458,0.0598784349858761,0.982276320457458,0.41940900683403,6,RAISE_D,30,1.34999990463257
114.219833,pitch,0,IDLE,0.296620309352875,1,24.5746917724609,1.22152292728424,0.982276320457458,0.0598784349858761,0.982276320457458,0.41940900683403,6,RAISE_D,30,1.34999990463257
114.259833,pitch,0,IDLE,0.362541735172272,1,24.5746917724609,1.22152292728424,0.982276320457458,0.0598784349858761,0.982276320457458,0.41940900683403,6,RAISE_D,30,1.34999990463257
114.299833,pitch,0,IDLE,0.452612400054932,1,24.5746917724609,1.22152292728424,0.982276320457458,0.0598784349858761,0.982276320457458,0.41940900683403,6,RAISE_D,30,1.34999990463257
114.339833,pitch,0,IDLE,0.553004086017609,1,24.5746917724609,1.22152292728424,0.982276320457458,0.0598784349858761,0.982276320457458,0.41940900683403,6,RAISE_D,30,1.34999990463257
114.379833,pitch,0,IDLE,0.651654243469238,1,24.5746917724609,1.22152292728424,0.982276320457458,0.0598784349858761,0.982276320457458,0.41940900683403,6,RAISE_D,30,1.34999990463257
114.419833,pitch,0,IDLE,0.733214199542999,1,24.5746917724609,1.22152292728424,0.982276320457458,0.0598784349858761,0.982276320457458,0.41940900683403,6,RAISE_D,30,1.34999990463257
114.459833,pitch,0,IDLE,0.779604136943817,1,24.5746917724609,1.22152292728424,0.982276320457458,0.0598784349858761,0.982276320457458,0.41940900683403,6,RAISE_D,30,1.34999990463257
114.499833,pitch,0,IDLE,0.778156757354736,1,24.5746917724609,1.22152292728424,0.982276320457458,0.0598784349858761,0.982276320457458,0.41940900683403,6,RAISE_D,30,1.34999990463257
114.539833,pitch,0,IDLE,0.731302976608276,1,24.5746917724609,1.22152292728424,0.982276320457458,0.0598784349858761,0.982276320457458,0.41940900683403,6,RAISE_D,30,1.34999990463257
114.579833,pitch,0,IDLE,0.645563125610352,1,24.5746917724609,1.22152292728424,0.982276320457458,0.0598784349858761,0.982276320457458,0.41940900683403,6,RAISE_D,30,1.34999990463257
114.619833,pitch,0,IDLE,0.53774106502533,1,24.5746917724609,1.22152292728424,0.982276320457458,0.0598784349858761,0.982276320457458,0.41940900683403,6,RAISE_D,30,1.34999990463257
114.659833,pitch,0,IDLE,0.438799798488617,1,24.5746917724609,1.22152292728424,0.982276320457458,0.0598784349858761,0.982276320457458,0.41940900683403,6,RAISE_D,30,1.34999990463257
114.699833,pitch,0,IDLE,0.368135094642639,1,24.5746917724609,1.22152292728424,0.982276320457458,0.0598784349858761,0.982276320457458,0.41940900683403,6,RAISE_D,30,1.34999990463257
114.739833,pitch,0,IDLE,0.336477071046829,1,24.5746917724609,1.22152292728424,0.982276320457458,0.0598784349858761,0.982276320457458,0.41940900683403,6,RAISE_D,30,1.34999990463257
114.779833,pitch,0,IDLE,0.342854499816895,1,24.5746917724609,1.22152292728424,0.982276320457458,0.0598784349858761,0.982276320457458,0.41940900683403,6,RAISE_D,30,1.34999990463257
114.819833,pitch,0,IDLE,0.379177123308182,1,24.5746917724609,1.22152292728424,0.982276320457458,0.0598784349858761,0.982276320457458,0.41940900683403,6,RAISE_D,30,1.34999990463257
114.859833,pitch,0,IDLE,0.437810987234116,1,24.5746917724609,1.22152292728424,0.982276320457458,0.0598784349858761,0.982276320457458,0.41940900683403,6,RAISE_D,30,1.34999990463257
114.899833,pitch,0,IDLE,0.510955512523651,1,24.5746917724609,1.22152292728424,0.982276320457458,0.0598784349858761,0.982276320457458,0.41940900683403,6,RAISE_D,30,1.34999990463257
114.939833,pitch,0,IDLE,0.592414855957031,1,24.5746917724609,1.22152292728424,0.982276320457458,0.0598784349858761,0.982276320457458,0.41940900683403,6,RAISE_D,30,1.34999990463257
114.979833,pitch,0,IDLE,0.666353404521942,1,24.5746917724609,1.22152292728424,0.982276320457458,0.0598784349858761,0.982276320457458,0.41940900683403,6,RAISE_D,30,1.34999990463257
115.019833,pitch,0,IDLE,0.725643694400787,1,24.5746917724609,1.22152292728424,0.982276320457458,0.0598784349858761,0.982276320457458,0.41940900683403,6,RAISE_D,30,1.34999990463257
115.059833,pitch,0,IDLE,0.77116322517395,1,24.5746917724609,1.22152292728424,0.982276320457458,0.0598784349858761,0.982276320457458,0.41940900683403,6,RAISE_D,30,1.34999990463257
115.099833,pitch,0,IDLE,0.801299273967743,1,24.5746917724609,1.22152292728424,0.982276320457458,0.0598784349858761,0.982276320457458,0.41940900683403,6,RAISE_D,30,1.34999990463257
115.139833,pitch,0,IDLE,0.816884458065033,1,24.5746917724609,1.22152292728424,0.982276320457458,0.0598784349858761,0.982276320457458,0.41940900683403,6,RAISE_D,30,1.34999990463257
115.179833,pitch,0,IDLE,0.818459391593933,1,24.5746917724609,1.22152292728424,0.982276320457458,0.0598784349858761,0.982276320457458,0.41940900683403,6,RAISE_D,30,1.34999990463257
115.219833,pitch,0,IDLE,0.809503734111786,1,24.5746917724609,1.22152292728424,0.982276320457458,0.0598784349858761,0.982276320457458,0.41940900683403,6,RAISE_D,30,1.34999990463257
115.259833,pitch,0,IDLE,0.792964339256287,1,24.5746917724609,1.22152292728424,0.982276320457458,0.0598784349858761,0.982276320457458,0.41940900683403,6,RAISE_D,30,1.34999990463257
115.299833,pitch,0,IDLE,0.770687103271484,1,24.5746917724609,1.22152292728424,0.982276320457458,0.0598784349858761,0.982276320457458,0.41940900683403,6,RAISE_D,30,1.34999990463257
115.339833,pitch,0,IDLE,0.744697749614716,1,24.5746917724609,1.22152292728424,0.982276320457458,0.0598784349858761,0.982276320457458,0.41940900683403,6,RAISE_D,30,1.34999990463257
115.379833,pitch,0,IDLE,0.716289877891541,1,24.5746917724609,1.22152292728424,0.982276320457458,0.0598784349858761,0.982276320457458,0.41940900683403,6,RAISE_D,30,1.34999990463257
115.419833,pitch,0,IDLE,0.689773261547089,1,24.5746917724609,1.22152292728424,0.982276320457458,0.0598784349858761,0.982276320457458,0.41940900683403,6,RAISE_D,30,1.34999990463257
115.459833,pitch,0,IDLE,0.66735577583313,1,24.5746917724609,1.22152292728424,0.982276320457458,0.0598784349858761,0.982276320457458,0.41940900683403,6,RAISE_D,30,1.34999990463257
115.499833,pitch,0,IDLE,0.652250349521637,1,24.5746917724609,1.22152292728424,0.982276320457458,0.0598784349858761,0.982276320457458,0.41940900683403,6,RAISE_D,30,1.34999990463257
115.539833,pitch,0,IDLE,0.647439777851105,1,24.5746917724609,1.22152292728424,0.982276320457458,0.0598784349858761,0.982276320457458,0.41940900683403,6,RAISE_D,30,1.34999990463257
115.579833,pitch,0,IDLE,0.642643511295319,1,24.5746917724609,1.22152292728424,0.982276320457458,0.0598784349858761,0.982276320457458,0.41940900683403,6,RAISE_D,30,1.34999990463257
115.619833,pitch,0,IDLE,0.637350380420685,1,24.5746917724609,1.22152292728424,0.982276320457458,0.0598784349858761,0.982276320457458,0.41940900683403,6,RAISE_D,30,1.34999990463257
115.659833,pitch,0,IDLE,0.634737491607666,1,24.5746917724609,1.22152292728424,0.982276320457458,0.0598784349858761,0.982276320457458,0.41940900683403,6,RAISE_D,30,1.34999990463257
115.699833,pitch,0,IDLE,0.633414447307587,1,24.5746917724609,1.22152292728424,0.982276320457458,0.0598784349858761,0.982276320457458,0.41940900683403,6,RAISE_D,30,1.34999990463257
115.739833,pitch,0,IDLE,0.633396625518799,1,24.5746917724609,1.22152292728424,0.982276320457458,0.0598784349858761,0.982276320457458,0.41940900683403,6,RAISE_D,30,1.34999990463257
115.779833,pitch,0,IDLE,0.634909212589264,1,24.5746917724609,1.22152292728424,0.982276320457458,0.0598784349858761,0.982276320457458,0.41940900683403,6,RAISE_D,30,1.34999990463257
115.819833,pitch,0,IDLE,0.637572050094604,1,24.5746917724609,1.22152292728424,0.982276320457458,0.0598784349858761,0.982276320457458,0.41940900683403,6,RAISE_D,30,1.34999990463257
115.859833,pitch,0,IDLE,0.641363382339478,1,24.5746917724609,1.22152292728424,0.982276320457458,0.0598784349858761,0.982276320457458,0.41940900683403,6,RAISE_D,30,1.34999990463257
115.899833,pitch,0,IDLE,0.64521324634552,1,24.5746917724609,1.22152292728424,0.982276320457458,0.0598784349858761,0.982276320457458,0.41940900683403,6,RAISE_D,30,1.34999990463257
115.939833,pitch,0,IDLE,0.649794816970825,1,24.5746917724609,1.22152292728424,0.982276320457458,0.0598784349858761,0.982276320457458,0.41940900683403,6,RAISE_D,30,1.34999990463257
115.979833,pitch,0,IDLE,0.654898047447205,1,24.5746917724609,1.22152292728424,0.982276320457458,0.0598784349858761,0.982276320457458,0.41940900683403,6,RAISE_D,30,1.34999990463257
116.019833,pitch,0,IDLE,0.660055577754974,1,24.5746917724609,1.22152292728424,0.982276320457458,0.0598784349858761,0.982276320457458,0.41940900683403,6,RAISE_D,30,1.34999990463257
116.059833,pitch,0,IDLE,0.666015565395355,1,24.5746917724609,1.22152292728424,0.982276320457458,0.0598784349858761,0.982276320457458,0.41940900683403,6,RAISE_D,30,1.34999990463257
116.099833,pitch,0,IDLE,0.6733158826828,1,24.5746917724609,1.22152292728424,0.982276320457458,0.0598784349858761,0.982276320457458,0.41940900683403,6,RAISE_D,30,1.34999990463257
116.139833,pitch,0,IDLE,0.677635550498962,1,24.5746917724609,1.22152292728424,0.982276320457458,0.0598784349858761,0.982276320457458,0.41940900683403,6,RAISE_D,30,1.34999990463257
116.179833,pitch,0,IDLE,0.668063282966614,1,24.5746917724609,1.22152292728424,0.982276320457458,0.0598784349858761,0.982276320457458,0.41940900683403,6,RAISE_D,30,1.34999990463257
116.219833,pitch,0,IDLE,0.634000062942505,1,24.5746917724609,1.22152292728424,0.982276320457458,0.0598784349858761,0.982276320457458,0.41940900683403,6,RAISE_D,30,1.34999990463257
116.259833,pitch,0,IDLE,0.567324757575989,1,24.5746917724609,1.22152292728424,0.982276320457458,0.0598784349858761,0.982276320457458,0.41940900683403,6,RAISE_D,30,1.34999990463257
116.299833,pitch,0,IDLE,0.482282638549805,1,24.5746917724609,1.22152292728424,0.982276320457458,0.0598784349858761,0.982276320457458,0.41940900683403,6,RAISE_D,30,1.34999990463257
116.339833,pitch,0,IDLE,0.381993174552917,1,24.5746917724609,1.22152292728424,0.982276320457458,0.0598784349858761,0.982276320457458,0.41940900683403,6,RAISE_D,30,1.34999990463257
116.379833,pitch,0,IDLE,0.283097475767136,1,24.5746917724609,1.22152292728424,0.982276320457458,0.0598784349858761,0.982276320457458,0.41940900683403,6,RAISE_D,30,1.34999990463257
116.419833,pitch,0,IDLE,0.208643555641174,1,24.5746917724609,1.22152292728424,0.982276320457458,0.0598784349858761,0.982276320457458,0.41940900683403,6,RAISE_D,30,1.34999990463257
116.459833,pitch,0,IDLE,-0.129230290651321,1,24.5746917724609,1.22152292728424,0.982276320457458,0.0598784349858761,0.982276320457458,0.41940900683403,6,RAISE_D,30,1.34999990463257
116.499833,pitch,0,IDLE,-0.425078868865967,1,24.5746917724609,1.22152292728424,0.982276320457458,0.0598784349858761,0.982276320457458,0.41940900683403,6,RAISE_D,30,1.34999990463257
116.539833,pitch,0,IDLE,-0.562650501728058,1,24.5746917724609,1.22152292728424,0.982276320457458,0.0598784349858761,0.982276320457458,0.41940900683403,6,RAISE_D,30,1.34999990463257
116.579833,pitch,0,IDLE,-0.527146279811859,1,24.5746917724609,1.22152292728424,0.982276320457458,0.0598784349858761,0.982276320457458,0.41940900683403,6,RAISE_D,30,1.34999990463257
116.619833,pitch,0,IDLE,-0.346138536930084,1,24.5746917724609,1.22152292728424,0.982276320457458,0.0598784349858761,0.982276320457458,0.41940900683403,6,RAISE_D,30,1.34999990463257
116.659833,pitch,0,IDLE,-0.0817552208900452,1,24.5746917724609,1.22152292728424,0.982276320457458,0.0598784349858761,0.982276320457458,0.41940900683403,6,RAISE_D,30,1.34999990463257
116.699833,pitch,0,IDLE,0.180396482348442,1,24.5746917724609,1.22152292728424,0.982276320457458,0.0598784349858761,0.982276320457458,0.41940900683403,6,RAISE_D,30,1.34999990463257
116.739833,pitch,0,IDLE,0.360393881797791,1,24.5746917724609,1.22152292728424,0.982276320457458,0.0598784349858761,0.982276320457458,0.41940900683403,6,RAISE_D,30,1.34999990463257
116.779833,pitch,0,IDLE,0.408066749572754,1,24.5746917724609,1.22152292728424,0.982276320457458,0.0598784349858761,0.982276320457458,0.41940900683403,6,RAISE_D,30,1.34999990463257
116.819833,pitch,0,IDLE,0.315069049596786,1,24.5746917724609,1.22152292728424,0.982276320457458,0.0598784349858761,0.982276320457458,0.41940900683403,6,RAISE_D,30,1.34999990463257
116.859833,pitch,0,IDLE,0.107174731791019,1,24.5746917724609,1.22152292728424,0.982276320457458,0.0598784349858761,0.982276320457458,0.41940900683403,6,RAISE_D,30,1.34999990463257
116.899833,pitch,0,IDLE,-0.155383855104446,1,24.5746917724609,1.22152292728424,0.982276320457458,0.0598784349858761,0.982276320457458,0.41940900683403,6,RAISE_D,30,1.34999990463257
116.939833,pitch,0,IDLE,-0.40076270699501,1,24.5746917724609,1.22152292728424,0.982276320457458,0.0598784349858761,0.982276320457458,0.41940900683403,6,RAISE_D,30,1.34999990463257
116.979833,pitch,0,IDLE,-0.56342214345932,1,24.5746917724609,1.22152292728424,0.982276320457458,0.0598784349858761,0.982276320457458,0.41940900683403,6,RAISE_D,30,1.34999990463257
117.019833,pitch,0,IDLE,-0.611834049224854,1,24.5746917724609,1.22152292728424,0.982276320457458,0.0598784349858761,0.982276320457458,0.41940900683403,6,RAISE_D,30,1.34999990463257
117.059833,pitch,0,IDLE,-0.540111780166626,1,24.5746917724609,1.22152292728424,0.982276320457458,0.0598784349858761,0.982276320457458,0.41940900683403,6,RAISE_D,30,1.34999990463257
117.099833,pitch,0,IDLE,-0.370130956172943,1,24.5746917724609,1.22152292728424,0.982276320457458,0.0598784349858761,0.982276320457458,0.41940900683403,6,RAISE_D,30,1.34999990463257
117.139833,pitch,0,IDLE,-0.14984542131424,1,24.5746917724609,1.22152292728424,0.982276320457458,0.0598784349858761,0.982276320457458,0.41940900683403,6,RAISE_D,30,1.34999990463257
117.179833,pitch,0,IDLE,0.0601693540811539,1,24.5746917724609,1.22152292728424,0.982276320457458,0.0598784349858761,0.982276320457458,0.41940900683403,6,RAISE_D,30,1.34999990463257
117.219833,pitch,0,IDLE,0.204383611679077,1,24.5746917724609,1.22152292728424,0.982276320457458,0.0598784349858761,0.982276320457458,0.41940900683403,6,RAISE_D,30,1.34999990463257
117.259833,pitch,0,IDLE,0.242108747363091,1,24.5746917724609,1.22152292728424,0.982276320457458,0.0598784349858761,0.982276320457458,0.41940900683403,6,RAISE_D,30,1.34999990463257
117.299833,pitch,0,IDLE,0.163621008396149,1,24.5746917724609,1.22152292728424,0.982276320457458,0.0598784349858761,0.982276320457458,0.41940900683403,6,RAISE_D,30,1.34999990463257
117.339833,pitch,0,IDLE,-0.0105200707912445,1,24.5746917724609,1.22152292728424,0.982276320457458,0.0598784349858761,0.982276320457458,0.41940900683403,6,RAISE_D,30,1.34999990463257
117.379833,pitch,0,IDLE,-0.229404240846634,1,24.5746917724609,1.22152292728424,0.982276320457458,0.0598784349858761,0.982276320457458,0.41940900683403,6,RAISE_D,30,1.34999990463257
117.419833,pitch,0,IDLE,-0.430003017187119,1,24.5746917724609,1.22152292728424,0.982276320457458,0.0598784349858761,0.982276320457458,0.41940900683403,6,RAISE_D,30,1.34999990463257
117.459833,pitch,0,IDLE,-0.558808922767639,1,24.5746917724609,1.22152292728424,0.982276320457458,0.0598784349858761,0.982276320457458,0.41940900683403,6,RAISE_D,30,1.34999990463257
117.499833,pitch,0,IDLE,-0.579090237617493,1,24.5746917724609,1.22152292728424,0.982276320457458,0.0598784349858761,0.982276320457458,0.41940900683403,6,RAISE_D,30,1.34999990463257
117.539833,pitch,0,IDLE,-0.482791125774384,1,24.5746917724609,1.22152292728424,0.982276320457458,0.0598784349858761,0.982276320457458,0.41940900683403,6,RAISE_D,30,1.34999990463257
117.579833,pitch,0,IDLE,-0.293404877185822,1,24.5746917724609,1.22152292728424,0.982276320457458,0.0598784349858761,0.982276320457458,0.41940900683403,6,RAISE_D,30,1.34999990463257
117.619833,pitch,0,IDLE,-0.0671149492263794,1,24.5746917724609,1.22152292728424,0.982276320457458,0.0598784349858761,0.982276320457458,0.41940900683403,6,RAISE_D,30,1.34999990463257
117.659833,pitch,0,IDLE,0.130976498126984,1,24.5746917724609,1.22152292728424,0.982276320457458,0.0598784349858761,0.982276320457458,0.41940900683403,6,RAISE_D,30,1.34999990463257
117.699833,pitch,0,IDLE,0.247470587491989,1,24.5746917724609,1.22152292728424,0.982276320457458,0.0598784349858761,0.982276320457458,0.41940900683403,6,RAISE_D,30,1.34999990463257
117.739833,pitch,0,IDLE,0.249801069498062,1,24.5746917724609,1.22152292728424,0.982276320457458,0.0598784349858761,0.982276320457458,0.41940900683403,6,RAISE_D,30,1.34999990463257
117.779833,pitch,0,IDLE,0.135699197649956,1,24.5746917724609,1.22152292728424,0.982276320457458,0.0598784349858761,0.982276320457458,0.41940900683403,6,RAISE_D,30,1.34999990463257
117.819833,pitch,0,IDLE,-0.0618049204349518,1,24.5746917724609,1.22152292728424,0.982276320457458,0.0598784349858761,0.982276320457458,0.41940900683403,6,RAISE_D,30,1.34999990463257
117.859833,pitch,0,IDLE,-0.283040523529053,1,24.5746917724609,1.22152292728424,0.982276320457458,0.0598784349858761,0.982276320457458,0.41940900683403,6,RAISE_D,30,1.34999990463257
117.899833,pitch,0,IDLE,-0.463988065719604,1,24.5746917724609,1.22152292728424,0.982276320457458,0.0598784349858761,0.982276320457458,0.41940900683403,6,RAISE_D,30,1.34999990463257
117.939833,pitch,0,IDLE,-0.559090614318848,1,24.5746917724609,1.22152292728424,0.982276320457458,0.0598784349858761,0.982276320457458,0.41940900683403,6,RAISE_D,30,1.34999990463257
117.979833,pitch,0,IDLE,-0.549723327159882,1,24.5746917724609,1.22152292728424,0.982276320457458,0.0598784349858761,0.982276320457458,0.41940900683403,6,RAISE_D,30,1.34999990463257
118.019833,pitch,0,IDLE,-0.443902015686035,1,24.5746917724609,1.22152292728424,0.982276320457458,0.0598784349858761,0.982276320457458,0.41940900683403,6,RAISE_D,30,1.34999990463257
118.059833,pitch,0,IDLE,-0.404364377260208,1,24.5746917724609,1.22152292728424,0.982276320457458,0.0598784349858761,0.982276320457458,0.41940900683403,6,RAISE_D,30,1.34999990463257
118.099833,pitch,0,IDLE,-0.544377446174622,1,24.5746917724609,1.22152292728424,0.982276320457458,0.0598784349858761,0.982276320457458,0.41940900683403,6,RAISE_D,30,1.34999990463257
118.139833,pitch,0,IDLE,-0.629944980144501,1,24.5746917724609,1.22152292728424,0.982276320457458,0.0598784349858761,0.982276320457458,0.41940900683403,6,RAISE_D,30,1.34999990463257
118.179833,pitch,2,DEMAND_NEG,-0.650144815444946,1,24.5746917724609,1.22152292728424,0.982276320457458,0.0598784349858761,0.982276320457458,0.41940900683403,6,RAISE_D,30,1.34999990463257
118.219833,pitch,2,DEMAND_NEG,-0.621791541576385,1,24.5746917724609,1.22152292728424,0.982276320457458,0.0598784349858761,0.982276320457458,0.41940900683403,6,RAISE_D,30,1.34999990463257
118.259833,pitch,2,DEMAND_NEG,-0.562407553195953,1,24.5746917724609,1.22152292728424,0.982276320457458,0.0598784349858761,0.982276320457458,0.41940900683403,6,RAISE_D,30,1.34999990463257
118.299833,pitch,2,DEMAND_NEG,-0.486763656139374,1,24.5746917724609,1.22152292728424,0.982276320457458,0.0598784349858761,0.982276320457458,0.41940900683403,6,RAISE_D,30,1.34999990463257
118.339833,pitch,2,DEMAND_NEG,-0.414815247058868,1,24.5746917724609,1.22152292728424,0.982276320457458,0.0598784349858761,0.982276320457458,0.41940900683403,6,RAISE_D,30,1.34999990463257
118.379833,pitch,2,DEMAND_NEG,-0.370105743408203,1,24.5746917724609,1.22152292728424,0.982276320457458,0.0598784349858761,0.982276320457458,0.41940900683403,6,RAISE_D,30,1.34999990463257
118.419833,pitch,2,DEMAND_NEG,-0.366904377937317,1,24.5746917724609,1.22152292728424,0.982276320457458,0.0598784349858761,0.982276320457458,0.41940900683403,6,RAISE_D,30,1.34999990463257
118.459833,pitch,2,DEMAND_NEG,-0.408176362514496,1,24.5746917724609,1.22152292728424,0.982276320457458,0.0598784349858761,0.982276320457458,0.41940900683403,6,RAISE_D,30,1.34999990463257
118.499833,pitch,2,DEMAND_NEG,-0.487563252449036,1,24.5746917724609,1.22152292728424,0.982276320457458,0.0598784349858761,0.982276320457458,0.41940900683403,6,RAISE_D,30,1.34999990463257
118.539833,pitch,2,DEMAND_NEG,-0.589105308055878,1,24.5746917724609,1.22152292728424,0.982276320457458,0.0598784349858761,0.982276320457458,0.41940900683403,6,RAISE_D,30,1.34999990463257
118.579833,pitch,2,DEMAND_NEG,-0.687808752059937,1,24.5746917724609,1.22152292728424,0.982276320457458,0.0598784349858761,0.982276320457458,0.41940900683403,6,RAISE_D,30,1.34999990463257
118.619833,pitch,2,DEMAND_NEG,-0.760686933994293,1,24.5746917724609,1.22152292728424,0.982276320457458,0.0598784349858761,0.982276320457458,0.41940900683403,6,RAISE_D,30,1.34999990463257
118.659833,pitch,2,DEMAND_NEG,-0.792622685432434,1,24.5746917724609,1.22152292728424,0.982276320457458,0.0598784349858761,0.982276320457458,0.41940900683403,6,RAISE_D,30,1.34999990463257
118.699833,pitch,2,DEMAND_NEG,-0.780876696109772,1,24.5746917724609,1.22152292728424,0.982276320457458,0.0598784349858761,0.982276320457458,0.41940900683403,6,RAISE_D,30,1.34999990463257
118.739833,pitch,2,DEMAND_NEG,-0.735186338424683,1,24.5746917724609,1.22152292728424,0.982276320457458,0.0598784349858761,0.982276320457458,0.41940900683403,6,RAISE_D,30,1.34999990463257
118.779833,pitch,2,DEMAND_NEG,-0.667684733867645,1,24.5746917724609,1.22152292728424,0.982276320457458,0.0598784349858761,0.982276320457458,0.41940900683403,6,RAISE_D,30,1.34999990463257
118.819833,pitch,2,DEMAND_NEG,-0.582946717739105,1,24.5746917724609,1.22152292728424,0.982276320457458,0.0598784349858761,0.982276320457458,0.41940900683403,6,RAISE_D,30,1.34999990463257
118.859833,pitch,2,DEMAND_NEG,-0.493119746446609,1,24.5746917724609,1.22152292728424,0.982276320457458,0.0598784349858761,0.982276320457458,0.41940900683403,6,RAISE_D,30,1.34999990463257
118.899833,pitch,2,DEMAND_NEG,-0.420002818107605,1,24.5746917724609,1.22152292728424,0.982276320457458,0.0598784349858761,0.982276320457458,0.41940900683403,6,RAISE_D,30,1.34999990463257
118.939833,pitch,2,DEMAND_NEG,-0.380829632282257,1,24.5746917724609,1.22152292728424,0.982276320457458,0.0598784349858761,0.982276320457458,0.41940900683403,6,RAISE_D,30,1.34999990463257
118.979833,pitch,2,DEMAND_NEG,-0.385688990354538,1,24.5746917724609,1.22152292728424,0.982276320457458,0.0598784349858761,0.982276320457458,0.41940900683403,6,RAISE_D,30,1.34999990463257
119.019833,pitch,2,DEMAND_NEG,-0.43215873837471,1,24.5746917724609,1.22152292728424,0.982276320457458,0.0598784349858761,0.982276320457458,0.41940900683403,6,RAISE_D,30,1.34999990463257
119.059833,pitch,2,DEMAND_NEG,-0.509156823158264,1,24.5746917724609,1.22152292728424,0.982276320457458,0.0598784349858761,0.982276320457458,0.41940900683403,6,RAISE_D,30,1.34999990463257
119.099833,pitch,2,DEMAND_NEG,-0.603320002555847,1,24.5746917724609,1.22152292728424,0.982276320457458,0.0598784349858761,0.982276320457458,0.41940900683403,6,RAISE_D,30,1.34999990463257
119.139833,pitch,2,DEMAND_NEG,-0.68896073102951,1,24.5746917724609,1.22152292728424,0.982276320457458,0.0598784349858761,0.982276320457458,0.41940900683403,6,RAISE_D,30,1.34999990463257
119.179833,pitch,2,DEMAND_NEG,-0.74252861738205,1,24.5746917724609,1.22152292728424,0.982276320457458,0.0598784349858761,0.982276320457458,0.41940900683403,6,RAISE_D,30,1.34999990463257
119.219833,pitch,2,DEMAND_NEG,-0.754612624645233,1,24.5746917724609,1.22152292728424,0.982276320457458,0.0598784349858761,0.982276320457458,0.41940900683403,6,RAISE_D,30,1.34999990463257
119.259833,pitch,2,DEMAND_NEG,-0.721643686294556,1,24.5746917724609,1.22152292728424,0.982276320457458,0.0598784349858761,0.982276320457458,0.41940900683403,6,RAISE_D,30,1.34999990463257
119.299833,pitch,2,DEMAND_NEG,-0.651587784290314,1,24.5746917724609,1.22152292728424,0.982276320457458,0.0598784349858761,0.982276320457458,0.41940900683403,6,RAISE_D,30,1.34999990463257
119.339833,pitch,2,DEMAND_NEG,-0.556094229221344,1,24.5746917724609,1.22152292728424,0.982276320457458,0.0598784349858761,0.982276320457458,0.41940900683403,6,RAISE_D,30,1.34999990463257
119.379833,pitch,2,DEMAND_NEG,-0.454810500144958,1,24.5746917724609,1.22152292728424,0.982276320457458,0.0598784349858761,0.982276320457458,0.41940900683403,6,RAISE_D,30,1.34999990463257
119.419833,pitch,2,DEMAND_NEG,-0.373758971691132,1,24.5746917724609,1.22152292728424,0.982276320457458,0.0598784349858761,0.982276320457458,0.41940900683403,6,RAISE_D,30,1.34999990463257
119.459833,pitch,2,DEMAND_NEG,-0.339802771806717,1,24.5746917724609,1.22152292728424,0.982276320457458,0.0598784349858761,0.982276320457458,0.41940900683403,6,RAISE_D,30,1.34999990463257
119.499833,pitch,2,DEMAND_NEG,-0.349761456251144,1,24.5746917724609,1.22152292728424,0.982276320457458,0.0598784349858761,0.982276320457458,0.41940900683403,6,RAISE_D,30,1.34999990463257
119.539833,pitch,2,DEMAND_NEG,-0.395649373531342,1,24.5746917724609,1.22152292728424,0.982276320457458,0.0598784349858761,0.982276320457458,0.41940900683403,6,RAISE_D,30,1.34999990463257
119.579833,pitch,2,DEMAND_NEG,-0.46723735332489,1,24.5746917724609,1.22152292728424,0.982276320457458,0.0598784349858761,0.982276320457458,0.41940900683403,6,RAISE_D,30,1.34999990463257
119.619833,pitch,2,DEMAND_NEG,-0.555754899978638,1,24.5746917724609,1.22152292728424,0.982276320457458,0.0598784349858761,0.982276320457458,0.41940900683403,6,RAISE_D,30,1.34999990463257
119.659833,pitch,2,DEMAND_NEG,-0.640015065670013,1,24.5746917724609,1.22152292728424,0.982276320457458,0.0598784349858761,0.982276320457458,0.41940900683403,6,RAISE_D,30,1.34999990463257
119.699833,pitch,2,DEMAND_NEG,-0.699375689029694,1,24.5746917724609,1.22152292728424,0.982276320457458,0.0598784349858761,0.982276320457458,0.41940900683403,6,RAISE_D,30,1.34999990463257
119.739833,pitch,2,DEMAND_NEG,-0.715519070625305,1,24.5746917724609,1.22152292728424,0.982276320457458,0.0598784349858761,0.982276320457458,0.41940900683403,6,RAISE_D,30,1.34999990463257
119.779833,pitch,2,DEMAND_NEG,-0.685844242572784,1,24.5746917724609,1.22152292728424,0.982276320457458,0.0598784349858761,0.982276320457458,0.41940900683403,6,RAISE_D,30,1.34999990463257
119.819833,pitch,2,DEMAND_NEG,-0.619350969791412,1,24.5746917724609,1.22152292728424,0.982276320457458,0.0598784349858761,0.982276320457458,0.41940900683403,6,RAISE_D,30,1.34999990463257
119.859833,pitch,2,DEMAND_NEG,-0.524699807167053,1,24.5746917724609,1.22152292728424,0.982276320457458,0.0598784349858761,0.982276320457458,0.41940900683403,6,RAISE_D,30,1.34999990463257
119.899833,pitch,2,DEMAND_NEG,-0.42293381690979,1,24.5746917724609,1.22152292728424,0.982276320457458,0.0598784349858761,0.982276320457458,0.41940900683403,6,RAISE_D,30,1.34999990463257
119.939833,pitch,2,DEMAND_NEG,-0.338312476873398,1,24.5746917724609,1.22152292728424,0.982276320457458,0.0598784349858761,0.982276320457458,0.41940900683403,6,RAISE_D,30,1.34999990463257
119.979833,pitch,2,DEMAND_NEG,-0.290746182203293,1,24.5746917724609,1.22152292728424,0.982276320457458,0.0598784349858761,0.982276320457458,0.41940900683403,6,RAISE_D,30,1.34999990463257
120.019833,pitch,2,DEMAND_NEG,-0.286512166261673,1,24.5746917724609,1.22152292728424,0.982276320457458,0.0598784349858761,0.982276320457458,0.41940900683403,6,RAISE_D,30,1.34999990463257
120.059833,pitch,2,DEMAND_NEG,-0.330984562635422,1,24.5746917724609,1.22152292728424,0.982276320457458,0.0598784349858761,0.982276320457458,0.41940900683403,6,RAISE_D,30,1.34999990463257
120.099833,pitch,2,DEMAND_NEG,-0.407334536314011,1,24.5746917724609,1.22152292728424,0.982276320457458,0.0598784349858761,0.982276320457458,0.41940900683403,6,RAISE_D,30,1.34999990463257
120.139833,pitch,2,DEMAND_NEG,-0.500159502029419,1,24.5746917724609,1.22152292728424,0.982276320457458,0.0598784349858761,0.982276320457458,0.41940900683403,6,RAISE_D,30,1.34999990463257
120.179833,pitch,2,DEMAND_NEG,-0.590822100639343,1,24.5746917724609,1.22152292728424,0.982276320457458,0.0598784349858761,0.982276320457458,0.41940900683403,6,RAISE_D,30,1.34999990463257
120.219833,pitch,2,DEMAND_NEG,-0.657607197761536,1,24.5746917724609,1.22152292728424,0.982276320457458,0.0598784349858761,0.982276320457458,0.41940900683403,6,RAISE_D,30,1.34999990463257
120.259833,pitch,2,DEMAND_NEG,-0.682768821716309,1,24.5746917724609,1.22152292728424,0.982276320457458,0.0598784349858761,0.982276320457458,0.41940900683403,6,RAISE_D,30,1.34999990463257
120.299833,pitch,2,DEMAND_NEG,-0.663313627243042,1,24.5746917724609,1.22152292728424,0.982276320457458,0.0598784349858761,0.982276320457458,0.41940900683403,6,RAISE_D,30,1.34999990463257
120.339833,pitch,2,DEMAND_NEG,-0.604564905166626,1,24.5746917724609,1.22152292728424,0.982276320457458,0.0598784349858761,0.982276320457458,0.41940900683403,6,RAISE_D,30,1.34999990463257
120.379833,pitch,2,DEMAND_NEG,-0.516669988632202,1,24.5746917724609,1.22152292728424,0.982276320457458,0.0598784349858761,0.982276320457458,0.41940900683403,6,RAISE_D,30,1.34999990463257
120.419833,pitch,2,DEMAND_NEG,-0.41695249080658,1,24.5746917724609,1.22152292728424,0.982276320457458,0.0598784349858761,0.982276320457458,0.41940900683403,6,RAISE_D,30,1.34999990463257
120.459833,pitch,2,DEMAND_NEG,-0.329120635986328,1,24.5746917724609,1.22152292728424,0.982276320457458,0.0598784349858761,0.982276320457458,0.41940900683403,6,RAISE_D,30,1.34999990463257
120.499833,pitch,2,DEMAND_NEG,-0.274729520082474,1,24.5746917724609,1.22152292728424,0.982276320457458,0.0598784349858761,0.982276320457458,0.41940900683403,6,RAISE_D,30,1.34999990463257
120.539833,pitch,2,DEMAND_NEG,-0.264320284128189,1,24.5746917724609,1.22152292728424,0.982276320457458,0.0598784349858761,0.982276320457458,0.41940900683403,6,RAISE_D,30,1.34999990463257
120.579833,pitch,2,DEMAND_NEG,-0.297558814287186,1,24.5746917724609,1.22152292728424,0.982276320457458,0.0598784349858761,0.982276320457458,0.41940900683403,6,RAISE_D,30,1.34999990463257
120.619833,pitch,2,DEMAND_NEG,-0.367562890052795,1,24.5746917724609,1.22152292728424,0.982276320457458,0.0598784349858761,0.982276320457458,0.41940900683403,6,RAISE_D,30,1.34999990463257
120.659833,pitch,2,DEMAND_NEG,-0.461136668920517,1,24.5746917724609,1.22152292728424,0.982276320457458,0.0598784349858761,0.982276320457458,0.41940900683403,6,RAISE_D,30,1.34999990463257
120.699833,pitch,2,DEMAND_NEG,-0.562362849712372,1,24.5746917724609,1.22152292728424,0.982276320457458,0.0598784349858761,0.982276320457458,0.41940900683403,6,RAISE_D,30,1.34999990463257
120.739833,pitch,2,DEMAND_NEG,-0.646798610687256,1,24.5746917724609,1.22152292728424,0.982276320457458,0.0598784349858761,0.982276320457458,0.41940900683403,6,RAISE_D,30,1.34999990463257
120.779833,pitch,0,IDLE,-0.349074065685272,1,6.27399301528931,1.12158834934235,1.01858901977539,0.0598784349858761,1.01858901977539,0.545231699943542,6,RAISE_D,30,1.34999990463257
120.819833,pitch,0,IDLE,0.0414937734603882,1,7.76533842086792,1.12158834934235,1.01858901977539,0.0598784349858761,1.01858901977539,0.545231699943542,6,RAISE_D,30,1.34999990463257
120.859833,pitch,0,IDLE,0.328528702259064,1,9.25863742828369,1.12158834934235,1.01858901977539,0.0598784349858761,1.01858901977539,0.545231699943542,6,RAISE_D,30,1.34999990463257
120.899833,pitch,0,IDLE,0.447100460529327,1,10.9784774780273,1.12158834934235,1.01858901977539,0.0598784349858761,1.01858901977539,0.545231699943542,6,RAISE_D,30,1.34999990463257
120.939833,pitch,0,IDLE,0.374569863080978,1,12.7552461624146,1.12158834934235,1.01858901977539,0.0598784349858761,1.01858901977539,0.545231699943542,6,RAISE_D,30,1.34999990463257
120.979833,pitch,0,IDLE,0.143470764160156,1,14.4131479263306,1.12158834934235,1.01858901977539,0.0598784349858761,1.01858901977539,0.545231699943542,6,RAISE_D,30,1.34999990463257
121.019833,pitch,0,IDLE,-0.164423987269402,1,15.9410696029663,1.12158834934235,1.01858901977539,0.0598784349858761,1.01858901977539,0.545231699943542,6,RAISE_D,30,1.34999990463257
121.059833,pitch,0,IDLE,-0.441184014081955,1,17.3492012023926,1.12158834934235,1.01858901977539,0.0598784349858761,1.01858901977539,0.545231699943542,6,RAISE_D,30,1.34999990463257
121.099833,pitch,0,IDLE,-0.581433475017548,1,18.5934085845947,1.12158834934235,1.01858901977539,0.0598784349858761,1.01858901977539,0.545231699943542,6,RAISE_D,30,1.34999990463257
121.139833,pitch,0,IDLE,-0.521668970584869,1,19.6715354919434,1.12158834934235,1.01858901977539,0.0598784349858761,1.01858901977539,0.545231699943542,6,RAISE_D,30,1.34999990463257
121.179833,pitch,0,IDLE,-0.265008121728897,1,20.5993156433105,1.12158834934235,1.01858901977539,0.0598784349858761,1.01858901977539,0.545231699943542,6,RAISE_D,30,1.34999990463257
121.219833,pitch,0,IDLE,0.114430010318756,1,21.3911399841309,1.12158834934235,1.01858901977539,0.0598784349858761,1.01858901977539,0.545231699943542,6,RAISE_D,30,1.34999990463257
121.259833,pitch,0,IDLE,0.489890933036804,1,22.0512580871582,1.12158834934235,1.01858901977539,0.0598784349858761,1.01858901977539,0.545231699943542,6,RAISE_D,30,1.34999990463257
121.299833,pitch,0,IDLE,0.735204875469208,1,22.5670700073242,1.12158834934235,1.01858901977539,0.0598784349858761,1.01858901977539,0.545231699943542,6,RAISE_D,30,1.34999990463257
121.339833,pitch,0,IDLE,0.758096992969513,1,23.0488605499268,1.12158834934235,1.01858901977539,0.0598784349858761,1.01858901977539,0.545231699943542,6,RAISE_D,30,1.34999990463257
121.379833,pitch,0,IDLE,0.538560628890991,1,23.6326942443848,1.12158834934235,1.01858901977539,0.0598784349858761,1.01858901977539,0.545231699943542,6,RAISE_D,30,1.34999990463257
121.419833,pitch,0,IDLE,0.146179705858231,1,24.1231517791748,1.12158834934235,1.01858901977539,0.0598784349858761,1.01858901977539,0.545231699943542,6,RAISE_D,30,1.34999990463257
121.459833,pitch,0,IDLE,-0.28438925743103,1,24.5255508422852,1.12158834934235,1.01858901977539,0.0598784349858761,1.01858901977539,0.545231699943542,6,RAISE_D,30,1.34999990463257
121.499833,pitch,0,IDLE,-0.599949836730957,1,24.8487606048584,1.12158834934235,1.01858901977539,0.0598784349858761,1.01858901977539,0.545231699943542,6,RAISE_D,30,1.34999990463257
121.539833,pitch,0,IDLE,-0.692452073097229,1,25.1008739471436,1.12158834934235,1.01858901977539,0.0598784349858761,1.01858901977539,0.545231699943542,6,RAISE_D,30,1.34999990463257
121.579833,pitch,0,IDLE,-0.525572776794434,1,25.3832263946533,1.12158834934235,1.01858901977539,0.0598784349858761,1.01858901977539,0.545231699943542,6,RAISE_D,30,1.34999990463257
121.619833,pitch,0,IDLE,-0.141585916280746,1,25.6821308135986,1.12158834934235,1.01858901977539,0.0598784349858761,1.01858901977539,0.545231699943542,6,RAISE_D,30,1.34999990463257
121.659833,pitch,0,IDLE,0.327105522155762,1,25.9575996398926,1.12158834934235,1.01858901977539,0.0598784349858761,1.01858901977539,0.545231699943542,6,RAISE_D,30,1.34999990463257
121.699833,pitch,0,IDLE,0.718505144119263,1,26.2003421783447,1.12158834934235,1.01858901977539,0.0598784349858761,1.01858901977539,0.545231699943542,6,RAISE_D,30,1.34999990463257
121.739833,pitch,0,IDLE,0.890061318874359,1,26.3813076019287,1.12158834934235,1.01858901977539,0.0598784349858761,1.01858901977539,0.545231699943542,6,RAISE_D,30,1.34999990463257
121.779833,pitch,0,IDLE,0.779366135597229,1,26.6953544616699,1.12158834934235,1.01858901977539,0.0598784349858761,1.01858901977539,0.545231699943542,6,RAISE_D,30,1.34999990463257
121.819833,pitch,0,IDLE,0.421031296253204,1,27.0453681945801,1.12158834934235,1.01858901977539,0.0598784349858761,1.01858901977539,0.545231699943542,6,RAISE_D,30,1.34999990463257
121.859833,pitch,0,IDLE,-0.0564340054988861,1,27.36794090271,1.12158834934235,1.01858901977539,0.0598784349858761,1.01858901977539,0.545231699943542,6,RAISE_D,30,1.34999990463257
121.899833,pitch,0,IDLE,-0.482941925525665,1,27.6529960632324,1.12158834934235,1.01858901977539,0.0598784349858761,1.01858901977539,0.545231699943542,6,RAISE_D,30,1.34999990463257
121.939833,pitch,0,IDLE,-0.704409122467041,1,27.8687286376953,1.12158834934235,1.01858901977539,0.0598784349858761,1.01858901977539,0.545231699943542,6,RAISE_D,30,1.34999990463257
121.979833,pitch,0,IDLE,-0.634364366531372,1,28.1581420898438,1.12158834934235,1.01858901977539,0.0598784349858761,1.01858901977539,0.545231699943542,6,RAISE_D,30,1.34999990463257
122.019833,pitch,0,IDLE,-0.284910976886749,1,28.5684642791748,1.12158834934235,1.01858901977539,0.0598784349858761,1.01858901977539,0.545231699943542,6,RAISE_D,30,1.34999990463257
122.059833,pitch,0,IDLE,0.225843027234077,1,28.9466171264648,1.12158834934235,1.01858901977539,0.0598784349858761,1.01858901977539,0.545231699943542,6,RAISE_D,30,1.34999990463257
122.099833,pitch,0,IDLE,0.71776682138443,1,29.2951221466064,1.12158834934235,1.01858901977539,0.0598784349858761,1.01858901977539,0.545231699943542,6,RAISE_D,30,1.34999990463257
122.139833,pitch,0,IDLE,1.0065735578537,1,29.5789680480957,1.12158834934235,1.01858901977539,0.0598784349858761,1.01858901977539,0.545231699943542,6,RAISE_D,30,1.34999990463257
122.179833,pitch,0,IDLE,0.978937983512878,1,29.9191970825195,1.12158834934235,1.01858901977539,0.0598784349858761,1.01858901977539,0.545231699943542,6,RAISE_D,30,1.34999990463257
122.219833,pitch,0,IDLE,0.632012844085693,1,30.4477024078369,1.12158834934235,1.01858901977539,0.0598784349858761,1.01858901977539,0.545231699943542,6,RAISE_D,30,1.34999990463257
122.259833,pitch,0,IDLE,0.0862877368927002,1,30.9347724914551,1.12158834934235,1.01858901977539,0.0598784349858761,1.01858901977539,0.545231699943542,6,RAISE_D,30,1.34999990463257
122.299833,pitch,0,IDLE,-0.464041262865067,1,31.3836555480957,1.12158834934235,1.01858901977539,0.0598784349858761,1.01858901977539,0.545231699943542,6,RAISE_D,30,1.34999990463257
122.339833,pitch,0,IDLE,-0.820831179618835,1,31.7561435699463,1.12158834934235,1.01858901977539,0.0598784349858761,1.01858901977539,0.545231699943542,6,RAISE_D,30,1.34999990463257
122.379833,pitch,0,IDLE,-0.683210909366608,1,33.2079963684082,1.12158834934235,1.01858901977539,0.0598784349858761,1.01858901977539,0.545231699943542,6,RAISE_D,30,1.34999990463257
122.419833,pitch,0,IDLE,0.0500515997409821,1,35.6482315063477,1.12158834934235,1.01858901977539,0.0598784349858761,1.01858901977539,0.545231699943542,6,RAISE_D,30,1.34999990463257
122.459833,pitch,0,IDLE,0.912314116954803,1,37.8971519470215,1.12158834934235,1.01858901977539,0.0598784349858761,1.01858901977539,0.545231699943542,6,RAISE_D,30,1.34999990463257
122.499833,pitch,1,DEMAND_POS,1.60529673099518,1,39.9697532653809,1.12158834934235,1.01858901977539,0.0598784349858761,1.01858901977539,0.545231699943542,6,RAISE_D,30,1.34999990463257
122.539833,pitch,1,DEMAND_POS,1.87049067020416,1,42.0705070495605,1.12158834934235,1.01858901977539,0.0598784349858761,1.01858901977539,0.545231699943542,6,RAISE_D,30,1.34999990463257
122.579833,pitch,1,DEMAND_POS,1.58932423591614,1,44.7137298583984,1.12158834934235,1.01858901977539,0.0598784349858761,1.01858901977539,0.545231699943542,6,RAISE_D,30,1.34999990463257
122.619833,pitch,1,DEMAND_POS,0.851446151733398,1,47.2384376525879,1.12158834934235,1.01858901977539,0.0598784349858761,1.01858901977539,0.545231699943542,6,RAISE_D,30,1.34999990463257
122.659833,pitch,1,DEMAND_POS,-0.0664160549640656,1,49.5652122497559,1.12158834934235,1.01858901977539,0.0598784349858761,1.01858901977539,0.545231699943542,6,RAISE_D,30,1.34999990463257
122.699833,pitch,1,DEMAND_POS,-0.818347454071045,1,51.6734161376953,1.12158834934235,1.01858901977539,0.0598784349858761,1.01858901977539,0.545231699943542,6,RAISE_D,30,1.34999990463257
122.739833,pitch,1,DEMAND_POS,-1.11689782142639,1,53.477466583252,1.12158834934235,1.01858901977539,0.0598784349858761,1.01858901977539,0.545231699943542,6,RAISE_D,30,1.34999990463257
122.779833,pitch,1,DEMAND_POS,-0.84263551235199,1,55.0067100524902,1.12158834934235,1.01858901977539,0.0598784349858761,1.01858901977539,0.545231699943542,6,RAISE_D,30,1.34999990463257
122.819833,pitch,1,DEMAND_POS,-0.0604469478130341,1,56.2879791259766,1.12158834934235,1.01858901977539,0.0598784349858761,1.01858901977539,0.545231699943542,6,RAISE_D,30,1.34999990463257
122.859833,pitch,1,DEMAND_POS,0.962991237640381,1,57.3457717895508,1.12158834934235,1.01858901977539,0.0598784349858761,1.01858901977539,0.545231699943542,6,RAISE_D,30,1.34999990463257
122.899833,pitch,1,DEMAND_POS,1.8554652929306,1,58.1771125793457,1.12158834934235,1.01858901977539,0.0598784349858761,1.01858901977539,0.545231699943542,6,RAISE_D,30,1.34999990463257
122.939833,pitch,1,DEMAND_POS,2.2684018611908,1,58.7323150634766,1.12158834934235,1.01858901977539,0.0598784349858761,1.01858901977539,0.545231699943542,6,RAISE_D,30,1.34999990463257
122.979833,pitch,1,DEMAND_POS,2.01193618774414,1,59.6064376831055,1.12158834934235,1.01858901977539,0.0598784349858761,1.01858901977539,0.545231699943542,6,RAISE_D,30,1.34999990463257
123.019833,pitch,1,DEMAND_POS,1.15148508548737,1,60.5107269287109,1.12158834934235,1.01858901977539,0.0598784349858761,1.01858901977539,0.545231699943542,6,RAISE_D,30,1.34999990463257
123.059833,pitch,1,DEMAND_POS,-0.00307714939117432,1,61.2436065673828,1.12158834934235,1.01858901977539,0.0598784349858761,1.01858901977539,0.545231699943542,6,RAISE_D,30,1.34999990463257
123.099833,pitch,1,DEMAND_POS,-1.01952147483826,1,61.8224983215332,1.12158834934235,1.01858901977539,0.0598784349858761,1.01858901977539,0.545231699943542,6,RAISE_D,30,1.34999990463257
123.139833,pitch,1,DEMAND_POS,-1.50976884365082,1,62.2870559692383,1.12158834934235,1.01858901977539,0.0598784349858761,1.01858901977539,0.545231699943542,6,RAISE_D,30,1.34999990463257
123.179833,pitch,1,DEMAND_POS,-1.27046608924866,1,63.5345649719238,1.12158834934235,1.01858901977539,0.0598784349858761,1.01858901977539,0.545231699943542,6,RAISE_D,30,1.34999990463257
123.219833,pitch,1,DEMAND_POS,-0.36379611492157,1,64.9017715454102,1.12158834934235,1.01858901977539,0.0598784349858761,1.01858901977539,0.545231699943542,6,RAISE_D,30,1.34999990463257
123.259833,pitch,1,DEMAND_POS,0.909911930561066,1,66.1617889404297,1.12158834934235,1.01858901977539,0.0598784349858761,1.01858901977539,0.545231699943542,6,RAISE_D,30,1.34999990463257
123.299833,pitch,1,DEMAND_POS,2.08717036247253,1,67.3230209350586,1.12158834934235,1.01858901977539,0.0598784349858761,1.01858901977539,0.545231699943542,6,RAISE_D,30,1.34999990463257
123.339833,pitch,1,DEMAND_POS,2.709468126297,1,68.3020324707031,1.12158834934235,1.01858901977539,0.0598784349858761,1.01858901977539,0.545231699943542,6,RAISE_D,30,1.34999990463257
123.379833,pitch,1,DEMAND_POS,2.50368642807007,1,69.7114639282227,1.12158834934235,1.01858901977539,0.0598784349858761,1.01858901977539,0.545231699943542,6,RAISE_D,30,1.34999990463257
123.419833,pitch,1,DEMAND_POS,1.50289940834045,1,71.4133224487305,1.12158834934235,1.01858901977539,0.0598784349858761,1.01858901977539,0.545231699943542,6,RAISE_D,30,1.34999990463257
123.459833,pitch,1,DEMAND_POS,0.0642850399017334,1,72.9817504882812,1.12158834934235,1.01858901977539,0.0598784349858761,1.01858901977539,0.545231699943542,6,RAISE_D,30,1.34999990463257
123.499833,pitch,0,IDLE,-1.4886462688446,1,74.4272155761719,2.65455412864685,1.01858901977539,0.0598784349858761,1.01858901977539,0.708801209926605,6,RAISE_D,30,1.34999990463257
123.539833,pitch,0,IDLE,-2.48617649078369,1,75.6600799560547,2.65455412864685,1.01858901977539,0.0598784349858761,1.01858901977539,0.708801209926605,6,RAISE_D,30,1.34999990463257
123.579833,pitch,0,IDLE,-2.26635575294495,1,78.6288070678711,2.65455412864685,1.01858901977539,0.0598784349858761,1.01858901977539,0.708801209926605,6,RAISE_D,30,1.34999990463257
123.619833,pitch,0,IDLE,-0.819280505180359,1,82.1666717529297,2.65455412864685,1.01858901977539,0.0598784349858761,1.01858901977539,0.708801209926605,6,RAISE_D,30,1.34999990463257
123.659833,pitch,0,IDLE,1.38252770900726,1,85.4271697998047,2.65455412864685,1.01858901977539,0.0598784349858761,1.01858901977539,0.708801209926605,6,RAISE_D,30,1.34999990463257
123.699833,pitch,0,IDLE,3.44208264350891,1,88.4320449829102,2.65455412864685,1.01858901977539,0.0598784349858761,1.01858901977539,0.708801209926605,6,RAISE_D,30,1.34999990463257
123.739833,pitch,0,IDLE,4.37228679656982,1,91.8743743896484,2.65455412864685,1.01858901977539,0.0598784349858761,1.01858901977539,0.708801209926605,6,RAISE_D,30,1.34999990463257
123.779833,pitch,0,IDLE,3.52885746955872,1,98.2153625488281,2.65455412864685,1.01858901977539,0.0598784349858761,1.01858901977539,0.708801209926605,6,RAISE_D,30,1.34999990463257
123.819833,pitch,0,IDLE,1.02463686466217,1,104.834899902344,2.65455412864685,1.01858901977539,0.0598784349858761,1.01858901977539,0.708801209926605,6,RAISE_D,30,1.34999990463257
123.859833,pitch,0,IDLE,-2.21941304206848,1,110.93546295166,2.65455412864685,1.01858901977539,0.0598784349858761,1.01858901977539,0.708801209926605,6,RAISE_D,30,1.34999990463257
123.899833,pitch,0,IDLE,-4.82303333282471,1,116.557739257812,2.65455412864685,1.01858901977539,0.0598784349858761,1.01858901977539,0.708801209926605,6,RAISE_D,30,1.34999990463257
123.939833,pitch,0,IDLE,-5.49920225143433,1,123.448348999023,2.65455412864685,1.01858901977539,0.0598784349858761,1.01858901977539,0.708801209926605,6,RAISE_D,30,1.34999990463257
123.979833,pitch,0,IDLE,-3.64559030532837,1,133.565704345703,2.65455412864685,1.01858901977539,0.0598784349858761,1.01858901977539,0.708801209926605,6,RAISE_D,30,1.34999990463257
124.019833,pitch,0,IDLE,0.243694424629211,1,143.286361694336,2.65455412864685,1.01858901977539,0.0598784349858761,1.01858901977539,0.708801209926605,6,RAISE_D,30,1.34999990463257
124.059833,pitch,0,IDLE,4.70199251174927,1,152.244918823242,2.65455412864685,1.01858901977539,0.0598784349858761,1.01858901977539,0.708801209926605,6,RAISE_D,30,1.34999990463257
124.099833,pitch,0,IDLE,7.69545459747314,1,160.501129150391,2.65455412864685,1.01858901977539,0.0598784349858761,1.01858901977539,0.708801209926605,6,RAISE_D,30,1.34999990463257
124.139833,pitch,0,IDLE,7.48378419876099,1.03313219547272,172.924026489258,2.65455412864685,1.01858901977539,0.0598784349858761,1.01858901977539,0.708801209926605,6,RAISE_D,30,1.34999990463257
124.179833,pitch,0,IDLE,3.57296395301819,1.08889067173004,188.262557983398,2.65455412864685,1.01858901977539,0.0598784349858761,1.01858901977539,0.708801209926605,6,RAISE_D,30,1.34999990463257
124.219833,pitch,0,IDLE,-2.78540730476379,1.17922210693359,202.452331542969,2.65455412864685,1.01858901977539,0.0598784349858761,1.01858901977539,0.708801209926605,6,RAISE_D,30,1.34999990463257
124.259833,pitch,2,DEMAND_NEG,-8.9937105178833,1.27207505702972,215.529632568359,2.65455412864685,1.01858901977539,0.0598784349858761,1.01858901977539,0.708801209926605,6,RAISE_D,30,1.34999990463257
124.299833,pitch,2,DEMAND_NEG,-12.196873664856,1.35764825344086,228.533142089844,2.65455412864685,1.01858901977539,0.0598784349858761,1.01858901977539,0.708801209926605,6,RAISE_D,30,1.34999990463257
124.339833,pitch,2,DEMAND_NEG,-10.4778270721436,1.43651258945465,248.939331054688,2.65455412864685,1.01858901977539,0.0598784349858761,1.01858901977539,0.708801209926605,6,RAISE_D,30,1.34999990463257
124.379833,pitch,0,IDLE,-3.88489556312561,1.53130090236664,270.790863037109,2.65455412864685,1.01858901977539,0.0598784349858761,1.01858901977539,0.708801209926605,1,LOW_RATE,30,1.34999990463257
124.419833,pitch,0,IDLE,4.66586208343506,1.66911387443542,290.929260253906,2.65455412864685,1.01858901977539,0.0598784349858761,1.01858901977539,0.708801209926605,1,LOW_RATE,30,1.34999990463257
124.459833,pitch,1,DEMAND_POS,11.7882995605469,1.80215668678284,309.488800048828,2.65455412864685,1.01858901977539,0.0598784349858761,1.01858901977539,0.708801209926605,1,LOW_RATE,30,1.34999990463257
124.499833,pitch,1,DEMAND_POS,13.9761228561401,1.92476892471313,329.490020751953,2.65455412864685,1.01858901977539,0.0598784349858761,1.01858901977539,0.708801209926605,1,LOW_RATE,30,1.34999990463257
124.539833,pitch,1,DEMAND_POS,10.7956848144531,2.03776836395264,358.798858642578,2.65455412864685,1.01858901977539,0.0598784349858761,1.01858901977539,0.708801209926605,1,LOW_RATE,30,1.34999990463257
124.579833,pitch,0,IDLE,6.50450706481934,2.18566274642944,387.340393066406,18.6579437255859,1.12158834934235,0.0598784349858761,1.12158834934235,0.212640374898911,8,LOWER_D,30,1.34999990463257
124.619833,pitch,2,DEMAND_NEG,3.66172647476196,2.3758659362793,413.644287109375,18.6579437255859,1.12158834934235,0.0598784349858761,1.12158834934235,0.212640374898911,8,LOWER_D,30,1.34999990463257
124.659833,pitch,2,DEMAND_NEG,1.29758489131927,2.5565242767334,437.885955810547,18.6579437255859,1.12158834934235,0.0598784349858761,1.12158834934235,0.212640374898911,8,LOWER_D,30,1.34999990463257
124.699833,pitch,2,DEMAND_NEG,-0.374056398868561,2.72301888465881,459.502990722656,18.6579437255859,1.12158834934235,0.0598784349858761,1.12158834934235,0.212640374898911,8,LOWER_D,30,1.34999990463257
124.739833,pitch,2,DEMAND_NEG,-1.34474742412567,2.87490224838257,478.498138427734,18.6579437255859,1.12158834934235,0.0598784349858761,1.12158834934235,0.212640374898911,8,LOWER_D,30,1.34999990463257
124.779833,pitch,2,DEMAND_NEG,-1.72405064105988,3.00889277458191,495.113677978516,18.6579437255859,1.12158834934235,0.0598784349858761,1.12158834934235,0.212640374898911,8,LOWER_D,30,1.34999990463257
124.819833,pitch,2,DEMAND_NEG,-1.68038928508759,3.12663054466248,509.571411132812,18.6579437255859,1.12158834934235,0.0598784349858761,1.12158834934235,0.212640374898911,8,LOWER_D,30,1.34999990463257
124.859833,pitch,2,DEMAND_NEG,-1.35780680179596,3.22961735725403,521.742431640625,18.6579437255859,1.12158834934235,0.0598784349858761,1.12158834934235,0.212640374898911,8,LOWER_D,30,1.34999990463257
124.899833,pitch,2,DEMAND_NEG,-0.902679920196533,3.31922841072083,530.895202636719,18.6579437255859,1.12158834934235,0.0598784349858761,1.12158834934235,0.212640374898911,8,LOWER_D,30,1.34999990463257
124.939833,pitch,2,DEMAND_NEG,-0.415668070316315,3.40600299835205,537.348205566406,18.6579437255859,1.12158834934235,0.0598784349858761,1.12158834934235,0.212640374898911,8,LOWER_D,30,1.34999990463257
124.979833,pitch,2,DEMAND_NEG,0.0293060094118118,3.47859597206116,541.391418457031,18.6579437255859,1.12158834934235,0.0598784349858761,1.12158834934235,0.212640374898911,8,LOWER_D,30,1.34999990463257
125.019833,pitch,2,DEMAND_NEG,0.392377346754074,3.53743290901184,543.289367675781,18.6579437255859,1.12158834934235,0.0598784349858761,1.12158834934235,0.212640374898911,8,LOWER_D,30,1.34999990463257
125.059833,pitch,2,DEMAND_NEG,0.653368413448334,3.58391189575195,543.509887695312,18.6579437255859,1.12158834934235,0.0598784349858761,1.12158834934235,0.212640374898911,8,LOWER_D,30,1.34999990463257
125.099833,pitch,2,DEMAND_NEG,0.765879392623901,3.61930847167969,543.509887695312,18.6579437255859,1.12158834934235,0.0598784349858761,1.12158834934235,0.212640374898911,8,LOWER_D,30,1.34999990463257
125.139833,pitch,2,DEMAND_NEG,0.775187969207764,3.64478588104248,543.509887695312,18.6579437255859,1.12158834934235,0.0598784349858761,1.12158834934235,0.212640374898911,8,LOWER_D,30,1.34999990463257
125.179833,pitch,2,DEMAND_NEG,0.706477403640747,3.66140508651733,543.509887695312,18.6579437255859,1.12158834934235,0.0598784349858761,1.12158834934235,0.212640374898911,8,LOWER_D,30,1.34999990463257
125.219833,pitch,2,DEMAND_NEG,0.592639684677124,3.67013168334961,543.509887695312,18.6579437255859,1.12158834934235,0.0598784349858761,1.12158834934235,0.212640374898911,8,LOWER_D,30,1.34999990463257
125.259833,pitch,2,DEMAND_NEG,0.430461347103119,3.67181348800659,543.509887695312,18.6579437255859,1.12158834934235,0.0598784349858761,1.12158834934235,0.212640374898911,8,LOWER_D,30,1.34999990463257
125.299833,pitch,2,DEMAND_NEG,0.260088562965393,3.67181348800659,543.509887695312,18.6579437255859,1.12158834934235,0.0598784349858761,1.12158834934235,0.212640374898911,8,LOWER_D,30,1.34999990463257
125.339833,pitch,2,DEMAND_NEG,0.0826934352517128,3.67181348800659,543.509887695312,18.6579437255859,1.12158834934235,0.0598784349858761,1.12158834934235,0.212640374898911,8,LOWER_D,30,1.34999990463257
125.379833,pitch,2,DEMAND_NEG,-0.0877546891570091,3.67181348800659,543.509887695312,18.6579437255859,1.12158834934235,0.0598784349858761,1.12158834934235,0.212640374898911,8,LOWER_D,30,1.34999990463257
125.419833,pitch,0,IDLE,-0.217366099357605,3.67181348800659,543.509887695312,18.6579437255859,1.12158834934235,0.0598784349858761,1.12158834934235,0.212640374898911,8,LOWER_D,30,1.34999990463257
125.459833,pitch,0,IDLE,-0.318039923906326,3.03312206268311,366.384552001953,0.351114213466644,1.01858901977539,0.0598784349858761,1.01858901977539,0.212640374898911,8,LOWER_D,30,1.34999990463257
125.499833,pitch,0,IDLE,-0.36765044927597,3.03312206268311,366.384552001953,0.351114213466644,1.01858901977539,0.0598784349858761,1.01858901977539,0.212640374898911,8,LOWER_D,30,1.34999990463257
125.539833,pitch,0,IDLE,-0.375168770551682,3.03312206268311,366.384552001953,0.351114213466644,1.01858901977539,0.0598784349858761,1.01858901977539,0.212640374898911,8,LOWER_D,30,1.34999990463257
125.579833,pitch,0,IDLE,-0.342105686664581,3.03312206268311,366.384552001953,0.351114213466644,1.01858901977539,0.0598784349858761,1.01858901977539,0.212640374898911,8,LOWER_D,30,1.34999990463257
125.619833,pitch,0,IDLE,-0.262460827827454,3.03312206268311,366.384552001953,0.351114213466644,1.01858901977539,0.0598784349858761,1.01858901977539,0.212640374898911,8,LOWER_D,30,1.34999990463257
125.659833,pitch,0,IDLE,-0.183597087860107,3.03312206268311,366.384552001953,0.351114213466644,1.01858901977539,0.0598784349858761,1.01858901977539,0.212640374898911,8,LOWER_D,30,1.34999990463257
125.699833,pitch,0,IDLE,-0.104636624455452,3.03312206268311,366.384552001953,0.351114213466644,1.01858901977539,0.0598784349858761,1.01858901977539,0.212640374898911,8,LOWER_D,30,1.34999990463257
125.739833,pitch,0,IDLE,-0.0434762686491013,3.03312206268311,366.384552001953,0.351114213466644,1.01858901977539,0.0598784349858761,1.01858901977539,0.212640374898911,8,LOWER_D,30,1.34999990463257
125.779833,pitch,1,DEMAND_POS,-0.00734829902648926,3.03312206268311,366.384552001953,0.351114213466644,1.01858901977539,0.0598784349858761,1.01858901977539,0.212640374898911,8,LOWER_D,30,1.34999990463257
125.819833,pitch,1,DEMAND_POS,0.00492536230012774,3.03312206268311,366.384552001953,0.351114213466644,1.01858901977539,0.0598784349858761,1.01858901977539,0.212640374898911,8,LOWER_D,30,1.34999990463257
125.859833,pitch,1,DEMAND_POS,-0.00845417380332947,3.03312206268311,366.384552001953,0.351114213466644,1.01858901977539,0.0598784349858761,1.01858901977539,0.212640374898911,8,LOWER_D,30,1.34999990463257
125.899833,pitch,1,DEMAND_POS,-0.0363429337739944,3.03312206268311,366.384552001953,0.351114213466644,1.01858901977539,0.0598784349858761,1.01858901977539,0.212640374898911,8,LOWER_D,30,1.34999990463257
125.939833,pitch,1,DEMAND_POS,-0.063900537788868,3.03312206268311,366.384552001953,0.351114213466644,1.01858901977539,0.0598784349858761,1.01858901977539,0.212640374898911,8,LOWER_D,30,1.34999990463257
125.979833,pitch,1,DEMAND_POS,-0.085142157971859,3.03312206268311,366.384552001953,0.351114213466644,1.01858901977539,0.0598784349858761,1.01858901977539,0.212640374898911,8,LOWER_D,30,1.34999990463257
126.019833,pitch,1,DEMAND_POS,-0.0911751687526703,3.03312206268311,366.384552001953,0.351114213466644,1.01858901977539,0.0598784349858761,1.01858901977539,0.212640374898911,8,LOWER_D,30,1.34999990463257
126.059833,pitch,1,DEMAND_POS,-0.0752962827682495,3.03312206268311,366.384552001953,0.351114213466644,1.01858901977539,0.0598784349858761,1.01858901977539,0.212640374898911,8,LOWER_D,30,1.34999990463257
126.099833,pitch,1,DEMAND_POS,-0.0457427501678467,3.03312206268311,366.384552001953,0.351114213466644,1.01858901977539,0.0598784349858761,1.01858901977539,0.212640374898911,8,LOWER_D,30,1.34999990463257
126.139833,pitch,1,DEMAND_POS,-0.00557656958699226,3.03312206268311,366.384552001953,0.351114213466644,1.01858901977539,0.0598784349858761,1.01858901977539,0.212640374898911,8,LOWER_D,30,1.34999990463257
126.179833,pitch,1,DEMAND_POS,0.0388487577438354,3.03312206268311,366.384552001953,0.351114213466644,1.01858901977539,0.0598784349858761,1.01858901977539,0.212640374898911,8,LOWER_D,30,1.34999990463257
126.219833,pitch,1,DEMAND_POS,0.069131076335907,3.03312206268311,366.384552001953,0.351114213466644,1.01858901977539,0.0598784349858761,1.01858901977539,0.212640374898911,8,LOWER_D,30,1.34999990463257
126.259833,pitch,1,DEMAND_POS,0.0932773649692535,3.03312206268311,366.384552001953,0.351114213466644,1.01858901977539,0.0598784349858761,1.01858901977539,0.212640374898911,8,LOWER_D,30,1.34999990463257
126.299833,pitch,1,DEMAND_POS,0.111342862248421,3.03312206268311,366.384552001953,0.351114213466644,1.01858901977539,0.0598784349858761,1.01858901977539,0.212640374898911,8,LOWER_D,30,1.34999990463257
126.339833,pitch,1,DEMAND_POS,0.127377584576607,3.03312206268311,366.384552001953,0.351114213466644,1.01858901977539,0.0598784349858761,1.01858901977539,0.212640374898911,8,LOWER_D,30,1.34999990463257
126.379833,pitch,1,DEMAND_POS,0.13917900621891,3.03312206268311,366.384552001953,0.351114213466644,1.01858901977539,0.0598784349858761,1.01858901977539,0.212640374898911,8,LOWER_D,30,1.34999990463257
126.419833,pitch,1,DEMAND_POS,0.139815762639046,3.03312206268311,366.384552001953,0.351114213466644,1.01858901977539,0.0598784349858761,1.01858901977539,0.212640374898911,8,LOWER_D,30,1.34999990463257
126.459833,pitch,1,DEMAND_POS,0.12888491153717,3.03312206268311,366.384552001953,0.351114213466644,1.01858901977539,0.0598784349858761,1.01858901977539,0.212640374898911,8,LOWER_D,30,1.34999990463257
126.499833,pitch,1,DEMAND_POS,0.112734697759151,3.03312206268311,366.384552001953,0.351114213466644,1.01858901977539,0.0598784349858761,1.01858901977539,0.212640374898911,8,LOWER_D,30,1.34999990463257
126.539833,pitch,1,DEMAND_POS,0.0952192321419716,3.03312206268311,366.384552001953,0.351114213466644,1.01858901977539,0.0598784349858761,1.01858901977539,0.212640374898911,8,LOWER_D,30,1.34999990463257
126.579833,pitch,1,DEMAND_POS,0.0799935907125473,3.03312206268311,366.384552001953,0.351114213466644,1.01858901977539,0.0598784349858761,1.01858901977539,0.212640374898911,8,LOWER_D,30,1.34999990463257
126.619833,pitch,1,DEMAND_POS,0.0728373825550079,3.03312206268311,366.384552001953,0.351114213466644,1.01858901977539,0.0598784349858761,1.01858901977539,0.212640374898911,8,LOWER_D,30,1.34999990463257
126.659833,pitch,1,DEMAND_POS,0.0703426748514175,3.03312206268311,366.384552001953,0.351114213466644,1.01858901977539,0.0598784349858761,1.01858901977539,0.212640374898911,8,LOWER_D,30,1.34999990463257
126.699833,pitch,1,DEMAND_POS,-0.00177618861198425,3.03312206268311,366.384552001953,0.351114213466644,1.01858901977539,0.0598784349858761,1.01858901977539,0.212640374898911,8,LOWER_D,30,1.34999990463257
126.739833,pitch,0,IDLE,-0.197952002286911,3.03312206268311,366.384552001953,0.351114213466644,1.01858901977539,0.0598784349858761,1.01858901977539,0.212640374898911,8,LOWER_D,30,1.34999990463257
126.779833,pitch,0,IDLE,-0.194533854722977,1,96.5736541748047,0.342331022024155,1.01858901977539,0.0598784349858761,1.01858901977539,0.0744241327047348,8,LOWER_D,30,1.34999990463257
126.819833,pitch,0,IDLE,-0.201091051101685,1,96.5736541748047,0.342331022024155,1.01858901977539,0.0598784349858761,1.01858901977539,0.0744241327047348,8,LOWER_D,30,1.34999990463257
126.859833,pitch,0,IDLE,-0.212360426783562,1,96.5736541748047,0.342331022024155,1.01858901977539,0.0598784349858761,1.01858901977539,0.0744241327047348,8,LOWER_D,30,1.34999990463257
126.899833,pitch,0,IDLE,-0.22246316075325,1,96.5736541748047,0.342331022024155,1.01858901977539,0.0598784349858761,1.01858901977539,0.0744241327047348,8,LOWER_D,30,1.34999990463257
126.939833,pitch,0,IDLE,-0.232142671942711,1,96.5736541748047,0.342331022024155,1.01858901977539,0.0598784349858761,1.01858901977539,0.0744241327047348,8,LOWER_D,30,1.34999990463257
126.979833,pitch,0,IDLE,-0.241928160190582,1,96.5736541748047,0.342331022024155,1.01858901977539,0.0598784349858761,1.01858901977539,0.0744241327047348,8,LOWER_D,30,1.34999990463257
127.019833,pitch,0,IDLE,-0.251241415739059,1,96.5736541748047,0.342331022024155,1.01858901977539,0.0598784349858761,1.01858901977539,0.0744241327047348,8,LOWER_D,30,1.34999990463257
127.059833,pitch,0,IDLE,-0.264147818088531,1,96.5736541748047,0.342331022024155,1.01858901977539,0.0598784349858761,1.01858901977539,0.0744241327047348,8,LOWER_D,30,1.34999990463257
127.099833,pitch,0,IDLE,-0.279717653989792,1,96.5736541748047,0.342331022024155,1.01858901977539,0.0598784349858761,1.01858901977539,0.0744241327047348,8,LOWER_D,30,1.34999990463257
127.139833,pitch,0,IDLE,-0.302628338336945,1,96.5736541748047,0.342331022024155,1.01858901977539,0.0598784349858761,1.01858901977539,0.0744241327047348,8,LOWER_D,30,1.34999990463257
127.179833,pitch,0,IDLE,-0.331267058849335,1,96.5736541748047,0.342331022024155,1.01858901977539,0.0598784349858761,1.01858901977539,0.0744241327047348,8,LOWER_D,30,1.34999990463257
127.219833,pitch,0,IDLE,-0.362984240055084,1,96.5736541748047,0.342331022024155,1.01858901977539,0.0598784349858761,1.01858901977539,0.0744241327047348,8,LOWER_D,30,1.34999990463257
127.259833,pitch,0,IDLE,-0.399002552032471,1,96.5736541748047,0.342331022024155,1.01858901977539,0.0598784349858761,1.01858901977539,0.0744241327047348,8,LOWER_D,30,1.34999990463257
127.299833,pitch,0,IDLE,-0.437730729579926,1,96.5736541748047,0.342331022024155,1.01858901977539,0.0598784349858761,1.01858901977539,0.0744241327047348,8,LOWER_D,30,1.34999990463257
127.339833,pitch,0,IDLE,-0.478149831295013,1,96.5736541748047,0.342331022024155,1.01858901977539,0.0598784349858761,1.01858901977539,0.0744241327047348,8,LOWER_D,30,1.34999990463257
127.379833,pitch,0,IDLE,-0.517258524894714,1,96.5736541748047,0.342331022024155,1.01858901977539,0.0598784349858761,1.01858901977539,0.0744241327047348,8,LOWER_D,30,1.34999990463257
127.419833,pitch,0,IDLE,-0.551044583320618,1,96.5736541748047,0.342331022024155,1.01858901977539,0.0598784349858761,1.01858901977539,0.0744241327047348,8,LOWER_D,30,1.34999990463257
127.459833,pitch,0,IDLE,-0.578928411006927,1,96.5736541748047,0.342331022024155,1.01858901977539,0.0598784349858761,1.01858901977539,0.0744241327047348,8,LOWER_D,30,1.34999990463257
127.499833,pitch,0,IDLE,-0.599982619285583,1,96.5736541748047,0.342331022024155,1.01858901977539,0.0598784349858761,1.01858901977539,0.0744241327047348,8,LOWER_D,30,1.34999990463257
127.539833,pitch,0,IDLE,-0.615750253200531,1,96.5736541748047,0.342331022024155,1.01858901977539,0.0598784349858761,1.01858901977539,0.0744241327047348,8,LOWER_D,30,1.34999990463257
127.579833,pitch,0,IDLE,-0.627886474132538,1,96.5736541748047,0.342331022024155,1.01858901977539,0.0598784349858761,1.01858901977539,0.0744241327047348,8,LOWER_D,30,1.34999990463257
127.619833,pitch,0,IDLE,-0.637566268444061,1,96.5736541748047,0.342331022024155,1.01858901977539,0.0598784349858761,1.01858901977539,0.0744241327047348,8,LOWER_D,30,1.34999990463257
127.659833,pitch,0,IDLE,-0.646876513957977,1,96.5736541748047,0.342331022024155,1.01858901977539,0.0598784349858761,1.01858901977539,0.0744241327047348,8,LOWER_D,30,1.34999990463257
127.699833,pitch,0,IDLE,-0.656765937805176,1,96.5736541748047,0.342331022024155,1.01858901977539,0.0598784349858761,1.01858901977539,0.0744241327047348,8,LOWER_D,30,1.34999990463257
127.739833,pitch,0,IDLE,-0.668362855911255,1,96.5736541748047,0.342331022024155,1.01858901977539,0.0598784349858761,1.01858901977539,0.0744241327047348,8,LOWER_D,30,1.34999990463257
127.779833,pitch,0,IDLE,-0.681149303913116,1,96.5736541748047,0.342331022024155,1.01858901977539,0.0598784349858761,1.01858901977539,0.0744241327047348,8,LOWER_D,30,1.34999990463257
127.819833,pitch,0,IDLE,-0.692632913589478,1,96.5736541748047,0.342331022024155,1.01858901977539,0.0598784349858761,1.01858901977539,0.0744241327047348,8,LOWER_D,30,1.34999990463257
127.859833,pitch,0,IDLE,-0.700785338878632,1,96.5736541748047,0.342331022024155,1.01858901977539,0.0598784349858761,1.01858901977539,0.0744241327047348,8,LOWER_D,30,1.34999990463257
127.899833,pitch,0,IDLE,-0.703682065010071,1,96.5736541748047,0.342331022024155,1.01858901977539,0.0598784349858761,1.01858901977539,0.0744241327047348,8,LOWER_D,30,1.34999990463257
127.939833,pitch,0,IDLE,-0.700945198535919,1,96.5736541748047,0.342331022024155,1.01858901977539,0.0598784349858761,1.01858901977539,0.0744241327047348,8,LOWER_D,30,1.34999990463257
127.979833,pitch,0,IDLE,-0.693735539913177,1,96.5736541748047,0.342331022024155,1.01858901977539,0.0598784349858761,1.01858901977539,0.0744241327047348,8,LOWER_D,30,1.34999990463257
128.019833,pitch,0,IDLE,-0.683651626110077,1,96.5736541748047,0.342331022024155,1.01858901977539,0.0598784349858761,1.01858901977539,0.0744241327047348,8,LOWER_D,30,1.34999990463257
128.059833,pitch,0,IDLE,-0.672294318675995,1,96.5736541748047,0.342331022024155,1.01858901977539,0.0598784349858761,1.01858901977539,0.0744241327047348,8,LOWER_D,30,1.34999990463257
128.099833,pitch,0,IDLE,-0.661098182201385,1,96.5736541748047,0.342331022024155,1.01858901977539,0.0598784349858761,1.01858901977539,0.0744241327047348,8,LOWER_D,30,1.34999990463257
128.139833,pitch,0,IDLE,-0.651032030582428,1,96.5736541748047,0.342331022024155,1.01858901977539,0.0598784349858761,1.01858901977539,0.0744241327047348,8,LOWER_D,30,1.34999990463257
128.179833,pitch,0,IDLE,-0.64252769947052,1,96.5736541748047,0.342331022024155,1.01858901977539,0.0598784349858761,1.01858901977539,0.0744241327047348,8,LOWER_D,30,1.34999990463257
128.219833,pitch,0,IDLE,-0.635902285575867,1,96.5736541748047,0.342331022024155,1.01858901977539,0.0598784349858761,1.01858901977539,0.0744241327047348,8,LOWER_D,30,1.34999990463257
128.259833,pitch,0,IDLE,-0.631107985973358,1,96.5736541748047,0.342331022024155,1.01858901977539,0.0598784349858761,1.01858901977539,0.0744241327047348,8,LOWER_D,30,1.34999990463257
128.299833,pitch,0,IDLE,-0.629080474376678,1,96.5736541748047,0.342331022024155,1.01858901977539,0.0598784349858761,1.01858901977539,0.0744241327047348,8,LOWER_D,30,1.34999990463257
128.339833,pitch,0,IDLE,-0.630011320114136,1,96.5736541748047,0.342331022024155,1.01858901977539,0.0598784349858761,1.01858901977539,0.0744241327047348,8,LOWER_D,30,1.34999990463257
128.379833,pitch,0,IDLE,-0.632206439971924,1,96.5736541748047,0.342331022024155,1.01858901977539,0.0598784349858761,1.01858901977539,0.0744241327047348,8,LOWER_D,30,1.34999990463257
128.419833,pitch,0,IDLE,-0.634419679641724,1,96.5736541748047,0.342331022024155,1.01858901977539,0.0598784349858761,1.01858901977539,0.0744241327047348,8,LOWER_D,30,1.34999990463257
128.459833,pitch,0,IDLE,-0.636310577392578,1,96.5736541748047,0.342331022024155,1.01858901977539,0.0598784349858761,1.01858901977539,0.0744241327047348,8,LOWER_D,30,1.34999990463257
128.499833,pitch,0,IDLE,-0.637585163116455,1,96.5736541748047,0.342331022024155,1.01858901977539,0.0598784349858761,1.01858901977539,0.0744241327047348,8,LOWER_D,30,1.34999990463257
128.539833,pitch,0,IDLE,-0.637931287288666,1,96.5736541748047,0.342331022024155,1.01858901977539,0.0598784349858761,1.01858901977539,0.0744241327047348,8,LOWER_D,30,1.34999990463257
128.579833,pitch,0,IDLE,-0.637344479560852,1,96.5736541748047,0.342331022024155,1.01858901977539,0.0598784349858761,1.01858901977539,0.0744241327047348,8,LOWER_D,30,1.34999990463257
128.619833,pitch,0,IDLE,-0.63604348897934,1,96.5736541748047,0.342331022024155,1.01858901977539,0.0598784349858761,1.01858901977539,0.0744241327047348,8,LOWER_D,30,1.34999990463257
128.659833,pitch,0,IDLE,-0.633389413356781,1,96.5736541748047,0.342331022024155,1.01858901977539,0.0598784349858761,1.01858901977539,0.0744241327047348,8,LOWER_D,30,1.34999990463257
128.699833,pitch,0,IDLE,-0.629634261131287,1,96.5736541748047,0.342331022024155,1.01858901977539,0.0598784349858761,1.01858901977539,0.0744241327047348,8,LOWER_D,30,1.34999990463257
128.739833,pitch,0,IDLE,-0.624830543994904,1,96.5736541748047,0.342331022024155,1.01858901977539,0.0598784349858761,1.01858901977539,0.0744241327047348,8,LOWER_D,30,1.34999990463257
128.779833,pitch,0,IDLE,-0.61937028169632,1,96.5736541748047,0.342331022024155,1.01858901977539,0.0598784349858761,1.01858901977539,0.0744241327047348,8,LOWER_D,30,1.34999990463257
128.819833,pitch,0,IDLE,-0.613105356693268,1,96.5736541748047,0.342331022024155,1.01858901977539,0.0598784349858761,1.01858901977539,0.0744241327047348,8,LOWER_D,30,1.34999990463257
128.859833,pitch,0,IDLE,-0.605862677097321,1,96.5736541748047,0.342331022024155,1.01858901977539,0.0598784349858761,1.01858901977539,0.0744241327047348,8,LOWER_D,30,1.34999990463257
128.899833,pitch,0,IDLE,-0.598281800746918,1,96.5736541748047,0.342331022024155,1.01858901977539,0.0598784349858761,1.01858901977539,0.0744241327047348,8,LOWER_D,30,1.34999990463257
128.939833,pitch,0,IDLE,-0.590113818645477,1,96.5736541748047,0.342331022024155,1.01858901977539,0.0598784349858761,1.01858901977539,0.0744241327047348,8,LOWER_D,30,1.34999990463257
128.979833,pitch,0,IDLE,-0.581290423870087,1,96.5736541748047,0.342331022024155,1.01858901977539,0.0598784349858761,1.01858901977539,0.0744241327047348,8,LOWER_D,30,1.34999990463257
129.019833,pitch,0,IDLE,-0.572533071041107,1,96.5736541748047,0.342331022024155,1.01858901977539,0.0598784349858761,1.01858901977539,0.0744241327047348,8,LOWER_D,30,1.34999990463257
129.059833,pitch,0,IDLE,-0.563766181468964,1,96.5736541748047,0.342331022024155,1.01858901977539,0.0598784349858761,1.01858901977539,0.0744241327047348,8,LOWER_D,30,1.34999990463257
129.099833,pitch,0,IDLE,-0.555157005786896,1,96.5736541748047,0.342331022024155,1.01858901977539,0.0598784349858761,1.01858901977539,0.0744241327047348,8,LOWER_D,30,1.34999990463257
129.139833,pitch,0,IDLE,-0.546700596809387,1,96.5736541748047,0.342331022024155,1.01858901977539,0.0598784349858761,1.01858901977539,0.0744241327047348,8,LOWER_D,30,1.34999990463257
129.179833,pitch,0,IDLE,-0.538661241531372,1,96.5736541748047,0.342331022024155,1.01858901977539,0.0598784349858761,1.01858901977539,0.0744241327047348,8,LOWER_D,30,1.34999990463257
129.219833,pitch,0,IDLE,-0.531068921089172,1,96.5736541748047,0.342331022024155,1.01858901977539,0.0598784349858761,1.01858901977539,0.0744241327047348,8,LOWER_D,30,1.34999990463257
129.259833,pitch,0,IDLE,-0.523637115955353,1,96.5736541748047,0.342331022024155,1.01858901977539,0.0598784349858761,1.01858901977539,0.0744241327047348,8,LOWER_D,30,1.34999990463257
129.299833,pitch,0,IDLE,-0.516645073890686,1,96.5736541748047,0.342331022024155,1.01858901977539,0.0598784349858761,1.01858901977539,0.0744241327047348,8,LOWER_D,30,1.34999990463257
129.339833,pitch,0,IDLE,-0.50991028547287,1,96.5736541748047,0.342331022024155,1.01858901977539,0.0598784349858761,1.01858901977539,0.0744241327047348,8,LOWER_D,30,1.34999990463257
129.379833,pitch,0,IDLE,-0.504552960395813,1,96.5736541748047,0.342331022024155,1.01858901977539,0.0598784349858761,1.01858901977539,0.0744241327047348,8,LOWER_D,30,1.34999990463257
129.419833,pitch,0,IDLE,-0.422146916389465,1,96.5736541748047,0.342331022024155,1.01858901977539,0.0598784349858761,1.01858901977539,0.0744241327047348,8,LOWER_D,30,1.34999990463257
129.459833,pitch,0,IDLE,-0.314263671636581,1,96.5736541748047,0.342331022024155,1.01858901977539,0.0598784349858761,1.01858901977539,0.0744241327047348,8,LOWER_D,30,1.34999990463257
129.499833,pitch,0,IDLE,-0.20760141313076,1,96.5736541748047,0.342331022024155,1.01858901977539,0.0598784349858761,1.01858901977539,0.0744241327047348,8,LOWER_D,30,1.34999990463257
129.539833,pitch,0,IDLE,-0.10879410803318,1,96.5736541748047,0.342331022024155,1.01858901977539,0.0598784349858761,1.01858901977539,0.0744241327047348,8,LOWER_D,30,1.34999990463257
129.579833,pitch,0,IDLE,-0.018992967903614,1,96.5736541748047,0.342331022024155,1.01858901977539,0.0598784349858761,1.01858901977539,0.0744241327047348,8,LOWER_D,30,1.34999990463257
129.619833,pitch,0,IDLE,0.0606995932757854,1,96.5736541748047,0.342331022024155,1.01858901977539,0.0598784349858761,1.01858901977539,0.0744241327047348,8,LOWER_D,30,1.34999990463257
129.659833,pitch,0,IDLE,0.128539890050888,1,96.5736541748047,0.342331022024155,1.01858901977539,0.0598784349858761,1.01858901977539,0.0744241327047348,8,LOWER_D,30,1.34999990463257
129.699833,pitch,0,IDLE,0.182702660560608,1,96.5736541748047,0.342331022024155,1.01858901977539,0.0598784349858761,1.01858901977539,0.0744241327047348,8,LOWER_D,30,1.34999990463257
129.739833,pitch,0,IDLE,0.222059294581413,1,96.5736541748047,0.342331022024155,1.01858901977539,0.0598784349858761,1.01858901977539,0.0744241327047348,8,LOWER_D,30,1.34999990463257
129.779833,pitch,0,IDLE,0.248083755373955,1,96.5736541748047,0.342331022024155,1.01858901977539,0.0598784349858761,1.01858901977539,0.0744241327047348,8,LOWER_D,30,1.34999990463257
129.819833,pitch,0,IDLE,0.262955904006958,1,96.5736541748047,0.342331022024155,1.01858901977539,0.0598784349858761,1.01858901977539,0.0744241327047348,8,LOWER_D,30,1.34999990463257
129.859833,pitch,0,IDLE,0.269323170185089,1,96.5736541748047,0.342331022024155,1.01858901977539,0.0598784349858761,1.01858901977539,0.0744241327047348,8,LOWER_D,30,1.34999990463257
129.899833,pitch,0,IDLE,0.269684374332428,1,96.5736541748047,0.342331022024155,1.01858901977539,0.0598784349858761,1.01858901977539,0.0744241327047348,8,LOWER_D,30,1.34999990463257
129.939833,pitch,0,IDLE,0.266361832618713,1,96.5736541748047,0.342331022024155,1.01858901977539,0.0598784349858761,1.01858901977539,0.0744241327047348,8,LOWER_D,30,1.34999990463257
129.979833,pitch,0,IDLE,0.261136800050735,1,96.5736541748047,0.342331022024155,1.01858901977539,0.0598784349858761,1.01858901977539,0.0744241327047348,8,LOWER_D,30,1.34999990463257
130.019833,pitch,0,IDLE,0.254906743764877,1,96.5736541748047,0.342331022024155,1.01858901977539,0.0598784349858761,1.01858901977539,0.0744241327047348,8,LOWER_D,30,1.34999990463257
130.059833,pitch,0,IDLE,0.248539507389069,1,96.5736541748047,0.342331022024155,1.01858901977539,0.0598784349858761,1.01858901977539,0.0744241327047348,8,LOWER_D,30,1.34999990463257
130.099833,pitch,0,IDLE,0.242422327399254,1,96.5736541748047,0.342331022024155,1.01858901977539,0.0598784349858761,1.01858901977539,0.0744241327047348,8,LOWER_D,30,1.34999990463257
130.139833,pitch,0,IDLE,0.236385181546211,1,96.5736541748047,0.342331022024155,1.01858901977539,0.0598784349858761,1.01858901977539,0.0744241327047348,8,LOWER_D,30,1.34999990463257
130.179833,pitch,0,IDLE,0.230204984545708,1,96.5736541748047,0.342331022024155,1.01858901977539,0.0598784349858761,1.01858901977539,0.0744241327047348,8,LOWER_D,30,1.34999990463257
130.219833,pitch,0,IDLE,0.223781749606133,1,96.5736541748047,0.342331022024155,1.01858901977539,0.0598784349858761,1.01858901977539,0.0744241327047348,8,LOWER_D,30,1.34999990463257
130.259833,pitch,0,IDLE,0.2165267765522,1,96.5736541748047,0.342331022024155,1.01858901977539,0.0598784349858761,1.01858901977539,0.0744241327047348,8,LOWER_D,30,1.34999990463257
130.299833,pitch,0,IDLE,0.208548501133919,1,96.5736541748047,0.342331022024155,1.01858901977539,0.0598784349858761,1.01858901977539,0.0744241327047348,8,LOWER_D,30,1.34999990463257
130.339833,pitch,0,IDLE,0.199541836977005,1,96.5736541748047,0.342331022024155,1.01858901977539,0.0598784349858761,1.01858901977539,0.0744241327047348,8,LOWER_D,30,1.34999990463257
130.379833,pitch,0,IDLE,0.188862517476082,1,96.5736541748047,0.342331022024155,1.01858901977539,0.0598784349858761,1.01858901977539,0.0744241327047348,8,LOWER_D,30,1.34999990463257
130.419833,pitch,0,IDLE,0.176731929183006,1,96.5736541748047,0.342331022024155,1.01858901977539,0.0598784349858761,1.01858901977539,0.0744241327047348,8,LOWER_D,30,1.34999990463257
130.459833,pitch,0,IDLE,0.163003638386726,1,96.5736541748047,0.342331022024155,1.01858901977539,0.0598784349858761,1.01858901977539,0.0744241327047348,8,LOWER_D,30,1.34999990463257
130.499833,pitch,0,IDLE,0.148060321807861,1,96.5736541748047,0.342331022024155,1.01858901977539,0.0598784349858761,1.01858901977539,0.0744241327047348,8,LOWER_D,30,1.34999990463257
130.539833,pitch,0,IDLE,0.131565138697624,1,96.5736541748047,0.342331022024155,1.01858901977539,0.0598784349858761,1.01858901977539,0.0744241327047348,8,LOWER_D,30,1.34999990463257
130.579833,pitch,0,IDLE,0.113751858472824,1,96.5736541748047,0.342331022024155,1.01858901977539,0.0598784349858761,1.01858901977539,0.0744241327047348,8,LOWER_D,30,1.34999990463257
130.619833,pitch,0,IDLE,0.0950673669576645,1,96.5736541748047,0.342331022024155,1.01858901977539,0.0598784349858761,1.01858901977539,0.0744241327047348,8,LOWER_D,30,1.34999990463257
130.659833,pitch,0,IDLE,0.0769068375229836,1,96.5736541748047,0.342331022024155,1.01858901977539,0.0598784349858761,1.01858901977539,0.0744241327047348,8,LOWER_D,30,1.34999990463257
130.699833,pitch,0,IDLE,0.0619993880391121,1,96.5736541748047,0.342331022024155,1.01858901977539,0.0598784349858761,1.01858901977539,0.0744241327047348,8,LOWER_D,30,1.34999990463257
130.739833,pitch,0,IDLE,0.0526559799909592,1,96.5736541748047,0.342331022024155,1.01858901977539,0.0598784349858761,1.01858901977539,0.0744241327047348,8,LOWER_D,30,1.34999990463257
130.779833,pitch,0,IDLE,0.0491006039083004,1,96.5736541748047,0.342331022024155,1.01858901977539,0.0598784349858761,1.01858901977539,0.0744241327047348,8,LOWER_D,30,1.34999990463257
130.819833,pitch,0,IDLE,0.0506423376500607,1,96.5736541748047,0.342331022024155,1.01858901977539,0.0598784349858761,1.01858901977539,0.0744241327047348,8,LOWER_D,30,1.34999990463257
130.859833,pitch,0,IDLE,0.0558539777994156,1,96.5736541748047,0.342331022024155,1.01858901977539,0.0598784349858761,1.01858901977539,0.0744241327047348,8,LOWER_D,30,1.34999990463257
130.899833,pitch,0,IDLE,0.0629846975207329,1,96.5736541748047,0.342331022024155,1.01858901977539,0.0598784349858761,1.01858901977539,0.0744241327047348,8,LOWER_D,30,1.34999990463257
130.939833,pitch,0,IDLE,0.0699446722865105,1,96.5736541748047,0.342331022024155,1.01858901977539,0.0598784349858761,1.01858901977539,0.0744241327047348,8,LOWER_D,30,1.34999990463257
130.979833,pitch,0,IDLE,0.0758594051003456,1,96.5736541748047,0.342331022024155,1.01858901977539,0.0598784349858761,1.01858901977539,0.0744241327047348,8,LOWER_D,30,1.34999990463257
131.019833,pitch,0,IDLE,0.111880287528038,1,96.5736541748047,0.342331022024155,1.01858901977539,0.0598784349858761,1.01858901977539,0.0744241327047348,8,LOWER_D,30,1.34999990463257
131.059833,pitch,0,IDLE,0.21048741042614,1,96.5736541748047,0.342331022024155,1.01858901977539,0.0598784349858761,1.01858901977539,0.0744241327047348,8,LOWER_D,30,1.34999990463257
131.099833,pitch,0,IDLE,0.314046442508698,1,96.5736541748047,0.342331022024155,1.01858901977539,0.0598784349858761,1.01858901977539,0.0744241327047348,8,LOWER_D,30,1.34999990463257
131.139833,pitch,1,DEMAND_POS,0.409589529037476,1,96.5736541748047,0.342331022024155,1.01858901977539,0.0598784349858761,1.01858901977539,0.0744241327047348,8,LOWER_D,30,1.34999990463257
131.179833,pitch,1,DEMAND_POS,0.492889106273651,1,96.5736541748047,0.342331022024155,1.01858901977539,0.0598784349858761,1.01858901977539,0.0744241327047348,8,LOWER_D,30,1.34999990463257
131.219833,pitch,1,DEMAND_POS,0.561284244060516,1,96.5736541748047,0.342331022024155,1.01858901977539,0.0598784349858761,1.01858901977539,0.0744241327047348,8,LOWER_D,30,1.34999990463257
131.259833,pitch,1,DEMAND_POS,0.613473534584045,1,96.5736541748047,0.342331022024155,1.01858901977539,0.0598784349858761,1.01858901977539,0.0744241327047348,8,LOWER_D,30,1.34999990463257
131.299833,pitch,1,DEMAND_POS,0.650103628635406,1,96.5736541748047,0.342331022024155,1.01858901977539,0.0598784349858761,1.01858901977539,0.0744241327047348,8,LOWER_D,30,1.34999990463257
131.339833,pitch,1,DEMAND_POS,0.673205614089966,1,96.5736541748047,0.342331022024155,1.01858901977539,0.0598784349858761,1.01858901977539,0.0744241327047348,8,LOWER_D,30,1.34999990463257
131.379833,pitch,1,DEMAND_POS,0.685660660266876,1,96.5736541748047,0.342331022024155,1.01858901977539,0.0598784349858761,1.01858901977539,0.0744241327047348,8,LOWER_D,30,1.34999990463257
131.419833,pitch,1,DEMAND_POS,0.690216600894928,1,96.5736541748047,0.342331022024155,1.01858901977539,0.0598784349858761,1.01858901977539,0.0744241327047348,8,LOWER_D,30,1.34999990463257
131.459833,pitch,1,DEMAND_POS,0.69006359577179,1,96.5736541748047,0.342331022024155,1.01858901977539,0.0598784349858761,1.01858901977539,0.0744241327047348,8,LOWER_D,30,1.34999990463257
131.499833,pitch,1,DEMAND_POS,0.687328934669495,1,96.5736541748047,0.342331022024155,1.01858901977539,0.0598784349858761,1.01858901977539,0.0744241327047348,8,LOWER_D,30,1.34999990463257
131.539833,pitch,1,DEMAND_POS,0.683463573455811,1,96.5736541748047,0.342331022024155,1.01858901977539,0.0598784349858761,1.01858901977539,0.0744241327047348,8,LOWER_D,30,1.34999990463257
131.579833,pitch,1,DEMAND_POS,0.679679930210114,1,96.5736541748047,0.342331022024155,1.01858901977539,0.0598784349858761,1.01858901977539,0.0744241327047348,8,LOWER_D,30,1.34999990463257
131.619833,pitch,1,DEMAND_POS,0.676273882389069,1,96.5736541748047,0.342331022024155,1.01858901977539,0.0598784349858761,1.01858901977539,0.0744241327047348,8,LOWER_D,30,1.34999990463257
131.659833,pitch,1,DEMAND_POS,0.676550447940826,1,96.5736541748047,0.342331022024155,1.01858901977539,0.0598784349858761,1.01858901977539,0.0744241327047348,8,LOWER_D,30,1.34999990463257
131.699833,pitch,1,DEMAND_POS,0.678532838821411,1,96.5736541748047,0.342331022024155,1.01858901977539,0.0598784349858761,1.01858901977539,0.0744241327047348,8,LOWER_D,30,1.34999990463257
131.739833,pitch,1,DEMAND_POS,0.680900573730469,1,96.5736541748047,0.342331022024155,1.01858901977539,0.0598784349858761,1.01858901977539,0.0744241327047348,8,LOWER_D,30,1.34999990463257
131.779833,pitch,1,DEMAND_POS,0.682786822319031,1,96.5736541748047,0.342331022024155,1.01858901977539,0.0598784349858761,1.01858901977539,0.0744241327047348,8,LOWER_D,30,1.34999990463257
131.819833,pitch,1,DEMAND_POS,0.683984577655792,1,96.5736541748047,0.342331022024155,1.01858901977539,0.0598784349858761,1.01858901977539,0.0744241327047348,8,LOWER_D,30,1.34999990463257
131.859833,pitch,1,DEMAND_POS,0.684050142765045,1,96.5736541748047,0.342331022024155,1.01858901977539,0.0598784349858761,1.01858901977539,0.0744241327047348,8,LOWER_D,30,1.34999990463257
131.899833,pitch,1,DEMAND_POS,0.682806193828583,1,96.5736541748047,0.342331022024155,1.01858901977539,0.0598784349858761,1.01858901977539,0.0744241327047348,8,LOWER_D,30,1.34999990463257
131.939833,pitch,1,DEMAND_POS,0.680011510848999,1,96.5736541748047,0.342331022024155,1.01858901977539,0.0598784349858761,1.01858901977539,0.0744241327047348,8,LOWER_D,30,1.34999990463257
131.979833,pitch,1,DEMAND_POS,0.675837218761444,1,96.5736541748047,0.342331022024155,1.01858901977539,0.0598784349858761,1.01858901977539,0.0744241327047348,8,LOWER_D,30,1.34999990463257
132.019833,pitch,1,DEMAND_POS,0.669828832149506,1,96.5736541748047,0.342331022024155,1.01858901977539,0.0598784349858761,1.01858901977539,0.0744241327047348,8,LOWER_D,30,1.34999990463257
132.059833,pitch,1,DEMAND_POS,0.662416636943817,1,96.5736541748047,0.342331022024155,1.01858901977539,0.0598784349858761,1.01858901977539,0.0744241327047348,8,LOWER_D,30,1.34999990463257
132.099833,pitch,1,DEMAND_POS,0.654099762439728,1,96.5736541748047,0.342331022024155,1.01858901977539,0.0598784349858761,1.01858901977539,0.0744241327047348,8,LOWER_D,30,1.34999990463257
132.139833,pitch,1,DEMAND_POS,0.644859850406647,1,96.5736541748047,0.342331022024155,1.01858901977539,0.0598784349858761,1.01858901977539,0.0744241327047348,8,LOWER_D,30,1.34999990463257
132.179833,pitch,1,DEMAND_POS,0.634699523448944,1,96.5736541748047,0.342331022024155,1.01858901977539,0.0598784349858761,1.01858901977539,0.0744241327047348,8,LOWER_D,30,1.34999990463257
132.219833,pitch,1,DEMAND_POS,0.623480558395386,1,96.5736541748047,0.342331022024155,1.01858901977539,0.0598784349858761,1.01858901977539,0.0744241327047348,8,LOWER_D,30,1.34999990463257
132.259833,pitch,1,DEMAND_POS,0.611740708351135,1,96.5736541748047,0.342331022024155,1.01858901977539,0.0598784349858761,1.01858901977539,0.0744241327047348,8,LOWER_D,30,1.34999990463257
132.299833,pitch,1,DEMAND_POS,0.599266290664673,1,96.5736541748047,0.342331022024155,1.01858901977539,0.0598784349858761,1.01858901977539,0.0744241327047348,8,LOWER_D,30,1.34999990463257
132.339833,pitch,1,DEMAND_POS,0.586387634277344,1,96.5736541748047,0.342331022024155,1.01858901977539,0.0598784349858761,1.01858901977539,0.0744241327047348,8,LOWER_D,30,1.34999990463257
132.379833,pitch,1,DEMAND_POS,0.574028611183167,1,96.5736541748047,0.342331022024155,1.01858901977539,0.0598784349858761,1.01858901977539,0.0744241327047348,8,LOWER_D,30,1.34999990463257
132.419833,pitch,1,DEMAND_POS,0.563060879707336,1,96.5736541748047,0.342331022024155,1.01858901977539,0.0598784349858761,1.01858901977539,0.0744241327047348,8,LOWER_D,30,1.34999990463257
132.459833,pitch,1,DEMAND_POS,0.552298188209534,1,96.5736541748047,0.342331022024155,1.01858901977539,0.0598784349858761,1.01858901977539,0.0744241327047348,8,LOWER_D,30,1.34999990463257
132.499833,pitch,1,DEMAND_POS,0.541248321533203,1,96.5736541748047,0.342331022024155,1.01858901977539,0.0598784349858761,1.01858901977539,0.0744241327047348,8,LOWER_D,30,1.34999990463257
132.539833,pitch,1,DEMAND_POS,0.530432224273682,1,96.5736541748047,0.342331022024155,1.01858901977539,0.0598784349858761,1.01858901977539,0.0744241327047348,8,LOWER_D,30,1.34999990463257
132.579833,pitch,1,DEMAND_POS,0.519469797611237,1,96.5736541748047,0.342331022024155,1.01858901977539,0.0598784349858761,1.01858901977539,0.0744241327047348,8,LOWER_D,30,1.34999990463257
132.619833,pitch,1,DEMAND_POS,0.508166491985321,1,96.5736541748047,0.342331022024155,1.01858901977539,0.0598784349858761,1.01858901977539,0.0744241327047348,8,LOWER_D,30,1.34999990463257
132.659833,pitch,1,DEMAND_POS,0.49723008275032,1,96.5736541748047,0.342331022024155,1.01858901977539,0.0598784349858761,1.01858901977539,0.0744241327047348,8,LOWER_D,30,1.34999990463257
132.699833,pitch,1,DEMAND_POS,0.486194014549255,1,96.5736541748047,0.342331022024155,1.01858901977539,0.0598784349858761,1.01858901977539,0.0744241327047348,8,LOWER_D,30,1.34999990463257
132.739833,pitch,1,DEMAND_POS,0.475556164979935,1,96.5736541748047,0.342331022024155,1.01858901977539,0.0598784349858761,1.01858901977539,0.0744241327047348,8,LOWER_D,30,1.34999990463257
132.779833,pitch,1,DEMAND_POS,0.465352594852448,1,96.5736541748047,0.342331022024155,1.01858901977539,0.0598784349858761,1.01858901977539,0.0744241327047348,8,LOWER_D,30,1.34999990463257
132.819833,pitch,1,DEMAND_POS,0.455409646034241,1,96.5736541748047,0.342331022024155,1.01858901977539,0.0598784349858761,1.01858901977539,0.0744241327047348,8,LOWER_D,30,1.34999990463257
132.859833,pitch,1,DEMAND_POS,0.445775985717773,1,96.5736541748047,0.342331022024155,1.01858901977539,0.0598784349858761,1.01858901977539,0.0744241327047348,8,LOWER_D,30,1.34999990463257
132.899833,pitch,1,DEMAND_POS,0.43645453453064,1,96.5736541748047,0.342331022024155,1.01858901977539,0.0598784349858761,1.01858901977539,0.0744241327047348,8,LOWER_D,30,1.34999990463257
132.939833,pitch,1,DEMAND_POS,0.427695661783218,1,96.5736541748047,0.342331022024155,1.01858901977539,0.0598784349858761,1.01858901977539,0.0744241327047348,8,LOWER_D,30,1.34999990463257
132.979833,pitch,1,DEMAND_POS,0.420450180768967,1,96.5736541748047,0.342331022024155,1.01858901977539,0.0598784349858761,1.01858901977539,0.0744241327047348,8,LOWER_D,30,1.34999990463257
133.019833,pitch,1,DEMAND_POS,0.416026800870895,1,96.5736541748047,0.342331022024155,1.01858901977539,0.0598784349858761,1.01858901977539,0.0744241327047348,8,LOWER_D,30,1.34999990463257
133.059833,pitch,1,DEMAND_POS,0.412268161773682,1,96.5736541748047,0.342331022024155,1.01858901977539,0.0598784349858761,1.01858901977539,0.0744241327047348,8,LOWER_D,30,1.34999990463257
133.099833,pitch,1,DEMAND_POS,0.408697456121445,1,96.5736541748047,0.342331022024155,1.01858901977539,0.0598784349858761,1.01858901977539,0.0744241327047348,8,LOWER_D,30,1.34999990463257
133.139833,pitch,1,DEMAND_POS,0.40527269244194,1,96.5736541748047,0.342331022024155,1.01858901977539,0.0598784349858761,1.01858901977539,0.0744241327047348,8,LOWER_D,30,1.34999990463257
133.179833,pitch,1,DEMAND_POS,0.4022296667099,1,96.5736541748047,0.342331022024155,1.01858901977539,0.0598784349858761,1.01858901977539,0.0744241327047348,8,LOWER_D,30,1.34999990463257
133.219833,pitch,1,DEMAND_POS,0.398880392313004,1,96.5736541748047,0.342331022024155,1.01858901977539,0.0598784349858761,1.01858901977539,0.0744241327047348,8,LOWER_D,30,1.34999990463257
133.259833,pitch,1,DEMAND_POS,0.395992785692215,1,96.5736541748047,0.342331022024155,1.01858901977539,0.0598784349858761,1.01858901977539,0.0744241327047348,8,LOWER_D,30,1.34999990463257
133.299833,pitch,1,DEMAND_POS,0.393314719200134,1,96.5736541748047,0.342331022024155,1.01858901977539,0.0598784349858761,1.01858901977539,0.0744241327047348,8,LOWER_D,30,1.34999990463257
133.339833,pitch,1,DEMAND_POS,0.390748292207718,1,96.5736541748047,0.342331022024155,1.01858901977539,0.0598784349858761,1.01858901977539,0.0744241327047348,8,LOWER_D,30,1.34999990463257
133.379833,pitch,1,DEMAND_POS,0.388556241989136,1,96.5736541748047,0.342331022024155,1.01858901977539,0.0598784349858761,1.01858901977539,0.0744241327047348,8,LOWER_D,30,1.34999990463257
133.419833,pitch,1,DEMAND_POS,0.386616587638855,1,96.5736541748047,0.342331022024155,1.01858901977539,0.0598784349858761,1.01858901977539,0.0744241327047348,8,LOWER_D,30,1.34999990463257
133.459833,pitch,1,DEMAND_POS,0.385144203901291,1,96.5736541748047,0.342331022024155,1.01858901977539,0.0598784349858761,1.01858901977539,0.0744241327047348,8,LOWER_D,30,1.34999990463257
133.499833,pitch,1,DEMAND_POS,0.383933514356613,1,96.5736541748047,0.342331022024155,1.01858901977539,0.0598784349858761,1.01858901977539,0.0744241327047348,8,LOWER_D,30,1.34999990463257
133.539833,pitch,1,DEMAND_POS,0.383134812116623,1,96.5736541748047,0.342331022024155,1.01858901977539,0.0598784349858761,1.01858901977539,0.0744241327047348,8,LOWER_D,30,1.34999990463257
133.579833,pitch,1,DEMAND_POS,0.38500103354454,1,96.5736541748047,0.342331022024155,1.01858901977539,0.0598784349858761,1.01858901977539,0.0744241327047348,8,LOWER_D,30,1.34999990463257
133.619833,pitch,1,DEMAND_POS,0.387774348258972,1,96.5736541748047,0.342331022024155,1.01858901977539,0.0598784349858761,1.01858901977539,0.0744241327047348,8,LOWER_D,30,1.34999990463257
133.659833,pitch,1,DEMAND_POS,0.390671461820602,1,96.5736541748047,0.342331022024155,1.01858901977539,0.0598784349858761,1.01858901977539,0.0744241327047348,8,LOWER_D,30,1.34999990463257
133.699833,pitch,1,DEMAND_POS,0.39343535900116,1,96.5736541748047,0.342331022024155,1.01858901977539,0.0598784349858761,1.01858901977539,0.0744241327047348,8,LOWER_D,30,1.34999990463257
133.739833,pitch,0,IDLE,0.315037935972214,1,1,1.02063584327698,1.01858901977539,0.0778419598937035,1.01858901977539,0.0744241327047348,3,RAISE_PD,30,1.34999990463257
133.779833,pitch,0,IDLE,0.210461646318436,1,1,1.02063584327698,1.01858901977539,0.0778419598937035,1.01858901977539,0.0744241327047348,3,RAISE_PD,30,1.34999990463257
133.819833,pitch,0,IDLE,0.10884690284729,1,1.23058295249939,1.02063584327698,1.01858901977539,0.0778419598937035,1.01858901977539,0.0744241327047348,3,RAISE_PD,30,1.34999990463257
133.859833,pitch,0,IDLE,0.0194499902427197,1,1.49584352970123,1.02063584327698,1.01858901977539,0.0778419598937035,1.01858901977539,0.0744241327047348,3,RAISE_PD,30,1.34999990463257
133.899833,pitch,0,IDLE,-0.0541289858520031,1,1.74123346805573,1.02063584327698,1.01858901977539,0.0778419598937035,1.01858901977539,0.0744241327047348,3,RAISE_PD,30,1.34999990463257
133.939833,pitch,0,IDLE,-0.111393198370934,1,1.96738481521606,1.02063584327698,1.01858901977539,0.0778419598937035,1.01858901977539,0.0744241327047348,3,RAISE_PD,30,1.34999990463257
133.979833,pitch,0,IDLE,-0.153175204992294,1,2.17580580711365,1.02063584327698,1.01858901977539,0.0778419598937035,1.01858901977539,0.0744241327047348,3,RAISE_PD,30,1.34999990463257
134.019833,pitch,0,IDLE,-0.181574761867523,1,2.36788630485535,1.02063584327698,1.01858901977539,0.0778419598937035,1.01858901977539,0.0744241327047348,3,RAISE_PD,30,1.34999990463257
134.059833,pitch,0,IDLE,-0.199855208396912,1,2.5359992980957,1.02063584327698,1.01858901977539,0.0778419598937035,1.01858901977539,0.0744241327047348,3,RAISE_PD,30,1.34999990463257
134.099833,pitch,0,IDLE,-0.210295617580414,1,2.67952561378479,1.02063584327698,1.01858901977539,0.0778419598937035,1.01858901977539,0.0744241327047348,3,RAISE_PD,30,1.34999990463257
134.139833,pitch,0,IDLE,-0.215119436383247,1,2.80084443092346,1.02063584327698,1.01858901977539,0.0778419598937035,1.01858901977539,0.0744241327047348,3,RAISE_PD,30,1.34999990463257
134.179833,pitch,0,IDLE,-0.215883702039719,1,2.90146017074585,1.02063584327698,1.01858901977539,0.0778419598937035,1.01858901977539,0.0744241327047348,3,RAISE_PD,30,1.34999990463257
134.219833,pitch,0,IDLE,-0.213883996009827,1,2.98150730133057,1.02063584327698,1.01858901977539,0.0778419598937035,1.01858901977539,0.0744241327047348,3,RAISE_PD,30,1.34999990463257
134.259833,pitch,0,IDLE,-0.210861474275589,1,3.04310131072998,1.02063584327698,1.01858901977539,0.0778419598937035,1.01858901977539,0.0744241327047348,3,RAISE_PD,30,1.34999990463257
134.299833,pitch,0,IDLE,-0.206916868686676,1,3.08817076683044,1.02063584327698,1.01858901977539,0.0778419598937035,1.01858901977539,0.0744241327047348,3,RAISE_PD,30,1.34999990463257
134.339833,pitch,0,IDLE,-0.20186422765255,1,3.11847424507141,1.02063584327698,1.01858901977539,0.0778419598937035,1.01858901977539,0.0744241327047348,3,RAISE_PD,30,1.34999990463257
134.379833,pitch,0,IDLE,-0.195166066288948,1,3.1356143951416,1.02063584327698,1.01858901977539,0.0778419598937035,1.01858901977539,0.0744241327047348,3,RAISE_PD,30,1.34999990463257
134.419833,pitch,0,IDLE,-0.186655566096306,1,3.14105010032654,1.02063584327698,1.01858901977539,0.0778419598937035,1.01858901977539,0.0744241327047348,3,RAISE_PD,30,1.34999990463257
134.459833,pitch,0,IDLE,-0.17701543867588,1,3.14105010032654,1.02063584327698,1.01858901977539,0.0778419598937035,1.01858901977539,0.0744241327047348,3,RAISE_PD,30,1.34999990463257
134.499833,pitch,0,IDLE,-0.165499284863472,1,3.14105010032654,1.02063584327698,1.01858901977539,0.0778419598937035,1.01858901977539,0.0744241327047348,3,RAISE_PD,30,1.34999990463257
134.539833,pitch,0,IDLE,-0.149298265576363,1,3.14105010032654,1.02063584327698,1.01858901977539,0.0778419598937035,1.01858901977539,0.0744241327047348,3,RAISE_PD,30,1.34999990463257
134.579833,pitch,0,IDLE,-0.131342142820358,1,3.14105010032654,1.02063584327698,1.01858901977539,0.0778419598937035,1.01858901977539,0.0744241327047348,3,RAISE_PD,30,1.34999990463257
134.619833,pitch,0,IDLE,-0.113327726721764,1,3.14105010032654,1.02063584327698,1.01858901977539,0.0778419598937035,1.01858901977539,0.0744241327047348,3,RAISE_PD,30,1.34999990463257
134.659833,pitch,0,IDLE,-0.0936532393097878,1,3.14105010032654,1.02063584327698,1.01858901977539,0.0778419598937035,1.01858901977539,0.0744241327047348,3,RAISE_PD,30,1.34999990463257
134.699833,pitch,0,IDLE,-0.0721474289894104,1,3.14105010032654,1.02063584327698,1.01858901977539,0.0778419598937035,1.01858901977539,0.0744241327047348,3,RAISE_PD,30,1.34999990463257
134.739833,pitch,0,IDLE,-0.0491546019911766,1,3.14105010032654,1.02063584327698,1.01858901977539,0.0778419598937035,1.01858901977539,0.0744241327047348,3,RAISE_PD,30,1.34999990463257
134.779833,pitch,0,IDLE,-0.0243186615407467,1,3.14105010032654,1.02063584327698,1.01858901977539,0.0778419598937035,1.01858901977539,0.0744241327047348,3,RAISE_PD,30,1.34999990463257
134.819833,pitch,0,IDLE,0.000160500407218933,1,3.14105010032654,1.02063584327698,1.01858901977539,0.0778419598937035,1.01858901977539,0.0744241327047348,3,RAISE_PD,30,1.34999990463257
134.859833,pitch,0,IDLE,0.0214660875499249,1,3.14105010032654,1.02063584327698,1.01858901977539,0.0778419598937035,1.01858901977539,0.0744241327047348,3,RAISE_PD,30,1.34999990463257
134.899833,pitch,0,IDLE,0.0374943912029266,1,3.14105010032654,1.02063584327698,1.01858901977539,0.0778419598937035,1.01858901977539,0.0744241327047348,3,RAISE_PD,30,1.34999990463257
134.939833,pitch,0,IDLE,0.047262154519558,1,3.14105010032654,1.02063584327698,1.01858901977539,0.0778419598937035,1.01858901977539,0.0744241327047348,3,RAISE_PD,30,1.34999990463257
134.979833,pitch,0,IDLE,0.0517624765634537,1,3.14105010032654,1.02063584327698,1.01858901977539,0.0778419598937035,1.01858901977539,0.0744241327047348,3,RAISE_PD,30,1.34999990463257
135.019833,pitch,0,IDLE,0.0524082705378532,1,3.14105010032654,1.02063584327698,1.01858901977539,0.0778419598937035,1.01858901977539,0.0744241327047348,3,RAISE_PD,30,1.34999990463257
135.059833,pitch,0,IDLE,0.0509097315371037,1,3.14105010032654,1.02063584327698,1.01858901977539,0.0778419598937035,1.01858901977539,0.0744241327047348,3,RAISE_PD,30,1.34999990463257
135.099833,pitch,0,IDLE,0.0493004806339741,1,3.14105010032654,1.02063584327698,1.01858901977539,0.0778419598937035,1.01858901977539,0.0744241327047348,3,RAISE_PD,30,1.34999990463257
135.139833,pitch,0,IDLE,0.0486417077481747,1,3.14105010032654,1.02063584327698,1.01858901977539,0.0778419598937035,1.01858901977539,0.0744241327047348,3,RAISE_PD,30,1.34999990463257
135.179833,pitch,0,IDLE,0.0501619279384613,1,3.14105010032654,1.02063584327698,1.01858901977539,0.0778419598937035,1.01858901977539,0.0744241327047348,3,RAISE_PD,30,1.34999990463257
135.219833,pitch,0,IDLE,0.0538931787014008,1,3.14105010032654,1.02063584327698,1.01858901977539,0.0778419598937035,1.01858901977539,0.0744241327047348,3,RAISE_PD,30,1.34999990463257
135.259833,pitch,0,IDLE,0.060513686388731,1,3.14105010032654,1.02063584327698,1.01858901977539,0.0778419598937035,1.01858901977539,0.0744241327047348,3,RAISE_PD,30,1.34999990463257
135.299833,pitch,0,IDLE,0.0693285465240479,1,3.14105010032654,1.02063584327698,1.01858901977539,0.0778419598937035,1.01858901977539,0.0744241327047348,3,RAISE_PD,30,1.34999990463257
135.339833,pitch,0,IDLE,0.0460389778017998,1,3.14105010032654,1.02063584327698,1.01858901977539,0.0778419598937035,1.01858901977539,0.0744241327047348,3,RAISE_PD,30,1.34999990463257
135.379833,pitch,0,IDLE,-0.0449883379042149,1,3.14105010032654,1.02063584327698,1.01858901977539,0.0778419598937035,1.01858901977539,0.0744241327047348,3,RAISE_PD,30,1.34999990463257
135.419833,pitch,0,IDLE,-0.142509713768959,1,3.14105010032654,1.02063584327698,1.01858901977539,0.0778419598937035,1.01858901977539,0.0744241327047348,3,RAISE_PD,30,1.34999990463257
135.459833,pitch,0,IDLE,-0.233587071299553,1,3.14105010032654,1.02063584327698,1.01858901977539,0.0778419598937035,1.01858901977539,0.0744241327047348,3,RAISE_PD,30,1.34999990463257
135.499833,pitch,0,IDLE,-0.315409451723099,1,3.14105010032654,1.02063584327698,1.01858901977539,0.0778419598937035,1.01858901977539,0.0744241327047348,3,RAISE_PD,30,1.34999990463257
135.539833,pitch,0,IDLE,-0.387464940547943,1,3.14105010032654,1.02063584327698,1.01858901977539,0.0778419598937035,1.01858901977539,0.0744241327047348,3,RAISE_PD,30,1.34999990463257
135.579833,pitch,0,IDLE,-0.450699090957642,1,3.14105010032654,1.02063584327698,1.01858901977539,0.0778419598937035,1.01858901977539,0.0744241327047348,3,RAISE_PD,30,1.34999990463257
135.619833,pitch,0,IDLE,-0.505452036857605,1,3.14105010032654,1.02063584327698,1.01858901977539,0.0778419598937035,1.01858901977539,0.0744241327047348,3,RAISE_PD,30,1.34999990463257
135.659833,pitch,0,IDLE,-0.552895665168762,1,3.14105010032654,1.02063584327698,1.01858901977539,0.0778419598937035,1.01858901977539,0.0744241327047348,3,RAISE_PD,30,1.34999990463257
135.699833,pitch,0,IDLE,-0.59348052740097,1,3.14105010032654,1.02063584327698,1.01858901977539,0.0778419598937035,1.01858901977539,0.0744241327047348,3,RAISE_PD,30,1.34999990463257
135.739833,pitch,0,IDLE,-0.628456890583038,1,3.14105010032654,1.02063584327698,1.01858901977539,0.0778419598937035,1.01858901977539,0.0744241327047348,3,RAISE_PD,30,1.34999990463257
135.779833,pitch,0,IDLE,-0.658129334449768,1,3.14105010032654,1.02063584327698,1.01858901977539,0.0778419598937035,1.01858901977539,0.0744241327047348,3,RAISE_PD,30,1.34999990463257
135.819833,pitch,0,IDLE,-0.682273507118225,1,3.14105010032654,1.02063584327698,1.01858901977539,0.0778419598937035,1.01858901977539,0.0744241327047348,3,RAISE_PD,30,1.34999990463257
135.859833,pitch,0,IDLE,-0.698201239109039,1,3.17958450317383,1.02063584327698,1.01858901977539,0.0778419598937035,1.01858901977539,0.0744241327047348,3,RAISE_PD,30,1.34999990463257
135.899833,pitch,0,IDLE,-0.706922590732574,1,3.20541453361511,1.02063584327698,1.01858901977539,0.0778419598937035,1.01858901977539,0.0744241327047348,3,RAISE_PD,30,1.34999990463257
135.939833,pitch,0,IDLE,-0.70669287443161,1,3.21832513809204,1.02063584327698,1.01858901977539,0.0778419598937035,1.01858901977539,0.0744241327047348,3,RAISE_PD,30,1.34999990463257
135.979833,pitch,0,IDLE,-0.697801887989044,1,3.22039222717285,1.02063584327698,1.01858901977539,0.0778419598937035,1.01858901977539,0.0744241327047348,3,RAISE_PD,30,1.34999990463257
136.019833,pitch,0,IDLE,-0.682632386684418,1,3.22039222717285,1.02063584327698,1.01858901977539,0.0778419598937035,1.01858901977539,0.0744241327047348,3,RAISE_PD,30,1.34999990463257
136.059833,pitch,0,IDLE,-0.663247644901276,1,3.22039222717285,1.02063584327698,1.01858901977539,0.0778419598937035,1.01858901977539,0.0744241327047348,3,RAISE_PD,30,1.34999990463257
136.099833,pitch,0,IDLE,-0.642217218875885,1,3.22039222717285,1.02063584327698,1.01858901977539,0.0778419598937035,1.01858901977539,0.0744241327047348,3,RAISE_PD,30,1.34999990463257
136.139833,pitch,0,IDLE,-0.62051397562027,1,3.22039222717285,1.02063584327698,1.01858901977539,0.0778419598937035,1.01858901977539,0.0744241327047348,3,RAISE_PD,30,1.34999990463257
136.179833,pitch,0,IDLE,-0.59972757101059,1,3.22039222717285,1.02063584327698,1.01858901977539,0.0778419598937035,1.01858901977539,0.0744241327047348,3,RAISE_PD,30,1.34999990463257
136.219833,pitch,0,IDLE,-0.580671370029449,1,3.22039222717285,1.02063584327698,1.01858901977539,0.0778419598937035,1.01858901977539,0.0744241327047348,3,RAISE_PD,30,1.34999990463257
136.259833,pitch,0,IDLE,-0.563198626041412,1,3.22039222717285,1.02063584327698,1.01858901977539,0.0778419598937035,1.01858901977539,0.0744241327047348,3,RAISE_PD,30,1.34999990463257
136.299833,pitch,0,IDLE,-0.547840774059296,1,3.22039222717285,1.02063584327698,1.01858901977539,0.0778419598937035,1.01858901977539,0.0744241327047348,3,RAISE_PD,30,1.34999990463257
136.339833,pitch,0,IDLE,-0.534123063087463,1,3.22039222717285,1.02063584327698,1.01858901977539,0.0778419598937035,1.01858901977539,0.0744241327047348,3,RAISE_PD,30,1.34999990463257
136.379833,pitch,0,IDLE,-0.521637141704559,1,3.22039222717285,1.02063584327698,1.01858901977539,0.0778419598937035,1.01858901977539,0.0744241327047348,3,RAISE_PD,30,1.34999990463257
136.419833,pitch,0,IDLE,-0.510236442089081,1,3.22039222717285,1.02063584327698,1.01858901977539,0.0778419598937035,1.01858901977539,0.0744241327047348,3,RAISE_PD,30,1.34999990463257
136.459833,pitch,0,IDLE,-0.498923063278198,1,3.22039222717285,1.02063584327698,1.01858901977539,0.0778419598937035,1.01858901977539,0.0744241327047348,3,RAISE_PD,30,1.34999990463257
136.499833,pitch,0,IDLE,-0.487646400928497,1,3.22039222717285,1.02063584327698,1.01858901977539,0.0778419598937035,1.01858901977539,0.0744241327047348,3,RAISE_PD,30,1.34999990463257
136.539833,pitch,0,IDLE,-0.476047873497009,1,3.22039222717285,1.02063584327698,1.01858901977539,0.0778419598937035,1.01858901977539,0.0744241327047348,3,RAISE_PD,30,1.34999990463257
136.579833,pitch,0,IDLE,-0.463826835155487,1,3.22039222717285,1.02063584327698,1.01858901977539,0.0778419598937035,1.01858901977539,0.0744241327047348,3,RAISE_PD,30,1.34999990463257
136.619833,pitch,0,IDLE,-0.451317638158798,1,3.22039222717285,1.02063584327698,1.01858901977539,0.0778419598937035,1.01858901977539,0.0744241327047348,3,RAISE_PD,30,1.34999990463257
136.659833,pitch,0,IDLE,-0.438875198364258,1,3.22039222717285,1.02063584327698,1.01858901977539,0.0778419598937035,1.01858901977539,0.0744241327047348,3,RAISE_PD,30,1.34999990463257
136.699833,pitch,0,IDLE,-0.428464025259018,1,3.22039222717285,1.02063584327698,1.01858901977539,0.0778419598937035,1.01858901977539,0.0744241327047348,3,RAISE_PD,30,1.34999990463257
136.739833,pitch,0,IDLE,-0.417470633983612,1,3.22039222717285,1.02063584327698,1.01858901977539,0.0778419598937035,1.01858901977539,0.0744241327047348,3,RAISE_PD,30,1.34999990463257
136.779833,pitch,0,IDLE,-0.405539125204086,1,3.22039222717285,1.02063584327698,1.01858901977539,0.0778419598937035,1.01858901977539,0.0744241327047348,3,RAISE_PD,30,1.34999990463257
136.819833,pitch,0,IDLE,-0.392790287733078,1,3.22039222717285,1.02063584327698,1.01858901977539,0.0778419598937035,1.01858901977539,0.0744241327047348,3,RAISE_PD,30,1.34999990463257
136.859833,pitch,0,IDLE,-0.37913978099823,1,3.22039222717285,1.02063584327698,1.01858901977539,0.0778419598937035,1.01858901977539,0.0744241327047348,3,RAISE_PD,30,1.34999990463257
136.899833,pitch,0,IDLE,-0.365300804376602,1,3.22039222717285,1.02063584327698,1.01858901977539,0.0778419598937035,1.01858901977539,0.0744241327047348,3,RAISE_PD,30,1.34999990463257
136.939833,pitch,0,IDLE,-0.351066619157791,1,3.22039222717285,1.02063584327698,1.01858901977539,0.0778419598937035,1.01858901977539,0.0744241327047348,3,RAISE_PD,30,1.34999990463257
136.979833,pitch,0,IDLE,-0.337042570114136,1,3.22039222717285,1.02063584327698,1.01858901977539,0.0778419598937035,1.01858901977539,0.0744241327047348,3,RAISE_PD,30,1.34999990463257
137.019833,pitch,0,IDLE,-0.326176762580872,1,3.22039222717285,1.02063584327698,1.01858901977539,0.0778419598937035,1.01858901977539,0.0744241327047348,3,RAISE_PD,30,1.34999990463257
137.059833,pitch,0,IDLE,-0.320619285106659,1,3.22039222717285,1.02063584327698,1.01858901977539,0.0778419598937035,1.01858901977539,0.0744241327047348,3,RAISE_PD,30,1.34999990463257
137.099833,pitch,0,IDLE,-0.321857422590256,1,3.22039222717285,1.02063584327698,1.01858901977539,0.0778419598937035,1.01858901977539,0.0744241327047348,3,RAISE_PD,30,1.34999990463257
137.139833,pitch,0,IDLE,-0.329393714666367,1,3.22039222717285,1.02063584327698,1.01858901977539,0.0778419598937035,1.01858901977539,0.0744241327047348,3,RAISE_PD,30,1.34999990463257
137.179833,pitch,0,IDLE,-0.342358261346817,1,3.22039222717285,1.02063584327698,1.01858901977539,0.0778419598937035,1.01858901977539,0.0744241327047348,3,RAISE_PD,30,1.34999990463257
137.219833,pitch,0,IDLE,-0.361551254987717,1,3.22039222717285,1.02063584327698,1.01858901977539,0.0778419598937035,1.01858901977539,0.0744241327047348,3,RAISE_PD,30,1.34999990463257
137.259833,pitch,0,IDLE,-0.383070588111877,1,3.22039222717285,1.02063584327698,1.01858901977539,0.0778419598937035,1.01858901977539,0.0744241327047348,3,RAISE_PD,30,1.34999990463257
137.299833,pitch,0,IDLE,-0.404581636190414,1,3.22039222717285,1.02063584327698,1.01858901977539,0.0778419598937035,1.01858901977539,0.0744241327047348,3,RAISE_PD,30,1.34999990463257
137.339833,pitch,0,IDLE,-0.424513727426529,1,3.22039222717285,1.02063584327698,1.01858901977539,0.0778419598937035,1.01858901977539,0.0744241327047348,3,RAISE_PD,30,1.34999990463257
137.379833,pitch,0,IDLE,-0.442081928253174,1,3.22039222717285,1.02063584327698,1.01858901977539,0.0778419598937035,1.01858901977539,0.0744241327047348,3,RAISE_PD,30,1.34999990463257
137.419833,pitch,0,IDLE,-0.456914365291595,1,3.22039222717285,1.02063584327698,1.01858901977539,0.0778419598937035,1.01858901977539,0.0744241327047348,3,RAISE_PD,30,1.34999990463257
137.459833,pitch,0,IDLE,-0.46953421831131,1,3.22039222717285,1.02063584327698,1.01858901977539,0.0778419598937035,1.01858901977539,0.0744241327047348,3,RAISE_PD,30,1.34999990463257
137.499833,pitch,0,IDLE,-0.480280816555023,1,3.22039222717285,1.02063584327698,1.01858901977539,0.0778419598937035,1.01858901977539,0.0744241327047348,3,RAISE_PD,30,1.34999990463257
137.539833,pitch,0,IDLE,-0.489331930875778,1,3.22039222717285,1.02063584327698,1.01858901977539,0.0778419598937035,1.01858901977539,0.0744241327047348,3,RAISE_PD,30,1.34999990463257
137.579833,pitch,0,IDLE,-0.497182965278625,1,3.22039222717285,1.02063584327698,1.01858901977539,0.0778419598937035,1.01858901977539,0.0744241327047348,3,RAISE_PD,30,1.34999990463257
137.619833,pitch,0,IDLE,-0.503979444503784,1,3.22039222717285,1.02063584327698,1.01858901977539,0.0778419598937035,1.01858901977539,0.0744241327047348,3,RAISE_PD,30,1.34999990463257
137.659833,pitch,0,IDLE,-0.510862529277802,1,3.22039222717285,1.02063584327698,1.01858901977539,0.0778419598937035,1.01858901977539,0.0744241327047348,3,RAISE_PD,30,1.34999990463257
137.699833,pitch,0,IDLE,-0.517804861068726,1,3.22039222717285,1.02063584327698,1.01858901977539,0.0778419598937035,1.01858901977539,0.0744241327047348,3,RAISE_PD,30,1.34999990463257
137.739833,pitch,0,IDLE,-0.525353372097015,1,3.22039222717285,1.02063584327698,1.01858901977539,0.0778419598937035,1.01858901977539,0.0744241327047348,3,RAISE_PD,30,1.34999990463257
137.779833,pitch,0,IDLE,-0.534002959728241,1,3.22039222717285,1.02063584327698,1.01858901977539,0.0778419598937035,1.01858901977539,0.0744241327047348,3,RAISE_PD,30,1.34999990463257
137.819833,pitch,0,IDLE,-0.541893541812897,1,3.22039222717285,1.02063584327698,1.01858901977539,0.0778419598937035,1.01858901977539,0.0744241327047348,3,RAISE_PD,30,1.34999990463257
137.859833,pitch,0,IDLE,-0.546800434589386,1,3.22039222717285,1.02063584327698,1.01858901977539,0.0778419598937035,1.01858901977539,0.0744241327047348,3,RAISE_PD,30,1.34999990463257
137.899833,pitch,0,IDLE,-0.546343982219696,1,3.22039222717285,1.02063584327698,1.01858901977539,0.0778419598937035,1.01858901977539,0.0744241327047348,3,RAISE_PD,30,1.34999990463257
137.939833,pitch,0,IDLE,-0.543430149555206,1,3.22039222717285,1.02063584327698,1.01858901977539,0.0778419598937035,1.01858901977539,0.0744241327047348,3,RAISE_PD,30,1.34999990463257
137.979833,pitch,0,IDLE,-0.53657454252243,1,3.22039222717285,1.02063584327698,1.01858901977539,0.0778419598937035,1.01858901977539,0.0744241327047348,3,RAISE_PD,30,1.34999990463257
138.019833,pitch,0,IDLE,-0.526632130146027,1,3.22039222717285,1.02063584327698,1.01858901977539,0.0778419598937035,1.01858901977539,0.0744241327047348,3,RAISE_PD,30,1.34999990463257
138.059833,pitch,0,IDLE,-0.434779763221741,1,3.22039222717285,1.02063584327698,1.01858901977539,0.0778419598937035,1.01858901977539,0.0744241327047348,3,RAISE_PD,30,1.34999990463257
138.099833,pitch,0,IDLE,-0.316509693861008,1,3.22039222717285,1.02063584327698,1.01858901977539,0.0778419598937035,1.01858901977539,0.0744241327047348,3,RAISE_PD,30,1.34999990463257
138.139833,pitch,0,IDLE,-0.201066181063652,1,3.22039222717285,1.02063584327698,1.01858901977539,0.0778419598937035,1.01858901977539,0.0744241327047348,3,RAISE_PD,30,1.34999990463257
138.179833,pitch,0,IDLE,-0.0960927158594131,1,3.22039222717285,1.02063584327698,1.01858901977539,0.0778419598937035,1.01858901977539,0.0744241327047348,3,RAISE_PD,30,1.34999990463257
138.219833,pitch,0,IDLE,-0.00613498315215111,1,3.22039222717285,1.02063584327698,1.01858901977539,0.0778419598937035,1.01858901977539,0.0744241327047348,3,RAISE_PD,30,1.34999990463257
138.259833,pitch,0,IDLE,0.0653631240129471,1,3.22039222717285,1.02063584327698,1.01858901977539,0.0778419598937035,1.01858901977539,0.0744241327047348,3,RAISE_PD,30,1.34999990463257
138.299833,pitch,0,IDLE,0.1180335059762,1,3.22039222717285,1.02063584327698,1.01858901977539,0.0778419598937035,1.01858901977539,0.0744241327047348,3,RAISE_PD,30,1.34999990463257
138.339833,pitch,0,IDLE,0.153496116399765,1,3.22039222717285,1.02063584327698,1.01858901977539,0.0778419598937035,1.01858901977539,0.0744241327047348,3,RAISE_PD,30,1.34999990463257
138.379833,pitch,0,IDLE,0.174271777272224,1,3.22039222717285,1.02063584327698,1.01858901977539,0.0778419598937035,1.01858901977539,0.0744241327047348,3,RAISE_PD,30,1.34999990463257
138.419833,pitch,0,IDLE,0.183888107538223,1,3.22039222717285,1.02063584327698,1.01858901977539,0.0778419598937035,1.01858901977539,0.0744241327047348,3,RAISE_PD,30,1.34999990463257
138.459833,pitch,0,IDLE,0.185200020670891,1,3.22039222717285,1.02063584327698,1.01858901977539,0.0778419598937035,1.01858901977539,0.0744241327047348,3,RAISE_PD,30,1.34999990463257
138.499833,pitch,0,IDLE,0.181224226951599,1,3.22039222717285,1.02063584327698,1.01858901977539,0.0778419598937035,1.01858901977539,0.0744241327047348,3,RAISE_PD,30,1.34999990463257
138.539833,pitch,0,IDLE,0.174309462308884,1,3.22039222717285,1.02063584327698,1.01858901977539,0.0778419598937035,1.01858901977539,0.0744241327047348,3,RAISE_PD,30,1.34999990463257
138.579833,pitch,0,IDLE,0.165875881910324,1,3.22039222717285,1.02063584327698,1.01858901977539,0.0778419598937035,1.01858901977539,0.0744241327047348,3,RAISE_PD,30,1.34999990463257
138.619833,pitch,0,IDLE,0.157398134469986,1,3.25024628639221,1.02063584327698,1.01858901977539,0.0778419598937035,1.01858901977539,0.0744241327047348,3,RAISE_PD,30,1.34999990463257
138.659833,pitch,0,IDLE,0.148868650197983,1,3.28094983100891,1.02063584327698,1.01858901977539,0.0778419598937035,1.01858901977539,0.0744241327047348,3,RAISE_PD,30,1.34999990463257
138.699833,pitch,0,IDLE,0.140812546014786,1,3.29793906211853,1.02063584327698,1.01858901977539,0.0778419598937035,1.01858901977539,0.0744241327047348,3,RAISE_PD,30,1.34999990463257
138.739833,pitch,0,IDLE,0.13297675549984,1,3.30273747444153,1.02063584327698,1.01858901977539,0.0778419598937035,1.01858901977539,0.0744241327047348,3,RAISE_PD,30,1.34999990463257
138.779833,pitch,0,IDLE,0.125267997384071,1,3.30273747444153,1.02063584327698,1.01858901977539,0.0778419598937035,1.01858901977539,0.0744241327047348,3,RAISE_PD,30,1.34999990463257
138.819833,pitch,0,IDLE,0.117612883448601,1,3.30273747444153,1.02063584327698,1.01858901977539,0.0778419598937035,1.01858901977539,0.0744241327047348,3,RAISE_PD,30,1.34999990463257
138.859833,pitch,0,IDLE,0.109570644795895,1,3.30273747444153,1.02063584327698,1.01858901977539,0.0778419598937035,1.01858901977539,0.0744241327047348,3,RAISE_PD,30,1.34999990463257
138.899833,pitch,0,IDLE,0.100972898304462,1,3.30273747444153,1.02063584327698,1.01858901977539,0.0778419598937035,1.01858901977539,0.0744241327047348,3,RAISE_PD,30,1.34999990463257
138.939833,pitch,0,IDLE,0.0914922431111336,1,3.30273747444153,1.02063584327698,1.01858901977539,0.0778419598937035,1.01858901977539,0.0744241327047348,3,RAISE_PD,30,1.34999990463257
138.979833,pitch,0,IDLE,0.0807850807905197,1,3.30273747444153,1.02063584327698,1.01858901977539,0.0778419598937035,1.01858901977539,0.0744241327047348,3,RAISE_PD,30,1.34999990463257
139.019833,pitch,0,IDLE,0.0687878429889679,1,3.30273747444153,1.02063584327698,1.01858901977539,0.0778419598937035,1.01858901977539,0.0744241327047348,3,RAISE_PD,30,1.34999990463257
139.059833,pitch,0,IDLE,0.0553584806621075,1,3.30273747444153,1.02063584327698,1.01858901977539,0.0778419598937035,1.01858901977539,0.0744241327047348,3,RAISE_PD,30,1.34999990463257
139.099833,pitch,0,IDLE,0.0406403206288815,1,3.30273747444153,1.02063584327698,1.01858901977539,0.0778419598937035,1.01858901977539,0.0744241327047348,3,RAISE_PD,30,1.34999990463257
139.139833,pitch,0,IDLE,0.0252383407205343,1,3.30273747444153,1.02063584327698,1.01858901977539,0.0778419598937035,1.01858901977539,0.0744241327047348,3,RAISE_PD,30,1.34999990463257
139.179833,pitch,0,IDLE,0.0116330804303288,1,3.30273747444153,1.02063584327698,1.01858901977539,0.0778419598937035,1.01858901977539,0.0744241327047348,3,RAISE_PD,30,1.34999990463257
139.219833,pitch,0,IDLE,0.00270140939392149,1,3.30273747444153,1.02063584327698,1.01858901977539,0.0778419598937035,1.01858901977539,0.0744241327047348,3,RAISE_PD,30,1.34999990463257
139.259833,pitch,0,IDLE,-0.000378870172426105,1,3.30273747444153,1.02063584327698,1.01858901977539,0.0778419598937035,1.01858901977539,0.0744241327047348,3,RAISE_PD,30,1.34999990463257
139.299833,pitch,0,IDLE,0.00227257958613336,1,3.30273747444153,1.02063584327698,1.01858901977539,0.0778419598937035,1.01858901977539,0.0744241327047348,3,RAISE_PD,30,1.34999990463257
139.339833,pitch,0,IDLE,0.00969051569700241,1,3.30273747444153,1.02063584327698,1.01858901977539,0.0778419598937035,1.01858901977539,0.0744241327047348,3,RAISE_PD,30,1.34999990463257
139.379833,pitch,0,IDLE,0.019507709890604,1,3.30273747444153,1.02063584327698,1.01858901977539,0.0778419598937035,1.01858901977539,0.0744241327047348,3,RAISE_PD,30,1.34999990463257
139.419833,pitch,0,IDLE,0.0300899427384138,1,3.30273747444153,1.02063584327698,1.01858901977539,0.0778419598937035,1.01858901977539,0.0744241327047348,3,RAISE_PD,30,1.34999990463257
139.459833,pitch,0,IDLE,0.0397936701774597,1,3.30273747444153,1.02063584327698,1.01858901977539,0.0778419598937035,1.01858901977539,0.0744241327047348,3,RAISE_PD,30,1.34999990463257
139.499833,pitch,0,IDLE,0.0476444996893406,1,3.30273747444153,1.02063584327698,1.01858901977539,0.0778419598937035,1.01858901977539,0.0744241327047348,3,RAISE_PD,30,1.34999990463257
139.539833,pitch,0,IDLE,0.0529538728296757,1,3.30273747444153,1.02063584327698,1.01858901977539,0.0778419598937035,1.01858901977539,0.0744241327047348,3,RAISE_PD,30,1.34999990463257
139.579833,pitch,0,IDLE,0.0555540472269058,1,3.30273747444153,1.02063584327698,1.01858901977539,0.0778419598937035,1.01858901977539,0.0744241327047348,3,RAISE_PD,30,1.34999990463257
139.619833,pitch,0,IDLE,0.0556176714599133,1,3.30273747444153,1.02063584327698,1.01858901977539,0.0778419598937035,1.01858901977539,0.0744241327047348,3,RAISE_PD,30,1.34999990463257
139.659833,pitch,0,IDLE,0.0860286802053452,1,3.30273747444153,1.02063584327698,1.01858901977539,0.0778419598937035,1.01858901977539,0.0744241327047348,3,RAISE_PD,30,1.34999990463257
139.699833,pitch,0,IDLE,0.180641114711761,1,3.30273747444153,1.02063584327698,1.01858901977539,0.0778419598937035,1.01858901977539,0.0744241327047348,3,RAISE_PD,30,1.34999990463257
139.739833,pitch,0,IDLE,0.28160697221756,1,3.30273747444153,1.02063584327698,1.01858901977539,0.0778419598937035,1.01858901977539,0.0744241327047348,3,RAISE_PD,30,1.34999990463257
139.779833,pitch,1,DEMAND_POS,0.376227229833603,1,3.30273747444153,1.02063584327698,1.01858901977539,0.0778419598937035,1.01858901977539,0.0744241327047348,3,RAISE_PD,30,1.34999990463257
139.819833,pitch,1,DEMAND_POS,0.460126489400864,1,3.30273747444153,1.02063584327698,1.01858901977539,0.0778419598937035,1.01858901977539,0.0744241327047348,3,RAISE_PD,30,1.34999990463257
139.859833,pitch,1,DEMAND_POS,0.531792044639587,1,3.30273747444153,1.02063584327698,1.01858901977539,0.0778419598937035,1.01858901977539,0.0744241327047348,3,RAISE_PD,30,1.34999990463257
139.899833,pitch,1,DEMAND_POS,0.588367640972137,1,3.30273747444153,1.02063584327698,1.01858901977539,0.0778419598937035,1.01858901977539,0.0744241327047348,3,RAISE_PD,30,1.34999990463257
139.939833,pitch,1,DEMAND_POS,0.63067102432251,1,3.30273747444153,1.02063584327698,1.01858901977539,0.0778419598937035,1.01858901977539,0.0744241327047348,3,RAISE_PD,30,1.34999990463257
139.979833,pitch,1,DEMAND_POS,0.660558521747589,1,3.30273747444153,1.02063584327698,1.01858901977539,0.0778419598937035,1.01858901977539,0.0744241327047348,3,RAISE_PD,30,1.34999990463257
140.019833,pitch,1,DEMAND_POS,0.68036299943924,1,3.30273747444153,1.02063584327698,1.01858901977539,0.0778419598937035,1.01858901977539,0.0744241327047348,3,RAISE_PD,30,1.34999990463257
140.059833,pitch,1,DEMAND_POS,0.692951261997223,1,3.30273747444153,1.02063584327698,1.01858901977539,0.0778419598937035,1.01858901977539,0.0744241327047348,3,RAISE_PD,30,1.34999990463257
140.099833,pitch,1,DEMAND_POS,0.700778186321259,1,3.30273747444153,1.02063584327698,1.01858901977539,0.0778419598937035,1.01858901977539,0.0744241327047348,3,RAISE_PD,30,1.34999990463257
140.139833,pitch,1,DEMAND_POS,0.705809414386749,1,3.30273747444153,1.02063584327698,1.01858901977539,0.0778419598937035,1.01858901977539,0.0744241327047348,3,RAISE_PD,30,1.34999990463257
140.179833,pitch,1,DEMAND_POS,0.709363698959351,1,3.30273747444153,1.02063584327698,1.01858901977539,0.0778419598937035,1.01858901977539,0.0744241327047348,3,RAISE_PD,30,1.34999990463257
140.219833,pitch,1,DEMAND_POS,0.712016105651855,1,3.30273747444153,1.02063584327698,1.01858901977539,0.0778419598937035,1.01858901977539,0.0744241327047348,3,RAISE_PD,30,1.34999990463257
140.259833,pitch,1,DEMAND_POS,0.714523077011108,1,3.30273747444153,1.02063584327698,1.01858901977539,0.0778419598937035,1.01858901977539,0.0744241327047348,3,RAISE_PD,30,1.34999990463257
140.299833,pitch,1,DEMAND_POS,0.716614544391632,1,3.30273747444153,1.02063584327698,1.01858901977539,0.0778419598937035,1.01858901977539,0.0744241327047348,3,RAISE_PD,30,1.34999990463257
140.339833,pitch,1,DEMAND_POS,0.718523979187012,1,3.30273747444153,1.02063584327698,1.01858901977539,0.0778419598937035,1.01858901977539,0.0744241327047348,3,RAISE_PD,30,1.34999990463257
140.379833,pitch,1,DEMAND_POS,0.719842314720154,1,3.30273747444153,1.02063584327698,1.01858901977539,0.0778419598937035,1.01858901977539,0.0744241327047348,3,RAISE_PD,30,1.34999990463257
140.419833,pitch,1,DEMAND_POS,0.720257997512817,1,3.30273747444153,1.02063584327698,1.01858901977539,0.0778419598937035,1.01858901977539,0.0744241327047348,3,RAISE_PD,30,1.34999990463257
140.459833,pitch,1,DEMAND_POS,0.719614207744598,1,3.30273747444153,1.02063584327698,1.01858901977539,0.0778419598937035,1.01858901977539,0.0744241327047348,3,RAISE_PD,30,1.34999990463257
140.499833,pitch,1,DEMAND_POS,0.717631280422211,1,3.30273747444153,1.02063584327698,1.01858901977539,0.0778419598937035,1.01858901977539,0.0744241327047348,3,RAISE_PD,30,1.34999990463257
140.539833,pitch,1,DEMAND_POS,0.714141845703125,1,3.30273747444153,1.02063584327698,1.01858901977539,0.0778419598937035,1.01858901977539,0.0744241327047348,3,RAISE_PD,30,1.34999990463257
140.579833,pitch,1,DEMAND_POS,0.709381878376007,1,3.30273747444153,1.02063584327698,1.01858901977539,0.0778419598937035,1.01858901977539,0.0744241327047348,3,RAISE_PD,30,1.34999990463257
140.619833,pitch,1,DEMAND_POS,0.703254282474518,1,3.30273747444153,1.02063584327698,1.01858901977539,0.0778419598937035,1.01858901977539,0.0744241327047348,3,RAISE_PD,30,1.34999990463257
140.659833,pitch,1,DEMAND_POS,0.696211814880371,1,3.30273747444153,1.02063584327698,1.01858901977539,0.0778419598937035,1.01858901977539,0.0744241327047348,3,RAISE_PD,30,1.34999990463257
140.699833,pitch,1,DEMAND_POS,0.687982678413391,1,3.30273747444153,1.02063584327698,1.01858901977539,0.0778419598937035,1.01858901977539,0.0744241327047348,3,RAISE_PD,30,1.34999990463257
140.739833,pitch,1,DEMAND_POS,0.678751051425934,1,3.30273747444153,1.02063584327698,1.01858901977539,0.0778419598937035,1.01858901977539,0.0744241327047348,3,RAISE_PD,30,1.34999990463257
140.779833,pitch,1,DEMAND_POS,0.669108927249908,1,3.30273747444153,1.02063584327698,1.01858901977539,0.0778419598937035,1.01858901977539,0.0744241327047348,3,RAISE_PD,30,1.34999990463257
140.819833,pitch,1,DEMAND_POS,0.658579170703888,1,3.30273747444153,1.02063584327698,1.01858901977539,0.0778419598937035,1.01858901977539,0.0744241327047348,3,RAISE_PD,30,1.34999990463257
140.859833,pitch,1,DEMAND_POS,0.64744234085083,1,3.30273747444153,1.02063584327698,1.01858901977539,0.0778419598937035,1.01858901977539,0.0744241327047348,3,RAISE_PD,30,1.34999990463257
140.899833,pitch,1,DEMAND_POS,0.637807488441467,1,3.30273747444153,1.02063584327698,1.01858901977539,0.0778419598937035,1.01858901977539,0.0744241327047348,3,RAISE_PD,30,1.34999990463257
140.939833,pitch,1,DEMAND_POS,0.62894868850708,1,3.30273747444153,1.02063584327698,1.01858901977539,0.0778419598937035,1.01858901977539,0.0744241327047348,3,RAISE_PD,30,1.34999990463257
140.979833,pitch,1,DEMAND_POS,0.619865953922272,1,3.30273747444153,1.02063584327698,1.01858901977539,0.0778419598937035,1.01858901977539,0.0744241327047348,3,RAISE_PD,30,1.34999990463257
141.019833,pitch,1,DEMAND_POS,0.61002516746521,1,3.30273747444153,1.02063584327698,1.01858901977539,0.0778419598937035,1.01858901977539,0.0744241327047348,3,RAISE_PD,30,1.34999990463257
141.059833,pitch,1,DEMAND_POS,0.599706470966339,1,3.30273747444153,1.02063584327698,1.01858901977539,0.0778419598937035,1.01858901977539,0.0744241327047348,3,RAISE_PD,30,1.34999990463257
141.099833,pitch,1,DEMAND_POS,0.589363276958466,1,3.30273747444153,1.02063584327698,1.01858901977539,0.0778419598937035,1.01858901977539,0.0744241327047348,3,RAISE_PD,30,1.34999990463257
141.139833,pitch,1,DEMAND_POS,0.578895807266235,1,3.30273747444153,1.02063584327698,1.01858901977539,0.0778419598937035,1.01858901977539,0.0744241327047348,3,RAISE_PD,30,1.34999990463257
141.179833,pitch,1,DEMAND_POS,0.568304121494293,1,3.30273747444153,1.02063584327698,1.01858901977539,0.0778419598937035,1.01858901977539,0.0744241327047348,3,RAISE_PD,30,1.34999990463257
141.219833,pitch,1,DEMAND_POS,0.557579338550568,1,3.30273747444153,1.02063584327698,1.01858901977539,0.0778419598937035,1.01858901977539,0.0744241327047348,3,RAISE_PD,30,1.34999990463257
141.259833,pitch,1,DEMAND_POS,0.546881437301636,1,3.30273747444153,1.02063584327698,1.01858901977539,0.0778419598937035,1.01858901977539,0.0744241327047348,3,RAISE_PD,30,1.34999990463257
141.299833,pitch,1,DEMAND_POS,0.536184549331665,1,3.30273747444153,1.02063584327698,1.01858901977539,0.0778419598937035,1.01858901977539,0.0744241327047348,3,RAISE_PD,30,1.34999990463257
141.339833,pitch,1,DEMAND_POS,0.525888085365295,1,3.30273747444153,1.02063584327698,1.01858901977539,0.0778419598937035,1.01858901977539,0.0744241327047348,3,RAISE_PD,30,1.34999990463257
141.379833,pitch,1,DEMAND_POS,0.515752971172333,1,3.30273747444153,1.02063584327698,1.01858901977539,0.0778419598937035,1.01858901977539,0.0744241327047348,3,RAISE_PD,30,1.34999990463257
141.419833,pitch,1,DEMAND_POS,0.50586199760437,1,3.30273747444153,1.02063584327698,1.01858901977539,0.0778419598937035,1.01858901977539,0.0744241327047348,3,RAISE_PD,30,1.34999990463257
141.459833,pitch,1,DEMAND_POS,0.496555298566818,1,3.30273747444153,1.02063584327698,1.01858901977539,0.0778419598937035,1.01858901977539,0.0744241327047348,3,RAISE_PD,30,1.34999990463257
141.499833,pitch,1,DEMAND_POS,0.487519413232803,1,3.30273747444153,1.02063584327698,1.01858901977539,0.0778419598937035,1.01858901977539,0.0744241327047348,3,RAISE_PD,30,1.34999990463257
141.539833,pitch,1,DEMAND_POS,0.480133086442947,1,3.30273747444153,1.02063584327698,1.01858901977539,0.0778419598937035,1.01858901977539,0.0744241327047348,3,RAISE_PD,30,1.34999990463257
141.579833,pitch,1,DEMAND_POS,0.475540697574615,1,3.30273747444153,1.02063584327698,1.01858901977539,0.0778419598937035,1.01858901977539,0.0744241327047348,3,RAISE_PD,30,1.34999990463257
141.619833,pitch,1,DEMAND_POS,0.47131222486496,1,3.30273747444153,1.02063584327698,1.01858901977539,0.0778419598937035,1.01858901977539,0.0744241327047348,3,RAISE_PD,30,1.34999990463257
141.659833,pitch,1,DEMAND_POS,0.467692315578461,1,3.30273747444153,1.02063584327698,1.01858901977539,0.0778419598937035,1.01858901977539,0.0744241327047348,3,RAISE_PD,30,1.34999990463257
141.699833,pitch,1,DEMAND_POS,0.464273601770401,1,3.30273747444153,1.02063584327698,1.01858901977539,0.0778419598937035,1.01858901977539,0.0744241327047348,3,RAISE_PD,30,1.34999990463257
141.739833,pitch,1,DEMAND_POS,0.460873931646347,1,3.30273747444153,1.02063584327698,1.01858901977539,0.0778419598937035,1.01858901977539,0.0744241327047348,3,RAISE_PD,30,1.34999990463257
141.779833,pitch,1,DEMAND_POS,0.457653850317001,1,3.30273747444153,1.02063584327698,1.01858901977539,0.0778419598937035,1.01858901977539,0.0744241327047348,3,RAISE_PD,30,1.34999990463257
141.819833,pitch,1,DEMAND_POS,0.454335570335388,1,3.30273747444153,1.02063584327698,1.01858901977539,0.0778419598937035,1.01858901977539,0.0744241327047348,3,RAISE_PD,30,1.34999990463257
141.859833,pitch,1,DEMAND_POS,0.451531618833542,1,3.30273747444153,1.02063584327698,1.01858901977539,0.0778419598937035,1.01858901977539,0.0744241327047348,3,RAISE_PD,30,1.34999990463257
141.899833,pitch,1,DEMAND_POS,0.448535323143005,1,3.30273747444153,1.02063584327698,1.01858901977539,0.0778419598937035,1.01858901977539,0.0744241327047348,3,RAISE_PD,30,1.34999990463257
141.939833,pitch,1,DEMAND_POS,0.44590812921524,1,3.30273747444153,1.02063584327698,1.01858901977539,0.0778419598937035,1.01858901977539,0.0744241327047348,3,RAISE_PD,30,1.34999990463257
141.979833,pitch,1,DEMAND_POS,0.44363597035408,1,3.30273747444153,1.02063584327698,1.01858901977539,0.0778419598937035,1.01858901977539,0.0744241327047348,3,RAISE_PD,30,1.34999990463257
142.019833,pitch,1,DEMAND_POS,0.44104266166687,1,3.30273747444153,1.02063584327698,1.01858901977539,0.0778419598937035,1.01858901977539,0.0744241327047348,3,RAISE_PD,30,1.34999990463257
142.059833,pitch,1,DEMAND_POS,0.438730686903,1,3.30273747444153,1.02063584327698,1.01858901977539,0.0778419598937035,1.01858901977539,0.0744241327047348,3,RAISE_PD,30,1.34999990463257
142.099833,pitch,1,DEMAND_POS,0.436750948429108,1,3.30273747444153,1.02063584327698,1.01858901977539,0.0778419598937035,1.01858901977539,0.0744241327047348,3,RAISE_PD,30,1.34999990463257
142.139833,pitch,1,DEMAND_POS,0.435157537460327,1,3.30273747444153,1.02063584327698,1.01858901977539,0.0778419598937035,1.01858901977539,0.0744241327047348,3,RAISE_PD,30,1.34999990463257
142.179833,pitch,1,DEMAND_POS,0.433994293212891,1,3.30273747444153,1.02063584327698,1.01858901977539,0.0778419598937035,1.01858901977539,0.0744241327047348,3,RAISE_PD,30,1.34999990463257
142.219833,pitch,1,DEMAND_POS,0.435551166534424,1,3.30273747444153,1.02063584327698,1.01858901977539,0.0778419598937035,1.01858901977539,0.0744241327047348,3,RAISE_PD,30,1.34999990463257
142.259833,pitch,1,DEMAND_POS,0.438173413276672,1,3.30273747444153,1.02063584327698,1.01858901977539,0.0778419598937035,1.01858901977539,0.0744241327047348,3,RAISE_PD,30,1.34999990463257
142.299833,pitch,1,DEMAND_POS,0.440880089998245,1,3.30273747444153,1.02063584327698,1.01858901977539,0.0778419598937035,1.01858901977539,0.0744241327047348,3,RAISE_PD,30,1.34999990463257
142.339833,pitch,1,DEMAND_POS,0.443580120801926,1,3.30273747444153,1.02063584327698,1.01858901977539,0.0778419598937035,1.01858901977539,0.0744241327047348,3,RAISE_PD,30,1.34999990463257
142.379833,pitch,0,IDLE,0.365035533905029,1,1,1.17662715911865,1.02063584327698,0.10119454562664,1.02063584327698,0.0744241327047348,3,RAISE_PD,30,1.34999990463257
142.419833,pitch,0,IDLE,0.259840875864029,1,1,1.17662715911865,1.02063584327698,0.10119454562664,1.02063584327698,0.0744241327047348,3,RAISE_PD,30,1.34999990463257
142.459833,pitch,0,IDLE,0.155363529920578,1,1.21776711940765,1.17662715911865,1.02063584327698,0.10119454562664,1.02063584327698,0.0744241327047348,3,RAISE_PD,30,1.34999990463257
142.499833,pitch,0,IDLE,0.0589448548853397,1,1.46845865249634,1.17662715911865,1.02063584327698,0.10119454562664,1.02063584327698,0.0744241327047348,3,RAISE_PD,30,1.34999990463257
142.539833,pitch,0,IDLE,-0.0268076173961163,1,1.69949591159821,1.17662715911865,1.02063584327698,0.10119454562664,1.02063584327698,0.0744241327047348,3,RAISE_PD,30,1.34999990463257
142.579833,pitch,0,IDLE,-0.098415307700634,1,1.91241979598999,1.17662715911865,1.02063584327698,0.10119454562664,1.02063584327698,0.0744241327047348,3,RAISE_PD,30,1.34999990463257
142.619833,pitch,0,IDLE,-0.153756469488144,1,2.11118793487549,1.17662715911865,1.02063584327698,0.10119454562664,1.02063584327698,0.0744241327047348,3,RAISE_PD,30,1.34999990463257
142.659833,pitch,0,IDLE,-0.193046823143959,1,2.29437255859375,1.17662715911865,1.02063584327698,0.10119454562664,1.02063584327698,0.0744241327047348,3,RAISE_PD,30,1.34999990463257
142.699833,pitch,0,IDLE,-0.21763026714325,1,2.45428037643433,1.17662715911865,1.02063584327698,0.10119454562664,1.02063584327698,0.0744241327047348,3,RAISE_PD,30,1.34999990463257
142.739833,pitch,0,IDLE,-0.23017692565918,1,2.59023690223694,1.17662715911865,1.02063584327698,0.10119454562664,1.02063584327698,0.0744241327047348,3,RAISE_PD,30,1.34999990463257
142.779833,pitch,0,IDLE,-0.233602747321129,1,2.70457172393799,1.17662715911865,1.02063584327698,0.10119454562664,1.02063584327698,0.0744241327047348,3,RAISE_PD,30,1.34999990463257
142.819833,pitch,0,IDLE,-0.230422556400299,1,2.79941439628601,1.17662715911865,1.02063584327698,0.10119454562664,1.02063584327698,0.0744241327047348,3,RAISE_PD,30,1.34999990463257
142.859833,pitch,0,IDLE,-0.222721457481384,1,2.87670969963074,1.17662715911865,1.02063584327698,0.10119454562664,1.02063584327698,0.0744241327047348,3,RAISE_PD,30,1.34999990463257
142.899833,pitch,0,IDLE,-0.212358176708221,1,2.93823409080505,1.17662715911865,1.02063584327698,0.10119454562664,1.02063584327698,0.0744241327047348,3,RAISE_PD,30,1.34999990463257
142.939833,pitch,0,IDLE,-0.201078683137894,1,2.98406219482422,1.17662715911865,1.02063584327698,0.10119454562664,1.02063584327698,0.0744241327047348,3,RAISE_PD,30,1.34999990463257
142.979833,pitch,0,IDLE,-0.188987448811531,1,3.0153603553772,1.17662715911865,1.02063584327698,0.10119454562664,1.02063584327698,0.0744241327047348,3,RAISE_PD,30,1.34999990463257
143.019833,pitch,0,IDLE,-0.176258102059364,1,3.03370070457458,1.17662715911865,1.02063584327698,0.10119454562664,1.02063584327698,0.0744241327047348,3,RAISE_PD,30,1.34999990463257
143.059833,pitch,0,IDLE,-0.162970587611198,1,3.04051518440247,1.17662715911865,1.02063584327698,0.10119454562664,1.02063584327698,0.0744241327047348,3,RAISE_PD,30,1.34999990463257
143.099833,pitch,0,IDLE,-0.149031236767769,1,3.04051518440247,1.17662715911865,1.02063584327698,0.10119454562664,1.02063584327698,0.0744241327047348,3,RAISE_PD,30,1.34999990463257
143.139833,pitch,0,IDLE,-0.134560957551003,1,3.04051518440247,1.17662715911865,1.02063584327698,0.10119454562664,1.02063584327698,0.0744241327047348,3,RAISE_PD,30,1.34999990463257
143.179833,pitch,0,IDLE,-0.11948774009943,1,3.04051518440247,1.17662715911865,1.02063584327698,0.10119454562664,1.02063584327698,0.0744241327047348,3,RAISE_PD,30,1.34999990463257
143.219833,pitch,0,IDLE,-0.102511033415794,1,3.04051518440247,1.17662715911865,1.02063584327698,0.10119454562664,1.02063584327698,0.0744241327047348,3,RAISE_PD,30,1.34999990463257
143.259833,pitch,0,IDLE,-0.0844189077615738,1,3.04051518440247,1.17662715911865,1.02063584327698,0.10119454562664,1.02063584327698,0.0744241327047348,3,RAISE_PD,30,1.34999990463257
143.299833,pitch,0,IDLE,-0.0653672143816948,1,3.04051518440247,1.17662715911865,1.02063584327698,0.10119454562664,1.02063584327698,0.0744241327047348,3,RAISE_PD,30,1.34999990463257
143.339833,pitch,0,IDLE,-0.0478817746043205,1,3.04051518440247,1.17662715911865,1.02063584327698,0.10119454562664,1.02063584327698,0.0744241327047348,3,RAISE_PD,30,1.34999990463257
143.379833,pitch,0,IDLE,-0.0345569476485252,1,3.04051518440247,1.17662715911865,1.02063584327698,0.10119454562664,1.02063584327698,0.0744241327047348,3,RAISE_PD,30,1.34999990463257
143.419833,pitch,0,IDLE,-0.0265023056417704,1,3.04051518440247,1.17662715911865,1.02063584327698,0.10119454562664,1.02063584327698,0.0744241327047348,3,RAISE_PD,30,1.34999990463257
143.459833,pitch,0,IDLE,-0.0241415463387966,1,3.04051518440247,1.17662715911865,1.02063584327698,0.10119454562664,1.02063584327698,0.0744241327047348,3,RAISE_PD,30,1.34999990463257
143.499833,pitch,0,IDLE,-0.0259000100195408,1,3.04051518440247,1.17662715911865,1.02063584327698,0.10119454562664,1.02063584327698,0.0744241327047348,3,RAISE_PD,30,1.34999990463257
143.539833,pitch,0,IDLE,-0.0299661736935377,1,3.04051518440247,1.17662715911865,1.02063584327698,0.10119454562664,1.02063584327698,0.0744241327047348,3,RAISE_PD,30,1.34999990463257
143.579833,pitch,0,IDLE,-0.0345166809856892,1,3.04051518440247,1.17662715911865,1.02063584327698,0.10119454562664,1.02063584327698,0.0744241327047348,3,RAISE_PD,30,1.34999990463257
143.619833,pitch,0,IDLE,-0.0382320284843445,1,3.04051518440247,1.17662715911865,1.02063584327698,0.10119454562664,1.02063584327698,0.0744241327047348,3,RAISE_PD,30,1.34999990463257
143.659833,pitch,0,IDLE,-0.0398016162216663,1,3.04051518440247,1.17662715911865,1.02063584327698,0.10119454562664,1.02063584327698,0.0744241327047348,3,RAISE_PD,30,1.34999990463257
143.699833,pitch,0,IDLE,-0.0384097136557102,1,3.04051518440247,1.17662715911865,1.02063584327698,0.10119454562664,1.02063584327698,0.0744241327047348,3,RAISE_PD,30,1.34999990463257
143.739833,pitch,0,IDLE,-0.0342743694782257,1,3.04051518440247,1.17662715911865,1.02063584327698,0.10119454562664,1.02063584327698,0.0744241327047348,3,RAISE_PD,30,1.34999990463257
143.779833,pitch,0,IDLE,-0.0271843802183867,1,3.04051518440247,1.17662715911865,1.02063584327698,0.10119454562664,1.02063584327698,0.0744241327047348,3,RAISE_PD,30,1.34999990463257
143.819833,pitch,0,IDLE,-0.0177101455628872,1,3.04051518440247,1.17662715911865,1.02063584327698,0.10119454562664,1.02063584327698,0.0744241327047348,3,RAISE_PD,30,1.34999990463257
143.859833,pitch,0,IDLE,-0.00612690020352602,1,3.04051518440247,1.17662715911865,1.02063584327698,0.10119454562664,1.02063584327698,0.0744241327047348,3,RAISE_PD,30,1.34999990463257
143.899833,pitch,0,IDLE,0.00718076759949327,1,3.04051518440247,1.17662715911865,1.02063584327698,0.10119454562664,1.02063584327698,0.0744241327047348,3,RAISE_PD,30,1.34999990463257
143.939833,pitch,0,IDLE,0.0213454850018024,1,3.04051518440247,1.17662715911865,1.02063584327698,0.10119454562664,1.02063584327698,0.0744241327047348,3,RAISE_PD,30,1.34999990463257
143.979833,pitch,0,IDLE,0.00134510919451714,1,3.04051518440247,1.17662715911865,1.02063584327698,0.10119454562664,1.02063584327698,0.0744241327047348,3,RAISE_PD,30,1.34999990463257
144.019833,pitch,0,IDLE,-0.0883118063211441,1,3.04051518440247,1.17662715911865,1.02063584327698,0.10119454562664,1.02063584327698,0.0744241327047348,3,RAISE_PD,30,1.34999990463257
144.059833,pitch,0,IDLE,-0.186580002307892,1,3.04051518440247,1.17662715911865,1.02063584327698,0.10119454562664,1.02063584327698,0.0744241327047348,3,RAISE_PD,30,1.34999990463257
144.099833,pitch,0,IDLE,-0.280012756586075,1,3.04051518440247,1.17662715911865,1.02063584327698,0.10119454562664,1.02063584327698,0.0744241327047348,3,RAISE_PD,30,1.34999990463257
144.139833,pitch,0,IDLE,-0.365211993455887,1,3.04051518440247,1.17662715911865,1.02063584327698,0.10119454562664,1.02063584327698,0.0744241327047348,3,RAISE_PD,30,1.34999990463257
144.179833,pitch,0,IDLE,-0.441701471805573,1,3.04051518440247,1.17662715911865,1.02063584327698,0.10119454562664,1.02063584327698,0.0744241327047348,3,RAISE_PD,30,1.34999990463257
144.219833,pitch,0,IDLE,-0.50950163602829,1,3.04051518440247,1.17662715911865,1.02063584327698,0.10119454562664,1.02063584327698,0.0744241327047348,3,RAISE_PD,30,1.34999990463257
144.259833,pitch,0,IDLE,-0.568882167339325,1,3.04051518440247,1.17662715911865,1.02063584327698,0.10119454562664,1.02063584327698,0.0744241327047348,3,RAISE_PD,30,1.34999990463257
144.299833,pitch,0,IDLE,-0.620704770088196,1,3.04051518440247,1.17662715911865,1.02063584327698,0.10119454562664,1.02063584327698,0.0744241327047348,3,RAISE_PD,30,1.34999990463257
144.339833,pitch,0,IDLE,-0.66486132144928,1,3.04051518440247,1.17662715911865,1.02063584327698,0.10119454562664,1.02063584327698,0.0744241327047348,3,RAISE_PD,30,1.34999990463257
144.379833,pitch,0,IDLE,-0.700152814388275,1,3.04051518440247,1.17662715911865,1.02063584327698,0.10119454562664,1.02063584327698,0.0744241327047348,3,RAISE_PD,30,1.34999990463257
144.419833,pitch,0,IDLE,-0.72439181804657,1,3.06852841377258,1.17662715911865,1.02063584327698,0.10119454562664,1.02063584327698,0.0744241327047348,3,RAISE_PD,30,1.34999990463257
144.459833,pitch,0,IDLE,-0.736679673194885,1,3.12427353858948,1.17662715911865,1.02063584327698,0.10119454562664,1.02063584327698,0.0744241327047348,3,RAISE_PD,30,1.34999990463257
144.499833,pitch,0,IDLE,-0.737819790840149,1,3.1639142036438,1.17662715911865,1.02063584327698,0.10119454562664,1.02063584327698,0.0744241327047348,3,RAISE_PD,30,1.34999990463257
144.539833,pitch,0,IDLE,-0.73006534576416,1,3.18917751312256,1.17662715911865,1.02063584327698,0.10119454562664,1.02063584327698,0.0744241327047348,3,RAISE_PD,30,1.34999990463257
144.579833,pitch,0,IDLE,-0.715362787246704,1,3.20163702964783,1.17662715911865,1.02063584327698,0.10119454562664,1.02063584327698,0.0744241327047348,3,RAISE_PD,30,1.34999990463257
144.619833,pitch,0,IDLE,-0.696524858474731,1,3.20351815223694,1.17662715911865,1.02063584327698,0.10119454562664,1.02063584327698,0.0744241327047348,3,RAISE_PD,30,1.34999990463257
144.659833,pitch,0,IDLE,-0.675742924213409,1,3.20351815223694,1.17662715911865,1.02063584327698,0.10119454562664,1.02063584327698,0.0744241327047348,3,RAISE_PD,30,1.34999990463257
144.699833,pitch,0,IDLE,-0.656784236431122,1,3.20351815223694,1.17662715911865,1.02063584327698,0.10119454562664,1.02063584327698,0.0744241327047348,3,RAISE_PD,30,1.34999990463257
144.739833,pitch,0,IDLE,-0.638777852058411,1,3.20351815223694,1.17662715911865,1.02063584327698,0.10119454562664,1.02063584327698,0.0744241327047348,3,RAISE_PD,30,1.34999990463257
144.779833,pitch,0,IDLE,-0.622169137001038,1,3.20351815223694,1.17662715911865,1.02063584327698,0.10119454562664,1.02063584327698,0.0744241327047348,3,RAISE_PD,30,1.34999990463257
144.819833,pitch,0,IDLE,-0.607206344604492,1,3.20351815223694,1.17662715911865,1.02063584327698,0.10119454562664,1.02063584327698,0.0744241327047348,3,RAISE_PD,30,1.34999990463257
144.859833,pitch,0,IDLE,-0.593354225158691,1,3.20351815223694,1.17662715911865,1.02063584327698,0.10119454562664,1.02063584327698,0.0744241327047348,3,RAISE_PD,30,1.34999990463257
144.899833,pitch,0,IDLE,-0.580479979515076,1,3.20351815223694,1.17662715911865,1.02063584327698,0.10119454562664,1.02063584327698,0.0744241327047348,3,RAISE_PD,30,1.34999990463257
144.939833,pitch,0,IDLE,-0.56827312707901,1,3.20351815223694,1.17662715911865,1.02063584327698,0.10119454562664,1.02063584327698,0.0744241327047348,3,RAISE_PD,30,1.34999990463257
144.979833,pitch,0,IDLE,-0.556126713752747,1,3.20351815223694,1.17662715911865,1.02063584327698,0.10119454562664,1.02063584327698,0.0744241327047348,3,RAISE_PD,30,1.34999990463257
145.019833,pitch,0,IDLE,-0.544104099273682,1,3.20351815223694,1.17662715911865,1.02063584327698,0.10119454562664,1.02063584327698,0.0744241327047348,3,RAISE_PD,30,1.34999990463257
145.059833,pitch,0,IDLE,-0.531608462333679,1,3.20351815223694,1.17662715911865,1.02063584327698,0.10119454562664,1.02063584327698,0.0744241327047348,3,RAISE_PD,30,1.34999990463257
145.099833,pitch,0,IDLE,-0.518796443939209,1,3.20351815223694,1.17662715911865,1.02063584327698,0.10119454562664,1.02063584327698,0.0744241327047348,3,RAISE_PD,30,1.34999990463257
145.139833,pitch,0,IDLE,-0.505182921886444,1,3.20351815223694,1.17662715911865,1.02063584327698,0.10119454562664,1.02063584327698,0.0744241327047348,3,RAISE_PD,30,1.34999990463257
145.179833,pitch,0,IDLE,-0.49060133099556,1,3.20351815223694,1.17662715911865,1.02063584327698,0.10119454562664,1.02063584327698,0.0744241327047348,3,RAISE_PD,30,1.34999990463257
145.219833,pitch,0,IDLE,-0.475596785545349,1,3.20351815223694,1.17662715911865,1.02063584327698,0.10119454562664,1.02063584327698,0.0744241327047348,3,RAISE_PD,30,1.34999990463257
145.259833,pitch,0,IDLE,-0.459435164928436,1,3.20351815223694,1.17662715911865,1.02063584327698,0.10119454562664,1.02063584327698,0.0744241327047348,3,RAISE_PD,30,1.34999990463257
145.299833,pitch,0,IDLE,-0.44279670715332,1,3.20351815223694,1.17662715911865,1.02063584327698,0.10119454562664,1.02063584327698,0.0744241327047348,3,RAISE_PD,30,1.34999990463257
145.339833,pitch,0,IDLE,-0.425389111042023,1,3.20351815223694,1.17662715911865,1.02063584327698,0.10119454562664,1.02063584327698,0.0744241327047348,3,RAISE_PD,30,1.34999990463257
145.379833,pitch,0,IDLE,-0.408713847398758,1,3.20351815223694,1.17662715911865,1.02063584327698,0.10119454562664,1.02063584327698,0.0744241327047348,3,RAISE_PD,30,1.34999990463257
145.419833,pitch,0,IDLE,-0.394834637641907,1,3.20351815223694,1.17662715911865,1.02063584327698,0.10119454562664,1.02063584327698,0.0744241327047348,3,RAISE_PD,30,1.34999990463257
145.459833,pitch,0,IDLE,-0.383882254362106,1,3.20351815223694,1.17662715911865,1.02063584327698,0.10119454562664,1.02063584327698,0.0744241327047348,3,RAISE_PD,30,1.34999990463257
145.499833,pitch,0,IDLE,-0.37849834561348,1,3.20351815223694,1.17662715911865,1.02063584327698,0.10119454562664,1.02063584327698,0.0744241327047348,3,RAISE_PD,30,1.34999990463257
145.539833,pitch,0,IDLE,-0.379780054092407,1,3.20351815223694,1.17662715911865,1.02063584327698,0.10119454562664,1.02063584327698,0.0744241327047348,3,RAISE_PD,30,1.34999990463257
145.579833,pitch,0,IDLE,-0.387673199176788,1,3.20351815223694,1.17662715911865,1.02063584327698,0.10119454562664,1.02063584327698,0.0744241327047348,3,RAISE_PD,30,1.34999990463257
145.619833,pitch,0,IDLE,-0.400901585817337,1,3.20351815223694,1.17662715911865,1.02063584327698,0.10119454562664,1.02063584327698,0.0744241327047348,3,RAISE_PD,30,1.34999990463257
145.659833,pitch,0,IDLE,-0.41738361120224,1,3.20351815223694,1.17662715911865,1.02063584327698,0.10119454562664,1.02063584327698,0.0744241327047348,3,RAISE_PD,30,1.34999990463257
145.699833,pitch,0,IDLE,-0.435324370861053,1,3.20351815223694,1.17662715911865,1.02063584327698,0.10119454562664,1.02063584327698,0.0744241327047348,3,RAISE_PD,30,1.34999990463257
145.739833,pitch,0,IDLE,-0.453104346990585,1,3.20351815223694,1.17662715911865,1.02063584327698,0.10119454562664,1.02063584327698,0.0744241327047348,3,RAISE_PD,30,1.34999990463257
145.779833,pitch,0,IDLE,-0.469353973865509,1,3.20351815223694,1.17662715911865,1.02063584327698,0.10119454562664,1.02063584327698,0.0744241327047348,3,RAISE_PD,30,1.34999990463257
145.819833,pitch,0,IDLE,-0.48334214091301,1,3.20351815223694,1.17662715911865,1.02063584327698,0.10119454562664,1.02063584327698,0.0744241327047348,3,RAISE_PD,30,1.34999990463257
145.859833,pitch,0,IDLE,-0.494702249765396,1,3.20351815223694,1.17662715911865,1.02063584327698,0.10119454562664,1.02063584327698,0.0744241327047348,3,RAISE_PD,30,1.34999990463257
145.899833,pitch,0,IDLE,-0.503987908363342,1,3.20351815223694,1.17662715911865,1.02063584327698,0.10119454562664,1.02063584327698,0.0744241327047348,3,RAISE_PD,30,1.34999990463257
145.939833,pitch,0,IDLE,-0.511856615543365,1,3.20351815223694,1.17662715911865,1.02063584327698,0.10119454562664,1.02063584327698,0.0744241327047348,3,RAISE_PD,30,1.34999990463257
145.979833,pitch,0,IDLE,-0.52021187543869,1,3.20351815223694,1.17662715911865,1.02063584327698,0.10119454562664,1.02063584327698,0.0744241327047348,3,RAISE_PD,30,1.34999990463257
146.019833,pitch,0,IDLE,-0.527558565139771,1,3.20351815223694,1.17662715911865,1.02063584327698,0.10119454562664,1.02063584327698,0.0744241327047348,3,RAISE_PD,30,1.34999990463257
146.059833,pitch,0,IDLE,-0.53400331735611,1,3.20351815223694,1.17662715911865,1.02063584327698,0.10119454562664,1.02063584327698,0.0744241327047348,3,RAISE_PD,30,1.34999990463257
146.099833,pitch,0,IDLE,-0.540022194385529,1,3.20351815223694,1.17662715911865,1.02063584327698,0.10119454562664,1.02063584327698,0.0744241327047348,3,RAISE_PD,30,1.34999990463257
146.139833,pitch,0,IDLE,-0.546219646930695,1,3.20351815223694,1.17662715911865,1.02063584327698,0.10119454562664,1.02063584327698,0.0744241327047348,3,RAISE_PD,30,1.34999990463257
146.179833,pitch,0,IDLE,-0.552448987960815,1,3.20351815223694,1.17662715911865,1.02063584327698,0.10119454562664,1.02063584327698,0.0744241327047348,3,RAISE_PD,30,1.34999990463257
146.219833,pitch,0,IDLE,-0.559023082256317,1,3.20351815223694,1.17662715911865,1.02063584327698,0.10119454562664,1.02063584327698,0.0744241327047348,3,RAISE_PD,30,1.34999990463257
146.259833,pitch,0,IDLE,-0.56663990020752,1,3.20351815223694,1.17662715911865,1.02063584327698,0.10119454562664,1.02063584327698,0.0744241327047348,3,RAISE_PD,30,1.34999990463257
146.299833,pitch,0,IDLE,-0.574571907520294,1,3.20351815223694,1.17662715911865,1.02063584327698,0.10119454562664,1.02063584327698,0.0744241327047348,3,RAISE_PD,30,1.34999990463257
146.339833,pitch,0,IDLE,-0.580707669258118,1,3.20351815223694,1.17662715911865,1.02063584327698,0.10119454562664,1.02063584327698,0.0744241327047348,3,RAISE_PD,30,1.34999990463257
146.379833,pitch,0,IDLE,-0.582241177558899,1,3.20351815223694,1.17662715911865,1.02063584327698,0.10119454562664,1.02063584327698,0.0744241327047348,3,RAISE_PD,30,1.34999990463257
146.419833,pitch,0,IDLE,-0.577915787696838,1,3.20351815223694,1.17662715911865,1.02063584327698,0.10119454562664,1.02063584327698,0.0744241327047348,3,RAISE_PD,30,1.34999990463257
146.459833,pitch,0,IDLE,-0.568035662174225,1,3.20351815223694,1.17662715911865,1.02063584327698,0.10119454562664,1.02063584327698,0.0744241327047348,3,RAISE_PD,30,1.34999990463257
146.499833,pitch,0,IDLE,-0.55383425951004,1,3.20351815223694,1.17662715911865,1.02063584327698,0.10119454562664,1.02063584327698,0.0744241327047348,3,RAISE_PD,30,1.34999990463257
146.539833,pitch,0,IDLE,-0.53743988275528,1,3.20351815223694,1.17662715911865,1.02063584327698,0.10119454562664,1.02063584327698,0.0744241327047348,3,RAISE_PD,30,1.34999990463257
146.579833,pitch,0,IDLE,-0.520100176334381,1,3.20351815223694,1.17662715911865,1.02063584327698,0.10119454562664,1.02063584327698,0.0744241327047348,3,RAISE_PD,30,1.34999990463257
146.619833,pitch,0,IDLE,-0.50370991230011,1,3.20351815223694,1.17662715911865,1.02063584327698,0.10119454562664,1.02063584327698,0.0744241327047348,3,RAISE_PD,30,1.34999990463257
146.659833,pitch,0,IDLE,-0.489194750785828,1,3.20351815223694,1.17662715911865,1.02063584327698,0.10119454562664,1.02063584327698,0.0744241327047348,3,RAISE_PD,30,1.34999990463257
146.699833,pitch,0,IDLE,-0.39610543847084,1,3.20351815223694,1.17662715911865,1.02063584327698,0.10119454562664,1.02063584327698,0.0744241327047348,3,RAISE_PD,30,1.34999990463257
146.739833,pitch,0,IDLE,-0.278950542211533,1,3.20351815223694,1.17662715911865,1.02063584327698,0.10119454562664,1.02063584327698,0.0744241327047348,3,RAISE_PD,30,1.34999990463257
146.779833,pitch,0,IDLE,-0.165644571185112,1,3.20351815223694,1.17662715911865,1.02063584327698,0.10119454562664,1.02063584327698,0.0744241327047348,3,RAISE_PD,30,1.34999990463257
146.819833,pitch,0,IDLE,-0.0643899068236351,1,3.20351815223694,1.17662715911865,1.02063584327698,0.10119454562664,1.02063584327698,0.0744241327047348,3,RAISE_PD,30,1.34999990463257
146.859833,pitch,0,IDLE,0.0207732394337654,1,3.20351815223694,1.17662715911865,1.02063584327698,0.10119454562664,1.02063584327698,0.0744241327047348,3,RAISE_PD,30,1.34999990463257
146.899833,pitch,0,IDLE,0.0868867784738541,1,3.20351815223694,1.17662715911865,1.02063584327698,0.10119454562664,1.02063584327698,0.0744241327047348,3,RAISE_PD,30,1.34999990463257
146.939833,pitch,0,IDLE,0.132982820272446,1,3.20351815223694,1.17662715911865,1.02063584327698,0.10119454562664,1.02063584327698,0.0744241327047348,3,RAISE_PD,30,1.34999990463257
146.979833,pitch,0,IDLE,0.163148641586304,1,3.20351815223694,1.17662715911865,1.02063584327698,0.10119454562664,1.02063584327698,0.0744241327047348,3,RAISE_PD,30,1.34999990463257
147.019833,pitch,0,IDLE,0.180791854858398,1,3.20351815223694,1.17662715911865,1.02063584327698,0.10119454562664,1.02063584327698,0.0744241327047348,3,RAISE_PD,30,1.34999990463257
147.059833,pitch,0,IDLE,0.189203858375549,1,3.20351815223694,1.17662715911865,1.02063584327698,0.10119454562664,1.02063584327698,0.0744241327047348,3,RAISE_PD,30,1.34999990463257
147.099833,pitch,0,IDLE,0.191403552889824,1,3.20351815223694,1.17662715911865,1.02063584327698,0.10119454562664,1.02063584327698,0.0744241327047348,3,RAISE_PD,30,1.34999990463257
147.139833,pitch,0,IDLE,0.189429298043251,1,3.20351815223694,1.17662715911865,1.02063584327698,0.10119454562664,1.02063584327698,0.0744241327047348,3,RAISE_PD,30,1.34999990463257
147.179833,pitch,0,IDLE,0.185210168361664,1,3.20351815223694,1.17662715911865,1.02063584327698,0.10119454562664,1.02063584327698,0.0744241327047348,3,RAISE_PD,30,1.34999990463257
147.219833,pitch,0,IDLE,0.180346459150314,1,3.20351815223694,1.17662715911865,1.02063584327698,0.10119454562664,1.02063584327698,0.0744241327047348,3,RAISE_PD,30,1.34999990463257
147.259833,pitch,0,IDLE,0.175169169902802,1,3.20351815223694,1.17662715911865,1.02063584327698,0.10119454562664,1.02063584327698,0.0744241327047348,3,RAISE_PD,30,1.34999990463257
147.299833,pitch,0,IDLE,0.170278981328011,1,3.20351815223694,1.17662715911865,1.02063584327698,0.10119454562664,1.02063584327698,0.0744241327047348,3,RAISE_PD,30,1.34999990463257
147.339833,pitch,0,IDLE,0.165541917085648,1,3.20520448684692,1.17662715911865,1.02063584327698,0.10119454562664,1.02063584327698,0.0744241327047348,3,RAISE_PD,30,1.34999990463257
147.379833,pitch,0,IDLE,0.160712763667107,1,3.20984959602356,1.17662715911865,1.02063584327698,0.10119454562664,1.02063584327698,0.0744241327047348,3,RAISE_PD,30,1.34999990463257
147.419833,pitch,0,IDLE,0.155969589948654,1,3.20984959602356,1.17662715911865,1.02063584327698,0.10119454562664,1.02063584327698,0.0744241327047348,3,RAISE_PD,30,1.34999990463257
147.459833,pitch,0,IDLE,0.150604873895645,1,3.20984959602356,1.17662715911865,1.02063584327698,0.10119454562664,1.02063584327698,0.0744241327047348,3,RAISE_PD,30,1.34999990463257
147.499833,pitch,0,IDLE,0.144440978765488,1,3.20984959602356,1.17662715911865,1.02063584327698,0.10119454562664,1.02063584327698,0.0744241327047348,3,RAISE_PD,30,1.34999990463257
147.539833,pitch,0,IDLE,0.137066036462784,1,3.20984959602356,1.17662715911865,1.02063584327698,0.10119454562664,1.02063584327698,0.0744241327047348,3,RAISE_PD,30,1.34999990463257
147.579833,pitch,0,IDLE,0.128256946802139,1,3.20984959602356,1.17662715911865,1.02063584327698,0.10119454562664,1.02063584327698,0.0744241327047348,3,RAISE_PD,30,1.34999990463257
147.619833,pitch,0,IDLE,0.118046902120113,1,3.20984959602356,1.17662715911865,1.02063584327698,0.10119454562664,1.02063584327698,0.0744241327047348,3,RAISE_PD,30,1.34999990463257
147.659833,pitch,0,IDLE,0.106242127716541,1,3.20984959602356,1.17662715911865,1.02063584327698,0.10119454562664,1.02063584327698,0.0744241327047348,3,RAISE_PD,30,1.34999990463257
147.699833,pitch,0,IDLE,0.0930508300662041,1,3.20984959602356,1.17662715911865,1.02063584327698,0.10119454562664,1.02063584327698,0.0744241327047348,3,RAISE_PD,30,1.34999990463257
147.739833,pitch,0,IDLE,0.0784260332584381,1,3.20984959602356,1.17662715911865,1.02063584327698,0.10119454562664,1.02063584327698,0.0744241327047348,3,RAISE_PD,30,1.34999990463257
147.779833,pitch,0,IDLE,0.0624301843345165,1,3.20984959602356,1.17662715911865,1.02063584327698,0.10119454562664,1.02063584327698,0.0744241327047348,3,RAISE_PD,30,1.34999990463257
147.819833,pitch,0,IDLE,0.0451674610376358,1,3.20984959602356,1.17662715911865,1.02063584327698,0.10119454562664,1.02063584327698,0.0744241327047348,3,RAISE_PD,30,1.34999990463257
147.859833,pitch,0,IDLE,0.0267479009926319,1,3.20984959602356,1.17662715911865,1.02063584327698,0.10119454562664,1.02063584327698,0.0744241327047348,3,RAISE_PD,30,1.34999990463257
147.899833,pitch,0,IDLE,0.00781079567968845,1,3.20984959602356,1.17662715911865,1.02063584327698,0.10119454562664,1.02063584327698,0.0744241327047348,3,RAISE_PD,30,1.34999990463257
147.939833,pitch,0,IDLE,-0.00916954129934311,1,3.20984959602356,1.17662715911865,1.02063584327698,0.10119454562664,1.02063584327698,0.0744241327047348,3,RAISE_PD,30,1.34999990463257
147.979833,pitch,0,IDLE,-0.0211802124977112,1,3.20984959602356,1.17662715911865,1.02063584327698,0.10119454562664,1.02063584327698,0.0744241327047348,3,RAISE_PD,30,1.34999990463257
148.019833,pitch,0,IDLE,-0.0268402211368084,1,3.20984959602356,1.17662715911865,1.02063584327698,0.10119454562664,1.02063584327698,0.0744241327047348,3,RAISE_PD,30,1.34999990463257
148.059833,pitch,0,IDLE,-0.0260158274322748,1,3.20984959602356,1.17662715911865,1.02063584327698,0.10119454562664,1.02063584327698,0.0744241327047348,3,RAISE_PD,30,1.34999990463257
148.099833,pitch,0,IDLE,-0.0199772156774998,1,3.20984959602356,1.17662715911865,1.02063584327698,0.10119454562664,1.02063584327698,0.0744241327047348,3,RAISE_PD,30,1.34999990463257
148.139833,pitch,0,IDLE,-0.0108267962932587,1,3.20984959602356,1.17662715911865,1.02063584327698,0.10119454562664,1.02063584327698,0.0744241327047348,3,RAISE_PD,30,1.34999990463257
148.179833,pitch,0,IDLE,-9.37115401029587e-05,1,3.20984959602356,1.17662715911865,1.02063584327698,0.10119454562664,1.02063584327698,0.0744241327047348,3,RAISE_PD,30,1.34999990463257
148.219833,pitch,0,IDLE,0.0103470534086227,1,3.20984959602356,1.17662715911865,1.02063584327698,0.10119454562664,1.02063584327698,0.0744241327047348,3,RAISE_PD,30,1.34999990463257
148.259833,pitch,0,IDLE,0.0206545125693083,1,3.20984959602356,1.17662715911865,1.02063584327698,0.10119454562664,1.02063584327698,0.0744241327047348,3,RAISE_PD,30,1.34999990463257
148.299833,pitch,0,IDLE,0.0645075812935829,1,3.20984959602356,1.17662715911865,1.02063584327698,0.10119454562664,1.02063584327698,0.0744241327047348,3,RAISE_PD,30,1.34999990463257
148.339833,pitch,0,IDLE,0.173023790121078,1,3.20984959602356,1.17662715911865,1.02063584327698,0.10119454562664,1.02063584327698,0.0744241327047348,3,RAISE_PD,30,1.34999990463257
148.379833,pitch,0,IDLE,0.286962032318115,1,3.20984959602356,1.17662715911865,1.02063584327698,0.10119454562664,1.02063584327698,0.0744241327047348,3,RAISE_PD,30,1.34999990463257
148.419833,pitch,1,DEMAND_POS,0.391741454601288,1,3.20984959602356,1.17662715911865,1.02063584327698,0.10119454562664,1.02063584327698,0.0744241327047348,3,RAISE_PD,30,1.34999990463257
148.459833,pitch,1,DEMAND_POS,0.481416165828705,1,3.20984959602356,1.17662715911865,1.02063584327698,0.10119454562664,1.02063584327698,0.0744241327047348,3,RAISE_PD,30,1.34999990463257
148.499833,pitch,1,DEMAND_POS,0.553628265857697,1,3.20984959602356,1.17662715911865,1.02063584327698,0.10119454562664,1.02063584327698,0.0744241327047348,3,RAISE_PD,30,1.34999990463257
148.539833,pitch,1,DEMAND_POS,0.608313739299774,1,3.20984959602356,1.17662715911865,1.02063584327698,0.10119454562664,1.02063584327698,0.0744241327047348,3,RAISE_PD,30,1.34999990463257
148.579833,pitch,1,DEMAND_POS,0.647124052047729,1,3.20984959602356,1.17662715911865,1.02063584327698,0.10119454562664,1.02063584327698,0.0744241327047348,3,RAISE_PD,30,1.34999990463257
148.619833,pitch,1,DEMAND_POS,0.672842800617218,1,3.20984959602356,1.17662715911865,1.02063584327698,0.10119454562664,1.02063584327698,0.0744241327047348,3,RAISE_PD,30,1.34999990463257
148.659833,pitch,1,DEMAND_POS,0.689036190509796,1,3.20984959602356,1.17662715911865,1.02063584327698,0.10119454562664,1.02063584327698,0.0744241327047348,3,RAISE_PD,30,1.34999990463257
148.699833,pitch,1,DEMAND_POS,0.698369085788727,1,3.20984959602356,1.17662715911865,1.02063584327698,0.10119454562664,1.02063584327698,0.0744241327047348,3,RAISE_PD,30,1.34999990463257
148.739833,pitch,1,DEMAND_POS,0.703614413738251,1,3.20984959602356,1.17662715911865,1.02063584327698,0.10119454562664,1.02063584327698,0.0744241327047348,3,RAISE_PD,30,1.34999990463257
148.779833,pitch,1,DEMAND_POS,0.70637720823288,1,3.20984959602356,1.17662715911865,1.02063584327698,0.10119454562664,1.02063584327698,0.0744241327047348,3,RAISE_PD,30,1.34999990463257
148.819833,pitch,1,DEMAND_POS,0.707921087741852,1,3.22037625312805,1.17662715911865,1.02063584327698,0.10119454562664,1.02063584327698,0.0744241327047348,3,RAISE_PD,30,1.34999990463257
148.859833,pitch,1,DEMAND_POS,0.709115147590637,1,3.24940800666809,1.17662715911865,1.02063584327698,0.10119454562664,1.02063584327698,0.0744241327047348,3,RAISE_PD,30,1.34999990463257
148.899833,pitch,1,DEMAND_POS,0.710379779338837,1,3.26501607894897,1.17662715911865,1.02063584327698,0.10119454562664,1.02063584327698,0.0744241327047348,3,RAISE_PD,30,1.34999990463257
148.939833,pitch,1,DEMAND_POS,0.711646258831024,1,3.26869416236877,1.17662715911865,1.02063584327698,0.10119454562664,1.02063584327698,0.0744241327047348,3,RAISE_PD,30,1.34999990463257
148.979833,pitch,1,DEMAND_POS,0.713046908378601,1,3.26869416236877,1.17662715911865,1.02063584327698,0.10119454562664,1.02063584327698,0.0744241327047348,3,RAISE_PD,30,1.34999990463257
149.019833,pitch,1,DEMAND_POS,0.713740229606628,1,3.26869416236877,1.17662715911865,1.02063584327698,0.10119454562664,1.02063584327698,0.0744241327047348,3,RAISE_PD,30,1.34999990463257
149.059833,pitch,1,DEMAND_POS,0.714096426963806,1,3.26869416236877,1.17662715911865,1.02063584327698,0.10119454562664,1.02063584327698,0.0744241327047348,3,RAISE_PD,30,1.34999990463257
149.099833,pitch,1,DEMAND_POS,0.713731586933136,1,3.26869416236877,1.17662715911865,1.02063584327698,0.10119454562664,1.02063584327698,0.0744241327047348,3,RAISE_PD,30,1.34999990463257
149.139833,pitch,1,DEMAND_POS,0.712534248828888,1,3.26869416236877,1.17662715911865,1.02063584327698,0.10119454562664,1.02063584327698,0.0744241327047348,3,RAISE_PD,30,1.34999990463257
149.179833,pitch,1,DEMAND_POS,0.710311770439148,1,3.26869416236877,1.17662715911865,1.02063584327698,0.10119454562664,1.02063584327698,0.0744241327047348,3,RAISE_PD,30,1.34999990463257
149.219833,pitch,1,DEMAND_POS,0.706751346588135,1,3.26869416236877,1.17662715911865,1.02063584327698,0.10119454562664,1.02063584327698,0.0744241327047348,3,RAISE_PD,30,1.34999990463257
149.259833,pitch,1,DEMAND_POS,0.701910674571991,1,3.26869416236877,1.17662715911865,1.02063584327698,0.10119454562664,1.02063584327698,0.0744241327047348,3,RAISE_PD,30,1.34999990463257
149.299833,pitch,1,DEMAND_POS,0.695502579212189,1,3.26869416236877,1.17662715911865,1.02063584327698,0.10119454562664,1.02063584327698,0.0744241327047348,3,RAISE_PD,30,1.34999990463257
149.339833,pitch,1,DEMAND_POS,0.687808096408844,1,3.26869416236877,1.17662715911865,1.02063584327698,0.10119454562664,1.02063584327698,0.0744241327047348,3,RAISE_PD,30,1.34999990463257
149.379833,pitch,1,DEMAND_POS,0.6789630651474,1,3.26869416236877,1.17662715911865,1.02063584327698,0.10119454562664,1.02063584327698,0.0744241327047348,3,RAISE_PD,30,1.34999990463257
149.419833,pitch,1,DEMAND_POS,0.670555174350739,1,3.26869416236877,1.17662715911865,1.02063584327698,0.10119454562664,1.02063584327698,0.0744241327047348,3,RAISE_PD,30,1.34999990463257
149.459833,pitch,1,DEMAND_POS,0.663503229618073,1,3.26869416236877,1.17662715911865,1.02063584327698,0.10119454562664,1.02063584327698,0.0744241327047348,3,RAISE_PD,30,1.34999990463257
149.499833,pitch,1,DEMAND_POS,0.656069815158844,1,3.26869416236877,1.17662715911865,1.02063584327698,0.10119454562664,1.02063584327698,0.0744241327047348,3,RAISE_PD,30,1.34999990463257
149.539833,pitch,1,DEMAND_POS,0.648339986801147,1,3.26869416236877,1.17662715911865,1.02063584327698,0.10119454562664,1.02063584327698,0.0744241327047348,3,RAISE_PD,30,1.34999990463257
149.579833,pitch,1,DEMAND_POS,0.639824390411377,1,3.26869416236877,1.17662715911865,1.02063584327698,0.10119454562664,1.02063584327698,0.0744241327047348,3,RAISE_PD,30,1.34999990463257
149.619833,pitch,1,DEMAND_POS,0.630247414112091,1,3.26869416236877,1.17662715911865,1.02063584327698,0.10119454562664,1.02063584327698,0.0744241327047348,3,RAISE_PD,30,1.34999990463257
149.659833,pitch,1,DEMAND_POS,0.620700538158417,1,3.26869416236877,1.17662715911865,1.02063584327698,0.10119454562664,1.02063584327698,0.0744241327047348,3,RAISE_PD,30,1.34999990463257
149.699833,pitch,1,DEMAND_POS,0.610621869564056,1,3.26869416236877,1.17662715911865,1.02063584327698,0.10119454562664,1.02063584327698,0.0744241327047348,3,RAISE_PD,30,1.34999990463257
149.739833,pitch,1,DEMAND_POS,0.600383400917053,1,3.26869416236877,1.17662715911865,1.02063584327698,0.10119454562664,1.02063584327698,0.0744241327047348,3,RAISE_PD,30,1.34999990463257
149.779833,pitch,1,DEMAND_POS,0.590230047702789,1,3.26869416236877,1.17662715911865,1.02063584327698,0.10119454562664,1.02063584327698,0.0744241327047348,3,RAISE_PD,30,1.34999990463257
149.819833,pitch,1,DEMAND_POS,0.579729735851288,1,3.26869416236877,1.17662715911865,1.02063584327698,0.10119454562664,1.02063584327698,0.0744241327047348,3,RAISE_PD,30,1.34999990463257
149.859833,pitch,1,DEMAND_POS,0.569527208805084,1,3.26869416236877,1.17662715911865,1.02063584327698,0.10119454562664,1.02063584327698,0.0744241327047348,3,RAISE_PD,30,1.34999990463257
149.899833,pitch,1,DEMAND_POS,0.559352874755859,1,3.26869416236877,1.17662715911865,1.02063584327698,0.10119454562664,1.02063584327698,0.0744241327047348,3,RAISE_PD,30,1.34999990463257
149.939833,pitch,1,DEMAND_POS,0.549214065074921,1,3.26869416236877,1.17662715911865,1.02063584327698,0.10119454562664,1.02063584327698,0.0744241327047348,3,RAISE_PD,30,1.34999990463257
149.979833,pitch,1,DEMAND_POS,0.539623320102692,1,3.26869416236877,1.17662715911865,1.02063584327698,0.10119454562664,1.02063584327698,0.0744241327047348,3,RAISE_PD,30,1.34999990463257
150.019833,pitch,1,DEMAND_POS,0.530129671096802,1,3.26869416236877,1.17662715911865,1.02063584327698,0.10119454562664,1.02063584327698,0.0744241327047348,3,RAISE_PD,30,1.34999990463257
150.059833,pitch,1,DEMAND_POS,0.520919919013977,1,3.26869416236877,1.17662715911865,1.02063584327698,0.10119454562664,1.02063584327698,0.0744241327047348,3,RAISE_PD,30,1.34999990463257
150.099833,pitch,1,DEMAND_POS,0.511905252933502,1,3.26869416236877,1.17662715911865,1.02063584327698,0.10119454562664,1.02063584327698,0.0744241327047348,3,RAISE_PD,30,1.34999990463257
150.139833,pitch,1,DEMAND_POS,0.506332457065582,1,3.26869416236877,1.17662715911865,1.02063584327698,0.10119454562664,1.02063584327698,0.0744241327047348,3,RAISE_PD,30,1.34999990463257
150.179833,pitch,1,DEMAND_POS,0.50208854675293,1,3.26869416236877,1.17662715911865,1.02063584327698,0.10119454562664,1.02063584327698,0.0744241327047348,3,RAISE_PD,30,1.34999990463257
150.219833,pitch,1,DEMAND_POS,0.497957319021225,1,3.26869416236877,1.17662715911865,1.02063584327698,0.10119454562664,1.02063584327698,0.0744241327047348,3,RAISE_PD,30,1.34999990463257
150.259833,pitch,1,DEMAND_POS,0.494242370128632,1,3.26869416236877,1.17662715911865,1.02063584327698,0.10119454562664,1.02063584327698,0.0744241327047348,3,RAISE_PD,30,1.34999990463257
150.299833,pitch,1,DEMAND_POS,0.490329831838608,1,3.26869416236877,1.17662715911865,1.02063584327698,0.10119454562664,1.02063584327698,0.0744241327047348,3,RAISE_PD,30,1.34999990463257
150.339833,pitch,1,DEMAND_POS,0.486622095108032,1,3.26869416236877,1.17662715911865,1.02063584327698,0.10119454562664,1.02063584327698,0.0744241327047348,3,RAISE_PD,30,1.34999990463257
150.379833,pitch,1,DEMAND_POS,0.483087331056595,1,3.26869416236877,1.17662715911865,1.02063584327698,0.10119454562664,1.02063584327698,0.0744241327047348,3,RAISE_PD,30,1.34999990463257
150.419833,pitch,1,DEMAND_POS,0.479730546474457,1,3.26869416236877,1.17662715911865,1.02063584327698,0.10119454562664,1.02063584327698,0.0744241327047348,3,RAISE_PD,30,1.34999990463257
150.459833,pitch,1,DEMAND_POS,0.476553827524185,1,3.26869416236877,1.17662715911865,1.02063584327698,0.10119454562664,1.02063584327698,0.0744241327047348,3,RAISE_PD,30,1.34999990463257
150.499833,pitch,1,DEMAND_POS,0.473448365926743,1,3.26869416236877,1.17662715911865,1.02063584327698,0.10119454562664,1.02063584327698,0.0744241327047348,3,RAISE_PD,30,1.34999990463257
150.539833,pitch,1,DEMAND_POS,0.470334678888321,1,3.26869416236877,1.17662715911865,1.02063584327698,0.10119454562664,1.02063584327698,0.0744241327047348,3,RAISE_PD,30,1.34999990463257
150.579833,pitch,1,DEMAND_POS,0.46772962808609,1,3.26869416236877,1.17662715911865,1.02063584327698,0.10119454562664,1.02063584327698,0.0744241327047348,3,RAISE_PD,30,1.34999990463257
150.619833,pitch,1,DEMAND_POS,0.464943170547485,1,3.26869416236877,1.17662715911865,1.02063584327698,0.10119454562664,1.02063584327698,0.0744241327047348,3,RAISE_PD,30,1.34999990463257
150.659833,pitch,1,DEMAND_POS,0.462456315755844,1,3.26869416236877,1.17662715911865,1.02063584327698,0.10119454562664,1.02063584327698,0.0744241327047348,3,RAISE_PD,30,1.34999990463257
150.699833,pitch,1,DEMAND_POS,0.46032053232193,1,3.26869416236877,1.17662715911865,1.02063584327698,0.10119454562664,1.02063584327698,0.0744241327047348,3,RAISE_PD,30,1.34999990463257
150.739833,pitch,1,DEMAND_POS,0.458671987056732,1,3.26869416236877,1.17662715911865,1.02063584327698,0.10119454562664,1.02063584327698,0.0744241327047348,3,RAISE_PD,30,1.34999990463257
150.779833,pitch,1,DEMAND_POS,0.458346396684647,1,3.26869416236877,1.17662715911865,1.02063584327698,0.10119454562664,1.02063584327698,0.0744241327047348,3,RAISE_PD,30,1.34999990463257
150.819833,pitch,1,DEMAND_POS,0.460325449705124,1,3.26869416236877,1.17662715911865,1.02063584327698,0.10119454562664,1.02063584327698,0.0744241327047348,3,RAISE_PD,30,1.34999990463257
150.859833,pitch,1,DEMAND_POS,0.462958067655563,1,3.26869416236877,1.17662715911865,1.02063584327698,0.10119454562664,1.02063584327698,0.0744241327047348,3,RAISE_PD,30,1.34999990463257
150.899833,pitch,1,DEMAND_POS,0.465678036212921,1,3.26869416236877,1.17662715911865,1.02063584327698,0.10119454562664,1.02063584327698,0.0744241327047348,3,RAISE_PD,30,1.34999990463257
150.939833,pitch,1,DEMAND_POS,0.468337804079056,1,3.26869416236877,1.17662715911865,1.02063584327698,0.10119454562664,1.02063584327698,0.0744241327047348,3,RAISE_PD,30,1.34999990463257
150.979833,pitch,1,DEMAND_POS,0.471201241016388,1,3.26869416236877,1.17662715911865,1.02063584327698,0.10119454562664,1.02063584327698,0.0744241327047348,3,RAISE_PD,30,1.34999990463257
151.019833,pitch,0,IDLE,0.392400801181793,1,1,1.22023665904999,1.02063584327698,0.131552904844284,1.02063584327698,0.0744241327047348,3,RAISE_PD,30,1.34999990463257
151.059833,pitch,0,IDLE,0.286002427339554,1,1,1.22023665904999,1.02063584327698,0.131552904844284,1.02063584327698,0.0744241327047348,3,RAISE_PD,30,1.34999990463257
151.099833,pitch,0,IDLE,0.179729625582695,1,1.23046708106995,1.22023665904999,1.02063584327698,0.131552904844284,1.02063584327698,0.0744241327047348,3,RAISE_PD,30,1.34999990463257
151.139833,pitch,0,IDLE,0.0811789110302925,1,1.47858083248138,1.22023665904999,1.02063584327698,0.131552904844284,1.02063584327698,0.0744241327047348,3,RAISE_PD,30,1.34999990463257
151.179833,pitch,0,IDLE,-0.00805080309510231,1,1.70724236965179,1.22023665904999,1.02063584327698,0.131552904844284,1.02063584327698,0.0744241327047348,3,RAISE_PD,30,1.34999990463257
151.219833,pitch,0,IDLE,-0.0874952971935272,1,1.91797685623169,1.22023665904999,1.02063584327698,0.131552904844284,1.02063584327698,0.0744241327047348,3,RAISE_PD,30,1.34999990463257
151.259833,pitch,0,IDLE,-0.155779182910919,1,2.11218976974487,1.22023665904999,1.02063584327698,0.131552904844284,1.02063584327698,0.0744241327047348,3,RAISE_PD,30,1.34999990463257
151.299833,pitch,0,IDLE,-0.2105932533741,1,2.29117655754089,1.22023665904999,1.02063584327698,0.131552904844284,1.02063584327698,0.0744241327047348,3,RAISE_PD,30,1.34999990463257
151.339833,pitch,0,IDLE,-0.250604152679443,1,2.44726610183716,1.22023665904999,1.02063584327698,0.131552904844284,1.02063584327698,0.0744241327047348,3,RAISE_PD,30,1.34999990463257
151.379833,pitch,0,IDLE,-0.275549441576004,1,2.57976889610291,1.22023665904999,1.02063584327698,0.131552904844284,1.02063584327698,0.0744241327047348,3,RAISE_PD,30,1.34999990463257
151.419833,pitch,0,IDLE,-0.287274420261383,1,2.69098258018494,1.22023665904999,1.02063584327698,0.131552904844284,1.02063584327698,0.0744241327047348,3,RAISE_PD,30,1.34999990463257
151.459833,pitch,0,IDLE,-0.288172841072083,1,2.78153562545776,1.22023665904999,1.02063584327698,0.131552904844284,1.02063584327698,0.0744241327047348,3,RAISE_PD,30,1.34999990463257
151.499833,pitch,0,IDLE,-0.28013476729393,1,2.8530490398407,1.22023665904999,1.02063584327698,0.131552904844284,1.02063584327698,0.0744241327047348,3,RAISE_PD,30,1.34999990463257
151.539833,pitch,0,IDLE,-0.266215801239014,1,2.90748810768127,1.22023665904999,1.02063584327698,0.131552904844284,1.02063584327698,0.0744241327047348,3,RAISE_PD,30,1.34999990463257
151.579833,pitch,0,IDLE,-0.248738273978233,1,2.94664573669434,1.22023665904999,1.02063584327698,0.131552904844284,1.02063584327698,0.0744241327047348,3,RAISE_PD,30,1.34999990463257
151.619833,pitch,0,IDLE,-0.229519307613373,1,2.97215604782104,1.22023665904999,1.02063584327698,0.131552904844284,1.02063584327698,0.0744241327047348,3,RAISE_PD,30,1.34999990463257
151.659833,pitch,0,IDLE,-0.209912717342377,1,2.98550796508789,1.22023665904999,1.02063584327698,0.131552904844284,1.02063584327698,0.0744241327047348,3,RAISE_PD,30,1.34999990463257
151.699833,pitch,0,IDLE,-0.189688920974731,1,2.98805689811707,1.22023665904999,1.02063584327698,0.131552904844284,1.02063584327698,0.0744241327047348,3,RAISE_PD,30,1.34999990463257
151.739833,pitch,0,IDLE,-0.169742822647095,1,2.98805689811707,1.22023665904999,1.02063584327698,0.131552904844284,1.02063584327698,0.0744241327047348,3,RAISE_PD,30,1.34999990463257
151.779833,pitch,0,IDLE,-0.149978831410408,1,2.98805689811707,1.22023665904999,1.02063584327698,0.131552904844284,1.02063584327698,0.0744241327047348,3,RAISE_PD,30,1.34999990463257
151.819833,pitch,0,IDLE,-0.130199432373047,1,2.98805689811707,1.22023665904999,1.02063584327698,0.131552904844284,1.02063584327698,0.0744241327047348,3,RAISE_PD,30,1.34999990463257
151.859833,pitch,0,IDLE,-0.110568545758724,1,2.98805689811707,1.22023665904999,1.02063584327698,0.131552904844284,1.02063584327698,0.0744241327047348,3,RAISE_PD,30,1.34999990463257
151.899833,pitch,0,IDLE,-0.0902796015143394,1,2.98805689811707,1.22023665904999,1.02063584327698,0.131552904844284,1.02063584327698,0.0744241327047348,3,RAISE_PD,30,1.34999990463257
151.939833,pitch,0,IDLE,-0.0710124000906944,1,2.98805689811707,1.22023665904999,1.02063584327698,0.131552904844284,1.02063584327698,0.0744241327047348,3,RAISE_PD,30,1.34999990463257
151.979833,pitch,0,IDLE,-0.0554783940315247,1,2.98805689811707,1.22023665904999,1.02063584327698,0.131552904844284,1.02063584327698,0.0744241327047348,3,RAISE_PD,30,1.34999990463257
152.019833,pitch,0,IDLE,-0.0454494319856167,1,2.98805689811707,1.22023665904999,1.02063584327698,0.131552904844284,1.02063584327698,0.0744241327047348,3,RAISE_PD,30,1.34999990463257
152.059833,pitch,0,IDLE,-0.0417505092918873,1,2.98805689811707,1.22023665904999,1.02063584327698,0.131552904844284,1.02063584327698,0.0744241327047348,3,RAISE_PD,30,1.34999990463257
152.099833,pitch,0,IDLE,-0.0434686988592148,1,2.98805689811707,1.22023665904999,1.02063584327698,0.131552904844284,1.02063584327698,0.0744241327047348,3,RAISE_PD,30,1.34999990463257
152.139833,pitch,0,IDLE,-0.0487387701869011,1,2.98805689811707,1.22023665904999,1.02063584327698,0.131552904844284,1.02063584327698,0.0744241327047348,3,RAISE_PD,30,1.34999990463257
152.179833,pitch,0,IDLE,-0.0558868907392025,1,2.98805689811707,1.22023665904999,1.02063584327698,0.131552904844284,1.02063584327698,0.0744241327047348,3,RAISE_PD,30,1.34999990463257
152.219833,pitch,0,IDLE,-0.0629567727446556,1,2.98805689811707,1.22023665904999,1.02063584327698,0.131552904844284,1.02063584327698,0.0744241327047348,3,RAISE_PD,30,1.34999990463257
152.259833,pitch,0,IDLE,-0.0683010220527649,1,2.98805689811707,1.22023665904999,1.02063584327698,0.131552904844284,1.02063584327698,0.0744241327047348,3,RAISE_PD,30,1.34999990463257
152.299833,pitch,0,IDLE,-0.0711109489202499,1,2.98805689811707,1.22023665904999,1.02063584327698,0.131552904844284,1.02063584327698,0.0744241327047348,3,RAISE_PD,30,1.34999990463257
152.339833,pitch,0,IDLE,-0.0705202221870422,1,2.98805689811707,1.22023665904999,1.02063584327698,0.131552904844284,1.02063584327698,0.0744241327047348,3,RAISE_PD,30,1.34999990463257
152.379833,pitch,0,IDLE,-0.0666862577199936,1,2.98805689811707,1.22023665904999,1.02063584327698,0.131552904844284,1.02063584327698,0.0744241327047348,3,RAISE_PD,30,1.34999990463257
152.419833,pitch,0,IDLE,-0.0597622059285641,1,2.98805689811707,1.22023665904999,1.02063584327698,0.131552904844284,1.02063584327698,0.0744241327047348,3,RAISE_PD,30,1.34999990463257
152.459833,pitch,0,IDLE,-0.0499268472194672,1,2.98805689811707,1.22023665904999,1.02063584327698,0.131552904844284,1.02063584327698,0.0744241327047348,3,RAISE_PD,30,1.34999990463257
152.499833,pitch,0,IDLE,-0.0381541475653648,1,2.98805689811707,1.22023665904999,1.02063584327698,0.131552904844284,1.02063584327698,0.0744241327047348,3,RAISE_PD,30,1.34999990463257
152.539833,pitch,0,IDLE,-0.0247481502592564,1,2.98805689811707,1.22023665904999,1.02063584327698,0.131552904844284,1.02063584327698,0.0744241327047348,3,RAISE_PD,30,1.34999990463257
152.579833,pitch,0,IDLE,-0.0104917269200087,1,2.98805689811707,1.22023665904999,1.02063584327698,0.131552904844284,1.02063584327698,0.0744241327047348,3,RAISE_PD,30,1.34999990463257
152.619833,pitch,0,IDLE,-0.0307496935129166,1,2.98805689811707,1.22023665904999,1.02063584327698,0.131552904844284,1.02063584327698,0.0744241327047348,3,RAISE_PD,30,1.34999990463257
152.659833,pitch,0,IDLE,-0.121768221259117,1,2.98805689811707,1.22023665904999,1.02063584327698,0.131552904844284,1.02063584327698,0.0744241327047348,3,RAISE_PD,30,1.34999990463257
152.699833,pitch,0,IDLE,-0.222182944417,1,2.98805689811707,1.22023665904999,1.02063584327698,0.131552904844284,1.02063584327698,0.0744241327047348,3,RAISE_PD,30,1.34999990463257
152.739833,pitch,0,IDLE,-0.318092197179794,1,2.98805689811707,1.22023665904999,1.02063584327698,0.131552904844284,1.02063584327698,0.0744241327047348,3,RAISE_PD,30,1.34999990463257
152.779833,pitch,2,DEMAND_NEG,-0.405780255794525,1,2.98805689811707,1.22023665904999,1.02063584327698,0.131552904844284,1.02063584327698,0.0744241327047348,3,RAISE_PD,30,1.34999990463257
152.819833,pitch,2,DEMAND_NEG,-0.484317898750305,1,2.98805689811707,1.22023665904999,1.02063584327698,0.131552904844284,1.02063584327698,0.0744241327047348,3,RAISE_PD,30,1.34999990463257
152.859833,pitch,2,DEMAND_NEG,-0.553997218608856,1,2.98805689811707,1.22023665904999,1.02063584327698,0.131552904844284,1.02063584327698,0.0744241327047348,3,RAISE_PD,30,1.34999990463257
152.899833,pitch,2,DEMAND_NEG,-0.61510694026947,1,2.98805689811707,1.22023665904999,1.02063584327698,0.131552904844284,1.02063584327698,0.0744241327047348,3,RAISE_PD,30,1.34999990463257
152.939833,pitch,2,DEMAND_NEG,-0.666734755039215,1,2.98805689811707,1.22023665904999,1.02063584327698,0.131552904844284,1.02063584327698,0.0744241327047348,3,RAISE_PD,30,1.34999990463257
152.979833,pitch,2,DEMAND_NEG,-0.706596672534943,1,2.98805689811707,1.22023665904999,1.02063584327698,0.131552904844284,1.02063584327698,0.0744241327047348,3,RAISE_PD,30,1.34999990463257
153.019833,pitch,2,DEMAND_NEG,-0.733514845371246,1,2.98805689811707,1.22023665904999,1.02063584327698,0.131552904844284,1.02063584327698,0.0744241327047348,3,RAISE_PD,30,1.34999990463257
153.059833,pitch,2,DEMAND_NEG,-0.74730658531189,1,3.04825878143311,1.22023665904999,1.02063584327698,0.131552904844284,1.02063584327698,0.0744241327047348,3,RAISE_PD,30,1.34999990463257
153.099833,pitch,2,DEMAND_NEG,-0.749956667423248,1,3.10517311096191,1.22023665904999,1.02063584327698,0.131552904844284,1.02063584327698,0.0744241327047348,3,RAISE_PD,30,1.34999990463257
153.139833,pitch,2,DEMAND_NEG,-0.74321836233139,1,3.14590811729431,1.22023665904999,1.02063584327698,0.131552904844284,1.02063584327698,0.0744241327047348,3,RAISE_PD,30,1.34999990463257
153.179833,pitch,2,DEMAND_NEG,-0.729679942131042,1,3.17219567298889,1.22023665904999,1.02063584327698,0.131552904844284,1.02063584327698,0.0744241327047348,3,RAISE_PD,30,1.34999990463257
153.219833,pitch,2,DEMAND_NEG,-0.711837828159332,1,3.18561458587646,1.22023665904999,1.02063584327698,0.131552904844284,1.02063584327698,0.0744241327047348,3,RAISE_PD,30,1.34999990463257
153.259833,pitch,2,DEMAND_NEG,-0.691505193710327,1,3.18795228004456,1.22023665904999,1.02063584327698,0.131552904844284,1.02063584327698,0.0744241327047348,3,RAISE_PD,30,1.34999990463257
153.299833,pitch,2,DEMAND_NEG,-0.670507907867432,1,3.18795228004456,1.22023665904999,1.02063584327698,0.131552904844284,1.02063584327698,0.0744241327047348,3,RAISE_PD,30,1.34999990463257
153.339833,pitch,2,DEMAND_NEG,-0.649590134620667,1,3.18795228004456,1.22023665904999,1.02063584327698,0.131552904844284,1.02063584327698,0.0744241327047348,3,RAISE_PD,30,1.34999990463257
153.379833,pitch,2,DEMAND_NEG,-0.629310965538025,1,3.18795228004456,1.22023665904999,1.02063584327698,0.131552904844284,1.02063584327698,0.0744241327047348,3,RAISE_PD,30,1.34999990463257
153.419833,pitch,2,DEMAND_NEG,-0.61258190870285,1,3.18795228004456,1.22023665904999,1.02063584327698,0.131552904844284,1.02063584327698,0.0744241327047348,3,RAISE_PD,30,1.34999990463257
153.459833,pitch,2,DEMAND_NEG,-0.597932755947113,1,3.18795228004456,1.22023665904999,1.02063584327698,0.131552904844284,1.02063584327698,0.0744241327047348,3,RAISE_PD,30,1.34999990463257
153.499833,pitch,2,DEMAND_NEG,-0.584175586700439,1,3.18795228004456,1.22023665904999,1.02063584327698,0.131552904844284,1.02063584327698,0.0744241327047348,3,RAISE_PD,30,1.34999990463257
153.539833,pitch,2,DEMAND_NEG,-0.570992290973663,1,3.18795228004456,1.22023665904999,1.02063584327698,0.131552904844284,1.02063584327698,0.0744241327047348,3,RAISE_PD,30,1.34999990463257
153.579833,pitch,2,DEMAND_NEG,-0.557794809341431,1,3.18795228004456,1.22023665904999,1.02063584327698,0.131552904844284,1.02063584327698,0.0744241327047348,3,RAISE_PD,30,1.34999990463257
153.619833,pitch,2,DEMAND_NEG,-0.544821381568909,1,3.18795228004456,1.22023665904999,1.02063584327698,0.131552904844284,1.02063584327698,0.0744241327047348,3,RAISE_PD,30,1.34999990463257
153.659833,pitch,2,DEMAND_NEG,-0.53138256072998,1,3.18795228004456,1.22023665904999,1.02063584327698,0.131552904844284,1.02063584327698,0.0744241327047348,3,RAISE_PD,30,1.34999990463257
153.699833,pitch,2,DEMAND_NEG,-0.517565906047821,1,3.18795228004456,1.22023665904999,1.02063584327698,0.131552904844284,1.02063584327698,0.0744241327047348,3,RAISE_PD,30,1.34999990463257
153.739833,pitch,2,DEMAND_NEG,-0.502892017364502,1,3.18795228004456,1.22023665904999,1.02063584327698,0.131552904844284,1.02063584327698,0.0744241327047348,3,RAISE_PD,30,1.34999990463257
153.779833,pitch,2,DEMAND_NEG,-0.487295746803284,1,3.18795228004456,1.22023665904999,1.02063584327698,0.131552904844284,1.02063584327698,0.0744241327047348,3,RAISE_PD,30,1.34999990463257
153.819833,pitch,2,DEMAND_NEG,-0.471102446317673,1,3.18795228004456,1.22023665904999,1.02063584327698,0.131552904844284,1.02063584327698,0.0744241327047348,3,RAISE_PD,30,1.34999990463257
153.859833,pitch,2,DEMAND_NEG,-0.453699439764023,1,3.18795228004456,1.22023665904999,1.02063584327698,0.131552904844284,1.02063584327698,0.0744241327047348,3,RAISE_PD,30,1.34999990463257
153.899833,pitch,2,DEMAND_NEG,-0.435550600290298,1,3.18795228004456,1.22023665904999,1.02063584327698,0.131552904844284,1.02063584327698,0.0744241327047348,3,RAISE_PD,30,1.34999990463257
153.939833,pitch,2,DEMAND_NEG,-0.4175064265728,1,3.18795228004456,1.22023665904999,1.02063584327698,0.131552904844284,1.02063584327698,0.0744241327047348,3,RAISE_PD,30,1.34999990463257
153.979833,pitch,2,DEMAND_NEG,-0.401766359806061,1,3.18795228004456,1.22023665904999,1.02063584327698,0.131552904844284,1.02063584327698,0.0744241327047348,3,RAISE_PD,30,1.34999990463257
154.019833,pitch,2,DEMAND_NEG,-0.391870200634003,1,3.18795228004456,1.22023665904999,1.02063584327698,0.131552904844284,1.02063584327698,0.0744241327047348,3,RAISE_PD,30,1.34999990463257
154.059833,pitch,2,DEMAND_NEG,-0.39183098077774,1,3.18795228004456,1.22023665904999,1.02063584327698,0.131552904844284,1.02063584327698,0.0744241327047348,3,RAISE_PD,30,1.34999990463257
154.099833,pitch,2,DEMAND_NEG,-0.399652630090714,1,3.18795228004456,1.22023665904999,1.02063584327698,0.131552904844284,1.02063584327698,0.0744241327047348,3,RAISE_PD,30,1.34999990463257
154.139833,pitch,2,DEMAND_NEG,-0.41303026676178,1,3.18795228004456,1.22023665904999,1.02063584327698,0.131552904844284,1.02063584327698,0.0744241327047348,3,RAISE_PD,30,1.34999990463257
154.179833,pitch,2,DEMAND_NEG,-0.429872334003448,1,3.18795228004456,1.22023665904999,1.02063584327698,0.131552904844284,1.02063584327698,0.0744241327047348,3,RAISE_PD,30,1.34999990463257
154.219833,pitch,2,DEMAND_NEG,-0.448615521192551,1,3.18795228004456,1.22023665904999,1.02063584327698,0.131552904844284,1.02063584327698,0.0744241327047348,3,RAISE_PD,30,1.34999990463257
154.259833,pitch,2,DEMAND_NEG,-0.467541337013245,1,3.18795228004456,1.22023665904999,1.02063584327698,0.131552904844284,1.02063584327698,0.0744241327047348,3,RAISE_PD,30,1.34999990463257
154.299833,pitch,2,DEMAND_NEG,-0.485249638557434,1,3.18795228004456,1.22023665904999,1.02063584327698,0.131552904844284,1.02063584327698,0.0744241327047348,3,RAISE_PD,30,1.34999990463257
154.339833,pitch,2,DEMAND_NEG,-0.50094085931778,1,3.18795228004456,1.22023665904999,1.02063584327698,0.131552904844284,1.02063584327698,0.0744241327047348,3,RAISE_PD,30,1.34999990463257
154.379833,pitch,2,DEMAND_NEG,-0.514150679111481,1,3.18795228004456,1.22023665904999,1.02063584327698,0.131552904844284,1.02063584327698,0.0744241327047348,3,RAISE_PD,30,1.34999990463257
154.419833,pitch,2,DEMAND_NEG,-0.524517476558685,1,3.18795228004456,1.22023665904999,1.02063584327698,0.131552904844284,1.02063584327698,0.0744241327047348,3,RAISE_PD,30,1.34999990463257
154.459833,pitch,2,DEMAND_NEG,-0.532855927944183,1,3.18795228004456,1.22023665904999,1.02063584327698,0.131552904844284,1.02063584327698,0.0744241327047348,3,RAISE_PD,30,1.34999990463257
154.499833,pitch,2,DEMAND_NEG,-0.539030611515045,1,3.18795228004456,1.22023665904999,1.02063584327698,0.131552904844284,1.02063584327698,0.0744241327047348,3,RAISE_PD,30,1.34999990463257
154.539833,pitch,2,DEMAND_NEG,-0.544225633144379,1,3.18795228004456,1.22023665904999,1.02063584327698,0.131552904844284,1.02063584327698,0.0744241327047348,3,RAISE_PD,30,1.34999990463257
154.579833,pitch,2,DEMAND_NEG,-0.548389911651611,1,3.18795228004456,1.22023665904999,1.02063584327698,0.131552904844284,1.02063584327698,0.0744241327047348,3,RAISE_PD,30,1.34999990463257
154.619833,pitch,2,DEMAND_NEG,-0.552145421504974,1,3.18795228004456,1.22023665904999,1.02063584327698,0.131552904844284,1.02063584327698,0.0744241327047348,3,RAISE_PD,30,1.34999990463257
154.659833,pitch,2,DEMAND_NEG,-0.558315455913544,1,3.18795228004456,1.22023665904999,1.02063584327698,0.131552904844284,1.02063584327698,0.0744241327047348,3,RAISE_PD,30,1.34999990463257
154.699833,pitch,2,DEMAND_NEG,-0.565789043903351,1,3.18795228004456,1.22023665904999,1.02063584327698,0.131552904844284,1.02063584327698,0.0744241327047348,3,RAISE_PD,30,1.34999990463257
154.739833,pitch,2,DEMAND_NEG,-0.574326694011688,1,3.18795228004456,1.22023665904999,1.02063584327698,0.131552904844284,1.02063584327698,0.0744241327047348,3,RAISE_PD,30,1.34999990463257
154.779833,pitch,2,DEMAND_NEG,-0.58395528793335,1,3.18795228004456,1.22023665904999,1.02063584327698,0.131552904844284,1.02063584327698,0.0744241327047348,3,RAISE_PD,30,1.34999990463257
154.819833,pitch,2,DEMAND_NEG,-0.594046175479889,1,3.18795228004456,1.22023665904999,1.02063584327698,0.131552904844284,1.02063584327698,0.0744241327047348,3,RAISE_PD,30,1.34999990463257
154.859833,pitch,2,DEMAND_NEG,-0.603345513343811,1,3.18795228004456,1.22023665904999,1.02063584327698,0.131552904844284,1.02063584327698,0.0744241327047348,3,RAISE_PD,30,1.34999990463257
154.899833,pitch,2,DEMAND_NEG,-0.609220385551453,1,3.18795228004456,1.22023665904999,1.02063584327698,0.131552904844284,1.02063584327698,0.0744241327047348,3,RAISE_PD,30,1.34999990463257
154.939833,pitch,2,DEMAND_NEG,-0.609343588352203,1,3.18795228004456,1.22023665904999,1.02063584327698,0.131552904844284,1.02063584327698,0.0744241327047348,3,RAISE_PD,30,1.34999990463257
154.979833,pitch,2,DEMAND_NEG,-0.602860629558563,1,3.18795228004456,1.22023665904999,1.02063584327698,0.131552904844284,1.02063584327698,0.0744241327047348,3,RAISE_PD,30,1.34999990463257
155.019833,pitch,2,DEMAND_NEG,-0.590646147727966,1,3.18795228004456,1.22023665904999,1.02063584327698,0.131552904844284,1.02063584327698,0.0744241327047348,3,RAISE_PD,30,1.34999990463257
155.059833,pitch,2,DEMAND_NEG,-0.574363768100739,1,3.18795228004456,1.22023665904999,1.02063584327698,0.131552904844284,1.02063584327698,0.0744241327047348,3,RAISE_PD,30,1.34999990463257
155.099833,pitch,2,DEMAND_NEG,-0.555958330631256,1,3.18795228004456,1.22023665904999,1.02063584327698,0.131552904844284,1.02063584327698,0.0744241327047348,3,RAISE_PD,30,1.34999990463257
155.139833,pitch,2,DEMAND_NEG,-0.537506282329559,1,3.18795228004456,1.22023665904999,1.02063584327698,0.131552904844284,1.02063584327698,0.0744241327047348,3,RAISE_PD,30,1.34999990463257
155.179833,pitch,2,DEMAND_NEG,-0.520206272602081,1,3.18795228004456,1.22023665904999,1.02063584327698,0.131552904844284,1.02063584327698,0.0744241327047348,3,RAISE_PD,30,1.34999990463257
155.219833,pitch,2,DEMAND_NEG,-0.505373418331146,1,3.18795228004456,1.22023665904999,1.02063584327698,0.131552904844284,1.02063584327698,0.0744241327047348,3,RAISE_PD,30,1.34999990463257
155.259833,pitch,2,DEMAND_NEG,-0.492913156747818,1,3.18795228004456,1.22023665904999,1.02063584327698,0.131552904844284,1.02063584327698,0.0744241327047348,3,RAISE_PD,30,1.34999990463257
155.299833,pitch,2,DEMAND_NEG,-0.483163326978683,1,3.18795228004456,1.22023665904999,1.02063584327698,0.131552904844284,1.02063584327698,0.0744241327047348,3,RAISE_PD,30,1.34999990463257
155.339833,pitch,0,IDLE,-0.393937021493912,1,1,0.91408234834671,1.02063584327698,0.17101876437664,1.02063584327698,0.0744241327047348,3,RAISE_PD,30,1.34999990463257
155.379833,pitch,0,IDLE,-0.278278052806854,1,1.18855345249176,0.91408234834671,1.02063584327698,0.17101876437664,1.02063584327698,0.0744241327047348,3,RAISE_PD,30,1.34999990463257
155.419833,pitch,0,IDLE,-0.165184885263443,1,1.43167507648468,0.91408234834671,1.02063584327698,0.17101876437664,1.02063584327698,0.0744241327047348,3,RAISE_PD,30,1.34999990463257
155.459833,pitch,0,IDLE,-0.0637459605932236,1,1.66601061820984,0.91408234834671,1.02063584327698,0.17101876437664,1.02063584327698,0.0744241327047348,3,RAISE_PD,30,1.34999990463257
155.499833,pitch,0,IDLE,0.0214865319430828,1,1.88329744338989,0.91408234834671,1.02063584327698,0.17101876437664,1.02063584327698,0.0744241327047348,3,RAISE_PD,30,1.34999990463257
155.539833,pitch,0,IDLE,0.0893513560295105,1,2.08354902267456,0.91408234834671,1.02063584327698,0.17101876437664,1.02063584327698,0.0744241327047348,3,RAISE_PD,30,1.34999990463257
155.579833,pitch,0,IDLE,0.139684945344925,1,2.26810097694397,0.91408234834671,1.02063584327698,0.17101876437664,1.02063584327698,0.0744241327047348,3,RAISE_PD,30,1.34999990463257
155.619833,pitch,0,IDLE,0.171835958957672,1,2.43818426132202,0.91408234834671,1.02063584327698,0.17101876437664,1.02063584327698,0.0744241327047348,3,RAISE_PD,30,1.34999990463257
155.659833,pitch,0,IDLE,0.190480008721352,1,2.58667850494385,0.91408234834671,1.02063584327698,0.17101876437664,1.02063584327698,0.0744241327047348,3,RAISE_PD,30,1.34999990463257
155.699833,pitch,0,IDLE,0.199365556240082,1,2.71296262741089,0.91408234834671,1.02063584327698,0.17101876437664,1.02063584327698,0.0744241327047348,3,RAISE_PD,30,1.34999990463257
155.739833,pitch,0,IDLE,0.201712414622307,1,2.81919622421265,0.91408234834671,1.02063584327698,0.17101876437664,1.02063584327698,0.0744241327047348,3,RAISE_PD,30,1.34999990463257
155.779833,pitch,0,IDLE,0.199878498911858,1,2.9073531627655,0.91408234834671,1.02063584327698,0.17101876437664,1.02063584327698,0.0744241327047348,3,RAISE_PD,30,1.34999990463257
155.819833,pitch,0,IDLE,0.195561096072197,1,2.97705364227295,0.91408234834671,1.02063584327698,0.17101876437664,1.02063584327698,0.0744241327047348,3,RAISE_PD,30,1.34999990463257
155.859833,pitch,0,IDLE,0.18964995443821,1,3.0295033454895,0.91408234834671,1.02063584327698,0.17101876437664,1.02063584327698,0.0744241327047348,3,RAISE_PD,30,1.34999990463257
155.899833,pitch,0,IDLE,0.183316126465797,1,3.06652116775513,0.91408234834671,1.02063584327698,0.17101876437664,1.02063584327698,0.0744241327047348,3,RAISE_PD,30,1.34999990463257
155.939833,pitch,0,IDLE,0.176709234714508,1,3.08976554870605,0.91408234834671,1.02063584327698,0.17101876437664,1.02063584327698,0.0744241327047348,3,RAISE_PD,30,1.34999990463257
155.979833,pitch,0,IDLE,0.169760480523109,1,3.10074663162231,0.91408234834671,1.02063584327698,0.17101876437664,1.02063584327698,0.0744241327047348,3,RAISE_PD,30,1.34999990463257
156.019833,pitch,0,IDLE,0.162680134177208,1,3.10207319259644,0.91408234834671,1.02063584327698,0.17101876437664,1.02063584327698,0.0744241327047348,3,RAISE_PD,30,1.34999990463257
156.059833,pitch,0,IDLE,0.15510855615139,1,3.10207319259644,0.91408234834671,1.02063584327698,0.17101876437664,1.02063584327698,0.0744241327047348,3,RAISE_PD,30,1.34999990463257
156.099833,pitch,0,IDLE,0.147066220641136,1,3.10207319259644,0.91408234834671,1.02063584327698,0.17101876437664,1.02063584327698,0.0744241327047348,3,RAISE_PD,30,1.34999990463257
156.139833,pitch,0,IDLE,0.138031095266342,1,3.10207319259644,0.91408234834671,1.02063584327698,0.17101876437664,1.02063584327698,0.0744241327047348,3,RAISE_PD,30,1.34999990463257
156.179833,pitch,0,IDLE,0.127704575657845,1,3.10207319259644,0.91408234834671,1.02063584327698,0.17101876437664,1.02063584327698,0.0744241327047348,3,RAISE_PD,30,1.34999990463257
156.219833,pitch,0,IDLE,0.116091310977936,1,3.10207319259644,0.91408234834671,1.02063584327698,0.17101876437664,1.02063584327698,0.0744241327047348,3,RAISE_PD,30,1.34999990463257
156.259833,pitch,0,IDLE,0.102924063801765,1,3.10207319259644,0.91408234834671,1.02063584327698,0.17101876437664,1.02063584327698,0.0744241327047348,3,RAISE_PD,30,1.34999990463257
156.299833,pitch,0,IDLE,0.0887353867292404,1,3.10207319259644,0.91408234834671,1.02063584327698,0.17101876437664,1.02063584327698,0.0744241327047348,3,RAISE_PD,30,1.34999990463257
156.339833,pitch,0,IDLE,0.0732877030968666,1,3.10207319259644,0.91408234834671,1.02063584327698,0.17101876437664,1.02063584327698,0.0744241327047348,3,RAISE_PD,30,1.34999990463257
156.379833,pitch,0,IDLE,0.0564726144075394,1,3.10207319259644,0.91408234834671,1.02063584327698,0.17101876437664,1.02063584327698,0.0744241327047348,3,RAISE_PD,30,1.34999990463257
156.419833,pitch,0,IDLE,0.0387360379099846,1,3.10207319259644,0.91408234834671,1.02063584327698,0.17101876437664,1.02063584327698,0.0744241327047348,3,RAISE_PD,30,1.34999990463257
156.459833,pitch,0,IDLE,0.0200682766735554,1,3.10207319259644,0.91408234834671,1.02063584327698,0.17101876437664,1.02063584327698,0.0744241327047348,3,RAISE_PD,30,1.34999990463257
156.499833,pitch,0,IDLE,0.000513720326125622,1,3.10207319259644,0.91408234834671,1.02063584327698,0.17101876437664,1.02063584327698,0.0744241327047348,3,RAISE_PD,30,1.34999990463257
156.539833,pitch,0,IDLE,-0.0194470901042223,1,3.10207319259644,0.91408234834671,1.02063584327698,0.17101876437664,1.02063584327698,0.0744241327047348,3,RAISE_PD,30,1.34999990463257
156.579833,pitch,0,IDLE,-0.0387719050049782,1,3.10207319259644,0.91408234834671,1.02063584327698,0.17101876437664,1.02063584327698,0.0744241327047348,3,RAISE_PD,30,1.34999990463257
156.619833,pitch,0,IDLE,-0.053850095719099,1,3.10207319259644,0.91408234834671,1.02063584327698,0.17101876437664,1.02063584327698,0.0744241327047348,3,RAISE_PD,30,1.34999990463257
156.659833,pitch,0,IDLE,-0.062376506626606,1,3.10207319259644,0.91408234834671,1.02063584327698,0.17101876437664,1.02063584327698,0.0744241327047348,3,RAISE_PD,30,1.34999990463257
156.699833,pitch,0,IDLE,-0.0635933354496956,1,3.10207319259644,0.91408234834671,1.02063584327698,0.17101876437664,1.02063584327698,0.0744241327047348,3,RAISE_PD,30,1.34999990463257
156.739833,pitch,0,IDLE,-0.0578105747699738,1,3.10207319259644,0.91408234834671,1.02063584327698,0.17101876437664,1.02063584327698,0.0744241327047348,3,RAISE_PD,30,1.34999990463257
156.779833,pitch,0,IDLE,-0.0471571125090122,1,3.10207319259644,0.91408234834671,1.02063584327698,0.17101876437664,1.02063584327698,0.0744241327047348,3,RAISE_PD,30,1.34999990463257
156.819833,pitch,0,IDLE,-0.0332940332591534,1,3.10207319259644,0.91408234834671,1.02063584327698,0.17101876437664,1.02063584327698,0.0744241327047348,3,RAISE_PD,30,1.34999990463257
156.859833,pitch,0,IDLE,-0.0181025918573141,1,3.10207319259644,0.91408234834671,1.02063584327698,0.17101876437664,1.02063584327698,0.0744241327047348,3,RAISE_PD,30,1.34999990463257
156.899833,pitch,0,IDLE,-0.003224968444556,1,3.10207319259644,0.91408234834671,1.02063584327698,0.17101876437664,1.02063584327698,0.0744241327047348,3,RAISE_PD,30,1.34999990463257
156.939833,pitch,0,IDLE,0.0467211119830608,1,3.10207319259644,0.91408234834671,1.02063584327698,0.17101876437664,1.02063584327698,0.0744241327047348,3,RAISE_PD,30,1.34999990463257
156.979833,pitch,0,IDLE,0.164514243602753,1,3.10207319259644,0.91408234834671,1.02063584327698,0.17101876437664,1.02063584327698,0.0744241327047348,3,RAISE_PD,30,1.34999990463257
157.019833,pitch,0,IDLE,0.288862615823746,1,3.10207319259644,0.91408234834671,1.02063584327698,0.17101876437664,1.02063584327698,0.0744241327047348,3,RAISE_PD,30,1.34999990463257
157.059833,pitch,1,DEMAND_POS,0.402918368577957,1,3.10207319259644,0.91408234834671,1.02063584327698,0.17101876437664,1.02063584327698,0.0744241327047348,3,RAISE_PD,30,1.34999990463257
157.099833,pitch,1,DEMAND_POS,0.500221490859985,1,3.10207319259644,0.91408234834671,1.02063584327698,0.17101876437664,1.02063584327698,0.0744241327047348,3,RAISE_PD,30,1.34999990463257
157.139833,pitch,1,DEMAND_POS,0.578506171703339,1,3.10207319259644,0.91408234834671,1.02063584327698,0.17101876437664,1.02063584327698,0.0744241327047348,3,RAISE_PD,30,1.34999990463257
157.179833,pitch,1,DEMAND_POS,0.638135731220245,1,3.10207319259644,0.91408234834671,1.02063584327698,0.17101876437664,1.02063584327698,0.0744241327047348,3,RAISE_PD,30,1.34999990463257
157.219833,pitch,1,DEMAND_POS,0.681151509284973,1,3.10207319259644,0.91408234834671,1.02063584327698,0.17101876437664,1.02063584327698,0.0744241327047348,3,RAISE_PD,30,1.34999990463257
157.259833,pitch,1,DEMAND_POS,0.710488498210907,1,3.10207319259644,0.91408234834671,1.02063584327698,0.17101876437664,1.02063584327698,0.0744241327047348,3,RAISE_PD,30,1.34999990463257
157.299833,pitch,1,DEMAND_POS,0.729214727878571,1,3.10207319259644,0.91408234834671,1.02063584327698,0.17101876437664,1.02063584327698,0.0744241327047348,3,RAISE_PD,30,1.34999990463257
157.339833,pitch,1,DEMAND_POS,0.740576386451721,1,3.10207319259644,0.91408234834671,1.02063584327698,0.17101876437664,1.02063584327698,0.0744241327047348,3,RAISE_PD,30,1.34999990463257
157.379833,pitch,1,DEMAND_POS,0.746733248233795,1,3.16475820541382,0.91408234834671,1.02063584327698,0.17101876437664,1.02063584327698,0.0744241327047348,3,RAISE_PD,30,1.34999990463257
157.419833,pitch,1,DEMAND_POS,0.749480903148651,1,3.23151612281799,0.91408234834671,1.02063584327698,0.17101876437664,1.02063584327698,0.0744241327047348,3,RAISE_PD,30,1.34999990463257
157.459833,pitch,1,DEMAND_POS,0.750410974025726,1,3.2805712223053,0.91408234834671,1.02063584327698,0.17101876437664,1.02063584327698,0.0744241327047348,3,RAISE_PD,30,1.34999990463257
157.499833,pitch,1,DEMAND_POS,0.75008499622345,1,3.313805103302,0.91408234834671,1.02063584327698,0.17101876437664,1.02063584327698,0.0744241327047348,3,RAISE_PD,30,1.34999990463257
157.539833,pitch,1,DEMAND_POS,0.749417781829834,1,3.332932472229,0.91408234834671,1.02063584327698,0.17101876437664,1.02063584327698,0.0744241327047348,3,RAISE_PD,30,1.34999990463257
157.579833,pitch,1,DEMAND_POS,0.74846351146698,1,3.33951473236084,0.91408234834671,1.02063584327698,0.17101876437664,1.02063584327698,0.0744241327047348,3,RAISE_PD,30,1.34999990463257
157.619833,pitch,1,DEMAND_POS,0.747443675994873,1,3.33951473236084,0.91408234834671,1.02063584327698,0.17101876437664,1.02063584327698,0.0744241327047348,3,RAISE_PD,30,1.34999990463257
157.659833,pitch,1,DEMAND_POS,0.745827317237854,1,3.33951473236084,0.91408234834671,1.02063584327698,0.17101876437664,1.02063584327698,0.0744241327047348,3,RAISE_PD,30,1.34999990463257
157.699833,pitch,1,DEMAND_POS,0.743468701839447,1,3.33951473236084,0.91408234834671,1.02063584327698,0.17101876437664,1.02063584327698,0.0744241327047348,3,RAISE_PD,30,1.34999990463257
157.739833,pitch,1,DEMAND_POS,0.740587770938873,1,3.33951473236084,0.91408234834671,1.02063584327698,0.17101876437664,1.02063584327698,0.0744241327047348,3,RAISE_PD,30,1.34999990463257
157.779833,pitch,1,DEMAND_POS,0.737022519111633,1,3.33951473236084,0.91408234834671,1.02063584327698,0.17101876437664,1.02063584327698,0.0744241327047348,3,RAISE_PD,30,1.34999990463257
157.819833,pitch,1,DEMAND_POS,0.732436954975128,1,3.33951473236084,0.91408234834671,1.02063584327698,0.17101876437664,1.02063584327698,0.0744241327047348,3,RAISE_PD,30,1.34999990463257
157.859833,pitch,1,DEMAND_POS,0.726985573768616,1,3.33951473236084,0.91408234834671,1.02063584327698,0.17101876437664,1.02063584327698,0.0744241327047348,3,RAISE_PD,30,1.34999990463257
157.899833,pitch,1,DEMAND_POS,0.720399737358093,1,3.33951473236084,0.91408234834671,1.02063584327698,0.17101876437664,1.02063584327698,0.0744241327047348,3,RAISE_PD,30,1.34999990463257
157.939833,pitch,1,DEMAND_POS,0.712951064109802,1,3.33951473236084,0.91408234834671,1.02063584327698,0.17101876437664,1.02063584327698,0.0744241327047348,3,RAISE_PD,30,1.34999990463257
157.979833,pitch,1,DEMAND_POS,0.704529702663422,1,3.33951473236084,0.91408234834671,1.02063584327698,0.17101876437664,1.02063584327698,0.0744241327047348,3,RAISE_PD,30,1.34999990463257
158.019833,pitch,1,DEMAND_POS,0.694952726364136,1,3.33951473236084,0.91408234834671,1.02063584327698,0.17101876437664,1.02063584327698,0.0744241327047348,3,RAISE_PD,30,1.34999990463257
158.059833,pitch,1,DEMAND_POS,0.686223447322845,1,3.33951473236084,0.91408234834671,1.02063584327698,0.17101876437664,1.02063584327698,0.0744241327047348,3,RAISE_PD,30,1.34999990463257
158.099833,pitch,1,DEMAND_POS,0.679456233978271,1,3.33951473236084,0.91408234834671,1.02063584327698,0.17101876437664,1.02063584327698,0.0744241327047348,3,RAISE_PD,30,1.34999990463257
158.139833,pitch,1,DEMAND_POS,0.672617375850677,1,3.33951473236084,0.91408234834671,1.02063584327698,0.17101876437664,1.02063584327698,0.0744241327047348,3,RAISE_PD,30,1.34999990463257
158.179833,pitch,1,DEMAND_POS,0.665735065937042,1,3.33951473236084,0.91408234834671,1.02063584327698,0.17101876437664,1.02063584327698,0.0744241327047348,3,RAISE_PD,30,1.34999990463257
158.219833,pitch,1,DEMAND_POS,0.658170700073242,1,3.33951473236084,0.91408234834671,1.02063584327698,0.17101876437664,1.02063584327698,0.0744241327047348,3,RAISE_PD,30,1.34999990463257
158.259833,pitch,1,DEMAND_POS,0.650562226772308,1,3.33951473236084,0.91408234834671,1.02063584327698,0.17101876437664,1.02063584327698,0.0744241327047348,3,RAISE_PD,30,1.34999990463257
158.299833,pitch,1,DEMAND_POS,0.642100632190704,1,3.33951473236084,0.91408234834671,1.02063584327698,0.17101876437664,1.02063584327698,0.0744241327047348,3,RAISE_PD,30,1.34999990463257
158.339833,pitch,1,DEMAND_POS,0.633385062217712,1,3.33951473236084,0.91408234834671,1.02063584327698,0.17101876437664,1.02063584327698,0.0744241327047348,3,RAISE_PD,30,1.34999990463257
158.379833,pitch,1,DEMAND_POS,0.624006330966949,1,3.33951473236084,0.91408234834671,1.02063584327698,0.17101876437664,1.02063584327698,0.0744241327047348,3,RAISE_PD,30,1.34999990463257
158.419833,pitch,1,DEMAND_POS,0.61426568031311,1,3.33951473236084,0.91408234834671,1.02063584327698,0.17101876437664,1.02063584327698,0.0744241327047348,3,RAISE_PD,30,1.34999990463257
158.459833,pitch,1,DEMAND_POS,0.604588985443115,1,3.33951473236084,0.91408234834671,1.02063584327698,0.17101876437664,1.02063584327698,0.0744241327047348,3,RAISE_PD,30,1.34999990463257
158.499833,pitch,1,DEMAND_POS,0.594789505004883,1,3.33951473236084,0.91408234834671,1.02063584327698,0.17101876437664,1.02063584327698,0.0744241327047348,3,RAISE_PD,30,1.34999990463257
158.539833,pitch,1,DEMAND_POS,0.585385024547577,1,3.33951473236084,0.91408234834671,1.02063584327698,0.17101876437664,1.02063584327698,0.0744241327047348,3,RAISE_PD,30,1.34999990463257
158.579833,pitch,1,DEMAND_POS,0.576121687889099,1,3.33951473236084,0.91408234834671,1.02063584327698,0.17101876437664,1.02063584327698,0.0744241327047348,3,RAISE_PD,30,1.34999990463257
158.619833,pitch,1,DEMAND_POS,0.566985368728638,1,3.33951473236084,0.91408234834671,1.02063584327698,0.17101876437664,1.02063584327698,0.0744241327047348,3,RAISE_PD,30,1.34999990463257
158.659833,pitch,1,DEMAND_POS,0.558325231075287,1,3.33951473236084,0.91408234834671,1.02063584327698,0.17101876437664,1.02063584327698,0.0744241327047348,3,RAISE_PD,30,1.34999990463257
158.699833,pitch,1,DEMAND_POS,0.549932599067688,1,3.33951473236084,0.91408234834671,1.02063584327698,0.17101876437664,1.02063584327698,0.0744241327047348,3,RAISE_PD,30,1.34999990463257
158.739833,pitch,1,DEMAND_POS,0.54324746131897,1,3.33951473236084,0.91408234834671,1.02063584327698,0.17101876437664,1.02063584327698,0.0744241327047348,3,RAISE_PD,30,1.34999990463257
158.779833,pitch,1,DEMAND_POS,0.539680063724518,1,3.33951473236084,0.91408234834671,1.02063584327698,0.17101876437664,1.02063584327698,0.0744241327047348,3,RAISE_PD,30,1.34999990463257
158.819833,pitch,1,DEMAND_POS,0.536709129810333,1,3.33951473236084,0.91408234834671,1.02063584327698,0.17101876437664,1.02063584327698,0.0744241327047348,3,RAISE_PD,30,1.34999990463257
158.859833,pitch,1,DEMAND_POS,0.53392481803894,1,3.33951473236084,0.91408234834671,1.02063584327698,0.17101876437664,1.02063584327698,0.0744241327047348,3,RAISE_PD,30,1.34999990463257
158.899833,pitch,1,DEMAND_POS,0.530759036540985,1,3.33951473236084,0.91408234834671,1.02063584327698,0.17101876437664,1.02063584327698,0.0744241327047348,3,RAISE_PD,30,1.34999990463257
158.939833,pitch,1,DEMAND_POS,0.527287900447845,1,3.33951473236084,0.91408234834671,1.02063584327698,0.17101876437664,1.02063584327698,0.0744241327047348,3,RAISE_PD,30,1.34999990463257
158.979833,pitch,1,DEMAND_POS,0.524060308933258,1,3.33951473236084,0.91408234834671,1.02063584327698,0.17101876437664,1.02063584327698,0.0744241327047348,3,RAISE_PD,30,1.34999990463257
159.019833,pitch,1,DEMAND_POS,0.520935833454132,1,3.33951473236084,0.91408234834671,1.02063584327698,0.17101876437664,1.02063584327698,0.0744241327047348,3,RAISE_PD,30,1.34999990463257
159.059833,pitch,1,DEMAND_POS,0.517938077449799,1,3.33951473236084,0.91408234834671,1.02063584327698,0.17101876437664,1.02063584327698,0.0744241327047348,3,RAISE_PD,30,1.34999990463257
159.099833,pitch,1,DEMAND_POS,0.515023231506348,1,3.33951473236084,0.91408234834671,1.02063584327698,0.17101876437664,1.02063584327698,0.0744241327047348,3,RAISE_PD,30,1.34999990463257
159.139833,pitch,1,DEMAND_POS,0.512089908123016,1,3.33951473236084,0.91408234834671,1.02063584327698,0.17101876437664,1.02063584327698,0.0744241327047348,3,RAISE_PD,30,1.34999990463257
159.179833,pitch,1,DEMAND_POS,0.509280323982239,1,3.33951473236084,0.91408234834671,1.02063584327698,0.17101876437664,1.02063584327698,0.0744241327047348,3,RAISE_PD,30,1.34999990463257
159.219833,pitch,1,DEMAND_POS,0.506332814693451,1,3.33951473236084,0.91408234834671,1.02063584327698,0.17101876437664,1.02063584327698,0.0744241327047348,3,RAISE_PD,30,1.34999990463257
159.259833,pitch,1,DEMAND_POS,0.503607451915741,1,3.33951473236084,0.91408234834671,1.02063584327698,0.17101876437664,1.02063584327698,0.0744241327047348,3,RAISE_PD,30,1.34999990463257
159.299833,pitch,1,DEMAND_POS,0.500810623168945,1,3.33951473236084,0.91408234834671,1.02063584327698,0.17101876437664,1.02063584327698,0.0744241327047348,3,RAISE_PD,30,1.34999990463257
159.339833,pitch,1,DEMAND_POS,0.498465120792389,1,3.33951473236084,0.91408234834671,1.02063584327698,0.17101876437664,1.02063584327698,0.0744241327047348,3,RAISE_PD,30,1.34999990463257
159.379833,pitch,1,DEMAND_POS,0.496674686670303,1,3.33951473236084,0.91408234834671,1.02063584327698,0.17101876437664,1.02063584327698,0.0744241327047348,3,RAISE_PD,30,1.34999990463257
159.419833,pitch,1,DEMAND_POS,0.497835785150528,1,3.33951473236084,0.91408234834671,1.02063584327698,0.17101876437664,1.02063584327698,0.0744241327047348,3,RAISE_PD,30,1.34999990463257
159.459833,pitch,1,DEMAND_POS,0.500393271446228,1,3.33951473236084,0.91408234834671,1.02063584327698,0.17101876437664,1.02063584327698,0.0744241327047348,3,RAISE_PD,30,1.34999990463257
159.499833,pitch,1,DEMAND_POS,0.50329464673996,1,3.33951473236084,0.91408234834671,1.02063584327698,0.17101876437664,1.02063584327698,0.0744241327047348,3,RAISE_PD,30,1.34999990463257
159.539833,pitch,1,DEMAND_POS,0.506331980228424,1,3.33951473236084,0.91408234834671,1.02063584327698,0.17101876437664,1.02063584327698,0.0744241327047348,3,RAISE_PD,30,1.34999990463257
159.579833,pitch,1,DEMAND_POS,0.509450793266296,1,3.33951473236084,0.91408234834671,1.02063584327698,0.17101876437664,1.02063584327698,0.0744241327047348,3,RAISE_PD,30,1.34999990463257
159.619833,pitch,1,DEMAND_POS,0.512607574462891,1,3.33951473236084,0.91408234834671,1.02063584327698,0.17101876437664,1.02063584327698,0.0744241327047348,3,RAISE_PD,30,1.34999990463257
159.659833,pitch,0,IDLE,0.432610601186752,1,1,1.26066899299622,1.02063584327698,0.222324386239052,1.02063584327698,0.0744241327047348,3,RAISE_PD,30,1.34999990463257
159.699833,pitch,0,IDLE,0.323179632425308,1,1,1.26066899299622,1.02063584327698,0.222324386239052,1.02063584327698,0.0744241327047348,3,RAISE_PD,30,1.34999990463257
159.739833,pitch,0,IDLE,0.212502181529999,1,1.2392053604126,1.26066899299622,1.02063584327698,0.222324386239052,1.02063584327698,0.0744241327047348,3,RAISE_PD,30,1.34999990463257
159.779833,pitch,0,IDLE,0.108939953148365,1,1.48550593852997,1.26066899299622,1.02063584327698,0.222324386239052,1.02063584327698,0.0744241327047348,3,RAISE_PD,30,1.34999990463257
159.819833,pitch,0,IDLE,0.0144916027784348,1,1.71249663829803,1.26066899299622,1.02063584327698,0.222324386239052,1.02063584327698,0.0744241327047348,3,RAISE_PD,30,1.34999990463257
159.859833,pitch,0,IDLE,-0.0697048231959343,1,1.92169117927551,1.26066899299622,1.02063584327698,0.222324386239052,1.02063584327698,0.0744241327047348,3,RAISE_PD,30,1.34999990463257
159.899833,pitch,0,IDLE,-0.143796592950821,1,2.1144847869873,1.26066899299622,1.02063584327698,0.222324386239052,1.02063584327698,0.0744241327047348,3,RAISE_PD,30,1.34999990463257
159.939833,pitch,0,IDLE,-0.207591488957405,1,2.29216313362122,1.26066899299622,1.02063584327698,0.222324386239052,1.02063584327698,0.0744241327047348,3,RAISE_PD,30,1.34999990463257
159.979833,pitch,0,IDLE,-0.259687185287476,1,2.44707918167114,1.26066899299622,1.02063584327698,0.222324386239052,1.02063584327698,0.0744241327047348,3,RAISE_PD,30,1.34999990463257
160.019833,pitch,0,IDLE,-0.297196865081787,1,2.57854056358337,1.26066899299622,1.02063584327698,0.222324386239052,1.02063584327698,0.0744241327047348,3,RAISE_PD,30,1.34999990463257
160.059833,pitch,0,IDLE,-0.319271147251129,1,2.68883371353149,1.26066899299622,1.02063584327698,0.222324386239052,1.02063584327698,0.0744241327047348,3,RAISE_PD,30,1.34999990463257
160.099833,pitch,0,IDLE,-0.326979041099548,1,2.77857756614685,1.26066899299622,1.02063584327698,0.222324386239052,1.02063584327698,0.0744241327047348,3,RAISE_PD,30,1.34999990463257
160.139833,pitch,0,IDLE,-0.321829736232758,1,2.84938383102417,1.26066899299622,1.02063584327698,0.222324386239052,1.02063584327698,0.0744241327047348,3,RAISE_PD,30,1.34999990463257
160.179833,pitch,0,IDLE,-0.306339830160141,1,2.90320873260498,1.26066899299622,1.02063584327698,0.222324386239052,1.02063584327698,0.0744241327047348,3,RAISE_PD,30,1.34999990463257
160.219833,pitch,0,IDLE,-0.28332382440567,1,2.94183588027954,1.26066899299622,1.02063584327698,0.222324386239052,1.02063584327698,0.0744241327047348,3,RAISE_PD,30,1.34999990463257
160.259833,pitch,0,IDLE,-0.255716890096664,1,2.9668915271759,1.26066899299622,1.02063584327698,0.222324386239052,1.02063584327698,0.0744241327047348,3,RAISE_PD,30,1.34999990463257
160.299833,pitch,0,IDLE,-0.224748179316521,1,2.9798572063446,1.26066899299622,1.02063584327698,0.222324386239052,1.02063584327698,0.0744241327047348,3,RAISE_PD,30,1.34999990463257
160.339833,pitch,0,IDLE,-0.190512791275978,1,2.98223280906677,1.26066899299622,1.02063584327698,0.222324386239052,1.02063584327698,0.0744241327047348,3,RAISE_PD,30,1.34999990463257
160.379833,pitch,0,IDLE,-0.156082034111023,1,2.98223280906677,1.26066899299622,1.02063584327698,0.222324386239052,1.02063584327698,0.0744241327047348,3,RAISE_PD,30,1.34999990463257
160.419833,pitch,0,IDLE,-0.121901422739029,1,2.98223280906677,1.26066899299622,1.02063584327698,0.222324386239052,1.02063584327698,0.0744241327047348,3,RAISE_PD,30,1.34999990463257
160.459833,pitch,0,IDLE,-0.0897826552391052,1,2.98223280906677,1.26066899299622,1.02063584327698,0.222324386239052,1.02063584327698,0.0744241327047348,3,RAISE_PD,30,1.34999990463257
160.499833,pitch,0,IDLE,-0.0616910494863987,1,2.98223280906677,1.26066899299622,1.02063584327698,0.222324386239052,1.02063584327698,0.0744241327047348,3,RAISE_PD,30,1.34999990463257
160.539833,pitch,0,IDLE,-0.0407862327992916,1,2.98223280906677,1.26066899299622,1.02063584327698,0.222324386239052,1.02063584327698,0.0744241327047348,3,RAISE_PD,30,1.34999990463257
160.579833,pitch,0,IDLE,-0.0286342911422253,1,2.98223280906677,1.26066899299622,1.02063584327698,0.222324386239052,1.02063584327698,0.0744241327047348,3,RAISE_PD,30,1.34999990463257
160.619833,pitch,0,IDLE,-0.0246741268783808,1,2.98223280906677,1.26066899299622,1.02063584327698,0.222324386239052,1.02063584327698,0.0744241327047348,3,RAISE_PD,30,1.34999990463257
160.659833,pitch,0,IDLE,-0.0280037801712751,1,2.98223280906677,1.26066899299622,1.02063584327698,0.222324386239052,1.02063584327698,0.0744241327047348,3,RAISE_PD,30,1.34999990463257
160.699833,pitch,0,IDLE,-0.0360846780240536,1,2.98223280906677,1.26066899299622,1.02063584327698,0.222324386239052,1.02063584327698,0.0744241327047348,3,RAISE_PD,30,1.34999990463257
160.739833,pitch,0,IDLE,-0.0468702279031277,1,2.98223280906677,1.26066899299622,1.02063584327698,0.222324386239052,1.02063584327698,0.0744241327047348,3,RAISE_PD,30,1.34999990463257
160.779833,pitch,0,IDLE,-0.0579715929925442,1,2.98223280906677,1.26066899299622,1.02063584327698,0.222324386239052,1.02063584327698,0.0744241327047348,3,RAISE_PD,30,1.34999990463257
160.819833,pitch,0,IDLE,-0.0674467757344246,1,2.98223280906677,1.26066899299622,1.02063584327698,0.222324386239052,1.02063584327698,0.0744241327047348,3,RAISE_PD,30,1.34999990463257
160.859833,pitch,0,IDLE,-0.0771002322435379,1,2.98223280906677,1.26066899299622,1.02063584327698,0.222324386239052,1.02063584327698,0.0744241327047348,3,RAISE_PD,30,1.34999990463257
160.899833,pitch,0,IDLE,-0.084351547062397,1,2.98223280906677,1.26066899299622,1.02063584327698,0.222324386239052,1.02063584327698,0.0744241327047348,3,RAISE_PD,30,1.34999990463257
160.939833,pitch,0,IDLE,-0.0881891474127769,1,2.98223280906677,1.26066899299622,1.02063584327698,0.222324386239052,1.02063584327698,0.0744241327047348,3,RAISE_PD,30,1.34999990463257
160.979833,pitch,0,IDLE,-0.0884033963084221,1,2.98223280906677,1.26066899299622,1.02063584327698,0.222324386239052,1.02063584327698,0.0744241327047348,3,RAISE_PD,30,1.34999990463257
161.019833,pitch,0,IDLE,-0.0850915834307671,1,2.98223280906677,1.26066899299622,1.02063584327698,0.222324386239052,1.02063584327698,0.0744241327047348,3,RAISE_PD,30,1.34999990463257
161.059833,pitch,0,IDLE,-0.0787835717201233,1,2.98223280906677,1.26066899299622,1.02063584327698,0.222324386239052,1.02063584327698,0.0744241327047348,3,RAISE_PD,30,1.34999990463257
161.099833,pitch,0,IDLE,-0.070057287812233,1,2.98223280906677,1.26066899299622,1.02063584327698,0.222324386239052,1.02063584327698,0.0744241327047348,3,RAISE_PD,30,1.34999990463257
161.139833,pitch,0,IDLE,-0.0592745281755924,1,2.98223280906677,1.26066899299622,1.02063584327698,0.222324386239052,1.02063584327698,0.0744241327047348,3,RAISE_PD,30,1.34999990463257
161.179833,pitch,0,IDLE,-0.0470677427947521,1,2.98223280906677,1.26066899299622,1.02063584327698,0.222324386239052,1.02063584327698,0.0744241327047348,3,RAISE_PD,30,1.34999990463257
161.219833,pitch,0,IDLE,-0.034068301320076,1,2.98223280906677,1.26066899299622,1.02063584327698,0.222324386239052,1.02063584327698,0.0744241327047348,3,RAISE_PD,30,1.34999990463257
161.259833,pitch,0,IDLE,-0.0567520596086979,1,2.98223280906677,1.26066899299622,1.02063584327698,0.222324386239052,1.02063584327698,0.0744241327047348,3,RAISE_PD,30,1.34999990463257
161.299833,pitch,0,IDLE,-0.15364833176136,1,2.98223280906677,1.26066899299622,1.02063584327698,0.222324386239052,1.02063584327698,0.0744241327047348,3,RAISE_PD,30,1.34999990463257
161.339833,pitch,0,IDLE,-0.261529892683029,1,2.98223280906677,1.26066899299622,1.02063584327698,0.222324386239052,1.02063584327698,0.0744241327047348,3,RAISE_PD,30,1.34999990463257
161.379833,pitch,2,DEMAND_NEG,-0.365738719701767,1,2.98223280906677,1.26066899299622,1.02063584327698,0.222324386239052,1.02063584327698,0.0744241327047348,3,RAISE_PD,30,1.34999990463257
161.419833,pitch,2,DEMAND_NEG,-0.461595147848129,1,2.98223280906677,1.26066899299622,1.02063584327698,0.222324386239052,1.02063584327698,0.0744241327047348,3,RAISE_PD,30,1.34999990463257
161.459833,pitch,2,DEMAND_NEG,-0.546583235263824,1,2.98223280906677,1.26066899299622,1.02063584327698,0.222324386239052,1.02063584327698,0.0744241327047348,3,RAISE_PD,30,1.34999990463257
161.499833,pitch,2,DEMAND_NEG,-0.617331266403198,1,2.98223280906677,1.26066899299622,1.02063584327698,0.222324386239052,1.02063584327698,0.0744241327047348,3,RAISE_PD,30,1.34999990463257
161.539833,pitch,2,DEMAND_NEG,-0.671534597873688,1,2.98223280906677,1.26066899299622,1.02063584327698,0.222324386239052,1.02063584327698,0.0744241327047348,3,RAISE_PD,30,1.34999990463257
161.579833,pitch,2,DEMAND_NEG,-0.708622336387634,1,2.98223280906677,1.26066899299622,1.02063584327698,0.222324386239052,1.02063584327698,0.0744241327047348,3,RAISE_PD,30,1.34999990463257
161.619833,pitch,2,DEMAND_NEG,-0.730111122131348,1,2.98223280906677,1.26066899299622,1.02063584327698,0.222324386239052,1.02063584327698,0.0744241327047348,3,RAISE_PD,30,1.34999990463257
161.659833,pitch,2,DEMAND_NEG,-0.738455772399902,1,2.98223280906677,1.26066899299622,1.02063584327698,0.222324386239052,1.02063584327698,0.0744241327047348,3,RAISE_PD,30,1.34999990463257
161.699833,pitch,2,DEMAND_NEG,-0.736710131168365,1,3.05575060844421,1.26066899299622,1.02063584327698,0.222324386239052,1.02063584327698,0.0744241327047348,3,RAISE_PD,30,1.34999990463257
161.739833,pitch,2,DEMAND_NEG,-0.727544784545898,1,3.11271166801453,1.26066899299622,1.02063584327698,0.222324386239052,1.02063584327698,0.0744241327047348,3,RAISE_PD,30,1.34999990463257
161.779833,pitch,2,DEMAND_NEG,-0.713470637798309,1,3.15346431732178,1.26066899299622,1.02063584327698,0.222324386239052,1.02063584327698,0.0744241327047348,3,RAISE_PD,30,1.34999990463257
161.819833,pitch,2,DEMAND_NEG,-0.696018278598785,1,3.17974424362183,1.26066899299622,1.02063584327698,0.222324386239052,1.02063584327698,0.0744241327047348,3,RAISE_PD,30,1.34999990463257
161.859833,pitch,2,DEMAND_NEG,-0.676613807678223,1,3.19313287734985,1.26066899299622,1.02063584327698,0.222324386239052,1.02063584327698,0.0744241327047348,3,RAISE_PD,30,1.34999990463257
161.899833,pitch,2,DEMAND_NEG,-0.656878411769867,1,3.19544816017151,1.26066899299622,1.02063584327698,0.222324386239052,1.02063584327698,0.0744241327047348,3,RAISE_PD,30,1.34999990463257
161.939833,pitch,2,DEMAND_NEG,-0.637071967124939,1,3.19544816017151,1.26066899299622,1.02063584327698,0.222324386239052,1.02063584327698,0.0744241327047348,3,RAISE_PD,30,1.34999990463257
161.979833,pitch,2,DEMAND_NEG,-0.617631316184998,1,3.19544816017151,1.26066899299622,1.02063584327698,0.222324386239052,1.02063584327698,0.0744241327047348,3,RAISE_PD,30,1.34999990463257
162.019833,pitch,2,DEMAND_NEG,-0.599255919456482,1,3.19544816017151,1.26066899299622,1.02063584327698,0.222324386239052,1.02063584327698,0.0744241327047348,3,RAISE_PD,30,1.34999990463257
162.059833,pitch,2,DEMAND_NEG,-0.580853164196014,1,3.19544816017151,1.26066899299622,1.02063584327698,0.222324386239052,1.02063584327698,0.0744241327047348,3,RAISE_PD,30,1.34999990463257
162.099833,pitch,2,DEMAND_NEG,-0.56257826089859,1,3.19544816017151,1.26066899299622,1.02063584327698,0.222324386239052,1.02063584327698,0.0744241327047348,3,RAISE_PD,30,1.34999990463257
162.139833,pitch,2,DEMAND_NEG,-0.544238984584808,1,3.19544816017151,1.26066899299622,1.02063584327698,0.222324386239052,1.02063584327698,0.0744241327047348,3,RAISE_PD,30,1.34999990463257
162.179833,pitch,2,DEMAND_NEG,-0.52542644739151,1,3.19544816017151,1.26066899299622,1.02063584327698,0.222324386239052,1.02063584327698,0.0744241327047348,3,RAISE_PD,30,1.34999990463257
162.219833,pitch,2,DEMAND_NEG,-0.509034812450409,1,3.19544816017151,1.26066899299622,1.02063584327698,0.222324386239052,1.02063584327698,0.0744241327047348,3,RAISE_PD,30,1.34999990463257
162.259833,pitch,2,DEMAND_NEG,-0.492890536785126,1,3.19544816017151,1.26066899299622,1.02063584327698,0.222324386239052,1.02063584327698,0.0744241327047348,3,RAISE_PD,30,1.34999990463257
162.299833,pitch,2,DEMAND_NEG,-0.476227015256882,1,3.19544816017151,1.26066899299622,1.02063584327698,0.222324386239052,1.02063584327698,0.0744241327047348,3,RAISE_PD,30,1.34999990463257
162.339833,pitch,2,DEMAND_NEG,-0.458450227975845,1,3.19544816017151,1.26066899299622,1.02063584327698,0.222324386239052,1.02063584327698,0.0744241327047348,3,RAISE_PD,30,1.34999990463257
162.379833,pitch,2,DEMAND_NEG,-0.439699977636337,1,3.19544816017151,1.26066899299622,1.02063584327698,0.222324386239052,1.02063584327698,0.0744241327047348,3,RAISE_PD,30,1.34999990463257
162.419833,pitch,2,DEMAND_NEG,-0.422054082155228,1,3.19544816017151,1.26066899299622,1.02063584327698,0.222324386239052,1.02063584327698,0.0744241327047348,3,RAISE_PD,30,1.34999990463257
162.459833,pitch,2,DEMAND_NEG,-0.40807443857193,1,3.19544816017151,1.26066899299622,1.02063584327698,0.222324386239052,1.02063584327698,0.0744241327047348,3,RAISE_PD,30,1.34999990463257
162.499833,pitch,2,DEMAND_NEG,-0.400883436203003,1,3.19544816017151,1.26066899299622,1.02063584327698,0.222324386239052,1.02063584327698,0.0744241327047348,3,RAISE_PD,30,1.34999990463257
162.539833,pitch,2,DEMAND_NEG,-0.40143209695816,1,3.19544816017151,1.26066899299622,1.02063584327698,0.222324386239052,1.02063584327698,0.0744241327047348,3,RAISE_PD,30,1.34999990463257
162.579833,pitch,2,DEMAND_NEG,-0.408823639154434,1,3.19544816017151,1.26066899299622,1.02063584327698,0.222324386239052,1.02063584327698,0.0744241327047348,3,RAISE_PD,30,1.34999990463257
162.619833,pitch,2,DEMAND_NEG,-0.422203212976456,1,3.19544816017151,1.26066899299622,1.02063584327698,0.222324386239052,1.02063584327698,0.0744241327047348,3,RAISE_PD,30,1.34999990463257
162.659833,pitch,2,DEMAND_NEG,-0.439253121614456,1,3.19544816017151,1.26066899299622,1.02063584327698,0.222324386239052,1.02063584327698,0.0744241327047348,3,RAISE_PD,30,1.34999990463257
162.699833,pitch,2,DEMAND_NEG,-0.457983642816544,1,3.19544816017151,1.26066899299622,1.02063584327698,0.222324386239052,1.02063584327698,0.0744241327047348,3,RAISE_PD,30,1.34999990463257
162.739833,pitch,2,DEMAND_NEG,-0.47730427980423,1,3.19544816017151,1.26066899299622,1.02063584327698,0.222324386239052,1.02063584327698,0.0744241327047348,3,RAISE_PD,30,1.34999990463257
162.779833,pitch,2,DEMAND_NEG,-0.498752653598785,1,3.19544816017151,1.26066899299622,1.02063584327698,0.222324386239052,1.02063584327698,0.0744241327047348,3,RAISE_PD,30,1.34999990463257
162.819833,pitch,2,DEMAND_NEG,-0.51933765411377,1,3.19544816017151,1.26066899299622,1.02063584327698,0.222324386239052,1.02063584327698,0.0744241327047348,3,RAISE_PD,30,1.34999990463257
162.859833,pitch,2,DEMAND_NEG,-0.537793219089508,1,3.19544816017151,1.26066899299622,1.02063584327698,0.222324386239052,1.02063584327698,0.0744241327047348,3,RAISE_PD,30,1.34999990463257
162.899833,pitch,2,DEMAND_NEG,-0.553741812705994,1,3.19544816017151,1.26066899299622,1.02063584327698,0.222324386239052,1.02063584327698,0.0744241327047348,3,RAISE_PD,30,1.34999990463257
162.939833,pitch,2,DEMAND_NEG,-0.567045271396637,1,3.19544816017151,1.26066899299622,1.02063584327698,0.222324386239052,1.02063584327698,0.0744241327047348,3,RAISE_PD,30,1.34999990463257
162.979833,pitch,2,DEMAND_NEG,-0.57836639881134,1,3.19544816017151,1.26066899299622,1.02063584327698,0.222324386239052,1.02063584327698,0.0744241327047348,3,RAISE_PD,30,1.34999990463257
163.019833,pitch,2,DEMAND_NEG,-0.587582945823669,1,3.19544816017151,1.26066899299622,1.02063584327698,0.222324386239052,1.02063584327698,0.0744241327047348,3,RAISE_PD,30,1.34999990463257
163.059833,pitch,2,DEMAND_NEG,-0.595351040363312,1,3.19544816017151,1.26066899299622,1.02063584327698,0.222324386239052,1.02063584327698,0.0744241327047348,3,RAISE_PD,30,1.34999990463257
163.099833,pitch,2,DEMAND_NEG,-0.602288901805878,1,3.19544816017151,1.26066899299622,1.02063584327698,0.222324386239052,1.02063584327698,0.0744241327047348,3,RAISE_PD,30,1.34999990463257
163.139833,pitch,2,DEMAND_NEG,-0.608973503112793,1,3.19544816017151,1.26066899299622,1.02063584327698,0.222324386239052,1.02063584327698,0.0744241327047348,3,RAISE_PD,30,1.34999990463257
163.179833,pitch,2,DEMAND_NEG,-0.615573883056641,1,3.19544816017151,1.26066899299622,1.02063584327698,0.222324386239052,1.02063584327698,0.0744241327047348,3,RAISE_PD,30,1.34999990463257
163.219833,pitch,2,DEMAND_NEG,-0.622486650943756,1,3.19544816017151,1.26066899299622,1.02063584327698,0.222324386239052,1.02063584327698,0.0744241327047348,3,RAISE_PD,30,1.34999990463257
163.259833,pitch,2,DEMAND_NEG,-0.630113422870636,1,3.19544816017151,1.26066899299622,1.02063584327698,0.222324386239052,1.02063584327698,0.0744241327047348,3,RAISE_PD,30,1.34999990463257
163.299833,pitch,2,DEMAND_NEG,-0.638535976409912,1,3.19544816017151,1.26066899299622,1.02063584327698,0.222324386239052,1.02063584327698,0.0744241327047348,3,RAISE_PD,30,1.34999990463257
163.339833,pitch,2,DEMAND_NEG,-0.64754444360733,1,3.19544816017151,1.26066899299622,1.02063584327698,0.222324386239052,1.02063584327698,0.0744241327047348,3,RAISE_PD,30,1.34999990463257
163.379833,pitch,2,DEMAND_NEG,-0.655665397644043,1,3.19544816017151,1.26066899299622,1.02063584327698,0.222324386239052,1.02063584327698,0.0744241327047348,3,RAISE_PD,30,1.34999990463257
163.419833,pitch,2,DEMAND_NEG,-0.65966260433197,1,3.19544816017151,1.26066899299622,1.02063584327698,0.222324386239052,1.02063584327698,0.0744241327047348,3,RAISE_PD,30,1.34999990463257
163.459833,pitch,2,DEMAND_NEG,-0.658548653125763,1,3.19544816017151,1.26066899299622,1.02063584327698,0.222324386239052,1.02063584327698,0.0744241327047348,3,RAISE_PD,30,1.34999990463257
163.499833,pitch,2,DEMAND_NEG,-0.652360439300537,1,3.19544816017151,1.26066899299622,1.02063584327698,0.222324386239052,1.02063584327698,0.0744241327047348,3,RAISE_PD,30,1.34999990463257
163.539833,pitch,2,DEMAND_NEG,-0.639507830142975,1,3.19544816017151,1.26066899299622,1.02063584327698,0.222324386239052,1.02063584327698,0.0744241327047348,3,RAISE_PD,30,1.34999990463257
163.579833,pitch,2,DEMAND_NEG,-0.621214330196381,1,3.19544816017151,1.26066899299622,1.02063584327698,0.222324386239052,1.02063584327698,0.0744241327047348,3,RAISE_PD,30,1.34999990463257
163.619833,pitch,2,DEMAND_NEG,-0.599994361400604,1,3.19544816017151,1.26066899299622,1.02063584327698,0.222324386239052,1.02063584327698,0.0744241327047348,3,RAISE_PD,30,1.34999990463257
163.659833,pitch,2,DEMAND_NEG,-0.577454090118408,1,3.19544816017151,1.26066899299622,1.02063584327698,0.222324386239052,1.02063584327698,0.0744241327047348,3,RAISE_PD,30,1.34999990463257
163.699833,pitch,2,DEMAND_NEG,-0.554991185665131,1,3.19544816017151,1.26066899299622,1.02063584327698,0.222324386239052,1.02063584327698,0.0744241327047348,3,RAISE_PD,30,1.34999990463257
163.739833,pitch,2,DEMAND_NEG,-0.533692300319672,1,3.19544816017151,1.26066899299622,1.02063584327698,0.222324386239052,1.02063584327698,0.0744241327047348,3,RAISE_PD,30,1.34999990463257
163.779833,pitch,2,DEMAND_NEG,-0.514756381511688,1,3.19544816017151,1.26066899299622,1.02063584327698,0.222324386239052,1.02063584327698,0.0744241327047348,3,RAISE_PD,30,1.34999990463257
163.819833,pitch,2,DEMAND_NEG,-0.498681277036667,1,3.19544816017151,1.26066899299622,1.02063584327698,0.222324386239052,1.02063584327698,0.0744241327047348,3,RAISE_PD,30,1.34999990463257
163.859833,pitch,2,DEMAND_NEG,-0.485043346881866,1,3.19544816017151,1.26066899299622,1.02063584327698,0.222324386239052,1.02063584327698,0.0744241327047348,3,RAISE_PD,30,1.34999990463257
163.899833,pitch,2,DEMAND_NEG,-0.474383115768433,1,3.19544816017151,1.26066899299622,1.02063584327698,0.222324386239052,1.02063584327698,0.0744241327047348,3,RAISE_PD,30,1.34999990463257
163.939833,pitch,2,DEMAND_NEG,-0.466318815946579,1,3.19544816017151,1.26066899299622,1.02063584327698,0.222324386239052,1.02063584327698,0.0744241327047348,3,RAISE_PD,30,1.34999990463257
163.979833,pitch,0,IDLE,-0.373962014913559,1,1,0.825904607772827,1.02063584327698,0.289021700620651,1.02063584327698,0.0744241327047348,3,RAISE_PD,30,1.34999990463257
164.019833,pitch,0,IDLE,-0.251081198453903,1,1.14845490455627,0.825904607772827,1.02063584327698,0.289021700620651,1.02063584327698,0.0744241327047348,3,RAISE_PD,30,1.34999990463257
164.059833,pitch,0,IDLE,-0.129405915737152,1,1.39778995513916,0.825904607772827,1.02063584327698,0.289021700620651,1.02063584327698,0.0744241327047348,3,RAISE_PD,30,1.34999990463257
164.099833,pitch,0,IDLE,-0.01991181448102,1,1.63937568664551,0.825904607772827,1.02063584327698,0.289021700620651,1.02063584327698,0.0744241327047348,3,RAISE_PD,30,1.34999990463257
164.139833,pitch,0,IDLE,0.0725542455911636,1,1.86381530761719,0.825904607772827,1.02063584327698,0.289021700620651,1.02063584327698,0.0744241327047348,3,RAISE_PD,30,1.34999990463257
164.179833,pitch,0,IDLE,0.146077513694763,1,2.07065868377686,0.825904607772827,1.02063584327698,0.289021700620651,1.02063584327698,0.0744241327047348,3,RAISE_PD,30,1.34999990463257
164.219833,pitch,0,IDLE,0.201161116361618,1,2.26128554344177,0.825904607772827,1.02063584327698,0.289021700620651,1.02063584327698,0.0744241327047348,3,RAISE_PD,30,1.34999990463257
164.259833,pitch,0,IDLE,0.240014404058456,1,2.43696713447571,0.825904607772827,1.02063584327698,0.289021700620651,1.02063584327698,0.0744241327047348,3,RAISE_PD,30,1.34999990463257
164.299833,pitch,0,IDLE,0.265269637107849,1,2.59048557281494,0.825904607772827,1.02063584327698,0.289021700620651,1.02063584327698,0.0744241327047348,3,RAISE_PD,30,1.34999990463257
164.339833,pitch,0,IDLE,0.2799431681633,1,2.72122573852539,0.825904607772827,1.02063584327698,0.289021700620651,1.02063584327698,0.0744241327047348,3,RAISE_PD,30,1.34999990463257
164.379833,pitch,0,IDLE,0.283622950315475,1,2.8313992023468,0.825904607772827,1.02063584327698,0.289021700620651,1.02063584327698,0.0744241327047348,3,RAISE_PD,30,1.34999990463257
164.419833,pitch,0,IDLE,0.280842304229736,1,2.922278881073,0.825904607772827,1.02063584327698,0.289021700620651,1.02063584327698,0.0744241327047348,3,RAISE_PD,30,1.34999990463257
164.459833,pitch,0,IDLE,0.274072229862213,1,2.99364423751831,0.825904607772827,1.02063584327698,0.289021700620651,1.02063584327698,0.0744241327047348,3,RAISE_PD,30,1.34999990463257
164.499833,pitch,0,IDLE,0.265191227197647,1,3.04751586914062,0.825904607772827,1.02063584327698,0.289021700620651,1.02063584327698,0.0744241327047348,3,RAISE_PD,30,1.34999990463257
164.539833,pitch,0,IDLE,0.254956364631653,1,3.08573627471924,0.825904607772827,1.02063584327698,0.289021700620651,1.02063584327698,0.0744241327047348,3,RAISE_PD,30,1.34999990463257
164.579833,pitch,0,IDLE,0.243874415755272,1,3.1099853515625,0.825904607772827,1.02063584327698,0.289021700620651,1.02063584327698,0.0744241327047348,3,RAISE_PD,30,1.34999990463257
164.619833,pitch,0,IDLE,0.232510060071945,1,3.12179279327393,0.825904607772827,1.02063584327698,0.289021700620651,1.02063584327698,0.0744241327047348,3,RAISE_PD,30,1.34999990463257
164.659833,pitch,0,IDLE,0.220819666981697,1,3.1234712600708,0.825904607772827,1.02063584327698,0.289021700620651,1.02063584327698,0.0744241327047348,3,RAISE_PD,30,1.34999990463257
164.699833,pitch,0,IDLE,0.208698302507401,1,3.1234712600708,0.825904607772827,1.02063584327698,0.289021700620651,1.02063584327698,0.0744241327047348,3,RAISE_PD,30,1.34999990463257
164.739833,pitch,0,IDLE,0.19585245847702,1,3.1234712600708,0.825904607772827,1.02063584327698,0.289021700620651,1.02063584327698,0.0744241327047348,3,RAISE_PD,30,1.34999990463257
164.779833,pitch,0,IDLE,0.181972816586494,1,3.1234712600708,0.825904607772827,1.02063584327698,0.289021700620651,1.02063584327698,0.0744241327047348,3,RAISE_PD,30,1.34999990463257
164.819833,pitch,0,IDLE,0.167315557599068,1,3.1234712600708,0.825904607772827,1.02063584327698,0.289021700620651,1.02063584327698,0.0744241327047348,3,RAISE_PD,30,1.34999990463257
164.859833,pitch,0,IDLE,0.15142297744751,1,3.1234712600708,0.825904607772827,1.02063584327698,0.289021700620651,1.02063584327698,0.0744241327047348,3,RAISE_PD,30,1.34999990463257
164.899833,pitch,0,IDLE,0.134320959448814,1,3.1234712600708,0.825904607772827,1.02063584327698,0.289021700620651,1.02063584327698,0.0744241327047348,3,RAISE_PD,30,1.34999990463257
164.939833,pitch,0,IDLE,0.115930587053299,1,3.1234712600708,0.825904607772827,1.02063584327698,0.289021700620651,1.02063584327698,0.0744241327047348,3,RAISE_PD,30,1.34999990463257
164.979833,pitch,0,IDLE,0.0962115079164505,1,3.1234712600708,0.825904607772827,1.02063584327698,0.289021700620651,1.02063584327698,0.0744241327047348,3,RAISE_PD,30,1.34999990463257
165.019833,pitch,0,IDLE,0.0759144499897957,1,3.1234712600708,0.825904607772827,1.02063584327698,0.289021700620651,1.02063584327698,0.0744241327047348,3,RAISE_PD,30,1.34999990463257
165.059833,pitch,0,IDLE,0.0544727444648743,1,3.1234712600708,0.825904607772827,1.02063584327698,0.289021700620651,1.02063584327698,0.0744241327047348,3,RAISE_PD,30,1.34999990463257
165.099833,pitch,0,IDLE,0.0323300547897816,1,3.1234712600708,0.825904607772827,1.02063584327698,0.289021700620651,1.02063584327698,0.0744241327047348,3,RAISE_PD,30,1.34999990463257
165.139833,pitch,0,IDLE,0.00941048935055733,1,3.1234712600708,0.825904607772827,1.02063584327698,0.289021700620651,1.02063584327698,0.0744241327047348,3,RAISE_PD,30,1.34999990463257
165.179833,pitch,0,IDLE,-0.014163919724524,1,3.1234712600708,0.825904607772827,1.02063584327698,0.289021700620651,1.02063584327698,0.0744241327047348,3,RAISE_PD,30,1.34999990463257
165.219833,pitch,0,IDLE,-0.038227915763855,1,3.1234712600708,0.825904607772827,1.02063584327698,0.289021700620651,1.02063584327698,0.0744241327047348,3,RAISE_PD,30,1.34999990463257
165.259833,pitch,0,IDLE,-0.0628698468208313,1,3.1234712600708,0.825904607772827,1.02063584327698,0.289021700620651,1.02063584327698,0.0744241327047348,3,RAISE_PD,30,1.34999990463257
165.299833,pitch,0,IDLE,-0.0867990106344223,1,3.1234712600708,0.825904607772827,1.02063584327698,0.289021700620651,1.02063584327698,0.0744241327047348,3,RAISE_PD,30,1.34999990463257
165.339833,pitch,0,IDLE,-0.107708670198917,1,3.1234712600708,0.825904607772827,1.02063584327698,0.289021700620651,1.02063584327698,0.0744241327047348,3,RAISE_PD,30,1.34999990463257
165.379833,pitch,0,IDLE,-0.122754476964474,1,3.1234712600708,0.825904607772827,1.02063584327698,0.289021700620651,1.02063584327698,0.0744241327047348,3,RAISE_PD,30,1.34999990463257
165.419833,pitch,0,IDLE,-0.12943272292614,1,3.1234712600708,0.825904607772827,1.02063584327698,0.289021700620651,1.02063584327698,0.0744241327047348,3,RAISE_PD,30,1.34999990463257
165.459833,pitch,0,IDLE,-0.127765536308289,1,3.1234712600708,0.825904607772827,1.02063584327698,0.289021700620651,1.02063584327698,0.0744241327047348,3,RAISE_PD,30,1.34999990463257
165.499833,pitch,0,IDLE,-0.118608236312866,1,3.1234712600708,0.825904607772827,1.02063584327698,0.289021700620651,1.02063584327698,0.0744241327047348,3,RAISE_PD,30,1.34999990463257
165.539833,pitch,0,IDLE,-0.104046106338501,1,3.1234712600708,0.825904607772827,1.02063584327698,0.289021700620651,1.02063584327698,0.0744241327047348,3,RAISE_PD,30,1.34999990463257
165.579833,pitch,0,IDLE,-0.0513470061123371,1,3.1234712600708,0.825904607772827,1.02063584327698,0.289021700620651,1.02063584327698,0.0744241327047348,3,RAISE_PD,30,1.34999990463257
165.619833,pitch,0,IDLE,0.0770363062620163,1,3.1234712600708,0.825904607772827,1.02063584327698,0.289021700620651,1.02063584327698,0.0744241327047348,3,RAISE_PD,30,1.34999990463257
165.659833,pitch,0,IDLE,0.219271868467331,1,3.1234712600708,0.825904607772827,1.02063584327698,0.289021700620651,1.02063584327698,0.0744241327047348,3,RAISE_PD,30,1.34999990463257
165.699833,pitch,1,DEMAND_POS,0.354067206382751,1,3.1234712600708,0.825904607772827,1.02063584327698,0.289021700620651,1.02063584327698,0.0744241327047348,3,RAISE_PD,30,1.34999990463257
165.739833,pitch,1,DEMAND_POS,0.4722680747509,1,3.1234712600708,0.825904607772827,1.02063584327698,0.289021700620651,1.02063584327698,0.0744241327047348,3,RAISE_PD,30,1.34999990463257
165.779833,pitch,1,DEMAND_POS,0.569775104522705,1,3.1234712600708,0.825904607772827,1.02063584327698,0.289021700620651,1.02063584327698,0.0744241327047348,3,RAISE_PD,30,1.34999990463257
165.819833,pitch,1,DEMAND_POS,0.646036207675934,1,3.1234712600708,0.825904607772827,1.02063584327698,0.289021700620651,1.02063584327698,0.0744241327047348,3,RAISE_PD,30,1.34999990463257
165.859833,pitch,1,DEMAND_POS,0.70212709903717,1,3.1234712600708,0.825904607772827,1.02063584327698,0.289021700620651,1.02063584327698,0.0744241327047348,3,RAISE_PD,30,1.34999990463257
165.899833,pitch,1,DEMAND_POS,0.741107285022736,1,3.1234712600708,0.825904607772827,1.02063584327698,0.289021700620651,1.02063584327698,0.0744241327047348,3,RAISE_PD,30,1.34999990463257
165.939833,pitch,1,DEMAND_POS,0.7660853266716,1,3.1234712600708,0.825904607772827,1.02063584327698,0.289021700620651,1.02063584327698,0.0744241327047348,3,RAISE_PD,30,1.34999990463257
165.979833,pitch,1,DEMAND_POS,0.780148446559906,1,3.14254784584045,0.825904607772827,1.02063584327698,0.289021700620651,1.02063584327698,0.0744241327047348,3,RAISE_PD,30,1.34999990463257
166.019833,pitch,1,DEMAND_POS,0.786188781261444,1,3.23149418830872,0.825904607772827,1.02063584327698,0.289021700620651,1.02063584327698,0.0744241327047348,3,RAISE_PD,30,1.34999990463257
166.059833,pitch,1,DEMAND_POS,0.786929070949554,1,3.30256080627441,0.825904607772827,1.02063584327698,0.289021700620651,1.02063584327698,0.0744241327047348,3,RAISE_PD,30,1.34999990463257
166.099833,pitch,1,DEMAND_POS,0.784018993377686,1,3.35520887374878,0.825904607772827,1.02063584327698,0.289021700620651,1.02063584327698,0.0744241327047348,3,RAISE_PD,30,1.34999990463257
166.139833,pitch,1,DEMAND_POS,0.779237389564514,1,3.39139127731323,0.825904607772827,1.02063584327698,0.289021700620651,1.02063584327698,0.0744241327047348,3,RAISE_PD,30,1.34999990463257
166.179833,pitch,1,DEMAND_POS,0.773368179798126,1,3.41288757324219,0.825904607772827,1.02063584327698,0.289021700620651,1.02063584327698,0.0744241327047348,3,RAISE_PD,30,1.34999990463257
166.219833,pitch,1,DEMAND_POS,0.767161011695862,1,3.42131805419922,0.825904607772827,1.02063584327698,0.289021700620651,1.02063584327698,0.0744241327047348,3,RAISE_PD,30,1.34999990463257
166.259833,pitch,1,DEMAND_POS,0.760673761367798,1,3.42131805419922,0.825904607772827,1.02063584327698,0.289021700620651,1.02063584327698,0.0744241327047348,3,RAISE_PD,30,1.34999990463257
166.299833,pitch,1,DEMAND_POS,0.754086911678314,1,3.42131805419922,0.825904607772827,1.02063584327698,0.289021700620651,1.02063584327698,0.0744241327047348,3,RAISE_PD,30,1.34999990463257
166.339833,pitch,1,DEMAND_POS,0.747760355472565,1,3.42131805419922,0.825904607772827,1.02063584327698,0.289021700620651,1.02063584327698,0.0744241327047348,3,RAISE_PD,30,1.34999990463257
166.379833,pitch,1,DEMAND_POS,0.741308689117432,1,3.42131805419922,0.825904607772827,1.02063584327698,0.289021700620651,1.02063584327698,0.0744241327047348,3,RAISE_PD,30,1.34999990463257
166.419833,pitch,1,DEMAND_POS,0.733921945095062,1,3.42131805419922,0.825904607772827,1.02063584327698,0.289021700620651,1.02063584327698,0.0744241327047348,3,RAISE_PD,30,1.34999990463257
166.459833,pitch,1,DEMAND_POS,0.726295650005341,1,3.42131805419922,0.825904607772827,1.02063584327698,0.289021700620651,1.02063584327698,0.0744241327047348,3,RAISE_PD,30,1.34999990463257
166.499833,pitch,1,DEMAND_POS,0.718153953552246,1,3.42131805419922,0.825904607772827,1.02063584327698,0.289021700620651,1.02063584327698,0.0744241327047348,3,RAISE_PD,30,1.34999990463257
166.539833,pitch,1,DEMAND_POS,0.709575414657593,1,3.42131805419922,0.825904607772827,1.02063584327698,0.289021700620651,1.02063584327698,0.0744241327047348,3,RAISE_PD,30,1.34999990463257
166.579833,pitch,1,DEMAND_POS,0.700291037559509,1,3.42131805419922,0.825904607772827,1.02063584327698,0.289021700620651,1.02063584327698,0.0744241327047348,3,RAISE_PD,30,1.34999990463257
166.619833,pitch,1,DEMAND_POS,0.69009804725647,1,3.42131805419922,0.825904607772827,1.02063584327698,0.289021700620651,1.02063584327698,0.0744241327047348,3,RAISE_PD,30,1.34999990463257
166.659833,pitch,1,DEMAND_POS,0.680052220821381,1,3.42131805419922,0.825904607772827,1.02063584327698,0.289021700620651,1.02063584327698,0.0744241327047348,3,RAISE_PD,30,1.34999990463257
166.699833,pitch,1,DEMAND_POS,0.670509397983551,1,3.42131805419922,0.825904607772827,1.02063584327698,0.289021700620651,1.02063584327698,0.0744241327047348,3,RAISE_PD,30,1.34999990463257
166.739833,pitch,1,DEMAND_POS,0.662556946277618,1,3.42131805419922,0.825904607772827,1.02063584327698,0.289021700620651,1.02063584327698,0.0744241327047348,3,RAISE_PD,30,1.34999990463257
166.779833,pitch,1,DEMAND_POS,0.654458045959473,1,3.42131805419922,0.825904607772827,1.02063584327698,0.289021700620651,1.02063584327698,0.0744241327047348,3,RAISE_PD,30,1.34999990463257
166.819833,pitch,1,DEMAND_POS,0.645486533641815,1,3.42131805419922,0.825904607772827,1.02063584327698,0.289021700620651,1.02063584327698,0.0744241327047348,3,RAISE_PD,30,1.34999990463257
166.859833,pitch,1,DEMAND_POS,0.636281907558441,1,3.42131805419922,0.825904607772827,1.02063584327698,0.289021700620651,1.02063584327698,0.0744241327047348,3,RAISE_PD,30,1.34999990463257
166.899833,pitch,1,DEMAND_POS,0.626779317855835,1,3.42131805419922,0.825904607772827,1.02063584327698,0.289021700620651,1.02063584327698,0.0744241327047348,3,RAISE_PD,30,1.34999990463257
166.939833,pitch,1,DEMAND_POS,0.61689305305481,1,3.42131805419922,0.825904607772827,1.02063584327698,0.289021700620651,1.02063584327698,0.0744241327047348,3,RAISE_PD,30,1.34999990463257
166.979833,pitch,1,DEMAND_POS,0.606813848018646,1,3.42131805419922,0.825904607772827,1.02063584327698,0.289021700620651,1.02063584327698,0.0744241327047348,3,RAISE_PD,30,1.34999990463257
167.019833,pitch,1,DEMAND_POS,0.596556127071381,1,3.42131805419922,0.825904607772827,1.02063584327698,0.289021700620651,1.02063584327698,0.0744241327047348,3,RAISE_PD,30,1.34999990463257
167.059833,pitch,1,DEMAND_POS,0.586653828620911,1,3.42131805419922,0.825904607772827,1.02063584327698,0.289021700620651,1.02063584327698,0.0744241327047348,3,RAISE_PD,30,1.34999990463257
167.099833,pitch,1,DEMAND_POS,0.576654613018036,1,3.42131805419922,0.825904607772827,1.02063584327698,0.289021700620651,1.02063584327698,0.0744241327047348,3,RAISE_PD,30,1.34999990463257
167.139833,pitch,1,DEMAND_POS,0.566882252693176,1,3.42131805419922,0.825904607772827,1.02063584327698,0.289021700620651,1.02063584327698,0.0744241327047348,3,RAISE_PD,30,1.34999990463257
167.179833,pitch,1,DEMAND_POS,0.557350158691406,1,3.42131805419922,0.825904607772827,1.02063584327698,0.289021700620651,1.02063584327698,0.0744241327047348,3,RAISE_PD,30,1.34999990463257
167.219833,pitch,1,DEMAND_POS,0.548032164573669,1,3.42131805419922,0.825904607772827,1.02063584327698,0.289021700620651,1.02063584327698,0.0744241327047348,3,RAISE_PD,30,1.34999990463257
167.259833,pitch,1,DEMAND_POS,0.53934782743454,1,3.42131805419922,0.825904607772827,1.02063584327698,0.289021700620651,1.02063584327698,0.0744241327047348,3,RAISE_PD,30,1.34999990463257
167.299833,pitch,1,DEMAND_POS,0.530993044376373,1,3.42131805419922,0.825904607772827,1.02063584327698,0.289021700620651,1.02063584327698,0.0744241327047348,3,RAISE_PD,30,1.34999990463257
167.339833,pitch,1,DEMAND_POS,0.523461580276489,1,3.42131805419922,0.825904607772827,1.02063584327698,0.289021700620651,1.02063584327698,0.0744241327047348,3,RAISE_PD,30,1.34999990463257
167.379833,pitch,1,DEMAND_POS,0.519760251045227,1,3.42131805419922,0.825904607772827,1.02063584327698,0.289021700620651,1.02063584327698,0.0744241327047348,3,RAISE_PD,30,1.34999990463257
167.419833,pitch,1,DEMAND_POS,0.51734471321106,1,3.42131805419922,0.825904607772827,1.02063584327698,0.289021700620651,1.02063584327698,0.0744241327047348,3,RAISE_PD,30,1.34999990463257
167.459833,pitch,1,DEMAND_POS,0.515386760234833,1,3.42131805419922,0.825904607772827,1.02063584327698,0.289021700620651,1.02063584327698,0.0744241327047348,3,RAISE_PD,30,1.34999990463257
167.499833,pitch,1,DEMAND_POS,0.513234615325928,1,3.42131805419922,0.825904607772827,1.02063584327698,0.289021700620651,1.02063584327698,0.0744241327047348,3,RAISE_PD,30,1.34999990463257
167.539833,pitch,1,DEMAND_POS,0.511388123035431,1,3.42131805419922,0.825904607772827,1.02063584327698,0.289021700620651,1.02063584327698,0.0744241327047348,3,RAISE_PD,30,1.34999990463257
167.579833,pitch,1,DEMAND_POS,0.509692668914795,1,3.42131805419922,0.825904607772827,1.02063584327698,0.289021700620651,1.02063584327698,0.0744241327047348,3,RAISE_PD,30,1.34999990463257
167.619833,pitch,1,DEMAND_POS,0.50778204202652,1,3.42131805419922,0.825904607772827,1.02063584327698,0.289021700620651,1.02063584327698,0.0744241327047348,3,RAISE_PD,30,1.34999990463257
167.659833,pitch,1,DEMAND_POS,0.506243288516998,1,3.42131805419922,0.825904607772827,1.02063584327698,0.289021700620651,1.02063584327698,0.0744241327047348,3,RAISE_PD,30,1.34999990463257
167.699833,pitch,1,DEMAND_POS,0.504748344421387,1,3.42131805419922,0.825904607772827,1.02063584327698,0.289021700620651,1.02063584327698,0.0744241327047348,3,RAISE_PD,30,1.34999990463257
167.739833,pitch,1,DEMAND_POS,0.503260672092438,1,3.42131805419922,0.825904607772827,1.02063584327698,0.289021700620651,1.02063584327698,0.0744241327047348,3,RAISE_PD,30,1.34999990463257
167.779833,pitch,1,DEMAND_POS,0.502188861370087,1,3.42131805419922,0.825904607772827,1.02063584327698,0.289021700620651,1.02063584327698,0.0744241327047348,3,RAISE_PD,30,1.34999990463257
167.819833,pitch,1,DEMAND_POS,0.500835299491882,1,3.42131805419922,0.825904607772827,1.02063584327698,0.289021700620651,1.02063584327698,0.0744241327047348,3,RAISE_PD,30,1.34999990463257
167.859833,pitch,1,DEMAND_POS,0.499917060136795,1,3.42131805419922,0.825904607772827,1.02063584327698,0.289021700620651,1.02063584327698,0.0744241327047348,3,RAISE_PD,30,1.34999990463257
167.899833,pitch,1,DEMAND_POS,0.499504595994949,1,3.42131805419922,0.825904607772827,1.02063584327698,0.289021700620651,1.02063584327698,0.0744241327047348,3,RAISE_PD,30,1.34999990463257
167.939833,pitch,1,DEMAND_POS,0.498944073915482,1,3.42131805419922,0.825904607772827,1.02063584327698,0.289021700620651,1.02063584327698,0.0744241327047348,3,RAISE_PD,30,1.34999990463257
167.979833,pitch,1,DEMAND_POS,0.498664319515228,1,3.42131805419922,0.825904607772827,1.02063584327698,0.289021700620651,1.02063584327698,0.0744241327047348,3,RAISE_PD,30,1.34999990463257
168.019833,pitch,1,DEMAND_POS,0.501305878162384,1,3.42131805419922,0.825904607772827,1.02063584327698,0.289021700620651,1.02063584327698,0.0744241327047348,3,RAISE_PD,30,1.34999990463257
168.059833,pitch,1,DEMAND_POS,0.505384027957916,1,3.42131805419922,0.825904607772827,1.02063584327698,0.289021700620651,1.02063584327698,0.0744241327047348,3,RAISE_PD,30,1.34999990463257
168.099833,pitch,1,DEMAND_POS,0.50993400812149,1,3.42131805419922,0.825904607772827,1.02063584327698,0.289021700620651,1.02063584327698,0.0744241327047348,3,RAISE_PD,30,1.34999990463257
168.139833,pitch,1,DEMAND_POS,0.5148024559021,1,3.42131805419922,0.825904607772827,1.02063584327698,0.289021700620651,1.02063584327698,0.0744241327047348,3,RAISE_PD,30,1.34999990463257
168.179833,pitch,1,DEMAND_POS,0.519715487957001,1,3.42131805419922,0.825904607772827,1.02063584327698,0.289021700620651,1.02063584327698,0.0744241327047348,3,RAISE_PD,30,1.34999990463257
168.219833,pitch,1,DEMAND_POS,0.524537444114685,1,3.42131805419922,0.825904607772827,1.02063584327698,0.289021700620651,1.02063584327698,0.0744241327047348,3,RAISE_PD,30,1.34999990463257
168.259833,pitch,1,DEMAND_POS,0.529462873935699,1,3.42131805419922,0.825904607772827,1.02063584327698,0.289021700620651,1.02063584327698,0.0744241327047348,3,RAISE_PD,30,1.34999990463257
168.299833,pitch,0,IDLE,0.448013663291931,1,1,1.31445145606995,1.02063584327698,0.375728189945221,1.02063584327698,0.0744241327047348,3,RAISE_PD,30,1.34999990463257
168.339833,pitch,0,IDLE,0.333668828010559,1,1,1.31445145606995,1.02063584327698,0.375728189945221,1.02063584327698,0.0744241327047348,3,RAISE_PD,30,1.34999990463257
168.379833,pitch,0,IDLE,0.216260015964508,1,1.25608849525452,1.31445145606995,1.02063584327698,0.375728189945221,1.02063584327698,0.0744241327047348,3,RAISE_PD,30,1.34999990463257
168.419833,pitch,0,IDLE,0.104279786348343,1,1.50159275531769,1.31445145606995,1.02063584327698,0.375728189945221,1.02063584327698,0.0744241327047348,3,RAISE_PD,30,1.34999990463257
168.459833,pitch,0,IDLE,0.00149184465408325,1,1.72784960269928,1.31445145606995,1.02063584327698,0.375728189945221,1.02063584327698,0.0744241327047348,3,RAISE_PD,30,1.34999990463257
168.499833,pitch,0,IDLE,-0.0909077599644661,1,1.93636786937714,1.31445145606995,1.02063584327698,0.375728189945221,1.02063584327698,0.0744241327047348,3,RAISE_PD,30,1.34999990463257
168.539833,pitch,0,IDLE,-0.1717619150877,1,2.12853813171387,1.31445145606995,1.02063584327698,0.375728189945221,1.02063584327698,0.0744241327047348,3,RAISE_PD,30,1.34999990463257
168.579833,pitch,0,IDLE,-0.238557577133179,1,2.3056423664093,1.31445145606995,1.02063584327698,0.375728189945221,1.02063584327698,0.0744241327047348,3,RAISE_PD,30,1.34999990463257
168.619833,pitch,0,IDLE,-0.288640081882477,1,2.45998692512512,1.31445145606995,1.02063584327698,0.375728189945221,1.02063584327698,0.0744241327047348,3,RAISE_PD,30,1.34999990463257
168.659833,pitch,0,IDLE,-0.32090699672699,1,2.5908682346344,1.31445145606995,1.02063584327698,0.375728189945221,1.02063584327698,0.0744241327047348,3,RAISE_PD,30,1.34999990463257
168.699833,pitch,0,IDLE,-0.33535447716713,1,2.70008420944214,1.31445145606995,1.02063584327698,0.375728189945221,1.02063584327698,0.0744241327047348,3,RAISE_PD,30,1.34999990463257
168.739833,pitch,0,IDLE,-0.333718746900558,1,2.78836894035339,1.31445145606995,1.02063584327698,0.375728189945221,1.02063584327698,0.0744241327047348,3,RAISE_PD,30,1.34999990463257
168.779833,pitch,0,IDLE,-0.318579405546188,1,2.85785341262817,1.31445145606995,1.02063584327698,0.375728189945221,1.02063584327698,0.0744241327047348,3,RAISE_PD,30,1.34999990463257
168.819833,pitch,0,IDLE,-0.293102204799652,1,2.91048192977905,1.31445145606995,1.02063584327698,0.375728189945221,1.02063584327698,0.0744241327047348,3,RAISE_PD,30,1.34999990463257
168.859833,pitch,0,IDLE,-0.259323745965958,1,2.94802761077881,1.31445145606995,1.02063584327698,0.375728189945221,1.02063584327698,0.0744241327047348,3,RAISE_PD,30,1.34999990463257
168.899833,pitch,0,IDLE,-0.219009816646576,1,2.97210693359375,1.31445145606995,1.02063584327698,0.375728189945221,1.02063584327698,0.0744241327047348,3,RAISE_PD,30,1.34999990463257
168.939833,pitch,0,IDLE,-0.175969004631042,1,2.98419213294983,1.31445145606995,1.02063584327698,0.375728189945221,1.02063584327698,0.0744241327047348,3,RAISE_PD,30,1.34999990463257
168.979833,pitch,0,IDLE,-0.132453843951225,1,2.98616075515747,1.31445145606995,1.02063584327698,0.375728189945221,1.02063584327698,0.0744241327047348,3,RAISE_PD,30,1.34999990463257
169.019833,pitch,0,IDLE,-0.0904603004455566,1,2.98616075515747,1.31445145606995,1.02063584327698,0.375728189945221,1.02063584327698,0.0744241327047348,3,RAISE_PD,30,1.34999990463257
169.059833,pitch,0,IDLE,-0.0546314790844917,1,2.98616075515747,1.31445145606995,1.02063584327698,0.375728189945221,1.02063584327698,0.0744241327047348,3,RAISE_PD,30,1.34999990463257
169.099833,pitch,0,IDLE,-0.0278531089425087,1,2.98616075515747,1.31445145606995,1.02063584327698,0.375728189945221,1.02063584327698,0.0744241327047348,3,RAISE_PD,30,1.34999990463257
169.139833,pitch,0,IDLE,-0.0121336923912168,1,2.98616075515747,1.31445145606995,1.02063584327698,0.375728189945221,1.02063584327698,0.0744241327047348,3,RAISE_PD,30,1.34999990463257
169.179833,pitch,0,IDLE,-0.00688474299386144,1,2.98616075515747,1.31445145606995,1.02063584327698,0.375728189945221,1.02063584327698,0.0744241327047348,3,RAISE_PD,30,1.34999990463257
169.219833,pitch,0,IDLE,-0.00985793583095074,1,2.98616075515747,1.31445145606995,1.02063584327698,0.375728189945221,1.02063584327698,0.0744241327047348,3,RAISE_PD,30,1.34999990463257
169.259833,pitch,0,IDLE,-0.0192906074225903,1,2.98616075515747,1.31445145606995,1.02063584327698,0.375728189945221,1.02063584327698,0.0744241327047348,3,RAISE_PD,30,1.34999990463257
169.299833,pitch,0,IDLE,-0.0322602018713951,1,2.98616075515747,1.31445145606995,1.02063584327698,0.375728189945221,1.02063584327698,0.0744241327047348,3,RAISE_PD,30,1.34999990463257
169.339833,pitch,0,IDLE,-0.0468753278255463,1,2.98616075515747,1.31445145606995,1.02063584327698,0.375728189945221,1.02063584327698,0.0744241327047348,3,RAISE_PD,30,1.34999990463257
169.379833,pitch,0,IDLE,-0.0610732287168503,1,2.98616075515747,1.31445145606995,1.02063584327698,0.375728189945221,1.02063584327698,0.0744241327047348,3,RAISE_PD,30,1.34999990463257
169.419833,pitch,0,IDLE,-0.0731093659996986,1,2.98616075515747,1.31445145606995,1.02063584327698,0.375728189945221,1.02063584327698,0.0744241327047348,3,RAISE_PD,30,1.34999990463257
169.459833,pitch,0,IDLE,-0.0824457183480263,1,2.98616075515747,1.31445145606995,1.02063584327698,0.375728189945221,1.02063584327698,0.0744241327047348,3,RAISE_PD,30,1.34999990463257
169.499833,pitch,0,IDLE,-0.0882090404629707,1,2.98616075515747,1.31445145606995,1.02063584327698,0.375728189945221,1.02063584327698,0.0744241327047348,3,RAISE_PD,30,1.34999990463257
169.539833,pitch,0,IDLE,-0.0902044326066971,1,2.98616075515747,1.31445145606995,1.02063584327698,0.375728189945221,1.02063584327698,0.0744241327047348,3,RAISE_PD,30,1.34999990463257
169.579833,pitch,0,IDLE,-0.0887148901820183,1,2.98616075515747,1.31445145606995,1.02063584327698,0.375728189945221,1.02063584327698,0.0744241327047348,3,RAISE_PD,30,1.34999990463257
169.619833,pitch,0,IDLE,-0.084231398999691,1,2.98616075515747,1.31445145606995,1.02063584327698,0.375728189945221,1.02063584327698,0.0744241327047348,3,RAISE_PD,30,1.34999990463257
169.659833,pitch,0,IDLE,-0.0783106461167336,1,2.98616075515747,1.31445145606995,1.02063584327698,0.375728189945221,1.02063584327698,0.0744241327047348,3,RAISE_PD,30,1.34999990463257
169.699833,pitch,0,IDLE,-0.072565846145153,1,2.98616075515747,1.31445145606995,1.02063584327698,0.375728189945221,1.02063584327698,0.0744241327047348,3,RAISE_PD,30,1.34999990463257
169.739833,pitch,0,IDLE,-0.0655690059065819,1,2.98616075515747,1.31445145606995,1.02063584327698,0.375728189945221,1.02063584327698,0.0744241327047348,3,RAISE_PD,30,1.34999990463257
169.779833,pitch,0,IDLE,-0.0569964833557606,1,2.98616075515747,1.31445145606995,1.02063584327698,0.375728189945221,1.02063584327698,0.0744241327047348,3,RAISE_PD,30,1.34999990463257
169.819833,pitch,0,IDLE,-0.0475432686507702,1,2.98616075515747,1.31445145606995,1.02063584327698,0.375728189945221,1.02063584327698,0.0744241327047348,3,RAISE_PD,30,1.34999990463257
169.859833,pitch,0,IDLE,-0.0371467359364033,1,2.98616075515747,1.31445145606995,1.02063584327698,0.375728189945221,1.02063584327698,0.0744241327047348,3,RAISE_PD,30,1.34999990463257
169.899833,pitch,0,IDLE,-0.0637727752327919,1,2.98616075515747,1.31445145606995,1.02063584327698,0.375728189945221,1.02063584327698,0.0744241327047348,3,RAISE_PD,30,1.34999990463257
169.939833,pitch,0,IDLE,-0.169591456651688,1,2.98616075515747,1.31445145606995,1.02063584327698,0.375728189945221,1.02063584327698,0.0744241327047348,3,RAISE_PD,30,1.34999990463257
169.979833,pitch,2,DEMAND_NEG,-0.289132088422775,1,2.98616075515747,1.31445145606995,1.02063584327698,0.375728189945221,1.02063584327698,0.0744241327047348,3,RAISE_PD,30,1.34999990463257
170.019833,pitch,2,DEMAND_NEG,-0.405486077070236,1,2.98616075515747,1.31445145606995,1.02063584327698,0.375728189945221,1.02063584327698,0.0744241327047348,3,RAISE_PD,30,1.34999990463257
170.059833,pitch,2,DEMAND_NEG,-0.512487769126892,1,2.98616075515747,1.31445145606995,1.02063584327698,0.375728189945221,1.02063584327698,0.0744241327047348,3,RAISE_PD,30,1.34999990463257
170.099833,pitch,2,DEMAND_NEG,-0.604732275009155,1,2.98616075515747,1.31445145606995,1.02063584327698,0.375728189945221,1.02063584327698,0.0744241327047348,3,RAISE_PD,30,1.34999990463257
170.139833,pitch,2,DEMAND_NEG,-0.677492797374725,1,2.98616075515747,1.31445145606995,1.02063584327698,0.375728189945221,1.02063584327698,0.0744241327047348,3,RAISE_PD,30,1.34999990463257
170.179833,pitch,2,DEMAND_NEG,-0.730475723743439,1,2.98616075515747,1.31445145606995,1.02063584327698,0.375728189945221,1.02063584327698,0.0744241327047348,3,RAISE_PD,30,1.34999990463257
170.219833,pitch,2,DEMAND_NEG,-0.764629185199738,1,2.98616075515747,1.31445145606995,1.02063584327698,0.375728189945221,1.02063584327698,0.0744241327047348,3,RAISE_PD,30,1.34999990463257
170.259833,pitch,2,DEMAND_NEG,-0.781449198722839,1,2.98616075515747,1.31445145606995,1.02063584327698,0.375728189945221,1.02063584327698,0.0744241327047348,3,RAISE_PD,30,1.34999990463257
170.299833,pitch,2,DEMAND_NEG,-0.784479320049286,1,3.02715539932251,1.31445145606995,1.02063584327698,0.375728189945221,1.02063584327698,0.0744241327047348,3,RAISE_PD,30,1.34999990463257
170.339833,pitch,2,DEMAND_NEG,-0.776485443115234,1,3.10875225067139,1.31445145606995,1.02063584327698,0.375728189945221,1.02063584327698,0.0744241327047348,3,RAISE_PD,30,1.34999990463257
170.379833,pitch,2,DEMAND_NEG,-0.760686695575714,1,3.17350721359253,1.31445145606995,1.02063584327698,0.375728189945221,1.02063584327698,0.0744241327047348,3,RAISE_PD,30,1.34999990463257
170.419833,pitch,2,DEMAND_NEG,-0.740051209926605,1,3.22315406799316,1.31445145606995,1.02063584327698,0.375728189945221,1.02063584327698,0.0744241327047348,3,RAISE_PD,30,1.34999990463257
170.459833,pitch,2,DEMAND_NEG,-0.715733587741852,1,3.25761985778809,1.31445145606995,1.02063584327698,0.375728189945221,1.02063584327698,0.0744241327047348,3,RAISE_PD,30,1.34999990463257
170.499833,pitch,2,DEMAND_NEG,-0.689804553985596,1,3.27801179885864,1.31445145606995,1.02063584327698,0.375728189945221,1.02063584327698,0.0744241327047348,3,RAISE_PD,30,1.34999990463257
170.539833,pitch,2,DEMAND_NEG,-0.663094639778137,1,3.28588366508484,1.31445145606995,1.02063584327698,0.375728189945221,1.02063584327698,0.0744241327047348,3,RAISE_PD,30,1.34999990463257
170.579833,pitch,2,DEMAND_NEG,-0.636306464672089,1,3.28588366508484,1.31445145606995,1.02063584327698,0.375728189945221,1.02063584327698,0.0744241327047348,3,RAISE_PD,30,1.34999990463257
170.619833,pitch,2,DEMAND_NEG,-0.610780239105225,1,3.28588366508484,1.31445145606995,1.02063584327698,0.375728189945221,1.02063584327698,0.0744241327047348,3,RAISE_PD,30,1.34999990463257
170.659833,pitch,2,DEMAND_NEG,-0.585586249828339,1,3.28588366508484,1.31445145606995,1.02063584327698,0.375728189945221,1.02063584327698,0.0744241327047348,3,RAISE_PD,30,1.34999990463257
170.699833,pitch,2,DEMAND_NEG,-0.56078428030014,1,3.28588366508484,1.31445145606995,1.02063584327698,0.375728189945221,1.02063584327698,0.0744241327047348,3,RAISE_PD,30,1.34999990463257
170.739833,pitch,2,DEMAND_NEG,-0.535945415496826,1,3.28588366508484,1.31445145606995,1.02063584327698,0.375728189945221,1.02063584327698,0.0744241327047348,3,RAISE_PD,30,1.34999990463257
170.779833,pitch,2,DEMAND_NEG,-0.511538624763489,1,3.28588366508484,1.31445145606995,1.02063584327698,0.375728189945221,1.02063584327698,0.0744241327047348,3,RAISE_PD,30,1.34999990463257
170.819833,pitch,2,DEMAND_NEG,-0.487345427274704,1,3.28588366508484,1.31445145606995,1.02063584327698,0.375728189945221,1.02063584327698,0.0744241327047348,3,RAISE_PD,30,1.34999990463257
170.859833,pitch,2,DEMAND_NEG,-0.462649255990982,1,3.28588366508484,1.31445145606995,1.02063584327698,0.375728189945221,1.02063584327698,0.0744241327047348,3,RAISE_PD,30,1.34999990463257
170.899833,pitch,2,DEMAND_NEG,-0.440685480833054,1,3.28588366508484,1.31445145606995,1.02063584327698,0.375728189945221,1.02063584327698,0.0744241327047348,3,RAISE_PD,30,1.34999990463257
170.939833,pitch,2,DEMAND_NEG,-0.419748216867447,1,3.28588366508484,1.31445145606995,1.02063584327698,0.375728189945221,1.02063584327698,0.0744241327047348,3,RAISE_PD,30,1.34999990463257
170.979833,pitch,2,DEMAND_NEG,-0.400504916906357,1,3.28588366508484,1.31445145606995,1.02063584327698,0.375728189945221,1.02063584327698,0.0744241327047348,3,RAISE_PD,30,1.34999990463257
171.019833,pitch,2,DEMAND_NEG,-0.386452794075012,1,3.28588366508484,1.31445145606995,1.02063584327698,0.375728189945221,1.02063584327698,0.0744241327047348,3,RAISE_PD,30,1.34999990463257
171.059833,pitch,2,DEMAND_NEG,-0.379559010267258,1,3.28588366508484,1.31445145606995,1.02063584327698,0.375728189945221,1.02063584327698,0.0744241327047348,3,RAISE_PD,30,1.34999990463257
171.099833,pitch,2,DEMAND_NEG,-0.381574243307114,1,3.28588366508484,1.31445145606995,1.02063584327698,0.375728189945221,1.02063584327698,0.0744241327047348,3,RAISE_PD,30,1.34999990463257
171.139833,pitch,2,DEMAND_NEG,-0.392389923334122,1,3.28588366508484,1.31445145606995,1.02063584327698,0.375728189945221,1.02063584327698,0.0744241327047348,3,RAISE_PD,30,1.34999990463257
171.179833,pitch,2,DEMAND_NEG,-0.410548955202103,1,3.28588366508484,1.31445145606995,1.02063584327698,0.375728189945221,1.02063584327698,0.0744241327047348,3,RAISE_PD,30,1.34999990463257
171.219833,pitch,2,DEMAND_NEG,-0.433858215808868,1,3.28588366508484,1.31445145606995,1.02063584327698,0.375728189945221,1.02063584327698,0.0744241327047348,3,RAISE_PD,30,1.34999990463257
171.259833,pitch,2,DEMAND_NEG,-0.460256010293961,1,3.28588366508484,1.31445145606995,1.02063584327698,0.375728189945221,1.02063584327698,0.0744241327047348,3,RAISE_PD,30,1.34999990463257
171.299833,pitch,2,DEMAND_NEG,-0.487939774990082,1,3.28588366508484,1.31445145606995,1.02063584327698,0.375728189945221,1.02063584327698,0.0744241327047348,3,RAISE_PD,30,1.34999990463257
171.339833,pitch,2,DEMAND_NEG,-0.515084147453308,1,3.28588366508484,1.31445145606995,1.02063584327698,0.375728189945221,1.02063584327698,0.0744241327047348,3,RAISE_PD,30,1.34999990463257
171.379833,pitch,2,DEMAND_NEG,-0.5406214594841,1,3.28588366508484,1.31445145606995,1.02063584327698,0.375728189945221,1.02063584327698,0.0744241327047348,3,RAISE_PD,30,1.34999990463257
171.419833,pitch,2,DEMAND_NEG,-0.563584566116333,1,3.28588366508484,1.31445145606995,1.02063584327698,0.375728189945221,1.02063584327698,0.0744241327047348,3,RAISE_PD,30,1.34999990463257
171.459833,pitch,2,DEMAND_NEG,-0.585399508476257,1,3.28588366508484,1.31445145606995,1.02063584327698,0.375728189945221,1.02063584327698,0.0744241327047348,3,RAISE_PD,30,1.34999990463257
171.499833,pitch,2,DEMAND_NEG,-0.60751610994339,1,3.28588366508484,1.31445145606995,1.02063584327698,0.375728189945221,1.02063584327698,0.0744241327047348,3,RAISE_PD,30,1.34999990463257
171.539833,pitch,2,DEMAND_NEG,-0.627352952957153,1,3.28588366508484,1.31445145606995,1.02063584327698,0.375728189945221,1.02063584327698,0.0744241327047348,3,RAISE_PD,30,1.34999990463257
171.579833,pitch,2,DEMAND_NEG,-0.64480048418045,1,3.28588366508484,1.31445145606995,1.02063584327698,0.375728189945221,1.02063584327698,0.0744241327047348,3,RAISE_PD,30,1.34999990463257
171.619833,pitch,2,DEMAND_NEG,-0.660135924816132,1,3.28588366508484,1.31445145606995,1.02063584327698,0.375728189945221,1.02063584327698,0.0744241327047348,3,RAISE_PD,30,1.34999990463257
171.659833,pitch,2,DEMAND_NEG,-0.674025118350983,1,3.28588366508484,1.31445145606995,1.02063584327698,0.375728189945221,1.02063584327698,0.0744241327047348,3,RAISE_PD,30,1.34999990463257
171.699833,pitch,2,DEMAND_NEG,-0.686184763908386,1,3.28588366508484,1.31445145606995,1.02063584327698,0.375728189945221,1.02063584327698,0.0744241327047348,3,RAISE_PD,30,1.34999990463257
171.739833,pitch,2,DEMAND_NEG,-0.697374761104584,1,3.28588366508484,1.31445145606995,1.02063584327698,0.375728189945221,1.02063584327698,0.0744241327047348,3,RAISE_PD,30,1.34999990463257
171.779833,pitch,2,DEMAND_NEG,-0.708057880401611,1,3.28588366508484,1.31445145606995,1.02063584327698,0.375728189945221,1.02063584327698,0.0744241327047348,3,RAISE_PD,30,1.34999990463257
171.819833,pitch,2,DEMAND_NEG,-0.716692566871643,1,3.28588366508484,1.31445145606995,1.02063584327698,0.375728189945221,1.02063584327698,0.0744241327047348,3,RAISE_PD,30,1.34999990463257
171.859833,pitch,2,DEMAND_NEG,-0.720231592655182,1,3.28588366508484,1.31445145606995,1.02063584327698,0.375728189945221,1.02063584327698,0.0744241327047348,3,RAISE_PD,30,1.34999990463257
171.899833,pitch,2,DEMAND_NEG,-0.715921103954315,1,3.28588366508484,1.31445145606995,1.02063584327698,0.375728189945221,1.02063584327698,0.0744241327047348,3,RAISE_PD,30,1.34999990463257
171.939833,pitch,2,DEMAND_NEG,-0.702373504638672,1,3.28588366508484,1.31445145606995,1.02063584327698,0.375728189945221,1.02063584327698,0.0744241327047348,3,RAISE_PD,30,1.34999990463257
171.979833,pitch,2,DEMAND_NEG,-0.680299401283264,1,3.28588366508484,1.31445145606995,1.02063584327698,0.375728189945221,1.02063584327698,0.0744241327047348,3,RAISE_PD,30,1.34999990463257
172.019833,pitch,2,DEMAND_NEG,-0.651626527309418,1,3.28588366508484,1.31445145606995,1.02063584327698,0.375728189945221,1.02063584327698,0.0744241327047348,3,RAISE_PD,30,1.34999990463257
172.059833,pitch,2,DEMAND_NEG,-0.618545055389404,1,3.28588366508484,1.31445145606995,1.02063584327698,0.375728189945221,1.02063584327698,0.0744241327047348,3,RAISE_PD,30,1.34999990463257
172.099833,pitch,2,DEMAND_NEG,-0.583038449287415,1,3.28588366508484,1.31445145606995,1.02063584327698,0.375728189945221,1.02063584327698,0.0744241327047348,3,RAISE_PD,30,1.34999990463257
172.139833,pitch,2,DEMAND_NEG,-0.546678245067596,1,3.28588366508484,1.31445145606995,1.02063584327698,0.375728189945221,1.02063584327698,0.0744241327047348,3,RAISE_PD,30,1.34999990463257
172.179833,pitch,2,DEMAND_NEG,-0.512567222118378,1,3.28588366508484,1.31445145606995,1.02063584327698,0.375728189945221,1.02063584327698,0.0744241327047348,3,RAISE_PD,30,1.34999990463257
172.219833,pitch,2,DEMAND_NEG,-0.483333677053452,1,3.28588366508484,1.31445145606995,1.02063584327698,0.375728189945221,1.02063584327698,0.0744241327047348,3,RAISE_PD,30,1.34999990463257
172.259833,pitch,2,DEMAND_NEG,-0.45806422829628,1,3.28588366508484,1.31445145606995,1.02063584327698,0.375728189945221,1.02063584327698,0.0744241327047348,3,RAISE_PD,30,1.34999990463257
172.299833,pitch,2,DEMAND_NEG,-0.436449617147446,1,3.28588366508484,1.31445145606995,1.02063584327698,0.375728189945221,1.02063584327698,0.0744241327047348,3,RAISE_PD,30,1.34999990463257
172.339833,pitch,2,DEMAND_NEG,-0.418183654546738,1,3.28588366508484,1.31445145606995,1.02063584327698,0.375728189945221,1.02063584327698,0.0744241327047348,3,RAISE_PD,30,1.34999990463257
172.379833,pitch,2,DEMAND_NEG,-0.403226166963577,1,3.28588366508484,1.31445145606995,1.02063584327698,0.375728189945221,1.02063584327698,0.0744241327047348,3,RAISE_PD,30,1.34999990463257
172.419833,pitch,2,DEMAND_NEG,-0.391149431467056,1,3.28588366508484,1.31445145606995,1.02063584327698,0.375728189945221,1.02063584327698,0.0744241327047348,3,RAISE_PD,30,1.34999990463257
172.459833,pitch,2,DEMAND_NEG,-0.381380945444107,1,3.28588366508484,1.31445145606995,1.02063584327698,0.375728189945221,1.02063584327698,0.0744241327047348,3,RAISE_PD,30,1.34999990463257
172.499833,pitch,2,DEMAND_NEG,-0.373484432697296,1,3.28588366508484,1.31445145606995,1.02063584327698,0.375728189945221,1.02063584327698,0.0744241327047348,3,RAISE_PD,30,1.34999990463257
172.539833,pitch,2,DEMAND_NEG,-0.367622405290604,1,3.28588366508484,1.31445145606995,1.02063584327698,0.375728189945221,1.02063584327698,0.0744241327047348,3,RAISE_PD,30,1.34999990463257
172.579833,pitch,2,DEMAND_NEG,-0.362514078617096,1,3.28588366508484,1.31445145606995,1.02063584327698,0.375728189945221,1.02063584327698,0.0744241327047348,3,RAISE_PD,30,1.34999990463257
172.619833,pitch,0,IDLE,-0.266028076410294,1,1,0.849993944168091,1.02063584327698,0.488446623086929,1.02063584327698,0.0744241327047348,3,RAISE_PD,30,1.34999990463257
172.659833,pitch,0,IDLE,-0.132319182157516,1,1.13143193721771,0.849993944168091,1.02063584327698,0.488446623086929,1.02063584327698,0.0744241327047348,3,RAISE_PD,30,1.34999990463257
172.699833,pitch,0,IDLE,0.00160831958055496,1,1.387850522995,0.849993944168091,1.02063584327698,0.488446623086929,1.02063584327698,0.0744241327047348,3,RAISE_PD,30,1.34999990463257
172.739833,pitch,0,IDLE,0.121870331466198,1,1.63896238803864,0.849993944168091,1.02063584327698,0.488446623086929,1.02063584327698,0.0744241327047348,3,RAISE_PD,30,1.34999990463257
172.779833,pitch,0,IDLE,0.219731748104095,1,1.87671232223511,0.849993944168091,1.02063584327698,0.488446623086929,1.02063584327698,0.0744241327047348,3,RAISE_PD,30,1.34999990463257
172.819833,pitch,0,IDLE,0.288742810487747,1,2.09983062744141,0.849993944168091,1.02063584327698,0.488446623086929,1.02063584327698,0.0744241327047348,3,RAISE_PD,30,1.34999990463257
172.859833,pitch,0,IDLE,0.327148497104645,1,2.30545663833618,0.849993944168091,1.02063584327698,0.488446623086929,1.02063584327698,0.0744241327047348,3,RAISE_PD,30,1.34999990463257
172.899833,pitch,0,IDLE,0.335215657949448,1,2.49496150016785,0.849993944168091,1.02063584327698,0.488446623086929,1.02063584327698,0.0744241327047348,3,RAISE_PD,30,1.34999990463257
172.939833,pitch,0,IDLE,0.314490139484406,1,2.66099047660828,0.849993944168091,1.02063584327698,0.488446623086929,1.02063584327698,0.0744241327047348,3,RAISE_PD,30,1.34999990463257
172.979833,pitch,0,IDLE,0.272649228572845,1.06843447685242,2.80296754837036,0.849993944168091,1.02063584327698,0.488446623086929,1.02063584327698,0.0744241327047348,3,RAISE_PD,30,1.34999990463257
173.019833,pitch,0,IDLE,0.215934351086617,1.14353585243225,2.92321515083313,0.849993944168091,1.02063584327698,0.488446623086929,1.02063584327698,0.0744241327047348,3,RAISE_PD,30,1.34999990463257
173.059833,pitch,0,IDLE,0.149703606963158,1.20948314666748,3.02385663986206,0.849993944168091,1.02063584327698,0.488446623086929,1.02063584327698,0.0744241327047348,3,RAISE_PD,30,1.34999990463257
173.099833,pitch,0,IDLE,0.0817009583115578,1.26712346076965,3.10683226585388,0.849993944168091,1.02063584327698,0.488446623086929,1.02063584327698,0.0744241327047348,3,RAISE_PD,30,1.34999990463257
173.139833,pitch,0,IDLE,0.0187304690480232,1.3172322511673,3.17142534255981,0.849993944168091,1.02063584327698,0.488446623086929,1.02063584327698,0.0744241327047348,3,RAISE_PD,30,1.34999990463257
173.179833,pitch,0,IDLE,-0.0343712195754051,1.3605192899704,3.21875095367432,0.849993944168091,1.02063584327698,0.488446623086929,1.02063584327698,0.0744241327047348,3,RAISE_PD,30,1.34999990463257
173.219833,pitch,0,IDLE,-0.0747026205062866,1.39763391017914,3.25064587593079,0.849993944168091,1.02063584327698,0.488446623086929,1.02063584327698,0.0744241327047348,3,RAISE_PD,30,1.34999990463257
173.259833,pitch,0,IDLE,-0.103127241134644,1.42917025089264,3.26878428459167,0.849993944168091,1.02063584327698,0.488446623086929,1.02063584327698,0.0744241327047348,3,RAISE_PD,30,1.34999990463257
173.299833,pitch,0,IDLE,-0.120752699673176,1.45489168167114,3.27469038963318,0.849993944168091,1.02063584327698,0.488446623086929,1.02063584327698,0.0744241327047348,3,RAISE_PD,30,1.34999990463257
173.339833,pitch,0,IDLE,-0.129869058728218,1.47314083576202,3.27469038963318,0.849993944168091,1.02063584327698,0.488446623086929,1.02063584327698,0.0744241327047348,3,RAISE_PD,30,1.34999990463257
173.379833,pitch,0,IDLE,-0.133370757102966,1.48471975326538,3.27469038963318,0.849993944168091,1.02063584327698,0.488446623086929,1.02063584327698,0.0744241327047348,3,RAISE_PD,30,1.34999990463257
173.419833,pitch,0,IDLE,-0.133784115314484,1.49035882949829,3.27469038963318,0.849993944168091,1.02063584327698,0.488446623086929,1.02063584327698,0.0744241327047348,3,RAISE_PD,30,1.34999990463257
173.459833,pitch,0,IDLE,-0.133488118648529,1.49116110801697,3.27469038963318,0.849993944168091,1.02063584327698,0.488446623086929,1.02063584327698,0.0744241327047348,3,RAISE_PD,30,1.34999990463257
173.499833,pitch,0,IDLE,-0.13425375521183,1.49116110801697,3.27469038963318,0.849993944168091,1.02063584327698,0.488446623086929,1.02063584327698,0.0744241327047348,3,RAISE_PD,30,1.34999990463257
173.539833,pitch,0,IDLE,-0.137230142951012,1.49116110801697,3.27469038963318,0.849993944168091,1.02063584327698,0.488446623086929,1.02063584327698,0.0744241327047348,3,RAISE_PD,30,1.34999990463257
173.579833,pitch,0,IDLE,-0.143604978919029,1.49116110801697,3.27469038963318,0.849993944168091,1.02063584327698,0.488446623086929,1.02063584327698,0.0744241327047348,3,RAISE_PD,30,1.34999990463257
173.619833,pitch,0,IDLE,-0.1534793227911,1.49116110801697,3.27469038963318,0.849993944168091,1.02063584327698,0.488446623086929,1.02063584327698,0.0744241327047348,3,RAISE_PD,30,1.34999990463257
173.659833,pitch,0,IDLE,-0.166633024811745,1.49116110801697,3.27469038963318,0.849993944168091,1.02063584327698,0.488446623086929,1.02063584327698,0.0744241327047348,3,RAISE_PD,30,1.34999990463257
173.699833,pitch,0,IDLE,-0.179690837860107,1.49116110801697,3.27469038963318,0.849993944168091,1.02063584327698,0.488446623086929,1.02063584327698,0.0744241327047348,3,RAISE_PD,30,1.34999990463257
173.739833,pitch,0,IDLE,-0.18860299885273,1.49116110801697,3.27469038963318,0.849993944168091,1.02063584327698,0.488446623086929,1.02063584327698,0.0744241327047348,3,RAISE_PD,30,1.34999990463257
173.779833,pitch,0,IDLE,-0.190321832895279,1.49116110801697,3.27469038963318,0.849993944168091,1.02063584327698,0.488446623086929,1.02063584327698,0.0744241327047348,3,RAISE_PD,30,1.34999990463257
173.819833,pitch,0,IDLE,-0.184013143181801,1.49116110801697,3.27469038963318,0.849993944168091,1.02063584327698,0.488446623086929,1.02063584327698,0.0744241327047348,3,RAISE_PD,30,1.34999990463257
173.859833,pitch,0,IDLE,-0.170220404863358,1.49116110801697,3.27469038963318,0.849993944168091,1.02063584327698,0.488446623086929,1.02063584327698,0.0744241327047348,3,RAISE_PD,30,1.34999990463257
173.899833,pitch,0,IDLE,-0.150287136435509,1.49116110801697,3.27469038963318,0.849993944168091,1.02063584327698,0.488446623086929,1.02063584327698,0.0744241327047348,3,RAISE_PD,30,1.34999990463257
173.939833,pitch,0,IDLE,-0.126088067889214,1.49116110801697,3.27469038963318,0.849993944168091,1.02063584327698,0.488446623086929,1.02063584327698,0.0744241327047348,3,RAISE_PD,30,1.34999990463257
173.979833,pitch,0,IDLE,-0.0997825786471367,1.49116110801697,3.27469038963318,0.849993944168091,1.02063584327698,0.488446623086929,1.02063584327698,0.0744241327047348,3,RAISE_PD,30,1.34999990463257
174.019833,pitch,0,IDLE,-0.0730870068073273,1.49116110801697,3.27469038963318,0.849993944168091,1.02063584327698,0.488446623086929,1.02063584327698,0.0744241327047348,3,RAISE_PD,30,1.34999990463257
174.059833,pitch,0,IDLE,-0.0458741337060928,1.49116110801697,3.27469038963318,0.849993944168091,1.02063584327698,0.488446623086929,1.02063584327698,0.0744241327047348,3,RAISE_PD,30,1.34999990463257
174.099833,pitch,0,IDLE,-0.0177195370197296,1.49116110801697,3.27469038963318,0.849993944168091,1.02063584327698,0.488446623086929,1.02063584327698,0.0744241327047348,3,RAISE_PD,30,1.34999990463257
174.139833,pitch,0,IDLE,0.00851443689316511,1.49116110801697,3.27469038963318,0.849993944168091,1.02063584327698,0.488446623086929,1.02063584327698,0.0744241327047348,3,RAISE_PD,30,1.34999990463257
174.179833,pitch,0,IDLE,0.0319087356328964,1.49116110801697,3.27469038963318,0.849993944168091,1.02063584327698,0.488446623086929,1.02063584327698,0.0744241327047348,3,RAISE_PD,30,1.34999990463257
174.219833,pitch,0,IDLE,0.0890307724475861,1.49116110801697,3.27469038963318,0.849993944168091,1.02063584327698,0.488446623086929,1.02063584327698,0.0744241327047348,3,RAISE_PD,30,1.34999990463257
174.259833,pitch,0,IDLE,0.222353875637054,1.49116110801697,3.27469038963318,0.849993944168091,1.02063584327698,0.488446623086929,1.02063584327698,0.0744241327047348,3,RAISE_PD,30,1.34999990463257
174.299833,pitch,1,DEMAND_POS,0.366366386413574,1.49116110801697,3.27469038963318,0.849993944168091,1.02063584327698,0.488446623086929,1.02063584327698,0.0744241327047348,3,RAISE_PD,30,1.34999990463257
174.339833,pitch,1,DEMAND_POS,0.500958442687988,1.49116110801697,3.27469038963318,0.849993944168091,1.02063584327698,0.488446623086929,1.02063584327698,0.0744241327047348,3,RAISE_PD,30,1.34999990463257
174.379833,pitch,1,DEMAND_POS,0.616977274417877,1.49116110801697,3.27469038963318,0.849993944168091,1.02063584327698,0.488446623086929,1.02063584327698,0.0744241327047348,3,RAISE_PD,30,1.34999990463257
174.419833,pitch,1,DEMAND_POS,0.70808070898056,1.49116110801697,3.27469038963318,0.849993944168091,1.02063584327698,0.488446623086929,1.02063584327698,0.0744241327047348,3,RAISE_PD,30,1.34999990463257
174.459833,pitch,1,DEMAND_POS,0.769762516021729,1.49116110801697,3.27469038963318,0.849993944168091,1.02063584327698,0.488446623086929,1.02063584327698,0.0744241327047348,3,RAISE_PD,30,1.34999990463257
174.499833,pitch,1,DEMAND_POS,0.801462531089783,1.49116110801697,3.27469038963318,0.849993944168091,1.02063584327698,0.488446623086929,1.02063584327698,0.0744241327047348,3,RAISE_PD,30,1.34999990463257
174.539833,pitch,1,DEMAND_POS,0.80552875995636,1.49116110801697,3.27469038963318,0.849993944168091,1.02063584327698,0.488446623086929,1.02063584327698,0.0744241327047348,3,RAISE_PD,30,1.34999990463257
174.579833,pitch,1,DEMAND_POS,0.786225974559784,1.49116110801697,3.27469038963318,0.849993944168091,1.02063584327698,0.488446623086929,1.02063584327698,0.0744241327047348,3,RAISE_PD,30,1.34999990463257
174.619833,pitch,1,DEMAND_POS,0.748011291027069,1.49116110801697,3.27469038963318,0.849993944168091,1.02063584327698,0.488446623086929,1.02063584327698,0.0744241327047348,3,RAISE_PD,30,1.34999990463257
174.659833,pitch,1,DEMAND_POS,0.696879148483276,1.49116110801697,3.27469038963318,0.849993944168091,1.02063584327698,0.488446623086929,1.02063584327698,0.0744241327047348,3,RAISE_PD,30,1.34999990463257
174.699833,pitch,1,DEMAND_POS,0.637678563594818,1.49116110801697,3.27469038963318,0.849993944168091,1.02063584327698,0.488446623086929,1.02063584327698,0.0744241327047348,3,RAISE_PD,30,1.34999990463257
174.739833,pitch,1,DEMAND_POS,0.575936317443848,1.49116110801697,3.27469038963318,0.849993944168091,1.02063584327698,0.488446623086929,1.02063584327698,0.0744241327047348,3,RAISE_PD,30,1.34999990463257
174.779833,pitch,1,DEMAND_POS,0.518543303012848,1.49116110801697,3.28983211517334,0.849993944168091,1.02063584327698,0.488446623086929,1.02063584327698,0.0744241327047348,3,RAISE_PD,30,1.34999990463257
174.819833,pitch,1,DEMAND_POS,0.470551759004593,1.49116110801697,3.31075811386108,0.849993944168091,1.02063584327698,0.488446623086929,1.02063584327698,0.0744241327047348,3,RAISE_PD,30,1.34999990463257
174.859833,pitch,1,DEMAND_POS,0.436181426048279,1.49116110801697,3.31900119781494,0.849993944168091,1.02063584327698,0.488446623086929,1.02063584327698,0.0744241327047348,3,RAISE_PD,30,1.34999990463257
174.899833,pitch,1,DEMAND_POS,0.415107905864716,1.49116110801697,3.31900119781494,0.849993944168091,1.02063584327698,0.488446623086929,1.02063584327698,0.0744241327047348,3,RAISE_PD,30,1.34999990463257
174.939833,pitch,1,DEMAND_POS,0.406531810760498,1.49116110801697,3.31900119781494,0.849993944168091,1.02063584327698,0.488446623086929,1.02063584327698,0.0744241327047348,3,RAISE_PD,30,1.34999990463257
174.979833,pitch,1,DEMAND_POS,0.407936960458755,1.49116110801697,3.31900119781494,0.849993944168091,1.02063584327698,0.488446623086929,1.02063584327698,0.0744241327047348,3,RAISE_PD,30,1.34999990463257
175.019833,pitch,1,DEMAND_POS,0.415990501642227,1.49116110801697,3.31900119781494,0.849993944168091,1.02063584327698,0.488446623086929,1.02063584327698,0.0744241327047348,3,RAISE_PD,30,1.34999990463257
175.059833,pitch,1,DEMAND_POS,0.429052919149399,1.49116110801697,3.31900119781494,0.849993944168091,1.02063584327698,0.488446623086929,1.02063584327698,0.0744241327047348,3,RAISE_PD,30,1.34999990463257
175.099833,pitch,1,DEMAND_POS,0.443864285945892,1.49116110801697,3.31900119781494,0.849993944168091,1.02063584327698,0.488446623086929,1.02063584327698,0.0744241327047348,3,RAISE_PD,30,1.34999990463257
175.139833,pitch,1,DEMAND_POS,0.45868244767189,1.49116110801697,3.31900119781494,0.849993944168091,1.02063584327698,0.488446623086929,1.02063584327698,0.0744241327047348,3,RAISE_PD,30,1.34999990463257
175.179833,pitch,1,DEMAND_POS,0.473359793424606,1.49116110801697,3.31900119781494,0.849993944168091,1.02063584327698,0.488446623086929,1.02063584327698,0.0744241327047348,3,RAISE_PD,30,1.34999990463257
175.219833,pitch,1,DEMAND_POS,0.487157225608826,1.49116110801697,3.31900119781494,0.849993944168091,1.02063584327698,0.488446623086929,1.02063584327698,0.0744241327047348,3,RAISE_PD,30,1.34999990463257
175.259833,pitch,1,DEMAND_POS,0.498033374547958,1.49116110801697,3.31900119781494,0.849993944168091,1.02063584327698,0.488446623086929,1.02063584327698,0.0744241327047348,3,RAISE_PD,30,1.34999990463257
175.299833,pitch,1,DEMAND_POS,0.505514144897461,1.49116110801697,3.31900119781494,0.849993944168091,1.02063584327698,0.488446623086929,1.02063584327698,0.0744241327047348,3,RAISE_PD,30,1.34999990463257
175.339833,pitch,1,DEMAND_POS,0.50932914018631,1.49116110801697,3.31900119781494,0.849993944168091,1.02063584327698,0.488446623086929,1.02063584327698,0.0744241327047348,3,RAISE_PD,30,1.34999990463257
175.379833,pitch,1,DEMAND_POS,0.509352445602417,1.49116110801697,3.31900119781494,0.849993944168091,1.02063584327698,0.488446623086929,1.02063584327698,0.0744241327047348,3,RAISE_PD,30,1.34999990463257
175.419833,pitch,1,DEMAND_POS,0.506374061107635,1.49116110801697,3.31900119781494,0.849993944168091,1.02063584327698,0.488446623086929,1.02063584327698,0.0744241327047348,3,RAISE_PD,30,1.34999990463257
175.459833,pitch,1,DEMAND_POS,0.500715434551239,1.49116110801697,3.31900119781494,0.849993944168091,1.02063584327698,0.488446623086929,1.02063584327698,0.0744241327047348,3,RAISE_PD,30,1.34999990463257
175.499833,pitch,1,DEMAND_POS,0.493032842874527,1.49116110801697,3.31900119781494,0.849993944168091,1.02063584327698,0.488446623086929,1.02063584327698,0.0744241327047348,3,RAISE_PD,30,1.34999990463257
175.539833,pitch,1,DEMAND_POS,0.483659654855728,1.49116110801697,3.31900119781494,0.849993944168091,1.02063584327698,0.488446623086929,1.02063584327698,0.0744241327047348,3,RAISE_PD,30,1.34999990463257
175.579833,pitch,1,DEMAND_POS,0.473609149456024,1.49116110801697,3.31900119781494,0.849993944168091,1.02063584327698,0.488446623086929,1.02063584327698,0.0744241327047348,3,RAISE_PD,30,1.34999990463257
175.619833,pitch,1,DEMAND_POS,0.462937414646149,1.49116110801697,3.31900119781494,0.849993944168091,1.02063584327698,0.488446623086929,1.02063584327698,0.0744241327047348,3,RAISE_PD,30,1.34999990463257
175.659833,pitch,1,DEMAND_POS,0.452600210905075,1.49116110801697,3.31900119781494,0.849993944168091,1.02063584327698,0.488446623086929,1.02063584327698,0.0744241327047348,3,RAISE_PD,30,1.34999990463257
175.699833,pitch,1,DEMAND_POS,0.442585110664368,1.49116110801697,3.31900119781494,0.849993944168091,1.02063584327698,0.488446623086929,1.02063584327698,0.0744241327047348,3,RAISE_PD,30,1.34999990463257
175.739833,pitch,1,DEMAND_POS,0.432988733053207,1.49116110801697,3.31900119781494,0.849993944168091,1.02063584327698,0.488446623086929,1.02063584327698,0.0744241327047348,3,RAISE_PD,30,1.34999990463257
175.779833,pitch,1,DEMAND_POS,0.42748835682869,1.49116110801697,3.31900119781494,0.849993944168091,1.02063584327698,0.488446623086929,1.02063584327698,0.0744241327047348,3,RAISE_PD,30,1.34999990463257
175.819833,pitch,1,DEMAND_POS,0.423891007900238,1.49116110801697,3.31900119781494,0.849993944168091,1.02063584327698,0.488446623086929,1.02063584327698,0.0744241327047348,3,RAISE_PD,30,1.34999990463257
175.859833,pitch,1,DEMAND_POS,0.421293139457703,1.49116110801697,3.31900119781494,0.849993944168091,1.02063584327698,0.488446623086929,1.02063584327698,0.0744241327047348,3,RAISE_PD,30,1.34999990463257
175.899833,pitch,1,DEMAND_POS,0.41941636800766,1.49116110801697,3.31900119781494,0.849993944168091,1.02063584327698,0.488446623086929,1.02063584327698,0.0744241327047348,3,RAISE_PD,30,1.34999990463257
175.939833,pitch,1,DEMAND_POS,0.418372511863708,1.49116110801697,3.31900119781494,0.849993944168091,1.02063584327698,0.488446623086929,1.02063584327698,0.0744241327047348,3,RAISE_PD,30,1.34999990463257
175.979833,pitch,1,DEMAND_POS,0.417748838663101,1.49116110801697,3.31900119781494,0.849993944168091,1.02063584327698,0.488446623086929,1.02063584327698,0.0744241327047348,3,RAISE_PD,30,1.34999990463257
176.019833,pitch,1,DEMAND_POS,0.417619615793228,1.49116110801697,3.31900119781494,0.849993944168091,1.02063584327698,0.488446623086929,1.02063584327698,0.0744241327047348,3,RAISE_PD,30,1.34999990463257
176.059833,pitch,1,DEMAND_POS,0.418331265449524,1.49116110801697,3.31900119781494,0.849993944168091,1.02063584327698,0.488446623086929,1.02063584327698,0.0744241327047348,3,RAISE_PD,30,1.34999990463257
176.099833,pitch,1,DEMAND_POS,0.419245600700378,1.49116110801697,3.31900119781494,0.849993944168091,1.02063584327698,0.488446623086929,1.02063584327698,0.0744241327047348,3,RAISE_PD,30,1.34999990463257
176.139833,pitch,1,DEMAND_POS,0.421002954244614,1.49116110801697,3.31900119781494,0.849993944168091,1.02063584327698,0.488446623086929,1.02063584327698,0.0744241327047348,3,RAISE_PD,30,1.34999990463257
176.179833,pitch,1,DEMAND_POS,0.423671543598175,1.49116110801697,3.31900119781494,0.849993944168091,1.02063584327698,0.488446623086929,1.02063584327698,0.0744241327047348,3,RAISE_PD,30,1.34999990463257
176.219833,pitch,1,DEMAND_POS,0.426397979259491,1.49116110801697,3.31900119781494,0.849993944168091,1.02063584327698,0.488446623086929,1.02063584327698,0.0744241327047348,3,RAISE_PD,30,1.34999990463257
176.259833,pitch,1,DEMAND_POS,0.429635912179947,1.49116110801697,3.31900119781494,0.849993944168091,1.02063584327698,0.488446623086929,1.02063584327698,0.0744241327047348,3,RAISE_PD,30,1.34999990463257
176.299833,pitch,1,DEMAND_POS,0.433313399553299,1.49116110801697,3.31900119781494,0.849993944168091,1.02063584327698,0.488446623086929,1.02063584327698,0.0744241327047348,3,RAISE_PD,30,1.34999990463257
176.339833,pitch,1,DEMAND_POS,0.438565135002136,1.49116110801697,3.31900119781494,0.849993944168091,1.02063584327698,0.488446623086929,1.02063584327698,0.0744241327047348,3,RAISE_PD,30,1.34999990463257
176.379833,pitch,1,DEMAND_POS,0.446709275245667,1.49116110801697,3.31900119781494,0.849993944168091,1.02063584327698,0.488446623086929,1.02063584327698,0.0744241327047348,3,RAISE_PD,30,1.34999990463257
176.419833,pitch,1,DEMAND_POS,0.45578995347023,1.49116110801697,3.31900119781494,0.849993944168091,1.02063584327698,0.488446623086929,1.02063584327698,0.0744241327047348,3,RAISE_PD,30,1.34999990463257
176.459833,pitch,1,DEMAND_POS,0.465187966823578,1.49116110801697,3.31900119781494,0.849993944168091,1.02063584327698,0.488446623086929,1.02063584327698,0.0744241327047348,3,RAISE_PD,30,1.34999990463257
176.499833,pitch,1,DEMAND_POS,0.474778383970261,1.49116110801697,3.31900119781494,0.849993944168091,1.02063584327698,0.488446623086929,1.02063584327698,0.0744241327047348,3,RAISE_PD,30,1.34999990463257
176.539833,pitch,1,DEMAND_POS,0.48487251996994,1.49116110801697,3.31900119781494,0.849993944168091,1.02063584327698,0.488446623086929,1.02063584327698,0.0744241327047348,3,RAISE_PD,30,1.34999990463257
176.579833,pitch,1,DEMAND_POS,0.494848400354385,1.49116110801697,3.31900119781494,0.849993944168091,1.02063584327698,0.488446623086929,1.02063584327698,0.0744241327047348,3,RAISE_PD,30,1.34999990463257
176.619833,pitch,1,DEMAND_POS,0.504640102386475,1.49116110801697,3.31900119781494,0.849993944168091,1.02063584327698,0.488446623086929,1.02063584327698,0.0744241327047348,3,RAISE_PD,30,1.34999990463257
176.659833,pitch,1,DEMAND_POS,0.514523565769196,1.49116110801697,3.31900119781494,0.849993944168091,1.02063584327698,0.488446623086929,1.02063584327698,0.0744241327047348,3,RAISE_PD,30,1.34999990463257
176.699833,pitch,1,DEMAND_POS,0.524699509143829,1.49116110801697,3.31900119781494,0.849993944168091,1.02063584327698,0.488446623086929,1.02063584327698,0.0744241327047348,3,RAISE_PD,30,1.34999990463257
176.739833,pitch,1,DEMAND_POS,0.534891068935394,1.49116110801697,3.31900119781494,0.849993944168091,1.02063584327698,0.488446623086929,1.02063584327698,0.0744241327047348,3,RAISE_PD,30,1.34999990463257
176.779833,pitch,1,DEMAND_POS,0.545496702194214,1.49116110801697,3.31900119781494,0.849993944168091,1.02063584327698,0.488446623086929,1.02063584327698,0.0744241327047348,3,RAISE_PD,30,1.34999990463257
176.819833,pitch,1,DEMAND_POS,0.556246936321259,1.49116110801697,3.31900119781494,0.849993944168091,1.02063584327698,0.488446623086929,1.02063584327698,0.0744241327047348,3,RAISE_PD,30,1.34999990463257
176.859833,pitch,1,DEMAND_POS,0.567272126674652,1.49116110801697,3.31900119781494,0.849993944168091,1.02063584327698,0.488446623086929,1.02063584327698,0.0744241327047348,3,RAISE_PD,30,1.34999990463257
176.899833,pitch,1,DEMAND_POS,0.578682005405426,1.49116110801697,3.31900119781494,0.849993944168091,1.02063584327698,0.488446623086929,1.02063584327698,0.0744241327047348,3,RAISE_PD,30,1.34999990463257
176.939833,pitch,0,IDLE,0.499358415603638,1,1,0.780481696128845,1.01858901977539,0.63498055934906,1.01858901977539,0.0744241327047348,3,RAISE_PD,30,1.34999990463257
176.979833,pitch,0,IDLE,0.382141768932343,1,1,0.780481696128845,1.01858901977539,0.63498055934906,1.01858901977539,0.0744241327047348,3,RAISE_PD,30,1.34999990463257
177.019833,pitch,0,IDLE,0.257495284080505,1,1.24558401107788,0.780481696128845,1.01858901977539,0.63498055934906,1.01858901977539,0.0744241327047348,3,RAISE_PD,30,1.34999990463257
177.059833,pitch,0,IDLE,0.13874240219593,1,1.49867486953735,0.780481696128845,1.01858901977539,0.63498055934906,1.01858901977539,0.0744241327047348,3,RAISE_PD,30,1.34999990463257
177.099833,pitch,0,IDLE,0.0348807461559772,1,1.73506557941437,0.780481696128845,1.01858901977539,0.63498055934906,1.01858901977539,0.0744241327047348,3,RAISE_PD,30,1.34999990463257
177.139833,pitch,0,IDLE,-0.0493955463171005,1,1.95292317867279,0.780481696128845,1.01858901977539,0.63498055934906,1.01858901977539,0.0744241327047348,3,RAISE_PD,30,1.34999990463257
177.179833,pitch,0,IDLE,-0.110829040408134,1,2.15370082855225,0.780481696128845,1.01858901977539,0.63498055934906,1.01858901977539,0.0744241327047348,3,RAISE_PD,30,1.34999990463257
177.219833,pitch,0,IDLE,-0.148634940385818,1,2.33873772621155,0.780481696128845,1.01858901977539,0.63498055934906,1.01858901977539,0.0744241327047348,3,RAISE_PD,30,1.34999990463257
177.259833,pitch,0,IDLE,-0.164686024188995,1,2.50036358833313,0.780481696128845,1.01858901977539,0.63498055934906,1.01858901977539,0.0744241327047348,3,RAISE_PD,30,1.34999990463257
177.299833,pitch,0,IDLE,-0.160811513662338,1,2.63791704177856,0.780481696128845,1.01858901977539,0.63498055934906,1.01858901977539,0.0744241327047348,3,RAISE_PD,30,1.34999990463257
177.339833,pitch,0,IDLE,-0.140420719981194,1,2.75373721122742,0.780481696128845,1.01858901977539,0.63498055934906,1.01858901977539,0.0744241327047348,3,RAISE_PD,30,1.34999990463257
177.379833,pitch,0,IDLE,-0.107011467218399,1,2.84937882423401,0.780481696128845,1.01858901977539,0.63498055934906,1.01858901977539,0.0744241327047348,3,RAISE_PD,30,1.34999990463257
177.419833,pitch,0,IDLE,-0.0647644177079201,1,2.92518544197083,0.780481696128845,1.01858901977539,0.63498055934906,1.01858901977539,0.0744241327047348,3,RAISE_PD,30,1.34999990463257
177.459833,pitch,0,IDLE,-0.0164964906871319,1,2.98320055007935,0.780481696128845,1.01858901977539,0.63498055934906,1.01858901977539,0.0744241327047348,3,RAISE_PD,30,1.34999990463257
177.499833,pitch,0,IDLE,0.0357647687196732,1,3.02528834342957,0.780481696128845,1.01858901977539,0.63498055934906,1.01858901977539,0.0744241327047348,3,RAISE_PD,30,1.34999990463257
177.539833,pitch,0,IDLE,0.0877764374017715,1.02790141105652,3.05314803123474,0.780481696128845,1.01858901977539,0.63498055934906,1.01858901977539,0.0744241327047348,3,RAISE_PD,30,1.34999990463257
177.579833,pitch,0,IDLE,0.134379297494888,1.05595660209656,3.06832766532898,0.780481696128845,1.01858901977539,0.63498055934906,1.01858901977539,0.0744241327047348,3,RAISE_PD,30,1.34999990463257
177.619833,pitch,0,IDLE,0.17185740172863,1.07973122596741,3.07223725318909,0.780481696128845,1.01858901977539,0.63498055934906,1.01858901977539,0.0744241327047348,3,RAISE_PD,30,1.34999990463257
177.659833,pitch,0,IDLE,0.196529418230057,1.09964346885681,3.07223725318909,0.780481696128845,1.01858901977539,0.63498055934906,1.01858901977539,0.0744241327047348,3,RAISE_PD,30,1.34999990463257
177.699833,pitch,0,IDLE,0.208301514387131,1.11439228057861,3.07223725318909,0.780481696128845,1.01858901977539,0.63498055934906,1.01858901977539,0.0744241327047348,3,RAISE_PD,30,1.34999990463257
177.739833,pitch,0,IDLE,0.208644360303879,1.12398672103882,3.07223725318909,0.780481696128845,1.01858901977539,0.63498055934906,1.01858901977539,0.0744241327047348,3,RAISE_PD,30,1.34999990463257
177.779833,pitch,0,IDLE,0.199656128883362,1.12898921966553,3.07223725318909,0.780481696128845,1.01858901977539,0.63498055934906,1.01858901977539,0.0744241327047348,3,RAISE_PD,30,1.34999990463257
177.819833,pitch,0,IDLE,0.184302732348442,1.12993037700653,3.07223725318909,0.780481696128845,1.01858901977539,0.63498055934906,1.01858901977539,0.0744241327047348,3,RAISE_PD,30,1.34999990463257
177.859833,pitch,0,IDLE,0.1651221960783,1.12993037700653,3.07223725318909,0.780481696128845,1.01858901977539,0.63498055934906,1.01858901977539,0.0744241327047348,3,RAISE_PD,30,1.34999990463257
177.899833,pitch,0,IDLE,0.144185453653336,1.12993037700653,3.07223725318909,0.780481696128845,1.01858901977539,0.63498055934906,1.01858901977539,0.0744241327047348,3,RAISE_PD,30,1.34999990463257
177.939833,pitch,0,IDLE,0.123693272471428,1.12993037700653,3.07223725318909,0.780481696128845,1.01858901977539,0.63498055934906,1.01858901977539,0.0744241327047348,3,RAISE_PD,30,1.34999990463257
177.979833,pitch,0,IDLE,0.105331465601921,1.12993037700653,3.07223725318909,0.780481696128845,1.01858901977539,0.63498055934906,1.01858901977539,0.0744241327047348,3,RAISE_PD,30,1.34999990463257
178.019833,pitch,0,IDLE,0.0906990244984627,1.12993037700653,3.07223725318909,0.780481696128845,1.01858901977539,0.63498055934906,1.01858901977539,0.0744241327047348,3,RAISE_PD,30,1.34999990463257
178.059833,pitch,0,IDLE,0.0800081416964531,1.12993037700653,3.07223725318909,0.780481696128845,1.01858901977539,0.63498055934906,1.01858901977539,0.0744241327047348,3,RAISE_PD,30,1.34999990463257
178.099833,pitch,0,IDLE,0.073850691318512,1.12993037700653,3.07223725318909,0.780481696128845,1.01858901977539,0.63498055934906,1.01858901977539,0.0744241327047348,3,RAISE_PD,30,1.34999990463257
178.139833,pitch,0,IDLE,0.0719762742519379,1.12993037700653,3.07223725318909,0.780481696128845,1.01858901977539,0.63498055934906,1.01858901977539,0.0744241327047348,3,RAISE_PD,30,1.34999990463257
178.179833,pitch,0,IDLE,0.0738023445010185,1.12993037700653,3.07223725318909,0.780481696128845,1.01858901977539,0.63498055934906,1.01858901977539,0.0744241327047348,3,RAISE_PD,30,1.34999990463257
178.219833,pitch,0,IDLE,0.0792706459760666,1.12993037700653,3.07223725318909,0.780481696128845,1.01858901977539,0.63498055934906,1.01858901977539,0.0744241327047348,3,RAISE_PD,30,1.34999990463257
178.259833,pitch,0,IDLE,0.087798185646534,1.12993037700653,3.07223725318909,0.780481696128845,1.01858901977539,0.63498055934906,1.01858901977539,0.0744241327047348,3,RAISE_PD,30,1.34999990463257
178.299833,pitch,0,IDLE,0.0987355560064316,1.12993037700653,3.07223725318909,0.780481696128845,1.01858901977539,0.63498055934906,1.01858901977539,0.0744241327047348,3,RAISE_PD,30,1.34999990463257
178.339833,pitch,0,IDLE,0.112097777426243,1.12993037700653,3.07223725318909,0.780481696128845,1.01858901977539,0.63498055934906,1.01858901977539,0.0744241327047348,3,RAISE_PD,30,1.34999990463257
178.379833,pitch,0,IDLE,0.12669450044632,1.12993037700653,3.07223725318909,0.780481696128845,1.01858901977539,0.63498055934906,1.01858901977539,0.0744241327047348,3,RAISE_PD,30,1.34999990463257
178.419833,pitch,0,IDLE,0.142305850982666,1.12993037700653,3.07223725318909,0.780481696128845,1.01858901977539,0.63498055934906,1.01858901977539,0.0744241327047348,3,RAISE_PD,30,1.34999990463257
178.459833,pitch,0,IDLE,0.158141747117043,1.12993037700653,3.07223725318909,0.780481696128845,1.01858901977539,0.63498055934906,1.01858901977539,0.0744241327047348,3,RAISE_PD,30,1.34999990463257
178.499833,pitch,0,IDLE,0.174156993627548,1.12993037700653,3.07223725318909,0.780481696128845,1.01858901977539,0.63498055934906,1.01858901977539,0.0744241327047348,3,RAISE_PD,30,1.34999990463257
178.539833,pitch,0,IDLE,0.149571686983109,1.12993037700653,3.07223725318909,0.780481696128845,1.01858901977539,0.63498055934906,1.01858901977539,0.0744241327047348,3,RAISE_PD,30,1.34999990463257
178.579833,pitch,0,IDLE,0.0365429185330868,1.12993037700653,3.07223725318909,0.780481696128845,1.01858901977539,0.63498055934906,1.01858901977539,0.0744241327047348,3,RAISE_PD,30,1.34999990463257
178.619833,pitch,0,IDLE,-0.0987975746393204,1.12993037700653,3.07223725318909,0.780481696128845,1.01858901977539,0.63498055934906,1.01858901977539,0.0744241327047348,3,RAISE_PD,30,1.34999990463257
178.659833,pitch,0,IDLE,-0.235429212450981,1.12993037700653,3.07223725318909,0.780481696128845,1.01858901977539,0.63498055934906,1.01858901977539,0.0744241327047348,3,RAISE_PD,30,1.34999990463257
178.699833,pitch,2,DEMAND_NEG,-0.364952594041824,1.12993037700653,3.07223725318909,0.780481696128845,1.01858901977539,0.63498055934906,1.01858901977539,0.0744241327047348,3,RAISE_PD,30,1.34999990463257
178.739833,pitch,2,DEMAND_NEG,-0.480830252170563,1.12993037700653,3.07223725318909,0.780481696128845,1.01858901977539,0.63498055934906,1.01858901977539,0.0744241327047348,3,RAISE_PD,30,1.34999990463257
178.779833,pitch,2,DEMAND_NEG,-0.577306747436523,1.12993037700653,3.07223725318909,0.780481696128845,1.01858901977539,0.63498055934906,1.01858901977539,0.0744241327047348,3,RAISE_PD,30,1.34999990463257
178.819833,pitch,2,DEMAND_NEG,-0.651208400726318,1.12993037700653,3.07223725318909,0.780481696128845,1.01858901977539,0.63498055934906,1.01858901977539,0.0744241327047348,3,RAISE_PD,30,1.34999990463257
178.859833,pitch,2,DEMAND_NEG,-0.701501667499542,1.12993037700653,3.07223725318909,0.780481696128845,1.01858901977539,0.63498055934906,1.01858901977539,0.0744241327047348,3,RAISE_PD,30,1.34999990463257
178.899833,pitch,2,DEMAND_NEG,-0.729778110980988,1.12993037700653,3.07223725318909,0.780481696128845,1.01858901977539,0.63498055934906,1.01858901977539,0.0744241327047348,3,RAISE_PD,30,1.34999990463257
178.939833,pitch,2,DEMAND_NEG,-0.738121569156647,1.12993037700653,3.07223725318909,0.780481696128845,1.01858901977539,0.63498055934906,1.01858901977539,0.0744241327047348,3,RAISE_PD,30,1.34999990463257
178.979833,pitch,2,DEMAND_NEG,-0.730311036109924,1.16489779949188,3.12984681129456,0.780481696128845,1.01858901977539,0.63498055934906,1.01858901977539,0.0744241327047348,3,RAISE_PD,30,1.34999990463257
179.019833,pitch,2,DEMAND_NEG,-0.710112452507019,1.20366859436035,3.19124579429626,0.780481696128845,1.01858901977539,0.63498055934906,1.01858901977539,0.0744241327047348,3,RAISE_PD,30,1.34999990463257
179.059833,pitch,2,DEMAND_NEG,-0.680385291576385,1.23640584945679,3.23765969276428,0.780481696128845,1.01858901977539,0.63498055934906,1.01858901977539,0.0744241327047348,3,RAISE_PD,30,1.34999990463257
179.099833,pitch,2,DEMAND_NEG,-0.644955217838287,1.26339149475098,3.26916813850403,0.780481696128845,1.01858901977539,0.63498055934906,1.01858901977539,0.0744241327047348,3,RAISE_PD,30,1.34999990463257
179.139833,pitch,2,DEMAND_NEG,-0.606026828289032,1.28520250320435,3.28690648078918,0.780481696128845,1.01858901977539,0.63498055934906,1.01858901977539,0.0744241327047348,3,RAISE_PD,30,1.34999990463257
179.179833,pitch,2,DEMAND_NEG,-0.565468728542328,1.30236566066742,3.29240226745605,0.780481696128845,1.01858901977539,0.63498055934906,1.01858901977539,0.0744241327047348,3,RAISE_PD,30,1.34999990463257
179.219833,pitch,2,DEMAND_NEG,-0.525045275688171,1.31536185741425,3.29240226745605,0.780481696128845,1.01858901977539,0.63498055934906,1.01858901977539,0.0744241327047348,3,RAISE_PD,30,1.34999990463257
179.259833,pitch,2,DEMAND_NEG,-0.484994024038315,1.3246294260025,3.29240226745605,0.780481696128845,1.01858901977539,0.63498055934906,1.01858901977539,0.0744241327047348,3,RAISE_PD,30,1.34999990463257
179.299833,pitch,2,DEMAND_NEG,-0.44627833366394,1.33056807518005,3.29240226745605,0.780481696128845,1.01858901977539,0.63498055934906,1.01858901977539,0.0744241327047348,3,RAISE_PD,30,1.34999990463257
179.339833,pitch,2,DEMAND_NEG,-0.408774375915527,1.33306539058685,3.29240226745605,0.780481696128845,1.01858901977539,0.63498055934906,1.01858901977539,0.0744241327047348,3,RAISE_PD,30,1.34999990463257
179.379833,pitch,2,DEMAND_NEG,-0.373857051134109,1.33306539058685,3.29240226745605,0.780481696128845,1.01858901977539,0.63498055934906,1.01858901977539,0.0744241327047348,3,RAISE_PD,30,1.34999990463257
179.419833,pitch,2,DEMAND_NEG,-0.345013856887817,1.33306539058685,3.29240226745605,0.780481696128845,1.01858901977539,0.63498055934906,1.01858901977539,0.0744241327047348,3,RAISE_PD,30,1.34999990463257
179.459833,pitch,2,DEMAND_NEG,-0.325131595134735,1.33306539058685,3.29240226745605,0.780481696128845,1.01858901977539,0.63498055934906,1.01858901977539,0.0744241327047348,3,RAISE_PD,30,1.34999990463257
179.499833,pitch,2,DEMAND_NEG,-0.318628966808319,1.33306539058685,3.29240226745605,0.780481696128845,1.01858901977539,0.63498055934906,1.01858901977539,0.0744241327047348,3,RAISE_PD,30,1.34999990463257
179.539833,pitch,2,DEMAND_NEG,-0.327236384153366,1.33306539058685,3.29240226745605,0.780481696128845,1.01858901977539,0.63498055934906,1.01858901977539,0.0744241327047348,3,RAISE_PD,30,1.34999990463257
179.579833,pitch,2,DEMAND_NEG,-0.348225444555283,1.33306539058685,3.29240226745605,0.780481696128845,1.01858901977539,0.63498055934906,1.01858901977539,0.0744241327047348,3,RAISE_PD,30,1.34999990463257
179.619833,pitch,2,DEMAND_NEG,-0.3792844414711,1.33306539058685,3.29240226745605,0.780481696128845,1.01858901977539,0.63498055934906,1.01858901977539,0.0744241327047348,3,RAISE_PD,30,1.34999990463257
179.659833,pitch,2,DEMAND_NEG,-0.417210966348648,1.33306539058685,3.29240226745605,0.780481696128845,1.01858901977539,0.63498055934906,1.01858901977539,0.0744241327047348,3,RAISE_PD,30,1.34999990463257
179.699833,pitch,2,DEMAND_NEG,-0.459818989038467,1.33306539058685,3.29240226745605,0.780481696128845,1.01858901977539,0.63498055934906,1.01858901977539,0.0744241327047348,3,RAISE_PD,30,1.34999990463257
179.739833,pitch,2,DEMAND_NEG,-0.503808557987213,1.33306539058685,3.29240226745605,0.780481696128845,1.01858901977539,0.63498055934906,1.01858901977539,0.0744241327047348,3,RAISE_PD,30,1.34999990463257
179.779833,pitch,2,DEMAND_NEG,-0.547613143920898,1.33306539058685,3.29240226745605,0.780481696128845,1.01858901977539,0.63498055934906,1.01858901977539,0.0744241327047348,3,RAISE_PD,30,1.34999990463257
179.819833,pitch,2,DEMAND_NEG,-0.589250087738037,1.33306539058685,3.29240226745605,0.780481696128845,1.01858901977539,0.63498055934906,1.01858901977539,0.0744241327047348,3,RAISE_PD,30,1.34999990463257
179.859833,pitch,2,DEMAND_NEG,-0.628006458282471,1.33306539058685,3.29240226745605,0.780481696128845,1.01858901977539,0.63498055934906,1.01858901977539,0.0744241327047348,3,RAISE_PD,30,1.34999990463257
179.899833,pitch,2,DEMAND_NEG,-0.66291755437851,1.33306539058685,3.29240226745605,0.780481696128845,1.01858901977539,0.63498055934906,1.01858901977539,0.0744241327047348,3,RAISE_PD,30,1.34999990463257
179.939833,pitch,2,DEMAND_NEG,-0.693627655506134,1.33306539058685,3.29240226745605,0.780481696128845,1.01858901977539,0.63498055934906,1.01858901977539,0.0744241327047348,3,RAISE_PD,30,1.34999990463257
179.979833,pitch,2,DEMAND_NEG,-0.72020822763443,1.33306539058685,3.29240226745605,0.780481696128845,1.01858901977539,0.63498055934906,1.01858901977539,0.0744241327047348,3,RAISE_PD,30,1.34999990463257
180.019833,pitch,2,DEMAND_NEG,-0.740890264511108,1.33306539058685,3.29240226745605,0.780481696128845,1.01858901977539,0.63498055934906,1.01858901977539,0.0744241327047348,3,RAISE_PD,30,1.34999990463257
