mavpackettype,TimeUS,C1,C2,C3,C4,C5,C6,C7,C8,C9,C10,C11,C12,C13,C14,ap_time_s
RCOU,2199998,1410,1410,1396,1410,1410,0,0,0,0,0,0,0,0,0,2.199998
RCOU,2239998,1410,1410,1396,1410,1410,0,0,0,0,0,0,0,0,0,2.239998
RCOU,2279998,1410,1410,1394,1410,1410,0,0,0,0,0,0,0,0,0,2.279998
RCOU,2319998,1410,1410,1393,1410,1410,0,0,0,0,0,0,0,0,0,2.319998
RCOU,2359998,1410,1410,1391,1410,1410,0,0,0,0,0,0,0,0,0,2.359998
RCOU,2399998,1410,1410,1389,1410,1410,0,0,0,0,0,0,0,0,0,2.399998
RCOU,2439998,1410,1410,1387,1410,1410,0,0,0,0,0,0,0,0,0,2.439998
RCOU,2479998,1410,1410,1385,1410,1410,0,0,0,0,0,0,0,0,0,2.479998
RCOU,2519998,1410,1410,1383,1410,1410,0,0,0,0,0,0,0,0,0,2.519998
RCOU,2559998,1410,1410,1382,1410,1410,0,0,0,0,0,0,0,0,0,2.559998
RCOU,2599998,1410,1410,1380,1410,1410,0,0,0,0,0,0,0,0,0,2.599998
RCOU,2639998,1410,1410,1378,1410,1410,0,0,0,0,0,0,0,0,0,2.639998
RCOU,2679998,1410,1410,1376,1410,1410,0,0,0,0,0,0,0,0,0,2.679998
RCOU,2719998,1410,1410,1374,1410,1410,0,0,0,0,0,0,0,0,0,2.719998
RCOU,2759998,1410,1410,1372,1410,1410,0,0,0,0,0,0,0,0,0,2.759998
RCOU,2799998,1410,1410,1371,1410,1410,0,0,0,0,0,0,0,0,0,2.799998
RCOU,2839998,1410,1410,1369,1410,1410,0,0,0,0,0,0,0,0,0,2.839998
RCOU,2879998,1410,1410,1368,1410,1410,0,0,0,0,0,0,0,0,0,2.879998
RCOU,2919998,1410,1410,1366,1410,1410,0,0,0,0,0,0,0,0,0,2.919998
RCOU,2959998,1410,1410,1364,1410,1410,0,0,0,0,0,0,0,0,0,2.959998
RCOU,2999998,1410,1410,1362,1410,1410,0,0,0,0,0,0,0,0,0,2.999998
RCOU,3039998,1410,1410,1360,1410,1410,0,0,0,0,0,0,0,0,0,3.039998
RCOU,3079998,1410,1410,1359,1410,1410,0,0,0,0,0,0,0,0,0,3.079998
RCOU,3119998,1410,1410,1358,1410,1410,0,0,0,0,0,0,0,0,0,3.119998
RCOU,3159998,1410,1410,1356,1410,1410,0,0,0,0,0,0,0,0,0,3.159998
RCOU,3199998,1410,1410,1354,1410,1410,0,0,0,0,0,0,0,0,0,3.199998
RCOU,3239998,1410,1410,1353,1410,1410,0,0,0,0,0,0,0,0,0,3.239998
RCOU,3279998,1410,1410,1351,1410,1410,0,0,0,0,0,0,0,0,0,3.279998
RCOU,3319998,1410,1410,1349,1410,1410,0,0,0,0,0,0,0,0,0,3.319998
RCOU,3359998,1410,1410,1348,1410,1410,0,0,0,0,0,0,0,0,0,3.359998
RCOU,3399998,1410,1410,1347,1410,1410,0,0,0,0,0,0,0,0,0,3.399998
RCOU,3439998,1410,1410,1346,1410,1410,0,0,0,0,0,0,0,0,0,3.439998
RCOU,3479998,1410,1410,1344,1410,1410,0,0,0,0,0,0,0,0,0,3.479998
RCOU,3519998,1410,1410,1343,1410,1410,0,0,0,0,0,0,0,0,0,3.519998
RCOU,3559998,1410,1410,1341,1410,1410,0,0,0,0,0,0,0,0,0,3.559998
RCOU,3599998,1410,1410,1340,1410,1410,0,0,0,0,0,0,0,0,0,3.599998
RCOU,3639998,1410,1410,1338,1410,1410,0,0,0,0,0,0,0,0,0,3.639998
RCOU,3679998,1410,1410,1337,1410,1410,0,0,0,0,0,0,0,0,0,3.679998
RCOU,3719998,1410,1410,1336,1410,1410,0,0,0,0,0,0,0,0,0,3.719998
RCOU,3759998,1410,1410,1335,1410,1410,0,0,0,0,0,0,0,0,0,3.759998
RCOU,3799998,1410,1410,1334,1410,1410,0,0,0,0,0,0,0,0,0,3.799998
RCOU,3839998,1410,1410,1333,1410,1410,0,0,0,0,0,0,0,0,0,3.839998
RCOU,3879998,1410,1410,1332,1410,1410,0,0,0,0,0,0,0,0,0,3.879998
RCOU,3919998,1410,1410,1331,1410,1410,0,0,0,0,0,0,0,0,0,3.919998
RCOU,3959998,1410,1410,1330,1410,1410,0,0,0,0,0,0,0,0,0,3.959998
RCOU,4019996,1410,1410,1329,1410,1410,0,0,0,0,0,0,0,0,0,4.019996
RCOU,4079993,1410,1410,1327,1410,1410,0,0,0,0,0,0,0,0,0,4.079993
RCOU,4139990,1410,1410,1326,1410,1410,0,0,0,0,0,0,0,0,0,4.13999
RCOU,4199988,1409,1554,1325,1409,1409,0,0,0,0,0,0,0,0,0,4.199988
RCOU,4239988,1409,1549,1324,1409,1409,0,0,0,0,0,0,0,0,0,4.239988
RCOU,4279988,1409,1536,1323,1409,1409,0,0,0,0,0,0,0,0,0,4.279988
RCOU,4319988,1409,1513,1323,1409,1409,0,0,0,0,0,0,0,0,0,4.319988
RCOU,4359988,1409,1485,1322,1409,1409,0,0,0,0,0,0,0,0,0,4.359988
RCOU,4399988,1409,1453,1322,1409,1409,0,0,0,0,0,0,0,0,0,4.399988
RCOU,4439988,1409,1421,1323,1409,1409,0,0,0,0,0,0,0,0,0,4.439988
RCOU,4479988,1409,1400,1323,1409,1409,0,0,0,0,0,0,0,0,0,4.479988
RCOU,4519988,1408,1385,1324,1409,1408,0,0,0,0,0,0,0,0,0,4.519988
RCOU,4559988,1408,1376,1325,1409,1408,0,0,0,0,0,0,0,0,0,4.559988
RCOU,4599988,1408,1371,1326,1409,1408,0,0,0,0,0,0,0,0,0,4.599988
RCOU,4639988,1408,1371,1328,1409,1408,0,0,0,0,0,0,0,0,0,4.639988
RCOU,4679988,1408,1375,1330,1409,1408,0,0,0,0,0,0,0,0,0,4.679988
RCOU,4719988,1408,1382,1332,1409,1408,0,0,0,0,0,0,0,0,0,4.719988
RCOU,4759988,1408,1390,1334,1409,1408,0,0,0,0,0,0,0,0,0,4.759988
RCOU,4799988,1408,1399,1336,1409,1408,0,0,0,0,0,0,0,0,0,4.799988
RCOU,4839988,1408,1407,1337,1409,1408,0,0,0,0,0,0,0,0,0,4.839988
RCOU,4879988,1408,1416,1338,1410,1408,0,0,0,0,0,0,0,0,0,4.879988
RCOU,4919988,1408,1426,1340,1410,1408,0,0,0,0,0,0,0,0,0,4.919988
RCOU,4959988,1408,1433,1341,1410,1408,0,0,0,0,0,0,0,0,0,4.959988
RCOU,4999988,1408,1435,1343,1410,1408,0,0,0,0,0,0,0,0,0,4.999988
RCOU,5039988,1408,1434,1344,1410,1408,0,0,0,0,0,0,0,0,0,5.039988
RCOU,5079988,1408,1431,1345,1410,1408,0,0,0,0,0,0,0,0,0,5.079988
RCOU,5119988,1407,1425,1347,1410,1407,0,0,0,0,0,0,0,0,0,5.119988
RCOU,5159988,1407,1418,1348,1410,1407,0,0,0,0,0,0,0,0,0,5.159988
RCOU,5199988,1407,1411,1348,1410,1407,0,0,0,0,0,0,0,0,0,5.199988
RCOU,5239988,1407,1407,1349,1410,1407,0,0,0,0,0,0,0,0,0,5.239988
RCOU,5279988,1407,1402,1351,1410,1407,0,0,0,0,0,0,0,0,0,5.279988
RCOU,5319988,1407,1399,1352,1410,1407,0,0,0,0,0,0,0,0,0,5.319988
RCOU,5359988,1407,1396,1353,1410,1407,0,0,0,0,0,0,0,0,0,5.359988
RCOU,5399988,1407,1395,1355,1410,1407,0,0,0,0,0,0,0,0,0,5.399988
RCOU,5439988,1407,1395,1356,1410,1407,0,0,0,0,0,0,0,0,0,5.439988
RCOU,5479988,1407,1397,1358,1410,1407,0,0,0,0,0,0,0,0,0,5.479988
RCOU,5519988,1407,1399,1359,1410,1407,0,0,0,0,0,0,0,0,0,5.519988
RCOU,5559988,1407,1401,1359,1410,1407,0,0,0,0,0,0,0,0,0,5.559988
RCOU,5599988,1407,1404,1361,1410,1407,0,0,0,0,0,0,0,0,0,5.599988
RCOU,5639988,1407,1406,1362,1410,1407,0,0,0,0,0,0,0,0,0,5.639988
RCOU,5679988,1407,1409,1363,1410,1407,0,0,0,0,0,0,0,0,0,5.679988
RCOU,5719988,1407,1410,1364,1410,1407,0,0,0,0,0,0,0,0,0,5.719988
RCOU,5759988,1407,1413,1365,1410,1407,0,0,0,0,0,0,0,0,0,5.759988
RCOU,5799988,1406,1416,1366,1410,1406,0,0,0,0,0,0,0,0,0,5.799988
RCOU,5839988,1406,1417,1367,1410,1406,0,0,0,0,0,0,0,0,0,5.839988
RCOU,5879988,1406,1418,1368,1410,1406,0,0,0,0,0,0,0,0,0,5.879988
RCOU,5919988,1406,1418,1369,1410,1406,0,0,0,0,0,0,0,0,0,5.919988
RCOU,5959988,1406,1417,1369,1410,1406,0,0,0,0,0,0,0,0,0,5.959988
RCOU,5999988,1406,1415,1370,1410,1406,0,0,0,0,0,0,0,0,0,5.999988
RCOU,6039988,1406,1414,1371,1410,1406,0,0,0,0,0,0,0,0,0,6.039988
RCOU,6079988,1406,1412,1371,1410,1406,0,0,0,0,0,0,0,0,0,6.079988
RCOU,6119988,1406,1410,1371,1410,1406,0,0,0,0,0,0,0,0,0,6.119988
RCOU,6159988,1406,1410,1372,1410,1406,0,0,0,0,0,0,0,0,0,6.159988
RCOU,6199988,1406,1409,1372,1410,1406,0,0,0,0,0,0,0,0,0,6.199988
RCOU,6239988,1406,1408,1373,1410,1406,0,0,0,0,0,0,0,0,0,6.239988
RCOU,6279988,1406,1408,1373,1410,1406,0,0,0,0,0,0,0,0,0,6.279988
RCOU,6319988,1406,1407,1374,1410,1406,0,0,0,0,0,0,0,0,0,6.319988
RCOU,6359988,1406,1407,1375,1410,1406,0,0,0,0,0,0,0,0,0,6.359988
RCOU,6399988,1406,1408,1375,1410,1406,0,0,0,0,0,0,0,0,0,6.399988
RCOU,6439988,1406,1409,1376,1410,1406,0,0,0,0,0,0,0,0,0,6.439988
RCOU,6479988,1405,1409,1376,1410,1405,0,0,0,0,0,0,0,0,0,6.479988
RCOU,6519988,1405,1410,1377,1410,1405,0,0,0,0,0,0,0,0,0,6.519988
RCOU,6559988,1405,1410,1377,1410,1405,0,0,0,0,0,0,0,0,0,6.559988
RCOU,6599988,1405,1412,1377,1410,1405,0,0,0,0,0,0,0,0,0,6.599988
RCOU,6639988,1405,1413,1378,1410,1405,0,0,0,0,0,0,0,0,0,6.639988
RCOU,6679988,1405,1415,1378,1410,1405,0,0,0,0,0,0,0,0,0,6.679988
RCOU,6719988,1405,1416,1379,1410,1405,0,0,0,0,0,0,0,0,0,6.719988
RCOU,6759988,1405,1417,1379,1410,1405,0,0,0,0,0,0,0,0,0,6.759988
RCOU,6799988,1405,1417,1379,1410,1405,0,0,0,0,0,0,0,0,0,6.799988
RCOU,6839988,1405,1418,1379,1410,1405,0,0,0,0,0,0,0,0,0,6.839988
RCOU,6879988,1405,1418,1380,1410,1405,0,0,0,0,0,0,0,0,0,6.879988
RCOU,6919988,1405,1418,1380,1410,1405,0,0,0,0,0,0,0,0,0,6.919988
RCOU,6959988,1405,1418,1380,1410,1405,0,0,0,0,0,0,0,0,0,6.959988
RCOU,6999988,1405,1417,1380,1410,1405,0,0,0,0,0,0,0,0,0,6.999988
RCOU,7039988,1405,1417,1380,1410,1405,0,0,0,0,0,0,0,0,0,7.039988
RCOU,7079988,1405,1416,1380,1410,1405,0,0,0,0,0,0,0,0,0,7.079988
RCOU,7119988,1405,1416,1380,1410,1405,0,0,0,0,0,0,0,0,0,7.119988
RCOU,7159988,1405,1416,1380,1410,1405,0,0,0,0,0,0,0,0,0,7.159988
RCOU,7199988,1405,1416,1381,1410,1405,0,0,0,0,0,0,0,0,0,7.199988
RCOU,7239988,1405,1416,1381,1410,1405,0,0,0,0,0,0,0,0,0,7.239988
RCOU,7279988,1405,1415,1381,1410,1405,0,0,0,0,0,0,0,0,0,7.279988
RCOU,7319988,1404,1415,1381,1410,1404,0,0,0,0,0,0,0,0,0,7.319988
RCOU,7359988,1404,1415,1381,1410,1404,0,0,0,0,0,0,0,0,0,7.359988
RCOU,7399988,1404,1415,1381,1410,1404,0,0,0,0,0,0,0,0,0,7.399988
RCOU,7439988,1405,1416,1381,1410,1405,0,0,0,0,0,0,0,0,0,7.439988
RCOU,7479988,1405,1416,1381,1410,1405,0,0,0,0,0,0,0,0,0,7.479988
RCOU,7519988,1405,1416,1381,1411,1405,0,0,0,0,0,0,0,0,0,7.519988
RCOU,7559988,1405,1416,1381,1413,1405,0,0,0,0,0,0,0,0,0,7.559988
RCOU,7599988,1406,1416,1381,1414,1406,0,0,0,0,0,0,0,0,0,7.599988
RCOU,7639988,1406,1416,1381,1416,1406,0,0,0,0,0,0,0,0,0,7.639988
RCOU,7679988,1407,1416,1381,1418,1407,0,0,0,0,0,0,0,0,0,7.679988
RCOU,7719988,1407,1416,1381,1420,1407,0,0,0,0,0,0,0,0,0,7.719988
RCOU,7759988,1408,1416,1381,1422,1408,0,0,0,0,0,0,0,0,0,7.759988
RCOU,7799988,1408,1417,1381,1424,1408,0,0,0,0,0,0,0,0,0,7.799988
RCOU,7839988,1409,1417,1381,1426,1409,0,0,0,0,0,0,0,0,0,7.839988
RCOU,7879988,1410,1417,1380,1428,1410,0,0,0,0,0,0,0,0,0,7.879988
RCOU,7919988,1410,1417,1380,1429,1410,0,0,0,0,0,0,0,0,0,7.919988
RCOU,7959988,1410,1417,1380,1430,1410,0,0,0,0,0,0,0,0,0,7.959988
RCOU,7999988,1410,1417,1380,1430,1410,0,0,0,0,0,0,0,0,0,7.999988
RCOU,8039988,1411,1417,1380,1429,1411,0,0,0,0,0,0,0,0,0,8.039988
RCOU,8079988,1411,1418,1380,1428,1411,0,0,0,0,0,0,0,0,0,8.079988
RCOU,8119988,1412,1418,1380,1426,1412,0,0,0,0,0,0,0,0,0,8.119988
RCOU,8159988,1412,1418,1380,1424,1412,0,0,0,0,0,0,0,0,0,8.159988
RCOU,8199988,1412,1418,1380,1421,1412,0,0,0,0,0,0,0,0,0,8.199988
RCOU,8239988,1412,1418,1380,1418,1412,0,0,0,0,0,0,0,0,0,8.239988
RCOU,8279988,1413,1418,1379,1414,1413,0,0,0,0,0,0,0,0,0,8.279988
RCOU,8319988,1413,1418,1379,1410,1413,0,0,0,0,0,0,0,0,0,8.319988
RCOU,8359988,1413,1418,1379,1409,1413,0,0,0,0,0,0,0,0,0,8.359988
RCOU,8399988,1414,1418,1379,1407,1414,0,0,0,0,0,0,0,0,0,8.399988
RCOU,8439988,1414,1418,1379,1405,1414,0,0,0,0,0,0,0,0,0,8.439988
RCOU,8479988,1415,1419,1379,1403,1415,0,0,0,0,0,0,0,0,0,8.479988
RCOU,8519988,1415,1419,1379,1401,1415,0,0,0,0,0,0,0,0,0,8.519988
RCOU,8559988,1416,1419,1378,1400,1416,0,0,0,0,0,0,0,0,0,8.559988
RCOU,8599988,1416,1419,1378,1399,1416,0,0,0,0,0,0,0,0,0,8.599988
RCOU,8639988,1417,1419,1378,1399,1417,0,0,0,0,0,0,0,0,0,8.639988
RCOU,8679988,1417,1419,1378,1399,1417,0,0,0,0,0,0,0,0,0,8.679988
RCOU,8719988,1417,1419,1378,1399,1417,0,0,0,0,0,0,0,0,0,8.719988
RCOU,8759988,1418,1419,1377,1399,1418,0,0,0,0,0,0,0,0,0,8.759988
RCOU,8799988,1418,1420,1377,1399,1418,0,0,0,0,0,0,0,0,0,8.799988
RCOU,8839988,1417,1419,1377,1400,1417,0,0,0,0,0,0,0,0,0,8.839988
RCOU,8879988,1417,1419,1377,1400,1417,0,0,0,0,0,0,0,0,0,8.879988
RCOU,8919988,1417,1418,1377,1401,1417,0,0,0,0,0,0,0,0,0,8.919988
RCOU,8959988,1417,1418,1377,1401,1417,0,0,0,0,0,0,0,0,0,8.959988
RCOU,8999988,1417,1416,1376,1401,1417,0,0,0,0,0,0,0,0,0,8.999988
RCOU,9039988,1416,1415,1376,1401,1416,0,0,0,0,0,0,0,0,0,9.039988
RCOU,9079988,1416,1414,1376,1401,1416,0,0,0,0,0,0,0,0,0,9.079988
RCOU,9119988,1416,1412,1376,1402,1416,0,0,0,0,0,0,0,0,0,9.119988
RCOU,9159988,1415,1411,1376,1402,1415,0,0,0,0,0,0,0,0,0,9.159988
RCOU,9199988,1415,1410,1376,1402,1415,0,0,0,0,0,0,0,0,0,9.199988
RCOU,9239988,1414,1410,1375,1402,1414,0,0,0,0,0,0,0,0,0,9.239988
RCOU,9279988,1414,1410,1375,1402,1414,0,0,0,0,0,0,0,0,0,9.279988
RCOU,9319988,1414,1410,1375,1402,1414,0,0,0,0,0,0,0,0,0,9.319988
RCOU,9359988,1413,1410,1375,1402,1413,0,0,0,0,0,0,0,0,0,9.359988
RCOU,9399988,1413,1410,1375,1402,1413,0,0,0,0,0,0,0,0,0,9.399988
RCOU,9439988,1412,1410,1375,1402,1412,0,0,0,0,0,0,0,0,0,9.439988
RCOU,9479988,1412,1410,1375,1402,1412,0,0,0,0,0,0,0,0,0,9.479988
RCOU,9519988,1411,1410,1375,1402,1411,0,0,0,0,0,0,0,0,0,9.519988
RCOU,9559988,1410,1410,1375,1402,1410,0,0,0,0,0,0,0,0,0,9.559988
RCOU,9599988,1410,1410,1375,1402,1410,0,0,0,0,0,0,0,0,0,9.599988
RCOU,9639988,1410,1410,1375,1403,1410,0,0,0,0,0,0,0,0,0,9.639988
RCOU,9679988,1410,1410,1375,1403,1410,0,0,0,0,0,0,0,0,0,9.679988
RCOU,9719988,1410,1410,1374,1404,1410,0,0,0,0,0,0,0,0,0,9.719988
RCOU,9759988,1410,1410,1374,1404,1410,0,0,0,0,0,0,0,0,0,9.759988
RCOU,9799988,1410,1410,1374,1405,1410,0,0,0,0,0,0,0,0,0,9.799988
RCOU,9839988,1409,1409,1374,1406,1409,0,0,0,0,0,0,0,0,0,9.839988
RCOU,9879988,1409,1409,1374,1407,1409,0,0,0,0,0,0,0,0,0,9.879988
RCOU,9919988,1409,1409,1374,1409,1409,0,0,0,0,0,0,0,0,0,9.919988
RCOU,9959988,1409,1409,1374,1410,1409,0,0,0,0,0,0,0,0,0,9.959988
RCOU,9999988,1409,1409,1374,1411,1409,0,0,0,0,0,0,0,0,0,9.999988
RCOU,10039988,1409,1428,1374,1414,1409,0,0,0,0,0,0,0,0,0,10.039988
RCOU,10079988,1409,1445,1373,1416,1409,0,0,0,0,0,0,0,0,0,10.079988
RCOU,10119988,1409,1450,1373,1418,1409,0,0,0,0,0,0,0,0,0,10.119988
RCOU,10159988,1409,1451,1373,1420,1409,0,0,0,0,0,0,0,0,0,10.159988
RCOU,10199988,1409,1449,1373,1421,1409,0,0,0,0,0,0,0,0,0,10.199988
RCOU,10239988,1409,1444,1373,1421,1409,0,0,0,0,0,0,0,0,0,10.239988
RCOU,10279988,1409,1438,1373,1422,1409,0,0,0,0,0,0,0,0,0,10.279988
RCOU,10319988,1409,1431,1373,1421,1409,0,0,0,0,0,0,0,0,0,10.319988
RCOU,10359988,1409,1423,1373,1421,1409,0,0,0,0,0,0,0,0,0,10.359988
RCOU,10399988,1409,1416,1373,1420,1409,0,0,0,0,0,0,0,0,0,10.399988
RCOU,10439988,1408,1411,1374,1418,1408,0,0,0,0,0,0,0,0,0,10.439988
RCOU,10479988,1408,1409,1374,1416,1408,0,0,0,0,0,0,0,0,0,10.479988
RCOU,10519988,1408,1407,1375,1414,1408,0,0,0,0,0,0,0,0,0,10.519988
RCOU,10559988,1408,1407,1375,1413,1408,0,0,0,0,0,0,0,0,0,10.559988
RCOU,10599988,1408,1408,1376,1412,1408,0,0,0,0,0,0,0,0,0,10.599988
RCOU,10639988,1408,1409,1376,1410,1408,0,0,0,0,0,0,0,0,0,10.639988
RCOU,10679988,1408,1410,1377,1410,1408,0,0,0,0,0,0,0,0,0,10.679988
RCOU,10719988,1408,1412,1377,1410,1408,0,0,0,0,0,0,0,0,0,10.719988
RCOU,10759988,1408,1414,1378,1409,1408,0,0,0,0,0,0,0,0,0,10.759988
RCOU,10799988,1408,1417,1379,1408,1408,0,0,0,0,0,0,0,0,0,10.799988
RCOU,10839988,1408,1420,1379,1407,1408,0,0,0,0,0,0,0,0,0,10.839988
RCOU,10879988,1408,1422,1380,1407,1408,0,0,0,0,0,0,0,0,0,10.879988
RCOU,10919988,1408,1424,1380,1406,1408,0,0,0,0,0,0,0,0,0,10.919988
RCOU,10959988,1408,1425,1381,1406,1408,0,0,0,0,0,0,0,0,0,10.959988
RCOU,10999988,1407,1425,1381,1406,1407,0,0,0,0,0,0,0,0,0,10.999988
RCOU,11039988,1407,1424,1381,1406,1407,0,0,0,0,0,0,0,0,0,11.039988
RCOU,11079988,1407,1423,1382,1406,1407,0,0,0,0,0,0,0,0,0,11.079988
RCOU,11119988,1407,1422,1382,1407,1407,0,0,0,0,0,0,0,0,0,11.119988
RCOU,11159988,1407,1420,1382,1407,1407,0,0,0,0,0,0,0,0,0,11.159988
RCOU,11199988,1407,1418,1382,1409,1407,0,0,0,0,0,0,0,0,0,11.199988
RCOU,11239988,1407,1417,1382,1410,1407,0,0,0,0,0,0,0,0,0,11.239988
RCOU,11279988,1407,1415,1383,1410,1407,0,0,0,0,0,0,0,0,0,11.279988
RCOU,11319988,1407,1414,1383,1411,1407,0,0,0,0,0,0,0,0,0,11.319988
RCOU,11359988,1407,1413,1384,1413,1407,0,0,0,0,0,0,0,0,0,11.359988
RCOU,11399988,1407,1413,1384,1413,1407,0,0,0,0,0,0,0,0,0,11.399988
RCOU,11439988,1407,1412,1384,1414,1407,0,0,0,0,0,0,0,0,0,11.439988
RCOU,11479988,1406,1412,1385,1414,1406,0,0,0,0,0,0,0,0,0,11.479988
RCOU,11519988,1406,1412,1385,1414,1406,0,0,0,0,0,0,0,0,0,11.519988
RCOU,11559988,1406,1412,1386,1415,1406,0,0,0,0,0,0,0,0,0,11.559988
RCOU,11599988,1406,1412,1386,1415,1406,0,0,0,0,0,0,0,0,0,11.599988
RCOU,11639988,1405,1412,1386,1415,1405,0,0,0,0,0,0,0,0,0,11.639988
RCOU,11679988,1405,1412,1387,1415,1405,0,0,0,0,0,0,0,0,0,11.679988
RCOU,11719988,1405,1412,1387,1415,1405,0,0,0,0,0,0,0,0,0,11.719988
RCOU,11759988,1405,1413,1388,1415,1405,0,0,0,0,0,0,0,0,0,11.759988
RCOU,11799988,1405,1413,1388,1415,1405,0,0,0,0,0,0,0,0,0,11.799988
RCOU,11839988,1405,1414,1388,1414,1405,0,0,0,0,0,0,0,0,0,11.839988
RCOU,11879988,1405,1415,1388,1414,1405,0,0,0,0,0,0,0,0,0,11.879988
RCOU,11919988,1405,1416,1389,1413,1405,0,0,0,0,0,0,0,0,0,11.919988
RCOU,11959988,1405,1417,1389,1413,1405,0,0,0,0,0,0,0,0,0,11.959988
RCOU,11999988,1405,1418,1389,1412,1405,0,0,0,0,0,0,0,0,0,11.999988
RCOU,12039988,1404,1418,1390,1411,1404,0,0,0,0,0,0,0,0,0,12.039988
RCOU,12079988,1404,1418,1390,1411,1404,0,0,0,0,0,0,0,0,0,12.079988
RCOU,12119988,1405,1418,1390,1411,1405,0,0,0,0,0,0,0,0,0,12.119988
RCOU,12159988,1405,1418,1390,1410,1405,0,0,0,0,0,0,0,0,0,12.159988
RCOU,12199988,1405,1418,1390,1410,1405,0,0,0,0,0,0,0,0,0,12.199988
RCOU,12239988,1405,1419,1391,1410,1405,0,0,0,0,0,0,0,0,0,12.239988
RCOU,12279988,1405,1420,1391,1410,1405,0,0,0,0,0,0,0,0,0,12.279988
RCOU,12319988,1406,1421,1391,1411,1406,0,0,0,0,0,0,0,0,0,12.319988
RCOU,12359988,1406,1421,1391,1413,1406,0,0,0,0,0,0,0,0,0,12.359988
RCOU,12399988,1407,1421,1391,1414,1407,0,0,0,0,0,0,0,0,0,12.399988
RCOU,12439988,1407,1421,1391,1417,1407,0,0,0,0,0,0,0,0,0,12.439988
RCOU,12479988,1408,1421,1391,1419,1408,0,0,0,0,0,0,0,0,0,12.479988
RCOU,12519988,1408,1421,1391,1421,1408,0,0,0,0,0,0,0,0,0,12.519988
RCOU,12559988,1409,1420,1391,1423,1409,0,0,0,0,0,0,0,0,0,12.559988
RCOU,12599988,1409,1421,1391,1424,1409,0,0,0,0,0,0,0,0,0,12.599988
RCOU,12639988,1410,1421,1391,1426,1410,0,0,0,0,0,0,0,0,0,12.639988
RCOU,12679988,1410,1421,1391,1428,1410,0,0,0,0,0,0,0,0,0,12.679988
RCOU,12719988,1410,1422,1391,1428,1410,0,0,0,0,0,0,0,0,0,12.719988
RCOU,12759988,1410,1397,1391,1429,1410,0,0,0,0,0,0,0,0,0,12.759988
RCOU,12799988,1410,1392,1391,1429,1410,0,0,0,0,0,0,0,0,0,12.799988
RCOU,12839988,1411,1390,1391,1429,1411,0,0,0,0,0,0,0,0,0,12.839988
RCOU,12879988,1411,1390,1391,1428,1411,0,0,0,0,0,0,0,0,0,12.879988
RCOU,12919988,1412,1392,1391,1427,1412,0,0,0,0,0,0,0,0,0,12.919988
RCOU,12959988,1412,1394,1391,1424,1412,0,0,0,0,0,0,0,0,0,12.959988
RCOU,12999988,1412,1398,1391,1421,1412,0,0,0,0,0,0,0,0,0,12.999988
RCOU,13039988,1412,1402,1391,1418,1412,0,0,0,0,0,0,0,0,0,13.039988
RCOU,13079988,1412,1406,1390,1414,1412,0,0,0,0,0,0,0,0,0,13.079988
RCOU,13119988,1413,1410,1390,1410,1413,0,0,0,0,0,0,0,0,0,13.119988
RCOU,13159988,1413,1414,1390,1409,1413,0,0,0,0,0,0,0,0,0,13.159988
RCOU,13199988,1413,1419,1389,1406,1413,0,0,0,0,0,0,0,0,0,13.199988
RCOU,13239988,1413,1423,1388,1405,1413,0,0,0,0,0,0,0,0,0,13.239988
RCOU,13279988,1413,1425,1388,1403,1413,0,0,0,0,0,0,0,0,0,13.279988
RCOU,13319988,1414,1425,1387,1402,1414,0,0,0,0,0,0,0,0,0,13.319988
RCOU,13359988,1414,1425,1386,1401,1414,0,0,0,0,0,0,0,0,0,13.359988
RCOU,13399988,1415,1424,1385,1400,1415,0,0,0,0,0,0,0,0,0,13.399988
RCOU,13439988,1415,1421,1385,1399,1415,0,0,0,0,0,0,0,0,0,13.439988
RCOU,13479988,1415,1419,1384,1399,1415,0,0,0,0,0,0,0,0,0,13.479988
RCOU,13519988,1416,1416,1383,1400,1416,0,0,0,0,0,0,0,0,0,13.519988
RCOU,13559988,1416,1413,1382,1400,1416,0,0,0,0,0,0,0,0,0,13.559988
RCOU,13599988,1416,1411,1382,1401,1416,0,0,0,0,0,0,0,0,0,13.599988
RCOU,13639988,1416,1410,1382,1402,1416,0,0,0,0,0,0,0,0,0,13.639988
RCOU,13679988,1416,1410,1381,1402,1416,0,0,0,0,0,0,0,0,0,13.679988
RCOU,13719988,1416,1410,1380,1403,1416,0,0,0,0,0,0,0,0,0,13.719988
RCOU,13759988,1415,1410,1380,1404,1415,0,0,0,0,0,0,0,0,0,13.759988
RCOU,13799988,1415,1410,1379,1404,1415,0,0,0,0,0,0,0,0,0,13.799988
RCOU,13839988,1414,1410,1378,1405,1414,0,0,0,0,0,0,0,0,0,13.839988
RCOU,13879988,1414,1410,1378,1405,1414,0,0,0,0,0,0,0,0,0,13.879988
RCOU,13919988,1413,1410,1377,1405,1413,0,0,0,0,0,0,0,0,0,13.919988
RCOU,13959988,1413,1410,1376,1405,1413,0,0,0,0,0,0,0,0,0,13.959988
RCOU,13999988,1412,1410,1376,1405,1412,0,0,0,0,0,0,0,0,0,13.999988
RCOU,14039988,1412,1410,1375,1405,1412,0,0,0,0,0,0,0,0,0,14.039988
RCOU,14079988,1411,1410,1375,1405,1411,0,0,0,0,0,0,0,0,0,14.079988
RCOU,14119988,1411,1410,1374,1404,1411,0,0,0,0,0,0,0,0,0,14.119988
RCOU,14159988,1410,1410,1373,1404,1410,0,0,0,0,0,0,0,0,0,14.159988
RCOU,14199988,1410,1410,1373,1403,1410,0,0,0,0,0,0,0,0,0,14.199988
RCOU,14239988,1410,1410,1372,1402,1410,0,0,0,0,0,0,0,0,0,14.239988
RCOU,14279988,1409,1410,1372,1402,1409,0,0,0,0,0,0,0,0,0,14.279988
RCOU,14319988,1409,1410,1371,1402,1409,0,0,0,0,0,0,0,0,0,14.319988
RCOU,14359988,1409,1395,1371,1402,1409,0,0,0,0,0,0,0,0,0,14.359988
RCOU,14399988,1409,1384,1371,1402,1409,0,0,0,0,0,0,0,0,0,14.399988
RCOU,14439988,1408,1381,1371,1403,1408,0,0,0,0,0,0,0,0,0,14.439988
RCOU,14479988,1408,1380,1370,1403,1408,0,0,0,0,0,0,0,0,0,14.479988
RCOU,14519988,1408,1382,1370,1404,1408,0,0,0,0,0,0,0,0,0,14.519988
RCOU,14559988,1408,1384,1369,1405,1408,0,0,0,0,0,0,0,0,0,14.559988
RCOU,14599988,1408,1388,1368,1407,1408,0,0,0,0,0,0,0,0,0,14.599988
RCOU,14639988,1408,1392,1368,1408,1408,0,0,0,0,0,0,0,0,0,14.639988
RCOU,14679988,1408,1397,1367,1410,1408,0,0,0,0,0,0,0,0,0,14.679988
RCOU,14719988,1408,1401,1366,1410,1408,0,0,0,0,0,0,0,0,0,14.719988
RCOU,14759988,1408,1406,1365,1412,1408,0,0,0,0,0,0,0,0,0,14.759988
RCOU,14799988,1408,1409,1364,1413,1408,0,0,0,0,0,0,0,0,0,14.799988
RCOU,14839988,1408,1410,1363,1415,1408,0,0,0,0,0,0,0,0,0,14.839988
RCOU,14879988,1408,1413,1362,1416,1408,0,0,0,0,0,0,0,0,0,14.879988
RCOU,14919988,1408,1415,1361,1417,1408,0,0,0,0,0,0,0,0,0,14.919988
RCOU,14959988,1408,1415,1360,1417,1408,0,0,0,0,0,0,0,0,0,14.959988
RCOU,14999988,1407,1414,1359,1416,1407,0,0,0,0,0,0,0,0,0,14.999988
RCOU,15039988,1407,1412,1358,1416,1407,0,0,0,0,0,0,0,0,0,15.039988
RCOU,15079988,1407,1410,1357,1415,1407,0,0,0,0,0,0,0,0,0,15.079988
RCOU,15119988,1407,1408,1355,1413,1407,0,0,0,0,0,0,0,0,0,15.119988
RCOU,15159988,1407,1406,1354,1412,1407,0,0,0,0,0,0,0,0,0,15.159988
RCOU,15199988,1406,1405,1353,1411,1406,0,0,0,0,0,0,0,0,0,15.199988
RCOU,15239988,1406,1404,1352,1410,1406,0,0,0,0,0,0,0,0,0,15.239988
RCOU,15279988,1406,1403,1350,1409,1406,0,0,0,0,0,0,0,0,0,15.279988
RCOU,15319988,1406,1403,1349,1408,1406,0,0,0,0,0,0,0,0,0,15.319988
RCOU,15359988,1406,1402,1348,1407,1406,0,0,0,0,0,0,0,0,0,15.359988
RCOU,15399988,1405,1402,1348,1407,1405,0,0,0,0,0,0,0,0,0,15.399988
RCOU,15439988,1405,1402,1347,1406,1405,0,0,0,0,0,0,0,0,0,15.439988
RCOU,15479988,1405,1402,1346,1405,1405,0,0,0,0,0,0,0,0,0,15.479988
RCOU,15519988,1405,1402,1344,1405,1405,0,0,0,0,0,0,0,0,0,15.519988
RCOU,15559988,1405,1402,1343,1405,1405,0,0,0,0,0,0,0,0,0,15.559988
RCOU,15599988,1405,1402,1342,1404,1405,0,0,0,0,0,0,0,0,0,15.599988
RCOU,15639988,1405,1401,1341,1404,1405,0,0,0,0,0,0,0,0,0,15.639988
RCOU,15679988,1405,1401,1340,1404,1405,0,0,0,0,0,0,0,0,0,15.679988
RCOU,15719988,1405,1400,1339,1405,1405,0,0,0,0,0,0,0,0,0,15.719988
RCOU,15759988,1404,1400,1338,1405,1404,0,0,0,0,0,0,0,0,0,15.759988
RCOU,15799988,1404,1401,1337,1406,1404,0,0,0,0,0,0,0,0,0,15.799988
RCOU,15839988,1405,1401,1336,1406,1405,0,0,0,0,0,0,0,0,0,15.839988
RCOU,15879988,1405,1401,1336,1408,1405,0,0,0,0,0,0,0,0,0,15.879988
RCOU,15919988,1405,1402,1335,1409,1405,0,0,0,0,0,0,0,0,0,15.919988
RCOU,15959988,1405,1403,1334,1410,1405,0,0,0,0,0,0,0,0,0,15.959988
RCOU,15999988,1406,1404,1333,1411,1406,0,0,0,0,0,0,0,0,0,15.999988
RCOU,16039988,1406,1404,1333,1413,1406,0,0,0,0,0,0,0,0,0,16.039988
RCOU,16079988,1406,1405,1332,1415,1406,0,0,0,0,0,0,0,0,0,16.079988
RCOU,16119988,1407,1406,1331,1418,1407,0,0,0,0,0,0,0,0,0,16.119988
RCOU,16159988,1407,1406,1330,1420,1407,0,0,0,0,0,0,0,0,0,16.159988
RCOU,16199988,1408,1406,1329,1422,1408,0,0,0,0,0,0,0,0,0,16.199988
RCOU,16239988,1408,1407,1328,1424,1408,0,0,0,0,0,0,0,0,0,16.239988
RCOU,16279988,1408,1407,1327,1426,1408,0,0,0,0,0,0,0,0,0,16.279988
RCOU,16319988,1409,1408,1326,1428,1409,0,0,0,0,0,0,0,0,0,16.319988
RCOU,16359988,1409,1408,1325,1429,1409,0,0,0,0,0,0,0,0,0,16.359988
RCOU,16399988,1409,1408,1325,1430,1409,0,0,0,0,0,0,0,0,0,16.399988
RCOU,16439988,1410,1407,1324,1431,1410,0,0,0,0,0,0,0,0,0,16.439988
RCOU,16479988,1410,1407,1323,1431,1410,0,0,0,0,0,0,0,0,0,16.479988
RCOU,16519988,1410,1406,1322,1431,1410,0,0,0,0,0,0,0,0,0,16.519988
RCOU,16559988,1411,1405,1321,1429,1411,0,0,0,0,0,0,0,0,0,16.559988
RCOU,16599988,1411,1405,1320,1427,1411,0,0,0,0,0,0,0,0,0,16.599988
RCOU,16639988,1412,1404,1319,1424,1412,0,0,0,0,0,0,0,0,0,16.639988
RCOU,16679988,1412,1402,1318,1421,1412,0,0,0,0,0,0,0,0,0,16.679988
RCOU,16719988,1412,1401,1317,1417,1412,0,0,0,0,0,0,0,0,0,16.719988
RCOU,16759988,1412,1400,1317,1413,1412,0,0,0,0,0,0,0,0,0,16.759988
RCOU,16799988,1412,1399,1316,1410,1412,0,0,0,0,0,0,0,0,0,16.799988
RCOU,16839988,1412,1398,1315,1409,1412,0,0,0,0,0,0,0,0,0,16.839988
RCOU,16879988,1412,1397,1315,1406,1412,0,0,0,0,0,0,0,0,0,16.879988
RCOU,16919988,1413,1397,1314,1404,1413,0,0,0,0,0,0,0,0,0,16.919988
RCOU,16959988,1413,1396,1313,1402,1413,0,0,0,0,0,0,0,0,0,16.959988
RCOU,16999988,1413,1396,1313,1401,1413,0,0,0,0,0,0,0,0,0,16.999988
RCOU,17039988,1414,1396,1313,1399,1414,0,0,0,0,0,0,0,0,0,17.039988
RCOU,17079988,1414,1412,1313,1398,1414,0,0,0,0,0,0,0,0,0,17.079988
RCOU,17119988,1414,1420,1312,1397,1414,0,0,0,0,0,0,0,0,0,17.119988
RCOU,17159988,1414,1422,1311,1397,1414,0,0,0,0,0,0,0,0,0,17.159988
RCOU,17199988,1414,1423,1311,1398,1414,0,0,0,0,0,0,0,0,0,17.199988
RCOU,17239988,1415,1421,1310,1398,1415,0,0,0,0,0,0,0,0,0,17.239988
RCOU,17279988,1415,1419,1310,1399,1415,0,0,0,0,0,0,0,0,0,17.279988
RCOU,17319988,1416,1416,1309,1401,1416,0,0,0,0,0,0,0,0,0,17.319988
RCOU,17359988,1416,1412,1309,1401,1416,0,0,0,0,0,0,0,0,0,17.359988
RCOU,17399988,1416,1410,1308,1403,1416,0,0,0,0,0,0,0,0,0,17.399988
RCOU,17439988,1416,1408,1308,1404,1416,0,0,0,0,0,0,0,0,0,17.439988
RCOU,17479988,1416,1406,1308,1405,1416,0,0,0,0,0,0,0,0,0,17.479988
RCOU,17519988,1416,1404,1308,1406,1416,0,0,0,0,0,0,0,0,0,17.519988
RCOU,17559988,1416,1402,1308,1407,1416,0,0,0,0,0,0,0,0,0,17.559988
RCOU,17599988,1415,1401,1308,1407,1415,0,0,0,0,0,0,0,0,0,17.599988
RCOU,17639988,1415,1400,1308,1408,1415,0,0,0,0,0,0,0,0,0,17.639988
RCOU,17679988,1414,1399,1308,1408,1414,0,0,0,0,0,0,0,0,0,17.679988
RCOU,17719988,1414,1398,1308,1408,1414,0,0,0,0,0,0,0,0,0,17.719988
RCOU,17759988,1413,1398,1308,1407,1413,0,0,0,0,0,0,0,0,0,17.759988
RCOU,17799988,1413,1397,1308,1406,1413,0,0,0,0,0,0,0,0,0,17.799988
RCOU,17839988,1412,1397,1309,1404,1412,0,0,0,0,0,0,0,0,0,17.839988
RCOU,17879988,1411,1397,1309,1403,1411,0,0,0,0,0,0,0,0,0,17.879988
RCOU,17919988,1410,1396,1309,1401,1410,0,0,0,0,0,0,0,0,0,17.919988
RCOU,17959988,1410,1396,1309,1400,1410,0,0,0,0,0,0,0,0,0,17.959988
RCOU,17999988,1410,1397,1310,1399,1410,0,0,0,0,0,0,0,0,0,17.999988
RCOU,18039988,1410,1397,1310,1398,1410,0,0,0,0,0,0,0,0,0,18.039988
RCOU,18079988,1410,1398,1310,1398,1410,0,0,0,0,0,0,0,0,0,18.079988
RCOU,18119988,1410,1398,1310,1398,1410,0,0,0,0,0,0,0,0,0,18.119988
RCOU,18159988,1410,1398,1310,1398,1410,0,0,0,0,0,0,0,0,0,18.159988
RCOU,18199988,1410,1399,1311,1398,1410,0,0,0,0,0,0,0,0,0,18.199988
RCOU,18239988,1410,1399,1311,1399,1410,0,0,0,0,0,0,0,0,0,18.239988
RCOU,18279988,1410,1400,1311,1400,1410,0,0,0,0,0,0,0,0,0,18.279988
RCOU,18319988,1410,1400,1311,1401,1410,0,0,0,0,0,0,0,0,0,18.319988
RCOU,18359988,1410,1400,1311,1402,1410,0,0,0,0,0,0,0,0,0,18.359988
RCOU,18399988,1410,1400,1311,1404,1410,0,0,0,0,0,0,0,0,0,18.399988
RCOU,18439988,1410,1400,1312,1405,1410,0,0,0,0,0,0,0,0,0,18.439988
RCOU,18479988,1409,1400,1312,1406,1409,0,0,0,0,0,0,0,0,0,18.479988
RCOU,18519988,1409,1400,1312,1408,1409,0,0,0,0,0,0,0,0,0,18.519988
RCOU,18559988,1409,1400,1312,1409,1409,0,0,0,0,0,0,0,0,0,18.559988
RCOU,18599988,1409,1401,1312,1410,1409,0,0,0,0,0,0,0,0,0,18.599988
RCOU,18639988,1409,1401,1312,1412,1409,0,0,0,0,0,0,0,0,0,18.639988
RCOU,18679988,1409,1412,1312,1414,1409,0,0,0,0,0,0,0,0,0,18.679988
RCOU,18719988,1409,1426,1312,1415,1409,0,0,0,0,0,0,0,0,0,18.719988
RCOU,18759988,1408,1432,1312,1416,1408,0,0,0,0,0,0,0,0,0,18.759988
RCOU,18799988,1408,1433,1312,1417,1408,0,0,0,0,0,0,0,0,0,18.799988
RCOU,18839988,1408,1433,1312,1417,1408,0,0,0,0,0,0,0,0,0,18.839988
RCOU,18879988,1408,1431,1312,1416,1408,0,0,0,0,0,0,0,0,0,18.879988
RCOU,18919988,1408,1427,1312,1415,1408,0,0,0,0,0,0,0,0,0,18.919988
RCOU,18959988,1407,1423,1312,1414,1407,0,0,0,0,0,0,0,0,0,18.959988
RCOU,18999988,1407,1419,1312,1413,1407,0,0,0,0,0,0,0,0,0,18.999988
RCOU,19039988,1407,1414,1313,1412,1407,0,0,0,0,0,0,0,0,0,19.039988
RCOU,19079988,1407,1410,1313,1411,1407,0,0,0,0,0,0,0,0,0,19.079988
RCOU,19119988,1407,1407,1313,1410,1407,0,0,0,0,0,0,0,0,0,19.119988
RCOU,19159988,1407,1405,1313,1410,1407,0,0,0,0,0,0,0,0,0,19.159988
RCOU,19199988,1407,1403,1314,1409,1407,0,0,0,0,0,0,0,0,0,19.199988
RCOU,19239988,1407,1401,1315,1408,1407,0,0,0,0,0,0,0,0,0,19.239988
RCOU,19279988,1407,1400,1315,1407,1407,0,0,0,0,0,0,0,0,0,19.279988
RCOU,19319988,1407,1399,1316,1406,1407,0,0,0,0,0,0,0,0,0,19.319988
RCOU,19359988,1407,1398,1317,1405,1407,0,0,0,0,0,0,0,0,0,19.359988
RCOU,19399988,1407,1398,1318,1404,1407,0,0,0,0,0,0,0,0,0,19.399988
RCOU,19439988,1407,1398,1319,1403,1407,0,0,0,0,0,0,0,0,0,19.439988
RCOU,19479988,1406,1398,1320,1403,1406,0,0,0,0,0,0,0,0,0,19.479988
RCOU,19519988,1406,1399,1321,1403,1406,0,0,0,0,0,0,0,0,0,19.519988
RCOU,19559988,1406,1400,1322,1402,1406,0,0,0,0,0,0,0,0,0,19.559988
RCOU,19599988,1406,1401,1322,1402,1406,0,0,0,0,0,0,0,0,0,19.599988
RCOU,19639988,1406,1401,1323,1402,1406,0,0,0,0,0,0,0,0,0,19.639988
RCOU,19679988,1406,1401,1324,1403,1406,0,0,0,0,0,0,0,0,0,19.679988
RCOU,19719988,1405,1402,1325,1403,1405,0,0,0,0,0,0,0,0,0,19.719988
RCOU,19759988,1405,1402,1325,1404,1405,0,0,0,0,0,0,0,0,0,19.759988
RCOU,19799988,1405,1403,1325,1405,1405,0,0,0,0,0,0,0,0,0,19.799988
RCOU,19839988,1405,1404,1326,1405,1405,0,0,0,0,0,0,0,0,0,19.839988
RCOU,19879988,1405,1405,1327,1406,1405,0,0,0,0,0,0,0,0,0,19.879988
RCOU,19919988,1405,1406,1327,1407,1405,0,0,0,0,0,0,0,0,0,19.919988
RCOU,19959988,1405,1407,1328,1408,1405,0,0,0,0,0,0,0,0,0,19.959988
RCOU,19999988,1405,1407,1329,1408,1405,0,0,0,0,0,0,0,0,0,19.999988
RCOU,20039988,1405,1408,1329,1409,1405,0,0,0,0,0,0,0,0,0,20.039988
RCOU,20079988,1405,1408,1330,1409,1405,0,0,0,0,0,0,0,0,0,20.079988
RCOU,20119988,1405,1408,1330,1409,1405,0,0,0,0,0,0,0,0,0,20.119988
RCOU,20159988,1404,1408,1331,1410,1404,0,0,0,0,0,0,0,0,0,20.159988
RCOU,20199988,1404,1408,1331,1410,1404,0,0,0,0,0,0,0,0,0,20.199988
RCOU,20239988,1404,1408,1332,1410,1404,0,0,0,0,0,0,0,0,0,20.239988
RCOU,20279988,1404,1408,1332,1411,1404,0,0,0,0,0,0,0,0,0,20.279988
RCOU,20319988,1405,1409,1333,1412,1405,0,0,0,0,0,0,0,0,0,20.319988
RCOU,20359988,1405,1409,1333,1413,1405,0,0,0,0,0,0,0,0,0,20.359988
RCOU,20399988,1405,1410,1334,1415,1405,0,0,0,0,0,0,0,0,0,20.399988
RCOU,20439988,1405,1410,1334,1416,1405,0,0,0,0,0,0,0,0,0,20.439988
RCOU,20479988,1406,1410,1334,1417,1406,0,0,0,0,0,0,0,0,0,20.479988
RCOU,20519988,1406,1410,1335,1419,1406,0,0,0,0,0,0,0,0,0,20.519988
RCOU,20559988,1406,1410,1335,1420,1406,0,0,0,0,0,0,0,0,0,20.559988
RCOU,20599988,1407,1410,1336,1421,1407,0,0,0,0,0,0,0,0,0,20.599988
RCOU,20639988,1407,1410,1336,1422,1407,0,0,0,0,0,0,0,0,0,20.639988
RCOU,20679988,1407,1409,1336,1423,1407,0,0,0,0,0,0,0,0,0,20.679988
RCOU,20719988,1408,1409,1336,1424,1408,0,0,0,0,0,0,0,0,0,20.719988
RCOU,20759988,1408,1408,1336,1424,1408,0,0,0,0,0,0,0,0,0,20.759988
RCOU,20799988,1409,1408,1337,1425,1409,0,0,0,0,0,0,0,0,0,20.799988
RCOU,20839988,1409,1407,1337,1425,1409,0,0,0,0,0,0,0,0,0,20.839988
RCOU,20879988,1410,1407,1338,1425,1410,0,0,0,0,0,0,0,0,0,20.879988
RCOU,20919988,1410,1407,1338,1424,1410,0,0,0,0,0,0,0,0,0,20.919988
RCOU,20959988,1410,1407,1339,1423,1410,0,0,0,0,0,0,0,0,0,20.959988
RCOU,20999988,1411,1406,1339,1422,1411,0,0,0,0,0,0,0,0,0,20.999988
RCOU,21039988,1411,1405,1340,1420,1411,0,0,0,0,0,0,0,0,0,21.039988
RCOU,21079988,1412,1405,1340,1418,1412,0,0,0,0,0,0,0,0,0,21.079988
RCOU,21119988,1413,1404,1341,1416,1413,0,0,0,0,0,0,0,0,0,21.119988
RCOU,21159988,1412,1394,1341,1412,1412,0,0,0,0,0,0,0,0,0,21.159988
RCOU,21199988,1412,1387,1342,1410,1412,0,0,0,0,0,0,0,0,0,21.199988
RCOU,21239988,1412,1385,1342,1409,1412,0,0,0,0,0,0,0,0,0,21.239988
RCOU,21279988,1412,1385,1343,1407,1412,0,0,0,0,0,0,0,0,0,21.279988
RCOU,21319988,1413,1386,1343,1405,1413,0,0,0,0,0,0,0,0,0,21.319988
RCOU,21359988,1413,1388,1344,1404,1413,0,0,0,0,0,0,0,0,0,21.359988
RCOU,21399988,1414,1377,1344,1403,1414,0,0,0,0,0,0,0,0,0,21.399988
RCOU,21439988,1414,1375,1345,1401,1414,0,0,0,0,0,0,0,0,0,21.439988
RCOU,21479988,1415,1376,1345,1400,1415,0,0,0,0,0,0,0,0,0,21.479988
RCOU,21519988,1415,1378,1345,1400,1415,0,0,0,0,0,0,0,0,0,21.519988
RCOU,21559988,1416,1381,1345,1400,1416,0,0,0,0,0,0,0,0,0,21.559988
RCOU,21599988,1416,1385,1345,1400,1416,0,0,0,0,0,0,0,0,0,21.599988
RCOU,21639988,1417,1389,1345,1400,1417,0,0,0,0,0,0,0,0,0,21.639988
RCOU,21679988,1417,1393,1345,1400,1417,0,0,0,0,0,0,0,0,0,21.679988
RCOU,21719988,1417,1396,1345,1401,1417,0,0,0,0,0,0,0,0,0,21.719988
RCOU,21759988,1418,1400,1345,1402,1418,0,0,0,0,0,0,0,0,0,21.759988
RCOU,21799988,1418,1403,1344,1402,1418,0,0,0,0,0,0,0,0,0,21.799988
RCOU,21839988,1418,1405,1343,1403,1418,0,0,0,0,0,0,0,0,0,21.839988
RCOU,21879988,1418,1408,1343,1405,1418,0,0,0,0,0,0,0,0,0,21.879988
RCOU,21919988,1419,1410,1342,1406,1419,0,0,0,0,0,0,0,0,0,21.919988
RCOU,21959988,1419,1411,1341,1406,1419,0,0,0,0,0,0,0,0,0,21.959988
RCOU,21999988,1419,1413,1340,1406,1419,0,0,0,0,0,0,0,0,0,21.999988
RCOU,22039988,1419,1415,1339,1406,1419,0,0,0,0,0,0,0,0,0,22.039988
RCOU,22079988,1419,1416,1338,1406,1419,0,0,0,0,0,0,0,0,0,22.079988
RCOU,22119988,1418,1416,1338,1405,1418,0,0,0,0,0,0,0,0,0,22.119988
RCOU,22159988,1418,1416,1337,1404,1418,0,0,0,0,0,0,0,0,0,22.159988
RCOU,22199988,1417,1416,1336,1404,1417,0,0,0,0,0,0,0,0,0,22.199988
RCOU,22239988,1417,1415,1336,1403,1417,0,0,0,0,0,0,0,0,0,22.239988
RCOU,22279988,1416,1414,1335,1402,1416,0,0,0,0,0,0,0,0,0,22.279988
RCOU,22319988,1416,1413,1334,1401,1416,0,0,0,0,0,0,0,0,0,22.319988
RCOU,22359988,1415,1412,1334,1400,1415,0,0,0,0,0,0,0,0,0,22.359988
RCOU,22399988,1415,1411,1333,1399,1415,0,0,0,0,0,0,0,0,0,22.399988
RCOU,22439988,1414,1410,1332,1399,1414,0,0,0,0,0,0,0,0,0,22.439988
RCOU,22479988,1413,1409,1332,1398,1413,0,0,0,0,0,0,0,0,0,22.479988
RCOU,22519988,1413,1408,1331,1397,1413,0,0,0,0,0,0,0,0,0,22.519988
RCOU,22559988,1412,1407,1331,1398,1412,0,0,0,0,0,0,0,0,0,22.559988
RCOU,22599988,1412,1405,1330,1398,1412,0,0,0,0,0,0,0,0,0,22.599988
RCOU,22639988,1411,1404,1330,1398,1411,0,0,0,0,0,0,0,0,0,22.639988
RCOU,22679988,1410,1403,1329,1398,1410,0,0,0,0,0,0,0,0,0,22.679988
RCOU,22719988,1410,1401,1329,1398,1410,0,0,0,0,0,0,0,0,0,22.719988
RCOU,22759988,1410,1400,1328,1400,1410,0,0,0,0,0,0,0,0,0,22.759988
RCOU,22799988,1410,1399,1328,1401,1410,0,0,0,0,0,0,0,0,0,22.799988
RCOU,22839988,1410,1398,1328,1402,1410,0,0,0,0,0,0,0,0,0,22.839988
RCOU,22879988,1409,1398,1328,1403,1409,0,0,0,0,0,0,0,0,0,22.879988
RCOU,22919988,1409,1397,1327,1405,1409,0,0,0,0,0,0,0,0,0,22.919988
RCOU,22959988,1409,1397,1327,1406,1409,0,0,0,0,0,0,0,0,0,22.959988
RCOU,22999988,1408,1390,1327,1408,1408,0,0,0,0,0,0,0,0,0,22.999988
RCOU,23039988,1408,1383,1326,1409,1408,0,0,0,0,0,0,0,0,0,23.039988
RCOU,23079988,1408,1379,1326,1410,1408,0,0,0,0,0,0,0,0,0,23.079988
RCOU,23119988,1408,1378,1326,1413,1408,0,0,0,0,0,0,0,0,0,23.119988
RCOU,23159988,1407,1378,1326,1415,1407,0,0,0,0,0,0,0,0,0,23.159988
RCOU,23199988,1407,1378,1325,1417,1407,0,0,0,0,0,0,0,0,0,23.199988
RCOU,23239988,1407,1380,1325,1420,1407,0,0,0,0,0,0,0,0,0,23.239988
RCOU,23279988,1407,1381,1325,1422,1407,0,0,0,0,0,0,0,0,0,23.279988
RCOU,23319988,1407,1383,1325,1423,1407,0,0,0,0,0,0,0,0,0,23.319988
RCOU,23359988,1407,1386,1324,1424,1407,0,0,0,0,0,0,0,0,0,23.359988
RCOU,23399988,1406,1388,1324,1424,1406,0,0,0,0,0,0,0,0,0,23.399988
RCOU,23439988,1406,1390,1323,1424,1406,0,0,0,0,0,0,0,0,0,23.439988
RCOU,23479988,1406,1393,1322,1424,1406,0,0,0,0,0,0,0,0,0,23.479988
RCOU,23519988,1406,1395,1321,1422,1406,0,0,0,0,0,0,0,0,0,23.519988
RCOU,23559988,1406,1397,1320,1422,1406,0,0,0,0,0,0,0,0,0,23.559988
RCOU,23599988,1406,1399,1319,1420,1406,0,0,0,0,0,0,0,0,0,23.599988
RCOU,23639988,1405,1399,1318,1418,1405,0,0,0,0,0,0,0,0,0,23.639988
RCOU,23679988,1405,1400,1317,1416,1405,0,0,0,0,0,0,0,0,0,23.679988
RCOU,23719988,1405,1401,1316,1414,1405,0,0,0,0,0,0,0,0,0,23.719988
RCOU,23759988,1405,1402,1315,1412,1405,0,0,0,0,0,0,0,0,0,23.759988
RCOU,23799988,1405,1403,1314,1410,1405,0,0,0,0,0,0,0,0,0,23.799988
RCOU,23839988,1404,1403,1313,1410,1404,0,0,0,0,0,0,0,0,0,23.839988
RCOU,23879988,1404,1403,1312,1409,1404,0,0,0,0,0,0,0,0,0,23.879988
RCOU,23919988,1404,1403,1311,1408,1404,0,0,0,0,0,0,0,0,0,23.919988
RCOU,23959988,1404,1403,1310,1408,1404,0,0,0,0,0,0,0,0,0,23.959988
RCOU,23999988,1404,1403,1309,1408,1404,0,0,0,0,0,0,0,0,0,23.999988
RCOU,24039988,1404,1402,1307,1408,1404,0,0,0,0,0,0,0,0,0,24.039988
RCOU,24079988,1405,1402,1306,1409,1405,0,0,0,0,0,0,0,0,0,24.079988
RCOU,24119988,1405,1402,1305,1410,1405,0,0,0,0,0,0,0,0,0,24.119988
RCOU,24159988,1405,1402,1304,1410,1405,0,0,0,0,0,0,0,0,0,24.159988
RCOU,24199988,1406,1401,1303,1413,1406,0,0,0,0,0,0,0,0,0,24.199988
RCOU,24239988,1406,1401,1302,1415,1406,0,0,0,0,0,0,0,0,0,24.239988
RCOU,24279988,1406,1401,1302,1417,1406,0,0,0,0,0,0,0,0,0,24.279988
RCOU,24319988,1407,1400,1301,1420,1407,0,0,0,0,0,0,0,0,0,24.319988
RCOU,24359988,1407,1400,1299,1422,1407,0,0,0,0,0,0,0,0,0,24.359988
RCOU,24399988,1408,1399,1298,1425,1408,0,0,0,0,0,0,0,0,0,24.399988
RCOU,24439988,1408,1399,1297,1428,1408,0,0,0,0,0,0,0,0,0,24.439988
RCOU,24479988,1409,1398,1297,1430,1409,0,0,0,0,0,0,0,0,0,24.479988
RCOU,24519988,1409,1398,1296,1432,1409,0,0,0,0,0,0,0,0,0,24.519988
RCOU,24559988,1409,1398,1295,1434,1409,0,0,0,0,0,0,0,0,0,24.559988
RCOU,24599988,1410,1397,1294,1435,1410,0,0,0,0,0,0,0,0,0,24.599988
RCOU,24639988,1410,1397,1293,1435,1410,0,0,0,0,0,0,0,0,0,24.639988
RCOU,24679988,1410,1396,1292,1434,1410,0,0,0,0,0,0,0,0,0,24.679988
RCOU,24719988,1410,1396,1291,1432,1410,0,0,0,0,0,0,0,0,0,24.719988
RCOU,24759988,1411,1395,1290,1429,1411,0,0,0,0,0,0,0,0,0,24.759988
RCOU,24799988,1411,1394,1290,1426,1411,0,0,0,0,0,0,0,0,0,24.799988
RCOU,24839988,1411,1394,1290,1424,1411,0,0,0,0,0,0,0,0,0,24.839988
RCOU,24879988,1412,1394,1289,1419,1412,0,0,0,0,0,0,0,0,0,24.879988
RCOU,24919988,1412,1394,1289,1416,1412,0,0,0,0,0,0,0,0,0,24.919988
RCOU,24959988,1412,1394,1288,1411,1412,0,0,0,0,0,0,0,0,0,24.959988
RCOU,24999988,1413,1394,1287,1409,1413,0,0,0,0,0,0,0,0,0,24.999988
RCOU,25039988,1413,1394,1287,1407,1413,0,0,0,0,0,0,0,0,0,25.039988
RCOU,25079988,1414,1394,1286,1405,1414,0,0,0,0,0,0,0,0,0,25.079988
RCOU,25119988,1414,1393,1285,1403,1414,0,0,0,0,0,0,0,0,0,25.119988
RCOU,25159988,1414,1394,1285,1402,1414,0,0,0,0,0,0,0,0,0,25.159988
RCOU,25199988,1415,1394,1284,1401,1415,0,0,0,0,0,0,0,0,0,25.199988
RCOU,25239988,1415,1394,1283,1400,1415,0,0,0,0,0,0,0,0,0,25.239988
RCOU,25279988,1416,1394,1283,1400,1416,0,0,0,0,0,0,0,0,0,25.279988
RCOU,25319988,1416,1393,1282,1399,1416,0,0,0,0,0,0,0,0,0,25.319988
RCOU,25359988,1416,1393,1281,1400,1416,0,0,0,0,0,0,0,0,0,25.359988
RCOU,25399988,1416,1393,1281,1400,1416,0,0,0,0,0,0,0,0,0,25.399988
RCOU,25439988,1416,1393,1280,1401,1416,0,0,0,0,0,0,0,0,0,25.439988
RCOU,25479988,1416,1393,1280,1401,1416,0,0,0,0,0,0,0,0,0,25.479988
RCOU,25519988,1416,1393,1279,1402,1416,0,0,0,0,0,0,0,0,0,25.519988
RCOU,25559988,1415,1393,1279,1402,1415,0,0,0,0,0,0,0,0,0,25.559988
RCOU,25599988,1415,1392,1279,1403,1415,0,0,0,0,0,0,0,0,0,25.599988
RCOU,25639988,1414,1392,1278,1403,1414,0,0,0,0,0,0,0,0,0,25.639988
RCOU,25679988,1414,1392,1278,1404,1414,0,0,0,0,0,0,0,0,0,25.679988
RCOU,25719988,1414,1401,1277,1404,1414,0,0,0,0,0,0,0,0,0,25.719988
RCOU,25759988,1413,1404,1277,1404,1413,0,0,0,0,0,0,0,0,0,25.759988
RCOU,25799988,1413,1406,1276,1404,1413,0,0,0,0,0,0,0,0,0,25.799988
RCOU,25839988,1412,1407,1276,1405,1412,0,0,0,0,0,0,0,0,0,25.839988
RCOU,25879988,1412,1407,1275,1405,1412,0,0,0,0,0,0,0,0,0,25.879988
RCOU,25919988,1411,1407,1275,1405,1411,0,0,0,0,0,0,0,0,0,25.919988
RCOU,25959988,1411,1407,1274,1404,1411,0,0,0,0,0,0,0,0,0,25.959988
RCOU,25999988,1411,1407,1274,1404,1411,0,0,0,0,0,0,0,0,0,25.999988
RCOU,26039988,1410,1406,1273,1404,1410,0,0,0,0,0,0,0,0,0,26.039988
RCOU,26079988,1410,1405,1273,1404,1410,0,0,0,0,0,0,0,0,0,26.079988
RCOU,26119988,1410,1404,1273,1404,1410,0,0,0,0,0,0,0,0,0,26.119988
RCOU,26159988,1410,1403,1273,1405,1410,0,0,0,0,0,0,0,0,0,26.159988
RCOU,26199988,1410,1402,1272,1405,1410,0,0,0,0,0,0,0,0,0,26.199988
RCOU,26239988,1410,1400,1272,1406,1410,0,0,0,0,0,0,0,0,0,26.239988
RCOU,26279988,1410,1399,1272,1406,1410,0,0,0,0,0,0,0,0,0,26.279988
RCOU,26319988,1410,1398,1272,1407,1410,0,0,0,0,0,0,0,0,0,26.319988
RCOU,26359988,1410,1397,1272,1407,1410,0,0,0,0,0,0,0,0,0,26.359988
RCOU,26399988,1410,1396,1272,1408,1410,0,0,0,0,0,0,0,0,0,26.399988
RCOU,26439988,1410,1395,1273,1409,1410,0,0,0,0,0,0,0,0,0,26.439988
RCOU,26479988,1410,1395,1273,1410,1410,0,0,0,0,0,0,0,0,0,26.479988
RCOU,26519988,1410,1394,1273,1411,1410,0,0,0,0,0,0,0,0,0,26.519988
RCOU,26559988,1410,1393,1273,1412,1410,0,0,0,0,0,0,0,0,0,26.559988
RCOU,26599988,1410,1393,1274,1413,1410,0,0,0,0,0,0,0,0,0,26.599988
RCOU,26639988,1409,1393,1274,1414,1409,0,0,0,0,0,0,0,0,0,26.639988
RCOU,26679988,1409,1392,1275,1415,1409,0,0,0,0,0,0,0,0,0,26.679988
RCOU,26719988,1409,1392,1275,1415,1409,0,0,0,0,0,0,0,0,0,26.719988
RCOU,26759988,1409,1392,1275,1416,1409,0,0,0,0,0,0,0,0,0,26.759988
RCOU,26799988,1409,1392,1276,1416,1409,0,0,0,0,0,0,0,0,0,26.799988
RCOU,26839988,1409,1392,1276,1415,1409,0,0,0,0,0,0,0,0,0,26.839988
RCOU,26879988,1409,1391,1276,1414,1409,0,0,0,0,0,0,0,0,0,26.879988
RCOU,26919988,1408,1391,1277,1413,1408,0,0,0,0,0,0,0,0,0,26.919988
RCOU,26959988,1408,1391,1277,1412,1408,0,0,0,0,0,0,0,0,0,26.959988
RCOU,26999988,1408,1391,1278,1411,1408,0,0,0,0,0,0,0,0,0,26.999988
RCOU,27039988,1408,1391,1278,1410,1408,0,0,0,0,0,0,0,0,0,27.039988
RCOU,27079988,1408,1391,1279,1410,1408,0,0,0,0,0,0,0,0,0,27.079988
RCOU,27119988,1408,1391,1279,1409,1408,0,0,0,0,0,0,0,0,0,27.119988
RCOU,27159988,1408,1391,1279,1409,1408,0,0,0,0,0,0,0,0,0,27.159988
RCOU,27199988,1408,1391,1279,1408,1408,0,0,0,0,0,0,0,0,0,27.199988
RCOU,27239988,1408,1391,1279,1408,1408,0,0,0,0,0,0,0,0,0,27.239988
RCOU,27279988,1408,1391,1280,1407,1408,0,0,0,0,0,0,0,0,0,27.279988
RCOU,27319988,1408,1396,1280,1407,1408,0,0,0,0,0,0,0,0,0,27.319988
RCOU,27359988,1408,1402,1280,1407,1408,0,0,0,0,0,0,0,0,0,27.359988
RCOU,27399988,1408,1404,1281,1406,1408,0,0,0,0,0,0,0,0,0,27.399988
RCOU,27439988,1408,1406,1281,1406,1408,0,0,0,0,0,0,0,0,0,27.439988
RCOU,27479988,1408,1406,1282,1406,1408,0,0,0,0,0,0,0,0,0,27.479988
RCOU,27519988,1408,1407,1282,1406,1408,0,0,0,0,0,0,0,0,0,27.519988
RCOU,27559988,1408,1407,1282,1407,1408,0,0,0,0,0,0,0,0,0,27.559988
RCOU,27599988,1407,1407,1283,1407,1407,0,0,0,0,0,0,0,0,0,27.599988
RCOU,27639988,1407,1407,1283,1407,1407,0,0,0,0,0,0,0,0,0,27.639988
RCOU,27679988,1407,1407,1284,1408,1407,0,0,0,0,0,0,0,0,0,27.679988
RCOU,27719988,1407,1407,1284,1408,1407,0,0,0,0,0,0,0,0,0,27.719988
RCOU,27759988,1407,1407,1285,1409,1407,0,0,0,0,0,0,0,0,0,27.759988
RCOU,27799988,1407,1407,1285,1409,1407,0,0,0,0,0,0,0,0,0,27.799988
RCOU,27839988,1407,1406,1286,1410,1407,0,0,0,0,0,0,0,0,0,27.839988
RCOU,27879988,1407,1406,1286,1410,1407,0,0,0,0,0,0,0,0,0,27.879988
RCOU,27919988,1406,1406,1287,1410,1406,0,0,0,0,0,0,0,0,0,27.919988
RCOU,27959988,1406,1406,1287,1410,1406,0,0,0,0,0,0,0,0,0,27.959988
RCOU,27999988,1406,1405,1288,1411,1406,0,0,0,0,0,0,0,0,0,27.999988
RCOU,28039988,1406,1405,1289,1411,1406,0,0,0,0,0,0,0,0,0,28.039988
RCOU,28079988,1406,1405,1289,1412,1406,0,0,0,0,0,0,0,0,0,28.079988
RCOU,28119988,1406,1405,1290,1412,1406,0,0,0,0,0,0,0,0,0,28.119988
RCOU,28159988,1406,1405,1290,1413,1406,0,0,0,0,0,0,0,0,0,28.159988
RCOU,28199988,1406,1404,1291,1413,1406,0,0,0,0,0,0,0,0,0,28.199988
RCOU,28239988,1405,1404,1291,1413,1405,0,0,0,0,0,0,0,0,0,28.239988
RCOU,28279988,1405,1404,1292,1413,1405,0,0,0,0,0,0,0,0,0,28.279988
RCOU,28319988,1405,1404,1293,1413,1405,0,0,0,0,0,0,0,0,0,28.319988
RCOU,28359988,1405,1403,1294,1412,1405,0,0,0,0,0,0,0,0,0,28.359988
RCOU,28399988,1405,1403,1295,1411,1405,0,0,0,0,0,0,0,0,0,28.399988
RCOU,28439988,1405,1403,1295,1411,1405,0,0,0,0,0,0,0,0,0,28.439988
RCOU,28479988,1405,1402,1296,1410,1405,0,0,0,0,0,0,0,0,0,28.479988
RCOU,28519988,1405,1402,1297,1410,1405,0,0,0,0,0,0,0,0,0,28.519988
RCOU,28559988,1405,1402,1298,1410,1405,0,0,0,0,0,0,0,0,0,28.559988
RCOU,28599988,1405,1401,1299,1409,1405,0,0,0,0,0,0,0,0,0,28.599988
RCOU,28639988,1405,1401,1300,1409,1405,0,0,0,0,0,0,0,0,0,28.639988
RCOU,28679988,1405,1401,1301,1408,1405,0,0,0,0,0,0,0,0,0,28.679988
RCOU,28719988,1405,1400,1301,1408,1405,0,0,0,0,0,0,0,0,0,28.719988
RCOU,28759988,1405,1400,1302,1407,1405,0,0,0,0,0,0,0,0,0,28.759988
RCOU,28799988,1405,1400,1302,1407,1405,0,0,0,0,0,0,0,0,0,28.799988
RCOU,28839988,1404,1400,1303,1406,1404,0,0,0,0,0,0,0,0,0,28.839988
RCOU,28879988,1404,1399,1304,1406,1404,0,0,0,0,0,0,0,0,0,28.879988
RCOU,28919988,1404,1399,1305,1406,1404,0,0,0,0,0,0,0,0,0,28.919988
RCOU,28959988,1405,1399,1306,1406,1405,0,0,0,0,0,0,0,0,0,28.959988
RCOU,28999988,1405,1398,1307,1407,1405,0,0,0,0,0,0,0,0,0,28.999988
RCOU,29039988,1405,1398,1308,1408,1405,0,0,0,0,0,0,0,0,0,29.039988
RCOU,29079988,1406,1398,1309,1409,1406,0,0,0,0,0,0,0,0,0,29.079988
RCOU,29119988,1406,1398,1310,1410,1406,0,0,0,0,0,0,0,0,0,29.119988
RCOU,29159988,1406,1397,1310,1412,1406,0,0,0,0,0,0,0,0,0,29.159988
RCOU,29199988,1407,1397,1311,1414,1407,0,0,0,0,0,0,0,0,0,29.199988
RCOU,29239988,1407,1397,1312,1417,1407,0,0,0,0,0,0,0,0,0,29.239988
RCOU,29279988,1408,1397,1313,1420,1408,0,0,0,0,0,0,0,0,0,29.279988
RCOU,29319988,1408,1397,1313,1423,1408,0,0,0,0,0,0,0,0,0,29.319988
RCOU,29359988,1409,1397,1314,1426,1409,0,0,0,0,0,0,0,0,0,29.359988
RCOU,29399988,1409,1397,1315,1428,1409,0,0,0,0,0,0,0,0,0,29.399988
RCOU,29439988,1410,1397,1316,1430,1410,0,0,0,0,0,0,0,0,0,29.439988
RCOU,29479988,1410,1397,1317,1432,1410,0,0,0,0,0,0,0,0,0,29.479988
RCOU,29519988,1410,1397,1317,1432,1410,0,0,0,0,0,0,0,0,0,29.519988
RCOU,29559988,1410,1397,1318,1432,1410,0,0,0,0,0,0,0,0,0,29.559988
RCOU,29599988,1410,1397,1319,1431,1410,0,0,0,0,0,0,0,0,0,29.599988
RCOU,29639988,1411,1397,1320,1429,1411,0,0,0,0,0,0,0,0,0,29.639988
RCOU,29679988,1411,1397,1321,1427,1411,0,0,0,0,0,0,0,0,0,29.679988
RCOU,29719988,1411,1397,1322,1424,1411,0,0,0,0,0,0,0,0,0,29.719988
RCOU,29759988,1411,1397,1322,1420,1411,0,0,0,0,0,0,0,0,0,29.759988
RCOU,29799988,1412,1397,1323,1416,1412,0,0,0,0,0,0,0,0,0,29.799988
RCOU,29839988,1412,1397,1324,1412,1412,0,0,0,0,0,0,0,0,0,29.839988
RCOU,29879988,1412,1397,1325,1409,1412,0,0,0,0,0,0,0,0,0,29.879988
RCOU,29919988,1413,1398,1325,1407,1413,0,0,0,0,0,0,0,0,0,29.919988
RCOU,29959988,1413,1398,1325,1404,1413,0,0,0,0,0,0,0,0,0,29.959988
RCOU,29999988,1414,1398,1326,1402,1414,0,0,0,0,0,0,0,0,0,29.999988
RCOU,30039988,1414,1390,1327,1400,1414,0,0,0,0,0,0,0,0,0,30.039988
RCOU,30079988,1414,1387,1327,1398,1414,0,0,0,0,0,0,0,0,0,30.079988
RCOU,30119988,1415,1386,1328,1398,1415,0,0,0,0,0,0,0,0,0,30.119988
RCOU,30159988,1415,1386,1328,1397,1415,0,0,0,0,0,0,0,0,0,30.159988
RCOU,30199988,1416,1386,1329,1397,1416,0,0,0,0,0,0,0,0,0,30.199988
RCOU,30239988,1416,1386,1330,1397,1416,0,0,0,0,0,0,0,0,0,30.239988
RCOU,30279988,1417,1387,1330,1398,1417,0,0,0,0,0,0,0,0,0,30.279988
RCOU,30319988,1417,1388,1331,1398,1417,0,0,0,0,0,0,0,0,0,30.319988
RCOU,30359988,1417,1389,1331,1399,1417,0,0,0,0,0,0,0,0,0,30.359988
RCOU,30399988,1417,1391,1331,1400,1417,0,0,0,0,0,0,0,0,0,30.399988
RCOU,30439988,1416,1392,1332,1401,1416,0,0,0,0,0,0,0,0,0,30.439988
RCOU,30479988,1416,1393,1332,1402,1416,0,0,0,0,0,0,0,0,0,30.479988
RCOU,30519988,1416,1395,1332,1403,1416,0,0,0,0,0,0,0,0,0,30.519988
RCOU,30559988,1415,1396,1332,1403,1415,0,0,0,0,0,0,0,0,0,30.559988
RCOU,30599988,1415,1397,1332,1404,1415,0,0,0,0,0,0,0,0,0,30.599988
RCOU,30639988,1414,1399,1332,1404,1414,0,0,0,0,0,0,0,0,0,30.639988
RCOU,30679988,1414,1400,1332,1404,1414,0,0,0,0,0,0,0,0,0,30.679988
RCOU,30719988,1413,1401,1331,1405,1413,0,0,0,0,0,0,0,0,0,30.719988
RCOU,30759988,1413,1402,1331,1405,1413,0,0,0,0,0,0,0,0,0,30.759988
RCOU,30799988,1412,1403,1331,1405,1412,0,0,0,0,0,0,0,0,0,30.799988
RCOU,30839988,1411,1404,1330,1404,1411,0,0,0,0,0,0,0,0,0,30.839988
RCOU,30879988,1411,1404,1330,1404,1411,0,0,0,0,0,0,0,0,0,30.879988
RCOU,30919988,1410,1405,1330,1403,1410,0,0,0,0,0,0,0,0,0,30.919988
RCOU,30959988,1410,1406,1329,1403,1410,0,0,0,0,0,0,0,0,0,30.959988
RCOU,30999988,1410,1407,1329,1402,1410,0,0,0,0,0,0,0,0,0,30.999988
RCOU,31039988,1410,1407,1328,1402,1410,0,0,0,0,0,0,0,0,0,31.039988
RCOU,31079988,1409,1407,1328,1401,1409,0,0,0,0,0,0,0,0,0,31.079988
RCOU,31119988,1409,1407,1327,1401,1409,0,0,0,0,0,0,0,0,0,31.119988
RCOU,31159988,1409,1408,1327,1402,1409,0,0,0,0,0,0,0,0,0,31.159988
RCOU,31199988,1409,1408,1326,1402,1409,0,0,0,0,0,0,0,0,0,31.199988
RCOU,31239988,1409,1408,1326,1402,1409,0,0,0,0,0,0,0,0,0,31.239988
RCOU,31279988,1409,1408,1325,1403,1409,0,0,0,0,0,0,0,0,0,31.279988
RCOU,31319988,1409,1408,1325,1403,1409,0,0,0,0,0,0,0,0,0,31.319988
RCOU,31359988,1409,1408,1325,1404,1409,0,0,0,0,0,0,0,0,0,31.359988
RCOU,31399988,1409,1408,1325,1405,1409,0,0,0,0,0,0,0,0,0,31.399988
RCOU,31439988,1409,1408,1324,1406,1409,0,0,0,0,0,0,0,0,0,31.439988
RCOU,31479988,1409,1408,1324,1407,1409,0,0,0,0,0,0,0,0,0,31.479988
RCOU,31519988,1409,1408,1324,1408,1409,0,0,0,0,0,0,0,0,0,31.519988
RCOU,31559988,1409,1408,1323,1409,1409,0,0,0,0,0,0,0,0,0,31.559988
RCOU,31599988,1409,1408,1323,1410,1409,0,0,0,0,0,0,0,0,0,31.599988
RCOU,31639988,1409,1402,1323,1410,1409,0,0,0,0,0,0,0,0,0,31.639988
RCOU,31679988,1408,1398,1322,1411,1408,0,0,0,0,0,0,0,0,0,31.679988
RCOU,31719988,1408,1395,1322,1412,1408,0,0,0,0,0,0,0,0,0,31.719988
RCOU,31759988,1408,1394,1322,1413,1408,0,0,0,0,0,0,0,0,0,31.759988
RCOU,31799988,1408,1393,1321,1414,1408,0,0,0,0,0,0,0,0,0,31.799988
RCOU,31839988,1408,1392,1321,1414,1408,0,0,0,0,0,0,0,0,0,31.839988
RCOU,31879988,1408,1392,1321,1415,1408,0,0,0,0,0,0,0,0,0,31.879988
RCOU,31919988,1408,1392,1320,1415,1408,0,0,0,0,0,0,0,0,0,31.919988
RCOU,31959988,1408,1392,1320,1414,1408,0,0,0,0,0,0,0,0,0,31.959988
RCOU,31999988,1407,1392,1320,1414,1407,0,0,0,0,0,0,0,0,0,31.999988
RCOU,32039988,1407,1392,1319,1413,1407,0,0,0,0,0,0,0,0,0,32.039988
RCOU,32079988,1407,1393,1319,1413,1407,0,0,0,0,0,0,0,0,0,32.079988
RCOU,32119988,1407,1393,1318,1412,1407,0,0,0,0,0,0,0,0,0,32.119988
RCOU,32159988,1407,1393,1318,1411,1407,0,0,0,0,0,0,0,0,0,32.159988
RCOU,32199988,1407,1394,1318,1410,1407,0,0,0,0,0,0,0,0,0,32.199988
RCOU,32239988,1407,1394,1317,1410,1407,0,0,0,0,0,0,0,0,0,32.239988
RCOU,32279988,1407,1395,1317,1409,1407,0,0,0,0,0,0,0,0,0,32.279988
RCOU,32319988,1407,1395,1316,1409,1407,0,0,0,0,0,0,0,0,0,32.319988
RCOU,32359988,1406,1396,1315,1408,1406,0,0,0,0,0,0,0,0,0,32.359988
RCOU,32399988,1406,1397,1315,1407,1406,0,0,0,0,0,0,0,0,0,32.399988
RCOU,32439988,1406,1397,1314,1407,1406,0,0,0,0,0,0,0,0,0,32.439988
RCOU,32479988,1406,1398,1313,1406,1406,0,0,0,0,0,0,0,0,0,32.479988
RCOU,32519988,1406,1398,1313,1406,1406,0,0,0,0,0,0,0,0,0,32.519988
RCOU,32559988,1406,1399,1313,1405,1406,0,0,0,0,0,0,0,0,0,32.559988
RCOU,32599988,1406,1400,1312,1405,1406,0,0,0,0,0,0,0,0,0,32.599988
RCOU,32639988,1406,1400,1311,1405,1406,0,0,0,0,0,0,0,0,0,32.639988
RCOU,32679988,1406,1401,1311,1405,1406,0,0,0,0,0,0,0,0,0,32.679988
RCOU,32719988,1406,1401,1310,1405,1406,0,0,0,0,0,0,0,0,0,32.719988
RCOU,32759988,1406,1401,1309,1405,1406,0,0,0,0,0,0,0,0,0,32.759988
RCOU,32799988,1406,1401,1308,1405,1406,0,0,0,0,0,0,0,0,0,32.799988
RCOU,32839988,1406,1401,1307,1406,1406,0,0,0,0,0,0,0,0,0,32.839988
RCOU,32879988,1406,1401,1306,1406,1406,0,0,0,0,0,0,0,0,0,32.879988
RCOU,32919988,1406,1401,1305,1407,1406,0,0,0,0,0,0,0,0,0,32.919988
RCOU,32959988,1406,1401,1305,1407,1406,0,0,0,0,0,0,0,0,0,32.959988
RCOU,32999988,1406,1401,1304,1408,1406,0,0,0,0,0,0,0,0,0,32.999988
RCOU,33039988,1406,1401,1303,1409,1406,0,0,0,0,0,0,0,0,0,33.039988
RCOU,33079988,1406,1401,1302,1409,1406,0,0,0,0,0,0,0,0,0,33.079988
RCOU,33119988,1406,1401,1302,1410,1406,0,0,0,0,0,0,0,0,0,33.119988
RCOU,33159988,1406,1401,1302,1410,1406,0,0,0,0,0,0,0,0,0,33.159988
RCOU,33199988,1405,1401,1301,1410,1405,0,0,0,0,0,0,0,0,0,33.199988
RCOU,33239988,1405,1400,1300,1411,1405,0,0,0,0,0,0,0,0,0,33.239988
RCOU,33279988,1405,1400,1299,1412,1405,0,0,0,0,0,0,0,0,0,33.279988
RCOU,33319988,1405,1400,1299,1412,1405,0,0,0,0,0,0,0,0,0,33.319988
RCOU,33359988,1405,1400,1298,1413,1405,0,0,0,0,0,0,0,0,0,33.359988
RCOU,33399988,1405,1400,1297,1413,1405,0,0,0,0,0,0,0,0,0,33.399988
RCOU,33439988,1405,1400,1296,1413,1405,0,0,0,0,0,0,0,0,0,33.439988
RCOU,33479988,1405,1399,1296,1412,1405,0,0,0,0,0,0,0,0,0,33.479988
RCOU,33519988,1404,1399,1295,1412,1404,0,0,0,0,0,0,0,0,0,33.519988
RCOU,33559988,1404,1399,1294,1411,1404,0,0,0,0,0,0,0,0,0,33.559988
RCOU,33599988,1404,1399,1294,1410,1404,0,0,0,0,0,0,0,0,0,33.599988
RCOU,33639988,1404,1398,1293,1410,1404,0,0,0,0,0,0,0,0,0,33.639988
RCOU,33679988,1405,1398,1292,1410,1405,0,0,0,0,0,0,0,0,0,33.679988
RCOU,33719988,1405,1398,1292,1410,1405,0,0,0,0,0,0,0,0,0,33.719988
RCOU,33759988,1405,1397,1291,1410,1405,0,0,0,0,0,0,0,0,0,33.759988
RCOU,33799988,1405,1397,1291,1411,1405,0,0,0,0,0,0,0,0,0,33.799988
RCOU,33839988,1406,1396,1290,1411,1406,0,0,0,0,0,0,0,0,0,33.839988
RCOU,33879988,1406,1396,1290,1413,1406,0,0,0,0,0,0,0,0,0,33.879988
RCOU,33919988,1407,1395,1290,1414,1407,0,0,0,0,0,0,0,0,0,33.919988
RCOU,33959988,1407,1395,1289,1415,1407,0,0,0,0,0,0,0,0,0,33.959988
RCOU,33999988,1408,1395,1289,1417,1408,0,0,0,0,0,0,0,0,0,33.999988
RCOU,34039988,1408,1394,1288,1418,1408,0,0,0,0,0,0,0,0,0,34.039988
RCOU,34079988,1409,1394,1288,1420,1409,0,0,0,0,0,0,0,0,0,34.079988
RCOU,34119988,1409,1393,1288,1421,1409,0,0,0,0,0,0,0,0,0,34.119988
RCOU,34159988,1410,1393,1287,1422,1410,0,0,0,0,0,0,0,0,0,34.159988
RCOU,34199988,1410,1392,1287,1424,1410,0,0,0,0,0,0,0,0,0,34.199988
RCOU,34239988,1410,1392,1286,1424,1410,0,0,0,0,0,0,0,0,0,34.239988
RCOU,34279988,1411,1392,1286,1424,1411,0,0,0,0,0,0,0,0,0,34.279988
RCOU,34319988,1411,1392,1286,1423,1411,0,0,0,0,0,0,0,0,0,34.319988
RCOU,34359988,1412,1400,1285,1422,1412,0,0,0,0,0,0,0,0,0,34.359988
RCOU,34399988,1412,1402,1285,1421,1412,0,0,0,0,0,0,0,0,0,34.399988
RCOU,34439988,1412,1403,1284,1418,1412,0,0,0,0,0,0,0,0,0,34.439988
RCOU,34479988,1412,1404,1284,1416,1412,0,0,0,0,0,0,0,0,0,34.479988
RCOU,34519988,1413,1405,1284,1413,1413,0,0,0,0,0,0,0,0,0,34.519988
RCOU,34559988,1413,1405,1283,1410,1413,0,0,0,0,0,0,0,0,0,34.559988
RCOU,34599988,1413,1405,1283,1408,1413,0,0,0,0,0,0,0,0,0,34.599988
RCOU,34639988,1413,1405,1283,1406,1413,0,0,0,0,0,0,0,0,0,34.639988
RCOU,34679988,1414,1405,1282,1404,1414,0,0,0,0,0,0,0,0,0,34.679988
RCOU,34719988,1414,1404,1282,1403,1414,0,0,0,0,0,0,0,0,0,34.719988
RCOU,34759988,1415,1404,1282,1401,1415,0,0,0,0,0,0,0,0,0,34.759988
RCOU,34799988,1415,1404,1281,1400,1415,0,0,0,0,0,0,0,0,0,34.799988
RCOU,34839988,1415,1404,1281,1399,1415,0,0,0,0,0,0,0,0,0,34.839988
RCOU,34879988,1416,1403,1281,1398,1416,0,0,0,0,0,0,0,0,0,34.879988
RCOU,34919988,1416,1403,1281,1398,1416,0,0,0,0,0,0,0,0,0,34.919988
RCOU,34959988,1416,1403,1281,1398,1416,0,0,0,0,0,0,0,0,0,34.959988
RCOU,34999988,1417,1403,1280,1398,1417,0,0,0,0,0,0,0,0,0,34.999988
RCOU,35039988,1417,1402,1280,1398,1417,0,0,0,0,0,0,0,0,0,35.039988
RCOU,35079988,1417,1402,1280,1399,1417,0,0,0,0,0,0,0,0,0,35.079988
RCOU,35119988,1416,1402,1280,1399,1416,0,0,0,0,0,0,0,0,0,35.119988
RCOU,35159988,1416,1402,1280,1400,1416,0,0,0,0,0,0,0,0,0,35.159988
RCOU,35199988,1416,1401,1280,1401,1416,0,0,0,0,0,0,0,0,0,35.199988
RCOU,35239988,1415,1401,1280,1401,1415,0,0,0,0,0,0,0,0,0,35.239988
RCOU,35279988,1415,1400,1280,1401,1415,0,0,0,0,0,0,0,0,0,35.279988
RCOU,35319988,1414,1400,1280,1402,1414,0,0,0,0,0,0,0,0,0,35.319988
RCOU,35359988,1414,1399,1280,1402,1414,0,0,0,0,0,0,0,0,0,35.359988
RCOU,35399988,1413,1399,1280,1402,1413,0,0,0,0,0,0,0,0,0,35.399988
RCOU,35439988,1413,1399,1280,1402,1413,0,0,0,0,0,0,0,0,0,35.439988
RCOU,35479988,1412,1398,1281,1402,1412,0,0,0,0,0,0,0,0,0,35.479988
RCOU,35519988,1412,1398,1281,1402,1412,0,0,0,0,0,0,0,0,0,35.519988
RCOU,35559988,1411,1397,1281,1402,1411,0,0,0,0,0,0,0,0,0,35.559988
RCOU,35599988,1410,1397,1281,1402,1410,0,0,0,0,0,0,0,0,0,35.599988
RCOU,35639988,1410,1396,1281,1402,1410,0,0,0,0,0,0,0,0,0,35.639988
RCOU,35679988,1410,1396,1282,1402,1410,0,0,0,0,0,0,0,0,0,35.679988
RCOU,35719988,1410,1395,1282,1402,1410,0,0,0,0,0,0,0,0,0,35.719988
RCOU,35759988,1410,1395,1282,1403,1410,0,0,0,0,0,0,0,0,0,35.759988
RCOU,35799988,1410,1394,1283,1403,1410,0,0,0,0,0,0,0,0,0,35.799988
RCOU,35839988,1409,1394,1283,1404,1409,0,0,0,0,0,0,0,0,0,35.839988
RCOU,35879988,1409,1393,1283,1404,1409,0,0,0,0,0,0,0,0,0,35.879988
RCOU,35919988,1409,1393,1284,1405,1409,0,0,0,0,0,0,0,0,0,35.919988
RCOU,35959988,1409,1397,1284,1406,1409,0,0,0,0,0,0,0,0,0,35.959988
RCOU,35999988,1409,1401,1284,1407,1409,0,0,0,0,0,0,0,0,0,35.999988
RCOU,36039988,1409,1403,1285,1408,1409,0,0,0,0,0,0,0,0,0,36.039988
RCOU,36079988,1409,1404,1285,1409,1409,0,0,0,0,0,0,0,0,0,36.079988
RCOU,36119988,1409,1404,1285,1410,1409,0,0,0,0,0,0,0,0,0,36.119988
RCOU,36159988,1409,1405,1286,1410,1409,0,0,0,0,0,0,0,0,0,36.159988
RCOU,36199988,1409,1405,1286,1411,1409,0,0,0,0,0,0,0,0,0,36.199988
RCOU,36239988,1408,1405,1287,1413,1408,0,0,0,0,0,0,0,0,0,36.239988
RCOU,36279988,1408,1405,1287,1413,1408,0,0,0,0,0,0,0,0,0,36.279988
RCOU,36319988,1408,1405,1287,1413,1408,0,0,0,0,0,0,0,0,0,36.319988
RCOU,36359988,1408,1405,1288,1414,1408,0,0,0,0,0,0,0,0,0,36.359988
RCOU,36399988,1408,1405,1288,1413,1408,0,0,0,0,0,0,0,0,0,36.399988
RCOU,36439988,1408,1405,1289,1413,1408,0,0,0,0,0,0,0,0,0,36.439988
RCOU,36479988,1408,1405,1289,1412,1408,0,0,0,0,0,0,0,0,0,36.479988
RCOU,36519988,1408,1405,1290,1411,1408,0,0,0,0,0,0,0,0,0,36.519988
RCOU,36559988,1407,1405,1290,1410,1407,0,0,0,0,0,0,0,0,0,36.559988
RCOU,36599988,1407,1405,1290,1410,1407,0,0,0,0,0,0,0,0,0,36.599988
RCOU,36639988,1407,1405,1290,1409,1407,0,0,0,0,0,0,0,0,0,36.639988
RCOU,36679988,1407,1405,1291,1409,1407,0,0,0,0,0,0,0,0,0,36.679988
RCOU,36719988,1407,1405,1291,1408,1407,0,0,0,0,0,0,0,0,0,36.719988
RCOU,36759988,1407,1404,1292,1407,1407,0,0,0,0,0,0,0,0,0,36.759988
RCOU,36799988,1407,1405,1292,1406,1407,0,0,0,0,0,0,0,0,0,36.799988
RCOU,36839988,1407,1405,1293,1406,1407,0,0,0,0,0,0,0,0,0,36.839988
RCOU,36879988,1407,1405,1293,1405,1407,0,0,0,0,0,0,0,0,0,36.879988
RCOU,36919988,1407,1405,1294,1404,1407,0,0,0,0,0,0,0,0,0,36.919988
RCOU,36959988,1407,1405,1294,1404,1407,0,0,0,0,0,0,0,0,0,36.959988
RCOU,36999988,1407,1405,1295,1404,1407,0,0,0,0,0,0,0,0,0,36.999988
RCOU,37039988,1407,1405,1296,1404,1407,0,0,0,0,0,0,0,0,0,37.039988
RCOU,37079988,1407,1405,1296,1404,1407,0,0,0,0,0,0,0,0,0,37.079988
RCOU,37119988,1407,1405,1297,1404,1407,0,0,0,0,0,0,0,0,0,37.119988
RCOU,37159988,1406,1405,1297,1404,1406,0,0,0,0,0,0,0,0,0,37.159988
RCOU,37199988,1406,1405,1298,1405,1406,0,0,0,0,0,0,0,0,0,37.199988
RCOU,37239988,1406,1405,1299,1405,1406,0,0,0,0,0,0,0,0,0,37.239988
RCOU,37279988,1406,1405,1299,1406,1406,0,0,0,0,0,0,0,0,0,37.279988
RCOU,37319988,1406,1405,1300,1407,1406,0,0,0,0,0,0,0,0,0,37.319988
RCOU,37359988,1406,1404,1300,1407,1406,0,0,0,0,0,0,0,0,0,37.359988
RCOU,37399988,1406,1404,1301,1408,1406,0,0,0,0,0,0,0,0,0,37.399988
RCOU,37439988,1406,1405,1302,1409,1406,0,0,0,0,0,0,0,0,0,37.439988
RCOU,37479988,1406,1405,1302,1409,1406,0,0,0,0,0,0,0,0,0,37.479988
RCOU,37519988,1406,1405,1302,1410,1406,0,0,0,0,0,0,0,0,0,37.519988
RCOU,37559988,1406,1405,1302,1410,1406,0,0,0,0,0,0,0,0,0,37.559988
RCOU,37599988,1406,1405,1303,1410,1406,0,0,0,0,0,0,0,0,0,37.599988
RCOU,37639988,1406,1405,1304,1411,1406,0,0,0,0,0,0,0,0,0,37.639988
RCOU,37679988,1405,1405,1304,1411,1405,0,0,0,0,0,0,0,0,0,37.679988
RCOU,37719988,1405,1405,1305,1412,1405,0,0,0,0,0,0,0,0,0,37.719988
RCOU,37759988,1405,1405,1305,1412,1405,0,0,0,0,0,0,0,0,0,37.759988
RCOU,37799988,1405,1405,1306,1412,1405,0,0,0,0,0,0,0,0,0,37.799988
RCOU,37839988,1405,1406,1307,1412,1405,0,0,0,0,0,0,0,0,0,37.839988
RCOU,37879988,1405,1406,1307,1412,1405,0,0,0,0,0,0,0,0,0,37.879988
RCOU,37919988,1405,1406,1308,1411,1405,0,0,0,0,0,0,0,0,0,37.919988
RCOU,37959988,1405,1406,1308,1411,1405,0,0,0,0,0,0,0,0,0,37.959988
RCOU,37999988,1405,1405,1309,1410,1405,0,0,0,0,0,0,0,0,0,37.999988
RCOU,38039988,1404,1405,1310,1410,1404,0,0,0,0,0,0,0,0,0,38.039988
RCOU,38079988,1404,1405,1310,1410,1404,0,0,0,0,0,0,0,0,0,38.079988
RCOU,38119988,1404,1404,1311,1410,1404,0,0,0,0,0,0,0,0,0,38.119988
RCOU,38159988,1405,1404,1311,1409,1405,0,0,0,0,0,0,0,0,0,38.159988
RCOU,38199988,1405,1404,1312,1409,1405,0,0,0,0,0,0,0,0,0,38.199988
RCOU,38239988,1405,1404,1313,1409,1405,0,0,0,0,0,0,0,0,0,38.239988
RCOU,38279988,1405,1403,1313,1410,1405,0,0,0,0,0,0,0,0,0,38.279988
RCOU,38319988,1406,1403,1313,1410,1406,0,0,0,0,0,0,0,0,0,38.319988
RCOU,38359988,1406,1403,1314,1410,1406,0,0,0,0,0,0,0,0,0,38.359988
RCOU,38399988,1407,1402,1314,1411,1407,0,0,0,0,0,0,0,0,0,38.399988
RCOU,38439988,1407,1402,1315,1413,1407,0,0,0,0,0,0,0,0,0,38.439988
RCOU,38479988,1408,1402,1316,1414,1408,0,0,0,0,0,0,0,0,0,38.479988
RCOU,38519988,1408,1401,1316,1416,1408,0,0,0,0,0,0,0,0,0,38.519988
RCOU,38559988,1409,1401,1317,1418,1409,0,0,0,0,0,0,0,0,0,38.559988
RCOU,38599988,1409,1401,1318,1420,1409,0,0,0,0,0,0,0,0,0,38.599988
RCOU,38639988,1410,1400,1319,1422,1410,0,0,0,0,0,0,0,0,0,38.639988
RCOU,38679988,1410,1395,1319,1423,1410,0,0,0,0,0,0,0,0,0,38.679988
RCOU,38719988,1410,1391,1320,1424,1410,0,0,0,0,0,0,0,0,0,38.719988
RCOU,38759988,1411,1390,1321,1425,1411,0,0,0,0,0,0,0,0,0,38.759988
RCOU,38799988,1411,1389,1322,1424,1411,0,0,0,0,0,0,0,0,0,38.799988
RCOU,38839988,1412,1388,1323,1424,1412,0,0,0,0,0,0,0,0,0,38.839988
RCOU,38879988,1412,1388,1323,1422,1412,0,0,0,0,0,0,0,0,0,38.879988
RCOU,38919988,1412,1388,1324,1421,1412,0,0,0,0,0,0,0,0,0,38.919988
RCOU,38959988,1412,1389,1325,1418,1412,0,0,0,0,0,0,0,0,0,38.959988
RCOU,38999988,1413,1389,1325,1415,1413,0,0,0,0,0,0,0,0,0,38.999988
RCOU,39039988,1413,1389,1325,1412,1413,0,0,0,0,0,0,0,0,0,39.039988
RCOU,39079988,1413,1390,1325,1410,1413,0,0,0,0,0,0,0,0,0,39.079988
RCOU,39119988,1414,1390,1326,1408,1414,0,0,0,0,0,0,0,0,0,39.119988
RCOU,39159988,1414,1390,1326,1406,1414,0,0,0,0,0,0,0,0,0,39.159988
RCOU,39199988,1414,1391,1327,1404,1414,0,0,0,0,0,0,0,0,0,39.199988
RCOU,39239988,1415,1392,1327,1402,1415,0,0,0,0,0,0,0,0,0,39.239988
RCOU,39279988,1415,1392,1327,1401,1415,0,0,0,0,0,0,0,0,0,39.279988
RCOU,39319988,1415,1393,1328,1400,1415,0,0,0,0,0,0,0,0,0,39.319988
RCOU,39359988,1416,1393,1328,1399,1416,0,0,0,0,0,0,0,0,0,39.359988
RCOU,39399988,1416,1394,1328,1398,1416,0,0,0,0,0,0,0,0,0,39.399988
RCOU,39439988,1417,1395,1328,1398,1417,0,0,0,0,0,0,0,0,0,39.439988
RCOU,39479988,1417,1396,1328,1398,1417,0,0,0,0,0,0,0,0,0,39.479988
RCOU,39519988,1417,1397,1328,1398,1417,0,0,0,0,0,0,0,0,0,39.519988
RCOU,39559988,1417,1398,1328,1398,1417,0,0,0,0,0,0,0,0,0,39.559988
RCOU,39599988,1417,1399,1328,1398,1417,0,0,0,0,0,0,0,0,0,39.599988
RCOU,39639988,1416,1399,1328,1399,1416,0,0,0,0,0,0,0,0,0,39.639988
RCOU,39679988,1416,1400,1328,1399,1416,0,0,0,0,0,0,0,0,0,39.679988
RCOU,39719988,1416,1401,1328,1399,1416,0,0,0,0,0,0,0,0,0,39.719988
RCOU,39759988,1415,1402,1327,1400,1415,0,0,0,0,0,0,0,0,0,39.759988
RCOU,39799988,1415,1402,1327,1400,1415,0,0,0,0,0,0,0,0,0,39.799988
RCOU,39839988,1414,1403,1327,1400,1414,0,0,0,0,0,0,0,0,0,39.839988
RCOU,39879988,1414,1404,1326,1401,1414,0,0,0,0,0,0,0,0,0,39.879988
RCOU,39919988,1413,1404,1326,1401,1413,0,0,0,0,0,0,0,0,0,39.919988
RCOU,39959988,1413,1405,1326,1401,1413,0,0,0,0,0,0,0,0,0,39.959988
RCOU,39999988,1412,1405,1325,1401,1412,0,0,0,0,0,0,0,0,0,39.999988
RCOU,40039988,1411,1406,1325,1401,1411,0,0,0,0,0,0,0,0,0,40.039988
RCOU,40079988,1411,1406,1325,1401,1411,0,0,0,0,0,0,0,0,0,40.079988
RCOU,40119988,1410,1406,1325,1401,1410,0,0,0,0,0,0,0,0,0,40.119988
RCOU,40159988,1410,1407,1324,1402,1410,0,0,0,0,0,0,0,0,0,40.159988
RCOU,40199988,1410,1407,1324,1402,1410,0,0,0,0,0,0,0,0,0,40.199988
RCOU,40239988,1410,1407,1323,1402,1410,0,0,0,0,0,0,0,0,0,40.239988
RCOU,40279988,1410,1402,1323,1403,1410,0,0,0,0,0,0,0,0,0,40.279988
RCOU,40319988,1409,1398,1323,1404,1409,0,0,0,0,0,0,0,0,0,40.319988
RCOU,40359988,1409,1396,1322,1404,1409,0,0,0,0,0,0,0,0,0,40.359988
RCOU,40399988,1409,1395,1322,1405,1409,0,0,0,0,0,0,0,0,0,40.399988
RCOU,40439988,1409,1395,1321,1406,1409,0,0,0,0,0,0,0,0,0,40.439988
RCOU,40479988,1409,1394,1321,1408,1409,0,0,0,0,0,0,0,0,0,40.479988
RCOU,40519988,1409,1394,1321,1409,1409,0,0,0,0,0,0,0,0,0,40.519988
RCOU,40559988,1409,1394,1320,1410,1409,0,0,0,0,0,0,0,0,0,40.559988
RCOU,40599988,1409,1394,1320,1410,1409,0,0,0,0,0,0,0,0,0,40.599988
RCOU,40639988,1408,1394,1320,1411,1408,0,0,0,0,0,0,0,0,0,40.639988
RCOU,40679988,1408,1394,1319,1413,1408,0,0,0,0,0,0,0,0,0,40.679988
RCOU,40719988,1408,1394,1319,1414,1408,0,0,0,0,0,0,0,0,0,40.719988
RCOU,40759988,1408,1393,1318,1414,1408,0,0,0,0,0,0,0,0,0,40.759988
RCOU,40799988,1408,1393,1318,1415,1408,0,0,0,0,0,0,0,0,0,40.799988
RCOU,40839988,1408,1393,1317,1415,1408,0,0,0,0,0,0,0,0,0,40.839988
RCOU,40879988,1408,1393,1317,1414,1408,0,0,0,0,0,0,0,0,0,40.879988
RCOU,40919988,1408,1393,1317,1414,1408,0,0,0,0,0,0,0,0,0,40.919988
RCOU,40959988,1407,1393,1316,1413,1407,0,0,0,0,0,0,0,0,0,40.959988
RCOU,40999988,1407,1393,1316,1412,1407,0,0,0,0,0,0,0,0,0,40.999988
RCOU,41039988,1407,1393,1315,1411,1407,0,0,0,0,0,0,0,0,0,41.039988
RCOU,41079988,1407,1393,1315,1410,1407,0,0,0,0,0,0,0,0,0,41.079988
RCOU,41119988,1407,1393,1314,1410,1407,0,0,0,0,0,0,0,0,0,41.119988
RCOU,41159988,1407,1393,1314,1409,1407,0,0,0,0,0,0,0,0,0,41.159988
RCOU,41199988,1407,1393,1313,1409,1407,0,0,0,0,0,0,0,0,0,41.199988
RCOU,41239988,1407,1393,1313,1408,1407,0,0,0,0,0,0,0,0,0,41.239988
RCOU,41279988,1406,1393,1313,1407,1406,0,0,0,0,0,0,0,0,0,41.279988
RCOU,41319988,1406,1393,1312,1407,1406,0,0,0,0,0,0,0,0,0,41.319988
RCOU,41359988,1406,1394,1312,1406,1406,0,0,0,0,0,0,0,0,0,41.359988
RCOU,41399988,1406,1394,1311,1405,1406,0,0,0,0,0,0,0,0,0,41.399988
RCOU,41439988,1406,1394,1311,1405,1406,0,0,0,0,0,0,0,0,0,41.439988
RCOU,41479988,1406,1394,1310,1405,1406,0,0,0,0,0,0,0,0,0,41.479988
RCOU,41519988,1406,1393,1310,1404,1406,0,0,0,0,0,0,0,0,0,41.519988
RCOU,41559988,1406,1393,1309,1404,1406,0,0,0,0,0,0,0,0,0,41.559988
RCOU,41599988,1406,1393,1309,1404,1406,0,0,0,0,0,0,0,0,0,41.599988
RCOU,41639988,1406,1393,1308,1404,1406,0,0,0,0,0,0,0,0,0,41.639988
RCOU,41679988,1406,1393,1307,1405,1406,0,0,0,0,0,0,0,0,0,41.679988
RCOU,41719988,1406,1393,1307,1405,1406,0,0,0,0,0,0,0,0,0,41.719988
RCOU,41759988,1406,1393,1306,1406,1406,0,0,0,0,0,0,0,0,0,41.759988
RCOU,41799988,1405,1393,1306,1406,1405,0,0,0,0,0,0,0,0,0,41.799988
RCOU,41839988,1405,1393,1305,1407,1405,0,0,0,0,0,0,0,0,0,41.839988
RCOU,41879988,1405,1393,1304,1408,1405,0,0,0,0,0,0,0,0,0,41.879988
RCOU,41919988,1405,1393,1304,1408,1405,0,0,0,0,0,0,0,0,0,41.919988
RCOU,41959988,1405,1393,1303,1409,1405,0,0,0,0,0,0,0,0,0,41.959988
RCOU,41999988,1405,1393,1303,1410,1405,0,0,0,0,0,0,0,0,0,41.999988
RCOU,42039988,1405,1393,1302,1410,1405,0,0,0,0,0,0,0,0,0,42.039988
RCOU,42079988,1405,1393,1302,1410,1405,0,0,0,0,0,0,0,0,0,42.079988
RCOU,42119988,1404,1393,1302,1411,1404,0,0,0,0,0,0,0,0,0,42.119988
RCOU,42159988,1404,1393,1301,1411,1404,0,0,0,0,0,0,0,0,0,42.159988
RCOU,42199988,1404,1393,1301,1412,1404,0,0,0,0,0,0,0,0,0,42.199988
RCOU,42239988,1404,1392,1300,1413,1404,0,0,0,0,0,0,0,0,0,42.239988
RCOU,42279988,1404,1392,1300,1414,1404,0,0,0,0,0,0,0,0,0,42.279988
RCOU,42319988,1405,1392,1299,1415,1405,0,0,0,0,0,0,0,0,0,42.319988
RCOU,42359988,1405,1392,1299,1416,1405,0,0,0,0,0,0,0,0,0,42.359988
RCOU,42399988,1405,1393,1298,1417,1405,0,0,0,0,0,0,0,0,0,42.399988
RCOU,42439988,1405,1393,1298,1418,1405,0,0,0,0,0,0,0,0,0,42.439988
RCOU,42479988,1406,1393,1297,1419,1406,0,0,0,0,0,0,0,0,0,42.479988
RCOU,42519988,1406,1394,1296,1420,1406,0,0,0,0,0,0,0,0,0,42.519988
RCOU,42559988,1407,1394,1296,1421,1407,0,0,0,0,0,0,0,0,0,42.559988
RCOU,42599988,1407,1394,1295,1422,1407,0,0,0,0,0,0,0,0,0,42.599988
RCOU,42639988,1407,1395,1295,1423,1407,0,0,0,0,0,0,0,0,0,42.639988
RCOU,42679988,1408,1395,1294,1423,1408,0,0,0,0,0,0,0,0,0,42.679988
RCOU,42719988,1408,1395,1293,1424,1408,0,0,0,0,0,0,0,0,0,42.719988
RCOU,42759988,1409,1396,1293,1424,1409,0,0,0,0,0,0,0,0,0,42.759988
RCOU,42799988,1409,1396,1292,1424,1409,0,0,0,0,0,0,0,0,0,42.799988
RCOU,42839988,1410,1396,1291,1424,1410,0,0,0,0,0,0,0,0,0,42.839988
RCOU,42879988,1410,1396,1291,1423,1410,0,0,0,0,0,0,0,0,0,42.879988
RCOU,42919988,1410,1397,1290,1422,1410,0,0,0,0,0,0,0,0,0,42.919988
RCOU,42959988,1411,1397,1290,1420,1411,0,0,0,0,0,0,0,0,0,42.959988
RCOU,42999988,1411,1402,1289,1418,1411,0,0,0,0,0,0,0,0,0,42.999988
RCOU,43039988,1412,1406,1289,1416,1412,0,0,0,0,0,0,0,0,0,43.039988
RCOU,43079988,1412,1408,1288,1414,1412,0,0,0,0,0,0,0,0,0,43.079988
RCOU,43119988,1412,1409,1287,1411,1412,0,0,0,0,0,0,0,0,0,43.119988
RCOU,43159988,1413,1410,1286,1410,1413,0,0,0,0,0,0,0,0,0,43.159988
RCOU,43199988,1413,1410,1286,1408,1413,0,0,0,0,0,0,0,0,0,43.199988
RCOU,43239988,1413,1410,1285,1406,1413,0,0,0,0,0,0,0,0,0,43.239988
RCOU,43279988,1414,1409,1284,1404,1414,0,0,0,0,0,0,0,0,0,43.279988
RCOU,43319988,1414,1409,1283,1403,1414,0,0,0,0,0,0,0,0,0,43.319988
RCOU,43359988,1414,1408,1283,1401,1414,0,0,0,0,0,0,0,0,0,43.359988
RCOU,43399988,1415,1408,1282,1400,1415,0,0,0,0,0,0,0,0,0,43.399988
RCOU,43439988,1415,1407,1282,1400,1415,0,0,0,0,0,0,0,0,0,43.439988
RCOU,43479988,1415,1406,1281,1399,1415,0,0,0,0,0,0,0,0,0,43.479988
RCOU,43519988,1416,1405,1281,1399,1416,0,0,0,0,0,0,0,0,0,43.519988
RCOU,43559988,1416,1404,1281,1399,1416,0,0,0,0,0,0,0,0,0,43.559988
RCOU,43599988,1416,1404,1280,1399,1416,0,0,0,0,0,0,0,0,0,43.599988
RCOU,43639988,1416,1403,1280,1399,1416,0,0,0,0,0,0,0,0,0,43.639988
RCOU,43679988,1416,1402,1280,1400,1416,0,0,0,0,0,0,0,0,0,43.679988
RCOU,43719988,1416,1400,1280,1400,1416,0,0,0,0,0,0,0,0,0,43.719988
RCOU,43759988,1416,1400,1280,1401,1416,0,0,0,0,0,0,0,0,0,43.759988
RCOU,43799988,1416,1399,1280,1401,1416,0,0,0,0,0,0,0,0,0,43.799988
RCOU,43839988,1415,1398,1280,1401,1415,0,0,0,0,0,0,0,0,0,43.839988
RCOU,43879988,1415,1398,1280,1402,1415,0,0,0,0,0,0,0,0,0,43.879988
RCOU,43919988,1415,1397,1280,1402,1415,0,0,0,0,0,0,0,0,0,43.919988
RCOU,43959988,1414,1397,1280,1402,1414,0,0,0,0,0,0,0,0,0,43.959988
RCOU,43999988,1413,1396,1281,1402,1413,0,0,0,0,0,0,0,0,0,43.999988
RCOU,44039988,1413,1395,1281,1402,1413,0,0,0,0,0,0,0,0,0,44.039988
RCOU,44079988,1412,1395,1281,1402,1412,0,0,0,0,0,0,0,0,0,44.079988
RCOU,44119988,1412,1394,1282,1402,1412,0,0,0,0,0,0,0,0,0,44.119988
RCOU,44159988,1411,1394,1282,1402,1411,0,0,0,0,0,0,0,0,0,44.159988
RCOU,44199988,1411,1394,1282,1402,1411,0,0,0,0,0,0,0,0,0,44.199988
RCOU,44239988,1410,1393,1283,1402,1410,0,0,0,0,0,0,0,0,0,44.239988
RCOU,44279988,1410,1393,1283,1402,1410,0,0,0,0,0,0,0,0,0,44.279988
RCOU,44319988,1410,1393,1284,1402,1410,0,0,0,0,0,0,0,0,0,44.319988
RCOU,44359988,1410,1393,1284,1402,1410,0,0,0,0,0,0,0,0,0,44.359988
RCOU,44399988,1409,1392,1284,1402,1409,0,0,0,0,0,0,0,0,0,44.399988
RCOU,44439988,1409,1392,1285,1403,1409,0,0,0,0,0,0,0,0,0,44.439988
RCOU,44479988,1409,1392,1285,1403,1409,0,0,0,0,0,0,0,0,0,44.479988
RCOU,44519988,1409,1392,1285,1404,1409,0,0,0,0,0,0,0,0,0,44.519988
RCOU,44559988,1409,1392,1286,1405,1409,0,0,0,0,0,0,0,0,0,44.559988
RCOU,44599988,1409,1395,1286,1406,1409,0,0,0,0,0,0,0,0,0,44.599988
RCOU,44639988,1409,1398,1287,1407,1409,0,0,0,0,0,0,0,0,0,44.639988
RCOU,44679988,1409,1399,1287,1409,1409,0,0,0,0,0,0,0,0,0,44.679988
RCOU,44719988,1409,1400,1287,1410,1409,0,0,0,0,0,0,0,0,0,44.719988
RCOU,44759988,1409,1401,1288,1410,1409,0,0,0,0,0,0,0,0,0,44.759988
RCOU,44799988,1408,1401,1288,1411,1408,0,0,0,0,0,0,0,0,0,44.799988
RCOU,44839988,1408,1402,1288,1412,1408,0,0,0,0,0,0,0,0,0,44.839988
RCOU,44879988,1408,1402,1289,1413,1408,0,0,0,0,0,0,0,0,0,44.879988
RCOU,44919988,1408,1402,1289,1413,1408,0,0,0,0,0,0,0,0,0,44.919988
RCOU,44959988,1408,1402,1290,1414,1408,0,0,0,0,0,0,0,0,0,44.959988
RCOU,44999988,1408,1402,1290,1414,1408,0,0,0,0,0,0,0,0,0,44.999988
RCOU,45039988,1408,1402,1290,1413,1408,0,0,0,0,0,0,0,0,0,45.039988
RCOU,45079988,1408,1402,1290,1413,1408,0,0,0,0,0,0,0,0,0,45.079988
RCOU,45119988,1407,1402,1290,1412,1407,0,0,0,0,0,0,0,0,0,45.119988
RCOU,45159988,1407,1402,1290,1411,1407,0,0,0,0,0,0,0,0,0,45.159988
RCOU,45199988,1407,1402,1291,1410,1407,0,0,0,0,0,0,0,0,0,45.199988
RCOU,45239988,1407,1402,1291,1410,1407,0,0,0,0,0,0,0,0,0,45.239988
RCOU,45279988,1407,1402,1292,1409,1407,0,0,0,0,0,0,0,0,0,45.279988
RCOU,45319988,1407,1402,1292,1408,1407,0,0,0,0,0,0,0,0,0,45.319988
RCOU,45359988,1407,1402,1293,1407,1407,0,0,0,0,0,0,0,0,0,45.359988
RCOU,45399988,1407,1402,1293,1407,1407,0,0,0,0,0,0,0,0,0,45.399988
RCOU,45439988,1407,1402,1294,1406,1407,0,0,0,0,0,0,0,0,0,45.439988
RCOU,45479988,1407,1401,1294,1405,1407,0,0,0,0,0,0,0,0,0,45.479988
RCOU,45519988,1407,1401,1295,1405,1407,0,0,0,0,0,0,0,0,0,45.519988
RCOU,45559988,1406,1401,1295,1404,1406,0,0,0,0,0,0,0,0,0,45.559988
RCOU,45599988,1406,1401,1296,1404,1406,0,0,0,0,0,0,0,0,0,45.599988
RCOU,45639988,1406,1401,1297,1404,1406,0,0,0,0,0,0,0,0,0,45.639988
RCOU,45679988,1406,1401,1297,1404,1406,0,0,0,0,0,0,0,0,0,45.679988
RCOU,45719988,1406,1401,1298,1404,1406,0,0,0,0,0,0,0,0,0,45.719988
RCOU,45759988,1406,1400,1299,1404,1406,0,0,0,0,0,0,0,0,0,45.759988
RCOU,45799988,1406,1400,1299,1404,1406,0,0,0,0,0,0,0,0,0,45.799988
RCOU,45839988,1406,1400,1300,1405,1406,0,0,0,0,0,0,0,0,0,45.839988
RCOU,45879988,1406,1400,1300,1405,1406,0,0,0,0,0,0,0,0,0,45.879988
RCOU,45919988,1406,1400,1301,1406,1406,0,0,0,0,0,0,0,0,0,45.919988
RCOU,45959988,1406,1399,1302,1406,1406,0,0,0,0,0,0,0,0,0,45.959988
RCOU,45999988,1406,1399,1302,1407,1406,0,0,0,0,0,0,0,0,0,45.999988
RCOU,46039988,1406,1399,1302,1408,1406,0,0,0,0,0,0,0,0,0,46.039988
RCOU,46079988,1405,1399,1303,1409,1405,0,0,0,0,0,0,0,0,0,46.079988
RCOU,46119988,1405,1399,1304,1409,1405,0,0,0,0,0,0,0,0,0,46.119988
RCOU,46159988,1405,1399,1304,1410,1405,0,0,0,0,0,0,0,0,0,46.159988
RCOU,46199988,1405,1399,1305,1410,1405,0,0,0,0,0,0,0,0,0,46.199988
RCOU,46239988,1405,1398,1306,1410,1405,0,0,0,0,0,0,0,0,0,46.239988
RCOU,46279988,1405,1398,1307,1410,1405,0,0,0,0,0,0,0,0,0,46.279988
RCOU,46319988,1405,1398,1307,1411,1405,0,0,0,0,0,0,0,0,0,46.319988
RCOU,46359988,1405,1398,1308,1411,1405,0,0,0,0,0,0,0,0,0,46.359988
RCOU,46399988,1404,1398,1309,1412,1404,0,0,0,0,0,0,0,0,0,46.399988
RCOU,46439988,1404,1398,1310,1412,1404,0,0,0,0,0,0,0,0,0,46.439988
RCOU,46479988,1404,1398,1310,1412,1404,0,0,0,0,0,0,0,0,0,46.479988
RCOU,46519988,1404,1398,1311,1413,1404,0,0,0,0,0,0,0,0,0,46.519988
RCOU,46559988,1404,1398,1312,1413,1404,0,0,0,0,0,0,0,0,0,46.559988
RCOU,46599988,1405,1398,1312,1414,1405,0,0,0,0,0,0,0,0,0,46.599988
RCOU,46639988,1405,1398,1313,1414,1405,0,0,0,0,0,0,0,0,0,46.639988
RCOU,46679988,1405,1398,1313,1415,1405,0,0,0,0,0,0,0,0,0,46.679988
RCOU,46719988,1406,1398,1314,1416,1406,0,0,0,0,0,0,0,0,0,46.719988
RCOU,46759988,1406,1398,1314,1417,1406,0,0,0,0,0,0,0,0,0,46.759988
RCOU,46799988,1407,1398,1315,1418,1407,0,0,0,0,0,0,0,0,0,46.799988
RCOU,46839988,1407,1398,1316,1419,1407,0,0,0,0,0,0,0,0,0,46.839988
RCOU,46879988,1407,1398,1316,1420,1407,0,0,0,0,0,0,0,0,0,46.879988
RCOU,46919988,1408,1398,1317,1421,1408,0,0,0,0,0,0,0,0,0,46.919988
RCOU,46959988,1408,1398,1318,1422,1408,0,0,0,0,0,0,0,0,0,46.959988
RCOU,46999988,1409,1398,1319,1422,1409,0,0,0,0,0,0,0,0,0,46.999988
RCOU,47039988,1409,1398,1319,1423,1409,0,0,0,0,0,0,0,0,0,47.039988
RCOU,47079988,1410,1398,1320,1423,1410,0,0,0,0,0,0,0,0,0,47.079988
RCOU,47119988,1410,1398,1321,1424,1410,0,0,0,0,0,0,0,0,0,47.119988
RCOU,47159988,1410,1398,1321,1423,1410,0,0,0,0,0,0,0,0,0,47.159988
RCOU,47199988,1411,1398,1322,1422,1411,0,0,0,0,0,0,0,0,0,47.199988
RCOU,47239988,1411,1398,1322,1421,1411,0,0,0,0,0,0,0,0,0,47.239988
RCOU,47279988,1412,1398,1323,1419,1412,0,0,0,0,0,0,0,0,0,47.279988
RCOU,47319988,1412,1395,1324,1417,1412,0,0,0,0,0,0,0,0,0,47.319988
RCOU,47359988,1412,1392,1324,1414,1412,0,0,0,0,0,0,0,0,0,47.359988
RCOU,47399988,1413,1390,1325,1411,1413,0,0,0,0,0,0,0,0,0,47.399988
RCOU,47439988,1413,1390,1325,1410,1413,0,0,0,0,0,0,0,0,0,47.439988
RCOU,47479988,1413,1390,1325,1407,1413,0,0,0,0,0,0,0,0,0,47.479988
RCOU,47519988,1413,1390,1325,1405,1413,0,0,0,0,0,0,0,0,0,47.519988
RCOU,47559988,1414,1390,1326,1404,1414,0,0,0,0,0,0,0,0,0,47.559988
RCOU,47599988,1414,1390,1326,1402,1414,0,0,0,0,0,0,0,0,0,47.599988
RCOU,47639988,1415,1391,1327,1400,1415,0,0,0,0,0,0,0,0,0,47.639988
RCOU,47679988,1415,1391,1327,1399,1415,0,0,0,0,0,0,0,0,0,47.679988
RCOU,47719988,1415,1391,1328,1398,1415,0,0,0,0,0,0,0,0,0,47.719988
RCOU,47759988,1416,1392,1328,1398,1416,0,0,0,0,0,0,0,0,0,47.759988
RCOU,47799988,1416,1392,1328,1398,1416,0,0,0,0,0,0,0,0,0,47.799988
RCOU,47839988,1416,1392,1328,1398,1416,0,0,0,0,0,0,0,0,0,47.839988
RCOU,47879988,1417,1393,1329,1398,1417,0,0,0,0,0,0,0,0,0,47.879988
RCOU,47919988,1417,1394,1329,1398,1417,0,0,0,0,0,0,0,0,0,47.919988
RCOU,47959988,1416,1394,1329,1398,1416,0,0,0,0,0,0,0,0,0,47.959988
RCOU,47999988,1416,1395,1329,1399,1416,0,0,0,0,0,0,0,0,0,47.999988
RCOU,48039988,1416,1395,1329,1399,1416,0,0,0,0,0,0,0,0,0,48.039988
RCOU,48079988,1416,1396,1329,1400,1416,0,0,0,0,0,0,0,0,0,48.079988
RCOU,48119988,1415,1396,1329,1400,1415,0,0,0,0,0,0,0,0,0,48.119988
RCOU,48159988,1415,1397,1329,1401,1415,0,0,0,0,0,0,0,0,0,48.159988
RCOU,48199988,1414,1398,1329,1401,1414,0,0,0,0,0,0,0,0,0,48.199988
RCOU,48239988,1414,1399,1328,1401,1414,0,0,0,0,0,0,0,0,0,48.239988
RCOU,48279988,1413,1399,1328,1401,1413,0,0,0,0,0,0,0,0,0,48.279988
RCOU,48319988,1413,1400,1328,1401,1413,0,0,0,0,0,0,0,0,0,48.319988
RCOU,48359988,1412,1401,1328,1401,1412,0,0,0,0,0,0,0,0,0,48.359988
RCOU,48399988,1411,1401,1327,1401,1411,0,0,0,0,0,0,0,0,0,48.399988
RCOU,48439988,1411,1402,1327,1401,1411,0,0,0,0,0,0,0,0,0,48.439988
RCOU,48479988,1410,1403,1327,1400,1410,0,0,0,0,0,0,0,0,0,48.479988
RCOU,48519988,1410,1403,1326,1400,1410,0,0,0,0,0,0,0,0,0,48.519988
RCOU,48559988,1410,1403,1326,1400,1410,0,0,0,0,0,0,0,0,0,48.559988
RCOU,48599988,1410,1404,1325,1400,1410,0,0,0,0,0,0,0,0,0,48.599988
RCOU,48639988,1410,1404,1325,1401,1410,0,0,0,0,0,0,0,0,0,48.639988
RCOU,48679988,1409,1404,1325,1401,1409,0,0,0,0,0,0,0,0,0,48.679988
RCOU,48719988,1409,1405,1325,1402,1409,0,0,0,0,0,0,0,0,0,48.719988
RCOU,48759988,1409,1405,1325,1403,1409,0,0,0,0,0,0,0,0,0,48.759988
RCOU,48799988,1409,1406,1324,1404,1409,0,0,0,0,0,0,0,0,0,48.799988
RCOU,48839988,1409,1406,1324,1405,1409,0,0,0,0,0,0,0,0,0,48.839988
RCOU,48879988,1409,1406,1323,1406,1409,0,0,0,0,0,0,0,0,0,48.879988
RCOU,48919988,1409,1403,1323,1407,1409,0,0,0,0,0,0,0,0,0,48.919988
RCOU,48959988,1409,1400,1322,1408,1409,0,0,0,0,0,0,0,0,0,48.959988
RCOU,48999988,1409,1399,1322,1410,1409,0,0,0,0,0,0,0,0,0,48.999988
RCOU,49039988,1409,1398,1321,1410,1409,0,0,0,0,0,0,0,0,0,49.039988
RCOU,49079988,1408,1398,1321,1411,1408,0,0,0,0,0,0,0,0,0,49.079988
RCOU,49119988,1408,1397,1320,1412,1408,0,0,0,0,0,0,0,0,0,49.119988
RCOU,49159988,1408,1397,1320,1413,1408,0,0,0,0,0,0,0,0,0,49.159988
RCOU,49199988,1408,1397,1319,1414,1408,0,0,0,0,0,0,0,0,0,49.199988
RCOU,49239988,1408,1396,1319,1414,1408,0,0,0,0,0,0,0,0,0,49.239988
RCOU,49279988,1408,1396,1318,1414,1408,0,0,0,0,0,0,0,0,0,49.279988
RCOU,49319988,1408,1396,1318,1414,1408,0,0,0,0,0,0,0,0,0,49.319988
RCOU,49359988,1408,1396,1317,1413,1408,0,0,0,0,0,0,0,0,0,49.359988
RCOU,49399988,1407,1396,1317,1412,1407,0,0,0,0,0,0,0,0,0,49.399988
RCOU,49439988,1407,1395,1316,1411,1407,0,0,0,0,0,0,0,0,0,49.439988
RCOU,49479988,1407,1395,1316,1410,1407,0,0,0,0,0,0,0,0,0,49.479988
RCOU,49519988,1407,1395,1315,1410,1407,0,0,0,0,0,0,0,0,0,49.519988
RCOU,49559988,1407,1395,1315,1409,1407,0,0,0,0,0,0,0,0,0,49.559988
RCOU,49599988,1407,1396,1314,1408,1407,0,0,0,0,0,0,0,0,0,49.599988
RCOU,49639988,1407,1396,1314,1407,1407,0,0,0,0,0,0,0,0,0,49.639988
RCOU,49679988,1407,1396,1313,1406,1407,0,0,0,0,0,0,0,0,0,49.679988
RCOU,49719988,1407,1396,1313,1406,1407,0,0,0,0,0,0,0,0,0,49.719988
RCOU,49759988,1407,1397,1313,1405,1407,0,0,0,0,0,0,0,0,0,49.759988
RCOU,49799988,1406,1397,1313,1404,1406,0,0,0,0,0,0,0,0,0,49.799988
RCOU,49839988,1406,1397,1312,1404,1406,0,0,0,0,0,0,0,0,0,49.839988
RCOU,49879988,1406,1397,1311,1404,1406,0,0,0,0,0,0,0,0,0,49.879988
RCOU,49919988,1406,1398,1311,1403,1406,0,0,0,0,0,0,0,0,0,49.919988
RCOU,49959988,1406,1398,1310,1403,1406,0,0,0,0,0,0,0,0,0,49.959988
RCOU,49999988,1406,1398,1310,1403,1406,0,0,0,0,0,0,0,0,0,49.999988
RCOU,50039988,1406,1398,1309,1404,1406,0,0,0,0,0,0,0,0,0,50.039988
RCOU,50079988,1406,1398,1308,1404,1406,0,0,0,0,0,0,0,0,0,50.079988
RCOU,50119988,1406,1398,1308,1404,1406,0,0,0,0,0,0,0,0,0,50.119988
RCOU,50159988,1406,1399,1307,1405,1406,0,0,0,0,0,0,0,0,0,50.159988
RCOU,50199988,1406,1399,1306,1406,1406,0,0,0,0,0,0,0,0,0,50.199988
RCOU,50239988,1406,1399,1305,1406,1406,0,0,0,0,0,0,0,0,0,50.239988
RCOU,50279988,1406,1400,1305,1407,1406,0,0,0,0,0,0,0,0,0,50.279988
RCOU,50319988,1405,1400,1304,1408,1405,0,0,0,0,0,0,0,0,0,50.319988
RCOU,50359988,1405,1400,1303,1408,1405,0,0,0,0,0,0,0,0,0,50.359988
RCOU,50399988,1405,1400,1302,1409,1405,0,0,0,0,0,0,0,0,0,50.399988
RCOU,50439988,1405,1401,1302,1410,1405,0,0,0,0,0,0,0,0,0,50.439988
RCOU,50479988,1405,1401,1302,1410,1405,0,0,0,0,0,0,0,0,0,50.479988
RCOU,50519988,1405,1401,1301,1410,1405,0,0,0,0,0,0,0,0,0,50.519988
RCOU,50559988,1405,1401,1300,1410,1405,0,0,0,0,0,0,0,0,0,50.559988
RCOU,50599988,1405,1401,1300,1410,1405,0,0,0,0,0,0,0,0,0,50.599988
RCOU,50639988,1405,1400,1299,1411,1405,0,0,0,0,0,0,0,0,0,50.639988
RCOU,50679988,1404,1400,1298,1411,1404,0,0,0,0,0,0,0,0,0,50.679988
RCOU,50719988,1404,1400,1297,1411,1404,0,0,0,0,0,0,0,0,0,50.719988
RCOU,50759988,1404,1400,1297,1412,1404,0,0,0,0,0,0,0,0,0,50.759988
RCOU,50799988,1404,1399,1296,1413,1404,0,0,0,0,0,0,0,0,0,50.799988
RCOU,50839988,1404,1399,1295,1413,1404,0,0,0,0,0,0,0,0,0,50.839988
RCOU,50879988,1405,1399,1294,1414,1405,0,0,0,0,0,0,0,0,0,50.879988
RCOU,50919988,1405,1399,1294,1414,1405,0,0,0,0,0,0,0,0,0,50.919988
RCOU,50959988,1405,1398,1293,1415,1405,0,0,0,0,0,0,0,0,0,50.959988
RCOU,50999988,1406,1398,1293,1416,1406,0,0,0,0,0,0,0,0,0,50.999988
RCOU,51039988,1406,1398,1292,1417,1406,0,0,0,0,0,0,0,0,0,51.039988
RCOU,51079988,1406,1397,1291,1418,1406,0,0,0,0,0,0,0,0,0,51.079988
RCOU,51119988,1407,1397,1291,1419,1407,0,0,0,0,0,0,0,0,0,51.119988
RCOU,51159988,1407,1396,1290,1420,1407,0,0,0,0,0,0,0,0,0,51.159988
RCOU,51199988,1408,1396,1290,1421,1408,0,0,0,0,0,0,0,0,0,51.199988
RCOU,51239988,1408,1395,1290,1422,1408,0,0,0,0,0,0,0,0,0,51.239988
RCOU,51279988,1409,1395,1290,1422,1409,0,0,0,0,0,0,0,0,0,51.279988
RCOU,51319988,1409,1394,1290,1423,1409,0,0,0,0,0,0,0,0,0,51.319988
RCOU,51359988,1410,1394,1289,1423,1410,0,0,0,0,0,0,0,0,0,51.359988
RCOU,51399988,1410,1394,1289,1423,1410,0,0,0,0,0,0,0,0,0,51.399988
RCOU,51439988,1410,1394,1289,1422,1410,0,0,0,0,0,0,0,0,0,51.439988
RCOU,51479988,1411,1394,1288,1421,1411,0,0,0,0,0,0,0,0,0,51.479988
RCOU,51519988,1411,1394,1288,1419,1411,0,0,0,0,0,0,0,0,0,51.519988
RCOU,51559988,1411,1394,1287,1417,1411,0,0,0,0,0,0,0,0,0,51.559988
RCOU,51599988,1412,1393,1287,1415,1412,0,0,0,0,0,0,0,0,0,51.599988
RCOU,51639988,1412,1397,1287,1412,1412,0,0,0,0,0,0,0,0,0,51.639988
RCOU,51679988,1412,1400,1286,1410,1412,0,0,0,0,0,0,0,0,0,51.679988
RCOU,51719988,1413,1401,1286,1409,1413,0,0,0,0,0,0,0,0,0,51.719988
RCOU,51759988,1413,1402,1286,1407,1413,0,0,0,0,0,0,0,0,0,51.759988
RCOU,51799988,1413,1402,1285,1405,1413,0,0,0,0,0,0,0,0,0,51.799988
RCOU,51839988,1414,1402,1285,1403,1414,0,0,0,0,0,0,0,0,0,51.839988
RCOU,51879988,1414,1402,1285,1401,1414,0,0,0,0,0,0,0,0,0,51.879988
RCOU,51919988,1414,1402,1284,1400,1414,0,0,0,0,0,0,0,0,0,51.919988
RCOU,51959988,1415,1402,1284,1399,1415,0,0,0,0,0,0,0,0,0,51.959988
RCOU,51999988,1415,1402,1284,1398,1415,0,0,0,0,0,0,0,0,0,51.999988
RCOU,52039988,1415,1401,1284,1398,1415,0,0,0,0,0,0,0,0,0,52.039988
RCOU,52079988,1416,1401,1283,1398,1416,0,0,0,0,0,0,0,0,0,52.079988
RCOU,52119988,1416,1401,1283,1398,1416,0,0,0,0,0,0,0,0,0,52.119988
RCOU,52159988,1416,1401,1283,1398,1416,0,0,0,0,0,0,0,0,0,52.159988
RCOU,52199988,1416,1400,1283,1399,1416,0,0,0,0,0,0,0,0,0,52.199988
RCOU,52239988,1416,1400,1283,1399,1416,0,0,0,0,0,0,0,0,0,52.239988
RCOU,52279988,1416,1400,1283,1400,1416,0,0,0,0,0,0,0,0,0,52.279988
RCOU,52319988,1416,1400,1283,1401,1416,0,0,0,0,0,0,0,0,0,52.319988
RCOU,52359988,1416,1399,1283,1401,1416,0,0,0,0,0,0,0,0,0,52.359988
RCOU,52399988,1415,1399,1283,1402,1415,0,0,0,0,0,0,0,0,0,52.399988
RCOU,52439988,1415,1399,1283,1402,1415,0,0,0,0,0,0,0,0,0,52.439988
RCOU,52479988,1415,1398,1283,1402,1415,0,0,0,0,0,0,0,0,0,52.479988
RCOU,52519988,1414,1398,1283,1403,1414,0,0,0,0,0,0,0,0,0,52.519988
RCOU,52559988,1413,1397,1283,1403,1413,0,0,0,0,0,0,0,0,0,52.559988
RCOU,52599988,1413,1397,1283,1402,1413,0,0,0,0,0,0,0,0,0,52.599988
RCOU,52639988,1412,1396,1283,1402,1412,0,0,0,0,0,0,0,0,0,52.639988
RCOU,52679988,1412,1396,1283,1402,1412,0,0,0,0,0,0,0,0,0,52.679988
RCOU,52719988,1411,1396,1283,1402,1411,0,0,0,0,0,0,0,0,0,52.719988
RCOU,52759988,1410,1395,1284,1401,1410,0,0,0,0,0,0,0,0,0,52.759988
RCOU,52799988,1410,1395,1284,1401,1410,0,0,0,0,0,0,0,0,0,52.799988
RCOU,52839988,1410,1394,1284,1401,1410,0,0,0,0,0,0,0,0,0,52.839988
RCOU,52879988,1410,1394,1284,1401,1410,0,0,0,0,0,0,0,0,0,52.879988
RCOU,52919988,1410,1394,1285,1401,1410,0,0,0,0,0,0,0,0,0,52.919988
RCOU,52959988,1410,1394,1285,1401,1410,0,0,0,0,0,0,0,0,0,52.959988
RCOU,52999988,1409,1394,1285,1402,1409,0,0,0,0,0,0,0,0,0,52.999988
RCOU,53039988,1409,1394,1286,1403,1409,0,0,0,0,0,0,0,0,0,53.039988
RCOU,53079988,1409,1394,1286,1403,1409,0,0,0,0,0,0,0,0,0,53.079988
RCOU,53119988,1409,1394,1286,1404,1409,0,0,0,0,0,0,0,0,0,53.119988
RCOU,53159988,1409,1394,1287,1405,1409,0,0,0,0,0,0,0,0,0,53.159988
RCOU,53199988,1409,1394,1287,1406,1409,0,0,0,0,0,0,0,0,0,53.199988
RCOU,53239988,1409,1397,1287,1408,1409,0,0,0,0,0,0,0,0,0,53.239988
RCOU,53279988,1409,1400,1287,1409,1409,0,0,0,0,0,0,0,0,0,53.279988
RCOU,53319988,1409,1402,1288,1410,1409,0,0,0,0,0,0,0,0,0,53.319988
RCOU,53359988,1409,1402,1288,1410,1409,0,0,0,0,0,0,0,0,0,53.359988
RCOU,53399988,1409,1403,1288,1411,1409,0,0,0,0,0,0,0,0,0,53.399988
RCOU,53439988,1408,1403,1289,1412,1408,0,0,0,0,0,0,0,0,0,53.439988
RCOU,53479988,1408,1403,1289,1412,1408,0,0,0,0,0,0,0,0,0,53.479988
RCOU,53519988,1408,1403,1289,1413,1408,0,0,0,0,0,0,0,0,0,53.519988
RCOU,53559988,1408,1403,1289,1413,1408,0,0,0,0,0,0,0,0,0,53.559988
RCOU,53599988,1408,1403,1290,1413,1408,0,0,0,0,0,0,0,0,0,53.599988
RCOU,53639988,1408,1403,1290,1412,1408,0,0,0,0,0,0,0,0,0,53.639988
RCOU,53679988,1408,1403,1290,1411,1408,0,0,0,0,0,0,0,0,0,53.679988
RCOU,53719988,1408,1403,1290,1410,1408,0,0,0,0,0,0,0,0,0,53.719988
RCOU,53759988,1407,1403,1290,1410,1407,0,0,0,0,0,0,0,0,0,53.759988
RCOU,53799988,1407,1403,1290,1410,1407,0,0,0,0,0,0,0,0,0,53.799988
RCOU,53839988,1407,1404,1291,1409,1407,0,0,0,0,0,0,0,0,0,53.839988
RCOU,53879988,1407,1404,1291,1408,1407,0,0,0,0,0,0,0,0,0,53.879988
RCOU,53919988,1407,1404,1292,1407,1407,0,0,0,0,0,0,0,0,0,53.919988
RCOU,53959988,1407,1404,1292,1406,1407,0,0,0,0,0,0,0,0,0,53.959988
RCOU,53999988,1407,1404,1292,1405,1407,0,0,0,0,0,0,0,0,0,53.999988
RCOU,54039988,1407,1404,1293,1404,1407,0,0,0,0,0,0,0,0,0,54.039988
RCOU,54079988,1407,1404,1293,1404,1407,0,0,0,0,0,0,0,0,0,54.079988
RCOU,54119988,1407,1404,1294,1403,1407,0,0,0,0,0,0,0,0,0,54.119988
RCOU,54159988,1407,1403,1294,1403,1407,0,0,0,0,0,0,0,0,0,54.159988
RCOU,54199988,1407,1403,1295,1403,1407,0,0,0,0,0,0,0,0,0,54.199988
RCOU,54239988,1407,1403,1295,1403,1407,0,0,0,0,0,0,0,0,0,54.239988
RCOU,54279988,1407,1403,1296,1403,1407,0,0,0,0,0,0,0,0,0,54.279988
RCOU,54319988,1407,1403,1296,1403,1407,0,0,0,0,0,0,0,0,0,54.319988
RCOU,54359988,1407,1403,1297,1404,1407,0,0,0,0,0,0,0,0,0,54.359988
RCOU,54399988,1406,1403,1298,1404,1406,0,0,0,0,0,0,0,0,0,54.399988
RCOU,54439988,1406,1403,1298,1405,1406,0,0,0,0,0,0,0,0,0,54.439988
RCOU,54479988,1406,1403,1299,1405,1406,0,0,0,0,0,0,0,0,0,54.479988
RCOU,54519988,1406,1403,1299,1406,1406,0,0,0,0,0,0,0,0,0,54.519988
RCOU,54559988,1406,1402,1300,1407,1406,0,0,0,0,0,0,0,0,0,54.559988
RCOU,54599988,1406,1402,1300,1407,1406,0,0,0,0,0,0,0,0,0,54.599988
RCOU,54639988,1406,1402,1301,1408,1406,0,0,0,0,0,0,0,0,0,54.639988
RCOU,54679988,1406,1402,1302,1409,1406,0,0,0,0,0,0,0,0,0,54.679988
RCOU,54719988,1406,1402,1302,1409,1406,0,0,0,0,0,0,0,0,0,54.719988
RCOU,54759988,1406,1402,1302,1410,1406,0,0,0,0,0,0,0,0,0,54.759988
RCOU,54799988,1406,1402,1303,1410,1406,0,0,0,0,0,0,0,0,0,54.799988
RCOU,54839988,1406,1402,1303,1410,1406,0,0,0,0,0,0,0,0,0,54.839988
RCOU,54879988,1405,1402,1304,1410,1405,0,0,0,0,0,0,0,0,0,54.879988
RCOU,54919988,1405,1402,1304,1410,1405,0,0,0,0,0,0,0,0,0,54.919988
RCOU,54959988,1405,1402,1305,1410,1405,0,0,0,0,0,0,0,0,0,54.959988
RCOU,54999988,1405,1402,1306,1411,1405,0,0,0,0,0,0,0,0,0,54.999988
RCOU,55039988,1405,1402,1306,1411,1405,0,0,0,0,0,0,0,0,0,55.039988
RCOU,55079988,1405,1402,1307,1411,1405,0,0,0,0,0,0,0,0,0,55.079988
RCOU,55119988,1405,1402,1308,1411,1405,0,0,0,0,0,0,0,0,0,55.119988
RCOU,55159988,1404,1402,1308,1411,1404,0,0,0,0,0,0,0,0,0,55.159988
RCOU,55199988,1404,1402,1309,1410,1404,0,0,0,0,0,0,0,0,0,55.199988
RCOU,55239988,1404,1402,1309,1410,1404,0,0,0,0,0,0,0,0,0,55.239988
RCOU,55279988,1404,1402,1310,1410,1404,0,0,0,0,0,0,0,0,0,55.279988
RCOU,55319988,1405,1402,1311,1410,1405,0,0,0,0,0,0,0,0,0,55.319988
RCOU,55359988,1405,1403,1311,1410,1405,0,0,0,0,0,0,0,0,0,55.359988
RCOU,55399988,1405,1403,1312,1410,1405,0,0,0,0,0,0,0,0,0,55.399988
RCOU,55439988,1405,1403,1312,1410,1405,0,0,0,0,0,0,0,0,0,55.439988
RCOU,55479988,1406,1403,1313,1411,1406,0,0,0,0,0,0,0,0,0,55.479988
RCOU,55519988,1406,1403,1313,1412,1406,0,0,0,0,0,0,0,0,0,55.519988
RCOU,55559988,1407,1403,1313,1413,1407,0,0,0,0,0,0,0,0,0,55.559988
RCOU,55599988,1407,1403,1314,1414,1407,0,0,0,0,0,0,0,0,0,55.599988
RCOU,55639988,1408,1403,1314,1415,1408,0,0,0,0,0,0,0,0,0,55.639988
RCOU,55679988,1408,1403,1315,1417,1408,0,0,0,0,0,0,0,0,0,55.679988
RCOU,55719988,1409,1404,1315,1418,1409,0,0,0,0,0,0,0,0,0,55.719988
RCOU,55759988,1409,1404,1316,1419,1409,0,0,0,0,0,0,0,0,0,55.759988
RCOU,55799988,1410,1404,1317,1421,1410,0,0,0,0,0,0,0,0,0,55.799988
RCOU,55839988,1410,1404,1317,1422,1410,0,0,0,0,0,0,0,0,0,55.839988
RCOU,55879988,1410,1404,1318,1422,1410,0,0,0,0,0,0,0,0,0,55.879988
RCOU,55919988,1411,1404,1318,1422,1411,0,0,0,0,0,0,0,0,0,55.919988
RCOU,55959988,1411,1401,1319,1422,1411,0,0,0,0,0,0,0,0,0,55.959988
RCOU,55999988,1411,1398,1319,1421,1411,0,0,0,0,0,0,0,0,0,55.999988
RCOU,56039988,1412,1397,1320,1419,1412,0,0,0,0,0,0,0,0,0,56.039988
RCOU,56079988,1412,1396,1320,1418,1412,0,0,0,0,0,0,0,0,0,56.079988
RCOU,56119988,1412,1396,1321,1416,1412,0,0,0,0,0,0,0,0,0,56.119988
RCOU,56159988,1412,1396,1321,1413,1412,0,0,0,0,0,0,0,0,0,56.159988
RCOU,56199988,1413,1396,1321,1410,1413,0,0,0,0,0,0,0,0,0,56.199988
RCOU,56239988,1413,1395,1322,1409,1413,0,0,0,0,0,0,0,0,0,56.239988
RCOU,56279988,1413,1395,1322,1407,1413,0,0,0,0,0,0,0,0,0,56.279988
RCOU,56319988,1413,1395,1323,1406,1413,0,0,0,0,0,0,0,0,0,56.319988
RCOU,56359988,1414,1396,1323,1404,1414,0,0,0,0,0,0,0,0,0,56.359988
RCOU,56399988,1414,1396,1323,1402,1414,0,0,0,0,0,0,0,0,0,56.399988
RCOU,56439988,1414,1396,1324,1401,1414,0,0,0,0,0,0,0,0,0,56.439988
RCOU,56479988,1415,1397,1324,1400,1415,0,0,0,0,0,0,0,0,0,56.479988
RCOU,56519988,1415,1397,1324,1399,1415,0,0,0,0,0,0,0,0,0,56.519988
RCOU,56559988,1416,1398,1325,1398,1416,0,0,0,0,0,0,0,0,0,56.559988
RCOU,56599988,1416,1398,1325,1398,1416,0,0,0,0,0,0,0,0,0,56.599988
RCOU,56639988,1416,1398,1325,1398,1416,0,0,0,0,0,0,0,0,0,56.639988
RCOU,56679988,1416,1399,1325,1398,1416,0,0,0,0,0,0,0,0,0,56.679988
RCOU,56719988,1416,1399,1325,1398,1416,0,0,0,0,0,0,0,0,0,56.719988
RCOU,56759988,1416,1400,1325,1398,1416,0,0,0,0,0,0,0,0,0,56.759988
RCOU,56799988,1416,1400,1325,1398,1416,0,0,0,0,0,0,0,0,0,56.799988
RCOU,56839988,1416,1401,1325,1399,1416,0,0,0,0,0,0,0,0,0,56.839988
RCOU,56879988,1416,1401,1325,1399,1416,0,0,0,0,0,0,0,0,0,56.879988
RCOU,56919988,1415,1401,1325,1400,1415,0,0,0,0,0,0,0,0,0,56.919988
RCOU,56959988,1415,1402,1325,1400,1415,0,0,0,0,0,0,0,0,0,56.959988
RCOU,56999988,1414,1402,1325,1400,1414,0,0,0,0,0,0,0,0,0,56.999988
RCOU,57039988,1414,1402,1325,1400,1414,0,0,0,0,0,0,0,0,0,57.039988
RCOU,57079988,1413,1402,1325,1400,1413,0,0,0,0,0,0,0,0,0,57.079988
RCOU,57119988,1412,1402,1324,1401,1412,0,0,0,0,0,0,0,0,0,57.119988
RCOU,57159988,1412,1402,1324,1401,1412,0,0,0,0,0,0,0,0,0,57.159988
RCOU,57199988,1411,1403,1324,1401,1411,0,0,0,0,0,0,0,0,0,57.199988
RCOU,57239988,1411,1403,1324,1401,1411,0,0,0,0,0,0,0,0,0,57.239988
RCOU,57279988,1410,1403,1323,1400,1410,0,0,0,0,0,0,0,0,0,57.279988
RCOU,57319988,1410,1404,1323,1401,1410,0,0,0,0,0,0,0,0,0,57.319988
RCOU,57359988,1410,1404,1323,1401,1410,0,0,0,0,0,0,0,0,0,57.359988
RCOU,57399988,1410,1404,1323,1401,1410,0,0,0,0,0,0,0,0,0,57.399988
RCOU,57439988,1410,1405,1322,1401,1410,0,0,0,0,0,0,0,0,0,57.439988
RCOU,57479988,1409,1405,1322,1402,1409,0,0,0,0,0,0,0,0,0,57.479988
RCOU,57519988,1409,1405,1322,1403,1409,0,0,0,0,0,0,0,0,0,57.519988
RCOU,57559988,1409,1402,1322,1404,1409,0,0,0,0,0,0,0,0,0,57.559988
RCOU,57599988,1409,1399,1321,1405,1409,0,0,0,0,0,0,0,0,0,57.599988
RCOU,57639988,1409,1398,1321,1406,1409,0,0,0,0,0,0,0,0,0,57.639988
RCOU,57679988,1409,1397,1321,1407,1409,0,0,0,0,0,0,0,0,0,57.679988
RCOU,57719988,1409,1397,1320,1408,1409,0,0,0,0,0,0,0,0,0,57.719988
RCOU,57759988,1409,1396,1320,1409,1409,0,0,0,0,0,0,0,0,0,57.759988
RCOU,57799988,1409,1396,1320,1410,1409,0,0,0,0,0,0,0,0,0,57.799988
RCOU,57839988,1408,1396,1320,1410,1408,0,0,0,0,0,0,0,0,0,57.839988
RCOU,57879988,1408,1395,1319,1411,1408,0,0,0,0,0,0,0,0,0,57.879988
RCOU,57919988,1408,1395,1319,1412,1408,0,0,0,0,0,0,0,0,0,57.919988
RCOU,57959988,1408,1395,1319,1412,1408,0,0,0,0,0,0,0,0,0,57.959988
RCOU,57999988,1408,1395,1318,1413,1408,0,0,0,0,0,0,0,0,0,57.999988
RCOU,58039988,1408,1395,1318,1412,1408,0,0,0,0,0,0,0,0,0,58.039988
RCOU,58079988,1408,1395,1318,1412,1408,0,0,0,0,0,0,0,0,0,58.079988
RCOU,58119988,1408,1395,1318,1411,1408,0,0,0,0,0,0,0,0,0,58.119988
RCOU,58159988,1407,1396,1317,1410,1407,0,0,0,0,0,0,0,0,0,58.159988
RCOU,58199988,1407,1396,1317,1410,1407,0,0,0,0,0,0,0,0,0,58.199988
RCOU,58239988,1407,1396,1316,1410,1407,0,0,0,0,0,0,0,0,0,58.239988
RCOU,58279988,1407,1396,1316,1409,1407,0,0,0,0,0,0,0,0,0,58.279988
RCOU,58319988,1407,1397,1316,1408,1407,0,0,0,0,0,0,0,0,0,58.319988
RCOU,58359988,1407,1397,1315,1407,1407,0,0,0,0,0,0,0,0,0,58.359988
RCOU,58399988,1407,1397,1315,1407,1407,0,0,0,0,0,0,0,0,0,58.399988
RCOU,58439988,1407,1397,1314,1406,1407,0,0,0,0,0,0,0,0,0,58.439988
RCOU,58479988,1407,1397,1314,1405,1407,0,0,0,0,0,0,0,0,0,58.479988
RCOU,58519988,1407,1397,1313,1405,1407,0,0,0,0,0,0,0,0,0,58.519988
RCOU,58559988,1407,1398,1313,1404,1407,0,0,0,0,0,0,0,0,0,58.559988
RCOU,58599988,1406,1398,1313,1404,1406,0,0,0,0,0,0,0,0,0,58.599988
RCOU,58639988,1406,1398,1313,1403,1406,0,0,0,0,0,0,0,0,0,58.639988
RCOU,58679988,1406,1399,1312,1403,1406,0,0,0,0,0,0,0,0,0,58.679988
RCOU,58719988,1406,1399,1311,1403,1406,0,0,0,0,0,0,0,0,0,58.719988
RCOU,58759988,1406,1399,1311,1403,1406,0,0,0,0,0,0,0,0,0,58.759988
RCOU,58799988,1406,1399,1310,1404,1406,0,0,0,0,0,0,0,0,0,58.799988
RCOU,58839988,1406,1400,1309,1404,1406,0,0,0,0,0,0,0,0,0,58.839988
RCOU,58879988,1406,1400,1309,1404,1406,0,0,0,0,0,0,0,0,0,58.879988
RCOU,58919988,1406,1400,1308,1405,1406,0,0,0,0,0,0,0,0,0,58.919988
RCOU,58959988,1406,1400,1307,1406,1406,0,0,0,0,0,0,0,0,0,58.959988
RCOU,58999988,1406,1401,1306,1406,1406,0,0,0,0,0,0,0,0,0,58.999988
RCOU,59039988,1406,1401,1306,1407,1406,0,0,0,0,0,0,0,0,0,59.039988
RCOU,59079988,1405,1401,1305,1408,1405,0,0,0,0,0,0,0,0,0,59.079988
RCOU,59119988,1405,1401,1304,1409,1405,0,0,0,0,0,0,0,0,0,59.119988
RCOU,59159988,1405,1401,1303,1409,1405,0,0,0,0,0,0,0,0,0,59.159988
RCOU,59199988,1405,1401,1303,1410,1405,0,0,0,0,0,0,0,0,0,59.199988
RCOU,59239988,1405,1401,1302,1410,1405,0,0,0,0,0,0,0,0,0,59.239988
RCOU,59279988,1405,1400,1302,1410,1405,0,0,0,0,0,0,0,0,0,59.279988
RCOU,59319988,1405,1400,1301,1410,1405,0,0,0,0,0,0,0,0,0,59.319988
RCOU,59359988,1404,1400,1301,1411,1404,0,0,0,0,0,0,0,0,0,59.359988
RCOU,59399988,1404,1400,1300,1411,1404,0,0,0,0,0,0,0,0,0,59.399988
RCOU,59439988,1404,1399,1299,1411,1404,0,0,0,0,0,0,0,0,0,59.439988
RCOU,59479988,1404,1399,1299,1411,1404,0,0,0,0,0,0,0,0,0,59.479988
RCOU,59519988,1404,1399,1298,1411,1404,0,0,0,0,0,0,0,0,0,59.519988
RCOU,59559988,1405,1399,1297,1412,1405,0,0,0,0,0,0,0,0,0,59.559988
RCOU,59599988,1405,1399,1297,1412,1405,0,0,0,0,0,0,0,0,0,59.599988
RCOU,59639988,1405,1398,1296,1413,1405,0,0,0,0,0,0,0,0,0,59.639988
RCOU,59679988,1406,1398,1296,1413,1406,0,0,0,0,0,0,0,0,0,59.679988
RCOU,59719988,1406,1398,1295,1414,1406,0,0,0,0,0,0,0,0,0,59.719988
RCOU,59759988,1406,1397,1295,1415,1406,0,0,0,0,0,0,0,0,0,59.759988
RCOU,59799988,1407,1397,1294,1417,1407,0,0,0,0,0,0,0,0,0,59.799988
RCOU,59839988,1407,1396,1294,1418,1407,0,0,0,0,0,0,0,0,0,59.839988
RCOU,59879988,1408,1396,1293,1419,1408,0,0,0,0,0,0,0,0,0,59.879988
RCOU,59919988,1408,1396,1293,1421,1408,0,0,0,0,0,0,0,0,0,59.919988
RCOU,59959988,1409,1395,1292,1421,1409,0,0,0,0,0,0,0,0,0,59.959988
RCOU,59999988,1409,1395,1292,1422,1409,0,0,0,0,0,0,0,0,0,59.999988
RCOU,60039988,1410,1394,1292,1423,1410,0,0,0,0,0,0,0,0,0,60.039988
RCOU,60079988,1410,1394,1291,1423,1410,0,0,0,0,0,0,0,0,0,60.079988
RCOU,60119988,1410,1394,1291,1423,1410,0,0,0,0,0,0,0,0,0,60.119988
RCOU,60159988,1410,1394,1291,1422,1410,0,0,0,0,0,0,0,0,0,60.159988
RCOU,60199988,1411,1394,1290,1421,1411,0,0,0,0,0,0,0,0,0,60.199988
RCOU,60239988,1411,1394,1290,1419,1411,0,0,0,0,0,0,0,0,0,60.239988
RCOU,60279988,1411,1397,1290,1417,1411,0,0,0,0,0,0,0,0,0,60.279988
RCOU,60319988,1412,1401,1290,1415,1412,0,0,0,0,0,0,0,0,0,60.319988
RCOU,60359988,1412,1402,1290,1412,1412,0,0,0,0,0,0,0,0,0,60.359988
RCOU,60399988,1412,1402,1290,1410,1412,0,0,0,0,0,0,0,0,0,60.399988
RCOU,60439988,1412,1402,1289,1408,1412,0,0,0,0,0,0,0,0,0,60.439988
RCOU,60479988,1413,1402,1289,1406,1413,0,0,0,0,0,0,0,0,0,60.479988
RCOU,60519988,1413,1401,1289,1404,1413,0,0,0,0,0,0,0,0,0,60.519988
RCOU,60559988,1413,1401,1289,1402,1413,0,0,0,0,0,0,0,0,0,60.559988
RCOU,60599988,1414,1400,1288,1400,1414,0,0,0,0,0,0,0,0,0,60.599988
RCOU,60639988,1414,1400,1288,1399,1414,0,0,0,0,0,0,0,0,0,60.639988
RCOU,60679988,1414,1400,1288,1398,1414,0,0,0,0,0,0,0,0,0,60.679988
RCOU,60719988,1415,1400,1288,1397,1415,0,0,0,0,0,0,0,0,0,60.719988
RCOU,60759988,1415,1399,1287,1397,1415,0,0,0,0,0,0,0,0,0,60.759988
RCOU,60799988,1415,1399,1287,1397,1415,0,0,0,0,0,0,0,0,0,60.799988
RCOU,60839988,1416,1399,1287,1398,1416,0,0,0,0,0,0,0,0,0,60.839988
RCOU,60879988,1416,1399,1287,1398,1416,0,0,0,0,0,0,0,0,0,60.879988
RCOU,60919988,1416,1399,1287,1399,1416,0,0,0,0,0,0,0,0,0,60.919988
RCOU,60959988,1416,1399,1287,1400,1416,0,0,0,0,0,0,0,0,0,60.959988
RCOU,60999988,1416,1399,1287,1401,1416,0,0,0,0,0,0,0,0,0,60.999988
RCOU,61039988,1416,1399,1287,1402,1416,0,0,0,0,0,0,0,0,0,61.039988
RCOU,61079988,1416,1398,1287,1402,1416,0,0,0,0,0,0,0,0,0,61.079988
RCOU,61119988,1415,1398,1287,1403,1415,0,0,0,0,0,0,0,0,0,61.119988
RCOU,61159988,1415,1398,1287,1404,1415,0,0,0,0,0,0,0,0,0,61.159988
RCOU,61199988,1414,1397,1287,1404,1414,0,0,0,0,0,0,0,0,0,61.199988
RCOU,61239988,1414,1397,1287,1404,1414,0,0,0,0,0,0,0,0,0,61.239988
RCOU,61279988,1413,1397,1287,1404,1413,0,0,0,0,0,0,0,0,0,61.279988
RCOU,61319988,1413,1396,1287,1404,1413,0,0,0,0,0,0,0,0,0,61.319988
RCOU,61359988,1412,1396,1287,1403,1412,0,0,0,0,0,0,0,0,0,61.359988
RCOU,61399988,1412,1396,1287,1403,1412,0,0,0,0,0,0,0,0,0,61.399988
RCOU,61439988,1411,1395,1288,1402,1411,0,0,0,0,0,0,0,0,0,61.439988
RCOU,61479988,1410,1395,1288,1401,1410,0,0,0,0,0,0,0,0,0,61.479988
RCOU,61519988,1410,1395,1288,1400,1410,0,0,0,0,0,0,0,0,0,61.519988
RCOU,61559988,1410,1395,1288,1399,1410,0,0,0,0,0,0,0,0,0,61.559988
RCOU,61599988,1410,1395,1289,1399,1410,0,0,0,0,0,0,0,0,0,61.599988
RCOU,61639988,1410,1395,1289,1398,1410,0,0,0,0,0,0,0,0,0,61.639988
RCOU,61679988,1410,1395,1289,1398,1410,0,0,0,0,0,0,0,0,0,61.679988
RCOU,61719988,1409,1395,1289,1398,1409,0,0,0,0,0,0,0,0,0,61.719988
RCOU,61759988,1409,1395,1290,1398,1409,0,0,0,0,0,0,0,0,0,61.759988
RCOU,61799988,1409,1395,1290,1399,1409,0,0,0,0,0,0,0,0,0,61.799988
RCOU,61839988,1409,1395,1290,1399,1409,0,0,0,0,0,0,0,0,0,61.839988
RCOU,61879988,1409,1399,1290,1401,1409,0,0,0,0,0,0,0,0,0,61.879988
RCOU,61919988,1409,1401,1290,1402,1409,0,0,0,0,0,0,0,0,0,61.919988
RCOU,61959988,1409,1402,1290,1403,1409,0,0,0,0,0,0,0,0,0,61.959988
RCOU,61999988,1409,1403,1290,1405,1409,0,0,0,0,0,0,0,0,0,61.999988
RCOU,62039988,1409,1403,1290,1407,1409,0,0,0,0,0,0,0,0,0,62.039988
RCOU,62079988,1409,1402,1291,1408,1409,0,0,0,0,0,0,0,0,0,62.079988
RCOU,62119988,1409,1402,1291,1410,1409,0,0,0,0,0,0,0,0,0,62.119988
RCOU,62159988,1409,1402,1291,1411,1409,0,0,0,0,0,0,0,0,0,62.159988
RCOU,62199988,1409,1402,1291,1413,1409,0,0,0,0,0,0,0,0,0,62.199988
RCOU,62239988,1409,1402,1292,1414,1409,0,0,0,0,0,0,0,0,0,62.239988
RCOU,62279988,1409,1402,1292,1416,1409,0,0,0,0,0,0,0,0,0,62.279988
RCOU,62319988,1409,1402,1292,1416,1409,0,0,0,0,0,0,0,0,0,62.319988
RCOU,62359988,1408,1403,1292,1417,1408,0,0,0,0,0,0,0,0,0,62.359988
RCOU,62399988,1408,1403,1293,1416,1408,0,0,0,0,0,0,0,0,0,62.399988
RCOU,62439988,1408,1403,1293,1416,1408,0,0,0,0,0,0,0,0,0,62.439988
RCOU,62479988,1408,1403,1293,1415,1408,0,0,0,0,0,0,0,0,0,62.479988
RCOU,62519988,1408,1403,1294,1413,1408,0,0,0,0,0,0,0,0,0,62.519988
RCOU,62559988,1408,1403,1294,1411,1408,0,0,0,0,0,0,0,0,0,62.559988
RCOU,62599988,1408,1403,1295,1410,1408,0,0,0,0,0,0,0,0,0,62.599988
RCOU,62639988,1408,1403,1295,1409,1408,0,0,0,0,0,0,0,0,0,62.639988
RCOU,62679988,1408,1403,1295,1408,1408,0,0,0,0,0,0,0,0,0,62.679988
RCOU,62719988,1408,1403,1296,1407,1408,0,0,0,0,0,0,0,0,0,62.719988
RCOU,62759988,1407,1403,1296,1406,1407,0,0,0,0,0,0,0,0,0,62.759988
RCOU,62799988,1407,1403,1297,1405,1407,0,0,0,0,0,0,0,0,0,62.799988
RCOU,62839988,1407,1403,1297,1404,1407,0,0,0,0,0,0,0,0,0,62.839988
RCOU,62879988,1407,1403,1298,1403,1407,0,0,0,0,0,0,0,0,0,62.879988
RCOU,62919988,1407,1403,1298,1402,1407,0,0,0,0,0,0,0,0,0,62.919988
RCOU,62959988,1407,1403,1298,1402,1407,0,0,0,0,0,0,0,0,0,62.959988
RCOU,62999988,1407,1403,1299,1402,1407,0,0,0,0,0,0,0,0,0,62.999988
RCOU,63039988,1407,1403,1299,1402,1407,0,0,0,0,0,0,0,0,0,63.039988
RCOU,63079988,1407,1403,1300,1402,1407,0,0,0,0,0,0,0,0,0,63.079988
RCOU,63119988,1407,1403,1300,1403,1407,0,0,0,0,0,0,0,0,0,63.119988
RCOU,63159988,1407,1403,1301,1403,1407,0,0,0,0,0,0,0,0,0,63.159988
RCOU,63199988,1407,1403,1302,1404,1407,0,0,0,0,0,0,0,0,0,63.199988
RCOU,63239988,1407,1403,1302,1405,1407,0,0,0,0,0,0,0,0,0,63.239988
RCOU,63279988,1407,1403,1302,1406,1407,0,0,0,0,0,0,0,0,0,63.279988
RCOU,63319988,1407,1403,1302,1406,1407,0,0,0,0,0,0,0,0,0,63.319988
RCOU,63359988,1407,1403,1303,1407,1407,0,0,0,0,0,0,0,0,0,63.359988
RCOU,63399988,1407,1403,1303,1408,1407,0,0,0,0,0,0,0,0,0,63.399988
RCOU,63439988,1407,1403,1304,1409,1407,0,0,0,0,0,0,0,0,0,63.439988
RCOU,63479988,1407,1403,1304,1410,1407,0,0,0,0,0,0,0,0,0,63.479988
RCOU,63519988,1406,1403,1305,1410,1406,0,0,0,0,0,0,0,0,0,63.519988
RCOU,63559988,1406,1403,1305,1410,1406,0,0,0,0,0,0,0,0,0,63.559988
RCOU,63599988,1406,1403,1306,1411,1406,0,0,0,0,0,0,0,0,0,63.599988
RCOU,63639988,1406,1403,1307,1411,1406,0,0,0,0,0,0,0,0,0,63.639988
RCOU,63679988,1406,1403,1307,1411,1406,0,0,0,0,0,0,0,0,0,63.679988
RCOU,63719988,1406,1403,1308,1411,1406,0,0,0,0,0,0,0,0,0,63.719988
RCOU,63759988,1406,1403,1308,1411,1406,0,0,0,0,0,0,0,0,0,63.759988
RCOU,63799988,1406,1403,1309,1410,1406,0,0,0,0,0,0,0,0,0,63.799988
RCOU,63839988,1405,1403,1309,1410,1405,0,0,0,0,0,0,0,0,0,63.839988
RCOU,63879988,1405,1403,1310,1410,1405,0,0,0,0,0,0,0,0,0,63.879988
RCOU,63919988,1405,1403,1310,1410,1405,0,0,0,0,0,0,0,0,0,63.919988
RCOU,63959988,1405,1403,1311,1409,1405,0,0,0,0,0,0,0,0,0,63.959988
RCOU,63999988,1405,1403,1311,1409,1405,0,0,0,0,0,0,0,0,0,63.999988
RCOU,64059985,1405,1403,1312,1408,1405,0,0,0,0,0,0,0,0,0,64.059985
RCOU,64119982,1405,1404,1313,1407,1405,0,0,0,0,0,0,0,0,0,64.119982
RCOU,64179979,1405,1404,1313,1406,1405,0,0,0,0,0,0,0,0,0,64.179979
RCOU,64239976,1405,1404,1314,1405,1405,0,0,0,0,0,0,0,0,0,64.239976
RCOU,64299973,1405,1404,1314,1404,1405,0,0,0,0,0,0,0,0,0,64.299973
RCOU,64359970,1404,1404,1315,1404,1404,0,0,0,0,0,0,0,0,0,64.35997
RCOU,64419967,1404,1404,1316,1404,1404,0,0,0,0,0,0,0,0,0,64.419967
RCOU,64479964,1405,1404,1317,1405,1405,0,0,0,0,0,0,0,0,0,64.479964
RCOU,64539961,1405,1405,1317,1406,1405,0,0,0,0,0,0,0,0,0,64.539961
RCOU,64599958,1406,1401,1318,1408,1406,0,0,0,0,0,0,0,0,0,64.599958
RCOU,64659955,1406,1397,1319,1410,1406,0,0,0,0,0,0,0,0,0,64.659955
RCOU,64719952,1407,1397,1319,1413,1407,0,0,0,0,0,0,0,0,0,64.719952
RCOU,64779949,1407,1396,1320,1418,1407,0,0,0,0,0,0,0,0,0,64.779949
RCOU,64839946,1408,1396,1320,1423,1408,0,0,0,0,0,0,0,0,0,64.839946
RCOU,64899943,1408,1396,1321,1426,1408,0,0,0,0,0,0,0,0,0,64.899943
RCOU,64959940,1409,1396,1322,1429,1409,0,0,0,0,0,0,0,0,0,64.95994
RCOU,65019937,1409,1396,1322,1431,1409,0,0,0,0,0,0,0,0,0,65.019937
RCOU,65079934,1410,1396,1323,1432,1410,0,0,0,0,0,0,0,0,0,65.079934
RCOU,65139931,1410,1396,1323,1430,1410,0,0,0,0,0,0,0,0,0,65.139931
RCOU,65199928,1410,1396,1323,1427,1410,0,0,0,0,0,0,0,0,0,65.199928
RCOU,65259925,1411,1396,1324,1423,1411,0,0,0,0,0,0,0,0,0,65.259925
RCOU,65319922,1411,1396,1324,1418,1411,0,0,0,0,0,0,0,0,0,65.319922
RCOU,65379919,1412,1396,1325,1412,1412,0,0,0,0,0,0,0,0,0,65.379919
RCOU,65439916,1412,1396,1325,1408,1412,0,0,0,0,0,0,0,0,0,65.439916
RCOU,65499913,1412,1396,1325,1404,1412,0,0,0,0,0,0,0,0,0,65.499913
RCOU,65559910,1413,1397,1325,1400,1413,0,0,0,0,0,0,0,0,0,65.55991
RCOU,65619907,1413,1397,1325,1398,1413,0,0,0,0,0,0,0,0,0,65.619907
RCOU,65679904,1414,1397,1325,1396,1414,0,0,0,0,0,0,0,0,0,65.679904
RCOU,65739901,1414,1397,1325,1395,1414,0,0,0,0,0,0,0,0,0,65.739901
RCOU,65799898,1415,1397,1325,1395,1415,0,0,0,0,0,0,0,0,0,65.799898
RCOU,65859895,1415,1397,1325,1396,1415,0,0,0,0,0,0,0,0,0,65.859895
RCOU,65919892,1416,1397,1326,1398,1416,0,0,0,0,0,0,0,0,0,65.919892
RCOU,65979889,1416,1397,1326,1401,1416,0,0,0,0,0,0,0,0,0,65.979889
RCOU,66039886,1416,1397,1326,1403,1416,0,0,0,0,0,0,0,0,0,66.039886
RCOU,66099883,1416,1397,1326,1405,1416,0,0,0,0,0,0,0,0,0,66.099883
RCOU,66159880,1416,1398,1326,1407,1416,0,0,0,0,0,0,0,0,0,66.15988
RCOU,66219877,1415,1393,1326,1408,1415,0,0,0,0,0,0,0,0,0,66.219877
RCOU,66279874,1415,1390,1326,1408,1415,0,0,0,0,0,0,0,0,0,66.279874
RCOU,66339871,1414,1390,1326,1407,1414,0,0,0,0,0,0,0,0,0,66.339871
RCOU,66399868,1413,1391,1326,1406,1413,0,0,0,0,0,0,0,0,0,66.399868
RCOU,66459865,1412,1392,1325,1404,1412,0,0,0,0,0,0,0,0,0,66.459865
RCOU,66519862,1412,1394,1325,1401,1412,0,0,0,0,0,0,0,0,0,66.519862
RCOU,66579859,1411,1394,1325,1399,1411,0,0,0,0,0,0,0,0,0,66.579859
RCOU,66639856,1410,1395,1325,1396,1410,0,0,0,0,0,0,0,0,0,66.639856
RCOU,66699853,1410,1395,1325,1394,1410,0,0,0,0,0,0,0,0,0,66.699853
RCOU,66759850,1410,1395,1324,1393,1410,0,0,0,0,0,0,0,0,0,66.75985
RCOU,66819847,1410,1395,1324,1393,1410,0,0,0,0,0,0,0,0,0,66.819847
RCOU,66879844,1410,1395,1323,1393,1410,0,0,0,0,0,0,0,0,0,66.879844
RCOU,66939841,1410,1395,1322,1395,1410,0,0,0,0,0,0,0,0,0,66.939841
RCOU,66999838,1410,1396,1321,1398,1410,0,0,0,0,0,0,0,0,0,66.999838
RCOU,67059835,1410,1396,1320,1401,1410,0,0,0,0,0,0,0,0,0,67.059835
RCOU,67119833,1410,1397,1319,1404,1410,0,0,0,0,0,0,0,0,0,67.119833
RCOU,67159833,1410,1397,1318,1407,1410,0,0,0,0,0,0,0,0,0,67.159833
RCOU,67199833,1410,1398,1318,1409,1410,0,0,0,0,0,0,0,0,0,67.199833
RCOU,67239833,1410,1398,1317,1410,1410,0,0,0,0,0,0,0,0,0,67.239833
RCOU,67279833,1410,1399,1316,1413,1410,0,0,0,0,0,0,0,0,0,67.279833
RCOU,67319833,1410,1399,1315,1415,1410,0,0,0,0,0,0,0,0,0,67.319833
RCOU,67359833,1410,1400,1314,1417,1410,0,0,0,0,0,0,0,0,0,67.359833
RCOU,67399833,1409,1400,1313,1418,1409,0,0,0,0,0,0,0,0,0,67.399833
RCOU,67439833,1409,1400,1313,1419,1409,0,0,0,0,0,0,0,0,0,67.439833
RCOU,67479833,1409,1399,1313,1419,1409,0,0,0,0,0,0,0,0,0,67.479833
RCOU,67519833,1409,1399,1312,1419,1409,0,0,0,0,0,0,0,0,0,67.519833
RCOU,67559833,1409,1399,1311,1417,1409,0,0,0,0,0,0,0,0,0,67.559833
RCOU,67599833,1409,1399,1310,1416,1409,0,0,0,0,0,0,0,0,0,67.599833
RCOU,67639833,1409,1399,1309,1414,1409,0,0,0,0,0,0,0,0,0,67.639833
RCOU,67679833,1409,1399,1308,1412,1409,0,0,0,0,0,0,0,0,0,67.679833
RCOU,67719833,1409,1399,1307,1410,1409,0,0,0,0,0,0,0,0,0,67.719833
RCOU,67759833,1409,1400,1306,1409,1409,0,0,0,0,0,0,0,0,0,67.759833
RCOU,67799833,1409,1400,1305,1407,1409,0,0,0,0,0,0,0,0,0,67.799833
RCOU,67839833,1409,1400,1304,1405,1409,0,0,0,0,0,0,0,0,0,67.839833
RCOU,67879833,1409,1400,1303,1404,1409,0,0,0,0,0,0,0,0,0,67.879833
RCOU,67919833,1409,1400,1302,1403,1409,0,0,0,0,0,0,0,0,0,67.919833
RCOU,67959833,1409,1400,1302,1401,1409,0,0,0,0,0,0,0,0,0,67.959833
RCOU,67999833,1409,1400,1302,1401,1409,0,0,0,0,0,0,0,0,0,67.999833
RCOU,68039833,1409,1400,1301,1400,1409,0,0,0,0,0,0,0,0,0,68.039833
RCOU,68079833,1409,1400,1300,1400,1409,0,0,0,0,0,0,0,0,0,68.079833
RCOU,68119833,1409,1400,1299,1400,1409,0,0,0,0,0,0,0,0,0,68.119833
RCOU,68159833,1409,1400,1298,1400,1409,0,0,0,0,0,0,0,0,0,68.159833
RCOU,68199833,1409,1400,1297,1401,1409,0,0,0,0,0,0,0,0,0,68.199833
RCOU,68239833,1409,1399,1297,1402,1409,0,0,0,0,0,0,0,0,0,68.239833
RCOU,68279833,1409,1399,1296,1403,1409,0,0,0,0,0,0,0,0,0,68.279833
RCOU,68319833,1408,1399,1295,1404,1408,0,0,0,0,0,0,0,0,0,68.319833
RCOU,68359833,1408,1399,1294,1405,1408,0,0,0,0,0,0,0,0,0,68.359833
RCOU,68399833,1408,1399,1294,1406,1408,0,0,0,0,0,0,0,0,0,68.399833
RCOU,68439833,1408,1398,1293,1407,1408,0,0,0,0,0,0,0,0,0,68.439833
RCOU,68479833,1408,1398,1292,1408,1408,0,0,0,0,0,0,0,0,0,68.479833
RCOU,68519833,1408,1398,1292,1410,1408,0,0,0,0,0,0,0,0,0,68.519833
RCOU,68559833,1408,1397,1291,1410,1408,0,0,0,0,0,0,0,0,0,68.559833
RCOU,68599833,1408,1397,1290,1410,1408,0,0,0,0,0,0,0,0,0,68.599833
RCOU,68639833,1408,1396,1290,1411,1408,0,0,0,0,0,0,0,0,0,68.639833
RCOU,68679833,1408,1396,1290,1412,1408,0,0,0,0,0,0,0,0,0,68.679833
RCOU,68719833,1408,1396,1289,1412,1408,0,0,0,0,0,0,0,0,0,68.719833
RCOU,68759833,1407,1395,1289,1412,1407,0,0,0,0,0,0,0,0,0,68.759833
RCOU,68799833,1407,1395,1288,1412,1407,0,0,0,0,0,0,0,0,0,68.799833
RCOU,68839833,1407,1395,1288,1412,1407,0,0,0,0,0,0,0,0,0,68.839833
RCOU,68879833,1407,1394,1287,1411,1407,0,0,0,0,0,0,0,0,0,68.879833
RCOU,68919833,1407,1399,1287,1410,1407,0,0,0,0,0,0,0,0,0,68.919833
RCOU,68959833,1407,1403,1286,1410,1407,0,0,0,0,0,0,0,0,0,68.959833
RCOU,68999833,1407,1403,1286,1410,1407,0,0,0,0,0,0,0,0,0,68.999833
RCOU,69039833,1407,1403,1285,1410,1407,0,0,0,0,0,0,0,0,0,69.039833
RCOU,69079833,1407,1403,1285,1409,1407,0,0,0,0,0,0,0,0,0,69.079833
RCOU,69119833,1407,1402,1284,1408,1407,0,0,0,0,0,0,0,0,0,69.119833
RCOU,69159833,1407,1402,1284,1408,1407,0,0,0,0,0,0,0,0,0,69.159833
RCOU,69199833,1407,1402,1284,1407,1407,0,0,0,0,0,0,0,0,0,69.199833
RCOU,69239833,1406,1402,1283,1407,1406,0,0,0,0,0,0,0,0,0,69.239833
RCOU,69279833,1406,1401,1283,1406,1406,0,0,0,0,0,0,0,0,0,69.279833
RCOU,69319833,1406,1401,1283,1406,1406,0,0,0,0,0,0,0,0,0,69.319833
RCOU,69359833,1406,1401,1282,1405,1406,0,0,0,0,0,0,0,0,0,69.359833
RCOU,69399833,1406,1401,1282,1405,1406,0,0,0,0,0,0,0,0,0,69.399833
RCOU,69439833,1406,1400,1282,1405,1406,0,0,0,0,0,0,0,0,0,69.439833
RCOU,69479833,1406,1400,1282,1405,1406,0,0,0,0,0,0,0,0,0,69.479833
RCOU,69519833,1406,1400,1281,1404,1406,0,0,0,0,0,0,0,0,0,69.519833
RCOU,69559833,1406,1400,1281,1404,1406,0,0,0,0,0,0,0,0,0,69.559833
RCOU,69599833,1406,1399,1281,1404,1406,0,0,0,0,0,0,0,0,0,69.599833
RCOU,69639833,1406,1399,1281,1404,1406,0,0,0,0,0,0,0,0,0,69.639833
RCOU,69679833,1406,1399,1281,1404,1406,0,0,0,0,0,0,0,0,0,69.679833
RCOU,69719833,1406,1399,1281,1404,1406,0,0,0,0,0,0,0,0,0,69.719833
RCOU,69759833,1406,1398,1281,1404,1406,0,0,0,0,0,0,0,0,0,69.759833
RCOU,69799833,1406,1398,1281,1404,1406,0,0,0,0,0,0,0,0,0,69.799833
RCOU,69839833,1406,1398,1281,1404,1406,0,0,0,0,0,0,0,0,0,69.839833
RCOU,69879833,1406,1397,1280,1404,1406,0,0,0,0,0,0,0,0,0,69.879833
RCOU,69919833,1406,1397,1280,1404,1406,0,0,0,0,0,0,0,0,0,69.919833
RCOU,69959833,1406,1397,1280,1405,1406,0,0,0,0,0,0,0,0,0,69.959833
RCOU,69999833,1405,1397,1281,1405,1405,0,0,0,0,0,0,0,0,0,69.999833
RCOU,70039833,1405,1396,1281,1405,1405,0,0,0,0,0,0,0,0,0,70.039833
RCOU,70079833,1405,1396,1281,1405,1405,0,0,0,0,0,0,0,0,0,70.079833
RCOU,70119833,1405,1396,1281,1405,1405,0,0,0,0,0,0,0,0,0,70.119833
RCOU,70159833,1405,1395,1281,1406,1405,0,0,0,0,0,0,0,0,0,70.159833
RCOU,70199833,1405,1395,1281,1406,1405,0,0,0,0,0,0,0,0,0,70.199833
RCOU,70239833,1405,1394,1281,1406,1405,0,0,0,0,0,0,0,0,0,70.239833
RCOU,70279833,1405,1394,1281,1406,1405,0,0,0,0,0,0,0,0,0,70.279833
RCOU,70319833,1405,1394,1281,1406,1405,0,0,0,0,0,0,0,0,0,70.319833
RCOU,70359833,1405,1393,1282,1407,1405,0,0,0,0,0,0,0,0,0,70.359833
RCOU,70399833,1405,1393,1282,1407,1405,0,0,0,0,0,0,0,0,0,70.399833
RCOU,70439833,1405,1393,1282,1407,1405,0,0,0,0,0,0,0,0,0,70.439833
RCOU,70479833,1405,1393,1282,1407,1405,0,0,0,0,0,0,0,0,0,70.479833
RCOU,70519833,1405,1393,1283,1407,1405,0,0,0,0,0,0,0,0,0,70.519833
RCOU,70559833,1405,1402,1283,1407,1405,0,0,0,0,0,0,0,0,0,70.559833
RCOU,70599833,1405,1404,1283,1408,1405,0,0,0,0,0,0,0,0,0,70.599833
RCOU,70639833,1405,1404,1283,1408,1405,0,0,0,0,0,0,0,0,0,70.639833
RCOU,70679833,1405,1404,1284,1408,1405,0,0,0,0,0,0,0,0,0,70.679833
RCOU,70719833,1404,1403,1284,1408,1404,0,0,0,0,0,0,0,0,0,70.719833
RCOU,70759833,1404,1403,1284,1408,1404,0,0,0,0,0,0,0,0,0,70.759833
RCOU,70799833,1404,1402,1284,1408,1404,0,0,0,0,0,0,0,0,0,70.799833
RCOU,70839833,1405,1401,1285,1409,1405,0,0,0,0,0,0,0,0,0,70.839833
RCOU,70879833,1405,1401,1285,1409,1405,0,0,0,0,0,0,0,0,0,70.879833
RCOU,70919833,1405,1401,1285,1410,1405,0,0,0,0,0,0,0,0,0,70.919833
RCOU,70959833,1405,1400,1286,1410,1405,0,0,0,0,0,0,0,0,0,70.959833
RCOU,70999833,1406,1400,1286,1412,1406,0,0,0,0,0,0,0,0,0,70.999833
RCOU,71039833,1406,1400,1286,1413,1406,0,0,0,0,0,0,0,0,0,71.039833
RCOU,71079833,1407,1400,1286,1415,1407,0,0,0,0,0,0,0,0,0,71.079833
RCOU,71119833,1407,1401,1287,1417,1407,0,0,0,0,0,0,0,0,0,71.119833
RCOU,71159833,1408,1401,1287,1419,1408,0,0,0,0,0,0,0,0,0,71.159833
RCOU,71199833,1408,1401,1288,1421,1408,0,0,0,0,0,0,0,0,0,71.199833
RCOU,71239833,1409,1401,1288,1423,1409,0,0,0,0,0,0,0,0,0,71.239833
RCOU,71279833,1409,1401,1288,1424,1409,0,0,0,0,0,0,0,0,0,71.279833
RCOU,71319833,1410,1401,1289,1425,1410,0,0,0,0,0,0,0,0,0,71.319833
RCOU,71359833,1410,1401,1289,1426,1410,0,0,0,0,0,0,0,0,0,71.359833
RCOU,71399833,1410,1401,1290,1426,1410,0,0,0,0,0,0,0,0,0,71.399833
RCOU,71439833,1410,1401,1290,1425,1410,0,0,0,0,0,0,0,0,0,71.439833
RCOU,71479833,1411,1401,1290,1424,1411,0,0,0,0,0,0,0,0,0,71.479833
RCOU,71519833,1411,1401,1290,1422,1411,0,0,0,0,0,0,0,0,0,71.519833
RCOU,71559833,1412,1401,1290,1420,1412,0,0,0,0,0,0,0,0,0,71.559833
RCOU,71599833,1412,1401,1291,1417,1412,0,0,0,0,0,0,0,0,0,71.599833
RCOU,71639833,1412,1401,1291,1413,1412,0,0,0,0,0,0,0,0,0,71.639833
RCOU,71679833,1412,1401,1292,1410,1412,0,0,0,0,0,0,0,0,0,71.679833
RCOU,71719833,1413,1401,1292,1408,1413,0,0,0,0,0,0,0,0,0,71.719833
RCOU,71759833,1413,1401,1293,1406,1413,0,0,0,0,0,0,0,0,0,71.759833
RCOU,71799833,1413,1401,1293,1404,1413,0,0,0,0,0,0,0,0,0,71.799833
RCOU,71839833,1414,1401,1294,1401,1414,0,0,0,0,0,0,0,0,0,71.839833
RCOU,71879833,1414,1401,1294,1399,1414,0,0,0,0,0,0,0,0,0,71.879833
RCOU,71919833,1415,1401,1295,1398,1415,0,0,0,0,0,0,0,0,0,71.919833
RCOU,71959833,1415,1401,1295,1397,1415,0,0,0,0,0,0,0,0,0,71.959833
RCOU,71999833,1416,1401,1296,1396,1416,0,0,0,0,0,0,0,0,0,71.999833
RCOU,72039833,1416,1401,1296,1396,1416,0,0,0,0,0,0,0,0,0,72.039833
RCOU,72079833,1416,1401,1297,1396,1416,0,0,0,0,0,0,0,0,0,72.079833
RCOU,72119833,1417,1401,1297,1396,1417,0,0,0,0,0,0,0,0,0,72.119833
RCOU,72159833,1417,1401,1298,1396,1417,0,0,0,0,0,0,0,0,0,72.159833
RCOU,72199833,1417,1401,1298,1396,1417,0,0,0,0,0,0,0,0,0,72.199833
RCOU,72239833,1417,1401,1299,1397,1417,0,0,0,0,0,0,0,0,0,72.239833
RCOU,72279833,1416,1401,1299,1398,1416,0,0,0,0,0,0,0,0,0,72.279833
RCOU,72319833,1416,1402,1300,1398,1416,0,0,0,0,0,0,0,0,0,72.319833
RCOU,72359833,1416,1402,1300,1399,1416,0,0,0,0,0,0,0,0,0,72.359833
RCOU,72399833,1415,1402,1301,1399,1415,0,0,0,0,0,0,0,0,0,72.399833
RCOU,72439833,1415,1402,1301,1399,1415,0,0,0,0,0,0,0,0,0,72.439833
RCOU,72479833,1414,1402,1302,1399,1414,0,0,0,0,0,0,0,0,0,72.479833
RCOU,72519833,1414,1402,1302,1400,1414,0,0,0,0,0,0,0,0,0,72.519833
RCOU,72559833,1413,1402,1302,1400,1413,0,0,0,0,0,0,0,0,0,72.559833
RCOU,72599833,1413,1402,1302,1400,1413,0,0,0,0,0,0,0,0,0,72.599833
RCOU,72639833,1412,1402,1303,1400,1412,0,0,0,0,0,0,0,0,0,72.639833
RCOU,72679833,1412,1402,1303,1400,1412,0,0,0,0,0,0,0,0,0,72.679833
RCOU,72719833,1411,1402,1303,1399,1411,0,0,0,0,0,0,0,0,0,72.719833
RCOU,72759833,1411,1403,1304,1399,1411,0,0,0,0,0,0,0,0,0,72.759833
RCOU,72799833,1410,1403,1304,1399,1410,0,0,0,0,0,0,0,0,0,72.799833
RCOU,72839833,1410,1403,1305,1399,1410,0,0,0,0,0,0,0,0,0,72.839833
RCOU,72879833,1410,1403,1305,1399,1410,0,0,0,0,0,0,0,0,0,72.879833
RCOU,72919833,1410,1403,1306,1400,1410,0,0,0,0,0,0,0,0,0,72.919833
RCOU,72959833,1410,1403,1306,1400,1410,0,0,0,0,0,0,0,0,0,72.959833
RCOU,72999833,1410,1403,1307,1401,1410,0,0,0,0,0,0,0,0,0,72.999833
RCOU,73039833,1409,1404,1307,1401,1409,0,0,0,0,0,0,0,0,0,73.039833
RCOU,73079833,1409,1404,1307,1402,1409,0,0,0,0,0,0,0,0,0,73.079833
RCOU,73119833,1409,1404,1308,1403,1409,0,0,0,0,0,0,0,0,0,73.119833
RCOU,73159833,1409,1404,1308,1405,1409,0,0,0,0,0,0,0,0,0,73.159833
RCOU,73199833,1409,1404,1309,1406,1409,0,0,0,0,0,0,0,0,0,73.199833
RCOU,73239833,1409,1399,1309,1407,1409,0,0,0,0,0,0,0,0,0,73.239833
RCOU,73279833,1409,1395,1309,1409,1409,0,0,0,0,0,0,0,0,0,73.279833
RCOU,73319833,1409,1395,1310,1410,1409,0,0,0,0,0,0,0,0,0,73.319833
RCOU,73359833,1409,1395,1310,1410,1409,0,0,0,0,0,0,0,0,0,73.359833
RCOU,73399833,1409,1395,1311,1411,1409,0,0,0,0,0,0,0,0,0,73.399833
RCOU,73439833,1409,1395,1311,1412,1409,0,0,0,0,0,0,0,0,0,73.439833
RCOU,73479833,1408,1395,1311,1413,1408,0,0,0,0,0,0,0,0,0,73.479833
RCOU,73519833,1408,1395,1311,1414,1408,0,0,0,0,0,0,0,0,0,73.519833
RCOU,73559833,1408,1395,1312,1414,1408,0,0,0,0,0,0,0,0,0,73.559833
RCOU,73599833,1408,1395,1312,1413,1408,0,0,0,0,0,0,0,0,0,73.599833
RCOU,73639833,1408,1395,1312,1413,1408,0,0,0,0,0,0,0,0,0,73.639833
RCOU,73679833,1408,1395,1313,1412,1408,0,0,0,0,0,0,0,0,0,73.679833
RCOU,73719833,1408,1395,1313,1411,1408,0,0,0,0,0,0,0,0,0,73.719833
RCOU,73759833,1408,1395,1313,1410,1408,0,0,0,0,0,0,0,0,0,73.759833
RCOU,73799833,1407,1395,1313,1410,1407,0,0,0,0,0,0,0,0,0,73.799833
RCOU,73839833,1407,1395,1313,1409,1407,0,0,0,0,0,0,0,0,0,73.839833
RCOU,73879833,1407,1395,1313,1408,1407,0,0,0,0,0,0,0,0,0,73.879833
RCOU,73919833,1407,1395,1313,1407,1407,0,0,0,0,0,0,0,0,0,73.919833
RCOU,73959833,1407,1395,1313,1406,1407,0,0,0,0,0,0,0,0,0,73.959833
RCOU,73999833,1407,1395,1314,1405,1407,0,0,0,0,0,0,0,0,0,73.999833
RCOU,74039833,1407,1395,1314,1404,1407,0,0,0,0,0,0,0,0,0,74.039833
RCOU,74079833,1407,1395,1314,1404,1407,0,0,0,0,0,0,0,0,0,74.079833
RCOU,74119833,1407,1395,1314,1403,1407,0,0,0,0,0,0,0,0,0,74.119833
RCOU,74159833,1407,1395,1314,1403,1407,0,0,0,0,0,0,0,0,0,74.159833
RCOU,74199833,1407,1395,1314,1402,1407,0,0,0,0,0,0,0,0,0,74.199833
RCOU,74239833,1407,1395,1315,1402,1407,0,0,0,0,0,0,0,0,0,74.239833
RCOU,74279833,1407,1395,1315,1402,1407,0,0,0,0,0,0,0,0,0,74.279833
RCOU,74319833,1407,1395,1315,1402,1407,0,0,0,0,0,0,0,0,0,74.319833
RCOU,74359833,1407,1395,1315,1403,1407,0,0,0,0,0,0,0,0,0,74.359833
RCOU,74399833,1406,1395,1315,1403,1406,0,0,0,0,0,0,0,0,0,74.399833
RCOU,74439833,1406,1395,1315,1403,1406,0,0,0,0,0,0,0,0,0,74.439833
RCOU,74479833,1406,1395,1315,1404,1406,0,0,0,0,0,0,0,0,0,74.479833
RCOU,74519833,1406,1395,1315,1405,1406,0,0,0,0,0,0,0,0,0,74.519833
RCOU,74559833,1406,1395,1315,1405,1406,0,0,0,0,0,0,0,0,0,74.559833
RCOU,74599833,1406,1395,1315,1406,1406,0,0,0,0,0,0,0,0,0,74.599833
RCOU,74639833,1406,1395,1315,1406,1406,0,0,0,0,0,0,0,0,0,74.639833
RCOU,74679833,1406,1395,1315,1407,1406,0,0,0,0,0,0,0,0,0,74.679833
RCOU,74719833,1406,1395,1315,1408,1406,0,0,0,0,0,0,0,0,0,74.719833
RCOU,74759833,1406,1395,1315,1408,1406,0,0,0,0,0,0,0,0,0,74.759833
RCOU,74799833,1406,1396,1315,1408,1406,0,0,0,0,0,0,0,0,0,74.799833
RCOU,74839833,1405,1396,1315,1409,1405,0,0,0,0,0,0,0,0,0,74.839833
RCOU,74879833,1405,1387,1315,1409,1405,0,0,0,0,0,0,0,0,0,74.879833
RCOU,74919833,1405,1386,1315,1410,1405,0,0,0,0,0,0,0,0,0,74.919833
RCOU,74959833,1405,1386,1315,1410,1405,0,0,0,0,0,0,0,0,0,74.959833
RCOU,74999833,1405,1387,1315,1410,1405,0,0,0,0,0,0,0,0,0,74.999833
RCOU,75039833,1405,1389,1315,1410,1405,0,0,0,0,0,0,0,0,0,75.039833
RCOU,75079833,1405,1390,1315,1410,1405,0,0,0,0,0,0,0,0,0,75.079833
RCOU,75119833,1404,1391,1315,1410,1404,0,0,0,0,0,0,0,0,0,75.119833
RCOU,75159833,1404,1392,1314,1410,1404,0,0,0,0,0,0,0,0,0,75.159833
RCOU,75199833,1404,1392,1314,1410,1404,0,0,0,0,0,0,0,0,0,75.199833
RCOU,75239833,1404,1393,1314,1410,1404,0,0,0,0,0,0,0,0,0,75.239833
RCOU,75279833,1404,1393,1314,1410,1404,0,0,0,0,0,0,0,0,0,75.279833
RCOU,75319833,1405,1393,1313,1411,1405,0,0,0,0,0,0,0,0,0,75.319833
RCOU,75359833,1405,1393,1313,1412,1405,0,0,0,0,0,0,0,0,0,75.359833
RCOU,75399833,1405,1393,1313,1413,1405,0,0,0,0,0,0,0,0,0,75.399833
RCOU,75439833,1405,1393,1313,1415,1405,0,0,0,0,0,0,0,0,0,75.439833
RCOU,75479833,1406,1394,1312,1416,1406,0,0,0,0,0,0,0,0,0,75.479833
RCOU,75519833,1406,1394,1312,1418,1406,0,0,0,0,0,0,0,0,0,75.519833
RCOU,75559833,1407,1394,1311,1419,1407,0,0,0,0,0,0,0,0,0,75.559833
RCOU,75599833,1407,1394,1311,1420,1407,0,0,0,0,0,0,0,0,0,75.599833
RCOU,75639833,1407,1395,1310,1421,1407,0,0,0,0,0,0,0,0,0,75.639833
RCOU,75679833,1408,1395,1309,1422,1408,0,0,0,0,0,0,0,0,0,75.679833
RCOU,75719833,1408,1396,1309,1423,1408,0,0,0,0,0,0,0,0,0,75.719833
RCOU,75759833,1409,1396,1308,1423,1409,0,0,0,0,0,0,0,0,0,75.759833
RCOU,75799833,1409,1396,1307,1423,1409,0,0,0,0,0,0,0,0,0,75.799833
RCOU,75839833,1410,1397,1306,1423,1410,0,0,0,0,0,0,0,0,0,75.839833
RCOU,75879833,1410,1396,1305,1422,1410,0,0,0,0,0,0,0,0,0,75.879833
RCOU,75919833,1410,1396,1304,1421,1410,0,0,0,0,0,0,0,0,0,75.919833
RCOU,75959833,1411,1396,1303,1419,1411,0,0,0,0,0,0,0,0,0,75.959833
RCOU,75999833,1411,1396,1302,1417,1411,0,0,0,0,0,0,0,0,0,75.999833
RCOU,76039833,1412,1396,1302,1414,1412,0,0,0,0,0,0,0,0,0,76.039833
RCOU,76079833,1412,1396,1302,1411,1412,0,0,0,0,0,0,0,0,0,76.079833
RCOU,76119833,1412,1396,1301,1410,1412,0,0,0,0,0,0,0,0,0,76.119833
RCOU,76159833,1413,1397,1300,1408,1413,0,0,0,0,0,0,0,0,0,76.159833
RCOU,76199833,1413,1397,1299,1406,1413,0,0,0,0,0,0,0,0,0,76.199833
RCOU,76239833,1413,1398,1298,1404,1413,0,0,0,0,0,0,0,0,0,76.239833
RCOU,76279833,1414,1398,1297,1402,1414,0,0,0,0,0,0,0,0,0,76.279833
RCOU,76319833,1414,1399,1296,1400,1414,0,0,0,0,0,0,0,0,0,76.319833
RCOU,76359833,1414,1399,1295,1398,1414,0,0,0,0,0,0,0,0,0,76.359833
RCOU,76399833,1415,1399,1294,1397,1415,0,0,0,0,0,0,0,0,0,76.399833
RCOU,76439833,1415,1400,1293,1397,1415,0,0,0,0,0,0,0,0,0,76.439833
RCOU,76479833,1416,1400,1292,1396,1416,0,0,0,0,0,0,0,0,0,76.479833
RCOU,76519833,1416,1400,1291,1396,1416,0,0,0,0,0,0,0,0,0,76.519833
RCOU,76559833,1416,1400,1290,1396,1416,0,0,0,0,0,0,0,0,0,76.559833
RCOU,76599833,1417,1400,1290,1396,1417,0,0,0,0,0,0,0,0,0,76.599833
RCOU,76639833,1417,1400,1290,1397,1417,0,0,0,0,0,0,0,0,0,76.639833
RCOU,76679833,1417,1400,1289,1397,1417,0,0,0,0,0,0,0,0,0,76.679833
RCOU,76719833,1416,1400,1288,1398,1416,0,0,0,0,0,0,0,0,0,76.719833
RCOU,76759833,1416,1400,1287,1398,1416,0,0,0,0,0,0,0,0,0,76.759833
RCOU,76799833,1416,1399,1286,1399,1416,0,0,0,0,0,0,0,0,0,76.799833
RCOU,76839833,1415,1399,1285,1399,1415,0,0,0,0,0,0,0,0,0,76.839833
RCOU,76879833,1415,1399,1284,1399,1415,0,0,0,0,0,0,0,0,0,76.879833
RCOU,76919833,1414,1399,1284,1399,1414,0,0,0,0,0,0,0,0,0,76.919833
RCOU,76959833,1414,1399,1283,1399,1414,0,0,0,0,0,0,0,0,0,76.959833
RCOU,76999833,1413,1399,1282,1399,1413,0,0,0,0,0,0,0,0,0,76.999833
RCOU,77039833,1413,1399,1281,1399,1413,0,0,0,0,0,0,0,0,0,77.039833
RCOU,77079833,1412,1398,1280,1399,1412,0,0,0,0,0,0,0,0,0,77.079833
RCOU,77119833,1412,1398,1280,1399,1412,0,0,0,0,0,0,0,0,0,77.119833
RCOU,77159833,1411,1398,1279,1399,1411,0,0,0,0,0,0,0,0,0,77.159833
RCOU,77199833,1410,1398,1279,1398,1410,0,0,0,0,0,0,0,0,0,77.199833
RCOU,77239833,1410,1398,1278,1398,1410,0,0,0,0,0,0,0,0,0,77.239833
RCOU,77279833,1410,1397,1278,1398,1410,0,0,0,0,0,0,0,0,0,77.279833
RCOU,77319833,1410,1397,1277,1398,1410,0,0,0,0,0,0,0,0,0,77.319833
RCOU,77359833,1410,1397,1276,1399,1410,0,0,0,0,0,0,0,0,0,77.359833
RCOU,77399833,1410,1397,1276,1399,1410,0,0,0,0,0,0,0,0,0,77.399833
RCOU,77439833,1409,1397,1275,1400,1409,0,0,0,0,0,0,0,0,0,77.439833
RCOU,77479833,1409,1396,1274,1401,1409,0,0,0,0,0,0,0,0,0,77.479833
RCOU,77519833,1409,1396,1274,1402,1409,0,0,0,0,0,0,0,0,0,77.519833
RCOU,77559833,1409,1401,1273,1403,1409,0,0,0,0,0,0,0,0,0,77.559833
RCOU,77599833,1409,1406,1273,1404,1409,0,0,0,0,0,0,0,0,0,77.599833
RCOU,77639833,1409,1406,1272,1406,1409,0,0,0,0,0,0,0,0,0,77.639833
RCOU,77679833,1409,1405,1272,1407,1409,0,0,0,0,0,0,0,0,0,77.679833
RCOU,77719833,1409,1403,1271,1408,1409,0,0,0,0,0,0,0,0,0,77.719833
RCOU,77759833,1409,1401,1271,1410,1409,0,0,0,0,0,0,0,0,0,77.759833
RCOU,77799833,1409,1399,1270,1410,1409,0,0,0,0,0,0,0,0,0,77.799833
RCOU,77839833,1409,1397,1270,1411,1409,0,0,0,0,0,0,0,0,0,77.839833
RCOU,77879833,1409,1396,1269,1412,1409,0,0,0,0,0,0,0,0,0,77.879833
RCOU,77919833,1408,1396,1269,1413,1408,0,0,0,0,0,0,0,0,0,77.919833
RCOU,77959833,1408,1396,1269,1414,1408,0,0,0,0,0,0,0,0,0,77.959833
RCOU,77999833,1408,1397,1269,1414,1408,0,0,0,0,0,0,0,0,0,77.999833
RCOU,78039833,1408,1397,1268,1413,1408,0,0,0,0,0,0,0,0,0,78.039833
RCOU,78079833,1408,1398,1268,1413,1408,0,0,0,0,0,0,0,0,0,78.079833
RCOU,78119833,1408,1398,1268,1412,1408,0,0,0,0,0,0,0,0,0,78.119833
RCOU,78159833,1408,1398,1268,1411,1408,0,0,0,0,0,0,0,0,0,78.159833
RCOU,78199833,1408,1399,1268,1410,1408,0,0,0,0,0,0,0,0,0,78.199833
RCOU,78239833,1407,1398,1268,1410,1407,0,0,0,0,0,0,0,0,0,78.239833
RCOU,78279833,1407,1398,1268,1409,1407,0,0,0,0,0,0,0,0,0,78.279833
RCOU,78319833,1407,1397,1268,1408,1407,0,0,0,0,0,0,0,0,0,78.319833
RCOU,78359833,1407,1397,1268,1407,1407,0,0,0,0,0,0,0,0,0,78.359833
RCOU,78399833,1407,1396,1268,1406,1407,0,0,0,0,0,0,0,0,0,78.399833
RCOU,78439833,1407,1395,1269,1405,1407,0,0,0,0,0,0,0,0,0,78.439833
RCOU,78479833,1407,1394,1269,1404,1407,0,0,0,0,0,0,0,0,0,78.479833
RCOU,78519833,1407,1394,1269,1403,1407,0,0,0,0,0,0,0,0,0,78.519833
RCOU,78559833,1407,1393,1269,1403,1407,0,0,0,0,0,0,0,0,0,78.559833
RCOU,78599833,1407,1392,1269,1402,1407,0,0,0,0,0,0,0,0,0,78.599833
RCOU,78639833,1407,1392,1270,1402,1407,0,0,0,0,0,0,0,0,0,78.639833
RCOU,78679833,1407,1392,1270,1402,1407,0,0,0,0,0,0,0,0,0,78.679833
RCOU,78719833,1407,1393,1270,1402,1407,0,0,0,0,0,0,0,0,0,78.719833
RCOU,78759833,1407,1393,1271,1402,1407,0,0,0,0,0,0,0,0,0,78.759833
RCOU,78799833,1407,1393,1271,1403,1407,0,0,0,0,0,0,0,0,0,78.799833
RCOU,78839833,1406,1394,1271,1403,1406,0,0,0,0,0,0,0,0,0,78.839833
RCOU,78879833,1406,1394,1272,1404,1406,0,0,0,0,0,0,0,0,0,78.879833
RCOU,78919833,1406,1394,1272,1404,1406,0,0,0,0,0,0,0,0,0,78.919833
RCOU,78959833,1406,1393,1272,1405,1406,0,0,0,0,0,0,0,0,0,78.959833
RCOU,78999833,1406,1393,1273,1406,1406,0,0,0,0,0,0,0,0,0,78.999833
RCOU,79039833,1406,1392,1273,1406,1406,0,0,0,0,0,0,0,0,0,79.039833
RCOU,79079833,1406,1392,1273,1407,1406,0,0,0,0,0,0,0,0,0,79.079833
RCOU,79119833,1406,1392,1274,1407,1406,0,0,0,0,0,0,0,0,0,79.119833
RCOU,79159833,1406,1391,1274,1408,1406,0,0,0,0,0,0,0,0,0,79.159833
RCOU,79199833,1406,1401,1274,1408,1406,0,0,0,0,0,0,0,0,0,79.199833
RCOU,79239833,1406,1402,1275,1409,1406,0,0,0,0,0,0,0,0,0,79.239833
RCOU,79279833,1405,1401,1275,1409,1405,0,0,0,0,0,0,0,0,0,79.279833
RCOU,79319833,1405,1400,1275,1410,1405,0,0,0,0,0,0,0,0,0,79.319833
RCOU,79359833,1405,1398,1276,1410,1405,0,0,0,0,0,0,0,0,0,79.359833
RCOU,79399833,1405,1397,1276,1410,1405,0,0,0,0,0,0,0,0,0,79.399833
RCOU,79439833,1405,1395,1276,1410,1405,0,0,0,0,0,0,0,0,0,79.439833
RCOU,79479833,1405,1394,1277,1410,1405,0,0,0,0,0,0,0,0,0,79.479833
RCOU,79519833,1405,1394,1277,1410,1405,0,0,0,0,0,0,0,0,0,79.519833
RCOU,79559833,1404,1394,1278,1410,1404,0,0,0,0,0,0,0,0,0,79.559833
RCOU,79599833,1404,1395,1278,1410,1404,0,0,0,0,0,0,0,0,0,79.599833
RCOU,79639833,1404,1396,1278,1410,1404,0,0,0,0,0,0,0,0,0,79.639833
RCOU,79679833,1404,1397,1279,1410,1404,0,0,0,0,0,0,0,0,0,79.679833
RCOU,79719833,1404,1398,1279,1410,1404,0,0,0,0,0,0,0,0,0,79.719833
RCOU,79759833,1405,1399,1279,1411,1405,0,0,0,0,0,0,0,0,0,79.759833
RCOU,79799833,1405,1400,1279,1412,1405,0,0,0,0,0,0,0,0,0,79.799833
RCOU,79839833,1405,1400,1280,1413,1405,0,0,0,0,0,0,0,0,0,79.839833
RCOU,79879833,1405,1401,1280,1414,1405,0,0,0,0,0,0,0,0,0,79.879833
RCOU,79919833,1406,1401,1281,1416,1406,0,0,0,0,0,0,0,0,0,79.919833
RCOU,79959833,1406,1400,1281,1417,1406,0,0,0,0,0,0,0,0,0,79.959833
RCOU,79999833,1407,1399,1282,1418,1407,0,0,0,0,0,0,0,0,0,79.999833
RCOU,80039833,1407,1398,1282,1419,1407,0,0,0,0,0,0,0,0,0,80.039833
RCOU,80079833,1407,1397,1283,1420,1407,0,0,0,0,0,0,0,0,0,80.079833
RCOU,80119833,1408,1396,1283,1421,1408,0,0,0,0,0,0,0,0,0,80.119833
RCOU,80159833,1408,1395,1284,1422,1408,0,0,0,0,0,0,0,0,0,80.159833
RCOU,80199833,1409,1395,1284,1422,1409,0,0,0,0,0,0,0,0,0,80.199833
RCOU,80239833,1409,1395,1285,1422,1409,0,0,0,0,0,0,0,0,0,80.239833
RCOU,80279833,1410,1395,1285,1422,1410,0,0,0,0,0,0,0,0,0,80.279833
RCOU,80319833,1410,1396,1286,1421,1410,0,0,0,0,0,0,0,0,0,80.319833
RCOU,80359833,1410,1397,1286,1420,1410,0,0,0,0,0,0,0,0,0,80.359833
RCOU,80399833,1411,1398,1287,1419,1411,0,0,0,0,0,0,0,0,0,80.399833
RCOU,80439833,1411,1399,1288,1417,1411,0,0,0,0,0,0,0,0,0,80.439833
RCOU,80479833,1412,1400,1288,1415,1412,0,0,0,0,0,0,0,0,0,80.479833
RCOU,80519833,1412,1400,1289,1413,1412,0,0,0,0,0,0,0,0,0,80.519833
RCOU,80559833,1412,1401,1289,1410,1412,0,0,0,0,0,0,0,0,0,80.559833
RCOU,80599833,1413,1401,1290,1409,1413,0,0,0,0,0,0,0,0,0,80.599833
RCOU,80639833,1413,1400,1290,1407,1413,0,0,0,0,0,0,0,0,0,80.639833
RCOU,80679833,1413,1399,1290,1405,1413,0,0,0,0,0,0,0,0,0,80.679833
RCOU,80719833,1413,1398,1290,1404,1413,0,0,0,0,0,0,0,0,0,80.719833
RCOU,80759833,1414,1397,1291,1402,1414,0,0,0,0,0,0,0,0,0,80.759833
RCOU,80799833,1414,1396,1292,1400,1414,0,0,0,0,0,0,0,0,0,80.799833
RCOU,80839833,1414,1395,1292,1399,1414,0,0,0,0,0,0,0,0,0,80.839833
RCOU,80879833,1415,1395,1293,1398,1415,0,0,0,0,0,0,0,0,0,80.879833
RCOU,80919833,1415,1395,1293,1397,1415,0,0,0,0,0,0,0,0,0,80.919833
RCOU,80959833,1416,1395,1294,1396,1416,0,0,0,0,0,0,0,0,0,80.959833
RCOU,80999833,1416,1396,1294,1396,1416,0,0,0,0,0,0,0,0,0,80.999833
RCOU,81039833,1416,1398,1295,1396,1416,0,0,0,0,0,0,0,0,0,81.039833
RCOU,81079833,1416,1399,1296,1396,1416,0,0,0,0,0,0,0,0,0,81.079833
RCOU,81119833,1417,1400,1296,1397,1417,0,0,0,0,0,0,0,0,0,81.119833
RCOU,81159833,1416,1401,1297,1397,1416,0,0,0,0,0,0,0,0,0,81.159833
RCOU,81199833,1416,1401,1297,1397,1416,0,0,0,0,0,0,0,0,0,81.199833
RCOU,81239833,1416,1402,1298,1398,1416,0,0,0,0,0,0,0,0,0,81.239833
RCOU,81279833,1416,1401,1298,1398,1416,0,0,0,0,0,0,0,0,0,81.279833
RCOU,81319833,1415,1400,1299,1399,1415,0,0,0,0,0,0,0,0,0,81.319833
RCOU,81359833,1415,1399,1299,1399,1415,0,0,0,0,0,0,0,0,0,81.359833
RCOU,81399833,1414,1398,1300,1399,1414,0,0,0,0,0,0,0,0,0,81.399833
RCOU,81439833,1414,1397,1300,1399,1414,0,0,0,0,0,0,0,0,0,81.439833
RCOU,81479833,1413,1397,1301,1399,1413,0,0,0,0,0,0,0,0,0,81.479833
RCOU,81519833,1413,1396,1301,1399,1413,0,0,0,0,0,0,0,0,0,81.519833
RCOU,81559833,1412,1396,1302,1399,1412,0,0,0,0,0,0,0,0,0,81.559833
RCOU,81599833,1412,1396,1302,1399,1412,0,0,0,0,0,0,0,0,0,81.599833
RCOU,81639833,1411,1397,1302,1398,1411,0,0,0,0,0,0,0,0,0,81.639833
RCOU,81679833,1411,1397,1302,1398,1411,0,0,0,0,0,0,0,0,0,81.679833
RCOU,81719833,1410,1397,1303,1398,1410,0,0,0,0,0,0,0,0,0,81.719833
RCOU,81759833,1410,1397,1303,1398,1410,0,0,0,0,0,0,0,0,0,81.759833
RCOU,81799833,1410,1398,1304,1398,1410,0,0,0,0,0,0,0,0,0,81.799833
RCOU,81839833,1410,1398,1304,1398,1410,0,0,0,0,0,0,0,0,0,81.839833
RCOU,81879833,1410,1391,1305,1399,1410,0,0,0,0,0,0,0,0,0,81.879833
RCOU,81919833,1410,1387,1306,1399,1410,0,0,0,0,0,0,0,0,0,81.919833
RCOU,81959833,1409,1387,1306,1400,1409,0,0,0,0,0,0,0,0,0,81.959833
RCOU,81999833,1409,1389,1307,1401,1409,0,0,0,0,0,0,0,0,0,81.999833
RCOU,82039833,1409,1391,1307,1402,1409,0,0,0,0,0,0,0,0,0,82.039833
RCOU,82079833,1409,1392,1308,1404,1409,0,0,0,0,0,0,0,0,0,82.079833
RCOU,82119833,1409,1394,1308,1405,1409,0,0,0,0,0,0,0,0,0,82.119833
RCOU,82159833,1409,1395,1309,1406,1409,0,0,0,0,0,0,0,0,0,82.159833
RCOU,82199833,1409,1396,1309,1408,1409,0,0,0,0,0,0,0,0,0,82.199833
RCOU,82239833,1409,1397,1309,1409,1409,0,0,0,0,0,0,0,0,0,82.239833
RCOU,82279833,1409,1397,1310,1410,1409,0,0,0,0,0,0,0,0,0,82.279833
RCOU,82319833,1409,1397,1310,1410,1409,0,0,0,0,0,0,0,0,0,82.319833
RCOU,82359833,1409,1396,1310,1411,1409,0,0,0,0,0,0,0,0,0,82.359833
RCOU,82399833,1408,1394,1311,1412,1408,0,0,0,0,0,0,0,0,0,82.399833
RCOU,82439833,1408,1393,1311,1412,1408,0,0,0,0,0,0,0,0,0,82.439833
RCOU,82479833,1408,1392,1311,1413,1408,0,0,0,0,0,0,0,0,0,82.479833
RCOU,82519833,1408,1392,1311,1412,1408,0,0,0,0,0,0,0,0,0,82.519833
RCOU,82559833,1408,1391,1311,1412,1408,0,0,0,0,0,0,0,0,0,82.559833
RCOU,82599833,1408,1391,1311,1411,1408,0,0,0,0,0,0,0,0,0,82.599833
RCOU,82639833,1408,1391,1311,1410,1408,0,0,0,0,0,0,0,0,0,82.639833
RCOU,82679833,1408,1392,1312,1410,1408,0,0,0,0,0,0,0,0,0,82.679833
RCOU,82719833,1407,1394,1312,1409,1407,0,0,0,0,0,0,0,0,0,82.719833
RCOU,82759833,1407,1395,1312,1408,1407,0,0,0,0,0,0,0,0,0,82.759833
RCOU,82799833,1407,1397,1312,1407,1407,0,0,0,0,0,0,0,0,0,82.799833
RCOU,82839833,1407,1398,1312,1406,1407,0,0,0,0,0,0,0,0,0,82.839833
RCOU,82879833,1407,1399,1311,1405,1407,0,0,0,0,0,0,0,0,0,82.879833
RCOU,82919833,1407,1399,1311,1405,1407,0,0,0,0,0,0,0,0,0,82.919833
RCOU,82959833,1407,1399,1311,1404,1407,0,0,0,0,0,0,0,0,0,82.959833
RCOU,82999833,1407,1399,1311,1403,1407,0,0,0,0,0,0,0,0,0,82.999833
RCOU,83039833,1407,1398,1311,1402,1407,0,0,0,0,0,0,0,0,0,83.039833
RCOU,83079833,1407,1398,1311,1402,1407,0,0,0,0,0,0,0,0,0,83.079833
RCOU,83119833,1407,1397,1310,1402,1407,0,0,0,0,0,0,0,0,0,83.119833
RCOU,83159833,1407,1397,1310,1402,1407,0,0,0,0,0,0,0,0,0,83.159833
RCOU,83199833,1407,1397,1310,1402,1407,0,0,0,0,0,0,0,0,0,83.199833
RCOU,83239833,1406,1397,1310,1402,1406,0,0,0,0,0,0,0,0,0,83.239833
RCOU,83279833,1406,1398,1309,1402,1406,0,0,0,0,0,0,0,0,0,83.279833
RCOU,83319833,1406,1398,1309,1403,1406,0,0,0,0,0,0,0,0,0,83.319833
RCOU,83359833,1406,1399,1309,1403,1406,0,0,0,0,0,0,0,0,0,83.359833
RCOU,83399833,1406,1399,1308,1404,1406,0,0,0,0,0,0,0,0,0,83.399833
RCOU,83439833,1406,1400,1308,1405,1406,0,0,0,0,0,0,0,0,0,83.439833
RCOU,83479833,1406,1400,1308,1405,1406,0,0,0,0,0,0,0,0,0,83.479833
RCOU,83519833,1406,1391,1307,1406,1406,0,0,0,0,0,0,0,0,0,83.519833
RCOU,83559833,1406,1390,1307,1407,1406,0,0,0,0,0,0,0,0,0,83.559833
RCOU,83599833,1406,1391,1307,1407,1406,0,0,0,0,0,0,0,0,0,83.599833
RCOU,83639833,1405,1392,1306,1408,1405,0,0,0,0,0,0,0,0,0,83.639833
RCOU,83679833,1405,1393,1306,1408,1405,0,0,0,0,0,0,0,0,0,83.679833
RCOU,83719833,1405,1395,1306,1409,1405,0,0,0,0,0,0,0,0,0,83.719833
RCOU,83759833,1405,1396,1305,1409,1405,0,0,0,0,0,0,0,0,0,83.759833
RCOU,83799833,1405,1397,1305,1410,1405,0,0,0,0,0,0,0,0,0,83.799833
RCOU,83839833,1405,1398,1304,1410,1405,0,0,0,0,0,0,0,0,0,83.839833
RCOU,83879833,1405,1398,1304,1410,1405,0,0,0,0,0,0,0,0,0,83.879833
RCOU,83919833,1404,1397,1303,1410,1404,0,0,0,0,0,0,0,0,0,83.919833
RCOU,83959833,1404,1396,1303,1410,1404,0,0,0,0,0,0,0,0,0,83.959833
RCOU,83999833,1404,1395,1302,1410,1404,0,0,0,0,0,0,0,0,0,83.999833
RCOU,84039833,1404,1394,1302,1410,1404,0,0,0,0,0,0,0,0,0,84.039833
RCOU,84079833,1404,1393,1302,1410,1404,0,0,0,0,0,0,0,0,0,84.079833
RCOU,84119833,1404,1393,1302,1410,1404,0,0,0,0,0,0,0,0,0,84.119833
RCOU,84159833,1405,1392,1301,1410,1405,0,0,0,0,0,0,0,0,0,84.159833
RCOU,84199833,1405,1392,1300,1410,1405,0,0,0,0,0,0,0,0,0,84.199833
RCOU,84239833,1405,1392,1300,1411,1405,0,0,0,0,0,0,0,0,0,84.239833
RCOU,84279833,1406,1392,1299,1412,1406,0,0,0,0,0,0,0,0,0,84.279833
RCOU,84319833,1406,1392,1299,1413,1406,0,0,0,0,0,0,0,0,0,84.319833
RCOU,84359833,1407,1392,1298,1414,1407,0,0,0,0,0,0,0,0,0,84.359833
RCOU,84399833,1407,1393,1297,1415,1407,0,0,0,0,0,0,0,0,0,84.399833
RCOU,84439833,1408,1393,1297,1416,1408,0,0,0,0,0,0,0,0,0,84.439833
RCOU,84479833,1408,1393,1296,1417,1408,0,0,0,0,0,0,0,0,0,84.479833
RCOU,84519833,1409,1393,1296,1418,1409,0,0,0,0,0,0,0,0,0,84.519833
RCOU,84559833,1409,1393,1295,1419,1409,0,0,0,0,0,0,0,0,0,84.559833
RCOU,84599833,1410,1393,1295,1420,1410,0,0,0,0,0,0,0,0,0,84.599833
RCOU,84639833,1410,1393,1294,1421,1410,0,0,0,0,0,0,0,0,0,84.639833
RCOU,84679833,1410,1393,1294,1421,1410,0,0,0,0,0,0,0,0,0,84.679833
RCOU,84719833,1410,1393,1293,1421,1410,0,0,0,0,0,0,0,0,0,84.719833
RCOU,84759833,1411,1393,1293,1420,1411,0,0,0,0,0,0,0,0,0,84.759833
RCOU,84799833,1411,1393,1292,1419,1411,0,0,0,0,0,0,0,0,0,84.799833
RCOU,84839833,1411,1392,1291,1417,1411,0,0,0,0,0,0,0,0,0,84.839833
RCOU,84879833,1412,1392,1291,1415,1412,0,0,0,0,0,0,0,0,0,84.879833
RCOU,84919833,1412,1392,1290,1413,1412,0,0,0,0,0,0,0,0,0,84.919833
RCOU,84959833,1412,1391,1290,1410,1412,0,0,0,0,0,0,0,0,0,84.959833
RCOU,84999833,1412,1391,1290,1409,1412,0,0,0,0,0,0,0,0,0,84.999833
RCOU,85039833,1412,1391,1290,1407,1412,0,0,0,0,0,0,0,0,0,85.039833
RCOU,85079833,1413,1392,1290,1405,1413,0,0,0,0,0,0,0,0,0,85.079833
RCOU,85119833,1413,1392,1289,1403,1413,0,0,0,0,0,0,0,0,0,85.119833
RCOU,85159833,1413,1393,1289,1402,1413,0,0,0,0,0,0,0,0,0,85.159833
RCOU,85199833,1414,1394,1288,1400,1414,0,0,0,0,0,0,0,0,0,85.199833
RCOU,85239833,1414,1395,1288,1399,1414,0,0,0,0,0,0,0,0,0,85.239833
RCOU,85279833,1414,1395,1287,1398,1414,0,0,0,0,0,0,0,0,0,85.279833
RCOU,85319833,1415,1395,1287,1397,1415,0,0,0,0,0,0,0,0,0,85.319833
RCOU,85359833,1415,1395,1286,1397,1415,0,0,0,0,0,0,0,0,0,85.359833
RCOU,85399833,1415,1395,1285,1396,1415,0,0,0,0,0,0,0,0,0,85.399833
RCOU,85439833,1416,1395,1285,1397,1416,0,0,0,0,0,0,0,0,0,85.439833
RCOU,85479833,1416,1395,1284,1397,1416,0,0,0,0,0,0,0,0,0,85.479833
RCOU,85519833,1416,1394,1284,1398,1416,0,0,0,0,0,0,0,0,0,85.519833
RCOU,85559833,1416,1394,1283,1398,1416,0,0,0,0,0,0,0,0,0,85.559833
RCOU,85599833,1416,1394,1283,1399,1416,0,0,0,0,0,0,0,0,0,85.599833
RCOU,85639833,1416,1394,1282,1399,1416,0,0,0,0,0,0,0,0,0,85.639833
RCOU,85679833,1416,1394,1281,1400,1416,0,0,0,0,0,0,0,0,0,85.679833
RCOU,85719833,1415,1393,1281,1400,1415,0,0,0,0,0,0,0,0,0,85.719833
RCOU,85759833,1415,1394,1280,1401,1415,0,0,0,0,0,0,0,0,0,85.759833
RCOU,85799833,1414,1394,1279,1401,1414,0,0,0,0,0,0,0,0,0,85.799833
RCOU,85839833,1414,1394,1279,1401,1414,0,0,0,0,0,0,0,0,0,85.839833
RCOU,85879833,1413,1394,1279,1401,1413,0,0,0,0,0,0,0,0,0,85.879833
RCOU,85919833,1413,1394,1278,1401,1413,0,0,0,0,0,0,0,0,0,85.919833
RCOU,85959833,1412,1394,1278,1401,1412,0,0,0,0,0,0,0,0,0,85.959833
RCOU,85999833,1411,1395,1277,1400,1411,0,0,0,0,0,0,0,0,0,85.999833
RCOU,86039833,1411,1395,1276,1400,1411,0,0,0,0,0,0,0,0,0,86.039833
RCOU,86079833,1410,1395,1275,1400,1410,0,0,0,0,0,0,0,0,0,86.079833
RCOU,86119833,1410,1395,1275,1399,1410,0,0,0,0,0,0,0,0,0,86.119833
RCOU,86159833,1410,1395,1274,1399,1410,0,0,0,0,0,0,0,0,0,86.159833
RCOU,86199833,1410,1402,1273,1399,1410,0,0,0,0,0,0,0,0,0,86.199833
RCOU,86239833,1410,1406,1273,1399,1410,0,0,0,0,0,0,0,0,0,86.239833
RCOU,86279833,1409,1406,1272,1400,1409,0,0,0,0,0,0,0,0,0,86.279833
RCOU,86319833,1409,1405,1271,1400,1409,0,0,0,0,0,0,0,0,0,86.319833
RCOU,86359833,1409,1403,1270,1401,1409,0,0,0,0,0,0,0,0,0,86.359833
RCOU,86399833,1409,1401,1270,1402,1409,0,0,0,0,0,0,0,0,0,86.399833
RCOU,86439833,1409,1399,1269,1403,1409,0,0,0,0,0,0,0,0,0,86.439833
RCOU,86479833,1409,1398,1268,1404,1409,0,0,0,0,0,0,0,0,0,86.479833
RCOU,86519833,1409,1397,1268,1405,1409,0,0,0,0,0,0,0,0,0,86.519833
RCOU,86559833,1409,1396,1267,1406,1409,0,0,0,0,0,0,0,0,0,86.559833
RCOU,86599833,1409,1396,1267,1408,1409,0,0,0,0,0,0,0,0,0,86.599833
RCOU,86639833,1409,1396,1267,1409,1409,0,0,0,0,0,0,0,0,0,86.639833
RCOU,86679833,1409,1397,1267,1410,1409,0,0,0,0,0,0,0,0,0,86.679833
RCOU,86719833,1409,1398,1266,1410,1409,0,0,0,0,0,0,0,0,0,86.719833
RCOU,86759833,1408,1400,1266,1410,1408,0,0,0,0,0,0,0,0,0,86.759833
RCOU,86799833,1408,1401,1266,1411,1408,0,0,0,0,0,0,0,0,0,86.799833
RCOU,86839833,1408,1402,1266,1411,1408,0,0,0,0,0,0,0,0,0,86.839833
RCOU,86879833,1408,1402,1265,1411,1408,0,0,0,0,0,0,0,0,0,86.879833
RCOU,86919833,1408,1402,1265,1410,1408,0,0,0,0,0,0,0,0,0,86.919833
RCOU,86959833,1408,1401,1265,1410,1408,0,0,0,0,0,0,0,0,0,86.959833
RCOU,86999833,1408,1400,1265,1410,1408,0,0,0,0,0,0,0,0,0,86.999833
RCOU,87039833,1408,1399,1265,1409,1408,0,0,0,0,0,0,0,0,0,87.039833
RCOU,87079833,1407,1397,1264,1408,1407,0,0,0,0,0,0,0,0,0,87.079833
RCOU,87119833,1407,1395,1264,1408,1407,0,0,0,0,0,0,0,0,0,87.119833
RCOU,87159833,1407,1394,1264,1407,1407,0,0,0,0,0,0,0,0,0,87.159833
RCOU,87199833,1407,1394,1264,1406,1407,0,0,0,0,0,0,0,0,0,87.199833
RCOU,87239833,1407,1393,1264,1405,1407,0,0,0,0,0,0,0,0,0,87.239833
RCOU,87279833,1407,1394,1265,1404,1407,0,0,0,0,0,0,0,0,0,87.279833
RCOU,87319833,1407,1394,1265,1403,1407,0,0,0,0,0,0,0,0,0,87.319833
RCOU,87359833,1407,1395,1265,1402,1407,0,0,0,0,0,0,0,0,0,87.359833
RCOU,87399833,1407,1395,1265,1402,1407,0,0,0,0,0,0,0,0,0,87.399833
RCOU,87439833,1407,1395,1265,1401,1407,0,0,0,0,0,0,0,0,0,87.439833
RCOU,87479833,1407,1395,1265,1401,1407,0,0,0,0,0,0,0,0,0,87.479833
RCOU,87519833,1407,1395,1266,1401,1407,0,0,0,0,0,0,0,0,0,87.519833
RCOU,87559833,1407,1394,1266,1401,1407,0,0,0,0,0,0,0,0,0,87.559833
RCOU,87599833,1407,1394,1266,1402,1407,0,0,0,0,0,0,0,0,0,87.599833
RCOU,87639833,1407,1393,1267,1402,1407,0,0,0,0,0,0,0,0,0,87.639833
RCOU,87679833,1406,1392,1267,1403,1406,0,0,0,0,0,0,0,0,0,87.679833
RCOU,87719833,1406,1392,1267,1403,1406,0,0,0,0,0,0,0,0,0,87.719833
RCOU,87759833,1406,1391,1267,1404,1406,0,0,0,0,0,0,0,0,0,87.759833
RCOU,87799833,1406,1390,1267,1405,1406,0,0,0,0,0,0,0,0,0,87.799833
RCOU,87839833,1406,1400,1267,1405,1406,0,0,0,0,0,0,0,0,0,87.839833
RCOU,87879833,1406,1401,1268,1406,1406,0,0,0,0,0,0,0,0,0,87.879833
RCOU,87919833,1406,1400,1268,1407,1406,0,0,0,0,0,0,0,0,0,87.919833
RCOU,87959833,1406,1400,1268,1407,1406,0,0,0,0,0,0,0,0,0,87.959833
RCOU,87999833,1406,1399,1269,1408,1406,0,0,0,0,0,0,0,0,0,87.999833
RCOU,88039833,1406,1398,1269,1408,1406,0,0,0,0,0,0,0,0,0,88.039833
RCOU,88079833,1406,1398,1270,1409,1406,0,0,0,0,0,0,0,0,0,88.079833
RCOU,88119833,1405,1397,1270,1409,1405,0,0,0,0,0,0,0,0,0,88.119833
RCOU,88159833,1405,1397,1271,1410,1405,0,0,0,0,0,0,0,0,0,88.159833
RCOU,88199833,1405,1397,1271,1410,1405,0,0,0,0,0,0,0,0,0,88.199833
RCOU,88239833,1405,1397,1272,1410,1405,0,0,0,0,0,0,0,0,0,88.239833
RCOU,88279833,1405,1396,1272,1410,1405,0,0,0,0,0,0,0,0,0,88.279833
RCOU,88319833,1405,1396,1273,1410,1405,0,0,0,0,0,0,0,0,0,88.319833
RCOU,88359833,1405,1396,1273,1410,1405,0,0,0,0,0,0,0,0,0,88.359833
RCOU,88399833,1404,1396,1274,1409,1404,0,0,0,0,0,0,0,0,0,88.399833
RCOU,88439833,1404,1397,1274,1409,1404,0,0,0,0,0,0,0,0,0,88.439833
RCOU,88479833,1404,1397,1275,1409,1404,0,0,0,0,0,0,0,0,0,88.479833
RCOU,88519833,1404,1397,1276,1408,1404,0,0,0,0,0,0,0,0,0,88.519833
RCOU,88559833,1404,1397,1276,1408,1404,0,0,0,0,0,0,0,0,0,88.559833
RCOU,88599833,1405,1396,1277,1408,1405,0,0,0,0,0,0,0,0,0,88.599833
RCOU,88639833,1405,1396,1277,1408,1405,0,0,0,0,0,0,0,0,0,88.639833
RCOU,88679833,1405,1396,1278,1409,1405,0,0,0,0,0,0,0,0,0,88.679833
RCOU,88719833,1406,1396,1279,1409,1406,0,0,0,0,0,0,0,0,0,88.719833
RCOU,88759833,1406,1396,1279,1410,1406,0,0,0,0,0,0,0,0,0,88.759833
RCOU,88799833,1406,1396,1279,1410,1406,0,0,0,0,0,0,0,0,0,88.799833
RCOU,88839833,1407,1396,1280,1410,1407,0,0,0,0,0,0,0,0,0,88.839833
RCOU,88879833,1407,1396,1280,1412,1407,0,0,0,0,0,0,0,0,0,88.879833
RCOU,88919833,1408,1396,1281,1413,1408,0,0,0,0,0,0,0,0,0,88.919833
RCOU,88959833,1408,1396,1282,1415,1408,0,0,0,0,0,0,0,0,0,88.959833
RCOU,88999833,1409,1396,1282,1416,1409,0,0,0,0,0,0,0,0,0,88.999833
RCOU,89039833,1409,1396,1283,1417,1409,0,0,0,0,0,0,0,0,0,89.039833
RCOU,89079833,1410,1396,1284,1419,1410,0,0,0,0,0,0,0,0,0,89.079833
RCOU,89119833,1410,1396,1284,1420,1410,0,0,0,0,0,0,0,0,0,89.119833
RCOU,89159833,1410,1396,1285,1420,1410,0,0,0,0,0,0,0,0,0,89.159833
RCOU,89199833,1411,1396,1286,1421,1411,0,0,0,0,0,0,0,0,0,89.199833
RCOU,89239833,1411,1396,1287,1420,1411,0,0,0,0,0,0,0,0,0,89.239833
RCOU,89279833,1411,1396,1287,1419,1411,0,0,0,0,0,0,0,0,0,89.279833
RCOU,89319833,1412,1396,1288,1418,1412,0,0,0,0,0,0,0,0,0,89.319833
RCOU,89359833,1412,1396,1289,1416,1412,0,0,0,0,0,0,0,0,0,89.359833
RCOU,89399833,1412,1396,1289,1413,1412,0,0,0,0,0,0,0,0,0,89.399833
RCOU,89439833,1412,1396,1290,1411,1412,0,0,0,0,0,0,0,0,0,89.439833
RCOU,89479833,1412,1396,1290,1410,1412,0,0,0,0,0,0,0,0,0,89.479833
RCOU,89519833,1413,1396,1290,1408,1413,0,0,0,0,0,0,0,0,0,89.519833
RCOU,89559833,1413,1396,1291,1406,1413,0,0,0,0,0,0,0,0,0,89.559833
RCOU,89599833,1413,1396,1292,1404,1413,0,0,0,0,0,0,0,0,0,89.599833
RCOU,89639833,1413,1396,1292,1402,1413,0,0,0,0,0,0,0,0,0,89.639833
RCOU,89679833,1414,1396,1293,1400,1414,0,0,0,0,0,0,0,0,0,89.679833
RCOU,89719833,1414,1396,1294,1399,1414,0,0,0,0,0,0,0,0,0,89.719833
RCOU,89759833,1414,1396,1294,1398,1414,0,0,0,0,0,0,0,0,0,89.759833
RCOU,89799833,1415,1396,1295,1397,1415,0,0,0,0,0,0,0,0,0,89.799833
RCOU,89839833,1415,1397,1296,1396,1415,0,0,0,0,0,0,0,0,0,89.839833
RCOU,89879833,1416,1397,1296,1396,1416,0,0,0,0,0,0,0,0,0,89.879833
RCOU,89919833,1416,1397,1297,1396,1416,0,0,0,0,0,0,0,0,0,89.919833
RCOU,89959833,1416,1397,1297,1397,1416,0,0,0,0,0,0,0,0,0,89.959833
RCOU,89999833,1417,1397,1298,1397,1417,0,0,0,0,0,0,0,0,0,89.999833
RCOU,90039833,1417,1397,1299,1398,1417,0,0,0,0,0,0,0,0,0,90.039833
RCOU,90079833,1416,1397,1299,1398,1416,0,0,0,0,0,0,0,0,0,90.079833
RCOU,90119833,1416,1398,1300,1399,1416,0,0,0,0,0,0,0,0,0,90.119833
RCOU,90159833,1416,1398,1300,1399,1416,0,0,0,0,0,0,0,0,0,90.159833
RCOU,90199833,1416,1398,1301,1400,1416,0,0,0,0,0,0,0,0,0,90.199833
RCOU,90239833,1415,1398,1301,1400,1415,0,0,0,0,0,0,0,0,0,90.239833
RCOU,90279833,1415,1399,1302,1400,1415,0,0,0,0,0,0,0,0,0,90.279833
RCOU,90319833,1414,1399,1302,1400,1414,0,0,0,0,0,0,0,0,0,90.319833
RCOU,90359833,1414,1399,1302,1400,1414,0,0,0,0,0,0,0,0,0,90.359833
RCOU,90399833,1413,1399,1302,1400,1413,0,0,0,0,0,0,0,0,0,90.399833
RCOU,90439833,1413,1400,1303,1400,1413,0,0,0,0,0,0,0,0,0,90.439833
RCOU,90479833,1412,1400,1303,1399,1412,0,0,0,0,0,0,0,0,0,90.479833
RCOU,90519833,1411,1393,1304,1399,1411,0,0,0,0,0,0,0,0,0,90.519833
RCOU,90559833,1411,1389,1304,1399,1411,0,0,0,0,0,0,0,0,0,90.559833
RCOU,90599833,1410,1389,1305,1399,1410,0,0,0,0,0,0,0,0,0,90.599833
RCOU,90639833,1410,1390,1305,1398,1410,0,0,0,0,0,0,0,0,0,90.639833
RCOU,90679833,1410,1392,1306,1398,1410,0,0,0,0,0,0,0,0,0,90.679833
RCOU,90719833,1410,1393,1306,1398,1410,0,0,0,0,0,0,0,0,0,90.719833
RCOU,90759833,1410,1395,1306,1399,1410,0,0,0,0,0,0,0,0,0,90.759833
RCOU,90799833,1410,1396,1307,1399,1410,0,0,0,0,0,0,0,0,0,90.799833
RCOU,90839833,1409,1397,1307,1400,1409,0,0,0,0,0,0,0,0,0,90.839833
RCOU,90879833,1409,1397,1307,1401,1409,0,0,0,0,0,0,0,0,0,90.879833
RCOU,90919833,1409,1397,1307,1402,1409,0,0,0,0,0,0,0,0,0,90.919833
RCOU,90959833,1409,1397,1307,1403,1409,0,0,0,0,0,0,0,0,0,90.959833
RCOU,90999833,1409,1396,1308,1404,1409,0,0,0,0,0,0,0,0,0,90.999833
RCOU,91039833,1409,1395,1308,1405,1409,0,0,0,0,0,0,0,0,0,91.039833
RCOU,91079833,1409,1394,1308,1406,1409,0,0,0,0,0,0,0,0,0,91.079833
RCOU,91119833,1409,1394,1308,1408,1409,0,0,0,0,0,0,0,0,0,91.119833
RCOU,91159833,1409,1394,1308,1409,1409,0,0,0,0,0,0,0,0,0,91.159833
RCOU,91199833,1409,1394,1308,1410,1409,0,0,0,0,0,0,0,0,0,91.199833
RCOU,91239833,1409,1394,1308,1410,1409,0,0,0,0,0,0,0,0,0,91.239833
RCOU,91279833,1409,1394,1308,1410,1409,0,0,0,0,0,0,0,0,0,91.279833
RCOU,91319833,1408,1395,1308,1411,1408,0,0,0,0,0,0,0,0,0,91.319833
RCOU,91359833,1408,1395,1308,1411,1408,0,0,0,0,0,0,0,0,0,91.359833
RCOU,91399833,1408,1396,1308,1411,1408,0,0,0,0,0,0,0,0,0,91.399833
RCOU,91439833,1408,1396,1308,1411,1408,0,0,0,0,0,0,0,0,0,91.439833
RCOU,91479833,1408,1397,1308,1410,1408,0,0,0,0,0,0,0,0,0,91.479833
RCOU,91519833,1408,1397,1307,1410,1408,0,0,0,0,0,0,0,0,0,91.519833
RCOU,91559833,1408,1398,1307,1410,1408,0,0,0,0,0,0,0,0,0,91.559833
RCOU,91599833,1408,1398,1307,1409,1408,0,0,0,0,0,0,0,0,0,91.599833
RCOU,91639833,1408,1399,1307,1408,1408,0,0,0,0,0,0,0,0,0,91.639833
RCOU,91679833,1407,1399,1307,1407,1407,0,0,0,0,0,0,0,0,0,91.679833
RCOU,91719833,1407,1399,1307,1406,1407,0,0,0,0,0,0,0,0,0,91.719833
RCOU,91759833,1407,1400,1307,1405,1407,0,0,0,0,0,0,0,0,0,91.759833
RCOU,91799833,1407,1400,1306,1404,1407,0,0,0,0,0,0,0,0,0,91.799833
RCOU,91839833,1407,1400,1306,1403,1407,0,0,0,0,0,0,0,0,0,91.839833
RCOU,91879833,1407,1400,1306,1402,1407,0,0,0,0,0,0,0,0,0,91.879833
RCOU,91919833,1407,1401,1306,1402,1407,0,0,0,0,0,0,0,0,0,91.919833
RCOU,91959833,1407,1401,1305,1401,1407,0,0,0,0,0,0,0,0,0,91.959833
RCOU,91999833,1407,1401,1305,1401,1407,0,0,0,0,0,0,0,0,0,91.999833
RCOU,92039833,1407,1401,1305,1401,1407,0,0,0,0,0,0,0,0,0,92.039833
RCOU,92079833,1407,1402,1305,1401,1407,0,0,0,0,0,0,0,0,0,92.079833
RCOU,92119833,1407,1402,1304,1402,1407,0,0,0,0,0,0,0,0,0,92.119833
RCOU,92159833,1407,1392,1304,1402,1407,0,0,0,0,0,0,0,0,0,92.159833
RCOU,92199833,1407,1390,1304,1402,1407,0,0,0,0,0,0,0,0,0,92.199833
RCOU,92239833,1407,1390,1303,1403,1407,0,0,0,0,0,0,0,0,0,92.239833
RCOU,92279833,1407,1390,1303,1404,1407,0,0,0,0,0,0,0,0,0,92.279833
RCOU,92319833,1406,1391,1303,1404,1406,0,0,0,0,0,0,0,0,0,92.319833
RCOU,92359833,1406,1391,1302,1405,1406,0,0,0,0,0,0,0,0,0,92.359833
RCOU,92399833,1406,1392,1302,1405,1406,0,0,0,0,0,0,0,0,0,92.399833
RCOU,92439833,1406,1393,1302,1406,1406,0,0,0,0,0,0,0,0,0,92.439833
RCOU,92479833,1406,1393,1302,1407,1406,0,0,0,0,0,0,0,0,0,92.479833
RCOU,92519833,1406,1394,1302,1407,1406,0,0,0,0,0,0,0,0,0,92.519833
RCOU,92559833,1406,1394,1302,1408,1406,0,0,0,0,0,0,0,0,0,92.559833
RCOU,92599833,1406,1394,1301,1408,1406,0,0,0,0,0,0,0,0,0,92.599833
RCOU,92639833,1406,1394,1301,1409,1406,0,0,0,0,0,0,0,0,0,92.639833
RCOU,92679833,1406,1394,1300,1409,1406,0,0,0,0,0,0,0,0,0,92.679833
RCOU,92719833,1405,1393,1300,1409,1405,0,0,0,0,0,0,0,0,0,92.719833
RCOU,92759833,1405,1393,1300,1410,1405,0,0,0,0,0,0,0,0,0,92.759833
RCOU,92799833,1405,1393,1299,1410,1405,0,0,0,0,0,0,0,0,0,92.799833
RCOU,92839833,1405,1393,1299,1410,1405,0,0,0,0,0,0,0,0,0,92.839833
RCOU,92879833,1405,1393,1298,1410,1405,0,0,0,0,0,0,0,0,0,92.879833
RCOU,92919833,1405,1393,1298,1410,1405,0,0,0,0,0,0,0,0,0,92.919833
RCOU,92959833,1405,1393,1297,1409,1405,0,0,0,0,0,0,0,0,0,92.959833
RCOU,92999833,1404,1393,1297,1409,1404,0,0,0,0,0,0,0,0,0,92.999833
RCOU,93039833,1404,1393,1296,1408,1404,0,0,0,0,0,0,0,0,0,93.039833
RCOU,93079833,1404,1393,1296,1408,1404,0,0,0,0,0,0,0,0,0,93.079833
RCOU,93119833,1404,1393,1295,1408,1404,0,0,0,0,0,0,0,0,0,93.119833
RCOU,93159833,1404,1393,1295,1408,1404,0,0,0,0,0,0,0,0,0,93.159833
RCOU,93199833,1405,1393,1294,1408,1405,0,0,0,0,0,0,0,0,0,93.199833
RCOU,93239833,1405,1393,1294,1408,1405,0,0,0,0,0,0,0,0,0,93.239833
RCOU,93279833,1405,1393,1293,1408,1405,0,0,0,0,0,0,0,0,0,93.279833
RCOU,93319833,1406,1393,1293,1408,1406,0,0,0,0,0,0,0,0,0,93.319833
RCOU,93359833,1406,1393,1292,1409,1406,0,0,0,0,0,0,0,0,0,93.359833
RCOU,93399833,1407,1393,1292,1410,1407,0,0,0,0,0,0,0,0,0,93.399833
RCOU,93439833,1407,1393,1291,1410,1407,0,0,0,0,0,0,0,0,0,93.439833
RCOU,93479833,1408,1392,1291,1411,1408,0,0,0,0,0,0,0,0,0,93.479833
RCOU,93519833,1408,1392,1290,1413,1408,0,0,0,0,0,0,0,0,0,93.519833
RCOU,93559833,1409,1392,1290,1414,1409,0,0,0,0,0,0,0,0,0,93.559833
RCOU,93599833,1409,1392,1290,1416,1409,0,0,0,0,0,0,0,0,0,93.599833
RCOU,93639833,1410,1392,1290,1417,1410,0,0,0,0,0,0,0,0,0,93.639833
RCOU,93679833,1410,1392,1289,1419,1410,0,0,0,0,0,0,0,0,0,93.679833
RCOU,93719833,1410,1392,1289,1419,1410,0,0,0,0,0,0,0,0,0,93.719833
RCOU,93759833,1410,1392,1288,1420,1410,0,0,0,0,0,0,0,0,0,93.759833
RCOU,93799833,1411,1392,1288,1420,1411,0,0,0,0,0,0,0,0,0,93.799833
RCOU,93839833,1411,1392,1287,1419,1411,0,0,0,0,0,0,0,0,0,93.839833
RCOU,93879833,1411,1392,1287,1418,1411,0,0,0,0,0,0,0,0,0,93.879833
RCOU,93919833,1412,1392,1286,1417,1412,0,0,0,0,0,0,0,0,0,93.919833
RCOU,93959833,1412,1392,1285,1415,1412,0,0,0,0,0,0,0,0,0,93.959833
RCOU,93999833,1412,1391,1285,1413,1412,0,0,0,0,0,0,0,0,0,93.999833
RCOU,94039833,1412,1391,1284,1410,1412,0,0,0,0,0,0,0,0,0,94.039833
RCOU,94079833,1413,1391,1284,1409,1413,0,0,0,0,0,0,0,0,0,94.079833
RCOU,94119833,1413,1391,1283,1407,1413,0,0,0,0,0,0,0,0,0,94.119833
RCOU,94159833,1413,1391,1283,1405,1413,0,0,0,0,0,0,0,0,0,94.159833
RCOU,94199833,1413,1391,1282,1403,1413,0,0,0,0,0,0,0,0,0,94.199833
RCOU,94239833,1413,1390,1282,1402,1413,0,0,0,0,0,0,0,0,0,94.239833
RCOU,94279833,1414,1390,1281,1400,1414,0,0,0,0,0,0,0,0,0,94.279833
RCOU,94319833,1414,1390,1281,1399,1414,0,0,0,0,0,0,0,0,0,94.319833
RCOU,94359833,1414,1390,1281,1398,1414,0,0,0,0,0,0,0,0,0,94.359833
RCOU,94399833,1415,1390,1280,1397,1415,0,0,0,0,0,0,0,0,0,94.399833
RCOU,94439833,1415,1390,1280,1397,1415,0,0,0,0,0,0,0,0,0,94.439833
RCOU,94479833,1415,1389,1279,1396,1415,0,0,0,0,0,0,0,0,0,94.479833
RCOU,94519833,1416,1389,1279,1397,1416,0,0,0,0,0,0,0,0,0,94.519833
RCOU,94559833,1416,1390,1279,1397,1416,0,0,0,0,0,0,0,0,0,94.559833
RCOU,94599833,1416,1390,1279,1398,1416,0,0,0,0,0,0,0,0,0,94.599833
RCOU,94639833,1416,1391,1278,1398,1416,0,0,0,0,0,0,0,0,0,94.639833
RCOU,94679833,1416,1392,1278,1399,1416,0,0,0,0,0,0,0,0,0,94.679833
RCOU,94719833,1416,1393,1278,1400,1416,0,0,0,0,0,0,0,0,0,94.719833
RCOU,94759833,1416,1393,1277,1400,1416,0,0,0,0,0,0,0,0,0,94.759833
RCOU,94799833,1415,1393,1277,1401,1415,0,0,0,0,0,0,0,0,0,94.799833
RCOU,94839833,1415,1400,1276,1401,1415,0,0,0,0,0,0,0,0,0,94.839833
RCOU,94879833,1414,1404,1276,1401,1414,0,0,0,0,0,0,0,0,0,94.879833
RCOU,94919833,1414,1404,1275,1401,1414,0,0,0,0,0,0,0,0,0,94.919833
RCOU,94959833,1413,1402,1275,1401,1413,0,0,0,0,0,0,0,0,0,94.959833
RCOU,94999833,1412,1400,1274,1401,1412,0,0,0,0,0,0,0,0,0,94.999833
RCOU,95039833,1412,1398,1274,1401,1412,0,0,0,0,0,0,0,0,0,95.039833
RCOU,95079833,1411,1396,1273,1400,1411,0,0,0,0,0,0,0,0,0,95.079833
RCOU,95119833,1411,1394,1273,1400,1411,0,0,0,0,0,0,0,0,0,95.119833
RCOU,95159833,1410,1393,1272,1400,1410,0,0,0,0,0,0,0,0,0,95.159833
RCOU,95199833,1410,1393,1272,1399,1410,0,0,0,0,0,0,0,0,0,95.199833
RCOU,95239833,1410,1393,1271,1399,1410,0,0,0,0,0,0,0,0,0,95.239833
RCOU,95279833,1410,1394,1271,1399,1410,0,0,0,0,0,0,0,0,0,95.279833
RCOU,95319833,1410,1395,1270,1399,1410,0,0,0,0,0,0,0,0,0,95.319833
RCOU,95359833,1409,1397,1270,1400,1409,0,0,0,0,0,0,0,0,0,95.359833
RCOU,95399833,1409,1398,1270,1400,1409,0,0,0,0,0,0,0,0,0,95.399833
RCOU,95439833,1409,1399,1270,1401,1409,0,0,0,0,0,0,0,0,0,95.439833
RCOU,95479833,1409,1400,1269,1401,1409,0,0,0,0,0,0,0,0,0,95.479833
RCOU,95519833,1409,1400,1269,1402,1409,0,0,0,0,0,0,0,0,0,95.519833
RCOU,95559833,1409,1400,1269,1404,1409,0,0,0,0,0,0,0,0,0,95.559833
RCOU,95599833,1409,1399,1268,1405,1409,0,0,0,0,0,0,0,0,0,95.599833
RCOU,95639833,1409,1398,1268,1406,1409,0,0,0,0,0,0,0,0,0,95.639833
RCOU,95679833,1409,1397,1268,1407,1409,0,0,0,0,0,0,0,0,0,95.679833
RCOU,95719833,1408,1396,1268,1408,1408,0,0,0,0,0,0,0,0,0,95.719833
RCOU,95759833,1408,1394,1268,1409,1408,0,0,0,0,0,0,0,0,0,95.759833
RCOU,95799833,1408,1393,1268,1410,1408,0,0,0,0,0,0,0,0,0,95.799833
RCOU,95839833,1408,1393,1267,1410,1408,0,0,0,0,0,0,0,0,0,95.839833
RCOU,95879833,1408,1393,1267,1410,1408,0,0,0,0,0,0,0,0,0,95.879833
RCOU,95919833,1408,1394,1267,1410,1408,0,0,0,0,0,0,0,0,0,95.919833
RCOU,95959833,1408,1394,1267,1410,1408,0,0,0,0,0,0,0,0,0,95.959833
RCOU,95999833,1407,1395,1267,1410,1407,0,0,0,0,0,0,0,0,0,95.999833
RCOU,96039833,1407,1396,1267,1410,1407,0,0,0,0,0,0,0,0,0,96.039833
RCOU,96079833,1407,1396,1267,1410,1407,0,0,0,0,0,0,0,0,0,96.079833
RCOU,96119833,1407,1397,1267,1409,1407,0,0,0,0,0,0,0,0,0,96.119833
RCOU,96159833,1407,1397,1267,1408,1407,0,0,0,0,0,0,0,0,0,96.159833
RCOU,96199833,1407,1396,1268,1407,1407,0,0,0,0,0,0,0,0,0,96.199833
RCOU,96239833,1407,1396,1268,1406,1407,0,0,0,0,0,0,0,0,0,96.239833
RCOU,96279833,1407,1396,1268,1405,1407,0,0,0,0,0,0,0,0,0,96.279833
RCOU,96319833,1407,1395,1268,1404,1407,0,0,0,0,0,0,0,0,0,96.319833
RCOU,96359833,1406,1395,1268,1403,1406,0,0,0,0,0,0,0,0,0,96.359833
RCOU,96399833,1406,1394,1268,1402,1406,0,0,0,0,0,0,0,0,0,96.399833
RCOU,96439833,1406,1394,1268,1402,1406,0,0,0,0,0,0,0,0,0,96.439833
RCOU,96479833,1406,1403,1268,1401,1406,0,0,0,0,0,0,0,0,0,96.479833
RCOU,96519833,1406,1404,1268,1401,1406,0,0,0,0,0,0,0,0,0,96.519833
RCOU,96559833,1406,1403,1268,1401,1406,0,0,0,0,0,0,0,0,0,96.559833
RCOU,96599833,1406,1402,1269,1401,1406,0,0,0,0,0,0,0,0,0,96.599833
RCOU,96639833,1406,1400,1269,1401,1406,0,0,0,0,0,0,0,0,0,96.639833
RCOU,96679833,1406,1399,1269,1401,1406,0,0,0,0,0,0,0,0,0,96.679833
RCOU,96719833,1406,1398,1269,1402,1406,0,0,0,0,0,0,0,0,0,96.719833
RCOU,96759833,1406,1397,1269,1402,1406,0,0,0,0,0,0,0,0,0,96.759833
RCOU,96799833,1406,1396,1270,1403,1406,0,0,0,0,0,0,0,0,0,96.799833
RCOU,96839833,1406,1396,1270,1403,1406,0,0,0,0,0,0,0,0,0,96.839833
RCOU,96879833,1406,1396,1270,1404,1406,0,0,0,0,0,0,0,0,0,96.879833
RCOU,96919833,1405,1396,1271,1405,1405,0,0,0,0,0,0,0,0,0,96.919833
RCOU,96959833,1405,1396,1271,1405,1405,0,0,0,0,0,0,0,0,0,96.959833
RCOU,96999833,1405,1396,1271,1406,1405,0,0,0,0,0,0,0,0,0,96.999833
RCOU,97039833,1405,1396,1272,1407,1405,0,0,0,0,0,0,0,0,0,97.039833
RCOU,97079833,1405,1396,1272,1407,1405,0,0,0,0,0,0,0,0,0,97.079833
RCOU,97119833,1405,1396,1273,1408,1405,0,0,0,0,0,0,0,0,0,97.119833
RCOU,97159833,1405,1396,1274,1408,1405,0,0,0,0,0,0,0,0,0,97.159833
RCOU,97199833,1405,1396,1274,1408,1405,0,0,0,0,0,0,0,0,0,97.199833
RCOU,97239833,1404,1396,1275,1409,1404,0,0,0,0,0,0,0,0,0,97.239833
RCOU,97279833,1404,1396,1275,1409,1404,0,0,0,0,0,0,0,0,0,97.279833
RCOU,97319833,1404,1396,1276,1409,1404,0,0,0,0,0,0,0,0,0,97.319833
RCOU,97359833,1404,1395,1277,1410,1404,0,0,0,0,0,0,0,0,0,97.359833
RCOU,97399833,1404,1395,1277,1410,1404,0,0,0,0,0,0,0,0,0,97.399833
RCOU,97439833,1405,1395,1278,1410,1405,0,0,0,0,0,0,0,0,0,97.439833
RCOU,97479833,1405,1395,1279,1411,1405,0,0,0,0,0,0,0,0,0,97.479833
RCOU,97519833,1405,1395,1279,1413,1405,0,0,0,0,0,0,0,0,0,97.519833
RCOU,97559833,1405,1396,1280,1414,1405,0,0,0,0,0,0,0,0,0,97.559833
RCOU,97599833,1406,1396,1280,1415,1406,0,0,0,0,0,0,0,0,0,97.599833
RCOU,97639833,1406,1397,1281,1416,1406,0,0,0,0,0,0,0,0,0,97.639833
RCOU,97679833,1407,1397,1282,1417,1407,0,0,0,0,0,0,0,0,0,97.679833
RCOU,97719833,1407,1397,1283,1418,1407,0,0,0,0,0,0,0,0,0,97.719833
RCOU,97759833,1407,1397,1284,1419,1407,0,0,0,0,0,0,0,0,0,97.759833
RCOU,97799833,1408,1397,1284,1420,1408,0,0,0,0,0,0,0,0,0,97.799833
RCOU,97839833,1408,1397,1285,1420,1408,0,0,0,0,0,0,0,0,0,97.839833
RCOU,97879833,1409,1396,1286,1421,1409,0,0,0,0,0,0,0,0,0,97.879833
RCOU,97919833,1409,1396,1287,1421,1409,0,0,0,0,0,0,0,0,0,97.919833
RCOU,97959833,1410,1396,1288,1421,1410,0,0,0,0,0,0,0,0,0,97.959833
RCOU,97999833,1410,1395,1288,1420,1410,0,0,0,0,0,0,0,0,0,97.999833
RCOU,98039833,1410,1395,1289,1419,1410,0,0,0,0,0,0,0,0,0,98.039833
RCOU,98079833,1410,1395,1290,1418,1410,0,0,0,0,0,0,0,0,0,98.079833
RCOU,98119833,1411,1395,1290,1417,1411,0,0,0,0,0,0,0,0,0,98.119833
RCOU,98159833,1411,1395,1290,1414,1411,0,0,0,0,0,0,0,0,0,98.159833
RCOU,98199833,1412,1395,1291,1412,1412,0,0,0,0,0,0,0,0,0,98.199833
RCOU,98239833,1412,1395,1292,1410,1412,0,0,0,0,0,0,0,0,0,98.239833
RCOU,98279833,1412,1396,1292,1409,1412,0,0,0,0,0,0,0,0,0,98.279833
RCOU,98319833,1412,1396,1293,1407,1412,0,0,0,0,0,0,0,0,0,98.319833
RCOU,98359833,1413,1396,1294,1405,1413,0,0,0,0,0,0,0,0,0,98.359833
RCOU,98399833,1413,1397,1294,1403,1413,0,0,0,0,0,0,0,0,0,98.399833
RCOU,98439833,1413,1397,1295,1402,1413,0,0,0,0,0,0,0,0,0,98.439833
RCOU,98479833,1413,1397,1295,1400,1413,0,0,0,0,0,0,0,0,0,98.479833
RCOU,98519833,1414,1398,1296,1398,1414,0,0,0,0,0,0,0,0,0,98.519833
RCOU,98559833,1414,1398,1297,1397,1414,0,0,0,0,0,0,0,0,0,98.559833
RCOU,98599833,1415,1398,1297,1396,1415,0,0,0,0,0,0,0,0,0,98.599833
RCOU,98639833,1415,1399,1298,1396,1415,0,0,0,0,0,0,0,0,0,98.639833
RCOU,98679833,1415,1399,1298,1396,1415,0,0,0,0,0,0,0,0,0,98.679833
RCOU,98719833,1416,1399,1299,1396,1416,0,0,0,0,0,0,0,0,0,98.719833
RCOU,98759833,1416,1400,1299,1396,1416,0,0,0,0,0,0,0,0,0,98.759833
RCOU,98799833,1416,1400,1300,1397,1416,0,0,0,0,0,0,0,0,0,98.799833
RCOU,98839833,1416,1400,1300,1397,1416,0,0,0,0,0,0,0,0,0,98.839833
RCOU,98879833,1416,1401,1300,1398,1416,0,0,0,0,0,0,0,0,0,98.879833
RCOU,98919833,1416,1401,1301,1398,1416,0,0,0,0,0,0,0,0,0,98.919833
RCOU,98959833,1416,1401,1301,1399,1416,0,0,0,0,0,0,0,0,0,98.959833
RCOU,98999833,1416,1400,1302,1399,1416,0,0,0,0,0,0,0,0,0,98.999833
RCOU,99039833,1415,1400,1302,1400,1415,0,0,0,0,0,0,0,0,0,99.039833
RCOU,99079833,1415,1399,1302,1400,1415,0,0,0,0,0,0,0,0,0,99.079833
RCOU,99119833,1414,1399,1302,1400,1414,0,0,0,0,0,0,0,0,0,99.119833
RCOU,99159833,1414,1392,1302,1400,1414,0,0,0,0,0,0,0,0,0,99.159833
RCOU,99199833,1413,1384,1302,1400,1413,0,0,0,0,0,0,0,0,0,99.199833
RCOU,99239833,1413,1385,1303,1399,1413,0,0,0,0,0,0,0,0,0,99.239833
RCOU,99279833,1412,1387,1303,1399,1412,0,0,0,0,0,0,0,0,0,99.279833
RCOU,99319833,1412,1391,1303,1399,1412,0,0,0,0,0,0,0,0,0,99.319833
RCOU,99359833,1411,1396,1304,1398,1411,0,0,0,0,0,0,0,0,0,99.359833
RCOU,99399833,1411,1400,1304,1398,1411,0,0,0,0,0,0,0,0,0,99.399833
RCOU,99439833,1410,1403,1304,1397,1410,0,0,0,0,0,0,0,0,0,99.439833
RCOU,99479833,1410,1404,1305,1397,1410,0,0,0,0,0,0,0,0,0,99.479833
RCOU,99519833,1410,1403,1305,1397,1410,0,0,0,0,0,0,0,0,0,99.519833
RCOU,99559833,1410,1401,1305,1397,1410,0,0,0,0,0,0,0,0,0,99.559833
RCOU,99599833,1410,1398,1305,1397,1410,0,0,0,0,0,0,0,0,0,99.599833
RCOU,99639833,1409,1394,1305,1398,1409,0,0,0,0,0,0,0,0,0,99.639833
RCOU,99679833,1409,1392,1305,1398,1409,0,0,0,0,0,0,0,0,0,99.679833
RCOU,99719833,1409,1390,1305,1399,1409,0,0,0,0,0,0,0,0,0,99.719833
RCOU,99759833,1409,1389,1306,1400,1409,0,0,0,0,0,0,0,0,0,99.759833
RCOU,99799833,1409,1390,1306,1401,1409,0,0,0,0,0,0,0,0,0,99.799833
RCOU,99839833,1409,1392,1306,1402,1409,0,0,0,0,0,0,0,0,0,99.839833
RCOU,99879833,1409,1394,1306,1404,1409,0,0,0,0,0,0,0,0,0,99.879833
RCOU,99919833,1409,1397,1306,1405,1409,0,0,0,0,0,0,0,0,0,99.919833
RCOU,99959833,1409,1399,1306,1406,1409,0,0,0,0,0,0,0,0,0,99.959833
RCOU,99999833,1409,1401,1306,1408,1409,0,0,0,0,0,0,0,0,0,99.999833
RCOU,100039833,1409,1401,1306,1409,1409,0,0,0,0,0,0,0,0,0,100.039833
RCOU,100079833,1409,1401,1306,1410,1409,0,0,0,0,0,0,0,0,0,100.079833
RCOU,100119833,1408,1400,1306,1410,1408,0,0,0,0,0,0,0,0,0,100.119833
RCOU,100159833,1408,1399,1306,1410,1408,0,0,0,0,0,0,0,0,0,100.159833
RCOU,100199833,1408,1398,1306,1411,1408,0,0,0,0,0,0,0,0,0,100.199833
RCOU,100239833,1408,1397,1306,1411,1408,0,0,0,0,0,0,0,0,0,100.239833
RCOU,100279833,1408,1397,1306,1411,1408,0,0,0,0,0,0,0,0,0,100.279833
RCOU,100319833,1408,1396,1305,1410,1408,0,0,0,0,0,0,0,0,0,100.319833
RCOU,100359833,1408,1396,1305,1410,1408,0,0,0,0,0,0,0,0,0,100.359833
RCOU,100399833,1407,1396,1305,1410,1407,0,0,0,0,0,0,0,0,0,100.399833
RCOU,100439833,1407,1396,1305,1409,1407,0,0,0,0,0,0,0,0,0,100.439833
RCOU,100479833,1407,1397,1305,1408,1407,0,0,0,0,0,0,0,0,0,100.479833
RCOU,100519833,1407,1397,1305,1407,1407,0,0,0,0,0,0,0,0,0,100.519833
RCOU,100559833,1407,1397,1305,1406,1407,0,0,0,0,0,0,0,0,0,100.559833
RCOU,100599833,1407,1398,1304,1405,1407,0,0,0,0,0,0,0,0,0,100.599833
RCOU,100639833,1407,1398,1304,1404,1407,0,0,0,0,0,0,0,0,0,100.639833
RCOU,100679833,1407,1399,1304,1403,1407,0,0,0,0,0,0,0,0,0,100.679833
RCOU,100719833,1407,1399,1304,1402,1407,0,0,0,0,0,0,0,0,0,100.719833
RCOU,100759833,1407,1399,1304,1402,1407,0,0,0,0,0,0,0,0,0,100.759833
RCOU,100799833,1407,1387,1304,1401,1407,0,0,0,0,0,0,0,0,0,100.799833
RCOU,100839833,1407,1386,1304,1401,1407,0,0,0,0,0,0,0,0,0,100.839833
RCOU,100879833,1406,1388,1303,1400,1406,0,0,0,0,0,0,0,0,0,100.879833
RCOU,100919833,1406,1390,1303,1400,1406,0,0,0,0,0,0,0,0,0,100.919833
RCOU,100959833,1406,1392,1303,1401,1406,0,0,0,0,0,0,0,0,0,100.959833
RCOU,100999833,1406,1394,1303,1401,1406,0,0,0,0,0,0,0,0,0,100.999833
RCOU,101039833,1406,1396,1303,1401,1406,0,0,0,0,0,0,0,0,0,101.039833
RCOU,101079833,1406,1397,1302,1402,1406,0,0,0,0,0,0,0,0,0,101.079833
RCOU,101119833,1406,1398,1302,1402,1406,0,0,0,0,0,0,0,0,0,101.119833
RCOU,101159833,1406,1397,1302,1403,1406,0,0,0,0,0,0,0,0,0,101.159833
RCOU,101199833,1406,1396,1302,1404,1406,0,0,0,0,0,0,0,0,0,101.199833
RCOU,101239833,1406,1395,1302,1404,1406,0,0,0,0,0,0,0,0,0,101.239833
RCOU,101279833,1406,1393,1302,1405,1406,0,0,0,0,0,0,0,0,0,101.279833
RCOU,101319833,1406,1392,1301,1405,1406,0,0,0,0,0,0,0,0,0,101.319833
RCOU,101359833,1405,1390,1301,1406,1405,0,0,0,0,0,0,0,0,0,101.359833
RCOU,101399833,1405,1389,1301,1407,1405,0,0,0,0,0,0,0,0,0,101.399833
RCOU,101439833,1405,1389,1300,1407,1405,0,0,0,0,0,0,0,0,0,101.439833
RCOU,101479833,1405,1390,1300,1407,1405,0,0,0,0,0,0,0,0,0,101.479833
RCOU,101519833,1405,1391,1299,1408,1405,0,0,0,0,0,0,0,0,0,101.519833
RCOU,101559833,1405,1393,1299,1408,1405,0,0,0,0,0,0,0,0,0,101.559833
RCOU,101599833,1405,1395,1298,1408,1405,0,0,0,0,0,0,0,0,0,101.599833
RCOU,101639833,1405,1396,1298,1409,1405,0,0,0,0,0,0,0,0,0,101.639833
RCOU,101679833,1404,1397,1297,1409,1404,0,0,0,0,0,0,0,0,0,101.679833
RCOU,101719833,1404,1397,1297,1409,1404,0,0,0,0,0,0,0,0,0,101.719833
RCOU,101759833,1404,1397,1296,1409,1404,0,0,0,0,0,0,0,0,0,101.759833
RCOU,101799833,1404,1396,1296,1410,1404,0,0,0,0,0,0,0,0,0,101.799833
RCOU,101839833,1404,1395,1295,1410,1404,0,0,0,0,0,0,0,0,0,101.839833
RCOU,101879833,1405,1394,1294,1410,1405,0,0,0,0,0,0,0,0,0,101.879833
RCOU,101919833,1405,1393,1294,1411,1405,0,0,0,0,0,0,0,0,0,101.919833
RCOU,101959833,1405,1392,1293,1412,1405,0,0,0,0,0,0,0,0,0,101.959833
RCOU,101999833,1406,1391,1293,1413,1406,0,0,0,0,0,0,0,0,0,101.999833
RCOU,102039833,1406,1391,1292,1415,1406,0,0,0,0,0,0,0,0,0,102.039833
RCOU,102079833,1406,1391,1291,1416,1406,0,0,0,0,0,0,0,0,0,102.079833
RCOU,102119833,1407,1391,1291,1417,1407,0,0,0,0,0,0,0,0,0,102.119833
RCOU,102159833,1407,1391,1290,1418,1407,0,0,0,0,0,0,0,0,0,102.159833
RCOU,102199833,1408,1391,1290,1419,1408,0,0,0,0,0,0,0,0,0,102.199833
RCOU,102239833,1408,1392,1290,1420,1408,0,0,0,0,0,0,0,0,0,102.239833
RCOU,102279833,1409,1392,1289,1420,1409,0,0,0,0,0,0,0,0,0,102.279833
RCOU,102319833,1409,1392,1289,1420,1409,0,0,0,0,0,0,0,0,0,102.319833
RCOU,102359833,1410,1393,1288,1420,1410,0,0,0,0,0,0,0,0,0,102.359833
RCOU,102399833,1410,1393,1288,1420,1410,0,0,0,0,0,0,0,0,0,102.399833
RCOU,102439833,1410,1393,1287,1419,1410,0,0,0,0,0,0,0,0,0,102.439833
RCOU,102479833,1411,1393,1286,1418,1411,0,0,0,0,0,0,0,0,0,102.479833
RCOU,102519833,1411,1393,1286,1417,1411,0,0,0,0,0,0,0,0,0,102.519833
RCOU,102559833,1411,1393,1285,1415,1411,0,0,0,0,0,0,0,0,0,102.559833
RCOU,102599833,1412,1393,1285,1412,1412,0,0,0,0,0,0,0,0,0,102.599833
RCOU,102639833,1412,1393,1284,1410,1412,0,0,0,0,0,0,0,0,0,102.639833
RCOU,102679833,1412,1392,1284,1409,1412,0,0,0,0,0,0,0,0,0,102.679833
RCOU,102719833,1412,1392,1283,1407,1412,0,0,0,0,0,0,0,0,0,102.719833
RCOU,102759833,1413,1392,1283,1405,1413,0,0,0,0,0,0,0,0,0,102.759833
RCOU,102799833,1413,1391,1282,1403,1413,0,0,0,0,0,0,0,0,0,102.799833
RCOU,102839833,1413,1391,1282,1402,1413,0,0,0,0,0,0,0,0,0,102.839833
RCOU,102879833,1414,1391,1281,1400,1414,0,0,0,0,0,0,0,0,0,102.879833
RCOU,102919833,1414,1390,1281,1399,1414,0,0,0,0,0,0,0,0,0,102.919833
RCOU,102959833,1414,1390,1280,1397,1414,0,0,0,0,0,0,0,0,0,102.959833
RCOU,102999833,1415,1390,1280,1396,1415,0,0,0,0,0,0,0,0,0,102.999833
RCOU,103039833,1415,1391,1279,1396,1415,0,0,0,0,0,0,0,0,0,103.039833
RCOU,103079833,1415,1392,1279,1396,1415,0,0,0,0,0,0,0,0,0,103.079833
RCOU,103119833,1416,1393,1279,1396,1416,0,0,0,0,0,0,0,0,0,103.119833
RCOU,103159833,1416,1394,1279,1396,1416,0,0,0,0,0,0,0,0,0,103.159833
RCOU,103199833,1416,1395,1279,1396,1416,0,0,0,0,0,0,0,0,0,103.199833
RCOU,103239833,1416,1395,1278,1397,1416,0,0,0,0,0,0,0,0,0,103.239833
RCOU,103279833,1416,1395,1278,1397,1416,0,0,0,0,0,0,0,0,0,103.279833
RCOU,103319833,1416,1395,1277,1398,1416,0,0,0,0,0,0,0,0,0,103.319833
RCOU,103359833,1416,1395,1277,1398,1416,0,0,0,0,0,0,0,0,0,103.359833
RCOU,103399833,1415,1395,1276,1399,1415,0,0,0,0,0,0,0,0,0,103.399833
RCOU,103439833,1415,1394,1276,1399,1415,0,0,0,0,0,0,0,0,0,103.439833
RCOU,103479833,1415,1402,1275,1399,1415,0,0,0,0,0,0,0,0,0,103.479833
RCOU,103519833,1414,1410,1275,1399,1414,0,0,0,0,0,0,0,0,0,103.519833
RCOU,103559833,1414,1408,1274,1399,1414,0,0,0,0,0,0,0,0,0,103.559833
RCOU,103599833,1413,1403,1274,1399,1413,0,0,0,0,0,0,0,0,0,103.599833
RCOU,103639833,1412,1397,1273,1399,1412,0,0,0,0,0,0,0,0,0,103.639833
RCOU,103679833,1412,1391,1273,1399,1412,0,0,0,0,0,0,0,0,0,103.679833
RCOU,103719833,1411,1387,1272,1398,1411,0,0,0,0,0,0,0,0,0,103.719833
RCOU,103759833,1411,1385,1272,1398,1411,0,0,0,0,0,0,0,0,0,103.759833
RCOU,103799833,1410,1387,1271,1398,1410,0,0,0,0,0,0,0,0,0,103.799833
RCOU,103839833,1410,1390,1271,1397,1410,0,0,0,0,0,0,0,0,0,103.839833
RCOU,103879833,1410,1395,1270,1397,1410,0,0,0,0,0,0,0,0,0,103.879833
RCOU,103919833,1410,1401,1270,1397,1410,0,0,0,0,0,0,0,0,0,103.919833
RCOU,103959833,1410,1405,1270,1398,1410,0,0,0,0,0,0,0,0,0,103.959833
RCOU,103999833,1409,1407,1269,1398,1409,0,0,0,0,0,0,0,0,0,103.999833
RCOU,104039833,1409,1406,1269,1399,1409,0,0,0,0,0,0,0,0,0,104.039833
RCOU,104079833,1409,1403,1269,1400,1409,0,0,0,0,0,0,0,0,0,104.079833
RCOU,104119833,1409,1399,1269,1401,1409,0,0,0,0,0,0,0,0,0,104.119833
RCOU,104159833,1409,1394,1268,1402,1409,0,0,0,0,0,0,0,0,0,104.159833
RCOU,104199833,1409,1390,1268,1403,1409,0,0,0,0,0,0,0,0,0,104.199833
RCOU,104239833,1409,1388,1268,1404,1409,0,0,0,0,0,0,0,0,0,104.239833
RCOU,104279833,1409,1388,1268,1406,1409,0,0,0,0,0,0,0,0,0,104.279833
RCOU,104319833,1409,1390,1267,1407,1409,0,0,0,0,0,0,0,0,0,104.319833
RCOU,104359833,1409,1393,1267,1408,1409,0,0,0,0,0,0,0,0,0,104.359833
RCOU,104399833,1408,1397,1267,1409,1408,0,0,0,0,0,0,0,0,0,104.399833
RCOU,104439833,1408,1401,1267,1410,1408,0,0,0,0,0,0,0,0,0,104.439833
RCOU,104479833,1408,1404,1267,1410,1408,0,0,0,0,0,0,0,0,0,104.479833
RCOU,104519833,1408,1404,1267,1410,1408,0,0,0,0,0,0,0,0,0,104.519833
RCOU,104559833,1408,1403,1267,1411,1408,0,0,0,0,0,0,0,0,0,104.559833
RCOU,104599833,1408,1400,1267,1411,1408,0,0,0,0,0,0,0,0,0,104.599833
RCOU,104639833,1408,1397,1267,1410,1408,0,0,0,0,0,0,0,0,0,104.639833
RCOU,104679833,1407,1393,1267,1410,1407,0,0,0,0,0,0,0,0,0,104.679833
RCOU,104719833,1407,1390,1267,1410,1407,0,0,0,0,0,0,0,0,0,104.719833
RCOU,104759833,1407,1389,1267,1409,1407,0,0,0,0,0,0,0,0,0,104.759833
RCOU,104799833,1407,1389,1267,1408,1407,0,0,0,0,0,0,0,0,0,104.799833
RCOU,104839833,1407,1390,1267,1407,1407,0,0,0,0,0,0,0,0,0,104.839833
RCOU,104879833,1407,1392,1267,1406,1407,0,0,0,0,0,0,0,0,0,104.879833
RCOU,104919833,1407,1395,1267,1405,1407,0,0,0,0,0,0,0,0,0,104.919833
RCOU,104959833,1407,1397,1267,1404,1407,0,0,0,0,0,0,0,0,0,104.959833
RCOU,104999833,1406,1399,1268,1403,1406,0,0,0,0,0,0,0,0,0,104.999833
RCOU,105039833,1406,1400,1268,1403,1406,0,0,0,0,0,0,0,0,0,105.039833
RCOU,105079833,1406,1400,1268,1402,1406,0,0,0,0,0,0,0,0,0,105.079833
RCOU,105119833,1406,1414,1268,1401,1406,0,0,0,0,0,0,0,0,0,105.119833
RCOU,105159833,1406,1412,1268,1401,1406,0,0,0,0,0,0,0,0,0,105.159833
RCOU,105199833,1406,1408,1268,1401,1406,0,0,0,0,0,0,0,0,0,105.199833
RCOU,105239833,1406,1402,1269,1401,1406,0,0,0,0,0,0,0,0,0,105.239833
RCOU,105279833,1406,1395,1269,1401,1406,0,0,0,0,0,0,0,0,0,105.279833
RCOU,105319833,1406,1390,1269,1401,1406,0,0,0,0,0,0,0,0,0,105.319833
RCOU,105359833,1406,1388,1269,1401,1406,0,0,0,0,0,0,0,0,0,105.359833
RCOU,105399833,1406,1388,1270,1402,1406,0,0,0,0,0,0,0,0,0,105.399833
RCOU,105439833,1406,1391,1270,1403,1406,0,0,0,0,0,0,0,0,0,105.439833
RCOU,105479833,1406,1395,1270,1403,1406,0,0,0,0,0,0,0,0,0,105.479833
RCOU,105519833,1406,1400,1271,1404,1406,0,0,0,0,0,0,0,0,0,105.519833
RCOU,105559833,1406,1405,1271,1404,1406,0,0,0,0,0,0,0,0,0,105.559833
RCOU,105599833,1405,1407,1272,1405,1405,0,0,0,0,0,0,0,0,0,105.599833
RCOU,105639833,1405,1408,1272,1406,1405,0,0,0,0,0,0,0,0,0,105.639833
RCOU,105679833,1405,1406,1272,1406,1405,0,0,0,0,0,0,0,0,0,105.679833
RCOU,105719833,1405,1403,1273,1407,1405,0,0,0,0,0,0,0,0,0,105.719833
RCOU,105759833,1405,1400,1273,1407,1405,0,0,0,0,0,0,0,0,0,105.759833
RCOU,105799833,1405,1397,1274,1408,1405,0,0,0,0,0,0,0,0,0,105.799833
RCOU,105839833,1405,1394,1274,1408,1405,0,0,0,0,0,0,0,0,0,105.839833
RCOU,105879833,1405,1392,1275,1408,1405,0,0,0,0,0,0,0,0,0,105.879833
RCOU,105919833,1404,1392,1275,1408,1404,0,0,0,0,0,0,0,0,0,105.919833
RCOU,105959833,1404,1393,1276,1409,1404,0,0,0,0,0,0,0,0,0,105.959833
RCOU,105999833,1404,1394,1277,1409,1404,0,0,0,0,0,0,0,0,0,105.999833
RCOU,106039833,1404,1395,1277,1410,1404,0,0,0,0,0,0,0,0,0,106.039833
RCOU,106079833,1404,1397,1278,1410,1404,0,0,0,0,0,0,0,0,0,106.079833
RCOU,106119833,1405,1398,1279,1410,1405,0,0,0,0,0,0,0,0,0,106.119833
RCOU,106159833,1405,1399,1279,1411,1405,0,0,0,0,0,0,0,0,0,106.159833
RCOU,106199833,1405,1399,1279,1413,1405,0,0,0,0,0,0,0,0,0,106.199833
RCOU,106239833,1406,1400,1280,1414,1406,0,0,0,0,0,0,0,0,0,106.239833
RCOU,106279833,1406,1399,1280,1415,1406,0,0,0,0,0,0,0,0,0,106.279833
RCOU,106319833,1406,1399,1281,1416,1406,0,0,0,0,0,0,0,0,0,106.319833
RCOU,106359833,1407,1399,1282,1417,1407,0,0,0,0,0,0,0,0,0,106.359833
RCOU,106399833,1407,1398,1283,1419,1407,0,0,0,0,0,0,0,0,0,106.399833
RCOU,106439833,1408,1398,1283,1419,1408,0,0,0,0,0,0,0,0,0,106.439833
RCOU,106479833,1408,1398,1284,1420,1408,0,0,0,0,0,0,0,0,0,106.479833
RCOU,106519833,1408,1397,1285,1421,1408,0,0,0,0,0,0,0,0,0,106.519833
RCOU,106559833,1409,1397,1286,1421,1409,0,0,0,0,0,0,0,0,0,106.559833
RCOU,106599833,1409,1397,1286,1421,1409,0,0,0,0,0,0,0,0,0,106.599833
RCOU,106639833,1410,1396,1287,1420,1410,0,0,0,0,0,0,0,0,0,106.639833
RCOU,106679833,1410,1396,1288,1420,1410,0,0,0,0,0,0,0,0,0,106.679833
RCOU,106719833,1410,1396,1288,1418,1410,0,0,0,0,0,0,0,0,0,106.719833
RCOU,106759833,1411,1396,1289,1417,1411,0,0,0,0,0,0,0,0,0,106.759833
RCOU,106799833,1411,1396,1290,1415,1411,0,0,0,0,0,0,0,0,0,106.799833
RCOU,106839833,1411,1396,1290,1413,1411,0,0,0,0,0,0,0,0,0,106.839833
RCOU,106879833,1412,1396,1290,1411,1412,0,0,0,0,0,0,0,0,0,106.879833
RCOU,106919833,1412,1396,1291,1410,1412,0,0,0,0,0,0,0,0,0,106.919833
RCOU,106959833,1412,1396,1292,1408,1412,0,0,0,0,0,0,0,0,0,106.959833
RCOU,106999833,1413,1397,1292,1406,1413,0,0,0,0,0,0,0,0,0,106.999833
RCOU,107039833,1413,1397,1293,1404,1413,0,0,0,0,0,0,0,0,0,107.039833
RCOU,107079833,1413,1397,1294,1402,1413,0,0,0,0,0,0,0,0,0,107.079833
RCOU,107119833,1413,1397,1295,1401,1413,0,0,0,0,0,0,0,0,0,107.119833
RCOU,107159833,1414,1397,1295,1399,1414,0,0,0,0,0,0,0,0,0,107.159833
RCOU,107199833,1414,1397,1296,1398,1414,0,0,0,0,0,0,0,0,0,107.199833
RCOU,107239833,1415,1397,1297,1397,1415,0,0,0,0,0,0,0,0,0,107.239833
RCOU,107279833,1415,1397,1297,1396,1415,0,0,0,0,0,0,0,0,0,107.279833
RCOU,107319833,1415,1397,1298,1395,1415,0,0,0,0,0,0,0,0,0,107.319833
RCOU,107359833,1416,1398,1298,1395,1416,0,0,0,0,0,0,0,0,0,107.359833
RCOU,107399833,1416,1398,1299,1395,1416,0,0,0,0,0,0,0,0,0,107.399833
RCOU,107439833,1416,1398,1300,1396,1416,0,0,0,0,0,0,0,0,0,107.439833
RCOU,107479833,1417,1398,1300,1396,1417,0,0,0,0,0,0,0,0,0,107.479833
RCOU,107519833,1417,1398,1301,1397,1417,0,0,0,0,0,0,0,0,0,107.519833
RCOU,107559833,1416,1399,1301,1397,1416,0,0,0,0,0,0,0,0,0,107.559833
RCOU,107599833,1416,1399,1302,1398,1416,0,0,0,0,0,0,0,0,0,107.599833
RCOU,107639833,1416,1399,1302,1398,1416,0,0,0,0,0,0,0,0,0,107.639833
RCOU,107679833,1416,1400,1302,1398,1416,0,0,0,0,0,0,0,0,0,107.679833
RCOU,107719833,1415,1400,1303,1398,1415,0,0,0,0,0,0,0,0,0,107.719833
RCOU,107759833,1415,1400,1303,1399,1415,0,0,0,0,0,0,0,0,0,107.759833
RCOU,107799833,1414,1389,1304,1398,1414,0,0,0,0,0,0,0,0,0,107.799833
RCOU,107839833,1414,1381,1304,1398,1414,0,0,0,0,0,0,0,0,0,107.839833
RCOU,107879833,1413,1383,1305,1398,1413,0,0,0,0,0,0,0,0,0,107.879833
RCOU,107919833,1413,1388,1305,1398,1413,0,0,0,0,0,0,0,0,0,107.919833
RCOU,107959833,1412,1395,1306,1398,1412,0,0,0,0,0,0,0,0,0,107.959833
RCOU,107999833,1412,1401,1306,1397,1412,0,0,0,0,0,0,0,0,0,107.999833
RCOU,108039833,1411,1405,1306,1397,1411,0,0,0,0,0,0,0,0,0,108.039833
RCOU,108079833,1410,1406,1307,1396,1410,0,0,0,0,0,0,0,0,0,108.079833
RCOU,108119833,1410,1403,1307,1396,1410,0,0,0,0,0,0,0,0,0,108.119833
RCOU,108159833,1410,1399,1307,1396,1410,0,0,0,0,0,0,0,0,0,108.159833
RCOU,108199833,1410,1394,1307,1396,1410,0,0,0,0,0,0,0,0,0,108.199833
RCOU,108239833,1410,1389,1307,1396,1410,0,0,0,0,0,0,0,0,0,108.239833
RCOU,108279833,1410,1386,1308,1397,1410,0,0,0,0,0,0,0,0,0,108.279833
RCOU,108319833,1410,1385,1308,1397,1410,0,0,0,0,0,0,0,0,0,108.319833
RCOU,108359833,1409,1387,1308,1398,1409,0,0,0,0,0,0,0,0,0,108.359833
RCOU,108399833,1409,1391,1308,1399,1409,0,0,0,0,0,0,0,0,0,108.399833
RCOU,108439833,1409,1396,1308,1400,1409,0,0,0,0,0,0,0,0,0,108.439833
RCOU,108479833,1409,1400,1308,1401,1409,0,0,0,0,0,0,0,0,0,108.479833
RCOU,108519833,1409,1404,1308,1403,1409,0,0,0,0,0,0,0,0,0,108.519833
RCOU,108559833,1409,1405,1308,1404,1409,0,0,0,0,0,0,0,0,0,108.559833
RCOU,108599833,1409,1404,1308,1406,1409,0,0,0,0,0,0,0,0,0,108.599833
RCOU,108639833,1409,1402,1308,1407,1409,0,0,0,0,0,0,0,0,0,108.639833
RCOU,108679833,1409,1398,1308,1408,1409,0,0,0,0,0,0,0,0,0,108.679833
RCOU,108719833,1409,1395,1308,1409,1409,0,0,0,0,0,0,0,0,0,108.719833
RCOU,108759833,1409,1392,1308,1410,1409,0,0,0,0,0,0,0,0,0,108.759833
RCOU,108799833,1409,1390,1308,1410,1409,0,0,0,0,0,0,0,0,0,108.799833
RCOU,108839833,1408,1390,1308,1411,1408,0,0,0,0,0,0,0,0,0,108.839833
RCOU,108879833,1408,1391,1307,1411,1408,0,0,0,0,0,0,0,0,0,108.879833
RCOU,108919833,1408,1394,1307,1411,1408,0,0,0,0,0,0,0,0,0,108.919833
RCOU,108959833,1408,1397,1307,1411,1408,0,0,0,0,0,0,0,0,0,108.959833
RCOU,108999833,1408,1400,1307,1410,1408,0,0,0,0,0,0,0,0,0,108.999833
RCOU,109039833,1408,1403,1307,1410,1408,0,0,0,0,0,0,0,0,0,109.039833
RCOU,109079833,1408,1404,1306,1409,1408,0,0,0,0,0,0,0,0,0,109.079833
RCOU,109119833,1407,1404,1306,1409,1407,0,0,0,0,0,0,0,0,0,109.119833
RCOU,109159833,1407,1403,1306,1408,1407,0,0,0,0,0,0,0,0,0,109.159833
RCOU,109199833,1407,1401,1306,1406,1407,0,0,0,0,0,0,0,0,0,109.199833
RCOU,109239833,1407,1400,1305,1405,1407,0,0,0,0,0,0,0,0,0,109.239833
RCOU,109279833,1407,1398,1305,1404,1407,0,0,0,0,0,0,0,0,0,109.279833
RCOU,109319833,1407,1397,1305,1403,1407,0,0,0,0,0,0,0,0,0,109.319833
RCOU,109359833,1407,1396,1305,1402,1407,0,0,0,0,0,0,0,0,0,109.359833
RCOU,109399833,1407,1396,1304,1402,1407,0,0,0,0,0,0,0,0,0,109.399833
RCOU,109439833,1407,1377,1304,1401,1407,0,0,0,0,0,0,0,0,0,109.439833
RCOU,109479833,1407,1377,1304,1401,1407,0,0,0,0,0,0,0,0,0,109.479833
RCOU,109519833,1407,1383,1304,1400,1407,0,0,0,0,0,0,0,0,0,109.519833
RCOU,109559833,1407,1391,1303,1400,1407,0,0,0,0,0,0,0,0,0,109.559833
RCOU,109599833,1406,1400,1303,1400,1406,0,0,0,0,0,0,0,0,0,109.599833
RCOU,109639833,1406,1407,1303,1401,1406,0,0,0,0,0,0,0,0,0,109.639833
RCOU,109679833,1406,1410,1302,1401,1406,0,0,0,0,0,0,0,0,0,109.679833
RCOU,109719833,1406,1409,1302,1401,1406,0,0,0,0,0,0,0,0,0,109.719833
RCOU,109759833,1406,1403,1302,1402,1406,0,0,0,0,0,0,0,0,0,109.759833
RCOU,109799833,1406,1395,1302,1402,1406,0,0,0,0,0,0,0,0,0,109.799833
RCOU,109839833,1406,1387,1301,1403,1406,0,0,0,0,0,0,0,0,0,109.839833
RCOU,109879833,1406,1381,1301,1404,1406,0,0,0,0,0,0,0,0,0,109.879833
RCOU,109919833,1406,1379,1301,1404,1406,0,0,0,0,0,0,0,0,0,109.919833
RCOU,109959833,1406,1381,1300,1405,1406,0,0,0,0,0,0,0,0,0,109.959833
RCOU,109999833,1406,1387,1300,1405,1406,0,0,0,0,0,0,0,0,0,109.999833
RCOU,110039833,1405,1394,1299,1406,1405,0,0,0,0,0,0,0,0,0,110.039833
RCOU,110079833,1405,1400,1299,1406,1405,0,0,0,0,0,0,0,0,0,110.079833
RCOU,110119833,1405,1405,1298,1407,1405,0,0,0,0,0,0,0,0,0,110.119833
RCOU,110159833,1405,1407,1298,1407,1405,0,0,0,0,0,0,0,0,0,110.159833
RCOU,110199833,1405,1405,1297,1408,1405,0,0,0,0,0,0,0,0,0,110.199833
RCOU,110239833,1405,1401,1296,1408,1405,0,0,0,0,0,0,0,0,0,110.239833
RCOU,110279833,1405,1395,1296,1408,1405,0,0,0,0,0,0,0,0,0,110.279833
RCOU,110319833,1405,1389,1295,1408,1405,0,0,0,0,0,0,0,0,0,110.319833
RCOU,110359833,1405,1385,1295,1408,1405,0,0,0,0,0,0,0,0,0,110.359833
RCOU,110399833,1404,1383,1294,1408,1404,0,0,0,0,0,0,0,0,0,110.399833
RCOU,110439833,1404,1385,1294,1409,1404,0,0,0,0,0,0,0,0,0,110.439833
RCOU,110479833,1404,1389,1293,1409,1404,0,0,0,0,0,0,0,0,0,110.479833
RCOU,110519833,1404,1395,1292,1409,1404,0,0,0,0,0,0,0,0,0,110.519833
RCOU,110559833,1404,1401,1292,1410,1404,0,0,0,0,0,0,0,0,0,110.559833
RCOU,110599833,1405,1405,1291,1410,1405,0,0,0,0,0,0,0,0,0,110.599833
RCOU,110639833,1405,1405,1291,1410,1405,0,0,0,0,0,0,0,0,0,110.639833
RCOU,110679833,1405,1403,1290,1412,1405,0,0,0,0,0,0,0,0,0,110.679833
RCOU,110719833,1406,1399,1290,1413,1406,0,0,0,0,0,0,0,0,0,110.719833
RCOU,110759833,1406,1395,1290,1414,1406,0,0,0,0,0,0,0,0,0,110.759833
RCOU,110799833,1406,1390,1289,1415,1406,0,0,0,0,0,0,0,0,0,110.799833
RCOU,110839833,1407,1387,1288,1417,1407,0,0,0,0,0,0,0,0,0,110.839833
RCOU,110879833,1407,1386,1288,1418,1407,0,0,0,0,0,0,0,0,0,110.879833
RCOU,110919833,1408,1387,1287,1418,1408,0,0,0,0,0,0,0,0,0,110.919833
RCOU,110959833,1408,1390,1287,1419,1408,0,0,0,0,0,0,0,0,0,110.959833
RCOU,110999833,1409,1394,1286,1420,1409,0,0,0,0,0,0,0,0,0,110.999833
RCOU,111039833,1409,1399,1285,1420,1409,0,0,0,0,0,0,0,0,0,111.039833
RCOU,111079833,1410,1402,1285,1420,1410,0,0,0,0,0,0,0,0,0,111.079833
RCOU,111119833,1410,1403,1284,1420,1410,0,0,0,0,0,0,0,0,0,111.119833
RCOU,111159833,1410,1402,1284,1419,1410,0,0,0,0,0,0,0,0,0,111.159833
RCOU,111199833,1410,1399,1283,1418,1410,0,0,0,0,0,0,0,0,0,111.199833
RCOU,111239833,1411,1395,1282,1416,1411,0,0,0,0,0,0,0,0,0,111.239833
RCOU,111279833,1411,1390,1282,1414,1411,0,0,0,0,0,0,0,0,0,111.279833
RCOU,111319833,1412,1386,1281,1412,1412,0,0,0,0,0,0,0,0,0,111.319833
RCOU,111359833,1412,1385,1281,1410,1412,0,0,0,0,0,0,0,0,0,111.359833
RCOU,111399833,1412,1386,1280,1409,1412,0,0,0,0,0,0,0,0,0,111.399833
RCOU,111439833,1412,1389,1279,1407,1412,0,0,0,0,0,0,0,0,0,111.439833
RCOU,111479833,1413,1393,1279,1405,1413,0,0,0,0,0,0,0,0,0,111.479833
RCOU,111519833,1413,1398,1279,1403,1413,0,0,0,0,0,0,0,0,0,111.519833
RCOU,111559833,1413,1401,1279,1401,1413,0,0,0,0,0,0,0,0,0,111.559833
RCOU,111599833,1413,1402,1278,1400,1413,0,0,0,0,0,0,0,0,0,111.599833
RCOU,111639833,1414,1402,1278,1398,1414,0,0,0,0,0,0,0,0,0,111.639833
RCOU,111679833,1414,1399,1277,1397,1414,0,0,0,0,0,0,0,0,0,111.679833
RCOU,111719833,1414,1394,1277,1396,1414,0,0,0,0,0,0,0,0,0,111.719833
RCOU,111759833,1415,1389,1276,1395,1415,0,0,0,0,0,0,0,0,0,111.759833
RCOU,111799833,1415,1385,1275,1395,1415,0,0,0,0,0,0,0,0,0,111.799833
RCOU,111839833,1415,1384,1275,1395,1415,0,0,0,0,0,0,0,0,0,111.839833
RCOU,111879833,1416,1385,1274,1395,1416,0,0,0,0,0,0,0,0,0,111.879833
RCOU,111919833,1416,1388,1274,1396,1416,0,0,0,0,0,0,0,0,0,111.919833
RCOU,111959833,1416,1392,1273,1396,1416,0,0,0,0,0,0,0,0,0,111.959833
RCOU,111999833,1416,1396,1273,1397,1416,0,0,0,0,0,0,0,0,0,111.999833
RCOU,112039833,1416,1399,1273,1398,1416,0,0,0,0,0,0,0,0,0,112.039833
RCOU,112079833,1416,1401,1272,1398,1416,0,0,0,0,0,0,0,0,0,112.079833
RCOU,112119833,1416,1415,1272,1399,1416,0,0,0,0,0,0,0,0,0,112.119833
RCOU,112159833,1415,1421,1271,1399,1415,0,0,0,0,0,0,0,0,0,112.159833
RCOU,112199833,1415,1410,1271,1400,1415,0,0,0,0,0,0,0,0,0,112.199833
RCOU,112239833,1414,1400,1270,1400,1414,0,0,0,0,0,0,0,0,0,112.239833
RCOU,112279833,1414,1389,1270,1400,1414,0,0,0,0,0,0,0,0,0,112.279833
RCOU,112319833,1413,1381,1269,1399,1413,0,0,0,0,0,0,0,0,0,112.319833
RCOU,112359833,1413,1377,1269,1399,1413,0,0,0,0,0,0,0,0,0,112.359833
RCOU,112399833,1412,1380,1269,1399,1412,0,0,0,0,0,0,0,0,0,112.399833
RCOU,112439833,1412,1387,1268,1398,1412,0,0,0,0,0,0,0,0,0,112.439833
RCOU,112479833,1411,1397,1268,1398,1411,0,0,0,0,0,0,0,0,0,112.479833
RCOU,112519833,1410,1406,1268,1398,1410,0,0,0,0,0,0,0,0,0,112.519833
RCOU,112559833,1410,1413,1268,1397,1410,0,0,0,0,0,0,0,0,0,112.559833
RCOU,112599833,1410,1416,1268,1397,1410,0,0,0,0,0,0,0,0,0,112.599833
RCOU,112639833,1410,1410,1267,1397,1410,0,0,0,0,0,0,0,0,0,112.639833
RCOU,112679833,1410,1403,1267,1397,1410,0,0,0,0,0,0,0,0,0,112.679833
RCOU,112719833,1410,1394,1267,1397,1410,0,0,0,0,0,0,0,0,0,112.719833
RCOU,112759833,1409,1386,1267,1398,1409,0,0,0,0,0,0,0,0,0,112.759833
RCOU,112799833,1409,1380,1267,1398,1409,0,0,0,0,0,0,0,0,0,112.799833
RCOU,112839833,1409,1380,1267,1399,1409,0,0,0,0,0,0,0,0,0,112.839833
RCOU,112879833,1409,1384,1267,1400,1409,0,0,0,0,0,0,0,0,0,112.879833
RCOU,112919833,1409,1392,1267,1401,1409,0,0,0,0,0,0,0,0,0,112.919833
RCOU,112959833,1409,1400,1267,1403,1409,0,0,0,0,0,0,0,0,0,112.959833
RCOU,112999833,1409,1407,1267,1404,1409,0,0,0,0,0,0,0,0,0,112.999833
RCOU,113039833,1409,1410,1267,1405,1409,0,0,0,0,0,0,0,0,0,113.039833
RCOU,113079833,1409,1409,1267,1407,1409,0,0,0,0,0,0,0,0,0,113.079833
RCOU,113119833,1409,1404,1267,1408,1409,0,0,0,0,0,0,0,0,0,113.119833
RCOU,113159833,1409,1396,1267,1409,1409,0,0,0,0,0,0,0,0,0,113.159833
RCOU,113199833,1409,1388,1267,1410,1409,0,0,0,0,0,0,0,0,0,113.199833
RCOU,113239833,1408,1382,1267,1410,1408,0,0,0,0,0,0,0,0,0,113.239833
RCOU,113279833,1408,1380,1268,1410,1408,0,0,0,0,0,0,0,0,0,113.279833
RCOU,113319833,1408,1382,1268,1410,1408,0,0,0,0,0,0,0,0,0,113.319833
RCOU,113359833,1408,1388,1268,1411,1408,0,0,0,0,0,0,0,0,0,113.359833
RCOU,113399833,1408,1395,1268,1410,1408,0,0,0,0,0,0,0,0,0,113.399833
RCOU,113439833,1408,1402,1268,1410,1408,0,0,0,0,0,0,0,0,0,113.439833
RCOU,113479833,1408,1406,1269,1410,1408,0,0,0,0,0,0,0,0,0,113.479833
RCOU,113519833,1408,1407,1269,1409,1408,0,0,0,0,0,0,0,0,0,113.519833
RCOU,113559833,1407,1404,1269,1408,1407,0,0,0,0,0,0,0,0,0,113.559833
RCOU,113599833,1407,1399,1269,1407,1407,0,0,0,0,0,0,0,0,0,113.599833
RCOU,113639833,1407,1392,1269,1406,1407,0,0,0,0,0,0,0,0,0,113.639833
RCOU,113679833,1407,1387,1269,1405,1407,0,0,0,0,0,0,0,0,0,113.679833
RCOU,113719833,1407,1383,1270,1404,1407,0,0,0,0,0,0,0,0,0,113.719833
RCOU,113759833,1407,1401,1270,1403,1407,0,0,0,0,0,0,0,0,0,113.759833
RCOU,113799833,1407,1404,1270,1402,1407,0,0,0,0,0,0,0,0,0,113.799833
RCOU,113839833,1407,1404,1270,1402,1407,0,0,0,0,0,0,0,0,0,113.839833
RCOU,113879833,1407,1403,1271,1401,1407,0,0,0,0,0,0,0,0,0,113.879833
RCOU,113919833,1407,1401,1271,1400,1407,0,0,0,0,0,0,0,0,0,113.919833
RCOU,113959833,1407,1398,1271,1400,1407,0,0,0,0,0,0,0,0,0,113.959833
RCOU,113999833,1407,1395,1272,1400,1407,0,0,0,0,0,0,0,0,0,113.999833
RCOU,114039833,1407,1392,1272,1400,1407,0,0,0,0,0,0,0,0,0,114.039833
RCOU,114079833,1407,1391,1272,1400,1407,0,0,0,0,0,0,0,0,0,114.079833
RCOU,114119833,1407,1391,1273,1401,1407,0,0,0,0,0,0,0,0,0,114.119833
RCOU,114159833,1407,1393,1273,1401,1407,0,0,0,0,0,0,0,0,0,114.159833
RCOU,114199833,1406,1395,1274,1402,1406,0,0,0,0,0,0,0,0,0,114.199833
RCOU,114239833,1406,1398,1274,1402,1406,0,0,0,0,0,0,0,0,0,114.239833
RCOU,114279833,1406,1400,1275,1403,1406,0,0,0,0,0,0,0,0,0,114.279833
RCOU,114319833,1406,1401,1275,1404,1406,0,0,0,0,0,0,0,0,0,114.319833
RCOU,114359833,1406,1402,1276,1404,1406,0,0,0,0,0,0,0,0,0,114.359833
RCOU,114399833,1406,1402,1276,1405,1406,0,0,0,0,0,0,0,0,0,114.399833
RCOU,114439833,1406,1402,1277,1405,1406,0,0,0,0,0,0,0,0,0,114.439833
RCOU,114479833,1406,1400,1277,1406,1406,0,0,0,0,0,0,0,0,0,114.479833
RCOU,114519833,1406,1397,1278,1406,1406,0,0,0,0,0,0,0,0,0,114.519833
RCOU,114559833,1406,1395,1278,1407,1406,0,0,0,0,0,0,0,0,0,114.559833
RCOU,114599833,1406,1392,1279,1407,1406,0,0,0,0,0,0,0,0,0,114.599833
RCOU,114639833,1405,1391,1279,1408,1405,0,0,0,0,0,0,0,0,0,114.639833
RCOU,114679833,1405,1392,1279,1408,1405,0,0,0,0,0,0,0,0,0,114.679833
RCOU,114719833,1405,1393,1280,1408,1405,0,0,0,0,0,0,0,0,0,114.719833
RCOU,114759833,1405,1395,1280,1408,1405,0,0,0,0,0,0,0,0,0,114.759833
RCOU,114799833,1405,1396,1281,1408,1405,0,0,0,0,0,0,0,0,0,114.799833
RCOU,114839833,1405,1398,1282,1409,1405,0,0,0,0,0,0,0,0,0,114.839833
RCOU,114879833,1405,1399,1283,1409,1405,0,0,0,0,0,0,0,0,0,114.879833
RCOU,114919833,1404,1400,1283,1409,1404,0,0,0,0,0,0,0,0,0,114.919833
RCOU,114959833,1404,1401,1284,1409,1404,0,0,0,0,0,0,0,0,0,114.959833
RCOU,114999833,1404,1401,1285,1409,1404,0,0,0,0,0,0,0,0,0,114.999833
RCOU,115039833,1404,1401,1285,1409,1404,0,0,0,0,0,0,0,0,0,115.039833
RCOU,115079833,1404,1400,1286,1409,1404,0,0,0,0,0,0,0,0,0,115.079833
RCOU,115119833,1404,1400,1287,1410,1404,0,0,0,0,0,0,0,0,0,115.119833
RCOU,115159833,1405,1399,1287,1410,1405,0,0,0,0,0,0,0,0,0,115.159833
RCOU,115199833,1405,1399,1288,1410,1405,0,0,0,0,0,0,0,0,0,115.199833
RCOU,115239833,1405,1398,1289,1411,1405,0,0,0,0,0,0,0,0,0,115.239833
RCOU,115279833,1406,1398,1289,1413,1406,0,0,0,0,0,0,0,0,0,115.279833
RCOU,115319833,1406,1398,1290,1414,1406,0,0,0,0,0,0,0,0,0,115.319833
RCOU,115359833,1406,1397,1290,1415,1406,0,0,0,0,0,0,0,0,0,115.359833
RCOU,115399833,1407,1397,1290,1417,1407,0,0,0,0,0,0,0,0,0,115.399833
RCOU,115439833,1407,1397,1291,1418,1407,0,0,0,0,0,0,0,0,0,115.439833
RCOU,115479833,1408,1398,1292,1419,1408,0,0,0,0,0,0,0,0,0,115.479833
RCOU,115519833,1408,1398,1292,1419,1408,0,0,0,0,0,0,0,0,0,115.519833
RCOU,115559833,1409,1398,1293,1420,1409,0,0,0,0,0,0,0,0,0,115.559833
RCOU,115599833,1409,1399,1293,1420,1409,0,0,0,0,0,0,0,0,0,115.599833
RCOU,115639833,1410,1399,1294,1420,1410,0,0,0,0,0,0,0,0,0,115.639833
RCOU,115679833,1410,1399,1295,1419,1410,0,0,0,0,0,0,0,0,0,115.679833
RCOU,115719833,1410,1399,1295,1418,1410,0,0,0,0,0,0,0,0,0,115.719833
RCOU,115759833,1410,1399,1296,1417,1410,0,0,0,0,0,0,0,0,0,115.759833
RCOU,115799833,1411,1400,1296,1415,1411,0,0,0,0,0,0,0,0,0,115.799833
RCOU,115839833,1411,1400,1297,1413,1411,0,0,0,0,0,0,0,0,0,115.839833
RCOU,115879833,1412,1400,1297,1411,1412,0,0,0,0,0,0,0,0,0,115.879833
RCOU,115919833,1412,1400,1298,1410,1412,0,0,0,0,0,0,0,0,0,115.919833
RCOU,115959833,1412,1401,1298,1408,1412,0,0,0,0,0,0,0,0,0,115.959833
RCOU,115999833,1412,1401,1299,1406,1412,0,0,0,0,0,0,0,0,0,115.999833
RCOU,116039833,1413,1401,1299,1404,1413,0,0,0,0,0,0,0,0,0,116.039833
RCOU,116079833,1413,1402,1300,1402,1413,0,0,0,0,0,0,0,0,0,116.079833
RCOU,116119833,1413,1402,1300,1401,1413,0,0,0,0,0,0,0,0,0,116.119833
RCOU,116159833,1414,1401,1301,1399,1414,0,0,0,0,0,0,0,0,0,116.159833
RCOU,116199833,1414,1400,1301,1397,1414,0,0,0,0,0,0,0,0,0,116.199833
RCOU,116239833,1414,1399,1301,1396,1414,0,0,0,0,0,0,0,0,0,116.239833
RCOU,116279833,1415,1397,1302,1395,1415,0,0,0,0,0,0,0,0,0,116.279833
RCOU,116319833,1415,1396,1302,1395,1415,0,0,0,0,0,0,0,0,0,116.319833
RCOU,116359833,1415,1395,1302,1395,1415,0,0,0,0,0,0,0,0,0,116.359833
RCOU,116399833,1416,1395,1302,1395,1416,0,0,0,0,0,0,0,0,0,116.399833
RCOU,116439833,1416,1382,1302,1395,1416,0,0,0,0,0,0,0,0,0,116.439833
RCOU,116479833,1416,1379,1303,1395,1416,0,0,0,0,0,0,0,0,0,116.479833
RCOU,116519833,1416,1384,1303,1396,1416,0,0,0,0,0,0,0,0,0,116.519833
RCOU,116559833,1416,1391,1304,1396,1416,0,0,0,0,0,0,0,0,0,116.559833
RCOU,116599833,1416,1400,1304,1397,1416,0,0,0,0,0,0,0,0,0,116.599833
RCOU,116639833,1416,1407,1304,1397,1416,0,0,0,0,0,0,0,0,0,116.639833
RCOU,116679833,1416,1410,1305,1398,1416,0,0,0,0,0,0,0,0,0,116.679833
RCOU,116719833,1415,1409,1305,1398,1415,0,0,0,0,0,0,0,0,0,116.719833
RCOU,116759833,1415,1405,1305,1398,1415,0,0,0,0,0,0,0,0,0,116.759833
RCOU,116799833,1414,1398,1305,1398,1414,0,0,0,0,0,0,0,0,0,116.799833
RCOU,116839833,1414,1390,1306,1398,1414,0,0,0,0,0,0,0,0,0,116.839833
RCOU,116879833,1413,1385,1306,1397,1413,0,0,0,0,0,0,0,0,0,116.879833
RCOU,116919833,1413,1383,1306,1397,1413,0,0,0,0,0,0,0,0,0,116.919833
RCOU,116959833,1412,1384,1306,1397,1412,0,0,0,0,0,0,0,0,0,116.959833
RCOU,116999833,1411,1388,1306,1396,1411,0,0,0,0,0,0,0,0,0,116.999833
RCOU,117039833,1411,1394,1306,1396,1411,0,0,0,0,0,0,0,0,0,117.039833
RCOU,117079833,1410,1400,1307,1395,1410,0,0,0,0,0,0,0,0,0,117.079833
RCOU,117119833,1410,1405,1307,1395,1410,0,0,0,0,0,0,0,0,0,117.119833
RCOU,117159833,1410,1408,1307,1395,1410,0,0,0,0,0,0,0,0,0,117.159833
RCOU,117199833,1410,1407,1307,1395,1410,0,0,0,0,0,0,0,0,0,117.199833
RCOU,117239833,1410,1403,1307,1395,1410,0,0,0,0,0,0,0,0,0,117.239833
RCOU,117279833,1410,1397,1307,1396,1410,0,0,0,0,0,0,0,0,0,117.279833
RCOU,117319833,1410,1391,1307,1397,1410,0,0,0,0,0,0,0,0,0,117.319833
RCOU,117359833,1409,1387,1307,1398,1409,0,0,0,0,0,0,0,0,0,117.359833
RCOU,117399833,1409,1385,1307,1398,1409,0,0,0,0,0,0,0,0,0,117.399833
RCOU,117439833,1409,1387,1307,1400,1409,0,0,0,0,0,0,0,0,0,117.439833
RCOU,117479833,1409,1391,1307,1401,1409,0,0,0,0,0,0,0,0,0,117.479833
RCOU,117519833,1409,1397,1307,1402,1409,0,0,0,0,0,0,0,0,0,117.519833
RCOU,117559833,1409,1403,1307,1404,1409,0,0,0,0,0,0,0,0,0,117.559833
RCOU,117599833,1409,1407,1307,1405,1409,0,0,0,0,0,0,0,0,0,117.599833
RCOU,117639833,1409,1409,1307,1407,1409,0,0,0,0,0,0,0,0,0,117.639833
RCOU,117679833,1409,1407,1306,1408,1409,0,0,0,0,0,0,0,0,0,117.679833
RCOU,117719833,1409,1403,1306,1409,1409,0,0,0,0,0,0,0,0,0,117.719833
RCOU,117759833,1409,1397,1306,1410,1409,0,0,0,0,0,0,0,0,0,117.759833
RCOU,117799833,1409,1391,1306,1410,1409,0,0,0,0,0,0,0,0,0,117.799833
RCOU,117839833,1408,1387,1306,1410,1408,0,0,0,0,0,0,0,0,0,117.839833
RCOU,117879833,1408,1386,1306,1411,1408,0,0,0,0,0,0,0,0,0,117.879833
RCOU,117919833,1408,1389,1306,1411,1408,0,0,0,0,0,0,0,0,0,117.919833
RCOU,117959833,1408,1393,1306,1410,1408,0,0,0,0,0,0,0,0,0,117.959833
RCOU,117999833,1408,1399,1305,1410,1408,0,0,0,0,0,0,0,0,0,117.999833
RCOU,118039833,1408,1404,1305,1410,1408,0,0,0,0,0,0,0,0,0,118.039833
RCOU,118079833,1408,1388,1305,1409,1408,0,0,0,0,0,0,0,0,0,118.079833
RCOU,118119833,1407,1389,1305,1408,1407,0,0,0,0,0,0,0,0,0,118.119833
RCOU,118159833,1407,1391,1305,1407,1407,0,0,0,0,0,0,0,0,0,118.159833
RCOU,118199833,1407,1394,1305,1406,1407,0,0,0,0,0,0,0,0,0,118.199833
RCOU,118239833,1407,1396,1304,1405,1407,0,0,0,0,0,0,0,0,0,118.239833
RCOU,118279833,1407,1398,1304,1404,1407,0,0,0,0,0,0,0,0,0,118.279833
RCOU,118319833,1407,1398,1304,1403,1407,0,0,0,0,0,0,0,0,0,118.319833
RCOU,118359833,1407,1398,1304,1402,1407,0,0,0,0,0,0,0,0,0,118.359833
RCOU,118399833,1407,1396,1303,1401,1407,0,0,0,0,0,0,0,0,0,118.399833
RCOU,118439833,1407,1394,1303,1400,1407,0,0,0,0,0,0,0,0,0,118.439833
RCOU,118479833,1407,1391,1303,1400,1407,0,0,0,0,0,0,0,0,0,118.479833
RCOU,118519833,1407,1389,1302,1399,1407,0,0,0,0,0,0,0,0,0,118.519833
RCOU,118559833,1407,1388,1302,1399,1407,0,0,0,0,0,0,0,0,0,118.559833
RCOU,118599833,1407,1388,1302,1400,1407,0,0,0,0,0,0,0,0,0,118.599833
RCOU,118639833,1407,1390,1302,1400,1407,0,0,0,0,0,0,0,0,0,118.639833
RCOU,118679833,1406,1392,1302,1400,1406,0,0,0,0,0,0,0,0,0,118.679833
RCOU,118719833,1406,1394,1301,1401,1406,0,0,0,0,0,0,0,0,0,118.719833
RCOU,118759833,1406,1395,1301,1401,1406,0,0,0,0,0,0,0,0,0,118.759833
RCOU,118799833,1406,1397,1300,1402,1406,0,0,0,0,0,0,0,0,0,118.799833
RCOU,118839833,1406,1398,1300,1402,1406,0,0,0,0,0,0,0,0,0,118.839833
RCOU,118879833,1406,1398,1299,1403,1406,0,0,0,0,0,0,0,0,0,118.879833
RCOU,118919833,1406,1398,1299,1404,1406,0,0,0,0,0,0,0,0,0,118.919833
RCOU,118959833,1406,1396,1298,1404,1406,0,0,0,0,0,0,0,0,0,118.959833
RCOU,118999833,1406,1393,1298,1405,1406,0,0,0,0,0,0,0,0,0,118.999833
RCOU,119039833,1406,1391,1297,1405,1406,0,0,0,0,0,0,0,0,0,119.039833
RCOU,119079833,1406,1390,1296,1406,1406,0,0,0,0,0,0,0,0,0,119.079833
RCOU,119119833,1406,1389,1296,1406,1406,0,0,0,0,0,0,0,0,0,119.119833
RCOU,119159833,1405,1390,1295,1406,1405,0,0,0,0,0,0,0,0,0,119.159833
RCOU,119199833,1405,1391,1295,1407,1405,0,0,0,0,0,0,0,0,0,119.199833
RCOU,119239833,1405,1393,1294,1407,1405,0,0,0,0,0,0,0,0,0,119.239833
RCOU,119279833,1405,1396,1294,1407,1405,0,0,0,0,0,0,0,0,0,119.279833
RCOU,119319833,1405,1398,1293,1408,1405,0,0,0,0,0,0,0,0,0,119.319833
RCOU,119359833,1405,1399,1292,1408,1405,0,0,0,0,0,0,0,0,0,119.359833
RCOU,119399833,1405,1400,1292,1408,1405,0,0,0,0,0,0,0,0,0,119.399833
RCOU,119439833,1405,1398,1291,1408,1405,0,0,0,0,0,0,0,0,0,119.439833
RCOU,119479833,1404,1396,1290,1408,1404,0,0,0,0,0,0,0,0,0,119.479833
RCOU,119519833,1404,1394,1290,1408,1404,0,0,0,0,0,0,0,0,0,119.519833
RCOU,119559833,1404,1392,1290,1408,1404,0,0,0,0,0,0,0,0,0,119.559833
RCOU,119599833,1404,1390,1289,1409,1404,0,0,0,0,0,0,0,0,0,119.599833
RCOU,119639833,1404,1390,1289,1409,1404,0,0,0,0,0,0,0,0,0,119.639833
RCOU,119679833,1405,1390,1288,1410,1405,0,0,0,0,0,0,0,0,0,119.679833
RCOU,119719833,1405,1391,1287,1410,1405,0,0,0,0,0,0,0,0,0,119.719833
RCOU,119759833,1405,1393,1287,1410,1405,0,0,0,0,0,0,0,0,0,119.759833
RCOU,119799833,1406,1396,1286,1412,1406,0,0,0,0,0,0,0,0,0,119.799833
RCOU,119839833,1406,1398,1285,1413,1406,0,0,0,0,0,0,0,0,0,119.839833
RCOU,119879833,1407,1399,1285,1415,1407,0,0,0,0,0,0,0,0,0,119.879833
RCOU,119919833,1407,1400,1284,1416,1407,0,0,0,0,0,0,0,0,0,119.919833
RCOU,119959833,1407,1399,1283,1417,1407,0,0,0,0,0,0,0,0,0,119.959833
RCOU,119999833,1408,1397,1283,1418,1408,0,0,0,0,0,0,0,0,0,119.999833
RCOU,120039833,1408,1394,1282,1419,1408,0,0,0,0,0,0,0,0,0,120.039833
RCOU,120079833,1409,1392,1281,1420,1409,0,0,0,0,0,0,0,0,0,120.079833
RCOU,120119833,1409,1390,1281,1420,1409,0,0,0,0,0,0,0,0,0,120.119833
RCOU,120159833,1410,1389,1280,1420,1410,0,0,0,0,0,0,0,0,0,120.159833
RCOU,120199833,1410,1389,1280,1420,1410,0,0,0,0,0,0,0,0,0,120.199833
RCOU,120239833,1410,1391,1279,1419,1410,0,0,0,0,0,0,0,0,0,120.239833
RCOU,120279833,1410,1393,1279,1417,1410,0,0,0,0,0,0,0,0,0,120.279833
RCOU,120319833,1411,1395,1279,1416,1411,0,0,0,0,0,0,0,0,0,120.319833
RCOU,120359833,1411,1397,1278,1413,1411,0,0,0,0,0,0,0,0,0,120.359833
RCOU,120399833,1412,1398,1278,1411,1412,0,0,0,0,0,0,0,0,0,120.399833
RCOU,120439833,1412,1399,1277,1410,1412,0,0,0,0,0,0,0,0,0,120.439833
RCOU,120479833,1412,1398,1276,1408,1412,0,0,0,0,0,0,0,0,0,120.479833
RCOU,120519833,1412,1396,1276,1406,1412,0,0,0,0,0,0,0,0,0,120.519833
RCOU,120559833,1413,1394,1275,1404,1413,0,0,0,0,0,0,0,0,0,120.559833
RCOU,120599833,1413,1392,1275,1402,1413,0,0,0,0,0,0,0,0,0,120.599833
RCOU,120639833,1413,1389,1274,1400,1413,0,0,0,0,0,0,0,0,0,120.639833
RCOU,120679833,1413,1388,1273,1398,1413,0,0,0,0,0,0,0,0,0,120.679833
RCOU,120719833,1414,1387,1273,1397,1414,0,0,0,0,0,0,0,0,0,120.719833
RCOU,120759833,1414,1402,1272,1396,1414,0,0,0,0,0,0,0,0,0,120.759833
RCOU,120799833,1414,1416,1272,1395,1414,0,0,0,0,0,0,0,0,0,120.799833
RCOU,120839833,1415,1415,1271,1394,1415,0,0,0,0,0,0,0,0,0,120.839833
RCOU,120879833,1415,1408,1271,1394,1415,0,0,0,0,0,0,0,0,0,120.879833
RCOU,120919833,1416,1400,1270,1395,1416,0,0,0,0,0,0,0,0,0,120.919833
RCOU,120959833,1416,1390,1270,1395,1416,0,0,0,0,0,0,0,0,0,120.959833
RCOU,120999833,1416,1382,1270,1396,1416,0,0,0,0,0,0,0,0,0,120.999833
RCOU,121039833,1416,1380,1269,1396,1416,0,0,0,0,0,0,0,0,0,121.039833
RCOU,121079833,1416,1383,1269,1397,1416,0,0,0,0,0,0,0,0,0,121.079833
RCOU,121119833,1416,1391,1269,1398,1416,0,0,0,0,0,0,0,0,0,121.119833
RCOU,121159833,1416,1403,1268,1398,1416,0,0,0,0,0,0,0,0,0,121.159833
RCOU,121199833,1415,1413,1268,1399,1415,0,0,0,0,0,0,0,0,0,121.199833
RCOU,121239833,1415,1420,1268,1399,1415,0,0,0,0,0,0,0,0,0,121.239833
RCOU,121279833,1415,1417,1268,1399,1415,0,0,0,0,0,0,0,0,0,121.279833
RCOU,121319833,1414,1407,1267,1399,1414,0,0,0,0,0,0,0,0,0,121.319833
RCOU,121359833,1414,1394,1267,1399,1414,0,0,0,0,0,0,0,0,0,121.359833
RCOU,121399833,1413,1382,1267,1399,1413,0,0,0,0,0,0,0,0,0,121.399833
RCOU,121439833,1412,1374,1267,1399,1412,0,0,0,0,0,0,0,0,0,121.439833
RCOU,121479833,1412,1374,1267,1398,1412,0,0,0,0,0,0,0,0,0,121.479833
RCOU,121519833,1411,1382,1267,1398,1411,0,0,0,0,0,0,0,0,0,121.519833
RCOU,121559833,1411,1394,1267,1397,1411,0,0,0,0,0,0,0,0,0,121.559833
RCOU,121599833,1410,1408,1267,1397,1410,0,0,0,0,0,0,0,0,0,121.599833
RCOU,121639833,1410,1420,1267,1397,1410,0,0,0,0,0,0,0,0,0,121.639833
RCOU,121679833,1410,1423,1267,1396,1410,0,0,0,0,0,0,0,0,0,121.679833
RCOU,121719833,1410,1413,1267,1396,1410,0,0,0,0,0,0,0,0,0,121.719833
RCOU,121759833,1410,1400,1267,1397,1410,0,0,0,0,0,0,0,0,0,121.759833
RCOU,121799833,1410,1385,1267,1397,1410,0,0,0,0,0,0,0,0,0,121.799833
RCOU,121839833,1409,1373,1267,1398,1409,0,0,0,0,0,0,0,0,0,121.839833
RCOU,121879833,1409,1369,1267,1398,1409,0,0,0,0,0,0,0,0,0,121.879833
RCOU,121919833,1409,1374,1268,1399,1409,0,0,0,0,0,0,0,0,0,121.919833
RCOU,121959833,1409,1386,1268,1400,1409,0,0,0,0,0,0,0,0,0,121.959833
RCOU,121999833,1409,1402,1268,1402,1409,0,0,0,0,0,0,0,0,0,121.999833
RCOU,122039833,1409,1417,1268,1403,1409,0,0,0,0,0,0,0,0,0,122.039833
RCOU,122079833,1409,1427,1268,1404,1409,0,0,0,0,0,0,0,0,0,122.079833
RCOU,122119833,1409,1420,1269,1406,1409,0,0,0,0,0,0,0,0,0,122.119833
RCOU,122159833,1409,1405,1269,1407,1409,0,0,0,0,0,0,0,0,0,122.159833
RCOU,122199833,1409,1387,1269,1408,1409,0,0,0,0,0,0,0,0,0,122.199833
RCOU,122239833,1409,1371,1269,1409,1409,0,0,0,0,0,0,0,0,0,122.239833
RCOU,122279833,1409,1363,1269,1410,1409,0,0,0,0,0,0,0,0,0,122.279833
RCOU,122319833,1409,1366,1270,1410,1409,0,0,0,0,0,0,0,0,0,122.319833
RCOU,122359833,1408,1378,1270,1410,1408,0,0,0,0,0,0,0,0,0,122.359833
RCOU,122399833,1408,1424,1270,1410,1408,0,0,0,0,0,0,0,0,0,122.399833
RCOU,122439833,1408,1450,1271,1410,1408,0,0,0,0,0,0,0,0,0,122.439833
RCOU,122479833,1408,1455,1271,1410,1408,0,0,0,0,0,0,0,0,0,122.479833
RCOU,122519833,1408,1434,1271,1410,1408,0,0,0,0,0,0,0,0,0,122.519833
RCOU,122559833,1408,1401,1271,1410,1408,0,0,0,0,0,0,0,0,0,122.559833
RCOU,122599833,1408,1372,1272,1409,1408,0,0,0,0,0,0,0,0,0,122.599833
RCOU,122639833,1408,1352,1272,1408,1408,0,0,0,0,0,0,0,0,0,122.639833
RCOU,122679833,1407,1348,1272,1407,1407,0,0,0,0,0,0,0,0,0,122.679833
RCOU,122719833,1407,1362,1273,1406,1407,0,0,0,0,0,0,0,0,0,122.719833
RCOU,122759833,1407,1388,1273,1405,1407,0,0,0,0,0,0,0,0,0,122.759833
RCOU,122799833,1407,1422,1274,1404,1407,0,0,0,0,0,0,0,0,0,122.799833
RCOU,122839833,1407,1459,1275,1403,1407,0,0,0,0,0,0,0,0,0,122.839833
RCOU,122879833,1407,1470,1275,1402,1407,0,0,0,0,0,0,0,0,0,122.879833
RCOU,122919833,1407,1451,1275,1401,1407,0,0,0,0,0,0,0,0,0,122.919833
RCOU,122959833,1407,1407,1276,1400,1407,0,0,0,0,0,0,0,0,0,122.959833
RCOU,122999833,1407,1371,1276,1400,1407,0,0,0,0,0,0,0,0,0,122.999833
RCOU,123039833,1407,1343,1277,1400,1407,0,0,0,0,0,0,0,0,0,123.039833
RCOU,123079833,1407,1334,1278,1400,1407,0,0,0,0,0,0,0,0,0,123.079833
RCOU,123119833,1407,1348,1278,1400,1407,0,0,0,0,0,0,0,0,0,123.119833
RCOU,123159833,1407,1380,1279,1400,1407,0,0,0,0,0,0,0,0,0,123.159833
RCOU,123199833,1407,1422,1279,1400,1407,0,0,0,0,0,0,0,0,0,123.199833
RCOU,123239833,1407,1472,1280,1401,1407,0,0,0,0,0,0,0,0,0,123.239833
RCOU,123279833,1407,1491,1280,1401,1407,0,0,0,0,0,0,0,0,0,123.279833
RCOU,123319833,1407,1471,1281,1402,1407,0,0,0,0,0,0,0,0,0,123.319833
RCOU,123359833,1406,1417,1281,1403,1406,0,0,0,0,0,0,0,0,0,123.359833
RCOU,123399833,1406,1370,1282,1403,1406,0,0,0,0,0,0,0,0,0,123.399833
RCOU,123439833,1406,1332,1283,1404,1406,0,0,0,0,0,0,0,0,0,123.439833
RCOU,123479833,1406,1317,1283,1404,1406,0,0,0,0,0,0,0,0,0,123.479833
RCOU,123519833,1406,1311,1284,1405,1406,0,0,0,0,0,0,0,0,0,123.519833
RCOU,123559833,1406,1362,1285,1406,1406,0,0,0,0,0,0,0,0,0,123.559833
RCOU,123599833,1406,1439,1286,1406,1406,0,0,0,0,0,0,0,0,0,123.599833
RCOU,123639833,1406,1534,1287,1406,1406,0,0,0,0,0,0,0,0,0,123.639833
RCOU,123679833,1406,1573,1288,1407,1406,0,0,0,0,0,0,0,0,0,123.679833
RCOU,123719833,1406,1530,1288,1407,1406,0,0,0,0,0,0,0,0,0,123.719833
RCOU,123759833,1405,1410,1289,1407,1405,0,0,0,0,0,0,0,0,0,123.759833
RCOU,123799833,1405,1309,1290,1408,1405,0,0,0,0,0,0,0,0,0,123.799833
RCOU,123839833,1405,1232,1290,1408,1405,0,0,0,0,0,0,0,0,0,123.839833
RCOU,123879833,1405,1217,1290,1408,1405,0,0,0,0,0,0,0,0,0,123.879833
RCOU,123919833,1405,1279,1291,1408,1405,0,0,0,0,0,0,0,0,0,123.919833
RCOU,123959833,1405,1403,1293,1408,1405,0,0,0,0,0,0,0,0,0,123.959833
RCOU,123999833,1405,1605,1294,1408,1405,0,0,0,0,0,0,0,0,0,123.999833
RCOU,124039833,1405,1742,1295,1408,1405,0,0,0,0,0,0,0,0,0,124.039833
RCOU,124079833,1404,1727,1295,1408,1404,0,0,0,0,0,0,0,0,0,124.079833
RCOU,124119833,1404,1540,1296,1408,1404,0,0,0,0,0,0,0,0,0,124.119833
RCOU,124159833,1404,1297,1296,1408,1404,0,0,0,0,0,0,0,0,0,124.159833
RCOU,124199833,1404,1108,1297,1408,1404,0,0,0,0,0,0,0,0,0,124.199833
RCOU,124239833,1404,1020,1298,1409,1404,0,0,0,0,0,0,0,0,0,124.239833
RCOU,124279833,1405,1086,1299,1409,1405,0,0,0,0,0,0,0,0,0,124.279833
RCOU,124319833,1405,1296,1301,1410,1405,0,0,0,0,0,0,0,0,0,124.319833
RCOU,124359833,1405,1669,1302,1410,1405,0,0,0,0,0,0,0,0,0,124.359833
RCOU,124399833,1405,2029,1303,1410,1405,0,0,0,0,0,0,0,0,0,124.399833
RCOU,124439833,1406,2029,1303,1412,1406,0,0,0,0,0,0,0,0,0,124.439833
RCOU,124479833,1406,1835,1304,1413,1406,0,0,0,0,0,0,0,0,0,124.479833
RCOU,124519833,1407,1403,1304,1415,1407,0,0,0,0,0,0,0,0,0,124.519833
RCOU,124559833,1407,1190,1304,1416,1407,0,0,0,0,0,0,0,0,0,124.559833
RCOU,124599833,1407,1295,1305,1417,1407,0,0,0,0,0,0,0,0,0,124.599833
RCOU,124639833,1408,1288,1307,1418,1408,0,0,0,0,0,0,0,0,0,124.639833
RCOU,124679833,1408,1298,1309,1419,1408,0,0,0,0,0,0,0,0,0,124.679833
RCOU,124719833,1409,1315,1312,1419,1409,0,0,0,0,0,0,0,0,0,124.719833
RCOU,124759833,1409,1333,1314,1420,1409,0,0,0,0,0,0,0,0,0,124.759833
RCOU,124799833,1410,1348,1317,1419,1410,0,0,0,0,0,0,0,0,0,124.799833
RCOU,124839833,1410,1360,1320,1419,1410,0,0,0,0,0,0,0,0,0,124.839833
RCOU,124879833,1410,1368,1323,1418,1410,0,0,0,0,0,0,0,0,0,124.879833
RCOU,124919833,1410,1372,1325,1416,1410,0,0,0,0,0,0,0,0,0,124.919833
RCOU,124959833,1411,1373,1328,1415,1411,0,0,0,0,0,0,0,0,0,124.959833
RCOU,124999833,1411,1373,1330,1412,1411,0,0,0,0,0,0,0,0,0,124.999833
RCOU,125039833,1412,1371,1332,1410,1412,0,0,0,0,0,0,0,0,0,125.039833
RCOU,125079833,1412,1367,1334,1409,1412,0,0,0,0,0,0,0,0,0,125.079833
RCOU,125119833,1412,1365,1336,1407,1412,0,0,0,0,0,0,0,0,0,125.119833
RCOU,125159833,1412,1363,1336,1405,1412,0,0,0,0,0,0,0,0,0,125.159833
RCOU,125199833,1413,1362,1337,1403,1413,0,0,0,0,0,0,0,0,0,125.199833
RCOU,125239833,1413,1361,1338,1401,1413,0,0,0,0,0,0,0,0,0,125.239833
RCOU,125279833,1413,1361,1338,1400,1413,0,0,0,0,0,0,0,0,0,125.279833
RCOU,125319833,1414,1362,1339,1398,1414,0,0,0,0,0,0,0,0,0,125.319833
RCOU,125359833,1414,1363,1339,1397,1414,0,0,0,0,0,0,0,0,0,125.359833
RCOU,125399833,1414,1366,1339,1395,1414,0,0,0,0,0,0,0,0,0,125.399833
RCOU,125439833,1415,1368,1339,1395,1415,0,0,0,0,0,0,0,0,0,125.439833
RCOU,125479833,1415,1372,1339,1394,1415,0,0,0,0,0,0,0,0,0,125.479833
RCOU,125519833,1416,1376,1339,1394,1416,0,0,0,0,0,0,0,0,0,125.519833
RCOU,125559833,1416,1380,1338,1394,1416,0,0,0,0,0,0,0,0,0,125.559833
RCOU,125599833,1416,1385,1338,1394,1416,0,0,0,0,0,0,0,0,0,125.599833
RCOU,125639833,1416,1388,1337,1395,1416,0,0,0,0,0,0,0,0,0,125.639833
RCOU,125679833,1416,1390,1336,1395,1416,0,0,0,0,0,0,0,0,0,125.679833
RCOU,125719833,1416,1392,1336,1395,1416,0,0,0,0,0,0,0,0,0,125.719833
RCOU,125759833,1416,1394,1334,1396,1416,0,0,0,0,0,0,0,0,0,125.759833
RCOU,125799833,1416,1394,1333,1396,1416,0,0,0,0,0,0,0,0,0,125.799833
RCOU,125839833,1415,1395,1332,1396,1415,0,0,0,0,0,0,0,0,0,125.839833
RCOU,125879833,1415,1395,1330,1396,1415,0,0,0,0,0,0,0,0,0,125.879833
RCOU,125919833,1414,1396,1329,1396,1414,0,0,0,0,0,0,0,0,0,125.919833
RCOU,125959833,1414,1398,1327,1396,1414,0,0,0,0,0,0,0,0,0,125.959833
RCOU,125999833,1413,1400,1325,1396,1413,0,0,0,0,0,0,0,0,0,125.999833
RCOU,126039833,1413,1402,1325,1396,1413,0,0,0,0,0,0,0,0,0,126.039833
RCOU,126079833,1412,1404,1323,1395,1412,0,0,0,0,0,0,0,0,0,126.079833
RCOU,126119833,1412,1406,1321,1395,1412,0,0,0,0,0,0,0,0,0,126.119833
RCOU,126159833,1411,1408,1320,1395,1411,0,0,0,0,0,0,0,0,0,126.159833
RCOU,126199833,1410,1408,1318,1394,1410,0,0,0,0,0,0,0,0,0,126.199833
RCOU,126239833,1410,1409,1316,1394,1410,0,0,0,0,0,0,0,0,0,126.239833
RCOU,126279833,1410,1410,1314,1394,1410,0,0,0,0,0,0,0,0,0,126.279833
RCOU,126319833,1410,1410,1313,1394,1410,0,0,0,0,0,0,0,0,0,126.319833
RCOU,126359833,1410,1410,1312,1394,1410,0,0,0,0,0,0,0,0,0,126.359833
RCOU,126399833,1410,1410,1310,1395,1410,0,0,0,0,0,0,0,0,0,126.399833
RCOU,126439833,1410,1410,1309,1395,1410,0,0,0,0,0,0,0,0,0,126.439833
RCOU,126479833,1409,1410,1307,1396,1409,0,0,0,0,0,0,0,0,0,126.479833
RCOU,126519833,1409,1410,1306,1397,1409,0,0,0,0,0,0,0,0,0,126.519833
RCOU,126559833,1409,1410,1304,1399,1409,0,0,0,0,0,0,0,0,0,126.559833
RCOU,126599833,1409,1411,1303,1400,1409,0,0,0,0,0,0,0,0,0,126.599833
RCOU,126639833,1409,1411,1302,1401,1409,0,0,0,0,0,0,0,0,0,126.639833
RCOU,126679833,1409,1411,1301,1403,1409,0,0,0,0,0,0,0,0,0,126.679833
RCOU,126719833,1409,1401,1300,1404,1409,0,0,0,0,0,0,0,0,0,126.719833
RCOU,126759833,1409,1409,1299,1406,1409,0,0,0,0,0,0,0,0,0,126.759833
RCOU,126799833,1409,1408,1298,1407,1409,0,0,0,0,0,0,0,0,0,126.799833
RCOU,126839833,1409,1407,1297,1409,1409,0,0,0,0,0,0,0,0,0,126.839833
RCOU,126879833,1409,1407,1296,1410,1409,0,0,0,0,0,0,0,0,0,126.879833
RCOU,126919833,1409,1406,1295,1410,1409,0,0,0,0,0,0,0,0,0,126.919833
RCOU,126959833,1408,1405,1294,1410,1408,0,0,0,0,0,0,0,0,0,126.959833
RCOU,126999833,1408,1405,1293,1411,1408,0,0,0,0,0,0,0,0,0,126.999833
RCOU,127039833,1408,1404,1292,1411,1408,0,0,0,0,0,0,0,0,0,127.039833
RCOU,127079833,1408,1403,1292,1411,1408,0,0,0,0,0,0,0,0,0,127.079833
RCOU,127119833,1408,1402,1291,1410,1408,0,0,0,0,0,0,0,0,0,127.119833
RCOU,127159833,1408,1401,1290,1410,1408,0,0,0,0,0,0,0,0,0,127.159833
RCOU,127199833,1408,1400,1290,1410,1408,0,0,0,0,0,0,0,0,0,127.199833
RCOU,127239833,1407,1399,1290,1409,1407,0,0,0,0,0,0,0,0,0,127.239833
RCOU,127279833,1407,1398,1290,1408,1407,0,0,0,0,0,0,0,0,0,127.279833
RCOU,127319833,1407,1398,1289,1407,1407,0,0,0,0,0,0,0,0,0,127.319833
RCOU,127359833,1407,1397,1289,1406,1407,0,0,0,0,0,0,0,0,0,127.359833
RCOU,127399833,1407,1396,1288,1405,1407,0,0,0,0,0,0,0,0,0,127.399833
RCOU,127439833,1407,1396,1288,1404,1407,0,0,0,0,0,0,0,0,0,127.439833
RCOU,127479833,1407,1395,1287,1403,1407,0,0,0,0,0,0,0,0,0,127.479833
RCOU,127519833,1407,1395,1287,1402,1407,0,0,0,0,0,0,0,0,0,127.519833
RCOU,127559833,1407,1394,1287,1401,1407,0,0,0,0,0,0,0,0,0,127.559833
RCOU,127599833,1407,1394,1286,1400,1407,0,0,0,0,0,0,0,0,0,127.599833
RCOU,127639833,1407,1394,1286,1400,1407,0,0,0,0,0,0,0,0,0,127.639833
RCOU,127679833,1407,1393,1286,1400,1407,0,0,0,0,0,0,0,0,0,127.679833
RCOU,127719833,1407,1392,1286,1400,1407,0,0,0,0,0,0,0,0,0,127.719833
RCOU,127759833,1406,1392,1285,1400,1406,0,0,0,0,0,0,0,0,0,127.759833
RCOU,127799833,1406,1391,1285,1400,1406,0,0,0,0,0,0,0,0,0,127.799833
RCOU,127839833,1406,1391,1285,1401,1406,0,0,0,0,0,0,0,0,0,127.839833
RCOU,127879833,1406,1391,1285,1401,1406,0,0,0,0,0,0,0,0,0,127.879833
RCOU,127919833,1406,1391,1284,1402,1406,0,0,0,0,0,0,0,0,0,127.919833
RCOU,127959833,1406,1391,1284,1402,1406,0,0,0,0,0,0,0,0,0,127.959833
RCOU,127999833,1406,1391,1284,1403,1406,0,0,0,0,0,0,0,0,0,127.999833
RCOU,128039833,1406,1391,1284,1403,1406,0,0,0,0,0,0,0,0,0,128.039833
RCOU,128079833,1406,1391,1284,1404,1406,0,0,0,0,0,0,0,0,0,128.079833
RCOU,128119833,1406,1391,1283,1404,1406,0,0,0,0,0,0,0,0,0,128.119833
RCOU,128159833,1406,1391,1283,1405,1406,0,0,0,0,0,0,0,0,0,128.159833
RCOU,128199833,1406,1390,1283,1405,1406,0,0,0,0,0,0,0,0,0,128.199833
RCOU,128239833,1405,1390,1283,1406,1405,0,0,0,0,0,0,0,0,0,128.239833
RCOU,128279833,1405,1390,1282,1406,1405,0,0,0,0,0,0,0,0,0,128.279833
RCOU,128319833,1405,1390,1282,1407,1405,0,0,0,0,0,0,0,0,0,128.319833
RCOU,128359833,1405,1390,1282,1407,1405,0,0,0,0,0,0,0,0,0,128.359833
RCOU,128399833,1405,1390,1282,1407,1405,0,0,0,0,0,0,0,0,0,128.399833
RCOU,128439833,1405,1390,1281,1408,1405,0,0,0,0,0,0,0,0,0,128.439833
RCOU,128479833,1405,1390,1281,1408,1405,0,0,0,0,0,0,0,0,0,128.479833
RCOU,128519833,1405,1389,1281,1408,1405,0,0,0,0,0,0,0,0,0,128.519833
RCOU,128559833,1404,1389,1280,1408,1404,0,0,0,0,0,0,0,0,0,128.559833
RCOU,128599833,1404,1389,1280,1408,1404,0,0,0,0,0,0,0,0,0,128.599833
RCOU,128639833,1404,1389,1280,1408,1404,0,0,0,0,0,0,0,0,0,128.639833
RCOU,128679833,1404,1389,1279,1409,1404,0,0,0,0,0,0,0,0,0,128.679833
RCOU,128719833,1404,1389,1279,1409,1404,0,0,0,0,0,0,0,0,0,128.719833
RCOU,128759833,1405,1389,1279,1410,1405,0,0,0,0,0,0,0,0,0,128.759833
RCOU,128799833,1405,1390,1279,1410,1405,0,0,0,0,0,0,0,0,0,128.799833
RCOU,128839833,1405,1390,1279,1410,1405,0,0,0,0,0,0,0,0,0,128.839833
RCOU,128879833,1405,1390,1278,1411,1405,0,0,0,0,0,0,0,0,0,128.879833
RCOU,128919833,1406,1390,1278,1413,1406,0,0,0,0,0,0,0,0,0,128.919833
RCOU,128959833,1406,1390,1278,1414,1406,0,0,0,0,0,0,0,0,0,128.959833
RCOU,128999833,1407,1390,1277,1416,1407,0,0,0,0,0,0,0,0,0,128.999833
RCOU,129039833,1407,1390,1277,1417,1407,0,0,0,0,0,0,0,0,0,129.039833
RCOU,129079833,1407,1390,1276,1418,1407,0,0,0,0,0,0,0,0,0,129.079833
RCOU,129119833,1408,1390,1276,1419,1408,0,0,0,0,0,0,0,0,0,129.119833
RCOU,129159833,1408,1390,1275,1419,1408,0,0,0,0,0,0,0,0,0,129.159833
RCOU,129199833,1409,1390,1275,1420,1409,0,0,0,0,0,0,0,0,0,129.199833
RCOU,129239833,1409,1389,1275,1420,1409,0,0,0,0,0,0,0,0,0,129.239833
RCOU,129279833,1410,1389,1274,1419,1410,0,0,0,0,0,0,0,0,0,129.279833
RCOU,129319833,1410,1389,1274,1419,1410,0,0,0,0,0,0,0,0,0,129.319833
RCOU,129359833,1410,1389,1273,1418,1410,0,0,0,0,0,0,0,0,0,129.359833
RCOU,129399833,1411,1393,1273,1416,1411,0,0,0,0,0,0,0,0,0,129.399833
RCOU,129439833,1411,1395,1273,1415,1411,0,0,0,0,0,0,0,0,0,129.439833
RCOU,129479833,1411,1396,1272,1412,1411,0,0,0,0,0,0,0,0,0,129.479833
RCOU,129519833,1412,1397,1272,1410,1412,0,0,0,0,0,0,0,0,0,129.519833
RCOU,129559833,1412,1398,1271,1409,1412,0,0,0,0,0,0,0,0,0,129.559833
RCOU,129599833,1412,1398,1271,1407,1412,0,0,0,0,0,0,0,0,0,129.599833
RCOU,129639833,1412,1398,1270,1405,1412,0,0,0,0,0,0,0,0,0,129.639833
RCOU,129679833,1413,1399,1270,1403,1413,0,0,0,0,0,0,0,0,0,129.679833
RCOU,129719833,1413,1398,1270,1401,1413,0,0,0,0,0,0,0,0,0,129.719833
RCOU,129759833,1413,1398,1269,1400,1413,0,0,0,0,0,0,0,0,0,129.759833
RCOU,129799833,1414,1398,1269,1398,1414,0,0,0,0,0,0,0,0,0,129.799833
RCOU,129839833,1414,1398,1268,1397,1414,0,0,0,0,0,0,0,0,0,129.839833
RCOU,129879833,1414,1397,1268,1396,1414,0,0,0,0,0,0,0,0,0,129.879833
RCOU,129919833,1415,1397,1268,1395,1415,0,0,0,0,0,0,0,0,0,129.919833
RCOU,129959833,1415,1397,1268,1395,1415,0,0,0,0,0,0,0,0,0,129.959833
RCOU,129999833,1415,1397,1267,1395,1415,0,0,0,0,0,0,0,0,0,129.999833
RCOU,130039833,1416,1397,1267,1395,1416,0,0,0,0,0,0,0,0,0,130.039833
RCOU,130079833,1416,1397,1267,1395,1416,0,0,0,0,0,0,0,0,0,130.079833
RCOU,130119833,1416,1396,1267,1396,1416,0,0,0,0,0,0,0,0,0,130.119833
RCOU,130159833,1416,1396,1267,1397,1416,0,0,0,0,0,0,0,0,0,130.159833
RCOU,130199833,1416,1396,1267,1397,1416,0,0,0,0,0,0,0,0,0,130.199833
RCOU,130239833,1416,1396,1267,1398,1416,0,0,0,0,0,0,0,0,0,130.239833
RCOU,130279833,1416,1395,1267,1399,1416,0,0,0,0,0,0,0,0,0,130.279833
RCOU,130319833,1415,1395,1267,1399,1415,0,0,0,0,0,0,0,0,0,130.319833
RCOU,130359833,1415,1395,1267,1399,1415,0,0,0,0,0,0,0,0,0,130.359833
RCOU,130399833,1415,1394,1267,1399,1415,0,0,0,0,0,0,0,0,0,130.399833
RCOU,130439833,1414,1394,1267,1399,1414,0,0,0,0,0,0,0,0,0,130.439833
RCOU,130479833,1414,1393,1267,1399,1414,0,0,0,0,0,0,0,0,0,130.479833
RCOU,130519833,1413,1393,1267,1399,1413,0,0,0,0,0,0,0,0,0,130.519833
RCOU,130559833,1412,1393,1267,1398,1412,0,0,0,0,0,0,0,0,0,130.559833
RCOU,130599833,1412,1392,1267,1398,1412,0,0,0,0,0,0,0,0,0,130.599833
RCOU,130639833,1411,1392,1267,1398,1411,0,0,0,0,0,0,0,0,0,130.639833
RCOU,130679833,1411,1391,1267,1397,1411,0,0,0,0,0,0,0,0,0,130.679833
RCOU,130719833,1410,1391,1267,1397,1410,0,0,0,0,0,0,0,0,0,130.719833
RCOU,130759833,1410,1391,1268,1396,1410,0,0,0,0,0,0,0,0,0,130.759833
RCOU,130799833,1410,1391,1268,1396,1410,0,0,0,0,0,0,0,0,0,130.799833
RCOU,130839833,1410,1391,1268,1396,1410,0,0,0,0,0,0,0,0,0,130.839833
RCOU,130879833,1410,1391,1268,1396,1410,0,0,0,0,0,0,0,0,0,130.879833
RCOU,130919833,1409,1391,1269,1397,1409,0,0,0,0,0,0,0,0,0,130.919833
RCOU,130959833,1409,1391,1269,1397,1409,0,0,0,0,0,0,0,0,0,130.959833
RCOU,130999833,1409,1391,1269,1398,1409,0,0,0,0,0,0,0,0,0,130.999833
RCOU,131039833,1409,1396,1269,1399,1409,0,0,0,0,0,0,0,0,0,131.039833
RCOU,131079833,1409,1397,1270,1400,1409,0,0,0,0,0,0,0,0,0,131.079833
RCOU,131119833,1409,1398,1270,1401,1409,0,0,0,0,0,0,0,0,0,131.119833
RCOU,131159833,1409,1399,1270,1402,1409,0,0,0,0,0,0,0,0,0,131.159833
RCOU,131199833,1409,1399,1270,1404,1409,0,0,0,0,0,0,0,0,0,131.199833
RCOU,131239833,1409,1399,1271,1405,1409,0,0,0,0,0,0,0,0,0,131.239833
RCOU,131279833,1409,1399,1271,1406,1409,0,0,0,0,0,0,0,0,0,131.279833
RCOU,131319833,1409,1399,1271,1408,1409,0,0,0,0,0,0,0,0,0,131.319833
RCOU,131359833,1409,1399,1272,1409,1409,0,0,0,0,0,0,0,0,0,131.359833
RCOU,131399833,1408,1398,1272,1410,1408,0,0,0,0,0,0,0,0,0,131.399833
RCOU,131439833,1408,1398,1272,1410,1408,0,0,0,0,0,0,0,0,0,131.439833
RCOU,131479833,1408,1398,1272,1410,1408,0,0,0,0,0,0,0,0,0,131.479833
RCOU,131519833,1408,1398,1273,1410,1408,0,0,0,0,0,0,0,0,0,131.519833
RCOU,131559833,1408,1398,1273,1410,1408,0,0,0,0,0,0,0,0,0,131.559833
RCOU,131599833,1408,1398,1273,1410,1408,0,0,0,0,0,0,0,0,0,131.599833
RCOU,131639833,1408,1399,1274,1410,1408,0,0,0,0,0,0,0,0,0,131.639833
RCOU,131679833,1407,1399,1274,1409,1407,0,0,0,0,0,0,0,0,0,131.679833
RCOU,131719833,1407,1399,1275,1409,1407,0,0,0,0,0,0,0,0,0,131.719833
RCOU,131759833,1407,1399,1275,1408,1407,0,0,0,0,0,0,0,0,0,131.759833
RCOU,131799833,1407,1399,1276,1407,1407,0,0,0,0,0,0,0,0,0,131.799833
RCOU,131839833,1407,1399,1276,1405,1407,0,0,0,0,0,0,0,0,0,131.839833
RCOU,131879833,1407,1399,1277,1404,1407,0,0,0,0,0,0,0,0,0,131.879833
RCOU,131919833,1407,1399,1277,1403,1407,0,0,0,0,0,0,0,0,0,131.919833
RCOU,131959833,1407,1398,1278,1402,1407,0,0,0,0,0,0,0,0,0,131.959833
RCOU,131999833,1407,1398,1278,1401,1407,0,0,0,0,0,0,0,0,0,131.999833
RCOU,132039833,1407,1398,1279,1401,1407,0,0,0,0,0,0,0,0,0,132.039833
RCOU,132079833,1406,1398,1279,1400,1406,0,0,0,0,0,0,0,0,0,132.079833
RCOU,132119833,1406,1398,1279,1400,1406,0,0,0,0,0,0,0,0,0,132.119833
RCOU,132159833,1406,1398,1279,1399,1406,0,0,0,0,0,0,0,0,0,132.159833
RCOU,132199833,1406,1398,1280,1399,1406,0,0,0,0,0,0,0,0,0,132.199833
RCOU,132239833,1406,1397,1281,1400,1406,0,0,0,0,0,0,0,0,0,132.239833
RCOU,132279833,1406,1397,1281,1400,1406,0,0,0,0,0,0,0,0,0,132.279833
RCOU,132319833,1406,1397,1282,1400,1406,0,0,0,0,0,0,0,0,0,132.319833
RCOU,132359833,1406,1397,1283,1401,1406,0,0,0,0,0,0,0,0,0,132.359833
RCOU,132399833,1406,1397,1283,1401,1406,0,0,0,0,0,0,0,0,0,132.399833
RCOU,132439833,1406,1397,1284,1402,1406,0,0,0,0,0,0,0,0,0,132.439833
RCOU,132479833,1406,1397,1285,1402,1406,0,0,0,0,0,0,0,0,0,132.479833
RCOU,132519833,1406,1397,1285,1403,1406,0,0,0,0,0,0,0,0,0,132.519833
RCOU,132559833,1406,1397,1286,1404,1406,0,0,0,0,0,0,0,0,0,132.559833
RCOU,132599833,1405,1396,1287,1404,1405,0,0,0,0,0,0,0,0,0,132.599833
RCOU,132639833,1405,1396,1287,1405,1405,0,0,0,0,0,0,0,0,0,132.639833
RCOU,132679833,1405,1396,1288,1405,1405,0,0,0,0,0,0,0,0,0,132.679833
RCOU,132719833,1405,1396,1289,1406,1405,0,0,0,0,0,0,0,0,0,132.719833
RCOU,132759833,1405,1396,1289,1406,1405,0,0,0,0,0,0,0,0,0,132.759833
RCOU,132799833,1405,1396,1290,1406,1405,0,0,0,0,0,0,0,0,0,132.799833
RCOU,132839833,1405,1396,1290,1407,1405,0,0,0,0,0,0,0,0,0,132.839833
RCOU,132879833,1405,1396,1290,1407,1405,0,0,0,0,0,0,0,0,0,132.879833
RCOU,132919833,1404,1396,1291,1407,1404,0,0,0,0,0,0,0,0,0,132.919833
RCOU,132959833,1404,1396,1292,1407,1404,0,0,0,0,0,0,0,0,0,132.959833
RCOU,132999833,1404,1396,1293,1408,1404,0,0,0,0,0,0,0,0,0,132.999833
RCOU,133039833,1404,1396,1293,1408,1404,0,0,0,0,0,0,0,0,0,133.039833
RCOU,133079833,1404,1396,1294,1409,1404,0,0,0,0,0,0,0,0,0,133.079833
RCOU,133119833,1405,1396,1295,1410,1405,0,0,0,0,0,0,0,0,0,133.119833
RCOU,133159833,1405,1396,1295,1410,1405,0,0,0,0,0,0,0,0,0,133.159833
RCOU,133199833,1405,1396,1296,1411,1405,0,0,0,0,0,0,0,0,0,133.199833
RCOU,133239833,1406,1396,1297,1412,1406,0,0,0,0,0,0,0,0,0,133.239833
RCOU,133279833,1406,1396,1297,1414,1406,0,0,0,0,0,0,0,0,0,133.279833
RCOU,133319833,1406,1396,1298,1415,1406,0,0,0,0,0,0,0,0,0,133.319833
RCOU,133359833,1407,1396,1299,1417,1407,0,0,0,0,0,0,0,0,0,133.359833
RCOU,133399833,1407,1396,1299,1418,1407,0,0,0,0,0,0,0,0,0,133.399833
RCOU,133439833,1408,1396,1300,1419,1408,0,0,0,0,0,0,0,0,0,133.439833
RCOU,133479833,1408,1396,1301,1420,1408,0,0,0,0,0,0,0,0,0,133.479833
RCOU,133519833,1408,1396,1301,1420,1408,0,0,0,0,0,0,0,0,0,133.519833
RCOU,133559833,1409,1397,1302,1421,1409,0,0,0,0,0,0,0,0,0,133.559833
RCOU,133599833,1409,1397,1302,1421,1409,0,0,0,0,0,0,0,0,0,133.599833
RCOU,133639833,1410,1397,1302,1420,1410,0,0,0,0,0,0,0,0,0,133.639833
RCOU,133679833,1410,1397,1303,1420,1410,0,0,0,0,0,0,0,0,0,133.679833
RCOU,133719833,1410,1394,1304,1419,1410,0,0,0,0,0,0,0,0,0,133.719833
RCOU,133759833,1411,1391,1304,1417,1411,0,0,0,0,0,0,0,0,0,133.759833
RCOU,133799833,1411,1390,1305,1415,1411,0,0,0,0,0,0,0,0,0,133.799833
RCOU,133839833,1411,1389,1305,1413,1411,0,0,0,0,0,0,0,0,0,133.839833
RCOU,133879833,1412,1389,1306,1410,1412,0,0,0,0,0,0,0,0,0,133.879833
RCOU,133919833,1412,1389,1306,1409,1412,0,0,0,0,0,0,0,0,0,133.919833
RCOU,133959833,1412,1390,1307,1407,1412,0,0,0,0,0,0,0,0,0,133.959833
RCOU,133999833,1413,1390,1307,1405,1413,0,0,0,0,0,0,0,0,0,133.999833
RCOU,134039833,1413,1390,1308,1403,1413,0,0,0,0,0,0,0,0,0,134.039833
RCOU,134079833,1413,1391,1308,1401,1413,0,0,0,0,0,0,0,0,0,134.079833
RCOU,134119833,1413,1391,1309,1399,1413,0,0,0,0,0,0,0,0,0,134.119833
RCOU,134159833,1414,1391,1309,1398,1414,0,0,0,0,0,0,0,0,0,134.159833
RCOU,134199833,1414,1391,1309,1396,1414,0,0,0,0,0,0,0,0,0,134.199833
RCOU,134239833,1414,1392,1310,1395,1414,0,0,0,0,0,0,0,0,0,134.239833
RCOU,134279833,1415,1392,1310,1394,1415,0,0,0,0,0,0,0,0,0,134.279833
RCOU,134319833,1415,1392,1310,1394,1415,0,0,0,0,0,0,0,0,0,134.319833
RCOU,134359833,1415,1393,1310,1394,1415,0,0,0,0,0,0,0,0,0,134.359833
RCOU,134399833,1416,1393,1310,1394,1416,0,0,0,0,0,0,0,0,0,134.399833
RCOU,134439833,1416,1393,1310,1394,1416,0,0,0,0,0,0,0,0,0,134.439833
RCOU,134479833,1416,1394,1310,1395,1416,0,0,0,0,0,0,0,0,0,134.479833
RCOU,134519833,1416,1394,1311,1395,1416,0,0,0,0,0,0,0,0,0,134.519833
RCOU,134559833,1416,1395,1310,1396,1416,0,0,0,0,0,0,0,0,0,134.559833
RCOU,134599833,1416,1396,1310,1396,1416,0,0,0,0,0,0,0,0,0,134.599833
RCOU,134639833,1416,1396,1310,1397,1416,0,0,0,0,0,0,0,0,0,134.639833
RCOU,134679833,1416,1397,1310,1397,1416,0,0,0,0,0,0,0,0,0,134.679833
RCOU,134719833,1415,1397,1310,1397,1415,0,0,0,0,0,0,0,0,0,134.719833
RCOU,134759833,1415,1398,1310,1397,1415,0,0,0,0,0,0,0,0,0,134.759833
RCOU,134799833,1414,1399,1310,1397,1414,0,0,0,0,0,0,0,0,0,134.799833
RCOU,134839833,1414,1399,1309,1397,1414,0,0,0,0,0,0,0,0,0,134.839833
RCOU,134879833,1413,1399,1309,1397,1413,0,0,0,0,0,0,0,0,0,134.879833
RCOU,134919833,1413,1400,1309,1397,1413,0,0,0,0,0,0,0,0,0,134.919833
RCOU,134959833,1412,1400,1309,1396,1412,0,0,0,0,0,0,0,0,0,134.959833
RCOU,134999833,1412,1400,1308,1396,1412,0,0,0,0,0,0,0,0,0,134.999833
RCOU,135039833,1411,1400,1308,1395,1411,0,0,0,0,0,0,0,0,0,135.039833
RCOU,135079833,1410,1400,1307,1395,1410,0,0,0,0,0,0,0,0,0,135.079833
RCOU,135119833,1410,1401,1307,1394,1410,0,0,0,0,0,0,0,0,0,135.119833
RCOU,135159833,1410,1401,1307,1394,1410,0,0,0,0,0,0,0,0,0,135.159833
RCOU,135199833,1410,1401,1306,1394,1410,0,0,0,0,0,0,0,0,0,135.199833
RCOU,135239833,1410,1402,1306,1395,1410,0,0,0,0,0,0,0,0,0,135.239833
RCOU,135279833,1410,1402,1306,1395,1410,0,0,0,0,0,0,0,0,0,135.279833
RCOU,135319833,1409,1402,1305,1396,1409,0,0,0,0,0,0,0,0,0,135.319833
RCOU,135359833,1409,1397,1305,1396,1409,0,0,0,0,0,0,0,0,0,135.359833
RCOU,135399833,1409,1396,1305,1397,1409,0,0,0,0,0,0,0,0,0,135.399833
RCOU,135439833,1409,1395,1304,1398,1409,0,0,0,0,0,0,0,0,0,135.439833
RCOU,135479833,1409,1394,1304,1400,1409,0,0,0,0,0,0,0,0,0,135.479833
RCOU,135519833,1409,1394,1303,1401,1409,0,0,0,0,0,0,0,0,0,135.519833
RCOU,135559833,1409,1394,1303,1403,1409,0,0,0,0,0,0,0,0,0,135.559833
RCOU,135599833,1409,1393,1303,1404,1409,0,0,0,0,0,0,0,0,0,135.599833
RCOU,135639833,1409,1393,1302,1405,1409,0,0,0,0,0,0,0,0,0,135.639833
RCOU,135679833,1409,1393,1302,1407,1409,0,0,0,0,0,0,0,0,0,135.679833
RCOU,135719833,1409,1393,1302,1408,1409,0,0,0,0,0,0,0,0,0,135.719833
RCOU,135759833,1408,1392,1302,1409,1408,0,0,0,0,0,0,0,0,0,135.759833
RCOU,135799833,1408,1392,1302,1410,1408,0,0,0,0,0,0,0,0,0,135.799833
RCOU,135839833,1408,1392,1302,1410,1408,0,0,0,0,0,0,0,0,0,135.839833
RCOU,135879833,1408,1392,1301,1410,1408,0,0,0,0,0,0,0,0,0,135.879833
RCOU,135919833,1408,1392,1301,1411,1408,0,0,0,0,0,0,0,0,0,135.919833
RCOU,135959833,1408,1393,1300,1410,1408,0,0,0,0,0,0,0,0,0,135.959833
RCOU,135999833,1408,1393,1300,1410,1408,0,0,0,0,0,0,0,0,0,135.999833
RCOU,136039833,1407,1393,1300,1410,1407,0,0,0,0,0,0,0,0,0,136.039833
RCOU,136079833,1407,1393,1299,1410,1407,0,0,0,0,0,0,0,0,0,136.079833
RCOU,136119833,1407,1393,1299,1409,1407,0,0,0,0,0,0,0,0,0,136.119833
RCOU,136159833,1407,1394,1298,1408,1407,0,0,0,0,0,0,0,0,0,136.159833
RCOU,136199833,1407,1394,1298,1407,1407,0,0,0,0,0,0,0,0,0,136.199833
RCOU,136239833,1407,1394,1297,1405,1407,0,0,0,0,0,0,0,0,0,136.239833
RCOU,136279833,1407,1394,1297,1404,1407,0,0,0,0,0,0,0,0,0,136.279833
RCOU,136319833,1407,1394,1296,1403,1407,0,0,0,0,0,0,0,0,0,136.319833
RCOU,136359833,1406,1394,1296,1402,1406,0,0,0,0,0,0,0,0,0,136.359833
RCOU,136399833,1406,1394,1295,1401,1406,0,0,0,0,0,0,0,0,0,136.399833
RCOU,136439833,1406,1395,1295,1401,1406,0,0,0,0,0,0,0,0,0,136.439833
RCOU,136479833,1406,1395,1294,1400,1406,0,0,0,0,0,0,0,0,0,136.479833
RCOU,136519833,1406,1395,1293,1400,1406,0,0,0,0,0,0,0,0,0,136.519833
RCOU,136559833,1406,1395,1293,1399,1406,0,0,0,0,0,0,0,0,0,136.559833
RCOU,136599833,1406,1396,1292,1399,1406,0,0,0,0,0,0,0,0,0,136.599833
RCOU,136639833,1406,1396,1291,1399,1406,0,0,0,0,0,0,0,0,0,136.639833
RCOU,136679833,1406,1396,1291,1400,1406,0,0,0,0,0,0,0,0,0,136.679833
RCOU,136719833,1406,1396,1290,1400,1406,0,0,0,0,0,0,0,0,0,136.719833
RCOU,136759833,1406,1396,1290,1401,1406,0,0,0,0,0,0,0,0,0,136.759833
RCOU,136799833,1406,1397,1290,1401,1406,0,0,0,0,0,0,0,0,0,136.799833
RCOU,136839833,1406,1397,1289,1402,1406,0,0,0,0,0,0,0,0,0,136.839833
RCOU,136879833,1405,1397,1288,1402,1405,0,0,0,0,0,0,0,0,0,136.879833
RCOU,136919833,1405,1398,1287,1403,1405,0,0,0,0,0,0,0,0,0,136.919833
RCOU,136959833,1405,1398,1287,1403,1405,0,0,0,0,0,0,0,0,0,136.959833
RCOU,136999833,1405,1398,1286,1404,1405,0,0,0,0,0,0,0,0,0,136.999833
RCOU,137039833,1405,1398,1285,1404,1405,0,0,0,0,0,0,0,0,0,137.039833
RCOU,137079833,1405,1398,1284,1405,1405,0,0,0,0,0,0,0,0,0,137.079833
RCOU,137119833,1405,1397,1283,1405,1405,0,0,0,0,0,0,0,0,0,137.119833
RCOU,137159833,1405,1397,1283,1406,1405,0,0,0,0,0,0,0,0,0,137.159833
RCOU,137199833,1405,1397,1282,1406,1405,0,0,0,0,0,0,0,0,0,137.199833
RCOU,137239833,1404,1396,1281,1406,1404,0,0,0,0,0,0,0,0,0,137.239833
RCOU,137279833,1404,1396,1281,1407,1404,0,0,0,0,0,0,0,0,0,137.279833
RCOU,137319833,1404,1396,1280,1407,1404,0,0,0,0,0,0,0,0,0,137.319833
RCOU,137359833,1404,1395,1279,1408,1404,0,0,0,0,0,0,0,0,0,137.359833
RCOU,137399833,1404,1395,1279,1408,1404,0,0,0,0,0,0,0,0,0,137.399833
RCOU,137439833,1405,1395,1279,1409,1405,0,0,0,0,0,0,0,0,0,137.439833
RCOU,137479833,1405,1395,1278,1410,1405,0,0,0,0,0,0,0,0,0,137.479833
RCOU,137519833,1405,1394,1278,1410,1405,0,0,0,0,0,0,0,0,0,137.519833
RCOU,137559833,1405,1394,1277,1412,1405,0,0,0,0,0,0,0,0,0,137.559833
RCOU,137599833,1406,1394,1277,1413,1406,0,0,0,0,0,0,0,0,0,137.599833
RCOU,137639833,1406,1393,1276,1415,1406,0,0,0,0,0,0,0,0,0,137.639833
RCOU,137679833,1407,1393,1276,1416,1407,0,0,0,0,0,0,0,0,0,137.679833
RCOU,137719833,1407,1393,1275,1418,1407,0,0,0,0,0,0,0,0,0,137.719833
RCOU,137759833,1407,1392,1275,1419,1407,0,0,0,0,0,0,0,0,0,137.759833
RCOU,137799833,1408,1392,1274,1420,1408,0,0,0,0,0,0,0,0,0,137.799833
RCOU,137839833,1408,1391,1274,1421,1408,0,0,0,0,0,0,0,0,0,137.839833
RCOU,137879833,1409,1391,1274,1421,1409,0,0,0,0,0,0,0,0,0,137.879833
RCOU,137919833,1409,1391,1273,1421,1409,0,0,0,0,0,0,0,0,0,137.919833
RCOU,137959833,1410,1391,1273,1421,1410,0,0,0,0,0,0,0,0,0,137.959833
RCOU,137999833,1410,1391,1273,1420,1410,0,0,0,0,0,0,0,0,0,137.999833
RCOU,138039833,1410,1394,1272,1419,1410,0,0,0,0,0,0,0,0,0,138.039833
RCOU,138079833,1410,1397,1272,1417,1410,0,0,0,0,0,0,0,0,0,138.079833
RCOU,138119833,1411,1398,1272,1415,1411,0,0,0,0,0,0,0,0,0,138.119833
RCOU,138159833,1411,1398,1271,1413,1411,0,0,0,0,0,0,0,0,0,138.159833
RCOU,138199833,1411,1399,1271,1410,1411,0,0,0,0,0,0,0,0,0,138.199833
RCOU,138239833,1412,1399,1271,1410,1412,0,0,0,0,0,0,0,0,0,138.239833
RCOU,138279833,1412,1398,1270,1408,1412,0,0,0,0,0,0,0,0,0,138.279833
RCOU,138319833,1412,1398,1270,1405,1412,0,0,0,0,0,0,0,0,0,138.319833
RCOU,138359833,1412,1398,1270,1404,1412,0,0,0,0,0,0,0,0,0,138.359833
RCOU,138399833,1413,1397,1270,1402,1413,0,0,0,0,0,0,0,0,0,138.399833
RCOU,138439833,1413,1397,1269,1400,1413,0,0,0,0,0,0,0,0,0,138.439833
RCOU,138479833,1413,1397,1269,1398,1413,0,0,0,0,0,0,0,0,0,138.479833
RCOU,138519833,1413,1396,1269,1397,1413,0,0,0,0,0,0,0,0,0,138.519833
RCOU,138559833,1414,1396,1269,1396,1414,0,0,0,0,0,0,0,0,0,138.559833
RCOU,138599833,1414,1396,1269,1395,1414,0,0,0,0,0,0,0,0,0,138.599833
RCOU,138639833,1414,1396,1269,1394,1414,0,0,0,0,0,0,0,0,0,138.639833
RCOU,138679833,1415,1396,1268,1394,1415,0,0,0,0,0,0,0,0,0,138.679833
RCOU,138719833,1415,1395,1268,1395,1415,0,0,0,0,0,0,0,0,0,138.719833
RCOU,138759833,1415,1395,1268,1395,1415,0,0,0,0,0,0,0,0,0,138.759833
RCOU,138799833,1416,1395,1268,1396,1416,0,0,0,0,0,0,0,0,0,138.799833
RCOU,138839833,1416,1395,1268,1397,1416,0,0,0,0,0,0,0,0,0,138.839833
RCOU,138879833,1416,1394,1268,1398,1416,0,0,0,0,0,0,0,0,0,138.879833
RCOU,138919833,1416,1394,1268,1398,1416,0,0,0,0,0,0,0,0,0,138.919833
RCOU,138959833,1416,1394,1269,1399,1416,0,0,0,0,0,0,0,0,0,138.959833
RCOU,138999833,1416,1393,1269,1400,1416,0,0,0,0,0,0,0,0,0,138.999833
RCOU,139039833,1415,1393,1269,1400,1415,0,0,0,0,0,0,0,0,0,139.039833
RCOU,139079833,1415,1392,1269,1400,1415,0,0,0,0,0,0,0,0,0,139.079833
RCOU,139119833,1415,1392,1269,1400,1415,0,0,0,0,0,0,0,0,0,139.119833
RCOU,139159833,1414,1392,1269,1400,1414,0,0,0,0,0,0,0,0,0,139.159833
RCOU,139199833,1413,1391,1270,1400,1413,0,0,0,0,0,0,0,0,0,139.199833
RCOU,139239833,1413,1391,1270,1400,1413,0,0,0,0,0,0,0,0,0,139.239833
RCOU,139279833,1412,1391,1270,1399,1412,0,0,0,0,0,0,0,0,0,139.279833
RCOU,139319833,1412,1391,1270,1399,1412,0,0,0,0,0,0,0,0,0,139.319833
RCOU,139359833,1411,1392,1271,1398,1411,0,0,0,0,0,0,0,0,0,139.359833
RCOU,139399833,1410,1392,1271,1397,1410,0,0,0,0,0,0,0,0,0,139.399833
RCOU,139439833,1410,1391,1271,1397,1410,0,0,0,0,0,0,0,0,0,139.439833
RCOU,139479833,1410,1391,1272,1396,1410,0,0,0,0,0,0,0,0,0,139.479833
RCOU,139519833,1410,1391,1272,1396,1410,0,0,0,0,0,0,0,0,0,139.519833
RCOU,139559833,1410,1391,1272,1396,1410,0,0,0,0,0,0,0,0,0,139.559833
RCOU,139599833,1410,1391,1272,1396,1410,0,0,0,0,0,0,0,0,0,139.599833
RCOU,139639833,1410,1391,1273,1396,1410,0,0,0,0,0,0,0,0,0,139.639833
RCOU,139679833,1409,1396,1273,1397,1409,0,0,0,0,0,0,0,0,0,139.679833
RCOU,139719833,1409,1398,1273,1398,1409,0,0,0,0,0,0,0,0,0,139.719833
RCOU,139759833,1409,1398,1273,1398,1409,0,0,0,0,0,0,0,0,0,139.759833
RCOU,139799833,1409,1399,1274,1399,1409,0,0,0,0,0,0,0,0,0,139.799833
RCOU,139839833,1409,1400,1274,1401,1409,0,0,0,0,0,0,0,0,0,139.839833
RCOU,139879833,1409,1400,1274,1402,1409,0,0,0,0,0,0,0,0,0,139.879833
RCOU,139919833,1409,1400,1274,1403,1409,0,0,0,0,0,0,0,0,0,139.919833
RCOU,139959833,1409,1400,1274,1404,1409,0,0,0,0,0,0,0,0,0,139.959833
RCOU,139999833,1409,1400,1275,1406,1409,0,0,0,0,0,0,0,0,0,139.999833
RCOU,140039833,1409,1400,1275,1407,1409,0,0,0,0,0,0,0,0,0,140.039833
RCOU,140079833,1409,1400,1275,1408,1409,0,0,0,0,0,0,0,0,0,140.079833
RCOU,140119833,1409,1400,1275,1409,1409,0,0,0,0,0,0,0,0,0,140.119833
RCOU,140159833,1408,1400,1276,1409,1408,0,0,0,0,0,0,0,0,0,140.159833
RCOU,140199833,1408,1400,1276,1410,1408,0,0,0,0,0,0,0,0,0,140.199833
RCOU,140239833,1408,1400,1276,1410,1408,0,0,0,0,0,0,0,0,0,140.239833
RCOU,140279833,1408,1400,1277,1410,1408,0,0,0,0,0,0,0,0,0,140.279833
RCOU,140319833,1408,1400,1277,1410,1408,0,0,0,0,0,0,0,0,0,140.319833
RCOU,140359833,1408,1400,1278,1410,1408,0,0,0,0,0,0,0,0,0,140.359833
RCOU,140399833,1408,1400,1278,1409,1408,0,0,0,0,0,0,0,0,0,140.399833
RCOU,140439833,1407,1400,1278,1408,1407,0,0,0,0,0,0,0,0,0,140.439833
RCOU,140479833,1407,1400,1279,1407,1407,0,0,0,0,0,0,0,0,0,140.479833
RCOU,140519833,1407,1400,1279,1406,1407,0,0,0,0,0,0,0,0,0,140.519833
RCOU,140559833,1407,1400,1279,1405,1407,0,0,0,0,0,0,0,0,0,140.559833
RCOU,140599833,1407,1400,1279,1404,1407,0,0,0,0,0,0,0,0,0,140.599833
RCOU,140639833,1407,1400,1280,1403,1407,0,0,0,0,0,0,0,0,0,140.639833
RCOU,140679833,1407,1399,1280,1402,1407,0,0,0,0,0,0,0,0,0,140.679833
RCOU,140719833,1407,1399,1281,1401,1407,0,0,0,0,0,0,0,0,0,140.719833
RCOU,140759833,1407,1399,1281,1400,1407,0,0,0,0,0,0,0,0,0,140.759833
RCOU,140799833,1407,1399,1282,1400,1407,0,0,0,0,0,0,0,0,0,140.799833
RCOU,140839833,1407,1399,1282,1399,1407,0,0,0,0,0,0,0,0,0,140.839833
RCOU,140879833,1406,1399,1283,1399,1406,0,0,0,0,0,0,0,0,0,140.879833
RCOU,140919833,1406,1399,1283,1399,1406,0,0,0,0,0,0,0,0,0,140.919833
RCOU,140959833,1406,1399,1284,1399,1406,0,0,0,0,0,0,0,0,0,140.959833
RCOU,140999833,1406,1399,1285,1399,1406,0,0,0,0,0,0,0,0,0,140.999833
RCOU,141039833,1406,1399,1285,1399,1406,0,0,0,0,0,0,0,0,0,141.039833
RCOU,141079833,1406,1399,1286,1400,1406,0,0,0,0,0,0,0,0,0,141.079833
RCOU,141119833,1406,1399,1286,1400,1406,0,0,0,0,0,0,0,0,0,141.119833
RCOU,141159833,1406,1398,1287,1401,1406,0,0,0,0,0,0,0,0,0,141.159833
RCOU,141199833,1406,1398,1288,1401,1406,0,0,0,0,0,0,0,0,0,141.199833
RCOU,141239833,1406,1398,1288,1402,1406,0,0,0,0,0,0,0,0,0,141.239833
RCOU,141279833,1406,1398,1289,1402,1406,0,0,0,0,0,0,0,0,0,141.279833
RCOU,141319833,1406,1398,1289,1403,1406,0,0,0,0,0,0,0,0,0,141.319833
RCOU,141359833,1406,1398,1290,1404,1406,0,0,0,0,0,0,0,0,0,141.359833
RCOU,141399833,1406,1398,1290,1404,1406,0,0,0,0,0,0,0,0,0,141.399833
RCOU,141439833,1405,1398,1290,1405,1405,0,0,0,0,0,0,0,0,0,141.439833
RCOU,141479833,1405,1398,1291,1405,1405,0,0,0,0,0,0,0,0,0,141.479833
RCOU,141519833,1405,1398,1292,1405,1405,0,0,0,0,0,0,0,0,0,141.519833
RCOU,141559833,1405,1398,1292,1406,1405,0,0,0,0,0,0,0,0,0,141.559833
RCOU,141599833,1405,1398,1293,1406,1405,0,0,0,0,0,0,0,0,0,141.599833
RCOU,141639833,1405,1398,1293,1406,1405,0,0,0,0,0,0,0,0,0,141.639833
RCOU,141679833,1405,1398,1294,1406,1405,0,0,0,0,0,0,0,0,0,141.679833
RCOU,141719833,1404,1398,1295,1407,1404,0,0,0,0,0,0,0,0,0,141.719833
RCOU,141759833,1404,1398,1295,1407,1404,0,0,0,0,0,0,0,0,0,141.759833
RCOU,141799833,1404,1398,1296,1407,1404,0,0,0,0,0,0,0,0,0,141.799833
RCOU,141839833,1404,1398,1297,1407,1404,0,0,0,0,0,0,0,0,0,141.839833
RCOU,141879833,1404,1398,1297,1408,1404,0,0,0,0,0,0,0,0,0,141.879833
RCOU,141919833,1405,1398,1298,1409,1405,0,0,0,0,0,0,0,0,0,141.919833
RCOU,141959833,1405,1399,1298,1409,1405,0,0,0,0,0,0,0,0,0,141.959833
RCOU,141999833,1405,1399,1299,1410,1405,0,0,0,0,0,0,0,0,0,141.999833
RCOU,142039833,1405,1399,1300,1410,1405,0,0,0,0,0,0,0,0,0,142.039833
RCOU,142079833,1406,1399,1300,1412,1406,0,0,0,0,0,0,0,0,0,142.079833
RCOU,142119833,1406,1399,1301,1414,1406,0,0,0,0,0,0,0,0,0,142.119833
RCOU,142159833,1406,1399,1301,1415,1406,0,0,0,0,0,0,0,0,0,142.159833
RCOU,142199833,1407,1399,1302,1417,1407,0,0,0,0,0,0,0,0,0,142.199833
RCOU,142239833,1407,1399,1302,1418,1407,0,0,0,0,0,0,0,0,0,142.239833
RCOU,142279833,1408,1400,1302,1419,1408,0,0,0,0,0,0,0,0,0,142.279833
RCOU,142319833,1408,1400,1303,1420,1408,0,0,0,0,0,0,0,0,0,142.319833
RCOU,142359833,1409,1396,1303,1420,1409,0,0,0,0,0,0,0,0,0,142.359833
RCOU,142399833,1409,1394,1304,1421,1409,0,0,0,0,0,0,0,0,0,142.399833
RCOU,142439833,1410,1393,1304,1420,1410,0,0,0,0,0,0,0,0,0,142.439833
RCOU,142479833,1410,1392,1305,1420,1410,0,0,0,0,0,0,0,0,0,142.479833
RCOU,142519833,1410,1391,1305,1419,1410,0,0,0,0,0,0,0,0,0,142.519833
RCOU,142559833,1410,1391,1306,1418,1410,0,0,0,0,0,0,0,0,0,142.559833
RCOU,142599833,1411,1391,1306,1416,1411,0,0,0,0,0,0,0,0,0,142.599833
RCOU,142639833,1411,1392,1307,1414,1411,0,0,0,0,0,0,0,0,0,142.639833
RCOU,142679833,1411,1392,1307,1411,1411,0,0,0,0,0,0,0,0,0,142.679833
RCOU,142719833,1412,1392,1308,1410,1412,0,0,0,0,0,0,0,0,0,142.719833
RCOU,142759833,1412,1393,1308,1408,1412,0,0,0,0,0,0,0,0,0,142.759833
RCOU,142799833,1412,1393,1308,1406,1412,0,0,0,0,0,0,0,0,0,142.799833
RCOU,142839833,1412,1393,1309,1404,1412,0,0,0,0,0,0,0,0,0,142.839833
RCOU,142879833,1413,1394,1309,1402,1413,0,0,0,0,0,0,0,0,0,142.879833
RCOU,142919833,1413,1394,1309,1400,1413,0,0,0,0,0,0,0,0,0,142.919833
RCOU,142959833,1413,1394,1309,1398,1413,0,0,0,0,0,0,0,0,0,142.959833
RCOU,142999833,1414,1395,1310,1396,1414,0,0,0,0,0,0,0,0,0,142.999833
RCOU,143039833,1414,1395,1310,1395,1414,0,0,0,0,0,0,0,0,0,143.039833
RCOU,143079833,1414,1396,1310,1394,1414,0,0,0,0,0,0,0,0,0,143.079833
RCOU,143119833,1415,1396,1310,1393,1415,0,0,0,0,0,0,0,0,0,143.119833
RCOU,143159833,1415,1396,1310,1393,1415,0,0,0,0,0,0,0,0,0,143.159833
RCOU,143199833,1415,1397,1310,1393,1415,0,0,0,0,0,0,0,0,0,143.199833
RCOU,143239833,1416,1398,1310,1394,1416,0,0,0,0,0,0,0,0,0,143.239833
RCOU,143279833,1416,1398,1310,1394,1416,0,0,0,0,0,0,0,0,0,143.279833
RCOU,143319833,1416,1399,1310,1395,1416,0,0,0,0,0,0,0,0,0,143.319833
RCOU,143359833,1416,1399,1309,1395,1416,0,0,0,0,0,0,0,0,0,143.359833
RCOU,143399833,1416,1399,1309,1396,1416,0,0,0,0,0,0,0,0,0,143.399833
RCOU,143439833,1416,1399,1309,1396,1416,0,0,0,0,0,0,0,0,0,143.439833
RCOU,143479833,1416,1399,1309,1397,1416,0,0,0,0,0,0,0,0,0,143.479833
RCOU,143519833,1415,1399,1309,1397,1415,0,0,0,0,0,0,0,0,0,143.519833
RCOU,143559833,1415,1400,1308,1397,1415,0,0,0,0,0,0,0,0,0,143.559833
RCOU,143599833,1415,1400,1308,1397,1415,0,0,0,0,0,0,0,0,0,143.599833
RCOU,143639833,1414,1400,1308,1397,1414,0,0,0,0,0,0,0,0,0,143.639833
RCOU,143679833,1413,1400,1308,1397,1413,0,0,0,0,0,0,0,0,0,143.679833
RCOU,143719833,1413,1401,1307,1397,1413,0,0,0,0,0,0,0,0,0,143.719833
RCOU,143759833,1412,1401,1307,1396,1412,0,0,0,0,0,0,0,0,0,143.759833
RCOU,143799833,1412,1401,1307,1396,1412,0,0,0,0,0,0,0,0,0,143.799833
RCOU,143839833,1411,1401,1307,1395,1411,0,0,0,0,0,0,0,0,0,143.839833
RCOU,143879833,1411,1402,1306,1395,1411,0,0,0,0,0,0,0,0,0,143.879833
RCOU,143919833,1410,1402,1306,1394,1410,0,0,0,0,0,0,0,0,0,143.919833
RCOU,143959833,1410,1402,1306,1394,1410,0,0,0,0,0,0,0,0,0,143.959833
RCOU,143999833,1410,1397,1305,1394,1410,0,0,0,0,0,0,0,0,0,143.999833
RCOU,144039833,1410,1395,1305,1394,1410,0,0,0,0,0,0,0,0,0,144.039833
RCOU,144079833,1410,1395,1305,1394,1410,0,0,0,0,0,0,0,0,0,144.079833
RCOU,144119833,1409,1394,1305,1395,1409,0,0,0,0,0,0,0,0,0,144.119833
RCOU,144159833,1409,1394,1304,1395,1409,0,0,0,0,0,0,0,0,0,144.159833
RCOU,144199833,1409,1393,1304,1396,1409,0,0,0,0,0,0,0,0,0,144.199833
RCOU,144239833,1409,1393,1304,1397,1409,0,0,0,0,0,0,0,0,0,144.239833
RCOU,144279833,1409,1392,1303,1399,1409,0,0,0,0,0,0,0,0,0,144.279833
RCOU,144319833,1409,1392,1303,1400,1409,0,0,0,0,0,0,0,0,0,144.319833
RCOU,144359833,1409,1392,1303,1401,1409,0,0,0,0,0,0,0,0,0,144.359833
RCOU,144399833,1409,1392,1303,1403,1409,0,0,0,0,0,0,0,0,0,144.399833
RCOU,144439833,1409,1392,1302,1404,1409,0,0,0,0,0,0,0,0,0,144.439833
RCOU,144479833,1409,1392,1302,1406,1409,0,0,0,0,0,0,0,0,0,144.479833
RCOU,144519833,1409,1393,1302,1407,1409,0,0,0,0,0,0,0,0,0,144.519833
RCOU,144559833,1409,1393,1302,1408,1409,0,0,0,0,0,0,0,0,0,144.559833
RCOU,144599833,1409,1393,1302,1409,1409,0,0,0,0,0,0,0,0,0,144.599833
RCOU,144639833,1408,1394,1302,1410,1408,0,0,0,0,0,0,0,0,0,144.639833
RCOU,144679833,1408,1394,1301,1410,1408,0,0,0,0,0,0,0,0,0,144.679833
RCOU,144719833,1408,1394,1301,1410,1408,0,0,0,0,0,0,0,0,0,144.719833
RCOU,144759833,1408,1394,1300,1410,1408,0,0,0,0,0,0,0,0,0,144.759833
RCOU,144799833,1408,1394,1300,1410,1408,0,0,0,0,0,0,0,0,0,144.799833
RCOU,144839833,1408,1394,1299,1410,1408,0,0,0,0,0,0,0,0,0,144.839833
RCOU,144879833,1408,1394,1299,1410,1408,0,0,0,0,0,0,0,0,0,144.879833
RCOU,144919833,1407,1394,1298,1409,1407,0,0,0,0,0,0,0,0,0,144.919833
RCOU,144959833,1407,1395,1298,1408,1407,0,0,0,0,0,0,0,0,0,144.959833
RCOU,144999833,1407,1395,1297,1407,1407,0,0,0,0,0,0,0,0,0,144.999833
RCOU,145039833,1407,1395,1297,1406,1407,0,0,0,0,0,0,0,0,0,145.039833
RCOU,145079833,1407,1395,1296,1405,1407,0,0,0,0,0,0,0,0,0,145.079833
RCOU,145119833,1407,1396,1295,1404,1407,0,0,0,0,0,0,0,0,0,145.119833
RCOU,145159833,1407,1396,1295,1403,1407,0,0,0,0,0,0,0,0,0,145.159833
RCOU,145199833,1407,1396,1294,1402,1407,0,0,0,0,0,0,0,0,0,145.199833
RCOU,145239833,1407,1397,1293,1401,1407,0,0,0,0,0,0,0,0,0,145.239833
RCOU,145279833,1407,1397,1293,1400,1407,0,0,0,0,0,0,0,0,0,145.279833
RCOU,145319833,1406,1397,1292,1399,1406,0,0,0,0,0,0,0,0,0,145.319833
RCOU,145359833,1406,1398,1291,1399,1406,0,0,0,0,0,0,0,0,0,145.359833
RCOU,145399833,1406,1398,1291,1399,1406,0,0,0,0,0,0,0,0,0,145.399833
RCOU,145439833,1406,1398,1290,1399,1406,0,0,0,0,0,0,0,0,0,145.439833
RCOU,145479833,1406,1398,1290,1399,1406,0,0,0,0,0,0,0,0,0,145.479833
RCOU,145519833,1406,1398,1289,1399,1406,0,0,0,0,0,0,0,0,0,145.519833
RCOU,145559833,1406,1397,1289,1400,1406,0,0,0,0,0,0,0,0,0,145.559833
RCOU,145599833,1406,1397,1288,1400,1406,0,0,0,0,0,0,0,0,0,145.599833
RCOU,145639833,1406,1397,1287,1401,1406,0,0,0,0,0,0,0,0,0,145.639833
RCOU,145679833,1406,1396,1286,1401,1406,0,0,0,0,0,0,0,0,0,145.679833
RCOU,145719833,1406,1396,1286,1402,1406,0,0,0,0,0,0,0,0,0,145.719833
RCOU,145759833,1406,1396,1285,1402,1406,0,0,0,0,0,0,0,0,0,145.759833
RCOU,145799833,1406,1396,1284,1403,1406,0,0,0,0,0,0,0,0,0,145.799833
RCOU,145839833,1405,1396,1284,1404,1405,0,0,0,0,0,0,0,0,0,145.839833
RCOU,145879833,1405,1395,1283,1404,1405,0,0,0,0,0,0,0,0,0,145.879833
RCOU,145919833,1405,1395,1282,1405,1405,0,0,0,0,0,0,0,0,0,145.919833
RCOU,145959833,1405,1395,1282,1405,1405,0,0,0,0,0,0,0,0,0,145.959833
RCOU,145999833,1405,1395,1281,1405,1405,0,0,0,0,0,0,0,0,0,145.999833
RCOU,146039833,1405,1394,1281,1406,1405,0,0,0,0,0,0,0,0,0,146.039833
RCOU,146079833,1405,1394,1280,1406,1405,0,0,0,0,0,0,0,0,0,146.079833
RCOU,146119833,1405,1394,1280,1406,1405,0,0,0,0,0,0,0,0,0,146.119833
RCOU,146159833,1404,1393,1279,1406,1404,0,0,0,0,0,0,0,0,0,146.159833
RCOU,146199833,1404,1393,1279,1407,1404,0,0,0,0,0,0,0,0,0,146.199833
RCOU,146239833,1404,1392,1279,1407,1404,0,0,0,0,0,0,0,0,0,146.239833
RCOU,146279833,1404,1392,1279,1407,1404,0,0,0,0,0,0,0,0,0,146.279833
RCOU,146319833,1404,1392,1278,1408,1404,0,0,0,0,0,0,0,0,0,146.319833
RCOU,146359833,1405,1391,1278,1409,1405,0,0,0,0,0,0,0,0,0,146.359833
RCOU,146399833,1405,1391,1278,1409,1405,0,0,0,0,0,0,0,0,0,146.399833
RCOU,146439833,1405,1391,1277,1410,1405,0,0,0,0,0,0,0,0,0,146.439833
RCOU,146479833,1405,1391,1277,1411,1405,0,0,0,0,0,0,0,0,0,146.479833
RCOU,146519833,1406,1391,1277,1412,1406,0,0,0,0,0,0,0,0,0,146.519833
RCOU,146559833,1406,1391,1276,1414,1406,0,0,0,0,0,0,0,0,0,146.559833
RCOU,146599833,1407,1391,1276,1416,1407,0,0,0,0,0,0,0,0,0,146.599833
RCOU,146639833,1407,1391,1276,1417,1407,0,0,0,0,0,0,0,0,0,146.639833
RCOU,146679833,1407,1395,1275,1418,1407,0,0,0,0,0,0,0,0,0,146.679833
RCOU,146719833,1408,1397,1275,1420,1408,0,0,0,0,0,0,0,0,0,146.719833
RCOU,146759833,1408,1398,1275,1420,1408,0,0,0,0,0,0,0,0,0,146.759833
RCOU,146799833,1409,1399,1274,1421,1409,0,0,0,0,0,0,0,0,0,146.799833
RCOU,146839833,1409,1399,1274,1421,1409,0,0,0,0,0,0,0,0,0,146.839833
RCOU,146879833,1410,1399,1273,1421,1410,0,0,0,0,0,0,0,0,0,146.879833
RCOU,146919833,1410,1399,1273,1420,1410,0,0,0,0,0,0,0,0,0,146.919833
RCOU,146959833,1410,1399,1273,1419,1410,0,0,0,0,0,0,0,0,0,146.959833
RCOU,146999833,1410,1398,1272,1417,1410,0,0,0,0,0,0,0,0,0,146.999833
RCOU,147039833,1411,1398,1272,1415,1411,0,0,0,0,0,0,0,0,0,147.039833
RCOU,147079833,1411,1398,1272,1413,1411,0,0,0,0,0,0,0,0,0,147.079833
RCOU,147119833,1411,1398,1272,1410,1411,0,0,0,0,0,0,0,0,0,147.119833
RCOU,147159833,1412,1397,1271,1409,1412,0,0,0,0,0,0,0,0,0,147.159833
RCOU,147199833,1412,1397,1271,1407,1412,0,0,0,0,0,0,0,0,0,147.199833
RCOU,147239833,1412,1397,1271,1405,1412,0,0,0,0,0,0,0,0,0,147.239833
RCOU,147279833,1412,1397,1271,1403,1412,0,0,0,0,0,0,0,0,0,147.279833
RCOU,147319833,1413,1397,1271,1401,1413,0,0,0,0,0,0,0,0,0,147.319833
RCOU,147359833,1413,1397,1271,1399,1413,0,0,0,0,0,0,0,0,0,147.359833
RCOU,147399833,1413,1396,1270,1398,1413,0,0,0,0,0,0,0,0,0,147.399833
RCOU,147439833,1414,1396,1270,1396,1414,0,0,0,0,0,0,0,0,0,147.439833
RCOU,147479833,1414,1396,1270,1395,1414,0,0,0,0,0,0,0,0,0,147.479833
RCOU,147519833,1414,1396,1270,1394,1414,0,0,0,0,0,0,0,0,0,147.519833
RCOU,147559833,1415,1395,1270,1394,1415,0,0,0,0,0,0,0,0,0,147.559833
RCOU,147599833,1415,1395,1270,1394,1415,0,0,0,0,0,0,0,0,0,147.599833
RCOU,147639833,1415,1395,1270,1394,1415,0,0,0,0,0,0,0,0,0,147.639833
RCOU,147679833,1416,1394,1271,1395,1416,0,0,0,0,0,0,0,0,0,147.679833
RCOU,147719833,1416,1394,1271,1395,1416,0,0,0,0,0,0,0,0,0,147.719833
RCOU,147759833,1416,1393,1271,1396,1416,0,0,0,0,0,0,0,0,0,147.759833
RCOU,147799833,1416,1393,1271,1397,1416,0,0,0,0,0,0,0,0,0,147.799833
RCOU,147839833,1416,1392,1271,1397,1416,0,0,0,0,0,0,0,0,0,147.839833
RCOU,147879833,1416,1392,1271,1398,1416,0,0,0,0,0,0,0,0,0,147.879833
RCOU,147919833,1416,1392,1272,1398,1416,0,0,0,0,0,0,0,0,0,147.919833
RCOU,147959833,1415,1391,1272,1399,1415,0,0,0,0,0,0,0,0,0,147.959833
RCOU,147999833,1415,1391,1272,1399,1415,0,0,0,0,0,0,0,0,0,147.999833
RCOU,148039833,1414,1391,1272,1399,1414,0,0,0,0,0,0,0,0,0,148.039833
RCOU,148079833,1414,1392,1273,1399,1414,0,0,0,0,0,0,0,0,0,148.079833
RCOU,148119833,1413,1392,1273,1398,1413,0,0,0,0,0,0,0,0,0,148.119833
RCOU,148159833,1413,1392,1273,1398,1413,0,0,0,0,0,0,0,0,0,148.159833
RCOU,148199833,1412,1392,1273,1398,1412,0,0,0,0,0,0,0,0,0,148.199833
RCOU,148239833,1411,1392,1274,1397,1411,0,0,0,0,0,0,0,0,0,148.239833
RCOU,148279833,1411,1392,1274,1397,1411,0,0,0,0,0,0,0,0,0,148.279833
RCOU,148319833,1410,1397,1274,1396,1410,0,0,0,0,0,0,0,0,0,148.319833
RCOU,148359833,1410,1399,1274,1396,1410,0,0,0,0,0,0,0,0,0,148.359833
RCOU,148399833,1410,1400,1275,1395,1410,0,0,0,0,0,0,0,0,0,148.399833
RCOU,148439833,1410,1400,1275,1395,1410,0,0,0,0,0,0,0,0,0,148.439833
RCOU,148479833,1410,1400,1275,1395,1410,0,0,0,0,0,0,0,0,0,148.479833
RCOU,148519833,1410,1400,1275,1395,1410,0,0,0,0,0,0,0,0,0,148.519833
RCOU,148559833,1409,1400,1276,1396,1409,0,0,0,0,0,0,0,0,0,148.559833
RCOU,148599833,1409,1400,1276,1397,1409,0,0,0,0,0,0,0,0,0,148.599833
RCOU,148639833,1409,1400,1276,1397,1409,0,0,0,0,0,0,0,0,0,148.639833
RCOU,148679833,1409,1400,1276,1398,1409,0,0,0,0,0,0,0,0,0,148.679833
RCOU,148719833,1409,1400,1277,1400,1409,0,0,0,0,0,0,0,0,0,148.719833
RCOU,148759833,1409,1400,1277,1401,1409,0,0,0,0,0,0,0,0,0,148.759833
RCOU,148799833,1409,1400,1277,1402,1409,0,0,0,0,0,0,0,0,0,148.799833
RCOU,148839833,1409,1400,1277,1404,1409,0,0,0,0,0,0,0,0,0,148.839833
RCOU,148879833,1409,1400,1278,1405,1409,0,0,0,0,0,0,0,0,0,148.879833
RCOU,148919833,1409,1400,1278,1406,1409,0,0,0,0,0,0,0,0,0,148.919833
RCOU,148959833,1409,1400,1279,1407,1409,0,0,0,0,0,0,0,0,0,148.959833
RCOU,148999833,1409,1400,1279,1408,1409,0,0,0,0,0,0,0,0,0,148.999833
RCOU,149039833,1408,1400,1279,1409,1408,0,0,0,0,0,0,0,0,0,149.039833
RCOU,149079833,1408,1400,1279,1410,1408,0,0,0,0,0,0,0,0,0,149.079833
RCOU,149119833,1408,1400,1279,1410,1408,0,0,0,0,0,0,0,0,0,149.119833
RCOU,149159833,1408,1400,1280,1410,1408,0,0,0,0,0,0,0,0,0,149.159833
RCOU,149199833,1408,1400,1280,1410,1408,0,0,0,0,0,0,0,0,0,149.199833
RCOU,149239833,1408,1400,1281,1410,1408,0,0,0,0,0,0,0,0,0,149.239833
RCOU,149279833,1407,1400,1281,1410,1407,0,0,0,0,0,0,0,0,0,149.279833
RCOU,149319833,1407,1400,1282,1409,1407,0,0,0,0,0,0,0,0,0,149.319833
RCOU,149359833,1407,1400,1282,1408,1407,0,0,0,0,0,0,0,0,0,149.359833
RCOU,149399833,1407,1400,1283,1407,1407,0,0,0,0,0,0,0,0,0,149.399833
RCOU,149439833,1407,1400,1283,1406,1407,0,0,0,0,0,0,0,0,0,149.439833
RCOU,149479833,1407,1400,1284,1405,1407,0,0,0,0,0,0,0,0,0,149.479833
RCOU,149519833,1407,1400,1284,1404,1407,0,0,0,0,0,0,0,0,0,149.519833
RCOU,149559833,1407,1400,1285,1403,1407,0,0,0,0,0,0,0,0,0,149.559833
RCOU,149599833,1407,1400,1285,1402,1407,0,0,0,0,0,0,0,0,0,149.599833
RCOU,149639833,1406,1399,1286,1401,1406,0,0,0,0,0,0,0,0,0,149.639833
RCOU,149679833,1406,1399,1286,1400,1406,0,0,0,0,0,0,0,0,0,149.679833
RCOU,149719833,1406,1399,1287,1400,1406,0,0,0,0,0,0,0,0,0,149.719833
RCOU,149759833,1406,1399,1288,1399,1406,0,0,0,0,0,0,0,0,0,149.759833
RCOU,149799833,1406,1399,1288,1399,1406,0,0,0,0,0,0,0,0,0,149.799833
RCOU,149839833,1406,1399,1289,1399,1406,0,0,0,0,0,0,0,0,0,149.839833
RCOU,149879833,1406,1399,1289,1399,1406,0,0,0,0,0,0,0,0,0,149.879833
RCOU,149919833,1406,1399,1290,1399,1406,0,0,0,0,0,0,0,0,0,149.919833
RCOU,149959833,1406,1399,1290,1400,1406,0,0,0,0,0,0,0,0,0,149.959833
RCOU,149999833,1406,1399,1290,1400,1406,0,0,0,0,0,0,0,0,0,149.999833
RCOU,150039833,1406,1399,1291,1400,1406,0,0,0,0,0,0,0,0,0,150.039833
RCOU,150079833,1406,1399,1291,1401,1406,0,0,0,0,0,0,0,0,0,150.079833
RCOU,150119833,1406,1399,1292,1401,1406,0,0,0,0,0,0,0,0,0,150.119833
RCOU,150159833,1405,1399,1293,1402,1405,0,0,0,0,0,0,0,0,0,150.159833
RCOU,150199833,1405,1399,1293,1403,1405,0,0,0,0,0,0,0,0,0,150.199833
RCOU,150239833,1405,1399,1294,1403,1405,0,0,0,0,0,0,0,0,0,150.239833
RCOU,150279833,1405,1399,1294,1404,1405,0,0,0,0,0,0,0,0,0,150.279833
RCOU,150319833,1405,1399,1295,1404,1405,0,0,0,0,0,0,0,0,0,150.319833
RCOU,150359833,1405,1399,1296,1405,1405,0,0,0,0,0,0,0,0,0,150.359833
RCOU,150399833,1405,1399,1296,1405,1405,0,0,0,0,0,0,0,0,0,150.399833
RCOU,150439833,1405,1399,1297,1405,1405,0,0,0,0,0,0,0,0,0,150.439833
RCOU,150479833,1404,1399,1297,1406,1404,0,0,0,0,0,0,0,0,0,150.479833
RCOU,150519833,1404,1399,1298,1406,1404,0,0,0,0,0,0,0,0,0,150.519833
RCOU,150559833,1404,1400,1299,1406,1404,0,0,0,0,0,0,0,0,0,150.559833
RCOU,150599833,1404,1400,1299,1407,1404,0,0,0,0,0,0,0,0,0,150.599833
RCOU,150639833,1404,1400,1300,1407,1404,0,0,0,0,0,0,0,0,0,150.639833
RCOU,150679833,1405,1400,1300,1408,1405,0,0,0,0,0,0,0,0,0,150.679833
RCOU,150719833,1405,1400,1301,1409,1405,0,0,0,0,0,0,0,0,0,150.719833
RCOU,150759833,1405,1400,1302,1410,1405,0,0,0,0,0,0,0,0,0,150.759833
RCOU,150799833,1405,1400,1302,1410,1405,0,0,0,0,0,0,0,0,0,150.799833
RCOU,150839833,1406,1400,1302,1412,1406,0,0,0,0,0,0,0,0,0,150.839833
RCOU,150879833,1406,1401,1302,1414,1406,0,0,0,0,0,0,0,0,0,150.879833
RCOU,150919833,1407,1401,1303,1416,1407,0,0,0,0,0,0,0,0,0,150.919833
RCOU,150959833,1407,1401,1303,1417,1407,0,0,0,0,0,0,0,0,0,150.959833
RCOU,150999833,1407,1398,1304,1419,1407,0,0,0,0,0,0,0,0,0,150.999833
RCOU,151039833,1408,1395,1304,1420,1408,0,0,0,0,0,0,0,0,0,151.039833
RCOU,151079833,1408,1394,1305,1421,1408,0,0,0,0,0,0,0,0,0,151.079833
RCOU,151119833,1409,1393,1305,1421,1409,0,0,0,0,0,0,0,0,0,151.119833
RCOU,151159833,1409,1393,1306,1421,1409,0,0,0,0,0,0,0,0,0,151.159833
RCOU,151199833,1410,1392,1306,1421,1410,0,0,0,0,0,0,0,0,0,151.199833
RCOU,151239833,1410,1392,1307,1421,1410,0,0,0,0,0,0,0,0,0,151.239833
RCOU,151279833,1410,1392,1307,1420,1410,0,0,0,0,0,0,0,0,0,151.279833
RCOU,151319833,1411,1392,1307,1418,1411,0,0,0,0,0,0,0,0,0,151.319833
RCOU,151359833,1411,1392,1308,1417,1411,0,0,0,0,0,0,0,0,0,151.359833
RCOU,151399833,1411,1393,1308,1414,1411,0,0,0,0,0,0,0,0,0,151.399833
RCOU,151439833,1412,1393,1309,1412,1412,0,0,0,0,0,0,0,0,0,151.439833
RCOU,151479833,1412,1394,1309,1410,1412,0,0,0,0,0,0,0,0,0,151.479833
RCOU,151519833,1412,1394,1309,1408,1412,0,0,0,0,0,0,0,0,0,151.519833
RCOU,151559833,1413,1395,1310,1406,1413,0,0,0,0,0,0,0,0,0,151.559833
RCOU,151599833,1413,1395,1310,1404,1413,0,0,0,0,0,0,0,0,0,151.599833
RCOU,151639833,1413,1395,1310,1402,1413,0,0,0,0,0,0,0,0,0,151.639833
RCOU,151679833,1413,1396,1310,1400,1413,0,0,0,0,0,0,0,0,0,151.679833
RCOU,151719833,1414,1396,1310,1398,1414,0,0,0,0,0,0,0,0,0,151.719833
RCOU,151759833,1414,1396,1310,1397,1414,0,0,0,0,0,0,0,0,0,151.759833
RCOU,151799833,1414,1397,1310,1395,1414,0,0,0,0,0,0,0,0,0,151.799833
RCOU,151839833,1415,1397,1310,1394,1415,0,0,0,0,0,0,0,0,0,151.839833
RCOU,151879833,1415,1398,1310,1394,1415,0,0,0,0,0,0,0,0,0,151.879833
RCOU,151919833,1415,1398,1310,1393,1415,0,0,0,0,0,0,0,0,0,151.919833
RCOU,151959833,1416,1399,1310,1393,1416,0,0,0,0,0,0,0,0,0,151.959833
RCOU,151999833,1416,1399,1310,1393,1416,0,0,0,0,0,0,0,0,0,151.999833
RCOU,152039833,1416,1399,1310,1394,1416,0,0,0,0,0,0,0,0,0,152.039833
RCOU,152079833,1416,1399,1310,1394,1416,0,0,0,0,0,0,0,0,0,152.079833
RCOU,152119833,1416,1399,1310,1395,1416,0,0,0,0,0,0,0,0,0,152.119833
RCOU,152159833,1416,1399,1309,1396,1416,0,0,0,0,0,0,0,0,0,152.159833
RCOU,152199833,1416,1399,1309,1396,1416,0,0,0,0,0,0,0,0,0,152.199833
RCOU,152239833,1416,1400,1309,1396,1416,0,0,0,0,0,0,0,0,0,152.239833
RCOU,152279833,1415,1400,1309,1397,1415,0,0,0,0,0,0,0,0,0,152.279833
RCOU,152319833,1415,1400,1308,1397,1415,0,0,0,0,0,0,0,0,0,152.319833
RCOU,152359833,1414,1400,1308,1397,1414,0,0,0,0,0,0,0,0,0,152.359833
RCOU,152399833,1414,1401,1308,1397,1414,0,0,0,0,0,0,0,0,0,152.399833
RCOU,152439833,1413,1401,1308,1396,1413,0,0,0,0,0,0,0,0,0,152.439833
RCOU,152479833,1413,1401,1307,1396,1413,0,0,0,0,0,0,0,0,0,152.479833
RCOU,152519833,1412,1402,1307,1396,1412,0,0,0,0,0,0,0,0,0,152.519833
RCOU,152559833,1412,1402,1307,1395,1412,0,0,0,0,0,0,0,0,0,152.559833
RCOU,152599833,1411,1402,1307,1395,1411,0,0,0,0,0,0,0,0,0,152.599833
RCOU,152639833,1410,1397,1306,1394,1410,0,0,0,0,0,0,0,0,0,152.639833
RCOU,152679833,1410,1395,1306,1394,1410,0,0,0,0,0,0,0,0,0,152.679833
RCOU,152719833,1410,1394,1306,1394,1410,0,0,0,0,0,0,0,0,0,152.719833
RCOU,152759833,1410,1394,1306,1394,1410,0,0,0,0,0,0,0,0,0,152.759833
RCOU,152799833,1410,1393,1305,1394,1410,0,0,0,0,0,0,0,0,0,152.799833
RCOU,152839833,1410,1393,1305,1394,1410,0,0,0,0,0,0,0,0,0,152.839833
RCOU,152879833,1409,1392,1305,1395,1409,0,0,0,0,0,0,0,0,0,152.879833
RCOU,152919833,1409,1392,1304,1396,1409,0,0,0,0,0,0,0,0,0,152.919833
RCOU,152959833,1409,1392,1304,1397,1409,0,0,0,0,0,0,0,0,0,152.959833
RCOU,152999833,1409,1392,1304,1398,1409,0,0,0,0,0,0,0,0,0,152.999833
RCOU,153039833,1409,1392,1304,1399,1409,0,0,0,0,0,0,0,0,0,153.039833
RCOU,153079833,1409,1392,1303,1400,1409,0,0,0,0,0,0,0,0,0,153.079833
RCOU,153119833,1409,1393,1303,1402,1409,0,0,0,0,0,0,0,0,0,153.119833
RCOU,153159833,1409,1393,1303,1403,1409,0,0,0,0,0,0,0,0,0,153.159833
RCOU,153199833,1409,1393,1302,1405,1409,0,0,0,0,0,0,0,0,0,153.199833
RCOU,153239833,1409,1394,1302,1406,1409,0,0,0,0,0,0,0,0,0,153.239833
RCOU,153279833,1409,1394,1302,1407,1409,0,0,0,0,0,0,0,0,0,153.279833
RCOU,153319833,1408,1394,1302,1408,1408,0,0,0,0,0,0,0,0,0,153.319833
RCOU,153359833,1408,1394,1302,1410,1408,0,0,0,0,0,0,0,0,0,153.359833
RCOU,153399833,1408,1394,1301,1410,1408,0,0,0,0,0,0,0,0,0,153.399833
RCOU,153439833,1408,1395,1301,1410,1408,0,0,0,0,0,0,0,0,0,153.439833
RCOU,153479833,1408,1395,1300,1410,1408,0,0,0,0,0,0,0,0,0,153.479833
RCOU,153519833,1408,1395,1300,1410,1408,0,0,0,0,0,0,0,0,0,153.519833
RCOU,153559833,1408,1395,1299,1410,1408,0,0,0,0,0,0,0,0,0,153.559833
RCOU,153599833,1407,1395,1298,1410,1407,0,0,0,0,0,0,0,0,0,153.599833
RCOU,153639833,1407,1396,1298,1410,1407,0,0,0,0,0,0,0,0,0,153.639833
RCOU,153679833,1407,1396,1297,1409,1407,0,0,0,0,0,0,0,0,0,153.679833
RCOU,153719833,1407,1396,1297,1408,1407,0,0,0,0,0,0,0,0,0,153.719833
RCOU,153759833,1407,1397,1296,1406,1407,0,0,0,0,0,0,0,0,0,153.759833
RCOU,153799833,1407,1397,1295,1405,1407,0,0,0,0,0,0,0,0,0,153.799833
RCOU,153839833,1407,1397,1295,1404,1407,0,0,0,0,0,0,0,0,0,153.839833
RCOU,153879833,1407,1398,1294,1403,1407,0,0,0,0,0,0,0,0,0,153.879833
RCOU,153919833,1407,1398,1293,1402,1407,0,0,0,0,0,0,0,0,0,153.919833
RCOU,153959833,1406,1398,1292,1401,1406,0,0,0,0,0,0,0,0,0,153.959833
RCOU,153999833,1406,1398,1292,1400,1406,0,0,0,0,0,0,0,0,0,153.999833
RCOU,154039833,1406,1398,1291,1400,1406,0,0,0,0,0,0,0,0,0,154.039833
RCOU,154079833,1406,1397,1290,1399,1406,0,0,0,0,0,0,0,0,0,154.079833
RCOU,154119833,1406,1397,1290,1399,1406,0,0,0,0,0,0,0,0,0,154.119833
RCOU,154159833,1406,1397,1290,1399,1406,0,0,0,0,0,0,0,0,0,154.159833
RCOU,154199833,1406,1397,1289,1399,1406,0,0,0,0,0,0,0,0,0,154.199833
RCOU,154239833,1406,1396,1288,1399,1406,0,0,0,0,0,0,0,0,0,154.239833
RCOU,154279833,1406,1396,1288,1399,1406,0,0,0,0,0,0,0,0,0,154.279833
RCOU,154319833,1406,1396,1287,1400,1406,0,0,0,0,0,0,0,0,0,154.319833
RCOU,154359833,1406,1396,1286,1400,1406,0,0,0,0,0,0,0,0,0,154.359833
RCOU,154399833,1406,1396,1286,1401,1406,0,0,0,0,0,0,0,0,0,154.399833
RCOU,154439833,1406,1395,1285,1401,1406,0,0,0,0,0,0,0,0,0,154.439833
RCOU,154479833,1406,1395,1284,1402,1406,0,0,0,0,0,0,0,0,0,154.479833
RCOU,154519833,1405,1395,1284,1403,1405,0,0,0,0,0,0,0,0,0,154.519833
RCOU,154559833,1405,1395,1283,1403,1405,0,0,0,0,0,0,0,0,0,154.559833
RCOU,154599833,1405,1394,1283,1404,1405,0,0,0,0,0,0,0,0,0,154.599833
RCOU,154639833,1405,1394,1282,1404,1405,0,0,0,0,0,0,0,0,0,154.639833
RCOU,154679833,1405,1394,1281,1404,1405,0,0,0,0,0,0,0,0,0,154.679833
RCOU,154719833,1405,1393,1281,1405,1405,0,0,0,0,0,0,0,0,0,154.719833
RCOU,154759833,1405,1393,1281,1405,1405,0,0,0,0,0,0,0,0,0,154.759833
RCOU,154799833,1405,1392,1280,1406,1405,0,0,0,0,0,0,0,0,0,154.799833
RCOU,154839833,1404,1392,1280,1406,1404,0,0,0,0,0,0,0,0,0,154.839833
RCOU,154879833,1404,1392,1279,1406,1404,0,0,0,0,0,0,0,0,0,154.879833
RCOU,154919833,1404,1392,1279,1407,1404,0,0,0,0,0,0,0,0,0,154.919833
RCOU,154959833,1404,1392,1279,1407,1404,0,0,0,0,0,0,0,0,0,154.959833
RCOU,154999833,1404,1392,1279,1408,1404,0,0,0,0,0,0,0,0,0,154.999833
RCOU,155039833,1405,1392,1279,1409,1405,0,0,0,0,0,0,0,0,0,155.039833
RCOU,155079833,1405,1392,1278,1409,1405,0,0,0,0,0,0,0,0,0,155.079833
RCOU,155119833,1405,1392,1278,1410,1405,0,0,0,0,0,0,0,0,0,155.119833
RCOU,155159833,1405,1392,1278,1411,1405,0,0,0,0,0,0,0,0,0,155.159833
RCOU,155199833,1406,1392,1277,1412,1406,0,0,0,0,0,0,0,0,0,155.199833
RCOU,155239833,1406,1391,1277,1414,1406,0,0,0,0,0,0,0,0,0,155.239833
RCOU,155279833,1407,1391,1276,1416,1407,0,0,0,0,0,0,0,0,0,155.279833
RCOU,155319833,1407,1395,1276,1417,1407,0,0,0,0,0,0,0,0,0,155.319833
RCOU,155359833,1407,1398,1276,1419,1407,0,0,0,0,0,0,0,0,0,155.359833
RCOU,155399833,1408,1399,1275,1420,1408,0,0,0,0,0,0,0,0,0,155.399833
RCOU,155439833,1408,1399,1275,1421,1408,0,0,0,0,0,0,0,0,0,155.439833
RCOU,155479833,1409,1400,1274,1421,1409,0,0,0,0,0,0,0,0,0,155.479833
RCOU,155519833,1409,1400,1274,1421,1409,0,0,0,0,0,0,0,0,0,155.519833
RCOU,155559833,1410,1400,1274,1421,1410,0,0,0,0,0,0,0,0,0,155.559833
RCOU,155599833,1410,1399,1273,1420,1410,0,0,0,0,0,0,0,0,0,155.599833
RCOU,155639833,1410,1399,1273,1419,1410,0,0,0,0,0,0,0,0,0,155.639833
RCOU,155679833,1410,1399,1273,1417,1410,0,0,0,0,0,0,0,0,0,155.679833
RCOU,155719833,1411,1398,1272,1416,1411,0,0,0,0,0,0,0,0,0,155.719833
RCOU,155759833,1411,1398,1272,1413,1411,0,0,0,0,0,0,0,0,0,155.759833
RCOU,155799833,1411,1398,1272,1410,1411,0,0,0,0,0,0,0,0,0,155.799833
RCOU,155839833,1412,1398,1271,1409,1412,0,0,0,0,0,0,0,0,0,155.839833
RCOU,155879833,1412,1398,1271,1407,1412,0,0,0,0,0,0,0,0,0,155.879833
RCOU,155919833,1412,1397,1271,1405,1412,0,0,0,0,0,0,0,0,0,155.919833
RCOU,155959833,1412,1397,1271,1403,1412,0,0,0,0,0,0,0,0,0,155.959833
RCOU,155999833,1413,1397,1271,1401,1413,0,0,0,0,0,0,0,0,0,155.999833
RCOU,156039833,1413,1397,1271,1399,1413,0,0,0,0,0,0,0,0,0,156.039833
RCOU,156079833,1413,1396,1271,1397,1413,0,0,0,0,0,0,0,0,0,156.079833
RCOU,156119833,1413,1396,1270,1396,1413,0,0,0,0,0,0,0,0,0,156.119833
RCOU,156159833,1414,1396,1270,1395,1414,0,0,0,0,0,0,0,0,0,156.159833
RCOU,156199833,1414,1395,1270,1394,1414,0,0,0,0,0,0,0,0,0,156.199833
RCOU,156239833,1414,1395,1270,1394,1414,0,0,0,0,0,0,0,0,0,156.239833
RCOU,156279833,1415,1395,1270,1394,1415,0,0,0,0,0,0,0,0,0,156.279833
RCOU,156319833,1415,1394,1271,1394,1415,0,0,0,0,0,0,0,0,0,156.319833
RCOU,156359833,1415,1394,1271,1394,1415,0,0,0,0,0,0,0,0,0,156.359833
RCOU,156399833,1416,1393,1271,1395,1416,0,0,0,0,0,0,0,0,0,156.399833
RCOU,156439833,1416,1393,1271,1396,1416,0,0,0,0,0,0,0,0,0,156.439833
RCOU,156479833,1416,1393,1271,1397,1416,0,0,0,0,0,0,0,0,0,156.479833
RCOU,156519833,1416,1392,1271,1398,1416,0,0,0,0,0,0,0,0,0,156.519833
RCOU,156559833,1416,1392,1271,1398,1416,0,0,0,0,0,0,0,0,0,156.559833
RCOU,156599833,1416,1391,1272,1399,1416,0,0,0,0,0,0,0,0,0,156.599833
RCOU,156639833,1415,1391,1272,1399,1415,0,0,0,0,0,0,0,0,0,156.639833
RCOU,156679833,1415,1391,1272,1400,1415,0,0,0,0,0,0,0,0,0,156.679833
RCOU,156719833,1415,1392,1272,1400,1415,0,0,0,0,0,0,0,0,0,156.719833
RCOU,156759833,1414,1392,1273,1400,1414,0,0,0,0,0,0,0,0,0,156.759833
RCOU,156799833,1414,1392,1273,1399,1414,0,0,0,0,0,0,0,0,0,156.799833
RCOU,156839833,1413,1392,1273,1399,1413,0,0,0,0,0,0,0,0,0,156.839833
RCOU,156879833,1412,1392,1273,1399,1412,0,0,0,0,0,0,0,0,0,156.879833
RCOU,156919833,1412,1392,1274,1398,1412,0,0,0,0,0,0,0,0,0,156.919833
RCOU,156959833,1411,1398,1274,1397,1411,0,0,0,0,0,0,0,0,0,156.959833
RCOU,156999833,1411,1400,1274,1397,1411,0,0,0,0,0,0,0,0,0,156.999833
RCOU,157039833,1410,1400,1274,1396,1410,0,0,0,0,0,0,0,0,0,157.039833
RCOU,157079833,1410,1401,1275,1396,1410,0,0,0,0,0,0,0,0,0,157.079833
RCOU,157119833,1410,1401,1275,1395,1410,0,0,0,0,0,0,0,0,0,157.119833
RCOU,157159833,1410,1401,1275,1395,1410,0,0,0,0,0,0,0,0,0,157.159833
RCOU,157199833,1410,1401,1275,1395,1410,0,0,0,0,0,0,0,0,0,157.199833
RCOU,157239833,1409,1401,1276,1395,1409,0,0,0,0,0,0,0,0,0,157.239833
RCOU,157279833,1409,1401,1276,1396,1409,0,0,0,0,0,0,0,0,0,157.279833
RCOU,157319833,1409,1401,1276,1396,1409,0,0,0,0,0,0,0,0,0,157.319833
RCOU,157359833,1409,1401,1276,1397,1409,0,0,0,0,0,0,0,0,0,157.359833
RCOU,157399833,1409,1401,1277,1398,1409,0,0,0,0,0,0,0,0,0,157.399833
RCOU,157439833,1409,1401,1277,1399,1409,0,0,0,0,0,0,0,0,0,157.439833
RCOU,157479833,1409,1401,1277,1401,1409,0,0,0,0,0,0,0,0,0,157.479833
RCOU,157519833,1409,1401,1278,1402,1409,0,0,0,0,0,0,0,0,0,157.519833
RCOU,157559833,1409,1401,1278,1403,1409,0,0,0,0,0,0,0,0,0,157.559833
RCOU,157599833,1409,1401,1278,1404,1409,0,0,0,0,0,0,0,0,0,157.599833
RCOU,157639833,1409,1401,1279,1406,1409,0,0,0,0,0,0,0,0,0,157.639833
RCOU,157679833,1408,1401,1279,1407,1408,0,0,0,0,0,0,0,0,0,157.679833
RCOU,157719833,1408,1401,1279,1408,1408,0,0,0,0,0,0,0,0,0,157.719833
RCOU,157759833,1408,1401,1279,1409,1408,0,0,0,0,0,0,0,0,0,157.759833
RCOU,157799833,1408,1401,1280,1410,1408,0,0,0,0,0,0,0,0,0,157.799833
RCOU,157839833,1408,1401,1280,1410,1408,0,0,0,0,0,0,0,0,0,157.839833
RCOU,157879833,1408,1401,1281,1410,1408,0,0,0,0,0,0,0,0,0,157.879833
RCOU,157919833,1408,1400,1281,1410,1408,0,0,0,0,0,0,0,0,0,157.919833
RCOU,157959833,1407,1400,1282,1410,1407,0,0,0,0,0,0,0,0,0,157.959833
RCOU,157999833,1407,1400,1282,1409,1407,0,0,0,0,0,0,0,0,0,157.999833
RCOU,158039833,1407,1400,1283,1409,1407,0,0,0,0,0,0,0,0,0,158.039833
RCOU,158079833,1407,1400,1283,1408,1407,0,0,0,0,0,0,0,0,0,158.079833
RCOU,158119833,1407,1400,1284,1407,1407,0,0,0,0,0,0,0,0,0,158.119833
RCOU,158159833,1407,1400,1284,1406,1407,0,0,0,0,0,0,0,0,0,158.159833
RCOU,158199833,1407,1400,1285,1405,1407,0,0,0,0,0,0,0,0,0,158.199833
RCOU,158239833,1406,1400,1285,1404,1406,0,0,0,0,0,0,0,0,0,158.239833
RCOU,158279833,1406,1400,1286,1402,1406,0,0,0,0,0,0,0,0,0,158.279833
RCOU,158319833,1406,1400,1287,1401,1406,0,0,0,0,0,0,0,0,0,158.319833
RCOU,158359833,1406,1400,1287,1400,1406,0,0,0,0,0,0,0,0,0,158.359833
RCOU,158399833,1406,1400,1288,1400,1406,0,0,0,0,0,0,0,0,0,158.399833
RCOU,158439833,1406,1400,1288,1399,1406,0,0,0,0,0,0,0,0,0,158.439833
RCOU,158479833,1406,1400,1289,1399,1406,0,0,0,0,0,0,0,0,0,158.479833
RCOU,158519833,1406,1400,1290,1398,1406,0,0,0,0,0,0,0,0,0,158.519833
RCOU,158559833,1406,1400,1290,1398,1406,0,0,0,0,0,0,0,0,0,158.559833
RCOU,158599833,1406,1400,1290,1398,1406,0,0,0,0,0,0,0,0,0,158.599833
RCOU,158639833,1406,1400,1290,1399,1406,0,0,0,0,0,0,0,0,0,158.639833
RCOU,158679833,1406,1400,1291,1399,1406,0,0,0,0,0,0,0,0,0,158.679833
RCOU,158719833,1405,1400,1292,1400,1405,0,0,0,0,0,0,0,0,0,158.719833
RCOU,158759833,1405,1400,1292,1401,1405,0,0,0,0,0,0,0,0,0,158.759833
RCOU,158799833,1405,1400,1293,1402,1405,0,0,0,0,0,0,0,0,0,158.799833
RCOU,158839833,1405,1400,1293,1403,1405,0,0,0,0,0,0,0,0,0,158.839833
RCOU,158879833,1405,1400,1294,1404,1405,0,0,0,0,0,0,0,0,0,158.879833
RCOU,158919833,1405,1400,1295,1405,1405,0,0,0,0,0,0,0,0,0,158.919833
RCOU,158959833,1405,1400,1295,1406,1405,0,0,0,0,0,0,0,0,0,158.959833
RCOU,158999833,1404,1400,1296,1407,1404,0,0,0,0,0,0,0,0,0,158.999833
RCOU,159039833,1404,1400,1297,1407,1404,0,0,0,0,0,0,0,0,0,159.039833
RCOU,159079833,1404,1400,1297,1408,1404,0,0,0,0,0,0,0,0,0,159.079833
RCOU,159119833,1404,1400,1298,1409,1404,0,0,0,0,0,0,0,0,0,159.119833
RCOU,159159833,1404,1400,1298,1410,1404,0,0,0,0,0,0,0,0,0,159.159833
RCOU,159199833,1404,1400,1299,1410,1404,0,0,0,0,0,0,0,0,0,159.199833
RCOU,159239833,1405,1400,1300,1411,1405,0,0,0,0,0,0,0,0,0,159.239833
RCOU,159279833,1405,1401,1300,1412,1405,0,0,0,0,0,0,0,0,0,159.279833
RCOU,159319833,1405,1401,1301,1413,1405,0,0,0,0,0,0,0,0,0,159.319833
RCOU,159359833,1405,1401,1301,1414,1405,0,0,0,0,0,0,0,0,0,159.359833
RCOU,159399833,1406,1401,1302,1414,1406,0,0,0,0,0,0,0,0,0,159.399833
RCOU,159439833,1406,1401,1302,1415,1406,0,0,0,0,0,0,0,0,0,159.439833
RCOU,159479833,1407,1401,1302,1416,1407,0,0,0,0,0,0,0,0,0,159.479833
RCOU,159519833,1407,1402,1302,1416,1407,0,0,0,0,0,0,0,0,0,159.519833
RCOU,159559833,1407,1402,1303,1417,1407,0,0,0,0,0,0,0,0,0,159.559833
RCOU,159599833,1408,1402,1304,1417,1408,0,0,0,0,0,0,0,0,0,159.599833
RCOU,159639833,1408,1398,1304,1417,1408,0,0,0,0,0,0,0,0,0,159.639833
RCOU,159679833,1409,1396,1305,1416,1409,0,0,0,0,0,0,0,0,0,159.679833
RCOU,159719833,1409,1394,1305,1416,1409,0,0,0,0,0,0,0,0,0,159.719833
RCOU,159759833,1410,1394,1306,1415,1410,0,0,0,0,0,0,0,0,0,159.759833
RCOU,159799833,1410,1393,1306,1414,1410,0,0,0,0,0,0,0,0,0,159.799833
RCOU,159839833,1410,1393,1307,1413,1410,0,0,0,0,0,0,0,0,0,159.839833
RCOU,159879833,1410,1392,1307,1411,1410,0,0,0,0,0,0,0,0,0,159.879833
RCOU,159919833,1411,1392,1307,1410,1411,0,0,0,0,0,0,0,0,0,159.919833
RCOU,159959833,1411,1392,1308,1409,1411,0,0,0,0,0,0,0,0,0,159.959833
RCOU,159999833,1412,1392,1308,1408,1412,0,0,0,0,0,0,0,0,0,159.999833
RCOU,160039833,1412,1393,1309,1406,1412,0,0,0,0,0,0,0,0,0,160.039833
RCOU,160079833,1412,1393,1309,1404,1412,0,0,0,0,0,0,0,0,0,160.079833
RCOU,160119833,1412,1394,1309,1402,1412,0,0,0,0,0,0,0,0,0,160.119833
RCOU,160159833,1413,1394,1310,1401,1413,0,0,0,0,0,0,0,0,0,160.159833
RCOU,160199833,1413,1395,1310,1399,1413,0,0,0,0,0,0,0,0,0,160.199833
RCOU,160239833,1413,1395,1310,1398,1413,0,0,0,0,0,0,0,0,0,160.239833
RCOU,160279833,1414,1396,1311,1396,1414,0,0,0,0,0,0,0,0,0,160.279833
RCOU,160319833,1414,1397,1311,1395,1414,0,0,0,0,0,0,0,0,0,160.319833
RCOU,160359833,1414,1397,1311,1395,1414,0,0,0,0,0,0,0,0,0,160.359833
RCOU,160399833,1414,1398,1311,1394,1414,0,0,0,0,0,0,0,0,0,160.399833
RCOU,160439833,1415,1398,1311,1394,1415,0,0,0,0,0,0,0,0,0,160.439833
RCOU,160479833,1415,1398,1311,1394,1415,0,0,0,0,0,0,0,0,0,160.479833
RCOU,160519833,1415,1399,1311,1395,1415,0,0,0,0,0,0,0,0,0,160.519833
RCOU,160559833,1416,1399,1311,1395,1416,0,0,0,0,0,0,0,0,0,160.559833
RCOU,160599833,1416,1399,1311,1396,1416,0,0,0,0,0,0,0,0,0,160.599833
RCOU,160639833,1416,1399,1311,1397,1416,0,0,0,0,0,0,0,0,0,160.639833
RCOU,160679833,1416,1399,1311,1397,1416,0,0,0,0,0,0,0,0,0,160.679833
RCOU,160719833,1416,1399,1311,1398,1416,0,0,0,0,0,0,0,0,0,160.719833
RCOU,160759833,1416,1399,1311,1398,1416,0,0,0,0,0,0,0,0,0,160.759833
RCOU,160799833,1416,1399,1311,1398,1416,0,0,0,0,0,0,0,0,0,160.799833
RCOU,160839833,1415,1399,1310,1399,1415,0,0,0,0,0,0,0,0,0,160.839833
RCOU,160879833,1415,1399,1310,1398,1415,0,0,0,0,0,0,0,0,0,160.879833
RCOU,160919833,1414,1399,1310,1398,1414,0,0,0,0,0,0,0,0,0,160.919833
RCOU,160959833,1414,1399,1310,1398,1414,0,0,0,0,0,0,0,0,0,160.959833
RCOU,160999833,1413,1400,1310,1397,1413,0,0,0,0,0,0,0,0,0,160.999833
RCOU,161039833,1413,1400,1310,1397,1413,0,0,0,0,0,0,0,0,0,161.039833
RCOU,161079833,1412,1400,1309,1396,1412,0,0,0,0,0,0,0,0,0,161.079833
RCOU,161119833,1411,1400,1309,1395,1411,0,0,0,0,0,0,0,0,0,161.119833
RCOU,161159833,1411,1401,1309,1395,1411,0,0,0,0,0,0,0,0,0,161.159833
RCOU,161199833,1410,1401,1309,1394,1410,0,0,0,0,0,0,0,0,0,161.199833
RCOU,161239833,1410,1401,1309,1393,1410,0,0,0,0,0,0,0,0,0,161.239833
RCOU,161279833,1410,1395,1308,1393,1410,0,0,0,0,0,0,0,0,0,161.279833
RCOU,161319833,1410,1394,1308,1393,1410,0,0,0,0,0,0,0,0,0,161.319833
RCOU,161359833,1410,1393,1308,1393,1410,0,0,0,0,0,0,0,0,0,161.359833
RCOU,161399833,1410,1392,1308,1393,1410,0,0,0,0,0,0,0,0,0,161.399833
RCOU,161439833,1409,1391,1308,1394,1409,0,0,0,0,0,0,0,0,0,161.439833
RCOU,161479833,1409,1391,1307,1394,1409,0,0,0,0,0,0,0,0,0,161.479833
RCOU,161519833,1409,1391,1307,1395,1409,0,0,0,0,0,0,0,0,0,161.519833
RCOU,161559833,1409,1391,1307,1396,1409,0,0,0,0,0,0,0,0,0,161.559833
RCOU,161599833,1409,1392,1307,1397,1409,0,0,0,0,0,0,0,0,0,161.599833
RCOU,161639833,1409,1392,1306,1399,1409,0,0,0,0,0,0,0,0,0,161.639833
RCOU,161679833,1409,1393,1306,1400,1409,0,0,0,0,0,0,0,0,0,161.679833
RCOU,161719833,1409,1393,1306,1402,1409,0,0,0,0,0,0,0,0,0,161.719833
RCOU,161759833,1409,1393,1305,1403,1409,0,0,0,0,0,0,0,0,0,161.759833
RCOU,161799833,1409,1394,1305,1404,1409,0,0,0,0,0,0,0,0,0,161.799833
RCOU,161839833,1409,1394,1305,1406,1409,0,0,0,0,0,0,0,0,0,161.839833
RCOU,161879833,1409,1394,1304,1407,1409,0,0,0,0,0,0,0,0,0,161.879833
RCOU,161919833,1409,1394,1304,1408,1409,0,0,0,0,0,0,0,0,0,161.919833
RCOU,161959833,1409,1395,1303,1409,1409,0,0,0,0,0,0,0,0,0,161.959833
RCOU,161999833,1408,1395,1303,1410,1408,0,0,0,0,0,0,0,0,0,161.999833
RCOU,162039833,1408,1395,1302,1410,1408,0,0,0,0,0,0,0,0,0,162.039833
RCOU,162079833,1408,1396,1302,1410,1408,0,0,0,0,0,0,0,0,0,162.079833
RCOU,162119833,1408,1396,1302,1410,1408,0,0,0,0,0,0,0,0,0,162.119833
RCOU,162159833,1408,1396,1302,1410,1408,0,0,0,0,0,0,0,0,0,162.159833
RCOU,162199833,1408,1396,1301,1410,1408,0,0,0,0,0,0,0,0,0,162.199833
RCOU,162239833,1408,1397,1300,1409,1408,0,0,0,0,0,0,0,0,0,162.239833
RCOU,162279833,1407,1397,1300,1408,1407,0,0,0,0,0,0,0,0,0,162.279833
RCOU,162319833,1407,1397,1299,1407,1407,0,0,0,0,0,0,0,0,0,162.319833
RCOU,162359833,1407,1398,1298,1406,1407,0,0,0,0,0,0,0,0,0,162.359833
RCOU,162399833,1407,1398,1298,1405,1407,0,0,0,0,0,0,0,0,0,162.399833
RCOU,162439833,1407,1398,1297,1404,1407,0,0,0,0,0,0,0,0,0,162.439833
RCOU,162479833,1407,1398,1296,1403,1407,0,0,0,0,0,0,0,0,0,162.479833
RCOU,162519833,1407,1398,1295,1402,1407,0,0,0,0,0,0,0,0,0,162.519833
RCOU,162559833,1407,1398,1295,1401,1407,0,0,0,0,0,0,0,0,0,162.559833
RCOU,162599833,1407,1397,1294,1400,1407,0,0,0,0,0,0,0,0,0,162.599833
RCOU,162639833,1407,1397,1293,1399,1407,0,0,0,0,0,0,0,0,0,162.639833
RCOU,162679833,1406,1397,1292,1399,1406,0,0,0,0,0,0,0,0,0,162.679833
RCOU,162719833,1406,1397,1292,1398,1406,0,0,0,0,0,0,0,0,0,162.719833
RCOU,162759833,1406,1396,1291,1398,1406,0,0,0,0,0,0,0,0,0,162.759833
RCOU,162799833,1406,1396,1290,1398,1406,0,0,0,0,0,0,0,0,0,162.799833
RCOU,162839833,1406,1396,1290,1399,1406,0,0,0,0,0,0,0,0,0,162.839833
RCOU,162879833,1406,1395,1290,1399,1406,0,0,0,0,0,0,0,0,0,162.879833
RCOU,162919833,1406,1395,1289,1400,1406,0,0,0,0,0,0,0,0,0,162.919833
RCOU,162959833,1406,1395,1289,1401,1406,0,0,0,0,0,0,0,0,0,162.959833
RCOU,162999833,1406,1395,1288,1402,1406,0,0,0,0,0,0,0,0,0,162.999833
RCOU,163039833,1406,1395,1287,1403,1406,0,0,0,0,0,0,0,0,0,163.039833
RCOU,163079833,1406,1394,1287,1404,1406,0,0,0,0,0,0,0,0,0,163.079833
RCOU,163119833,1406,1394,1286,1405,1406,0,0,0,0,0,0,0,0,0,163.119833
RCOU,163159833,1405,1394,1286,1406,1405,0,0,0,0,0,0,0,0,0,163.159833
RCOU,163199833,1405,1393,1285,1407,1405,0,0,0,0,0,0,0,0,0,163.199833
RCOU,163239833,1405,1393,1285,1408,1405,0,0,0,0,0,0,0,0,0,163.239833
RCOU,163279833,1405,1393,1284,1408,1405,0,0,0,0,0,0,0,0,0,163.279833
RCOU,163319833,1405,1392,1284,1409,1405,0,0,0,0,0,0,0,0,0,163.319833
RCOU,163359833,1405,1392,1283,1409,1405,0,0,0,0,0,0,0,0,0,163.359833
RCOU,163399833,1404,1392,1283,1409,1404,0,0,0,0,0,0,0,0,0,163.399833
RCOU,163439833,1404,1392,1282,1409,1404,0,0,0,0,0,0,0,0,0,163.439833
RCOU,163479833,1404,1392,1282,1409,1404,0,0,0,0,0,0,0,0,0,163.479833
RCOU,163519833,1404,1392,1281,1409,1404,0,0,0,0,0,0,0,0,0,163.519833
RCOU,163559833,1404,1392,1281,1409,1404,0,0,0,0,0,0,0,0,0,163.559833
RCOU,163599833,1405,1392,1281,1410,1405,0,0,0,0,0,0,0,0,0,163.599833
RCOU,163639833,1405,1392,1280,1410,1405,0,0,0,0,0,0,0,0,0,163.639833
RCOU,163679833,1405,1392,1280,1410,1405,0,0,0,0,0,0,0,0,0,163.679833
RCOU,163719833,1405,1392,1279,1410,1405,0,0,0,0,0,0,0,0,0,163.719833
RCOU,163759833,1406,1392,1279,1411,1406,0,0,0,0,0,0,0,0,0,163.759833
RCOU,163799833,1406,1392,1279,1412,1406,0,0,0,0,0,0,0,0,0,163.799833
RCOU,163839833,1407,1392,1279,1413,1407,0,0,0,0,0,0,0,0,0,163.839833
RCOU,163879833,1407,1392,1279,1413,1407,0,0,0,0,0,0,0,0,0,163.879833
RCOU,163919833,1407,1392,1278,1414,1407,0,0,0,0,0,0,0,0,0,163.919833
RCOU,163959833,1408,1396,1278,1414,1408,0,0,0,0,0,0,0,0,0,163.959833
RCOU,163999833,1408,1399,1277,1415,1408,0,0,0,0,0,0,0,0,0,163.999833
RCOU,164039833,1409,1400,1277,1415,1409,0,0,0,0,0,0,0,0,0,164.039833
RCOU,164079833,1409,1401,1276,1415,1409,0,0,0,0,0,0,0,0,0,164.079833
RCOU,164119833,1410,1401,1276,1415,1410,0,0,0,0,0,0,0,0,0,164.119833
RCOU,164159833,1410,1401,1275,1415,1410,0,0,0,0,0,0,0,0,0,164.159833
RCOU,164199833,1410,1401,1275,1415,1410,0,0,0,0,0,0,0,0,0,164.199833
RCOU,164239833,1411,1401,1274,1414,1411,0,0,0,0,0,0,0,0,0,164.239833
RCOU,164279833,1411,1401,1274,1413,1411,0,0,0,0,0,0,0,0,0,164.279833
RCOU,164319833,1411,1401,1274,1411,1411,0,0,0,0,0,0,0,0,0,164.319833
RCOU,164359833,1412,1400,1273,1410,1412,0,0,0,0,0,0,0,0,0,164.359833
RCOU,164399833,1412,1400,1273,1409,1412,0,0,0,0,0,0,0,0,0,164.399833
RCOU,164439833,1412,1400,1273,1408,1412,0,0,0,0,0,0,0,0,0,164.439833
RCOU,164479833,1412,1399,1272,1406,1412,0,0,0,0,0,0,0,0,0,164.479833
RCOU,164519833,1412,1399,1272,1404,1412,0,0,0,0,0,0,0,0,0,164.519833
RCOU,164559833,1413,1399,1272,1402,1413,0,0,0,0,0,0,0,0,0,164.559833
RCOU,164599833,1413,1399,1272,1401,1413,0,0,0,0,0,0,0,0,0,164.599833
RCOU,164639833,1413,1398,1271,1399,1413,0,0,0,0,0,0,0,0,0,164.639833
RCOU,164679833,1414,1398,1271,1397,1414,0,0,0,0,0,0,0,0,0,164.679833
RCOU,164719833,1414,1398,1271,1396,1414,0,0,0,0,0,0,0,0,0,164.719833
RCOU,164759833,1414,1398,1271,1395,1414,0,0,0,0,0,0,0,0,0,164.759833
RCOU,164799833,1414,1397,1271,1394,1414,0,0,0,0,0,0,0,0,0,164.799833
RCOU,164839833,1415,1397,1271,1394,1415,0,0,0,0,0,0,0,0,0,164.839833
RCOU,164879833,1415,1396,1271,1394,1415,0,0,0,0,0,0,0,0,0,164.879833
RCOU,164919833,1415,1396,1271,1394,1415,0,0,0,0,0,0,0,0,0,164.919833
RCOU,164959833,1416,1396,1271,1394,1416,0,0,0,0,0,0,0,0,0,164.959833
RCOU,164999833,1416,1395,1271,1395,1416,0,0,0,0,0,0,0,0,0,164.999833
RCOU,165039833,1416,1395,1271,1395,1416,0,0,0,0,0,0,0,0,0,165.039833
RCOU,165079833,1416,1394,1271,1396,1416,0,0,0,0,0,0,0,0,0,165.079833
RCOU,165119833,1416,1394,1271,1396,1416,0,0,0,0,0,0,0,0,0,165.119833
RCOU,165159833,1416,1393,1271,1397,1416,0,0,0,0,0,0,0,0,0,165.159833
RCOU,165199833,1416,1393,1271,1397,1416,0,0,0,0,0,0,0,0,0,165.199833
RCOU,165239833,1415,1392,1271,1397,1415,0,0,0,0,0,0,0,0,0,165.239833
RCOU,165279833,1415,1392,1272,1397,1415,0,0,0,0,0,0,0,0,0,165.279833
RCOU,165319833,1414,1392,1272,1397,1414,0,0,0,0,0,0,0,0,0,165.319833
RCOU,165359833,1414,1392,1272,1397,1414,0,0,0,0,0,0,0,0,0,165.359833
RCOU,165399833,1413,1392,1272,1397,1413,0,0,0,0,0,0,0,0,0,165.399833
RCOU,165439833,1413,1392,1273,1396,1413,0,0,0,0,0,0,0,0,0,165.439833
RCOU,165479833,1412,1392,1273,1396,1412,0,0,0,0,0,0,0,0,0,165.479833
RCOU,165519833,1412,1392,1273,1395,1412,0,0,0,0,0,0,0,0,0,165.519833
RCOU,165559833,1411,1392,1273,1395,1411,0,0,0,0,0,0,0,0,0,165.559833
RCOU,165599833,1410,1398,1274,1394,1410,0,0,0,0,0,0,0,0,0,165.599833
RCOU,165639833,1410,1401,1274,1394,1410,0,0,0,0,0,0,0,0,0,165.639833
RCOU,165679833,1410,1402,1274,1394,1410,0,0,0,0,0,0,0,0,0,165.679833
RCOU,165719833,1410,1402,1274,1394,1410,0,0,0,0,0,0,0,0,0,165.719833
RCOU,165759833,1410,1403,1275,1394,1410,0,0,0,0,0,0,0,0,0,165.759833
RCOU,165799833,1410,1403,1275,1394,1410,0,0,0,0,0,0,0,0,0,165.799833
RCOU,165839833,1410,1402,1275,1395,1410,0,0,0,0,0,0,0,0,0,165.839833
RCOU,165879833,1410,1402,1275,1395,1410,0,0,0,0,0,0,0,0,0,165.879833
RCOU,165919833,1409,1402,1276,1396,1409,0,0,0,0,0,0,0,0,0,165.919833
RCOU,165959833,1409,1402,1276,1398,1409,0,0,0,0,0,0,0,0,0,165.959833
RCOU,165999833,1409,1402,1276,1399,1409,0,0,0,0,0,0,0,0,0,165.999833
RCOU,166039833,1409,1402,1277,1400,1409,0,0,0,0,0,0,0,0,0,166.039833
RCOU,166079833,1409,1401,1277,1402,1409,0,0,0,0,0,0,0,0,0,166.079833
RCOU,166119833,1409,1401,1277,1403,1409,0,0,0,0,0,0,0,0,0,166.119833
RCOU,166159833,1409,1401,1278,1404,1409,0,0,0,0,0,0,0,0,0,166.159833
RCOU,166199833,1409,1401,1278,1406,1409,0,0,0,0,0,0,0,0,0,166.199833
RCOU,166239833,1409,1401,1278,1407,1409,0,0,0,0,0,0,0,0,0,166.239833
RCOU,166279833,1409,1401,1279,1408,1409,0,0,0,0,0,0,0,0,0,166.279833
RCOU,166319833,1409,1401,1279,1409,1409,0,0,0,0,0,0,0,0,0,166.319833
RCOU,166359833,1409,1401,1279,1410,1409,0,0,0,0,0,0,0,0,0,166.359833
RCOU,166399833,1408,1401,1279,1410,1408,0,0,0,0,0,0,0,0,0,166.399833
RCOU,166439833,1408,1401,1280,1410,1408,0,0,0,0,0,0,0,0,0,166.439833
RCOU,166479833,1408,1401,1280,1410,1408,0,0,0,0,0,0,0,0,0,166.479833
RCOU,166519833,1408,1401,1281,1410,1408,0,0,0,0,0,0,0,0,0,166.519833
RCOU,166559833,1408,1401,1281,1410,1408,0,0,0,0,0,0,0,0,0,166.559833
RCOU,166599833,1408,1401,1282,1410,1408,0,0,0,0,0,0,0,0,0,166.599833
RCOU,166639833,1408,1401,1282,1409,1408,0,0,0,0,0,0,0,0,0,166.639833
RCOU,166679833,1407,1401,1283,1408,1407,0,0,0,0,0,0,0,0,0,166.679833
RCOU,166719833,1407,1401,1283,1407,1407,0,0,0,0,0,0,0,0,0,166.719833
RCOU,166759833,1407,1401,1284,1406,1407,0,0,0,0,0,0,0,0,0,166.759833
RCOU,166799833,1407,1400,1284,1404,1407,0,0,0,0,0,0,0,0,0,166.799833
RCOU,166839833,1407,1400,1285,1403,1407,0,0,0,0,0,0,0,0,0,166.839833
RCOU,166879833,1407,1400,1286,1402,1407,0,0,0,0,0,0,0,0,0,166.879833
RCOU,166919833,1407,1400,1286,1401,1407,0,0,0,0,0,0,0,0,0,166.919833
RCOU,166959833,1407,1400,1287,1400,1407,0,0,0,0,0,0,0,0,0,166.959833
RCOU,166999833,1407,1400,1287,1399,1407,0,0,0,0,0,0,0,0,0,166.999833
RCOU,167039833,1407,1400,1288,1399,1407,0,0,0,0,0,0,0,0,0,167.039833
RCOU,167079833,1407,1400,1289,1399,1407,0,0,0,0,0,0,0,0,0,167.079833
RCOU,167119833,1407,1400,1289,1399,1407,0,0,0,0,0,0,0,0,0,167.119833
RCOU,167159833,1407,1400,1290,1399,1407,0,0,0,0,0,0,0,0,0,167.159833
RCOU,167199833,1407,1400,1290,1399,1407,0,0,0,0,0,0,0,0,0,167.199833
RCOU,167239833,1406,1400,1290,1399,1406,0,0,0,0,0,0,0,0,0,167.239833
RCOU,167279833,1406,1400,1291,1399,1406,0,0,0,0,0,0,0,0,0,167.279833
RCOU,167319833,1406,1400,1291,1400,1406,0,0,0,0,0,0,0,0,0,167.319833
RCOU,167359833,1406,1400,1292,1401,1406,0,0,0,0,0,0,0,0,0,167.359833
RCOU,167399833,1406,1400,1293,1401,1406,0,0,0,0,0,0,0,0,0,167.399833
RCOU,167439833,1406,1400,1293,1402,1406,0,0,0,0,0,0,0,0,0,167.439833
RCOU,167479833,1406,1400,1294,1402,1406,0,0,0,0,0,0,0,0,0,167.479833
RCOU,167519833,1406,1400,1295,1403,1406,0,0,0,0,0,0,0,0,0,167.519833
RCOU,167559833,1406,1400,1295,1403,1406,0,0,0,0,0,0,0,0,0,167.559833
RCOU,167599833,1406,1400,1296,1404,1406,0,0,0,0,0,0,0,0,0,167.599833
RCOU,167639833,1406,1400,1296,1404,1406,0,0,0,0,0,0,0,0,0,167.639833
RCOU,167679833,1405,1400,1297,1404,1405,0,0,0,0,0,0,0,0,0,167.679833
RCOU,167719833,1405,1400,1298,1405,1405,0,0,0,0,0,0,0,0,0,167.719833
RCOU,167759833,1405,1401,1298,1405,1405,0,0,0,0,0,0,0,0,0,167.759833
RCOU,167799833,1405,1401,1299,1405,1405,0,0,0,0,0,0,0,0,0,167.799833
RCOU,167839833,1405,1401,1299,1406,1405,0,0,0,0,0,0,0,0,0,167.839833
RCOU,167879833,1405,1401,1300,1406,1405,0,0,0,0,0,0,0,0,0,167.879833
RCOU,167919833,1405,1401,1301,1406,1405,0,0,0,0,0,0,0,0,0,167.919833
RCOU,167959833,1404,1401,1301,1406,1404,0,0,0,0,0,0,0,0,0,167.959833
RCOU,167999833,1404,1401,1302,1406,1404,0,0,0,0,0,0,0,0,0,167.999833
RCOU,168039833,1404,1401,1302,1406,1404,0,0,0,0,0,0,0,0,0,168.039833
RCOU,168079833,1404,1402,1302,1407,1404,0,0,0,0,0,0,0,0,0,168.079833
RCOU,168119833,1404,1402,1303,1407,1404,0,0,0,0,0,0,0,0,0,168.119833
RCOU,168159833,1404,1402,1303,1408,1404,0,0,0,0,0,0,0,0,0,168.159833
RCOU,168199833,1405,1402,1304,1409,1405,0,0,0,0,0,0,0,0,0,168.199833
RCOU,168239833,1405,1402,1304,1409,1405,0,0,0,0,0,0,0,0,0,168.239833
RCOU,168279833,1405,1399,1305,1410,1405,0,0,0,0,0,0,0,0,0,168.279833
RCOU,168319833,1406,1396,1305,1411,1406,0,0,0,0,0,0,0,0,0,168.319833
RCOU,168359833,1406,1394,1306,1413,1406,0,0,0,0,0,0,0,0,0,168.359833
RCOU,168399833,1406,1393,1306,1414,1406,0,0,0,0,0,0,0,0,0,168.399833
RCOU,168439833,1407,1393,1307,1416,1407,0,0,0,0,0,0,0,0,0,168.439833
RCOU,168479833,1407,1392,1307,1417,1407,0,0,0,0,0,0,0,0,0,168.479833
RCOU,168519833,1408,1392,1308,1418,1408,0,0,0,0,0,0,0,0,0,168.519833
RCOU,168559833,1408,1392,1308,1419,1408,0,0,0,0,0,0,0,0,0,168.559833
RCOU,168599833,1408,1392,1308,1420,1408,0,0,0,0,0,0,0,0,0,168.599833
RCOU,168639833,1409,1392,1309,1420,1409,0,0,0,0,0,0,0,0,0,168.639833
RCOU,168679833,1409,1393,1309,1420,1409,0,0,0,0,0,0,0,0,0,168.679833
RCOU,168719833,1410,1394,1310,1420,1410,0,0,0,0,0,0,0,0,0,168.719833
RCOU,168759833,1410,1394,1310,1419,1410,0,0,0,0,0,0,0,0,0,168.759833
RCOU,168799833,1410,1395,1310,1417,1410,0,0,0,0,0,0,0,0,0,168.799833
RCOU,168839833,1410,1396,1311,1416,1410,0,0,0,0,0,0,0,0,0,168.839833
RCOU,168879833,1411,1397,1311,1414,1411,0,0,0,0,0,0,0,0,0,168.879833
RCOU,168919833,1411,1397,1311,1411,1411,0,0,0,0,0,0,0,0,0,168.919833
RCOU,168959833,1411,1398,1311,1410,1411,0,0,0,0,0,0,0,0,0,168.959833
RCOU,168999833,1412,1399,1311,1408,1412,0,0,0,0,0,0,0,0,0,168.999833
RCOU,169039833,1412,1399,1311,1406,1412,0,0,0,0,0,0,0,0,0,169.039833
RCOU,169079833,1412,1399,1311,1404,1412,0,0,0,0,0,0,0,0,0,169.079833
RCOU,169119833,1412,1399,1311,1402,1412,0,0,0,0,0,0,0,0,0,169.119833
RCOU,169159833,1413,1399,1311,1400,1413,0,0,0,0,0,0,0,0,0,169.159833
RCOU,169199833,1413,1399,1311,1398,1413,0,0,0,0,0,0,0,0,0,169.199833
RCOU,169239833,1413,1399,1311,1396,1413,0,0,0,0,0,0,0,0,0,169.239833
RCOU,169279833,1413,1398,1311,1395,1413,0,0,0,0,0,0,0,0,0,169.279833
RCOU,169319833,1414,1398,1311,1393,1414,0,0,0,0,0,0,0,0,0,169.319833
RCOU,169359833,1414,1398,1311,1393,1414,0,0,0,0,0,0,0,0,0,169.359833
RCOU,169399833,1414,1398,1311,1392,1414,0,0,0,0,0,0,0,0,0,169.399833
RCOU,169439833,1415,1399,1311,1392,1415,0,0,0,0,0,0,0,0,0,169.439833
RCOU,169479833,1415,1399,1311,1393,1415,0,0,0,0,0,0,0,0,0,169.479833
RCOU,169519833,1415,1399,1311,1393,1415,0,0,0,0,0,0,0,0,0,169.519833
RCOU,169559833,1416,1399,1311,1394,1416,0,0,0,0,0,0,0,0,0,169.559833
RCOU,169599833,1416,1399,1311,1395,1416,0,0,0,0,0,0,0,0,0,169.599833
RCOU,169639833,1416,1400,1310,1396,1416,0,0,0,0,0,0,0,0,0,169.639833
RCOU,169679833,1416,1400,1310,1397,1416,0,0,0,0,0,0,0,0,0,169.679833
RCOU,169719833,1416,1400,1310,1398,1416,0,0,0,0,0,0,0,0,0,169.719833
RCOU,169759833,1416,1400,1310,1400,1416,0,0,0,0,0,0,0,0,0,169.759833
RCOU,169799833,1415,1400,1310,1400,1415,0,0,0,0,0,0,0,0,0,169.799833
RCOU,169839833,1415,1400,1310,1401,1415,0,0,0,0,0,0,0,0,0,169.839833
RCOU,169879833,1414,1401,1310,1401,1414,0,0,0,0,0,0,0,0,0,169.879833
RCOU,169919833,1414,1395,1309,1401,1414,0,0,0,0,0,0,0,0,0,169.919833
RCOU,169959833,1413,1393,1309,1401,1413,0,0,0,0,0,0,0,0,0,169.959833
RCOU,169999833,1413,1391,1309,1401,1413,0,0,0,0,0,0,0,0,0,169.999833
RCOU,170039833,1412,1391,1309,1400,1412,0,0,0,0,0,0,0,0,0,170.039833
RCOU,170079833,1411,1390,1309,1399,1411,0,0,0,0,0,0,0,0,0,170.079833
RCOU,170119833,1411,1390,1308,1398,1411,0,0,0,0,0,0,0,0,0,170.119833
RCOU,170159833,1410,1390,1308,1397,1410,0,0,0,0,0,0,0,0,0,170.159833
RCOU,170199833,1410,1391,1308,1396,1410,0,0,0,0,0,0,0,0,0,170.199833
RCOU,170239833,1410,1391,1308,1395,1410,0,0,0,0,0,0,0,0,0,170.239833
RCOU,170279833,1410,1392,1307,1395,1410,0,0,0,0,0,0,0,0,0,170.279833
RCOU,170319833,1410,1392,1307,1394,1410,0,0,0,0,0,0,0,0,0,170.319833
RCOU,170359833,1409,1393,1307,1394,1409,0,0,0,0,0,0,0,0,0,170.359833
RCOU,170399833,1409,1393,1306,1394,1409,0,0,0,0,0,0,0,0,0,170.399833
RCOU,170439833,1409,1394,1306,1394,1409,0,0,0,0,0,0,0,0,0,170.439833
RCOU,170479833,1409,1394,1306,1395,1409,0,0,0,0,0,0,0,0,0,170.479833
RCOU,170519833,1409,1394,1305,1395,1409,0,0,0,0,0,0,0,0,0,170.519833
RCOU,170559833,1409,1395,1305,1396,1409,0,0,0,0,0,0,0,0,0,170.559833
RCOU,170599833,1409,1395,1304,1397,1409,0,0,0,0,0,0,0,0,0,170.599833
RCOU,170639833,1409,1395,1304,1398,1409,0,0,0,0,0,0,0,0,0,170.639833
RCOU,170679833,1409,1396,1303,1399,1409,0,0,0,0,0,0,0,0,0,170.679833
RCOU,170719833,1409,1396,1303,1401,1409,0,0,0,0,0,0,0,0,0,170.719833
RCOU,170759833,1409,1396,1302,1402,1409,0,0,0,0,0,0,0,0,0,170.759833
RCOU,170799833,1409,1397,1302,1403,1409,0,0,0,0,0,0,0,0,0,170.799833
RCOU,170839833,1409,1397,1302,1404,1409,0,0,0,0,0,0,0,0,0,170.839833
RCOU,170879833,1409,1397,1301,1405,1409,0,0,0,0,0,0,0,0,0,170.879833
RCOU,170919833,1408,1398,1300,1406,1408,0,0,0,0,0,0,0,0,0,170.919833
RCOU,170959833,1408,1398,1300,1407,1408,0,0,0,0,0,0,0,0,0,170.959833
RCOU,170999833,1408,1398,1299,1408,1408,0,0,0,0,0,0,0,0,0,170.999833
RCOU,171039833,1408,1398,1298,1408,1408,0,0,0,0,0,0,0,0,0,171.039833
RCOU,171079833,1408,1398,1298,1408,1408,0,0,0,0,0,0,0,0,0,171.079833
RCOU,171119833,1408,1397,1297,1408,1408,0,0,0,0,0,0,0,0,0,171.119833
RCOU,171159833,1408,1397,1296,1408,1408,0,0,0,0,0,0,0,0,0,171.159833
RCOU,171199833,1407,1397,1295,1408,1407,0,0,0,0,0,0,0,0,0,171.199833
RCOU,171239833,1407,1396,1295,1408,1407,0,0,0,0,0,0,0,0,0,171.239833
RCOU,171279833,1407,1396,1294,1407,1407,0,0,0,0,0,0,0,0,0,171.279833
RCOU,171319833,1407,1395,1293,1407,1407,0,0,0,0,0,0,0,0,0,171.319833
RCOU,171359833,1407,1395,1293,1406,1407,0,0,0,0,0,0,0,0,0,171.359833
RCOU,171399833,1407,1395,1292,1405,1407,0,0,0,0,0,0,0,0,0,171.399833
RCOU,171439833,1407,1395,1291,1405,1407,0,0,0,0,0,0,0,0,0,171.439833
RCOU,171479833,1406,1394,1291,1404,1406,0,0,0,0,0,0,0,0,0,171.479833
RCOU,171519833,1406,1394,1290,1404,1406,0,0,0,0,0,0,0,0,0,171.519833
RCOU,171559833,1406,1394,1290,1403,1406,0,0,0,0,0,0,0,0,0,171.559833
RCOU,171599833,1406,1394,1290,1403,1406,0,0,0,0,0,0,0,0,0,171.599833
RCOU,171639833,1406,1393,1289,1402,1406,0,0,0,0,0,0,0,0,0,171.639833
RCOU,171679833,1406,1393,1289,1402,1406,0,0,0,0,0,0,0,0,0,171.679833
RCOU,171719833,1406,1393,1288,1401,1406,0,0,0,0,0,0,0,0,0,171.719833
RCOU,171759833,1406,1392,1287,1401,1406,0,0,0,0,0,0,0,0,0,171.759833
RCOU,171799833,1406,1392,1287,1401,1406,0,0,0,0,0,0,0,0,0,171.799833
RCOU,171839833,1405,1392,1286,1401,1405,0,0,0,0,0,0,0,0,0,171.839833
RCOU,171879833,1405,1392,1286,1400,1405,0,0,0,0,0,0,0,0,0,171.879833
RCOU,171919833,1405,1392,1285,1400,1405,0,0,0,0,0,0,0,0,0,171.919833
RCOU,171959833,1405,1393,1285,1400,1405,0,0,0,0,0,0,0,0,0,171.959833
RCOU,171999833,1405,1393,1284,1400,1405,0,0,0,0,0,0,0,0,0,171.999833
RCOU,172039833,1405,1393,1284,1400,1405,0,0,0,0,0,0,0,0,0,172.039833
RCOU,172079833,1405,1394,1283,1400,1405,0,0,0,0,0,0,0,0,0,172.079833
RCOU,172119833,1405,1394,1283,1400,1405,0,0,0,0,0,0,0,0,0,172.119833
RCOU,172159833,1405,1394,1282,1400,1405,0,0,0,0,0,0,0,0,0,172.159833
RCOU,172199833,1404,1394,1282,1400,1404,0,0,0,0,0,0,0,0,0,172.199833
RCOU,172239833,1404,1394,1281,1401,1404,0,0,0,0,0,0,0,0,0,172.239833
RCOU,172279833,1404,1394,1281,1401,1404,0,0,0,0,0,0,0,0,0,172.279833
RCOU,172319833,1404,1394,1280,1402,1404,0,0,0,0,0,0,0,0,0,172.319833
RCOU,172359833,1405,1394,1280,1402,1405,0,0,0,0,0,0,0,0,0,172.359833
RCOU,172399833,1405,1394,1279,1403,1405,0,0,0,0,0,0,0,0,0,172.399833
RCOU,172439833,1405,1394,1279,1404,1405,0,0,0,0,0,0,0,0,0,172.439833
RCOU,172479833,1405,1394,1279,1405,1405,0,0,0,0,0,0,0,0,0,172.479833
RCOU,172519833,1406,1394,1278,1407,1406,0,0,0,0,0,0,0,0,0,172.519833
RCOU,172559833,1406,1394,1278,1408,1406,0,0,0,0,0,0,0,0,0,172.559833
RCOU,172599833,1407,1398,1277,1410,1407,0,0,0,0,0,0,0,0,0,172.599833
RCOU,172639833,1407,1402,1277,1410,1407,0,0,0,0,0,0,0,0,0,172.639833
RCOU,172679833,1407,1404,1276,1413,1407,0,0,0,0,0,0,0,0,0,172.679833
RCOU,172719833,1408,1404,1276,1415,1408,0,0,0,0,0,0,0,0,0,172.719833
RCOU,172759833,1408,1405,1275,1417,1408,0,0,0,0,0,0,0,0,0,172.759833
RCOU,172799833,1409,1404,1275,1419,1409,0,0,0,0,0,0,0,0,0,172.799833
RCOU,172839833,1409,1403,1274,1420,1409,0,0,0,0,0,0,0,0,0,172.839833
RCOU,172879833,1410,1402,1273,1421,1410,0,0,0,0,0,0,0,0,0,172.879833
RCOU,172919833,1410,1401,1273,1422,1410,0,0,0,0,0,0,0,0,0,172.919833
RCOU,172959833,1410,1400,1273,1421,1410,0,0,0,0,0,0,0,0,0,172.959833
RCOU,172999833,1410,1398,1272,1421,1410,0,0,0,0,0,0,0,0,0,172.999833
RCOU,173039833,1410,1397,1272,1419,1410,0,0,0,0,0,0,0,0,0,173.039833
RCOU,173079833,1411,1396,1272,1417,1411,0,0,0,0,0,0,0,0,0,173.079833
RCOU,173119833,1411,1395,1271,1414,1411,0,0,0,0,0,0,0,0,0,173.119833
RCOU,173159833,1411,1395,1271,1410,1411,0,0,0,0,0,0,0,0,0,173.159833
RCOU,173199833,1411,1395,1271,1409,1411,0,0,0,0,0,0,0,0,0,173.199833
RCOU,173239833,1412,1395,1271,1406,1412,0,0,0,0,0,0,0,0,0,173.239833
RCOU,173279833,1412,1395,1271,1404,1412,0,0,0,0,0,0,0,0,0,173.279833
RCOU,173319833,1412,1395,1271,1401,1412,0,0,0,0,0,0,0,0,0,173.319833
RCOU,173359833,1412,1394,1271,1399,1412,0,0,0,0,0,0,0,0,0,173.359833
RCOU,173399833,1413,1394,1271,1397,1413,0,0,0,0,0,0,0,0,0,173.399833
RCOU,173439833,1413,1394,1271,1395,1413,0,0,0,0,0,0,0,0,0,173.439833
RCOU,173479833,1413,1394,1271,1393,1413,0,0,0,0,0,0,0,0,0,173.479833
RCOU,173519833,1414,1393,1271,1392,1414,0,0,0,0,0,0,0,0,0,173.519833
RCOU,173559833,1414,1393,1271,1392,1414,0,0,0,0,0,0,0,0,0,173.559833
RCOU,173599833,1414,1392,1271,1392,1414,0,0,0,0,0,0,0,0,0,173.599833
RCOU,173639833,1415,1392,1271,1392,1415,0,0,0,0,0,0,0,0,0,173.639833
RCOU,173679833,1415,1392,1272,1392,1415,0,0,0,0,0,0,0,0,0,173.679833
RCOU,173719833,1415,1391,1272,1393,1415,0,0,0,0,0,0,0,0,0,173.719833
RCOU,173759833,1416,1391,1272,1394,1416,0,0,0,0,0,0,0,0,0,173.759833
RCOU,173799833,1416,1392,1272,1396,1416,0,0,0,0,0,0,0,0,0,173.799833
RCOU,173839833,1416,1392,1272,1397,1416,0,0,0,0,0,0,0,0,0,173.839833
RCOU,173879833,1416,1392,1273,1398,1416,0,0,0,0,0,0,0,0,0,173.879833
RCOU,173919833,1416,1393,1273,1399,1416,0,0,0,0,0,0,0,0,0,173.919833
RCOU,173959833,1416,1393,1273,1400,1416,0,0,0,0,0,0,0,0,0,173.959833
RCOU,173999833,1416,1393,1273,1401,1416,0,0,0,0,0,0,0,0,0,173.999833
RCOU,174039833,1415,1393,1274,1401,1415,0,0,0,0,0,0,0,0,0,174.039833
RCOU,174079833,1415,1394,1274,1402,1415,0,0,0,0,0,0,0,0,0,174.079833
RCOU,174119833,1414,1394,1274,1402,1414,0,0,0,0,0,0,0,0,0,174.119833
RCOU,174159833,1414,1394,1274,1402,1414,0,0,0,0,0,0,0,0,0,174.159833
RCOU,174199833,1413,1394,1274,1401,1413,0,0,0,0,0,0,0,0,0,174.199833
RCOU,174239833,1412,1400,1275,1401,1412,0,0,0,0,0,0,0,0,0,174.239833
RCOU,174279833,1412,1403,1275,1400,1412,0,0,0,0,0,0,0,0,0,174.279833
RCOU,174319833,1411,1404,1275,1399,1411,0,0,0,0,0,0,0,0,0,174.319833
RCOU,174359833,1411,1404,1275,1399,1411,0,0,0,0,0,0,0,0,0,174.359833
RCOU,174399833,1410,1404,1275,1398,1410,0,0,0,0,0,0,0,0,0,174.399833
RCOU,174439833,1410,1404,1275,1397,1410,0,0,0,0,0,0,0,0,0,174.439833
RCOU,174479833,1410,1403,1276,1397,1410,0,0,0,0,0,0,0,0,0,174.479833
RCOU,174519833,1410,1402,1276,1396,1410,0,0,0,0,0,0,0,0,0,174.519833
RCOU,174559833,1409,1401,1276,1396,1409,0,0,0,0,0,0,0,0,0,174.559833
RCOU,174599833,1409,1400,1276,1396,1409,0,0,0,0,0,0,0,0,0,174.599833
RCOU,174639833,1409,1399,1277,1397,1409,0,0,0,0,0,0,0,0,0,174.639833
RCOU,174679833,1409,1398,1277,1397,1409,0,0,0,0,0,0,0,0,0,174.679833
RCOU,174719833,1409,1397,1277,1398,1409,0,0,0,0,0,0,0,0,0,174.719833
RCOU,174759833,1409,1397,1278,1399,1409,0,0,0,0,0,0,0,0,0,174.759833
RCOU,174799833,1409,1396,1278,1399,1409,0,0,0,0,0,0,0,0,0,174.799833
RCOU,174839833,1409,1396,1279,1401,1409,0,0,0,0,0,0,0,0,0,174.839833
RCOU,174879833,1409,1396,1279,1402,1409,0,0,0,0,0,0,0,0,0,174.879833
RCOU,174919833,1409,1397,1279,1403,1409,0,0,0,0,0,0,0,0,0,174.919833
RCOU,174959833,1409,1397,1279,1404,1409,0,0,0,0,0,0,0,0,0,174.959833
RCOU,174999833,1408,1397,1280,1405,1408,0,0,0,0,0,0,0,0,0,174.999833
RCOU,175039833,1408,1397,1281,1406,1408,0,0,0,0,0,0,0,0,0,175.039833
RCOU,175079833,1408,1397,1281,1407,1408,0,0,0,0,0,0,0,0,0,175.079833
RCOU,175119833,1408,1397,1282,1408,1408,0,0,0,0,0,0,0,0,0,175.119833
RCOU,175159833,1408,1398,1283,1408,1408,0,0,0,0,0,0,0,0,0,175.159833
RCOU,175199833,1408,1398,1283,1409,1408,0,0,0,0,0,0,0,0,0,175.199833
RCOU,175239833,1408,1398,1284,1409,1408,0,0,0,0,0,0,0,0,0,175.239833
RCOU,175279833,1407,1397,1285,1409,1407,0,0,0,0,0,0,0,0,0,175.279833
RCOU,175319833,1407,1397,1285,1409,1407,0,0,0,0,0,0,0,0,0,175.319833
RCOU,175359833,1407,1397,1286,1408,1407,0,0,0,0,0,0,0,0,0,175.359833
RCOU,175399833,1407,1397,1287,1407,1407,0,0,0,0,0,0,0,0,0,175.399833
RCOU,175439833,1407,1397,1287,1407,1407,0,0,0,0,0,0,0,0,0,175.439833
RCOU,175479833,1407,1397,1288,1406,1407,0,0,0,0,0,0,0,0,0,175.479833
RCOU,175519833,1406,1397,1289,1405,1406,0,0,0,0,0,0,0,0,0,175.519833
RCOU,175559833,1406,1396,1289,1404,1406,0,0,0,0,0,0,0,0,0,175.559833
RCOU,175599833,1406,1396,1290,1403,1406,0,0,0,0,0,0,0,0,0,175.599833
RCOU,175639833,1406,1396,1290,1402,1406,0,0,0,0,0,0,0,0,0,175.639833
RCOU,175679833,1406,1396,1291,1401,1406,0,0,0,0,0,0,0,0,0,175.679833
RCOU,175719833,1406,1396,1291,1400,1406,0,0,0,0,0,0,0,0,0,175.719833
RCOU,175759833,1406,1396,1292,1399,1406,0,0,0,0,0,0,0,0,0,175.759833
RCOU,175799833,1406,1396,1293,1398,1406,0,0,0,0,0,0,0,0,0,175.799833
RCOU,175839833,1406,1396,1293,1398,1406,0,0,0,0,0,0,0,0,0,175.839833
RCOU,175879833,1406,1396,1294,1398,1406,0,0,0,0,0,0,0,0,0,175.879833
RCOU,175919833,1406,1396,1295,1398,1406,0,0,0,0,0,0,0,0,0,175.919833
RCOU,175959833,1405,1397,1295,1398,1405,0,0,0,0,0,0,0,0,0,175.959833
RCOU,175999833,1405,1397,1296,1398,1405,0,0,0,0,0,0,0,0,0,175.999833
RCOU,176039833,1405,1397,1297,1398,1405,0,0,0,0,0,0,0,0,0,176.039833
RCOU,176079833,1405,1397,1298,1399,1405,0,0,0,0,0,0,0,0,0,176.079833
RCOU,176119833,1405,1397,1298,1399,1405,0,0,0,0,0,0,0,0,0,176.119833
RCOU,176159833,1405,1397,1299,1400,1405,0,0,0,0,0,0,0,0,0,176.159833
RCOU,176199833,1405,1397,1300,1400,1405,0,0,0,0,0,0,0,0,0,176.199833
RCOU,176239833,1405,1397,1300,1401,1405,0,0,0,0,0,0,0,0,0,176.239833
RCOU,176279833,1405,1397,1301,1402,1405,0,0,0,0,0,0,0,0,0,176.279833
RCOU,176319833,1405,1397,1302,1402,1405,0,0,0,0,0,0,0,0,0,176.319833
RCOU,176359833,1404,1398,1302,1403,1404,0,0,0,0,0,0,0,0,0,176.359833
RCOU,176399833,1404,1398,1302,1403,1404,0,0,0,0,0,0,0,0,0,176.399833
RCOU,176439833,1404,1398,1302,1404,1404,0,0,0,0,0,0,0,0,0,176.439833
RCOU,176479833,1404,1398,1303,1405,1404,0,0,0,0,0,0,0,0,0,176.479833
RCOU,176519833,1404,1398,1304,1406,1404,0,0,0,0,0,0,0,0,0,176.519833
RCOU,176559833,1405,1399,1304,1407,1405,0,0,0,0,0,0,0,0,0,176.559833
RCOU,176599833,1405,1399,1305,1408,1405,0,0,0,0,0,0,0,0,0,176.599833
RCOU,176639833,1405,1399,1306,1409,1405,0,0,0,0,0,0,0,0,0,176.639833
RCOU,176679833,1406,1399,1306,1410,1406,0,0,0,0,0,0,0,0,0,176.679833
RCOU,176719833,1406,1400,1307,1412,1406,0,0,0,0,0,0,0,0,0,176.719833
RCOU,176759833,1406,1400,1307,1414,1406,0,0,0,0,0,0,0,0,0,176.759833
RCOU,176799833,1407,1400,1308,1416,1407,0,0,0,0,0,0,0,0,0,176.799833
RCOU,176839833,1407,1400,1308,1417,1407,0,0,0,0,0,0,0,0,0,176.839833
RCOU,176879833,1407,1401,1309,1419,1407,0,0,0,0,0,0,0,0,0,176.879833
RCOU,176919833,1408,1397,1309,1420,1408,0,0,0,0,0,0,0,0,0,176.919833
RCOU,176959833,1408,1394,1310,1421,1408,0,0,0,0,0,0,0,0,0,176.959833
RCOU,176999833,1409,1392,1310,1422,1409,0,0,0,0,0,0,0,0,0,176.999833
RCOU,177039833,1409,1391,1311,1422,1409,0,0,0,0,0,0,0,0,0,177.039833
RCOU,177079833,1410,1391,1311,1421,1410,0,0,0,0,0,0,0,0,0,177.079833
RCOU,177119833,1410,1391,1312,1421,1410,0,0,0,0,0,0,0,0,0,177.119833
RCOU,177159833,1410,1391,1312,1419,1410,0,0,0,0,0,0,0,0,0,177.159833
RCOU,177199833,1410,1392,1312,1417,1410,0,0,0,0,0,0,0,0,0,177.199833
RCOU,177239833,1411,1393,1313,1415,1411,0,0,0,0,0,0,0,0,0,177.239833
RCOU,177279833,1411,1393,1313,1412,1411,0,0,0,0,0,0,0,0,0,177.279833
RCOU,177319833,1412,1395,1313,1410,1412,0,0,0,0,0,0,0,0,0,177.319833
RCOU,177359833,1412,1396,1313,1408,1412,0,0,0,0,0,0,0,0,0,177.359833
RCOU,177399833,1412,1396,1313,1406,1412,0,0,0,0,0,0,0,0,0,177.399833
RCOU,177439833,1412,1397,1313,1404,1412,0,0,0,0,0,0,0,0,0,177.439833
RCOU,177479833,1413,1398,1313,1401,1413,0,0,0,0,0,0,0,0,0,177.479833
RCOU,177519833,1413,1399,1313,1399,1413,0,0,0,0,0,0,0,0,0,177.519833
RCOU,177559833,1413,1400,1313,1397,1413,0,0,0,0,0,0,0,0,0,177.559833
RCOU,177599833,1414,1400,1313,1395,1414,0,0,0,0,0,0,0,0,0,177.599833
RCOU,177639833,1414,1400,1313,1394,1414,0,0,0,0,0,0,0,0,0,177.639833
RCOU,177679833,1415,1400,1313,1393,1415,0,0,0,0,0,0,0,0,0,177.679833
RCOU,177719833,1415,1399,1313,1392,1415,0,0,0,0,0,0,0,0,0,177.719833
RCOU,177759833,1415,1399,1313,1392,1415,0,0,0,0,0,0,0,0,0,177.759833
RCOU,177799833,1416,1399,1313,1392,1416,0,0,0,0,0,0,0,0,0,177.799833
RCOU,177839833,1416,1399,1313,1393,1416,0,0,0,0,0,0,0,0,0,177.839833
RCOU,177879833,1416,1399,1313,1393,1416,0,0,0,0,0,0,0,0,0,177.879833
RCOU,177919833,1416,1399,1313,1394,1416,0,0,0,0,0,0,0,0,0,177.919833
RCOU,177959833,1416,1399,1313,1395,1416,0,0,0,0,0,0,0,0,0,177.959833
RCOU,177999833,1416,1399,1313,1396,1416,0,0,0,0,0,0,0,0,0,177.999833
RCOU,178039833,1416,1399,1313,1396,1416,0,0,0,0,0,0,0,0,0,178.039833
RCOU,178079833,1416,1399,1313,1397,1416,0,0,0,0,0,0,0,0,0,178.079833
RCOU,178119833,1415,1399,1313,1397,1415,0,0,0,0,0,0,0,0,0,178.119833
RCOU,178159833,1415,1400,1313,1398,1415,0,0,0,0,0,0,0,0,0,178.159833
RCOU,178199833,1414,1400,1313,1398,1414,0,0,0,0,0,0,0,0,0,178.199833
RCOU,178239833,1414,1400,1312,1398,1414,0,0,0,0,0,0,0,0,0,178.239833
RCOU,178279833,1413,1401,1312,1398,1413,0,0,0,0,0,0,0,0,0,178.279833
RCOU,178319833,1412,1401,1312,1397,1412,0,0,0,0,0,0,0,0,0,178.319833
RCOU,178359833,1412,1401,1312,1397,1412,0,0,0,0,0,0,0,0,0,178.359833
RCOU,178399833,1411,1402,1312,1397,1411,0,0,0,0,0,0,0,0,0,178.399833
RCOU,178439833,1411,1402,1311,1396,1411,0,0,0,0,0,0,0,0,0,178.439833
RCOU,178479833,1410,1402,1311,1396,1410,0,0,0,0,0,0,0,0,0,178.479833
RCOU,178519833,1410,1402,1311,1395,1410,0,0,0,0,0,0,0,0,0,178.519833
RCOU,178559833,1410,1396,1311,1395,1410,0,0,0,0,0,0,0,0,0,178.559833
RCOU,178599833,1410,1393,1310,1395,1410,0,0,0,0,0,0,0,0,0,178.599833
RCOU,178639833,1409,1392,1310,1395,1409,0,0,0,0,0,0,0,0,0,178.639833
RCOU,178679833,1409,1391,1310,1396,1409,0,0,0,0,0,0,0,0,0,178.679833
RCOU,178719833,1409,1390,1309,1396,1409,0,0,0,0,0,0,0,0,0,178.719833
RCOU,178759833,1409,1390,1309,1397,1409,0,0,0,0,0,0,0,0,0,178.759833
RCOU,178799833,1409,1390,1309,1398,1409,0,0,0,0,0,0,0,0,0,178.799833
RCOU,178839833,1409,1391,1309,1399,1409,0,0,0,0,0,0,0,0,0,178.839833
RCOU,178879833,1409,1391,1308,1400,1409,0,0,0,0,0,0,0,0,0,178.879833
RCOU,178919833,1409,1392,1308,1401,1409,0,0,0,0,0,0,0,0,0,178.919833
RCOU,178959833,1409,1393,1308,1402,1409,0,0,0,0,0,0,0,0,0,178.959833
RCOU,178999833,1408,1393,1307,1404,1408,0,0,0,0,0,0,0,0,0,178.999833
RCOU,179039833,1408,1394,1307,1405,1408,0,0,0,0,0,0,0,0,0,179.039833
RCOU,179079833,1408,1395,1306,1406,1408,0,0,0,0,0,0,0,0,0,179.079833
RCOU,179119833,1408,1395,1306,1407,1408,0,0,0,0,0,0,0,0,0,179.119833
RCOU,179159833,1408,1396,1305,1408,1408,0,0,0,0,0,0,0,0,0,179.159833
RCOU,179199833,1408,1396,1305,1409,1408,0,0,0,0,0,0,0,0,0,179.199833
RCOU,179239833,1408,1397,1304,1409,1408,0,0,0,0,0,0,0,0,0,179.239833
RCOU,179279833,1407,1397,1304,1409,1407,0,0,0,0,0,0,0,0,0,179.279833
RCOU,179319833,1407,1398,1303,1409,1407,0,0,0,0,0,0,0,0,0,179.319833
RCOU,179359833,1407,1398,1302,1409,1407,0,0,0,0,0,0,0,0,0,179.359833
RCOU,179399833,1407,1398,1302,1408,1407,0,0,0,0,0,0,0,0,0,179.399833
RCOU,179439833,1407,1398,1302,1407,1407,0,0,0,0,0,0,0,0,0,179.439833
RCOU,179479833,1407,1398,1301,1406,1407,0,0,0,0,0,0,0,0,0,179.479833
RCOU,179519833,1407,1397,1301,1405,1407,0,0,0,0,0,0,0,0,0,179.519833
RCOU,179559833,1406,1397,1300,1404,1406,0,0,0,0,0,0,0,0,0,179.559833
RCOU,179599833,1406,1396,1299,1403,1406,0,0,0,0,0,0,0,0,0,179.599833
RCOU,179639833,1406,1396,1299,1402,1406,0,0,0,0,0,0,0,0,0,179.639833
RCOU,179679833,1406,1395,1298,1401,1406,0,0,0,0,0,0,0,0,0,179.679833
RCOU,179719833,1406,1394,1297,1400,1406,0,0,0,0,0,0,0,0,0,179.719833
RCOU,179759833,1406,1394,1297,1399,1406,0,0,0,0,0,0,0,0,0,179.759833
RCOU,179799833,1406,1393,1296,1399,1406,0,0,0,0,0,0,0,0,0,179.799833
RCOU,179839833,1406,1393,1295,1398,1406,0,0,0,0,0,0,0,0,0,179.839833
RCOU,179879833,1406,1393,1295,1398,1406,0,0,0,0,0,0,0,0,0,179.879833
RCOU,179919833,1406,1393,1294,1398,1406,0,0,0,0,0,0,0,0,0,179.919833
RCOU,179959833,1405,1392,1293,1398,1405,0,0,0,0,0,0,0,0,0,179.959833
RCOU,179999833,1405,1392,1293,1398,1405,0,0,0,0,0,0,0,0,0,179.999833
RCOU,180039833,1405,1392,1292,1398,1405,0,0,0,0,0,0,0,0,0,180.039833
RCOU,180079833,1405,1388,1292,1399,1405,0,0,0,0,0,0,0,0,0,180.079833
RCOU,180119833,1405,1385,1291,1399,1405,0,0,0,0,0,0,0,0,0,180.119833
RCOU,180159833,1405,1385,1290,1400,1405,0,0,0,0,0,0,0,0,0,180.159833
RCOU,180199833,1405,1385,1290,1401,1405,0,0,0,0,0,0,0,0,0,180.199833
RCOU,180239833,1405,1386,1290,1401,1405,0,0,0,0,0,0,0,0,0,180.239833
RCOU,180279833,1405,1387,1290,1402,1405,0,0,0,0,0,0,0,0,0,180.279833
RCOU,180319833,1404,1389,1289,1402,1404,0,0,0,0,0,0,0,0,0,180.319833
RCOU,180359833,1404,1391,1288,1403,1404,0,0,0,0,0,0,0,0,0,180.359833
RCOU,180399833,1404,1393,1288,1404,1404,0,0,0,0,0,0,0,0,0,180.399833
RCOU,180439833,1404,1395,1287,1405,1404,0,0,0,0,0,0,0,0,0,180.439833
RCOU,180479833,1404,1396,1286,1406,1404,0,0,0,0,0,0,0,0,0,180.479833
RCOU,180519833,1405,1398,1285,1407,1405,0,0,0,0,0,0,0,0,0,180.519833
RCOU,180559833,1405,1399,1285,1408,1405,0,0,0,0,0,0,0,0,0,180.559833
RCOU,180599833,1405,1399,1284,1409,1405,0,0,0,0,0,0,0,0,0,180.599833
RCOU,180639833,1405,1399,1283,1410,1405,0,0,0,0,0,0,0,0,0,180.639833
RCOU,180679833,1406,1399,1282,1411,1406,0,0,0,0,0,0,0,0,0,180.679833
RCOU,180719833,1406,1397,1281,1413,1406,0,0,0,0,0,0,0,0,0,180.719833
RCOU,180759833,1407,1396,1280,1415,1407,0,0,0,0,0,0,0,0,0,180.759833
RCOU,180799833,1407,1395,1280,1417,1407,0,0,0,0,0,0,0,0,0,180.799833
RCOU,180839833,1407,1394,1279,1419,1407,0,0,0,0,0,0,0,0,0,180.839833
RCOU,180879833,1408,1393,1279,1420,1408,0,0,0,0,0,0,0,0,0,180.879833
RCOU,180919833,1408,1392,1278,1421,1408,0,0,0,0,0,0,0,0,0,180.919833
RCOU,180959833,1409,1391,1277,1421,1409,0,0,0,0,0,0,0,0,0,180.959833
RCOU,180999833,1409,1391,1277,1421,1409,0,0,0,0,0,0,0,0,0,180.999833
RCOU,181039833,1410,1390,1276,1421,1410,0,0,0,0,0,0,0,0,0,181.039833
RCOU,181079833,1410,1389,1275,1420,1410,0,0,0,0,0,0,0,0,0,181.079833
RCOU,181119833,1410,1389,1275,1419,1410,0,0,0,0,0,0,0,0,0,181.119833
RCOU,181159833,1410,1389,1274,1417,1410,0,0,0,0,0,0,0,0,0,181.159833
RCOU,181199833,1410,1390,1273,1414,1410,0,0,0,0,0,0,0,0,0,181.199833
RCOU,181239833,1411,1404,1273,1411,1411,0,0,0,0,0,0,0,0,0,181.239833
RCOU,181279833,1411,1418,1272,1410,1411,0,0,0,0,0,0,0,0,0,181.279833
RCOU,181319833,1412,1424,1271,1408,1412,0,0,0,0,0,0,0,0,0,181.319833
RCOU,181359833,1412,1426,1271,1405,1412,0,0,0,0,0,0,0,0,0,181.359833
RCOU,181399833,1412,1424,1270,1403,1412,0,0,0,0,0,0,0,0,0,181.399833
RCOU,181439833,1412,1420,1270,1401,1412,0,0,0,0,0,0,0,0,0,181.439833
RCOU,181479833,1413,1414,1269,1399,1413,0,0,0,0,0,0,0,0,0,181.479833
RCOU,181519833,1413,1409,1269,1397,1413,0,0,0,0,0,0,0,0,0,181.519833
RCOU,181559833,1413,1404,1268,1395,1413,0,0,0,0,0,0,0,0,0,181.559833
RCOU,181599833,1414,1399,1268,1394,1414,0,0,0,0,0,0,0,0,0,181.599833
RCOU,181639833,1414,1394,1268,1393,1414,0,0,0,0,0,0,0,0,0,181.639833
RCOU,181679833,1414,1391,1268,1392,1414,0,0,0,0,0,0,0,0,0,181.679833
RCOU,181719833,1415,1388,1268,1392,1415,0,0,0,0,0,0,0,0,0,181.719833
RCOU,181759833,1415,1387,1268,1392,1415,0,0,0,0,0,0,0,0,0,181.759833
RCOU,181799833,1415,1386,1268,1393,1415,0,0,0,0,0,0,0,0,0,181.799833
RCOU,181839833,1416,1386,1268,1394,1416,0,0,0,0,0,0,0,0,0,181.839833
RCOU,181879833,1416,1387,1269,1395,1416,0,0,0,0,0,0,0,0,0,181.879833
RCOU,181919833,1416,1388,1269,1396,1416,0,0,0,0,0,0,0,0,0,181.919833
RCOU,181959833,1416,1389,1269,1397,1416,0,0,0,0,0,0,0,0,0,181.959833
RCOU,181999833,1416,1390,1270,1398,1416,0,0,0,0,0,0,0,0,0,181.999833
RCOU,182039833,1416,1392,1270,1399,1416,0,0,0,0,0,0,0,0,0,182.039833
RCOU,182079833,1415,1393,1270,1400,1415,0,0,0,0,0,0,0,0,0,182.079833
RCOU,182119833,1415,1393,1271,1400,1415,0,0,0,0,0,0,0,0,0,182.119833
RCOU,182159833,1415,1394,1271,1401,1415,0,0,0,0,0,0,0,0,0,182.159833
RCOU,182199833,1414,1395,1271,1401,1414,0,0,0,0,0,0,0,0,0,182.199833
RCOU,182239833,1414,1395,1271,1401,1414,0,0,0,0,0,0,0,0,0,182.239833
RCOU,182279833,1413,1396,1272,1400,1413,0,0,0,0,0,0,0,0,0,182.279833
RCOU,182319833,1412,1396,1272,1400,1412,0,0,0,0,0,0,0,0,0,182.319833
RCOU,182359833,1412,1396,1272,1400,1412,0,0,0,0,0,0,0,0,0,182.359833
RCOU,182399833,1411,1397,1272,1399,1411,0,0,0,0,0,0,0,0,0,182.399833
RCOU,182439833,1411,1397,1273,1398,1411,0,0,0,0,0,0,0,0,0,182.439833
RCOU,182479833,1410,1397,1273,1398,1410,0,0,0,0,0,0,0,0,0,182.479833
RCOU,182519833,1410,1397,1273,1397,1410,0,0,0,0,0,0,0,0,0,182.519833
RCOU,182559833,1410,1396,1273,1397,1410,0,0,0,0,0,0,0,0,0,182.559833
RCOU,182599833,1410,1395,1273,1396,1410,0,0,0,0,0,0,0,0,0,182.599833
RCOU,182639833,1409,1395,1274,1396,1409,0,0,0,0,0,0,0,0,0,182.639833
RCOU,182679833,1409,1395,1274,1397,1409,0,0,0,0,0,0,0,0,0,182.679833
RCOU,182719833,1409,1394,1274,1397,1409,0,0,0,0,0,0,0,0,0,182.719833
RCOU,182759833,1409,1393,1274,1397,1409,0,0,0,0,0,0,0,0,0,182.759833
RCOU,182799833,1409,1392,1274,1398,1409,0,0,0,0,0,0,0,0,0,182.799833
RCOU,182839833,1409,1391,1275,1399,1409,0,0,0,0,0,0,0,0,0,182.839833
RCOU,182879833,1409,1390,1275,1400,1409,0,0,0,0,0,0,0,0,0,182.879833
RCOU,182919833,1409,1390,1275,1401,1409,0,0,0,0,0,0,0,0,0,182.919833
RCOU,182959833,1409,1389,1276,1402,1409,0,0,0,0,0,0,0,0,0,182.959833
