sim_time_s,json_timestamp_s,gyro_x_rad_s,gyro_y_rad_s,gyro_z_rad_s,accel_x_m_s2,accel_y_m_s2,accel_z_m_s2,position_n_m,position_e_m,position_d_m,roll_rad,pitch_rad,yaw_rad,velocity_n_m_s,velocity_e_m_s,velocity_d_m_s,wind_n_m_s,wind_e_m_s,wind_d_m_s,airspeed_m_s,no_time_sync,no_lockstep
0,0.02,0,0,0,0.0672955656,-0,-9.8064191,0,0,0,0,0.00686229179,0,13,0,0,0,0,0,13,0,0
0.02,0.04,0,9.59118457e-05,0,0.0673182693,0,-9.83404004,0.259999976,0,-5.4791556e-06,0,0.00686278119,0,12.9999966,0,-0.000533834062,0,0,0,12.9999966,0,0
0.04,0.06,0,0.000463625485,0,-0.221822713,0,-9.82788957,0.519942043,0,-1.98982737e-05,0,0.00686808033,0,12.9942103,0,-0.000871919833,0,0,0,12.9942103,0,0
0.06,0.08,0,0.000954577207,0,-0.221648523,0,-9.81888146,0.7797684,0,-3.90648037e-05,0,0.00688216866,0,12.9884259,0,-0.00101648769,0,0,0,12.9884259,0,0
0.08,0.1,0,0.0014712154,0,-0.22128771,0,-9.81147461,1.0394791,0,-5.95578354e-05,0,0.00690644621,0,12.982645,0,-0.00101105574,0,0,0,12.9826451,0,0
0.1,0.12,0,0.00195951733,0,-0.22076649,0,-9.80551952,1.29907423,0,-7.87432008e-05,0,0.00694083471,0,12.9768686,0,-0.00089096218,0,0,0,12.9768687,0,0
0.12,0.14,0,0.00239077836,0,-0.220112093,0,-9.80081345,1.55855388,0,-9.46211543e-05,0,0.00698445009,0,12.9710974,0,-0.000684473806,0,0,0,12.9710974,0,0
0.14,0.16,0,0.00275113104,0,-0.219350556,0,-9.7971397,1.81791816,0,-0.000105694822,0,0.00703599499,0,12.9653319,0,-0.000413758456,0,0,0,12.9653319,0,0
0.16,0.18,0,0.00303545781,0,-0.218505641,0,-9.79428859,2.0771672,0,-0.000110857041,0,0.00709398949,0,12.9595722,0,-9.57533827e-05,0,0,0,12.9595722,0,0
0.18,0.2,0,0.00324381189,0,-0.217598382,0,-9.79206806,2.33630109,0,-0.000109293678,0,0.00715690736,0,12.9538187,0,0.000257053764,0,0,0,12.9538187,0,0
0.2,0.22,0,0.00337927963,0,-0.216646977,0,-9.79030837,2.59531999,0,-0.000100401786,0,0.00722325636,0,12.9480715,0,0.000635922312,0,0,0,12.9480715,0,0
0.22,0.24,0,0.00344667931,0,-0.21566687,0,-9.78886345,2.854224,0,-8.37210701e-05,0,0.00729162494,0,12.9423307,0,0.00103522887,0,0,0,12.9423307,0,0
0.24,0.26,0,0.00345175233,0,-0.214670933,0,-9.78761041,3.11301326,0,-5.88772645e-05,0,0.00736070815,0,12.9365964,0,0.00145190657,0,0,0,12.9365965,0,0
0.26,0.28,0,0.0034006497,0,-0.213669693,0,-9.78644808,3.3716879,0,-2.55360567e-05,0,0.00742932063,0,12.930869,0,0.00188494968,0,0,0,12.9308691,0,0
0.28,0.3,0,0.00329960032,0,-0.212671589,0,-9.78529498,3.63024806,0,1.66336969e-05,0,0.00749640126,0,12.9251485,0,0.00233497982,0,0,0,12.9251488,0,0
0.3,0.32,0,0.00315469451,0,-0.211683214,0,-9.78408715,3.88869389,0,6.79886659e-05,0,0.00756101237,0,12.9194354,0,0.00280386991,0,0,0,12.9194357,0,0
0.32,0.34,0,0.00297174319,0,-0.210709567,0,-9.78277596,4.14702553,0,0.00012893276,0,0.00762233551,0,12.91373,0,0.00329442155,0,0,0,12.9137304,0,0
0.34,0.36,0,0.00275618845,0,-0.209754277,0,-9.78132596,4.40524314,0,0.00019993289,0,0.00767966485,0,12.9080326,0,0.00381009142,0,0,0,12.9080332,0,0
0.36,0.38,0,0.00251305022,0,-0.208819818,0,-9.77971285,4.66334689,0,0.000281529705,0,0.00773239926,0,12.9023439,0,0.00435476225,0,0,0,12.9023446,0,0
0.38,0.4,0,0.00224689879,0,-0.207907704,0,-9.77792167,4.92133696,0,0.000374344166,0,0.00778003355,0,12.8966644,0,0.00493255372,0,0,0,12.8966654,0,0
0.4,0.42,0,0.00196184618,0,-0.207018661,0,-9.77594513,5.17921353,0,0.000479080689,0,0.00782214931,0,12.8909948,0,0.00554766901,0,0,0,12.890996,0,0
0.42,0.44,0,0.00166155147,0,-0.206152784,0,-9.77378211,5.43697682,0,0.000596527546,0,0.00785840588,0,12.8853357,0,0.00620427256,0,0,0,12.8853372,0,0
0.44,0.46,0,0.00134923609,0,-0.205309673,0,-9.77143639,5.69462704,0,0.000727555098,0,0.00788853133,0,12.879688,0,0.00690639513,0,0,0,12.8796899,0,0
0.46,0.48,0,0.00102770628,0,-0.204488552,0,-9.76891548,5.95216442,0,0.000873112373,0,0.00791231398,0,12.8740525,0,0.00765786231,0,0,0,12.8740548,0,0
0.48,0.5,0,0.0006993805,0,-0.203688369,0,-9.76622966,6.20958923,0,0.00103422241,0,0.00792959435,0,12.8684301,0,0.00846224302,0,0,0,12.8684328,0,0
0.5,0.52,0,0.00036631978,0,-0.202907883,0,-9.76339119,6.46690172,0,0.00121197677,0,0.00794025771,0,12.8628216,0,0.00932281477,0,0,0,12.862825,0,0
0.52,0.54,0,3.02597966e-05,0,-0.202145735,0,-9.76041357,6.72410219,0,0.00140752945,0,0.00794422721,0,12.8572281,0,0.0102425428,0,0,0,12.8572322,0,0
0.54,0.56,0,-0.000307356592,0,-0.201400509,0,-9.757311,6.98119095,0,0.00162209056,0,0.00794145778,0,12.8516505,0,0.0112240708,0,0,0,12.8516554,0,0
0.56,0.58,0,-0.00064534718,0,-0.200670779,0,-9.75409793,7.23816832,0,0.00185691983,0,0.00793193051,0,12.8460899,0,0.0122697202,0,0,0,12.8460958,0,0
0.58,0.6,0,-0.000982759284,0,-0.199955145,0,-9.75078868,7.49503467,0,0.00211332028,0,0.00791564779,0,12.8405473,0,0.0133814971,0,0,0,12.8405543,0,0
0.6,0.62,0,-0.00131884016,0,-0.199252263,0,-9.74739715,7.75179034,0,0.00239263198,0,0.00789262905,0,12.8350238,0,0.0145611048,0,0,0,12.8350321,0,0
0.62,0.64,0,-0.00165300928,0,-0.198560869,0,-9.74393662,8.00843575,0,0.00269622617,0,0.00786290697,0,12.8295205,0,0.0158099589,0,0,0,12.8295303,0,0
0.64,0.66,0,-0.00198483274,0,-0.197879787,0,-9.74041961,8.26497131,0,0.00302549969,0,0.00782652434,0,12.8240385,0,0.0171292073,0,0,0,12.8240499,0,0
0.66,0.68,0,-0.0023139999,0,-0.197207948,0,-9.73685775,8.52139744,0,0.00338186981,0,0.00778353139,0,12.8185788,0,0.0185197498,0,0,0,12.8185922,0,0
0.68,0.7,0,-0.00264030226,0,-0.196544386,0,-9.73326176,8.77771462,0,0.00376676951,0,0.00773398346,0,12.8131427,0,0.0199822601,0,0,0,12.8131583,0,0
0.7,0.72,0,-0.00296361467,0,-0.195888248,0,-9.7296414,9.03392331,0,0.00418164317,0,0.00767793924,0,12.8077311,0,0.0215172069,0,0,0,12.8077492,0,0
0.72,0.74,0,-0.0032838787,0,-0.195238785,0,-9.72600544,9.29002403,0,0.00462794264,0,0.00761545921,0,12.8023452,0,0.0231248755,0,0,0,12.8023661,0,0
0.74,0.76,0,-0.00360108809,0,-0.194595355,0,-9.72236176,9.5460173,0,0.00510712385,0,0.00754660447,0,12.7969862,0,0.0248053883,0,0,0,12.7970102,0,0
0.76,0.78,0,-0.00391527623,0,-0.193957414,0,-9.71871734,9.80190367,0,0.00562064368,0,0.00747143584,0,12.7916551,0,0.0265587239,0,0,0,12.7916827,0,0
0.78,0.8,0,-0.00422650544,0,-0.193324513,0,-9.71507829,10.0576837,0,0.00616995733,0,0.00739001315,0,12.786353,0,0.0283847359,0,0,0,12.7863845,0,0
0.8,0.82,0,-0.00453485791,0,-0.192696287,0,-9.71144997,10.313358,0,0.00675651595,0,0.0073023948,0,12.7810811,0,0.030283169,0,0,0,12.781117,0,0
0.82,0.84,0,-0.00484042818,0,-0.192072451,0,-9.70783702,10.5689272,0,0.0073817646,0,0.00720863738,0,12.7758404,0,0.0322536749,0,0,0,12.7758811,0,0
0.84,0.86,0,-0.00514331695,0,-0.19145279,0,-9.70424339,10.8243918,0,0.00804714059,0,0.00710879555,0,12.770632,0,0.0342958258,0,0,0,12.770678,0,0
0.86,0.88,0,-0.00544362616,0,-0.190837154,0,-9.70067248,11.0797527,0,0.00875407198,0,0.0070029219,0,12.7654569,0,0.0364091273,0,0,0,12.7655089,0,0
0.88,0.9,0,-0.00574145505,0,-0.190225449,0,-9.69712716,11.3350103,0,0.00950397635,0,0.00689106704,0,12.7603163,0,0.0385930284,0,0,0,12.7603747,0,0
0.9,0.92,0,-0.00603689712,0,-0.189617629,0,-9.69360983,11.5901655,0,0.0102982598,0,0.00677327961,0,12.7552112,0,0.0408469321,0,0,0,12.7552766,0,0
0.92,0.94,0,-0.00633003799,0,-0.18901369,0,-9.69012248,11.845219,0,0.0111383161,0,0.00664960649,0,12.7501426,0,0.043170203,0,0,0,12.7502157,0,0
0.94,0.96,0,-0.0066209538,0,-0.188413666,0,-9.68666679,12.1001715,0,0.0120255259,0,0.00652009292,0,12.7451116,0,0.0455621746,0,0,0,12.7451931,0,0
0.96,0.98,0,-0.00690971024,0,-0.18781762,0,-9.68324411,12.3550237,0,0.0129612565,0,0.00638478273,0,12.7401192,0,0.0480221555,0,0,0,12.7402097,0,0
0.98,1,0,-0.00719636196,0,-0.18722564,0,-9.67985556,12.6097765,0,0.0139468608,0,0.00624371854,0,12.7351664,0,0.0505494343,0,0,0,12.7352667,0,0
1,1.02,0,-0.00748095249,0,-0.186637835,0,-9.67650203,12.8644307,0,0.0149836777,0,0.00609694199,0,12.7302542,0,0.0531432836,0,0,0,12.7303651,0,0
1.02,1.04,0,-0.00776351427,0,-0.186054332,0,-9.67318428,13.118987,0,0.016073031,0,0.00594449397,0,12.7253835,0,0.0558029636,0,0,0,12.7255059,0,0
1.04,1.06,0,-0.00804406909,0,-0.185475267,0,-9.6699029,13.3734463,0,0.0172162301,0,0.0057864148,0,12.7205554,0,0.0585277248,0,0,0,12.7206901,0,0
1.06,1.08,0,-0.00832262856,0,-0.184900789,0,-9.66665837,13.6278095,0,0.0184145688,0,0.0056227445,0,12.7157709,0,0.0613168099,0,0,0,12.7159187,0,0
1.08,1.1,0,-0.00859919477,0,-0.184331053,0,-9.66345111,13.8820774,0,0.0196693262,0,0.00545352294,0,12.7110308,0,0.0641694557,0,0,0,12.7111928,0,0
1.1,1.12,0,-0.00887376105,0,-0.183766218,0,-9.66028146,14.136251,0,0.0209817657,0,0.00527879004,0,12.7063361,0,0.0670848941,0,0,0,12.7065132,0,0
1.12,1.14,0,-0.00914631271,0,-0.183206446,0,-9.65714971,14.3903312,0,0.0223531354,0,0.00509858593,0,12.7016878,0,0.070062353,0,0,0,12.7018811,0,0
1.14,1.16,0,-0.00941682789,0,-0.1826519,0,-9.65405613,14.6443188,0,0.0237846681,0,0.00491295111,0,12.6970868,0,0.0731010565,0,0,0,12.6972972,0,0
1.16,1.18,0,-0.00968527828,0,-0.182102742,0,-9.65100096,14.898215,0,0.0252775808,0,0.00472192658,0,12.6925339,0,0.0762002257,0,0,0,12.6927626,0,0
1.18,1.2,0,-0.00995163,0,-0.181559132,0,-9.64798445,15.1520205,0,0.026833075,0,0.00452555397,0,12.6880301,0,0.0793590786,0,0,0,12.6882783,0,0
1.2,1.22,0,-0.0102158442,0,-0.181021231,0,-9.64500683,15.4057365,0,0.0284523366,0,0.00432387563,0,12.6835763,0,0.0825768299,0,0,0,12.6838451,0,0
1.22,1.24,0,-0.0104778781,0,-0.180489194,0,-9.64206834,15.6593639,0,0.0301365356,0,0.00411693473,0,12.6791732,0,0.0858526909,0,0,0,12.6794639,0,0
1.24,1.26,0,-0.0107376851,0,-0.179963172,0,-9.63916922,15.9129038,0,0.0318868264,0,0.00390477535,0,12.6748219,0,0.0891858692,0,0,0,12.6751356,0,0
1.26,1.28,0,-0.0109952159,0,-0.179443316,0,-9.63630973,16.1663571,0,0.0337043472,0,0.0036874425,0,12.670523,0,0.0925755689,0,0,0,12.6708612,0,0
1.28,1.3,0,-0.0112504188,0,-0.178929769,0,-9.63349015,16.4197251,0,0.0355902206,0,0.00346498223,0,12.6662776,0,0.0960209895,0,0,0,12.6666415,0,0
1.3,1.32,0,-0.0115032402,0,-0.178422672,0,-9.63071075,16.6730086,0,0.0375455529,0,0.00323744163,0,12.6620863,0,0.099521326,0,0,0,12.6624774,0,0
1.32,1.34,0,-0.0117536253,0,-0.177922162,0,-9.62797184,16.9262089,0,0.0395714343,0,0.00300486887,0,12.65795,0,0.103075769,0,0,0,12.6583696,0,0
1.34,1.36,0,-0.012001518,0,-0.177428372,0,-9.62527373,17.179327,0,0.0416689389,0,0.00276731323,0,12.6538695,0,0.106683503,0,0,0,12.6543192,0,0
1.36,1.38,0,-0.0122468619,0,-0.17694143,0,-9.62261674,17.432364,0,0.0438391243,0,0.00252482514,0,12.6498455,0,0.110343708,0,0,0,12.6503268,0,0
1.38,1.4,0,-0.0124895998,0,-0.17646146,0,-9.62000122,17.6853212,0,0.0460830315,0,0.00227745613,0,12.6458789,0,0.114055557,0,0,0,12.6463933,0,0
1.4,1.42,0,-0.0127296749,0,-0.175988584,0,-9.6174275,17.9381996,0,0.0484016853,0,0.0020252589,0,12.6419704,0,0.117818218,0,0,0,12.6425194,0,0
1.42,1.44,0,-0.01296703,0,-0.175522918,0,-9.61489594,18.1910004,0,0.0507960934,0,0.00176828727,0,12.6381208,0,0.121630854,0,0,0,12.6387061,0,0
1.44,1.46,0,-0.0132016087,0,-0.175064577,0,-9.61240691,18.4437248,0,0.053267247,0,0.00150659621,0,12.6343307,0,0.125492618,0,0,0,12.634954,0,0
1.46,1.48,0,-0.0134333547,0,-0.174613671,0,-9.60996077,18.696374,0,0.05581612,0,0.0012402418,0,12.630601,0,0.12940266,0,0,0,12.6312638,0,0
1.48,1.5,0,-0.0136622125,0,-0.174170307,0,-9.6075579,18.9489493,0,0.0584436695,0,0.000969281272,0,12.6269322,0,0.133360122,0,0,0,12.6276365,0,0
1.5,1.52,0,-0.0138881271,0,-0.17373459,0,-9.60519867,19.2014517,0,0.0611508352,0,0.000693772925,0,12.6233252,0,0.137364138,0,0,0,12.6240726,0,0
1.52,1.54,0,-0.0141110445,0,-0.173306621,0,-9.60288346,19.4538827,0,0.0639385396,0,0.000413776169,0,12.6197806,0,0.141413839,0,0,0,12.6205729,0,0
1.54,1.56,0,-0.0143309113,0,-0.172886498,0,-9.60061265,19.7062434,0,0.0668076875,0,0.000129351483,0,12.616299,0,0.145508345,0,0,0,12.617138,0,0
1.56,1.58,0,-0.0145476751,0,-0.172474318,0,-9.5983866,19.9585351,0,0.0697591662,0,-0.000159439597,0,12.6128811,0,0.149646772,0,0,0,12.6137688,0,0
1.58,1.6,0,-0.0147612845,0,-0.172070175,0,-9.59620569,20.210759,0,0.0727938452,0,-0.000452534493,0,12.6095275,0,0.153828228,0,0,0,12.6104658,0,0
1.6,1.62,0,-0.0149716889,0,-0.171674159,0,-9.59407028,20.4629166,0,0.0759125762,0,-0.000749869611,0,12.606239,0,0.158051817,0,0,0,12.6072297,0,0
1.62,1.64,0,-0.0151788387,0,-0.17128636,0,-9.59198073,20.715009,0,0.0791161927,0,-0.00105138035,0,12.603016,0,0.162316633,0,0,0,12.6040612,0,0
1.64,1.66,0,-0.0153826853,0,-0.170906863,0,-9.58993741,20.9670377,0,0.0824055103,0,-0.00135700114,0,12.5998592,0,0.166621765,0,0,0,12.6009609,0,0
1.66,1.68,0,-0.0155831811,0,-0.170535754,0,-9.58794066,21.2190038,0,0.085781326,0,-0.00166666543,0,12.5967692,0,0.170966298,0,0,0,12.5979293,0,0
1.68,1.7,0,-0.0157802793,0,-0.170173114,0,-9.58599081,21.4709089,0,0.0892444187,0,-0.00198030573,0,12.5937465,0,0.175349307,0,0,0,12.5949672,0,0
1.7,1.72,0,-0.0159739343,0,-0.169819024,0,-9.58408821,21.7227542,0,0.0927955486,0,-0.00229785365,0,12.5907917,0,0.179769864,0,0,0,12.592075,0,0
1.72,1.74,0,-0.0161641014,0,-0.169473562,0,-9.58223317,21.974541,0,0.0964354573,0,-0.00261923985,0,12.5879053,0,0.184227034,0,0,0,12.5892533,0,0
1.74,1.76,0,-0.0163507368,0,-0.169136802,0,-9.580426,22.2262708,0,0.100164868,0,-0.00294439416,0,12.5850879,0,0.188719877,0,0,0,12.5865028,0,0
1.76,1.78,0,-0.0165337976,0,-0.168808821,0,-9.57866703,22.477945,0,0.103984484,0,-0.00327324549,0,12.58234,0,0.193247447,0,0,0,12.5838239,0,0
1.78,1.8,0,-0.0167132422,0,-0.168489688,0,-9.57695653,22.7295649,0,0.107894991,0,-0.00360572195,0,12.579662,0,0.197808793,0,0,0,12.5812171,0,0
1.8,1.82,0,-0.0168890294,0,-0.168179474,0,-9.5752948,22.9811319,0,0.111897054,0,-0.0039417508,0,12.5770545,0,0.20240296,0,0,0,12.578683,0,0
1.82,1.84,0,-0.0170611194,0,-0.167878247,0,-9.57368211,23.2326475,0,0.115991322,0,-0.00428125848,0,12.5745179,0,0.207028986,0,0,0,12.5762221,0,0
1.84,1.86,0,-0.0172294732,0,-0.167586071,0,-9.57211872,23.4841131,0,0.12017842,0,-0.00462417067,0,12.5720527,0,0.211685906,0,0,0,12.5738347,0,0
1.86,1.88,0,-0.0173940527,0,-0.167303012,0,-9.57060489,23.7355301,0,0.124458957,0,-0.00497041225,0,12.5696593,0,0.216372749,0,0,0,12.5715215,0,0
1.88,1.9,0,-0.0175548207,0,-0.16702913,0,-9.56914087,23.9869,0,0.128833523,0,-0.00531990737,0,12.5673381,0,0.221088543,0,0,0,12.5692827,0,0
1.9,1.92,0,-0.017711741,0,-0.166764484,0,-9.56772688,24.2382241,0,0.133302686,0,-0.00567257942,0,12.5650896,0,0.225832307,0,0,0,12.5671189,0,0
1.92,1.94,0,-0.0178647783,0,-0.166509132,0,-9.56636315,24.4895041,0,0.137866995,0,-0.00602835112,0,12.5629141,0,0.230603061,0,0,0,12.5650304,0,0
1.94,1.96,0,-0.0180138983,0,-0.166263129,0,-9.56504989,24.7407412,0,0.142526981,0,-0.00638714444,0,12.560812,0,0.235399817,0,0,0,12.5630176,0,0
1.96,1.98,0,-0.0181590675,0,-0.166026527,0,-9.5637873,24.991937,0,0.147283154,0,-0.00674888071,0,12.5587837,0,0.240221587,0,0,0,12.561081,0,0
1.98,2,0,-0.0183002535,0,-0.165799377,0,-9.56257558,25.243093,0,0.152136005,0,-0.00711348059,0,12.5568296,0,0.245067378,0,0,0,12.5592208,0,0
2,2.02,0,-0.0184374248,0,-0.165581729,0,-9.5614149,25.4942107,0,0.157086003,0,-0.00748086409,0,12.5549499,0,0.249936194,0,0,0,12.5574374,0,0
2.02,2.04,0,-0.0185705506,0,-0.165373627,0,-9.56030543,25.7452915,0,0.1621336,0,-0.00785095061,0,12.5531449,0,0.254827036,0,0,0,12.5557311,0,0
2.04,2.06,0,-0.0186996016,0,-0.165175117,0,-9.55924733,25.996337,0,0.167279225,0,-0.00822365895,0,12.551415,0,0.259738902,0,0,0,12.5541023,0,0
2.06,2.08,0,-0.0188245488,0,-0.164986239,0,-9.55824075,26.2473486,0,0.172523289,0,-0.00859890731,0,12.5497605,0,0.264670789,0,0,0,12.5525511,0,0
2.08,2.1,0,-0.0189453647,0,-0.164807033,0,-9.55728583,26.4983279,0,0.177866183,0,-0.00897661336,0,12.5481816,0,0.269621689,0,0,0,12.551078,0,0
2.1,2.12,0,-0.0190620225,0,-0.164637536,0,-9.5563827,26.7492764,0,0.183308277,0,-0.00935669418,0,12.5466786,0,0.274590595,0,0,0,12.549683,0,0
2.12,2.14,0,-0.0191744965,0,-0.164477784,0,-9.55553147,27.0001956,0,0.18884992,0,-0.00973906637,0,12.5452517,0,0.279576495,0,0,0,12.5483666,0,0
2.14,2.16,0,-0.0192827619,0,-0.164327807,0,-9.55473226,27.251087,0,0.194491443,0,-0.010123646,0,12.5439012,0,0.284578377,0,0,0,12.5471288,0,0
2.16,2.18,0,-0.0193867949,0,-0.164187637,0,-9.55398515,27.5019521,0,0.200233155,0,-0.0105103486,0,12.5426272,0,0.289595227,0,0,0,12.54597,0,0
2.18,2.2,0,-0.0194865727,0,-0.164057301,0,-9.55329023,27.7527926,0,0.206075345,0,-0.0108990894,0,12.5414299,0,0.294626029,0,0,0,12.5448902,0,0
2.2,2.22,0,-0.0195820737,0,-0.163936824,0,-9.55264759,28.0036099,0,0.212018282,0,-0.011289783,0,12.5403096,0,0.299669766,0,0,0,12.5438896,0,0
2.22,2.24,0,-0.019673277,0,-0.16382623,0,-9.55205729,28.2544055,0,0.218062215,0,-0.0116823437,0,12.5392664,0,0.30472542,0,0,0,12.5429685,0,0
2.24,2.26,0,-0.019760163,0,-0.163725537,0,-9.55151938,28.505181,0,0.224207372,0,-0.0120766853,0,12.5383003,0,0.309791972,0,0,0,12.5421269,0,0
2.26,2.28,0,-0.0198391649,0,0.315148555,0,-9.55763936,28.7560338,0,0.230454231,0,-0.0124727007,0,12.5469882,0,0.314852566,0,0,0,12.550938,0,0
2.28,2.3,0,-0.0199001505,0,0.310908532,0,-9.56959751,29.0070603,0,0.23679991,0,-0.0128701312,0,12.5556701,0,0.31967883,0,0,0,12.5597391,0,0
2.3,2.32,0,-0.0199351162,0,0.310066344,0,-9.58026228,29.258261,0,0.243240007,0,-0.0132685327,0,12.5644141,0,0.324298442,0,0,0,12.5685986,0,0
2.32,2.34,0,-0.0199382351,0,0.305222933,0,-9.58979827,29.5096364,0,0.249770615,0,-0.0136673231,0,12.57314,0,0.328733636,0,0,0,12.5774368,0,0
2.34,2.36,0,-0.0199055908,0,0.300347125,0,-9.59831274,29.7611862,0,0.256388259,0,-0.0140658234,0,12.581847,0,0.333005251,0,0,0,12.5862531,0,0
2.36,2.38,0,-0.0198348689,0,0.295404173,0,-9.60595937,30.0129099,0,0.263089849,0,-0.0144632926,0,12.5905334,0,0.337130845,0,0,0,12.5950462,0,0
2.38,2.4,0,-0.0197250769,0,0.290411623,0,-9.61287748,30.2648071,0,0.269872614,0,-0.0148589574,0,12.5991979,0,0.341125021,0,0,0,12.603815,0,0
2.4,2.42,0,-0.0195762931,0,0.28538476,0,-9.61919273,30.5168774,0,0.27673405,0,-0.0152520355,0,12.6078391,0,0.344999741,0,0,0,12.6125584,0,0
2.42,2.44,0,-0.0193894448,0,0.280337125,0,-9.62501719,30.7691203,0,0.283671868,0,-0.0156417552,0,12.6164559,0,0.348764617,0,0,0,12.6212755,0,0
2.44,2.46,0,-0.0191661147,0,0.275280577,0,-9.6304498,31.0215352,0,0.290683949,0,-0.01602737,0,12.6250473,0,0.352427199,0,0,0,12.6299654,0,0
2.46,2.48,0,-0.0189083723,0,0.270225381,0,-9.63557694,31.2741217,0,0.297768308,0,-0.0164081703,0,12.6336125,0,0.355993251,0,0,0,12.6386271,0,0
2.48,2.5,0,-0.0186186307,0,0.265180311,0,-9.64047317,31.5268793,0,0.30492306,0,-0.0167834915,0,12.6421506,0,0.359466999,0,0,0,12.6472601,0,0
2.5,2.52,0,-0.0182995247,0,0.260152772,0,-9.64520208,31.7798073,0,0.312146388,0,-0.0171527197,0,12.6506608,0,0.362851369,0,0,0,12.6558634,0,0
2.52,2.54,0,-0.0179538103,0,0.255148924,0,-9.64981715,32.0329052,0,0.319436527,0,-0.0175152951,0,12.6591422,0,0.366148202,0,0,0,12.6644363,0,0
2.54,2.56,0,-0.0175842816,0,0.250173804,0,-9.65436274,32.2861725,0,0.326791735,0,-0.0178707134,0,12.6675943,0,0.369358446,0,0,0,12.672978,0,0
2.56,2.58,0,-0.0171937045,0,0.245231455,0,-9.65887496,32.5396086,0,0.334210285,0,-0.0182185261,0,12.6760162,0,0.37248233,0,0,0,12.6814877,0,0
2.58,2.6,0,-0.0167847644,0,0.240325047,0,-9.6633826,32.7932127,0,0.341690446,0,-0.0185583392,0,12.6844071,0,0.375519513,0,0,0,12.6899645,0,0
2.6,2.62,0,-0.0163600268,0,0.235456987,0,-9.66790804,33.0469844,0,0.349230477,0,-0.0188898113,0,12.6927664,0,0.378469226,0,0,0,12.6984077,0,0
2.62,2.64,0,-0.015921881,0,0.234091296,0,-9.67251623,33.3009236,0,0.356828626,0,-0.0192126509,0,12.7011624,0,0.381330728,0,0,0,12.7068855,0,0
2.64,2.66,0,-0.0154725,0,0.229232615,0,-9.67721228,33.5550304,0,0.364483091,0,-0.0195266117,0,12.7095237,0,0.384100582,0,0,0,12.7153264,0,0
2.66,2.68,0,-0.0150138945,0,0.224458234,0,-9.68195206,33.8093041,0,0.372192026,0,-0.0198314894,0,12.7178503,0,0.386777582,0,0,0,12.7237304,0,0
2.68,2.7,0,-0.0145479053,0,0.219725235,0,-9.68674196,34.063744,0,0.379953562,0,-0.0201271183,0,12.7261414,0,0.389360398,0,0,0,12.7320963,0,0
2.7,2.72,0,-0.0140762001,0,0.215034159,0,-9.69158479,34.3183493,0,0.3877658,0,-0.0204133676,0,12.734396,0,0.391847667,0,0,0,12.7404233,0,0
2.72,2.74,0,-0.0136002754,0,0.210384936,0,-9.69648098,34.5731193,0,0.395626817,0,-0.0206901382,0,12.7426133,0,0.394238037,0,0,0,12.7487104,0,0
2.74,2.76,0,-0.0131214607,0,0.205777294,0,-9.70142905,34.8280533,0,0.403534662,0,-0.0209573594,0,12.7507922,0,0.39653021,0,0,0,12.7569564,0,0
2.76,2.78,0,-0.0126409262,0,0.201210807,0,-9.70642602,35.0831505,0,0.411487358,0,-0.0212149852,0,12.7589318,0,0.398722967,0,0,0,12.7651605,0,0
2.78,2.8,0,-0.0121596918,0,0.196684934,0,-9.71146774,35.3384101,0,0.419482906,0,-0.0214629918,0,12.7670313,0,0.400815194,0,0,0,12.7733214,0,0
2.8,2.82,0,-0.011678638,0,0.192199058,0,-9.71654925,35.5938312,0,0.427519284,0,-0.0217013741,0,12.7750894,0,0.40280589,0,0,0,12.7814382,0,0
2.82,2.84,0,-0.0111985171,0,0.187752511,0,-9.72166501,35.8494132,0,0.435594454,0,-0.0219301435,0,12.7831053,0,0.404694188,0,0,0,12.7895097,0,0
2.84,2.86,0,-0.0107199652,0,0.183344602,0,-9.72680915,36.1051549,0,0.443706359,0,-0.0221493253,0,12.791078,0,0.40647935,0,0,0,12.797535,0,0
2.86,2.88,0,-0.0102434878,0,0.182175398,0,-9.73202048,36.3610564,0,0.451852939,0,-0.022358956,0,12.7990703,0,0.408161301,0,0,0,12.8055767,0,0
2.88,2.9,0,-0.00976945397,0,0.177779158,0,-9.73728625,36.6171172,0,0.4600321,0,-0.0225590811,0,12.807016,0,0.409737387,0,0,0,12.8135687,0,0
2.9,2.92,0,-0.00929816764,0,0.173455425,0,-9.74255246,36.8733365,0,0.468241723,0,-0.0227497525,0,12.8149147,0,0.411207493,0,0,0,12.8215105,0,0
2.92,2.94,0,-0.00882987701,0,0.169166778,0,-9.74781515,37.1297133,0,0.476479688,0,-0.0229310278,0,12.8227654,0,0.412571573,0,0,0,12.829401,0,0
2.94,2.96,0,-0.00836478192,0,0.164913031,0,-9.75306992,37.3862466,0,0.484743875,0,-0.0231029689,0,12.830567,0,0.413829678,0,0,0,12.837239,0,0
2.96,2.98,0,-0.00790304091,0,0.160693752,0,-9.75831263,37.6429354,0,0.493032165,0,-0.0232656414,0,12.8383184,0,0.414981951,0,0,0,12.8450235,0,0
2.98,3,0,-0.00744477767,0,0.156508542,0,-9.76353937,37.8997787,0,0.501342443,0,-0.0234191137,0,12.8460185,0,0.416028615,0,0,0,12.8527534,0,0
3,3.02,0,-0.00699008687,0,0.152357038,0,-9.76874652,38.1567756,0,0.509672602,0,-0.0235634563,0,12.8536662,0,0.416969975,0,0,0,12.8604276,0,0
3.02,3.04,0,-0.00653903943,0,0.148238905,0,-9.77393071,38.4139248,0,0.518020538,0,-0.0236987415,0,12.8612604,0,0.417806407,0,0,0,12.8680449,0,0
3.04,3.06,0,-0.0060916871,0,0.144153846,0,-9.77908884,38.6712254,0,0.526384157,0,-0.0238250425,0,12.8688001,0,0.418538353,0,0,0,12.8756044,0,0
3.06,3.08,0,-0.0056480666,0,0.14010159,0,-9.7842181,38.9286762,0,0.534761374,0,-0.0239424338,0,12.8762841,0,0.419166317,0,0,0,12.883105,0,0
3.08,3.1,0,-0.00520817928,0,0.139060726,0,-9.78935793,39.1862768,0,0.543150124,0,-0.0240509901,0,12.8837711,0,0.419691446,0,0,0,12.890605,0,0
3.1,3.12,0,-0.00477197672,0,0.135016717,0,-9.79449946,39.4440265,0,0.551548331,0,-0.0241507856,0,12.8911992,0,0.420112199,0,0,0,12.8980429,0,0
3.12,3.14,0,-0.00433942043,0,0.131035766,0,-9.79959595,39.7019242,0,0.559953916,0,-0.0242418935,0,12.8985681,0,0.420429434,0,0,0,12.9054182,0,0
3.14,3.16,0,-0.0039104589,0,0.130021062,0,-9.8046886,39.9599692,0,0.568364827,0,-0.0243243864,0,12.9059353,0,0.420644595,0,0,0,12.9127885,0,0
3.16,3.18,0,-0.00348500988,0,0.126047401,0,-9.80977023,40.2181609,0,0.576779006,0,-0.0243983352,0,12.91324,0,0.420756406,0,0,0,12.9200931,0,0
3.18,3.2,0,-0.00306301611,0,0.122135108,0,-9.81479632,40.4764982,0,0.585194397,0,-0.0244638098,0,12.9204819,0,0.420765943,0,0,0,12.9273314,0,0
3.2,3.22,0,-0.00264444306,0,0.118253464,0,-9.81976797,40.7349796,0,0.593608964,0,-0.0245208787,0,12.9276598,0,0.42067424,0,0,0,12.9345025,0,0
3.22,3.24,0,-0.00222927595,0,0.114402788,0,-9.82468578,40.9936039,0,0.602020693,0,-0.0245696102,0,12.9347726,0,0.420482321,0,0,0,12.9416053,0,0
3.24,3.26,0,-0.00181751687,0,0.110583181,0,-9.82955031,41.2523699,0,0.610427591,0,-0.0246100724,0,12.9418195,0,0.420191199,0,0,0,12.948639,0,0
3.26,3.28,0,-0.00140915955,0,0.109625011,0,-9.83440217,41.5112766,0,0.61882769,0,-0.0246423336,0,12.948856,0,0.419802471,0,0,0,12.9556592,0,0
3.28,3.3,0,-0.00100417023,0,0.105815507,0,-9.8392353,41.7703234,0,0.627219027,0,-0.0246664613,0,12.9558234,0,0.419315053,0,0,0,12.9626072,0,0
3.3,3.32,0,-0.000602539972,0,0.102065039,0,-9.84400763,42.0295089,0,0.635599638,0,-0.0246825228,0,12.9627214,0,0.418730128,0,0,0,12.9694827,0,0
3.32,3.34,0,-0.000204281266,0,0.0983452076,0,-9.84872088,42.2888316,0,0.643967585,0,-0.0246905853,0,12.969549,0,0.418048831,0,0,0,12.9762847,0,0
3.34,3.36,0,0.000190575857,0,0.094656348,0,-9.8533762,42.5482902,0,0.652320951,0,-0.0246907167,0,12.9763051,0,0.417272274,0,0,0,12.9830124,0,0
3.36,3.38,0,0.00058198731,0,0.0909985856,0,-9.85797456,42.8078832,0,0.660657843,0,-0.0246829853,0,12.9829889,0,0.416401551,0,0,0,12.9896648,0,0
3.38,3.4,0,0.000969919908,0,0.0901011357,0,-9.86255557,43.0676096,0,0.668976396,0,-0.0246674604,0,12.989654,0,0.415438314,0,0,0,12.9962956,0,0
3.4,3.42,0,0.00135437021,0,0.086456485,0,-9.86711351,43.3274686,0,0.677274748,0,-0.0246442117,0,12.9962439,0,0.414381618,0,0,0,13.0028484,0,0
3.42,3.44,0,0.00173533592,0,0.085577201,0,-9.8716465,43.5874592,0,0.68555105,0,-0.0246133088,0,13.0028123,0,0.413233275,0,0,0,13.009377,0,0
3.44,3.46,0,0.00211283527,0,0.0819715071,0,-9.87614999,43.8475804,0,0.693803458,0,-0.0245748213,0,13.0093034,0,0.411992486,0,0,0,13.0158254,0,0
3.46,3.48,0,0.00248685851,0,0.0784221113,0,-9.88058457,44.1078307,0,0.702030137,0,-0.0245288186,0,13.0157165,0,0.410660608,0,0,0,13.0221933,0,0
3.48,3.5,0,0.00285739389,0,0.0775716576,0,-9.88499067,44.3682089,0,0.710229287,0,-0.0244753702,0,13.0221044,0,0.409239492,0,0,0,13.0285333,0,0
3.5,3.52,0,0.00322444851,0,0.0740359008,0,-9.88936372,44.6287141,0,0.718399113,0,-0.024414546,0,13.0284116,0,0.407728438,0,0,0,13.03479,0,0
3.52,3.54,0,0.00358800104,0,0.0705556258,0,-9.89366522,44.8893446,0,0.72653783,0,-0.0243464156,0,13.0346379,0,0.406128862,0,0,0,13.0409634,0,0
3.54,3.56,0,0.00394800675,0,0.0671058296,0,-9.8978978,45.1500989,0,0.734643682,0,-0.0242710496,0,13.0407825,0,0.404442113,0,0,0,13.0470526,0,0
3.56,3.58,0,0.00430442372,0,0.0662971589,0,-9.90210067,45.4109757,0,0.742714946,0,-0.0241885193,0,13.0468966,0,0.402670029,0,0,0,13.053109,0,0
3.58,3.6,0,0.00465723296,0,0.0628631485,0,-9.9062692,45.671974,0,0.750749906,0,-0.0240988967,0,13.0529263,0,0.400811981,0,0,0,13.0590787,0,0
3.6,3.62,0,0.00500639187,0,0.0594836368,0,-9.91036565,45.933092,0,0.758746857,0,-0.0240022543,0,13.0588713,0,0.3988694,0,0,0,13.0649614,0,0
3.62,3.64,0,0.00535183875,0,0.0561347428,0,-9.91439247,46.1943281,0,0.766704123,0,-0.0238986658,0,13.0647309,0,0.396843657,0,0,0,13.0707566,0,0
3.64,3.66,0,0.0056935181,0,0.0553701473,0,-9.91838795,46.455681,0,0.774620061,0,-0.0237882059,0,13.0705551,0,0.39473658,0,0,0,13.0765144,0,0
3.66,3.68,0,0.00603140004,0,0.0520387649,0,-9.92234737,46.7171496,0,0.782493036,0,-0.0236709503,0,13.0762914,0,0.392547629,0,0,0,13.0821822,0,0
3.68,3.7,0,0.00636543435,0,0.0487608397,0,-9.92623368,46.9787319,0,0.790321426,0,-0.0235469755,0,13.0819395,0,0.390278262,0,0,0,13.0877598,0,0
3.7,3.72,0,0.00669557473,0,0.0480293517,0,-9.93008518,47.2404269,0,0.798103643,0,-0.0234163589,0,13.0875488,0,0.387930348,0,0,0,13.0932969,0,0
3.72,3.74,0,0.00702179827,0,0.0447695323,0,-9.93389733,47.5022331,0,0.805838109,0,-0.0232791787,0,13.0930676,0,0.385503455,0,0,0,13.0987416,0,0
3.74,3.76,0,0.00734406044,0,0.0415623399,0,-9.9376338,47.7641488,0,0.813523261,0,-0.0231355134,0,13.0984954,0,0.382999098,0,0,0,13.1040937,0,0
3.76,3.78,0,0.00766231926,0,0.0408644624,0,-9.94133251,48.0261726,0,0.821157569,0,-0.0229854429,0,13.1038812,0,0.380419173,0,0,0,13.1094021,0,0
3.78,3.8,0,0.00797657466,0,0.0401540502,0,-9.94502461,48.2883038,0,0.828739524,0,-0.0228290473,0,13.1092235,0,0.377763781,0,0,0,13.1146653,0,0
3.8,3.82,0,0.00828683921,0,0.0369751134,0,-9.94866833,48.5505408,0,0.836267612,0,-0.0226664065,0,13.1144716,0,0.375032736,0,0,0,13.1198328,0,0
3.82,3.84,0,0.00859311414,0,0.0363067382,0,-9.95226431,48.8128823,0,0.843740343,0,-0.0224976004,0,13.1196743,0,0.372228124,0,0,0,13.1249536,0,0
3.84,3.86,0,0.00889540991,0,0.0331673485,0,-9.95580959,49.0753269,0,0.851156242,0,-0.0223227085,0,13.1247811,0,0.369349822,0,0,0,13.1299771,0,0
3.86,3.88,0,0.00919370448,0,0.0300790198,0,-9.95926974,49.3378728,0,0.858513852,0,-0.0221418106,0,13.1297918,0,0.366399549,0,0,0,13.1349031,0,0
3.88,3.9,0,0.00948796888,0,0.029443888,0,-9.96268295,49.6005183,0,0.865811757,0,-0.0219549872,0,13.134754,0,0.363379321,0,0,0,13.1397796,0,0
3.9,3.92,0,0.00977818823,0,0.0263751106,0,-9.96604578,49.8632621,0,0.873048555,0,-0.0217623188,0,13.139618,0,0.360289057,0,0,0,13.1445567,0,0
3.92,3.94,0,0.0100643394,0,0.025761746,0,-9.96935875,50.1261027,0,0.880222866,0,-0.0215638868,0,13.1444317,0,0.357130819,0,0,0,13.1492824,0,0
3.94,3.96,0,0.0103464113,0,0.0227332252,0,-9.97261898,50.3890385,0,0.887333331,0,-0.0213597725,0,13.1491456,0,0.353904602,0,0,0,13.1539074,0,0
3.96,3.98,0,0.0106243638,0,0.0197548436,0,-9.97579288,50.6520677,0,0.894378606,0,-0.0211500578,0,13.1537595,0,0.350612153,0,0,0,13.1584315,0,0
3.98,4,0,0.0108981526,0,0.0191761954,0,-9.97891787,50.9151886,0,0.901357389,0,-0.0209348257,0,13.1583203,0,0.347255465,0,0,0,13.1629016,0,0
4,4.02,0,0.0111677499,0,0.016218832,0,-9.98199051,51.1783996,0,0.908268393,0,-0.0207141596,0,13.1627792,0,0.343834572,0,0,0,13.1672692,0,0
4.02,4.04,0,0.0114331224,0,0.0156628806,0,-9.98501138,51.4416993,0,0.915110357,0,-0.0204881438,0,13.1671831,0,0.34035151,0,0,0,13.1715811,0,0
4.04,4.06,0,0.0116942694,0,0.0150973425,0,-9.98801143,51.7050866,0,0.921882041,0,-0.0202568629,0,13.1715308,0,0.336806682,0,0,0,13.1758363,0,0
4.06,4.08,0,0.0119511972,0,0.0121907153,0,-9.99095182,51.9685597,0,0.928582211,0,-0.0200204012,0,13.1757744,0,0.333200323,0,0,0,13.1799869,0,0
4.08,4.1,0,0.0122038972,0,0.011666411,0,-9.9938342,52.2321172,0,0.935209658,0,-0.0197788432,0,13.1799604,0,0.329534563,0,0,0,13.1840794,0,0
4.1,4.12,0,0.0124523672,0,0.00879977158,0,-9.9966563,52.4957573,0,0.941763196,0,-0.0195322735,0,13.184041,0,0.325809673,0,0,0,13.1880662,0,0
4.12,4.14,0,0.0126965727,0,0.00598170826,0,-9.99938617,52.7594779,0,0.94824166,0,-0.0192807769,0,13.188016,0,0.322027529,0,0,0,13.1919471,0,0
4.14,4.16,0,0.0129364717,0,0.00549292828,0,-10.0020607,53.0232775,0,0.954643929,0,-0.0190244393,0,13.1919311,0,0.318190149,0,0,0,13.1957679,0,0
4.16,4.18,-0.00746026132,0.0347362051,0.00065867337,0.0066661324,-0.0140165416,-10.1357809,53.2871546,-2.0686577e-06,0.960977293,-3.68606732e-05,-0.0186585544,3.05917269e-06,13.1957426,-0.000428906178,0.315985902,0,0,0,13.1995253,0,0
4.18,4.2,-0.0345421212,0.121720692,0.00408083218,0.0180435652,-0.0605146008,-10.3633971,53.5511056,-2.72378339e-05,0.96731011,-0.000441916079,-0.0171648701,4.55822403e-05,13.1993456,-0.00226729359,0.317308963,0,0,0,13.2031593,0,0
4.2,4.22,-0.0661777537,0.238607667,0.0100476207,0.0537143387,-0.0788319887,-10.6612388,53.8151278,-9.90521267e-05,0.973652544,-0.00145311368,-0.013584711,0.000179825554,13.2028593,-0.00503249741,0.315999167,0,0,0,13.2066413,0,0
4.22,4.24,-0.0949337917,0.362668861,0.0179275957,0.113521404,-0.0806785929,-11.0764585,54.0792191,-0.00023301283,0.979898901,-0.00307560092,-0.00756888045,0.000443334753,13.2062406,-0.00845936758,0.306989682,0,0,0,13.2098109,0,0
4.24,4.26,-0.119034796,0.481822728,0.0270930407,0.194802536,-0.0757483961,-11.6049851,54.3433751,-0.000441416656,0.985856035,-0.00522291006,0.000893493102,0.00085668253,13.2092908,-0.0124834462,0.286564752,0,0,0,13.2124047,0,0
4.26,4.28,-0.139452178,0.589188047,0.0370833855,0.300629269,-0.0687444588,-12.2214482,54.6075872,-0.000736779079,0.991267714,-0.00781180333,0.0116337371,0.00142731105,13.2118024,-0.0171654589,0.252065427,0,0,0,13.2142179,0,0
4.28,4.3,-0.155361421,0.679498052,0.0474919391,0.42578695,-0.0589318733,-12.8954646,54.8718413,-0.00113277158,0.99583266,-0.0107546386,0.0243594592,0.0021547596,13.2134285,-0.0225472089,0.20168093,0,0,0,13.2149868,0,0
4.3,4.32,-0.166960879,0.750343833,0.0578951336,0.563685678,-0.04603922,-13.595254,55.136115,-0.0016435604,0.999223452,-0.0139569622,0.0387039753,0.00303190038,13.2136865,-0.028668565,0.134584138,0,0,0,13.214403,0,0
4.32,4.34,-0.174918935,0.800417538,0.0681002764,0.713086917,-0.0337360873,-14.2875576,55.4003766,-0.00228532762,1.00110431,-0.017333885,0.0542653134,0.00405019226,13.2121165,-0.0356523085,0.0507414076,0,0,0,13.2122621,0,0
4.34,4.36,-0.179983823,0.828969764,0.0778609096,0.864610465,-0.0195785476,-14.9421702,55.6645839,-0.00307573956,1.00114582,-0.0208152318,0.070620272,0.00520094989,13.2081734,-0.0435569074,-0.0491792124,0,0,0,13.2083368,0,0
4.36,4.38,-0.182840337,0.836115343,0.0871279281,1.01033923,-0.00640167277,-15.5326202,55.928684,-0.00403450496,0.99903874,-0.0243457213,0.0873394133,0.00647877278,13.20131,-0.0524852365,-0.163844478,0,0,0,13.2024311,0,0
4.38,4.4,-0.184043602,0.822637428,0.0957277188,1.14218601,0.00930077602,-16.0363576,56.1926134,-0.00518188262,0.99450627,-0.027882841,0.10400239,0.00788017218,13.1910213,-0.0624337589,-0.291359409,0,0,0,13.1943864,0,0
4.4,4.42,-0.184035227,0.789853885,0.10369268,1.25480242,0.0239819438,-16.435363,56.4562997,-0.00653903037,0.987314236,-0.0313944515,0.120210006,0.0094058325,13.1769334,-0.073445379,-0.429376435,0,0,0,13.1841318,0,0
4.42,4.44,-0.183136225,0.739537692,0.110816918,1.33720963,0.042526154,-16.7164116,56.7196632,-0.00812599516,0.977279108,-0.0348564457,0.135593771,0.0110574549,13.1587075,-0.0854069424,-0.575194153,0,0,0,13.1715499,0,0
4.44,4.46,-0.18160704,0.673975927,0.117116766,1.38935295,0.0612597116,-16.8714955,56.9826199,-0.00996127966,0.96427393,-0.0382512213,0.14982554,0.0128376664,13.1362553,-0.098263845,-0.725874879,0,0,0,13.156662,0,0
4.46,4.48,-0.179637478,0.596091651,0.122591133,1.4065769,0.080517718,-16.8982307,57.2450856,-0.012061834,0.948232104,-0.0415662647,0.162628792,0.014750495,13.1096222,-0.111913935,-0.878337518,0,0,0,13.1394899,0,0
4.48,4.5,-0.177370549,0.509409637,0.127232541,1.38900239,0.100351057,-16.7987303,57.5069786,-0.0144422039,0.929149064,-0.044793284,0.173792416,0.0167995089,13.079039,-0.126218613,-1.02948951,0,0,0,13.1201006,0,0
4.5,4.52,-0.174919032,0.417641376,0.131022375,1.34151153,0.12091763,-16.5804707,57.7682241,-0.0171137986,0.907080731,-0.0479277712,0.183177007,0.0189860728,13.0449538,-0.141008494,-1.17638945,0,0,0,13.0986486,0,0
4.52,4.54,-0.172376883,0.324589894,0.133958761,1.26624577,0.14172602,-16.2539538,58.0287573,-0.0200845958,0.882139685,-0.0509687797,0.190720173,0.0213082362,13.007911,-0.156106621,-1.31634713,0,0,0,13.0752777,0,0
4.54,4.56,-0.16982176,0.233252344,0.136000289,1.16902771,0.163326427,-15.8328521,58.2885254,-0.0233587794,0.854488246,-0.0539187063,0.19642677,0.0237597991,12.9685494,-0.17131348,-1.44708255,0,0,0,13.0501598,0,0
4.56,4.58,-0.167324594,0.14613469,0.137111762,1.05883751,0.185567262,-15.3331244,58.5474893,-0.0269365267,0.824330074,-0.0567830918,0.200356823,0.0263297758,12.9276083,-0.186433317,-1.56675049,0,0,0,13.0235372,0,0
4.58,4.6,-0.16494982,0.0650896121,0.137292224,0.937258022,0.207763062,-14.7719007,58.8056239,-0.0308143868,0.791901362,-0.0595702155,0.202613229,0.0290031022,12.8857363,-0.201297842,-1.67393864,0,0,0,12.9955682,0,0
4.6,4.62,-0.162752175,-0.00812477111,0.136545825,0.81558195,0.229773773,-14.1685224,59.0629179,-0.0349856681,0.757462189,-0.0622905828,0.203333221,0.0317611928,12.843655,-0.21575076,-1.76765796,0,0,0,12.9665198,0,0
4.62,4.64,-0.160778892,-0.0721114005,0.134878928,0.696512331,0.251499464,-13.5381383,59.3193733,-0.0394407421,0.72128863,-0.0649565242,0.20269017,0.034581694,12.8019727,-0.229658293,-1.84733667,0,0,0,12.9366109,0,0
4.64,4.66,-0.159067383,-0.12720446,0.132307588,0.584316106,0.272787859,-12.8971071,59.5750034,-0.0441676601,0.683662747,-0.0675813448,0.200862983,0.0374404624,12.7611959,-0.242920703,-1.91289334,0,0,0,12.9060564,0,0
4.66,4.68,-0.157645863,-0.172864584,0.128859702,0.482075878,0.293425769,-12.2621674,59.8298306,-0.0491527144,0.644865994,-0.0701787843,0.198032519,0.0403122243,12.7217486,-0.255460082,-1.96446689,0,0,0,12.8750642,0,0
4.68,4.7,-0.156535538,-0.208441221,0.124559324,0.391781249,0.313490479,-11.6466299,60.083885,-0.0543808254,0.605174493,-0.0727627772,0.194393081,0.0431698512,12.6839558,-0.26722094,-2.00246261,0,0,0,12.8438312,0,0
4.7,4.72,-0.155751993,-0.233857424,0.119453592,0.317448465,0.332580977,-11.0622584,60.3372025,-0.0598361876,0.564853142,-0.0753470095,0.190145962,0.0459850692,12.6480904,-0.278186073,-2.02759012,0,0,0,12.8125992,0,0
4.72,4.74,-0.155302194,-0.249384214,0.1136045,0.253581599,0.350428904,-10.5194788,60.5898224,-0.0655030646,0.524150449,-0.077944448,0.185490072,0.0487295766,12.6142099,-0.288378707,-2.0407683,0,0,0,12.7814784,0,0
4.74,4.76,-0.15518357,-0.255525687,0.107075767,0.202708854,0.366978887,-10.0266092,60.8417849,-0.0713664607,0.483294574,-0.0805670054,0.180616564,0.051375709,12.582339,-0.297847625,-2.0431072,0,0,0,12.7506178,0,0
4.76,4.78,-0.155385962,-0.253076389,0.099920936,0.167072463,0.382423718,-9.58980028,61.0931303,-0.0774125237,0.442489855,-0.0832253513,0.175703585,0.0538967566,12.5524846,-0.30665982,-2.03587224,0,0,0,12.7202078,0,0
4.78,4.8,-0.155896999,-0.24297838,0.0922433958,0.142569318,0.396047771,-9.21378539,61.3438979,-0.0836291408,0.401914421,-0.0859287965,0.170911086,0.0562677165,12.5245365,-0.314930408,-2.02040392,0,0,0,12.6903596,0,0
4.8,4.82,-0.156691682,-0.226044037,0.0841683863,0.124660234,0.407086716,-8.90112261,61.5941237,-0.0900071004,0.36171944,-0.0886851202,0.166382088,0.0584668573,12.4982796,-0.322805653,-1.99805967,0,0,0,12.6610994,0,0
4.82,4.84,-0.157053801,-0.203105979,0.075666034,0.115251776,0.419117329,-8.65378384,61.8438398,-0.0965391678,0.322028497,-0.0914974576,0.162242357,0.0604731441,12.4735258,-0.330362401,-1.97022765,0,0,0,12.6324892,0,0
4.84,4.86,-0.155831831,-0.174758798,0.0667832938,0.116784083,0.429587257,-8.47175082,62.0930749,-0.103220295,0.282937646,-0.0943410093,0.158603889,0.062266484,12.4501432,-0.337733384,-1.93827724,0,0,0,12.6046439,0,0
4.86,4.88,-0.154357399,-0.141799573,0.0574773768,0.117920859,0.438193314,-8.35230818,62.3418528,-0.110048232,0.244515939,-0.0971984629,0.155565078,0.063826368,12.4277799,-0.345075121,-1.90353798,0,0,0,12.5774499,0,0
4.88,4.9,-0.153289325,-0.10527575,0.047860966,0.132249497,0.443901806,-8.29347701,62.5901933,-0.117024271,0.206805623,-0.100072837,0.153205108,0.0651342222,12.4063612,-0.352574279,-1.86735218,0,0,0,12.5510602,0,0
4.9,4.92,-0.152837139,-0.0662492027,0.038032311,0.148506746,0.447800875,-8.29149132,62.8381125,-0.124153408,0.169823142,-0.102975031,0.15158297,0.0661749966,12.385603,-0.360413515,-1.83095925,0,0,0,12.525393,0,0
4.92,4.94,-0.153002938,-0.0260190796,0.0280687358,0.169992188,0.450591509,-8.34159558,63.0856213,-0.131444133,0.133560706,-0.105917668,0.150733367,0.0669373445,12.3653002,-0.368759759,-1.79553171,0,0,0,12.5004227,0,0
4.94,4.96,-0.153707792,0.0143242003,0.0180683872,0.196413153,0.452124183,-8.4382369,63.332727,-0.138908236,0.0979884246,-0.108912476,0.150667387,0.0674135787,12.3452652,-0.37778518,-1.76210419,0,0,0,12.4761094,0,0
4.96,4.98,-0.154844531,0.0537441717,0.00816278559,0.227547572,0.451540827,-8.57476375,63.5794334,-0.146561258,0.0630571212,-0.111969241,0.15137543,0.0676007692,12.3253288,-0.387672952,-1.73157285,0,0,0,12.4524039,0,0
4.98,5,-0.15630336,0.0909670147,-0.00160359265,0.263065,0.450562217,-8.7427674,63.8257406,-0.154421727,0.0287009461,-0.115095608,0.152826048,0.0674996039,12.3053325,-0.398562366,-1.70471203,0,0,0,12.4292438,0,0
5,5.02,-0.15799379,0.124470228,-0.0110638013,0.302556568,0.446841869,-8.93466505,64.0716462,-0.162511622,-0.00516010082,-0.118296965,0.154957966,0.0671168568,12.2851402,-0.410639404,-1.68214039,0,0,0,12.4065665,0,0
5.02,5.04,-0.159828783,0.153604755,-0.0201426937,0.336998208,0.4419294,-9.14299053,64.3171434,-0.170856072,-0.0386156307,-0.121576583,0.15768879,0.0664646492,12.264479,-0.42403399,-1.66420224,0,0,0,12.3841357,0,0
5.04,5.06,-0.161083821,0.178262153,-0.0287873716,0.382350912,0.436651632,-9.36097578,64.5622236,-0.179482164,-0.071760519,-0.124932847,0.160929343,0.0655577813,12.2434262,-0.438811162,-1.65108941,0,0,0,12.3620442,0,0
5.06,5.08,-0.160612094,0.198275696,-0.0369961163,0.429490758,0.431023746,-9.58009049,64.8068782,-0.188417973,-0.104691738,-0.128336863,0.164590013,0.0644126489,12.2219078,-0.455016944,-1.64283851,0,0,0,12.3402184,0,0
5.08,5.1,-0.159669308,0.212832543,-0.0447867393,0.477570587,0.423669445,-9.79215702,65.0510973,-0.19769273,-0.137506301,-0.13176603,0.168569783,0.0630476268,12.1998629,-0.472715086,-1.63939973,0,0,0,12.3185935,0,0
5.1,5.12,-0.15888186,0.221540105,-0.0521087116,0.52108394,0.414895778,-9.99149091,65.294869,-0.207336789,-0.170298321,-0.135216518,0.17275554,0.0614842834,12.1771668,-0.491949512,-1.6405311,0,0,0,12.2970219,0,0
5.12,5.14,-0.158461272,0.224426408,-0.0589073452,0.563320306,0.405385431,-10.1725273,65.5381802,-0.217380918,-0.203155553,-0.138691605,0.17703112,0.05974694,12.1538063,-0.51271958,-1.64584345,0,0,0,12.2754507,0,0
5.14,5.16,-0.158426231,0.221755779,-0.0651295426,0.607687378,0.395406229,-10.330239,65.7810184,-0.227855545,-0.236156812,-0.142195846,0.181284162,0.057861821,12.129879,-0.534991653,-1.65484109,0,0,0,12.253925,0,0
5.16,5.18,-0.158714224,0.213935873,-0.0707497985,0.6439781,0.385473338,-10.4610712,66.0233718,-0.238790213,-0.269369773,-0.145732479,0.185408654,0.05585634,12.1053228,-0.558710156,-1.66690257,0,0,0,12.2323162,0,0
5.18,5.2,-0.158600056,0.201614626,-0.0757581725,0.680728937,0.376156455,-10.5624428,66.2652291,-0.250212897,-0.302849115,-0.149299519,0.189310634,0.0537576606,12.0802808,-0.583774232,-1.68136715,0,0,0,12.2106909,0,0
5.2,5.22,-0.156929133,0.185147374,-0.0801740505,0.703331357,0.36722291,-10.6320816,66.5065794,-0.262149465,-0.336635747,-0.152867346,0.192905725,0.0515927618,12.0546379,-0.610084042,-1.69751234,0,0,0,12.1888493,0,0
5.22,5.24,-0.154890724,0.165092828,-0.0840344105,0.730106349,0.357301253,-10.6685566,66.7474134,-0.27462385,-0.370756434,-0.1564117,0.196118357,0.0493876603,12.0286703,-0.637537069,-1.71464912,0,0,0,12.1669792,0,0
5.24,5.26,-0.15306602,0.14222665,-0.0873500332,0.746684772,0.34722284,-10.6723694,66.9877248,-0.287657788,-0.405223447,-0.15992653,0.198887024,0.047166555,12.0023929,-0.666019428,-1.73202458,0,0,0,12.1449959,0,0
5.26,5.28,-0.151640469,0.11738019,-0.0901064773,0.762783083,0.337110225,-10.6453672,67.2275095,-0.301270604,-0.440034592,-0.163412974,0.201165475,0.044951984,11.9760238,-0.695401659,-1.74894198,0,0,0,12.1230164,0,0
5.28,5.3,-0.150614967,0.0916962408,-0.0923114842,0.773929026,0.327528758,-10.5898578,67.466767,-0.315478886,-0.475173681,-0.166874136,0.202928168,0.0427635901,11.9496983,-0.725542007,-1.76471134,0,0,0,12.1010705,0,0
5.3,5.32,-0.149290896,0.0660147505,-0.0939911182,0.771216642,0.319101123,-10.5088859,67.7054977,-0.330296405,-0.51061123,-0.170309811,0.204169574,0.0406174587,11.9233658,-0.756297333,-1.77869812,0,0,0,12.0790068,0,0
5.32,5.34,-0.146525646,0.0411035096,-0.0952194237,0.774607515,0.311958587,-10.4069327,67.9437047,-0.345733758,-0.546306831,-0.173693892,0.204898418,0.0385262621,11.8973495,-0.787505507,-1.7904325,0,0,0,12.0570618,0,0
5.34,5.36,-0.143468767,0.0177081924,-0.0960731118,0.775046426,0.304488129,-10.2854375,68.1813956,-0.361798927,-0.582210895,-0.177006697,0.205141783,0.0364974882,11.871775,-0.819063914,-1.79949922,0,0,0,12.0352859,0,0
5.36,5.38,-0.140679286,-0.00438675526,-0.0965988922,0.768626798,0.297390946,-10.1497455,68.4185794,-0.378498062,-0.618267369,-0.180246711,0.204927416,0.0345368371,11.8466539,-0.850885511,-1.80562416,0,0,0,12.0136379,0,0
5.38,5.4,-0.13771551,-0.0244227107,-0.0968178044,0.76589417,0.291121176,-10.0050036,68.6552672,-0.39583538,-0.654414879,-0.183416921,0.204290372,0.0326475878,11.8221915,-0.882862752,-1.80857178,0,0,0,11.9922721,0,0
5.4,5.42,-0.133534119,-0.0420604242,-0.096840277,0.757576027,0.286657111,-9.85451938,68.8914721,-0.41381285,-0.690588194,-0.18649813,0.203276635,0.0308294463,11.7983768,-0.914881037,-1.80819314,0,0,0,11.971143,0,0
5.42,5.44,-0.129287138,-0.0572491404,-0.0967947623,0.749376679,0.283151965,-9.70077952,69.1272078,-0.432430351,-0.726720364,-0.189478274,0.201935129,0.0290775498,11.77528,-0.946870419,-1.80445651,0,0,0,11.9503074,0,0
5.44,5.46,-0.125520703,-0.070092199,-0.0966070138,0.746752321,0.277849135,-9.54750314,69.3624902,-0.451687563,-0.762744628,-0.192363081,0.200314113,0.0273869493,11.7530536,-0.978839916,-1.79741715,0,0,0,11.9299248,0,0
5.46,5.48,-0.122379244,-0.0807709172,-0.0963448089,0.740023136,0.274265273,-9.39753097,69.597336,-0.471583428,-0.798595757,-0.195164825,0.198458749,0.0257520984,11.7316338,-1.01074127,-1.78716211,0,0,0,11.9099445,0,0
5.48,5.5,-0.11923293,-0.089232067,-0.0959356304,0.739675328,0.270114852,-9.25501369,69.8317628,-0.492116843,-0.83421083,-0.197893785,0.196411606,0.0241683356,11.7111495,-1.04257832,-1.77383093,0,0,0,11.8905201,0,0
5.5,5.52,-0.114955846,-0.0951556572,-0.0955186127,0.730612723,0.268760446,-9.12077815,70.0657874,-0.513285623,-0.869529339,-0.200535255,0.194221798,0.022628008,11.6914159,-1.07428405,-1.75754509,0,0,0,11.8714893,0,0
5.52,5.54,-0.110639771,-0.0987556079,-0.0951226388,0.733528129,0.266316488,-8.99724423,70.2994268,-0.535087561,-0.904494973,-0.203079549,0.191935125,0.0211221564,11.6726336,-1.10588964,-1.73857235,0,0,0,11.8531009,0,0
5.54,5.56,-0.106797255,-0.0996145012,-0.0948540088,0.733038327,0.265475977,-8.88519864,70.5326991,-0.557520378,-0.9390558,-0.205534209,0.189603909,0.0196384468,11.6546907,-1.13737411,-1.71712364,0,0,0,11.835284,0,0
5.56,5.58,-0.102985117,-0.0983528432,-0.0947113011,0.734669773,0.265534596,-8.78814356,70.7656206,-0.5805819,-0.973165842,-0.207910098,0.187273104,0.0181643563,11.6375568,-1.16876812,-1.69353445,0,0,0,11.8180712,0,0
5.58,5.6,-0.098173241,-0.0945149674,-0.0946481656,0.738384168,0.264904363,-8.70704489,70.9982073,-0.604270811,-1.00678479,-0.210195315,0.184989578,0.0166878537,11.6212062,-1.20011801,-1.66807123,0,0,0,11.8014905,0,0
5.6,5.62,-0.0934472692,-0.0883717435,-0.0947830736,0.744200627,0.264949859,-8.64167181,71.2304745,-0.628586516,-1.03987874,-0.21238361,0.182800541,0.015195217,11.6055913,-1.23145352,-1.6410952,0,0,0,11.7855599,0,0
5.62,5.64,-0.089317572,-0.0800712841,-0.0951598833,0.752208913,0.265670871,-8.59339053,71.4624362,-0.653529128,-1.07242106,-0.214485401,0.180748769,0.013671693,11.5906593,-1.26281716,-1.61297011,0,0,0,11.7702915,0,0
5.64,5.66,-0.085924068,-0.0698736701,-0.0957799443,0.762436173,0.26692696,-8.56253211,71.6941057,-0.679099762,-1.10439253,-0.216517108,0.178873073,0.0121027652,11.5763501,-1.29426666,-1.58407399,0,0,0,11.7556922,0,0
5.66,5.68,-0.0832389523,-0.058113415,-0.0966267724,0.769620865,0.268600586,-8.54922226,71.9254937,-0.705300817,-1.13578135,-0.218495784,0.177205889,0.0104753405,11.5624963,-1.32587045,-1.5547669,0,0,0,11.7416589,0,0
5.68,5.7,-0.0805775981,-0.0450673171,-0.0976820512,0.784274366,0.271024418,-8.55352309,72.1566096,-0.732136008,-1.16658315,-0.220434012,0.175774257,0.00877779485,11.549136,-1.357687,-1.52543459,0,0,0,11.7282908,0,0
5.7,5.72,-0.0768267505,-0.0312110774,-0.0989790265,0.800862015,0.274370408,-8.57440742,72.3874627,-0.759610023,-1.19680117,-0.22231846,0.174597526,0.0070000479,11.5361964,-1.38976658,-1.49644858,0,0,0,11.7155724,0,0
5.72,5.74,-0.0730441544,-0.0169735011,-0.100547429,0.819374426,0.276835017,-8.60968159,72.6180606,-0.787728984,-1.22644577,-0.224139947,0.173685716,0.0051332032,11.5236097,-1.42219454,-1.4681455,0,0,0,11.7034896,0,0
5.74,5.76,-0.0697442687,-0.0028519924,-0.102374423,0.829050944,0.278898451,-8.65727111,72.8484076,-0.816500629,-1.25553334,-0.225905354,0.173040917,0.00317005594,11.5111,-1.45504759,-1.44079826,0,0,0,11.6918128,0,0
5.76,5.78,-0.0670841628,0.0106361974,-0.104429725,0.851109841,0.280838843,-8.71688896,73.0785068,-0.845934149,-1.28408627,-0.227627301,0.172652318,0.00110692941,11.4988181,-1.48838876,-1.41471048,0,0,0,11.680733,0,0
5.78,5.8,-0.0650549833,0.0237389207,-0.106679468,0.869018653,0.282801429,-8.78568659,73.3083612,-0.876039704,-1.31213117,-0.229319647,0.172510456,-0.00105940642,11.4866056,-1.52226019,-1.39003091,0,0,0,11.6701144,0,0
5.8,5.82,-0.0635815275,0.0357682471,-0.109091618,0.893520193,0.28481177,-8.86133327,73.5379726,-0.906828439,-1.33969851,-0.230994971,0.172599833,-0.00332999309,11.474513,-1.55671394,-1.36698231,0,0,0,11.6600363,0,0
5.82,5.84,-0.0619866413,0.0463741597,-0.111641258,0.913384337,0.287281045,-8.94265236,73.7673419,-0.938312324,-1.36682213,-0.23266073,0.172894664,-0.00570270229,11.4623858,-1.59177376,-1.34567363,0,0,0,11.6503592,0,0
5.84,5.86,-0.0591853421,0.055444461,-0.114356988,0.933830406,0.290444651,-9.0271982,73.996468,-0.970503373,-1.39353757,-0.23429898,0.173364925,-0.00817419525,11.4501881,-1.62743338,-1.32616913,0,0,0,11.6410511,0,0
5.86,5.88,-0.0562411916,0.0629986854,-0.117266994,0.959903813,0.292644592,-9.11182872,74.2253502,-1.0034138,-1.41988124,-0.235896406,0.173979701,-0.0107415185,11.4379968,-1.66371301,-1.3084952,0,0,0,11.6321911,0,0
5.88,5.9,-0.0536840076,0.0691280868,-0.120359975,0.980481172,0.294362622,-9.19527906,74.4539874,-1.03705605,-1.44588932,-0.237456208,0.174709233,-0.0134019476,11.4256801,-1.70061536,-1.29260159,0,0,0,11.623643,0,0
5.9,5.92,-0.0516880517,0.0737412076,-0.123608525,1.00091127,0.295887293,-9.27519251,74.6823768,-1.07144253,-1.4715969,-0.238988118,0.175524997,-0.0161524675,11.4132198,-1.73813608,-1.27844084,0,0,0,11.6153827,0,0
5.92,5.94,-0.05026165,0.0765328517,-0.126981042,1.01535265,0.297352475,-9.35086122,74.9105144,-1.10658554,-1.49703795,-0.240503005,0.17639222,-0.0189877372,11.4004927,-1.77626264,-1.26592476,0,0,0,11.6072782,0,0
5.94,5.96,-0.0493433372,0.0777059902,-0.130447483,1.034492,0.298789877,-9.4198752,75.1383959,-1.1424969,-1.52224408,-0.242010949,0.177278132,-0.0219020948,11.3876038,-1.81496863,-1.25493192,0,0,0,11.5994174,0,0
5.96,5.98,-0.0488507595,0.0770326579,-0.133981214,1.05241465,0.300212817,-9.4819419,75.3660178,-1.17918799,-1.5472446,-0.243520158,0.178146761,-0.0248883147,11.3745483,-1.85422781,-1.24532716,0,0,0,11.5917794,0,0
5.98,6,-0.0487047979,0.0748680932,-0.137516791,1.06902229,0.300992006,-9.53474724,75.5933771,-1.21666951,-1.57206508,-0.24503713,0.178967109,-0.0279395168,11.361337,-1.89401684,-1.23690247,0,0,0,11.5843518,0,0
6,6.02,-0.0488318967,0.0709554363,-0.140939052,1.08410666,0.299908613,-9.57856939,75.8204707,-1.2549523,-1.59672744,-0.246566198,0.17970581,-0.0310456414,11.3479796,-1.93434323,-1.22947203,0,0,0,11.5771294,0,0
6.02,6.04,-0.0491577401,0.065775726,-0.144289203,1.09741067,0.299754498,-9.61146776,76.0472959,-1.2940463,-1.62124901,-0.248110201,0.180335947,-0.0341975794,11.3344998,-1.97512787,-1.22279543,0,0,0,11.5701013,0,0
6.04,6.06,-0.0496301446,0.0590811022,-0.14759354,1.10884192,0.300237369,-9.63422157,76.2738504,-1.33396011,-1.64564311,-0.24967061,0.180828469,-0.0373862852,11.3209187,-2.01631129,-1.21667763,0,0,0,11.5632614,0,0
6.06,6.08,-0.049639787,0.0515064193,-0.15081754,1.11288518,0.300660409,-9.64639595,76.5001315,-1.37470095,-1.66991785,-0.251245444,0.181162009,-0.0406046816,11.3071649,-2.05782941,-1.21082437,0,0,0,11.5565019,0,0
6.08,6.1,-0.0481743742,0.0429793964,-0.153905261,1.1206714,0.299743552,-9.64892451,76.7261372,-1.4162754,-1.69407666,-0.25280887,0.181317743,-0.0438445704,11.2933812,-2.09965759,-1.20503983,0,0,0,11.5499412,0,0
6.1,6.12,-0.0463178562,0.0340481236,-0.156971261,1.12648767,0.299161686,-9.64019552,76.9518673,-1.4586888,-1.71811834,-0.254340904,0.181284547,-0.0471007541,11.2796082,-2.14171532,-1.19908489,0,0,0,11.5435831,0,0
6.12,6.14,-0.0446384057,0.0246220284,-0.16002351,1.13067561,0.298323952,-9.62220814,77.1773222,-1.50194526,-1.74203784,-0.255838927,0.181052356,-0.050369805,11.2658826,-2.18396128,-1.19278011,0,0,0,11.53744,0,0
6.14,6.16,-0.0433463083,0.0151980983,-0.162978143,1.13338411,0.295931084,-9.59537367,77.4025036,-1.54604842,-1.7658258,-0.257307823,0.180618053,-0.0536487503,11.2522486,-2.22637478,-1.18590793,0,0,0,11.5315316,0,0
6.16,6.18,-0.0424723367,0.00574611195,-0.165842758,1.13476835,0.294065046,-9.56126432,77.6274134,-1.59100103,-1.78946951,-0.258754649,0.179980861,-0.0569349065,11.2387445,-2.26890529,-1.17832278,0,0,0,11.5258732,0,0
6.18,6.2,-0.0419759302,-0.00319788832,-0.168548144,1.12947968,0.291198925,-9.52110164,77.8520538,-1.63680525,-1.81295262,-0.260186434,0.17914632,-0.0602261957,11.2253045,-2.31152339,-1.16982469,0,0,0,11.5203773,0,0
6.2,6.22,-0.041784144,-0.0113421987,-0.171116344,1.12901622,0.289128793,-9.47602507,78.0764274,-1.68346226,-1.83625583,-0.261609384,0.178128143,-0.0635227639,11.2120787,-2.35418589,-1.16031513,0,0,0,11.515174,0,0
6.22,6.24,-0.0418263602,-0.0185677928,-0.173491075,1.12228064,0.28620073,-9.4274508,78.3005378,-1.73097296,-1.85935778,-0.263028415,0.176944039,-0.0668251023,11.1989861,-2.3968846,-1.14969007,0,0,0,11.5101752,0,0
6.24,6.26,-0.042034251,-0.0248525808,-0.175704924,1.11529818,0.284144816,-9.37665891,78.524388,-1.77933765,-1.88223575,-0.26444715,0.175612922,-0.0701343383,11.1860553,-2.43958913,-1.13791091,0,0,0,11.5054018,0,0
6.26,6.28,-0.0423556586,-0.030227945,-0.17771017,1.11376748,0.281246649,-9.32495993,78.7479824,-1.82855678,-1.90486659,-0.26586803,0.174153709,-0.0734510735,11.1734156,-2.4823223,-1.12497894,0,0,0,11.5009877,0,0
6.28,6.3,-0.0427449139,-0.0347535201,-0.17953787,1.11215457,0.279120803,-9.27347715,78.971327,-1.87863065,-1.92722739,-0.267292534,0.172584313,-0.0767760565,11.1610805,-2.52507209,-1.11090898,0,0,0,11.4969485,0,0
6.3,6.32,-0.043170163,-0.0381822094,-0.181127446,1.10516259,0.27584153,-9.22449481,79.194427,-1.92955995,-1.94929524,-0.268721381,0.170923062,-0.0801093705,11.1489539,-2.56785775,-1.09567825,0,0,0,11.493197,0,0
6.32,6.34,-0.0435986553,-0.0399352441,-0.182526951,1.10432515,0.273544534,-9.17802391,79.4172878,-1.98134512,-1.97104705,-0.270155282,0.169199847,-0.0834548444,11.1371617,-2.61066982,-1.0793225,0,0,0,11.489861,0,0
6.34,6.36,-0.0440111142,-0.0403178268,-0.183691181,1.09842816,0.270316,-9.13623976,79.6399149,-2.03398724,-1.99246122,-0.271594486,0.167443877,-0.0868157699,11.1255849,-2.65354919,-1.06192599,0,0,0,11.4868468,0,0
6.36,6.38,-0.0443883674,-0.0391539645,-0.184664391,1.09908945,0.267989638,-9.09941712,79.8623138,-2.08748764,-2.01351798,-0.273039052,0.16568583,-0.0901965635,11.1143313,-2.69651241,-1.04360814,0,0,0,11.4842787,0,0
6.38,6.4,-0.0441538606,-0.0368280297,-0.185389301,1.09497192,0.264768754,-9.07030775,80.0844894,-2.1418487,-2.0342003,-0.274485785,0.163951327,-0.0935995667,11.1032681,-2.73960892,-1.02450153,0,0,0,11.4820565,0,0
6.4,6.42,-0.0423164395,-0.0331413454,-0.186030951,1.09190957,0.264136612,-9.04834979,80.3064457,-2.19707259,-2.05449372,-0.275908809,0.162267296,-0.0970290027,11.0923856,-2.78279771,-1.00475356,0,0,0,11.480179,0,0
6.42,6.44,-0.039984718,-0.0285504919,-0.186647479,1.0956422,0.262943012,-9.03382552,80.528187,-2.25316168,-2.07438768,-0.277288315,0.160654043,-0.100490313,11.0817653,-2.82614723,-0.984573745,0,0,0,11.4787636,0,0
6.44,6.46,-0.0377417227,-0.0228831431,-0.187143732,1.09484166,0.259273836,-9.02664583,80.7497171,-2.31012011,-2.09387452,-0.278621991,0.159132858,-0.103988073,11.0712657,-2.86973566,-0.964080689,0,0,0,11.477707,0,0
6.46,6.48,-0.0358020678,-0.0165929793,-0.187568716,1.09536296,0.256608145,-9.02808507,80.9710382,-2.36795285,-2.11295025,-0.279914815,0.157718876,-0.107525275,11.0608553,-2.91358885,-0.943481767,0,0,0,11.4770065,0,0
6.48,6.5,-0.0342152897,-0.00949226081,-0.187868739,1.09707809,0.253134925,-9.03715988,81.1921517,-2.42666581,-2.13161398,-0.281174282,0.156428179,-0.111104678,11.0505029,-2.9577597,-0.922919396,0,0,0,11.4766605,0,0
6.5,6.52,-0.0329470258,-0.00208364993,-0.188130628,1.09989247,0.251521084,-9.05433719,81.4130585,-2.4862654,-2.14986868,-0.28240775,0.155270598,-0.114727865,11.0401721,-3.00225168,-0.902601858,0,0,0,11.4766547,0,0
6.52,6.54,-0.0319498794,0.00569931413,-0.188357804,1.10379455,0.250459227,-9.07841845,81.6337585,-2.54675815,-2.16772061,-0.283621849,0.154253972,-0.118397139,11.0298299,-3.04709154,-0.88267055,0,0,0,11.4769779,0,0
6.54,6.56,-0.031171729,0.0132436556,-0.18846733,1.11429495,0.248069466,-9.10853679,81.8542524,-2.60815207,-2.18517938,-0.284821794,0.153379896,-0.122111525,11.019542,-3.09237049,-0.863313541,0,0,0,11.4777338,0,0
6.56,6.58,-0.0305533072,0.020451923,-0.188534135,1.11976716,0.247237513,-9.14494588,82.0745396,-2.67045576,-2.20225771,-0.286011279,0.152641642,-0.125867771,11.0091647,-3.13806602,-0.844636234,0,0,0,11.4787881,0,0
6.58,6.6,-0.0300522364,0.0276795095,-0.188606787,1.12036378,0.247475565,-9.18567699,82.2946171,-2.73367727,-2.2189696,-0.28719343,0.152037627,-0.129665491,10.9985654,-3.18415401,-0.826689179,0,0,0,11.4800128,0,0
6.6,6.62,-0.0291462699,0.0344827282,-0.188666212,1.12732628,0.247921011,-9.23046157,82.5144813,-2.79782479,-2.23533101,-0.288368222,0.15156382,-0.133504094,10.9878216,-3.23067544,-0.80960138,0,0,0,11.4815043,0,0
6.62,6.64,-0.0269613622,0.0406119419,-0.188662084,1.13456323,0.247232687,-9.27848473,82.7341288,-2.86290744,-2.25135984,-0.28951481,0.151209693,-0.137379603,10.9768977,-3.27766638,-0.793442564,0,0,0,11.4832457,0,0
6.64,6.66,-0.0244341765,0.0459682546,-0.188706019,1.14199482,0.247095901,-9.32752232,82.9535558,-2.92893448,-2.26707525,-0.290616949,0.150961298,-0.141288038,10.9657704,-3.32511173,-0.778264175,0,0,0,11.4852159,0,0
6.66,6.68,-0.0220575375,0.0505391623,-0.188850288,1.14951411,0.247484894,-9.37707491,83.1727581,-2.99591482,-2.2824971,-0.291673339,0.150803268,-0.145226672,10.9544202,-3.37299413,-0.764089277,0,0,0,11.487395,0,0
6.68,6.7,-0.0200207353,0.0543591821,-0.189110255,1.15699089,0.248261005,-9.42644511,83.391731,-3.06385704,-2.2976455,-0.29268921,0.150720313,-0.149193398,10.9428307,-3.42129577,-0.750916297,0,0,0,11.4897643,0,0
6.7,6.72,-0.0183652233,0.0574871267,-0.189484034,1.16429779,0.249319674,-9.47491036,83.6104696,-3.13276932,-2.31254029,-0.293671922,0.150698013,-0.153186431,10.9309885,-3.46999787,-0.738723761,0,0,0,11.4923065,0,0
6.72,6.74,-0.0170665065,0.059743531,-0.189962644,1.16563755,0.250592399,-9.52059256,83.8289677,-3.20265934,-2.32720065,-0.294628835,0.150722053,-0.15720384,10.9187701,-3.51906833,-0.727475097,0,0,0,11.4948947,0,0
6.74,6.76,-0.0160770812,0.0606895128,-0.190534835,1.17219048,0.251999485,-9.56351143,84.0472186,-3.27353454,-2.34164557,-0.295566033,0.150769374,-0.161240735,10.9062756,-3.56851022,-0.717162359,0,0,0,11.4976273,0,0
6.76,6.78,-0.0153477075,0.0605802785,-0.19114101,1.17793797,0.252804965,-9.60210745,84.2652168,-3.34540209,-2.35589265,-0.296488467,0.150817897,-0.165291961,10.8935005,-3.61831072,-0.707677705,0,0,0,11.5004928,0,0
6.78,6.8,-0.0148279562,0.0593034273,-0.19166227,1.17720791,0.251624917,-9.63611603,84.4829556,-3.41826934,-2.36995734,-0.297399669,0.150845463,-0.169349785,10.8803298,-3.66846923,-0.698898527,0,0,0,11.5033778,0,0
6.8,6.82,-0.0144598382,0.0571527359,-0.192153695,1.18115453,0.251585539,-9.6640968,84.7004282,-3.49214291,-2.38385254,-0.298302072,0.150834218,-0.17340735,10.8668893,-3.71893483,-0.690715649,0,0,0,11.5063829,0,0
6.82,6.84,-0.0142043415,0.0539668182,-0.192652218,1.18386109,0.252365701,-9.6864235,84.9176294,-3.56702844,-2.39758929,-0.299197136,0.150764642,-0.177458265,10.8531882,-3.76965491,-0.68302607,0,0,0,11.5094969,0,0
6.84,6.86,-0.0140344642,0.0501343021,-0.193177373,1.17977581,0.253622653,-9.70205563,85.134553,-3.64293021,-2.41117564,-0.300085895,0.150621726,-0.181498062,10.8391389,-3.82055192,-0.675657013,0,0,0,11.5126045,0,0
6.86,6.88,-0.013931656,0.0455935887,-0.193738983,1.18022891,0.255132523,-9.71153128,85.3511935,-3.71985155,-2.42461703,-0.300968952,0.150391301,-0.185522791,10.8248709,-3.87160274,-0.668502217,0,0,0,11.5158166,0,0
6.88,6.9,-0.0133820761,0.0408942082,-0.194344384,1.17943914,0.257066271,-9.71608123,85.5675466,-3.79779495,-2.43791605,-0.301844383,0.150065016,-0.189530438,10.810411,-3.92274535,-0.661396636,0,0,0,11.5191303,0,0
6.9,6.92,-0.0115168007,0.0361134511,-0.195040081,1.17197609,0.259647418,-9.71469256,85.7836077,-3.87676135,-2.4510723,-0.302690401,0.149641853,-0.193521765,10.795676,-3.97390098,-0.654215539,0,0,0,11.522435,0,0
6.92,6.94,-0.00930109125,0.0309047873,-0.195868202,1.16926643,0.261523637,-9.70746937,85.9993726,-3.95675112,-2.46408381,-0.303490143,0.14911497,-0.197496793,10.7807936,-4.02507565,-0.646900201,0,0,0,11.5258502,0,0
6.94,6.96,-0.00723986675,0.025745764,-0.196833666,1.16003451,0.263035985,-9.69560568,86.2148375,-4.03776404,-2.47694636,-0.30424213,0.148480155,-0.201456821,10.7656824,-4.07621055,-0.639301075,0,0,0,11.5292722,0,0
6.96,6.98,-0.00552434303,0.0209237535,-0.197924456,1.1558314,0.264383061,-9.67980644,86.4299993,-4.11979922,-2.48965341,-0.304951841,0.147740795,-0.205405473,10.7504795,-4.12729771,-0.631335623,0,0,0,11.5328219,0,0
6.98,7,-0.00419359537,0.0165776113,-0.199122589,1.15100868,0.265677865,-9.66104508,86.6448562,-4.20285548,-2.50219688,-0.305627034,0.146904274,-0.209347346,10.7352047,-4.17831523,-0.622935124,0,0,0,11.5365067,0,0
7,7.02,-0.00321920409,0.0127618352,-0.200409432,1.14582503,0.266960608,-9.64016088,86.8594071,-4.28693126,-2.51456761,-0.306275537,0.145979817,-0.213287265,10.7198765,-4.22924889,-0.614054441,0,0,0,11.5403363,0,0
7.02,7.04,-0.00254811895,0.00948333266,-0.201767973,1.14041114,0.268241914,-9.61791758,87.073651,-4.37202481,-2.52675568,-0.306904321,0.144977264,-0.217229911,10.7045102,-4.28009073,-0.604667189,0,0,0,11.5443205,0,0
7.04,7.06,-0.00212330284,0.00672251556,-0.203183627,1.12931796,0.269529779,-9.59491158,87.2875862,-4.45813402,-2.53875067,-0.30751921,0.143906373,-0.221179632,10.6890104,-4.33081374,-0.594744755,0,0,0,11.5483597,0,0
7.06,7.08,-0.00189267445,0.00444560188,-0.204644239,1.12388858,0.270793585,-9.5717362,87.5012113,-4.54525674,-2.55054201,-0.308124897,0.14277643,-0.225140374,10.6734965,-4.38144335,-0.584303627,0,0,0,11.5525748,0,0
7.08,7.1,-0.001812261,0.00261185725,-0.206139828,1.11285855,0.272047039,-9.54888193,87.7145249,-4.6333909,-2.56211926,-0.308725068,0.141596049,-0.229115654,10.6578664,-4.43195927,-0.573337801,0,0,0,11.5568636,0,0
7.1,7.12,-0.00184654785,0.00117781723,-0.207662232,1.10762133,0.273258507,-9.52675745,87.9275259,-4.72253456,-2.57347225,-0.309322578,0.140373069,-0.233108575,10.6422342,-4.48239411,-0.561881547,0,0,0,11.5613458,0,0
7.12,7.14,-0.00196764439,9.98634799e-05,-0.209204752,1.09690537,0.274443981,-9.50568248,88.1402132,-4.81268593,-2.58459125,-0.309919608,0.13911453,-0.237121839,10.6264939,-4.5327317,-0.549943305,0,0,0,11.5659184,0,0
7.14,7.16,-0.00215745425,-0.000664295964,-0.210712814,1.09210516,0.274862984,-9.48590545,88.3525857,-4.90384353,-2.59546703,-0.3105178,0.137826748,-0.241157553,10.610751,-4.5830303,-0.537560893,0,0,0,11.5707033,0,0
7.16,7.18,-0.00239730818,-0.0011547013,-0.212071536,1.08192878,0.273157027,-9.46763216,88.564642,-4.99600704,-2.60609067,-0.311118177,0.136515936,-0.245215413,10.594886,-4.63332274,-0.524735632,0,0,0,11.5756052,0,0
7.18,7.2,-0.00265813821,-0.00115578043,-0.213341424,1.07764563,0.272506324,-9.45217329,88.776381,-5.08917645,-2.61645379,-0.311721234,0.135188817,-0.249295009,10.5790148,-4.68361508,-0.511507626,0,0,0,11.5807359,0,0
7.2,7.22,-0.00292308048,-0.000182266468,-0.214563996,1.06811527,0.272615189,-9.4390555,88.9878015,-5.18335127,-2.62654821,-0.312327619,0.133861347,-0.253400118,10.5630354,-4.73386659,-0.4978787,0,0,0,11.5859869,0,0
7.22,7.24,-0.00318421786,0.00133204486,-0.215762446,1.06468293,0.273114379,-9.42854303,89.1989024,-5.27853115,-2.63636703,-0.312937824,0.132548204,-0.257534803,10.5470436,-4.78412459,-0.483964931,0,0,0,11.5914709,0,0
7.24,7.26,-0.0034391946,0.00331441678,-0.21694951,1.05615217,0.273833805,-9.4220285,89.409682,-5.37471612,-2.64590525,-0.313552059,0.131257732,-0.261701467,10.5309215,-4.83437671,-0.469822518,0,0,0,11.5970789,0,0
7.26,7.28,-0.00368662939,0.00604491875,-0.218132017,1.04830941,0.274651604,-9.4188822,89.6201379,-5.47190615,-2.65515866,-0.314170757,0.130002778,-0.265904207,10.5146633,-4.88463531,-0.455501678,0,0,0,11.6028138,0,0
7.28,7.3,-0.00393075497,0.0090826268,-0.219255805,1.04660911,0.274660635,-9.41914051,89.8302682,-5.57010209,-2.66412494,-0.314794259,0.128793416,-0.270146058,10.4983464,-4.93498528,-0.441121743,0,0,0,11.6087874,0,0
7.3,7.32,-0.0041707244,0.0121491981,-0.220192831,1.03988642,0.272233227,-9.42285651,90.0400701,-5.66930646,-2.67280348,-0.315422442,0.127633395,-0.274425357,10.4818294,-4.98547869,-0.426742982,0,0,0,11.614898,0,0
7.32,7.34,-0.00438927563,0.015349147,-0.221019057,1.03373157,0.271100919,-9.43077319,90.2495396,-5.76952199,-2.68119507,-0.316054806,0.126523737,-0.27873935,10.4651082,-5.03609794,-0.412429183,0,0,0,11.6211389,0,0
7.34,7.36,-0.00457992464,0.0191292878,-0.2217868,1.03353264,0.270870238,-9.44195012,90.4586737,-5.87075131,-2.68930139,-0.316691159,0.125473261,-0.283089306,10.4482814,-5.08685908,-0.398233375,0,0,0,11.6276098,0,0
7.36,7.38,-0.00474348474,0.023050386,-0.222525957,1.02827162,0.27115649,-9.45610406,90.6674689,-5.9729971,-2.69712577,-0.317331335,0.12448907,-0.287476802,10.4312205,-5.1377485,-0.38425058,0,0,0,11.634194,0,0
7.38,7.4,-0.00488486454,0.026839036,-0.223253562,1.0235627,0.271717323,-9.47307957,90.8759204,-6.0762621,-2.70467334,-0.317975017,0.123571034,-0.291901522,10.4139071,-5.18878134,-0.370563849,0,0,0,11.6408862,0,0
7.4,7.42,-0.00500999984,0.0303573691,-0.223979165,1.01920573,0.27242406,-9.49238172,91.084023,-6.18054927,-2.71195064,-0.318621871,0.122715156,-0.296362141,10.396323,-5.23996829,-0.357232043,0,0,0,11.6476785,0,0
7.42,7.44,-0.00512788837,0.0335446862,-0.224658175,1.02057721,0.27247369,-9.51351961,91.2917721,-6.28586221,-2.71896531,-0.3192716,0.121915646,-0.300856624,10.378549,-5.29136927,-0.344302402,0,0,0,11.6546734,0,0
7.44,7.46,-0.00524081829,0.036384021,-0.225181264,1.02201785,0.270440762,-9.53602661,91.4991635,-6.39220584,-2.72572548,-0.319923797,0.121166691,-0.305380671,10.3605541,-5.34303544,-0.331785606,0,0,0,11.6618691,0,0
7.46,7.48,-0.00533578488,0.038882592,-0.225614871,1.01806587,0.269561433,-9.55930897,91.7061917,-6.49958489,-2.73223951,-0.320577846,0.120462459,-0.3099298,10.3422311,-5.39490754,-0.319691238,0,0,0,11.6691463,0,0
7.48,7.5,-0.00541009405,0.0410606155,-0.226004786,1.01420812,0.269490178,-9.58283274,91.9128501,-6.60800325,-2.73851595,-0.321233111,0.119797029,-0.314500752,10.3235776,-5.4469643,-0.308028038,0,0,0,11.6764959,0,0
7.5,7.52,-0.00546618506,0.0429449515,-0.226377196,1.01029441,0.269872706,-9.60622147,92.1191322,-6.71746447,-2.74456344,-0.321889041,0.119164719,-0.319091078,10.3045887,-5.49918988,-0.296793905,0,0,0,11.6839088,0,0
7.52,7.54,-0.0055082612,0.0445653119,-0.226747038,1.00628596,0.270509105,-9.62917018,92.325031,-6.82797177,-2.75039046,-0.322545201,0.11856027,-0.32369888,10.2852595,-5.55157135,-0.285979071,0,0,0,11.6913768,0,0
7.54,7.56,-0.00554414473,0.0459521496,-0.227072598,1.00757024,0.270551966,-9.65151294,92.5305409,-6.93952861,-2.75600535,-0.323201264,0.117979003,-0.328322429,10.2656798,-5.60415258,-0.275574959,0,0,0,11.6990021,0,0
7.56,7.58,-0.00557531306,0.0471352448,-0.227245793,1.00324579,0.268554003,-9.67307945,92.7356554,-7.05213912,-2.76141582,-0.323856838,0.117417479,-0.332958192,10.2457269,-5.65693517,-0.265534319,0,0,0,11.7066794,0,0
7.58,7.6,-0.00558813134,0.048142724,-0.227334973,0.998809495,0.267735278,-9.69367003,92.9403671,-7.16580698,-2.76662902,-0.324511341,0.116872857,-0.337602706,10.2254081,-5.70988081,-0.255845289,0,0,0,11.7144,0,0
7.6,7.62,-0.00557955908,0.0490007312,-0.227387261,0.994167584,0.267753601,-9.71318339,93.1446689,-7.28053512,-2.77165182,-0.325164178,0.116342425,-0.342253845,10.2047273,-5.76295932,-0.246491135,0,0,0,11.722155,0,0
7.62,7.64,-0.00555217748,0.0494738665,-0.227429796,0.989270018,0.268247319,-9.73033028,93.3485535,-7.39632599,-2.77649081,-0.325814797,0.11582253,-0.346909927,10.1836825,-5.81615445,-0.237470873,0,0,0,11.7299375,0,0
7.64,7.66,-0.00551255627,0.0490513587,-0.22747816,0.984010421,0.269012657,-9.74561946,93.5520134,-7.51318189,-2.78115289,-0.326462355,0.115299362,-0.35156624,10.1622696,-5.86945626,-0.228787368,0,0,0,11.7377419,0,0
7.66,7.68,-0.00546665489,0.0481661405,-0.227541206,0.978310174,0.269935139,-9.75885433,93.7550415,-7.63110461,-2.78564394,-0.327106137,0.114759908,-0.35621856,10.1405019,-5.9228321,-0.220354427,0,0,0,11.7455641,0,0
7.68,7.7,-0.00541819578,0.0471046128,-0.227623936,0.972177433,0.270949182,-9.76965617,93.9576308,-7.75009535,-2.7899682,-0.32774578,0.114198272,-0.36086521,10.1183912,-5.97625496,-0.212098011,0,0,0,11.7534016,0,0
7.7,7.72,-0.00536977064,0.0457664796,-0.22772908,0.970879228,0.27200511,-9.77697236,94.1597756,-7.87015525,-2.79412882,-0.328381086,0.113611467,-0.365505573,10.0960418,-6.0297467,-0.203991417,0,0,0,11.761357,0,0
7.72,7.74,-0.00532524701,0.0437045332,-0.227858004,0.963682585,0.273105321,-9.78156914,94.3614699,-7.99128524,-2.79812863,-0.329011576,0.11298828,-0.370136241,10.0733565,-6.08326,-0.196000858,0,0,0,11.7693236,0,0
7.74,7.76,-0.00528714326,0.0413805187,-0.228011277,0.956057724,0.274225114,-9.78348365,94.5627074,-8.11348544,-2.80196891,-0.329636859,0.112319209,-0.374754387,10.0503574,-6.13676323,-0.188024686,0,0,0,11.7773044,0,0
7.76,7.78,-0.0052558568,0.03908653,-0.228189005,0.947962575,0.27535663,-9.78262654,94.7634819,-8.23675539,-2.80564913,-0.330256839,0.111602209,-0.37935974,10.0270625,-6.19023079,-0.179981561,0,0,0,11.7853016,0,0
7.78,7.8,-0.00523089761,0.0369756558,-0.228391056,0.939486221,0.276494422,-9.77937805,94.9637876,-8.36109417,-2.80916729,-0.330871576,0.110839332,-0.38395344,10.003487,-6.24364376,-0.171811253,0,0,0,11.7933184,0,0
7.8,7.82,-0.00521175316,0.0348966444,-0.228617165,0.930674162,0.277634465,-9.77313724,95.1636192,-8.48650057,-2.81252048,-0.331481173,0.110033673,-0.388536991,9.97964001,-6.29699343,-0.163487405,0,0,0,11.8013588,0,0
7.82,7.84,-0.00519972193,0.0324164592,-0.22886687,0.926737599,0.27876253,-9.7649289,95.3629721,-8.61297373,-2.81570582,-0.332085424,0.1091802,-0.393109079,9.95562261,-6.35031657,-0.155015138,0,0,0,11.8095289,0,0
7.84,7.86,-0.00519549449,0.0298972048,-0.229139568,0.917130897,0.279901039,-9.75504394,95.5618421,-8.7405125,-2.8187195,-0.332684154,0.108274582,-0.397668612,9.93135577,-6.4035518,-0.14631088,0,0,0,11.8177286,0,0
7.86,7.88,-0.00519840506,0.0275612277,-0.22943466,0.907353411,0.281035541,-9.74346877,95.7602244,-8.86911497,-2.82155631,-0.333277399,0.107318295,-0.402216497,9.90685788,-6.45668423,-0.137321339,0,0,0,11.8259656,0,0
7.88,7.9,-0.00520734534,0.0255155337,-0.229751545,0.897395632,0.282164402,-9.73063012,95.9581146,-8.99877897,-2.82421019,-0.333865299,0.106315835,-0.406754688,9.88214214,-6.50970422,-0.12801265,0,0,0,11.8342456,0,0
7.9,7.92,-0.00522122309,0.023802076,-0.230089626,0.887344296,0.283285918,-9.71700461,96.1555084,-9.12950221,-2.82667453,-0.334448044,0.105273048,-0.411285608,9.8572188,-6.56260683,-0.118366527,0,0,0,11.842575,0,0
7.92,7.94,-0.00523914477,0.022426518,-0.230448311,0.877276096,0.284398555,-9.70305343,96.3524017,-9.26128231,-2.82894252,-0.33502584,0.104196194,-0.41581183,9.83209545,-6.61539079,-0.10837708,0,0,0,11.8509595,0,0
7.94,7.96,-0.00526046233,0.0213747488,-0.230827001,0.867255971,0.285500941,-9.68918951,96.5487906,-9.39411691,-2.83100731,-0.335598892,0.103091435,-0.420335895,9.8067774,-6.66805769,-0.0980482364,0,0,0,11.8594051,0,0
7.96,7.98,-0.00528475779,0.0206224087,-0.231225082,0.857336471,0.286591843,-9.67576381,96.7446712,-9.52800371,-2.83286222,-0.336167404,0.101964559,-0.424860215,9.78126794,-6.72061127,-0.0873915929,0,0,0,11.8679171,0,0
7.98,8,-0.00531176954,0.0201404935,-0.231641863,0.852690625,0.287658571,-9.66313427,96.9400406,-9.66294091,-2.83450098,-0.336731569,0.100820841,-0.429387021,9.75566128,-6.7730996,-0.0764363227,0,0,0,11.8766009,0,0
8,8.02,-0.00534139009,0.0198985312,-0.232076626,0.842969008,0.28872385,-9.65151022,97.134896,-9.79892686,-2.83591773,-0.337291572,0.0996649923,-0.433918342,9.72986206,-6.82548666,-0.0651945941,0,0,0,11.885358,0,0
8.02,8.04,-0.00537365027,0.0198663054,-0.232528672,0.833531087,0.289774273,-9.64098382,97.3292335,-9.9359596,-2.83710698,-0.337847589,0.0985011503,-0.438456004,9.70387087,-6.87778042,-0.0536911615,0,0,0,11.8941942,0,0
8.04,8.06,-0.00540864432,0.0200149755,-0.232997265,0.824295076,0.290809198,-9.63167262,97.5230492,-10.0740373,-2.83806377,-0.338399791,0.0973328947,-0.443001625,9.67768557,-6.92998849,-0.0419526213,0,0,0,11.903113,0,0
8.06,8.08,-0.00544653639,0.02031758,-0.233481686,0.810183213,0.291839367,-9.62357727,97.7163383,-10.213158,-2.83878356,-0.338948338,0.09616328,-0.447556635,9.65121219,-6.98207473,-0.0299955491,0,0,0,11.9120176,0,0
8.08,8.1,-0.00602134175,0.0207499931,-0.233977862,0.8014846,0.292495642,-9.6157869,97.909096,-10.3533198,-2.83926233,-0.339496012,0.0949948772,-0.452122269,9.62453689,-7.03409994,-0.0178534478,0,0,0,11.9210147,0,0
8.1,8.12,-0.00804159654,0.0212961827,-0.234435007,0.792950238,0.292522806,-9.6085938,98.101318,-10.4945217,-2.83949653,-0.34006687,0.0938299729,-0.456699169,9.59764424,-7.08609208,-0.00554287419,0,0,0,11.9301092,0,0
8.12,8.14,-0.0104619209,0.0221728301,-0.234806419,0.784636556,0.29339423,-9.60462356,98.293,-10.636763,-2.83948295,-0.34067913,0.0926719169,-0.461287136,9.57053685,-7.13804383,0.00693154859,0,0,0,11.9393004,0,0
8.14,8.16,-0.0127370427,0.0238369287,-0.235086058,0.776579734,0.29469788,-9.60266632,98.4841378,-10.7800429,-2.83921808,-0.34133486,0.0915331426,-0.465888705,9.54321602,-7.18995113,0.0195740904,0,0,0,11.9485879,0,0
8.16,8.18,-0.0146606898,0.0259053839,-0.235286146,0.768834808,0.296156103,-9.60252827,98.6747268,-10.9243607,-2.83869931,-0.342029027,0.090425337,-0.470506273,9.51566373,-7.24183554,0.0323113913,0,0,0,11.9579715,0,0
8.18,8.2,-0.0161915144,0.0281244391,-0.235424911,0.761400843,0.297638878,-9.60447494,98.8647623,-11.0697162,-2.83792538,-0.342754183,0.0893538029,-0.475140322,9.48786238,-7.29371626,0.0450800682,0,0,0,11.9674501,0,0
8.2,8.22,-0.0173607786,0.0303520019,-0.235520775,0.759256378,0.299080678,-9.60849096,99.0542401,-11.2161098,-2.83689631,-0.343502814,0.0883201138,-0.479790405,9.45988432,-7.34565481,0.0578180536,0,0,0,11.9771198,0,0
8.22,8.24,-0.0182257861,0.0325103044,-0.235590008,0.752253747,0.300488526,-9.61438285,99.2431555,-11.3635424,-2.83561307,-0.344268313,0.0873237412,-0.484455692,9.43162448,-7.39761696,0.0704907769,0,0,0,11.9868781,0,0
8.24,8.26,-0.0188440428,0.0345587599,-0.235698747,0.745491023,0.302599806,-9.62185682,99.4315028,-11.5120144,-2.83407735,-0.345045272,0.0863629147,-0.489135493,9.4030826,-7.44959182,0.0830552927,0,0,0,11.9967195,0,0
8.26,8.28,-0.0192737399,0.0364784753,-0.235976197,0.733901224,0.306911691,-9.63056877,99.6192758,-11.6615252,-2.83229177,-0.345829561,0.0854344784,-0.493831339,9.37418498,-7.50149284,0.0954753748,0,0,0,12.0065338,0,0
8.28,8.3,-0.0195790524,0.0382633485,-0.236361296,0.72757711,0.309993987,-9.64027986,99.806468,-11.812074,-2.8302594,-0.346618353,0.084534933,-0.498545037,9.34499815,-7.55339791,0.107732651,0,0,0,12.0164228,0,0
8.3,8.32,-0.0198027115,0.0399149344,-0.236811806,0.72130304,0.312202404,-9.65084558,99.9930734,-11.9636611,-2.82798358,-0.347409776,0.0836611274,-0.503277323,9.31550279,-7.60532669,0.119818192,0,0,0,12.0263853,0,0
8.32,8.34,-0.0199728157,0.0414392324,-0.237304067,0.715125717,0.31390899,-9.6620554,100.179086,-12.1162871,-2.82546784,-0.348202592,0.082810209,-0.508028348,9.28568618,-7.65729004,0.131724407,0,0,0,12.0364201,0,0
8.34,8.36,-0.0201080551,0.0428447821,-0.237824759,0.709010432,0.315325012,-9.67371733,100.364498,-12.2699528,-2.82271581,-0.348995985,0.0819795917,-0.512797966,9.25553886,-7.70929298,0.143445949,0,0,0,12.0465254,0,0
8.36,8.38,-0.0202209796,0.0441414801,-0.23836629,0.702929936,0.316570384,-9.68566179,100.549305,-12.4246589,-2.81973122,-0.349789431,0.0811669373,-0.517585896,9.22505349,-7.76133682,0.154979895,0,0,0,12.0566986,0,0
8.38,8.4,-0.020320089,0.0453397303,-0.238924272,0.691976017,0.317724442,-9.69767333,100.733497,-12.5804058,-2.81651775,-0.350582597,0.0803701425,-0.522391813,9.19414002,-7.81337182,0.166334759,0,0,0,12.0668412,0,0
8.4,8.42,-0.0204111561,0.0464500015,-0.239496037,0.686009038,0.318802441,-9.70964558,100.917068,-12.7371939,-2.81307903,-0.351375285,0.0795873256,-0.527215391,9.16288051,-7.86544418,0.177504867,0,0,0,12.0770485,0,0
8.42,8.44,-0.0204980772,0.0474827379,-0.240079754,0.684803507,0.319827213,-9.72161811,101.10001,-12.8950241,-2.80941883,-0.352167388,0.0788168182,-0.532056331,9.13135283,-7.9175989,0.18848424,0,0,0,12.0874109,0,0
8.44,8.46,-0.0205798065,0.0484480278,-0.240727668,0.678536088,0.321591991,-9.73349966,101.282319,-13.0538977,-2.80554088,-0.352958858,0.0780570683,-0.536914615,9.0994794,-7.96976238,0.199275447,0,0,0,12.0978241,0,0
8.46,8.48,-0.020661062,0.0493552663,-0.241559347,0.66743611,0.325604922,-9.74506038,101.463986,-13.2138137,-2.80144906,-0.35374978,0.0773058987,-0.541792485,9.06720306,-8.02183611,0.209873712,0,0,0,12.1081821,0,0
8.48,8.5,-0.020761149,0.0502131896,-0.242503525,0.661289196,0.328380375,-9.75626506,101.645005,-13.3747709,-2.79714711,-0.354540555,0.0765612329,-0.546692411,9.03459122,-8.07389195,0.220290199,0,0,0,12.1185848,0,0
8.5,8.52,-0.0208864983,0.0510299291,-0.243510225,0.655046649,0.330271812,-9.76717207,101.825367,-13.5367691,-2.79263854,-0.355331734,0.0758215934,-0.5516157,9.0016296,-8.1259426,0.230539531,0,0,0,12.1290324,0,0
8.52,8.54,-0.0210367514,0.0518129012,-0.244550046,0.648778873,0.331650527,-9.77776866,102.005067,-13.6998084,-2.78792655,-0.356123861,0.075085913,-0.556562979,8.96830998,-8.17799371,0.240633208,0,0,0,12.1395251,0,0
8.54,8.56,-0.0212087595,0.0525687905,-0.245605409,0.642477373,0.332725822,-9.78804768,102.184097,-13.8638887,-2.78301415,-0.356917404,0.0743534129,-0.56153449,8.93462675,-8.23004649,0.250580986,0,0,0,12.1500622,0,0
8.56,8.58,-0.0213985717,0.0533034583,-0.2466656,0.631368008,0.333626915,-9.79793918,102.362449,-14.0290096,-2.77790412,-0.35771274,0.0736235263,-0.566530255,8.90049576,-8.28204852,0.260399806,0,0,0,12.1605493,0,0
8.58,8.6,-0.0210467855,0.0540213226,-0.247727392,0.625086582,0.33476923,-9.8085073,102.540114,-14.1951704,-2.77259901,-0.358507422,0.0728958438,-0.571550183,8.86600181,-8.33403963,0.270087312,0,0,0,12.1710785,0,0
8.6,8.62,-0.019210503,0.0544406512,-0.248838789,0.61858868,0.336464175,-9.81816466,102.717086,-14.3623707,-2.76710162,-0.359276774,0.0721686434,-0.576594072,8.83114847,-8.3860015,0.279617477,0,0,0,12.1816415,0,0
8.62,8.64,-0.0169821289,0.0539867804,-0.250044253,0.611907754,0.337177224,-9.82580923,102.893357,-14.5306102,-2.76141554,-0.360001962,0.0714287493,-0.581658563,8.79592215,-8.43794772,0.28896508,0,0,0,12.1922397,0,0
8.64,8.66,-0.0149247071,0.0531085497,-0.251346321,0.605018377,0.337368726,-9.83214211,103.06892,-14.6998882,-2.75554377,-0.360681232,0.070663425,-0.586740875,8.76033638,-8.4898597,0.298196294,0,0,0,12.2028739,0,0
8.66,8.68,-0.0132457452,0.0520998215,-0.252729197,0.59793379,0.337340195,-9.83699718,103.243768,-14.870204,-2.74948809,-0.361320278,0.0698672988,-0.591840811,8.72440508,-8.54171961,0.307364472,0,0,0,12.2135454,0,0
8.68,8.7,-0.0119825253,0.0511209356,-0.254171308,0.590679617,0.337231862,-9.84051067,103.417894,-15.0415564,-2.74324932,-0.361927095,0.0690392405,-0.596959369,8.68814033,-8.59351276,0.316509773,0,0,0,12.2242555,0,0
8.7,8.72,-0.0110986807,0.0500143745,-0.255651171,0.578565024,0.337112781,-9.84156277,103.591291,-15.2139433,-2.73682764,-0.362509577,0.0681793594,-0.602097556,8.65147083,-8.64517971,0.325652384,0,0,0,12.2349144,0,0
8.72,8.74,-0.0105342743,0.0483265802,-0.257149638,0.570972068,0.336977068,-9.84083675,103.76395,-15.3873629,-2.73022329,-0.363074333,0.0672793959,-0.607252769,8.61447791,-8.69677117,0.334787315,0,0,0,12.2456172,0,0
8.74,8.76,-0.0102254842,0.0464610694,-0.258650572,0.563008462,0.336837876,-9.83854965,103.935867,-15.5618133,-2.72343567,-0.363626679,0.0663321791,-0.61242243,8.57718169,-8.74826307,0.343991044,0,0,0,12.256365,0,0
8.76,8.78,-0.0101133388,0.0446711423,-0.260140924,0.554788166,0.336687275,-9.83449888,104.107036,-15.7372924,-2.71646277,-0.364170822,0.065337061,-0.617606132,8.5396001,-8.79963827,0.353323422,0,0,0,12.2671611,0,0
8.78,8.8,-0.010148025,0.0430855102,-0.261610415,0.541746449,0.336527422,-9.82888473,104.277449,-15.9137973,-2.7093015,-0.364709955,0.0642969243,-0.62280457,8.50167209,-8.85083163,0.362833729,0,0,0,12.2779191,0,0
8.8,8.82,-0.0102895034,0.0417621032,-0.263051038,0.533292275,0.33632556,-9.82210264,104.4471,-16.0913246,-2.70194806,-0.365246419,0.0632163859,-0.628018921,8.46348497,-8.90189075,0.372544378,0,0,0,12.2887357,0,0
8.82,8.84,-0.0105065383,0.0407190331,-0.264456518,0.529294611,0.336075867,-9.81469174,104.615987,-16.2698723,-2.69439833,-0.365781876,0.0621007773,-0.633250493,8.42511823,-8.95286654,0.382464046,0,0,0,12.2997039,0,0
8.84,8.86,-0.0107753535,0.039952168,-0.265822052,0.516000075,0.335809269,-9.80695779,104.784102,-16.4494376,-2.68664795,-0.366317457,0.060955572,-0.638500546,8.38642645,-9.00364983,0.392610465,0,0,0,12.3106459,0,0
8.86,8.88,-0.0110781214,0.0394452611,-0.267143984,0.507496697,0.335485545,-9.79919397,104.951442,-16.6300172,-2.67869242,-0.366853895,0.0597860645,-0.64377019,8.34748855,-9.05429862,0.402977065,0,0,0,12.3216589,0,0
8.88,8.9,-0.0114015765,0.0391760527,-0.268419465,0.498988866,0.335116192,-9.79175977,105.118,-16.8116085,-2.67052743,-0.367391622,0.0585972017,-0.649060347,8.30830322,-9.10481597,0.413555869,0,0,0,12.3327452,0,0
8.9,8.92,-0.0117359815,0.0391196413,-0.269646341,0.486037115,0.334712468,-9.78482667,105.283771,-16.9942083,-2.66214878,-0.367930852,0.0573935014,-0.654371726,8.26879696,-9.1551516,0.42434049,0,0,0,12.3438191,0,0
8.92,8.94,-0.0115024513,0.0392497808,-0.270826722,0.477838757,0.334655644,-9.779671,105.44875,-17.1778135,-2.65355258,-0.368468824,0.056179017,-0.659704841,8.22904723,-9.20535824,0.43530579,0,0,0,12.3549719,0,0
8.94,8.96,-0.00973290216,0.0395341139,-0.272014472,0.46964619,0.335213707,-9.77622767,105.612931,-17.3624214,-2.64473554,-0.368979928,0.0549571567,-0.665060468,8.18906358,-9.25542182,0.446419451,0,0,0,12.3661993,0,0
8.96,8.98,-0.00755179579,0.0399416949,-0.273258406,0.457150385,0.334757401,-9.77283648,105.77631,-17.5480288,-2.63569492,-0.36944495,0.0537304157,-0.670440332,8.14876548,-9.3053029,0.457660375,0,0,0,12.3774187,0,0
8.98,9,-0.00553533305,0.0404479366,-0.27456273,0.449486549,0.333744686,-9.77038578,105.93888,-17.7346326,-2.6264285,-0.369862252,0.0525006491,-0.675846427,8.10821779,-9.35506925,0.468992851,0,0,0,12.3887235,0,0
9,9.02,-0.00389465367,0.0410332724,-0.275912011,0.446418207,0.332493383,-9.76932964,106.100637,-17.9222312,-2.61693484,-0.370237646,0.051269341,-0.681280453,8.06748208,-9.40478351,0.480379701,0,0,0,12.400201,0,0
9.02,9.04,-0.00266687002,0.0416818691,-0.277284682,0.434680191,0.33118727,-9.76962738,106.261577,-18.1108225,-2.60721305,-0.370579181,0.0500377495,-0.686743617,8.02641522,-9.45433967,0.491801582,0,0,0,12.4116779,0,0
9.04,9.06,-0.00181389606,0.042380709,-0.27865925,0.427707491,0.329850799,-9.77114062,106.421692,-18.3004039,-2.59726272,-0.370894766,0.0488069801,-0.692236603,7.98508391,-9.50379893,0.503229702,0,0,0,12.4232443,0,0
9.06,9.08,-0.00127172432,0.0431191442,-0.280016761,0.420845788,0.32851641,-9.77379928,106.580978,-18.4909736,-2.58708395,-0.371191217,0.0475780278,-0.697759623,7.94348261,-9.55316391,0.514642299,0,0,0,12.434899,0,0
9.08,9.1,-0.000973751201,0.0438883367,-0.281341613,0.409876773,0.327195909,-9.77739964,106.739429,-18.6825291,-2.5766772,-0.371474003,0.0463517997,-0.703312491,7.90154199,-9.60238228,0.526025776,0,0,0,12.4465583,0,0
9.1,9.12,-0.000864303474,0.0446809424,-0.282564618,0.403480025,0.325070729,-9.78181876,106.897038,-18.8750682,-2.56604318,-0.371747328,0.0451292282,-0.708894439,7.85930866,-9.65153054,0.537370367,0,0,0,12.4583121,0,0
9.12,9.14,-0.00089046389,0.0454909496,-0.283548371,0.397178281,0.320555598,-9.78703399,107.053799,-19.06859,-2.55518256,-0.372014276,0.0439120913,-0.714502113,7.8167407,-9.70065095,0.548683243,0,0,0,12.4701691,0,0
9.14,9.16,-0.000993665805,0.0463132903,-0.284360392,0.386772151,0.31729923,-9.7928919,107.209704,-19.2630932,-2.54409617,-0.372276747,0.0427021906,-0.720131764,7.77379204,-9.74966511,0.559944024,0,0,0,12.4820411,0,0
9.16,9.18,-0.00113778029,0.047143703,-0.285047529,0.380667065,0.314917503,-9.7992987,107.364748,-19.4585759,-2.53278528,-0.37253577,0.041500789,-0.725780756,7.73053712,-9.79861192,0.571130388,0,0,0,12.4940062,0,0
9.18,9.2,-0.00130092519,0.0479787382,-0.285636251,0.374561617,0.313029488,-9.80623244,107.518923,-19.6550369,-2.52125154,-0.372791848,0.040308816,-0.731447094,7.68697904,-9.84748125,0.582227743,0,0,0,12.5060594,0,0
9.2,9.22,-0.0014697138,0.0488156226,-0.286141629,0.368517279,0.311413595,-9.81362683,107.672225,-19.8524744,-2.50949683,-0.373045166,0.0391269951,-0.737129135,7.64311859,-9.8962674,0.593224674,0,0,0,12.5181982,0,0
9.22,9.24,-0.00163589823,0.0496521049,-0.286572413,0.358525549,0.309956946,-9.82136946,107.824645,-20.0508863,-2.49752323,-0.373295714,0.0379559198,-0.742825436,7.59889602,-9.94491231,0.604116029,0,0,0,12.5303415,0,0
9.24,9.26,-0.00179430838,0.050486396,-0.286933828,0.352684398,0.308567666,-9.82942645,107.976178,-20.2502702,-2.48533295,-0.373543365,0.0367960977,-0.748534668,7.55437048,-9.99346769,0.614891662,0,0,0,12.5425676,0,0
9.26,9.28,-0.00194163097,0.0513171977,-0.287229121,0.346836882,0.307220052,-9.83781313,108.126818,-20.4506242,-2.47292837,-0.373787915,0.0356479794,-0.75425557,7.50953883,-10.0419303,0.625544759,0,0,0,12.5548733,0,0
9.28,9.3,-0.00207578804,0.0521435292,-0.287460549,0.337142259,0.305904771,-9.84643396,108.276557,-20.651946,-2.46031197,-0.37402912,0.0345119775,-0.759986919,7.46434236,-10.0902438,0.636073117,0,0,0,12.5671801,0,0
9.3,9.32,-0.00219935354,0.0529646857,-0.287571906,0.331544063,0.303792054,-9.85526279,108.425389,-20.8542332,-2.44748627,-0.374266721,0.0333885787,-0.765727267,7.41881962,-10.1384778,0.646479269,0,0,0,12.5795688,0,0
9.32,9.34,-0.00230776908,0.0537802074,-0.287434355,0.322156414,0.299280236,-9.86430125,108.573307,-21.0574841,-2.43445345,-0.374500448,0.032279183,-0.771472816,7.37287345,-10.186615,0.656783586,0,0,0,12.5919717,0,0
9.34,9.36,-0.0023806786,0.0545897413,-0.287125497,0.316648558,0.296050472,-9.87354113,108.720302,-21.2616971,-2.42121572,-0.374729721,0.0311852553,-0.777219593,7.32658091,-10.2346819,0.666966679,0,0,0,12.6044574,0,0
9.36,9.38,-0.00241179086,0.0553931111,-0.28669991,0.311093362,0.293754637,-9.88299037,108.866368,-21.4668706,-2.40777567,-0.374953756,0.0301077474,-0.782964938,7.27995505,-10.2826583,0.677015354,0,0,0,12.6170185,0,0
9.38,9.4,-0.00240243638,0.0559331511,-0.28618998,0.305520075,0.291997763,-9.89121295,109.011498,-21.6730026,-2.39413615,-0.37517175,0.0290461421,-0.788706522,7.23299791,-10.3305362,0.686901785,0,0,0,12.6296504,0,0
9.4,9.42,-0.00235941004,0.0556857856,-0.28561533,0.296135559,0.290569354,-9.89858656,109.155685,-21.8800907,-2.38030087,-0.375382861,0.0279895799,-0.794438487,7.18565541,-10.3782596,0.696600095,0,0,0,12.642277,0,0
9.42,9.44,-0.0022890471,0.0550666695,-0.284988114,0.290314642,0.289325705,-9.90514794,109.298922,-22.088132,-2.366273,-0.375586354,0.0269276576,-0.800155477,7.1380025,-10.4258574,0.706169704,0,0,0,12.6549697,0,0
9.44,9.46,-0.00159539244,0.0543444945,-0.284320308,0.280644319,0.288668384,-9.91147383,109.441202,-22.2971232,-2.3520546,-0.37577869,0.025856608,-0.80585497,7.09001478,-10.4732497,0.715658727,0,0,0,12.6676531,0,0
9.46,9.48,0.000721638451,0.0536555909,-0.28367649,0.274439103,0.288775934,-9.91733954,109.58252,-22.5070605,-2.33764705,-0.375932625,0.0247761675,-0.81153654,7.04177667,-10.5204572,0.725088157,0,0,0,12.680394,0,0
9.48,9.5,0.00347032826,0.0530655584,-0.28311346,0.264563224,0.287884833,-9.92127453,109.722871,-22.7179396,-2.32305131,-0.376027928,0.0236875032,-0.817201831,6.99324294,-10.5674268,0.73447933,0,0,0,12.6931247,0,0
9.5,9.52,0.00604440991,0.0526046422,-0.282639145,0.258295656,0.286499441,-9.92438367,109.862248,-22.9297562,-2.30826809,-0.37606294,0.0225924766,-0.822853394,6.94446887,-10.614208,0.743837111,0,0,0,12.705918,0,0
9.52,9.54,0.00822407918,0.052283315,-0.282239995,0.252030988,0.284967132,-9.92728875,110.000648,-23.1425064,-2.29329806,-0.376043823,0.0214933252,-0.828493836,6.89546006,-10.6607966,0.753160393,0,0,0,12.7187737,0,0
9.54,9.56,0.00997257568,0.0521010024,-0.281895604,0.245831879,0.28344118,-9.93027359,110.138065,-23.3561865,-2.27814193,-0.375979075,0.0203924548,-0.83412546,6.84622233,-10.707189,0.76244464,0,0,0,12.7316919,0,0
9.56,9.58,0.0113312906,0.0520510385,-0.281585499,0.236299705,0.281991382,-9.93343586,110.274495,-23.570792,-2.26280055,-0.375877029,0.019292302,-0.839750144,6.79671513,-10.7533315,0.771685691,0,0,0,12.7446057,0,0
9.58,9.6,0.0123677726,0.052123509,-0.281291874,0.226960174,0.280623427,-9.9368214,110.409931,-23.7863178,-2.24727482,-0.375744872,0.0181952435,-0.845369336,6.74694471,-10.7992223,0.780877383,0,0,0,12.7575168,0,0
9.6,9.62,0.0131516149,0.0523070213,-0.28100029,0.221083966,0.279324185,-9.94054389,110.544371,-24.0027593,-2.23156584,-0.375588397,0.017103537,-0.850984096,6.69695908,-10.8449096,0.790010471,0,0,0,12.7704911,0,0
9.62,9.64,0.0137439927,0.052282478,-0.280699631,0.211922536,0.278101194,-9.94292235,110.677808,-24.2201121,-2.21567495,-0.375412073,0.0160179001,-0.856594607,6.64670942,-10.8903477,0.79905499,0,0,0,12.7834622,0,0
9.64,9.66,0.0141960777,0.051412722,-0.280441641,0.205949191,0.277738288,-9.94452962,110.810238,-24.4383717,-2.19960456,-0.375219157,0.0149266358,-0.86219627,6.59625278,-10.9355757,0.807964039,0,0,0,12.7964906,0,0
9.66,9.68,0.0145414488,0.0501841509,-0.280355081,0.19650439,0.279916823,-9.94545871,110.941656,-24.6575327,-2.18335699,-0.375011965,0.0138175923,-0.867786997,6.54561633,-10.9804871,0.816785971,0,0,0,12.8095015,0,0
9.68,9.7,0.0147904167,0.0489085229,-0.280356597,0.193422983,0.280787927,-9.94517191,111.072062,-24.8775898,-2.16693327,-0.374792466,0.0126863833,-0.873367895,6.49487877,-11.0251875,0.825587353,0,0,0,12.8226286,0,0
9.7,9.72,0.0149611409,0.0477486811,-0.280387957,0.183779372,0.280749203,-9.94375329,111.20145,-25.0985378,-2.1503333,-0.374562326,0.0115334569,-0.878940358,6.44395447,-11.0695835,0.834416899,0,0,0,12.83575,0,0
9.72,9.74,0.0150733155,0.0467828822,-0.280415049,0.177344561,0.280175676,-9.94143956,111.329819,-25.3203712,-2.13355621,-0.374322835,0.0103617568,-0.884505796,6.3928869,-11.1137276,0.843303584,0,0,0,12.848934,0,0
9.74,9.76,0.0151447168,0.0460416479,-0.280417842,0.167750747,0.279311084,-9.93856789,111.457164,-25.5430846,-2.11660066,-0.374074915,0.00917538781,-0.890065505,6.34163854,-11.1575733,0.852264213,0,0,0,12.8621217,0,0
9.76,9.78,0.0151940454,0.0455288062,-0.280445304,0.15820994,0.27909389,-9.93544366,111.583483,-25.7666718,-2.09946515,-0.373819166,0.00797875413,-0.895620876,6.29023383,-11.2011078,0.861294863,0,0,0,12.8753131,0,0
9.78,9.8,0.0152285903,0.0452336878,-0.280627084,0.151769068,0.281281712,-9.93239293,111.708773,-25.9911267,-2.08214858,-0.373555877,0.00677527253,-0.901175586,6.23875902,-11.2443468,0.870369819,0,0,0,12.8885605,0,0
9.8,9.82,0.0152361647,0.0451382834,-0.280879378,0.142436834,0.28208033,-9.9296658,111.833032,-26.2164432,-2.06465002,-0.373285482,0.0055680431,-0.906733311,6.18714904,-11.2872678,0.879494824,0,0,0,12.9018115,0,0
9.82,9.84,0.015217132,0.0452213121,-0.281144227,0.136287955,0.281869122,-9.92749905,111.956258,-26.4426156,-2.04696848,-0.373008522,0.00436034427,-0.912296176,6.13542135,-11.3299375,0.888665887,0,0,0,12.9151309,0,0
9.84,9.86,0.0151776318,0.045460607,-0.281388053,0.130241766,0.281082818,-9.92610077,112.078448,-26.669639,-2.02910315,-0.372725472,0.0031553722,-0.917865312,6.08356168,-11.3723681,0.897871463,0,0,0,12.9285209,0,0
9.86,9.88,0.0151252879,0.0458344351,-0.281591403,0.124332019,0.279962188,-9.92558392,112.199599,-26.8975086,-2.0110535,-0.372436674,0.00195610016,-0.923441201,6.03155992,-11.414569,0.907095644,0,0,0,12.941983,0,0
9.88,9.9,0.0150672771,0.0463222164,-0.28174308,0.115673771,0.278651848,-9.92597869,112.319709,-27.1262196,-1.99281932,-0.372142335,0.000765214638,-0.929023893,5.9793735,-11.4565011,0.916320801,0,0,0,12.955461,0,0
9.9,9.92,0.0150092955,0.0466339832,-0.281836768,0.107220203,0.277221779,-9.92573307,112.438773,-27.3557666,-1.97440088,-0.371842544,-0.000416132211,-0.934612648,5.9269914,-11.4981757,0.92550859,0,0,0,12.9689567,0,0
9.92,9.94,0.01495321,0.0462019116,-0.281869064,0.101618207,0.275710212,-9.92536186,112.556787,-27.5861451,-1.95579955,-0.371537297,-0.00159780393,-0.940202335,5.87443479,-11.5396485,0.934616367,0,0,0,12.9825259,0,0
9.94,9.96,0.0149009652,0.0454508093,-0.281838149,0.0931125362,0.274159866,-9.92500378,112.673749,-27.8173505,-1.93701643,-0.371226518,-0.00278931752,-0.94578791,5.82168734,-11.5808615,0.943695461,0,0,0,12.9961131,0,0
9.96,9.98,0.0142245779,0.0446527219,-0.281738645,0.0846225398,0.272068868,-9.92297663,112.789653,-28.0493775,-1.91805164,-0.370913162,-0.00399334579,-0.951366963,5.76875529,-11.6218133,0.952790646,0,0,0,13.009723,0,0
9.98,10,0.011881273,0.0439565166,-0.281506224,0.0789123984,0.269227738,-9.91963578,112.904498,-28.2822215,-1.89890443,-0.370625116,-0.00520861621,-0.95693798,5.71565885,-11.662559,0.961941351,0,0,0,13.0234162,0,0
10,10.02,0.00913335942,0.0431627661,-0.281084861,0.0731186149,0.267569771,-9.9152688,113.018278,-28.5158783,-1.87957359,-0.370382744,-0.0064326943,-0.962498385,5.66240711,-11.7030918,0.971146195,0,0,0,13.0371905,0,0
10.02,10.04,0.00661379706,0.0417428498,-0.280471091,0.0671233059,0.266491889,-9.90974552,113.130993,-28.7503436,-1.86005832,-0.370186902,-0.007672921,-0.968041236,5.60900059,-11.743412,0.980395386,0,0,0,13.0510455,0,0
10.04,10.06,0.0071984836,0.040139563,-0.279703247,0.058197927,0.267799142,-9.90760801,113.242637,-28.9856125,-1.84035706,-0.370017263,-0.00893581069,-0.97356017,5.55547526,-11.783431,0.989746699,0,0,0,13.0649206,0,0
10.06,10.08,0.017222955,0.0385898976,-0.27909236,0.0488197927,0.273758786,-9.91043657,113.353212,-29.2216779,-1.82046788,-0.369736726,-0.0102218638,-0.979054374,5.50197617,-11.8230569,0.999182805,0,0,0,13.0787913,0,0
10.08,10.1,0.036000194,0.0371673949,-0.279108632,0.04169472,0.278024304,-9.91333402,113.462717,-29.4585321,-1.80038948,-0.369156863,-0.0115309619,-0.984532201,5.44859832,-11.8623023,1.00865831,0,0,0,13.0927015,0,0
10.1,10.12,0.0604010936,0.0355778938,-0.280123639,0.0319931629,0.278572934,-9.91447381,113.571156,-29.6961669,-1.78012197,-0.36813145,-0.0128659077,-0.990010023,5.39533852,-11.901128,1.01806766,0,0,0,13.1066009,0,0
10.12,10.14,0.0869684452,0.0331985296,-0.282330801,0.0225997762,0.275337712,-9.9156338,113.678531,-29.9345742,-1.75966814,-0.366584338,-0.0142428222,-0.995505132,5.34220934,-11.9395516,1.02728038,0,0,0,13.1204954,0,0
10.14,10.16,0.113533743,0.0304731433,-0.285774782,0.0160767164,0.269582881,-9.91864179,113.784846,-30.1737463,-1.73903234,-0.364494643,-0.0156781708,-1.00103719,5.28929101,-11.9776054,1.0362572,0,0,0,13.1344379,0,0
10.16,10.18,0.138059567,0.0276810038,-0.290398549,0.00998353285,0.261544438,-9.92236506,113.890105,-30.4136758,-1.71821974,-0.361880284,-0.0171810735,-1.00662862,5.23662502,-12.0152871,1.04495508,0,0,0,13.1484332,0,0
10.18,10.2,0.159232027,0.024971961,-0.296031245,0.00199414355,0.252044707,-9.92776289,113.994312,-30.6543548,-1.69723627,-0.358801909,-0.0187559367,-1.01230132,5.18421991,-12.0525581,1.05333435,0,0,0,13.1624392,0,0
10.2,10.22,0.178155602,0.0220872617,-0.302515958,-0.00317894418,0.243023318,-9.9332813,114.097476,-30.8957754,-1.67608892,-0.355309242,-0.0204054412,-1.01807411,5.13215798,-12.0894467,1.06132735,0,0,0,13.1765012,0,0
10.22,10.24,0.193443522,0.0183915907,-0.309685334,-0.010492969,0.232409825,-9.93697995,114.199601,-31.1379297,-1.65478612,-0.351461334,-0.0221434264,-1.02395858,5.0804235,-12.1259276,1.06888816,0,0,0,13.1905779,0,0
10.24,10.26,0.204907639,0.0144426024,-0.317261627,-0.0175435514,0.220455427,-9.93977556,114.300695,-31.3808095,-1.6333357,-0.347333111,-0.0239811457,-1.02996299,5.02904287,-12.1620013,1.07610732,0,0,0,13.2046792,0,0
10.26,10.28,0.212987466,0.0106000172,-0.324892077,-0.0221655639,0.20589206,-9.94096917,114.400765,-31.6244073,-1.61174343,-0.342996082,-0.0259186493,-1.03609228,4.97803088,-12.1977257,1.0830845,0,0,0,13.2188644,0,0
10.28,10.3,0.218325778,0.00705578083,-0.332414351,-0.0291119001,0.192020963,-9.94029294,114.499819,-31.8687155,-1.59001354,-0.338510391,-0.0279496983,-1.04234894,4.92740641,-12.2330483,1.0898828,0,0,0,13.2330892,0,0
10.3,10.32,0.221554074,0.00390508865,-0.339593369,-0.0337872765,0.176602806,-9.93774522,114.597864,-32.1137268,-1.56814881,-0.333923449,-0.0300641527,-1.04873191,4.87718529,-12.2680234,1.09657543,0,0,0,13.2474077,0,0
10.32,10.34,0.223226027,0.00118656459,-0.346343288,-0.0407721461,0.16201421,-9.93348585,114.694909,-32.3594335,-1.54615097,-0.329270757,-0.0322501105,-1.05523807,4.827373,-12.3026055,1.10320552,0,0,0,13.2617757,0,0
10.34,10.36,0.223787179,-0.00109389634,-0.352458128,-0.0455508302,0.145109636,-9.92784174,114.790961,-32.6058287,-1.52402061,-0.324578147,-0.0344942747,-1.06186064,4.77795551,-12.3368615,1.10983073,0,0,0,13.276247,0,0
10.36,10.38,0.22359476,-0.00294994715,-0.357929952,-0.0525922363,0.129361341,-9.92117094,114.886029,-32.8529052,-1.50175769,-0.319863466,-0.0367832944,-1.06859145,4.72893601,-12.3707468,1.11646914,0,0,0,13.2907756,0,0
10.38,10.4,0.22291386,-0.00440616046,-0.362593894,-0.0596310913,0.11115536,-9.9138664,114.980121,-33.1006561,-1.4793615,-0.315138755,-0.0391035551,-1.07541944,4.68026717,-12.404293,1.1231562,0,0,0,13.3053698,0,0
10.4,10.42,0.221952037,-0.00549357843,-0.366484638,-0.0644744936,0.0942501625,-9.90633978,115.073243,-33.3490748,-1.45683114,-0.310411379,-0.0414421411,-1.08233298,4.6319905,-12.4375341,1.1298919,0,0,0,13.3200693,0,0
10.42,10.44,0.220146157,-0.00624456079,-0.369369116,-0.0714086436,0.072954448,-9.89803157,115.165402,-33.5981553,-1.4341653,-0.305689155,-0.0437861132,-1.08931735,4.58398378,-12.4704875,1.13670726,0,0,0,13.3348442,0,0
10.44,10.46,0.216466047,-0.00668146946,-0.371178308,-0.0760982323,0.0509168389,-9.88966347,115.256604,-33.8478926,-1.41136229,-0.301005317,-0.0461225858,-1.0963548,4.53623608,-12.503211,1.14360568,0,0,0,13.3497399,0,0
10.46,10.48,0.212421984,-0.00682906512,-0.371943944,-0.0829416781,0.0316492049,-9.88294482,115.346853,-34.0982816,-1.38842068,-0.29638255,-0.0484393489,-1.10342645,4.48876806,-12.535649,1.15056098,0,0,0,13.3647044,0,0
10.48,10.5,0.207943185,-0.00671870661,-0.371764669,-0.0876559499,0.0143722307,-9.87623448,115.436156,-34.3493167,-1.36533964,-0.291824368,-0.0507257553,-1.11051526,4.44162085,-12.567831,1.15755319,0,0,0,13.3797721,0,0
10.5,10.52,0.201937942,-0.00637138534,-0.370422113,-0.0943132323,-0.00644982612,-9.8699101,115.524519,-34.600993,-1.3421182,-0.287357727,-0.0529714675,-1.11760202,4.39466785,-12.5997717,1.16459818,0,0,0,13.3949111,0,0
10.52,10.54,0.195444934,-0.00580954062,-0.367887386,-0.100937745,-0.025988458,-9.86482663,115.611944,-34.8533057,-1.31875549,-0.283000085,-0.0551662698,-1.1246648,4.34790384,-12.631473,1.17167938,0,0,0,13.410116,0,0
10.54,10.56,0.188122536,-0.00505370116,-0.364125083,-0.107490661,-0.0455396606,-9.86062874,115.698436,-35.1062502,-1.29525085,-0.27877062,-0.0573006312,-1.13168091,4.30129512,-12.6629495,1.17878764,0,0,0,13.4253853,0,0
10.56,10.58,0.181579264,-0.00412959618,-0.359220598,-0.114086062,-0.062257179,-9.85841842,115.783997,-35.3598219,-1.27160401,-0.274670848,-0.0593658182,-1.13862741,4.25487659,-12.6941842,1.1858906,0,0,0,13.4407077,0,0
10.58,10.6,0.175557869,-0.00306892946,-0.35335215,-0.116802779,-0.076807005,-9.85663889,115.868633,-35.6140163,-1.24781548,-0.27068387,-0.0613548131,-1.14548457,4.20870672,-12.7252358,1.19295788,0,0,0,13.4561505,0,0
10.6,10.62,0.168670624,-0.00189130865,-0.34644651,-0.123307004,-0.0934907972,-9.85563434,115.952346,-35.8688296,-1.22388601,-0.26682195,-0.0632613579,-1.15223273,4.16267986,-12.7560651,1.19997765,0,0,0,13.4716386,0,0
10.62,10.64,0.162587111,-0.000617975603,-0.338605465,-0.129710813,-0.106407244,-9.85691475,116.035141,-36.124257,-1.19981699,-0.263087148,-0.0650800376,-1.15885282,4.11684256,-12.7866524,1.20690904,0,0,0,13.4871606,0,0
10.64,10.66,0.15708157,0.000378925488,-0.329823064,-0.13609989,-0.12071778,-9.856695,116.117021,-36.380294,-1.17561047,-0.25946212,-0.066807691,-1.16532542,4.07114269,-12.8170198,1.21371013,0,0,0,13.5027142,0,0
10.66,10.68,0.150774345,0.00038456413,-0.320278428,-0.142457388,-0.132743786,-9.85569656,116.197988,-36.6369361,-1.15126996,-0.255958195,-0.0684564615,-1.17162949,4.02560854,-12.8471612,1.2203135,0,0,0,13.5182928,0,0
10.68,10.7,0.145314134,-5.03295045e-05,-0.310034232,-0.148959056,-0.141658397,-9.85573424,116.278046,-36.8941785,-1.12679887,-0.252576425,-0.0700386951,-1.17774677,3.98029504,-12.8770483,1.22678086,0,0,0,13.5338876,0,0
10.7,10.72,0.140563816,-0.000580447991,-0.299082271,-0.155639097,-0.151871638,-9.85455907,116.357201,-37.1520162,-1.10219921,-0.249298022,-0.0715576287,-1.18366136,3.93517773,-12.9066867,1.23317795,0,0,0,13.5494986,0,0
10.72,10.74,0.135306081,-0.00102221467,-0.287563055,-0.158831422,-0.16046746,-9.85234393,116.435455,-37.4104447,-1.077472,-0.246128638,-0.0730120161,-1.18936046,3.89031901,-12.9361289,1.23953654,0,0,0,13.5651931,0,0
10.74,10.76,0.130968877,-0.00129029511,-0.275584371,-0.165578544,-0.16574772,-9.85047941,116.512815,-37.6694592,-1.05261802,-0.24306519,-0.0743986972,-1.19483412,3.84575374,-12.9652885,1.24585633,0,0,0,13.5808942,0,0
10.76,10.78,0.127287987,-0.00135779629,-0.263271068,-0.17225811,-0.169954697,-9.84800116,116.589287,-37.9290541,-1.02763803,-0.2400882,-0.0757140082,-1.200075,3.80150639,-12.9941617,1.25213827,0,0,0,13.5966003,0,0
10.78,10.8,0.122971182,-0.00122014556,-0.250663672,-0.178771096,-0.174079067,-9.84540303,116.664878,-38.1892236,-1.00253276,-0.237204795,-0.076954397,-1.20507755,3.75756814,-13.0227579,1.25838075,0,0,0,13.612313,0,0
10.8,10.82,0.1194456,-0.000890416794,-0.237856964,-0.185167566,-0.17517928,-9.84410549,116.739593,-38.4499623,-0.977303229,-0.23441415,-0.078116583,-1.20983691,3.71399574,-13.0510628,1.26455868,0,0,0,13.6280267,0,0
10.82,10.84,0.116563795,-0.000393887836,-0.225063659,-0.191363374,-0.173320063,-9.8432441,116.81344,-38.7112639,-0.951951101,-0.231698193,-0.0791984849,-1.21435189,3.67085372,-13.079062,1.27063846,0,0,0,13.6437367,0,0
10.84,10.86,0.113215548,0.000246381775,-0.212311076,-0.195756035,-0.171793687,-9.84311097,116.886429,-38.9731229,-0.926478447,-0.229061093,-0.0801988296,-1.21862297,3.62813968,-13.1067977,1.27660335,0,0,0,13.6594751,0,0
10.86,10.88,0.110612967,0.00100543244,-0.199827455,-0.201547751,-0.165119166,-9.84474484,116.958569,-39.2355334,-0.900888103,-0.22650003,-0.0811173657,-1.22265317,3.58595271,-13.1342109,1.28240009,0,0,0,13.6752003,0,0
10.88,10.9,0.1091811,0.00185562262,-0.187790387,-0.207128479,-0.155651237,-9.84777215,117.029871,-39.4984889,-0.875183853,-0.22399497,-0.0819551925,-1.2264496,3.54435443,-13.1612895,1.28798846,0,0,0,13.6909059,0,0
10.9,10.92,0.108197723,0.00277131427,-0.176281435,-0.210991695,-0.146266615,-9.8515595,117.100348,-39.7619829,-0.849370145,-0.221525679,-0.0827143088,-1.23002178,3.50335664,-13.1880695,1.29334229,0,0,0,13.7066195,0,0
10.92,10.94,0.10633534,0.0037349749,-0.165307459,-0.2161719,-0.137287155,-9.85629462,117.170009,-40.0260094,-0.823451917,-0.219101698,-0.0833972124,-1.23338,3.46293297,-13.2145344,1.29843503,0,0,0,13.7223088,0,0
10.94,10.96,0.104770258,0.00473105132,-0.15490422,-0.22116943,-0.126015586,-9.86285776,117.238869,-40.290562,-0.797434721,-0.216728094,-0.08400668,-1.23653473,3.4231225,-13.2406775,1.30323375,0,0,0,13.7379666,0,0
10.96,10.98,0.103976419,0.00574346365,-0.145192933,-0.226023798,-0.1127025,-9.87076328,117.306939,-40.5556341,-0.771324762,-0.214392676,-0.0845460123,-1.23949786,3.38397398,-13.266489,1.30770519,0,0,0,13.7535851,0,0
10.98,11,0.103175003,0.00675808105,-0.136325439,-0.229276668,-0.0980135064,-9.87910592,117.374233,-40.8212193,-0.745128904,-0.212082338,-0.0850193155,-1.24228437,3.34553634,-13.29199,1.31182124,0,0,0,13.7691861,0,0
11,11.02,0.100891809,0.00776791486,-0.128284596,-0.233810656,-0.0837637142,-9.88795526,117.440765,-41.0873113,-0.718854406,-0.209817402,-0.0854310613,-1.24491043,3.30778128,-13.3171638,1.31556539,0,0,0,13.7847373,0,0
11.02,11.04,0.0985986807,0.0087674908,-0.121081272,-0.238234557,-0.0669461965,-9.89828447,117.506549,-41.3539034,-0.692508927,-0.207611196,-0.0857856846,-1.24739193,3.27074939,-13.3420008,1.31891657,0,0,0,13.8002293,0,0
11.04,11.06,0.0969256038,0.00975012493,-0.114770352,-0.242598388,-0.0488023887,-9.90947131,117.571599,-41.6209889,-0.66610048,-0.205455251,-0.0860877689,-1.2497455,3.23446492,-13.3664959,1.32186017,0,0,0,13.8156538,0,0
11.06,11.08,0.0959900226,0.0107094874,-0.109444252,-0.245572906,-0.0297464977,-9.92125452,117.635932,-41.888561,-0.639637325,-0.203334133,-0.0863421377,-1.25198909,3.19896288,-13.3906689,1.32438399,0,0,0,13.8310293,0,0
11.08,11.1,0.0948585971,0.0116406379,-0.105232907,-0.24987476,-0.00986588581,-9.93275966,117.699563,-42.1566131,-0.613128059,-0.201236382,-0.0865540936,-1.25414325,3.16426264,-13.4144881,1.32647159,0,0,0,13.84632,0,0
11.1,11.12,0.0919998145,0.0125440656,-0.102056883,-0.254057172,0.00866124592,-9.94407278,117.762508,-42.4251381,-0.586581353,-0.199186165,-0.0867289718,-1.25622913,3.13031915,-13.4379689,1.32812831,0,0,0,13.8615234,0,0
11.12,11.14,0.0889104502,0.0134216271,-0.099819897,-0.256911477,0.0280607312,-9.95629742,117.824781,-42.6941297,-0.560005781,-0.197201053,-0.0868715418,-1.25826567,3.09713591,-13.4611365,1.32935841,0,0,0,13.8766582,0,0
11.14,11.16,0.0862595296,0.0142737475,-0.0985192598,-0.261092254,0.0479405453,-9.96880395,117.886398,-42.9635812,-0.533409873,-0.195276279,-0.0869862858,-1.26027109,3.06470411,-13.4839654,1.33016329,0,0,0,13.8916906,0,0
11.16,11.18,0.0834840471,0.0151006505,-0.0981603373,-0.26526937,0.0667889192,-9.98064524,117.947374,-43.2334859,-0.506802045,-0.193403039,-0.0870775411,-1.26226357,3.03300008,-13.5064622,1.33055201,0,0,0,13.9066164,0,0
11.18,11.2,0.079354412,0.0159059643,-0.098704943,-0.268136273,0.0849078325,-9.99190645,118.007723,-43.5038376,-0.480190484,-0.191600118,-0.0871495348,-1.26426146,3.00199822,-13.5286601,1.33053912,0,0,0,13.9214573,0,0
11.2,11.22,0.0751753015,0.0166939404,-0.100018358,-0.272247042,0.102736633,-10.0035783,118.067458,-43.77463,-0.453583081,-0.189879704,-0.0872059286,-1.26628096,2.97165514,-13.5505433,1.33013895,0,0,0,13.9361841,0,0
11.22,11.24,0.0715084371,0.0174670677,-0.102028756,-0.276339399,0.119605299,-10.0151357,118.126593,-44.0458571,-0.426987408,-0.188234903,-0.0872498832,-1.26833643,2.9419305,-13.5721216,1.32936978,0,0,0,13.9507943,0,0
11.24,11.26,0.0684666479,0.0182267209,-0.104659143,-0.280412989,0.134520504,-10.0264044,118.185139,-44.3175128,-0.400410635,-0.186652813,-0.0872841328,-1.27044065,2.91276874,-13.5934093,1.32825137,0,0,0,13.9652873,0,0
11.26,11.28,0.0652555917,0.0186034838,-0.107892187,-0.283286432,0.147680223,-10.0342326,118.243108,-44.5895917,-0.373859724,-0.185124037,-0.0873129295,-1.27260529,2.88412947,-13.6144439,1.32677258,0,0,0,13.9796856,0,0
11.28,11.3,0.0605676003,0.0178560639,-0.111623793,-0.286265202,0.158887429,-10.0393911,118.300508,-44.8620889,-0.34734226,-0.183670136,-0.0873556688,-1.27483818,2.85594214,-13.6352463,1.32492438,0,0,0,13.9939906,0,0
11.3,11.32,0.0557276527,0.0166015785,-0.115650392,-0.290582467,0.168957257,-10.0436209,118.357348,-45.1349997,-0.320864371,-0.182306463,-0.0874299782,-1.27714437,2.82814975,-13.6557979,1.32283792,0,0,0,14.0081815,0,0
11.32,11.34,0.0513469485,0.0152361236,-0.119819307,-0.295095665,0.176319846,-10.0455175,118.413636,-45.4083191,-0.294429557,-0.181028671,-0.0875422244,-1.27952651,2.80068962,-13.6761097,1.32062991,0,0,0,14.0222645,0,0
11.34,11.36,0.0475909722,0.0139686085,-0.124231843,-0.299774416,0.185067566,-10.0449655,118.469378,-45.6820422,-0.268039531,-0.179824874,-0.0876930992,-1.28198904,2.77359275,-13.6961702,1.31837267,0,0,0,14.0362388,0,0
11.36,11.38,0.0444139372,0.0129011728,-0.12877157,-0.303438924,0.190758319,-10.0423654,118.524581,-45.9561645,-0.24169451,-0.178682471,-0.0878801025,-1.28453584,2.74679476,-13.7160193,1.3161358,0,0,0,14.0501345,0,0
11.38,11.4,0.0417131905,0.0120752764,-0.133504028,-0.308246482,0.196934017,-10.0382657,118.579252,-46.2306813,-0.215393779,-0.177590292,-0.0880994078,-1.28717135,2.72029794,-13.7356354,1.31395055,0,0,0,14.0639314,0,0
11.4,11.42,0.0393620216,0.0114984329,-0.138251552,-0.311898699,0.19948014,-10.0332445,118.633395,-46.5055886,-0.189135895,-0.176539753,-0.0883464398,-1.28989858,2.694011,-13.755068,1.31185542,0,0,0,14.0776616,0,0
11.42,11.44,0.0372727664,0.0111596738,-0.142963836,-0.315526143,0.200310563,-10.0278548,118.687013,-46.7808828,-0.162918875,-0.175524673,-0.0886161842,-1.29271784,2.66789438,-13.7743308,1.30986301,0,0,0,14.0913303,0,0
11.44,11.46,0.0353753433,0.0110383883,-0.14771816,-0.320138964,0.202115421,-10.0225026,118.740112,-47.0565604,-0.136740771,-0.174540269,-0.088904124,-1.29563037,2.64196024,-13.793403,1.30796419,0,0,0,14.1049173,0,0
11.46,11.48,0.033603097,0.0111096718,-0.152392423,-0.324580813,0.201532213,-10.0175195,118.792692,-47.3326177,-0.110599687,-0.173583293,-0.0892060551,-1.29863657,2.61613983,-13.8123071,1.30616038,0,0,0,14.1184302,0,0
11.48,11.5,0.031920018,0.0109688797,-0.156905063,-0.327854887,0.199248936,-10.0106294,118.844758,-47.6090517,-0.0844939136,-0.172651736,-0.0895197263,-1.30173432,2.59038436,-13.8310828,1.30441661,0,0,0,14.1318947,0,0
11.5,11.52,0.030306053,0.00982961194,-0.161208019,-0.332165638,0.195877887,-10.0025573,118.896308,-47.88586,-0.0584229933,-0.171744482,-0.0898589531,-1.30491739,2.56464944,-13.8497268,1.30268759,0,0,0,14.1452944,0,0
11.52,11.54,0.0287517606,0.00829466976,-0.165272246,-0.335621043,0.191767542,-9.99417453,118.947344,-48.16304,-0.0323856806,-0.170860707,-0.0902367558,-1.30817897,2.53893146,-13.8682552,1.30107009,0,0,0,14.1586531,0,0
11.54,11.56,0.0272546735,0.00674428271,-0.16907969,-0.340154863,0.187130114,-9.98459126,118.997865,-48.4405892,-0.00637897917,-0.169999555,-0.0906558986,-1.31151358,2.51321932,-13.8866489,1.29963633,0,0,0,14.1719562,0,0
11.56,11.58,0.025815681,0.00537097552,-0.172619006,-0.343781769,0.18208977,-9.97388439,119.047872,-48.7185051,0.0196013257,-0.169160116,-0.0911136333,-1.31491643,2.48751175,-13.9049286,1.29843643,0,0,0,14.185228,0,0
11.58,11.6,0.024432331,0.00426130564,-0.175807948,-0.347386292,0.175797445,-9.96244491,119.097365,-48.9967856,0.0455602399,-0.168341498,-0.091604478,-1.3183826,2.46176823,-13.9231064,1.29750314,0,0,0,14.1984756,0,0
11.6,11.62,0.0231145944,0.0034426962,-0.178473572,-0.351867893,0.166227817,-9.95075608,119.146342,-49.2754286,0.0715033691,-0.167543148,-0.092121324,-1.32190397,2.43590155,-13.9411869,1.29685762,0,0,0,14.2116905,0,0
11.62,11.64,0.0218876475,0.00291014187,-0.180648727,-0.355368761,0.157225653,-9.93929018,119.194801,-49.5544325,0.0974364191,-0.166764121,-0.0926567868,-1.3254718,2.40992333,-13.9591899,1.29649506,0,0,0,14.2248942,0,0
11.64,11.66,0.0207667366,0.00264171468,-0.182257496,-0.359698942,0.146598163,-9.92846238,119.242738,-49.8337956,0.123364989,-0.166003306,-0.0932036087,-1.32907622,2.3837864,-13.9771116,1.29640525,0,0,0,14.238074,0,0
11.66,11.68,0.0197737094,0.00260744204,-0.183427155,-0.363955557,0.137839399,-9.91859181,119.290151,-50.1135162,0.14929423,-0.165259109,-0.0937552155,-1.3327081,2.35753776,-13.9949455,1.29655685,0,0,0,14.2512295,0,0
11.68,11.7,0.0189032642,0.00277448974,-0.18414606,-0.367191756,0.129115496,-9.909929,119.337039,-50.3935929,0.17522869,-0.164529644,-0.0943059599,-1.33635991,2.33116579,-14.0127161,1.29692513,0,0,0,14.2643809,0,0
11.7,11.72,0.0181566705,0.00311023502,-0.184247435,-0.370311452,0.11717028,-9.90267586,119.383397,-50.6740245,0.201172562,-0.163813529,-0.0948503756,-1.34002109,2.30458585,-14.0304448,1.29749139,0,0,0,14.2775342,0,0
11.72,11.74,0.0175529173,0.00358379872,-0.183817444,-0.373340222,0.106730274,-9.89693296,119.429221,-50.9548103,0.227129387,-0.163109056,-0.0953836621,-1.34368109,2.27782645,-14.0481279,1.298216,0,0,0,14.2906877,0,0
11.74,11.76,0.0170975871,0.0041669541,-0.182797826,-0.377115104,0.0949602344,-9.89273166,119.474508,-51.2359492,0.253102052,-0.162414475,-0.0959015435,-1.34732878,2.25084835,-14.0657584,1.29906815,0,0,0,14.3038267,0,0
11.76,11.78,0.016804669,0.00483447461,-0.181358447,-0.380802542,0.0857924682,-9.89005415,119.519254,-51.5174401,0.279092651,-0.161727643,-0.0964005316,-1.35095444,2.223719,-14.0833247,1.30000232,0,0,0,14.3169469,0,0
11.78,11.8,0.0166595436,0.00556429098,-0.179526229,-0.383545502,0.077310327,-9.88885753,119.563456,-51.7992818,0.30510246,-0.16104621,-0.0968780195,-1.35455074,2.19644587,-14.1008435,1.30098616,0,0,0,14.3300637,0,0
11.8,11.82,0.0166528463,0.00633754895,-0.177175334,-0.38700078,0.0663789773,-9.88908375,119.60711,-52.0814734,0.331132277,-0.160368423,-0.0973314858,-1.35810827,2.16896242,-14.1183121,1.30199693,0,0,0,14.3431632,0,0
11.82,11.84,0.0167921973,0.00713834158,-0.174401248,-0.389572973,0.0571371265,-9.89064159,119.650213,-52.364014,0.357182278,-0.159692375,-0.0977588452,-1.36161806,2.1413094,-14.1357392,1.30300073,0,0,0,14.3562578,0,0
11.84,11.86,0.0146566414,0.00795553616,-0.171147199,-0.392836656,0.0445404658,-9.89197845,119.692761,-52.6469026,0.383252129,-0.159028194,-0.0981582937,-1.365071,2.11341554,-14.1531225,1.3039805,0,0,0,14.3693342,0,0
11.86,11.88,0.00521749824,0.00879750115,-0.167285811,-0.395140886,0.0305842619,-9.89289481,119.734748,-52.9301387,0.409341295,-0.158486465,-0.0985281007,-1.36845683,2.08521531,-14.1704895,1.30493018,0,0,0,14.3824107,0,0
11.88,11.9,-0.00934547995,0.00967759771,-0.162557417,-0.397349855,0.0217514878,-9.89515843,119.776168,-53.213722,0.435449086,-0.15819642,-0.0988660015,-1.37176079,2.0567195,-14.1878334,1.30584282,0,0,0,14.3954832,0,0
11.9,11.92,-0.0257003555,0.0106002949,-0.156817674,-0.400289136,0.0182283674,-9.89858966,119.817015,-53.4976516,0.461574757,-0.158231914,-0.0991691924,-1.37496397,2.02794165,-14.2051305,1.30671825,0,0,0,14.4085319,0,0
11.92,11.94,-0.0411946736,0.0115581624,-0.15010645,-0.402522857,0.0183002364,-9.90227848,119.857284,-53.7819268,0.487717594,-0.158595195,-0.0994347663,-1.37804644,1.99889795,-14.222387,1.3075615,0,0,0,14.4215673,0,0
11.94,11.96,-0.0562137064,0.0125420608,-0.142490691,-0.405509398,0.0189991215,-9.90572851,119.896968,-54.0665467,0.513877057,-0.159280408,-0.0996600724,-1.38098968,1.9695444,-14.2395907,1.30838122,0,0,0,14.4345735,0,0
11.96,11.98,-0.068625337,0.0135396727,-0.134088453,-0.40778699,0.022451822,-9.90966626,119.936063,-54.3515101,0.54005269,-0.160256726,-0.0998427058,-1.38377675,1.93989687,-14.2567488,1.30917828,0,0,0,14.4475615,0,0
11.98,12,-0.0778568742,0.0145361301,-0.125097421,-0.410783206,0.0268627834,-9.9137253,119.974562,-54.6368161,0.566244003,-0.161465903,-0.0999807607,-1.38639397,1.90995446,-14.2738432,1.30994857,0,0,0,14.4605148,0,0
12,12.02,-0.085023708,0.0155186623,-0.115714986,-0.41307501,0.0304731371,-9.91742283,120.01246,-54.9224635,0.592450433,-0.162851413,-0.100072947,-1.38883175,1.87970086,-14.2908876,1.31069024,0,0,0,14.4734465,0,0
12.02,12.04,-0.0920452367,0.0164813382,-0.106022304,-0.415328293,0.0330219947,-9.92099928,120.049748,-55.2084513,0.618671416,-0.164398974,-0.100118412,-1.3910834,1.84909559,-14.3078856,1.31140256,0,0,0,14.4863564,0,0
12.04,12.06,-0.0976537077,0.017419973,-0.0961540433,-0.418208761,0.0383798579,-9.92522915,120.086421,-55.4947783,0.644906243,-0.166093123,-0.100116489,-1.39314368,1.81818606,-14.3248131,1.31207084,0,0,0,14.4992276,0,0
12.06,12.08,-0.101471563,0.0183306057,-0.086379752,-0.420370349,0.0473756383,-9.929775,120.122474,-55.7814433,0.67115383,-0.167900703,-0.100067248,-1.39501226,1.78705641,-14.341668,1.31267804,0,0,0,14.5120686,0,0
12.08,12.1,-0.103631399,0.0192107834,-0.0768256017,-0.423162142,0.0564925122,-9.93452144,120.157902,-56.0684444,0.697412904,-0.169786617,-0.0999712191,-1.3966919,1.75571635,-14.3584335,1.31321571,0,0,0,14.5248644,0,0
12.1,12.12,-0.104438464,0.0200599971,-0.0677433769,-0.425267326,0.0684418092,-9.93944168,120.192702,-56.3557799,0.723681866,-0.171719867,-0.0998296788,-1.39819009,1.72424362,-14.3751087,1.31366693,0,0,0,14.5376232,0,0
12.12,12.14,-0.104232666,0.0208791955,-0.0591835772,-0.427991753,0.0795587198,-9.94452789,120.226871,-56.643448,0.749958972,-0.17367599,-0.0996442043,-1.39951624,1.69263144,-14.3916801,1.31402594,0,0,0,14.5503306,0,0
12.14,12.16,-0.103312011,0.0216705997,-0.0513688698,-0.430066167,0.0937731707,-9.94977051,120.260407,-56.9314464,0.776242148,-0.175636379,-0.0994170336,-1.40068363,1.66096518,-14.4081457,1.31427468,0,0,0,14.5629937,0,0
12.16,12.18,-0.101930738,0.0224370179,-0.0442819245,-0.432755582,0.106658565,-9.955149,120.293309,-57.219773,0.802529215,-0.177588063,-0.0991505379,-1.40170626,1.62922655,-14.4244937,1.31441054,0,0,0,14.5755985,0,0
12.18,12.2,-0.100275651,0.0231818224,-0.0381988044,-0.434870558,0.12389229,-9.96064282,120.325576,-57.5084252,0.828817642,-0.179521913,-0.0988477508,-1.40260175,1.59754016,-14.4407161,1.31440931,0,0,0,14.5881489,0,0
12.2,12.22,-0.0985156489,0.0239085632,-0.0331220291,-0.437004111,0.14106188,-9.96621579,120.357211,-57.7974007,0.855104643,-0.181432219,-0.0985121732,-1.40339009,1.56590966,-14.4568102,1.31426724,0,0,0,14.6006416,0,0
12.22,12.24,-0.0967695804,0.0246206078,-0.0290689631,-0.439169735,0.158529824,-9.97184064,120.388213,-58.0866967,0.881387353,-0.183316112,-0.0981473823,-1.40409143,1.53434896,-14.4727715,1.31397944,0,0,0,14.6130724,0,0
12.24,12.26,-0.0951230877,0.0249160599,-0.0260442672,-0.441909447,0.176209131,-9.97457133,120.418585,-58.3763105,0.907662655,-0.185172778,-0.0977589895,-1.40472575,1.50286118,-14.4885881,1.31351063,0,0,0,14.625426,0,0
12.26,12.28,-0.0936370785,0.0239876964,-0.0240406458,-0.44426414,0.193989061,-9.97492001,120.448328,-58.6662393,0.933926304,-0.187003178,-0.0973694537,-1.40530981,1.47144951,-14.5042709,1.31283079,0,0,0,14.6377103,0,0
12.28,12.3,-0.0923535669,0.0225141943,-0.0230433045,-0.447478499,0.211788714,-9.97388102,120.477444,-58.9564802,0.960175278,-0.188809306,-0.0969998708,-1.40586028,1.44013717,-14.5197945,1.31206248,0,0,0,14.6499125,0,0
12.3,12.32,-0.0903940915,0.0209298612,-0.0230407161,-0.450379405,0.230503494,-9.97099301,120.505935,-59.24703,0.986408886,-0.19058921,-0.0966598948,-1.40639562,1.40896333,-14.5351573,1.31130696,0,0,0,14.6620428,0,0
12.32,12.34,-0.0863375217,0.0194618118,-0.0241140759,-0.45404296,0.250069082,-9.96619004,120.533804,-59.5378852,1.01262806,-0.192305829,-0.0963530607,-1.40693603,1.37798121,-14.5503376,1.3106293,0,0,0,14.6740896,0,0
12.34,12.36,-0.0820536278,0.0182184895,-0.0263180935,-0.457332505,0.267234083,-9.95889084,120.561055,-59.8290423,1.03883491,-0.193934396,-0.0960801359,-1.40750403,1.34718211,-14.5653477,1.31008016,0,0,0,14.6860669,0,0
12.36,12.38,-0.078433757,0.0172419974,-0.0296152332,-0.460695825,0.28303592,-9.95016698,120.587692,-60.120498,1.0650323,-0.195478473,-0.0958405763,-1.40812242,1.31655758,-14.5801905,1.3096872,0,0,0,14.6979781,0,0
12.38,12.4,-0.0757595362,0.0165380197,-0.0339392415,-0.464070723,0.298267872,-9.94077883,120.613718,-60.4122488,1.09122351,-0.196952698,-0.0956333052,-1.40881312,1.2861033,-14.5948701,1.30946189,0,0,0,14.7098262,0,0
12.4,12.42,-0.0740397283,0.0160929289,-0.039192502,-0.467910663,0.312792555,-9.93126554,120.639137,-60.7042916,1.1174119,-0.198374421,-0.0954571025,-1.40959634,1.25580099,-14.6093829,1.3094061,0,0,0,14.7216049,0,0
12.42,12.44,-0.0731746748,0.0158835652,-0.0452786104,-0.471169116,0.326678713,-9.92202906,120.663951,-60.9966231,1.14360085,-0.199760087,-0.0953108268,-1.41049034,1.22563163,-14.6237463,1.3095161,0,0,0,14.7333282,0,0
12.44,12.46,-0.0730358204,0.0158828158,-0.0520859104,-0.474323544,0.339558915,-9.91337036,120.688163,-61.2892405,1.16979359,-0.201123987,-0.0951934982,-1.41151124,1.19556106,-14.6379695,1.30978376,0,0,0,14.7450009,0,0
12.46,12.48,-0.0734969899,0.0160627722,-0.0595047174,-0.477836152,0.351259901,-9.90549544,120.711774,-61.5821409,1.19599316,-0.202478055,-0.0951042952,-1.41267282,1.16554802,-14.6520531,1.31019707,0,0,0,14.7566182,0,0
12.48,12.5,-0.0744504473,0.016396474,-0.0673938392,-0.480686611,0.361338427,-9.89854812,120.734785,-61.8753218,1.22220237,-0.203832065,-0.0950425539,-1.41398659,1.13553426,-14.6660194,1.31074723,0,0,0,14.7681963,0,0
12.5,12.52,-0.0757974285,0.0168587336,-0.0755831336,-0.483834736,0.368641608,-9.89263408,120.757195,-62.1687809,1.24842391,-0.205194172,-0.0950073894,-1.41546011,1.10544098,-14.679874,1.31142561,0,0,0,14.779734,0,0
12.52,12.54,-0.0774519387,0.0174267985,-0.0840920223,-0.486414651,0.376692645,-9.88779857,120.779002,-62.462516,1.27466007,-0.206570605,-0.0949983109,-1.4171003,1.07527314,-14.6936288,1.31220793,0,0,0,14.7912416,0,0
12.54,12.56,-0.0784336948,0.0180799746,-0.0927648074,-0.488357267,0.383020873,-9.8848756,120.800205,-62.7565255,1.30091286,-0.207961918,-0.0950148612,-1.4189119,1.04496829,-14.7073048,1.31308352,0,0,0,14.802735,0,0
12.56,12.58,-0.0772265435,0.018795965,-0.101675332,-0.491124264,0.389936069,-9.88362162,120.8208,-63.0508075,1.32718379,-0.20933147,-0.0950568963,-1.42089913,1.0145408,-14.7208854,1.3140199,0,0,0,14.8141961,0,0
12.58,12.6,-0.0756876353,0.0195539084,-0.110753715,-0.493272634,0.392021963,-9.88277493,120.840785,-63.3453604,1.35347399,-0.210654265,-0.0951246816,-1.42306629,0.98389367,-14.7343956,1.31500757,0,0,0,14.8256435,0,0
12.6,12.62,-0.0746724591,0.0203377664,-0.119893818,-0.495674088,0.391287642,-9.88292963,120.860154,-63.6401828,1.37978432,-0.211933321,-0.0952184194,-1.42541575,0.952959244,-14.7478385,1.31602953,0,0,0,14.8370753,0,0
12.62,12.64,-0.0744215939,0.0211358541,-0.12899288,-0.497479137,0.389028699,-9.88423231,120.878901,-63.9352736,1.40611529,-0.213182038,-0.0953381413,-1.42794772,0.921694732,-14.7612298,1.31706956,0,0,0,14.848505,0,0
12.64,12.66,-0.0749070437,0.0219399611,-0.137962536,-0.499146883,0.385876889,-9.88661934,120.89702,-64.2306317,1.43246712,-0.214415727,-0.0954836848,-1.4306605,0.890067468,-14.7745745,1.31811263,0,0,0,14.8599358,0,0
12.66,12.68,-0.0760062858,0.0227444495,-0.146664607,-0.501045873,0.38133365,-9.8899324,120.914501,-64.5262562,1.45883976,-0.215648165,-0.0956546351,-1.43355047,0.858019658,-14.7878711,1.31915263,0,0,0,14.8713649,0,0
12.68,12.7,-0.0775655153,0.0235453139,-0.15489375,-0.502367354,0.373688308,-9.89402593,120.931337,-64.8221463,1.48523325,-0.21689076,-0.0958497894,-1.43660987,0.825462164,-14.8011376,1.32019609,0,0,0,14.8828081,0,0
12.7,12.72,-0.0794317933,0.0243397481,-0.162620431,-0.503616283,0.366117559,-9.89876006,120.947516,-65.1183014,1.51164756,-0.218151849,-0.0960676768,-1.43982938,0.792379355,-14.8143732,1.32123525,0,0,0,14.8942667,0,0
12.72,12.74,-0.0814842842,0.0251256221,-0.169655642,-0.504731209,0.355595663,-9.90401166,120.963028,-65.414721,1.53808271,-0.219437376,-0.0963062845,-1.44319703,0.758680501,-14.8275852,1.32228135,0,0,0,14.9057475,0,0
12.74,12.76,-0.0836113391,0.0259011846,-0.175940409,-0.505804431,0.344154344,-9.9096891,120.977859,-65.7114047,1.56453886,-0.220751141,-0.0965631067,-1.44669856,0.724330713,-14.8407733,1.32333515,0,0,0,14.9172525,0,0
12.76,12.78,-0.0857265809,0.0266649507,-0.181433509,-0.50723624,0.331948054,-9.91570585,120.991997,-66.0083517,1.59101617,-0.222095085,-0.0968354073,-1.45031869,0.689300194,-14.8539281,1.32439693,0,0,0,14.9287757,0,0
12.78,12.8,-0.0877648467,0.027415626,-0.186129206,-0.508293586,0.319532645,-9.92199771,121.005427,-66.3055616,1.61751478,-0.223469679,-0.0971203503,-1.45404177,0.653575771,-14.8670532,1.32546626,0,0,0,14.9403244,0,0
12.8,12.82,-0.0896801687,0.0281520583,-0.190009014,-0.509360316,0.306636027,-9.92851734,121.018135,-66.6030336,1.64403487,-0.224874349,-0.097415007,-1.4578519,0.617137101,-14.8801445,1.32654423,0,0,0,14.9518988,0,0
12.82,12.84,-0.0904960501,0.028872368,-0.193069126,-0.510798947,0.294421098,-9.93592173,121.030107,-66.900767,1.67057659,-0.226303105,-0.0977163531,-1.46173294,0.57998455,-14.8931889,1.32762717,0,0,0,14.9634906,0,0
12.84,12.86,-0.0887028659,0.0291434444,-0.195399472,-0.511881367,0.282663189,-9.94073225,121.04133,-67.1987608,1.69713977,-0.227712653,-0.0980234741,-1.46566894,0.542135209,-14.9061886,1.32867396,0,0,0,14.9751042,0,0
12.86,12.88,-0.0862232437,0.0281127737,-0.19708534,-0.513161498,0.268322474,-9.94242666,121.051788,-67.4970142,1.72372304,-0.229072408,-0.0983532973,-1.46964196,0.503555332,-14.9191433,1.32965387,0,0,0,14.9867403,0,0
12.88,12.9,-0.0839543957,0.0264918685,-0.198202159,-0.515100743,0.253744214,-9.94278874,121.061467,-67.795526,1.75032627,-0.230380543,-0.0987214505,-1.47363549,0.464294385,-14.9320279,1.33068622,0,0,0,14.9983917,0,0
12.9,12.92,-0.0821776961,0.024737219,-0.198842391,-0.516587463,0.241202152,-9.94074993,121.070356,-68.0942948,1.77695145,-0.231645584,-0.0991321704,-1.47763832,0.424430011,-14.9448395,1.33186585,0,0,0,15.0100711,0,0
12.92,12.94,-0.0823280734,0.0230909122,-0.198858647,-0.518864195,0.225110281,-9.93537591,121.07844,-68.393319,1.80360252,-0.232885824,-0.0995827013,-1.48163914,0.383908251,-14.9575612,1.33328726,0,0,0,15.0217735,0,0
12.94,12.96,-0.0876477923,0.0216834927,-0.1981718,-0.520886097,0.208812395,-9.92672197,121.085707,-68.6925967,1.83028498,-0.23417924,-0.1000667,-1.48562657,0.342716072,-14.970194,1.33501713,0,0,0,15.0335103,0,0
12.96,12.98,-0.0968274086,0.0205799135,-0.196425161,-0.522903918,0.193656941,-9.91701112,121.092144,-68.9921261,1.8570057,-0.235625745,-0.100574944,-1.48958398,0.300807447,-14.9827345,1.33711666,0,0,0,15.0452882,0,0
12.98,13,-0.107511045,0.0197950836,-0.19361756,-0.525304683,0.183726137,-9.90613807,121.097736,-69.2919053,1.88377223,-0.237270513,-0.101097007,-1.4934921,0.258247676,-14.995167,1.33960737,0,0,0,15.0571004,0,0
13,13.02,-0.120359835,0.0193213949,-0.189580589,-0.527418864,0.172978669,-9.8941157,121.102469,-69.5919321,1.91059292,-0.239161436,-0.101621967,-1.49732963,0.214959933,-15.0074967,1.34253267,0,0,0,15.0689601,0,0
13.02,13.04,-0.132019762,0.0191321643,-0.184411561,-0.529860458,0.168454155,-9.88251535,121.10633,-69.8922043,1.93747639,-0.241308208,-0.102139111,-1.50107484,0.171022029,-15.0197098,1.34588671,0,0,0,15.0808601,0,0
13.04,13.06,-0.141217588,0.019186715,-0.178198031,-0.532027503,0.164599343,-9.87102314,121.109305,-70.1927197,1.96443129,-0.243673964,-0.102638454,-1.50470718,0.126423111,-15.0318098,1.34967332,0,0,0,15.0928098,0,0
13.06,13.08,-0.149727208,0.0194428121,-0.171260331,-0.534267671,0.161465924,-9.85871155,121.111382,-70.4934759,1.99146605,-0.246218194,-0.103111609,-1.5082106,0.0811983524,-15.0437931,1.35387226,0,0,0,15.1048096,0,0
13.08,13.1,-0.160886232,0.0198723132,-0.16364441,-0.536487086,0.157907428,-9.84628461,121.112548,-70.7944706,2.01858891,-0.248977296,-0.103551664,-1.51157288,0.0353037933,-15.0556583,1.3584782,0,0,0,15.1168633,0,0
13.1,13.12,-0.172477288,0.0204475826,-0.155361667,-0.538627256,0.158530943,-9.83490839,121.11279,-71.0957014,2.04580774,-0.251975628,-0.103952125,-1.51478158,-0.0112260375,-15.0674018,1.3634685,0,0,0,15.1289712,0,0
13.12,13.14,-0.185096748,0.0211435202,-0.146416105,-0.540978156,0.160378092,-9.8240293,121.112095,-71.3971658,2.07313018,-0.255236954,-0.104307004,-1.51782471,-0.0584200147,-15.0790156,1.36883709,0,0,0,15.1411307,0,0
13.14,13.16,-0.195901406,0.0219338727,-0.136876237,-0.542959726,0.166437089,-9.81453553,121.110449,-71.6988612,2.10056361,-0.258752714,-0.104610675,-1.52069053,-0.106240772,-15.0905013,1.37456431,0,0,0,15.1533477,0,0
13.16,13.18,-0.203942783,0.0227914144,-0.126923329,-0.545143464,0.174227942,-9.80581363,121.107841,-72.0007849,2.12811502,-0.26247597,-0.104858391,-1.52336987,-0.154669835,-15.101851,1.38063243,0,0,0,15.1656181,0,0
13.18,13.2,-0.209278016,0.023692614,-0.116759981,-0.547021485,0.182557459,-9.79771185,121.104259,-72.3029343,2.15579107,-0.266351893,-0.105046572,-1.52585738,-0.203696273,-15.113067,1.38702447,0,0,0,15.1779486,0,0
13.2,13.22,-0.21330546,0.0246195756,-0.106561267,-0.549116476,0.189891383,-9.78963155,121.099689,-72.6053066,2.18359806,-0.270335568,-0.105172784,-1.52815141,-0.253329153,-15.1241418,1.39372624,0,0,0,15.1903362,0,0
13.22,13.24,-0.218046692,0.0255629813,-0.0964384436,-0.550952171,0.197143932,-9.78170943,121.094121,-72.907899,2.21154212,-0.274429138,-0.105235418,-1.53025284,-0.303567484,-15.1350766,1.40072438,0,0,0,15.2027868,0,0
13.24,13.26,-0.221971087,0.0265169929,-0.0865863783,-0.552734004,0.209950003,-9.77482764,121.087543,-73.2107087,2.23962874,-0.278630584,-0.105233915,-1.53216595,-0.354305732,-15.1458675,1.40798118,0,0,0,15.2152965,0,0
13.26,13.28,-0.224541424,0.0274767152,-0.0771138941,-0.554504115,0.22388556,-9.76848459,121.079946,-73.5137327,2.26786301,-0.282916385,-0.10516838,-1.53389707,-0.405514111,-15.1565112,1.41548195,0,0,0,15.2278646,0,0
13.28,13.3,-0.225781855,0.0284397927,-0.0683859719,-0.556581091,0.242614441,-9.76247713,121.071321,-73.8169681,2.29624934,-0.287257946,-0.105040541,-1.5354579,-0.457060094,-15.1669993,1.4231824,0,0,0,15.2404796,0,0
13.3,13.32,-0.225955178,0.0294061753,-0.0605562408,-0.558476512,0.262630594,-9.75671008,121.061661,-74.1204117,2.32479152,-0.29162946,-0.104853669,-1.53686504,-0.508902031,-15.1773333,1.43106474,0,0,0,15.253143,0,0
13.32,13.34,-0.225365446,0.0303771549,-0.0537126243,-0.560635795,0.283119003,-9.75115294,121.050963,-74.4240603,2.35349305,-0.296010699,-0.104611875,-1.5381373,-0.561019574,-15.1875057,1.43911633,0,0,0,15.2658484,0,0
13.34,13.36,-0.224284554,0.0313547257,-0.0479083187,-0.562641511,0.303699453,-9.74579335,121.039219,-74.7279108,2.38235724,-0.300387145,-0.104319803,-1.53929462,-0.613398975,-15.1975177,1.44732763,0,0,0,15.2785981,0,0
13.36,13.38,-0.222932136,0.0323413729,-0.0432393314,-0.56495094,0.32542191,-9.74062122,121.026425,-75.0319599,2.41138709,-0.304749009,-0.103982782,-1.54035842,-0.666000919,-15.207362,1.45568061,0,0,0,15.2913839,0,0
13.38,13.4,-0.220499363,0.0333396538,-0.0397784751,-0.567145619,0.349160915,-9.73643858,121.012578,-75.3362042,2.44058528,-0.309085431,-0.103606845,-1.54135158,-0.718776168,-15.2170399,1.46415488,0,0,0,15.304205,0,0
13.4,13.42,-0.215582786,0.0343503609,-0.0377047442,-0.569489229,0.374916171,-9.73315281,120.997674,-75.6406403,2.46995386,-0.313350168,-0.103198988,-1.54229919,-0.771648027,-15.2265498,1.47271738,0,0,0,15.3170544,0,0
13.42,13.44,-0.210318785,0.0353731011,-0.0371513167,-0.57202931,0.398940962,-9.72951096,120.981711,-75.945265,2.49949443,-0.317512791,-0.102767619,-1.54322965,-0.824609834,-15.2358893,1.48135072,0,0,0,15.3299284,0,0
13.44,13.46,-0.205732993,0.0359625429,-0.0381008739,-0.574788905,0.421880538,-9.7226493,120.964689,-76.2500747,2.52920809,-0.321575249,-0.102323865,-1.54417152,-0.877678567,-15.2450552,1.49000771,0,0,0,15.3428208,0,0
13.46,13.48,-0.202163819,0.0352346782,-0.0404845732,-0.577561529,0.444389848,-9.71328928,120.946603,-76.5550661,2.55909456,-0.325553028,-0.101896669,-1.5451463,-0.930868074,-15.2540515,1.49864828,0,0,0,15.3557334,0,0
13.48,13.5,-0.199641428,0.0339412508,-0.044209965,-0.580812532,0.466619324,-9.70286504,120.927453,-76.8602355,2.58915476,-0.329465006,-0.101513112,-1.54617417,-0.984141865,-15.262864,1.50740212,0,0,0,15.3686634,0,0
13.5,13.52,-0.19707937,0.0325607192,-0.0491894423,-0.584085949,0.48961144,-9.69098477,120.907237,-77.1655794,2.61939211,-0.333324124,-0.101187663,-1.54727734,-1.03745546,-15.2714904,1.51637427,0,0,0,15.3816164,0,0
13.52,13.54,-0.192802033,0.0313400517,-0.0554864108,-0.587730997,0.513804218,-9.67747149,120.885955,-77.4710938,2.64981156,-0.337102228,-0.100928278,-1.54847993,-1.09073669,-15.2799265,1.52562295,0,0,0,15.3945895,0,0
13.54,13.56,-0.188747095,0.0303938471,-0.0631037882,-0.591509459,0.534787694,-9.66127296,120.863608,-77.7767751,2.68041922,-0.340782478,-0.100740209,-1.54980819,-1.14400657,-15.2881731,1.53520246,0,0,0,15.4075901,0,0
13.56,13.58,-0.185769257,0.0297637505,-0.0719138372,-0.595111062,0.553371736,-9.64379225,120.840195,-78.0826195,2.71122208,-0.344376761,-0.100627107,-1.55128759,-1.19730344,-15.2962366,1.54514767,0,0,0,15.4206313,0,0
13.58,13.6,-0.184066219,0.0294518349,-0.0817368553,-0.598614983,0.569863798,-9.62597433,120.815715,-78.3886234,2.74222769,-0.347906943,-0.10059139,-1.55294056,-1.2506761,-15.3041212,1.55547918,0,0,0,15.4337238,0,0
13.6,13.62,-0.182553399,0.0294392333,-0.092444637,-0.602000686,0.586548676,-9.60957879,120.790167,-78.6947832,2.7734438,-0.351390903,-0.100634845,-1.55478658,-1.30413896,-15.3118326,1.56619252,0,0,0,15.4468752,0,0
13.62,13.64,-0.179497062,0.0296926695,-0.104006524,-0.605428145,0.602988689,-9.59480008,120.763549,-79.0010956,2.80487777,-0.354805005,-0.10075933,-1.55684332,-1.35769639,-15.3193752,1.57726545,0,0,0,15.4600893,0,0
13.64,13.66,-0.17678532,0.0301731418,-0.1163141,-0.608521178,0.614618754,-9.58025674,120.735858,-79.3075571,2.83653678,-0.358136131,-0.100967236,-1.55912752,-1.41144851,-15.3267571,1.58869677,0,0,0,15.4733845,0,0
13.66,13.68,-0.1752024,0.030843414,-0.129122362,-0.611469393,0.621656571,-9.56704347,120.707089,-79.6141648,2.86842803,-0.361399033,-0.101260278,-1.56165159,-1.46551016,-15.3339804,1.60048502,0,0,0,15.4867759,0,0
13.68,13.7,-0.174876111,0.031670479,-0.142320095,-0.614078886,0.627851025,-9.55559016,120.677236,-79.9209153,2.90055835,-0.36461686,-0.101639895,-1.56442489,-1.51992189,-15.3410524,1.61260242,0,0,0,15.5002754,0,0
13.7,13.72,-0.17466987,0.0326250247,-0.155660663,-0.616473989,0.632288592,-9.5471628,120.646289,-80.2278058,2.93293426,-0.367807753,-0.102106803,-1.56745286,-1.57476726,-15.3479738,1.62503943,0,0,0,15.5138952,0,0
13.72,13.74,-0.172792043,0.0336747502,-0.169079592,-0.61853889,0.635733736,-9.54137421,120.614242,-80.5348333,2.96556185,-0.370947238,-0.102661113,-1.57073761,-1.6300799,-15.3547515,1.6377669,0,0,0,15.5276474,0,0
13.74,13.76,-0.171108403,0.0347902028,-0.182542626,-0.620460606,0.635062793,-9.53634755,120.581083,-80.8419949,2.99844676,-0.374020601,-0.10330324,-1.57428059,-1.68593955,-15.3613862,1.65076829,0,0,0,15.5415447,0,0
13.76,13.78,-0.170392093,0.0359499555,-0.195953082,-0.622318009,0.632168943,-9.53288895,120.5468,-81.1492878,3.03159426,-0.377040315,-0.104033529,-1.57808176,-1.74240554,-15.3678756,1.66402176,0,0,0,15.5555953,0,0
13.78,13.8,-0.17077692,0.0371389735,-0.209142778,-0.623909264,0.627407827,-9.53115322,120.511382,-81.456709,3.06500922,-0.380027227,-0.104851799,-1.58213874,-1.79954895,-15.3742179,1.6775172,0,0,0,15.5698111,0,0
13.8,13.82,-0.171107924,0.0383454386,-0.221890082,-0.625123342,0.620898988,-9.53220358,120.474813,-81.7642555,3.09869658,-0.382997187,-0.105756402,-1.58644466,-1.8574453,-15.3804118,1.69125367,0,0,0,15.584207,0,0
13.82,13.84,-0.169582727,0.0395513389,-0.23420519,-0.626320415,0.614859692,-9.53540603,120.437079,-82.0719244,3.13266074,-0.385922755,-0.106745351,-1.59099135,-1.91609779,-15.3864536,1.70520291,0,0,0,15.5987853,0,0
13.84,13.86,-0.168093929,0.0407409768,-0.245863676,-0.627252427,0.601450762,-9.53880942,120.398163,-82.3797126,3.16690634,-0.388786889,-0.107815818,-1.5957682,-1.97566727,-15.3923322,1.71939771,0,0,0,15.6135672,0,0
13.86,13.88,-0.167402994,0.0419067375,-0.256742971,-0.627955538,0.585375091,-9.54319979,120.358046,-82.6876166,3.20143828,-0.391600053,-0.108963788,-1.60076148,-2.03622125,-15.3980401,1.7338379,0,0,0,15.6285646,0,0
13.88,13.9,-0.167624729,0.0430460463,-0.266694961,-0.628544038,0.567429918,-9.54869605,120.316707,-82.9956329,3.23626152,-0.394380928,-0.11018417,-1.60595479,-2.09781773,-15.4035662,1.74852672,0,0,0,15.6437858,0,0
13.9,13.92,-0.167585222,0.0441576774,-0.275626115,-0.629158604,0.550045435,-9.55625246,120.274126,-83.3037579,3.27138097,-0.397142635,-0.111470928,-1.61132959,-2.16047208,-15.4088987,1.76345686,0,0,0,15.659233,0,0
13.92,13.94,-0.165471459,0.0452304653,-0.283550573,-0.629796602,0.532708891,-9.5652064,120.230281,-83.6119875,3.3068013,-0.399854792,-0.112817496,-1.61686631,-2.22418027,-15.4140289,1.77861445,0,0,0,15.6749077,0,0
13.94,13.96,-0.16319695,0.0462559507,-0.290519416,-0.630511287,0.512393551,-9.573745,120.185152,-83.9203176,3.34252707,-0.402497193,-0.114217632,-1.62254651,-2.28897877,-15.4189431,1.79399959,0,0,0,15.6908146,0,0
13.96,13.98,-0.161562373,0.0472344694,-0.29647519,-0.631158705,0.490471484,-9.58263534,120.138715,-84.2287437,3.37856281,-0.405077591,-0.115664918,-1.62835167,-2.35489983,-15.4236282,1.80961409,0,0,0,15.7069591,0,0
13.98,14,-0.160709858,0.0481704584,-0.301316298,-0.631891212,0.467457244,-9.59201744,120.090948,-84.5372611,3.41491321,-0.407612601,-0.117152076,-1.63426165,-2.42197264,-15.4280667,1.82546443,0,0,0,15.7233429,0,0
14,14.02,-0.159474573,0.0490682427,-0.305003464,-0.632678162,0.445872992,-9.60278567,120.041828,-84.8458646,3.45158293,-0.410113678,-0.118671085,-1.64025502,-2.49017996,-15.4322463,1.84154309,0,0,0,15.7399651,0,0
14.02,14.04,-0.156047684,0.0499202829,-0.307644059,-0.633548777,0.42587661,-9.61433464,119.991333,-85.1545492,3.4885763,-0.41254864,-0.12021392,-1.64631088,-2.55946886,-15.4361607,1.85782748,0,0,0,15.7568226,0,0
14.04,14.06,-0.152386633,0.0507222314,-0.309347058,-0.634635634,0.403895354,-9.62505767,119.939442,-85.4633092,3.52589739,-0.414895944,-0.121773431,-1.65241087,-2.62984127,-15.4397942,1.8743148,0,0,0,15.7739141,0,0
14.06,14.08,-0.149318978,0.051478783,-0.310099755,-0.635795038,0.381073986,-9.63570208,119.886133,-85.772139,3.56355025,-0.417162669,-0.123342598,-1.65853741,-2.70129948,-15.4431323,1.89100468,0,0,0,15.7912397,0,0
14.08,14.1,-0.145957979,0.0521965998,-0.309885945,-0.637023635,0.359839445,-9.64736125,119.831383,-86.0810324,3.60153887,-0.419359865,-0.124914026,-1.66467253,-2.77381067,-15.4461648,1.90788575,0,0,0,15.808797,0,0
14.1,14.12,-0.140578595,0.0528710665,-0.308849336,-0.638406967,0.340941846,-9.65956975,119.775174,-86.3899835,3.63986674,-0.421458124,-0.12648057,-1.67079934,-2.8472948,-15.4488896,1.92492587,0,0,0,15.8265795,0,0
14.12,14.14,-0.135170911,0.0535013656,-0.307139737,-0.639931208,0.320978444,-9.67088268,119.717485,-86.6989859,3.67853689,-0.423439689,-0.128036307,-1.67690417,-2.92172322,-15.4512977,1.94211247,0,0,0,15.8445849,0,0
14.14,14.16,-0.130548974,0.0540956007,-0.304867561,-0.641533515,0.302116919,-9.68200215,119.658299,-87.0080333,3.71755207,-0.425315395,-0.129576002,-1.68297528,-2.99703341,-15.4533875,1.95941942,0,0,0,15.8628093,0,0
14.16,14.18,-0.126866698,0.0546649949,-0.302131632,-0.64322856,0.286455798,-9.69305941,119.597598,-87.3171193,3.75691423,-0.427104394,-0.131095633,-1.68900405,-3.07314794,-15.4551586,1.97681751,0,0,0,15.881246,0,0
14.18,14.2,-0.122951236,0.0552187147,-0.298743607,-0.644947347,0.269894377,-9.70485039,119.535367,-87.6262373,3.79662558,-0.428821163,-0.132589951,-1.69497947,-3.15009004,-15.456594,1.99432646,0,0,0,15.8998963,0,0
14.2,14.22,-0.116956982,0.0557530342,-0.294988308,-0.646762426,0.258516202,-9.71694427,119.47159,-87.9353809,3.8366876,-0.430435303,-0.134054461,-1.70089252,-3.22771484,-15.4577097,2.01188778,0,0,0,15.9187507,0,0
14.22,14.24,-0.110892868,0.0562670009,-0.290896227,-0.648639205,0.24381722,-9.7280661,119.406254,-88.2445435,3.87710155,-0.431927522,-0.135485598,-1.70673654,-3.30604,-15.4584925,2.02951237,0,0,0,15.9378107,0,0
14.24,14.26,-0.10559935,0.0567676786,-0.286610401,-0.650560535,0.231420797,-9.73890557,119.339345,-88.5537184,3.91786827,-0.433307292,-0.136880814,-1.71250734,-3.38498726,-15.4589483,2.04716668,0,0,0,15.957071,0,0
14.26,14.28,-0.101250403,0.0572641593,-0.282033491,-0.652472083,0.218247424,-9.74965776,119.27085,-88.8628992,3.95898848,-0.434593571,-0.138237251,-1.7182002,-3.46455792,-15.4590677,2.0648561,0,0,0,15.9765317,0,0
14.28,14.3,-0.0966623047,0.0577636452,-0.277347015,-0.654449769,0.210477868,-9.76112901,119.200759,-89.172079,4.0004624,-0.435799923,-0.139552514,-1.72381157,-3.54462076,-15.4588699,2.08252576,0,0,0,15.9961842,0,0
14.3,14.32,-0.0900246688,0.0582612065,-0.272704445,-0.656473523,0.205870008,-9.77296636,119.129063,-89.4812519,4.04228909,-0.436895082,-0.140825721,-1.72934131,-3.62508545,-15.4583677,2.10013731,0,0,0,16.0160218,0,0
14.32,14.34,-0.0833939335,0.0587543489,-0.268079099,-0.658509437,0.197121043,-9.78401694,119.055753,-89.7904116,4.08446765,-0.437859953,-0.142056252,-1.73478994,-3.7059921,-15.457546,2.11770816,0,0,0,16.0360467,0,0
14.34,14.36,-0.0776231479,0.0592478825,-0.26360465,-0.660596646,0.190181499,-9.79495128,118.980821,-90.0995517,4.1269969,-0.438704954,-0.143244057,-1.74015925,-3.78726553,-15.4564165,2.13520048,0,0,0,16.0562534,0,0
14.36,14.38,-0.0719484327,0.0597474971,-0.259338984,-0.662650092,0.186405286,-9.80664555,118.90426,-90.4086663,4.16987492,-0.439444987,-0.144389896,-1.74545277,-3.86883004,-15.454993,2.15257747,0,0,0,16.0766366,0,0
14.38,14.4,-0.0648284834,0.0602494181,-0.25540303,-0.664781864,0.185159775,-9.81888424,118.826066,-90.7177496,4.21309894,-0.440058656,-0.145495201,-1.75067544,-3.95060371,-15.453291,2.16979788,0,0,0,16.097189,0,0
14.4,14.42,-0.0580590515,0.0607519971,-0.251874692,-0.666914568,0.182506745,-9.83065727,118.746235,-91.0267961,4.2566657,-0.440535201,-0.146562416,-1.7558344,-4.03257156,-15.4513118,2.18684844,0,0,0,16.1179085,0,0
14.42,14.44,-0.0523574963,0.0612593959,-0.248732531,-0.669025654,0.179733637,-9.84249685,118.664762,-91.3358002,4.30057165,-0.440889474,-0.147594196,-1.76093715,-4.11471655,-15.449057,2.20371491,0,0,0,16.1387923,0,0
14.44,14.46,-0.0478247302,0.0617771227,-0.245920961,-0.671115533,0.177462332,-9.85454999,118.581645,-91.6447565,4.34481298,-0.441143733,-0.148592868,-1.76599043,-4.19702033,-15.4465285,2.22038445,0,0,0,16.1598369,0,0
14.46,14.48,-0.0433632907,0.0623089711,-0.243390557,-0.673168775,0.177124617,-9.86749293,118.49688,-91.9536596,4.3893856,-0.441314815,-0.149560311,-1.77099995,-4.27944874,-15.4437324,2.23683847,0,0,0,16.1810383,0,0
14.48,14.5,-0.037302063,0.0628487525,-0.241210642,-0.675282424,0.178424623,-9.88106063,118.410466,-92.2625041,4.43428487,-0.441378911,-0.150498444,-1.77597145,-4.3619471,-15.4406809,2.25304683,0,0,0,16.2023896,0,0
14.5,14.52,-0.0314356198,0.0633920646,-0.239531835,-0.677457308,0.178678427,-9.89422661,118.322402,-92.5712851,4.4795057,-0.44132185,-0.151410105,-1.78091259,-4.44447988,-15.4373831,2.26898411,0,0,0,16.2238863,0,0
14.52,14.54,-0.0265186199,0.063940511,-0.238538575,-0.679660929,0.182062602,-9.9075061,118.232688,-92.879998,4.52504204,-0.441154819,-0.152300023,-1.78583497,-4.52695608,-15.4338645,2.28459785,0,0,0,16.2455191,0,0
14.54,14.56,-0.0227145805,0.0644976059,-0.238035623,-0.681791991,0.183601793,-9.92104561,118.141324,-93.1886382,4.57088756,-0.440897555,-0.153172649,-1.79074957,-4.60942155,-15.4301107,2.29990384,0,0,0,16.2672875,0,0
14.56,14.58,-0.0199079397,0.0650668365,-0.237964395,-0.683922286,0.18514104,-9.93485479,118.048311,-93.4972008,4.61703611,-0.440570285,-0.154031088,-1.79566441,-4.69186515,-15.4261237,2.31489256,0,0,0,16.2891871,0,0
14.58,14.6,-0.0179175272,0.0656510348,-0.238436265,-0.686070573,0.190032171,-9.94886286,117.95365,-93.8056817,4.66348085,-0.440189658,-0.154879194,-1.8005891,-4.77421249,-15.4219245,2.32952565,0,0,0,16.3112094,0,0
14.6,14.62,-0.0165839031,0.0662521864,-0.23924231,-0.688148926,0.192801126,-9.96300715,117.857343,-94.1140763,4.71021495,-0.439769171,-0.155720189,-1.80553186,-4.85652349,-15.4174929,2.34383117,0,0,0,16.3333539,0,0
14.62,14.64,-0.0157421397,0.0668713921,-0.240335934,-0.690241911,0.195160063,-9.97726312,117.759389,-94.4223798,4.75723195,-0.439319483,-0.156555955,-1.810498,-4.93879812,-15.4128263,2.35780863,0,0,0,16.3556169,0,0
14.64,14.66,-0.0152695865,0.0675090571,-0.241848817,-0.692362535,0.200487477,-9.99159078,117.659792,-94.7305879,4.80452486,-0.438847905,-0.157389263,-1.81549469,-5.02097059,-15.4079442,2.37142588,0,0,0,16.3779898,0,0
14.66,14.68,-0.0141140468,0.0681639271,-0.24359938,-0.694427433,0.20463706,-10.0066809,117.558551,-95.038696,4.85208675,-0.438355242,-0.158222428,-1.82052811,-5.10309082,-15.4028279,2.38470683,0,0,0,16.4004716,0,0
14.68,14.7,-0.0107039073,0.0688251415,-0.245666957,-0.696575266,0.20892059,-10.0223101,117.455668,-95.3466995,4.89991078,-0.437803209,-0.159057035,-1.82560279,-5.18513012,-15.397485,2.39763379,0,0,0,16.4230559,0,0
14.7,14.72,-0.00704375189,0.0694844692,-0.248259387,-0.698772285,0.212638738,-10.0374525,117.351146,-95.654594,4.94798954,-0.437166107,-0.159896506,-1.83072722,-5.26705685,-15.3919261,2.41018222,0,0,0,16.4457367,0,0
14.72,14.74,-0.00404079268,0.0701409524,-0.251204379,-0.700891139,0.212851907,-10.052694,117.244986,-95.962375,4.99631571,-0.436448148,-0.160744168,-1.83590964,-5.34894223,-15.3861261,2.42237722,0,0,0,16.4685145,0,0
14.74,14.76,0.00188418856,0.0707920992,-0.254383629,-0.702984372,0.216204545,-10.0708996,117.137189,-96.2700375,5.04488221,-0.43564558,-0.161601933,-1.84115523,-5.43076436,-15.3800911,2.43420038,0,0,0,16.4913837,0,0
14.76,14.78,0.0193828894,0.0713957035,-0.258192147,-0.705376286,0.226166863,-10.0930326,117.027757,-96.5775775,5.09368055,-0.434595058,-0.162472511,-1.84647092,-5.51234499,-15.373884,2.44554807,0,0,0,16.514326,0,0
14.78,14.8,0.0467358573,0.0713749706,-0.263289644,-0.707955541,0.230037239,-10.1111948,116.916697,-96.8849919,5.14270028,-0.43306879,-0.16336566,-1.85187313,-5.59363534,-15.3675339,2.45631059,0,0,0,16.537331,0,0
14.8,14.82,0.0788765219,0.0696709797,-0.270107568,-0.710758916,0.225058057,-10.1256334,116.804014,-97.192278,5.19192839,-0.430918098,-0.164315305,-1.85737933,-5.6746337,-15.3610566,2.46639766,0,0,0,16.5603939,0,0
14.82,14.84,0.111741762,0.0671461064,-0.278784433,-0.713772989,0.213323948,-10.139207,116.689714,-97.4994335,5.2413523,-0.428084688,-0.165355432,-1.86301327,-5.75524746,-15.3544756,2.47590709,0,0,0,16.5835132,0,0
14.84,14.86,0.14147663,0.0643593201,-0.289213921,-0.716692014,0.195695548,-10.1497066,116.573807,-97.8064565,5.2909614,-0.424585553,-0.166506041,-1.86880575,-5.83541459,-15.3478102,2.48493096,0,0,0,16.6066921,0,0
14.86,14.88,0.166302996,0.0616223046,-0.301053528,-0.719316866,0.175934545,-10.1579305,116.456301,-98.1133454,5.3407468,-0.420508289,-0.167777236,-1.87478726,-5.91508642,-15.3410798,2.49354238,0,0,0,16.6299348,0,0
14.88,14.9,0.188271196,0.0590898962,-0.314021442,-0.72173562,0.157368306,-10.1642988,116.337208,-98.4200995,5.39070053,-0.415915287,-0.169172009,-1.88098417,-5.99416979,-15.3343227,2.5017733,0,0,0,16.6532397,0,0
14.9,14.92,0.205112369,0.056838275,-0.327810565,-0.723768807,0.135388393,-10.1678478,116.216538,-98.7267182,5.44081557,-0.410883648,-0.170688943,-1.88741905,-6.07266558,-15.3275452,2.50968088,0,0,0,16.6766126,0,0
14.92,14.94,0.216654278,0.054907683,-0.341936661,-0.72537681,0.111855608,-10.1697716,116.094305,-99.0332011,5.49108598,-0.405515883,-0.1723225,-1.89410782,-6.15060634,-15.3207399,2.51732443,0,0,0,16.7000585,0,0
14.94,14.96,0.223711909,0.0533147552,-0.355827463,-0.726637491,0.0853849949,-10.1706684,115.970517,-99.3395474,5.54150728,-0.399908211,-0.174062227,-1.90105564,-6.22807024,-15.3138787,2.52477433,0,0,0,16.7235829,0,0
14.96,14.98,0.227340669,0.0520591613,-0.369172545,-0.727654512,0.0599517709,-10.1708705,115.845185,-99.645756,5.59207581,-0.394138491,-0.17589488,-1.90826033,-6.3050648,-15.3069613,2.53205877,0,0,0,16.7471856,0,0
14.98,15,0.228515356,0.0511292045,-0.381545965,-0.728513295,0.0315692804,-10.1706837,115.718317,-99.9518252,5.64278893,-0.388265711,-0.177804465,-1.9157113,-6.38167759,-15.2999513,2.53923198,0,0,0,16.7708682,0,0
15,15.02,0.228041419,0.0505047056,-0.392824903,-0.729303209,0.00467423986,-10.1703742,115.589921,-100.257753,5.69364434,-0.382331671,-0.179774248,-1.92339372,-6.457908,-15.2928499,2.54629862,0,0,0,16.7946262,0,0
15.02,15.04,0.226529768,0.0496278027,-0.402682025,-0.72992321,-0.0260398916,-10.1654991,115.460002,-100.563538,5.74464029,-0.376365735,-0.181788588,-1.93128552,-6.53387541,-15.2856096,2.55326211,0,0,0,16.8184582,0,0
15.04,15.06,0.224434244,0.0474241914,-0.411144621,-0.730667809,-0.0547747828,-10.1567183,115.328568,-100.869177,5.79577373,-0.370388392,-0.183853229,-1.9393546,-6.60957386,-15.2782371,2.56007831,0,0,0,16.8423572,0,0
15.06,15.08,0.22206747,0.0447822717,-0.417877213,-0.731796191,-0.0884528432,-10.1468196,115.195621,-101.174666,5.8470439,-0.364413521,-0.185971374,-1.94756548,-6.68506825,-15.2706708,2.56696292,0,0,0,16.8663221,0,0
15.08,15.1,0.219687307,0.0422514215,-0.422860683,-0.733235122,-0.122396533,-10.1341085,115.061166,-101.480002,5.89845359,-0.358448974,-0.188131703,-1.95588515,-6.76032123,-15.262904,2.57404881,0,0,0,16.8903495,0,0
15.1,15.12,0.216395714,0.0401015473,-0.426069898,-0.734908902,-0.158289358,-10.1186596,114.92521,-101.785181,5.95000784,-0.352503556,-0.190315979,-1.96428274,-6.83533564,-15.2549198,2.58143317,0,0,0,16.9144373,0,0
15.12,15.14,0.210698884,0.0384592564,-0.427394717,-0.736741072,-0.195015976,-10.1017503,114.787754,-102.090198,6.00171333,-0.346624759,-0.192502804,-1.9727273,-6.91014119,-15.2466956,2.58917769,0,0,0,16.9385838,0,0
15.14,15.16,0.204941375,0.0373531774,-0.426727507,-0.738867316,-0.229006787,-10.0846185,114.648805,-102.395047,6.05357742,-0.340842508,-0.194669346,-1.9811852,-6.98473431,-15.2382275,2.59729142,0,0,0,16.9627832,0,0
15.16,15.18,0.199131627,0.0367513271,-0.424086106,-0.741254305,-0.263399709,-10.0680718,114.508366,-102.699725,6.10560737,-0.335157884,-0.196793333,-1.98962159,-7.05914149,-15.2295016,2.60576276,0,0,0,16.9870303,0,0
15.18,15.2,0.191999045,0.0366087344,-0.419435545,-0.743840944,-0.298289323,-10.0532692,114.36644,-103.004225,6.15781016,-0.329600169,-0.198853942,-1.99800084,-7.13341378,-15.2204955,2.61456436,0,0,0,17.0113204,0,0
15.2,15.22,0.185735042,0.036861136,-0.412815256,-0.746708466,-0.329295112,-10.0407947,114.223031,-103.308543,6.21019168,-0.324180687,-0.200832061,-2.00628629,-7.20753676,-15.2112212,2.62362521,0,0,0,17.0356463,0,0
15.22,15.24,0.17994401,0.0374329789,-0.404327502,-0.749798832,-0.360719735,-10.0312557,114.07814,-103.612672,6.26275645,-0.318886399,-0.202710927,-2.01444186,-7.28153953,-15.2016704,2.63287908,0,0,0,17.0600016,0,0
15.24,15.26,0.17287763,0.0382672799,-0.393995615,-0.753032286,-0.392182526,-10.0252157,113.93177,-103.916608,6.31550771,-0.313743375,-0.204476098,-2.02243234,-7.35546852,-15.1918271,2.64225911,0,0,0,17.0843806,0,0
15.26,15.28,0.166958107,0.0393037885,-0.381958253,-0.756422402,-0.418414728,-10.0223811,113.783922,-104.220344,6.36844698,-0.308760218,-0.206115007,-2.03022233,-7.42927154,-15.1817296,2.6516587,0,0,0,17.108778,0,0
15.28,15.3,0.161808352,0.0404793076,-0.3685255,-0.759852893,-0.441282316,-10.023167,113.6346,-104.523876,6.42157345,-0.303917168,-0.207618523,-2.03778193,-7.50290041,-15.1714172,2.66097475,0,0,0,17.1331901,0,0
15.3,15.32,0.155598415,0.0417538183,-0.353556527,-0.763403431,-0.467474528,-10.027642,113.483806,-104.827199,6.47488518,-0.29923485,-0.208978861,-2.04508095,-7.57646202,-15.1608382,2.67016348,0,0,0,17.1576095,0,0
15.32,15.34,0.150697713,0.0430869313,-0.337306545,-0.766942907,-0.485822134,-10.0349327,113.331543,-105.130308,6.52837837,-0.294716858,-0.210189993,-2.05209089,-7.64985527,-15.1500628,2.6791111,0,0,0,17.1820349,0,0
15.34,15.36,0.146837678,0.0444378965,-0.319861276,-0.770500126,-0.505197879,-10.0454113,113.177813,-105.4332,6.58204763,-0.290339638,-0.21124753,-2.05878534,-7.72310622,-15.139085,2.68775663,0,0,0,17.206461,0,0
15.36,15.38,0.142408042,0.04578456,-0.301559305,-0.773793513,-0.52033134,-10.0588593,113.02262,-105.73587,6.63588603,-0.286112838,-0.212149281,-2.06514272,-7.7961321,-15.1279685,2.69600965,0,0,0,17.2308901,0,0
15.38,15.4,0.139341493,0.0471054347,-0.282661578,-0.776898282,-0.528680789,-10.0742406,112.86597,-106.038318,6.6898848,-0.282032168,-0.212895193,-2.07114691,-7.86882849,-15.1167893,2.70378011,0,0,0,17.255324,0,0
15.4,15.42,0.137141613,0.0483799806,-0.263429962,-0.779780096,-0.535017342,-10.0920237,112.707869,-106.340542,6.7440336,-0.278071893,-0.213487059,-2.07678707,-7.9411441,-15.105591,2.71100589,0,0,0,17.2797628,0,0
15.42,15.44,0.134082904,0.0496030664,-0.243962967,-0.782450444,-0.540340627,-10.1118861,112.548326,-106.642542,6.79832115,-0.274243153,-0.213927883,-2.0820561,-8.01307072,-15.0943901,2.71764742,0,0,0,17.3042054,0,0
15.44,15.46,0.132112199,0.0507686785,-0.224355341,-0.784962142,-0.540975121,-10.1327098,112.387349,-106.944318,6.85273526,-0.270544699,-0.214221121,-2.08694842,-8.08454946,-15.0832333,2.72365407,0,0,0,17.3286513,0,0
15.46,15.48,0.131855445,0.0518690117,-0.204780057,-0.787278472,-0.539176105,-10.1545772,112.224948,-107.245872,6.90726282,-0.26694832,-0.214370955,-2.09146129,-8.15553328,-15.072159,2.72898712,0,0,0,17.3530997,0,0
15.48,15.5,0.131969101,0.0529016343,-0.185532693,-0.789255854,-0.536561372,-10.1779926,112.061132,-107.547205,6.96189002,-0.263426552,-0.214382543,-2.09559619,-8.22595409,-15.0612205,2.73360963,0,0,0,17.3775518,0,0
15.5,15.52,0.130226065,0.0538751096,-0.166889885,-0.790874568,-0.52926588,-10.2025105,111.895914,-107.848322,7.01660218,-0.26000333,-0.214262762,-2.09936209,-8.2957166,-15.0504909,2.73748064,0,0,0,17.4020111,0,0
15.52,15.54,0.128948488,0.054793625,-0.148851439,-0.792359463,-0.517915775,-10.2269519,111.729308,-108.149226,7.0713841,-0.256689744,-0.214018388,-2.10276868,-8.36476679,-15.0400121,2.74057371,0,0,0,17.426475,0,0
15.54,15.56,0.128982928,0.0556566057,-0.131893082,-0.793486592,-0.498683932,-10.251673,111.561329,-108.449925,7.12621954,-0.253462816,-0.213657478,-2.10583184,-8.43292761,-15.0299105,2.74282902,0,0,0,17.450948,0,0
15.56,15.58,0.129216923,0.0564653905,-0.116217298,-0.794457505,-0.478856641,-10.2772124,111.391997,-108.750425,7.18109157,-0.250296433,-0.213189408,-2.10857411,-8.50015261,-15.0202227,2.74423309,0,0,0,17.4754256,0,0
15.58,15.6,0.127719154,0.0572270624,-0.101874645,-0.795337603,-0.458161923,-10.3031736,111.22133,-109.050737,7.23598317,-0.24720959,-0.212623865,-2.11102098,-8.56642363,-15.010966,2.74478335,0,0,0,17.4999015,0,0
15.6,15.62,0.126486592,0.0579454722,-0.0888625109,-0.796233189,-0.433468356,-10.328689,111.049347,-109.350867,7.29087713,-0.24421039,-0.211970113,-2.11319786,-8.63169045,-15.0021763,2.74446762,0,0,0,17.5243681,0,0
15.62,15.64,0.126226112,0.0580427195,-0.0773007563,-0.796894506,-0.406490785,-10.3486166,110.876069,-109.650827,7.34575582,-0.241279094,-0.211240135,-2.11513099,-8.6959165,-14.9938883,2.74323496,0,0,0,17.5488173,0,0
15.64,15.66,0.125633638,0.056392577,-0.067290741,-0.797603235,-0.380558557,-10.3638484,110.701517,-109.950626,7.4006002,-0.238397066,-0.210469665,-2.11684321,-8.75909761,-14.9861103,2.74106839,0,0,0,17.5732396,0,0
15.66,15.68,0.122537862,0.0540091903,-0.0587726831,-0.798628806,-0.35528114,-10.3771072,110.525712,-110.250275,7.45539383,-0.235598104,-0.209691477,-2.11835886,-8.82119148,-14.9788314,2.73819164,0,0,0,17.5976278,0,0
15.68,15.7,0.119414689,0.051527446,-0.0517575067,-0.799847074,-0.324720365,-10.3854274,110.348677,-110.549783,7.51012423,-0.232900043,-0.208921152,-2.11970586,-8.88208507,-14.972098,2.73477113,0,0,0,17.6219785,0,0
15.7,15.72,0.11718952,0.0492688262,-0.0462730136,-0.801206271,-0.292961244,-10.3893232,110.170437,-110.849162,7.56478194,-0.230285522,-0.208165097,-2.12091497,-8.94173381,-14.9659211,2.73094159,0,0,0,17.6462868,0,0
15.72,15.74,0.114818635,0.0473782929,-0.0423306357,-0.802661863,-0.263608916,-10.3901118,109.991016,-111.148424,7.61935985,-0.227733694,-0.20742511,-2.12201838,-9.00014682,-14.9602848,2.72680648,0,0,0,17.6705471,0,0
15.74,15.76,0.110419331,0.0459032495,-0.039844244,-0.804193316,-0.235624743,-10.3886878,109.810439,-111.447577,7.67385262,-0.225268796,-0.20670084,-2.12304823,-9.05735514,-14.9551661,2.72243404,0,0,0,17.6947541,0,0
15.76,15.78,0.106101951,0.044835433,-0.0387383107,-0.805826933,-0.204806197,-10.3857827,109.62873,-111.746634,7.72825577,-0.222902815,-0.205990898,-2.12403461,-9.11334536,-14.9505769,2.71784611,0,0,0,17.7189024,0,0
15.78,15.8,0.102632573,0.044137758,-0.0390148809,-0.807547544,-0.173714732,-10.3826875,109.445914,-112.045604,7.78256506,-0.220618617,-0.205294037,-2.12500696,-9.16813218,-14.9465137,2.71304785,0,0,0,17.7429859,0,0
15.8,15.82,0.0989097833,0.0431678416,-0.0406168182,-0.809095468,-0.146107599,-10.3746949,109.262013,-112.344498,7.83677607,-0.218398068,-0.204612395,-2.12599353,-9.22179914,-14.9429364,2.70799935,0,0,0,17.7669972,0,0
15.82,15.84,0.0930487009,0.04072156,-0.0433158451,-0.810713106,-0.122186644,-10.3624879,109.077048,-112.643324,7.89088314,-0.216270568,-0.203972485,-2.1270139,-9.27446393,-14.9397802,2.70267973,0,0,0,17.79093,0,0
15.84,15.86,0.087228084,0.037785965,-0.0470069251,-0.812648243,-0.0959778945,-10.349533,108.891041,-112.942092,7.94488268,-0.214252538,-0.203398008,-2.12808456,-9.32608742,-14.9370435,2.69727537,0,0,0,17.8147824,0,0
15.86,15.88,0.082260758,0.0349633138,-0.0516696278,-0.814701113,-0.0699564419,-10.3339251,108.704012,-113.240809,7.99877461,-0.212329348,-0.202896072,-2.1292248,-9.37666335,-14.9347132,2.69194125,0,0,0,17.8385544,0,0
15.88,15.9,0.0770678295,0.0325408938,-0.0572400518,-0.816768885,-0.0478900477,-10.3159873,108.515981,-113.539483,8.05256156,-0.210484141,-0.202465089,-2.13045496,-9.42624838,-14.9327447,2.68679297,0,0,0,17.8622474,0,0
15.9,15.92,0.0697738419,0.0306318954,-0.063517538,-0.818797746,-0.0291222981,-10.2965615,108.326968,-113.83812,8.10624807,-0.20874595,-0.202099129,-2.13179376,-9.47493496,-14.9310784,2.68190505,0,0,0,17.8858634,0,0
15.92,15.94,0.0625959216,0.0292520358,-0.0703106601,-0.820783238,-0.00935983776,-10.2767222,108.136989,-114.136728,8.15983964,-0.207130495,-0.20179014,-2.13325566,-9.52277235,-14.9296901,2.67729929,0,0,0,17.9094045,0,0
15.94,15.96,0.0563744601,0.0283648215,-0.0775294405,-0.822705061,0.00892873098,-10.2577069,107.946062,-114.43531,8.2133419,-0.20562292,-0.201529752,-2.13485234,-9.56983215,-14.9285451,2.67297182,0,0,0,17.9328727,0,0
15.96,15.98,0.0500362021,0.027909984,-0.0850342235,-0.824553311,0.0222339452,-10.2405005,107.754201,-114.733871,8.26676026,-0.204206335,-0.201310172,-2.13659344,-9.61624102,-14.9275733,2.66890993,0,0,0,17.9562696,0,0
15.98,16,0.0417188569,0.0278225716,-0.0925026759,-0.826321254,0.0297771564,-10.2256983,107.561416,-115.032413,8.32009997,-0.202910633,-0.201123778,-2.13848289,-9.66216725,-14.9266769,2.66509555,0,0,0,17.9795966,0,0
16,16.02,0.0336914491,0.0280364042,-0.09988428,-0.828053931,0.0405791227,-10.2136491,107.367717,-115.330938,8.37336529,-0.201751262,-0.200963674,-2.14052112,-9.70762896,-14.9258611,2.66146399,0,0,0,18.0028548,0,0
