time_s,external_roll_target_deg,external_pitch_target_deg,command_airspeed_mps,north_m,east_m,down_m,u_mps,v_mps,w_mps,p_deg_s,q_deg_s,r_deg_s,roll_deg,pitch_deg,yaw_deg,alpha_deg,beta_deg,airspeed_mps,altitude_m,protocol_throttle_pwm_us,protocol_aileron_left_pwm_us,protocol_aileron_right_pwm_us,protocol_elevator_pwm_us,protocol_rudder_pwm_us,protocol_timestamp_s,protocol_frame_count,protocol_frame_rate_hz,protocol_valid,throttle_actual,aileron_left_actual_deg,aileron_right_actual_deg,elevator_actual_deg,rudder_actual_deg
0,0,0,13,0,0,-120,12.999693909385,0,0.0892090931365611,0,0,0,0,0.393180357480759,0,0.393180357480759,0,13,120,980,1500,1500,1500,1500,0.02,1,50,1,0.399236183899769,0,0,0.0364700877860353,0
0.02,0,0,13,0.259999975977793,0,-120.000005479156,12.9996940973622,0,0.0886816100545261,0,0.00549534396646527,0,0,0.39320839764644,0,0.390855594047542,0,12.9999965789594,120.000005479156,980,1500,1500,1500,1500,0.04,2,50,1,0,0,0,0.0231254955891254,0
0.04,0,0,13,0.519942042573989,0,-120.000019898274,12.9939097770519,0,0.0883726789811242,0,0.0265637835830874,0,0,0.39351201620503,0,0.38966743270048,0,12.9942102886076,120.000019898274,980,1500,1500,1500,1500,0.06,3,50,1,0,0,0,0.0130593864395896,0
0.06,0,0,13,0.779768399535458,0,-120.000039064804,12.988125309721,0,0.0883713684059862,0,0.0546932451742857,0,0,0.394319217846175,0,0.389835190709027,0,12.9884259461941,120.000039064804,980,1500,1500,1500,1500,0.08,4,50,1,0,0,0,0.00737487218473864,0
0.08,0,0,13,1.03947910205325,0,-120.000059557835,12.9823423757505,0,0.0886521950577712,0,0.0842944331238647,0,0,0.395710219220824,0,0.391248168047645,0,12.98264506073,120.000059557835,980,1500,1500,1500,1500,0.1,5,50,1,0,0,0,0.00416472397021286,0
0.1,0,0,13,1.29907423043108,0,-120.000078743201,12.9765622352072,0,0.0891786363182146,0,0.112272072763782,0,0,0.397680535193009,0,0.393746737758754,0,12.9768686620995,120.000078743201,980,1500,1500,1500,1500,0.12,6,50,1,0,0,0,0.00235189509913931,0
0.12,0,0,13,1.55855388191233,0,-120.000094621154,12.9707858242005,0,0.0899107888536919,0,0.136981509601663,0,0,0.400179512276919,0,0.397156062605273,0,12.9710974418988,120.000094621154,980,1500,1500,1500,1500,0.14,7,50,1,0,0,0,0.0013281577835452,0
0.14,0,0,13,1.81791816498006,0,-120.000105694822,12.9650138370868,0,0.0908095090491851,0,0.157628197478558,0,0,0.403132817585203,0,0.401304355842817,0,12.9653318570249,120.000105694822,980,1500,1500,1500,1500,0.16,8,50,1,0,0,0,0.000750034769253634,0
0.16,0,0,13,2.07716719548729,0,-120.000110857041,12.9592467950557,0,0.0918385469958436,0,0.173918921406113,0,0,0.406455657828819,0,0.40603232096123,0,12.9595722079811,120.000110857041,980,1500,1500,1500,1500,0.18,9,50,1,0,0,0,0.000423558226333435,0
0.18,0,0,13,2.33630109417383,0,-120.000109293678,12.9534851024321,0,0.0929655360727751,0,0.18585673091463,0,0,0.410060585956445,0,0.41119755538142,0,12.953818699126,120.000109293678,980,1500,1500,1500,1500,0.2,10,50,1,0,0,0,0.000239191006135955,0
0.2,0,0,13,2.59531998524788,0,-120.000100401786,12.9477290922507,0,0.0941623320113564,0,0.19361846041965,0,0,0.41386210375622,0,0.416676087647982,0,12.9480714854021,120.000100401786,980,1500,1500,1500,1500,0.22,11,50,1,0,0,0,0.000135075495786243,0
0.22,0,0,13,2.85422399578929,0,-120.00008372107,12.9419790626372,0,0.0954049861491942,0,0.197480177777253,0,0,0.417779334728228,0,0.422362299447399,0,12.9423307085363,120.00008372107,980,1500,1500,1500,1500,0.24,12,50,1,0,0,0,7.6279580309674e-05,0
0.24,0,0,13,3.1130132557841,0,-120.000058877264,12.9362353053912,0,0.0966735182411545,0,0.1977708403554,0,0,0.421737511169126,0,0.428167959754155,0,12.9365965248043,120.000058877264,980,1500,1500,1500,1500,0.26,13,50,1,0,0,0,4.30764613400192e-05,0
0.26,0,0,13,3.37168789863772,0,-120.000025536057,12.9304981280063,0,0.0979515857058285,0,0.194842875356626,0,0,0.425668716943573,0,0.434020797566962,0,12.930869125914,120.000025536057,980,1500,1500,1500,1500,0.28,14,50,1,0,0,0,2.43260583506755e-05,0
0.28,0,0,13,3.6302480620421,0,-119.999983366303,12.9247678702031,0,0.0992261065482841,0,0.189053172498267,0,0,0.429512153735775,0,0.439862865528909,0,12.9251487542254,119.999983366303,980,1500,1500,1500,1500,0.3,15,50,1,0,0,0,1.37373659876446e-05,0
0.3,0,0,13,3.88869388909475,0,-119.999932011334,12.9190449159008,0,0.100486869994267,0,0.18075068117151,0,0,0.433214097784796,0,0.445648844720379,0,12.9194357133005,119.999932011334,980,1500,1500,1500,1500,0.32,16,50,1,0,0,0,7.75773952187593e-06,0
0.32,0,0,13,4.14702552958542,0,-119.99987106724,12.9133297014256,0,0.101726155078229,0,0.170268342308302,0,0,0.436727654688946,0,0.451344380256504,0,12.9137303746186,119.99987106724,980,1500,1500,1500,1500,0.34,17,50,1,0,0,0,4.38093609381915e-06,0
0.34,0,0,13,4.40524314138192,0,-119.99980006711,12.9076227206381,0,0.102938369074006,0,0.15791796556865,0,0,0.440012384039433,0,0.45692450056051,0,12.908033181169,119.99980006711,980,1500,1500,1500,1500,0.36,18,50,1,0,0,0,2.47399400353756e-06,0
0.36,0,0,13,4.66334689185916,0,-119.999718470295,12.9019245275662,0,0.104119712486402,0,0.143987171518463,0,0,0.443033843379304,0,0.462372150409893,0,12.9023446485335,119.999718470295,980,1500,1500,1500,1500,0.38,19,50,1,0,0,0,1.39710924753619e-06,0
0.38,0,0,13,4.92133695932723,0,-119.999625655834,12.8962357370425,0,0.105267874047291,0,0.128737817546421,0,0,0.445763086613189,0,0.467676853409047,0,12.8966653639876,119.999625655834,980,1500,1500,1500,1500,0.4,20,50,1,0,0,0,7.88972910508309e-07,0
0.4,0,0,13,5.17921353442366,0,-119.999520919311,12.8905570237718,0,0.106381757041429,0,0.11240550622587,0,0,0.448176142307488,0,0.472833510179902,0,12.8909959840714,119.999520919311,980,1500,1500,1500,1500,0.42,21,50,1,0,0,0,4.45547300337248e-07,0
0.42,0,0,13,5.43697682144339,0,-119.999403472454,12.8848891201908,0,0.107461236894897,0,0.0951998868083409,0,0,0.450253490494655,0,0.477841332392036,0,12.8853372310175,119.999403472454,980,1500,1500,1500,1500,0.44,22,50,1,0,0,0,2.51608634712078e-07,0
0.44,0,0,13,5.69462703958727,0,-119.999272444902,12.8792328134247,0,0.108506949038753,0,0.0773055333203473,0,0,0.451979551583496,0,0.482702908658829,0,12.8796898883625,119.999272444902,980,1500,1500,1500,1500,0.46,23,50,1,0,0,0,1.42087955675541e-07,0
0.46,0,0,13,5.95216442411558,0,-119.999126887627,12.8735889415994,0,0.109520105458045,0,0.0588832325256815,0,0,0.453342197172493,0,0.487423395630256,0,12.874054796014,119.999126887627,980,1500,1500,1500,1500,0.48,24,50,1,0,0,0,8.02396434890131e-08,0
0.48,0,0,13,6.20958922739814,0,-119.998965777587,12.8679583897207,0,0.110502337955439,0,0.0400715509435778,0,0,0.454332289604891,0,0.492009825893136,0,12.8684328450001,119.998965777587,980,1500,1500,1500,1500,0.5,25,50,1,0,0,0,4.53127807816876e-08,0
0.5,0,0,13,6.46690171985696,0,-119.998788023229,12.8623420852995,0,0.111455565936685,0,0.0209885773453017,0,0,0.454943254771504,0,0.496470523270905,0,12.8628249720831,119.998788023229,980,1500,1500,1500,1500,0.52,26,50,1,0,0,0,2.55889484659839e-08,0
0.52,0,0,13,6.72410219080014,0,-119.998592470549,12.8567409938658,0,0.112381886419306,0,0.0017337586342705,0,0,0.455170690818125,0,0.500814615610187,0,12.8572321543847,119.998592470549,980,1500,1500,1500,1500,0.54,27,50,1,0,0,0,1.44505429218637e-08,0
0.54,0,0,13,6.98119094914888,0,-119.998377909445,12.851156114488,0,0.113283483945861,0,-0.0176102355458345,0,0,0.455012013952535,0,0.505051635017287,0,12.8516554041368,119.998377909445,980,1500,1500,1500,1500,0.56,28,50,1,0,0,0,8.16048346082741e-09,0
0.56,0,0,13,7.23816832406116,0,-119.998143080171,12.8455884753877,0,0.114162558126366,0,-0.0369756697186257,0,0,0.454466141401453,0,0.509191195665437,0,12.8460957636432,119.998143080171,980,1500,1500,1500,1500,0.58,29,50,1,0,0,0,4.60837289467384e-09,0
0.58,0,0,13,7.49503466545712,0,-119.99788667972,12.8400391297198,0,0.115021266623753,0,-0.0563079592258179,0,0,0.453533210686633,0,0.513242739657353,0,12.8405543005165,119.99788667972,980,1500,1500,1500,1500,0.6,30,50,1,0,0,0,2.60243168659167e-09,0
0.6,0,0,13,7.75179034445251,0,-119.997607368017,12.8345091515703,0,0.115861681518035,0,-0.0755639748105625,0,0,0.45221433372811,0,0.517215341937987,0,12.8350321032316,119.997607368017,980,1500,1500,1500,1500,0.62,31,50,1,0,0,0,1.46964033470553e-09,0
0.62,0,0,13,8.00843575370683,0,-119.997303773826,12.8289996322059,0,0.116685757128486,0,-0.0947104549636429,0,0,0.450511383805019,0,0.521117565862126,0,12.8295302770233,119.997303773826,980,1500,1500,1500,1500,0.64,32,50,1,0,0,0,8.29932529841763e-10,0
0.64,0,0,13,8.26497130769348,0,-119.996974500309,12.8235116765999,0,0.117495307529987,0,-0.113722538953111,0,0,0.448426813079104,0,0.524957361692834,0,12.8240499401393,119.996974500309,980,1500,1500,1500,1500,0.66,33,50,1,0,0,0,4.68677939645389e-10,0
0.66,0,0,13,8.52139744289932,0,-119.996618130188,12.8180464002456,0,0.118291992163107,0,-0.132582427807701,0,0,0.445963498186103,0,0.528742001009719,0,12.818592220453,119.996618130188,980,1500,1500,1500,1500,0.68,34,50,1,0,0,0,2.6467092590301e-10,0
0.68,0,0,13,8.77771461796064,0,-119.996233230485,12.8126049262606,0,0.119077308101946,0,-0.151278175969773,0,0,0.443124611302021,0,0.532478040716868,0,12.8131582524271,119.996233230485,980,1500,1500,1500,1500,0.7,35,50,1,0,0,0,1.49464468226002e-10,0
0.7,0,0,13,9.03392331374281,0,-119.995818356834,12.8071883827786,0,0.119852587705344,0,-0.169802612728896,0,0,0.439913514074495,0,0.536171311040625,0,12.8077491744162,119.995818356834,980,1500,1500,1500,1500,0.72,36,50,1,0,0,0,8.44052938034765e-11,0
0.72,0,0,13,9.29002403337024,0,-119.995372057362,12.801797900619,0,0.120619000532487,0,-0.188152389761232,0,0,0.436333671856374,0,0.539826922583213,0,12.8023661262901,119.995372057362,980,1500,1500,1500,1500,0.74,37,50,1,0,0,0,4.76651990042124e-11,0
0.74,0,0,13,9.54601730221276,0,-119.994892876155,12.7964346112214,0,0.121377558551015,0,-0.206327149013523,0,0,0.432388585774051,0,0.543449288139258,0,12.7970102473579,119.994892876155,980,1500,1500,1500,1500,0.76,38,50,1,0,0,0,2.69174016667849e-11,0
0.76,0,0,13,9.80190366783443,0,-119.994379356318,12.7910996448286,0,0.122129123802897,0,-0.224328803676288,0,0,0.428081740294163,0,0.547042155581379,0,12.7916826745669,119.994379356318,980,1500,1500,1500,1500,0.78,39,50,1,0,0,0,1.52007445185953e-11,0
0.78,0,0,13,10.0576836999099,0,-119.993830042665,12.7857941288994,0,0.122874417819578,0,-0.242160923991897,0,0,0.423416564108106,0,0.550608648673694,0,12.7863845409542,119.993830042665,980,1500,1500,1500,1500,0.8,40,50,1,0,0,0,8.58413589766088e-12,0
0.8,0,0,13,10.3133579901134,0,-119.993243484055,12.780519186733,0,0.123614032192715,0,-0.259828219053106,0,0,0.418396402325457,0,0.554151313175651,0,12.7811169743261,119.993243484055,980,1500,1500,1500,1500,0.82,41,50,1,0,0,0,4.84761710318644e-12,0
0.82,0,0,13,10.5689271519839,0,-119.992618235404,12.7752759362832,0,0.124348439810088,0,-0.277336105489767,0,0,0.413024498147287,0,0.557672166052477,0,12.7758810961381,119.992618235404,980,1500,1500,1500,1500,0.84,42,50,1,0,0,0,2.73753722672414e-12,0
0.84,0,0,13,10.8243918207717,0,-119.991952859412,12.7700654891444,0,0.12507800635815,0,-0.294690353948536,0,0,0.407303982372789,0,0.561172746013023,0,12.770678020556,119.991952859412,980,1500,1500,1500,1500,0.86,43,50,1,0,0,0,1.54593688160199e-12,0
0.86,0,0,13,11.0797526532674,0,-119.991245928021,12.7648889496898,0,0.125803001773526,0,-0.31189680448399,0,0,0.401237869272656,0,0.564654163952575,0,12.7655088536716,119.991245928021,980,1500,1500,1500,1500,0.88,44,50,1,0,0,0,8.73018572520805e-13,0
0.88,0,0,13,11.3350103276194,0,-119.990496023646,12.7597474143412,0,0.126523611396253,0,-0.328961142349365,0,0,0.39482905753683,0,0.568117152189514,0,12.760374692854,119.990496023646,980,1500,1500,1500,1500,0.9,45,50,1,0,0,0,4.93009408751844e-13,0
0.9,0,0,13,11.5901655431386,0,-119.989701740193,12.7546419709568,0,0.127239946638153,0,-0.345888726158304,0,0,0.388080335169791,0,0.571562111653416,0,12.7552766262168,119.989701740193,980,1500,1500,1500,1500,0.92,46,50,1,0,0,0,2.78411347442497e-13,0
0.92,0,0,13,11.8452190200961,0,-119.988861683907,12.7495736983167,0,0.127952055031463,0,-0.362684460949636,0,0,0.380994387361638,0,0.574989156411468,0,12.7502157321826,119.988861683907,980,1500,1500,1500,1500,0.940000000000001,47,50,1,0,0,0,1.57223933273377e-13,0
0.94,0,0,13,12.1001714995125,0,-119.987974474064,12.7445436656943,0,0.128659929566211,0,-0.379352709295383,0,0,0.373573806506518,0,0.578398155113274,0,12.7451930791285,119.987974474064,980,1500,1500,1500,1500,0.960000000000001,48,50,1,0,0,0,8.87872043328145e-14,0
0.96,0,0,13,12.3550237429426,0,-119.987038743524,12.7395529324985,0,0.129363517260928,0,-0.395897234223695,0,0,0.365821103670912,0,0.581788769094875,0,12.7402097250999,119.987038743524,980,1500,1500,1500,1500,0.980000000000001,49,50,1,0,0,0,5.01397432891461e-14,0
0.98,0,0,13,12.6097765322554,0,-119.986053139186,12.7346025479746,0,0.130062726940646,0,-0.412321168363565,0,0,0.357738720932433,0,0.585160487014321,0,12.7352667175769,119.986053139186,980,1500,1500,1500,1500,1,50,50,1,0,0,0,2.83148216681978e-14,0
1,0,0,13,12.8644306694107,0,-119.985016322345,12.7296935509543,0,0.130757436219775,0,-0.428627004341766,0,0,0.349329044115448,0,0.588512655997019,0,12.7303650932852,119.985016322345,980,1500,1500,1500,1500,1.02,51,50,1,0,0,0,1.59898929174492e-14,0
1.02,0,0,13,13.1189869762331,0,-119.983926968968,12.7248269696437,0,0.131447497705905,0,-0.444816602062804,0,0,0.340594415543116,0,0.591844509352371,0,12.7255058780397,119.983926968968,980,1500,1500,1500,1500,1.04,52,50,1,0,0,0,9.0297822994471e-15,0
1.04,0,0,13,13.3734462941838,0,-119.982783769924,12.7200038214419,0,0.132132744454714,0,-0.460891209071066,0,0,0.331537146507146,0,0.595155190987038,0,12.720690086613,119.982783769924,980,1500,1500,1500,1500,1.06,53,50,1,0,0,0,5.09928170228267e-15,0
1.06,0,0,13,13.6278094841311,0,-119.98158543115,12.7152251127838,0,0.132812994716479,0,-0.476851490725051,0,0,0.322159529227142,0,0.598443776687275,0,12.7159187226222,119.98158543115,980,1500,1500,1500,1500,1.08,54,50,1,0,0,0,2.8796567865016e-15,0
1.08,0,0,13,13.8820774261194,0,-119.98033067379,12.7104918389994,0,0.133488056021865,0,-0.492697567402491,0,0,0.312463848131914,0,0.601709292475793,0,12.7111927784284,119.98033067379,980,1500,1500,1500,1500,1.1,55,50,1,0,0,0,1.62619437250008e-15,0
1.1,0,0,13,14.1362510191367,0,-119.979018234303,12.7058049841857,0,0.134157728659196,0,-0.50842905640063,0,0,0.302452390346192,0,0.604950730269774,0,12.7065132350428,119.979018234303,980,1500,1500,1500,1500,1.12,56,50,1,0,0,0,9.18341432057833e-16,0
1.12,0,0,13,14.3903311808819,0,-119.977646864554,12.7011655210874,0,0.13482180859778,0,-0.524045116597012,0,0,0.292127455308807,0,0.608167061078183,0,12.7018810620369,119.977646864554,980,1500,1500,1500,1500,1.14,57,50,1,0,0,0,5.18604048873615e-16,0
1.14,0,0,13,14.6443188475299,0,-119.976215331886,12.6965744109812,0,0.135480089912458,0,-0.539544494293723,0,0,0.281491363483477,0,0.611357245980167,0,12.6972972174532,119.976215331886,980,1500,1500,1500,1500,1.16,58,50,1,0,0,0,2.92865104545528e-16,0
1.16,0,0,13,14.8982149734973,0,-119.974722419189,12.6920326035632,0,0.136132366763808,0,-0.554925568983273,0,0,0.270546464151624,0,0.614520245123714,0,12.6927626477135,119.974722419189,980,1500,1500,1500,1500,1.18,59,50,1,0,0,0,1.65386231840557e-16,0
1.18,0,0,13,15.1520205312056,0,-119.973166924965,12.6875410368357,0,0.136778434986591,0,-0.570186398049517,0,0,0.259295142299093,0,0.617655024976389,0,12.6882782875246,119.973166924965,980,1500,1500,1500,1500,1.2,60,50,1,0,0,0,9.3396602250939e-17,0
1.2,0,0,13,15.4057365108445,0,-119.971547663387,12.6831006369925,0,0.137418093336424,0,-0.585324759654534,0,0,0.247739824625918,0,0.620760564048954,0,12.6838450597781,119.971547663387,980,1500,1500,1500,1500,1.22,61,50,1,0,0,0,5.2742753825056e-17,0
1.22,0,0,13,15.6593639201327,0,-119.96986346437,12.6787123183011,0,0.138051144441493,0,-0.60033819326519,0,0,0.2358829847212,0,0.623835857299082,0,12.6794638754453,119.96986346437,980,1500,1500,1500,1500,1.24,62,50,1,0,0,0,2.97847888896032e-17,0
1.24,0,0,13,15.9129037840793,0,-119.968113173636,12.6743769829815,0,0.138677395502579,0,-0.615224037444116,0,0,0.223727147454309,0,0.626879919407147,0,12.6751356334658,119.968113173636,980,1500,1500,1500,1500,1.26,63,50,1,0,0,0,1.68200100461343e-17,0
1.26,0,0,13,16.1663571447415,0,-119.966295652791,12.670095521081,0,0.13929665878095,0,-0.629979464672134,0,0,0.211274892639663,0,0.629891787099771,0,12.67086122063,119.966295652791,980,1500,1500,1500,1500,1.28,64,50,1,0,0,0,9.49856448540458e-18,0
1.28,0,0,13,16.4197250609832,0,-119.964409779406,12.6658688103449,0,0.139908751909821,0,-0.644601513085826,0,0,0.198528858035812,0,0.632870520680121,0,12.6666415114555,119.964409779406,980,1500,1500,1500,1500,1.3,65,50,1,0,0,0,5.36401149796727e-18,0
1.3,0,0,13,16.6730086082299,0,-119.962454447105,12.6616977160819,0,0.140513498061339,0,-0.659087115107877,0,0,0.185491741740856,0,0.635815204907351,0,12.6624773680576,119.962454447105,980,1500,1500,1500,1500,1.32,66,50,1,0,0,0,3.02915449956011e-18,0
1.32,0,0,13,16.9262088782232,0,-119.960428565656,12.6575830910267,0,0.141110725997328,0,-0.673433123021888,0,0,0.17216630404596,0,0.638724949351314,0,12.6583696400143,119.960428565656,980,1500,1500,1500,1500,1.34,67,50,1,0,0,0,1.71061844026294e-18,0
1.34,0,0,13,17.1793269787731,0,-119.958331061076,12.6535257751979,0,0.141700270028536,0,-0.687636331600237,0,0,0.158555368807063,0,0.641598888333192,0,12.654319164227,119.958331061076,980,1500,1500,1500,1500,1.36,68,50,1,0,0,0,9.66017233057128e-19,0
1.36,0,0,13,17.4323640335082,0,-119.956160875736,12.6495265957528,0,0.1422819699038,0,-0.701693497935633,0,0,0.144661824392266,0,0.644436180547982,0,12.6503267647764,119.956160875736,980,1500,1500,1500,1500,1.38,69,50,1,0,0,0,5.45527437679153e-19,0
1.38,0,0,13,17.6853211816244,0,-119.953916968474,12.6455863668391,0,0.142855670647489,0,-0.715601358656649,0,0,0.130488624259072,0,0.647236008451195,0,12.6463932527746,119.953916968474,980,1500,1500,1500,1500,1.4,70,50,1,0,0,0,3.08069230109876e-19,0
1.4,0,0,13,17.9381995776311,0,-119.951598314711,12.6417058894436,0,0.143421222360752,0,-0.729356644726696,0,0,0.116038787211828,0,0.649997577479576,0,12.6425194262148,119.951598314711,980,1500,1500,1500,1500,1.42,71,50,1,0,0,0,1.73972277076025e-19,0
1.42,0,0,13,18.1910003910955,0,-119.949203906578,12.6378859512403,0,0.14397847999955,0,-0.74295609403644,0,0,0.101315397385599,0,0.652720115164267,0,12.6387060698182,119.949203906578,980,1500,1500,1500,1500,1.44,72,50,1,0,0,0,9.82452975917866e-20,0
1.44,0,0,13,18.4437248063851,0,-119.946732753034,12.6341273264351,0,0.144527303140165,0,-0.756396462003293,0,0,0.0863216039984881,0,0.65540287018463,0,12.6349539548795,119.946732753034,980,1500,1500,1500,1500,1.46,73,50,1,0,0,0,5.54808999521271e-20,0
1.46,0,0,13,18.6963740224073,0,-119.944183880004,12.6304307756111,0,0.145067555740836,0,-0.769674530389649,0,0,0.0710606209101235,0,0.658045111401807,0,12.631263839111,119.944183880004,980,1500,1500,1500,1500,1.48,74,50,1,0,0,0,3.13310696282656e-20,0
1.48,0,0,13,18.9489492523476,0,-119.941556330504,12.6267970455729,0,0.145599105906376,0,-0.782787114545287,0,0,0.0555357260198731,0,0.66064612690312,0,12.627636466486,119.941556330504,980,1500,1500,1500,1500,1.5,75,50,1,0,0,0,1.76932228009685e-20,0
1.5,0,0,13,19.2014517234052,0,-119.938849164774,12.6232268691906,0,0.146121825661092,0,-0.795731069269908,0,0,0.0397502605343308,0,0.66320522308141,0,12.6240725670835,119.938849164774,980,1500,1500,1500,1500,1.52,76,50,1,0,0,0,9.9916835524278e-21,0
1.52,0,0,13,19.4538826765263,0,-119.936061460417,12.6197209652452,0,0.146635590733966,0,-0.80850329347997,0,0,0.023707628129803,0,0.665721723767399,0,12.6205728569316,119.936061460417,980,1500,1500,1500,1500,1.54,77,50,1,0,0,0,5.64248477142284e-21,0
1.54,0,0,13,19.7062433661358,0,-119.933192312527,12.616280038274,0,0.147140280358939,0,-0.821100733850666,0,0,0.00741129403198042,0,0.668194969428036,0,12.6171380378537,119.933192312527,980,1500,1500,1500,1500,1.56,78,50,1,0,0,0,3.18641340357529e-21,0
1.56,0,0,13,19.9585350598662,0,-119.930240833825,12.6129047784177,0,0.147635777092164,0,-0.833520387589618,0,0,-0.00913521596829801,0,0.670624316439465,0,12.6137687973147,119.930240833825,980,1500,1500,1500,1500,1.58,79,50,1,0,0,0,1.79942539320739e-21,0
1.58,0,0,13,20.2107590382844,0,-119.927206154795,12.60959586127,0,0.148121966647317,0,-0.845759304484183,0,0,-0.0259283165472667,0,0.67300913643968,0,12.6104658082705,119.927206154795,980,1500,1500,1500,1500,1.6,80,50,1,0,0,0,1.01616812874515e-21,0
1.6,0,0,13,20.4629165946172,0,-119.924087423811,12.6063539477276,0,0.148598737749406,0,-0.857814588349648,0,0,-0.0429643639152102,0,0.675348815762989,0,12.6072297290185,119.924087423811,980,1500,1500,1500,1500,1.62,81,50,1,0,0,0,5.738485573091e-22,0
1.62,0,0,13,20.7150090344736,0,-119.920883807271,12.6031796838445,0,0.149065982006997,0,-0.869683397991235,0,0,-0.0602396569073658,0,0.67764275495605,0,12.6040612030513,119.920883807271,980,1500,1500,1500,1500,1.64,82,50,1,0,0,0,3.24062679600457e-22,0
1.64,0,0,13,20.9670376755656,0,-119.917594489724,12.6000737006874,0,0.149523593802369,0,-0.881362947779102,0,0,-0.0777504380900411,0,0.67989036837343,0,12.600960858913,119.917594489724,980,1500,1500,1500,1500,1.66,83,50,1,0,0,0,1.83004067836772e-22,0
1.66,0,0,13,21.2190038474276,0,-119.914218673994,12.5970366141947,0,0.149971470198824,0,-0.892850507922548,0,0,-0.095492894875091,0,0.68209108384918,0,12.5979293100587,119.914218673994,980,1500,1500,1500,1500,1.68,84,50,1,0,0,0,1.03345713508562e-22,0
1.68,0,0,13,21.4709088911323,0,-119.910755581307,12.5940690250387,0,0.150409510864114,0,-0.904143404517511,0,0,-0.113463160637498,0,0.684244342439924,0,12.5949671547169,119.910755581307,980,1500,1500,1500,1500,1.7,85,50,1,0,0,0,5.83611972501073e-23,0
1.7,0,0,13,21.7227541590064,0,-119.907204451405,12.5911715184907,0,0.150837618008838,0,-0.915239019430303,0,0,-0.131657315832167,0,0.686349598234221,0,12.5920749757559,119.907204451405,980,1500,1500,1500,1500,1.72,86,50,1,0,0,0,3.2957625709205e-23,0
1.72,0,0,13,21.9745410143433,0,-119.90356454267,12.5883446642901,0,0.151255696338536,0,-0.926134790070391,0,0,-0.150071389107209,0,0.68840631822251,0,12.5892533405535,119.90356454267,980,1500,1500,1500,1500,1.74,87,50,1,0,0,0,1.86117684963369e-23,0
1.74,0,0,13,22.2262708311145,0,-119.899835132232,12.5855890165164,0,0.151663653018166,0,-0.936828209095873,0,0,-0.168701358411936,0,0.690413982221724,0,12.5865028008698,119.899835132232,980,1500,1500,1500,1500,1.76,88,50,1,0,0,0,1.05104029524945e-23,0
1.76,0,0,13,22.4779449936791,0,-119.896015516081,12.5829051134654,0,0.152061397647647,0,-0.947316824087169,0,0,-0.187543152098601,0,0.692372082848589,0,12.5838238927255,119.896015516081,980,1500,1500,1500,1500,1.78,89,50,1,0,0,0,5.93541501687752e-24,0
1.78,0,0,13,22.729564896492,0,-119.892105009177,12.5802934775297,0,0.152448842247174,0,-0.957598237217238,0,0,-0.206592650017531,0,0.694280125535697,0,12.5812171362822,119.892105009177,980,1500,1500,1500,1500,1.8,90,50,1,0,0,0,3.35183642166773e-24,0
1.8,0,0,13,22.9811319438097,0,-119.888102945546,12.577754615082,0,0.152825901251038,0,-0.967670104940373,0,0,-0.225845684605817,0,0.696137628584675,0,12.5786830357279,119.888102945546,980,1500,1500,1500,1500,1.82,91,50,1,0,0,0,1.89284276932141e-24,0
1.82,0,0,13,23.2326475493953,0,-119.884008678385,12.5752890163633,0,0.153192491508773,0,-0.97753013771619,0,0,-0.245298041970114,0,0.697944123250971,0,12.5762220791668,119.884008678385,980,1500,1500,1500,1500,1.84,92,50,1,0,0,0,1.06892261394715e-24,0
1.84,0,0,13,23.4841131362215,0,-119.879821580152,12.572897155375,0,0.153548532292506,0,-0.987176099780779,0,0,-0.264945462964373,0,0.699699153855194,0,12.5738347385118,119.879821580152,980,1500,1500,1500,1500,1.86,93,50,1,0,0,0,6.0363997111986e-25,0
1.86,0,0,13,23.7355301361727,0,-119.875541042665,12.5705794897751,0,0.153893945309478,0,-0.996605808973102,0,0,-0.284783644263534,0,0.701402277916223,0,12.571521469383,119.875541042665,980,1500,1500,1500,1500,1.88,94,50,1,0,0,0,3.40886430859625e-25,0
1.88,0,0,13,23.9868999897452,0,-119.871166477181,12.5683364607785,0,0.15422865471879,0,-1.00581713662142,0,0,-0.304808239434346,0,0.703053066301773,0,12.569282711009,119.871166477181,980,1500,1500,1500,1500,1.9,95,50,1,0,0,0,1.92504745052975e-25,0
1.9,0,0,13,24.238224145746,0,-119.866697314485,12.5661684930615,0,0.154552587151519,0,-1.01480800749187,0,0,-0.325014860004539,0,0.704651103392428,0,12.5671188861332,119.866697314485,980,1500,1500,1500,1500,1.92,96,50,1,0,0,0,1.08710918103899e-25,0
1.92,0,0,13,24.4895040609913,0,-119.862133004969,12.5640759946709,0,0.154865671733437,0,-1.02357639979922,0,0,-0.345399076531581,0,0.70619598725562,0,12.5650304009242,119.862133004969,980,1500,1500,1500,1500,1.94,97,50,1,0,0,0,6.13910255133729e-26,0
1.94,0,0,13,24.7407412000025,0,-119.857473018707,12.5620593569373,0,0.155167840109643,0,-1.03212034527792,0,0,-0.365956419672263,0,0.70768732982636,0,12.5630176448901,119.857473018707,980,1500,1500,1500,1500,1.96,98,50,1,0,0,0,3.46686246360424e-26,0
1.96,0,0,13,24.9919370347022,0,-119.852716845527,12.5601189543918,0,0.155459026470513,0,-1.04043792931056,0,0,-0.38668238125429,0,0.70912475709193,0,12.5610809907979,119.852716845527,980,1500,1500,1500,1500,1.98,99,50,1,0,0,0,1.95780005970578e-26,0
1.98,0,0,13,25.2430930441082,0,-119.84786399508,12.558255144689,0,0.155739167578455,0,-1.0485272911096,0,0,-0.407572415350972,0,0.710507909278098,0,12.5592207945965,119.84786399508,980,1500,1500,1500,1500,2,100,50,1,0,0,0,1.10560517298373e-26,0
2,0,0,13,25.4942107140273,0,-119.842913996905,12.5564682685319,0,0.156008202795003,0,-1.05638662394764,0,0,-0.428621939360045,0,0.711836441034726,0,12.5574373953442,119.842913996905,980,1500,1500,1500,1500,2.02,101,50,1,0,0,0,6.24355276969433e-27,0
2.02,0,0,13,25.7452915367479,0,-119.837866400485,12.5547586496036,0,0.15626607410787,0,-1.06401417543123,0,0,-0.449826335087551,0,0.71311002161896,0,12.5557311151407,119.837866400485,980,1500,1500,1500,1500,2.04,102,50,1,0,0,0,3.52584739475813e-27,0
2.04,0,0,13,25.9963370107309,0,-119.832720775312,12.5531265945011,0,0.15651272615765,0,-1.07140824781258,0,0,-0.471180949837567,0,0.714328335074458,0,12.5541022590634,119.832720775312,980,1500,1500,1500,1500,2.06,103,50,1,0,0,0,1.99110991925376e-27,0
2.06,0,0,13,26.2473486403016,0,-119.827476710932,12.5515723926756,0,0.15674810626388,0,-1.07856719833392,0,0,-0.492681097508521,0,0.71549108040536,0,12.5525511151078,119.827476710932,980,1500,1500,1500,1500,2.08,104,50,1,0,0,0,1.124415854312e-27,0
2.08,0,0,13,26.4983279353386,0,-119.822133817,12.5500963163752,0,0.156972164450259,0,-1.08548943959889,0,0,-0.514322059696656,0,0.716597971743931,0,12.5510779541324,119.822133817,980,1500,1500,1500,1500,2.1,105,50,1,0,0,0,6.34978009602825e-28,0
2.1,0,0,13,26.749276410964,0,-119.816691723323,12.5486986205937,0,0.157184853468829,0,-1.09217343996583,0,0,-0.536099086807169,0,0.717648738510998,0,12.549683029808,119.816691723323,980,1500,1500,1500,1500,2.12,106,50,1,0,0,0,3.58583589099132e-28,0
2.12,0,0,13,27.0001955872317,0,-119.8111500799,12.5473795430225,0,0.157386128822991,0,-1.09861772395774,0,0,-0.55800739917337,0,0.718643125568479,0,12.5483665785713,119.8111500799,980,1500,1500,1500,1500,2.14,107,50,1,0,0,0,2.02498651018864e-28,0
2.14,0,0,13,27.2510869888157,0,-119.805508556967,12.5461393040077,0,0.157575948789245,0,-1.1048208726843,0,0,-0.58004218818419,0,0.719580893363457,0,12.5471288195828,119.805508556967,980,1500,1500,1500,1500,2.16,108,50,1,0,0,0,1.14354657912477e-28,0
2.16,0,0,13,27.5019521446973,0,-119.799766845025,12.5449781065115,0,0.157754274437565,0,-1.11078152427138,0,0,-0.602198617420193,0,0.720461818063367,0,12.5459699546888,119.799766845025,980,1500,1500,1500,1500,2.18,109,50,1,0,0,0,6.4578147659174e-29,0
2.18,0,0,13,27.7527925878527,0,-119.793924654873,12.5438961360772,0,0.157921069650359,0,-1.11649837429389,0,0,-0.624471823798229,0,0.721285691681983,0,12.5448901683886,119.793924654873,980,1410,1410,1410,1410,2.2,110,50,1,0,0,0,3.64684502688285e-29,0
2.2,0,0,13,28.0036098549395,0,-119.787981717638,12.5428935608002,0,0.158076301139974,0,-1.12197017620836,0,0,-0.646856918724743,0,0.722052322195994,0,12.5438896278047,119.787981717638,980,1410,1410,1410,1410,2.22,111,50,1,0,0,0,2.05943947483462e-29,0
2.22,0,0,13,28.2544054859831,0,-119.781937784797,12.5419705313014,0,0.158219938464731,0,-1.12719574178169,0,0,-0.669348989257706,0,0.722761533652015,0,12.5429684826584,119.781937784797,1396,1410,1410,1410,1410,2.24,112,50,1,0,0,0,1.16300279261725e-29,0
2.24,0,0,13,28.5051810240629,0,-119.775792628198,12.5411271807069,0,0.158351954043463,0,-1.13217394151302,0,0,-0.691943099277053,0,0.723413166263954,0,12.5421268652496,119.775792628198,1397,1410,1410,1410,1410,2.26,113,50,1,0.452173913043478,0,0,6.56768752936593e-30,0
2.26,0,0,13,28.7560337889054,0,-119.769545768635,12.5499392221804,0,0.158337304737485,0,-1.13670041678497,0,0,-0.714633107234838,0,0.722838400143126,0,12.5509380200244,119.769545768635,1397,1410,1410,1410,1410,2.28,114,50,1,0.453260869565217,0,0,3.70889216751731e-30,0
2.28,0,0,13,29.0070602573817,0,-119.763200090048,12.5587444904073,0,0.158063692790181,0,-1.1401946372776,0,0,-0.73740420085732,0,0.721083572342334,0,12.5597391416507,119.763200090048,1396,1410,1410,1410,1410,2.3,115,50,1,0.453260869565217,0,0,2.09447861956966e-30,0
2.3,0,0,13,29.2582609898828,0,-119.756759992573,12.5676109589734,0,0.157563446833975,0,-1.14219802185335,0,0,-0.760230926361598,0,0.718294637054563,0,12.5685986273684,119.756759992573,1395,1410,1410,1410,1410,2.32,116,50,1,0.452173913043478,0,0,1.18279003262878e-30,0
2.32,0,0,13,29.5096364255273,0,-119.750229384686,12.5764585003307,0,0.156867115648119,0,-1.14237672179707,0,0,-0.783079932370952,0,0.714617522326934,0,12.5774367699667,119.750229384686,1394,1410,1410,1410,1410,2.34,117,50,1,0.451086956521739,0,0,6.67942965955623e-31,0
2.34,0,0,13,29.7611861941319,0,-119.743611740622,12.5852862310802,0,0.156004107817329,0,-1.14050633992354,0,0,-0.805912313895328,0,0.710187995316551,0,12.586253088186,119.743611740622,1393,1410,1410,1410,1410,2.36,118,50,1,0.45,0,0,3.77199497342752e-31,0
2.36,0,0,13,30.0129099005463,0,-119.736910151215,12.5940924332517,0,0.155001363176227,0,-1.1364542768247,0,0,-0.828685624228147,0,0.705130251166177,0,12.5950462341301,119.736910151215,1392,1410,1410,1410,1410,2.38,119,50,1,0.448913043478261,0,0,2.1301139176167e-31,0
2.38,0,0,13,30.2648071187741,0,-119.730127386194,12.6028755975714,0,0.153883308172446,0,-1.13016365843703,0,0,-0.851355547280647,0,0.699556692660986,0,12.603815033568,119.730127386194,1391,1410,1410,1410,1410,2.4,120,50,1,0.447826086956522,0,0,1.20291393121909e-31,0
2.4,0,0,13,30.5168773960093,0,-119.723265950132,12.611634379254,0,0.152671860409878,0,-1.12163897109064,0,0,-0.873877265627921,0,0.693567996322689,0,12.6125584404174,119.723265950132,1390,1410,1410,1410,1410,2.42,121,50,1,0.446739130434783,0,0,6.79307296175016e-32,0
2.42,0,0,13,30.769120255858,0,-119.716328132369,12.6203675670233,0,0.151386485370534,0,-1.11093335467834,0,0,-0.89620655793853,0,0.687253414182345,0,12.6212755058562,119.716328132369,1389,1410,1410,1410,1410,2.44,122,50,1,0.445652173913043,0,0,3.83617140562124e-32,0
2.44,0,0,13,31.0215352009189,0,-119.709316051076,12.6290740554724,0,0.150044293327533,0,-1.09813748175042,0,0,-0.918300658264328,0,0.680691256206781,0,12.6299653518356,119.709316051076,1388,1410,1410,1410,1410,2.46,123,50,1,0.444565217391304,0,0,2.16635551188229e-32,0
2.46,0,0,13,31.2741217147978,0,-119.702231691726,12.6377528207899,0,0.148660166179162,0,-1.08336993187787,0,0,-0.940118908028245,0,0.673949505913933,0,12.6386271487212,119.702231691726,1387,1410,1410,1410,1410,2.48,124,50,1,0.443478260869565,0,0,1.22338021627132e-32,0
2.48,0,0,13,31.526879263629,0,-119.695076940312,12.6464028997275,0,0.147246905397011,0,-1.06676895778659,0,0,-0.961623229597592,0,0.667086528635647,0,12.6472600966923,119.695076940312,1386,1410,1410,1410,1410,2.5,125,50,1,0.442391304347826,0,0,6.90864978234188e-33,0
2.5,0,0,13,31.7798072971713,0,-119.687853611661,12.655023371639,0,0.145815393632747,0,-1.04848553167344,0,0,-0.982778448172401,0,0.660151838249038,0,12.6558634105204,119.687853611661,1385,1410,1410,1410,1410,2.52,126,50,1,0.441304347826087,0,0,3.90143973069342e-33,0
2.52,0,0,13,32.0329052495437,0,-119.680563473273,12.6636133433828,0,0.144374763761511,0,-1.02867755598523,0,0,-1.00355248643919,0,0.653186893979443,0,12.6644363073575,119.680563473273,1384,1410,1410,1410,1410,2.54,127,50,1,0.440217391304348,0,0,2.20321371784365e-33,0
2.54,0,0,13,32.2861725396595,0,-119.67320826507,12.6721719368573,0,0.142932570253408,0,-1.00750512206587,0,0,-1.02391645411258,0,0.64622590407647,0,12.6729779971763,119.67320826507,1383,1410,1410,1410,1410,2.56,128,50,1,0.439130434782609,0,0,1.2441947131224e-33,0
2.56,0,0,13,32.5396085714108,0,-119.665789715483,12.6806982789201,0,0.141494958759101,0,-0.985126701817222,0,0,-1.04384465216878,0,0.639296617789388,0,12.6814876755198,119.665789715483,1382,1410,1410,1410,1410,2.58,129,50,1,0.43804347826087,0,0,7.02619301806463e-34,0
2.58,0,0,13,32.793212733654,0,-119.65830955429,12.6891914934398,0,0.140066830674347,0,-0.96169616131317,0,0,-1.06331450931292,0,0.632421091138731,0,12.689964518242,119.65830955429,1382,1410,1410,1410,1410,2.6,130,50,1,0.43695652173913,0,0,3.96781852602549e-34,0
2.6,0,0,13,33.0469844000357,0,-119.650769522576,12.6976506952279,0,0.138652000216447,0,-0.937360490660499,0,0,-1.08230646605211,0,0.625616415524903,0,12.6984076779408,119.650769522576,1381,1410,1410,1410,1410,2.62,131,50,1,0.43695652173913,0,0,2.24069902648471e-34,0
2.62,0,0,13,33.3009236212516,0,-119.643171373581,12.7061442305076,0,0.137252363434505,0,-0.912256582356815,0,0,-1.10080381049418,0,0.618887615649772,0,12.7068855121044,119.643171373581,1380,1410,1410,1410,1410,2.64,132,50,1,0.435869565217391,0,0,1.26536334622106e-34,0
2.64,0,0,13,33.5550304180012,0,-119.635516909137,12.7146004970995,0,0.13586919418215,0,-0.886508947539296,0,0,-1.11879243960992,0,0.612243781937111,0,12.7153264306809,119.635516909137,1379,1410,1410,1410,1410,2.66,133,50,1,0.434782608695652,0,0,7.1457361253541e-35,0
2.66,0,0,13,33.8093040964806,0,-119.627807974011,12.7230194049671,0,0.134504144409263,0,-0.860232788362617,0,0,-1.13626064679983,0,0.605692130072914,0,12.7237303548932,119.627807974011,1378,1410,1410,1410,1410,2.68,134,50,1,0.433695652173913,0,0,4.03532668507297e-35,0
2.68,0,0,13,34.0637439542426,0,-119.620046438482,12.7313999787096,0,0.133158275750243,0,-0.833533571966247,0,0,-1.15319893270102,0,0.599237243432785,0,12.732096313816,119.620046438482,1377,1410,1410,1410,1410,2.7,135,50,1,0.432608695652174,0,0,2.2788221072822e-35,0
2.7,0,0,13,34.3183492711378,0,-119.612234199853,12.7397412327741,0,0.131832173628244,0,-0.806506859334127,0,0,-1.16959980829139,0,0.592881552068431,0,12.7404233210694,119.612234199853,1376,1410,1410,1410,1410,2.72,136,50,1,0.431521739130435,0,0,1.28689214081417e-35,0
2.72,0,0,13,34.5731193089302,0,-119.604373182638,12.7480421646468,0,0.13052603732254,0,-0.779238383246365,0,0,-1.18545759717878,0,0.586625744959021,0,12.7487103692112,119.604373182638,1375,1410,1410,1410,1410,2.74,137,50,1,0.430434782608696,0,0,7.26731312987122e-36,0
2.74,0,0,13,34.8280533108461,0,-119.596465337899,12.7563017556934,0,0.12923975967989,0,-0.751804321454536,0,0,-1.20076824148379,0,0.580469133694356,0,12.7569564316019,119.596465337899,1374,1410,1410,1410,1410,2.76,138,50,1,0.429347826086957,0,0,4.10398342274321e-36,0
2.76,0,0,13,35.0831505011403,0,-119.588512641915,12.7645189723483,0,0.127972996814204,0,-0.724271718793542,0,0,-1.21552911474732,0,0.57440996973051,0,12.7651604644577,119.588512641915,1373,1410,1410,1410,1410,2.78,139,50,1,0.428260869565217,0,0,2.31759381124252e-36,0
2.78,0,0,13,35.3384100846849,0,-119.580517094339,12.7726927676021,0,0.126725228368693,0,-0.696699018283493,0,0,-1.22973884443166,0,0.568445718024548,0,12.7733214090565,119.580517094339,1372,1410,1410,1410,1410,2.8,140,50,1,0.427173913043478,0,0,1.30878722466168e-36,0
2.8,0,0,13,35.5938312465893,0,-119.572480715983,12.7808220826957,0,0.125495808997882,0,-0.669136667172497,0,0,-1.24339714584517,0,0.562573290212232,0,12.7814381940218,119.572480715983,1371,1410,1410,1410,1410,2.82,141,50,1,0.426086956521739,0,0,7.39095863618691e-37,0
2.82,0,0,13,35.8494131518551,0,-119.564405546353,12.7889058489425,0,0.124284011779636,0,-0.641627769285681,0,0,-1.25650466869437,0,0.556789240709217,0,12.7895097376209,119.564405546353,1371,1410,1410,1410,1410,2.84,142,50,1,0.425,0,0,4.1738082808645e-37,0
2.84,0,0,13,36.1051549450678,0,-119.556293641022,12.7969429896165,0,0.123089064294156,0,-0.614208759960711,0,0,-1.26906285694449,0,0.551089929215558,0,12.7975349500301,119.556293641022,1370,1410,1410,1410,1410,2.86,143,50,1,0.425,0,0,2.35702517399023e-37,0
2.86,0,0,13,36.3610563903534,0,-119.548147060765,12.8049964368307,0,0.121909274447765,0,-0.586908620252904,0,0,-1.2810738136449,0,0.545464883271462,0,12.805576739001,119.548147060765,1369,1410,1410,1410,1410,2.88,144,50,1,0.423913043478261,0,0,1.33105482978078e-37,0
2.88,0,0,13,36.6171172185648,0,-119.539967899848,12.8129998168505,0,0.120743124148402,0,-0.559748480731765,0,0,-1.29254013562555,0,0.539909993677746,0,12.8135687147898,119.539967899848,1368,1410,1410,1410,1410,2.9,145,50,1,0.422826086956522,0,0,7.51670783763158e-38,0
2.9,0,0,13,36.8733364940422,0,-119.531758276855,12.8209527570528,0,0.119590095238565,0,-0.532745763117539,0,0,-1.30346480280464,0,0.534422764574133,0,12.8215104956265,119.531758276855,1367,1410,1410,1410,1410,2.92,146,50,1,0.421739130434783,0,0,4.24482113374831e-38,0
2.92,0,0,13,37.1297132667901,0,-119.523520312014,12.8288541476477,0,0.11844968398851,0,-0.505914686472151,0,0,-1.31385111077902,0,0.529000802061551,0,12.8294009629934,119.523520312014,1366,1410,1410,1410,1410,2.94,147,50,1,0.420652173913043,0,0,2.39712741890919e-38,0
2.94,0,0,13,37.3862465650881,0,-119.515256125478,12.8367028871368,0,0.117321420878564,0,-0.479266700726737,0,0,-1.32370261113686,0,0.523641870156674,0,12.8372390072173,119.515256125478,1365,1410,1410,1410,1410,2.96,148,50,1,0.419565217391304,0,0,1.35370129421971e-38,0
2.96,0,0,13,37.6429353955121,0,-119.506967835472,12.8444978779967,0,0.116204876500262,0,-0.452810889587294,0,0,-1.33302306015868,0,0.51834391678581,0,12.8450235231853,119.506967835472,1364,1410,1410,1410,1410,2.98,149,50,1,0.418478260869565,0,0,7.64459652631225e-39,0
2.98,0,0,13,37.8997787429289,0,-119.498657556545,12.8522380278439,0,0.115099665361305,0,-0.426554339876103,0,0,-1.3418163752434,0,0.513105090116979,0,12.8527534115194,119.498657556545,1363,1410,1410,1410,1410,3,150,50,1,0.417391304347826,0,0,4.31704219384609e-39,0
3,0,0,13,38.1567755705151,0,-119.49032739794,12.8599222504685,0,0.114005447881684,0,-0.400502476245206,0,0,-1.35008659837587,0,0.507923746790929,0,12.8604275796041,119.49032739794,1362,1410,1410,1410,1410,3.02,151,50,1,0.416304347826087,0,0,2.43791196033702e-39,0
3.02,0,0,13,38.4139248198005,0,-119.481979462094,12.8675494667787,0,0.112921930915506,0,-0.374659361168131,0,0,-1.35783786594088,0,0.502798453574127,0,12.8680449425108,119.481979462094,1361,1410,1410,1410,1410,3.04,152,50,1,0.415217391304348,0,0,1.37673306386178e-39,0
3.04,0,0,13,38.6712254107331,0,-119.47361584325,12.8751186056563,0,0.111848867095129,0,-0.349027960891706,0,0,-1.36507438419494,0,0.497727983781583,0,12.8756044238236,119.47361584325,1361,1410,1410,1410,1410,3.06,153,50,1,0.414130434782609,0,0,7.77466110330011e-40,0
3.06,0,0,13,38.9286762417636,0,-119.465238626187,12.8826286047288,0,0.110786053258223,0,-0.323610378630323,0,0,-1.37180040972696,0,0.49271130965009,0,12.8831049563749,119.465238626187,1360,1410,1410,1410,1410,3.08,154,50,1,0.414130434782609,0,0,4.39049201750241e-40,0
3.08,0,0,13,39.1862767857691,0,-119.456849876432,12.8901379874532,0,0.109732487918493,0,-0.298406691545574,0,0,-1.37802022625751,0,0.487741602840378,0,12.8906050499769,119.456849876432,1359,1410,1410,1410,1410,3.1,155,50,1,0.41304347826087,0,0,2.47939040681402e-40,0
3.1,0,0,13,39.4440264833748,0,-119.448451669244,12.8975850004349,0,0.108687363627919,0,-0.273414126070447,0,0,-1.38373808446562,0,0.482817505767156,0,12.898042944046,119.448451669244,1359,1410,1410,1410,1410,3.12,156,50,1,0.41195652173913,0,0,1.40015669426007e-40,0
3.12,0,0,13,39.7019241534162,0,-119.44004608356,12.9049692282112,0,0.107650814949371,0,-0.248630476393873,0,0,-1.38895818369166,0,0.477939481115287,0,12.9054182217795,119.44004608356,1358,1410,1410,1410,1410,3.14,157,50,1,0.41195652173913,0,0,7.90693858899137e-41,0
3.14,0,0,13,39.9599691867179,0,-119.431635172642,12.9123483326959,0,0.106622158186141,0,-0.224052790951771,0,0,-1.39368467731864,0,0.473102232757392,0,12.9127885349948,119.431635172642,1357,1410,1410,1410,1410,3.16,158,50,1,0.410869565217391,0,0,4.46519151080589e-41,0
3.16,0,0,13,40.2181609422197,0,-119.423220993781,12.9196614850559,0,0.105600876572864,0,-0.199676357600404,0,0,-1.39792163642078,0,0.468305598510704,0,12.9200930504996,119.423220993781,1356,1410,1410,1410,1410,3.18,159,50,1,0.409782608695652,0,0,2.52157456438729e-41,0
3.18,0,0,13,40.4764981661334,0,-119.414805603163,12.9269082760858,0,0.104587355912183,0,-0.175497895479702,0,0,-1.40167305089704,0,0.463551160801834,0,12.9273313600817,119.414805603163,1355,1410,1410,1410,1410,3.2,160,50,1,0.408695652173913,0,0,1.42397885250332e-41,0
3.2,0,0,13,40.7349795897153,0,-119.406391035912,12.9340876952494,0,0.103581965608182,0,-0.151515426569298,0,0,-1.40494285836767,0,0.458840447887107,0,12.9345024539795,119.406391035912,1354,1410,1410,1410,1410,3.22,161,50,1,0.407608695652174,0,0,8.0414666336444e-42,0
3.22,0,0,13,40.993603923411,0,-119.397979306563,12.9411987513627,0,0.102585063569409,0,-0.127728103120671,0,0,-1.4077349684738,0,0.454174932935904,0,12.9416053415927,119.397979306563,1354,1410,1410,1410,1410,3.24,162,50,1,0.406521739130435,0,0,4.54116193553972e-42,0
3.24,0,0,13,41.2523698571589,0,-119.389572409291,12.9482404681751,0,0.101596992840478,0,-0.104136045837946,0,0,-1.41005328384652,0,0.449556019578357,0,12.9486390470443,119.389572409291,1353,1410,1410,1410,1410,3.26,163,50,1,0.406521739130435,0,0,2.56447643997111e-42,0
3.26,0,0,13,41.5112766267539,0,-119.381172309557,12.9552684897872,0,0.100617281375143,0,-0.0807388948289604,0,0,-1.41190171033408,0,0.444979559179451,0,12.9556592066858,119.381172309557,1352,1410,1410,1410,1410,3.28,164,50,1,0.405434782608696,0,0,1.44820631911363e-42,0
3.28,0,0,13,41.7703234378919,0,-119.372780973252,12.9622242176223,0,0.0996455856868632,0,-0.0575347161897218,0,0,-1.41328412554427,0,0.440445941246664,0,12.9626072188685,119.372780973252,1351,1410,1410,1410,1410,3.3,165,50,1,0.404347826086957,0,0,8.17828352809619e-43,0
3.3,0,0,13,42.02950890583,0,-119.364400362279,12.9691072733096,0,0.0986824033405015,0,-0.0345229973778185,0,0,-1.41420438153898,0,0.435957232002201,0,12.9694827068523,119.364400362279,1350,1410,1410,1410,1410,3.32,166,50,1,0.403260869565217,0,0,4.61842491523347e-43,0
3.32,0,0,13,42.2888316316442,0,-119.356032415382,12.9759167232962,0,0.0977281903397657,0,-0.0117044543489402,0,0,-1.41466633282123,0,0.431515329206801,0,12.9762847382872,119.356032415382,1349,1410,1410,1410,1410,3.34,167,50,1,0.402173913043478,0,0,2.60810824476449e-43,0
3.34,0,0,13,42.5482901968519,0,-119.347679048844,12.9826516536729,0,0.0967833685948561,0,0.0109191922668369,0,0,-1.41467385861191,0,0.427121975829481,0,12.9830124000963,119.347679048844,1349,1410,1410,1410,1410,3.36,168,50,1,0.401086956521739,0,0,1.47284598997636e-43,0
3.36,0,0,13,42.8078831637366,0,-119.339342156898,12.9893111661185,0,0.0958483256328325,0,0.0333454166152594,0,0,-1.41423088090961,0,0.42277875947298,0,12.9896647944347,119.339342156898,1348,1410,1410,1410,1410,3.38,169,50,1,0.401086956521739,0,0,8.31742821466107e-44,0
3.38,0,0,13,43.0676096214992,0,-119.331023603793,12.9959489598569,0,0.0949226460328574,0,0.0555723171934156,0,0,-1.41334137144405,0,0.418481967154283,0,12.9962956135945,119.331023603793,1348,1410,1410,1410,1410,3.4,170,50,1,0.4,0,0,4.69700244131775e-44,0
3.4,0,0,13,43.3274686311302,0,-119.322725252087,13.0025085970945,0,0.0940060236842028,0,0.0775996968682505,0,0,-1.41200931784674,0,0.414231955548365,0,13.0028484167895,119.322725252087,1347,1410,1410,1410,1410,3.42,171,50,1,0.4,0,0,2.65248239772682e-44,0
3.42,0,0,13,43.5874592266289,0,-119.31444895026,13.0090439046685,0,0.0930981878408607,0,0.0994274244916484,0,0,-1.41023871513491,0,0.410025688596982,0,13.0093770252911,119.31444895026,1346,1410,1410,1410,1410,3.44,172,50,1,0.398913043478261,0,0,1.49790487830293e-44,0
3.44,0,0,13,43.8475804193448,0,-119.306196542028,13.0154988870892,0,0.0921989586894567,0,0.121056544033694,0,0,-1.40803354431342,0,0.405864031526596,0,13.0158254416616,119.306196542028,1346,1410,1410,1410,1410,3.46,173,50,1,0.397826086956522,0,0,8.4589402982149e-45,0
3.46,0,0,13,44.1078306563387,0,-119.297969862639,13.0218732162298,0,0.091308938442732,0,0.142486496859579,0,0,-1.40539778062891,0,0.401749500867086,0,13.0221933399026,119.297969862639,1345,1410,1410,1410,1410,3.48,174,50,1,0.397826086956522,0,0,4.77691687938367e-45,0
3.48,0,0,13,44.368208905407,0,-119.289770712822,13.0282194301468,0,0.0904279170318163,0,0.163716610370601,0,0,-1.40233541722782,0,0.397679423753664,0,13.0285332531422,119.289770712822,1344,1410,1410,1410,1410,3.5,175,50,1,0.396739130434783,0,0,2.69761152911271e-45,0
3.5,0,0,13,44.6287141073042,0,-119.281600887073,13.0344823952577,0,0.0895557714167471,0,0.184747290604597,0,0,-1.39885044515976,0,0.393654833297797,0,13.0347900461986,119.281600887073,1343,1410,1410,1410,1410,3.52,176,50,1,0.395652173913043,0,0,1.52339011662701e-45,0
3.52,0,0,13,44.8893446472325,0,-119.273462169885,13.040661806965,0,0.0886931393476402,0,0.205577316236215,0,0,-1.39494686278128,0,0.389678398059313,0,13.0409634167343,119.273462169885,1343,1410,1410,1410,1410,3.54,177,50,1,0.394565217391304,0,0,8.60286005746786e-46,0
3.54,0,0,13,45.1500988979205,0,-119.265356318139,13.0467568740635,0,0.0878405903896781,0,0.226204124247089,0,0,-1.39062870684377,0,0.385752497952834,0,13.0470525752081,119.265356318139,1342,1410,1410,1410,1410,3.56,178,50,1,0.394565217391304,0,0,4.85819097554881e-46,0
3.56,0,0,13,45.4109757370736,0,-119.257285054437,13.0528190319741,0,0.0869978999160519,0,0.246625312273787,0,0,-1.38590006918547,0,0.381874495524289,0,13.0531089521254,119.257285054437,1341,1410,1410,1410,1410,3.58,179,50,1,0.393478260869565,0,0,2.74350848406697e-46,0
3.58,0,0,13,45.6719740167487,0,-119.249250094453,13.0587944005608,0,0.086164922785792,0,0.266839792751449,0,0,-1.38076507186003,0,0.378045217881582,0,13.0590786654357,119.249250094453,1340,1410,1410,1410,1410,3.6,180,50,1,0.392391304347826,0,0,1.54930895883465e-46,0
3.6,0,0,13,45.9330920462277,0,-119.241253143044,13.0646827103023,0,0.0853422539754602,0,0.286845124848951,0,0,-1.37522787133833,0,0.374267138920919,0,13.064961447367,119.241253143044,1340,1410,1410,1410,1410,3.62,181,50,1,0.391304347826087,0,0,8.74922845642902e-47,0
3.62,0,0,13,46.1943281231573,0,-119.233295877097,13.0704832281305,0,0.0845304192364516,0,0.306637773063168,0,0,-1.36929268436221,0,0.370542439482806,0,13.0707565660377,119.233295877097,1339,1410,1410,1410,1410,3.64,182,50,1,0.391304347826087,0,0,4.94084786293144e-47,0
3.64,0,0,13,46.4556810398511,0,-119.225379939151,13.0762463089728,0,0.0837291660263067,0,0.326214557687738,0,0,-1.36296380010947,0,0.366868454425745,0,13.0765143714282,119.225379939151,1338,1410,1410,1410,1410,3.66,183,50,1,0.390217391304348,0,0,2.79018632628069e-47,0
3.66,0,0,13,46.7171495643476,0,-119.217506963915,13.0819193005464,0,0.0829383189291849,0,0.345573766760663,0,0,-1.35624555206231,0,0.363245779039518,0,13.0821822090489,119.217506963915,1338,1410,1410,1410,1410,3.68,184,50,1,0.389130434782609,0,0,1.57566878222896e-47,0
3.68,0,0,13,46.9787319344631,0,-119.209678574197,13.0875019700427,0,0.082158426530609,0,0.364712523244445,0,0,-1.34914231870425,0,0.359676679894808,0,13.0877598473888,119.209678574197,1337,1410,1410,1410,1410,3.7,185,50,1,0.389130434782609,0,0,8.89808715606592e-48,0
3.7,0,0,13,47.2404268804716,0,-119.201896357227,13.0930439591406,0,0.0813892621353986,0,0.383628173585975,0,0,-1.3416585390781,0,0.356158672421042,0,13.0932969235399,119.201896357227,1336,1410,1410,1410,1410,3.72,186,50,1,0.38804347826087,0,0,5.02491106823491e-48,0
3.72,0,0,13,47.5022331092922,0,-119.194161890855,13.0984934291128,0,0.0806306732402785,0,0.402319405178811,0,0,-1.33379868737676,0,0.352692387852412,0,13.0987415967328,119.194161890855,1336,1410,1410,1410,1410,3.74,187,50,1,0.38695652173913,0,0,2.83765834170962e-48,0
3.74,0,0,13,47.764148805966,0,-119.186476739419,13.1038501754337,0,0.0798832185820063,0,0.420783667568166,0,0,-1.32556727556965,0,0.349280136779416,0,13.1040936637688,119.186476739419,1336,1410,1410,1410,1410,3.76,188,50,1,0.38695652173913,0,0,1.60247708962991e-48,0
3.76,0,0,13,48.0261726412477,0,-119.178842430859,13.1091631426556,0,0.0791466910575608,0,0.439018555001761,0,0,-1.31696887039073,0,0.345919584043535,0,13.10940206491,119.178842430859,1335,1410,1410,1410,1410,3.78,189,50,1,0.38695652173913,0,0,9.04947852616261e-49,0
3.78,0,0,13,48.288303759176,0,-119.171260475771,13.11443085379,0,0.0784202569032997,0,0.457024062986323,0,0,-1.30800806297275,0,0.342607029363727,0,13.1146653161845,119.171260475771,1335,1410,1410,1410,1410,3.8,190,50,1,0.385869565217391,0,0,5.11040451844409e-49,0
3.8,0,0,13,48.5505407819773,0,-119.163732387857,13.1196027273173,0,0.0777039100247704,0,0.474800912065067,0,0,-1.29868943163727,0,0.339343662424449,0,13.1198328350732,119.163732387857,1334,1410,1410,1410,1410,3.82,191,50,1,0.385869565217391,0,0,2.88593804235571e-49,0
3.82,0,0,13,48.8128823147069,0,-119.156259656901,13.1247277787284,0,0.0769976359532046,0,0.492349172900945,0,0,-1.28901755079701,0,0.336128035269681,0,13.1249536342673,119.156259656901,1333,1410,1410,1410,1410,3.84,192,50,1,0.384782608695652,0,0,1.62974151150987e-49,0
3.84,0,0,13,49.0753269449983,0,-119.148843757967,13.1297554072219,0,0.0763014705257701,0,0.509669444962953,0,0,-1.27899698400266,0,0.332961497254471,0,13.1299771122373,119.148843757967,1333,1410,1410,1410,1410,3.86,193,50,1,0.383695652173913,0,0,9.20344565737939e-50,0
3.86,0,0,13,49.3378727514355,0,-119.141486147532,13.1346854686826,0,0.0756161278652422,0,0.526760464629459,0,0,-1.26863230080857,0,0.329847040302981,0,13.1349031271652,119.141486147532,1332,1410,1410,1410,1410,3.88,194,50,1,0.383695652173913,0,0,5.19735254763576e-50,0
3.88,0,0,13,49.6005182885071,0,-119.134188242502,13.1395658771516,0,0.07494155638903,0,0.543620572697093,0,0,-1.25792810527208,0,0.326783119996238,0,13.139779590118,119.134188242502,1332,1410,1410,1410,1410,3.9,195,50,1,0.382608695652174,0,0,2.93503917011311e-50,0
3.9,0,0,13,49.8632620902,0,-119.126951445252,13.1443468253056,0,0.0742777564857942,0,0.560248917029061,0,0,-1.24688902241574,0,0.323770873943761,0,13.1445566927542,119.126951445252,1331,1410,1410,1410,1410,3.92,196,50,1,0.382608695652174,0,0,1.65746980816549e-50,0
3.92,0,0,13,50.1261026707866,0,-119.11977713351,13.1490763025793,0,0.0736247175238421,0,0.576644173858761,0,0,-1.23551970292256,0,0.320808960388939,0,13.1492824218693,119.11977713351,1330,1410,1410,1410,1410,3.94,197,50,1,0.381521739130435,0,0,9.36003237351774e-51,0
3.94,0,0,13,50.389038528773,0,-119.112666669239,13.1537049026506,0,0.0729824706060667,0,0.59280570301307,0,0,-1.22382481305245,0,0.317898619869619,0,13.1539073703227,119.112666669239,1330,1410,1410,1410,1410,3.96,198,50,1,0.380434782608696,0,0,5.28577990390477e-51,0
3.96,0,0,13,50.6520676661369,0,-119.105621394427,13.1582325407302,0,0.0723517039510282,0,0.608731204578229,0,0,-1.21180904782688,0,0.315042729821642,0,13.1584314553444,119.105621394427,1329,1410,1410,1410,1410,3.98,199,50,1,0.380434782608696,0,0,2.98497570067945e-51,0
3.98,0,0,13,50.9151885514568,0,-119.09864261148,13.1627061398846,0,0.0717323524819525,0,0.624418146464212,0,0,-1.19947715573596,0,0.312239772107328,0,13.1629015971156,119.09864261148,1329,1410,1410,1410,1410,4,200,50,1,0.379347826086956,0,0,1.6856698719265e-51,0
4,0,0,13,51.1783996346642,0,-119.091731607254,13.1670770702734,0,0.0711243983099573,0,0.639864936682668,0,0,-1.18683392244659,0,0.309490723533518,0,13.167269164658,119.091731607254,1329,1410,1410,1410,1410,4.02,201,50,1,0.379347826086956,0,0,9.5192832439939e-52,0
4.02,0,0,13,51.4416993477518,0,-119.084889643165,13.1713923208162,0,0.0705278101623029,0,0.655069660990137,0,0,-1.17388417247703,0,0.306794235736279,0,13.1715811442993,119.084889643165,1328,1410,1410,1410,1410,4.04,202,50,1,0.379347826086956,0,0,5.37571175640817e-52,0
4.04,0,0,13,51.705086578929,0,-119.078117958759,13.1756506768495,0,0.0699419344013597,0,0.670032282987464,0,0,-1.16063275034361,0,0.304147408679886,0,13.1758363162478,119.078117958759,1328,1410,1410,1410,1410,4.06,203,50,1,0.378260869565217,0,0,3.03576184753385e-52,0
4.06,0,0,13,51.9685597245845,0,-119.071417789349,13.1798043098486,0,0.0693668813690939,0,0.684753157894791,0,0,-1.14708449216023,0,0.301551733987388,0,13.1799868516677,119.071417789349,1327,1410,1410,1410,1410,4.08,204,50,1,0.378260869565217,0,0,1.71434972940212e-52,0
4.08,0,0,13,52.2321171678124,0,-119.06479034192,13.1838998757675,0,0.0688027339724722,0,0.699231801809201,0,0,-1.13324423923673,0,0.299006403709966,0,13.184079404739,119.06479034192,1326,1410,1410,1410,1410,4.1,205,50,1,0.377173913043478,0,0,9.68124359652477e-53,0
4.1,0,0,13,52.4957572784293,0,-119.058236804152,13.1878895536278,0,0.0682496047097726,0,0.713468087387356,0,0,-1.11911683517918,0,0.296512901314307,0,13.1880661541876,119.058236804152,1326,1410,1410,1410,1410,4.12,206,50,1,0.376086956521739,0,0,5.46717370252911e-53,0
4.12,0,0,13,52.7594779465558,0,-119.051758339742,13.1917733568698,0,0.0677082325365231,0,0.727460031445047,0,0,-1.10470714416442,0,0.294074328928971,0,13.1919471157132,119.051758339742,1326,1410,1410,1410,1410,4.14,207,50,1,0.376086956521739,0,0,3.08741206598245e-53,0
4.14,0,0,13,53.0232775171581,0,-119.045356071323,13.195596929628,0,0.0671786151298191,0,0.741205232302841,0,0,-1.09002007930135,0,0.291689560395578,0,13.195767931255,119.045356071323,1325,1350,1350,1857,1345,4.16,208,50,1,0.376086956521739,0,0,1.7435175437657e-53,0
4.16,0,0,13,53.287154566658,-2.06865770419008e-06,-119.039022707158,13.1993411476995,-0.000471844590839415,0.0697316865221361,-0.427441487913725,1.99023794757034,0.0377392041772584,-0.00211196100368537,-1.06905642173493,0.000175277683819945,0.302688908666482,-0.00204815725794461,13.1995253499546,119.039022707158,1325,1350,1350,1857,1345,4.18,209,50,1,0.375,-1.56097142432776,1.56097142432776,-3.32764822138119,-1.21777912536208
4.18,0,0,13,53.551105608952,-2.72378339252489e-05,-119.032689889619,13.2028473953199,-0.00290903450723226,0.0907070166630992,-1.97911776239991,6.97408192332743,0.23381446083246,-0.0253199262372701,-0.983474614651096,0.00261166998951213,0.393630805893511,-0.0126239029046797,13.2031593025859,119.032689889619,1325,1348,1348,1859,1345,4.2,210,50,1,0.375,-2.7384453032394,2.7384453032394,-5.83776390820135,-2.13637576848464
4.2,0,0,13,53.8151277961122,-9.90521267250947e-05,-119.026347455918,13.2059325695463,-0.00760522315385691,0.136607605824618,-3.79170598676778,13.6712122636907,0.575686261813396,-0.0832572808599124,-0.778346609030697,0.010303245315762,0.592670003239197,-0.0329945519874535,13.2066413031017,119.026347455918,1324,1346,1346,1859,1346,4.22,211,50,1,0.375,-3.40338614085157,3.40338614085157,-7.25527172488465,-2.65512393967144
4.22,0,0,13,54.0792191035483,-0.000233012829581435,-119.020101098546,13.2081808229654,-0.0149508108497435,0.206980421153705,-5.43930559970358,20.7793950871621,1.02717556915858,-0.17621895198446,-0.433664905408782,0.0254012102353055,0.897787071161177,-0.0648471464697458,13.2098109401171,119.020101098546,1324,1344,1344,1852,1347,4.24,212,50,1,0.373913043478261,-3.77889028191418,3.77889028191418,-8.05576407705336,-2.94807043269901
4.24,0,0,13,54.3433750714128,-0.000441416656013769,-119.014143965146,13.2090139266325,-0.025357621325552,0.298238659806982,-6.82019141721155,27.6064087790401,1.55231688721801,-0.299250703103818,0.0511933837909304,0.049084293347462,1.29342839465042,-0.109963750299034,13.2124047100115,119.014143965146,1324,1343,1343,1838,1350,4.26,213,50,1,0.373913043478261,-4.14704141769397,4.14704141769397,-8.50781661485165,-3.11350262609029
4.26,0,0,13,54.6075871556838,-0.000736779079206003,-119.008732285793,13.207937971866,-0.0391912717205179,0.40545331614285,-7.99002126155043,33.7579884528711,2.12472147694145,-0.447583361049928,0.666564037324604,0.0817788992785445,1.75829647417393,-0.16993043236133,13.2142178662231,119.008732285793,1323,1341,1341,1817,1352,4.28,214,50,1,0.373913043478261,-4.38453953847231,4.38453953847231,-8.63104100862169,-3.20692518366185
4.28,0,0,13,54.8718412772927,-0.00113277157909823,-119.00416734019,13.2045167618287,-0.0566454530924812,0.522880355299251,-8.90155373886972,38.9323705804243,2.72108767158907,-0.616195399943097,1.39569420535458,0.123458631008606,2.2676477927971,-0.245596562804821,13.2149867758817,119.00416734019,1323,1340,1340,1790,1356,4.3,215,50,1,0.372826086956522,-4.51865903121862,4.51865903121862,-8.5296307809769,-3.12853715065705
4.3,0,0,13,55.1361150354969,-0.00164356039924211,-119.000776547828,13.198435547913,-0.0777369838520061,0.644750014793984,-9.56615370234518,42.9915348079402,3.31714680692523,-0.799675031747084,2.21757443382386,0.173715095647916,2.79670353575665,-0.337058494308524,13.2144029956956,119.000776547828,1323,1340,1340,1756,1360,4.32,216,50,1,0.372826086956522,-4.59439873928695,4.59439873928695,-8.25235474422968,-3.05940442453232
4.32,0,0,13,55.4003765604841,-0.00228532762439695,-118.99889569131,13.1896637593408,-0.102449032035221,0.765600092748703,-10.022116729625,45.8605467778386,3.90185841895417,-0.993158453166522,3.10917343301321,0.232058922451179,3.32203224483994,-0.444280921537862,13.2122620845429,118.99889569131,1323,1339,1339,1717,1364,4.34,217,50,1,0.372826086956522,-4.63717032498872,4.63717032498872,-7.8031329290403,-2.87048341352902
4.34,0,0,13,55.6645838782841,-0.00307573956478247,-118.998854180609,13.1783170197217,-0.130603273450124,0.880376827632788,-10.3123134445636,47.4964688265857,4.46110150775366,-1.19262493353713,4.04624353303475,0.297992478081047,3.82196283358308,-0.56654660131717,13.2083367630431,118.998854180609,1323,1339,1339,1674,1370,4.35999999999999,218,50,1,0.372826086956522,-4.66132421454151,4.66132421454151,-7.2070339223964,-2.73537848545784
4.36,0,0,13,55.9286840228221,-0.00403450495573342,-119.000961260434,13.1646682553887,-0.162028344118444,0.984603045074935,-10.4759796115026,47.905880314022,4.99206255736572,-1.39490708200287,5.00417976482422,0.371206336654504,4.27726409754826,-0.703186653817155,13.2024310873076,119.000961260434,1324,1339,1339,1628,1375,4.37999999999999,219,50,1,0.372826086956522,-4.67496435368895,4.67496435368895,-6.48887605260611,-2.47173164953241
4.38,0,0,13,56.1926134307268,-0.00518188261870659,-119.005493730346,13.1490960904607,-0.196410535743728,1.07448909688095,-10.5449216329604,47.1336526850341,5.48479427162616,-1.59756910846353,5.95889800920939,0.45150060803061,4.67159159667196,-0.852931699862869,13.1943863788369,119.005493730346,1324,1339,1339,1580,1382,4.39999999999999,220,50,1,0.373913043478261,-4.68266718745221,4.68266718745221,-5.67183338079943,-2.28732324156333
4.4,0,0,13,56.4562996786323,-0.00653903037443541,-119.012685763694,13.1320683627704,-0.233498672272855,1.14699235338667,-10.5444417851977,45.2552940309972,5.94115293952489,-1.79876957239587,6.88752599410084,0.538914505118896,4.99170918716305,-1.01479476161494,13.1841318475339,119.012685763694,1325,1339,1339,1532,1388,4.41999999999999,221,50,1,0.373913043478261,-4.68701711726914,4.68701711726914,-4.7775585630088,-1.95836371012729
4.42,0,0,13,56.7196631533722,-0.00812599515924295,-119.022720892366,13.113948160514,-0.272880172586959,1.19984451589595,-10.4929327612631,42.3723885253526,6.34934170241445,-1.9971272295311,7.76895078986668,0.633545498519216,5.22765203242401,-1.18710409764154,13.1715499014947,119.022720892366,1326,1340,1340,1485,1395,4.43999999999999,222,50,1,0.375,-4.68947360146622,4.68947360146622,-3.83371445680082,-1.61755720622115
4.44,0,0,13,56.9826199259635,-0.0099612796589917,-119.035726069509,13.0951221522703,-0.314217899208485,1.23158315123171,-10.405316897565,38.615976097639,6.7102963947177,-2.19163354405753,8.58437108501134,0.735544105440464,5.37280678551886,-1.36851364269955,13.1566619675912,119.035726069509,1327,1340,1340,1442,1402,4.45999999999999,223,50,1,0.376086956521739,-4.69086082260874,4.69086082260874,-2.87619096248053,-1.2726387959503
4.46,0,0,13,57.2450856129632,-0.0120618340359838,-119.051767896326,13.0758193561693,-0.357170523904331,1.24160090916801,-10.2924693440707,34.1535357769347,7.02395451146111,-2.38157153778004,9.3179434244704,0.845141111359685,5.42419853563805,-1.55766203867111,13.1394899229752,119.051767896326,1329,1341,1341,1405,1410,4.47999999999999,224,50,1,0.377173913043478,-4.69164421152715,4.69164421152715,-1.9578644016873,-0.921846091448103
4.48,0,0,13,57.5069786044684,-0.0144422039246075,-119.070850936318,13.0561293115398,-0.401401041758241,1.2302054293883,-10.1625838756586,29.1870222527806,7.2898876216472,-2.56646612447075,9.95757197364308,0.962540959225807,5.38276588804319,-1.75320110449896,13.1201006396472,119.070850936318,1331,1341,1341,1381,1420,4.49999999999999,225,50,1,0.379347826086956,-4.69208660544596,4.69208660544596,-1.10685684546382,-0.549001003072345
4.5,0,0,13,57.7682241114142,-0.0171137986470377,-119.092919268581,13.0360515401696,-0.446575381657188,1.19855184583152,-10.0221222998537,23.9290881789859,7.50702911289307,-2.7460590103474,10.4952693983816,1.08782183837307,5.25308128530697,-1.95377742709741,13.0986486271144,119.092919268581,1333,1342,1342,1360,1432,4.51999999999999,226,50,1,0.381521739130435,-4.69233643330898,4.69233643330898,-0.370026677509875,-0.177697006647873
4.52,0,0,13,58.0287573425462,-0.0200845957718211,-119.117860314932,13.0154206679342,-0.492382430179695,1.148595368908,-9.8764678797482,18.5976310268535,7.67527161066831,-2.92029596460356,10.9274609781099,1.22087200320957,5.04321941587502,-2.15812679303418,13.07527770039,119.117860314932,1336,1342,1342,1344,1445,4.53999999999999,227,50,1,0.383695652173913,-4.6924775156306,4.6924775156306,0.263660926356658,0.21587656039185
4.54,0,0,13,58.288525410265,-0.0233587794334412,-119.145511754187,12.9940066275676,-0.538504218098621,1.08280883453766,-9.73007009414278,13.3643748595717,7.79224259559663,-3.08931430808358,11.2544248854422,1.36133620820429,4.76353199220163,-2.364935160562,13.0501597692263,119.145511754187,1338,1343,1343,1331,1457,4.55999999999999,228,50,1,0.38695652173913,-4.69255718737432,4.69255718737432,0.79167842062853,0.640277718594067
4.56,0,0,13,58.5474892873233,-0.0269365267254014,-119.175669925982,12.9716115898488,-0.584632350879766,1.00400162103889,-9.58699305326164,8.37290099878366,7.85592525938708,-3.25343150981432,11.4796003819038,1.50858502837199,4.42586440234477,-2.57289753082037,13.0235372107059,119.175669925982,1341,1343,1343,1322,1469,4.57999999999999,229,50,1,0.389130434782609,-4.69260217945181,4.69260217945181,1.22640103389534,1.07136348539883
4.58,0,0,13,58.8056238889672,-0.0308143868366166,-119.208098637855,12.9479664336733,-0.630487083855082,0.915119329238014,-9.45092851746256,3.72936006299414,7.86626497612573,-3.41312193162359,11.6088828682243,1.66175534668222,4.04275318887841,-2.78082764723965,12.9955681721571,119.208098637855,1344,1344,1344,1317,1481,4.59999999999999,230,50,1,0.392391304347826,-4.69262758729332,4.69262758729332,1.56953064060347,1.50371508172599
4.6,0,0,13,59.0629178756664,-0.0349856681494046,-119.242537811266,12.9229594930474,-0.675807376862108,0.819169077087484,-9.32501273879198,-0.465515093989182,7.82349948290088,-3.56898749797647,11.6501354162093,1.81978230023428,3.62704986763726,-2.98757592540312,12.9665197970166,119.242537811266,1347,1345,1345,1315,1493,4.61999999999999,231,50,1,0.395652173913043,-4.69264193556186,4.69264193556186,1.77783398212748,1.93678151492382
4.62,0,0,13,59.3193733142187,-0.0394407420588659,-119.278711369815,12.8965012100301,-0.720349901749029,0.719202988529851,-9.21195194293061,-4.13167890343973,7.72799333910646,-3.72173469047827,11.6132912939142,1.98138511607778,3.19192443062656,-3.1920545458709,12.9366108536961,119.278711369815,1350,1345,1345,1317,1504,4.63999999999999,232,50,1,0.398913043478261,-4.69265003828912,4.69265003828912,1.95507821953802,2.37025162945679
4.64,0,0,13,59.5750033878697,-0.044167660064559,-119.316337253139,12.868606526019,-0.763890556767983,0.617842740358631,-9.11388972144923,-7.28827867599766,7.58066640915282,-3.87212583048452,11.5086011772947,2.14518047734563,2.7487528433423,-3.39323639689692,12.9060564215423,119.316337253139,1353,1346,1346,1321,1515,4.65999999999999,233,50,1,0.402173913043478,-4.69265461404604,4.69265461404604,2.06647379030628,2.79420793560164
4.66,0,0,13,59.8298305976183,-0.049152714361456,-119.35513400632,12.8393720268814,-0.806227494919812,0.517494309671868,-9.03244262033694,-9.90441106458932,7.38311709362269,-4.02094815301864,11.3464275369472,2.3097203124617,2.30807236425235,-3.59017045399502,12.8750641621225,119.35513400632,1357,1346,1346,1329,1525,4.67999999999999,234,50,1,0.405434782608696,-4.6926571980589,4.6926571980589,2.07828526019295,3.21705486211341
4.68,0,0,13,60.0838849652323,-0.0543808253759482,-119.394825507179,12.8089627046093,-0.847173511291638,0.420440790662207,-8.96882569753848,-11.9428022483635,7.13672353609902,-4.1690000375088,11.1379030824869,2.47345027514804,1.87999899383186,-3.78195039025108,12.8438311646004,119.394825507179,1360,1347,1347,1339,1534,4.69999999999999,235,50,1,0.409782608695652,-4.69265865729779,4.69265865729779,2.00714001815638,3.62632755332861
4.7,0,0,13,60.3372024873322,-0.0598361876202109,-119.435146858202,12.7776615029317,-0.886570585097706,0.328722479789427,-8.92393187811093,-13.3990434123822,6.84418666764391,-4.31706564434927,10.8945611079741,2.63475038791227,1.47368571445824,-3.9677644647896,12.8125992427213,119.435146858202,1363,1347,1347,1351,1542,4.71999999999999,236,50,1,0.41304347826087,-4.69265948135643,4.69265948135643,1.86888644513795,4.01115375047591
4.72,0,0,13,60.5898224465438,-0.0655030646327569,-119.475849550953,12.7456779691761,-0.924289466262532,0.244073864142075,-8.89816027430335,-14.2886629586089,6.5090584113069,-4.46588790966035,10.6277982649316,2.79199907807685,1.09705370964397,-4.14694993179062,12.781478395027,119.475849550953,1367,1348,1348,1364,1550,4.73999999999999,237,50,1,0.416304347826087,-4.69265994671728,4.69265994671728,1.67247440905971,4.365393692
4.74,0,0,13,60.8417849301956,-0.0713664606790855,-119.51670542556,12.7133013240053,-0.960224735517762,0.167906624630115,-8.89136362520306,-14.6405433965302,6.13498953607083,-4.61614937788875,10.348566807533,2.94361129719249,0.756670624026256,-4.31892490121166,12.7506178176686,119.51670542556,1371,1348,1348,1377,1557,4.75999999999999,238,50,1,0.420652173913043,-4.69266020951499,4.69266020951499,1.43147400046645,4.69968642574581
4.76,0,0,13,61.0931303163538,-0.0774125236900021,-119.557510144978,12.6808841778879,-0.994286104815712,0.101280895798013,-8.90295982506185,-14.5002090098452,5.72504791634942,-4.76846137731858,10.0670738778692,3.08805668378737,0.457605669009032,-4.48314763093139,12.7202077896192,119.557510144978,1374,1349,1349,1392,1562,4.77999999999999,239,50,1,0.425,-4.69266035792161,4.69266035792161,1.16367908161438,5.00860832731573
4.78,0,0,13,61.3438979042439,-0.0836291408086331,-119.598085578721,12.6487017886548,-1.02642781933234,0.0448999008758572,-8.93224010090303,-13.9216356910628,5.28515726928073,-4.92335737693128,9.79248388514078,3.22390267967703,0.203385616823766,-4.63929278565605,12.6903596090779,119.598085578721,1377,1349,1349,1407,1567,4.79999999999999,240,50,1,0.428260869565217,-4.69266044172952,4.69266044172952,0.863720941369655,5.20178428802175
4.8,0,0,13,61.5941237465374,-0.090007100362121,-119.638280560179,12.6169299347981,-1.05665387792464,-0.000809230362713778,-8.97777204135727,-12.951369279339,4.82249330222345,-5.08128309078288,9.53299144078967,3.3499041626173,-0.00367486263404567,-4.78728630819138,12.6610994408934,119.638280560179,1381,1350,1350,1427,1571,4.81999999999999,241,50,1,0.431521739130435,-4.69266048905737,4.69266048905737,0.5423703506049,5.4519370783691
4.82,0,0,13,61.843839810305,-0.096539167822745,-119.677971502701,12.5857666253287,-1.08489109037134,-0.0356698727174422,-8.99851995054321,-11.6371153948192,4.33534439946412,-5.24241815672605,9.29580229359039,3.46485593027448,-0.162384044717934,-4.92668902507975,12.6324891674216,119.677971502701,1383,1350,1350,1448,1573,4.83999999999998,242,50,1,0.435869565217391,-4.53656337335149,4.53656337335149,0.188420778847678,5.61994884178389
4.84,0,0,13,62.0930748683171,-0.103220295228323,-119.717062354424,12.5554325538604,-1.11112738162117,-0.0596412504060562,-8.92850624790927,-10.0129415631646,3.8264008754537,-5.40534166927972,9.08733346988263,3.56760674060778,-0.272166348404884,-5.05731472996588,12.604643896258,119.717062354424,1387,1351,1351,1467,1575,4.85999999999998,243,50,1,0.43804347826087,-4.41881600055348,4.41881600055348,-0.191153374343933,5.79946582405495
4.86,0,0,13,62.3418528358131,-0.110048231969837,-119.755484060584,12.5258906662767,-1.13534164747945,-0.0728657548945058,-8.8440275183737,-8.12451707578381,3.29321110895217,-5.56906170167231,8.91322240589942,3.65698150643373,-0.333297906382172,-5.17902692824053,12.577449942586,119.755484060584,1390,1352,1352,1486,1575,4.87999999999998,244,50,1,0.442391304347826,-4.35232192531565,4.35232192531565,-0.571392211117023,5.91688988681246
4.88,0,0,13,62.5901933488108,-0.117024271479818,-119.793194376786,12.4973369977668,-1.15755945509547,-0.0757315357809474,-8.78283136216136,-6.03185614158044,2.74223135419803,-5.73375117757662,8.77800609880449,3.7319160367141,-0.34719750821653,-5.29179659447102,12.5510601621275,119.793194376786,1393,1352,1352,1501,1574,4.89999999999998,245,50,1,0.445652173913043,-4.3147715160227,4.3147715160227,-0.949269217560531,5.9832013830114
4.9,0,0,13,62.8381124537424,-0.12415340826371,-119.830176857658,12.4697033443055,-1.17780802917371,-0.0688268291754963,-8.7569230324092,-3.79579970830244,2.17909090455359,-5.90003468058158,8.68506440787481,3.79154801613977,-0.316242229231089,-5.39570123965799,12.5253930230147,119.830176857658,1396,1353,1353,1514,1571,4.91999999999998,246,50,1,0.448913043478261,-4.29356611940616,4.29356611940616,-1.29741575274288,6.02064868661239
4.92,0,0,13,63.0856212855772,-0.131444133203632,-119.866439293953,12.4429521877976,-1.19611927994925,-0.0529716016008002,-8.76642261053198,-1.49078344892143,1.60822009523359,-6.06863536342423,8.63638577227785,3.83522733415352,-0.243915658040311,-5.4908222647336,12.500422651665,119.866439293953,1399,1353,1353,1525,1567,4.93999999999998,247,50,1,0.452173913043478,-4.28159104765244,4.28159104765244,-1.61466597113267,6.0417958575762
4.94,0,0,13,63.3327270404004,-0.13890823609894,-119.902011575354,12.4170114536012,-1.21255191165136,-0.0291445470995654,-8.80680775315007,0.820716222288146,1.03524232912852,-6.24022518854532,8.63260540442205,3.8625135407,-0.134481351201313,-5.57737564273192,12.4761093687871,119.902011575354,1402,1354,1354,1533,1564,4.95999999999998,248,50,1,0.455434782608696,-4.27482850762077,4.27482850762077,-1.89742592302779,5.96910035348842
4.96,0,0,13,63.5794333658902,-0.146561258252002,-119.936942878806,12.3917839242165,-1.22721333888495,0.00155535474821022,-8.87193810005316,3.07931421059399,0.46769316326591,-6.41536495772988,8.67317325174478,3.87323876661935,0.00719147967678422,-5.65581291245764,12.4524039375028,119.936942878806,1405,1354,1354,1537,1558,4.97999999999998,249,50,1,0.458695652173913,-4.27100957871408,4.27100957871408,-2.13470784880026,5.91200031528066
4.98,0,0,13,63.8257406202634,-0.154421726525516,-119.971299053865,12.3671583798713,-1.2401856120738,0.0378876766151052,-8.95552284912444,5.21202601513267,-0.0918790911827169,-6.59449255655346,8.75628756973404,3.86744242008228,0.175529180400386,-5.72648194964758,12.4292438314346,119.971299053865,1406,1355,1355,1538,1551,4.99999999999998,250,50,1,0.46195652173913,-4.26885296035381,4.26885296035381,-2.28037621206226,5.75279834679704
5,0,0,13,64.0716462002606,-0.162511622036484,-120.005160100824,12.3430204254196,-1.25163578186421,0.0783947360035183,-9.05237737822217,7.13161872738714,-0.633909117004296,-6.77791685098806,8.87843745905628,3.84551263125289,0.363900160427841,-5.79013184738098,12.4065664503681,120.005160100824,1409,1355,1355,1536,1544,5.01999999999998,251,50,1,0.46304347826087,-4.26763507888352,4.26763507888352,-2.36263777659953,5.5400787784234
5.02,0,0,13,64.3171434124332,-0.170856072152016,-120.038615630748,12.3190950969876,-1.26171451581381,0.121616981318938,-9.15751473039796,8.80090418746462,-1.15409133600717,-6.96582511188094,9.03490217155342,3.8081438845939,0.565618929892163,-5.84752681703054,12.3841357477292,120.038615630748,1412,1356,1356,1531,1535,5.03999999999998,252,50,1,0.466304347826087,-4.26694731914678,4.26694731914678,-2.40909237283843,5.30248604143247
5.04,0,0,13,64.5622236203274,-0.179482163612734,-120.071760518977,12.2954534958816,-1.27056191763662,0.166230230718275,-9.22942310481724,10.2136689974405,-1.64939489319118,-7.15812488015085,9.22057213885545,3.75618418218779,0.774571708818262,-5.899236004689,12.3620441976859,120.071760518977,1415,1357,1357,1525,1527,5.05999999999998,253,50,1,0.469565217391304,-4.11046178632709,4.11046178632709,-2.43532612518509,5.02263441045153
5.06,0,0,13,64.8068782423578,-0.188417972996799,-120.104691738469,12.2720161414522,-1.27830195431534,0.211078263978082,-9.20239513947012,11.360360570808,-2.11972132200272,-7.35316061650405,9.43031311683414,3.69057292809497,0.985388311966151,-5.9458372197057,12.3402183974189,120.104691738469,1417,1357,1357,1515,1517,5.07999999999998,254,50,1,0.472826086956522,-3.99249506734601,3.99249506734601,-2.38858611344516,4.72767550879149
5.08,0,0,13,65.0510973204574,-0.197692729884889,-120.137506300911,12.2487276811164,-1.2850747888499,0.254946800270174,-9.14837747244938,12.1944064303579,-2.5660911395266,-7.5496373901282,9.65833712569451,3.61236292344253,1.19239051921732,-5.98798615472371,12.3185934623256,120.137506300911,1419,1358,1358,1504,1507,5.09999999999998,255,50,1,0.475,-3.9258771233436,3.9258771233436,-2.27357686316644,4.39864728762829
5.1,0,0,13,65.2948690365659,-0.207336788968576,-120.170298321452,12.2254657331436,-1.29102452207502,0.296633101364139,-9.1032600016702,12.6933130331022,-2.98560925075266,-7.74733578604365,9.89816335597762,3.5227899458873,1.38992583701276,-6.02640390661604,12.2970219120603,120.170298321452,1422,1359,1359,1492,1496,5.11999999999998,256,50,1,0.477173913043478,-3.88825676311455,3.88825676311455,-2.10940266088354,4.04503031445021
5.12,0,0,13,65.5381801945829,-0.217380918448176,-120.203155553044,12.2022148805888,-1.29629378205284,0.335058018344111,-9.07916207343385,12.8586859640132,-3.37514226069065,-7.94644363806476,10.143136020731,3.42324749804676,1.57287737181216,-6.06176527303532,12.2754506816291,120.203155553044,1424,1360,1360,1478,1485,5.13999999999998,257,50,1,0.480434782608696,-3.86701186393674,3.86701186393674,-1.91211993846178,3.6669129512769
5.14,0,0,13,65.781018448485,-0.227855545033756,-120.236156811984,12.1790639947213,-1.30103143776941,0.369318316070967,-9.07715440267398,12.7056702313095,-3.73164791278011,-8.14722181585182,10.3868173884375,3.31523813743819,1.73690674470411,-6.09473094101351,12.2539250286659,120.236156811984,1427,1361,1361,1466,1475,5.15999999999998,258,50,1,0.482608695652174,-3.8550144843708,3.8550144843708,-1.68287166477206,3.27905750940052
5.16,0,0,13,66.0233717982191,-0.238790213283637,-120.269369772647,12.1559280047414,-1.3053806778504,0.398693083662749,-9.09365519304068,12.2576226298523,-4.05366485478431,-8.34985596946691,10.623133359198,3.20033254085794,1.87852751409216,-6.12602669527997,12.2323162379625,120.269369772647,1428,1362,1362,1451,1463,5.17999999999998,259,50,1,0.485869565217391,-3.84823934671331,3.84823934671331,-1.44763219280182,2.9000947128322
5.18,0,0,13,66.2652290730851,-0.250212897250105,-120.302849115333,12.1329135121574,-1.30946768896389,0.422700078279416,-9.08711381256117,11.5516671369848,-4.34062354765325,-8.55423233165833,10.8467003316853,3.08008707035786,1.99532774198305,-6.15620587076132,12.2106908599845,120.302849115333,1431,1363,1363,1436,1451,5.19999999999998,260,50,1,0.48695652173913,-3.68831616126625,3.68831616126625,-1.19009194852734,2.50219608255841
5.2,0,0,13,66.5065793668256,-0.262149465223426,-120.336635747373,12.1098520905287,-1.31340124253049,0.441028589316934,-8.99137702350106,10.60816309585,-4.5936347204403,-8.75865374043657,11.0526838632951,2.95604750386688,2.08573264857687,-6.18587844100764,12.1888492768989,120.336635747373,1433,1364,1364,1423,1440,5.21999999999998,261,50,1,0.490217391304348,-3.56840813754935,3.56840813754935,-0.91585227020771,2.08858586364784
5.22,0,0,13,66.7474133893012,-0.27462385034401,-120.370756433667,12.0869516037407,-1.31731259446606,0.453510872766823,-8.87458475629283,9.45912227372857,-4.81481705663948,-8.96173026144481,11.23675416874,2.82970449288502,2.14876972642444,-6.21556864773569,12.1669792329249,120.370756433667,1436,1365,1365,1410,1428,5.23999999999998,262,50,1,0.492391304347826,-3.50069390358227,3.50069390358227,-0.646618534359608,1.67933640678729
5.24,0,0,13,66.9877247690422,-0.287657788146586,-120.405223446955,12.0641330881098,-1.32131838285323,0.460148460274856,-8.77003692517775,8.1489867999459,-5.00478824053894,-9.16311518755888,11.3953870588556,2.70244453556796,2.18430869508213,-6.24587412043164,12.1449959259764,120.405223446955,1439,1366,1366,1403,1417,5.25999999999998,263,50,1,0.495652173913044,-3.46245444854319,3.46245444854319,-0.382948934136349,1.2618252604974
5.26,0,0,13,67.22750946431,-0.301270603762563,-120.440034592361,12.0415054286165,-1.32553904805668,0.461107313109465,-8.68835885964736,6.72538950096727,-5.16272085500754,-9.36287370620401,11.5259327131805,2.5755589639525,2.19296506524481,-6.27731097433623,12.1230164030874,120.440034592361,1440,1367,1367,1397,1408,5.27999999999998,264,50,1,0.498913043478261,-3.44085993530692,3.44085993530692,-0.156646637333187,0.850372879253124
5.28,0,0,13,67.4667669883706,-0.315478885875156,-120.475173681121,12.0190736327135,-1.33008383394725,0.456785482049848,-8.62960196300963,5.25380759753157,-5.28905844650759,-9.56118371100838,11.6269275847372,2.45017322804067,2.17648141832434,-6.3103903323233,12.1010704886191,120.475173681121,1443,1368,1368,1391,1401,5.29999999999997,265,50,1,0.5,-3.42866512234646,3.42866512234646,0.033548536242189,0.460314479101865
5.3,0,0,13,67.7054977144882,-0.33029640477564,-120.510611230173,11.996649690137,-1.33503879434974,0.447741301382423,-8.55373826720742,3.78236659171885,-5.38529438333009,-9.75803340729774,11.6980549218672,2.32720895717585,2.13741220158434,-6.34561175326019,12.0790067738721,120.510611230173,1446,1370,1370,1386,1394,5.31999999999997,266,50,1,0.503260869565217,-3.26568134804042,3.26568134804042,0.201738714728542,0.0842279045850101
5.32,0,0,13,67.9437047242382,-0.345733757767688,-120.546306830529,11.9744305387585,-1.34045644359711,0.434659009189489,-8.39530113132989,2.35505762414269,-5.45567110825698,-9.9519269603437,11.7398146077262,2.20739221697771,2.07886273322276,-6.38311384555144,12.0570617755323,120.546306830529,1448,1371,1371,1383,1388,5.33999999999997,267,50,1,0.506521739130435,-3.14404495433083,3.14404495433083,0.306406646075861,-0.284166027096624
5.34,0,0,13,68.181395649822,-0.361798926578451,-120.582210894957,11.9524169239703,-1.34641264505338,0.418340227350358,-8.220154854527,1.01460468688506,-5.50458383048117,-10.1417366743484,11.7537583538711,2.09115203543284,2.00456101136414,-6.42324492309657,12.0352858661932,120.582210894957,1451,1372,1372,1380,1382,5.35999999999997,268,50,1,0.508695652173913,-3.07535467850735,3.07535467850735,0.433642027217516,-0.629480720495966
5.36,0,0,13,68.4185794321384,-0.378498061584451,-120.618267369432,11.9305261001803,-1.3529645792638,0.399410007038035,-8.06032932806894,-0.251342562343281,-5.53470882698242,-10.327375811918,11.7414760341927,1.97881500501799,1.91743128380509,-6.46631493013612,12.0136378559348,120.618267369432,1453,1374,1374,1379,1376,5.37999999999997,269,50,1,0.51195652173913,-3.03656403494412,3.03656403494412,0.518411338858581,-0.958209923603965
5.38,0,0,13,68.6552672201094,-0.395835380295345,-120.654414878799,11.9088726841584,-1.36015392085069,0.378579684481155,-7.89051748800756,-1.39931824879175,-5.54725157386764,-10.5090154817584,11.7049761104799,1.87056898958995,1.82080338352562,-6.51245538600969,11.9922720897002,120.654414878799,1455,1375,1375,1379,1371,5.39999999999997,270,50,1,0.514130434782609,-2.85856111312684,2.85856111312684,0.566282105332414,-1.27757299978206
5.4,0,0,13,68.8914721132246,-0.413812849537822,-120.690588194386,11.8873784193045,-1.36796758790249,0.356599812552329,-7.65094144322728,-2.40988479275324,-5.54853916165303,-10.6855557393782,11.6468932310536,1.76639715889123,1.71825427458364,-6.56164239110495,11.9711429876855,120.690588194386,1458,1376,1376,1381,1366,5.41999999999997,271,50,1,0.516304347826087,-2.72844313464055,2.72844313464055,0.593315594674589,-1.47923647354716
5.42,0,0,13,69.1272077851662,-0.432430351412648,-120.72672036354,11.8660755721102,-1.3763874294901,0.334147483889188,-7.40760736909721,-3.28013412739675,-5.54593135648217,-10.85630542947,11.5700306378754,1.66602088418736,1.61301706322167,-6.61377089880851,11.9503073759665,120.72672036354,1460,1378,1378,1383,1362,5.43999999999997,272,50,1,0.519565217391304,-2.65496315419032,2.65496315419032,0.608581896007219,-1.78047012640044
5.44,0,0,13,69.3624901592006,-0.451687563364545,-120.762744628241,11.8450986250265,-1.38547347201425,0.311780182614336,-7.1918065379775,-4.01598717986474,-5.5351741638123,-11.021592650069,11.4771532430328,1.56915660676644,1.50775991370459,-6.66905409740778,11.9299247717884,120.762744628241,1463,1379,1379,1385,1357,5.45999999999997,273,50,1,0.521739130434783,-2.61346767762531,2.61346767762531,0.617203053025786,-1.98610449103725
5.46,0,0,13,69.5973360169035,-0.471583427784983,-120.798595757317,11.8243865815527,-1.39520261542018,0.289946222024064,-7.01181418641387,-4.62783266515594,-5.52015092880899,-11.1821207561719,11.3708487392378,1.47548655299643,1.40467044610523,-6.72741984031277,11.9099444658548,120.798595757317,1464,1380,1380,1389,1354,5.47999999999997,274,50,1,0.525,-2.59003443002769,2.59003443002769,0.622071576626846,-2.27084551445919
5.48,0,0,13,69.83176279569,-0.492116843491733,-120.834210829806,11.804081597342,-1.40561249886924,0.269035615683352,-6.83154364452558,-5.11262083430587,-5.49670672574443,-11.3384786571347,11.2535560994348,1.38474362870215,1.30564473931361,-6.78897337576114,11.8905201322815,120.834210829806,1467,1382,1382,1394,1351,5.49999999999997,275,50,1,0.526086956521739,-2.42070410801905,2.42070410801905,0.573725292494216,-2.46361396618537
5.5,0,0,13,70.0657873958744,-0.513285622727136,-120.869529339356,11.7840207614671,-1.41663304717618,0.249525476273628,-6.58648482705657,-5.45201755221409,-5.47281337331167,-11.4898237513172,11.1280893405492,1.29648935575528,1.21305119527376,-6.85347658481607,11.871489268847,120.869529339356,1469,1383,1383,1399,1349,5.51999999999997,276,50,1,0.529347826086957,-2.29548370380961,2.29548370380961,0.536735380100428,-2.68488418502918
5.52,0,0,13,70.2994268318462,-0.535087561392281,-120.904494973147,11.7644521848379,-1.42826923032245,0.231758910609639,-6.33919191067647,-5.65827953804028,-5.45012573766642,-11.6356010814228,10.9970726103244,1.21021041599931,1.12857699234813,-6.92081658740429,11.8531008768284,120.904494973147,1471,1384,1384,1404,1347,5.53999999999997,277,50,1,0.531521739130435,-2.2247694723074,2.2247694723074,0.430687126844227,-2.83115284461808
5.54,0,0,13,70.5326990707383,-0.557520378174491,-120.939055799621,11.7453110499226,-1.44045103794941,0.21614203380225,-6.11903197397475,-5.70749049866639,-5.4347343757389,-11.7762427401519,10.8635037410186,1.12520012044616,1.05426144942066,-6.99069753504414,11.8352840367665,120.939055799621,1473,1386,1386,1409,1344,5.55999999999997,278,50,1,0.533695652173913,-2.18483586429425,2.18483586429425,0.354653273735921,-2.91375340736972
5.56,0,0,13,70.765620574721,-0.580581900382914,-120.973165841861,11.7266399350103,-1.45312232562157,0.202872941423177,-5.90061254455656,-5.63520282051915,-5.42655782357695,-11.9123711215428,10.7299584965975,1.04074095500837,0.991128229784729,-7.06282822456946,11.8180711661828,120.973165841861,1475,1387,1387,1416,1343,5.57999999999997,279,50,1,0.535869565217391,-2.0061874897393,2.0061874897393,0.226556199603635,-3.09154488631337
5.58,0,0,13,70.9982073042949,-0.604270810927458,-121.006784787675,11.7084706609597,-1.46626314033179,0.192263986220066,-5.62491236903503,-5.41530873080803,-5.42294042583723,-12.0433043979745,10.5991220699556,0.956143586171276,0.940765477052338,-7.13709374272604,11.8014905099165,121.006784787675,1477,1388,1388,1425,1342,5.59999999999997,280,50,1,0.53804347826087,-1.87570501239514,1.87570501239514,0.086245793325827,-3.21681253974979
5.6,0,0,13,71.230474462879,-0.628586516366915,-121.039878740855,11.6908321541741,-1.47980131152356,0.184533780902561,-5.35413413475314,-5.06332792893557,-5.43067008662893,-12.1686844773729,10.4736994844679,0.870621805490406,0.904309353421273,-7.21312765598195,11.7855598549645,121.039878740855,1479,1389,1389,1434,1341,5.61999999999997,281,50,1,0.540217391304348,-1.80201919283442,1.80201919283442,-0.0677801214229962,-3.28755345374673
5.62,0,0,13,71.4624362473915,-0.653529127712345,-121.072421062165,11.6737489431237,-1.49365745717551,0.179820032561772,-5.11751991276662,-4.58774664162561,-5.45225969367406,-12.289108262797,10.3561416212947,0.783330309482922,0.882502632321439,-7.29052828395662,11.7702915100081,121.072421062165,1480,1390,1390,1442,1341,5.63999999999997,282,50,1,0.542391304347826,-1.76040747519349,1.76040747519349,-0.232042567879392,-3.32750212984819
5.64,0,0,13,71.6941057266103,-0.679099762322899,-121.104392526322,11.6572388052561,-1.50775738537196,0.178184992303701,-4.9230864558675,-4.00346639568663,-5.48778657086844,-12.405516453304,10.2486721482649,0.693437364936661,0.875717930345057,-7.36891981952271,11.7556921866556,121.104392526322,1482,1391,1391,1451,1340,5.65999999999997,283,50,1,0.543478260869565,-1.73690858415379,1.73690858415379,-0.394867561545514,-3.3500618711929
5.66,0,0,13,71.9254936835056,-0.70530081693328,-121.135781350503,11.641207055542,-1.52203563583268,0.179607946812082,-4.76924065872091,-3.32965341083319,-5.53630624766555,-12.5188862539483,10.1531495239254,0.600192799677173,0.88392559623191,-7.44803674465215,11.741658877744,121.135781350503,1484,1392,1392,1458,1340,5.67999999999997,284,50,1,0.545652173913043,-1.72363833453658,1.72363833453658,-0.562730412726764,-3.36280176595807
5.68,0,0,13,72.1566096170446,-0.732136007878858,-121.166583146387,11.6257621500755,-1.53642344194349,0.184020720566914,-4.61675629268666,-2.5821670648341,-5.59676926989785,-12.6299385637676,10.0711230747736,0.502930598275874,0.906842069210314,-7.52746775231222,11.728290846866,121.166583146387,1486,1393,1393,1464,1340,5.69999999999997,285,50,1,0.547826086956522,-1.5600472416614,1.5600472416614,-0.720370412435527,-3.36999621540443
5.7,0,0,13,72.3874626677011,-0.759610023358621,-121.196801166658,11.6108981874082,-1.55083346124855,0.191299321131648,-4.40184855490657,-1.78826300744097,-5.67108047774288,-12.7379094535696,10.0037013604245,0.401073201044982,0.943910793230955,-7.60677996459075,11.7155723963088,121.196801166658,1486,1394,1394,1470,1341,5.71999999999997,286,50,1,0.55,-1.43806788414999,1.43806788414999,-0.862281985713694,-3.37405905138466
5.72,0,0,13,72.6180605656477,-0.787728984361155,-121.226445770215,11.5966070579978,-1.56520873421489,0.201232157815461,-4.18512176562261,-0.972509974813744,-5.76094330047808,-12.84227296137,9.9514584643435,0.294110878462554,0.994135287557643,-7.68568766680337,11.703489565963,121.226445770215,1488,1395,1395,1474,1341,5.73999999999997,287,50,1,0.55,-1.36918393045243,1.36918393045243,-0.993942836959115,-3.37635340848944
5.74,0,0,13,72.8484076158146,-0.816500629223009,-121.255533336254,11.582664326877,-1.57948873666144,0.213517776283743,-3.99605224172726,-0.163407127656787,-5.86562239412161,-12.9434233392337,9.91451424865233,0.181630826213512,1.05608533702075,-7.76403062474335,11.6918128371582,121.255533336254,1489,1395,1395,1479,1340,5.75999999999997,288,50,1,0.552173913043478,-1.33028391348387,1.33028391348387,-1.0765056731967,-3.37764907352487
5.76,0,0,13,73.0785068310693,-0.845934148588088,-121.284086273718,11.5692716651805,-1.59361662987309,0.227735822161521,-3.84363939857139,0.609409220156801,-5.98338251880759,-13.0420836437945,9.89224915993719,0.0634223834457952,1.12769558008086,-7.84138840377033,11.680733043369,121.284086273718,1491,1396,1396,1480,1341,5.77999999999996,289,50,1,0.553260869565217,-1.30831636895532,1.30831636895532,-1.18809427279285,-3.37838075905043
5.78,0,0,13,73.3083611980173,-0.876039703588491,-121.312131170775,11.5562988067185,-1.60754334443878,0.243580682883506,-3.72737597835509,1.36013996422742,-6.11228330392412,-13.1390479161278,9.88412105797082,-0.0606995163793785,1.20748685311431,-7.91759538587626,11.6701143637707,121.312131170775,1492,1397,1397,1481,1341,5.79999999999996,290,50,1,0.555434782608696,-1.29591089846403,1.29591089846403,-1.26342772856475,-3.37879395512632
5.8,0,0,13,73.5379726000308,-0.906828438560918,-121.33969851452,11.5438353172123,-1.62122853053839,0.260637176433771,-3.64295318310936,2.04936960142303,-6.25048928485452,-13.2350369529278,9.88924198702044,-0.190794549911733,1.29340665689264,-7.99238374234595,11.6600363428631,121.33969851452,1493,1398,1398,1481,1342,5.81999999999996,291,50,1,0.556521739130435,-1.28890530446557,1.28890530446557,-1.30596989623261,-3.37902729443832
5.82,0,0,13,73.7673418746803,-0.938312324304744,-121.366822129978,11.5317529206723,-1.63462738749515,0.278456222088637,-3.55157293318044,2.65704363073964,-6.39657289946549,-13.3304779145619,9.90613456694197,-0.326740773164798,1.38324733833894,-8.06561356424922,11.6503592213718,121.366822129978,1495,1398,1398,1481,1342,5.83999999999996,292,50,1,0.557608695652174,-1.12885197614643,1.12885197614643,-1.32999422926415,-3.37915906537638
5.84,0,0,13,73.996467954572,-0.97050337346205,-121.393537565289,11.5200365240051,-1.64767361028777,0.296650739852174,-3.39107031270603,3.17673361141398,-6.55217277675861,-13.42434270627,9.93307853255814,-0.468346888771347,1.47508907099896,-8.13696540017896,11.6410511338927,121.393537565289,1496,1399,1399,1480,1341,5.85999999999996,293,50,1,0.559782608695652,-1.00887045839121,1.00887045839121,-1.34356120549621,-3.37923347881306
5.86,0,0,13,74.2253501875603,-1.00341379750092,-121.419881236554,11.5087806354037,-1.66033004330288,0.314869601463084,-3.22238291588114,3.60955878869245,-6.71890382800928,-13.5158684614031,9.96830257872552,-0.615443674654397,1.56716863269787,-8.20618596854637,11.6321911277481,121.419881236554,1497,1399,1399,1477,1341,5.87999999999996,294,50,1,0.560869565217391,-0.941114721008842,0.941114721008842,-1.3512227228353,-3.37927550142927
5.88,0,0,13,74.4539873735143,-1.03705604881343,-121.44588931587,11.4978641387538,-1.67255667682965,0.33279221769435,-3.07586706183519,3.96074761673609,-6.89611857116162,-13.6052385424635,10.0101016779662,-0.767875032141669,1.65789640399287,-8.27315969278057,11.6236429853383,121.44588931587,1497,1400,1400,1473,1341,5.89999999999996,295,50,1,0.56195652173913,-0.902851828239019,0.902851828239019,-1.35554932051876,-3.37929923236218
5.9,0,0,13,74.6823768280455,-1.07144253244236,-121.471596898076,11.4872801764775,-1.68431751147485,0.350119480641306,-2.96150721491777,4.22505997275826,-7.08224679882399,-13.6930105226686,10.0568415118971,-0.925468214338372,1.74577096946473,-8.33771303067423,11.6153826877584,121.471596898076,1498,1401,1401,1469,1341,5.91999999999996,296,50,1,0.56195652173913,-0.88124407929146,0.88124407929146,-1.31468338212497,-3.37931263365005
5.92,0,0,13,74.9105144157584,-1.10658553887946,-121.497037954523,11.4769151809304,-1.69558411435861,0.36649721040279,-2.87978041778896,4.38500939915464,-7.27547778593336,-13.7798071480494,10.1065297225996,-1.08791720244076,1.82902893453775,-8.39978922451519,11.6072782237857,121.497037954523,1499,1401,1401,1465,1341,5.93999999999996,297,50,1,0.56304347826087,-0.86904179188498,0.86904179188498,-1.28339407856081,-3.37932020160017
5.94,0,0,13,75.1383958583333,-1.14249690009147,-121.52224408336,11.4668753508621,-1.70633613380858,0.38166962591966,-2.82716496821637,4.45222528367472,-7.47409023600561,-13.8662059796982,10.1572887494877,-1.2548975929236,1.90635965277378,-8.45921327329534,11.5994174430055,121.52224408336,1500,1401,1401,1461,1339,5.95999999999996,298,50,1,0.564130434782609,-0.862150939056593,0.862150939056593,-1.20797877979676,-3.37932447535874
5.96,0,0,13,75.3660178394493,-1.17918799092791,-121.547244599375,11.4571583624553,-1.71656047114828,0.395338867603819,-2.79894234576614,4.41364618209377,-7.67655809618511,-13.952677278309,10.2070575339497,-1.42599538971364,1.97625487632757,-8.51592486502885,11.5917794325862,121.547244599375,1501,1402,1402,1455,1338,5.97999999999996,299,50,1,0.565217391304348,-0.858259549588315,0.858259549588315,-1.1544416371343,-3.37932688882766
5.98,0,0,13,75.5933771479914,-1.21666950861321,-121.572065075592,11.4477624263728,-1.72627264233042,0.407338945022537,-2.79057936022378,4.28962575865765,-7.87913172932064,-14.0395933873484,10.2540600083872,-1.60081639282669,2.03786200092932,-8.57000103498633,11.5843518084727,121.572065075592,1502,1402,1402,1450,1337,5.99999999999996,300,50,1,0.566304347826087,-0.856062011435788,0.856062011435788,-1.05202616495183,-3.49173863255995
6,0,0,13,75.8204707279326,-1.25495230251184,-121.596727442304,11.4386874294424,-1.7355393538098,0.417443566691435,-2.79786158660353,4.06544703069819,-8.07521282874938,-14.1272025365612,10.2963844619127,-1.77878422166639,2.0900252052935,-8.62177042828944,11.5771294407758,121.596727442304,1503,1403,1403,1444,1336,6.01999999999996,301,50,1,0.567391304347826,-0.854821021817253,0.854821021817253,-0.980504345869185,-3.57653293851925
6.02,0,0,13,76.0472959119021,-1.29404629894397,-121.621249006748,11.4299312084509,-1.74436216004747,0.425579338355871,-2.81653103803298,3.76867149189223,-8.26716237186387,-14.2156673758149,10.3324886458223,-1.95937697110761,2.13235238461505,-8.67124115303977,11.5701013197189,121.621249006748,1503,1403,1403,1439,1334,6.03999999999996,302,50,1,0.568478260869565,-0.854120212490442,0.854120212490442,-0.860714393241747,-3.62441781973754
6.04,0,0,13,76.2738504241771,-1.33396010666401,-121.64564311209,11.4214984628598,-1.75274235572411,0.431603911310702,-2.84359782191724,3.38509780495394,-8.45648689789337,-14.3050722211608,10.3607081007545,-2.14207635511706,2.16410497712222,-8.71841670501223,11.5632614274225,121.64564311209,1504,1404,1404,1435,1331,6.05999999999996,303,50,1,0.568478260869565,-0.85372445276352,0.85372445276352,-0.778012295594643,-3.65145927993169
6.06,0,0,13,76.5001315401721,-1.37470095499095,-121.66991784868,11.4132805652931,-1.76069785538072,0.4355512980047,-2.84415029271168,2.95110044561175,-8.64120852078517,-14.3953035483386,10.3798185232946,-2.32647688452202,2.18544942172584,-8.76346219468251,11.5565018553727,121.66991784868,1505,1404,1404,1431,1329,6.07999999999996,304,50,1,0.569565217391304,-0.697403817640991,0.697403817640991,-0.66634505255685,-3.79787552681865
6.08,0,0,13,76.7261372080516,-1.41627539865933,-121.694076656708,11.4053930290662,-1.76827093844557,0.437458668588628,-2.7601883230769,2.46253801807651,-8.81812189294794,-14.4848812548434,10.3887414047603,-2.51210883656926,2.19652712200867,-8.80649325959729,11.5499412269477,121.694076656708,1506,1404,1404,1427,1327,6.09999999999996,305,50,1,0.570652173913043,-0.579530219377787,0.579530219377787,-0.590967185408269,-3.90542501813045
6.1,0,0,13,76.9518672536189,-1.4586888015743,-121.718118342,11.3978373153651,-1.77545018196109,0.437484177488189,-2.65381767586556,1.95081378351072,-8.99379075334645,-14.5726603481721,10.3868394129643,-2.69867442201802,2.19810983103295,-8.84744340996148,11.5435831188461,121.718118342,1507,1405,1405,1424,1325,6.11999999999996,306,50,1,0.571739130434783,-0.512964862332293,0.512964862332293,-0.4906542758148,-3.96616016488695
6.12,0,0,13,77.1773222356256,-1.50194526167189,-121.74203783891,11.3906236159467,-1.78223892597298,0.435705729322028,-2.55759225049006,1.41073831121333,-9.16867174425473,-14.6584907748427,10.3735358930509,-2.88597724176078,2.19056791235417,-8.88631348583539,11.5374399860619,121.74203783891,1508,1405,1405,1421,1322,6.13999999999996,307,50,1,0.572826086956522,-0.475374198910786,0.475374198910786,-0.423057001122269,-4.11286878370579
6.14,0,0,13,77.4025035596049,-1.54604841506468,-121.76582580078,11.3837573760245,-1.78868860429068,0.432298360398971,-2.48356052056874,0.87078688666604,-9.33795975671779,-14.7426522944247,10.3486521405818,-3.0738469660341,2.1747630948007,-8.92334060875445,11.5315315891566,121.76582580078,1508,1406,1406,1420,1319,6.15999999999996,308,50,1,0.573913043478261,-0.454146070058367,0.454146070058367,-0.341574348592782,-4.21703115655471
6.16,0,0,13,77.6274134290164,-1.59100103178241,-121.789469509722,11.3772468326333,-1.79480892346037,0.427396945176876,-2.43348563782932,0.329227963223012,-9.50209009942266,-14.8255493198437,10.3121437120939,-3.26212985004006,2.15135806292193,-8.95855602136917,11.5258731864942,121.789469509722,1509,1406,1406,1419,1316,6.17999999999996,309,50,1,0.573913043478261,-0.44215816099909,0.44215816099909,-0.287348050499789,-4.38826391693647
6.18,0,0,13,77.852053787724,-1.6368052463777,-121.812952621232,11.3709844512399,-1.80065721803348,0.421234294964993,-2.40504364014497,-0.183225504331458,-9.65709730118058,-14.9075845778889,10.264328074364,-3.45070682772095,2.12153277369657,-8.9923118198354,11.5203772567764,121.812952621232,1509,1406,1406,1419,1313,6.19999999999996,310,50,1,0.575,-0.435388371508335,0.435388371508335,-0.256725477277281,-4.50627551695265
6.2,0,0,13,78.0764274330938,-1.68346225851652,-121.836255830348,11.3650879421685,-1.8062499528895,0.414088009066938,-2.39405509956456,-0.649860113210849,-9.80424431822518,-14.9891135952782,10.2059908075265,-3.63958627213253,2.08665388993988,-9.02458416193467,11.5151739763145,121.836255830348,1509,1407,1407,1420,1310,6.21999999999996,311,50,1,0.575,-0.431565348700728,0.431565348700728,-0.239432355236021,-4.68532918689157
6.22,0,0,13,78.3005378451789,-1.73097295865263,-121.859357780023,11.3594467621425,-1.81165003193994,0.406235443414632,-2.39647391390816,-1.0638561618981,-9.94030638811393,-15.0704180905464,10.1381466162383,-3.82879632977539,2.04813332950508,-9.05575516570961,11.5101752295812,121.859357780023,1510,1407,1407,1421,1307,6.23999999999995,312,50,1,0.575,-0.429406418440424,0.429406418440424,-0.22966661583323,-4.80775739626526
6.24,0,0,13,78.5243879856467,-1.77933765462747,-121.882235746789,11.3540684857219,-1.81687828905785,0.397934411869744,-2.40838517976853,-1.42394798794101,-10.06715058395,-15.151705607107,10.0618792770797,-4.01840158243075,2.00726583847806,-9.08591000043098,11.5054017614276,121.882235746789,1511,1407,1407,1424,1303,6.25999999999995,313,50,1,0.576086956521739,-0.428187231398279,0.428187231398279,-0.224151725817668,-4.9893052055462
6.26,0,0,13,78.7479823892419,-1.828556776583,-121.904866587266,11.3490701268746,-1.82200014680168,0.389409857542963,-2.42680047731645,-1.73193367148899,-10.1820427030984,-15.2331160163979,9.97827252109174,-4.20843650995553,1.96516466560295,-9.11526828653724,11.5009876670142,121.904866587266,1511,1408,1408,1426,1300,6.27999999999995,314,50,1,0.577173913043478,-0.427498734381463,0.427498734381463,-0.221037367485001,-5.11314190060513
6.28,0,0,13,78.9713270253027,-1.87863065111874,-121.927227391184,11.344456706309,-1.82704141852653,0.380851174137475,-2.44910316307,-1.99123002340963,-10.2867622406384,-15.3147340793485,9.88835277002504,-4.39894400791423,1.92278688670573,-9.14394394489483,11.4969485483398,121.927227391184,1512,1408,1408,1430,1297,6.29999999999995,315,50,1,0.577173913043478,-0.427109927639118,0.427109927639118,-0.219278632896118,-5.31694538416641
6.3,0,0,13,79.194427006034,-1.92955995196752,-121.949295238179,11.3401205236125,-1.83208032884321,0.372458206508713,-2.47346814202801,-2.18767945074381,-10.3778381968147,-15.3966010128091,9.79317005645259,-4.58992882945859,1.88116295632532,-9.17239867033637,11.4931969850424,121.949295238179,1512,1409,1409,1434,1294,6.31999999999995,316,50,1,0.578260869565217,-0.426890361425758,0.426890361425758,-0.283249313370392,-5.45741919692468
6.32,0,0,13,79.4172878078056,-1.98134512488501,-121.971047049566,11.3361772010483,-1.83714087314517,0.364561455346397,-2.49801894360858,-2.28812094280046,-10.4580239653692,-15.4787574758105,9.69443713399796,-4.78161036621109,1.84194689844465,-9.20064789313697,11.4898609728783,121.971047049566,1513,1409,1409,1438,1291,6.33999999999995,317,50,1,0.578260869565217,-0.426766368406092,0.426766368406092,-0.331692067281877,-5.66550896599257
6.34,0,0,13,79.639914915379,-2.03398724248974,-121.992461219587,11.3325141873159,-1.84229574861806,0.357378039313393,-2.52165109577193,-2.31004131247264,-10.5247293956185,-15.5612177676632,9.59382747827811,-4.97417721223598,1.806260217241,-9.22913159779656,11.4868468473327,121.992461219587,1513,1409,1409,1442,1287,6.35999999999995,318,50,1,0.579347826086957,-0.426696347300885,0.426696347300885,-0.416794230312027,-5.80743464028391
6.36,0,0,13,79.8623137540887,-2.0874876358324,-122.013517979022,11.3292465884422,-1.84757030234723,0.351158753312351,-2.54326611241187,-2.24335691657614,-10.5804902038889,-15.643985317777,9.49309879932842,-5.16788241441652,1.77535855865022,-9.25787486660415,11.484278677996,122.013517979022,1513,1410,1410,1447,1284,6.37999999999995,319,50,1,0.579347826086957,-0.426656805113851,0.426656805113851,-0.475801720770984,-6.03780457875947
6.38,0,0,13,80.0844894339253,-2.14184870370353,-122.034200303703,11.3262591573317,-1.85303449639643,0.346032780575419,-2.52982986418342,-2.11009066726015,-10.6220245316011,-15.7268770160031,9.3937191100876,-5.3628601336451,1.74992047853722,-9.28730989201547,11.4820565243822,122.034200303703,1514,1410,1410,1452,1282,6.39999999999995,320,50,1,0.579347826086957,-0.270537332491473,0.270537332491473,-0.574088189735776,-6.19638120359245
6.4,0,0,13,80.3064457016428,-2.19707258920479,-122.05449371986,11.3235529849024,-1.85863972111414,0.342223021433893,-2.4245533898599,-1.89885921755718,-10.6587883388125,-15.8084103148063,9.29723120562292,-5.55935234461911,1.73107930200302,-9.31718986380149,11.480179023482,122.05449371986,1514,1410,1410,1456,1279,6.41999999999995,321,50,1,0.580434782608696,-0.152777334337573,0.152777334337573,-0.641909691278841,-6.28593229736246
6.42,0,0,13,80.5281869820408,-2.25316168009793,-122.074387678706,11.321245344086,-1.86439069925342,0.339802844830337,-2.29095558721844,-1.63582269158837,-10.6941127935724,-15.8874501441807,9.20479864958156,-5.75767079118854,1.71919475006043,-9.34743980391408,11.478763643956,122.074387678706,1514,1411,1411,1461,1277,6.43999999999995,322,50,1,0.580434782608696,-0.086276129332466,0.086276129332466,-0.745173592030406,-6.50818563797436
6.44,0,0,13,80.7497171216976,-2.31012010682072,-122.093874522057,11.3192181265158,-1.87035569610683,0.338864372534866,-2.16244142262298,-1.31110751936095,-10.7225460116237,-15.9638641660646,9.11764113766167,-5.95807771266029,1.71475635771242,-9.3784869074202,11.4777070222487,122.093874522057,1514,1411,1411,1465,1273,6.45999999999995,323,50,1,0.580434782608696,-0.0487216937307287,0.0487216937307287,-0.81580593950452,-6.66624760802039
6.46,0,0,13,80.9710382070303,-2.3679528513118,-122.112950246973,11.3174717639642,-1.87652430920733,0.33936286636492,-2.0513073820602,-0.950707680978956,-10.7468957980444,-16.0379374978743,9.03662594056327,-6.16074446608898,1.71754220696951,-9.41027828005349,11.4770064810577,122.112950246973,1514,1412,1412,1469,1271,6.47999999999995,324,50,1,0.580434782608696,-0.0275140233846543,0.0275140233846543,-0.920657175891519,-6.88426972824141
6.48,0,0,13,81.1921517281582,-2.42666580660203,-122.131613981039,11.3159972626573,-1.88293598940425,0.341313050458124,-1.96039169575517,-0.543866482693472,-10.764085848133,-16.1100996773014,8.96267445363815,-6.36582911200332,1.72763122826377,-9.4430122212859,11.476660515458,122.131613981039,1514,1413,1413,1472,1269,6.49999999999995,325,50,1,0.580434782608696,-0.0155376676146596,0.0155376676146596,-0.992185920564672,-7.03180438122307
6.5,0,0,13,81.4130584629871,-2.48626539679215,-122.149868681174,11.3147876802075,-1.88955810530591,0.344607245966062,-1.88772552561456,-0.119384346709009,-10.7790909691167,-16.1807721724981,8.89634993018313,-6.57342246859686,1.74448162807525,-9.47653287878549,11.4766547493368,122.149868681174,1515,1413,1413,1475,1267,6.51999999999995,326,50,1,0.580434782608696,-0.00877440247573133,0.00877440247573133,-1.08310695319039,-7.11511987338594
6.52,0,0,13,81.6337585435735,-2.54675814885318,-122.16772060614,11.3138332878508,-1.89638419494297,0.349178091449483,-1.83059324680686,0.326546645824756,-10.7921071999035,-16.2503349369309,8.83810155506033,-6.78365634350177,1.76775473684603,-9.51081423039439,11.4769779131816,122.16772060614,1515,1414,1414,1477,1266,6.53999999999995,327,50,1,0.581521739130435,-0.00495506408783523,0.00495506408783523,-1.14403187016285,-7.29093130299008
6.54,0,0,13,81.8542523856284,-2.60815206649178,-122.185179376367,11.3132349700716,-1.90346425119796,0.354838616467371,-1.7860085124214,0.758805572087061,-10.7983825699578,-16.3190866968188,8.78802070812994,-6.9964750291472,1.79648811965969,-9.54601947835298,11.4777337522429,122.185179376367,1514,1415,1415,1479,1263,6.55999999999995,328,50,1,0.581521739130435,-0.0027982144861104,0.0027982144861104,-1.17843727485901,-7.41462881403793
6.56,0,0,13,82.0745396111232,-2.67045576112696,-122.202257708913,11.3128654780603,-1.91077428811034,0.361377117928967,-1.75057555171233,1.17180887072805,-10.8022102232799,-16.3872391737547,8.74572186422193,-7.21169203077633,1.82962887137272,-9.58213636147984,11.4787881383949,122.202257708913,1514,1415,1415,1480,1262,6.57999999999995,329,50,1,0.580434782608696,-0.00158020242957117,0.00158020242957117,-1.24839408465027,-7.4844830401739
6.58,0,0,13,82.2946171248828,-2.73367727157012,-122.218969602923,11.3125998463019,-1.91828981752593,0.368703233989732,-1.72186631069764,1.5859190745259,-10.8063728811938,-16.4549714615357,8.71111436177667,-7.42928540579432,1.8667383405959,-9.6191466819135,11.4800127692145,122.218969602923,1514,1416,1416,1480,1261,6.59999999999995,330,50,1,0.580434782608696,-0.000892368948419531,0.000892368948419531,-1.2974801250743,-7.52393098757172
6.6,0,0,13,82.5144812677274,-2.79782479115344,-122.235331008538,11.3125410620993,-1.9260035552252,0.376651950561488,-1.66995825558887,1.97571479393087,-10.8097776628242,-16.5222820379519,8.6839672306589,-7.64922113236389,1.90696306217568,-9.65692984389027,11.4815043294982,122.235331008538,1514,1416,1416,1480,1260,6.61999999999995,331,50,1,0.580434782608696,0.136100644790789,-0.136100644790789,-1.32519990163935,-7.67496961967904
6.62,0,0,13,82.73412877703,-2.86290744009549,-122.251359843734,11.3126724536565,-1.93393564978503,0.385053631048614,-1.54477226298028,2.32689286804091,-10.8095411490071,-16.5879767445213,8.6636772102411,-7.87127141867021,1.94944510686462,-9.69559978416522,11.4832456840395,122.251359843734,1514,1417,1417,1479,1259,6.63999999999995,332,50,1,0.580434782608696,0.239363734980736,-0.239363734980736,-1.34085376180364,-7.78467748304761
6.64,0,0,13,82.9535558091983,-2.92893447953991,-122.267075246798,11.3129837453582,-1.94205101401866,0.3937264167355,-1.39997519193358,2.63378698120647,-10.8120584348513,-16.6511246243157,8.64944521938765,-8.09520825173508,1.99326375089367,-9.7349942377021,11.4852158819513,122.267075246798,1514,1418,1418,1478,1257,6.65999999999995,333,50,1,0.580434782608696,0.297678273345521,-0.297678273345521,-1.34969378031779,-7.84663150161859
6.66,0,0,13,83.1727580951393,-2.99591482450707,-122.282497101327,11.3134680125708,-1.95030682820341,0.402477185066312,-1.26380380429532,2.89568069801164,-10.8203244717374,-16.7116513032061,8.64039077583736,-8.32087536784528,2.03744096708435,-9.77491118520515,11.4873949649212,122.282497101327,1514,1418,1418,1476,1257,6.67999999999995,334,50,1,0.580434782608696,0.330609549936631,-0.330609549936631,-1.35468589897162,-7.88161805863683
6.68,0,0,13,83.3917310079363,-3.06385703964284,-122.297645498095,11.3141194895955,-1.95866224289644,0.411127313148461,-1.14710363577065,3.11455171174724,-10.8352195007386,-16.7698564622742,8.63563779749778,-8.54815202326331,2.08107226200496,-9.81515772254551,11.4897642827958,122.297645498095,1513,1419,1419,1474,1256,6.69999999999995,335,50,1,0.580434782608696,0.349206438608482,-0.349206438608482,-1.35750503884264,-7.90137560141169
6.7,0,0,13,83.6104696237028,-3.13276932408614,-122.312540289891,11.3149326009254,-1.96708091086466,0.41952418731921,-1.05224978362959,3.29376973356117,-10.8566354443586,-16.8261616683849,8.63436014044805,-8.77693598709187,2.12338514666848,-9.85556291901266,11.4923064533243,122.312540289891,1513,1419,1419,1472,1256,6.71999999999994,336,50,1,0.579347826086957,0.359708438654436,-0.359708438654436,-1.35909705821629,-7.91253304386299
6.72,0,0,13,83.8289676635582,-3.20265934289294,-122.327200652126,11.315790304418,-1.97553176663279,0.427512797801758,-0.977838790745476,3.42305217986441,-10.8840577573002,-16.8809887477079,8.63573750701419,-9.00711655923201,2.16361687588004,-9.89607802455238,11.4948946566213,122.327200652126,1513,1420,1420,1469,1256,6.73999999999994,337,50,1,0.579347826086957,0.365639108397713,-0.365639108397713,-1.30946864614285,-7.9188338538105
6.74,0,0,13,84.0472185742602,-3.27353454254341,-122.34164556853,11.3168077413348,-1.98398847396222,0.434840543140912,-0.921148902449173,3.47725294394329,-10.9168418979777,-16.9346862537672,8.63844880902564,-9.23841357877463,2.20046834789086,-9.93648337414525,11.4976273211959,122.34164556853,1512,1420,1420,1466,1255,6.75999999999994,338,50,1,0.579347826086957,0.368988265077385,-0.368988265077385,-1.27186242030145,-7.92239203537119
6.76,0,0,13,84.2652168098499,-3.34540209442476,-122.355892654996,11.317980201197,-1.99245371339664,0.441345861100968,-0.879358866509409,3.47099428055955,-10.9515731446531,-16.9875378192706,8.64122900031535,-9.47053175636219,2.23312366311316,-9.97680130503562,11.5004927635222,122.355892654996,1512,1420,1420,1463,1255,6.77999999999994,339,50,1,0.578260869565217,0.370879594547838,-0.370879594547838,-1.20731625655623,-8.05316306631567
6.78,0,0,13,84.4829555651267,-3.41826933861603,-122.369957342969,11.3191909349281,-2.00098568210041,0.446849121652298,-0.849579311728666,3.39783609715533,-10.9814391419187,-17.0397458555972,8.64280839587851,-9.70302796233294,2.260698778537,-10.0174243906566,11.5033778195298,122.369957342969,1512,1421,1421,1459,1254,6.79999999999994,340,50,1,0.578260869565217,0.371947662574491,-0.371947662574491,-1.16265430060288,-8.15142544801796
6.8,0,0,13,84.7004281961916,-3.49214290757425,-122.383852540931,11.3205495971068,-2.00956732849887,0.45126865409283,-0.828487701904569,3.27461055411085,-11.0095957209298,-17.0914497247144,8.6421640695125,-9.93550929350956,2.28276081627986,-10.0581774121426,11.5063828993517,122.383852540931,1511,1421,1421,1456,1254,6.81999999999994,341,50,1,0.578260869565217,0.372550819944679,-0.372550819944679,-1.08690543044739,-8.20691599567689
6.82,0,0,13,84.9176293760071,-3.56702843908834,-122.397589290284,11.3220543893693,-2.01817978396058,0.454480648155045,-0.81384882032948,3.09207091851127,-11.0381590278137,-17.1427331579487,8.63817770815585,-10.1676096099783,2.29868621946322,-10.0989735403176,11.5094968567601,122.397589290284,1511,1421,1421,1453,1254,6.83999999999994,342,50,1,0.577173913043478,0.372891433842046,-0.372891433842046,-1.03454850857193,-8.23825251354002
6.84,0,0,13,85.134553026239,-3.64293021043978,-122.411175637891,11.3235925585475,-2.026807158195,0.45647128797536,-0.804115568385127,2.87248392049934,-11.0682481427412,-17.1936552574977,8.62998921753286,-10.3990729587291,2.30843039267164,-10.1398338400591,11.5126044718495,122.411175637891,1511,1421,1421,1450,1254,6.85999999999994,343,50,1,0.577173913043478,0.373083784682498,-0.373083784682498,-0.961672359464025,-8.25594881305795
6.86,0,0,13,85.3511934585321,-3.71985154920286,-122.424617027884,11.3252814578416,-2.03543543694629,0.457203156255676,-0.798225087967148,2.61232020431002,-11.1004260809887,-17.2442506862813,8.61678680358497,-10.6296729382601,2.31178309998292,-10.1805884754931,11.5158166120947,122.424617027884,1510,1422,1422,1448,1254,6.87999999999994,344,50,1,0.577173913043478,0.373192408687884,-0.373192408687884,-0.912306309820324,-8.2659422340882
6.88,0,0,13,85.5675465606736,-3.79779494740469,-122.437916048987,11.3271192624166,-2.04404058406263,0.456759910427024,-0.766736479976286,2.34306553783672,-11.1351129888493,-17.2944092404835,8.59809206356951,-10.8592941694545,2.30917000453464,-10.2211176191261,11.5191302757664,122.437916048987,1510,1422,1422,1446,1254,6.89999999999994,345,50,1,0.576086956521739,0.509858332339689,-0.509858332339689,-0.884428406974591,-8.27158570004483
6.9,0,0,13,85.7836076911831,-3.87676135325717,-122.451072301559,11.3289963201888,-2.0525721279096,0.455300025573191,-0.659864071609871,2.06914833296613,-11.1749734970719,-17.3428824758229,8.57384661076677,-11.0879803937751,2.3014164773117,-10.2612647301064,11.5224349890294,122.451072301559,1509,1422,1422,1444,1254,6.91999999999994,346,50,1,0.576086956521739,0.61293670882975,-0.61293670882975,-0.818157795769709,-8.27477266754148
6.92,0,0,13,85.999372602028,-3.95675111853424,-122.4640838073,11.3310373296618,-2.06100251603032,0.452863459810176,-0.532913273613518,1.77071387941997,-11.2224213420023,-17.3887043004422,8.54365844888807,-11.3157326880246,2.28870155491887,-10.3007829488293,11.5258502354708,122.4640838073,1509,1422,1422,1442,1254,6.93999999999994,347,50,1,0.575,0.671146936020826,-0.671146936020826,-0.77115341848873,-8.27657240584109
6.94,0,0,13,86.2148375293428,-4.03776403732516,-122.476946362524,11.333137729344,-2.06930114650873,0.449553839615308,-0.414813809107542,1.47512361653437,-11.2777383404989,-17.4317899794047,8.50728624805038,-11.5426255878941,2.27157220833732,-10.33961105331,11.5292721661836,122.476946362524,1509,1422,1422,1441,1254,6.95999999999994,348,50,1,0.575,0.704019306201816,-0.704019306201816,-0.744609194824471,-8.27758875067375
6.96,0,0,13,86.4299992759885,-4.11979921863468,-122.489653406415,11.3354198910946,-2.07743844402077,0.445517413513403,-0.316521540323883,1.19884276928305,-11.3402359846189,-17.4724534239833,8.46492404215049,-11.7688666976081,2.25074466849256,-10.3774898100399,11.5328218733258,122.489653406415,1509,1422,1422,1441,1253,6.97999999999994,349,50,1,0.575,0.722582929356368,-0.722582929356368,-0.729619190686637,-8.27816269901896
6.98,0,0,13,86.6448562112719,-4.20285547607785,-122.502196882766,11.3378895848471,-2.08538831419407,0.440909948270502,-0.240275315400552,0.949827162112215,-11.4088839501764,-17.5111391406537,8.41699488285372,-11.9947193526555,2.22700670140429,-10.4142800663849,11.536506674104,122.502196882766,1509,1422,1422,1441,1253,6.99999999999994,350,50,1,0.575,0.733066143761867,-0.733066143761867,-0.721154063701031,-8.27848681805059
7,0,0,13,86.8594070889361,-4.28693126340838,-122.514567605072,11.3405546104649,-2.09312908686317,0.435883060094232,-0.184446807959094,0.731199293520833,-11.4826146173843,-17.548295633566,8.36402739705233,-12.2204601157971,2.2011244791151,-10.4498628786774,11.5403363161255,122.514567605072,1508,1422,1422,1441,1253,7.01999999999994,351,50,1,0.575,0.738986204913544,-0.738986204913544,-0.716373653087162,-8.27866985394145
7.02,0,0,13,87.0736509983263,-4.37202481406873,-122.526755677977,11.3434226970161,-2.10064334229678,0.430576039838262,-0.14599646139374,0.543354936958061,-11.5604532680376,-17.5843222885253,8.30658536326156,-12.4463570720777,2.17380170438548,-10.4841408455155,11.5443205369913,122.526755677977,1508,1422,1422,1442,1252,7.03999999999994,352,50,1,0.573913043478261,0.742329370729291,-0.742329370729291,-0.713674068582872,-8.27877321762599
7.04,0,0,13,87.2875862265849,-4.45813401555034,-122.538750665786,11.3463903151566,-2.10791762254197,0.425113462577234,-0.121656291465859,0.385171769339357,-11.6415642695406,-17.6195528755451,8.24522782743394,-12.6726594353723,2.14568852929589,-10.5171374028155,11.5483596819361,122.538750665786,1507,1422,1422,1443,1252,7.05999999999994,353,50,1,0.573913043478261,0.74421731705032,-0.74421731705032,-0.712149564291409,-8.27883158897181
7.06,0,0,13,87.5012113048898,-4.54525673686492,-122.550542006225,11.349578866054,-2.11494159541105,0.419601984965781,-0.108442257880539,0.254714224994267,-11.7252511929425,-17.6542561594066,8.18048687577965,-12.8995932133341,2.11730131417371,-10.5486891183158,11.5525747872311,122.550542006225,1507,1422,1422,1444,1251,7.07999999999994,354,50,1,0.572826086956522,0.745283474551183,-0.745283474551183,-0.71128864909094,-8.2788645523286
7.08,0,0,13,87.7145249327299,-4.63339090400275,-122.562119255297,11.3528828226973,-2.12170750417947,0.414130563518112,-0.103834906514083,0.149648397247531,-11.8109421457443,-17.6886434455138,8.11285597623695,-13.1273600124191,2.08910967685164,-10.5788512991654,11.5568635556031,122.562119255297,1506,1422,1422,1445,1251,7.09999999999994,355,50,1,0.572826086956522,0.745885553012835,-0.745885553012835,-0.710802474675724,-8.27888316733354
7.1,0,0,13,87.9275259314864,-4.72253456307552,-122.573472245233,11.3564231326031,-2.1282096757704,0.408771231584025,-0.105799398267551,0.0674839565597906,-11.8981694402227,-17.7228782342882,8.04278439276704,-13.3561374946002,2.06145536264823,-10.6074847116248,11.5613458001453,122.573472245233,1506,1422,1422,1447,1250,7.11999999999994,356,50,1,0.571739130434783,0.746225557631,-0.746225557631,-0.710527923172995,-8.27889367956417
7.12,0,0,13,88.140213201303,-4.8126859297868,-122.584591247828,11.360094122663,-2.13444413183759,0.403580588565169,-0.112737719382277,0.00572175592490093,-11.9865493379017,-17.7570855459498,7.97067543445157,-13.5860805832291,2.03464367654114,-10.6346651835622,11.5659183603882,122.584591247828,1505,1422,1422,1449,1249,7.13999999999994,357,50,1,0.571739130434783,0.746417564400444,-0.746417564400444,-0.710372878963979,-8.27889961601131
7.14,0,0,13,88.3525856630406,-4.90384352799518,-122.595467025879,11.364014988202,-2.14043366472139,0.398601180483398,-0.12361302307149,-0.0380613551123899,-12.0729549389917,-17.7913593809979,7.89689096507379,-13.8173100125329,2.0088680185364,-10.6603944523328,11.5707033418991,122.595467025879,1505,1422,1422,1451,1249,7.15999999999994,358,50,1,0.570652173913043,0.746525994102698,-0.746525994102698,-0.710285322689436,-8.40766462976636
7.16,0,0,13,88.5646420414893,-4.99600704196265,-122.606090665208,11.3680736597675,-2.14625478652597,0.39386293375177,-0.137355641177741,-0.0661595112018062,-12.1508039670303,-17.8257584462472,7.82178697460985,-14.0498082223267,1.98429931921417,-10.6851471390648,11.5756052262147,122.606090665208,1504,1422,1422,1453,1248,7.17999999999993,359,50,1,0.570652173913043,0.746587226320524,-0.746587226320524,-0.710235878074506,-8.50479417720872
7.18,0,0,13,88.7763810362152,-5.08917644762151,-122.616453793976,11.3723830905265,-2.15190598405395,0.389419671591413,-0.152300100958182,-0.0662213409411171,-12.2235632187232,-17.8603111074072,7.74574864924775,-14.2835518828959,1.96118868662583,-10.7088111895313,11.5807359093679,122.616453793976,1504,1421,1421,1455,1247,7.19999999999993,360,50,1,0.569565217391304,0.746621805263581,-0.746621805263581,-0.760735410068744,-8.55964499283183
7.2,0,0,13,88.9878015383544,-5.18335126953838,-122.626548207675,11.3768284445382,-2.15738257445025,0.385445502566448,-0.167480174527747,-0.0104430993485705,-12.2936114237976,-17.8950543842852,7.66969021740974,-14.5187572655682,1.94043152034193,-10.7314644773215,11.5859869352785,122.626548207675,1503,1421,1421,1457,1246,7.21999999999993,361,50,1,0.569565217391304,0.746641332619366,-0.746641332619366,-0.798833573115852,-8.59062024242111
7.22,0,0,13,89.1989023504821,-5.27853114976321,-122.636367034629,11.3815234148376,-2.16268141599191,0.382010728181369,-0.182442244530396,0.0763205483221878,-12.3622775292003,-17.9300165663821,7.59445264694638,-14.7556572885502,1.92236030717353,-10.7529859172681,11.5914709310777,122.636367034629,1502,1421,1421,1459,1245,7.23999999999993,362,50,1,0.568478260869565,0.746652360071052,-0.746652360071052,-0.820348296203761,-8.60811252719789
7.24,0,0,13,89.4096820287229,-5.37471612269108,-122.645905253938,11.3863572754565,-2.16780030546687,0.379141300256671,-0.1970513357341,0.189902092873693,-12.4302912644756,-17.9652096667089,7.5205140762141,-14.9943895324477,1.90712206225538,-10.7734669957653,11.5970788690206,122.645905253938,1502,1421,1421,1461,1244,7.25999999999993,363,50,1,0.567391304347826,0.746658587472859,-0.746658587472859,-0.875807296733761,-8.61799073740665
7.26,0,0,13,89.6201379356999,-5.4719061534512,-122.65515866416,11.3913306927729,-2.17273790087673,0.376939467828944,-0.211228304792719,0.34634833167287,-12.4980439287366,-18.000658438851,7.44861048836365,-15.2351888324903,1.8952275054694,-10.7928987304726,11.6028138096077,122.65515866416,1501,1421,1421,1463,1242,7.27999999999993,364,50,1,0.567391304347826,0.746662104199512,-0.746662104199512,-0.915337566941819,-8.62356914172454
7.28,0,0,13,89.8302681594896,-5.57010209222842,-122.664124935333,11.396552511461,-2.17752289541776,0.375406099217014,-0.225215669891453,0.520396182717683,-12.5624322766016,-18.0363824812746,7.37931914947895,-15.4782289499303,1.8866591899917,-10.8113207887476,11.6087873977382,122.664124935333,1500,1421,1421,1464,1242,7.29999999999993,365,50,1,0.566304347826087,0.746664090158783,-0.746664090158783,-0.937661026896173,-8.77694130595981
7.3,0,0,13,90.0400700682496,-5.66930645641898,-122.672803476386,11.4019043373967,-2.18224621183478,0.374477620784858,-0.238964905627783,0.696097773608278,-12.6161198849904,-18.0723746987521,7.31285484706915,-15.7234147567582,1.88111360664683,-10.8292860007815,11.6148979563611,122.672803476386,1500,1420,1420,1466,1241,7.31999999999993,366,50,1,0.565217391304348,0.746665211665973,-0.746665211665973,-0.950267489278312,-8.89203589232503
7.32,0,0,13,90.2495395943006,-5.76952199105864,-122.681195069183,11.4073817631013,-2.18690666562,0.374100269946508,-0.251486968675322,0.879441344616567,-12.6634591434585,-18.1086064788304,7.24927612816405,-15.9705883150994,1.87831773090045,-10.8467946023177,11.6211389487108,122.681195069183,1499,1420,1420,1467,1240,7.33999999999993,367,50,1,0.565217391304348,0.746665845001408,-0.746665845001408,-1.00791404130424,-8.95703189099046
7.34,0,0,13,90.4586736742005,-5.8707513072764,-122.68930139165,11.4130851822212,-2.19149845432677,0.374341316488012,-0.262410352084284,1.09602745543536,-12.7074475978984,-18.1450668041478,7.18908830022563,-16.2198224353663,1.87858855618924,-10.8637235001078,11.6276098263221,122.68930139165,1498,1420,1420,1468,1239,7.35999999999993,368,50,1,0.564130434782609,0.746666202657405,-0.746666202657405,-1.0500482560816,-8.99373630929482
7.36,0,0,13,90.6674689135229,-5.97299710087354,-122.697125770271,11.4188976750557,-2.19601710528576,0.375173431393716,-0.271781655960009,1.32068983341268,-12.7497981867822,-18.18174621851,7.13269828939506,-16.4712074472365,1.88180374489309,-10.8801604813693,11.6341940134985,122.697125770271,1497,1420,1420,1469,1238,7.37999999999993,369,50,1,0.56304347826087,0.746666404632228,-0.746666404632228,-1.07384221072294,-9.01446395946904
7.38,0,0,13,90.8759204417561,-6.0762620950808,-122.704673339248,11.4248173084294,-2.20045909787649,0.376509846209983,-0.27988212177182,1.53776349075534,-12.7914868501758,-18.2186264565821,7.08009874343245,-16.7247252595348,1.88752432363955,-10.8960932514906,11.6408861534123,122.704673339248,1497,1420,1420,1470,1237,7.39999999999993,370,50,1,0.56195652173913,0.74666651869107,-0.74666651869107,-1.08727908810313,-9.02616923914907
7.4,0,0,13,91.0840230231365,-6.18054927177407,-122.711950643082,11.4308403261223,-2.204821330293,0.378242037462125,-0.287051846464395,1.73934912492185,-12.8330608460525,-18.25568844208,7.03106049321712,-16.9802998778682,1.89520344581179,-10.9115139544507,11.6476785111336,122.711950643082,1497,1420,1420,1470,1236,7.41999999999993,371,50,1,0.56195652173913,0.746666583102166,-0.746666583102166,-1.09486713626292,-9.03277942270754
7.42,0,0,13,91.2917720806126,-6.28586220771957,-122.718965313358,11.4370702344471,-2.20912654508667,0.380257191979873,-0.293806361609309,1.92196894266018,-12.8719652642331,-18.2929151874123,6.98525199473839,-17.2378148061141,1.90425599947612,-10.9264398161513,11.6546733618723,122.718965313358,1496,1419,1419,1470,1234,7.43999999999993,372,50,1,0.56195652173913,0.746666619476279,-0.746666619476279,-1.09915224456943,-9.16527397448858
7.44,0,0,13,91.4991634653369,-6.39220583529549,-122.725725477002,11.4434941664379,-2.21345106333656,0.382447926537774,-0.300276768985542,2.08465084549319,-12.9019360671995,-18.3302833187305,6.94233999596582,-17.4970235691653,1.91414430710894,-10.9412543222562,11.6618690939144,122.725725477002,1495,1419,1419,1469,1234,7.45999999999993,373,50,1,0.560869565217391,0.746666640017399,-0.746666640017399,-1.10157212288487,-9.26450965964093
7.46,0,0,13,91.7061916791357,-6.4995848863072,-122.732239505285,11.4499940774459,-2.21779167952778,0.384720960202787,-0.305717953793261,2.22780841643624,-12.9267798757877,-18.3677575847164,6.90199048831709,-17.757669477663,1.92442000807656,-10.9560543985302,11.6691462637397,122.732239505285,1494,1419,1419,1468,1233,7.47999999999993,374,50,1,0.559782608695652,0.746666651617342,-0.746666651617342,-1.10293867202266,-9.32054984939632
7.48,0,0,13,91.9128501371936,-6.60800325380848,-122.738515954352,11.4565647335751,-2.22214156137287,0.386998511130249,-0.30997555601198,2.35259997267269,-12.9491203641914,-18.4053015268057,6.86386415556386,-18.0195657556776,1.93469455338883,-10.9708141482048,11.6764958982134,122.738515954352,1493,1419,1419,1468,1231,7.49999999999993,375,50,1,0.558695652173913,0.74666665816804,-0.74666665816804,-1.10371038708538,-9.35219676011194
7.5,0,0,13,92.1191321798445,-6.71746446645107,-122.744563441231,11.4632000196394,-2.22649495386849,0.389216433114024,-0.313189334240028,2.46056447187563,-12.9704579204707,-18.44288353392,6.82763548655425,-18.2825720589356,1.94464854212261,-10.9855134144142,11.6839087595577,122.744563441231,1493,1419,1419,1466,1231,7.51999999999993,376,50,1,0.557608695652174,0.746666661867338,-0.746666661867338,-1.10414618856633,-9.37006834409861
7.52,0,0,13,92.3250310498055,-6.82797176860803,-122.750390460236,11.4698945651656,-2.2308466891834,0.391323353667443,-0.315600118984816,2.55340428527998,-12.9916482947641,-18.4804787224522,6.79300308357233,-18.5465796797815,1.95402696361229,-11.0001339019508,11.69137683311,122.750390460236,1492,1419,1419,1465,1230,7.53999999999993,377,50,1,0.557608695652174,0.746666663956399,-0.746666663956399,-1.10439229356022,-9.38016075144487
7.54,0,0,13,92.5305408746771,-6.93952860508754,-122.756005352692,11.4767497314108,-2.23521769223034,0.393277985390249,-0.317656094060047,2.63286423332053,-13.0103014847435,-18.5180683825944,6.75969892864387,-18.8114895029973,1.96260749764107,-11.0146827331694,11.6990020985933,122.756005352692,1491,1419,1419,1464,1230,7.55999999999993,378,50,1,0.556521739130435,0.746666665136129,-0.746666665136129,-1.10453127351018,-9.51462177810376
7.56,0,0,13,92.7356553721268,-7.05213912283591,-122.76141582355,11.4836448423882,-2.23968318207265,0.395049124582736,-0.319441907658297,2.7006505930369,-13.0202248298828,-18.5556299988229,6.72752601532301,-19.077099157522,1.9702564247818,-11.0296348021622,11.7066794366721,122.76141582355,1490,1419,1419,1462,1229,7.57999999999993,379,50,1,0.555434782608696,0.746666665802344,-0.746666665802344,-1.10460975800652,-9.6149679672561
7.58,0,0,13,92.9403671456347,-7.1658069793678,-122.766629022264,11.4905725493285,-2.24423816811682,0.396616654364191,-0.320176341122847,2.75837489666867,-13.0253345133675,-18.5931302712807,6.69632144608301,-19.3432101826737,1.976876440859,-11.0449727623232,11.7143999947557,122.766629022264,1489,1419,1419,1461,1228,7.59999999999993,380,50,1,0.554347826086957,0.746666666178568,-0.746666666178568,-1.1046540796239,-9.67163527874484
7.6,0,0,13,93.1446689199162,-7.28053511724167,-122.771651821429,11.4975260435486,-2.24887361694741,0.397968661511074,-0.319685186654516,2.80753508974633,-13.0283303978939,-18.6305350720689,6.66592993285988,-19.6097008394979,1.98241125047088,-11.0606591830152,11.7221549521675,122.771651821429,1488,1418,1418,1459,1227,7.61999999999993,381,50,1,0.553260869565217,0.746666666391029,-0.746666666391029,-1.10467910884443,-9.703636336468
7.62,0,0,13,93.3485534548176,-7.39632599328719,-122.776490814898,11.5045013454523,-2.25358145689778,0.399064798658024,-0.31811633695691,2.83464374401466,-13.0307674706568,-18.6678127637297,6.63614215067993,-19.8764746805809,1.98666279224883,-11.0766596480105,11.7299374808187,122.776490814898,1487,1418,1418,1457,1227,7.63999999999993,382,50,1,0.552173913043478,0.746666666511009,-0.746666666511009,-1.05416578903452,-9.72170791368768
7.64,0,0,13,93.5520133976299,-7.51318188793232,-122.78115289256,11.5114999875479,-2.25835407990867,0.39973685037375,-0.315846208398181,2.81043583274693,-13.0335384799427,-18.7049150847536,6.60616683463412,-20.1432617569031,1.98879688589896,-11.092941076592,11.7377418894395,122.78115289256,1486,1418,1418,1456,1227,7.65999999999992,383,50,1,0.551086956521739,0.746666666578764,-0.746666666578764,-1.01605983975804,-9.7319132608369
7.66,0,0,13,93.7550415145746,-7.63110460783496,-122.785643940664,11.5185214593097,-2.26318413047833,0.399919947378342,-0.313216253053519,2.75971656743791,-13.0371507542851,-18.7418010987423,6.57525837332956,-20.4098200960045,1.98849519640007,-11.1094702506421,11.7455640554781,122.785643940664,1486,1418,1418,1454,1227,7.67999999999992,384,50,1,0.55,0.746666666617026,-0.746666666617026,-0.994540719645303,-9.73767640531344
7.68,0,0,13,93.9576308301729,-7.75009535341793,-122.789968204365,11.5255644432911,-2.26806441799156,0.399622593988825,-0.310439750864449,2.69889550916047,-13.0418908563325,-18.7784499438479,6.54307901287001,-20.6760535257731,1.98580462720794,-11.1262131618411,11.7534016420031,122.789968204365,1485,1418,1418,1452,1226,7.69999999999992,385,50,1,0.55,0.746666666638634,-0.746666666638634,-0.982388482547979,-9.74093095743909
7.7,0,0,13,94.1597755505473,-7.87015524536942,-122.794128823368,11.5327344028188,-2.27298763372207,0.398851187660542,-0.307665194719928,2.62222612167138,-13.047915128877,-18.814850295297,6.5094575751288,-20.9419267174162,1.98074319324781,-11.1430348810154,11.7613569735347,122.794128823368,1484,1418,1418,1451,1226,7.71999999999992,386,50,1,0.548913043478261,0.746666666650836,-0.746666666650836,-0.924998439771859,-9.74276886200347
7.72,0,0,13,94.3614698947502,-7.9912852373788,-122.798128626184,11.5399279679024,-2.2779465762676,0.397493448301333,-0.305114178767952,2.50408529944379,-13.0553019541471,-18.8509747124604,6.47375159171347,-21.2072444304118,1.97277628933972,-11.1600012143372,11.7693236487977,122.798128626184,1483,1418,1418,1449,1226,7.73999999999992,387,50,1,0.547826086956522,0.746666666657727,-0.746666666657727,-0.883009080416333,-9.74380676001749
7.74,0,0,13,94.5627073630809,-8.113485442226,-122.801968914806,11.5471492494167,-2.28293439143322,0.395542773181884,-0.302930994358723,2.37092907825693,-13.0640838268874,-18.8868008020098,6.43541662621277,-21.4718447009287,1.96187588958197,-11.1770752163559,11.7773044160924,122.801968914806,1482,1418,1418,1448,1227,7.75999999999992,388,50,1,0.546739130434783,0.746666666661618,-0.746666666661618,-0.859296928256771,-9.74439287983481
7.76,0,0,13,94.7634818653971,-8.23675539046647,-122.805649125638,11.5543994408909,-2.28794434433477,0.39306174315932,-0.301138412427906,2.23949320424517,-13.0742668915535,-18.9223230255832,6.39433555815411,-21.7357119957779,1.94835722364495,-11.1942210362199,11.7853015785074,122.805649125638,1481,1418,1418,1447,1227,7.77999999999992,389,50,1,0.545652173913043,0.746666666663816,-0.746666666663816,-0.84590624622046,-9.74472387231731
7.78,0,0,13,94.9637876424253,-8.36109416988236,-122.809167286504,11.5616797615347,-2.29296982093137,0.390140701142184,-0.29970835621453,2.1185490216471,-13.0858435741739,-18.9575448736183,6.35062591354042,-21.998911625905,1.93267218972447,-11.2114025552349,11.7933184165726,122.809167286504,1481,1418,1418,1446,1227,7.79999999999992,390,50,1,0.544565217391304,0.746666666665057,-0.746666666665057,-0.838344285408512,-9.74491078977043
7.8,0,0,13,95.1636191934299,-8.48650056908724,-122.812520480226,11.5689928042995,-2.29800432102244,0.386847024878393,-0.298611459890806,1.99943044494748,-13.098798705865,-18.9924721791036,6.30446505835365,-22.2615297564245,1.9151577705937,-11.2285837425028,11.8013587771082,122.812520480226,1480,1418,1418,1445,1227,7.81999999999992,391,50,1,0.544565217391304,0.746666666665757,-0.746666666665757,-0.790764662587814,-9.74501634544352
7.82,0,0,13,95.3629720731783,-8.61297372746836,-122.815705819847,11.5764496379745,-2.30304121307557,0.383127454610977,-0.297922121493713,1.85732630149454,-13.1131057498741,-19.0270932597249,6.25556468816605,-22.5234911267694,1.89553598385184,-11.245629254913,11.8095288515741,122.815705819847,1479,1417,1417,1444,1227,7.83999999999992,392,50,1,0.543478260869565,0.746666666666153,-0.746666666666153,-0.755684019762342,-9.745075954645
7.84,0,0,13,95.5618420809258,-8.74051250021508,-122.818719500205,11.5839483033311,-2.30807400921941,0.379006586832999,-0.297679907000861,1.71298365376371,-13.1287301585534,-19.0613979615361,6.20367656124073,-22.7847331033375,1.87394949850616,-11.2626032799907,11.8177286277501,122.818719500205,1478,1417,1417,1444,1228,7.85999999999992,393,50,1,0.542391304347826,0.746666666666377,-0.746666666666377,-0.735873345027116,-9.74510961704132
7.86,0,0,13,95.7602244176365,-8.86911496915459,-122.82155631285,11.5914947162913,-2.31309660141745,0.374560788470616,-0.297846670049526,1.57914202668779,-13.1456377102424,-19.0953883463426,6.14888538454639,-23.0453077305051,1.85077835842911,-11.2794684503861,11.8259655601374,122.82155631285,1477,1417,1417,1444,1228,7.87999999999992,394,50,1,0.541304347826087,0.746666666666503,-0.746666666666503,-0.724685897994933,-9.74512862680654
7.88,0,0,13,95.9581145995473,-8.99877897320401,-122.824210185053,11.5990928448214,-2.31810301235396,0.369882720549601,-0.298358910535688,1.46193239366924,-13.1637938742731,-19.1290725520529,6.09144866903198,-23.3053268923627,1.8264824508915,-11.2961895236656,11.8342456297659,122.824210185053,1476,1417,1417,1444,1228,7.89999999999992,395,50,1,0.540217391304348,0.746666666666574,-0.746666666666574,-0.718368143916857,-9.74513936196546
7.9,0,0,13,96.1555083766874,-9.12950220737562,-122.826674528225,11.60674690833,-2.32308739461506,0.365065277856755,-0.299154047197829,1.36375849636395,-13.1831645076186,-19.1624613942619,6.03170132861542,-23.5649294930169,1.80152168568861,-11.3127318277392,11.8425749520172,122.826674528225,1475,1417,1417,1444,1228,7.91999999999992,396,50,1,0.539130434782609,0.746666666666614,-0.746666666666614,-0.71480039369858,-9.74514542430425
7.92,0,0,13,96.3524016769591,-9.2612823060712,-122.828942516611,11.6144613957166,-2.32804402750933,0.360193481078043,-0.300180883722501,1.28494482792158,-13.2037156436105,-19.1955666335732,5.97000213297232,-23.8242629325138,1.77631602134799,-11.3290614808143,11.8509595328996,122.828942516611,1474,1417,1417,1444,1229,7.93999999999992,397,50,1,0.53804347826087,0.746666666666637,-0.746666666666637,-0.712785620495521,-9.74514884781682
7.94,0,0,13,96.5487905568424,-9.39411690802695,-122.831007308663,11.6222410094273,-2.33296731738925,0.355340845547157,-0.3014022895186,1.22468289390111,-13.2254129794572,-19.2284001290092,5.90670413499258,-24.083472785102,1.75122769934095,-11.3451455423628,11.8594051158452,122.831007308663,1474,1417,1417,1445,1230,7.95999999999992,398,50,1,0.53695652173913,0.74666666666665,-0.74666666666665,-0.711647841556018,-9.74515078113641
7.96,0,0,13,96.7446711583534,-9.52800370639156,-122.832862221293,11.6300905677786,-2.33785180142118,0.350568231778646,-0.302794317139988,1.18157698162472,-13.2482213274034,-19.2609734528794,5.84213888855212,-24.3426972052401,1.72655576659428,-11.3609521349933,11.8679170769463,122.832862221293,1473,1417,1417,1446,1230,7.97999999999992,399,50,1,0.53695652173913,0.746666666666657,-0.746666666666657,-0.711005317170042,-9.74515187291702
7.98,0,0,13,96.9400405995086,-9.66294091134661,-122.834500977729,11.6381175390731,-2.34269192208463,0.345922660588475,-0.304341976108411,1.15396527752905,-13.2721011145103,-19.2932977242131,5.77660867006048,-24.6020640641994,1.70251544034989,-11.3763518552835,11.8766008513459,122.834500977729,1472,1417,1417,1447,1230,7.99999999999992,400,50,1,0.535869565217391,0.746666666666661,-0.746666666666661,-0.710642472005449,-9.74515248946532
8,0,0,13,97.1348959833399,-9.79892685816111,-122.835917725717,11.6462217029634,-2.34748228908631,0.341439850566615,-0.306039109161921,1.1401018588565,-13.2970111821083,-19.325383532318,5.71038342570638,-24.8616896774783,1.67929658260744,-11.3914139906986,11.885357976254,122.835917725717,1471,1417,1417,1447,1231,8.01999999999992,401,50,1,0.534782608695652,0.746666666666664,-0.746666666666664,-0.710437566765521,-9.74515283764131
8.02,0,0,13,97.3292334664371,-9.93595960011159,-122.83710697937,11.6544094292525,-2.35221790893388,0.337146657232355,-0.307887481178229,1.138255451534,-13.3229114963488,-19.3572409964685,5.6437001912123,-25.1216785222437,1.65702901889289,-11.4061088143062,11.8941942183672,122.83710697937,1469,1417,1417,1448,1231,8.03999999999992,402,50,1,0.533695652173913,0.746666666666665,-0.746666666666665,-0.710321853063239,-9.74515303426261
8.04,0,0,13,97.5230491896292,-10.0740373467989,-122.838063768035,11.6626849390827,-2.35689395094384,0.333060879099361,-0.309892492649511,1.14677362460406,-13.3497599151176,-19.38887980093,5.57676407189483,-25.3821234574378,1.63579807105159,-11.4204097655986,11.9031129807916,122.838063768035,1469,1417,1417,1448,1231,8.03999999999992,402,50,1,0.531521739130435,0.746666666666665,-0.746666666666665,-0.710269526206406,-9.74515312317666
8.06,0,0,13,97.7163383307187,-10.2131580248006,-122.838783558201,11.6709504656622,-2.36150599498831,0.329193984856651,-0.312063548193771,1.16411158188376,-13.3775152252084,-19.4203092321195,5.50975008759199,-25.643106255391,1.61567186877722,-11.4343896939173,11.9120176299388,122.838783558201,1468,1417,1417,1449,1232,8.05999999999992,403,50,1,0.530434782608696,0.746666666666666,-0.746666666666666,-0.710226957514275,-9.74515319550959
8.08,0,0,13,97.9090960130993,-10.3533197561093,-122.839262328615,11.6793135556875,-2.36606141665953,0.325544648588806,-0.34499746904328,1.18888703142835,-13.4059440191282,-19.451688660278,5.44280553884789,-25.9046978624134,1.59662689064693,-11.4479818173802,11.9210146832263,122.839262328615,1466,1416,1416,1451,1232,8.09999999999992,405,50,1,0.529347826086957,0.610062084959188,-0.610062084959188,-0.710198766431975,-9.74515324341202
8.1,0,0,13,98.1013180213135,-10.494521656427,-122.839496534352,11.6877742342226,-2.37059470667906,0.322057188509263,-0.460749542304551,1.22018138784086,-13.4321364766821,-19.4843963984843,5.37606143637797,-26.1669348902153,1.57838859705979,-11.4613506879904,11.9301092470339,122.839496534352,1465,1416,1416,1452,1233,8.11999999999992,406,50,1,0.528260869565217,0.507018349376727,-0.507018349376727,-0.710186998187344,-9.74515326340868
8.12,0,0,13,98.2930000153576,-10.6367630196279,-122.839482945608,11.6963294699646,-2.37511822791384,0.318722171397441,-0.599423912405178,1.27040958236505,-13.4534168022409,-19.5194762936584,5.3097097164385,-26.4298060091088,1.56090996853875,-11.4745579173869,11.9393003768676,122.839482945608,1464,1416,1416,1453,1233,8.13999999999992,407,50,1,0.527173913043478,0.448827684533936,-0.448827684533936,-0.753489598958616,-9.74515327470115
8.14,0,0,13,98.4841377518806,-10.7800429431585,-122.839218084913,11.7049714080746,-2.37965091950773,0.315686997278657,-0.729778791321164,1.36575541201454,-13.4694389718567,-19.5570468690073,5.24446275856396,-26.6934565053733,1.5449118375773,-11.4876963942085,11.9485878848845,122.839218084913,1463,1416,1416,1454,1234,8.15999999999991,408,50,1,0.526086956521739,0.415966361565532,-0.415966361565532,-0.78615492992455,-9.74515328107822
8.16,0,0,13,98.6747267881732,-10.9243607482372,-122.838699311532,11.7136941338469,-2.38421228655037,0.313023606090224,-0.839995647803086,1.48426916520644,-13.4809031658455,-19.59681974161,5.18099016900588,-26.9580237057416,1.5307437565096,-11.500861595146,11.9579714946401,122.838699311532,1463,1416,1416,1455,1235,8.17999999999991,409,50,1,0.525,0.397408976972124,-0.397408976972124,-0.804601634282394,-9.74515328467946
8.18,0,0,13,98.8647623164692,-11.0697161754882,-122.837925384729,11.7224931922021,-2.3888186680701,0.310741821985606,-0.927705438678487,1.61141166337344,-13.4888538121278,-19.6383681176913,5.11959578755081,-27.2235351515658,1.51845056751325,-11.5141340626327,11.9674500939037,122.837925384729,1462,1416,1416,1455,1235,8.19999999999991,410,50,1,0.525,0.386929285595159,-0.386929285595159,-0.815018822524588,-9.74515328671315
8.2,0,0,13,99.054240077721,-11.2161097704638,-122.836896309986,11.7314651719237,-2.39348185348149,0.308817667687382,-0.994699342051127,1.73904161144488,-13.4943463787447,-19.6812614864137,5.06036976711003,-27.4899652403618,1.50789892391685,-11.5274770199,11.9771198046475,122.836896309986,1461,1416,1416,1456,1235,8.21999999999991,411,50,1,0.523913043478261,0.381011213961539,-0.381011213961539,-0.820901597505321,-9.74515328786161
8.22,0,0,13,99.2431554825974,-11.3635423550059,-122.835613065086,11.7405050713213,-2.39820938355789,0.307210536215547,-1.04426062038972,1.8627032340381,-13.4983131529229,-19.7251213369032,5.00328182272552,-27.7572665118765,1.4989007178543,-11.5410265556365,11.9868780710687,122.835613065086,1461,1416,1416,1456,1235,8.21999999999991,411,50,1,0.522826086956522,0.378335004653607,-0.378335004653607,-0.823561845324977,-9.74515328838096
8.24,0,0,13,99.4315028353616,-11.5120144024728,-122.834077354009,11.7496134879111,-2.40297792075282,0.305873857717497,-1.07968412069558,1.9800710895806,-13.5045434417499,-19.7696378076102,4.9482305213621,-28.0253993631855,1.49122554337273,-11.5546733969506,11.9967195024207,122.834077354009,1458,1417,1417,1457,1237,8.25999999999991,413,50,1,0.520652173913044,0.375781859812019,-0.375781859812019,-0.826099762661253,-9.61639162754065
8.26,0,0,13,99.6192758209869,-11.6615251771651,-122.832291770587,11.7586962404826,-2.40770384946241,0.304761017625173,-1.10430395306719,2.09006267686041,-13.5204401742751,-19.8145742822465,4.8950350357052,-28.2944515395765,1.48465539269248,-11.5681174681896,12.0065338204046,122.832291770587,1457,1417,1417,1457,1237,8.27999999999991,414,50,1,0.519565217391304,0.374716060608063,-0.374716060608063,-0.827159205209379,-9.51926397347704
8.28,0,0,13,99.8064679968858,-11.8120739696525,-122.830259397238,11.7678588177863,-2.4123858330927,0.303825964501014,-1.12179706867631,2.19232837711443,-13.5425046957888,-19.8597687564611,4.84349488508141,-28.5645265263251,1.47895036264585,-11.5812533818957,12.016422794649,122.830259397238,1456,1417,1417,1457,1238,8.29999999999991,415,50,1,0.518478260869565,0.374114184483167,-0.374114184483167,-0.827757491615532,-9.46441422707922
8.3,0,0,13,99.993073375639,-11.9636610767285,-122.827983581169,11.7771010038157,-2.41702523757635,0.303023993094593,-1.13461178963572,2.28695727965137,-13.568317008439,-19.9051139505319,4.79342951052609,-28.8356665336247,1.47389124263562,-11.5940893874651,12.0263852671344,122.827983581169,1455,1417,1417,1457,1238,8.31999999999991,416,50,1,0.517391304347826,0.373774294128235,-0.373774294128235,-0.828095354791238,-9.43343958130085
8.32,0,0,13,100.179085653142,-12.1162870929487,-122.825467836528,11.786422918866,-2.42162147674775,0.302314757420169,-1.14435804310207,2.37429312252603,-13.5965214966117,-19.9505389108908,4.74467547709062,-29.1078801939424,1.46928060991827,-11.606624171045,12.0364201493455,122.825467836528,1454,1417,1417,1457,1238,8.33999999999991,417,50,1,0.516304347826087,0.373582351885309,-0.373582351885309,-0.828286152249318,-9.41594763750703
8.34,0,0,13,100.364498305662,-12.2699527671844,-122.82271580744,11.7958238140485,-2.42617282849639,0.301662914338527,-1.15210668872068,2.45482518756411,-13.6263549630617,-19.9959970218184,4.69708461164265,-29.3811591663362,1.46494603345734,-11.618851840984,12.0465254143963,122.82271580744,1452,1418,1418,1456,1240,8.35999999999991,418,50,1,0.515217391304348,0.37347395862235,-0.37347395862235,-0.828393899031528,-9.40606961985751
8.36,0,0,13,100.549304642715,-12.4246589089822,-122.819731220674,11.8053024352897,-2.43067693578053,0.301038268052601,-1.15857679140802,2.52912051371262,-13.6573824149581,-20.0414581089542,4.65052294582276,-29.6554873784897,1.4607406422472,-11.6307639356276,12.0566985528222,122.819731220674,1451,1418,1418,1456,1240,8.37999999999991,419,50,1,0.51304347826087,0.373412746982454,-0.373412746982454,-0.828454745592031,-9.40049132428132
8.38,0,0,13,100.733496999252,-12.5804058437751,-122.816517750651,11.8147595063025,-2.43513134667751,0.300416899316341,-1.16425533807082,2.59777519232257,-13.6893523971803,-20.0869031767029,4.60486996469579,-29.9308461180421,1.45656052287189,-11.642445333547,12.0668412263,122.816517750651,1451,1418,1418,1456,1240,8.37999999999991,419,50,1,0.51195652173913,0.373385066486071,-0.373385066486071,-0.828482260995975,-9.39796876499721
8.4,0,0,13,100.917067633988,-12.7371938566918,-122.813079034398,11.8242931368707,-2.43953345865705,0.2997792973424,-1.16947309740654,2.66138904452396,-13.7221121453972,-20.1323208676324,4.56001785735519,-30.2072167760873,1.45229906552091,-11.6537910967871,12.0770484519054,122.813079034398,1451,1418,1418,1455,1241,8.39999999999991,420,50,1,0.51195652173913,0.373362547982193,-0.373362547982193,-0.82850464519465,-9.39591662473796
8.42,0,0,13,101.100010405256,-12.8950241445805,-122.809418825531,11.8339971022953,-2.44388019217466,0.299107527014398,-1.17445330984101,2.72056048293401,-13.7555566673326,-20.1777050128632,4.51587103727142,-30.4845822218955,1.44785829984915,-11.6646981849204,12.0874109354962,122.809418825531,1448,1419,1419,1454,1242,8.43999999999991,422,50,1,0.510869565217391,0.37334763512102,-0.37334763512102,-0.82851946911231,-9.39455759649343
8.44,0,0,13,101.282319110408,-13.0538977256081,-122.805540875361,11.8437713768939,-2.44814068478909,0.29838783302101,-1.17913605555246,2.77586751619165,-13.7926794004295,-20.2230529002654,4.47234057739242,-30.7629413927848,1.44318453881444,-11.6751203217438,12.0978241241781,122.805540875361,1447,1419,1419,1453,1243,8.45999999999991,423,50,1,0.508695652173913,0.373341409812017,-0.373341409812017,-0.82852565729223,-9.26522861473088
8.46,0,0,13,101.463986334625,-13.2138136632965,-122.801449055289,11.8535263457766,-2.45222601041085,0.297612997502236,-1.18379165482829,2.82784845382162,-13.8403311052683,-20.2683693998946,4.4293017263204,-31.0424227904513,1.43825444156972,-11.6847325715368,12.1081820572882,122.801449055289,1446,1420,1420,1452,1243,8.47999999999991,424,50,1,0.507608695652174,0.373337894267208,-0.373337894267208,-0.828529151869573,-9.16778058433445
8.48,0,0,13,101.645004703191,-13.3747708666737,-122.797147114503,11.8633649883007,-2.45613345578998,0.296777708042587,-1.18952621630181,2.87700383957408,-13.8944285104591,-20.3136774629204,4.38663551808496,-31.323167869973,1.43303053758897,-11.6934260468273,12.1185847938726,122.797147114503,1445,1420,1420,1451,1244,8.49999999999991,425,50,1,0.506521739130435,0.373335908975346,-0.373335908975346,-0.828531125320728,-9.11274991561563
8.5,0,0,13,101.825367354043,-13.5367691212614,-122.792638536278,11.8732871241467,-2.45986517991372,0.295877055989791,-1.19670820370943,2.92379956514813,-13.9521081331091,-20.3590086873897,4.34425729850679,-31.605251533068,1.42749001286222,-11.7012132760869,12.1290324044435,122.792638536278,1444,1420,1420,1450,1244,8.51999999999991,426,50,1,0.505434782608696,0.373334787845053,-0.373334787845053,-0.828532239764358,-9.0816730997239
8.52,0,0,13,102.00506720396,-13.6998083887563,-122.787926545234,11.8832927134361,-2.46342296115206,0.294908122199727,-1.20531706815394,2.9686605629136,-14.0116855013677,-20.4043941988903,4.30210591589533,-31.8887097348312,1.42161971139908,-11.7081048209387,12.1395250812902,122.787926545234,1442,1421,1421,1449,1244,8.53999999999991,427,50,1,0.504347826086956,0.37333415472246,-0.37333415472246,-0.828532869110871,-9.06412345861554
8.54,0,0,13,102.18409703371,-13.8638886955016,-122.783014154819,11.8933807994,-2.46680862214486,0.293869834027849,-1.21517240782994,3.01196983202705,-14.0721533398523,-20.4498608820688,4.26013674979161,-32.1735563199659,1.41541553364814,-11.7141122620564,12.1500621849099,122.783014154819,1442,1421,1421,1449,1244,8.53999999999991,427,50,1,0.502173913043478,0.373333868418292,-0.373333868418292,-0.82853315370746,-9.05618734094197
8.56,0,0,13,102.36244872628,-14.029009555249,-122.7779041161,11.9034544927759,-2.47002446222452,0.292763971082732,-1.22604784427246,3.05406319155806,-14.1328978416063,-20.4954302949119,4.21831732932407,-32.4597926001944,1.40889847598988,-11.7193410712938,12.1605493481314,122.7779041161,1441,1421,1421,1448,1245,8.55999999999991,428,50,1,0.501086956521739,0.373333635505506,-0.373333635505506,-0.828533385231104,-9.04973118877827
8.58,0,0,13,102.540114147345,-14.1951703968606,-122.772599005358,11.9136094496274,-2.4730610587921,0.291600018408795,-1.20589198109884,3.09519378691333,-14.1937340077486,-20.5409622100774,4.17662419117627,-32.7474132466509,1.40210363923554,-11.7236581787014,12.1710784932767,122.772599005358,1439,1422,1422,1445,1246,8.59999999999991,430,50,1,0.5,0.509938062966679,-0.509938062966679,-0.828533538557451,-9.04545560717422
8.6,0,0,13,102.717086129665,-14.362370734485,-122.767101616392,11.9238445690095,-2.47588137360499,0.290400535076136,-1.10068074669632,3.11921954743697,-14.257412368568,-20.5850428104472,4.13495868204446,-33.036406800109,1.39514033133792,-11.7268958394718,12.1816415294834,122.767101616392,1438,1422,1422,1444,1246,8.61999999999991,431,50,1,0.498913043478261,0.612981734159691,-0.612981734159691,-0.778006148298543,-9.04367078423906
8.62,0,0,13,102.89335730303,-14.5306101737674,-122.761415537996,11.934167583997,-2.47847137109248,0.289020349000311,-0.973004311198916,3.09321466450301,-14.3264803951508,-20.6265930165136,4.09256587019084,-33.3265807871324,1.38731166363659,-11.7289882117815,12.1922397049265,122.761415537996,1437,1423,1423,1443,1246,8.6399999999999,432,50,1,0.497826086956522,0.671172362640593,-0.671172362640593,-0.739892253184528,-9.042662862383
8.64,0,0,13,103.06892033215,-14.6998882266117,-122.755543771154,11.9445856571121,-2.48081011674321,0.287379353624311,-0.855122727730528,3.04289575345896,-14.4010833842572,-20.6655123514092,4.04871601914683,-33.6177757887384,1.37823517650296,-11.7298369546281,12.2028739339678,122.755543771154,1436,1423,1423,1442,1247,8.6599999999999,433,50,1,0.496739130434783,0.704033665074779,-0.704033665074779,-0.71836864591334,-9.04209367064531
8.66,0,0,13,103.243768169816,-14.870204025009,-122.749488085466,11.9551046556596,-2.48287658962184,0.285460091760259,-0.758925299217422,2.98509988360054,-14.4803163749302,-20.7021269819674,4.00310134847641,-33.9099806181154,1.3678300320003,-11.7293434405079,12.2135453882586,122.749488085466,1434,1424,1424,1441,1247,8.6799999999999,434,50,1,0.495652173913044,0.722591038072142,-0.722591038072142,-0.706213874836322,-9.04177223775615
8.68,0,0,13,103.417894029617,-15.041556375289,-122.743249322191,11.9657290537412,-2.48465371272167,0.283278207527656,-0.686548130211809,2.92901385477946,-14.562943232176,-20.736895050456,3.95565710300504,-34.2032523631086,1.35617432359705,-11.7274280605605,12.2242554948163,122.743249322191,1433,1424,1424,1439,1246,8.6999999999999,435,50,1,0.493478260869565,0.73307072290061,-0.73307072290061,-0.699349855340275,-9.04159071877862
8.7,0,0,13,103.591290553911,-15.2139433186643,-122.736827637192,11.9763692134439,-2.48612978804983,0.280835126391472,-0.635907561064441,2.86561257590158,-14.6477331279492,-20.7702687855554,3.90638954587228,-34.4976488066585,1.34328851756253,-11.7241260177587,12.2349143531113,122.736827637192,1433,1424,1424,1439,1246,8.6999999999999,435,50,1,0.492391304347826,0.737809737873462,-0.737809737873462,-0.664462101544347,-9.04150863413902
8.72,0,0,13,103.763950423876,-15.3873628809282,-122.730223288426,11.9871263463037,-2.4872981245321,0.278012456030898,-0.603569458141671,2.76890908163648,-14.7335889579687,-20.8026269174714,3.85482543521655,-34.7930207550873,1.32859909923167,-11.719316518049,12.2456172130382,122.730223288426,1432,1424,1424,1438,1246,8.7199999999999,436,50,1,0.491304347826087,0.741664998471811,-0.741664998471811,-0.624251058243728,-9.041441857039
8.74,0,0,13,103.935867370231,-15.5618133099408,-122.723435667362,11.9980020475123,-2.4881562125495,0.274786752665607,-0.585877085785042,2.66202318707009,-14.8195861596811,-20.8342740260837,3.80055391114906,-35.0892205297952,1.31199921632247,-11.7129907937872,12.2563649680318,122.723435667362,1429,1425,1425,1437,1246,8.7599999999999,438,50,1,0.490217391304348,0.744218141718004,-0.744218141718004,-0.597621326995658,-9.04139763395796
8.76,0,0,13,104.107035513447,-15.7372924323204,-122.716462767823,12.0089981561788,-2.48870522519215,0.271201943602909,-0.57945163240318,2.55946791824281,-14.9049770207042,-20.8654511172419,3.74353783850734,-35.3862247482826,1.29370375241122,-11.7051552514727,12.26716107774,122.716462767823,1428,1425,1425,1436,1246,8.7799999999999,439,50,1,0.48804347826087,0.745283940255969,-0.745283940255969,-0.586504861567048,-9.04137917322521
8.78,0,0,13,104.277448540465,-15.9137972556509,-122.709301501791,12.0200233641276,-2.48894950798458,0.267331040963315,-0.581439003172843,2.46861789480479,-14.989172684227,-20.8963411421075,3.68394239760756,-35.6840733237018,1.27407536695208,-11.6959183189748,12.2779190913173,122.709301501791,1428,1426,1426,1436,1245,8.7999999999999,440,50,1,0.48695652173913,0.745885816004767,-0.745885816004767,-0.58022719208684,-9.04136874811489
8.8,0,0,13,104.447100403224,-16.0913246105158,-122.701948060907,12.0311728969178,-2.48889566902315,0.263255047448165,-0.58954511940596,2.39279225960396,-15.0717142767561,-20.9270782939393,3.62203210792977,-35.9828336092197,1.25349346701412,-11.6852219131758,12.2887357424114,122.701948060907,1426,1426,1426,1435,1244,8.8199999999999,441,50,1,0.48695652173913,0.74622570614731,-0.74622570614731,-0.576682078367391,-9.04136286086616
8.82,0,0,13,104.615986720746,-16.2698723142841,-122.694398330376,12.0425379128067,-2.48855156838923,0.259050141290501,-0.601980303149328,2.33302874321478,-15.1522423456824,-20.9577577154268,3.55811244555651,-36.2825806346359,1.23231424693163,-11.673018247054,12.2997038690215,122.694398330376,1425,1426,1426,1435,1244,8.8399999999999,442,50,1,0.484782608695652,0.746417648270296,-0.746417648270296,-0.57468008840544,-9.04135953623012
8.84,0,0,13,104.784102447284,-16.4494376078614,-122.686647946079,12.0539332471805,-2.48792664456758,0.25478644364624,-0.617382278614911,2.28909060820557,-15.2304816984946,-20.9884442544159,3.49249701531401,-36.5833864871383,1.21089225526488,-11.6595274140056,12.3106458745306,122.686647946079,1424,1427,1427,1435,1244,8.8599999999999,443,50,1,0.483695652173913,0.746526041465523,-0.746526041465523,-0.573549528393848,-9.04135765874789
8.86,0,0,13,104.951441876516,-16.6300172163148,-122.67869242293,12.0654544148309,-2.48703155202341,0.250525317056708,-0.634729598968213,2.2600469845135,-15.3062228194582,-21.0191798555097,3.42548916996489,-36.8853148756203,1.18951019271474,-11.6447103989258,12.3216589431622,122.67869242293,1422,1427,1427,1435,1243,8.8799999999999,444,50,1,0.482608695652174,0.74658725306717,-0.74658725306717,-0.572911080667285,-9.04135659849966
8.88,0,0,13,105.118000075893,-16.8116084780813,-122.670527428124,12.0771000868083,-2.4858774207786,0.246316297004679,-0.653262214864769,2.24462247851294,-15.3793024576103,-21.0499893478767,3.35737234817812,-37.18841851229,1.1684036556549,-11.6286219598526,12.3327452246485,122.670527428124,1422,1427,1427,1435,1243,8.8799999999999,444,50,1,0.480434782608696,0.746614933546255,-0.746614933546255,-0.572622368422109,-9.04135611904514
8.9,0,0,13,105.28377136262,-16.9942082616061,-122.662148778198,12.0887793510871,-2.48447616301703,0.242199973612455,-0.672422211077926,2.24139034238236,-15.4495973197682,-21.0808849529156,3.28840540382975,-37.4927381585975,1.14777344821437,-11.6114041802893,12.3438190537244,122.662148778198,1421,1427,1427,1435,1243,8.8999999999999,445,50,1,0.479347826086957,0.746637452036062,-0.746637452036062,-0.572387496629244,-9.04135572900161
8.92,0,0,13,105.448750063717,-17.1778135014882,-122.653552576882,12.1005846873398,-2.48282781198023,0.238214174648803,-0.659041915073127,2.2488467870696,-15.5172281388909,-21.1117084967665,3.21882057347482,-37.7983031020214,1.12778881608602,-11.5929734288306,12.3549718620654,122.653552576882,1418,1428,1428,1436,1241,8.9399999999999,447,50,1,0.478260869565217,0.883256946595396,-0.883256946595396,-0.572231952972369,-9.0413554706956
8.94,0,0,13,105.61293144418,-17.3624214234034,-122.644735543347,12.1125155975335,-2.48090493704699,0.234440072049205,-0.557654216140295,2.26513787533425,-15.5852812134235,-21.140992626701,3.14881313488543,-38.1051579096583,1.10883239558842,-11.5732079614587,12.3661993172736,122.644735543347,1417,1428,1428,1436,1241,8.9599999999999,448,50,1,0.476086956521739,0.986306907482969,-0.986306907482969,-0.572167021949664,-9.04135536286688
8.96,0,0,13,105.77631002164,-17.5480287704693,-122.635694916764,12.1244874231035,-2.4787033104543,0.230929970630601,-0.432686026619022,2.28849054684037,-15.6565533738451,-21.1676363859456,3.07852605041945,-38.41340142757,1.09115648218426,-11.5521703302107,12.377418714158,122.635694916764,1417,1429,1429,1436,1240,8.9799999999999,449,50,1,0.475,1.04450108786837,-1.04450108786837,-0.572130354224462,-9.04135530197404
8.98,0,0,13,105.938880152735,-17.7346325767288,-122.626428502153,12.1365980882334,-2.47621031464795,0.227684090333106,-0.317151222165625,2.31749605633014,-15.7312856496741,-21.1915460576897,3.00806561611466,-38.7231478706554,1.07474988169958,-11.5297164905144,12.3887235308029,122.626428502153,1415,1429,1429,1436,1240,8.9999999999999,450,50,1,0.475,1.0773643961274,-1.0773643961274,-0.572109647295547,-9.04135526758676
9,0,0,13,106.100637460889,-17.9222311768595,-122.616934840218,12.1489397440084,-2.47341210216295,0.224678096720188,-0.223147217890083,2.35103332789858,-15.8085937674445,-21.2130545093888,2.93751685843018,-39.034494645712,1.05948664380252,-11.5057037879524,12.4002009894122,122.616934840218,1414,1429,1429,1437,1239,9.0199999999999,451,50,1,0.472826086956522,1.0959229018504,-1.0959229018504,-0.572097953717538,-9.04135524816763
9.02,0,0,13,106.261576750376,-18.1108224748364,-122.607213050015,12.1613379401096,-2.47029884982345,0.221882164935909,-0.152800396900898,2.38819518228016,-15.8872419902528,-21.2326230312825,2.86695186090231,-39.3475108497906,1.04523871780604,-11.4802540350972,12.4116779121964,122.607213050015,1413,1429,1429,1437,1237,9.0399999999999,452,50,1,0.471739130434783,1.10640322634956,-1.10640322634956,-0.572091350142126,-9.0413552372013
9.04,0,0,13,106.421692066902,-18.3004039205823,-122.597262720759,12.1738856775625,-2.46686612588863,0.219267564322111,-0.103928588588376,2.42823575566947,-15.9659989410216,-21.2507047406349,2.79643397232092,-39.6622357570928,1.03186017156695,-11.4532666375859,12.4232443121023,122.597262720759,1413,1429,1429,1437,1237,9.0399999999999,452,50,1,0.470652173913043,1.11114253058769,-1.11114253058769,-0.57208836394137,-9.04135523224222
9.06,0,0,13,106.580978066137,-18.4909736035183,-122.587083950918,12.1865817875219,-2.46311435785609,0.216807140459508,-0.0728644362161738,2.47054497853658,-16.0437785701794,-21.2676900994448,2.72602018841535,-39.9786815300023,1.01922130567846,-11.4247500186269,12.4348990080334,122.587083950918,1411,1430,1430,1437,1238,9.0599999999999,453,50,1,0.468478260869565,1.11499802650774,-1.11499802650774,-0.572085934621737,-9.04135522820793
9.08,0,0,13,106.739428653416,-18.6825291172136,-122.576677195173,12.199339852827,-2.45904869009439,0.21447856092469,-0.0557918341327137,2.51461646374548,-16.1196870422034,-21.2838925813195,2.65576249690193,-40.2968374256732,1.00722256974248,-11.3948113214926,12.4465583338578,122.576677195173,1409,1430,1430,1437,1236,9.09999999999989,455,50,1,0.467391304347826,1.11755132559554,-1.11755132559554,-0.572084325806755,-9.04135522553623
9.1,0,0,13,106.897037593306,-18.8750681975719,-122.566043183121,12.212243714774,-2.45470757560725,0.212262743413709,-0.0495209412862294,2.56002942603814,-16.1897600502563,-21.2995529417689,2.5857143110852,-40.6166594991281,0.995765818767366,-11.3635523596444,12.4583121370041,122.566043183121,1407,1430,1430,1437,1235,9.11999999999989,456,50,1,0.466304347826087,1.1186171891889,-1.1186171891889,-0.572083654213941,-9.17011688575671
9.12,0,0,13,107.053798511315,-19.0685899851291,-122.555182562914,12.2252812238693,-2.45019521591698,0.210142011201546,-0.0510198227076806,2.60643942069598,-16.2461249413,-21.314847958993,2.51597750256203,-40.937955510024,0.984767916605219,-11.3314583061588,12.4701690952315,122.555182562914,1406,1430,1430,1437,1234,9.13999999999989,457,50,1,0.464130434782609,1.11921910167567,-1.11921910167567,-0.572083274953308,-9.26724453939732
9.14,0,0,13,107.209704241157,-19.2630931528644,-122.544096172829,12.2383593652993,-2.44552710097828,0.208103206368653,-0.0569328568644828,2.65355607059457,-16.2926503426496,-21.3298864336296,2.44665529676824,-41.2605107533241,0.974173586751022,-11.2986859418335,12.4820410871111,122.544096172829,1405,1431,1431,1437,1234,9.15999999999989,458,50,1,0.46304347826087,1.1195590125648,-1.1195590125648,-0.572083060777956,-9.32209428555626
9.16,0,0,13,107.364747926999,-19.45857594911,-122.532785284228,12.2515554021288,-2.44071464444294,0.206135795505434,-0.0651900084851496,2.70113521014652,-16.3320203657309,-21.3447273380209,2.37782005891768,-41.5841741970348,0.963926325516354,-11.26521963567,12.4940061514799,122.532785284228,1404,1431,1431,1437,1233,9.17999999999989,459,50,1,0.46195652173913,1.11975096640377,-1.11975096640377,-0.572082939829254,-9.35306893119974
9.18,0,0,13,107.518923481264,-19.6550369179422,-122.521251537737,12.264861799542,-2.43577051997312,0.204229885204861,-0.074537522595406,2.74897920485437,-16.3657516342889,-21.3593995297667,2.30952503239844,-41.9088314173642,0.95397969625241,-11.2311259718365,12.5060594446791,122.521251537737,1402,1431,1431,1437,1232,9.19999999999989,460,50,1,0.460869565217391,1.11985936621522,-1.11985936621522,-0.572082871527329,-9.37056087491739
9.2,0,0,13,107.67222485237,-19.852474448687,-122.509496831823,12.2782729612048,-2.4307082166544,0.202376876192673,-0.0842083980026982,2.79692914813589,-16.3947076594283,-21.3739135888265,2.24181168175053,-42.234388365233,0.944293308665415,-11.1964731644264,12.518198182821,122.509496831823,1402,1431,1431,1437,1232,9.19999999999989,460,50,1,0.458695652173913,1.11990838565978,-1.11990838565978,-0.572082840640538,-9.37847090127209
9.22,0,0,13,107.824645395734,-20.0508862965999,-122.497523232542,12.2917035440737,-2.42554184857985,0.200570192313227,-0.0937300641620886,2.84485605509951,-16.4193898082186,-21.3882689505826,2.17471401318539,-42.560762388712,0.934842407582036,-11.1614024999834,12.5303414828428,122.497523232542,1401,1431,1431,1436,1231,9.21999999999989,461,50,1,0.457608695652174,1.11994826372184,-1.11994826372184,-0.572082815513664,-9.38490582775194
9.24,0,0,13,107.976178463018,-20.2502701516581,-122.48533295133,12.3052304302426,-2.42028565809791,0.198803835772664,-0.102806297461141,2.89265741082177,-16.4400973336206,-21.4024582643118,2.10826109953345,-42.8878773226019,0.925592568882729,-11.1259114004887,12.5425675829664,122.48533295133,1398,1432,1432,1436,1231,9.25999999999989,463,50,1,0.456521739130435,1.11997467293653,-1.11997467293653,-0.572082798873412,-9.38916735266385
9.26,0,0,13,108.126817963725,-20.4506241902972,-122.472928372466,12.3188475407403,-2.41495364278565,0.197071356584447,-0.111247260058251,2.94025884330542,-16.4570164125678,-21.4164699803641,2.04247876713382,-43.2156608115595,0.916513811206732,-11.0900699139865,12.5548732748839,122.472928372466,1397,1432,1432,1436,1231,9.27999999999989,464,50,1,0.454347826086957,1.11998569734828,-1.11998569734828,-0.572082791927011,-9.39094630769404
9.28,0,0,13,108.276557186989,-20.6519459957525,-122.460311973155,12.3324721166427,-2.40955990884122,0.195368008242916,-0.118933894100732,2.98760415420702,-16.470276256851,-21.4302900059459,1.97739065172948,-43.5440429382519,0.907589813237089,-11.0540152702926,12.5671801180977,122.460311973155,1395,1432,1432,1436,1230,9.29999999999989,465,50,1,0.453260869565217,1.11999192303338,-1.11999192303338,-0.572082788004253,-9.39195091583783
9.3,0,0,13,108.425389313863,-20.8542331882534,-122.447486270974,12.3461777506057,-2.40414863096949,0.193689362302008,-0.126013675316155,3.03465295642655,-16.4766564953848,-21.4439035072669,1.9130246419248,-43.8729406549302,0.898794178265624,-11.0178816055352,12.5795688025629,122.447486270974,1394,1432,1432,1435,1229,9.31999999999989,466,50,1,0.451086956521739,1.11999543879058,-1.11999543879058,-0.572082785789,-9.52127989759791
9.32,0,0,13,108.573306735347,-21.0574841208546,-122.434453447412,12.359874529912,-2.39882841433413,0.192030976589878,-0.132225428257649,3.08137890731023,-16.4687754541109,-21.4572951107334,1.8494609528411,-44.2021363382873,0.890112541414071,-10.9822329633009,12.5919717301364,122.434453447412,1393,1432,1432,1435,1229,9.33999999999989,467,50,1,0.45,1.11999742420238,-1.11999742420238,-0.572082784538007,-9.61872792799294
9.34,0,0,13,108.720301742619,-21.2616971341089,-122.421215724198,12.3736295244706,-2.39361467476411,0.190389564951387,-0.136402835936747,3.12776177967218,-16.4510791779564,-21.470431471591,1.78678351229425,-44.5314024412116,0.881524516933498,-10.9470789806169,12.6044574261068,122.421215724198,1392,1433,1433,1434,1230,9.35999999999989,468,50,1,0.448913043478261,1.11999854540041,-1.11999854540041,-0.572082783831548,-9.67375859671098
9.36,0,0,13,108.866367551684,-21.466870605554,-122.407775666304,12.387433786901,-2.38851630068331,0.188761976043578,-0.138185437109199,3.17379148239864,-16.4266948355493,-21.4832677162898,1.72504685848158,-44.8605864446108,0.873015973531737,-10.9124662398561,12.6170185474654,122.407775666304,1390,1433,1433,1433,1230,9.37999999999989,469,50,1,0.447826086956522,1.11999917856125,-1.11999917856125,-0.572082783432598,-9.70483541260226
9.38,0,0,13,109.011497551071,-21.6730026109349,-122.394136150614,12.4012816864109,-2.38354204321222,0.187109980210645,-0.137649464837708,3.20473349323026,-16.3974779850235,-21.495757840219,1.66422135237167,-45.189554992418,0.864410554500619,-10.8784380397685,12.6296504418042,122.394136150614,1390,1433,1433,1433,1230,9.37999999999989,469,50,1,0.445652173913043,1.11999946488271,-1.11999946488271,-0.540299005548877,-9.71888864972035
9.4,0,0,13,109.155684524334,-21.8800906676975,-122.380300869231,12.4150969762092,-2.3787003906863,0.185257152403044,-0.135184237708456,3.19056049405673,-16.3645529650463,-21.5078536459395,1.60368479735767,-45.5179723805286,0.854899906502497,-10.8450982164766,12.6422770373792,122.380300869231,1389,1433,1433,1433,1229,9.39999999999989,470,50,1,0.444565217391304,1.11999969780957,-1.11999969780957,-0.502613093757888,-9.73032117138382
9.42,0,0,13,109.298921511668,-22.0881319726667,-122.366273002259,12.4289520503443,-2.37399923535571,0.183128879976817,-0.1311527377801,3.15508775244661,-16.3286161354918,-21.5195129218202,1.54284113244988,-45.8455317991684,0.844138162608255,-10.8124191228819,12.6549696809557,122.366273002259,1386,1434,1434,1432,1229,9.43999999999989,472,50,1,0.442391304347826,1.1199998520652,-1.1199998520652,-0.477655628831405,-9.7378923497069
9.44,0,0,13,109.441202025199,-22.2971232465144,-122.352054597825,12.4427712889653,-2.3694331444437,0.180733993308857,-0.0914092533617596,3.11371017743014,-16.2903536593659,-21.5305329399747,1.48147450861507,-46.1720886675617,0.832175294593542,-10.7804388629935,12.6676531193361,122.352054597825,1384,1434,1434,1431,1231,9.45999999999989,473,50,1,0.441304347826087,1.25660449816601,-1.25660449816601,-0.467237243701773,-9.74105290515142
9.46,0,0,13,109.582520267256,-22.5070605297252,-122.33764704902,12.4566276666022,-2.36496821160171,0.178168871886724,0.0413468375818047,3.07423890718081,-16.253465599632,-21.5393528001806,1.41956983042819,-46.4976186690506,0.81945359686903,-10.7489419511257,12.6803939849342,122.33764704902,1383,1434,1434,1431,1231,9.47999999999989,474,50,1,0.439130434782609,1.35964827011256,-1.35964827011256,-0.461353792817013,-9.74283772808656
9.48,0,0,13,109.722870783056,-22.7179395884033,-122.323051314789,12.4704534943782,-2.36059275431613,0.175520386129139,0.198835162562787,3.04043253585359,-16.2212063970309,-21.5448132717938,1.35719396194066,-46.8222159336797,0.806379122332353,-10.7179312326801,12.6931247497662,122.323051314789,1382,1434,1434,1430,1231,9.49999999999989,475,50,1,0.43804347826087,1.41783895549081,-1.41783895549081,-0.458031301482447,-9.7438456499426
9.5,0,0,13,109.862248211451,-22.9297561605238,-122.308268092975,12.4843263825121,-2.35628438203259,0.172832463616369,0.346319177408104,3.01402397975901,-16.1940301605714,-21.5468192737652,1.29445355929923,-47.1460266085392,0.793149575820601,-10.6872404958045,12.7059180059758,122.308268092975,1381,1435,1435,1429,1231,9.51999999999989,476,50,1,0.43695652173913,1.45070029005596,-1.45070029005596,-0.456155030415604,-9.74441484168028
9.52,0,0,13,110.000647801697,-23.142506436828,-122.293298055005,12.4982505547347,-2.3520188881383,0.170128581662384,0.471205027585666,2.9956132896438,-16.1711605081609,-21.5457239552363,1.23147682249661,-47.469200137873,0.779872965018544,-10.6567582467495,12.7187736638948,122.293298055005,1379,1435,1435,1429,1232,9.53999999999989,477,50,1,0.435869565217391,1.46925768119826,-1.46925768119826,-0.455095466142359,-9.74473627456944
9.54,0,0,13,110.138064918593,-23.3561865297487,-122.278141932314,12.512229929298,-2.34777562545751,0.167424269487521,0.571386497253549,2.98516754782505,-16.1514283703697,-21.542014178998,1.16840159188388,-47.7918684428234,0.766620468931716,-10.6263895378881,12.7316919173033,122.278141932314,1379,1435,1435,1429,1232,9.53999999999989,477,50,1,0.433695652173913,1.47764951319701,-1.47764951319701,-0.454616320916353,-9.74488162963493
9.56,0,0,13,110.274494578714,-23.5707919779119,-122.26280054768,12.5261989443866,-2.34353931013935,0.164732918784875,0.649235129149136,2.98230482310929,-16.1336606825724,-21.5361673695975,1.10536748402428,-48.1141390975459,0.753457370428545,-10.5961209732591,12.7446056599273,122.26280054768,1377,1435,1435,1428,1233,9.55999999999989,478,50,1,0.431521739130435,1.48447639588004,-1.48447639588004,-0.454226529003626,-9.74499987818657
9.58,0,0,13,110.409931457359,-23.7863177631327,-122.247274824673,12.5401612282063,-2.33929998209601,0.162067363417551,0.70862117134634,2.98645707823702,-16.1168371862511,-21.5285953330631,1.04251065748301,-48.4360950639912,0.740441754602063,-10.5659051194375,12.7575167593826,122.247274824673,1374,1435,1435,1428,1234,9.59999999999988,480,50,1,0.430434782608696,1.48899749347386,-1.48899749347386,-0.453968389621343,-9.74507818819527
9.6,0,0,13,110.544370773458,-24.0027593323966,-122.231565838663,12.5541847136197,-2.33505194901896,0.159438383302023,0.753532028744955,2.99697156080151,-16.1001306823712,-21.5196300082129,0.97996048754412,-48.7577971150393,0.727618365836398,-10.5356608596231,12.7704910644176,122.231565838663,1373,1435,1435,1426,1235,9.61999999999988,481,50,1,0.428260869565217,1.49088480599056,-1.49088480599056,-0.453860630459518,-9.74511087836763
9.62,0,0,13,110.677807768568,-24.2201121298104,-122.215674950151,12.5682027440765,-2.33079312615471,0.156812784913057,0.787472777552823,2.99556532975107,-16.0829041774894,-21.5095273593458,0.917758073119195,-49.0792557513773,0.714839245240258,-10.5054343604808,12.7834622486498,122.215674950151,1371,1435,1435,1426,1236,9.63999999999988,482,50,1,0.427173913043478,1.49195060557064,-1.49195060557064,-0.403272322643698,-9.74512933910037
9.64,0,0,13,110.810237566786,-24.4383717018368,-122.199604562451,12.5822848015299,-2.32649282586657,0.153987698340027,0.813375339058268,2.94573198406737,-16.0681224192006,-21.4984740740632,0.855233232113708,-49.4002073776734,0.701176685801885,-10.4750358932773,12.7964906090248,122.199604562451,1371,1435,1435,1425,1238,9.65999999999988,483,50,1,0.425,1.49255248190794,-1.49255248190794,-0.365124026281346,-9.61637810287492
9.66,0,0,13,110.941656418652,-24.6575326779972,-122.18335698525,12.596373450368,-2.32205491828393,0.150881580913753,0.833163646478654,2.87534004359057,-16.0631629220057,-21.4866028744597,0.791689721159986,-49.7205324601238,0.686266123823145,-10.4440907721619,12.8095014889776,122.18335698525,1369,1435,1435,1425,1238,9.67999999999988,484,50,1,0.425,1.49289237238282,-1.49289237238282,-0.343580992001803,-9.51925633585321
9.68,0,0,13,111.07206153984,-24.8775897607048,-122.166933265545,12.6106038957458,-2.31748068226277,0.147502461876377,0.847428456905094,2.8022519463126,-16.0632497703073,-21.4740264769687,0.726876222765653,-50.0402943181953,0.670141035343606,-10.4124967135237,12.8226286035399,122.166933265545,1368,1435,1435,1425,1239,9.69999999999988,485,50,1,0.422826086956522,1.49308431469348,-1.49308431469348,-0.331415250141111,-9.46440991397464
9.7,0,0,13,111.201450040918,-25.0985378038134,-122.150333299604,12.6248495302471,-2.31277899889197,0.143898365961847,0.857210228109179,2.73579790234098,-16.0650465354664,-21.460840462268,0.660818402501546,-50.3595729406937,0.653030518644247,-10.380396749814,12.8357500403686,122.150333299604,1368,1435,1435,1425,1239,9.69999999999988,485,50,1,0.421739130434783,1.49317111286528,-1.49317111286528,-0.325913783849201,-9.43960783082574
9.72,0,0,13,111.329818620751,-25.3203712445918,-122.133556206376,12.6391767907013,-2.30795961111562,0.140133345100895,0.863637359129892,2.6804617040944,-16.0665988247982,-21.4471186161136,0.593684934488912,-50.6784490645989,0.635224936427947,-10.3477811801648,12.8489339973226,122.133556206376,1366,1435,1435,1424,1240,9.71999999999988,486,50,1,0.419565217391304,1.49324172449526,-1.49324172449526,-0.321438257532053,-9.4194309597948
9.74,0,0,13,111.457164037657,-25.5430845808254,-122.116600658314,12.6535229798702,-2.30303289246794,0.136273288485892,0.867728352474389,2.63799210916255,-16.0667588203047,-21.4329138758225,0.525710996974689,-50.9969969105831,0.617028353328124,-10.314746841786,12.8621217034768,122.116600658314,1363,1435,1435,1424,1242,9.75999999999988,488,50,1,0.417391304347826,1.49328848699071,-1.49328848699071,-0.318474343809937,-9.40606884310054
9.76,0,0,13,111.583482814565,-25.7666717988261,-122.099465147589,12.6678908994624,-2.29797807060662,0.132379947186782,0.870554673185681,2.60860844237548,-16.0683323219866,-21.4182604905715,0.457148937201766,-51.3152962420081,0.598721306390348,-10.2812012801839,12.8753131031477,122.099465147589,1361,1435,1435,1423,1242,9.77999999999988,489,50,1,0.416304347826087,1.49330800779095,-1.49330800779095,-0.317237070924291,-9.27172922429681
9.78,0,0,13,111.708772821527,-25.9911267264343,-122.082148582741,12.6823490877409,-2.29270593939705,0.128506383527933,0.872533953256049,2.59169940466155,-16.0787475116077,-21.4031751736327,0.388194521165268,-51.6335577065676,0.580540828471121,-10.2467011988876,12.8885605402029,122.082148582741,1360,1434,1434,1423,1242,9.79999999999988,490,50,1,0.414130434782609,1.4933190315406,-1.4933190315406,-0.316538360503898,-9.17145159636043
9.8,0,0,13,111.833032020639,-26.2164432181656,-122.064650020519,12.6968418672742,-2.28722472497551,0.124695630939459,0.872967933227517,2.58623313155638,-16.0932028839834,-21.3876826679337,0.319025369655729,-51.9519918806235,0.562683521076613,-10.2113294459951,12.9018114753504,122.064650020519,1359,1433,1433,1423,1241,9.81999999999988,491,50,1,0.41304347826087,1.4933252568518,-1.4933252568518,-0.316143786067466,-9.11482300263281
9.82,0,0,13,111.956257870169,-26.4426155922939,-122.046968482658,12.7114318927167,-2.2815494660949,0.120980792457744,0.871877438124916,2.59099032796108,-16.1083776533698,-21.3718140427912,0.249829323689171,-52.2707205654978,0.545294942653127,-10.1751050904338,12.9151308580887,122.046968482658,1358,1433,1433,1423,1241,9.83999999999988,492,50,1,0.41195652173913,1.49332877239785,-1.49332877239785,-0.315920962732732,-9.082843809531
9.84,0,0,13,112.07844786558,-26.6696389520276,-122.029103154578,12.7261181963556,-2.27569510463987,0.117385579062538,0.869614246348065,2.60470091558251,-16.122347860447,-21.3555964467351,0.180789509590292,-52.5898085171977,0.528480673895035,-10.1380971692758,12.9285208717419,122.029103154578,1356,1432,1432,1422,1242,9.85999999999988,493,50,1,0.410869565217391,1.49333075769041,-1.49333075769041,-0.315795130357601,-9.06478457965923
9.86,0,0,13,112.19959926203,-26.8975086146251,-122.011053499735,12.740899175568,-2.26967678664921,0.113926375966029,0.866615157811266,2.62611968577,-16.1339989123157,-21.3390495413377,0.112076283666457,-52.9092834580557,0.512312864782337,-10.1003759354399,12.9419829909092,122.011053499735,1354,1431,1431,1421,1242,9.87999999999988,494,50,1,0.408695652173913,1.4933318788211,-1.4933318788211,-0.31572407053503,-9.05458620528113
9.88,0,0,13,112.319708788435,-27.1262195983495,-121.992819321663,12.7557146550046,-2.26351001328054,0.110614102065967,0.863291384981571,2.65406749545421,-16.1426893783802,-21.3221851700557,0.043843569155187,-53.2291481092716,0.496841025249756,-10.0620582392369,12.9554609883128,121.992819321663,1354,1431,1431,1421,1242,9.87999999999988,494,50,1,0.406521739130435,1.49333238580725,-1.49333238580725,-0.315691936595065,-9.04997440161837
9.9,0,0,13,112.438772670957,-27.3557666174003,-121.974400883026,12.7705637892413,-2.25721056476988,0.107417019767834,0.859969284730137,2.67193041825634,-16.1480573096454,-21.3050083949809,-0.0238426193843512,-53.5493602336949,0.481920520019099,-10.0232156660964,12.9689566829767,121.974400883026,1353,1430,1430,1420,1242,9.89999999999988,495,50,1,0.405434782608696,1.49333279824819,-1.49333279824819,-0.283882017443936,-9.0462226293513
9.92,0,0,13,112.556787148302,-27.5861451260228,-121.955799549544,12.78550188335,-2.25079411975924,0.104147884653301,0.856755824320601,2.64717454223306,-16.1499077540944,-21.2875190720967,-0.091547421525782,-53.8696256927715,0.466708488473439,-9.98387706631665,12.9825259237394,121.955799549544,1349,1429,1429,1419,1241,9.93999999999988,497,50,1,0.403260869565217,1.49333307138686,-1.49333307138686,-0.239670152545756,-9.04373802116968
9.94,0,0,13,112.673748558943,-27.8173505114191,-121.937016425675,12.8004701039828,-2.24427635931091,0.100724801590519,0.853762414612569,2.6041395491851,-16.148136418207,-21.2697127526909,-0.15981612186038,-54.1896555460187,0.450841794721133,-9.94415797702231,12.996113139919,121.937016425675,1348,1428,1428,1418,1243,9.95999999999988,498,50,1,0.401086956521739,1.49333318540741,-1.49333318540741,-0.221214101934633,-9.04270083229619
9.96,0,0,13,112.789653204604,-28.0493775216146,-121.918051636036,12.8154678812776,-2.23768619909848,0.0971406420800927,0.815008281056867,2.55841250821446,-16.142435308227,-21.251758762332,-0.228801859627245,-54.5093117419719,0.434290988903262,-9.90418556393609,13.0097230118876,121.918051636036,1347,1428,1428,1417,1244,9.97999999999988,499,50,1,0.4,1.35672866808941,-1.35672866808941,-0.21079163569384,-9.04211511294339
9.98,0,0,13,112.904497545413,-28.2822215212201,-121.898904425743,12.8305468785244,-2.23107993165141,0.0933711182316055,0.680746797893961,2.5185228813235,-16.1291185638641,-21.2352549301342,-0.29843172597884,-54.8285075109315,0.416948444857078,-9.86416590070769,13.0234161812156,121.898904425743,1346,1427,1427,1414,1244,9.99999999999988,500,50,1,0.398913043478261,1.25368496886885,-1.25368496886885,-0.20490588013165,-9.04178434661044
10,9.2,0,13,113.018278418057,-28.5158782948495,-121.879573586765,12.8456991527883,-2.22449081042653,0.089390418957869,0.523302947794551,2.47304432994174,-16.1049762036817,-21.2213680152897,-0.368566234003553,-55.1470952665017,0.398702398725733,-9.8242498502395,13.0371905231387,121.879573586765,1344,1427,1427,1412,1245,10.0199999999999,501,50,1,0.397826086956522,1.19549432456028,-1.19549432456028,-0.158272840791695,-9.04159755686808
10.02,9.2,0,13,113.130992672869,-28.7503436247936,-121.860058319783,12.860916994888,-2.21796421827028,0.0850674361419153,0.378942657944894,2.39168911797858,-16.0698097860044,-21.2101471098449,-0.439625989807151,-55.4646772129442,0.378972509403024,-9.7846403997394,13.0510454635488,121.860058319783,1342,1453,1453,1410,1244,10.0399999999999,502,50,1,0.395652173913043,1.16263301318793,-1.16263301318793,-0.123726750811792,-9.04149207331557
10.04,9.2,0,13,113.242637361826,-28.9856125144561,-121.840357059046,12.8761402036545,-2.21149173711478,0.0804221507864817,0.41244272890772,2.2998275489504,-16.025815570355,-21.2004275260236,-0.511984238887128,-55.7808888680861,0.357854902943863,-9.74534523948007,13.064920587965,121.840357059046,1342,1453,1453,1410,1244,10.0399999999999,502,50,1,0.393478260869565,1.56548669398306,-1.56548669398306,-0.108104674351677,-9.04144437263153
10.06,9.2,0,13,113.353211662184,-29.2216779366296,-121.820467884929,12.8913703600361,-2.20490566657856,0.0757917238273792,0.986802630960062,2.21103826230239,-15.9908143325935,-21.1843539260971,-0.585669653172407,-56.095683532827,0.336852928952,-9.70563649732018,13.0787913487267,121.820467884929,1341,1471,1471,1410,1245,10.0599999999999,503,50,1,0.392391304347826,2.34943354926663,-2.34943354926663,-0.0953958780752121,-9.04140556740118
10.08,9.2,0,13,113.462717126445,-29.4585320892237,-121.800389484384,12.906682258719,-2.19801210620088,0.0716095086476096,2.06265918023621,2.12953486103121,-15.9917466131415,-21.1511302306098,-0.660675452435463,-56.4095399391102,0.317888085941948,-9.66462223690586,13.0927014809116,121.800389484384,1337,1494,1494,1408,1245,10.0999999999999,505,50,1,0.390217391304348,3.40636261265916,-3.40636261265916,-0.0869794879109822,-9.04137986866843
10.1,9.2,0,13,113.571156218705,-29.6961669102244,-121.780121967637,12.9220694370567,-2.1905398634437,0.0681382739302125,3.4607277409365,2.03846315597741,-16.049902247181,-21.0923783623866,-0.737162209442088,-56.7233959672664,0.302118740007049,-9.62114216223499,13.1066008657403,121.780121967637,1336,1502,1502,1406,1244,10.1199999999999,506,50,1,0.38804347826087,4.15985700069,-4.15985700069,-0.0375613955739833,-9.04136914084428
10.12,9.2,0,13,113.678531346363,-29.9345742354768,-121.759668140679,12.9375932833826,-2.18215850522614,0.0652941336190913,4.98292485998086,1.90213563192505,-16.176363328137,-21.0037353828696,-0.816053603181592,-57.0382425504398,0.289160931188542,-9.57373726720117,13.1204953805884,121.759668140679,1335,1508,1508,1405,1243,10.1399999999999,507,50,1,0.38695652173913,4.80936293281976,-4.80936293281976,-0.000950428351888284,-9.04136308264756
10.14,9.2,0,13,113.784845913029,-30.1737463498316,-121.73903234299,12.953368216654,-2.17249728051207,0.0629742605783122,6.50500430357361,1.74598249857164,-16.3736888782091,-20.8840046720415,-0.89829301694844,-57.3552060254337,0.278547699913372,-9.5207430077285,13.1344378771058,121.73903234299,1333,1513,1513,1404,1244,10.1599999999999,508,50,1,0.385869565217391,5.35686970051051,-5.35686970051051,0.0197244483026608,-9.04135966147409
10.16,9.2,0,13,113.890104600196,-30.4136757997634,-121.718219735022,12.9694558637338,-2.1611988986648,0.0610775351894551,7.91023051301901,1.58600469274947,-16.6386112240651,-20.734212967591,-0.984402996293022,-57.6755714594448,0.269823125671222,-9.46059837410494,13.1484332354176,121.718219735022,1332,1516,1516,1403,1243,10.1799999999999,509,50,1,0.383695652173913,5.69366580831398,-5.69366580831398,0.0313999258197598,-9.04135772947544
10.18,9.2,0,13,113.994312455021,-30.6543548182514,-121.697236268997,12.9858616681002,-2.1479447501664,0.0594589565469493,9.12332313447708,1.43078796878311,-16.9613409526432,-20.5578350915687,-1.07463601290066,-58.0005932198961,0.262340963147304,-9.39195531012687,13.1624391842969,121.697236268997,1330,1518,1518,1402,1241,10.1999999999999,510,50,1,0.382608695652174,6.078014416035,-6.078014416035,0.0379932795567598,-9.04135663844079
10.2,9.2,0,13,114.097475634201,-30.8957753975058,-121.676088915037,13.0026762253393,-2.13242395972931,0.0579793128328849,10.2075641157731,1.26550687719825,-17.3328876416754,-20.3577199627337,-1.16914565753784,-58.3313497176418,0.255481860060283,-9.31344382928311,13.1765011503717,121.676088915037,1330,1518,1518,1402,1241,10.1999999999999,510,50,1,0.380434782608696,6.28129866900249,-6.28129866900249,0.0784729028750549,-9.04135614506435
10.22,9.2,0,13,114.19960077695,-31.137929689159,-121.654786117515,13.0198844703359,-2.11442276010329,0.0563076370226652,11.0834973624148,1.05376052730755,-17.7436626144702,-20.1372510924233,-1.2687248787451,-58.6685051108516,0.247787900865464,-9.22419142881249,13.1905779168058,121.654786117515,1328,1520,1520,1402,1238,10.2199999999999,511,50,1,0.378260869565217,6.4466734937752,-6.4466734937752,0.125359760006667,-9.04135574369513
10.24,9.2,0,13,114.300694811945,-31.3808094810836,-121.633335704563,13.03750667906,-2.0938081994706,0.0542264457788249,11.7403429238301,0.827500164792676,-18.1777522436411,-19.9007213576912,-1.374018438021,-59.0125322687251,0.238306958653813,-9.12364970032574,13.2046792346549,121.633335704563,1325,1521,1521,1400,1234,10.2599999999999,513,50,1,0.377173913043478,6.55619283914434,-6.55619283914434,0.156410543622179,-9.17011713922446
10.26,9.2,0,13,114.400764826555,-31.624407287863,-121.611743432157,13.0555896316599,-2.07057659246912,0.051641455095355,12.2032828954025,0.607336250780176,-18.6149447986295,-19.6522278891887,-1.48502921516667,-59.3637146809142,0.226632582453565,-9.0118077661165,13.2188643572537,121.611743432157,1324,1521,1521,1400,1230,10.2799999999999,514,50,1,0.375,6.60191121328858,-6.60191121328858,0.169372558123098,-9.26724468253515
10.28,9.2,0,13,114.499818508772,-31.868715530902,-121.590013543636,13.0740755134174,-2.04471089627426,0.0485390862712831,12.5091456292623,0.4042664627277,-19.0459393432016,-19.3952167150538,-1.60139975273175,-59.7221951790138,0.212716532367683,-8.88866946899976,13.233089179129,121.590013543636,1322,1520,1520,1399,1226,10.2999999999999,515,50,1,0.373913043478261,6.62772920767657,-6.62772920767657,0.176692442609494,-9.45085602772456
10.3,9.2,0,13,114.597863647395,-32.1137267839628,-121.568148812328,13.0929864360494,-2.01630779312423,0.0449567946293366,12.694113364977,0.223745097994783,-19.4572667947062,-19.1324043104531,-1.7225490670429,-60.0879124094224,0.19673315040334,-8.75467037998335,13.2474077481056,121.568148812328,1321,1519,1519,1399,1222,10.3199999999999,516,50,1,0.371739130434783,6.64230909698136,-6.64230909698136,0.180826114029966,-9.57895829245354
10.32,9.2,0,13,114.694908543821,-32.3594335470324,-121.546150971982,13.1122471471111,-1.98544508191825,0.0409622214416172,12.7899091992015,0.0679851431931199,-19.8440086430966,-18.8658246812975,-1.84779522330599,-60.4606880750635,0.178989516213275,-8.6102286746531,13.2617757228745,121.546150971982,1319,1518,1518,1399,1217,10.3399999999999,517,50,1,0.370652173913044,6.65054262468864,-6.65054262468864,0.183160473191532,-9.8229821779306
10.34,9.2,0,13,114.790961061747,-32.6058287218774,-121.524020605038,13.1318632886609,-1.9523216380367,0.0366375812638496,12.8220608702531,-0.0626756437227066,-20.1943632013149,-18.5969579321513,-1.97637635490447,-60.8401329369282,0.159853425612447,-8.45622424661894,13.2762470420969,121.524020605038,1317,1516,1516,1399,1213,10.3599999999999,518,50,1,0.368478260869565,6.655192246993,-6.655192246993,0.184478728113343,-9.99333836918797
10.36,9.2,0,13,114.886029326457,-32.8529052388884,-121.501757685026,13.1517496815285,-1.91707264162232,0.0320700424595562,12.8110360564018,-0.16901952122711,-20.5078756096339,-18.3268266307828,-2.10752752482982,-61.2257801632373,0.139713306921479,-8.2933204237256,13.2907755863405,121.501757685026,1316,1514,1514,1398,1208,10.3799999999999,519,50,1,0.366304347826087,6.65781797296876,-6.65781797296876,0.185223170557115,-10.2826840895909
10.38,9.2,0,13,114.980120625187,-33.1006561031901,-121.479361499019,13.1718601915597,-1.87995153912925,0.0273448762909294,12.7720233857493,-0.252454398456312,-20.7750997952898,-18.056120645922,-2.24046867032843,-61.6169952308884,0.118946278597538,-8.12265573628859,13.3053698346844,121.479361499019,1316,1514,1514,1398,1208,10.3799999999999,519,50,1,0.365217391304348,6.65900535168457,-6.65900535168457,0.185559814639949,-10.4428535801296
10.4,9.2,0,13,115.073242624035,-33.349074755198,-121.456831141919,13.1921939347267,-1.84112921073096,0.0225405396606711,12.716914977885,-0.314758858680221,-20.9980230151724,-17.7852619403281,-2.37445977636095,-62.0131117129633,0.0978970245671867,-7.94498535816897,13.3200692812754,121.456831141919,1314,1512,1512,1398,1202,10.3999999999999,520,50,1,0.36304347826087,6.6599713022892,-6.6599713022892,0.185833679710148,-10.7415569930461
10.42,9.2,0,13,115.165401890988,-33.5981552930932,-121.434165297843,13.2126574751017,-1.80095488978344,0.0177201895142385,12.6134456465024,-0.357786978388374,-21.1632914093707,-17.5146984305425,-2.50875948860631,-62.4132865540371,0.0768423358071433,-7.76187619281465,13.3348442088579,121.434165297843,1311,1507,1507,1398,1189,10.4399999999999,522,50,1,0.36195652173913,6.5149956956371,-6.5149956956371,0.186015046633735,-11.1891535499784
10.44,9.2,0,13,115.256603593955,-33.847892608143,-121.411362291399,13.233243664281,-1.75973064241324,0.0128924548452715,12.4025908831126,-0.382820000842758,-21.2669505187803,-17.2463342616294,-2.64262950530526,-62.8165026201511,0.0558202535393441,-7.57463696125783,13.3497399235893,121.411362291399,1310,1505,1505,1398,1185,10.4599999999999,523,50,1,0.359782608695652,6.40542201894144,-6.40542201894144,0.186090757466757,-11.5278142035969
10.46,9.2,0,13,115.346853008963,-34.0982815973325,-121.388420684446,13.2538604277894,-1.71768534281393,0.00808224391619669,12.1708831868939,-0.39127660957203,-21.3108182347529,-16.9814692535199,-2.775370254827,-63.2216783887461,0.0349391341878294,-7.38430855032945,13.3647044299119,121.388420684446,1308,1503,1503,1398,1178,10.4799999999999,524,50,1,0.358695652173913,6.34354377801639,-6.34354377801639,0.186133512746197,-11.7397252215476
10.48,9.2,0,13,115.436156471836,-34.3493166888462,-121.36533963985,13.2745068925646,-1.67503902885224,0.00333906259291698,11.9142668930664,-0.384953532747697,-21.3005465268482,-16.7203046540807,-2.90637168867457,-63.6278372379448,0.0144121504186616,-7.1918376546797,13.3797720510576,121.36533963985,1306,1500,1500,1398,1172,10.4999999999999,525,50,1,0.356521739130435,6.13871548956316,-6.13871548956316,0.186157657427308,-12.0591944266523
10.5,9.2,0,13,115.524518953314,-34.6009930022802,-121.342118200167,13.2950970184735,-1.63218736008864,-0.00133433857900489,11.5701918144217,-0.365053489799053,-21.2236237291026,-16.4643849726335,-3.03504152425748,-64.0338788124456,-0.00575038818111215,-6.99895857740029,13.3949110519449,121.342118200167,1304,1497,1497,1398,1165,10.5199999999999,526,50,1,0.354347826086957,5.99083460997942,-5.99083460997942,0.186171292366281,-12.3864684161248
10.52,9.2,0,13,115.611944336055,-34.8533057055965,-121.318755489142,13.3155867272855,-1.58944194449582,-0.00592032951162319,11.1981698504571,-0.33286215836248,-21.0783945526111,-16.2147104926388,-3.16079443324522,-64.4385465657507,-0.0254746470386894,-6.80701798162559,13.4101159814927,121.318755489142,1302,1494,1494,1397,1159,10.5399999999999,527,50,1,0.352173913043478,5.76621365319278,-5.76621365319278,0.186178992263412,-12.7190941322197
10.54,9.2,0,13,115.698435984745,-35.1062501959295,-121.295250847014,13.3359354168817,-1.54715503710767,-0.0104080198380062,10.7786273601163,-0.289555747501391,-20.8628304738177,-15.9723799991123,-3.28308433058901,-64.8405398889286,-0.0447164349622715,-6.61752665065799,13.42538530095,121.295250847014,1302,1494,1494,1397,1159,10.5399999999999,527,50,1,0.35,5.64321335632382,-5.64321335632382,0.186182474231467,-12.9687941735294
10.56,9.2,0,13,115.783997234103,-35.359821855253,-121.271604014811,13.3561060956337,-1.50560149400802,-0.0147634756982199,10.403725448877,-0.236608432462294,-20.5818241776695,-15.7374803719169,-3.40141082747862,-65.2385449711795,-0.0633331674577102,-6.43165881137218,13.4407077141346,121.271604014811,1302,1492,1492,1397,1156,10.5599999999999,528,50,1,0.35,5.54315074820363,-5.54315074820363,0.18618530686532,-13.2016957168115
10.58,9.2,0,13,115.868632774963,-35.6140163026618,-121.24781548269,13.3761483901172,-1.46501972580202,-0.0189375007385538,10.0587249557786,-0.175836705714086,-20.2455869038806,-15.5090433531242,-3.51537184331707,-65.6314313928211,-0.0811173822427807,-6.25038837659422,13.4561505335054,121.24781548269,1298,1486,1486,1397,1145,10.5999999999999,530,50,1,0.347826086956522,5.29474492377169,-5.29474492377169,0.186187182774823,-13.519406660853
10.6,9.2,0,13,115.952346252806,-35.8688296020411,-121.223886005459,13.3959597232981,-1.42575762545003,-0.0229331033744963,9.6641148941118,-0.108364003285779,-19.8499228512218,-15.2877716426215,-3.62460881174472,-66.0180721794134,-0.098086943974307,-6.0752199327412,13.4716386398234,121.223886005459,1296,1484,1484,1397,1141,10.6199999999999,531,50,1,0.345652173913043,5.12969066345988,-5.12969066345988,0.186187965865082,-13.7071034644447
10.62,9.2,0,13,116.035141171103,-36.1242570396689,-121.199816994052,13.4155203359654,-1.38802025272209,-0.0267402399381295,9.31555524674413,-0.0354073939064529,-19.4006640926166,-15.073783203892,-3.72881148445034,-66.3973756141558,-0.114203610762571,-5.90700756616622,13.4871606035926,121.199816994052,1294,1481,1481,1396,1137,10.6399999999999,532,50,1,0.343478260869565,5.03648153154721,-5.03648153154721,0.186188408090342,-13.9765713342518
10.64,9.2,0,13,116.117020737041,-36.3802940032623,-121.175610473283,13.4348111944906,-1.35211560528378,-0.0303793052566185,9.00011099061932,0.0217108312362305,-18.8974695457211,-14.8660844190391,-3.82779873490085,-66.7682281365407,-0.129559171607826,-5.74703533742654,13.5027142213649,121.175610473283,1292,1479,1479,1396,1137,10.6599999999999,533,50,1,0.341304347826087,4.80170520334288,-4.80170520334288,0.237284285460531,-14.1597395380927
10.66,9.2,0,13,116.197987830005,-36.6369361183572,-121.151269963297,13.4538224287896,-1.31823315303564,-0.0341158539159293,8.63873363673387,0.0220339016101975,-18.3506021753226,-14.6653243011345,-3.92226632364648,-67.129424923258,-0.145288839998469,-5.59607748600019,13.5182928094732,121.151269963297,1290,1476,1476,1396,1134,10.6799999999999,534,50,1,0.339130434782609,4.63458855253018,-4.63458855253018,0.275826942983718,-14.2631779421772
10.68,9.2,0,13,116.278046488428,-36.8941785158473,-121.126798873819,13.472546255435,-1.286531290246,-0.0380606295449811,8.32588660106091,-0.00288366819350807,-17.7636530194891,-14.4715631552849,-4.01292162917762,-67.4799190970214,-0.161863065515555,-5.45477290519181,13.5338876150624,121.126798873819,1290,1474,1474,1395,1132,10.6999999999999,535,50,1,0.33695652173913,4.540214751327,-4.540214751327,0.297592680157401,-14.4487364372121
10.7,9.2,0,13,116.357200816892,-37.1520161769249,-121.102199209344,13.4909762807833,-1.25725592471833,-0.0421906351245613,8.05371339251817,-0.0332572201131402,-17.1361518518873,-14.2837244855717,-4.09995011615864,-67.8188000642353,-0.179181802464461,-5.32412549508954,13.5494986445473,121.102199209344,1290,1474,1474,1395,1132,10.6999999999999,535,50,1,0.33695652173913,4.38057811689902,-4.38057811689902,0.307435357303667,-14.5519520256626
10.72,9.2,0,13,116.435455282212,-37.4104446813206,-121.0774720047,13.5091833026446,-1.2305568879873,-0.046468321679519,7.75246738493553,-0.058568586295163,-16.4761493737559,-14.1021321855503,-4.18328037664946,-68.1453345778444,-0.197082840103679,-5.20470111810819,13.5651930713848,121.0774720047,1288,1472,1472,1394,1131,10.7199999999999,536,50,1,0.334782608695652,4.20718101495482,-4.20718101495482,0.315442524531806,-14.6359194732374
10.74,9.2,0,13,116.512815432073,-37.669459228309,-121.052618019869,13.5270989758699,-1.20652231196215,-0.0508256336346853,7.50396388152371,-0.0739284640199367,-15.7898213816832,-13.9266095520344,-4.26273135348381,-68.4589522993986,-0.215277540282229,-5.09685834336478,13.5808941545569,121.052618019869,1284,1467,1467,1393,1135,10.7599999999999,538,50,1,0.332608695652174,4.09234892294847,-4.09234892294847,0.320745264621129,-14.6915268482012
10.76,9.2,0,13,116.589287484335,-37.9290540842515,-121.027638025271,13.5447289752168,-1.18524767876471,-0.0551745937937592,7.29306442058555,-0.0777959968148523,-15.0843210819308,-13.7560405950995,-4.33809311850978,-68.759232469471,-0.233393660455275,-5.00095549889548,13.5966002849203,121.027638025271,1282,1465,1465,1393,1137,10.7799999999999,539,50,1,0.330434782608696,3.8850407538472,-3.8850407538472,0.32295887039622,-14.7147399049009
10.78,9.2,0,13,116.664877637288,-38.1892236437253,-121.002532762175,13.5620801808348,-1.16683732716492,-0.0594670660029257,7.0457297430676,-0.0699091910174925,-14.3619704929896,-13.5908336621081,-4.40916216341984,-69.0458573754881,-0.251229164003781,-4.91738610714473,13.6123129743404,121.002532762175,1280,1463,1463,1393,1140,10.7999999999999,540,50,1,0.328260869565217,3.73775264571535,-3.73775264571535,0.324208933692395,-14.7278487386865
10.8,9.2,0,13,116.739592515114,-38.4499622622233,-120.977303228896,13.5791583123707,-1.15131254042977,-0.0636534954415024,6.8437287420869,-0.0510171243142163,-13.6282001670268,-13.4309414296897,-4.47575051502994,-69.3185487475583,-0.268577023960049,-4.84619457172934,13.628026739248,120.977303228896,1279,1461,1461,1393,1143,10.8199999999999,541,50,1,0.326086956521739,3.65457638189705,-3.65457638189705,0.324914867089402,-14.6262701457663
10.82,9.2,0,13,116.813440316567,-38.7112638867968,-120.951951100558,13.5959730195718,-1.13863450467728,-0.0676774714241574,6.67861351434428,-0.0225681105952758,-12.8951977931502,-13.2753285846399,-4.53773892623661,-69.5772383490598,-0.285202202802559,-4.78717227641917,13.6437366994641,120.951951100558,1277,1459,1459,1393,1148,10.8399999999999,542,50,1,0.325,3.47100065669048,-3.47100065669048,0.325313520471623,-14.5482436638949
10.84,9.2,0,13,116.886429400419,-38.9731229017916,-120.926478447014,13.6125642594561,-1.12882181134588,-0.0715205453931507,6.48677305383205,0.0141166358642313,-12.1645286049252,-13.1242339023781,-4.59505445877124,-69.8219532847021,-0.301029814494873,-4.74034101744438,13.6594750846438,120.926478447014,1275,1458,1458,1393,1156,10.8599999999999,543,50,1,0.322826086956522,3.34143146516266,-3.34143146516266,0.325538647260962,-14.3588721770293
10.86,9.2,0,13,116.958569333814,-39.2355334411019,-120.900888102794,13.6289101843738,-1.12172230053309,-0.0751648581210621,6.33765616560422,0.057607035484675,-11.4492698020435,-12.9774957901788,-4.64768270214299,-70.0528663574253,-0.315988983459464,-4.70503116289847,13.6752003089219,120.900888102794,1274,1456,1456,1394,1162,10.8799999999999,544,50,1,0.320652173913043,3.268261394653,-3.268261394653,0.325665780438651,-14.07907120186
10.88,9.2,0,13,117.029871376702,-39.4984889005636,-120.875183853415,13.6450225703381,-1.11717895868576,-0.0785830936868557,6.25561621316945,0.106319344367675,-10.759596586542,-12.8339664103502,-4.69568663731358,-70.2703860246633,-0.329968661378173,-4.68054406363847,13.6909059259561,120.875183853415,1274,1456,1456,1394,1162,10.8799999999999,544,50,1,0.319565217391304,3.23517318013267,-3.23517318013267,0.325723271292859,-13.8505012714352
10.9,9.2,0,13,117.10034750959,-39.7619829169561,-120.849370144729,13.6609430844309,-1.11506447016312,-0.0817581588877052,6.19927287204814,0.15878461149004,-10.1001822279806,-12.6924864657261,-4.73918079937681,-70.4750564513515,-0.342900302618683,-4.66629788526863,13.7066195367503,120.849370144729,1272,1455,1455,1394,1168,10.8999999999999,545,50,1,0.317391304347826,3.10800408331057,-3.10800408331057,0.325770040975222,-13.55481016284
10.92,9.2,0,13,117.170009381552,-40.0260093884441,-120.823451916719,13.6766511658975,-1.11525523274984,-0.0847118951153652,6.0925661861384,0.213998298548698,-9.47141970667021,-12.5536025784326,-4.77830829318954,-70.6674687727847,-0.354880148523203,-4.66175007913086,13.722308750826,120.823451916719,1268,1451,1451,1394,1183,10.9399999999999,547,50,1,0.315217391304348,2.95078083009418,-2.95078083009418,0.325801014159941,-13.1736010582449
10.94,9.2,0,13,117.238868846297,-40.2905619530765,-120.79743472094,13.6921554769786,-1.11756617043044,-0.0874624966368407,6.00289358128796,0.271069273079545,-8.87535802417144,-12.4176051115546,-4.81322821589777,-70.8482209937236,-0.36598793915547,-4.66609514026728,13.7379665685779,120.79743472094,1267,1450,1450,1393,1194,10.9599999999999,548,50,1,0.31304347826087,2.88514866720555,-2.88514866720555,0.32581394378112,-12.8263264280765
10.96,9.2,0,13,117.306938612407,-40.5556340896104,-120.771324762469,13.7074653517432,-1.12178190320464,-0.0900122552163414,5.95740994903922,0.329076226878263,-8.31894226354859,-12.28379547798,-4.84412967707939,-71.0179963579034,-0.37623645716204,-4.6784053324912,13.7535851040261,120.771324762469,1265,1448,1448,1394,1203,10.9799999999999,549,50,1,0.31195652173913,2.84808499543578,-2.84808499543578,0.32582124537251,-12.4028639919034
10.98,9.2,0,13,117.374232563237,-40.8212193281955,-120.745128903799,13.7226218733493,-1.12765402142593,-0.0923666573700875,5.9114922175079,0.387209521701724,-7.81087230608706,-12.1514228946203,-4.87124795514567,-71.1776511941322,-0.385650771612883,-4.69760947763238,13.7691861150308,120.745128903799,1263,1447,1447,1394,1212,10.9999999999999,550,50,1,0.309782608695652,2.66778245632719,-2.66778245632719,0.325825368713488,-11.962372445822
11,9.2,0,13,117.440764533217,-41.0873113277093,-120.718854406289,13.7376078256445,-1.13497550609769,-0.0945693293435256,5.78067481706985,0.445068736937262,-7.35016595402869,-12.0216515835014,-4.89483925154497,-71.3281135804133,-0.394416402228063,-4.72283251891098,13.7847372673077,120.718854406289,1261,1445,1445,1393,1221,11.0199999999999,551,50,1,0.307608695652174,2.53574491684844,-2.53574491684844,0.325827697238861,-11.4927782927627
11.02,9.2,0,13,117.506548582974,-41.353903449058,-120.692508927179,13.7524339387942,-1.14348063692962,-0.0966531189689827,5.649288269789,0.502340219943027,-6.93744586651272,-11.8952452857299,-4.91515766806625,-71.4702930192535,-0.402672330082689,-4.75295121208709,13.8002293108969,120.692508927179,1260,1444,1444,1393,1230,11.0399999999999,552,50,1,0.305434782608696,2.46118092551947,-2.46118092551947,0.325829012199337,-10.9984521233383
11.04,9.2,0,13,117.571599445211,-41.6209888966546,-120.666100480221,13.7671114106455,-1.1529122207865,-0.0986260741954428,5.55342802627811,0.558641008142713,-6.57585676461487,-11.7717187607975,-4.93246582816553,-71.6051424351493,-0.410453650438126,-4.7868826984088,13.815653813138,120.666100480221,1260,1444,1444,1393,1230,11.0399999999999,552,50,1,0.304347826086957,2.42746236650483,-2.42746236650483,0.325829606837199,-10.6038451306125
11.06,9.2,0,13,117.635932353898,-41.8885610488333,-120.639637324993,13.7816806421482,-1.1629923087142,-0.100489719680806,5.49982316939392,0.613608427376901,-6.27069375687087,-11.6501876724523,-4.94704008530175,-71.7336905776128,-0.417767247473015,-4.82345332174829,13.8310292681366,120.639637324993,1258,1443,1443,1393,1242,11.0599999999999,553,50,1,0.302173913043478,2.40003180704322,-2.40003180704322,0.325830090584124,-10.0410809893994
11.08,9.2,0,13,117.699563310204,-42.1566130988369,-120.613128058914,13.7961314920961,-1.17340396150484,-0.102251174782357,5.43499726365843,0.666959422344192,-6.02940144915372,-11.5299953816044,-4.95918426206275,-71.8571152603892,-0.424644654834865,-4.86135147485981,13.8463199553826,120.613128058914,1255,1439,1439,1393,1261,11.0999999999999,555,50,1,0.3,2.22249392899824,-2.22249392899824,0.325830410945138,-9.31615986487876
11.1,9.2,0,13,117.762507855763,-42.425138142628,-120.586581353027,13.8104820209915,-1.18389621475667,-0.103957037700042,5.27120108715108,0.718722019356286,-5.84742869059318,-11.4125265818821,-4.96920404290833,-71.9766272943341,-0.431280168752504,-4.89953343152738,13.8615233998695,120.586581353027,1253,1438,1438,1392,1271,11.1199999999999,556,50,1,0.298913043478261,2.09469297575146,-2.09469297575146,0.32583054467845,-8.7481077722157
11.12,9.2,0,13,117.824781126166,-42.6941296757847,-120.560005781365,13.8247732125658,-1.19420563337417,-0.105641987239089,5.09419355276744,0.769002588294687,-5.71925880677114,-11.2987880402787,-4.97737270344355,-72.0933123613011,-0.437817105983885,-4.93690067408896,13.8766581604912,120.560005781365,1251,1436,1436,1392,1280,11.1399999999999,557,50,1,0.296739130434783,2.02252146144313,-2.02252146144313,0.325830620200074,-8.17609527631004
11.14,9.2,0,13,117.886398275307,-42.9635811684031,-120.53340987277,13.8389938719323,-1.20407708755577,-0.107312271707334,4.94230698776955,0.817825491575737,-5.64473778687856,-11.1885066282992,-4.98394705143998,-72.2082142591072,-0.444282083170793,-4.97241211329827,13.8916906438279,120.53340987277,1250,1435,1435,1391,1291,11.1599999999999,558,50,1,0.294565217391304,1.98176489942047,-1.98176489942047,0.325830662848504,-7.6192376106964
11.16,9.2,0,13,117.947374116561,-43.2334859038347,-120.506802045411,13.8531605191307,-1.21328048939289,-0.108968546843198,4.78328355429826,0.86520354008556,-5.62417304110755,-11.0811778843596,-4.98917559349342,-72.3223752576695,-0.450677595353974,-5.00512427376021,13.9066164130224,120.506802045411,1248,1434,1434,1391,1299,11.1799999999999,559,50,1,0.293478260869565,1.82214434854807,-1.82214434854807,0.325830686932845,-7.03208653372174
11.18,9.2,0,13,118.007722959391,-43.503837573159,-120.480190484123,13.8673158025599,-1.22159033724605,-0.110643251014011,4.54667289147867,0.91134462392637,-5.65537664840822,-10.9778781223712,-4.99330053267327,-72.4368460040792,-0.45713654240757,-5.03410692636101,13.9214572674335,120.480190484123,1246,1432,1432,1391,1308,11.1999999999999,560,50,1,0.291304347826087,1.7061030780826,-1.7061030780826,0.325830700533709,-6.48407117881054
11.2,9.2,0,13,118.067458406306,-43.7746300426227,-120.453583081485,13.8814487444288,-1.22881416061399,-0.112356590520481,4.30722750181936,0.956492325804629,-5.73062978082702,-10.8793056445559,-4.99653165831331,-72.5525547708332,-0.463742508442988,-5.05858822566031,13.9361841078885,120.453583081485,1246,1432,1432,1391,1308,11.1999999999999,560,50,1,0.289130434782609,1.65362809174421,-1.65362809174421,0.325830706684151,-6.08244355220698
11.22,9.2,0,13,118.126593276658,-44.0458571021368,-120.426987408019,13.8955723814529,-1.23479211581816,-0.114103409564794,4.09713164316327,1.00078926074155,-5.8458170900947,-10.785065472056,-4.99905007177308,-72.670324494486,-0.470473376780224,-5.07792440701816,13.9507943489092,120.426987408019,1244,1431,1431,1391,1315,11.2199999999998,561,50,1,0.28695652173913,1.61093889401255,-1.61093889401255,0.32583071168763,-5.61192466324941
11.24,9.2,0,13,118.185139342859,-44.3175128083608,-120.400410634897,13.9096982273064,-1.23940284948987,-0.115871115410796,3.92284996115464,1.04431417938673,-5.99652718760604,-10.6944184050554,-5.00101243031624,-72.7908875751784,-0.477276516979143,-5.09163203421951,13.9652873337229,120.400410634897,1242,1429,1429,1390,1331,11.2599999999998,563,50,1,0.285869565217391,1.5826680069756,-1.5826680069756,0.325830715001179,-5.08035530539039
11.26,9.2,0,13,118.243107535025,-44.5895916887208,-120.373859723837,13.9238606575636,-1.24252172192988,-0.1177061053326,3.73886999534185,1.06590110596675,-6.18176698390487,-10.6068260093456,-5.00266235749417,-72.9149119207624,-0.484341418077949,-5.09920747750212,13.979685639096,120.373859723837,1240,1428,1428,1390,1337,11.2799999999998,564,50,1,0.284782608695652,1.43426186649703,-1.43426186649703,0.376926344021976,-4.65808239972799
11.28,9.2,0,13,118.300507514126,-44.8620889406352,-120.347342260108,13.9380670520922,-1.24405781267162,-0.119910601891134,3.47026787389676,1.02307710122583,-6.39557221750543,-10.5235235949654,-5.005111135959,-73.0428472270802,-0.492909231197472,-5.10029539620858,13.9939905510305,120.347342260108,1238,1432,1432,1390,1342,11.2999999999998,565,50,1,0.282608695652174,1.32455357680859,-1.32455357680859,0.415468861297762,-4.27878904713533
11.3,9.2,0,13,118.357347871731,-45.1349996998314,-120.320864370602,13.9522994854669,-1.2439663135851,-0.122617963386372,3.19295930399014,0.951200379255381,-6.62627936584816,-10.4453908962009,-5.00936875527949,-73.1749822756994,-0.503523518679802,-5.09473916391972,14.0081814767813,120.320864370602,1236,1431,1431,1389,1347,11.3199999999998,566,50,1,0.280434782608696,1.26259931748706,-1.26259931748706,0.437234519271195,-4.04328186022199
11.32,9.2,0,13,118.413635608117,-45.4083191281899,-120.294429556687,13.9665608800116,-1.24227670261275,-0.125807446825634,2.94196344058488,0.87296557669466,-6.86514059887468,-10.3721788453099,-5.01579998818857,-73.3114690189988,-0.51609274807587,-5.08267770192212,14.02226450095,120.294429556687,1235,1430,1430,1389,1351,11.3399999999998,567,50,1,0.278260869565217,1.22761262451262,-1.22761262451262,0.449525980766216,-3.72293604923787
11.34,9.2,0,13,118.46937792052,-45.6820422425011,-120.268039531179,13.9808572472116,-1.23890617369429,-0.129392821621761,2.72676185036551,0.800342311709597,-7.11796026232844,-10.3032063508278,-5.02444447737107,-73.4525614770802,-0.530257250007171,-5.06379162791038,14.0362388258541,120.268039531179,1233,1430,1430,1388,1355,11.3599999999998,568,50,1,0.277173913043478,1.20785500496083,-1.20785500496083,0.456467191818414,-3.5065087025539
11.36,9.2,0,13,118.524581239547,-45.9561644645134,-120.241694509997,13.9952146662878,-1.23389049045686,-0.1332675076906,2.54473115091933,0.739182754186936,-7.37806748282632,-10.2377514580587,-5.03515897506189,-73.5984819838919,-0.54557469410325,-5.03823706799843,14.0501345020795,120.241694509997,1232,1429,1429,1387,1358,11.3799999999998,569,50,1,0.275,1.1966975191522,-1.1966975191522,0.460387019488271,-3.23440775004652
11.38,9.2,0,13,118.579251748419,-46.2306812983048,-120.215393779147,14.009616412056,-1.22717371482744,-0.137326055899301,2.38998976361932,0.691862373400888,-7.64921737714784,-10.1751742357243,-5.04772424213881,-73.7494858880912,-0.561610767857456,-5.00581257304109,14.0639313772836,120.215393779147,1232,1429,1429,1387,1358,11.3799999999998,569,50,1,0.273913043478261,1.19165199601177,-1.19165199601177,0.46215960352324,-3.08860491692348
11.4,9.2,0,13,118.633394552052,-46.5055885792844,-120.189135894816,14.0240861955057,-1.21882980914582,-0.141474803947042,2.25527771263454,0.65881167493677,-7.92123045992968,-10.114982786767,-5.06187813285666,-73.9057449118504,-0.577979492191065,-4.96682947999475,14.0776615544908,120.189135894816,1231,1429,1429,1387,1360,11.3999999999998,570,50,1,0.272826086956522,1.18754738636761,-1.18754738636761,0.463601627535916,-2.9699920995158
11.42,9.2,0,13,118.68701326123,-46.7808828247106,-120.162918874896,14.0386225968755,-1.20890714621456,-0.14563572859122,2.13557220614353,0.639402209833982,-8.19122442194882,-10.0568229595061,-5.07733335022707,-74.0672762587095,-0.594361250346922,-4.92150311556207,14.0913303371653,120.162918874896,1227,1428,1428,1386,1362,11.4399999999998,572,50,1,0.270652173913043,1.18482911191537,-1.18482911191537,0.464556606784371,-2.77903047530151
11.44,9.2,0,13,118.740111556018,-47.0565603902735,-120.136740771126,14.0532044362553,-1.19737755683542,-0.149745917825456,2.02685786768878,0.632453062276676,-8.46362710000772,-10.0004207504003,-5.09383108782769,-74.2341521009501,-0.610500219136678,-4.86974483864666,14.1049172908141,120.136740771126,1226,1428,1428,1385,1363,11.4599999999998,573,50,1,0.268478260869565,1.18369438007402,-1.18369438007402,0.464955258715988,-2.66144606427161
11.46,9.2,0,13,118.7926924019,-47.3326176882513,-120.110599687188,14.0678296477184,-1.18431363874183,-0.153757189484986,1.92531563459211,0.636537306208655,-8.73144266301118,-9.94559006472996,-5.11113046171973,-74.4063947762841,-0.626200876607151,-4.81186677935642,14.1184301912589,120.110599687188,1224,1428,1428,1384,1362,11.4799999999998,574,50,1,0.267391304347826,1.18305357643959,-1.18305357643959,0.465180384686145,-2.59504401649741
11.48,9.2,0,13,118.844757576513,-47.6090517443929,-120.084493913611,14.0825124156219,-1.16979677887786,-0.157690246194621,1.82888231080708,0.62847051301848,-8.98999788083062,-9.89221582060348,-5.12910250189513,-74.5838826204021,-0.64154802201311,-4.74820958395857,14.1318946590244,120.084493913611,1223,1428,1428,1384,1361,11.4999999999998,575,50,1,0.265217391304348,1.18269170301458,-1.18269170301458,0.516403145038798,-2.5575455767809
11.5,9.2,0,13,118.896307872287,-47.88585999808,-120.058422993284,14.0972218994757,-1.15390976092684,-0.161802738598069,1.73640893139131,0.563195278527024,-9.23653909222072,-9.84023398499663,-5.14853876326179,-74.7662590140476,-0.657591051784713,-4.67913249059144,14.1452943817242,120.058422993284,1221,1427,1427,1383,1360,11.5199999999998,576,50,1,0.264130434782609,1.1824873465336,-1.1824873465336,0.555017455681557,-2.53636952832597
11.52,9.2,0,13,118.947343649823,-48.1630399787695,-120.032385680612,14.1119688670387,-1.13673657345136,-0.16620078003303,1.64735453811017,0.475249569921,-9.46940213861993,-9.78959742427113,-5.17018526683395,-74.9531336747955,-0.674757937585119,-4.60498470406947,14.1586531153558,120.032385680612,1220,1427,1427,1383,1358,11.5399999999998,577,50,1,0.26195652173913,1.18237194272544,-1.18237194272544,0.576823656670361,-2.52441103001096
11.54,9.2,0,13,118.997865136052,-48.4405891793436,-120.006378979173,14.126726932,-1.11836215209618,-0.170865585490508,1.5615777631848,0.386418935085632,-9.68755261411753,-9.74025699789936,-5.19420037716052,-75.1441931302822,-0.692970112753944,-4.52613056022167,14.1719562080483,120.006378979173,1220,1427,1427,1383,1358,11.5399999999998,577,50,1,0.260869565217391,1.18231975600573,-1.18231975600573,0.586684631945707,-2.51900328125751
11.56,9.2,0,13,119.047872436438,-48.7185051093875,-119.980398674347,14.1415095719709,-1.09887212953952,-0.175725281176094,1.47912956803103,0.307734229118363,-9.89034050178369,-9.69216071298503,-5.22042664234461,-75.339161807751,-0.711932396171048,-4.44292309053101,14.1852279610047,119.980398674347,1219,1427,1427,1382,1356,11.5599999999998,578,50,1,0.259782608695652,1.18227730131728,-1.18227730131728,0.59470668497954,-2.51460399558013
11.58,9.2,0,13,119.097365411575,-48.9967855661222,-119.954439760102,14.1563105891135,-1.0783924539321,-0.180690988604537,1.39986945067797,0.244154828216384,-10.0730534219915,-9.64525734193615,-5.24854997209659,-75.5377587436943,-0.731282971447261,-4.35588278504713,14.1984755876646,119.954439760102,1216,1427,1427,1382,1351,11.5999999999998,580,50,1,0.257608695652174,1.18224918573382,-1.18224918573382,0.600019283181772,-2.64283601643046
11.6,9.2,0,13,119.146342258312,-49.275428606576,-119.92849663089,14.1711019301598,-1.05713892433154,-0.185675022138599,1.3243687055349,0.197251962567471,-10.2257824318172,-9.5995152461142,-5.27816306967308,-75.7395185462859,-0.750667553785126,-4.26589608898523,14.2116905339992,119.92849663089,1214,1427,1427,1382,1348,11.6199999999998,581,50,1,0.256521739130435,1.18223744900586,-1.18223744900586,0.6022370041832,-2.74054561283823
11.62,9.2,0,13,119.19480075797,-49.5544324531782,-119.902563580868,14.1858930107591,-1.03524147797301,-0.190599582484147,1.25406982267334,0.166738846798139,-10.3504096507987,-9.55488029992309,-5.30884282615065,-75.9439401815601,-0.769771390656339,-4.17348992953611,14.2248941518474,119.902563580868,1212,1427,1427,1383,1345,11.6399999999998,582,50,1,0.254347826086956,1.18223082106288,-1.18223082106288,0.603489391422263,-2.90813437342641
11.64,9.2,0,13,119.242738050845,-49.8337955535661,-119.876635011487,14.2006553614427,-1.0128958816309,-0.195400661662756,1.18984636122784,0.151359101989798,-10.442585333565,-9.5112888344168,-5.34017341636551,-76.1504581718134,-0.788338737928563,-4.0794648195862,14.2380740333823,119.876635011487,1211,1427,1427,1383,1343,11.6599999999998,583,50,1,0.252173913043478,1.18222707814337,-1.18222707814337,0.604196637191933,-3.02408814072257
11.66,9.2,0,13,119.290151428914,-50.1135162165881,-119.850705769898,14.2153808085299,-0.990192190100127,-0.200028390892106,1.13295009464735,0.149395423965594,-10.5096018433225,-9.46864948782116,-5.37177815365717,-76.3585494296676,-0.806170894157452,-3.98418824481777,14.2512295421138,119.850705769898,1210,1427,1427,1383,1339,11.6799999999998,584,50,1,0.251086956521739,1.18222496444889,-1.18222496444889,0.604596031694779,-3.08956933442977
11.68,9.2,0,13,119.337038798258,-50.3935928764003,-119.824771310466,14.2300797684315,-0.967260466765812,-0.204447086451319,1.08307725941744,0.158966552285356,-10.5507920572522,-9.42685419607328,-5.40333348612616,-76.567782781202,-0.823126046243959,-3.88818150509608,14.2643808711647,119.824771310466,1209,1427,1427,1384,1336,11.6999999999998,585,50,1,0.25,1.18222377080732,-1.18222377080732,0.604821577008366,-3.29516332237092
11.7,9.2,0,13,119.383396584559,-50.6740245390427,-119.798827437732,14.2447417821768,-0.944343641293763,-0.208634114274101,1.04030059222722,0.17820333974363,-10.5566003967241,-9.38582384259689,-5.43452620850881,-76.7775531434388,-0.839116618277662,-3.79242193188623,14.2775341550067,119.798827437732,1209,1427,1427,1384,1336,11.6999999999998,585,50,1,0.248913043478261,1.18222323103104,-1.18222323103104,0.604923570783527,-3.41373558040719
11.72,9.2,0,13,119.429221070169,-50.954810296783,-119.772870612897,14.2593577414128,-0.921565920775601,-0.212577137808887,1.00570808062245,0.205336541557224,-10.5319637329653,-9.34546049743923,-5.46508127006678,-76.9872557066264,-0.854096717275311,-3.69740801404796,14.2906877365452,119.772870612897,1207,1427,1427,1383,1332,11.7199999999998,586,50,1,0.246739130434783,1.18222279191484,-1.18222279191484,0.605006544267448,-3.60644089365673
11.74,9.2,0,13,119.474508094393,-51.2359492062896,-119.746897947909,14.2739012643311,-0.899125152982334,-0.216272278162951,0.979619580270534,0.238748883097447,-10.4735439342173,-9.30566394339777,-5.49475369369828,-77.1962529828103,-0.868055651003206,-3.60393507305974,14.3038266573285,119.746897947909,1204,1427,1427,1384,1327,11.7599999999998,588,50,1,0.244565217391304,1.18222250111049,-1.18222250111049,0.605061493390778,-3.80414792557879
11.76,9.2,0,13,119.519253956469,-51.5174400994391,-119.72090734888,14.2883658746059,-0.87709223131828,-0.219722215485084,0.962836611018543,0.276994991150516,-10.3910736182757,-9.26631138020551,-5.52334360192831,-77.403987694244,-0.881007914351028,-3.51228311514762,14.31694688126,119.72090734888,1202,1426,1426,1384,1324,11.7799999999998,589,50,1,0.243478260869565,1.18222237971548,-1.18222237971548,0.605084431663198,-3.88667986572046
11.78,9.2,0,13,119.563455947557,-51.7992818112006,-119.694897540494,14.3027629826708,-0.855568529053106,-0.222935320937881,0.95452153845245,0.318810388883006,-10.2860952451187,-9.2272681663097,-5.55070164448047,-77.6100403944556,-0.892989608891735,-3.42284840855601,14.3300637334133,119.694897540494,1201,1426,1426,1384,1321,11.7999999999998,590,50,1,0.241304347826087,1.18222231116152,-1.18222231116152,0.60509738532132,-4.08316765569979
11.8,0,0,13,119.607110296438,-52.0814734115726,-119.668867722877,14.3170693498283,-0.834754225457425,-0.225924329825456,0.954137811257168,0.363114807120888,-10.1513988711383,-9.18843378125798,-5.57668334817411,-77.8138718038691,-0.9040562696634,-3.33642824462758,14.3431632211141,119.668867722877,1199,1426,1426,1384,1318,11.8199999999998,591,50,1,0.240217391304348,1.18222227244786,-1.18222227244786,0.605104700486809,-4.22254568098395
11.82,0,0,13,119.650213342853,-52.3640139576654,-119.642817722428,14.3312955836311,-0.814739457001569,-0.228704590226517,0.962122031739394,0.40899684524886,-9.99245542925992,-9.14969909670203,-5.60116924142049,-78.0149682163365,-0.914271531401698,-3.25337055871964,14.3562578438042,119.642817722428,1198,1410,1410,1384,1317,11.8399999999998,592,50,1,0.23804347826087,1.18222225058555,-1.18222225058555,0.605108831493325,-4.41366535847423
11.84,0,0,13,119.692761075926,-52.6469025768094,-119.616747870868,14.3454205473016,-0.795722744373543,-0.231302476626575,0.839763692745539,0.455818645724924,-9.80601218216992,-9.11164436829303,-5.62405595390867,-78.2128069021011,-0.923744785146813,-3.1744608257171,14.3693342295511,119.616747870868,1197,1402,1402,1384,1316,11.8599999999998,593,50,1,0.23695652173913,0.74964106283249,-0.74964106283249,0.605111164347568,-4.54290746097245
11.86,0,0,13,119.734747868174,-52.9301387048865,-119.590658704851,14.3594548533356,-0.777897128496293,-0.233817048694651,0.298940628972017,0.504059686292007,-9.58477093709736,-9.08060557398783,-5.64524433163705,-78.4068007471965,-0.9328728971466,-3.10045253409553,14.3824107172534,119.590658704851,1195,1396,1396,1384,1315,11.8799999999998,594,50,1,0.235869565217391,0.215206369938963,-0.215206369938963,0.605112481752634,-4.61589281837958
11.88,0,0,13,119.776167684421,-53.2137219549925,-119.564550914036,14.3733884514885,-0.761435305501596,-0.236342457602653,-0.535456558397084,0.554485504530257,-9.31385393274216,-9.06398722513414,-5.66460462051858,-78.5961035039439,-0.942032921944453,-3.03202035736548,14.3954832172843,119.564550914036,1195,1396,1396,1384,1315,11.8799999999998,594,50,1,0.233695652173913,-0.172626714693522,0.172626714693522,0.605113077495964,-4.64889750384604
11.9,0,0,13,119.817014702776,-53.4976516370149,-119.538425243383,14.387193338824,-0.74657792345868,-0.238916642119554,-1.47252190440946,0.607352159410417,-8.98499087520193,-9.06602083526625,-5.68197618429417,-78.7796325217548,-0.951377855461189,-2.9701102227169,14.4085319143339,119.538425243383,1192,1389,1389,1385,1314,11.9199999999998,596,50,1,0.232608695652174,-0.592624756817598,0.592624756817598,0.605113645844264,-4.68038448141436
11.92,0,0,13,119.857283588606,-53.7819268499517,-119.512282406112,14.4008713984707,-0.733602168116405,-0.241522768308998,-2.36028093544962,0.662233927287841,-8.60046606489566,-9.08683530751892,-5.6971924467753,-78.9562449257509,-0.960840330023456,-2.91580350009622,14.4215672665618,119.512282406112,1191,1387,1387,1385,1314,11.9399999999998,597,50,1,0.230434782608696,-0.950064444693468,0.950064444693468,0.605113883098788,-4.69352858318276
11.94,0,0,13,119.896968494064,-54.0665466759469,-119.486122942957,14.4143966521106,-0.722823212197545,-0.244144865256372,-3.22080813005495,0.718607151376129,-8.16411520326615,-9.1260951117182,-5.71010153335061,-79.1248803111563,-0.970358542217996,-2.87033403392646,14.4345734594306,119.486122942957,1189,1385,1385,1384,1316,11.9599999999998,598,50,1,0.229347826086957,-1.18644636718848,1.18644636718848,0.605114017080718,-4.70095129564889
11.96,0,0,13,119.936063382525,-54.3515101280157,-119.459947310238,14.4277737467187,-0.714484945128152,-0.246756313477878,-3.9319421790501,0.775766099579663,-7.68270242226805,-9.18203404650091,-5.72056565672788,-79.2845672864715,-0.979826639789787,-2.83464283488823,14.4475614794179,119.459947310238,1188,1384,1384,1384,1317,11.9799999999998,599,50,1,0.227173913043478,-1.31993552253644,1.31993552253644,0.605114092742741,-4.70514303589296
11.98,0,0,13,119.974562376551,-54.6368161094936,-119.433755997428,14.440980826739,-0.708802772100068,-0.249321099498166,-4.46087029953863,0.832858904277154,-7.1675542280185,-9.25131479308991,-5.72847561807644,-79.4345231735391,-0.9891037066227,-2.80956021398523,14.4605148462506,119.433755997428,1187,1383,1383,1383,1319,11.9999999999998,600,50,1,0.226086956521739,-1.39531926765295,1.39531926765295,0.605114135470457,-4.70751018757154
12,0,0,13,120.012459503854,-54.9224634699815,-119.407549567069,14.4540261368301,-0.705954603406341,-0.251814202187193,-4.87149962543874,0.88915385223282,-6.62998029900405,-9.33069866122654,-5.73375752998251,-79.5741976648177,-0.99809087332673,-2.79575944481558,14.4734465093377,119.407549567069,1185,1383,1383,1383,1321,12.0199999999998,601,50,1,0.225,-1.59398697705783,1.59398697705783,0.605114159599572,-4.70884696102197
12.02,0,0,13,120.049748027142,-55.208451263342,-119.381328583888,14.4669043348627,-0.706088106100311,-0.254245756646126,-5.27380358501783,0.944311117446747,-6.07463057016603,-9.4193673462019,-5.73636248493616,-79.7032075738572,-1.00682972886187,-2.79379460292772,14.4863564208678,119.381328583888,1184,1383,1383,1383,1324,12.0399999999998,602,50,1,0.222826086956522,-1.73577473558228,1.73577473558228,0.605114173225721,-4.70960186121445
12.04,0,0,13,120.086421219613,-55.4947783445777,-119.355093756858,14.4795968509621,-0.709238257110055,-0.256625604755871,-5.59514530677294,0.998090933749063,-5.5092208643114,-9.51643495178874,-5.73625228391338,-79.8212533180264,-1.01536147574223,-2.80377567525692,14.4992275853838,119.355093756858,1184,1383,1383,1383,1324,12.0399999999998,602,50,1,0.221739130434783,-1.79989253316996,1.79989253316996,0.605114179387598,-4.62744753560536
12.06,0,0,13,120.122474038937,-55.7814432514603,-119.328846169558,14.4921139498995,-0.71534111158682,-0.258952293172195,-5.81389231396406,1.0502663431645,-4.94919522230142,-9.62000163530807,-5.73343097522723,-79.9283146491002,-1.02368051983269,-2.82541680943547,14.5120686303827,119.328846169558,1181,1383,1383,1382,1332,12.0799999999998,604,50,1,0.219565217391304,-1.86106189824162,1.86106189824162,0.605114185266122,-4.51306499256407
12.08,0,0,13,120.157901988567,-56.0684443919907,-119.30258709566,14.5044390705849,-0.724359117789689,-0.261223646276437,-5.93764178048242,1.10069681070571,-4.4017827381031,-9.72805657813134,-5.72792892676277,-80.0245511165276,-1.03178030290759,-2.8585425342114,14.5248644288754,119.30258709566,1179,1384,1384,1381,1337,12.0999999999998,605,50,1,0.218478260869565,-1.88659678350856,1.88659678350856,0.605114187720087,-4.31543598997721
12.1,0,0,13,120.192701870188,-56.3557799346859,-119.276318133799,14.5165841493547,-0.736119756206671,-0.263439822855519,-5.98388319304406,1.14935317014244,-3.88140958830744,-9.83882363780758,-5.71981926261253,-80.1103911779765,-1.03966147953284,-2.90244138424504,14.5376231964183,119.276318133799,1178,1384,1384,1380,1342,12.1199999999998,606,50,1,0.216304347826087,-1.9010167959622,1.9010167959622,0.605114189105885,-4.17541350125252
12.12,0,0,13,120.226870708353,-56.6434479763307,-119.250041027667,14.5285347661077,-0.75050236215527,-0.265603879488698,-5.97209182761616,1.19628978131274,-3.39096919111874,-9.95090121991992,-5.70919236051728,-80.1863740546966,-1.04733798318601,-2.95661375524264,14.5503306377003,119.250041027667,1176,1384,1384,1380,1347,12.1399999999998,607,50,1,0.215217391304348,-1.90916003831434,1.90916003831434,0.605114189888471,-3.90898962970997
12.14,0,0,13,120.260406850882,-56.9314463780377,-119.223757851683,14.5403045748786,-0.767237371748784,-0.267720611298938,-5.91934223085845,1.24163390425911,-2.94321943647381,-10.0632232735367,-5.69617643836342,-80.2532605062165,-1.05482852753266,-3.01997140368022,14.562993670278,119.223757851683,1175,1385,1385,1380,1354,12.1599999999998,608,50,1,0.21304347826087,-1.9137586748425,1.9137586748425,0.605114190330411,-3.72301297940245
12.16,0,0,13,120.293308724922,-57.2197729511261,-119.197470784582,14.5518816166017,-0.786144401649013,-0.269796010281649,-5.8402010813889,1.28554643146203,-2.53716738470237,-10.1750464813889,-5.68090735979397,-80.3118529952858,-1.06215830246154,-3.0917854655711,14.5755984951218,119.197470784582,1174,1385,1385,1379,1360,12.1799999999998,609,50,1,0.21195652173913,-1.91635560822647,1.91635560822647,0.605114190579983,-3.39316783309818
12.18,0,0,13,120.325576308924,-57.5084252388241,-119.171182358194,14.5632823988883,-0.806845779893505,-0.271835986986281,-5.74537161578614,1.32822058536287,-2.18863027657595,-10.2858479273087,-5.66355893354315,-80.3631605214483,-1.06935001813909,-3.17055026760058,14.5881489280211,119.171182358194,1173,1386,1386,1379,1367,12.1999999999998,610,50,1,0.210869565217391,-1.91782214357005,1.91782214357005,0.60511419072092,-3.05186120642684
12.2,0,0,13,120.357210705025,-57.7974006994121,-119.144895356731,14.5745127093746,-0.82904858428434,-0.273846271193616,-5.64453089638028,1.3698597652011,-1.89775247370106,-10.3953003884542,-5.64433175515525,-80.4083293487881,-1.07642635089468,-3.25509991395901,14.6006415629955,119.144895356731,1173,1386,1386,1379,1367,12.1999999999998,610,50,1,0.209782608695652,-1.91848532505549,1.91848532505549,0.605114190784654,-2.78420695207741
12.22,0,0,13,120.388213168945,-58.0866967211818,-119.118612646966,14.5855797819359,-0.852445629077745,-0.275832161682716,-5.54448854106582,1.41065691747081,-1.6655288975931,-10.5032395494963,-5.62343077815808,-80.4485130808679,-1.08340808696044,-3.3442166423804,14.6130723842445,119.118612646966,1171,1387,1387,1379,1374,12.2199999999998,611,50,1,0.207608695652174,-1.91902483325814,1.91902483325814,0.605114190836502,-2.43440059464691
12.24,0,0,13,120.418585161205,-58.3763105108377,-119.092337345165,14.5964799691851,-0.876728616258292,-0.27785824467452,-5.45015145954188,1.42758507349227,-1.4922265911087,-10.6096186674269,-5.60117751024382,-80.484856966217,-1.09054937858034,-3.43668507327873,14.6254260027366,119.092337345165,1168,1388,1388,1377,1388,12.2599999999998,613,50,1,0.206521739130435,-1.91938212213362,1.91938212213362,0.656209818508408,-2.00150807766197
12.26,0,0,13,120.448328122432,-58.6662393176826,-119.066073696272,14.6072298289865,-0.901592059707449,-0.280236458662969,-5.36500940676368,1.3743937660826,-1.37742754188807,-10.7144928588369,-5.57885874881025,-80.5183209515451,-1.09907197263876,-3.53129946528288,14.6377103397944,119.066073696272,1167,1388,1388,1377,1395,12.2799999999998,614,50,1,0.204347826086957,-1.91953127081993,1.91953127081993,0.694752335017394,-1.64547383862175
12.28,0,0,13,120.477443806,-58.9564802103235,-119.039824721984,14.6178298917973,-0.926735571437053,-0.283101844264296,-5.29146960847243,1.28996831266607,-1.32028409270596,-10.8179763820422,-5.55768321238645,-80.5498606508272,-1.10950212480502,-3.62688271301806,14.6499124986846,119.039824721984,1167,1388,1388,1377,1395,12.2799999999998,614,50,1,0.203260869565217,-1.91959871730035,1.91959871730035,0.712181634258462,-1.36831509693021
12.3,0,0,13,120.505934509006,-59.2470299914106,-119.013591114253,14.6283095179765,-0.951848226027013,-0.286436543398994,-5.17919993490886,1.1991927127664,-1.32013578708561,-10.9199573650828,-5.53820402170766,-80.5805336195479,-1.12176379742962,-3.72221437103306,14.6620428417226,119.013591114253,1164,1389,1389,1377,1409,12.3199999999998,616,50,1,0.201086956521739,-1.76356591984726,1.76356591984726,0.728809453808285,-0.930748888579055
12.32,0,0,13,120.533803649204,-59.5378852068372,-118.987371938105,14.6386813677487,-0.97659750884038,-0.290124232415012,-4.94677560566035,1.11507967784205,-1.3816347780578,-11.0183123929582,-5.52062372196216,-80.611496806878,-1.13539721872433,-3.81599851828408,14.6740896464135,118.987371938105,1163,1390,1390,1377,1418,12.3399999999998,617,50,1,0.2,-1.64584539248787,1.64584539248787,0.735750664722389,-0.572763637415861
12.34,0,0,13,120.561054996385,-59.8290423216763,-118.961165091863,14.648984083451,-1.00068423974902,-0.294038023106495,-4.70132656661675,1.04384255981416,-1.50791568384114,-11.1116224162965,-5.50498628071632,-80.6440403572678,-1.14990061072992,-3.90706667090527,14.6860669337953,118.961165091863,1162,1390,1390,1376,1428,12.3599999999998,618,50,1,0.198913043478261,-1.57936647735571,1.57936647735571,0.739670492314261,-0.221135184837001
12.36,0,0,13,120.587692108086,-60.1204979606575,-118.934967695354,14.6592480900537,-1.02379443635574,-0.298077602417149,-4.49392324963273,0.987893680404752,-1.6968278744192,-11.2000914842276,-5.49126052556117,-80.6794717605115,-1.16487798582155,-3.9941982716805,14.6979780878432,118.934967695354,1160,1391,1391,1376,1437,12.3799999999998,619,50,1,0.197826086956522,-1.54182462924916,1.54182462924916,0.741884089990538,0.13339453027846
12.38,0,0,13,120.613718454127,-60.4122488150964,-118.90877649301,14.6695046381336,-1.0456181048992,-0.302163033645405,-4.34070167946532,0.947558729896281,-1.94457530036714,-11.2845583717672,-5.47938476697185,-80.7190460206714,-1.180013854225,-4.07619168453408,14.7098261732903,118.90877649301,1160,1391,1391,1376,1437,12.3799999999998,619,50,1,0.195652173913043,-1.52484784195093,1.52484784195093,0.742885100297952,0.401213746163084
12.4,0,0,13,120.639137261002,-60.7042915832337,-118.882588098567,14.6797743450323,-1.06587916257521,-0.306230793267037,-4.24216394956228,0.922056906905266,-2.24556495261301,-11.3660171113527,-5.46928909506266,-80.7639212256354,-1.19505839379245,-4.15198345676351,14.7216048890407,118.882588098567,1158,1392,1392,1376,1454,12.4199999999998,621,50,1,0.194565217391304,-1.5086517257545,1.5086517257545,0.743840079527407,0.813966760151487
12.42,0,0,13,120.663951398818,-60.996623099164,-118.856399150881,14.690096763442,-1.0843314757105,-0.310231398558797,-4.19260003428367,0.910061248642263,-2.59427327901034,-11.4454099286141,-5.46090811977075,-80.8151437669631,-1.20981558784021,-4.22062411444029,14.7333282454834,118.856399150881,1156,1393,1393,1377,1461,12.4399999999998,622,50,1,0.193478260869565,-1.50189072752668,1.50189072752668,0.744238731451093,1.1322577822182
12.44,0,0,13,120.688163203402,-61.2892404640455,-118.830206410789,14.7004991723,-1.10077191807147,-0.314127624003206,-4.18464426483221,0.910018312732041,-2.98430283680603,-11.5235556211777,-5.45418568431677,-80.8736370423009,-1.22413859708096,-4.2813368641153,14.7450008780796,118.830206410789,1155,1393,1393,1377,1468,12.4599999999998,623,50,1,0.191304347826087,-1.49807266930457,1.49807266930457,0.744463857416772,1.42470887735482
12.46,0,0,13,120.71177423094,-61.5821408819952,-118.804006838494,14.7109965559434,-1.11503555724566,-0.317892550794793,-4.2110673274906,0.920329057056429,-3.40936917028704,-11.6011379832328,-5.44907472786112,-80.9401906683103,-1.23792206667695,-4.33349849524789,14.7566181639545,118.804006838494,1153,1393,1393,1378,1473,12.4799999999998,624,50,1,0.190217391304348,-1.49591654263566,1.49591654263566,0.744590990129325,1.70005860738868
12.48,0,0,13,120.734785176229,-61.8753217661315,-118.777797631192,14.7216202558162,-1.12700988585835,-0.321508171044172,-4.26569641379337,0.939448759251466,-3.86138254984817,-11.6787170345483,-5.44553721416324,-81.0154637993575,-1.25109418366551,-4.37668549614659,14.7681962928222,118.777797631192,1152,1394,1394,1377,1478,12.4999999999998,625,50,1,0.18804347826087,-1.49469893883239,1.49469893883239,0.744662784276004,1.87311722048667
12.5,0,0,13,120.757195011867,-62.1687808586047,-118.751576090067,14.7323774370541,-1.13665733504438,-0.324964136550631,-4.34287274924015,0.965934283730294,-4.33059455613293,-11.7567600344349,-5.44352243235493,-81.0998904678547,-1.26361510833459,-4.41077210168446,14.779733980528,118.751576090067,1152,1394,1394,1378,1481,12.5199999999998,626,50,1,0.18695652173913,-1.49401133589925,1.49401133589925,0.744703327731687,2.10318036426015
12.52,0,0,13,120.779002384537,-62.4625160189102,-118.725339931696,14.7432916435628,-1.14386553780431,-0.328255761606421,-4.43766920500074,0.998482005833664,-4.81811796616906,-11.8356238482148,-5.44300227568441,-81.1938660967911,-1.27546570635453,-4.43533896008315,14.7912416213363,118.725339931696,1150,1395,1395,1378,1484,12.5399999999998,627,50,1,0.18695652173913,-1.49362303406217,1.49362303406217,0.744726223355841,2.25819209169501
12.54,0,0,13,120.800204965737,-62.7565254913257,-118.69908713859,14.7543828843508,-1.14862372089268,-0.331378444765315,-4.49391968087461,1.03590624077636,-5.31503194927399,-11.9153402076933,-5.44395053602805,-81.2976631814641,-1.28662749997671,-4.45036091545575,14.8027349643192,118.69908713859,1150,1395,1395,1378,1484,12.5399999999998,627,50,1,0.184782608695652,-1.37889091303136,1.37889091303136,0.744736576978822,2.38656015521792
12.56,0,0,13,120.820800362925,-63.0508075055945,-118.67281620576,14.7656420698275,-1.15085625916763,-0.334292406731414,-4.42475500719872,1.07692946816273,-5.82556739563705,-11.9938097577867,-5.44635896876331,-81.4115230981054,-1.2969481767331,-4.45557165645808,14.8141961400787,118.67281620576,1147,1396,1396,1378,1485,12.5799999999998,629,50,1,0.183695652173913,-1.21943539065195,1.21943539065195,0.744746454494391,2.53445788546472
12.58,0,0,13,120.84078514515,-63.3453604056435,-118.646526007391,14.7770860306513,-1.15059932189163,-0.33698039086087,-4.33658206278278,1.12035642712983,-6.34572046152959,-12.0696003150547,-5.45024278388948,-81.535692570599,-1.30636096439806,-4.45112843714533,14.825643532091,118.646526007391,1146,1396,1396,1378,1484,12.5999999999998,630,50,1,0.181521739130435,-1.15287137671508,1.15287137671508,0.744750577820283,2.59619714937027
12.6,0,0,13,120.860154195435,-63.6401828226068,-118.620215682943,14.7887103554521,-1.14787486139584,-0.339461730811976,-4.27841675039263,1.16526817873093,-6.86940976930757,-12.1428848519933,-5.45561356242512,-81.6703066628243,-1.31494289429067,-4.43713932840159,14.8370753499996,118.620215682943,1145,1397,1397,1378,1483,12.6199999999998,631,50,1,0.180434782608696,-1.11528147177135,1.11528147177135,0.744752906337137,2.63106243053715
12.62,0,0,13,120.878901315817,-63.9352735723677,-118.593884710741,14.8005239145322,-1.14270995045545,-0.341768246716201,-4.26404323522806,1.2109952389522,-7.39074759162595,-12.2144310666533,-5.46247312073721,-81.815377986902,-1.3228179508399,-4.41372766913341,14.848504965483,118.593884710741,1143,1397,1397,1377,1480,12.6399999999998,632,50,1,0.179347826086957,-1.09405377124508,1.09405377124508,0.744754221292802,2.65075148664098
12.64,0,0,13,120.897019565634,-64.2306316760318,-118.567532884725,14.8125231101645,-1.13514809918329,-0.343932742846998,-4.29185745806046,1.25706717385743,-7.90467105158264,-12.2851162346193,-5.47081215087062,-81.9708088214783,-1.33011468003783,-4.3810833250639,14.8599357948761,118.567532884725,1142,1397,1397,1377,1476,12.6599999999998,633,50,1,0.177173913043478,-1.08206610406934,1.08206610406934,0.744754963872096,2.66187025342805
12.66,0,0,13,120.914501260089,-64.5262561695622,-118.541160244697,14.8246928066132,-1.12528713776673,-0.345984069021945,-4.35483939227906,1.30316096327099,-8.40326296581154,-12.3557296924324,-5.48060687954333,-82.1363918192871,-1.33694702695469,-4.33960766527676,14.8713648643589,118.541160244697,1141,1398,1398,1376,1472,12.6799999999998,634,50,1,0.176086956521739,-1.0752964511746,1.0752964511746,0.74475538322008,2.56228217549706
12.68,0,0,13,120.931336902267,-64.8221462975139,-118.51476674919,14.8370287805143,-1.11332330528099,-0.347946169861001,-4.44417666362349,1.34904711497366,-8.8747581235092,-12.4269251631959,-5.49178840120637,-82.3116823869962,-1.34340870391708,-4.29007545214077,14.8828081474234,118.51476674919,1140,1398,1398,1376,1467,12.6999999999998,635,50,1,0.175,-1.07147350550524,1.07147350550524,0.744755620033486,2.4859702624016
12.7,0,0,13,120.947516295072,-65.1183014330365,-118.48835244497,14.8495155281388,-1.09940098165327,-0.349837703004675,-4.55110651793092,1.39456483873931,-9.31746435313093,-12.499180256762,-5.50427242708063,-82.4961466052294,-1.34957378090373,-4.23306356445825,14.8942666941793,118.48835244497,1140,1398,1398,1376,1467,12.6999999999998,635,50,1,0.173913043478261,-1.06974473244918,1.06974473244918,0.744755727122802,2.36405588755181
12.72,0,0,13,120.963027947438,-65.4147210433609,-118.461917291892,14.8621346792683,-1.08378354645028,-0.351673069547545,-4.66870558325792,1.43959210556846,-9.72055225470296,-12.5728355243036,-5.51794364269752,-82.6890989618131,-1.35549998422956,-4.16960416757745,14.905747480355,118.461917291892,1139,1398,1398,1375,1461,12.7199999999998,636,50,1,0.172826086956522,-1.0683383493327,1.0683383493327,0.744755814241585,2.17407578746317
12.74,0,0,13,120.977859171333,-65.7114046566361,-118.435461142285,14.87486504508,-1.06671331640553,-0.353463147084808,-4.79057684749034,1.48402856006024,-10.0806428740314,-12.6481086862115,-5.53265846824207,-82.8897219026715,-1.3612315803705,-4.10064647657018,14.9172525488137,118.435461142285,1136,1399,1399,1374,1448,12.7599999999998,638,50,1,0.170652173913043,-1.06740697323924,1.06740697323924,0.74475587193593,1.91319403782968
12.76,0,0,13,120.991996616299,-66.0083517054274,-118.408983834368,14.8876771621781,-1.04844340285753,-0.355215960969423,-4.91177127912314,1.52778913683228,-10.3953743307319,-12.7251110039003,-5.54826014851975,-83.097139905742,-1.36680251484704,-4.02718039619997,14.9287756776356,118.408983834368,1135,1400,1400,1374,1441,12.7799999999998,639,50,1,0.169565217391304,-1.06701817434196,1.06701817434196,0.744755896020183,1.69368378160774
12.78,0,0,13,121.005426546272,-66.3055615590706,-118.382485216535,14.9005569313798,-1.02921869793161,-0.356937593804995,-5.02855530296414,1.57079966247511,-10.6644179690355,-12.8038694808498,-5.56458617887743,-83.3104568563099,-1.37223778584574,-3.95015715108337,14.9403243753051,118.382485216535,1135,1400,1400,1374,1441,12.7799999999998,639,50,1,0.168478260869565,-1.06684235571518,1.06684235571518,0.744755906911316,1.51438191496932
12.8,0,0,13,121.018134872695,-66.6030335842168,-118.355965126726,14.9134832498932,-1.00929595455843,-0.35863299461681,-5.13829517104604,1.61299412283667,-10.8867145591786,-12.8843511100644,-5.58146876310807,-83.5287613026648,-1.37755862361398,-3.87057233314612,14.9518988290304,118.355965126726,1132,1401,1401,1373,1426,12.8199999999998,641,50,1,0.166304347826087,-1.06667462204103,1.06667462204103,0.744755917301623,1.22102011646061
12.82,0,0,13,121.030107227331,-66.900766981648,-118.329423409862,14.9264288268841,-0.988916450024897,-0.360301739792207,-5.18504173059406,1.65426483293896,-11.0620460966091,-12.9662127789872,-5.59873462068233,-83.7511283207824,-1.38276617913908,-3.78936091537086,14.9634905891929,118.329423409862,1131,1401,1401,1372,1418,12.8399999999998,642,50,1,0.165217391304348,-0.910507459915883,0.910507459915883,0.744755921639012,0.961484443417115
12.84,0,0,13,121.041329636472,-67.1987608111694,-118.302860233071,14.9393811631084,-0.968302518993354,-0.361973843190644,-5.08229984469131,1.66979636177447,-11.1955650891376,-13.0469739741568,-5.61633135878029,-83.9766444188248,-1.38797693098462,-3.70737861010335,14.9751041521613,118.302860233071,1129,1401,1401,1372,1410,12.8599999999998,643,50,1,0.164130434782609,-0.792720530635539,0.792720530635539,0.795851551725984,0.688980177760039
12.86,0,0,13,121.051787741309,-67.497014208711,-118.276276961527,14.9523173404989,-0.947692296103398,-0.363963219483318,-4.94022796162862,1.61074328337109,-11.2921581819639,-13.1248822010902,-5.63522883464468,-84.2042819226151,-1.39439517597768,-3.62553969019886,14.9867402647879,118.276276961527,1129,1402,1402,1372,1406,12.8799999999998,644,50,1,0.16195652173913,-0.726204117135283,0.726204117135283,0.834394069603859,0.409152312837139
12.88,0,0,13,121.061467236917,-67.7955260356822,-118.249673726882,14.9652162208825,-0.92724790590421,-0.366425454467594,-4.81023254702315,1.51787225486838,-11.3561471884319,-13.1998328102362,-5.65632246267299,-84.4330941603365,-1.40261508174382,-3.54446624153105,14.9983916747913,118.249673726882,1129,1402,1402,1372,1406,12.8799999999998,644,50,1,0.16195652173913,-0.696124750753789,0.696124750753789,0.851823369463951,0.266537797061278
12.9,-9.2,0,13,121.070355565239,-68.0942948327958,-118.223048550799,14.978085705474,-0.907058266368084,-0.369363865539211,-4.7084351545226,1.41733824487378,-11.3928297652145,-13.2723142953923,-5.67985497529634,-84.6624391121878,-1.41264395419051,-3.46449346700637,15.0100711445442,118.223048550799,1126,1392,1392,1371,1397,12.9199999999998,646,50,1,0.159782608695652,-0.667428572585822,0.667428572585822,0.868451189604333,-0.0381342156959483
12.92,-9.2,0,13,121.07844001327,-68.3933189758482,-118.196397477013,14.9909089276761,-0.88736149796786,-0.372716586902102,-4.71705113989888,1.32301181212501,-11.3937611856015,-13.3433748335804,-5.70566849962959,-84.8916695052323,-1.42424244088399,-3.38652982076008,15.0217734825188,118.196397477013,1125,1385,1385,1370,1393,12.9399999999998,647,50,1,0.158695652173913,-0.889595191531936,0.889595191531936,0.875392400764963,-0.222120689596811
12.94,-9.2,0,13,121.085707482173,-68.6925966638991,-118.169715020262,15.003689723753,-0.868343153665672,-0.376441345884015,-5.02184858366899,1.24237261653062,-11.3544077804381,-13.4174821267246,-5.73339959608519,-85.1201324472781,-1.43724488042987,-3.31127614075142,15.0335103434314,118.169715020262,1123,1380,1380,1370,1390,12.9599999999998,648,50,1,0.157608695652174,-1.24156479434286,1.24156479434286,0.879312228496053,-0.475901693349808
12.96,-9.2,0,13,121.092143755645,-68.9921261055361,-118.14299429932,15.0164214795843,-0.850297260207255,-0.380497686789511,-5.5478018556451,1.17914218742481,-11.2543327038354,-13.5003607102161,-5.76251984236513,-85.3468750466556,-1.45149412665972,-3.23984597212165,15.0452882316321,118.14299429932,1122,1376,1376,1370,1386,12.9799999999998,649,50,1,0.155434782608696,-1.47485766067277,1.47485766067277,0.881525826250949,-0.647634234720023
12.98,-9.2,0,13,121.097735529272,-69.2919052763099,-118.116227770034,15.0290898903476,-0.833463189891827,-0.38479795101342,-6.15992910636835,1.13417474787167,-11.0934690487887,-13.5945989809541,-5.79243183051919,-85.5707942078293,-1.46665453291235,-3.17314369329202,15.0571004275112,118.116227770034,1120,1374,1374,1370,1383,12.9999999999998,650,50,1,0.154347826086957,-1.84074808367357,1.84074808367357,0.882775885017974,-0.875760157239994
13,-9.2,0,13,121.10246868494,-69.5919320851978,-118.089407078245,15.0416915812166,-0.818256170396883,-0.389270043546731,-6.89611056584273,1.1070343815302,-10.8621676131601,-13.7029408907308,-5.82250982299303,-85.7906685748498,-1.48244984612193,-3.11273603267102,15.0689601483194,118.089407078245,1119,1372,1372,1370,1380,13.0199999999998,651,50,1,0.152173913043478,-2.09176779035983,2.09176779035983,0.883481815857287,-1.02945258312514
13.02,-9.2,0,13,121.106329620754,-69.8922043261989,-118.062523614049,15.0542119461215,-0.804950056553085,-0.393827629259549,-7.56417517124313,1.09619227002731,-10.5660041358704,-13.8259418713684,-5.8521399840166,-86.0052529291062,-1.49855174197137,-3.05965096049941,15.0808601251341,118.062523614049,1118,1371,1371,1369,1377,13.0399999999998,652,50,1,0.151086956521739,-2.23352316770663,2.23352316770663,0.883880467795132,-1.22865586204047
13.04,-9.2,0,13,121.109305086792,-70.1927197063438,-118.035568708127,15.0666491828412,-0.79390789277406,-0.398371613603631,-8.0911717659968,1.09931779505793,-10.2099950923375,-13.9614897020228,-5.88075025560518,-86.2133708009015,-1.51458330590609,-3.01524867085412,15.0928097875625,118.035568708127,1118,1371,1371,1369,1377,13.0399999999998,652,50,1,0.15,-2.29762632221217,2.29762632221217,0.884060742062281,-1.33580462437694
13.06,-9.2,0,13,121.111382421555,-70.4934759198502,-118.008533945602,15.0789983140063,-0.785374757960475,-0.402826574973309,-8.5787370960238,1.11399107412978,-9.81249418669709,-14.1072633508727,-5.90786003836631,-86.4141017777139,-1.53025910645175,-2.98043870692506,15.1048095954154,118.008533945602,1116,1359,1359,1369,1375,13.0799999999998,654,50,1,0.148913043478261,-2.6709760024238,2.6709760024238,0.884232726485875,-1.43802619166288
13.08,-9.2,0,13,121.112548484292,-70.7944706242725,-117.981411090014,15.0912555268068,-0.77958519129496,-0.407195794767205,-9.21810208365226,1.13859967783639,-9.37613405954988,-14.2653482439877,-5.93307328413713,-86.6067464560817,-1.54559314355607,-2.95608705238382,15.1168632613098,117.981411090014,1114,1356,1356,1369,1375,13.0999999999998,655,50,1,0.147826086956522,-2.93199983187191,2.93199983187191,0.884304520635104,-1.48069814010302
13.1,-9.2,0,13,121.112790366685,-71.0957014196871,-117.954192264701,15.1034163908219,-0.776700764603281,-0.411482519935802,-9.8822206880979,1.17156018162643,-8.90156779103658,-14.4371400156994,-5.95601801728185,-86.790591601419,-1.5605993071503,-2.94278090679337,15.1289711684733,117.954192264701,1113,1354,1354,1369,1375,13.1199999999998,656,50,1,0.145652173913043,-3.28753424188083,3.28753424188083,0.884345064092227,-1.50479576268855
13.12,-9.2,0,13,121.112094963205,-71.3971657944536,-117.926869819804,15.1154687165838,-0.776940830903266,-0.415699886482271,-10.6052624837521,1.21143447102459,-8.38902484877833,-14.62400023978,-5.97635110342062,-86.9649500663184,-1.57532971150473,-2.94132518427239,15.1411306702099,117.926869819804,1111,1352,1352,1370,1376,13.1399999999998,657,50,1,0.144565217391304,-3.52777296989787,3.52777296989787,0.884367959717194,-1.5184041268599
13.14,-9.2,0,13,121.110449372799,-71.6988611705692,-117.899436388016,15.1274104493769,-0.780466642650483,-0.419845232951668,-11.2243237915633,1.25671833405213,-7.84243067722333,-14.8254384317862,-5.99375016227452,-87.1291492277916,-1.58977548515969,-2.95230069403008,15.1533476533682,117.899436388016,1110,1351,1351,1369,1378,13.1599999999998,658,50,1,0.142391304347826,-3.66344013321718,3.66344013321718,0.884380889291527,-1.52608901671834
13.16,-9.2,0,13,121.107841266041,-72.0007849059108,-117.871884975455,15.1392282029991,-0.787434240811504,-0.423897291219448,-11.6850607378644,1.3058518523895,-7.27217106917886,-15.0387652898932,-6.00794325709193,-87.2826643187507,-1.60385861717321,-2.97626874654695,15.1656180942152,117.871884975455,1108,1351,1351,1369,1380,13.1799999999998,659,50,1,0.141304347826087,-3.74005383890498,3.74005383890498,0.884388190856463,-1.53042881328704
13.18,-9.2,0,13,121.104258590009,-72.3029343022313,-117.844208931165,15.1509191116402,-0.797952253912982,-0.427838262774076,-11.990747082945,1.35748678833479,-6.68985410431505,-15.260839317493,-6.01872522246822,-87.4251878642731,-1.61751336589868,-3.01360775013677,15.1779485868837,117.844208931165,1107,1350,1350,1369,1383,13.1999999999998,660,50,1,0.139130434782609,-3.78331898690106,3.78331898690106,0.884392314182501,-1.53287957505521
13.2,-9.2,0,13,121.099689401814,-72.605306611734,-117.816401944216,15.1624699165792,-0.812087105789278,-0.431664147824321,-12.2215026238029,1.41059777694998,-6.10551088243816,-15.4890871117135,-6.02595662234586,-87.5566260647917,-1.6307274032274,-3.06453758241681,15.1903361837411,117.816401944216,1107,1350,1350,1369,1383,13.1999999999998,660,50,1,0.13804347826087,-3.91744043301767,3.91744043301767,0.884394178790469,-1.53398783326186
13.22,-9.2,0,13,121.094121294339,-72.9078990246018,-117.788457883271,15.1738761054377,-0.829836039711526,-0.435410124862814,-12.4931551958359,1.46465094196723,-5.5255157994958,-15.7236313898904,-6.02954528368314,-87.6770294404211,-1.64363532845891,-3.12901479714974,15.2027867804824,117.788457883271,1106,1350,1350,1369,1386,13.2199999999998,661,50,1,0.13695652173913,-4.06918605639625,4.06918605639625,0.884395695677348,-1.45239371934441
13.24,-9.2,0,13,121.087543416451,-73.2107086999825,-117.760371260183,15.185129834746,-0.851037020610416,-0.439105933753307,-12.7180064739739,1.51931177703076,-4.96103403995128,-15.9643565095205,-6.02945921787179,-87.7866424611072,-1.65635118452905,-3.20639760175942,15.2152964522418,117.760371260183,1103,1351,1351,1368,1395,13.2599999999998,663,50,1,0.135869565217391,-4.16967947404852,4.16967947404852,0.88439670023447,-1.33828257489919
13.26,-9.2,0,13,121.079945844174,-73.5137327275808,-117.732136986745,15.1962224454488,-0.875583589220496,-0.442761640019559,-12.865275917487,1.57429981638536,-4.41830067466146,-16.2099147878888,-6.02570429397116,-87.885828052839,-1.66891465584395,-3.29625523834326,15.2278646271612,117.732136986745,1102,1351,1351,1368,1401,13.2799999999998,664,50,1,0.133695652173913,-4.21163001394423,4.21163001394423,0.884397119582469,-1.12203180300815
13.28,-9.2,0,13,121.071320623187,-73.8169680784507,-117.703750660646,15.2071440707738,-0.903179330111809,-0.4463802537811,-12.9363473596884,1.62948009101732,-3.91822756988917,-16.4586679303811,-6.01837965565424,-87.9752574184972,-1.68133890112237,-3.39744567100296,15.2404796191779,117.703750660646,1102,1351,1351,1368,1401,13.2799999999998,664,50,1,0.132608695652174,-4.23060045436672,4.23060045436672,0.884397309215695,-0.916144745273976
13.3,-9.2,0,13,121.061661475496,-74.1204116557806,-117.675208482175,15.217897414413,-0.933543648460436,-0.449963325717256,-12.9462780516741,1.68484973622868,-3.46961702295132,-16.7091372128503,-6.00767271274864,-88.055880457785,-1.69363017520774,-3.50888734385215,15.2531430352458,117.675208482175,1099,1353,1353,1368,1413,13.3199999999998,666,50,1,0.130434782608696,-4.24869854630737,4.24869854630737,0.88439749012871,-0.571308891893613
13.32,-9.2,0,13,121.050962723823,-74.4240603027436,-117.646506951735,15.2284787997197,-0.96637845628091,-0.453513041743954,-12.9124889097801,1.74048276775967,-3.07750667829129,-16.9601637602539,-5.99381892834172,-88.1287757741828,-1.70579779943393,-3.62943824990623,15.2658484190466,117.646506951735,1097,1354,1354,1368,1423,13.3399999999998,667,50,1,0.129347826086957,-4.25625351603304,4.25625351603304,0.884397565650061,-0.293585020453832
13.34,-9.2,0,13,121.039218940528,-74.7279107996233,-117.617642763918,15.2388955176344,-1.00137127072086,-0.457032473339331,-12.8505583635059,1.79649344980202,-2.74494446518367,-17.2109156444621,-5.97708441168257,-88.1950850818763,-1.71785316300554,-3.75790389557807,15.2785980934407,117.617642763918,1096,1354,1354,1367,1433,13.3599999999998,668,50,1,0.127173913043478,-4.26051994434835,4.26051994434835,0.884397608298336,0.0137684403054452
13.36,-9.2,0,13,121.026425291686,-75.0319598647295,-117.588612908287,15.2491498840755,-1.038154827684,-0.460525016405814,-12.7730705156745,1.85302417318391,-2.47743119826128,-17.4608320168403,-5.95777454698703,-88.2560361331247,-1.72980937463929,-3.89289028026475,15.2913838786416,117.588612908287,1095,1356,1356,1367,1444,13.3799999999998,669,50,1,0.126086956521739,-4.26292927373425,4.26292927373425,0.88439763238259,0.344761219185425
13.38,-9.2,0,13,121.0125777198,-75.3362041541425,-117.559414722988,15.2592570348118,-1.07632691206894,-0.463988828445723,-12.633682888926,1.91022145385212,-2.27913873824618,-17.7092907237875,-5.93623492832627,-88.3129403398236,-1.74165837986353,-4.03287464076254,15.3042049943477,117.559414722988,1095,1356,1356,1367,1444,13.3799999999998,669,50,1,0.125,-4.14946226863692,4.14946226863692,0.884397643273723,0.621360224261948
13.4,-9.2,0,13,120.997673637983,-75.6406403264714,-117.530046136304,15.2692343070237,-1.11543478492953,-0.467381309962505,-12.35198375677,1.96813070220626,-2.16032270884208,-17.9536421263838,-5.91286644624138,-88.3672341077931,-1.75323904804189,-4.17615075187621,15.3170544286792,117.530046136304,1092,1358,1358,1367,1467,13.4199999999998,671,50,1,0.123913043478261,-3.99121368631633,3.99121368631633,0.884397653664031,1.09066697590199
13.42,-9.2,0,13,120.981711227216,-75.9452649974944,-117.500505565915,15.2791055871834,-1.15503392224219,-0.470674444731195,-12.0503787140673,2.02672940132891,-2.12861365073306,-18.1921428558771,-5.88815085518865,-88.4205458623234,-1.76444449234211,-4.32104718212329,15.3299284192312,117.500505565915,1091,1359,1359,1366,1478,13.4399999999998,672,50,1,0.121739130434783,-3.92515350425495,3.92515350425495,0.88439765800142,1.48564026077963
13.44,-9.2,0,13,120.964688571667,-76.2500747130751,-117.470791906306,15.2888951283533,-1.19466164124975,-0.473940824668924,-11.787632217371,2.0605019306092,-2.18301926872236,-18.424904568418,-5.86272562546441,-88.4745109982116,-1.77554465077075,-4.46582976423,15.3428208158782,117.470791906306,1089,1360,1360,1366,1489,13.4599999999998,673,50,1,0.120652173913043,-3.88784812230175,3.88784812230175,0.935493288088392,1.88185601315913
13.46,-9.2,0,13,120.946603278893,-76.5550660671001,-117.440905440985,15.298630201483,-1.2338602087494,-0.477547585276286,-11.5831335978238,2.01879835414971,-2.3195951802051,-18.6528145126606,-5.83824905502098,-88.5303615256373,-1.78791036631976,-4.60878520108486,15.3557334163063,117.440905440985,1088,1361,1361,1366,1499,13.4799999999998,674,50,1,0.118478260869565,-3.86678109706436,3.86678109706436,0.974035805966266,2.27877340945293
13.48,-9.2,0,13,120.927453311258,-76.8602355240073,-117.41084524067,15.3083416872557,-1.2721985740163,-0.481664166399416,-11.438611224162,1.94469042151103,-2.53304440690872,-18.8769543654145,-5.81627290902568,-88.589254388793,-1.80216922177709,-4.74830575211512,15.3686634029994,117.41084524067,1086,1362,1362,1365,1510,13.4999999999998,675,50,1,0.117391304347826,-3.85488416613601,3.85488416613601,0.99580146427971,2.66285365590158
13.5,-9.2,0,13,120.907237311922,-77.1655793741276,-117.380607894828,15.3180770690306,-1.30926360388941,-0.486279277280164,-11.2918161240012,1.86559178554995,-2.81834744101403,-19.098065528639,-5.7976260106964,-88.6524611874569,-1.81826976950744,-4.88285214866722,15.3816164239245,117.380607894828,1084,1363,1363,1365,1520,13.5199999999998,676,50,1,0.115217391304348,-3.69206861121172,3.69206861121172,1.00809292596674,3.05913783779538
13.52,-9.2,0,13,120.885955363868,-77.4710938494082,-117.350188444854,15.3278843114455,-1.3446250468767,-0.491253972944329,-11.0467427753248,1.79565269271058,-3.17913715791688,-19.314534904722,-5.78276438531277,-88.7213644706747,-1.83568373734434,-5.01082773345412,15.3945894536905,117.350188444854,1083,1364,1364,1365,1529,13.5399999999998,677,50,1,0.11304347826087,-3.57052721403548,3.57052721403548,1.01503413712737,3.45324456090506
13.54,-9.2,0,13,120.863607953428,-77.7767751479462,-117.319580782748,15.3378200101051,-1.37791790417507,-0.496440631976183,-10.8144119190093,1.74143916046476,-3.61558073492526,-19.52539769549,-5.77198879965567,-88.7974684934926,-1.85385056750162,-5.13088018078449,15.4075901332462,117.319580782748,1083,1364,1364,1365,1529,13.5399999999998,677,50,1,0.11195652173913,-3.51556501713097,3.51556501713097,1.01817302003829,3.74605164023308
13.56,-9.2,0,13,120.840194961046,-78.0826195412005,-117.288777921561,15.3479456969193,-1.40879326780577,-0.501731093278578,-10.6437943701132,1.70533728784276,-4.1203593572865,-19.7313349587804,-5.76550851102145,-88.8822317352643,-1.87235744084042,-5.24171886157169,15.4206312995597,117.288777921561,1081,1367,1367,1364,1544,13.5799999999998,679,50,1,0.110869565217391,-3.46313023593009,3.46313023593009,1.02116756261336,4.16480339341241
13.58,-9.2,0,13,120.815715326365,-78.3886234074457,-117.257772305493,15.3583171395842,-1.4369523687446,-0.507043566912265,-10.5462174956856,1.68746584056404,-4.68317683718432,-19.9335994988668,-5.76346210265581,-88.9769399886413,-1.89089131628195,-5.34224413252253,15.4337238101773,117.257772305493,1079,1368,1368,1364,1551,13.5999999999998,680,50,1,0.109782608695652,-3.44124156469093,3.44124156469093,1.02241762138038,4.48572418461331
13.6,-9.2,0,13,120.790167306669,-78.6947832214219,-117.226556204432,15.3689865530421,-1.46210353036016,-0.512307773825203,-10.4595393238241,1.68674382192195,-5.29668753593259,-20.1332156753427,-5.76595190893455,-89.0827091282113,-1.90918305091065,-5.4313871222934,15.4468752068566,117.226556204432,1078,1369,1369,1364,1557,13.6199999999998,681,50,1,0.107608695652174,-3.27278349294272,3.27278349294272,1.0231235522197,4.78709470790167
13.62,-9.2,0,13,120.763549193078,-79.0010955662786,-117.195122226477,15.3800009507997,-1.48398635086752,-0.517413836930106,-10.284424071579,1.70126464320458,-5.95913484521238,-20.3288293594708,-5.77308434803532,-89.2005517289379,-1.92681734264926,-5.50820020790781,15.4600893210488,117.195122226477,1076,1370,1370,1363,1561,13.6399999999998,682,50,1,0.106521739130435,-3.14805566426228,3.14805566426228,1.02352220415754,5.0606439632062
13.64,-9.2,0,13,120.735858221136,-79.3075571491671,-117.163463222601,15.3914101926807,-1.50244276588877,-0.522289813221416,-10.1290527335357,1.7287936793314,-6.66430701632678,-20.5196887735076,-5.78499646633601,-89.3314266948373,-1.94352065599821,-5.57211476825984,15.4733845241796,117.163463222601,1075,1371,1371,1363,1563,13.6599999999998,683,50,1,0.104347826086957,-3.07761959908776,3.07761959908776,1.02374733013121,5.2311697545993
13.66,-9.2,0,13,120.707089165765,-79.6141647754223,-117.131571969748,15.403250957518,-1.51737929390469,-0.526922247008324,-10.0383580754696,1.76719744581236,-7.39816639176753,-20.7066392886369,-5.80178655508355,-89.4760452728208,-1.95923917172375,-5.62280593628616,15.4867758760899,117.131571969748,1073,1372,1372,1363,1565,13.6799999999998,684,50,1,0.103260869565217,-3.03784307664079,3.03784307664079,1.02387446284828,5.41210645402893
13.68,-9.2,0,13,120.677235535136,-79.9209153485531,-117.099441649622,15.4155577468962,-1.52866347370559,-0.531322594799077,-10.019663120386,1.81458478056586,-8.15434077084061,-20.8910072211519,-5.82353700241687,-89.6349437065738,-1.97401200717545,-5.6598072397737,15.5002753641178,117.099441649622,1072,1374,1374,1363,1566,13.6999999999998,685,50,1,0.101086956521739,-3.01538055358453,3.01538055358453,1.02394625699751,5.53033225679402
13.7,-9.2,0,13,120.646289378566,-80.2278058476205,-117.067065736275,15.428352157658,-1.53627158560862,-0.53550365765274,-10.0078463847729,1.8692762221386,-8.91869901497642,-21.0738319414742,-5.85028889564057,-89.8084332757531,-1.98788483556463,-5.68305852390109,15.5138952185715,117.067065736275,1072,1374,1374,1363,1566,13.6999999999998,685,50,1,0.1,-2.8906662559345,2.8906662559345,1.0239787230071,5.58379510979502
13.72,-9.2,0,13,120.614241767903,-80.5348333356308,-117.034438149953,15.4416528851374,-1.54019894939387,-0.539423462903127,-9.90025480629787,1.92942106192323,-9.68754700953051,-21.253711145009,-5.88204847102854,-89.996635612812,-2.00070065377348,-5.69257201885879,15.5276474168213,117.034438149953,1071,1375,1375,1363,1566,13.7199999999998,686,50,1,0.0989130434782609,-2.74657349059368,2.74657349059368,1.0240051345986,5.62728795204828
13.74,-9.2,0,13,120.581082545412,-80.8419949463461,-117.001553239413,15.4554708042505,-1.54049091219353,-0.543068037323323,-9.80378930266083,1.99333178643116,-10.4589220621978,-21.4298018652304,-5.91883964872971,-90.1996334341692,-2.01240782683803,-5.68854658259485,15.5415447406219,117.001553239413,1067,1377,1377,1362,1560,13.7599999999998,688,50,1,0.0967391304347826,-2.65114817205293,2.65114817205293,1.02402262565393,5.65609105202658
13.76,-9.2,0,13,120.546800149305,-81.1492877988326,-116.968405743217,15.4698092738882,-1.537178041286,-0.546471126747772,-9.76274781422774,2.05978072196487,-11.227284575432,-21.60281875687,-5.96068216175927,-90.4174248391847,-2.0231325877701,-5.67112906314232,15.5555953275167,116.968405743217,1066,1378,1378,1362,1557,13.7799999999998,689,50,1,0.0945652173913043,-2.61131328807718,2.61131328807718,1.02402992721887,5.66811478077407
13.78,-9.2,0,13,120.511381857097,-81.4567089770704,-116.93499077879,15.4846677971962,-1.53033744402607,-0.549679920447946,-9.78479674136503,2.12790643808748,-11.982998488412,-21.7739562165582,-6.00756553919327,-90.6498722630548,-2.03305107505905,-5.64063823942589,15.5698110938141,116.93499077879,1066,1378,1378,1362,1557,13.7799999999998,689,50,1,0.0934782608695652,-2.59329956775135,2.59329956775135,1.02403322905725,5.61143813962977
13.8,-9.2,0,13,120.474813097054,-81.7642555150333,-116.901303420057,15.5000389277257,-1.52012765692226,-0.552732478435541,-9.80376190349266,2.19703179610959,-12.7133652099747,-21.944122375819,-6.05939551564948,-90.8965836841736,-2.04230612784553,-5.59769317469351,15.5842070073222,116.901303420057,1062,1381,1381,1362,1546,13.8199999999998,691,50,1,0.091304347826087,-2.42001705906512,2.42001705906512,1.02403637906185,5.53025753977574
13.82,-9.2,0,13,120.437079113096,-82.0719244268559,-116.867339257631,15.5159059873529,-1.50667496052948,-0.555603770815481,-9.71637450839571,2.26612479363739,-13.4189689148942,-22.1117450662081,-6.11605809221845,-91.1570896321408,-2.05080871539287,-5.54279778155746,15.5987853243515,116.867339257631,1061,1382,1382,1363,1539,13.8399999999998,692,50,1,0.0891304347826087,-2.29509571481462,2.29509571481462,1.02403769401756,5.34119994456856
13.84,-9.2,0,13,120.398163052031,-82.3797125586578,-116.833093661017,15.5322493959274,-1.49030839200471,-0.558292554225981,-9.63107266945985,2.33428602134118,-14.0869509526497,-22.275847842197,-6.17739134068543,-91.4307830146011,-2.05855836472899,-5.47719628912431,15.6135672085744,116.833093661017,1060,1383,1383,1362,1530,13.8599999999998,693,50,1,0.0880434782608696,-2.22455036789079,2.22455036789079,1.02403843659688,5.10627117285325
13.86,-9.2,0,13,120.358045868187,-82.6876165726655,-116.798561719603,15.5490443649347,-1.4712947076962,-0.560839841301652,-9.59148504499158,2.40107919187905,-14.7102886455294,-22.4370302757471,-6.2431651711937,-91.7168767763185,-2.06571097801065,-5.40190329841835,15.6285645568361,116.798561719603,1058,1385,1385,1363,1522,13.8799999999998,694,50,1,0.0869565217391304,-2.18471213205958,2.18471213205958,1.02403885594488,4.82792393133985
13.88,-9.2,0,13,120.316707236961,-82.9956329442043,-116.763738483684,15.566259285135,-1.44993330596259,-0.563294637792074,-9.6041895031103,2.46635677743162,-15.2804956615557,-22.5963627081515,-6.31308793668,-92.0144317378331,-2.07245222809903,-5.31805171861212,15.6437858452728,116.763738483684,1058,1385,1385,1363,1522,13.8799999999998,694,50,1,0.0847826086956522,-2.16669689599225,2.16669689599225,1.0240390455781,4.59995846238688
13.9,-9.2,0,13,120.274126074403,-83.3037579139732,-116.728619030465,15.5838573102474,-1.42652046467266,-0.565692614226804,-9.60192590918555,2.53004854640257,-15.792213101394,-22.75459683172,-6.38681369309649,-92.322384656789,-2.07891882816809,-5.22676141341099,15.6592329772589,116.728619030465,1054,1387,1387,1363,1503,13.9199999999998,696,50,1,0.0826086956521739,-1.99341294126531,1.99341294126531,1.02403922649112,4.20526612417746
13.92,-9.2,0,13,120.230281339055,-83.6119875320148,-116.693198697542,15.6018027406974,-1.40137467994055,-0.568007903921943,-9.48081624460194,2.5915147665242,-16.2462510956894,-22.9099920259225,-6.46396638592928,-92.6396154019699,-2.085021137882,-5.12922967331102,15.6749077423801,116.693198697542,1053,1388,1388,1363,1493,13.9399999999998,697,50,1,0.0804347826086956,-1.86849099337141,1.86849099337141,1.02403930201247,3.86602636243701
13.94,-9.2,0,13,120.18515158882,-83.9203176173823,-116.657472934843,15.6200615477799,-1.37483504109991,-0.57023642880629,-9.35049645996967,2.65027075457504,-16.6455363760675,-23.0613904282144,-6.54418827906095,-92.9650669499737,-2.09074962569129,-5.02672362682228,15.6908146293112,116.657472934843,1051,1390,1390,1364,1481,13.9599999999998,698,50,1,0.0793478260869565,-1.79794530555921,1.79794530555921,1.02403934466074,3.51542765325385
13.96,-9.2,0,13,120.138714704856,-84.2287437229231,-116.621437186915,15.6386026568384,-1.3472244599479,-0.572412866683637,-9.25684208173142,2.70633574481979,-16.9867771387367,-23.2092363669733,-6.62711164490488,-93.2976782892955,-2.09623630631154,-4.92044558181308,15.7069590721406,116.621437186915,1049,1391,1391,1364,1470,13.9799999999998,699,50,1,0.0771739130434783,-1.75810687722217,1.75810687722217,1.024039368745,3.13305022259218
13.98,-9.2,0,13,120.090947896882,-84.5372610895057,-116.585086792501,15.6573913114944,-1.3188898050314,-0.574578359583316,-9.20799660819914,2.75996396210351,-17.2641521455741,-23.3544817365657,-6.71231953913333,-93.6362951619168,-2.10163675789831,-4.81168136326505,15.7233429425926,116.585086792501,1048,1392,1392,1364,1459,13.9999999999998,700,50,1,0.075,-1.73560939478793,1.73560939478793,1.02403938234581,2.74143848725663
14,-9.2,0,13,120.04182818325,-84.8458646485585,-116.548417066114,15.6763945297316,-1.29015657024301,-0.576761028525771,-9.13721996876004,2.81140321460019,-17.475411206377,-23.4977828498292,-6.79935233111207,-93.9796900178278,-2.10705810590487,-4.70163373494205,15.7399651432767,116.548417066114,1046,1394,1394,1365,1449,14.0199999999998,701,50,1,0.0739130434782609,-1.56680751632498,1.56680751632498,1.02403939002644,2.34712106282158
14.02,-9.2,0,13,119.991333492691,-85.1545491691976,-116.511423698451,15.6955835478803,-1.26133025306443,-0.578932628625022,-8.94087371327887,2.8602215236166,-17.6267061735725,-23.6372958958364,-6.88775026811505,-94.3266651085412,-2.11240095312642,-4.59142733990828,15.7568226462149,116.511423698451,1044,1395,1395,1365,1438,14.0399999999998,702,50,1,0.0717391304347826,-1.44188553376226,1.44188553376226,1.02403939436383,1.96450906759827
14.04,-9.2,0,13,119.939442198574,-85.4633091937249,-116.474102612327,15.7149319382965,-1.23272870945214,-0.581085328773251,-8.7311109126122,2.90616978825243,-17.724280801956,-23.7717865394095,-6.97710365022917,-94.6761686657418,-2.11764044421631,-4.48222581790526,15.7739141006826,116.474102612327,1044,1395,1395,1365,1438,14.0399999999998,702,50,1,0.0695652173913043,-1.38539460340577,1.38539460340577,1.02403939632524,1.66456735297067
14.06,-9.2,0,13,119.886132588789,-85.7721389578185,-116.436449751487,15.734417989651,-1.20464376816045,-0.58324630378446,-8.5553472356797,2.94951700299911,-17.7674072090138,-23.9016602826289,-7.06701030536845,-95.0271935782331,-2.12287854898241,-4.37509184266458,15.7912397338556,116.436449751487,1040,1398,1398,1366,1417,14.0799999999998,704,50,1,0.0673913043478261,-1.33150138697879,1.33150138697879,1.02403939819645,1.18622467827174
14.08,-9.2,0,13,119.831383140603,-86.0810324317036,-116.398461125325,15.7540215833123,-1.17733736481238,-0.585441980852392,-8.36277618749766,2.99064487187764,-17.7551567626658,-24.0275503692589,-7.15704651789718,-95.3787105267948,-2.12821383075455,-4.27097483088356,15.808796969757,116.398461125325,1038,1399,1399,1366,1409,14.0999999999998,705,50,1,0.0652173913043478,-1.15290675586819,1.15290675586819,1.02403939897758,0.805170770341964
14.1,-9.2,0,13,119.775173676396,-86.3899834922009,-116.360133260978,15.7737256449439,-1.15102761298573,-0.587649644531884,-8.0545601624831,3.02928896751942,-17.6957634522288,-24.1477717438308,-7.24680283051371,-95.7297507546897,-2.1335657169412,-4.17066116905887,15.8265794596475,116.360133260978,1037,1400,1400,1367,1403,14.1199999999998,706,50,1,0.0630434782608696,-1.02245462842099,1.02245462842099,1.0240393994187,0.453523092513874
14.12,-9.2,0,13,119.717485040188,-86.6989858963586,-116.321463109135,15.7935181271457,-1.12592819066223,-0.589864580363065,-7.7447227119584,3.06540244714085,-17.5978106293409,-24.2613070508039,-7.3359400081931,-96.0795313362971,-2.13891859345112,-4.07491584128637,15.8445848587514,116.321463109135,1037,1400,1400,1367,1403,14.1199999999998,706,50,1,0.0619565217391304,-0.963462912989513,0.963462912989513,1.02403939961818,0.19509995024933
14.14,-9.2,0,13,119.658298793714,-87.0080332634448,-116.282447926835,15.8133914464396,-1.1021677003574,-0.592112159214592,-7.47990521131208,3.09944960812777,-17.4676245372693,-24.3687771077641,-7.42415805699671,-96.4273807195483,-2.14436519002716,-3.98419205349699,15.8628093188795,116.282447926835,1032,1403,1403,1368,1392,14.1599999999998,708,50,1,0.0597826086956522,-0.907183909137319,0.907183909137319,1.02403939980848,-0.0874457550091571
14.16,-9.2,0,13,119.597598434275,-87.3171192830255,-116.243085768231,15.833340206318,-1.07980369306262,-0.594420180739141,-7.26892636433833,3.13207349521484,-17.3108673433829,-24.4712792132785,-7.51122648369551,-96.7728038590892,-2.15000625662708,-3.89868420616373,15.8812459667316,116.243085768231,1030,1404,1404,1368,1388,14.1799999999998,709,50,1,0.0565217391304348,-0.883690483880734,0.883690483880734,1.02403939988793,-0.411478928292664
14.18,-9.2,0,13,119.535367211995,-87.6262373340593,-116.203374420457,15.8533571945907,-1.05905257394294,-0.59680456918144,-7.04458689355654,3.16379930318948,-17.1167478347144,-24.5696427871602,-7.59684456997956,-97.1151698172489,-2.15589942440611,-3.81915701167567,15.8998963011541,116.203374420457,1028,1405,1405,1368,1384,14.1999999999998,710,50,1,0.0543478260869565,-0.71432617845753,0.71432617845753,1.02403939993279,-0.633540821480712
14.2,-9.2,0,13,119.471590370548,-87.9353809225652,-116.163312400659,15.873439334465,-1.03993644530715,-0.599232757785649,-6.70114145338717,3.19441355258248,-16.9015850293004,-24.6621262200672,-7.68075484282108,-97.4539625646234,-2.16192669255781,-3.74567283808129,15.918750705166,116.163312400659,1028,1405,1405,1368,1384,14.1999999999998,710,50,1,0.0521739130434783,-0.614037989205472,0.614037989205472,1.02403939995308,-0.843953625249977
14.22,-9.2,0,13,119.40625386823,-88.2445434807915,-116.122898450508,15.8935851025362,-1.02261113942695,-0.601688467429991,-6.35369330077578,3.22386167720233,-16.6671261113198,-24.7476240715167,-7.76275295984754,-97.788800695313,-2.16802908112282,-3.67877244495346,15.9378107017833,116.122898450508,1024,1408,1408,1369,1377,14.2399999999998,712,50,1,0.05,-0.51836151416209,0.51836151416209,1.02403939997243,-1.09269874676198
14.24,-9.2,0,13,119.339344678856,-88.5537184486876,-116.082131734591,15.9137956568542,-1.00706652104234,-0.604183909251721,-6.05039708755996,3.25254839770613,-16.4215663154394,-24.826679065364,-7.84269294656508,-98.1194431486865,-2.17424997292092,-3.61839800834747,15.9570709524685,116.082131734591,1022,1409,1409,1369,1374,14.2599999999998,713,50,1,0.0478260869565217,-0.478421785997239,0.478421785997239,1.02403939998051,-1.32768175957739
14.26,-9.2,0,13,119.270850148999,-88.8628991509016,-116.041011515916,15.9340710817813,-0.993386503506268,-0.60673603179084,-5.80122073775745,3.28099464764451,-16.1593287116084,-24.9003774149056,-7.92041104894793,-98.4456200422319,-2.18064968173409,-3.56482828546423,15.9765317449339,116.041011515916,1020,1410,1410,1369,1373,14.2799999999998,714,50,1,0.0456521739130435,-0.455867097714483,0.455867097714483,1.02403939998507,-1.48524650861661
14.28,-9.2,0,13,119.200759029704,-89.1720790271259,-115.999537598285,15.9544124227374,-0.981490583218603,-0.609351925450643,-5.53834209883362,3.30961308073085,-15.890813415088,-24.9694962856974,-7.99577007172327,-98.7671276118575,-2.18725272577007,-3.51775228284344,15.996184210267,115.999537598285,1020,1410,1410,1369,1373,14.2799999999998,714,50,1,0.0434782608695652,-0.331111122056425,0.331111122056425,1.02403939998713,-1.55649881411171
14.3,-9.2,0,13,119.129062723174,-89.4812519340515,-115.957710910989,15.9748230472678,-0.971311036418936,-0.611994906447756,-5.15803357707316,3.33812124401836,-15.6248137716582,-25.0322442648824,-8.06871947505883,-99.0839582185613,-2.1939264004193,-3.47690547689719,16.0160217996388,115.957710910989,1015,1412,1412,1369,1370,14.3199999999998,716,50,1,0.041304347826087,-0.162092688189267,0.162092688189267,1.0240393999891,-1.73688499026303
14.32,-9.2,0,13,119.055752610846,-89.7904115907624,-115.915532351604,15.9953061259144,-0.962906475205961,-0.614644620910834,-4.77812042496189,3.36637622274218,-15.3598009394357,-25.0875273226066,-8.13922367379982,-99.3961419390673,-2.20059710968787,-3.44247465628292,16.0360467370148,115.915532351604,1014,1414,1414,1369,1370,14.3399999999998,717,50,1,0.0380434782608696,-0.0915366784654322,0.0915366784654322,1.02403939998992,-1.85005472651875
14.34,-9.2,0,13,118.980820585902,-90.0995517173196,-115.873003104813,16.015865574677,-0.956165008418198,-0.6173087850657,-4.44747876585242,3.39465361112891,-15.1034339278575,-25.135942318589,-8.20727993157094,-99.7037809706162,-2.20729179830994,-3.41403753554514,16.0562533539293,115.873003104813,1011,1416,1416,1369,1369,14.3599999999998,718,50,1,0.0369565217391304,-0.0516924211578269,0.0516924211578269,1.02403939999039,-1.91396372744519
14.36,-9.2,0,13,118.904260013493,-90.4086662802476,-115.830125084275,16.0365070808979,-0.950940891961277,-0.619996316061773,-4.12234153524111,3.423279420036,-14.8590292515003,-25.1783430899515,-8.27293162858032,-100.007076832503,-2.21404130488408,-3.39105268387369,16.076636568873,115.830125084275,1009,1417,1417,1369,1370,14.3799999999998,719,50,1,0.033695652173913,0.107412934709197,-0.107412934709197,1.02403939999065,-1.95005429842776
14.38,-9.2,0,13,118.826066014826,-90.717749582284,-115.786901060584,16.0572353324486,-0.947077426730238,-0.622681274903209,-3.71439849088714,3.45203737651053,-14.6335156727837,-25.2135037031965,-8.33626095748547,-100.306314270678,-2.22075224778339,-3.37294258368613,16.0971890137369,115.786901060584,1009,1417,1417,1369,1370,14.3799999999998,719,50,1,0.0315217391304348,0.200102399475343,-0.200102399475343,1.02403939999077,-1.96637480415524
14.4,-9.2,0,13,118.746234574363,-91.0267960700571,-115.743334303283,16.0780574382745,-0.944447112686049,-0.625350681048933,-3.32653861499776,3.48083303044415,-14.4313568384456,-25.2408077295822,-8.39740789877338,-100.601900890788,-2.22737749670264,-3.35923532277233,16.1179085123165,115.743334303283,1004,1419,1419,1369,1372,14.4199999999998,721,50,1,0.0293478260869565,0.288529574485892,-0.288529574485892,1.02403939999088,-1.98194481763914
14.42,-9.2,0,13,118.664761974231,-91.3358002153704,-115.699428352101,16.0989800483732,-0.942896610395434,-0.628014908780178,-2.99986356528604,3.50990483925903,-14.2513242787045,-25.2611060952454,-8.4565244876154,-100.894266738486,-2.2339532139908,-3.3493694527132,16.138792251636,115.699428352101,1003,1421,1421,1368,1373,14.4399999999998,722,50,1,0.0260869565217391,0.325443113897807,-0.325443113897807,1.02403939999093,-1.98844445201413
14.44,-9.2,0,13,118.581644856005,-91.6447565250416,-115.655187021384,16.1200083428581,-0.942280018457322,-0.630688642089868,-2.7401551991491,3.53956840261037,-14.0902331832681,-25.2756740689879,-8.51374422924775,-101.183798264458,-2.24053086314828,-3.34281276975842,16.1598369041974,115.655187021384,1000,1422,1422,1368,1374,14.4599999999998,723,50,1,0.025,0.346288858551164,-0.346288858551164,1.02403939999096,-1.99211491333211
14.46,-9.2,0,13,118.496880300026,-91.9536595623782,-115.610614396344,16.141146441612,-0.942454999004109,-0.63337915134452,-2.48453354075559,3.5700410693391,-13.9452516707064,-25.2854763233855,-8.56917460842182,-101.47082249273,-2.24713550174369,-3.33904849829958,16.1810382554418,115.610614396344,998,1423,1423,1368,1376,14.4799999999998,724,50,1,0.0217391304347826,0.494665410031139,-0.494665410031139,1.02403939999097,-1.99418768935451
14.48,-9.2,0,13,118.41046646781,-92.2625041251185,-115.565715132493,16.1623972905424,-0.943279462248065,-0.636056591535277,-2.13725077970959,3.60096826663957,-13.8203517738774,-25.2891487609931,-8.62292569147495,-101.755668736525,-2.25366084067099,-3.33756380725489,16.2023896481002,115.565715132493,995,1423,1423,1368,1378,14.4999999999998,725,50,1,0.0195652173913043,0.604356990275856,-0.604356990275856,1.02403939999098,-1.99535822353722
14.5,-9.2,0,13,118.322402119185,-92.5712851366865,-115.520494297892,16.1837662931825,-0.944590622384166,-0.638704371122273,-1.80112833877192,3.63209775641328,-13.7241631989136,-25.2858794250003,-8.67515998134611,-102.038774817445,-2.26004765573772,-3.33777484948059,16.2238862838081,115.520494297892,992,1424,1424,1367,1381,14.5199999999998,726,50,1,0.016304347826087,0.666301813471716,-0.666301813471716,1.02403939999098,-1.86487380113286
14.52,-9.2,0,13,118.23268771841,-92.8799979957125,-115.474957958733,16.2052624334828,-0.946073899453158,-0.641330673220055,-1.51940499944437,3.66352141893617,-13.6672535720805,-25.2763092584678,-8.72614854485783,-102.320806628086,-2.26632399060883,-3.33856538205575,16.2455191173963,115.474957958733,991,1425,1425,1367,1383,14.5399999999998,727,50,1,0.0130434782608696,0.701283177694985,-0.701283177694985,1.02403939999099,-1.76632129982302
14.54,-9.2,0,13,118.141323961108,-93.1886381516654,-115.429112442791,16.2268932787737,-0.947577812585858,-0.643950270243275,-1.30144959847295,3.69544060795355,-13.6384365668308,-25.2615691145173,-8.77614634020475,-102.602392339545,-2.27254115879298,-3.33939877172878,16.2672874549558,115.429112442791,991,1425,1425,1367,1383,14.5399999999998,727,50,1,0.0119565217391304,0.717102089383483,-0.717102089383483,1.02403939999099,-1.72175490427165
14.56,-9.2,0,13,118.048310937224,-93.4972008486161,-115.382963889105,16.2486637726862,-0.948937185459241,-0.646576571890474,-1.14064092632444,3.72805511580266,-13.6343555092964,-25.2428178880597,-8.82533127771185,-102.88399216314,-2.27874576087406,-3.33969369909408,16.2891871326677,115.382963889105,986,1426,1426,1365,1388,14.5799999999998,729,50,1,0.00869565217391304,0.732193574439357,-0.732193574439357,1.02403939999099,-1.54809243318601
14.58,-9.2,0,13,117.953650066896,-93.8056817060052,-115.336519145386,16.2705801756278,-0.949888033959919,-0.649218678758403,-1.02659868611595,3.76152721209298,-13.6613916844374,-25.2210095885372,-8.87392412817414,-103.166156123787,-2.28496880547043,-3.33852525912949,16.3112093794863,115.336519145386,983,1426,1426,1365,1390,14.5999999999998,730,50,1,0.00652173913043478,0.738493449204415,-0.738493449204415,1.02403939999099,-1.43141809302089
14.6,-9.2,0,13,117.85734269396,-94.1140762845611,-115.289785053775,16.2926468193625,-0.950347468868321,-0.651882006850925,-0.950187655674893,3.795970664384,-13.7075746725507,-25.1969174817141,-8.92210962176452,-103.449355550838,-2.29122845743508,-3.33560819466414,16.3333539373554,115.289785053775,980,1427,1427,1364,1392,14.6199999999998,731,50,1,0.00326086956521739,0.742051102650623,-0.742051102650623,1.02403939999099,-1.36552997875634
14.62,-9.2,0,13,117.759389304447,-94.4223798333718,-115.242768053996,16.3148653564872,-0.950217004093784,-0.654568921319735,-0.901958163254101,3.83144853686319,-13.7702346702542,-25.1711522417434,-8.96999548687159,-103.733894240118,-2.29753245426599,-3.33060489123481,16.3556169075927,115.242768053996,980,1427,1427,1364,1392,14.6199999999998,731,50,1,0,0.743659907994081,-0.743659907994081,1.02403939999099,-1.23948975345581
14.64,-9.2,0,13,117.659791520275,-94.7305879239753,-115.195475144002,16.3372391850752,-0.949289927734183,-0.657279138920285,-0.874882863887988,3.86798405342875,-13.8569164667262,-25.1441327998152,-9.01774050055954,-104.020183618623,-2.30387896722685,-3.32280134542213,16.3779898468559,115.195475144002,980,1428,1428,1363,1396,14.6599999999998,733,50,1,0,0.745194733036202,-0.745194733036202,1.02403939999099,-1.07723837831152
14.66,-9.2,0,13,117.558550811159,-95.038696034865,-115.147913251511,16.3597700130533,-0.947515222646092,-0.660006751841233,-0.808675310940429,3.90550533508543,-13.957216341048,-25.1159052876511,-9.06547734979211,-104.308576964375,-2.31024674178039,-3.31203094398583,16.4004716057075,115.147913251511,980,1428,1428,1363,1398,14.6799999999998,734,50,1,0,0.882440020778629,-0.882440020778629,1.02403939999099,-1.00950724780428
14.68,-9.2,0,13,117.455668398955,-95.3466995181892,-115.100089215538,16.3824578327902,-0.944803521346159,-0.662712235111244,-0.613288714418634,3.94339013519434,-14.0756797966202,-25.0842761497055,-9.11329680795996,-104.599334774133,-2.31649749901529,-3.29799514340908,16.4230559228075,115.100089215538,980,1428,1428,1362,1400,14.6999999999998,735,50,1,0,0.985845574669905,-0.985845574669905,1.02403939999099,-0.858847870180114
14.7,0,0,13,117.351146422093,-95.6545940165291,-115.052010455325,16.4053067112077,-0.94097990905629,-0.665374499878804,-0.403577255070693,3.9811668271797,-14.2242150761933,-25.0477729038089,-9.16139495350959,-104.892942949467,-2.32255744035324,-3.28009862939674,16.4457366725584,115.052010455325,980,1428,1428,1362,1400,14.6999999999998,735,50,1,0,1.03260656759934,-1.03260656759934,1.02403939999099,-0.773651130144403
14.72,0,0,13,117.244986415739,-95.9623749597996,-115.003684290908,16.4283200244208,-0.935972706573345,-0.668002237068557,-0.231520366285277,4.01878054193798,-14.3929506985304,-25.0066368560567,-9.20996243541058,-105.189874182339,-2.32845697092638,-3.25810795722708,16.4685145268469,115.003684290908,980,1451,1451,1361,1402,14.7399999999998,737,50,1,0,1.0772172740682,-1.0772172740682,1.02403939999099,-0.69237212976962
14.74,0,0,13,117.137189040283,-96.2700374535728,-114.955117788698,16.4514973113568,-0.929662959147357,-0.67059549960216,0.107956052057628,4.05608850529206,-14.5751083417272,-24.9606530952598,-9.25910870181007,-105.490424233721,-2.3341968400393,-3.23162794655876,16.4913836692764,114.955117788698,980,1468,1468,1361,1402,14.7599999999998,738,50,1,0,1.61949071590276,-1.61949071590276,1.02403939999099,-0.658442564753688
14.76,0,0,13,117.027757469315,-96.5775774614623,-114.906319447931,16.4748371375441,-0.921819948496661,-0.673016440161332,1.11055775711574,4.09067248657011,-14.7933203088627,-24.9004626039191,-9.30898917932132,-105.794990947333,-2.339299154118,-3.19987983722194,16.5143259582332,114.906319447931,980,1479,1479,1360,1402,14.7799999999998,739,50,1,0,2.41205450594278,-2.41205450594278,1.02403939999099,-0.639281924517351
14.78,0,0,13,116.916697242132,-96.8849918737393,-114.857299723653,16.4983442956934,-0.912186373269246,-0.675180229177495,2.67776737796563,4.0894845786293,-15.0853854031446,-24.8130138828877,-9.3601628225934,-106.104514592039,-2.34347169647689,-3.16199563399136,16.5373310065648,114.857299723653,980,1479,1479,1360,1402,14.7799999999998,739,50,1,0,3.01301833542468,-3.01301833542468,1.06153744489425,-0.630617297435938
14.8,0,0,13,116.804013994923,-97.1922779775704,-114.808071613858,16.5220195880321,-0.900321727575184,-0.677447757960385,4.51929181012284,3.99185309156807,-15.4760236470825,-24.68978832701,-9.41457346602465,-106.419996473806,-2.34796762667087,-3.1164766048026,16.5603938946278,114.808071613858,980,1494,1494,1359,1401,14.8199999999998,741,50,1,0,3.87147267706269,-3.87147267706269,1.11367754412321,-0.622351109932727
14.82,0,0,13,116.689714487954,-97.4994334589154,-114.758647696376,16.5458794227956,-0.88563026663097,-0.680032241477263,6.40233134988403,3.84718850933648,-15.9731713809494,-24.5274459124324,-9.47416838174093,-106.742797325331,-2.35352016769199,-3.06129507857376,16.5835132192281,114.758647696376,980,1499,1499,1358,1400,14.8399999999998,742,50,1,0,4.43546340915835,-4.43546340915835,1.13544320165553,-0.618900425930329
14.84,0,0,13,116.573807124372,-97.8064564579791,-114.709038597996,16.5699491219021,-0.867481952854932,-0.682996628683535,8.1060137932043,3.68751741485369,-16.5707370297374,-24.3269602436977,-9.54009339957727,-107.074681984556,-2.36033823813456,-2.99431615871031,16.6066921220256,114.709038597996,980,1503,1503,1358,1399,14.8599999999998,743,50,1,0,4.77985984896015,-4.77985984896015,1.14773466290144,-0.616951762140854
14.86,0,0,13,116.45630117703,-98.1133454234239,-114.659253196743,16.5942506220361,-0.845273021455502,-0.686360188842943,9.5284598161813,3.53069797509001,-17.2490965825412,-24.093350237512,-9.6129274938014,-107.417397231766,-2.36847932586133,-2.91350839475827,16.6299347712664,114.659253196743,980,1505,1505,1357,1397,14.8799999999998,744,50,1,0,5.18375899471218,-5.18375899471218,1.15467587381296,-0.615851316385236
14.88,0,0,13,116.337207647519,-98.4200994926802,-114.609299465619,16.6187939092131,-0.818462785088099,-0.690073390637924,10.7871449298128,3.38560166510868,-17.9921032810732,-23.8301905920444,-9.69284214989254,-107.77245451564,-2.37776533927837,-2.81707122556107,16.6532397332153,114.609299465619,980,1505,1505,1357,1397,14.8799999999998,744,50,1,0,5.39820086587222,-5.39820086587222,1.15781475661124,-0.615353684156974
14.9,0,0,13,116.216538319838,-98.7267182018372,-114.559184428235,16.6435806279306,-0.786684437640234,-0.69408780185884,11.7520730437508,3.25659327300892,-18.7821618455549,-23.5418989175796,-9.77975604343138,-108.141145819764,-2.38802408681536,-2.70381239922618,16.6766125576971,114.559184428235,980,1507,1507,1356,1392,14.9199999999998,746,50,1,0,5.60278170921295,-5.60278170921295,1.16080929907883,-0.614878935357307
14.92,0,0,13,116.094304800602,-99.0332011466611,-114.508914024825,16.6685981726988,-0.749708447926458,-0.698372881868327,12.413375741427,3.14597849941299,-19.5915275550754,-23.2343485963703,-9.87335193959946,-108.524383895211,-2.3991477523759,-2.57301921169822,16.7000584574402,114.508914024825,980,1507,1507,1356,1388,14.9399999999998,747,50,1,0,5.68818309201953,-5.68818309201953,1.16205935780099,-0.727091134339438
14.94,0,0,13,115.970517195672,-99.339547405024,-114.45849271809,16.6938174497048,-0.70755062214068,-0.702892345198862,12.8177481883926,3.05471045952434,-20.3874118524609,-22.9130526783678,-9.97303096372298,-108.92246487105,-2.41101182261646,-2.4248253946924,16.7235829467223,114.45849271809,980,1507,1507,1355,1384,14.9599999999998,748,50,1,0,5.73641080053493,-5.73641080053493,1.16276528861497,-0.811772753762172
14.96,0,0,13,115.845185201577,-99.6457559567682,-114.407924189444,16.7191974098033,-0.660279006932671,-0.707599038842381,13.0256608607891,2.98277022507312,-21.1520287145225,-22.582472077366,-10.0780342773954,-109.335263162751,-2.42345711873603,-2.25954432425903,16.7471856380331,114.407924189444,980,1506,1506,1355,1379,14.9799999999998,749,50,1,0,5.76364586151648,-5.76364586151648,1.16316394053851,-1.00947450658803
14.98,0,0,13,115.718317069592,-99.951825204425,-114.357211071836,16.7446867245632,-0.608208461366969,-0.712437923459576,13.0929654640324,2.92948762790485,-21.8609734746994,-22.2459865830849,-10.187445407772,-109.762172382165,-2.43630007584584,-2.07833135181066,16.7708681597294,114.357211071836,980,1505,1505,1355,1374,14.9999999999998,750,50,1,0,5.77902599400675,-5.77902599400675,1.1633890665041,-1.14953807869106
15,0,0,13,115.589920741224,-100.257753442795,-114.306355659591,16.7702291484396,-0.551626389806734,-0.717351006719213,13.0658108727284,2.89370647743053,-22.5072090026407,-21.9059911051078,-10.3003056728848,-110.202342251941,-2.44934904005705,-1.88224192652249,16.7946262188816,114.306355659591,980,1504,1504,1354,1369,15.0199999999998,751,50,1,0,5.78771143354289,-5.78771143354289,1.16351619921661,-1.41598515076188
15.02,0,0,13,115.46000242381,-100.563538227087,-114.255359706596,16.7957611168502,-0.49105236730357,-0.722366210469488,12.9791996481391,2.84346364060929,-23.0719805132875,-21.5641681528349,-10.4157188494176,-110.654509084394,-2.4627073162615,-1.67311573860223,16.8184582189854,114.255359706596,980,1502,1502,1354,1363,15.0399999999998,752,50,1,0,5.79261625864655,-5.79261625864655,1.21468362100083,-1.60197490282815
15.04,0,0,13,115.328567584085,-100.869176990639,-114.204226274882,16.8212053361371,-0.426895330645621,-0.727878498621454,12.8591349824638,2.7172060166424,-23.5568515808346,-21.2216916614405,-10.534014066856,-111.116833370783,-2.47772766339392,-1.45240480226335,16.842357189318,114.204226274882,980,1502,1502,1354,1363,15.0399999999998,752,50,1,0,5.79483426806056,-5.79483426806056,1.24557980211835,-1.83732338442506
15.06,0,0,13,115.19562077293,-101.174666392689,-114.152956103783,16.846499343714,-0.359825887181433,-0.734034585132479,12.7235288202859,2.56583516285429,-23.9426006689418,-20.8793567286507,-10.6553748252522,-111.587282539474,-2.4949099423597,-1.22244012503614,16.8663221118006,114.152956103783,980,1499,1499,1354,1350,15.0799999999998,754,50,1,0,5.79695028315595,-5.79695028315595,1.27505523410761,-2.24027093332598
15.08,0,0,13,115.061166455682,-101.4800024808,-114.101546413454,16.8715984342139,-0.290435528033028,-0.740757219282711,12.5871554774238,2.42082813192938,-24.228132470737,-20.5376134009843,-10.7791525530109,-112.06396419301,-2.51398953090996,-0.985269730304617,16.8903495457978,114.101546413454,980,1497,1497,1354,1344,15.0999999999998,755,50,1,0,5.79783360444955,-5.79783360444955,1.28735962492739,-2.57749339041641
15.1,0,0,13,114.925209522927,-101.78518110484,-114.049992161589,16.8964715535724,-0.219348521561058,-0.747880086599151,12.3985611359637,2.29764941295555,-24.4120069565454,-20.1969660068042,-10.9043023498859,-112.545110841302,-2.53440024742684,-0.743039604879746,16.9144373054064,114.049992161589,980,1495,1495,1354,1337,15.1199999999998,756,50,1,0,5.65722248780433,-5.65722248780433,1.29430813740359,-2.9052049872244
15.12,0,0,13,114.787754387256,-102.090197656429,-113.998286666703,16.9210992115207,-0.147192099062,-0.755218838042322,12.0721568182404,2.2035530747612,-24.487913492196,-19.8601357896361,-11.0295982120804,-113.028948581161,-2.55551687215202,-0.497892404631318,16.9385837522942,113.998286666703,980,1495,1495,1354,1337,15.1199999999998,756,50,1,0,5.57221225426397,-5.57221225426397,1.29745032204012,-3.16671143740478
15.14,0,0,13,114.648805271126,-102.395047292257,-113.946422579402,16.9454686408827,-0.0746011967063415,-0.762587467147912,11.7422758517144,2.14017941773971,-24.4496851709352,-19.5288372119853,-11.1537319449091,-113.513550378269,-2.57671145526479,-0.251983855318597,16.9627831573342,113.946422579402,980,1491,1491,1354,1323,15.1599999999998,758,50,1,0,5.49111118395433,-5.49111118395433,1.3004480145122,-3.58934511891197
15.16,0,0,13,114.508366268105,-102.699725042611,-113.89439262654,16.9695776676487,-0.00227042770927315,-0.769821928526684,11.4094017972395,2.10569593344928,-24.2983440315552,-19.2031322309718,-11.2754274254035,-113.996919767489,-2.59743220206645,-0.00765795573446007,16.9870302635524,113.89439262654,980,1488,1488,1355,1317,15.1799999999998,759,50,1,0,5.32065131336235,-5.32065131336235,1.30169938819003,-3.94109685172395
15.18,0,0,13,114.366440451957,-103.004225457018,-113.842189841147,16.9934351934174,0.0691035844126168,-0.776792008621981,11.0007349468305,2.09752597693119,-24.0318865305556,-18.8846985826803,-11.3934916283892,-114.477015610798,-2.61724263254446,0.23274822522689,17.0113203721203,113.842189841147,980,1486,1486,1355,1310,15.1999999999998,760,50,1,0,5.19848888262099,-5.19848888262099,1.3024060615833,-4.27701339383154
15.2,0,0,13,114.223030697155,-103.308543065021,-113.789808315854,17.0170574129078,0.138886605572013,-0.783398388642944,10.6418340359259,2.11198751987493,-23.6525718802567,-18.5741851697543,-11.5068294767227,-114.951736634632,-2.6358113315067,0.467120785219983,17.0356463193721,113.789808315854,980,1486,1486,1355,1310,15.1999999999998,760,50,1,0,5.14324584832377,-5.14324584832377,1.30272562613571,-4.54223019973948
15.22,0,0,13,114.078139790014,-103.612672463557,-113.737243547224,17.0404700786741,0.206398747053994,-0.789577292437411,10.3100323119484,2.14475170602652,-23.1662594298471,-18.2708447801821,-11.6144805673308,-115.419016933328,-2.65292635499871,0.693204251620122,17.0600015605423,113.737243547224,980,1482,1482,1355,1298,15.2399999999998,762,50,1,0,4.93117113193872,-4.93117113193872,1.30303049563382,-4.9496685542113
15.24,0,0,13,113.931769557599,-103.916607903921,-113.684492292185,17.0637083064505,0.270996037524129,-0.795286682883122,9.90515858523812,2.19255363174874,-22.5742859040471,-17.9761712494431,-11.7156174085621,-115.876837429343,-2.66844810372593,0.908875818296162,17.0843806129445,113.684492292185,980,1480,1480,1355,1294,15.2599999999998,763,50,1,0,4.78895292581603,-4.78895292581603,1.30315776207915,-5.27820625534475
15.26,0,0,13,113.783921793337,-104.22034379652,-113.631553018368,17.0868121337696,0.332144783162663,-0.80050893721574,9.56599491301573,2.25194119739733,-21.8845958700139,-17.6906573524533,-11.8095200148924,-116.323170922349,-2.68231842996008,1.11239329342904,17.1087779695185,113.631553018368,980,1477,1477,1355,1289,15.2799999999998,764,50,1,0,4.70863972753911,-4.70863972753911,1.30322963174715,-5.48660093285832
15.28,0,0,13,113.634599978065,-104.523875727222,-113.578426545229,17.1098259433611,0.389387045776838,-0.805254996143682,9.27093563765905,2.31929348533868,-21.1149558109181,-17.4131710754739,-11.8956651202358,-116.756304016476,-2.69457403606511,1.30227676791167,17.1331900617586,113.578426545229,980,1477,1477,1355,1289,15.2799999999998,764,50,1,0,4.5553614339282,-4.5553614339282,1.30326213190706,-5.72258238223546
15.3,0,0,13,113.483806074194,-104.827198617436,-113.525114824335,17.1327976714545,0.442106600184215,-0.809536744367285,8.91513250177589,2.39231756578627,-20.2572968427724,-17.1448939831794,-11.9736067599806,-117.174507042431,-2.70525381569202,1.47652539898238,17.1576095082445,113.525114824335,980,1473,1473,1355,1282,15.3199999999998,766,50,1,0,4.35808329996063,-4.35808329996063,1.30329313755949,-6.00957758635999
15.32,0,0,13,113.33154267292,-105.130307978843,-113.471621633767,17.1557767315856,0.489957082089195,-0.813382217410852,8.63434291050745,2.46869931537154,-19.326241421151,-16.8860321088363,-12.0429994814795,-117.576147297831,-2.71444987366983,1.63404852602563,17.1820349155128,113.471621633767,980,1471,1471,1355,1279,15.3399999999998,767,50,1,0,4.27573040140369,-4.27573040140369,1.30330608073417,-6.27960442366973
15.34,0,0,13,113.17781274743,-105.433199737194,-113.417952374035,17.1788116348448,0.532450678385153,-0.816839665298703,8.41317924906306,2.5461039199399,-18.3267011339574,-16.6352359108797,-12.1035919273429,-117.959711168212,-2.72232110636807,1.77329013967587,17.2064609943241,113.417952374035,980,1469,1469,1354,1279,15.3599999999998,768,50,1,0,4.09261964548123,-4.09261964548123,1.30331338997947,-6.46057601793699
15.36,0,0,13,113.022619871116,-105.735870421267,-113.364113968649,17.2019508152858,0.569344197293651,-0.81994535134322,8.15937979751605,2.62326205351208,-17.2780754490852,-16.3930580779033,-12.1552584323507,-118.323962086528,-2.72898564943668,1.8935155447974,17.2308901408399,113.364113968649,980,1467,1467,1354,1278,15.3799999999998,769,50,1,0,3.96331303053433,-3.96331303053433,1.30331751764275,-6.56277395678836
15.38,0,0,13,112.865969640037,-106.038318046858,-113.310115200587,17.2252342436207,0.600502926087279,-0.822744567303141,7.983679437273,2.69894259800382,-16.1953154299914,-16.1592529196974,-12.1979960223653,-118.667976802303,-2.73459225838363,1.99435443603447,17.2553240228884,113.310115200587,980,1465,1465,1354,1278,15.3999999999998,770,50,1,0,3.89029124177833,-3.89029124177833,1.30331984860901,-6.62048698488956
15.4,0,0,13,112.707869291604,-106.340541878479,-113.255966404597,17.2486946312483,0.62579871870953,-0.825294388775689,7.85763560327837,2.77196870334961,-15.0934250219597,-15.9323458931021,-12.2319074568828,-118.991133878443,-2.73932907681853,2.07546066565666,17.2797627688154,113.255966404597,980,1463,1463,1354,1279,15.4199999999998,771,50,1,0,3.71244993265892,-3.71244993265892,1.3033211649479,-6.65307857773425
15.42,0,0,13,112.548326434039,-106.64254164735,-113.201678849454,17.272357869397,0.645143183501654,-0.827627189841733,7.68238448829512,2.84204635350577,-13.97804836979,-15.7129752308343,-12.2571648238824,-119.29302738783,-2.74330256307,2.13662224940089,17.304205351911,113.201678849454,980,1462,1462,1353,1281,15.4399999999998,772,50,1,0,3.58611906981465,-3.58611906981465,1.30332190830832,-6.67148364083875
15.44,0,0,13,112.38734943912,-106.944317770692,-113.147264739051,17.2962415185984,0.658521641346517,-0.829780543791669,7.56947141146786,2.90883101117221,-12.8546141488283,-15.5010694338156,-12.2739661094523,-119.573336611071,-2.74663712113122,2.17787277974175,17.3286513373852,113.147264739051,980,1460,1460,1353,1285,15.4599999999998,773,50,1,0,3.51477774219761,-3.51477774219761,1.30332232809742,-6.68187731351056
15.46,0,0,13,112.224947748635,-107.245871524707,-113.092737177223,17.3203553971227,0.665928339437208,-0.831804766851085,7.55476052310554,2.97187545583869,-11.7330330156003,-15.2950120875951,-12.282550983522,-119.831904757554,-2.74949978449336,2.19927591635027,17.3530997463295,113.092737177223,980,1458,1458,1352,1289,15.4799999999998,774,50,1,0,3.47449000164417,-3.47449000164417,1.30332256515993,-6.68774680882254
15.48,0,0,13,112.061131809344,-107.547204998963,-113.038109975975,17.3447018616927,0.667454699987682,-0.833742948895563,7.56127249206802,3.03104037385881,-10.6302402607535,-15.0932296484054,-12.2832149070884,-120.068817396349,-2.75203405391189,2.20121608131919,17.3775517767139,113.038109975975,980,1456,1456,1352,1293,15.4999999999998,775,50,1,0,3.29236677246684,-3.29236677246684,1.30332269903343,-6.54083948096719
15.5,0,0,13,111.895914017359,-107.848321769071,-112.983397815701,17.3692736320737,0.663398550596946,-0.835598915992575,7.46140391540818,3.08681640057399,-9.5620860553066,-14.8970934666119,-12.2763519717555,-120.28458761166,-2.75425495712199,2.18475608729407,17.402011081803,112.983397815701,980,1455,1455,1351,1298,15.5199999999998,776,50,1,0,3.15930105631172,-3.15930105631172,1.30332277463422,-6.42939570486153
15.52,0,0,13,111.729307786982,-108.149226233195,-112.92861590471,17.3940534745329,0.654005007715023,-0.837384207914924,7.38820411468476,3.13944345429126,-8.52855923598309,-14.7072390017448,-12.2623503553146,-120.479770564094,-2.75620438981587,2.15078083763792,17.426475006056,112.92861590471,980,1453,1453,1350,1304,15.5399999999998,777,50,1,0,3.08415643498097,-3.08415643498097,1.30332281732736,-6.17331889290603
15.54,0,0,13,111.561329307979,-108.449924790103,-112.873780464061,17.4190174098251,0.639752073356601,-0.83912900729608,7.39017741319326,3.1888886089434,-7.55691693506329,-14.5223495984096,-12.2416717737096,-120.655276656632,-2.75798628285172,2.10093509460363,17.4509480467406,112.873780464061,980,1453,1453,1350,1304,15.5399999999998,777,50,1,0,3.05017530945626,-3.05017530945626,1.30332283663361,-5.9396982895925
15.56,0,0,13,111.391996949589,-108.750425429506,-112.818908428035,17.4441317348476,0.621067469867283,-0.840859079238972,7.40358432984445,3.23522856510313,-6.65876066265305,-14.3409292143338,-12.2148533374149,-120.812397399909,-2.75969105413888,2.03669087722585,17.4754256250308,112.818908428035,980,1450,1450,1349,1319,15.5799999999998,779,50,1,0,2.88115221134662,-2.88115221134662,1.30332285505207,-5.52831534935662
15.58,0,0,13,111.221329558263,-109.050736571018,-112.764016830862,17.4693590798712,0.598432856235728,-0.842568940653702,7.31776850044617,3.27886915139727,-5.83698720840385,-14.1640661457488,-12.1824500920891,-120.952592612934,-2.7613069490272,1.95968892768711,17.4999014558556,112.764016830862,980,1448,1448,1349,1327,15.5999999999998,780,50,1,0,2.76457550716322,-2.76457550716322,1.30332286274077,-5.17494880419959
15.6,0,0,13,111.049346700296,-109.350867185805,-112.7091228684,17.4946593161296,0.57235848569618,-0.844261992911446,7.24714789822303,3.32003099669508,-5.09144682940652,-13.9922246530449,-12.1449928305342,-121.077318815893,-2.76285176263104,1.87165428863596,17.5243680952057,112.7091228684,980,1447,1447,1348,1335,15.6199999999998,781,50,1,0,2.69874252970692,-2.69874252970692,1.30332286708272,-4.80065022136289
15.62,0,0,13,110.876068912655,-109.650826978062,-112.654244175356,17.5199872522095,0.54335572231182,-0.846049669007243,7.2322234822033,3.32560285850995,-4.42900708679531,-13.824273769758,-12.1031682076349,-121.188078772926,-2.76469647608362,1.77430567132256,17.5488173049063,112.654244175356,980,1447,1447,1348,1335,15.6199999999998,781,50,1,0,2.66897221972343,-2.66897221972343,1.34082091394946,-4.49863836499404
15.64,0,0,13,110.701517038708,-109.950626157854,-112.599399801459,17.5452790956419,0.511931550170869,-0.848444243953038,7.19827719532164,3.2310566552346,-3.85547545898641,-13.659145752276,-12.0590235060003,-121.286182078352,-2.76851880568255,1.66933747518189,17.5732396014829,112.599399801459,980,1444,1444,1347,1353,15.6599999999998,783,50,1,0,2.48119887412058,-2.48119887412058,1.3929610150516,-4.01262583071274
15.66,0,0,13,110.525712217821,-110.250274694591,-112.54460617394,17.5704905446673,0.478612638702444,-0.851642758845647,7.02090234293248,3.09449866047905,-3.36742669083352,-13.4987769951207,-12.0144366213939,-121.373022446626,-2.77495820841677,1.55849791008269,17.5976277783928,112.54460617394,980,1442,1442,1346,1362,15.6799999999998,784,50,1,0,2.34912516948202,-2.34912516948202,1.41472667336587,-3.57190029587536
15.68,0,0,13,110.34867740489,-110.54978306782,-112.489875769237,17.5955946114442,0.444005700738441,-0.855590683874138,6.84195771413769,2.95230518450238,-2.96548669191942,-13.3441895326408,-11.9703002828743,-121.450199457707,-2.78383055670286,1.44378482867294,17.6219784987641,112.489875769237,980,1440,1440,1345,1370,15.6999999999998,785,50,1,0,2.27454075503193,-2.27454075503193,1.42701813505336,-3.11887676640517
15.7,0,0,13,110.170437145871,-110.849162345661,-112.435218061678,17.6205736889497,0.408635662899118,-0.860139056301681,6.71446491281974,2.82289580093552,-2.65124838306276,-13.1943885199372,-11.9269814821992,-121.519476442005,-2.79464507064698,1.32691892020776,17.6462868453642,112.435218061678,980,1440,1440,1345,1370,15.6999999999998,785,50,1,0,2.24081296048412,-2.24081296048412,1.43257645306852,-2.77842020833979
15.72,0,0,13,109.991016338628,-111.148423546455,-112.3806401511,17.6454162266533,0.372983895796221,-0.865104324700055,6.57862321049237,2.71457622619663,-2.42536676909269,-13.0481795419025,-11.8845833844259,-121.582697393901,-2.80680088479601,1.20946963742639,17.6705471418114,112.3806401511,980,1437,1437,1344,1388,15.7399999999998,787,50,1,0,2.07203154402284,-2.07203154402284,1.43787917394549,-2.23699577386865
15.74,0,0,13,109.810439298205,-111.447577182552,-112.326147377672,17.6701151406465,0.337553162151248,-0.870293223371616,6.32656161757293,2.63006246498612,-2.28290701669454,-12.9069512440073,-11.8430857328394,-121.6417035371,-2.81966851525631,1.09306660607023,17.6947540676786,112.326147377672,980,1436,1436,1344,1397,15.7599999999998,788,50,1,0,1.95555572879186,-1.95555572879186,1.44009277170047,-1.78556246056191
15.76,0,0,13,109.628730272587,-111.746633732368,-112.271744227188,17.6946655583063,0.302867484963831,-0.875547876676349,6.07919400776428,2.56888108455595,-2.21954170619119,-12.7713905169405,-11.8024090642388,-121.698218718157,-2.83273606752171,0.979398913334201,17.7189023931538,112.271744227188,980,1434,1434,1343,1405,15.7799999999998,789,50,1,0,1.8897797251553,-1.8897797251553,1.44134283046754,-1.33004428073483
15.78,0,0,13,109.445913539214,-112.045603788288,-112.217434941302,17.7190645890723,0.269392309246378,-0.880752574741576,5.88041325233577,2.52890725000742,-2.23538801607966,-12.6405156563701,-11.7624819064825,-121.753930521446,-2.84563025327553,0.869957038923555,17.7429858599367,112.217434941302,980,1434,1434,1343,1405,15.7799999999998,789,50,1,0,1.86003517928487,-1.86003517928487,1.44190811914855,-0.988459617617937
15.8,0,0,13,109.262012548254,-112.34449757138,-112.163223929693,17.743306399328,0.237522275816758,-0.88591770293578,5.66711313593619,2.47333513321471,-2.3271722615682,-12.5132875381958,-11.7234266738417,-121.810456541796,-2.8583865175167,0.765994906714648,17.7669971854649,112.163223929693,980,1431,1431,1342,1423,15.8199999999998,791,50,1,0,1.69505384332674,-1.69505384332674,1.49354304088231,-0.494432445687591
15.82,0,0,13,109.077048211421,-112.643324039793,-112.109116859733,17.7673672578772,0.207596269805702,-0.891490694513936,5.33129784891027,2.33317352500618,-2.48181510881101,-12.3913907820555,-11.6867625334505,-121.868919623974,-2.87244884877351,0.668580002341121,17.7909300247606,112.109116859733,980,1429,1429,1341,1434,15.8399999999998,792,50,1,0,1.58016435516552,-1.58016435516552,1.53231068335065,-0.102162830576647
15.84,0,0,13,108.891040946152,-112.942091586619,-112.055117319671,17.7912420079072,0.179995336750065,-0.897652321155857,4.99780106834438,2.16497631755762,-2.69329841558144,-12.2757661627256,-11.6538474078399,-121.930263911209,-2.88839380170701,0.578909604363189,17.8147823504765,112.055117319671,980,1428,1428,1341,1443,15.8599999999998,793,50,1,0,1.51528417917268,-1.51528417917268,1.55420347360004,0.292526110489669
15.86,0,0,13,108.704011732608,-113.240808513201,-112.001225386116,17.814942285287,0.155033485548863,-0.904333023022536,4.71319425199651,2.00325032060278,-2.96045160296859,-12.1655755293126,-11.6250886172278,-121.995594924784,-2.90598910939767,0.49795942227473,17.8385543760216,112.001225386116,980,1428,1428,1341,1443,15.8599999999998,793,50,1,0,1.48594473523864,-1.48594473523864,1.56410360537762,0.580514922930827
15.88,0,0,13,108.515981075967,-113.539482566254,-111.947438441732,17.8384871765259,0.132950776579834,-0.911361589118063,4.41566136857271,1.86445587759125,-3.27961338755075,-12.0598529092518,-11.6003950836426,-122.066077859917,-2.92467694282808,0.426463062908796,17.8622473558674,111.947438441732,980,1425,1425,1340,1460,15.8999999999997,795,50,1,0,1.32134987275854,-1.32134987275854,1.57354848336383,1.01251004225555
15.9,0,0,13,108.326967786759,-113.838120316216,-111.893751926377,17.8618982124671,0.113959368113758,-0.91853887469664,3.99774665875732,1.75507832361752,-3.6392868549529,-11.9602619209812,-11.5794271599006,-122.14278520489,-2.94381269808363,0.365061214860678,17.8858633606109,111.893751926377,980,1424,1424,1339,1467,15.9199999999997,796,50,1,0,1.20662171626897,-1.20662171626897,1.57749120657921,1.33883359746171
15.92,0,0,13,108.136989362769,-114.136727570504,-111.840160360219,17.8851956121733,0.0982468558787466,-0.925686676306302,3.58648212234339,1.6760181935595,-4.02850407900405,-11.8677031543629,-11.561723386472,-122.226545658023,-2.9628222942216,0.314312986737958,17.9094045225709,111.840160360219,980,1422,1422,1339,1473,15.9399999999997,797,50,1,0,1.14183264719476,-1.14183264719476,1.579717733829,1.63582080962781
15.94,0,0,13,107.94606210113,-114.435309557513,-111.78665810203,17.9083970210155,0.0859070434966156,-0.932662858352192,3.23001863817316,1.62518455727228,-4.44210973045816,-11.7813254847013,-11.5468042312997,-122.318029136307,-2.98125014338431,0.274475257067104,17.9328727171579,111.78665810203,980,1421,1421,1339,1477,15.9599999999997,798,50,1,0,1.10524508578054,-1.10524508578054,1.58097509411609,1.90049878627301
15.96,0,0,13,107.754200518119,-114.73387059836,-111.733239739484,17.9315168845521,0.0769369271484725,-0.939361218958717,2.86686320400761,1.59912428813055,-4.87210212219665,-11.7001611482212,-11.5342232311115,-122.417786924545,-2.9987580265037,0.245495017055921,17.9562695616717,111.733239739484,980,1420,1420,1339,1481,15.9799999999997,799,50,1,0,0.947978845102385,-0.947978845102385,1.58168514825611,2.06502177674484
15.98,0,0,13,107.561415600737,-115.032412939628,-111.679900034173,17.9545665198724,0.0712320812773701,-0.945707008084587,2.39031442810828,1.59411593071196,-5.30001292504486,-11.6259228750002,-11.5235436117761,-122.526044355398,-3.01511004233201,0.226996655478881,17.979596621478,111.679900034173,980,1419,1419,1339,1484,15.9999999999997,800,50,1,0,0.833267096268437,-0.833267096268437,1.58208612869659,2.2637979379812
16,0,0,13,107.367716989945,-115.330938257745,-111.626634714147,17.9775524469095,0.0688046905020726,-0.951658148901768,1.93037784011853,1.60636763163634,-5.72294768090592,-11.5594958201772,-11.5143703322763,-122.642826155267,-3.03017610326352,0.218977935862454,18.0028547541546,111.626634714147,980,1418,1418,1339,1487,16.0199999999997,801,50,1,0,0.768487292894704,-0.768487292894704,1.58231256961789,2.39612315920643
