sim_time_s,json_timestamp_s,gyro_x_rad_s,gyro_y_rad_s,gyro_z_rad_s,accel_x_m_s2,accel_y_m_s2,accel_z_m_s2,position_n_m,position_e_m,position_d_m,roll_rad,pitch_rad,yaw_rad,velocity_n_m_s,velocity_e_m_s,velocity_d_m_s,wind_n_m_s,wind_e_m_s,wind_d_m_s,airspeed_m_s,no_time_sync,no_lockstep
0,0.02,0,0,0,0.0672955656,-0,-9.8064191,0,0,0,0,0.00686229179,0,13,0,0,0,0,0,13,0,0
0.02,0.04,0,9.59118457e-05,0,0.0673182693,0,-9.83404004,0.259999976,0,-5.4791556e-06,0,0.00686278119,0,12.9999966,0,-0.000533834062,0,0,0,12.9999966,0,0
0.04,0.06,0,0.000463625485,0,-0.221822713,0,-9.82788957,0.519942043,0,-1.98982737e-05,0,0.00686808033,0,12.9942103,0,-0.000871919833,0,0,0,12.9942103,0,0
0.06,0.08,0,0.000954577207,0,-0.221648523,0,-9.81888146,0.7797684,0,-3.90648037e-05,0,0.00688216866,0,12.9884259,0,-0.00101648769,0,0,0,12.9884259,0,0
0.08,0.1,0,0.0014712154,0,-0.22128771,0,-9.81147461,1.0394791,0,-5.95578354e-05,0,0.00690644621,0,12.982645,0,-0.00101105574,0,0,0,12.9826451,0,0
0.1,0.12,0,0.00195951733,0,-0.22076649,0,-9.80551952,1.29907423,0,-7.87432008e-05,0,0.00694083471,0,12.9768686,0,-0.00089096218,0,0,0,12.9768687,0,0
0.12,0.14,0,0.00239077836,0,-0.220112093,0,-9.80081345,1.55855388,0,-9.46211543e-05,0,0.00698445009,0,12.9710974,0,-0.000684473806,0,0,0,12.9710974,0,0
0.14,0.16,0,0.00275113104,0,-0.219350556,0,-9.7971397,1.81791816,0,-0.000105694822,0,0.00703599499,0,12.9653319,0,-0.000413758456,0,0,0,12.9653319,0,0
0.16,0.18,0,0.00303545781,0,-0.218505641,0,-9.79428859,2.0771672,0,-0.000110857041,0,0.00709398949,0,12.9595722,0,-9.57533827e-05,0,0,0,12.9595722,0,0
0.18,0.2,0,0.00324381189,0,-0.217598382,0,-9.79206806,2.33630109,0,-0.000109293678,0,0.00715690736,0,12.9538187,0,0.000257053764,0,0,0,12.9538187,0,0
0.2,0.22,0,0.00337927963,0,-0.216646977,0,-9.79030837,2.59531999,0,-0.000100401786,0,0.00722325636,0,12.9480715,0,0.000635922312,0,0,0,12.9480715,0,0
0.22,0.24,0,0.00344667931,0,-0.21566687,0,-9.78886345,2.854224,0,-8.37210701e-05,0,0.00729162494,0,12.9423307,0,0.00103522887,0,0,0,12.9423307,0,0
0.24,0.26,0,0.00345175233,0,-0.214670933,0,-9.78761041,3.11301326,0,-5.88772645e-05,0,0.00736070815,0,12.9365964,0,0.00145190657,0,0,0,12.9365965,0,0
0.26,0.28,0,0.0034006497,0,-0.213669693,0,-9.78644808,3.3716879,0,-2.55360567e-05,0,0.00742932063,0,12.930869,0,0.00188494968,0,0,0,12.9308691,0,0
0.28,0.3,0,0.00329960032,0,-0.212671589,0,-9.78529498,3.63024806,0,1.66336969e-05,0,0.00749640126,0,12.9251485,0,0.00233497982,0,0,0,12.9251488,0,0
0.3,0.32,0,0.00315469451,0,-0.211683214,0,-9.78408715,3.88869389,0,6.79886659e-05,0,0.00756101237,0,12.9194354,0,0.00280386991,0,0,0,12.9194357,0,0
0.32,0.34,0,0.00297174319,0,-0.210709567,0,-9.78277596,4.14702553,0,0.00012893276,0,0.00762233551,0,12.91373,0,0.00329442155,0,0,0,12.9137304,0,0
0.34,0.36,0,0.00275618845,0,-0.209754277,0,-9.78132596,4.40524314,0,0.00019993289,0,0.00767966485,0,12.9080326,0,0.00381009142,0,0,0,12.9080332,0,0
0.36,0.38,0,0.00251305022,0,-0.208819818,0,-9.77971285,4.66334689,0,0.000281529705,0,0.00773239926,0,12.9023439,0,0.00435476225,0,0,0,12.9023446,0,0
0.38,0.4,0,0.00224689879,0,-0.207907704,0,-9.77792167,4.92133696,0,0.000374344166,0,0.00778003355,0,12.8966644,0,0.00493255372,0,0,0,12.8966654,0,0
0.4,0.42,0,0.00196184618,0,-0.207018661,0,-9.77594513,5.17921353,0,0.000479080689,0,0.00782214931,0,12.8909948,0,0.00554766901,0,0,0,12.890996,0,0
0.42,0.44,0,0.00166155147,0,-0.206152784,0,-9.77378211,5.43697682,0,0.000596527546,0,0.00785840588,0,12.8853357,0,0.00620427256,0,0,0,12.8853372,0,0
0.44,0.46,0,0.00134923609,0,-0.205309673,0,-9.77143639,5.69462704,0,0.000727555098,0,0.00788853133,0,12.879688,0,0.00690639513,0,0,0,12.8796899,0,0
0.46,0.48,0,0.00102770628,0,-0.204488552,0,-9.76891548,5.95216442,0,0.000873112373,0,0.00791231398,0,12.8740525,0,0.00765786231,0,0,0,12.8740548,0,0
0.48,0.5,0,0.0006993805,0,-0.203688369,0,-9.76622966,6.20958923,0,0.00103422241,0,0.00792959435,0,12.8684301,0,0.00846224302,0,0,0,12.8684328,0,0
0.5,0.52,0,0.00036631978,0,-0.202907883,0,-9.76339119,6.46690172,0,0.00121197677,0,0.00794025771,0,12.8628216,0,0.00932281477,0,0,0,12.862825,0,0
0.52,0.54,0,3.02597966e-05,0,-0.202145735,0,-9.76041357,6.72410219,0,0.00140752945,0,0.00794422721,0,12.8572281,0,0.0102425428,0,0,0,12.8572322,0,0
0.54,0.56,0,-0.000307356592,0,-0.201400509,0,-9.757311,6.98119095,0,0.00162209056,0,0.00794145778,0,12.8516505,0,0.0112240708,0,0,0,12.8516554,0,0
0.56,0.58,0,-0.00064534718,0,-0.200670779,0,-9.75409793,7.23816832,0,0.00185691983,0,0.00793193051,0,12.8460899,0,0.0122697202,0,0,0,12.8460958,0,0
0.58,0.6,0,-0.000982759284,0,-0.199955145,0,-9.75078868,7.49503467,0,0.00211332028,0,0.00791564779,0,12.8405473,0,0.0133814971,0,0,0,12.8405543,0,0
0.6,0.62,0,-0.00131884016,0,-0.199252263,0,-9.74739715,7.75179034,0,0.00239263198,0,0.00789262905,0,12.8350238,0,0.0145611048,0,0,0,12.8350321,0,0
0.62,0.64,0,-0.00165300928,0,-0.198560869,0,-9.74393662,8.00843575,0,0.00269622617,0,0.00786290697,0,12.8295205,0,0.0158099589,0,0,0,12.8295303,0,0
0.64,0.66,0,-0.00198483274,0,-0.197879787,0,-9.74041961,8.26497131,0,0.00302549969,0,0.00782652434,0,12.8240385,0,0.0171292073,0,0,0,12.8240499,0,0
0.66,0.68,0,-0.0023139999,0,-0.197207948,0,-9.73685775,8.52139744,0,0.00338186981,0,0.00778353139,0,12.8185788,0,0.0185197498,0,0,0,12.8185922,0,0
0.68,0.7,0,-0.00264030226,0,-0.196544386,0,-9.73326176,8.77771462,0,0.00376676951,0,0.00773398346,0,12.8131427,0,0.0199822601,0,0,0,12.8131583,0,0
0.7,0.72,0,-0.00296361467,0,-0.195888248,0,-9.7296414,9.03392331,0,0.00418164317,0,0.00767793924,0,12.8077311,0,0.0215172069,0,0,0,12.8077492,0,0
0.72,0.74,0,-0.0032838787,0,-0.195238785,0,-9.72600544,9.29002403,0,0.00462794264,0,0.00761545921,0,12.8023452,0,0.0231248755,0,0,0,12.8023661,0,0
0.74,0.76,0,-0.00360108809,0,-0.194595355,0,-9.72236176,9.5460173,0,0.00510712385,0,0.00754660447,0,12.7969862,0,0.0248053883,0,0,0,12.7970102,0,0
0.76,0.78,0,-0.00391527623,0,-0.193957414,0,-9.71871734,9.80190367,0,0.00562064368,0,0.00747143584,0,12.7916551,0,0.0265587239,0,0,0,12.7916827,0,0
0.78,0.8,0,-0.00422650544,0,-0.193324513,0,-9.71507829,10.0576837,0,0.00616995733,0,0.00739001315,0,12.786353,0,0.0283847359,0,0,0,12.7863845,0,0
0.8,0.82,0,-0.00453485791,0,-0.192696287,0,-9.71144997,10.313358,0,0.00675651595,0,0.0073023948,0,12.7810811,0,0.030283169,0,0,0,12.781117,0,0
0.82,0.84,0,-0.00484042818,0,-0.192072451,0,-9.70783702,10.5689272,0,0.0073817646,0,0.00720863738,0,12.7758404,0,0.0322536749,0,0,0,12.7758811,0,0
0.84,0.86,0,-0.00514331695,0,-0.19145279,0,-9.70424339,10.8243918,0,0.00804714059,0,0.00710879555,0,12.770632,0,0.0342958258,0,0,0,12.770678,0,0
0.86,0.88,0,-0.00544362616,0,-0.190837154,0,-9.70067248,11.0797527,0,0.00875407198,0,0.0070029219,0,12.7654569,0,0.0364091273,0,0,0,12.7655089,0,0
0.88,0.9,0,-0.00574145505,0,-0.190225449,0,-9.69712716,11.3350103,0,0.00950397635,0,0.00689106704,0,12.7603163,0,0.0385930284,0,0,0,12.7603747,0,0
0.9,0.92,0,-0.00603689712,0,-0.189617629,0,-9.69360983,11.5901655,0,0.0102982598,0,0.00677327961,0,12.7552112,0,0.0408469321,0,0,0,12.7552766,0,0
0.92,0.94,0,-0.00633003799,0,-0.18901369,0,-9.69012248,11.845219,0,0.0111383161,0,0.00664960649,0,12.7501426,0,0.043170203,0,0,0,12.7502157,0,0
0.94,0.96,0,-0.0066209538,0,-0.188413666,0,-9.68666679,12.1001715,0,0.0120255259,0,0.00652009292,0,12.7451116,0,0.0455621746,0,0,0,12.7451931,0,0
0.96,0.98,0,-0.00690971024,0,-0.18781762,0,-9.68324411,12.3550237,0,0.0129612565,0,0.00638478273,0,12.7401192,0,0.0480221555,0,0,0,12.7402097,0,0
0.98,1,0,-0.00719636196,0,-0.18722564,0,-9.67985556,12.6097765,0,0.0139468608,0,0.00624371854,0,12.7351664,0,0.0505494343,0,0,0,12.7352667,0,0
1,1.02,0,-0.00748095249,0,-0.186637835,0,-9.67650203,12.8644307,0,0.0149836777,0,0.00609694199,0,12.7302542,0,0.0531432836,0,0,0,12.7303651,0,0
1.02,1.04,0,-0.00776351427,0,-0.186054332,0,-9.67318428,13.118987,0,0.016073031,0,0.00594449397,0,12.7253835,0,0.0558029636,0,0,0,12.7255059,0,0
1.04,1.06,0,-0.00804406909,0,-0.185475267,0,-9.6699029,13.3734463,0,0.0172162301,0,0.0057864148,0,12.7205554,0,0.0585277248,0,0,0,12.7206901,0,0
1.06,1.08,0,-0.00832262856,0,-0.184900789,0,-9.66665837,13.6278095,0,0.0184145688,0,0.0056227445,0,12.7157709,0,0.0613168099,0,0,0,12.7159187,0,0
1.08,1.1,0,-0.00859919477,0,-0.184331053,0,-9.66345111,13.8820774,0,0.0196693262,0,0.00545352294,0,12.7110308,0,0.0641694557,0,0,0,12.7111928,0,0
1.1,1.12,0,-0.00887376105,0,-0.183766218,0,-9.66028146,14.136251,0,0.0209817657,0,0.00527879004,0,12.7063361,0,0.0670848941,0,0,0,12.7065132,0,0
1.12,1.14,0,-0.00914631271,0,-0.183206446,0,-9.65714971,14.3903312,0,0.0223531354,0,0.00509858593,0,12.7016878,0,0.070062353,0,0,0,12.7018811,0,0
1.14,1.16,0,-0.00941682789,0,-0.1826519,0,-9.65405613,14.6443188,0,0.0237846681,0,0.00491295111,0,12.6970868,0,0.0731010565,0,0,0,12.6972972,0,0
1.16,1.18,0,-0.00968527828,0,-0.182102742,0,-9.65100096,14.898215,0,0.0252775808,0,0.00472192658,0,12.6925339,0,0.0762002257,0,0,0,12.6927626,0,0
1.18,1.2,0,-0.00995163,0,-0.181559132,0,-9.64798445,15.1520205,0,0.026833075,0,0.00452555397,0,12.6880301,0,0.0793590786,0,0,0,12.6882783,0,0
1.2,1.22,0,-0.0102158442,0,-0.181021231,0,-9.64500683,15.4057365,0,0.0284523366,0,0.00432387563,0,12.6835763,0,0.0825768299,0,0,0,12.6838451,0,0
1.22,1.24,0,-0.0104778781,0,-0.180489194,0,-9.64206834,15.6593639,0,0.0301365356,0,0.00411693473,0,12.6791732,0,0.0858526909,0,0,0,12.6794639,0,0
1.24,1.26,0,-0.0107376851,0,-0.179963172,0,-9.63916922,15.9129038,0,0.0318868264,0,0.00390477535,0,12.6748219,0,0.0891858692,0,0,0,12.6751356,0,0
1.26,1.28,0,-0.0109952159,0,-0.179443316,0,-9.63630973,16.1663571,0,0.0337043472,0,0.0036874425,0,12.670523,0,0.0925755689,0,0,0,12.6708612,0,0
1.28,1.3,0,-0.0112504188,0,-0.178929769,0,-9.63349015,16.4197251,0,0.0355902206,0,0.00346498223,0,12.6662776,0,0.0960209895,0,0,0,12.6666415,0,0
1.3,1.32,0,-0.0115032402,0,-0.178422672,0,-9.63071075,16.6730086,0,0.0375455529,0,0.00323744163,0,12.6620863,0,0.099521326,0,0,0,12.6624774,0,0
1.32,1.34,0,-0.0117536253,0,-0.177922162,0,-9.62797184,16.9262089,0,0.0395714343,0,0.00300486887,0,12.65795,0,0.103075769,0,0,0,12.6583696,0,0
1.34,1.36,0,-0.012001518,0,-0.177428372,0,-9.62527373,17.179327,0,0.0416689389,0,0.00276731323,0,12.6538695,0,0.106683503,0,0,0,12.6543192,0,0
1.36,1.38,0,-0.0122468619,0,-0.17694143,0,-9.62261674,17.432364,0,0.0438391243,0,0.00252482514,0,12.6498455,0,0.110343708,0,0,0,12.6503268,0,0
1.38,1.4,0,-0.0124895998,0,-0.17646146,0,-9.62000122,17.6853212,0,0.0460830315,0,0.00227745613,0,12.6458789,0,0.114055557,0,0,0,12.6463933,0,0
1.4,1.42,0,-0.0127296749,0,-0.175988584,0,-9.6174275,17.9381996,0,0.0484016853,0,0.0020252589,0,12.6419704,0,0.117818218,0,0,0,12.6425194,0,0
1.42,1.44,0,-0.01296703,0,-0.175522918,0,-9.61489594,18.1910004,0,0.0507960934,0,0.00176828727,0,12.6381208,0,0.121630854,0,0,0,12.6387061,0,0
1.44,1.46,0,-0.0132016087,0,-0.175064577,0,-9.61240691,18.4437248,0,0.053267247,0,0.00150659621,0,12.6343307,0,0.125492618,0,0,0,12.634954,0,0
1.46,1.48,0,-0.0134333547,0,-0.174613671,0,-9.60996077,18.696374,0,0.05581612,0,0.0012402418,0,12.630601,0,0.12940266,0,0,0,12.6312638,0,0
1.48,1.5,0,-0.0136622125,0,-0.174170307,0,-9.6075579,18.9489493,0,0.0584436695,0,0.000969281272,0,12.6269322,0,0.133360122,0,0,0,12.6276365,0,0
1.5,1.52,0,-0.0138881271,0,-0.17373459,0,-9.60519867,19.2014517,0,0.0611508352,0,0.000693772925,0,12.6233252,0,0.137364138,0,0,0,12.6240726,0,0
1.52,1.54,0,-0.0141110445,0,-0.173306621,0,-9.60288346,19.4538827,0,0.0639385396,0,0.000413776169,0,12.6197806,0,0.141413839,0,0,0,12.6205729,0,0
1.54,1.56,0,-0.0143309113,0,-0.172886498,0,-9.60061265,19.7062434,0,0.0668076875,0,0.000129351483,0,12.616299,0,0.145508345,0,0,0,12.617138,0,0
1.56,1.58,0,-0.0145476751,0,-0.172474318,0,-9.5983866,19.9585351,0,0.0697591662,0,-0.000159439597,0,12.6128811,0,0.149646772,0,0,0,12.6137688,0,0
1.58,1.6,0,-0.0147612845,0,-0.172070175,0,-9.59620569,20.210759,0,0.0727938452,0,-0.000452534493,0,12.6095275,0,0.153828228,0,0,0,12.6104658,0,0
1.6,1.62,0,-0.0149716889,0,-0.171674159,0,-9.59407028,20.4629166,0,0.0759125762,0,-0.000749869611,0,12.606239,0,0.158051817,0,0,0,12.6072297,0,0
1.62,1.64,0,-0.0151788387,0,-0.17128636,0,-9.59198073,20.715009,0,0.0791161927,0,-0.00105138035,0,12.603016,0,0.162316633,0,0,0,12.6040612,0,0
1.64,1.66,0,-0.0153826853,0,-0.170906863,0,-9.58993741,20.9670377,0,0.0824055103,0,-0.00135700114,0,12.5998592,0,0.166621765,0,0,0,12.6009609,0,0
1.66,1.68,0,-0.0155831811,0,-0.170535754,0,-9.58794066,21.2190038,0,0.085781326,0,-0.00166666543,0,12.5967692,0,0.170966298,0,0,0,12.5979293,0,0
1.68,1.7,0,-0.0157802793,0,-0.170173114,0,-9.58599081,21.4709089,0,0.0892444187,0,-0.00198030573,0,12.5937465,0,0.175349307,0,0,0,12.5949672,0,0
1.7,1.72,0,-0.0159739343,0,-0.169819024,0,-9.58408821,21.7227542,0,0.0927955486,0,-0.00229785365,0,12.5907917,0,0.179769864,0,0,0,12.592075,0,0
1.72,1.74,0,-0.0161641014,0,-0.169473562,0,-9.58223317,21.974541,0,0.0964354573,0,-0.00261923985,0,12.5879053,0,0.184227034,0,0,0,12.5892533,0,0
1.74,1.76,0,-0.0163507368,0,-0.169136802,0,-9.580426,22.2262708,0,0.100164868,0,-0.00294439416,0,12.5850879,0,0.188719877,0,0,0,12.5865028,0,0
1.76,1.78,0,-0.0165337976,0,-0.168808821,0,-9.57866703,22.477945,0,0.103984484,0,-0.00327324549,0,12.58234,0,0.193247447,0,0,0,12.5838239,0,0
1.78,1.8,0,-0.0167132422,0,-0.168489688,0,-9.57695653,22.7295649,0,0.107894991,0,-0.00360572195,0,12.579662,0,0.197808793,0,0,0,12.5812171,0,0
1.8,1.82,0,-0.0168890294,0,-0.168179474,0,-9.5752948,22.9811319,0,0.111897054,0,-0.0039417508,0,12.5770545,0,0.20240296,0,0,0,12.578683,0,0
1.82,1.84,0,-0.0170611194,0,-0.167878247,0,-9.57368211,23.2326475,0,0.115991322,0,-0.00428125848,0,12.5745179,0,0.207028986,0,0,0,12.5762221,0,0
1.84,1.86,0,-0.0172294732,0,-0.167586071,0,-9.57211872,23.4841131,0,0.12017842,0,-0.00462417067,0,12.5720527,0,0.211685906,0,0,0,12.5738347,0,0
1.86,1.88,0,-0.0173940527,0,-0.167303012,0,-9.57060489,23.7355301,0,0.124458957,0,-0.00497041225,0,12.5696593,0,0.216372749,0,0,0,12.5715215,0,0
1.88,1.9,0,-0.0175548207,0,-0.16702913,0,-9.56914087,23.9869,0,0.128833523,0,-0.00531990737,0,12.5673381,0,0.221088543,0,0,0,12.5692827,0,0
1.9,1.92,0,-0.017711741,0,-0.166764484,0,-9.56772688,24.2382241,0,0.133302686,0,-0.00567257942,0,12.5650896,0,0.225832307,0,0,0,12.5671189,0,0
1.92,1.94,0,-0.0178647783,0,-0.166509132,0,-9.56636315,24.4895041,0,0.137866995,0,-0.00602835112,0,12.5629141,0,0.230603061,0,0,0,12.5650304,0,0
1.94,1.96,0,-0.0180138983,0,-0.166263129,0,-9.56504989,24.7407412,0,0.142526981,0,-0.00638714444,0,12.560812,0,0.235399817,0,0,0,12.5630176,0,0
1.96,1.98,0,-0.0181590675,0,-0.166026527,0,-9.5637873,24.991937,0,0.147283154,0,-0.00674888071,0,12.5587837,0,0.240221587,0,0,0,12.561081,0,0
1.98,2,0,-0.0183002535,0,-0.165799377,0,-9.56257558,25.243093,0,0.152136005,0,-0.00711348059,0,12.5568296,0,0.245067378,0,0,0,12.5592208,0,0
2,2.02,0,-0.0184374248,0,-0.165581729,0,-9.5614149,25.4942107,0,0.157086003,0,-0.00748086409,0,12.5549499,0,0.249936194,0,0,0,12.5574374,0,0
2.02,2.04,0,-0.0185705506,0,-0.165373627,0,-9.56030543,25.7452915,0,0.1621336,0,-0.00785095061,0,12.5531449,0,0.254827036,0,0,0,12.5557311,0,0
2.04,2.06,0,-0.0186996016,0,-0.165175117,0,-9.55924733,25.996337,0,0.167279225,0,-0.00822365895,0,12.551415,0,0.259738902,0,0,0,12.5541023,0,0
2.06,2.08,0,-0.0188245488,0,-0.164986239,0,-9.55824075,26.2473486,0,0.172523289,0,-0.00859890731,0,12.5497605,0,0.264670789,0,0,0,12.5525511,0,0
2.08,2.1,0,-0.0189453647,0,-0.164807033,0,-9.55728583,26.4983279,0,0.177866183,0,-0.00897661336,0,12.5481816,0,0.269621689,0,0,0,12.551078,0,0
2.1,2.12,0,-0.0190620225,0,-0.164637536,0,-9.5563827,26.7492764,0,0.183308277,0,-0.00935669418,0,12.5466786,0,0.274590595,0,0,0,12.549683,0,0
2.12,2.14,0,-0.0191744965,0,-0.164477784,0,-9.55553147,27.0001956,0,0.18884992,0,-0.00973906637,0,12.5452517,0,0.279576495,0,0,0,12.5483666,0,0
2.14,2.16,0,-0.0192827619,0,-0.164327807,0,-9.55473226,27.251087,0,0.194491443,0,-0.010123646,0,12.5439012,0,0.284578377,0,0,0,12.5471288,0,0
2.16,2.18,0,-0.0193867949,0,-0.164187637,0,-9.55398515,27.5019521,0,0.200233155,0,-0.0105103486,0,12.5426272,0,0.289595227,0,0,0,12.54597,0,0
2.18,2.2,0,-0.0194865727,0,-0.164057301,0,-9.55329023,27.7527926,0,0.206075345,0,-0.0108990894,0,12.5414299,0,0.294626029,0,0,0,12.5448902,0,0
2.2,2.22,0,-0.0195820737,0,-0.163936824,0,-9.55264759,28.0036099,0,0.212018282,0,-0.011289783,0,12.5403096,0,0.299669766,0,0,0,12.5438896,0,0
2.22,2.24,0,-0.0196697322,0,0.31489864,0,-9.55866305,28.2545012,0,0.218062411,0,-0.0116823231,0,12.5488417,0,0.304702027,0,0,0,12.5525404,0,0
2.24,2.26,0,-0.0197394463,0,0.306832851,0,-9.57046209,28.5055625,0,0.224204811,0,-0.0120764521,0,12.5572905,0,0.309502209,0,0,0,12.5611041,0,0
2.26,2.28,0,-0.0197832921,0,0.306076745,0,-9.58092159,28.7567933,0,0.230441149,0,-0.012471728,0,12.5658023,0,0.314099735,0,0,0,12.5697274,0,0
2.28,2.3,0,-0.0197955052,0,0.301292795,0,-9.59026395,29.0081942,0,0.236767594,0,-0.0128675724,0,12.5742964,0,0.318516658,0,0,0,12.5783299,0,0
2.3,2.32,0,-0.0197722137,0,0.29647694,0,-9.59859463,29.2597647,0,0.243180746,0,-0.0132633112,0,12.5827722,0,0.322773619,0,0,0,12.5869114,0,0
2.32,2.34,0,-0.019711104,0,0.29536381,0,-9.60611816,29.5115054,0,0.249677588,0,-0.0136582086,0,12.5913033,0,0.326887966,0,0,0,12.5955458,0,0
2.34,2.36,0,-0.0196111193,0,0.290349602,0,-9.61296551,29.7634165,0,0.256255395,0,-0.0140514959,0,12.5998114,0,0.330872276,0,0,0,12.604155,0,0
2.36,2.38,0,-0.0194722813,0,0.285351602,0,-9.61920467,30.0154974,0,0.26291169,0,-0.0144423942,0,12.6082963,0,0.334738639,0,0,0,12.612739,0,0
2.38,2.4,0,-0.0192954691,0,0.28033172,0,-9.62494885,30.2677479,0,0.269644216,0,-0.0148301338,0,12.6167569,0,0.338496761,0,0,0,12.6212968,0,0
2.4,2.42,0,-0.0190822248,0,0.275302308,0,-9.63029737,30.5201673,0,0.276450886,0,-0.0152139699,0,12.6251922,0,0.342154276,0,0,0,12.6298277,0,0
2.42,2.44,0,-0.0188345844,0,0.270273666,0,-9.63533697,30.7727551,0,0.283329751,0,-0.0155931934,0,12.6336014,0,0.345717022,0,0,0,12.6383307,0,0
2.44,2.46,0,-0.0185549333,0,0.265254607,0,-9.6401426,31.0255109,0,0.29027896,0,-0.0159671398,0,12.6419836,0,0.349189293,0,0,0,12.6468052,0,0
2.46,2.48,0,-0.0182458843,0,0.260252575,0,-9.6447782,31.278434,0,0.297296736,0,-0.0163351947,0,12.6503381,0,0.352574074,0,0,0,12.6552504,0,0
2.48,2.5,0,-0.0179101755,0,0.255273766,0,-9.64929762,31.531524,0,0.304381349,0,-0.0166967975,0,12.6586641,0,0.355873259,0,0,0,12.6636654,0,0
2.5,2.52,0,-0.0175505876,0,0.250323253,0,-9.65374552,31.7847802,0,0.311531098,0,-0.0170514426,0,12.6669609,0,0.359087838,0,0,0,12.6720497,0,0
2.52,2.54,0,-0.0171698762,0,0.245405112,0,-9.65815832,32.038202,0,0.318744296,0,-0.0173986802,0,12.6752278,0,0.362218079,0,0,0,12.6804023,0,0
2.54,2.56,0,-0.0167707192,0,0.240522541,0,-9.66256512,32.2917888,0,0.326019253,0,-0.0177381147,0,12.6834641,0,0.365263675,0,0,0,12.6887225,0,0
2.56,2.58,0,-0.0163556771,0,0.235677976,0,-9.66698853,32.5455401,0,0.333354269,0,-0.0180694031,0,12.691669,0,0.36822388,0,0,0,12.6970095,0,0
2.58,2.6,0,-0.0159271362,0,0.234335791,0,-9.67149376,32.7994558,0,0.340747633,0,-0.0183922518,0,12.699911,0,0.371097921,0,0,0,12.7053316,0,0
2.6,2.62,0,-0.0154872681,0,0.229500017,0,-9.67608612,33.053536,0,0.348197585,0,-0.018706413,0,12.7081186,0,0.373882434,0,0,0,12.7136174,0,0
2.62,2.64,0,-0.0150380831,0,0.224748268,0,-9.68072167,33.3077801,0,0.355702321,0,-0.0190116805,0,12.716292,0,0.376576226,0,0,0,12.7218667,0,0
2.64,2.66,0,-0.0145814229,0,0.220037637,0,-9.68540699,33.5621872,0,0.363260016,0,-0.0193078865,0,12.7244303,0,0.379177976,0,0,0,12.7300787,0,0
2.66,2.68,0,-0.0141189566,0,0.215368679,0,-9.69014503,33.8167568,0,0.370868813,0,-0.0195948987,0,12.7325326,0,0.381686327,0,0,0,12.7382523,0,0
2.68,2.7,0,-0.0136521825,0,0.210741335,0,-9.69493636,34.0714881,0,0.378526832,0,-0.0198726161,0,12.740598,0,0.384099932,0,0,0,12.7463865,0,0
2.7,2.72,0,-0.0131824324,0,0.206155343,0,-9.69977961,34.3263803,0,0.386232166,0,-0.0201409662,0,12.7486256,0,0.386417493,0,0,0,12.7544805,0,0
2.72,2.74,0,-0.0127108789,0,0.201610282,0,-9.7046719,34.5814326,0,0.393982879,0,-0.0203999014,0,12.7566145,0,0.388637791,0,0,0,12.7625332,0,0
2.74,2.76,0,-0.0122385447,0,0.19710562,0,-9.70960918,34.8366443,0,0.401777017,0,-0.0206493962,0,12.7645637,0,0.390759706,0,0,0,12.7705435,0,0
2.76,2.78,0,-0.0117663126,0,0.192640741,0,-9.71458657,35.0920147,0,0.4096126,0,-0.0208894439,0,12.7724723,0,0.392782237,0,0,0,12.7785104,0,0
2.78,2.8,0,-0.0112949373,0,0.188214982,0,-9.7195986,35.3475427,0,0.417487633,0,-0.0211200544,0,12.7803393,0,0.394704508,0,0,0,12.7864328,0,0
2.8,2.82,0,-0.0108250571,0,0.183827653,0,-9.72463943,35.6032277,0,0.425400102,0,-0.0213412514,0,12.7881636,0,0.396525775,0,0,0,12.7943097,0,0
2.82,2.84,0,-0.0103571797,0,0.182679521,0,-9.72974794,35.8590694,0,0.433347989,0,-0.0215530701,0,12.7960084,0,0.398245905,0,0,0,12.8022041,0,0
2.84,2.86,0,-0.00989167591,0,0.178303465,0,-9.73491142,36.1150675,0,0.441329242,0,-0.0217555544,0,12.8038072,0,0.399862287,0,0,0,12.8100496,0,0
2.86,2.88,0,-0.00942885122,0,0.173999714,0,-9.74007592,36.3712212,0,0.449341783,0,-0.021948755,0,12.8115599,0,0.401374794,0,0,0,12.8178457,0,0
2.88,2.9,0,-0.00896895515,0,0.169730839,0,-9.74523747,36.6275294,0,0.457383536,0,-0.022132728,0,12.8192653,0,0.402783373,0,0,0,12.8255915,0,0
2.9,2.92,0,-0.00851216358,0,0.168628889,0,-9.75043571,36.8839919,0,0.465452429,0,-0.0223075339,0,12.826985,0,0.404088574,0,0,0,12.8333485,0,0
2.92,2.94,0,-0.00805856762,0,0.164367606,0,-9.75565986,37.1406082,0,0.473546371,0,-0.0224732358,0,12.8346542,0,0.405288389,0,0,0,12.8410516,0,0
2.94,2.96,0,-0.00760823993,0,0.160174508,0,-9.76085904,37.3973775,0,0.48166326,0,-0.0226298984,0,12.8422724,0,0.406383244,0,0,0,12.8487006,0,0
2.96,2.98,0,-0.0071612388,0,0.156014054,0,-9.76603137,37.6542986,0,0.489801,0,-0.0227775876,0,12.8498386,0,0.407373594,0,0,0,12.8562944,0,0
2.98,3,0,-0.00671761116,0,0.151886296,0,-9.7711746,37.9113704,0,0.497957505,0,-0.0229163704,0,12.8573518,0,0.408259941,0,0,0,12.8638319,0,0
3,3.02,0,-0.00627739503,0,0.147791046,0,-9.77628666,38.168592,0,0.506130703,0,-0.0230463148,0,12.8648107,0,0.409042832,0,0,0,12.8713119,0,0
3.02,3.04,0,-0.00584062177,0,0.143728141,0,-9.78136566,38.4259623,0,0.514318528,0,-0.0231674892,0,12.8722145,0,0.409722855,0,0,0,12.8787336,0,0
3.04,3.06,0,-0.00540731792,0,0.13969743,0,-9.78640987,38.68348,0,0.52251893,0,-0.0232799628,0,12.879562,0,0.410300634,0,0,0,12.8860958,0,0
3.06,3.08,0,-0.00497750673,0,0.135698781,0,-9.79141773,38.9411442,0,0.530729871,0,-0.0233838052,0,12.8868523,0,0.410776829,0,0,0,12.8933975,0,0
3.08,3.1,0,-0.00455120948,0,0.131732076,0,-9.79638779,39.1989535,0,0.538949326,0,-0.0234790865,0,12.8940842,0,0.411152129,0,0,0,12.9006377,0,0
3.1,3.12,0,-0.00412842302,0,0.130733165,0,-9.80136019,39.4569075,0,0.547175292,0,-0.023565877,0,12.9013155,0,0.411427806,0,0,0,12.9078741,0,0
3.12,3.14,0,-0.00370907994,0,0.129709203,0,-9.8063687,39.7150061,0,0.555405769,0,-0.0236442464,0,12.9085441,0,0.411603075,0,0,0,12.9151046,0,0
3.14,3.16,0,-0.00329308822,0,0.125757014,0,-9.81136166,39.9732487,0,0.563638733,0,-0.0237142625,0,12.9157097,0,0.411676808,0,0,0,12.922269,0,0
3.16,3.18,0,-0.00288038661,0,0.121865604,0,-9.81629567,40.2316339,0,0.571872167,0,-0.0237759918,0,12.922812,0,0.41165015,0,0,0,12.9293668,0,0
3.18,3.2,0,-0.00247094117,0,0.118004531,0,-9.82117243,40.4901605,0,0.580104072,0,-0.0238294997,0,12.92985,0,0.411524196,0,0,0,12.9363972,0,0
3.2,3.22,0,-0.00206474125,0,0.114174168,0,-9.82599308,40.7488273,0,0.588332475,0,-0.0238748511,0,12.9368225,0,0.411300016,0,0,0,12.9433591,0,0
3.22,3.24,0,-0.00166179579,0,0.110374657,0,-9.83075862,41.0076328,0,0.596555421,0,-0.023912111,0,12.9437288,0,0.410978661,0,0,0,12.9502517,0,0
3.24,3.26,0,-0.00126212993,0,0.106606126,0,-9.83546996,41.2665758,0,0.604770976,0,-0.0239413448,0,12.9505677,0,0.410561163,0,0,0,12.9570739,0,0
3.26,3.28,0,-0.000865759471,0,0.105678432,0,-9.84016768,41.5256554,0,0.612977236,0,-0.0239626182,0,12.9573945,0,0.410049095,0,0,0,12.963881,0,0
3.28,3.3,0,-0.000472671593,0,0.1019205,0,-9.84484598,41.7848709,0,0.621172298,0,-0.023975997,0,12.964151,0,0.409441433,0,0,0,12.970615,0,0
3.3,3.32,0,-8.28765135e-05,0,0.0982211302,0,-9.84946323,42.0442208,0,0.62935426,0,-0.023981547,0,12.9708369,0,0.408739368,0,0,0,12.9772755,0,0
3.32,3.34,0,0.000303595957,0,0.0945523587,0,-9.85402128,42.3037037,0,0.637521246,0,-0.0239793342,0,12.9774513,0,0.407944039,0,0,0,12.9838615,0,0
3.34,3.36,0,0.000686700376,0,0.0909145157,0,-9.85852135,42.5633182,0,0.645671402,0,-0.0239694256,0,12.9839931,0,0.407056562,0,0,0,12.9903723,0,0
3.36,3.38,0,0.00106637914,0,0.0873077221,0,-9.86296446,42.8230627,0,0.653802897,0,-0.0239518891,0,12.9904615,0,0.406078034,0,0,0,12.9968069,0,0
3.38,3.4,0,0.00144258723,0,0.086441504,0,-9.86738996,43.0829365,0,0.661913927,0,-0.0239267936,0,12.9969098,0,0.405010065,0,0,0,13.0032187,0,0
3.4,3.42,0,0.00181533258,0,0.0855565578,0,-9.87183073,43.342939,0,0.670002701,0,-0.0238942087,0,13.0033361,0,0.403852295,0,0,0,13.0096059,0,0
3.42,3.44,0,0.00218464212,0,0.0819711375,0,-9.87624031,43.6030692,0,0.678067411,0,-0.0238542032,0,13.009685,0,0.402604013,0,0,0,13.0159131,0,0
3.44,3.46,0,0.00255051268,0,0.078441639,0,-9.88057986,43.8633257,0,0.686106263,0,-0.0238068459,0,13.015956,0,0.401266602,0,0,0,13.0221398,0,0
3.46,3.48,0,0.0029129373,0,0.0776108884,0,-9.88489,44.1237073,0,0.694117493,0,-0.0237522057,0,13.0222017,0,0.399841894,0,0,0,13.0283388,0,0
3.48,3.5,0,0.00327192632,0,0.0740946744,0,-9.88916634,44.384213,0,0.702099348,0,-0.0236903513,0,13.028367,0,0.398329245,0,0,0,13.0344548,0,0
3.5,3.52,0,0.0036274605,0,0.0706337703,0,-9.89337052,44.6448412,0,0.710050082,0,-0.0236213516,0,13.0344514,0,0.396730085,0,0,0,13.0404876,0,0
3.52,3.54,0,0.00397949622,0,0.0672031836,0,-9.89750532,44.9055903,0,0.717967979,0,-0.0235452762,0,13.0404541,0,0.395045776,0,0,0,13.0464365,0,0
3.54,3.56,0,0.00432799186,0,0.0664136687,0,-9.90161005,45.1664592,0,0.725851357,0,-0.0234621954,0,13.0464266,0,0.393278123,0,0,0,13.0523528,0,0
3.56,3.58,0,0.00467292821,0,0.0629985921,0,-9.90568023,45.4274467,0,0.73369854,0,-0.0233721802,0,13.0523149,0,0.391426545,0,0,0,13.0581829,0,0
3.58,3.6,0,0.00501426201,0,0.0596378754,0,-9.9096782,45.6885511,0,0.741507865,0,-0.0232753023,0,13.0581188,0,0.389492476,0,0,0,13.0639263,0,0
3.6,3.62,0,0.00535193064,0,0.0563076413,0,-9.9136065,45.9497707,0,0.749277694,0,-0.0231716342,0,13.0638373,0,0.387477287,0,0,0,13.0695824,0,0
3.62,3.64,0,0.00568587749,0,0.0555617643,0,-9.9175035,46.2111043,0,0.757006427,0,-0.0230612499,0,13.0695209,0,0.385382771,0,0,0,13.0752016,0,0
3.64,3.66,0,0.00601607148,0,0.0522488009,0,-9.92136456,46.4725507,0,0.764692469,0,-0.0229442241,0,13.0751169,0,0.383208425,0,0,0,13.0807313,0,0
3.66,3.68,0,0.00634246122,0,0.0489891684,0,-9.92515267,46.7341082,0,0.772334238,0,-0.0228206324,0,13.0806249,0,0.380955703,0,0,0,13.0861712,0,0
3.68,3.7,0,0.00666499926,0,0.0482761017,0,-9.9289062,46.9957755,0,0.779930187,0,-0.0226905513,0,13.0860946,0,0.378626435,0,0,0,13.091571,0,0
3.7,3.72,0,0.00698366162,0,0.0450343389,0,-9.93262066,47.2575512,0,0.787478778,0,-0.0225540582,0,13.0914741,0,0.376220221,0,0,0,13.0968789,0,0
3.72,3.74,0,0.00729840289,0,0.0418450772,0,-9.93625974,47.5194337,0,0.794978489,0,-0.022411231,0,13.0967632,0,0.373738571,0,0,0,13.1020947,0,0
3.74,3.76,0,0.0076091803,0,0.0411653199,0,-9.9398614,47.7814215,0,0.80242783,0,-0.0222621486,0,13.1020106,0,0.37118334,0,0,0,13.1072675,0,0
3.76,3.78,0,0.00791599313,0,0.040472936,0,-9.94345684,48.0435138,0,0.809825332,0,-0.0221068902,0,13.1072151,0,0.368554622,0,0,0,13.1123956,0,0
3.78,3.8,0,0.0082188535,0,0.0373115732,0,-9.94700429,48.3057093,0,0.817169521,0,-0.0219455352,0,13.1123258,0,0.36585226,0,0,0,13.1174287,0,0
3.8,3.82,0,0.00851776238,0,0.0366610206,0,-9.95050444,48.5680065,0,0.824458945,0,-0.0217781624,0,13.1173917,0,0.363078296,0,0,0,13.1224156,0,0
3.82,3.84,0,0.00881273011,0,0.0335389503,0,-9.95395433,48.8304041,0,0.831692171,0,-0.0216048509,0,13.1223623,0,0.360232637,0,0,0,13.1273059,0,0
3.84,3.86,0,0.00910375425,0,0.0329089013,0,-9.95735463,49.0929007,0,0.838867786,0,-0.0214256795,0,13.1272862,0,0.357317347,0,0,0,13.1321483,0,0
3.86,3.88,0,0.0093908405,0,0.0298262618,0,-9.96070263,49.3554948,0,0.845984397,0,-0.021240727,0,13.132113,0,0.354332403,0,0,0,13.1368925,0,0
3.88,3.9,0,0.00967396161,0,0.0267941722,0,-9.96396442,49.6181844,0,0.853040626,0,-0.0210500723,0,13.1368427,0,0.351279545,0,0,0,13.1415384,0,0
3.9,3.92,0,0.00995308312,0,0.0261973475,0,-9.9671781,49.8809681,0,0.860035139,0,-0.0208537952,0,13.1415226,0,0.348160757,0,0,0,13.1461338,0,0
3.92,3.94,0,0.0102281845,0,0.0231849681,0,-9.97034044,50.1438445,0,0.866966614,0,-0.0206519758,0,13.1461035,0,0.34497604,0,0,0,13.1506291,0,0
3.94,3.96,0,0.0104992372,0,0.0226099564,0,-9.97345212,50.4068119,0,0.873833754,0,-0.0204446948,0,13.1506329,0,0.341727416,0,0,0,13.1550721,0,0
3.96,3.98,0,0.0107662248,0,0.0196376861,0,-9.97651037,50.669869,0,0.880635281,0,-0.0202320334,0,13.1550617,0,0.338414957,0,0,0,13.1594139,0,0
3.98,4,0,0.0110291215,0,0.0190845027,0,-9.97951609,50.9330141,0,0.887369941,0,-0.0200140731,0,13.1594372,0,0.335040698,0,0,0,13.1637016,0,0
4,4.02,0,0.0112879125,0,0.016152327,0,-9.98246664,51.1962456,0,0.894036495,0,-0.0197908959,0,13.1637108,0,0.331604778,0,0,0,13.1678868,0,0
4.02,4.04,0,0.011542573,0,0.0156211378,0,-9.98536305,51.4595621,0,0.900633734,0,-0.0195625842,0,13.1679293,0,0.328109238,0,0,0,13.1720164,0,0
4.04,4.06,0,0.0117931069,0,0.015080137,0,-9.98823669,51.7229624,0,0.90716047,0,-0.0193292205,0,13.1720915,0,0.324554523,0,0,0,13.1760894,0,0
4.06,4.08,0,0.0120395225,0,0.0121979025,0,-9.99104908,51.9864449,0,0.91361552,0,-0.0190908873,0,13.1761497,0,0.320940947,0,0,0,13.1800578,0,0
4.08,4.1,0,0.0122818106,0,0.0116977488,0,-9.99380222,52.250008,0,0.919997729,0,-0.0188476671,0,13.1801503,0,0.317270619,0,0,0,13.1839684,0,0
4.1,4.12,0,0.0125199669,0,0.00885511181,0,-9.99649415,52.5136501,0,0.926305965,0,-0.0185996424,0,13.1840456,0,0.313543875,0,0,0,13.1877734,0,0
4.12,4.14,0,0.0127539531,0,0.00606087462,0,-9.99909317,52.777369,0,0.932539118,0,-0.0183468962,0,13.1878354,0,0.309762605,0,0,0,13.1914728,0,0
4.14,4.16,0,0.012983723,0,0.00559582274,0,-10.0016364,53.0411631,0,0.938696119,0,-0.0180895124,0,13.1915655,0,0.305928796,0,0,0,13.1951124,0,0
4.16,4.18,0,0.0201606751,0,0.00567892369,0,-10.0464025,53.3050311,0,0.944778628,0,-0.0177937946,0,13.195222,0,0.302587072,0,0,0,13.1986909,0,0
4.18,4.2,0,0.0483476287,0,0.00740582222,0,-10.1214093,53.5689709,0,0.950807995,0,-0.017131561,0,13.1987449,0,0.300348302,0,0,0,13.2021618,0,0
4.2,4.22,0,0.0861725711,0,0.0175988939,0,-10.2190996,53.8329805,0,0.956786823,0,-0.0157938561,0,13.2022024,0,0.297227425,0,0,0,13.2055478,0,0
4.22,4.24,0,0.12631236,0,0.0338789019,0,-10.3547824,54.0970584,0,0.962680367,0,-0.0136682254,0,13.2055758,0,0.291590274,0,0,0,13.2087947,0,0
4.24,4.26,0,0.164576647,0,0.0532834738,0,-10.5254258,54.3612022,0,0.968425546,0,-0.0107527611,0,13.20877,0,0.282213919,0,0,0,13.2117845,0,0
4.26,4.28,0,0.198421223,0,0.0793550223,0,-10.7252228,54.6254079,0,0.973938171,0,-0.00711480146,0,13.211758,0,0.268234313,0,0,0,13.2144806,0,0
4.28,4.3,0,0.22685629,0,0.108658939,0,-10.9423188,54.8896705,0,0.979120907,0,-0.0028506983,0,13.2144483,0,0.249145068,0,0,0,13.2167968,0,0
4.3,4.32,0,0.24817568,0,0.13753888,0,-11.1656312,55.1539827,0,0.983867699,0,0.001911905,0,13.2166939,0,0.22462407,0,0,0,13.2186025,0,0
4.32,4.34,0,0.262085674,0,0.169022294,0,-11.385071,55.4183348,0,0.988069923,0,0.0070271544,0,13.2184296,0,0.194715409,0,0,0,13.2198637,0,0
4.34,4.36,0,0.268526394,0,0.199288327,0,-11.590524,55.6827157,0,0.991622226,0,0.0123454434,0,13.2195443,0,0.159700469,0,0,0,13.2205089,0,0
4.36,4.38,0,0.267875673,0,0.226914457,0,-11.7734121,55.9471118,0,0.994427235,0,0.0177208613,0,13.2199335,0,0.12008521,0,0,0,13.2204789,0,0
4.38,4.4,0,0.260616929,0,0.24835292,0,-11.9263595,56.2115072,0,0.996399387,0,0.023016298,0,13.2194613,0,0.0765375155,0,0,0,13.2196829,0,0
4.4,4.42,0,0.247331637,0,0.267017552,0,-12.043924,56.4758843,0,0.997467767,0,0.0281051276,0,13.2181012,0,0.0298498962,0,0,0,13.2181349,0,0
4.42,4.44,0,0.228704494,0,0.279777489,0,-12.1220075,56.740225,0,0.997578327,0,0.0328737687,0,13.2158046,0,-0.0190923803,0,0,0,13.2158184,0,0
4.44,4.46,0,0.205466143,0,0.286104138,0,-12.1585504,57.0045101,0,0.996695285,0,0.0372221178,0,13.2125505,0,-0.0693468266,0,0,0,13.2127325,0,0
4.46,4.48,0,0.178727976,0,0.288083336,0,-12.153573,57.2687211,0,0.994802264,0,0.0410685269,0,13.2083917,0,-0.11992294,0,0,0,13.2089361,0,0
4.48,4.5,0,0.149784724,0,0.281432314,0,-12.1082114,57.5328397,0,0.991902771,0,0.0443560771,0,13.20332,0,-0.169834978,0,0,0,13.2044123,0,0
4.5,4.52,0,0.119775247,0,0.269002246,0,-12.0248167,57.7968482,0,0.988019361,0,0.0470524082,0,13.1973991,0,-0.218170617,0,0,0,13.1992023,0,0
4.52,4.54,0,0.0896304581,0,0.253846467,0,-11.9070376,58.060731,0,0.98319183,0,0.0491458167,0,13.1907588,0,-0.264121418,0,0,0,13.1934028,0,0
4.54,4.56,0,0.0604401797,0,0.232436052,0,-11.7613241,58.3244742,0,0.977475193,0,0.0506430517,0,13.1834549,0,-0.3069618,0,0,0,13.187028,0,0
4.56,4.58,0,0.033268067,0,0.210466728,0,-11.5907042,58.588066,0,0.970938081,0,0.0515775043,0,13.1756452,0,-0.346104235,0,0,0,13.1801902,0,0
4.58,4.6,0,0.00784318236,0,0.184371032,0,-11.4017384,58.851497,0,0.963658041,0,0.0519844542,0,13.1673966,0,-0.381185869,0,0,0,13.1729129,0,0
4.6,4.62,0,-0.0148196318,0,0.157470598,0,-11.2012021,59.1147597,0,0.955720101,0,0.0519094317,0,13.1588245,0,-0.41185089,0,0,0,13.1652681,0,0
4.62,4.64,0,-0.0342860726,0,0.132987692,0,-10.9938692,59.3778491,0,0.947214624,0,0.0514128554,0,13.1500838,0,-0.437924309,0,0,0,13.1573736,0,0
4.64,4.66,0,-0.0505197797,0,0.109399119,0,-10.7848854,59.6407627,0,0.938233924,0,0.0505594684,0,13.1412728,0,-0.459379578,0,0,0,13.1492996,0,0
4.66,4.68,0,-0.0636964791,0,0.087306556,0,-10.5788121,59.9035002,0,0.928869636,0,0.0494124004,0,13.1324781,0,-0.476306449,0,0,0,13.1411129,0,0
4.68,4.7,0,-0.0740972006,0,0.0671007961,0,-10.3794387,60.1660626,0,0.919210676,0,0.0480300875,0,13.1237733,0,-0.488882314,0,0,0,13.1328759,0,0
4.7,4.72,0,-0.0820468649,0,0.0490051401,0,-10.1897287,60.4284524,0,0.909341744,0,0.0464648333,0,13.1152195,0,-0.497348078,0,0,0,13.1246462,0,0
4.72,4.74,0,-0.0875519477,0,0.0331335246,0,-10.013823,60.6906729,0,0.899342382,0,0.0447639046,0,13.1068673,0,-0.50196244,0,0,0,13.1164758,0,0
4.74,4.76,0,-0.09027442,0,0.0195982094,0,-9.85259469,60.9527288,0,0.889287084,0,0.0429818331,0,13.0987574,0,-0.503007679,0,0,0,13.1084119,0,0
4.76,4.78,0,-0.0906159014,0,0.00842289954,0,-9.70918386,61.2146252,0,0.879243256,0,0.0411680881,0,13.0909169,0,-0.500867045,0,0,0,13.1004951,0,0
4.78,4.8,0,-0.0883149296,0,-0.000373094053,0,-9.58386095,61.4763676,0,0.86927127,0,0.0393755678,0,13.0833648,0,-0.495905,0,0,0,13.0927597,0,0
4.8,4.82,0,-0.084021771,0,-0.00686355647,0,-9.47900305,61.7379619,0,0.859422722,0,0.0376480188,0,13.0761082,0,-0.488583231,0,0,0,13.0852329,0,0
4.82,4.84,0,-0.0775115451,0,-0.0110974414,0,-9.39398855,61.9994141,0,0.849741037,0,0.0360303514,0,13.0691487,0,-0.479306843,0,0,0,13.077935,0,0
4.84,4.86,0,-0.0696165743,0,-0.0157085741,0,-9.32981691,62.2607295,0,0.840260143,0,0.0345561671,0,13.0624279,0,-0.468568309,0,0,0,13.0708293,0,0
4.86,4.88,0,-0.0602624958,0,-0.0157997498,0,-9.28517853,62.5219132,0,0.831005354,0,0.0332562176,0,13.055985,0,-0.456780528,0,0,0,13.0639731,0,0
4.88,4.9,0,-0.0501708915,0,-0.0165918082,0,-9.26040618,62.7829703,0,0.821992816,0,0.032149953,0,13.0497513,0,-0.444399978,0,0,0,13.057316,0,0
4.9,4.92,0,-0.0388821991,0,-0.0131145373,0,-9.25503146,63.0439051,0,0.813231047,0,0.0312576737,0,13.0437599,0,-0.431768194,0,0,0,13.050904,0,0
4.92,4.94,0,-0.026917467,0,-0.00796475426,0,-9.26580026,63.3047223,0,0.804721052,0,0.0305997837,0,13.0379864,0,-0.419297112,0,0,0,13.0447269,0,0
4.94,4.96,0,-0.0149853896,0,-0.00132107737,0,-9.2929843,63.565426,0,0.796455451,0,0.030180256,0,13.0324042,0,-0.407374443,0,0,0,13.0387696,0,0
4.96,4.98,0,-0.00293136155,0,0.00669842078,0,-9.33392801,63.8260197,0,0.788420602,0,0.0300018719,0,13.0269875,0,-0.396278968,0,0,0,13.0330135,0,0
4.98,5,0,0.00838639623,0,0.0133172986,0,-9.38553915,64.0865061,0,0.780596646,0,0.0300582363,0,13.0216548,0,-0.386330126,0,0,0,13.0273844,0,0
5,5.02,0,0.0185066634,0,0.0234596157,0,-9.44585814,64.3468868,0,0.772958226,0,0.0303294252,0,13.0164294,0,-0.377755135,0,0,0,13.0219098,0,0
5.02,5.04,0,0.0272512379,0,0.0342351734,0,-9.5123282,64.6071639,0,0.765476327,0,0.0307893775,0,13.0112841,0,-0.370695033,0,0,0,13.0165636,0,0
5.04,5.06,0,0.0345997267,0,0.042792763,0,-9.58238366,64.8673382,0,0.758119852,0,0.0314101942,0,13.0061409,0,-0.365219424,0,0,0,13.0112677,0,0
5.06,5.08,0,0.0406175218,0,0.0541946297,0,-9.65377161,65.12741,0,0.750856855,0,0.0321645113,0,13.0010295,0,-0.361346106,0,0,0,13.0060501,0,0
5.08,5.1,0,0.0454141552,0,0.0655908601,0,-9.72461922,65.3873796,0,0.743655489,0,0.0330267642,0,12.995928,0,-0.359048802,0,0,0,13.0008869,0,0
5.1,5.12,0,0.0491189514,0,0.0741781804,0,-9.7933417,65.6472467,0,0.736484804,0,0.0339738056,0,12.9907637,0,-0.358265668,0,0,0,12.995703,0,0
5.12,5.14,0,0.0518668919,0,0.0851835552,0,-9.85875118,65.9070102,0,0.729315309,0,0.0349851484,0,12.9855729,0,-0.358914132,0,0,0,12.9905321,0,0
5.14,5.16,0,0.0534280086,0,0.095763871,0,-9.91786522,66.1666695,0,0.722119215,0,0.0360412283,0,12.9803388,0,-0.360921961,0,0,0,12.9853556,0,0
5.16,5.18,0,0.0531943824,0,0.102974164,0,-9.97070187,66.426223,0,0.714869859,0,0.0371097105,0,12.9749928,0,-0.364207231,0,0,0,12.9801035,0,0
5.18,5.2,0,0.0515572697,0,0.112064872,0,-10.0153469,66.685669,0,0.707543728,0,0.0381601301,0,12.9695809,0,-0.368576311,0,0,0,12.9748171,0,0
5.2,5.22,0,0.0483615931,0,0.117384451,0,-10.051437,66.9450054,0,0.700120714,0,0.0391610405,0,12.9640425,0,-0.373851805,0,0,0,12.9694319,0,0
5.22,5.24,0,0.0441409589,0,0.121617268,0,-10.0776169,67.2042298,0,0.692585297,0,0.0400881579,0,12.9583783,0,-0.379785817,0,0,0,12.9639425,0,0
5.24,5.26,0,0.0388459791,0,0.127407878,0,-10.0942071,67.4633403,0,0.684926196,0,0.0409189977,0,12.9526458,0,-0.386175248,0,0,0,12.9584013,0,0
5.26,5.28,0,0.0332234473,0,0.129303665,0,-10.1021186,67.7223349,0,0.677137052,0,0.0416397098,0,12.9467983,0,-0.392749423,0,0,0,12.9527541,0,0
5.28,5.3,0,0.0273543182,0,0.132945868,0,-10.0995596,67.9812121,0,0.669216279,0,0.0422469063,0,12.9409015,0,-0.399321069,0,0,0,12.947061,0,0
5.3,5.32,0,0.0207239796,0,0.135539695,0,-10.0883782,68.2399709,0,0.661165076,0,0.0427281633,0,12.9349658,0,-0.405753843,0,0,0,12.9413282,0,0
5.32,5.34,0,0.0140540879,0,0.13439595,0,-10.0701425,68.4986102,0,0.652988625,0,0.0430754894,0,12.9289524,0,-0.411811152,0,0,0,12.9355093,0,0
5.34,5.36,0,0.00777753393,0,0.135292879,0,-10.0453752,68.7571292,0,0.644696313,0,0.0432928861,0,12.9229357,0,-0.417315046,0,0,0,12.929672,0,0
5.36,5.38,0,0.00178461365,0,0.135560118,0,-10.0135279,69.0155279,0,0.636300435,0,0.0433890204,0,12.9169324,0,-0.422163018,0,0,0,12.9238293,0,0
5.38,5.4,0,-0.00448722521,0,0.132433124,0,-9.97653919,69.2738063,0,0.627814516,0,0.0433618679,0,12.9109025,0,-0.426296018,0,0,0,12.9179383,0,0
5.4,5.42,0,-0.0105104361,0,0.131679042,0,-9.93600452,69.5319645,0,0.61925426,0,0.0432110963,0,12.9049232,0,-0.429577502,0,0,0,12.9120711,0,0
5.42,5.44,0,-0.0159820871,0,0.130579751,0,-9.8924907,69.7900039,0,0.610637708,0,0.0429450751,0,12.8990141,0,-0.431914085,0,0,0,12.9062432,0,0
5.44,5.46,0,-0.0207764562,0,0.129321473,0,-9.84706815,70.0479259,0,0.601984331,0,0.0425762981,0,12.893194,0,-0.433254669,0,0,0,12.9004714,0,0
5.46,5.48,0,-0.0248662483,0,0.125147871,0,-9.8008041,70.305732,0,0.593314303,0,0.0421186967,0,12.8874225,0,-0.43357855,0,0,0,12.894714,0,0
5.48,5.5,0,-0.0282775334,0,0.123982534,0,-9.75471659,70.5634238,0,0.58464789,0,0.0415861612,0,12.8817734,0,-0.43289652,0,0,0,12.8890452,0,0
5.5,5.52,0,-0.031063791,0,0.122978243,0,-9.70971017,70.821004,0,0.576004946,0,0.0409917557,0,12.8762599,0,-0.431238021,0,0,0,12.8834792,0,0
5.52,5.54,0,-0.0332909614,0,0.1192925,0,-9.66643481,71.0784748,0,0.567404605,0,0.0403473324,0,12.8708354,0,-0.428644414,0,0,0,12.8779712,0,0
5.54,5.56,0,-0.0350289029,0,0.118863408,0,-9.62542002,71.3358387,0,0.558865016,0,0.0396633755,0,12.8655696,0,-0.425172815,0,0,0,12.8725931,0,0
5.56,5.58,0,-0.0363464547,0,0.115775866,0,-9.58704336,71.5930983,0,0.550403149,0,0.0389489764,0,12.8604117,0,-0.420882774,0,0,0,12.8672969,0,0
5.58,5.6,0,-0.0369939773,0,0.113072732,0,-9.55333777,71.8502559,0,0.542034847,0,0.0382134132,0,12.8553704,0,-0.415815107,0,0,0,12.8620935,0,0
5.6,5.62,0,-0.0363940007,0,0.113828054,0,-9.52389634,72.1073146,0,0.533775489,0,0.0374780504,0,12.8505121,0,-0.410011736,0,0,0,12.8570514,0,0
5.62,5.64,0,-0.0351139043,0,0.115140652,0,-9.49856707,72.3642779,0,0.525638236,0,0.036762266,0,12.8458379,0,-0.40362941,0,0,0,12.8521776,0,0
5.64,5.66,0,-0.0335319542,0,0.114006734,0,-9.47792176,72.6211489,0,0.517633267,0,0.0360755503,0,12.8412877,0,-0.396804083,0,0,0,12.8474169,0,0
5.66,5.68,0,-0.0315517443,0,0.116415442,0,-9.46362732,72.8779308,0,0.509768351,0,0.0354230997,0,12.8369216,0,-0.389629508,0,0,0,12.8428333,0,0
5.68,5.7,0,-0.0286613359,0,0.116363586,0,-9.45469059,73.1346266,0,0.50205002,0,0.0348200784,0,12.8326781,0,-0.382171744,0,0,0,12.8383676,0,0
5.7,5.72,0,-0.0254410142,0,0.119965585,0,-9.45036675,73.3912393,0,0.494482236,0,0.0342789329,0,12.8286126,0,-0.37460033,0,0,0,12.8340807,0,0
5.72,5.74,0,-0.0222559302,0,0.124068113,0,-9.45079746,73.6477724,0,0.487065842,0,0.0338022516,0,12.8247183,0,-0.367052484,0,0,0,12.8299699,0,0
5.74,5.76,0,-0.0192970864,0,0.125536987,0,-9.45534609,73.9042287,0,0.479799297,0,0.0333872146,0,12.8209275,0,-0.359630194,0,0,0,12.8259704,0,0
5.76,5.78,0,-0.0163747723,0,0.130452932,0,-9.46487534,74.1606108,0,0.472679369,0,0.0330296317,0,12.8172962,0,-0.352390653,0,0,0,12.8221395,0,0
5.78,5.8,0,-0.0129537702,0,0.132647045,0,-9.47807271,74.4169212,0,0.465702312,0,0.0327360196,0,12.8137568,0,-0.345360777,0,0,0,12.8184101,0,0
5.8,5.82,0,-0.00949390046,0,0.138347348,0,-9.49400249,74.6731623,0,0.458862761,0,0.0325118168,0,12.8103628,0,-0.338656942,0,0,0,12.8148385,0,0
5.82,5.84,0,-0.00627391011,0,0.141218082,0,-9.51258284,74.9293362,0,0.45215331,0,0.0323547077,0,12.8070426,0,-0.332361768,0,0,0,12.8113545,0,0
5.84,5.86,0,-0.00342484956,0,0.1474469,0,-9.53319933,75.185445,0,0.445565176,0,0.032258412,0,12.8038501,0,-0.326532433,0,0,0,12.8080132,0,0
5.86,5.88,0,-0.000994751814,0,0.150647062,0,-9.55514117,75.4414906,0,0.43908871,0,0.0322149347,0,12.800714,0,-0.321198139,0,0,0,12.8047432,0,0
5.88,5.9,0,0.00101429075,0,0.153928046,0,-9.57767876,75.6974739,0,0.432713872,0,0.0322158231,0,12.7976271,0,-0.316370244,0,0,0,12.801537,0,0
5.9,5.92,0,0.00262490758,0,0.160326586,0,-9.6002505,75.9533966,0,0.42643052,0,0.0322528551,0,12.794645,0,-0.312048024,0,0,0,12.7984497,0,0
5.92,5.94,0,0.00387219445,0,0.163476499,0,-9.6223419,76.20926,0,0.420228688,0,0.0323184004,0,12.7916977,0,-0.308215004,0,0,0,12.7954104,0,0
5.94,5.96,0,0.00479658447,0,0.169703922,0,-9.64354672,76.4650653,0,0.414098791,0,0.0324055924,0,12.7888433,0,-0.304850124,0,0,0,12.7924762,0,0
5.96,5.98,0,0.00543976457,0,0.172584257,0,-9.66355242,76.7208139,0,0.408031771,0,0.0325083907,0,12.7860128,0,-0.301921858,0,0,0,12.789577,0,0
5.98,6,0,0.00584226146,0,0.175327791,0,-9.6820946,76.976506,0,0.402019236,0,0.0326215797,0,12.7832025,0,-0.299395673,0,0,0,12.786708,0,0
6,6.02,0,0.0060421622,0,0.181065695,0,-9.69907834,77.2321427,0,0.396053483,0,0.0327407316,0,12.780472,0,-0.297237529,0,0,0,12.783928,0,0
6.02,6.04,0,0.00607443696,0,0.18338708,0,-9.71442036,77.487725,0,0.390127544,0,0.0328621498,0,12.7777539,0,-0.295407972,0,0,0,12.7811682,0,0
6.04,6.06,0,0.00597056716,0,0.185546557,0,-9.72805093,77.7432529,0,0.384235229,0,0.0329828024,0,12.7750462,0,-0.293868729,0,0,0,12.7784257,0,0
6.06,6.08,0,0.00575850365,0,0.190714908,0,-9.74003687,77.9987275,0,0.378371082,0,0.033100252,0,12.7724107,0,-0.292585415,0,0,0,12.7757615,0,0
6.08,6.1,0,0.00546275573,0,0.192449344,0,-9.75042488,78.2541494,0,0.372530355,0,0.0332125854,0,12.7697809,0,-0.291520783,0,0,0,12.773108,0,0
6.1,6.12,0,0.00510449449,0,0.194039637,0,-9.75924673,78.5095188,0,0.36670902,0,0.0333183462,0,12.7671563,0,-0.290640809,0,0,0,12.770464,0,0
6.12,6.14,0,0.00470177732,0,0.195460318,0,-9.76660102,78.7648357,0,0.360903703,0,0.0334164695,0,12.7645359,0,-0.289913821,0,0,0,12.7678278,0,0
6.14,6.16,0,0.00426980153,0,0.196724367,0,-9.77259773,79.0201002,0,0.355111641,0,0.0335062228,0,12.7619192,0,-0.289310719,0,0,0,12.7651981,0,0
6.16,6.18,0,0.00382117252,0,0.197845282,0,-9.77735371,79.2753125,0,0.349330625,0,0.0335871511,0,12.7593058,0,-0.28880507,0,0,0,12.7625739,0,0
6.18,6.2,0,0.00336620263,0,0.202065821,0,-9.78103449,79.5304731,0,0.34355892,0,0.0336590279,0,12.7567603,0,-0.28837622,0,0,0,12.7600194,0,0
6.2,6.22,0,0.00291319454,0,0.20290064,0,-9.78375198,79.7855829,0,0.337795215,0,0.0337218127,0,12.7542174,0,-0.28800165,0,0,0,12.7574687,0,0
6.22,6.24,0,0.00219051748,0,0.203638028,0,-9.78398182,80.0406419,0,0.332038508,0,0.033774261,0,12.7516777,0,-0.287684501,0,0,0,12.7549224,0,0
6.24,6.26,0,0.000638983941,0,0.207376708,0,-9.78240206,80.2956507,0,0.326287321,0,0.0338034498,0,12.7492058,0,-0.287437222,0,0,0,12.7524456,0,0
6.26,6.28,0,-0.00128524505,0,0.207510415,0,-9.7792845,80.5506101,0,0.320541165,0,0.0337972648,0,12.746739,0,-0.287167256,0,0,0,12.7499733,0,0
6.28,6.3,0,-0.00328799938,0,0.207392082,0,-9.77411373,80.8055203,0,0.31480128,0,0.0337514767,0,12.7442822,0,-0.286799582,0,0,0,12.7475089,0,0
6.3,6.32,0,-0.00521248341,0,0.207030517,0,-9.76703468,81.0603815,0,0.309070208,0,0.0336662443,0,12.7418399,0,-0.286278063,0,0,0,12.7450554,0,0
6.32,6.34,0,-0.00698014588,0,0.209754624,0,-9.75841514,81.3151947,0,0.303351426,0,0.0335440103,0,12.7394821,0,-0.285565249,0,0,0,12.7426823,0,0
6.34,6.36,0,-0.00855690729,0,0.209023499,0,-9.74863029,81.569961,0,0.297649069,0,0.0333883041,0,12.7371473,0,-0.284631934,0,0,0,12.7403272,0,0
6.36,6.38,0,-0.00993386446,0,0.208239787,0,-9.73801179,81.8246808,0,0.291967736,0,0.033203062,0,12.7348405,0,-0.283460746,0,0,0,12.7379949,0,0
6.38,6.4,0,-0.0111161156,0,0.210704719,0,-9.7269553,82.0793555,0,0.286312257,0,0.0329922451,0,12.732632,0,-0.282046014,0,0,0,12.7357554,0,0
6.4,6.42,0,-0.0121162462,0,0.20981307,0,-9.71575676,82.3339863,0,0.280687542,0,0.0327596301,0,12.7304587,0,-0.280384431,0,0,0,12.7335461,0,0
6.42,6.44,0,-0.0129505895,0,0.208971854,0,-9.70461914,82.5885741,0,0.275098503,0,0.0325086996,0,12.7283252,0,-0.278479425,0,0,0,12.7313712,0,0
6.44,6.46,0,-0.0136369928,0,0.208163702,0,-9.69374704,82.8431196,0,0.269549937,0,0.0322425921,0,12.7262347,0,-0.276338649,0,0,0,12.7292345,0,0
6.46,6.48,0,-0.0141934685,0,0.210727083,0,-9.68334508,83.0976244,0,0.264046429,0,0.0319640855,0,12.7242564,0,-0.273975992,0,0,0,12.7272057,0,0
6.48,6.5,0,-0.0146373848,0,0.209985713,0,-9.67352446,83.3520902,0,0.258592299,0,0.0316756032,0,12.7223258,0,-0.271403135,0,0,0,12.7252204,0,0
6.5,6.52,0,-0.0149850716,0,0.209351121,0,-9.66431793,83.6065178,0,0.253191609,0,0.0313792312,0,12.720446,0,-0.268634487,0,0,0,12.7232822,0,0
6.52,6.54,0,-0.0152515752,0,0.208787914,0,-9.65577961,83.8609084,0,0.247848123,0,0.0310767412,0,12.7186189,0,-0.265685343,0,0,0,12.7213936,0,0
6.54,6.56,0,-0.0154505146,0,0.21164339,0,-9.64798444,84.1152636,0,0.242565267,0,0.0307696182,0,12.7169133,0,-0.262574382,0,0,0,12.7196237,0,0
6.56,6.58,0,-0.0155940196,0,0.211181508,0,-9.64093404,84.3695853,0,0.237346131,0,0.0304590899,0,12.7152628,0,-0.25931592,0,0,0,12.7179068,0,0
6.58,6.6,0,-0.0156928079,0,0.210828794,0,-9.63457024,84.6238745,0,0.232193513,0,0.0301461553,0,12.7136696,0,-0.255925072,0,0,0,12.7162453,0,0
6.6,6.62,0,-0.0157562426,0,0.21054158,0,-9.62887387,84.8781325,0,0.227109913,0,0.0298316129,0,12.7121349,0,-0.252416373,0,0,0,12.7146407,0,0
6.62,6.64,0,-0.0157923844,0,0.213684665,0,-9.62386226,85.132361,0,0.222097525,0,0.0295160872,0,12.7107268,0,-0.248806542,0,0,0,12.7131617,0,0
6.64,6.66,0,-0.0155318052,0,0.213498712,0,-9.6210656,85.3865619,0,0.217158356,0,0.029201396,0,12.7093783,0,-0.245085515,0,0,0,12.7117412,0,0
6.66,6.68,0,-0.0144195281,0,0.2135575,0,-9.61987672,85.6407365,0,0.212294978,0,0.0289009479,0,12.7080915,0,-0.241239501,0,0,0,12.710381,0,0
6.68,6.7,0,-0.0129093342,0,0.213888231,0,-9.62009489,85.894886,0,0.207509033,0,0.0286273383,0,12.7068645,0,-0.237355688,0,0,0,12.7090812,0,0
6.7,6.72,0,-0.0112947178,0,0.214475122,0,-9.62223429,86.1490115,0,0.202800523,0,0.0283853103,0,12.7056948,0,-0.233506314,0,0,0,12.7078403,0,0
6.72,6.74,0,-0.00973308998,0,0.215278314,0,-9.626199,86.4031141,0,0.198168188,0,0.0281752185,0,12.704579,0,-0.229745905,0,0,0,12.7066561,0,0
6.74,6.76,0,-0.00830428682,0,0.219643729,0,-9.63175873,86.6571957,0,0.193609801,0,0.0279951136,0,12.7035816,0,-0.226117284,0,0,0,12.7055938,0,0
6.76,6.78,0,-0.0070439593,0,0.220693708,0,-9.63856279,86.9112577,0,0.189122438,0,0.0278419309,0,12.7026305,0,-0.222647269,0,0,0,12.7045816,0,0
6.78,6.8,0,-0.00596278326,0,0.221864142,0,-9.64621237,87.1653012,0,0.184702732,0,0.0277121649,0,12.701723,0,-0.219353774,0,0,0,12.703617,0,0
6.8,6.82,0,-0.00505748155,0,0.223076332,0,-9.65438735,87.4193269,0,0.180347043,0,0.0276022494,0,12.700856,0,-0.216246672,0,0,0,12.7026968,0,0
6.82,6.84,0,-0.00431722341,0,0.224299091,0,-9.66280757,87.6733357,0,0.176051599,0,0.0275087668,0,12.7000265,0,-0.213329361,0,0,0,12.7018181,0,0
6.84,6.86,0,-0.00372736649,0,0.225506584,0,-9.67123816,87.9273282,0,0.171812614,0,0.0274285587,0,12.6992316,0,-0.210600109,0,0,0,12.7009777,0,0
6.86,6.88,0,-0.00327166094,0,0.226678278,0,-9.67948914,88.1813051,0,0.167626378,0,0.0273587785,0,12.6984688,0,-0.208053208,0,0,0,12.7001731,0,0
6.88,6.9,0,-0.00293352318,0,0.231214653,0,-9.68746032,88.4352678,0,0.163489303,0,0.027296909,0,12.697804,0,-0.205682787,0,0,0,12.6994698,0,0
6.9,6.92,0,-0.00269679165,0,0.232225103,0,-9.69503364,88.6892175,0,0.15939797,0,0.0272407619,0,12.697166,0,-0.203476913,0,0,0,12.6987963,0,0
6.92,6.94,0,-0.00254624102,0,0.233205227,0,-9.70208033,88.9431546,0,0.155349212,0,0.0271884632,0,12.6965537,0,-0.201423123,0,0,0,12.6981514,0,0
6.94,6.96,0,-0.00246782396,0,0.234108334,0,-9.70855181,89.1970798,0,0.151340119,0,0.0271384318,0,12.6959655,0,-0.199508113,0,0,0,12.697533,0,0
6.96,6.98,0,-0.00244879131,0,0.234932648,0,-9.71442203,89.4509934,0,0.147368053,0,0.0270893547,0,12.6954001,0,-0.197718224,0,0,0,12.6969396,0,0
6.98,7,0,-0.00247773123,0,0.235678135,0,-9.71968385,89.7048959,0,0.143430647,0,0.0270401606,0,12.6948561,0,-0.196039829,0,0,0,12.6963697,0,0
7,7.02,0,-0.00254455549,0,0.236346424,0,-9.72434526,89.9587878,0,0.139525806,0,0.0269899932,0,12.6943327,0,-0.194459624,0,0,0,12.695822,0,0
7.02,7.04,0,-0.00264045102,0,0.236940424,0,-9.72842599,90.2126694,0,0.135651693,0,0.0269381849,0,12.6938289,0,-0.192964869,0,0,0,12.6952955,0,0
7.04,7.06,0,-0.00275780882,0,0.237463998,0,-9.73195465,90.4665411,0,0.131806721,0,0.0268842323,0,12.6933442,0,-0.191543544,0,0,0,12.6947893,0,0
7.06,7.08,0,-0.0028901388,0,0.237921679,0,-9.73496618,90.7204033,0,0.127989536,0,0.0268277729,0,12.692878,0,-0.190184474,0,0,0,12.6943028,0,0
7.08,7.1,0,-0.00303197659,0,0.23831843,0,-9.73749978,90.9742563,0,0.124198996,0,0.0267685636,0,12.6924299,0,-0.188877398,0,0,0,12.6938352,0,0
7.1,7.12,0,-0.00317878667,0,0.238659446,0,-9.7395971,91.2281006,0,0.120434156,0,0.0267064609,0,12.6919996,0,-0.187613007,0,0,0,12.6933862,0,0
7.12,7.14,0,-0.0033268652,0,0.238949989,0,-9.74130085,91.4819364,0,0.116694247,0,0.0266414038,0,12.6915869,0,-0.186382951,0,0,0,12.6929553,0,0
7.14,7.16,0,-0.00347324494,0,0.23919526,0,-9.74265359,91.7357642,0,0.112978659,0,0.0265733978,0,12.6911916,0,-0.185179826,0,0,0,12.6925425,0,0
7.16,7.18,0,-0.00361557431,0,0.242840467,0,-9.74374539,91.9895849,0,0.109286893,0,0.0265025011,0,12.6908824,0,-0.183999936,0,0,0,12.6922162,0,0
7.18,7.2,0,-0.00375201441,0,0.242962713,0,-9.7446087,92.2433996,0,0.105618551,0,0.0264288142,0,12.6905896,0,-0.182836611,0,0,0,12.6919066,0,0
7.2,7.22,0,-0.00388122562,0,0.243095248,0,-9.74523,92.4972086,0,0.101973352,0,0.0263524688,0,12.690314,0,-0.181684859,0,0,0,12.6916145,0,0
7.22,7.24,0,-0.00400228934,0,0.243199751,0,-9.74564613,92.7510123,0,0.0983511077,0,0.0262736195,0,12.6900557,0,-0.180540454,0,0,0,12.6913399,0,0
7.24,7.26,0,-0.00411463864,0,0.243280514,0,-9.74589039,93.0048109,0,0.0947517082,0,0.0261924354,0,12.6898147,0,-0.17939988,0,0,0,12.6910827,0,0
7.26,7.28,0,-0.00421799593,0,0.243341102,0,-9.74599309,93.258605,0,0.0911751062,0,0.026109094,0,12.6895911,0,-0.178260268,0,0,0,12.6908431,0,0
7.28,7.3,0,-0.00431231754,0,0.24338471,0,-9.74598149,93.5123947,0,0.0876213064,0,0.0260237759,0,12.6893851,0,-0.17711932,0,0,0,12.6906211,0,0
7.3,7.32,0,-0.00439774486,0,0.243414165,0,-9.74587986,93.7661805,0,0.0840903543,0,0.0259366606,0,12.6891967,0,-0.175975249,0,0,0,12.6904168,0,0
7.32,7.34,0,-0.00447456189,0,0.243431943,0,-9.74570959,94.0199627,0,0.0805823263,0,0.0258479235,0,12.689026,0,-0.174826715,0,0,0,12.6902303,0,0
7.34,7.36,0,-0.00454315866,0,0.243440189,0,-9.74548932,94.2737416,0,0.0770973219,0,0.025757733,0,12.6888733,0,-0.173672764,0,0,0,12.6900617,0,0
7.36,7.38,0,-0.00460400003,0,0.243440739,0,-9.74523511,94.5275177,0,0.0736354561,0,0.0256662489,0,12.6887385,0,-0.172512771,0,0,0,12.6899112,0,0
7.38,7.4,0,-0.00465759957,0,0.243435146,0,-9.74496066,94.7812913,0,0.0701968536,0,0.0255736212,0,12.6886218,0,-0.171346394,0,0,0,12.6897787,0,0
7.4,7.42,0,-0.00470449789,0,0.243424705,0,-9.74467747,95.0350627,0,0.0667816437,0,0.0254799895,0,12.6885234,0,-0.170173522,0,0,0,12.6896645,0,0
7.42,7.44,0,-0.00474524496,0,0.24341048,0,-9.74439508,95.2888324,0,0.0633899556,0,0.0253854823,0,12.6884432,0,-0.168994238,0,0,0,12.6895686,0,0
7.44,7.46,0,-0.00478038605,0,0.243393332,0,-9.74412129,95.5426006,0,0.0600219154,0,0.0252902171,0,12.6883814,0,-0.167808779,0,0,0,12.6894911,0,0
7.46,7.48,0,-0.00481045069,0,0.243373937,0,-9.74386231,95.7963677,0,0.0566776432,0,0.0251943007,0,12.6883381,0,-0.166617507,0,0,0,12.689432,0,0
7.48,7.5,0,-0.00483594441,0,0.243352817,0,-9.74362301,96.0501342,0,0.0533572508,0,0.0250978296,0,12.6883133,0,-0.165420875,0,0,0,12.6893916,0,0
7.5,7.52,0,-0.00485734269,0,0.243330358,0,-9.74340708,96.3039004,0,0.0500608404,0,0.0250008902,0,12.688307,0,-0.164219408,0,0,0,12.6893697,0,0
7.52,7.54,0,-0.00487508692,0,0.243306833,0,-9.74321718,96.5576666,0,0.0467885029,0,0.0249035602,0,12.6883194,0,-0.163013679,0,0,0,12.6893665,0,0
7.54,7.56,0,-0.00488958192,0,0.243282417,0,-9.74305512,96.8114333,0,0.0435403176,0,0.0248059084,0,12.6883503,0,-0.161804293,0,0,0,12.689382,0,0
7.56,7.58,0,-0.00490119489,0,0.243257206,0,-9.742922,97.0652008,0,0.0403163515,0,0.0247079961,0,12.6884,0,-0.160591873,0,0,0,12.6894162,0,0
7.58,7.6,0,-0.00491025528,0,0.243231232,0,-9.74281833,97.3189694,0,0.0371166588,0,0.0246098776,0,12.6884683,0,-0.159377046,0,0,0,12.6894692,0,0
7.6,7.62,0,-0.00491705563,0,0.243204477,0,-9.74274414,97.5727396,0,0.0339412815,0,0.024511601,0,12.6885552,0,-0.158160436,0,0,0,12.6895409,0,0
7.62,7.64,0,-0.00492185304,0,0.243176881,0,-9.74269909,97.8265118,0,0.0307902491,0,0.0244132087,0,12.6886608,0,-0.156942655,0,0,0,12.6896314,0,0
7.64,7.66,0,-0.00492487103,0,0.243148355,0,-9.74268253,98.0802862,0,0.0276635791,0,0.0243147387,0,12.688785,0,-0.155724298,0,0,0,12.6897406,0,0
7.66,7.68,0,-0.00492630182,0,0.243118791,0,-9.74269362,98.3340633,0,0.0245612772,0,0.0242162245,0,12.6889279,0,-0.15450594,0,0,0,12.6898685,0,0
7.68,7.7,0,-0.00492630885,0,0.243088063,0,-9.74273135,98.5878434,0,0.0214833379,0,0.0241176961,0,12.6890893,0,-0.15328813,0,0,0,12.6900152,0,0
7.7,7.72,0,-0.00492502929,0,0.243056041,0,-9.74279462,98.841627,0,0.0184297448,0,0.0240191807,0,12.6892693,0,-0.152071395,0,0,0,12.6901804,0,0
7.72,7.74,0,-0.00492257668,0,0.24302259,0,-9.74288227,99.0954143,0,0.0154004716,0,0.0239207028,0,12.6894677,0,-0.150856232,0,0,0,12.6903644,0,0
7.74,7.76,0,-0.00491904355,0,0.242987575,0,-9.74299313,99.3492058,0,0.0123954819,0,0.0238222848,0,12.6896846,0,-0.149643116,0,0,0,12.6905669,0,0
7.76,7.78,0,-0.00491450389,0,0.242950865,0,-9.74312602,99.6030018,0,0.00941473037,0,0.0237239477,0,12.6899198,0,-0.148432492,0,0,0,12.6907879,0,0
7.78,7.8,0,-0.00490901553,0,0.242912338,0,-9.7432798,99.8568027,0,0.00645816283,0,0.023625711,0,12.6901733,0,-0.147224783,0,0,0,12.6910273,0,0
7.8,7.82,0,-0.0049026224,0,0.242871877,0,-9.74345339,100.110609,0,0.00352571698,0,0.0235275931,0,12.6904451,0,-0.146020387,0,0,0,12.6912852,0,0
7.82,7.84,0,-0.00489535658,0,0.242829374,0,-9.74364574,100.364421,0,0.000617322741,0,0.0234296119,0,12.6907351,0,-0.144819682,0,0,0,12.6915613,0,0
7.84,7.86,-0.000688373389,-0.00488724027,4.8603533e-06,0.242784562,-0.000525717103,-9.7438559,100.618238,-6.66145322e-08,-0.00226709728,-3.39108183e-06,0.0233317845,1.31381056e-08,12.6910431,-1.38285122e-05,-0.143623023,0,0,0,12.6918557,0,0
7.86,7.88,-0.00321090911,-0.0048782912,8.3771512e-05,0.242736175,-0.00180925598,-9.74408276,100.872062,-8.87114025e-07,-0.00512762739,-4.08461712e-05,0.0232341279,7.02617085e-07,12.6913691,-7.46159007e-05,-0.142430745,0,0,0,12.6921683,0,0
7.88,7.9,-0.00619862891,-0.00486853812,0.000297691837,0.242685166,-0.00182146635,-9.74432503,101.125893,-3.29970976e-06,-0.00796435838,-0.000134962396,0.0231366586,4.28558108e-06,12.6917129,-0.000172150328,-0.141243162,0,0,0,12.6924988,0,0
7.9,7.92,-0.008959161,-0.00485802299,0.000651279306,0.242632339,-0.00121390037,-9.74458157,101.379731,-8.00589668e-06,-0.0107773871,-0.000287067147,0.0230393938,1.35770044e-05,12.6920746,-0.000304239421,-0.140060562,0,0,0,12.6928473,0,0
7.92,7.94,-0.0112442986,-0.00484678623,0.001124899,0.24257768,-0.00039362262,-9.74485136,101.633576,-1.5717886e-05,-0.0135668158,-0.000489598754,0.0229423514,3.12023656e-05,12.6924539,-0.000473368181,-0.138883213,0,0,0,12.6932137,0,0
7.94,7.96,-0.0130152333,-0.00483485257,0.00169148143,0.242521013,0.000457130562,-9.74513354,101.887429,-2.72135163e-05,-0.0163327522,-0.000732402507,0.0228455512,5.9300418e-05,12.6928508,-0.000683256851,-0.137711358,0,0,0,12.6935979,0,0
7.96,7.98,-0.0143220187,-0.00482222493,0.0023242315,0.242462157,0.00126891062,-9.74542734,102.141291,-4.33435744e-05,-0.0190753083,-0.00100558224,0.0227490143,9.94621076e-05,12.6932653,-0.000937336664,-0.13654522,0,0,0,12.6939997,0,0
7.98,8,-0.015244041,-0.00480888517,0.00299969692,0.242400957,0.00202590001,-9.74573203,102.39516,-6.50193477e-05,-0.0217946004,-0.00130061131,0.0226527636,0.000152772119,12.6936972,-0.0012381871,-0.135384997,0,0,0,12.6944192,0,0
8,8.02,-0.0158624606,-0.00479479859,0.00369858952,0.242337284,0.00273542518,-9.74604693,102.649039,-9.31940626e-05,-0.0244907488,-0.00161060579,0.0225568234,0.000219886575,12.6941463,-0.00158742988,-0.134230873,0,0,0,12.6948561,0,0
8.02,8.04,-0.016248928,-0.00477994986,0.00440560028,0.23883214,0.00341266538,-9.74632298,102.902925,-0.000128844611,-0.0271638551,-0.00193022726,0.0224612186,0.000301115679,12.6945439,-0.00198583521,-0.133080499,0,0,0,12.6952416,0,0
8.04,8.06,-0.0164622949,-0.00476436475,0.00510883839,0.238810344,0.00407412671,-9.74656694,103.15682,-0.00017295561,-0.029814,-0.00225544939,0.0223659739,0.000396498147,12.6949595,-0.00243343418,-0.1319348,0,0,0,12.6956453,0,0
8.06,8.08,-0.0165489118,-0.00474804732,0.00579919111,0.238744969,0.00473388147,-9.74682957,103.410724,-0.000226506747,-0.0324412804,-0.00258330024,0.0222711132,0.00050586331,12.6953923,-0.00292972999,-0.130794112,0,0,0,12.6960664,0,0
8.08,8.1,-0.0165443043,-0.00473098822,0.00646972756,0.238678037,0.00540317841,-9.74710873,103.664636,-0.000290463587,-0.0350457999,-0.00291162658,0.0221766595,0.000628880682,12.695842,-0.00347383028,-0.129658751,0,0,0,12.6965046,0,0
8.1,8.12,-0.0164752193,-0.00471316927,0.00711519847,0.23860903,0.0060903032,-9.74740312,103.918558,-0.000365770935,-0.0376276679,-0.00323889699,0.0220826354,0.000765098507,12.6963087,-0.00406456955,-0.128529006,0,0,0,12.6969599,0,0
8.12,8.14,-0.0163615516,-0.00469456691,0.00773163684,0.238537799,0.00680095719,-9.74771164,104.172489,-0.000453348378,-0.0401869994,-0.00356404531,0.0219890628,0.000913973295,12.6967921,-0.00470060574,-0.127405146,0,0,0,12.6974322,0,0
8.14,8.16,-0.0162155416,-0.00467515217,0.00827963125,0.238463501,0.00803059636,-9.74803364,104.426429,-0.000554006151,-0.0427239149,-0.00388634063,0.0218959626,0.00107471658,12.6972921,-0.00536363267,-0.126287485,0,0,0,12.6979213,0,0
8.16,8.18,-0.0160504621,-0.00465487305,0.00867525402,0.238385182,0.0107971971,-9.74836856,104.68038,-0.000667785453,-0.0452385429,-0.00420529266,0.0218033486,0.00124488607,12.6978086,-0.00601457799,-0.125176422,0,0,0,12.698427,0,0
8.18,8.2,-0.0158867108,-0.00463368352,0.00896508179,0.238304317,0.0127896885,-9.74871527,104.934342,-0.000794644435,-0.0477310169,-0.00452080086,0.0217112329,0.0014218732,12.6983414,-0.00667451348,-0.12407212,0,0,0,12.6989493,0,0
8.2,8.22,-0.0157336897,-0.00461155688,0.00918150821,0.238221091,0.0142332803,-9.74907337,105.188314,-0.00093491727,-0.0502014739,-0.00483303904,0.0216196292,0.00160391276,12.6988904,-0.00735754657,-0.122974751,0,0,0,12.699488,0,0
8.22,8.24,-0.0155947487,-0.0045884775,0.00934320248,0.238135459,0.0153749925,-9.74944258,105.442298,-0.00108914958,-0.0526500544,-0.00514229014,0.0215285529,0.0017897383,12.6994555,-0.00807130228,-0.121884498,0,0,0,12.7000429,0,0
8.24,8.26,-0.015470397,-0.00456443593,0.00946102075,0.238047352,0.0163528566,-9.74982264,105.696293,-0.00125800008,-0.0550769025,-0.00544886542,0.0214380197,0.00197837191,12.7000365,-0.00881979741,-0.120801553,0,0,0,12.700614,0,0
8.26,8.28,-0.0153599466,-0.00453942637,0.0095413692,0.237956717,0.0172435686,-9.75021333,105.950299,-0.00144218607,-0.0574821665,-0.00575306861,0.0213480456,0.00216900444,12.7006332,-0.00960505756,-0.119726109,0,0,0,12.7012012,0,0
8.28,8.3,-0.0152598814,-0.00451344283,0.00955168045,0.237861772,0.0185813953,-9.75061478,106.204318,-0.00164237205,-0.0598659987,-0.0060551731,0.0212586456,0.00236075157,12.7012456,-0.0104111539,-0.118658464,0,0,0,12.7018042,0,0
8.3,8.32,-0.0151716089,-0.00448646009,0.00941266231,0.237761058,0.0214058357,-9.75102679,106.458349,-0.00185849503,-0.06222856,-0.00635541478,0.0211698245,0.00255118822,12.7018733,-0.0112008522,-0.117599048,0,0,0,12.7024226,0,0
8.32,8.34,-0.0151066861,-0.00445845904,0.00917422653,0.237658877,0.0234159602,-9.75144869,106.712393,-0.00209044303,-0.064570016,-0.00665421184,0.0210815853,0.00273780195,12.7025162,-0.0119968148,-0.116547942,0,0,0,12.7030566,0,0
8.34,8.36,-0.0150679586,-0.00442943758,0.00887120363,0.237555164,0.0248432593,-9.75188061,106.96645,-0.00233851022,-0.0668905339,-0.00695210342,0.0209939348,0.00291898091,12.7031743,-0.0128145819,-0.115505255,0,0,0,12.7037058,0,0
8.36,8.38,-0.0150539127,-0.00439943195,0.00852410412,0.234035235,0.0259380369,-9.75227448,107.220519,-0.00260323187,-0.0691902625,-0.00724962393,0.0209068822,0.00309365438,12.703779,-0.0136633199,-0.114468738,0,0,0,12.7043021,0,0
8.38,8.4,-0.0150614644,-0.00436852841,0.00814521806,0.233974282,0.0268411232,-9.75263753,107.474601,-0.00288528257,-0.07146933,-0.00754725166,0.0208204369,0.00326107273,12.7043996,-0.0145481268,-0.113439203,0,0,0,12.7049143,0,0
8.4,8.42,-0.0150848373,-0.00433679151,0.00770563594,0.233868348,0.02812275,-9.75302083,107.728695,-0.00318533721,-0.0737278802,-0.00784538565,0.0207346064,0.00342050487,12.7050349,-0.0154553892,-0.112417139,0,0,0,12.7055416,0,0
8.42,8.44,-0.0144336374,-0.00430422522,0.00712351633,0.233758044,0.031371405,-9.7534559,107.982803,-0.00350331653,-0.0759660704,-0.00814094474,0.0206493843,0.00356972442,12.7056846,-0.0163357676,-0.111403306,0,0,0,12.7061835,0,0
8.44,8.46,-0.0119698738,-0.00427067865,0.00638098714,0.233648653,0.0345284507,-9.7539404,108.236923,-0.00383850227,-0.0781840711,-0.008403654,0.0205647564,0.00370580477,12.7063486,-0.0171801853,-0.110398258,0,0,0,12.7068398,0,0
8.46,8.48,-0.00906728593,-0.00423621507,0.00545288932,0.233537021,0.0357973907,-9.75441856,108.491057,-0.00419045816,-0.0803820622,-0.00861142691,0.0204806988,0.00382518914,12.7070269,-0.0180156785,-0.109402437,0,0,0,12.7075106,0,0
8.48,8.5,-0.00641711649,-0.00420110148,0.00435590224,0.23342602,0.0360876391,-9.75491099,108.745204,-0.0045591479,-0.0825602341,-0.00876346448,0.0203971825,0.00392428236,12.7077193,-0.0188545432,-0.108416435,0,0,0,12.7081958,0,0
8.5,8.52,-0.00426401413,-0.00416561834,0.00312263671,0.233316511,0.0359510078,-9.75542597,108.999366,-0.00494468549,-0.0847187891,-0.00886779912,0.0203141792,0.00400001495,12.7084258,-0.0197006328,-0.107440851,0,0,0,12.7088952,0,0
8.52,8.54,-0.00264268438,-0.00412997546,0.00178827013,0.233208367,0.0356507636,-9.7559645,109.253541,-0.00534722313,-0.086857941,-0.00893497481,0.0202316647,0.00405001089,12.7091462,-0.0205544611,-0.106476201,0,0,0,12.7096088,0,0
8.54,8.56,-0.00149924678,-0.00409428969,0.000384847319,0.233101093,0.0353017181,-9.75652415,109.507731,-0.00576691194,-0.0889779128,-0.00897519575,0.0201496207,0.00407257311,12.7098803,-0.0214156552,-0.105522897,0,0,0,12.7103364,0,0
8.56,8.58,-0.000751054517,-0.0040585928,-0.00106062706,0.232994097,0.0349451412,-9.75710122,109.761937,-0.00620389653,-0.0910789345,-0.00899722516,0.0200680348,0.00406659733,12.7106281,-0.0222840359,-0.104581238,0,0,0,12.7110779,0,0
8.58,8.6,-0.000314296217,-0.00402285099,-0.00252633613,0.232886805,0.0345880856,-9.75769189,110.016157,-0.00665832354,-0.0931612413,-0.00900812448,0.0199869007,0.00403146772,12.7113894,-0.0231600113,-0.103651433,0,0,0,12.7118331,0,0
8.6,8.62,-0.000115201166,-0.0039870161,-0.0039950682,0.229388397,0.0342235102,-9.75824492,110.270392,-0.00713035707,-0.0952250518,-0.00901336221,0.0199062174,0.00396695804,12.7120963,-0.0240449104,-0.102731309,0,0,0,12.7125341,0,0
8.62,8.64,-9.32572295e-05,-0.00395106059,-0.00545343054,0.229325023,0.0338398284,-9.75876479,110.524641,-0.00762018831,-0.0972705626,-0.00901705706,0.0198259876,0.00387314726,12.7128173,-0.0249400951,-0.101821519,0,0,0,12.7132495,0,0
8.64,8.66,-0.000200827645,-0.00391492605,-0.00689107608,0.229220494,0.0334260934,-9.75929992,110.778904,-0.0081280434,-0.0992979829,-0.00902224419,0.0197462168,0.00375035082,12.7135514,-0.0258476783,-0.100922291,0,0,0,12.7139782,0,0
8.66,8.68,-0.000401372538,-0.00387853906,-0.00830002075,0.229115438,0.0329731313,-9.75984711,111.033183,-0.00865419436,-0.101307526,-0.00903111714,0.0196669132,0.00359906666,12.7142986,-0.0267701106,-0.100033807,0,0,0,12.7147203,0,0
8.68,8.7,-0.000667335875,-0.00384182086,-0.0096740943,0.229009234,0.0324742169,-9.76040446,111.287476,-0.00919896465,-0.103299408,-0.00904522948,0.0195880871,0.00341993362,12.7150586,-0.0277100732,-0.0991562181,0,0,0,12.7154754,0,0
8.7,8.72,-0.000978166904,-0.00380469407,-0.0110085112,0.228901657,0.0319249496,-9.7609706,111.541785,-0.00976273294,-0.105273848,-0.0090656549,0.0195097509,0.00321369954,12.7158314,-0.0286703874,-0.0982896481,0,0,0,12.7162436,0,0
8.72,8.74,-0.00132108947,-0.0037670872,-0.0122630165,0.22879548,0.0308301077,-9.7615445,111.79611,-0.0103460167,-0.107231067,-0.00909312028,0.0194319201,0.00298137321,12.7166168,-0.0296708541,-0.0974340564,0,0,0,12.7170246,0,0
8.74,8.76,-0.0016823555,-0.00372893991,-0.0133527727,0.228691531,0.0281698641,-9.76212618,112.05045,-0.0109501332,-0.109171282,-0.00912810568,0.0193546264,0.00272563584,12.7174147,-0.0307520691,-0.0965892109,0,0,0,12.7178187,0,0
8.76,8.78,-0.00204113331,-0.00369020561,-0.0143239012,0.228582004,0.0262622662,-9.76271546,112.304806,-0.0115765109,-0.111094709,-0.00917069232,0.0192779034,0.0024493479,12.718225,-0.0318942727,-0.095755422,0,0,0,12.7186255,0,0
8.78,8.8,-0.00238765494,-0.00338993505,-0.0152083635,0.228498273,0.0248828085,-9.76479891,112.559179,-0.0122262271,-0.113001472,-0.00922067726,0.0192030458,0.00215452356,12.7190475,-0.0330844636,-0.0949124371,0,0,0,12.7194446,0,0
8.8,8.82,-0.00272056027,-0.00229825832,-0.0159878921,0.228563432,0.0232920565,-9.76789286,112.813568,-0.0129002484,-0.114890946,-0.00927775281,0.0191424129,0.00184276019,12.7198823,-0.0343329892,-0.0940361517,0,0,0,12.7202762,0,0
8.82,8.84,-0.00303644748,-0.000839014201,-0.0165910328,0.228848726,0.0203331133,-9.77184573,113.067974,-0.0136002016,-0.116763171,-0.00934159524,0.0191077138,0.001516985,12.7207279,-0.0356754668,-0.093198623,0,0,0,12.7211193,0,0
8.84,8.86,-0.00332322236,0.000714202747,-0.0170723046,0.225973593,0.0182493484,-9.77713785,113.322397,-0.014327747,-0.118619525,-0.00941167942,0.0191033251,0.00118015669,12.7215145,-0.0370890907,-0.0924571055,0,0,0,12.7219045,0,0
8.86,8.88,-0.00358061932,0.0022154507,-0.0174325002,0.226685551,0.0162794009,-9.78372791,113.576835,-0.0150842237,-0.120462388,-0.00948736615,0.0191295343,0.000834477329,12.722307,-0.0385757002,-0.0918555921,0,0,0,12.7226971,0,0
8.88,8.9,-0.00380798461,0.00359139585,-0.017611459,0.22749451,0.0131336228,-9.7914449,113.831289,-0.0158714893,-0.122294886,-0.00956804281,0.0191845115,0.0004831979,12.7231014,-0.0401650328,-0.0914246414,0,0,0,12.7234932,0,0
8.9,8.92,-0.00399622031,0.00480987251,-0.0176705729,0.228396935,0.0109806785,-9.80000108,114.085759,-0.0166913369,-0.124120649,-0.00965295394,0.0192654075,0.000129366714,12.7238938,-0.0418302841,-0.0911848221,0,0,0,12.7242893,0,0
8.92,8.94,-0.00414535045,0.00586189707,-0.0176514557,0.229356518,0.00951106518,-9.80910199,114.340245,-0.017545092,-0.125943633,-0.00974127755,0.0193689735,-0.000225042985,12.7246809,-0.0435537491,-0.0911480405,0,0,0,12.7250819,0,0
8.94,8.96,-0.00425954235,0.00675132048,-0.0175786654,0.230341376,0.00843031182,-9.81847571,114.594746,-0.0184338098,-0.127767958,-0.00983225139,0.019491916,-0.000578703959,12.7254592,-0.0453253822,-0.0913192037,0,0,0,12.7258675,0,0
8.96,8.98,-0.00434412008,0.00748884195,-0.017466953,0.231324531,0.00757388877,-9.82788602,114.849263,-0.0193583909,-0.129597784,-0.00992521722,0.019631091,-0.000930674378,12.7262252,-0.047139385,-0.0916976605,0,0,0,12.7266429,0,0
8.98,9,-0.00440422361,0.00808852488,-0.0173254084,0.232284061,0.00685021236,-9.83713672,115.103795,-0.0203196453,-0.131437214,-0.0100196259,0.0197836045,-0.00128024767,12.7269761,-0.0489922959,-0.0922784266,0,0,0,12.7274049,0,0
9,9.02,-0.00444776328,0.00856575803,-0.0171080339,0.233203661,0.00551014079,-9.84607114,115.358342,-0.0213184436,-0.133290214,-0.0101150399,0.0199468607,-0.0016266157,12.7277088,-0.0509059078,-0.093052986,0,0,0,12.7281508,0,0
9.02,9.04,-0.00447481251,0.00893605307,-0.0167025381,0.234069444,0.00208063435,-9.85456988,115.612903,-0.0223566721,-0.13516055,-0.0102111253,0.020118597,-0.00196679,12.7284207,-0.0529321642,-0.0940101135,0,0,0,12.7288779,0,0
9.04,9.06,-0.00447045517,0.00921432159,-0.0161803389,0.231528777,-0.000166850873,-9.86249839,115.867478,-0.0234362648,-0.137051736,-0.0103073218,0.0202968579,-0.00229766927,12.7290425,-0.0550376505,-0.095135484,0,0,0,12.729517,0,0
9.06,9.08,-0.00443178618,0.00915313476,-0.0155913888,0.232274379,-0.00156172278,-9.86831424,116.122065,-0.0245585577,-0.138967109,-0.0104029189,0.0204786948,-0.0026174305,12.7296398,-0.0571995446,-0.096437018,0,0,0,12.7301336,0,0
9.08,9.1,-0.00436192956,0.00823463679,-0.01496519,0.232756516,-0.00245994883,-9.87251675,116.376663,-0.0257245351,-0.1409105,-0.0104972274,0.020650334,-0.00292491362,12.7302096,-0.0594043179,-0.0979252458,0,0,0,12.7307249,0,0
9.1,9.12,-0.00426596582,0.00689504094,-0.0143194952,0.232944115,-0.0030615114,-9.87524559,116.631273,-0.0269349558,-0.142884794,-0.0105896493,0.020798907,-0.00321942669,12.7307517,-0.061642688,-0.0995139404,0,0,0,12.7312898,0,0
9.12,9.14,-0.00354304551,0.00541864234,-0.0136695638,0.232847145,-0.00302171848,-9.8759816,116.885893,-0.0281903672,-0.144891244,-0.0106767109,0.0209191071,-0.0035006477,12.7312669,-0.0638962608,-0.101130304,0,0,0,12.7318289,0,0
9.14,9.16,-0.00119000411,0.00396024992,-0.0130833559,0.232500829,-0.00219756815,-9.8747817,117.140524,-0.0294906654,-0.146929815,-0.0107310289,0.0210099007,-0.00376904582,12.7317573,-0.0661314187,-0.102717989,0,0,0,12.7323434,0,0
9.16,9.18,0.00158322511,0.00260089526,-0.0126192685,0.231951678,-0.00240017045,-9.87187806,117.395163,-0.0308355353,-0.148999483,-0.0107324395,0.0210725368,-0.00402659568,12.7322252,-0.068353709,-0.104233796,0,0,0,12.7328353,0,0
9.18,9.2,0.00416421612,0.00137949515,-0.0122847255,0.231247174,-0.00308001125,-9.86759732,117.649812,-0.0322247201,-0.151098475,-0.0106795816,0.0211094214,-0.00427589272,12.7326732,-0.0705622549,-0.105645892,0,0,0,12.7333069,0,0
9.2,9.22,0.00633252541,0.000310798813,-0.0120648942,0.230430787,-0.00389285524,-9.86227196,117.90447,-0.0336579021,-0.153224477,-0.0105789712,0.0211234754,-0.00451943268,12.7331039,-0.0727524989,-0.106931892,0,0,0,12.7337608,0,0
9.22,9.24,0.00805253978,-0.000604220733,-0.0119378492,0.229540922,-0.00468647813,-9.85621277,118.159137,-0.0351346615,-0.155374811,-0.0104394439,0.0211177661,-0.00475933122,12.7335203,-0.0749191051,-0.108077218,0,0,0,12.7341994,0,0
9.24,9.26,0.00936713814,-0.0013722997,-0.011881551,0.228610449,-0.0054046223,-9.84969572,118.413811,-0.0366544756,-0.157546573,-0.0102696372,0.0210952987,-0.00499725766,12.7339251,-0.0770572174,-0.109073702,0,0,0,12.7346253,0,0
9.26,9.28,0.0103451838,-0.00200430702,-0.0118766625,0.2276667,-0.00603643964,-9.84295696,118.668493,-0.0382167335,-0.159736746,-0.010077007,0.0210589009,-0.00523446318,12.7343207,-0.0791628963,-0.109918366,0,0,0,12.7350411,0,0
9.28,9.3,0.0110572178,-0.00251311336,-0.0119073404,0.226731759,-0.00659051858,-9.83619242,118.923184,-0.0398207551,-0.161942302,-0.00986758462,0.021011163,-0.00547184366,12.7347097,-0.081233173,-0.110612376,0,0,0,12.7354491,0,0
9.3,9.32,0.0115655193,-0.0029123084,-0.0119611147,0.225822935,-0.00708202997,-9.82955992,119.177882,-0.0414658101,-0.164160266,-0.00964605904,0.0209544113,-0.00571000863,12.7350943,-0.0832659411,-0.111160121,0,0,0,12.7358516,0,0
9.32,9.34,0.0119211766,-0.00321542365,-0.012028418,0.224953304,-0.00752674801,-9.82318254,119.432588,-0.0431511332,-0.166387777,-0.00941598048,0.0208907012,-0.00594934417,12.7354765,-0.085259798,-0.111568434,0,0,0,12.7362506,0,0
9.34,9.36,0.0121643203,-0.00343549117,-0.0121020348,0.220813387,-0.00793815788,-9.81710567,119.6873,-0.0448759327,-0.168622111,-0.00917998581,0.0208218234,-0.00619006554,12.7357918,-0.0872134736,-0.111843599,0,0,0,12.7365815,0,0
9.36,9.38,0.0123256293,-0.00358478176,-0.012176586,0.220091204,-0.00832833193,-9.81140215,119.942019,-0.0466394037,-0.170860703,-0.00894000467,0.0207493156,-0.00643225926,12.7361092,-0.0891268999,-0.111996049,0,0,0,12.7369134,0,0
9.38,9.4,0.0124281336,-0.00367458319,-0.0122480946,0.219389718,-0.00870558209,-9.80616449,120.196745,-0.0484407392,-0.173101206,-0.00869743089,0.0206744805,-0.00667591566,12.7364292,-0.0909999128,-0.112036516,0,0,0,12.7372471,0,0
9.4,9.42,0.0124888859,-0.00371512772,-0.0123136393,0.218749599,-0.00907636034,-9.80141497,120.451476,-0.050279131,-0.175341491,-0.00845325898,0.0205984056,-0.00692095375,12.7367532,-0.0928325551,-0.111976055,0,0,0,12.7375837,0,0
9.42,9.44,0.0125203949,-0.00371557166,-0.0123710863,0.218170282,-0.00944528466,-9.79716104,120.706215,-0.0521537734,-0.177579649,-0.00820818918,0.0205219849,-0.00716723991,12.7370822,-0.0946250032,-0.111825736,0,0,0,12.7379245,0,0
9.44,9.46,0.0125317751,-0.00368401127,-0.0124188858,0.217650187,-0.0098155453,-9.79339776,120.96096,-0.0540638649,-0.179813993,-0.00796270663,0.0204459399,-0.00741460187,12.7374171,-0.0963775176,-0.111596391,0,0,0,12.7382706,0,0
9.46,9.48,0.0125296351,-0.00362752336,-0.0124559204,0.217186732,-0.0101892476,-9.79011056,121.215712,-0.0560086099,-0.182043047,-0.00771714017,0.0203708403,-0.00766283915,12.7377587,-0.098090405,-0.111298433,0,0,0,12.7386226,0,0
9.48,9.5,0.0125187508,-0.00355222243,-0.0124813935,0.216776607,-0.0105676881,-9.78727756,121.47047,-0.0579872191,-0.184265539,-0.00747170551,0.0202971242,-0.00791173085,12.7381075,-0.0997639922,-0.110941715,0,0,0,12.7389813,0,0
9.5,9.52,0.012502566,-0.00346332847,-0.0124947477,0.216416003,-0.0109515693,-9.78487162,121.725236,-0.0599989098,-0.186480386,-0.00722653675,0.0202251162,-0.0081610415,12.7384641,-0.101398606,-0.110535435,0,0,0,12.7393472,0,0
9.52,9.54,0.0124835602,-0.00336524092,-0.0124956053,0.216100808,-0.011341163,-9.78286205,121.980009,-0.0620429057,-0.188686683,-0.00698170916,0.0201550447,-0.0084105254,12.7388289,-0.102994563,-0.110088069,0,0,0,12.7397209,0,0
9.54,9.56,0.012463517,-0.00326161554,-0.0124837249,0.215826759,-0.0117364318,-9.78121602,122.234789,-0.0641184365,-0.190883686,-0.00673725576,0.0200870576,-0.00865993004,12.739202,-0.104552153,-0.109607346,0,0,0,12.7401026,0,0
9.56,9.58,0.0124437196,-0.00315544169,-0.01245897,0.215589573,-0.0121371196,-9.77989977,122.489577,-0.0662247378,-0.193070801,-0.00649317914,0.0200212362,-0.00890899858,12.7395838,-0.106071643,-0.109100234,0,0,0,12.7404925,0,0
9.58,9.6,0.0124250902,-0.003049118,-0.0124212862,0.215385044,-0.0125428179,-9.77887953,122.744372,-0.0683610498,-0.195247561,-0.00624946007,0.019957608,-0.00915747194,12.7399743,-0.107553266,-0.108572951,0,0,0,12.7408909,0,0
9.6,9.62,0.0124082913,-0.00294452513,-0.0123706845,0.215209118,-0.012953014,-9.77812226,122.999176,-0.0705266173,-0.197413621,-0.00600606365,0.0198961576,-0.00940509036,12.7403736,-0.108997219,-0.108030987,0,0,0,12.7412978,0,0
9.62,9.64,0.0123937981,-0.00284309451,-0.0123072292,0.215057954,-0.0133671263,-9.77759626,123.253987,-0.0727206885,-0.199568735,-0.00576294373,0.0198368363,-0.00965159463,12.7407816,-0.110403665,-0.107479144,0,0,0,12.7417133,0,0
9.64,9.66,0.01238195,-0.00274587249,-0.0122310283,0.21492796,-0.0137845302,-9.77727154,123.508807,-0.0749425147,-0.201712749,-0.00552004617,0.0197795708,-0.00989672723,12.7411984,-0.111772731,-0.106921572,0,0,0,12.7421373,0,0
9.66,9.68,0.0123729876,-0.00265357928,-0.0121422273,0.214815819,-0.0142045762,-9.77712015,123.763635,-0.0771913492,-0.203845584,-0.00527731113,0.0197242697,-0.0101402331,12.7416239,-0.113104508,-0.106361824,0,0,0,12.7425698,0,0
9.68,9.7,0.0123670793,-0.00256666261,-0.0120410037,0.214718509,-0.0146266044,-9.77711633,124.018472,-0.0794664468,-0.205967227,-0.00503467479,0.0196708302,-0.0103818605,12.7420579,-0.11439905,-0.105802901,0,0,0,12.7430107,0,0
9.7,9.72,0.0123643399,-0.00248534602,-0.0119275627,0.2146333,-0.0150499533,-9.77723665,124.273318,-0.0817670631,-0.208077722,-0.00479207062,0.0196191423,-0.0106213614,12.7425004,-0.115656378,-0.105247309,0,0,0,12.7434599,0,0
9.72,9.74,0.0123648443,-0.00240967178,-0.0118021343,0.214557757,-0.0154739684,-9.77746001,124.528172,-0.0840924537,-0.210177156,-0.00454943028,0.0195690935,-0.0108584925,12.7429511,-0.116876478,-0.104697106,0,0,0,12.7439172,0,0
9.74,9.76,0.0123686369,-0.00233953872,-0.0116649704,0.214489728,-0.0158980065,-9.77776759,124.783036,-0.0864418737,-0.212265653,-0.00430668437,0.0195205717,-0.0110930151,12.74341,-0.118059305,-0.104153959,0,0,0,12.7443825,0,0
9.76,9.78,0.0123757387,-0.00227473516,-0.0115163425,0.214427334,-0.0163214404,-9.77814283,125.037909,-0.0888145769,-0.21434337,-0.00406376292,0.0194734677,-0.011324696,12.7438768,-0.119204778,-0.103619187,0,0,0,12.7448556,0,0
9.78,9.8,0.0123861388,-0.0022149964,-0.0113565414,0.211073771,-0.0167432497,-9.77852467,125.29279,-0.0912098076,-0.216410464,-0.00382059596,0.0194276771,-0.0115533077,12.7442856,-0.120312032,-0.103091601,0,0,0,12.7452704,0,0
9.8,9.82,0.0123998173,-0.00216004439,-0.0111858733,0.211061359,-0.0171635867,-9.77890776,125.54768,-0.0936268074,-0.21846709,-0.00357711401,0.0193831008,-0.0117786287,12.7447028,-0.121381674,-0.102572488,0,0,0,12.7456936,0,0
9.82,9.84,0.0124167563,-0.00210954336,-0.0110046569,0.211013043,-0.0175815422,-9.77933045,125.802579,-0.0960648226,-0.220513425,-0.00333324806,0.0193396454,-0.012000444,12.7451277,-0.122413529,-0.102062575,0,0,0,12.7461242,0,0
9.84,9.86,0.0124369257,-0.00206312161,-0.0108132245,0.210966368,-0.0179965823,-9.77978203,126.057485,-0.0985230954,-0.222549658,-0.0030889297,0.0192972247,-0.0122185452,12.74556,-0.123407407,-0.101562388,0,0,0,12.746562,0,0
9.86,9.88,0.0124602856,-0.00202038752,-0.0106119198,0.210920114,-0.0184081936,-9.78025395,126.312401,-0.101000864,-0.224575988,-0.00284409135,0.0192557599,-0.0124327305,12.7459995,-0.124363088,-0.101072276,0,0,0,12.7470069,0,0
9.88,9.9,0.0124867739,-0.00225869506,-0.0104011094,0.210842129,-0.0188156396,-9.77914983,126.567325,-0.103497363,-0.226592726,-0.00259866638,0.0192138305,-0.0126428019,12.746446,-0.125280386,-0.100614265,0,0,0,12.7474587,0,0
9.9,9.92,0.0125162172,-0.0033414915,-0.0101812751,0.210604052,-0.0192183536,-9.77697719,126.822259,-0.106011822,-0.228600985,-0.00235258873,0.0191582432,-0.0128485417,12.7468989,-0.126159085,-0.100214062,0,0,0,12.7479171,0,0
9.92,9.94,0.0125484787,-0.00481693439,-0.00995289348,0.210131738,-0.0196164962,-9.77390155,127.077201,-0.108543466,-0.230601166,-0.00210579333,0.0190765236,-0.013049753,12.7473596,-0.126998719,-0.0997946207,0,0,0,12.7483828,0,0
9.94,9.96,0.012583505,-0.00639337037,-0.00971637353,0.209435802,-0.0200097101,-9.76935441,127.332153,-0.111091508,-0.232592223,-0.00185821627,0.0189640139,-0.0132462725,12.7478303,-0.1277989,-0.0992928102,0,0,0,12.7488576,0,0
9.96,9.98,0.0126212716,-0.00791521415,-0.00947209097,0.208552106,-0.020397617,-9.76338407,127.587115,-0.113655157,-0.234572021,-0.0016097947,0.0188204078,-0.0134379559,12.7483141,-0.128559305,-0.0986622786,0,0,0,12.7493441,0,0
9.98,10,0.0126617559,-0.00930422732,-0.00922040735,0.207524131,-0.0207798449,-9.75622501,127.842086,-0.116233613,-0.236537638,-0.00136046714,0.018647668,-0.0136246699,12.7488144,-0.129279654,-0.0978703606,0,0,0,12.7498455,0,0
10,10.02,0.0127049261,-0.0105260348,-0.00896167998,0.206395483,-0.0211560391,-9.74818155,128.097067,-0.118826074,-0.238485615,-0.00111017373,0.0184488441,-0.0138062885,12.7493344,-0.129959689,-0.096895583,0,0,0,12.7503649,0,0
10.02,10.04,0.012750738,-0.0115709586,-0.00869626662,0.205206086,-0.0215258687,-9.73956589,128.35206,-0.12143173,-0.240412159,-0.000858856562,0.0182274033,-0.013982691,12.7498776,-0.130599159,-0.0957255913,0,0,0,12.7509058,0,0
10.04,10.06,0.0151291444,-0.0124430912,-0.0084411755,0.203984697,-0.0200808562,-9.73057808,128.607063,-0.124049543,-0.242313303,-0.000594980406,0.0179868565,-0.0141538068,12.7504478,-0.131150994,-0.0943554124,0,0,0,12.7514714,0,0
10.06,10.08,0.0256342742,-0.0131545982,-0.00839446336,0.202729518,-0.0152576453,-9.72139666,128.862078,-0.126676296,-0.244185044,-0.000205230037,0.0177305537,-0.0143215843,12.751049,-0.131488189,-0.0927856157,0,0,0,12.7520645,0,0
10.08,10.1,0.0441478882,-0.0137216003,-0.00885164618,0.201438139,-0.0137719903,-9.71230943,129.117105,-0.129307451,-0.246023424,0.000478997516,0.0174615835,-0.0144928691,12.751683,-0.13157974,-0.091020263,0,0,0,12.7526867,0,0
10.1,10.12,0.0677164249,-0.014161886,-0.0102095061,0.200143934,-0.014598535,-9.70347391,129.372145,-0.131937302,-0.247824592,0.00158910509,0.0171827431,-0.0146820411,12.7523526,-0.131345838,-0.0890656847,0,0,0,12.75334,0,0
10.12,10.14,0.0934461358,-0.0144941392,-0.012687699,0.195607428,-0.0177765816,-9.69490473,129.627199,-0.134558626,-0.249584823,0.00319581409,0.0168965594,-0.0149097539,12.752995,-0.130716017,-0.0869275215,0,0,0,12.7539611,0,0
10.14,10.16,0.119130718,-0.0147373252,-0.0163519439,0.194442558,-0.0228997061,-9.68662838,129.882265,-0.137162868,-0.251300527,0.00531881931,0.016605343,-0.0151994516,12.7536792,-0.12962766,-0.0846144061,0,0,0,12.7546187,0,0
10.16,10.18,0.142734412,-0.0149096301,-0.0211016528,0.193327267,-0.0305700181,-9.67872317,130.137346,-0.139740442,-0.25296829,0.00793772637,0.0163112544,-0.0155744566,12.7544071,-0.12805753,-0.0821348874,0,0,0,12.7553144,0,0
10.18,10.2,0.162930282,-0.0150266661,-0.0266579369,0.192312498,-0.0416064119,-9.67116434,130.392442,-0.142282131,-0.25458487,0.0109908241,0.0160163448,-0.0160536582,12.7551805,-0.126023874,-0.079497389,0,0,0,12.7560508,0,0
10.2,10.22,0.180572047,-0.0151018424,-0.0329262675,0.191365442,-0.0510420197,-9.66388636,130.647554,-0.144777652,-0.256147176,0.0144221803,0.0157225993,-0.0166522273,12.756002,-0.12343223,-0.0767084175,0,0,0,12.7568298,0,0
10.22,10.24,0.194652835,-0.0151456507,-0.0397126616,0.190525955,-0.0616836539,-9.65693067,130.902682,-0.147215609,-0.257652235,0.0181694756,0.0154319732,-0.0173830458,12.7568736,-0.120278831,-0.0737738109,0,0,0,12.7576539,0,0
10.24,10.26,0.205146533,-0.0151645743,-0.0466856275,0.189758132,-0.0749870443,-9.65024663,131.157829,-0.149585403,-0.259097194,0.0221599562,0.0151463418,-0.0182527996,12.7577957,-0.116607926,-0.0706989305,0,0,0,12.7585245,0,0
10.26,10.28,0.212524944,-0.0148839117,-0.0536995678,0.189078544,-0.0872065295,-9.64537371,131.412994,-0.151876209,-0.260479166,0.0263262851,0.0148688569,-0.0192639897,12.75877,-0.112386554,-0.06746476,0,0,0,12.7594433,0,0
10.28,10.3,0.217388394,-0.013740049,-0.0605244151,0.188580855,-0.10051973,-9.6417589,131.66818,-0.154077407,-0.26179453,0.0306121798,0.0146143416,-0.0204143568,12.7597966,-0.107639026,-0.0640484909,0,0,0,12.7604113,0,0
10.3,10.32,0.22032074,-0.0121852557,-0.0670688382,0.188330661,-0.112720087,-9.6391832,131.923387,-0.156178056,-0.263040404,0.0349734586,0.0143967837,-0.021698979,12.7608748,-0.102342903,-0.0605280828,0,0,0,12.7614287,0,0
10.32,10.34,0.221815127,-0.0105101881,-0.0730799582,0.188266219,-0.127467618,-9.63818915,132.178615,-0.158167956,-0.2642154,0.039376681,0.0142221347,-0.0231090438,12.7620004,-0.0965687143,-0.0569697457,0,0,0,12.7624929,0,0
10.34,10.36,0.222287666,-0.00886859047,-0.078457815,0.185106269,-0.14264808,-9.63864539,132.433866,-0.160037708,-0.265319242,0.0437975632,0.0140917514,-0.0246324039,12.7631044,-0.090329647,-0.0534189764,0,0,0,12.7635358,0,0
10.36,10.38,0.222063601,-0.0073367612,-0.0831403746,0.185336791,-0.158015185,-9.64029845,132.68914,-0.161778123,-0.266352432,0.0482192191,0.0140045089,-0.0262554506,12.7642484,-0.0836363191,-0.0499090342,0,0,0,12.76462,0,0
10.38,10.4,0.221390357,-0.00594725501,-0.0870876035,0.185579825,-0.173520903,-9.64287422,132.944437,-0.163380195,-0.267316022,0.0526304622,0.013957985,-0.0279636407,12.7654269,-0.0764965836,-0.0464617241,0,0,0,12.7657407,0,0
10.4,10.42,0.220452084,-0.0047082009,-0.0902666107,0.185823411,-0.18925662,-9.64604855,133.199757,-0.164835086,-0.268211405,0.0570243986,0.0139491297,-0.0297418158,12.7666352,-0.068921452,-0.043089814,0,0,0,12.766894,0,0
10.42,10.44,0.218660629,-0.00361397081,-0.0926313602,0.186040751,-0.206133558,-9.64972915,133.455102,-0.166134357,-0.269040162,0.0613937445,0.0139746197,-0.0315740657,12.767868,-0.0609445828,-0.0398001517,0,0,0,12.7680755,0,0
10.44,10.46,0.214914693,-0.00264928856,-0.0940877388,0.186216271,-0.224172052,-9.65371885,133.710472,-0.167270541,-0.269803981,0.0657048987,0.0140310167,-0.0334432138,12.76912,-0.0526135431,-0.0365957327,0,0,0,12.7692809,0,0
10.46,10.48,0.21073137,-0.00179705084,-0.094556201,0.186252827,-0.241159065,-9.65748632,133.965867,-0.168236553,-0.270504544,0.069934563,0.0141147994,-0.0353301735,12.7703863,-0.0439294122,-0.0334740388,0,0,0,12.7705057,0,0
10.48,10.5,0.206081214,-0.00104124399,-0.094009625,0.186171691,-0.258574907,-9.66126751,134.221287,-0.169025537,-0.271143473,0.0740791153,0.0142224305,-0.0372148347,12.7716615,-0.0349194884,-0.0304319253,0,0,0,12.7717455,0,0
10.5,10.52,0.19991561,-0.000364255353,-0.092407628,0.182775071,-0.276487119,-9.66500039,134.476733,-0.16963143,-0.271722317,0.0781130563,0.0143503973,-0.0390766429,12.7728768,-0.0256192934,-0.0274642282,0,0,0,12.772932,0,0
10.52,10.54,0.193310807,0.000248731793,-0.0897154371,0.182495649,-0.293257348,-9.66840642,134.732203,-0.170048403,-0.272242502,0.0820208713,0.0144951546,-0.040894136,12.7740934,-0.0160349431,-0.0245657205,0,0,0,12.7741271,0,0
10.54,10.56,0.186035854,0.00107376089,-0.085887374,0.182079457,-0.310319479,-9.67318055,134.987697,-0.170271232,-0.272705294,0.0857881891,0.0146543832,-0.0426450695,12.775306,-0.00620654212,-0.021713867,0,0,0,12.775326,0,0
10.56,10.58,0.178918647,0.00265468157,-0.0809169098,0.181676358,-0.326628127,-9.67874921,135.243215,-0.170295121,-0.273111146,0.0894142176,0.0148368073,-0.0443055643,12.7765112,0.00385340968,-0.0188813286,0,0,0,12.7765257,0,0
10.58,10.6,0.171533484,0.00457185713,-0.0748737877,0.181453956,-0.342069377,-9.68510033,135.498757,-0.170115588,-0.27346114,0.0928944464,0.015050466,-0.04585213,12.7777066,0.014153792,-0.0161372038,0,0,0,12.7777246,0,0
10.6,10.62,0.165178051,0.00655426601,-0.0679057862,0.181398392,-0.353731489,-9.6923805,135.754323,-0.169726842,-0.273757556,0.0962376866,0.0152962494,-0.0472648836,12.7788916,0.0247633298,-0.0135326244,0,0,0,12.7789227,0,0
10.62,10.64,0.159515645,0.00845831721,-0.059979397,0.181414066,-0.36752826,-9.70114234,136.009912,-0.169123443,-0.27400369,0.0994665905,0.0155709087,-0.0485243707,12.7800586,0.0356249471,-0.0111139155,0,0,0,12.7801131,0,0
10.64,10.66,0.153224656,0.0102147376,-0.0512379025,0.181612383,-0.379431497,-9.71119994,136.265525,-0.168299946,-0.274203519,0.102576185,0.0158692529,-0.0496136494,12.7812065,0.0467671848,-0.00890656549,0,0,0,12.7812951,0,0
10.66,10.68,0.14775324,0.0117940151,-0.0416398001,0.181820684,-0.390919524,-9.72158054,136.521161,-0.167251016,-0.274361502,0.10556924,0.0161850243,-0.0505157636,12.7823299,0.0581832295,-0.00693016449,0,0,0,12.7824642,0,0
10.68,10.7,0.142887362,0.0131885468,-0.0313919331,0.182179083,-0.399631324,-9.73270206,136.776818,-0.165970328,-0.274482285,0.108465725,0.016511808,-0.0512163709,12.7834296,0.0699337197,-0.00518846331,0,0,0,12.7836219,0,0
10.7,10.72,0.137339198,0.0144044165,-0.0204954773,0.182580712,-0.409117746,-9.7443419,137.032498,-0.164451736,-0.27457066,0.111259224,0.0168433076,-0.0517028157,12.7845012,0.0819862947,-0.003688145,0,0,0,12.7847646,0,0
10.72,10.74,0.132584966,0.0154531109,-0.0091175054,0.18309835,-0.414278906,-9.75551296,137.288198,-0.162688268,-0.274631349,0.113951814,0.0171735565,-0.0519641623,12.785548,0.0944331102,-0.00241803738,0,0,0,12.7858969,0,0
10.74,10.76,0.128499456,0.0163489165,0.00257890781,0.183713945,-0.417399679,-9.76675603,137.543919,-0.160671471,-0.274668842,0.116563237,0.0174972245,-0.0519929375,12.7865709,0.107318819,-0.0013671577,0,0,0,12.7870213,0,0
10.76,10.78,0.123953899,0.0168440708,0.0145217625,0.184354424,-0.419887674,-9.77643518,137.799661,-0.158392588,-0.274687537,0.119090681,0.0178083032,-0.0517842561,12.7875692,0.12064852,-0.00054629198,0,0,0,12.7881383,0,0
10.78,10.8,0.120203027,0.0164189157,0.0266556516,0.181649386,-0.420200226,-9.78417706,138.055421,-0.155842273,-0.274692307,0.121538232,0.018090138,-0.0513355854,12.7884793,0.134465548,3.79985632e-05,0,0,0,12.7891862,0,0
10.8,10.82,0.117016978,0.0155177073,0.0388958571,0.181982705,-0.419852931,-9.79078935,138.3112,-0.153010708,-0.274687017,0.123924293,0.0183272695,-0.050645865,12.7893661,0.148767942,0.000472807681,0,0,0,12.7902313,0,0
10.82,10.84,0.113235663,0.0144312871,0.0512200204,0.182068371,-0.419624251,-9.79571062,138.566996,-0.149888501,-0.274673916,0.12624344,0.0185120797,-0.0497143602,12.7902296,0.163532171,0.000830232538,0,0,0,12.791275,0,0
10.84,10.86,0.110122834,0.0133198387,0.063515963,0.182048143,-0.416416614,-9.79823243,138.822809,-0.146466008,-0.274653892,0.128496946,0.0186414355,-0.0485404502,12.7910757,0.1788206,0.00117666694,0,0,0,12.7923256,0,0
10.86,10.88,0.107559241,0.0122694991,0.0755187523,0.182034356,-0.408965098,-9.79925948,139.078639,-0.142731467,-0.274626522,0.130701153,0.0187152448,-0.0471280759,12.7919134,0.194727541,0.00157042016,0,0,0,12.7933956,0,0
10.88,10.9,0.104547575,0.0113226279,0.0872297567,0.181907883,-0.402268138,-9.79907858,139.334485,-0.138673053,-0.274590555,0.132852453,0.0187349352,-0.0454827164,12.7927439,0.21122655,0.00204388985,0,0,0,12.7944877,0,0
10.9,10.92,0.10214857,0.0104968809,0.0984268715,0.181839301,-0.390540862,-9.79739224,139.590348,-0.134277676,-0.274543957,0.134952794,0.0187029437,-0.0436124435,12.7935761,0.228431066,0.00263813461,0,0,0,12.7956156,0,0
10.92,10.94,0.100741807,0.00979725668,0.109025412,0.181732658,-0.377536436,-9.7947703,139.846228,-0.129530929,-0.274484071,0.137018805,0.018622379,-0.0415281668,12.794413,0.246367835,0.00337602261,0,0,0,12.7967852,0,0
10.94,10.96,0.100321665,0.00922183109,0.118917563,0.178441654,-0.363441853,-9.79150593,140.102124,-0.124417851,-0.274407816,0.139070286,0.0184966853,-0.0392426322,12.7951933,0.265069866,0.00427816658,0,0,0,12.7979393,0,0
10.96,10.98,0.100725601,0.00876465133,0.127997083,0.178365987,-0.348304484,-9.78782979,140.358036,-0.118922828,-0.274311751,0.14112505,0.0183295825,-0.0367707809,12.7959829,0.284566286,0.0053590143,0,0,0,12.7991478,0,0
10.98,11,0.101745928,0.00841743094,0.136196149,0.178233952,-0.332664776,-9.78395094,140.613964,-0.113029759,-0.274192197,0.143197049,0.0181249455,-0.0341292683,12.7967812,0.304876857,0.00662834277,0,0,0,12.8004142,0,0
11,11.02,0.103183773,0.00817051779,0.143473024,0.178072289,-0.316795051,-9.77999457,140.869907,-0.106722221,-0.274045317,0.145296095,0.0178866894,-0.0313358221,12.7975873,0.32601518,0.00809225567,0,0,0,12.8017417,0,0
11.02,11.04,0.104869393,0.0080135079,0.149804428,0.177876823,-0.300836971,-9.77606441,141.125867,-0.0999835507,-0.273867185,0.147428298,0.0176187007,-0.0284088104,12.7983991,0.347991442,0.00975394854,0,0,0,12.803133,0,0
11.04,11.06,0.106667191,0.00793567407,0.155171992,0.177652813,-0.284759087,-9.77224637,141.381843,-0.0927968897,-0.27365383,0.149596717,0.0173248004,-0.0253669698,12.7992145,0.370817457,0.0116148424,0,0,0,12.8045902,0,0
11.06,11.08,0.107859273,0.00792581286,0.15955228,0.17741328,-0.268740654,-9.7689391,141.637836,-0.0851451057,-0.273401264,0.151799013,0.0170087747,-0.0222295402,12.8000303,0.394499813,0.0136739086,0,0,0,12.8061155,0,0
11.08,11.1,0.107345727,0.00796920377,0.163007311,0.173981594,-0.253345648,-9.76603479,141.893844,-0.0770113132,-0.273105585,0.154006724,0.0166742793,-0.0190155171,12.8007798,0.419018247,0.0159255367,0,0,0,12.8076459,0,0
11.1,11.12,0.106285744,0.0080524186,0.165625014,0.173696684,-0.23727743,-9.76308276,142.149867,-0.0683787809,-0.272763003,0.156197217,0.0163246199,-0.0157421396,12.8015229,0.444373678,0.0183628194,0,0,0,12.8092464,0,0
11.12,11.14,0.105252782,0.00816575959,0.167440489,0.173357851,-0.221060201,-9.76042371,142.405905,-0.0592307917,-0.272369887,0.158365806,0.0159628468,-0.0124254806,12.8022547,0.470562982,0.0209774791,0,0,0,12.8109171,0,0
11.14,11.16,0.104437964,0.00830188168,0.168465294,0.173008768,-0.205009986,-9.75815988,142.661957,-0.0495507327,-0.271922774,0.160515036,0.0155918848,-0.00908119471,12.8029709,0.49757929,0.0237612067,0,0,0,12.8126583,0,0
11.16,11.18,0.103855973,0.00845493548,0.168704057,0.172648432,-0.189280333,-9.756298,142.918024,-0.039322149,-0.27141836,0.162649304,0.0152145969,-0.0057247971,12.8036667,0.525413886,0.0267063903,0,0,0,12.8144705,0,0
11.18,11.2,0.102836043,0.00861958488,0.168166464,0.16914546,-0.174433716,-9.75504444,143.174103,-0.0285288283,-0.270853479,0.164769475,0.0148338103,-0.00237170066,12.8042748,0.554044887,0.0298060834,0,0,0,12.8162907,0,0
11.2,11.22,0.100280335,0.0090964917,0.166941223,0.168815126,-0.160934382,-9.75604076,143.430194,-0.0171553742,-0.270225054,0.166850732,0.0144537018,0.000963727856,12.8048542,0.58341992,0.0330709959,0,0,0,12.818181,0,0
11.22,11.24,0.0973351283,0.0105064284,0.165147503,0.168588745,-0.147607973,-9.75829326,143.686297,-0.00518726897,-0.269529372,0.168874008,0.014090978,0.00427173533,12.8054,0.613509145,0.0365188875,0,0,0,12.8201403,0,0
11.24,11.26,0.0945581361,0.0123440656,0.162819937,0.168612294,-0.134395841,-9.76178107,143.94241,0.00738975638,-0.268763689,0.170837938,0.0137613146,0.00754395448,12.8059067,0.644311343,0.0400569045,0,0,0,12.8221679,0,0
11.26,11.28,0.0921238856,0.014284339,0.159979691,0.168872724,-0.12172245,-9.76717706,144.198533,0.0205898863,-0.267927006,0.172748053,0.0134717486,0.0107710475,12.8063677,0.675815325,0.0436075956,0,0,0,12.8242614,0,0
11.28,11.3,0.0900333045,0.0161546008,0.156668672,0.166216219,-0.110237635,-9.7743498,144.454664,0.034426869,-0.267019683,0.174611413,0.013224455,0.013943552,12.8067135,0.70799244,0.0471127875,0,0,0,12.8263551,0,0
11.3,11.32,0.088221531,0.018134063,0.152925546,0.166878928,-0.0998811892,-9.78452173,144.710801,0.0489138892,-0.266042982,0.176434342,0.0130203013,0.0170525271,12.8070002,0.740810891,0.0505495965,0,0,0,12.8285077,0,0
11.32,11.34,0.0866059688,0.0207241437,0.148815958,0.167751802,-0.0910753158,-9.79686048,144.966943,0.0640632897,-0.264998168,0.17822168,0.0128698968,0.0200918655,12.8072202,0.774225343,0.0539099561,0,0,0,12.830714,0,0
11.34,11.36,0.0844985225,0.0234834619,0.144405183,0.168903012,-0.084173347,-9.81103934,145.223089,0.0798866578,-0.26388772,0.179973699,0.0127825236,0.0230566074,12.8073663,0.808197982,0.0570983245,0,0,0,12.8329684,0,0
11.36,11.38,0.0808195815,0.0261357932,0.139833417,0.167182302,-0.0794789761,-9.82713178,145.479237,0.0963945058,-0.262715888,0.181665005,0.012759796,0.0259422248,12.8073695,0.842662487,0.0600374423,0,0,0,12.8352015,0,0
11.38,11.4,0.0767562356,0.0285443812,0.135267963,0.168746287,-0.0759394394,-9.84439989,145.735384,0.113596125,-0.261488245,0.18327646,0.0127987907,0.0287471128,12.8072845,0.877575393,0.0626737205,0,0,0,12.8374687,0,0
11.4,11.42,0.0729065376,0.0306530361,0.130724128,0.170391885,-0.0721594439,-9.86260666,145.991528,0.13150049,-0.260211144,0.184807405,0.012894527,0.0314706357,12.8071023,0.912928714,0.0649786744,0,0,0,12.8397636,0,0
11.42,11.44,0.0694730241,0.0324500721,0.126290988,0.172087123,-0.0701951954,-9.88133021,146.247667,0.150115832,-0.258891456,0.186264672,0.0130411531,0.0341131692,12.8068161,0.948664666,0.0669300482,0,0,0,12.8420786,0,0
11.44,11.46,0.0664862409,0.0339477333,0.122014698,0.170717857,-0.0696039279,-9.90007964,146.503799,0.169449315,-0.257536335,0.187657185,0.0132325509,0.0366764042,12.8063582,0.984736779,0.0685221952,0,0,0,12.8443455,0,0
11.46,11.48,0.063904914,0.0351704201,0.117914902,0.172406506,-0.069966833,-9.91846301,146.75992,0.189507336,-0.256152935,0.188993638,0.0134628125,0.0391626852,12.8057843,1.02111358,0.0697594727,0,0,0,12.8466202,0,0
11.48,11.5,0.0616646286,0.0361480338,0.113998651,0.173981066,-0.0710294014,-9.93619383,147.016029,0.210295711,-0.254748237,0.190281597,0.0137264809,0.041574677,12.8050877,1.05776816,0.0706547266,0,0,0,12.8488963,0,0
11.5,11.52,0.0590807456,0.0369117662,0.110309196,0.172393996,-0.0736033859,-9.95323967,147.272123,0.231819595,-0.253328913,0.191524243,0.0140186172,0.0439154013,12.8042035,1.09464568,0.0712229167,0,0,0,12.8511069,0,0
11.52,11.54,0.0550755539,0.037489762,0.106991742,0.173739138,-0.0788149257,-9.96937319,147.528197,0.254082413,-0.251901449,0.19269906,0.0143344418,0.0461901557,12.8031914,1.13166131,0.0714730203,0,0,0,12.8533061,0,0
11.54,11.56,0.0508417516,0.0379091675,0.10410636,0.174894328,-0.0831606105,-9.98409714,147.784249,0.277086926,-0.250471946,0.193789993,0.0146693928,0.0484060527,12.8020466,1.16880301,0.0714289088,0,0,0,12.8554891,0,0
11.56,11.58,0.0469703975,0.0381967277,0.101747368,0.175901992,-0.0889684163,-9.99753432,148.040278,0.300834954,-0.249046158,0.19479934,0.0150190126,0.0505723288,12.8007677,1.2060148,0.0711064798,0,0,0,12.8576507,0,0
11.58,11.6,0.0436683725,0.0383772638,0.0998708961,0.173741579,-0.0941965248,-10.0096881,148.296278,0.32532796,-0.247629344,0.195737013,0.0153793327,0.0526981174,12.7992911,1.24328736,0.0705336746,0,0,0,12.8597275,0,0
11.6,11.62,0.0409537892,0.0382064378,0.0985800055,0.174444321,-0.101866609,-10.0190403,148.552248,0.350566363,-0.246226505,0.196614862,0.015745303,0.0547934572,12.7976784,1.28055209,0.0697023042,0,0,0,12.8617746,0,0
11.62,11.64,0.0387862255,0.0371629737,0.0978438404,0.174814959,-0.109689283,-10.0261344,148.808185,0.376549933,-0.244843013,0.197444409,0.0161010242,0.0568668189,12.7959268,1.31780041,0.0686127736,0,0,0,12.8637882,0,0
11.64,11.66,0.0370970084,0.0356980105,0.0976278924,0.174818054,-0.117518044,-10.0311947,149.064085,0.403278108,-0.243483072,0.198236,0.0164317311,0.0589261428,12.7940364,1.35500914,0.0673624625,0,0,0,12.8657667,0,0
11.66,11.68,0.0358137979,0.0341060832,0.0979023379,0.171470231,-0.125348666,-10.0336744,149.319945,0.430749862,-0.24214902,0.198998548,0.0167304139,0.0609802526,12.7919489,1.39215546,0.0660363906,0,0,0,12.8676499,0,0
11.68,11.7,0.0348713846,0.0325485218,0.09864739,0.170847846,-0.133232941,-10.0336926,149.575762,0.458963817,-0.240841688,0.199739587,0.016994483,0.063038324,12.7897276,1.42922576,0.0646996797,0,0,0,12.869499,0,0
11.7,11.72,0.0342165574,0.0308431143,0.0998538943,0.169904858,-0.141314779,-10.0300447,149.831533,0.487918287,-0.239560874,0.200465462,0.0172224327,0.065109537,12.787375,1.46620822,0.0633818292,0,0,0,12.8713147,0,0
11.72,11.74,0.0338121787,0.0284889447,0.101454876,0.168625948,-0.148665575,-10.0235882,150.087256,0.51761166,-0.238306205,0.20118156,0.0174029429,0.0672004649,12.7848922,1.50312267,0.0621023235,0,0,0,12.8731,0,0
11.74,11.76,0.0336216567,0.0259361524,0.103368892,0.164002251,-0.154628416,-10.014866,150.342927,0.548042814,-0.237075787,0.201892538,0.017526295,0.0693158787,12.7822235,1.53997554,0.060970642,0,0,0,12.8748002,0,0
11.76,11.78,0.0336106333,0.0234659263,0.105649082,0.16206486,-0.161858271,-10.003695,150.598544,0.579209948,-0.235865918,0.202602267,0.0175901722,0.0714625105,12.7794374,1.57672675,0.0600599319,0,0,0,12.8764784,0,0
11.78,11.8,0.0337607975,0.0212201397,0.108204749,0.159872297,-0.167516564,-9.99049322,150.854104,0.61111142,-0.234671485,0.20331418,0.0175964577,0.0736469448,12.7765379,1.61340369,0.0594337521,0,0,0,12.8781413,0,0
11.8,11.82,0.0340503587,0.0192616866,0.111058823,0.157513424,-0.173812446,-9.97577175,151.109605,0.643745428,-0.233486452,0.204031239,0.0175489785,0.0758760291,12.7735327,1.64998749,0.0591262371,0,0,0,12.879794,0,0
11.82,11.84,0.0344664407,0.0176089806,0.114135975,0.155075501,-0.178728496,-9.96006602,151.365044,0.67711053,-0.232304116,0.204756123,0.017452513,0.0781557293,12.7704264,1.68650789,0.0591652951,0,0,0,12.881444,0,0
11.84,11.86,0.0329416877,0.0162546757,0.11748482,0.149639956,-0.186016647,-9.94497725,151.620421,0.711204926,-0.231117527,0.205481039,0.0173118798,0.0804922151,12.7671706,1.72290369,0.0595495621,0,0,0,12.8830349,0,0
11.86,11.88,0.0250100655,0.0151676352,0.121198941,0.14718648,-0.194381446,-9.93129417,151.875731,0.746025447,-0.229919959,0.206111608,0.0171314515,0.0828923965,12.7638363,1.75911988,0.0602604903,0,0,0,12.8846284,0,0
11.88,11.9,0.0121602979,0.0143050279,0.125492952,0.144735311,-0.199360556,-9.91795031,152.130974,0.78156855,-0.228705074,0.206531461,0.0169143922,0.085366572,12.7604292,1.79516309,0.0612765045,0,0,0,12.8862298,0,0
11.9,11.92,-0.00281836683,0.0136242445,0.130508547,0.142424004,-0.20055568,-9.90502819,152.386147,0.817830875,-0.227467088,0.206667177,0.0166625279,0.0879285166,12.7569558,1.83104813,0.0625652611,0,0,0,12.8878459,0,0
11.92,11.94,-0.0174441955,0.0130896658,0.136241857,0.140356995,-0.198787467,-9.89330405,152.641251,0.85480954,-0.226200894,0.206509289,0.0163767833,0.0905932862,12.7534221,1.86679003,0.064088886,0,0,0,12.8894836,0,0
11.94,11.96,-0.0319853907,0.0126686793,0.142661207,0.138527184,-0.196512536,-9.88334486,152.896284,0.892501251,-0.224902301,0.206057288,0.0160576518,0.0933751795,12.7498378,1.90235388,0.0657985109,0,0,0,12.8911459,0,0
11.96,11.98,-0.0443756992,0.012334982,0.149689992,0.136986175,-0.191993928,-9.87448067,153.151245,0.930902592,-0.223567966,0.205335189,0.0157053007,0.0962875827,12.7462083,1.93775387,0.0676568227,0,0,0,12.8928389,0,0
11.98,12,-0.0546653086,0.0120699541,0.157184617,0.135720265,-0.187139312,-9.86744308,153.406132,0.970010256,-0.222195288,0.204390862,0.0153199601,0.0993414934,12.7425405,1.97297873,0.0696257775,0,0,0,12.8945659,0,0
12,12.02,-0.0641332531,0.0118558373,0.165055943,0.134660604,-0.182864632,-9.86208995,153.660946,1.00982032,-0.220782456,0.203248532,0.0149020251,0.102545408,12.7388421,2.00799405,0.0716674229,0,0,0,12.8963279,0,0
12.02,12.04,-0.0717588756,0.0116790213,0.173220098,0.133824719,-0.177283676,-9.85762514,153.915686,1.05032869,-0.219328274,0.201935299,0.0144519198,0.105906304,12.7351168,2.04281104,0.0737570121,0,0,0,12.8981284,0,0
12.04,12.06,-0.0772875942,0.0118000785,0.181495647,0.130318126,-0.170288544,-9.85566893,154.17035,1.09153153,-0.217831854,0.200491368,0.0139716096,0.109429024,12.7313073,2.07745365,0.0759016342,0,0,0,12.8999132,0,0
12.06,12.08,-0.0809027968,0.01275912,0.189622268,0.130131505,-0.160511388,-9.85567218,154.424938,1.13342617,-0.216291661,0.198957086,0.0134750646,0.113115566,12.7274691,2.11199087,0.0781213713,0,0,0,12.9017471,0,0
12.08,12.1,-0.0829474526,0.0141175447,0.197495262,0.130270209,-0.150931846,-9.85731987,154.679448,1.17601053,-0.214707078,0.197367122,0.0129760005,0.116964865,12.7235999,2.14644274,0.0803302763,0,0,0,12.9036299,0,0
12.1,12.12,-0.0837768553,0.0155931315,0.204904514,0.130731076,-0.138943001,-9.86101517,154.933881,1.21928387,-0.213078892,0.195749116,0.0124813852,0.120970394,12.71969,2.18088451,0.082470748,0,0,0,12.9055636,0,0
12.12,12.14,-0.0837176675,0.0170357203,0.211832218,0.1314176,-0.127970251,-9.86656449,155.188236,1.26324575,-0.21140908,0.194123714,0.0119942192,0.125123402,12.7157369,2.21531164,0.0844883511,0,0,0,12.9075447,0,0
12.14,12.16,-0.0830281929,0.0183701239,0.218059817,0.129394245,-0.113987365,-9.87359046,155.44251,1.3078968,-0.209700294,0.192505801,0.0115158088,0.129411821,12.7116678,2.24980842,0.0863647137,0,0,0,12.9095157,0,0
12.16,12.18,-0.0819319656,0.0195634279,0.223524052,0.13041168,-0.0993273268,-9.88172499,155.696702,1.35323879,-0.207955569,0.190905408,0.0110468607,0.133820605,12.7075329,2.284408,0.0880790191,0,0,0,12.9115325,0,0
12.18,12.2,-0.0806013911,0.0206062078,0.228213326,0.13143657,-0.0847806234,-9.89064447,155.950811,1.39927384,-0.206178315,0.189328614,0.0105876757,0.138334103,12.7033254,2.31911656,0.0896162371,0,0,0,12.9135901,0,0
12.2,12.22,-0.0791630586,0.0215018557,0.232090657,0.13246023,-0.0697266168,-9.90002754,156.204835,1.44600433,-0.20437213,0.187778561,0.010138508,0.142936118,12.6990368,2.35395399,0.0909717189,0,0,0,12.9156847,0,0
12.22,12.24,-0.0777122682,0.0222604155,0.23513086,0.130553105,-0.0542740592,-9.90956521,156.458771,1.49343289,-0.202540643,0.186256205,0.00969977025,0.14760989,12.6946018,2.38892749,0.092147329,0,0,0,12.9177544,0,0
12.24,12.26,-0.0763201804,0.0228950438,0.237308515,0.131502353,-0.0383113768,-9.91905106,156.712618,1.54156251,-0.2006874,0.184760874,0.00927212295,0.152338174,12.6900698,2.42406141,0.0931482376,0,0,0,12.9198538,0,0
12.26,12.28,-0.0750409725,0.0234200277,0.238615693,0.132330466,-0.0220897531,-9.9283616,156.966373,1.59039648,-0.198815831,0.183290676,0.00885648325,0.157103447,12.6854329,2.45936404,0.0939812015,0,0,0,12.9219778,0,0
12.28,12.3,-0.073914943,0.0241188321,0.239055218,0.133080274,-0.00576708482,-9.93894798,157.220035,1.63993821,-0.196929112,0.181842811,0.00845527377,0.161888438,12.680685,2.49483471,0.0946751658,0,0,0,12.9241222,0,0
12.3,12.32,-0.0729731978,0.0255508321,0.238631051,0.130998839,0.0106288783,-9.95019824,157.473599,1.69019088,-0.195029476,0.180413848,0.00808234175,0.166678057,12.6757641,2.5304613,0.0952649192,0,0,0,12.9262255,0,0
12.32,12.34,-0.0722378242,0.0272898145,0.237346781,0.131927648,0.0271341286,-9.96185006,157.727064,1.74115787,-0.193119627,0.178999913,0.00775103382,0.171457131,12.6707188,2.56626736,0.0956866978,0,0,0,12.9283409,0,0
12.34,12.36,-0.0717240749,0.0290642143,0.235222321,0.132923459,0.0434942982,-9.97447654,157.980427,1.79284281,-0.191203467,0.177596816,0.0074673849,0.176209329,12.6655403,2.60225621,0.0958886983,0,0,0,12.9304618,0,0
12.36,12.38,-0.0714412249,0.0307335034,0.232299172,0.133986948,0.0593148861,-9.98801497,158.233685,1.84524928,-0.18928579,0.176200147,0.0072333252,0.180918244,12.6602226,2.63841742,0.0958335141,0,0,0,12.9325816,0,0
12.38,12.4,-0.071392503,0.0322311192,0.228620869,0.132234157,0.074562586,-10.0021904,158.486834,1.89838048,-0.187371993,0.174805387,0.00704862141,0.185567923,12.6547047,2.67472548,0.0954977435,0,0,0,12.9346367,0,0
12.4,12.42,-0.0715769964,0.0335319699,0.224242588,0.133367601,0.0890154379,-10.0167201,158.739872,1.9522392,-0.185467849,0.173407999,0.00691195215,0.190143271,12.6490398,2.71116716,0.0948664415,0,0,0,12.9366779,0,0
12.42,12.44,-0.0719899283,0.0346339443,0.219215631,0.1344494,0.102732805,-10.0313573,158.992795,2.00682791,-0.183579349,0.172003501,0.0068215294,0.194630175,12.6432251,2.74771799,0.0939327427,0,0,0,12.9386984,0,0
12.44,12.46,-0.0726245835,0.0355472391,0.213606151,0.135490003,0.115444887,-10.0458427,159.2456,2.06214845,-0.181712564,0.170587519,0.00677541587,0.199015703,12.6372603,2.7843446,0.0926949766,0,0,0,12.9406922,0,0
12.46,12.48,-0.0734712034,0.0362881866,0.207489388,0.133648033,0.126968101,-10.0599185,159.498284,2.11820184,-0.179873548,0.169155832,0.0067716636,0.203288379,12.6310923,2.8209961,0.0911567895,0,0,0,12.9425972,0,0
12.48,12.5,-0.0738044442,0.0368764041,0.200973678,0.134625355,0.137316448,-10.0733051,159.750843,2.17498826,-0.178068254,0.167707948,0.00680835417,0.207438471,12.6247817,2.85763936,0.0893239599,0,0,0,12.9444658,0,0
12.5,12.52,-0.072421093,0.0373372861,0.19410349,0.135555603,0.146254774,-10.0859954,160.003274,2.23250715,-0.176302483,0.166271908,0.0068835441,0.211458523,12.6183304,2.89424681,0.0872078027,0,0,0,12.9462941,0,0
12.52,12.54,-0.0707236251,0.0376932605,0.186782862,0.136371765,0.154620289,-10.0980705,160.255575,2.29075791,-0.174581704,0.164867771,0.00699588772,0.215339658,12.6117349,2.93081252,0.0848257626,0,0,0,12.9480776,0,0
12.54,12.56,-0.0694190834,0.0376455785,0.179170265,0.134286371,0.159591063,-10.1074641,160.507742,2.34973872,-0.172911303,0.163493742,0.0071426825,0.219073837,12.6049556,2.96724244,0.0821593196,0,0,0,12.9497561,0,0
12.56,12.58,-0.0687325936,0.0365685568,0.171356748,0.134784268,0.162967031,-10.1146929,160.759772,2.40944653,-0.171297379,0.162139195,0.00730787628,0.2226537,12.5980539,3.00351291,0.0791932882,0,0,0,12.9513831,0,0
12.58,12.6,-0.0686750905,0.0349880976,0.163349333,0.134891968,0.166748102,-10.1200627,161.011664,2.46987812,-0.16974486,0.160791424,0.00747643334,0.22607262,12.5910306,3.03961094,0.0760340564,0,0,0,12.952956,0,0
12.6,12.62,-0.0691806032,0.0332461981,0.15527344,0.134698159,0.168858772,-10.1229352,161.263413,2.5310294,-0.168256766,0.159438338,0.00764208852,0.229327,12.5839019,3.07547299,0.0727624822,0,0,0,12.9544747,0,0
12.62,12.64,-0.0701479591,0.0315287266,0.147220219,0.134245578,0.169784259,-10.1234084,161.515019,2.59289515,-0.166834689,0.158069597,0.00780332299,0.232416267,12.5766818,3.11105164,0.0694415148,0,0,0,12.9559403,0,0
12.64,12.66,-0.0714769172,0.0299323425,0.139299185,0.130811924,0.169288503,-10.1217675,161.766479,2.65546912,-0.165479122,0.156676943,0.00796107725,0.235342005,12.5693337,3.146278,0.0661167545,0,0,0,12.9572985,0,0
12.66,12.68,-0.0730724644,0.0282318947,0.131659802,0.130049484,0.166282713,-10.1168378,162.017792,2.7187435,-0.16418997,0.155254049,0.008115885,0.238108886,12.5619351,3.1810943,0.0627945712,0,0,0,12.9586079,0,0
12.68,12.7,-0.0748456593,0.0258953205,0.124332855,0.128997751,0.16303859,-10.1095704,162.268956,2.78271008,-0.162967357,0.153796502,0.00825736364,0.2407211,12.5544954,3.21548259,0.0594744279,0,0,0,12.9598696,0,0
12.7,12.72,-0.0767296816,0.0233637741,0.117475499,0.127699794,0.157110016,-10.1005809,162.519972,2.84735935,-0.161810453,0.152301371,0.00837565133,0.243185287,12.5470433,3.24935391,0.056236276,0,0,0,12.9610864,0,0
12.72,12.74,-0.0786585928,0.0209122905,0.111131202,0.126168094,0.150381478,-10.0896447,162.770838,2.91268055,-0.160716917,0.150767108,0.0084680514,0.245511174,12.539596,3.28267218,0.0531467278,0,0,0,12.9622617,0,0
12.74,12.76,-0.0805817384,0.0186779434,0.105333822,0.124466258,0.143036997,-10.0771014,163.021556,2.97866236,-0.159683295,0.149193357,0.00853575313,0.247709745,12.5321694,3.3154083,0.0502502408,0,0,0,12.9633996,0,0
12.76,12.78,-0.08245944,0.0167197849,0.100129728,0.119897232,0.134756605,-10.0633855,163.272125,3.04529263,-0.158705443,0.147580672,0.00858171639,0.249793163,12.5247274,3.34751638,0.047573225,0,0,0,12.9644485,0,0
12.78,12.8,-0.0842582786,0.0150531674,0.0955319099,0.11808047,0.126125161,-10.0489997,163.522545,3.11255881,-0.157778816,0.145930372,0.00860956318,0.2517742,12.5173371,3.37899475,0.0451285333,0,0,0,12.9654684,0,0
12.8,12.82,-0.0859531517,0.0136695089,0.0915601605,0.116244713,0.11699419,-10.0344411,163.772819,3.18044811,-0.15689875,0.144244367,0.00862295595,0.253665964,12.510011,3.40982688,0.0429165192,0,0,0,12.966462,0,0
12.82,12.84,-0.0868067085,0.0125479893,0.0882225289,0.114466576,0.108047315,-10.0199964,164.022946,3.24894756,-0.156060648,0.142528571,0.00862526073,0.255481784,12.5027573,3.44001476,0.0409310466,0,0,0,12.967433,0,0
12.84,12.86,-0.085617149,0.0116643091,0.0854648393,0.11279657,0.0993900469,-10.0059914,164.272929,3.31804455,-0.155260063,0.140817638,0.00861946038,0.257234581,12.4955791,3.46957851,0.0391619938,0,0,0,12.9683848,0,0
12.86,12.88,-0.0838034009,0.010991154,0.083227482,0.111214842,0.089137138,-9.99283377,164.52277,3.38772643,-0.154492858,0.139137951,0.00860822917,0.258935803,12.4884871,3.49850253,0.0375896119,0,0,0,12.9693193,0,0
12.88,12.9,-0.0820724276,0.0104994141,0.0814937173,0.109733385,0.0782537564,-9.98062772,164.772469,3.45798037,-0.153755305,0.137493976,0.00859380786,0.260596137,12.4814875,3.52678762,0.0361934093,0,0,0,12.9702379,0,0
12.9,12.92,-0.0806697229,0.0101607085,0.0802564393,0.10836169,0.0674920688,-9.96945922,165.02203,3.52879375,-0.153044087,0.135881201,0.00857796072,0.26222591,12.4745823,3.55444714,0.0349524697,0,0,0,12.9711418,0,0
12.92,12.94,-0.0808228927,0.00994811071,0.0795269899,0.1043453,0.0560050217,-9.95954919,165.271453,3.60015391,-0.152356328,0.134286719,0.00856195682,0.263835468,12.4677258,3.58145798,0.0338427133,0,0,0,12.9719765,0,0
12.94,12.96,-0.0855284609,0.00983286613,0.0793999471,0.10316233,0.0433468206,-9.95108788,165.52074,3.67204754,-0.151689712,0.132645409,0.00854652586,0.265435833,12.4609874,3.6077898,0.0328330072,0,0,0,12.9727958,0,0
12.96,12.98,-0.0940956713,0.00978634675,0.0800695649,0.102040419,0.032519173,-9.94374715,165.769893,3.74446087,-0.151042532,0.130865305,0.00853159164,0.267041093,12.4543731,3.63343376,0.0318954934,0,0,0,12.9735988,0,0
12.98,13,-0.104292759,0.00978566856,0.0816323684,0.10105912,0.0244295312,-9.93754157,166.018916,3.81738042,-0.150413576,0.128900027,0.00851634588,0.268668388,12.4478838,3.65840455,0.0310050584,0,0,0,12.9743861,0,0
13,13.02,-0.116529139,0.00981006172,0.0841624638,0.100177744,0.0169035586,-9.93255002,166.267809,3.89079225,-0.149802232,0.126705918,0.0084995492,0.270336219,12.4415335,3.6826645,0.0301305283,0,0,0,12.9751563,0,0
13.02,13.04,-0.127920931,0.00984344417,0.0876531603,0.0994755156,0.012749535,-9.92840186,166.516578,3.96468245,-0.149208388,0.124272965,0.00847966001,0.272064019,12.4353189,3.70624399,0.029251539,0,0,0,12.9759106,0,0
13.04,13.06,-0.137986352,0.00987533029,0.0919623407,0.0989319862,0.0101420128,-9.92529334,166.765223,4.03903755,-0.148632333,0.121628867,0.00845521461,0.273869738,12.4292401,3.7291569,0.0283486401,0,0,0,12.9766492,0,0
13.06,13.08,-0.147692588,0.00989639707,0.0969570851,0.098491472,0.0086948604,-9.92311673,167.013748,4.11384427,-0.148074721,0.118785899,0.00842511982,0.275767874,12.4233007,3.75140085,0.0274039409,0,0,0,12.977371,0,0
13.08,13.1,-0.155806343,0.00990025327,0.102619028,0.0982033234,0.00774674715,-9.92152203,167.262156,4.18908898,-0.147536567,0.115764388,0.00838834674,0.27777228,12.4175084,3.77296269,0.026401637,0,0,0,12.9780761,0,0
13.1,13.12,-0.161939983,0.0098846877,0.108717324,0.0980463677,0.00947763171,-9.92046703,167.51045,4.26475859,-0.147019066,0.112601274,0.008344226,0.27989397,12.4118508,3.79389806,0.0253381526,0,0,0,12.9787652,0,0
13.12,13.14,-0.166199023,0.00985033736,0.115058011,0.0952651983,0.0127715809,-9.91980636,167.758631,4.3408408,-0.146523459,0.109335599,0.00829262868,0.28213964,12.4062682,3.81422655,0.0242120256,0,0,0,12.9793837,0,0
13.14,13.16,-0.168872922,0.00979954118,0.121491572,0.0953210964,0.0169204738,-9.91941817,168.006701,4.41732385,-0.14605101,0.106002088,0.00823384605,0.284512594,12.4008097,3.83398505,0.0230223681,0,0,0,12.9799866,0,0
13.16,13.18,-0.170287714,0.0097356156,0.127904182,0.0954079375,0.0215885087,-9.91921802,168.254664,4.4941965,-0.145602983,0.102629139,0.00816848534,0.287013541,12.3954721,3.85318954,0.021769992,0,0,0,12.9805728,0,0
13.18,13.2,-0.170742471,0.0096623182,0.134209752,0.0955324528,0.0266341847,-9.91909512,168.502521,4.57144783,-0.14518061,0.0992388225,0.00809738624,0.289641215,12.3902528,3.87185411,0.0204576531,0,0,0,12.9811416,0,0
13.2,13.22,-0.170487396,0.00929559804,0.140343512,0.0956502285,0.0320033636,-9.91725901,168.750275,4.64906717,-0.14478516,0.0958476902,0.00802016298,0.292392727,12.3851489,3.88999444,0.019067227,0,0,0,12.9816923,0,0
13.22,13.24,-0.169716695,0.00805601266,0.146207371,0.0956127848,0.0383579917,-9.91415862,168.997927,4.72704432,-0.144418609,0.0924678014,0.007924418,0.295262704,12.38015,3.90764879,0.0175806446,0,0,0,12.982224,0,0
13.24,13.26,-0.168586561,0.00641703793,0.151651919,0.0953239908,0.0471231286,-9.9099976,169.245481,4.80537029,-0.144081967,0.0891077316,0.00779878758,0.298242932,12.3752405,3.92487378,0.0160895448,0,0,0,12.9827374,0,0
13.26,13.28,-0.167225739,0.0046846473,0.156640596,0.0947914678,0.0561148252,-9.90413116,169.492938,4.88403644,-0.14377458,0.0857730943,0.00764006013,0.301324862,12.3704194,3.94168224,0.0146666639,0,0,0,12.9832334,0,0
13.28,13.3,-0.16572929,0.00302293926,0.160983658,0.0940265768,0.0683563133,-9.89660118,169.740298,4.96303539,-0.143494434,0.0824673444,0.00744971105,0.304497535,12.3656633,3.95815921,0.0133733731,0,0,0,12.9837141,0,0
13.3,13.32,-0.164187249,0.0015150833,0.164642429,0.0930722795,0.0812971194,-9.88765194,169.987565,5.04236075,-0.14323851,0.0791920312,0.00723165569,0.307748063,12.3609688,3.97432657,0.0122501023,0,0,0,12.9841816,0,0
13.32,13.34,-0.16194829,0.00019858982,0.167579681,0.0919836051,0.0954508825,-9.87760887,170.234738,5.12200661,-0.143003103,0.0759506912,0.0069908812,0.311062924,12.3563281,3.99021973,0.0113259213,0,0,0,12.9846381,0,0
13.34,13.36,-0.157875161,-0.000910597099,0.169693154,0.0908160263,0.110977567,-9.86690929,170.481818,5.20196809,-0.142784009,0.0727741376,0.00673277855,0.314427354,12.3517275,4.00589345,0.0106209127,0,0,0,12.9850863,0,0
13.36,13.38,-0.153444154,-0.00181301647,0.170875331,0.08953082,0.126045914,-9.85587822,170.728807,5.28224102,-0.142576748,0.0696837091,0.00646281485,0.317824089,12.3471629,4.02136631,0.010143397,0,0,0,12.9855274,0,0
13.38,13.4,-0.149408475,-0.00252130697,0.171110511,0.0881673015,0.140847671,-9.84475772,170.975705,5.36282151,-0.142376751,0.0666778109,0.00618619279,0.321234652,12.3426319,4.03665121,0.00989397791,0,0,0,12.9859622,0,0
13.4,13.42,-0.146046301,-0.00305389699,0.170415183,0.0867588121,0.155691936,-9.83378583,171.222512,5.44370592,-0.1421795,0.0637451079,0.00590764278,0.324640593,12.3381317,4.05176264,0.00986756746,0,0,0,12.9863918,0,0
13.42,13.44,-0.143411217,-0.00343131337,0.168806214,0.0853281617,0.170920239,-9.82316721,171.46923,5.52489099,-0.141980622,0.060871268,0.00563136365,0.328023714,12.3336578,4.0667189,0.0100548864,0,0,0,12.9868171,0,0
13.44,13.46,-0.141462666,-0.00367416117,0.166320877,0.0839005644,0.18627546,-9.81306163,171.715859,5.60637371,-0.141775967,0.0580420008,0.00536100527,0.331366271,12.3292088,4.081528,0.0104427247,0,0,0,12.9872387,0,0
13.46,13.48,-0.139407276,-0.00380152016,0.163012404,0.0825139565,0.201901551,-9.80368769,171.962399,5.68815118,-0.141561679,0.0552477955,0.00509965771,0.334651463,12.3247834,4.09619899,0.011015706,0,0,0,12.9876577,0,0
13.48,13.5,-0.135975907,-0.0038267521,0.158857971,0.0811928362,0.218032217,-9.79518264,172.20885,5.77022097,-0.141334209,0.0525092008,0.004849913,0.337862854,12.3203739,4.1107593,0.0117577667,0,0,0,12.9880751,0,0
13.5,13.52,-0.13253344,-0.0037639076,0.153844606,0.0798968009,0.23240562,-9.78741336,172.455214,5.8525807,-0.141090375,0.04983972,0.00461394359,0.340983304,12.3159879,4.12518912,0.0126485906,0,0,0,12.9884912,0,0
13.52,13.54,-0.12973831,-0.0036292224,0.148030149,0.0786536544,0.245442606,-9.78043726,172.70149,5.93522755,-0.140827411,0.0472319784,0.00439346065,0.343996194,12.3116332,4.13946848,0.0136674133,0,0,0,12.9889068,0,0
13.54,13.56,-0.127791832,-0.00343840194,0.141492728,0.0774803323,0.257612836,-9.77428043,172.947679,6.01815835,-0.140542959,0.0446705667,0.00418971558,0.346886247,12.3073169,4.15358127,0.0147940272,0,0,0,12.9893227,0,0
13.56,13.58,-0.126686575,-0.00320540101,0.134331584,0.0763957552,0.26881606,-9.76893657,173.193783,6.10136955,-0.140235062,0.0421384244,0.00400353207,0.34963996,12.3030486,4.16750408,0.0160087583,0,0,0,12.9897402,0,0
13.58,13.6,-0.12632947,-0.00294203735,0.126646689,0.0754082665,0.279018586,-9.76437664,173.439802,6.18485708,-0.139902145,0.0396196395,0.00383534845,0.352245853,12.2988395,4.18121039,0.0172930561,0,0,0,12.9901606,0,0
13.6,13.62,-0.126604992,-0.00265799832,0.118556773,0.0745396099,0.287947032,-9.76055407,173.685737,6.2686163,-0.139542992,0.037100472,0.00368527173,0.354694415,12.2947058,4.19466116,0.0186293315,0,0,0,12.9905858,0,0
13.62,13.64,-0.126675571,-0.00236078275,0.110195513,0.0738107149,0.295393816,-9.75761354,173.931591,6.35264151,-0.139156734,0.0345730403,0.00355308343,0.356979212,12.2906641,4.20781795,0.0200015556,0,0,0,12.9910183,0,0
13.64,13.66,-0.12524346,-0.00205346679,0.101496212,0.0731673595,0.304010758,-9.75549714,174.177364,6.43692735,-0.13874277,0.0320602911,0.00343838799,0.359093973,12.2867043,4.22071383,0.0213973535,0,0,0,12.9914582,0,0
13.66,13.68,-0.123667571,-0.00145170123,0.0925472909,0.0726740752,0.308899638,-9.7555248,174.423059,6.52146783,-0.138300678,0.0295783681,0.00334203065,0.361032686,12.2828571,4.233272,0.0228231319,0,0,0,12.9919087,0,0
13.68,13.7,-0.122594338,2.28898582e-05,0.0834474028,0.0724552989,0.311481631,-9.75725486,174.668679,6.60625565,-0.137829522,0.0271227222,0.00327687453,0.362791664,12.2791437,4.24544213,0.0242908222,0,0,0,12.9923724,0,0
13.7,13.72,-0.122212666,0.00189461227,0.0742834937,0.0725732538,0.31276304,-9.76044101,174.914226,6.69128274,-0.13732938,0.024681013,0.00325485178,0.364368969,12.2755769,4.25719482,0.0257075447,0,0,0,12.9928502,0,0
13.72,13.74,-0.122504167,0.00385641262,0.0651283962,0.073000381,0.313260657,-9.76565593,175.159703,6.77654052,-0.136802066,0.022239471,0.00327965121,0.365763983,12.2721646,4.26850828,0.0269971029,0,0,0,12.9933412,0,0
13.74,13.76,-0.123369995,0.00574449488,0.0560410609,0.0736874446,0.313230603,-9.77279274,175.405114,6.86202002,-0.136250721,0.0197856175,0.00335036884,0.366977273,12.2689129,4.2793637,0.0281028927,0,0,0,12.9938434,0,0
13.76,13.78,-0.124694301,0.00747684401,0.0471084924,0.074608786,0.312261224,-9.78153473,175.650461,6.94771181,-0.135679448,0.0173091718,0.0034637058,0.368010614,12.2658336,4.28972601,0.0289841401,0,0,0,12.994355,0,0
13.78,13.8,-0.126362659,0.0090178416,0.0384576213,0.0757317003,0.309289408,-9.79149725,175.895748,7.03360537,-0.135093039,0.0148021099,0.00361519954,0.368868378,12.2629468,4.29953906,0.0296130818,0,0,0,12.9948751,0,0
13.8,13.82,-0.128270865,0.0103581415,0.0301315067,0.0742664847,0.30597625,-9.80225434,176.14098,7.11968941,-0.134496707,0.0122586598,0.0037999703,0.369556077,12.2602088,4.30875965,0.0299746372,0,0,0,12.9953464,0,0
13.82,13.84,-0.129616177,0.0115028106,0.0223021763,0.0756967322,0.30025744,-9.81367969,176.386158,7.20595142,-0.133895887,0.00967837679,0.00401310806,0.370081945,12.2576968,4.31733721,0.0300614263,0,0,0,12.9958237,0,0
13.84,13.86,-0.129127843,0.0124649445,0.0149481459,0.0771597035,0.294470296,-9.82545111,176.631289,7.29237863,-0.133296086,0.00709098365,0.00424992116,0.370455675,12.2554081,4.32527209,0.029872952,0,0,0,12.9963033,0,0
13.86,13.88,-0.128182291,0.0132602605,0.0080662078,0.0786246891,0.286212199,-9.8369621,176.876376,7.3789577,-0.132702782,0.00451899999,0.00450607324,0.370686508,12.2533588,4.33251702,0.029412672,0,0,0,12.9967831,0,0
13.88,13.9,-0.127448596,0.0139053077,0.00168585848,0.0800703933,0.27661514,-9.84818225,177.121425,7.46567452,-0.132121339,0.00196383096,0.00477762367,0.37078405,12.2515571,4.33904352,0.0286885409,0,0,0,12.9972602,0,0
13.9,13.92,-0.127139849,0.0144170088,-0.00414987998,0.0814792718,0.266321305,-9.8590139,177.36644,7.55251453,-0.131556921,-0.000581390872,0.00506104793,0.370758653,12.250008,4.34483249,0.0277123893,0,0,0,12.9977319,0,0
13.92,13.94,-0.127259994,0.0148120501,-0.00938689142,0.0828379101,0.255424959,-9.86934338,177.611427,7.63946277,-0.131014425,-0.00312542291,0.0053532439,0.370621716,12.2487165,4.34986457,0.0264991005,0,0,0,12.9981952,0,0
13.94,13.96,-0.12772787,0.0148177434,-0.0139811618,0.0841016177,0.244169514,-9.87736248,177.856391,7.72650396,-0.130498536,-0.00567609623,0.00565012524,0.370385617,12.2476858,4.35412449,0.0250431789,0,0,0,12.9986475,0,0
13.96,13.98,-0.128438205,0.0138643475,-0.0178940428,0.0851208643,0.232566941,-9.88350948,178.101336,7.81362249,-0.130014407,-0.00823930369,0.00593577996,0.370063742,12.2469192,4.35759784,0.0233373582,0,0,0,12.9990858,0,0
13.98,14,-0.129288886,0.0124364615,-0.0211159402,0.0858040188,0.221072968,-9.88798415,178.346269,7.9008026,-0.129566042,-0.0108188043,0.00619545984,0.36966999,12.2464158,4.36028153,0.0214824745,0,0,0,12.9995083,0,0
14,14.02,-0.129473247,0.0108495947,-0.0236342237,0.0861774573,0.210012098,-9.89033833,178.591195,7.98802848,-0.129155527,-0.013412902,0.0064229207,0.36921856,12.2461734,4.36218141,0.0195648798,0,0,0,12.9999144,0,0
14.02,14.04,-0.127730275,0.0092751175,-0.025526468,0.0862745983,0.199850848,-9.89054971,178.836118,8.07528485,-0.128783415,-0.0159898136,0.00661676805,0.368723126,12.2461807,4.36333077,0.0176519549,0,0,0,13.0003041,0,0
14.04,14.06,-0.12544642,0.00780218271,-0.026891405,0.0861058688,0.188899182,-9.88859088,179.081044,8.16255672,-0.128449073,-0.0185251358,0.00677822485,0.368195263,12.2464373,4.36373301,0.0157952985,0,0,0,13.0006785,0,0
14.06,14.08,-0.123305814,0.00647342121,-0.0277694029,0.0857379175,0.177878288,-9.88496989,179.325977,8.24982926,-0.128150969,-0.0210158354,0.00690986163,0.367645153,12.2469404,4.36339997,0.0140335973,0,0,0,13.0010386,0,0
14.08,14.1,-0.121537675,0.00530500989,-0.0281690363,0.0852257253,0.167102009,-9.88010544,179.570923,8.3370879,-0.127886905,-0.0234674741,0.00701488138,0.367082501,12.2476868,4.36234553,0.0123952982,0,0,0,13.0013862,0,0
14.1,14.12,-0.120161062,0.00429815487,-0.0280942088,0.0846098021,0.156781249,-9.87434626,179.815886,8.42431837,-0.127654199,-0.0258878216,0.00709671455,0.366516909,12.248672,4.36058642,0.010900483,0,0,0,13.0017229,0,0
14.12,14.14,-0.119110239,0.00344576445,-0.0275620624,0.0839216666,0.147222881,-9.8679848,180.060871,8.5115068,-0.12744984,-0.0282840388,0.00715878387,0.365957712,12.2498896,4.35814499,0.0095622871,0,0,0,13.0020504,0,0
14.14,14.16,-0.118296469,0.00273634226,-0.0265907909,0.0831904506,0.138382321,-9.86126467,180.305883,8.59863974,-0.127270611,-0.0306616859,0.00720437517,0.365413904,12.2513334,4.35504221,0.00838832925,0,0,0,13.0023703,0,0
14.16,14.18,-0.117634587,0.00215630929,-0.0252113839,0.0824381822,0.13041911,-9.85438636,180.550926,8.68570423,-0.127113191,-0.0330245586,0.00723656461,0.364893937,12.2529961,4.35130231,0.00738165902,0,0,0,13.0026843,0,0
14.18,14.2,-0.116332924,0.00169130696,-0.0234590014,0.0790064888,0.1238004,-9.84764374,180.796004,8.77268759,-0.126974225,-0.0353713434,0.00725818511,0.364405657,12.2548159,4.34694149,0.00654249235,0,0,0,13.0029403,0,0
14.2,14.22,-0.113143761,0.00132660545,-0.021486013,0.0783044499,0.119370238,-9.84113115,181.04112,8.85957835,-0.12685041,-0.0376709514,0.00727177916,0.363955285,12.2568175,4.34205288,0.00586528542,0,0,0,13.0031932,0,0
14.22,14.24,-0.10947501,0.0010484026,-0.0194471301,0.0775858405,0.115461276,-9.83472646,181.286278,8.94636646,-0.126738586,-0.039900007,0.00727950304,0.36354513,12.2589884,4.33667113,0.00534231031,0,0,0,13.0034435,0,0
14.24,14.26,-0.10603118,0.000844094015,-0.0173008064,0.0769151417,0.110044661,-9.82862954,181.531481,9.03304175,-0.126635735,-0.0420570276,0.00728324848,0.363177143,12.2613366,4.33077973,0.00496629212,0,0,0,13.0036938,0,0
14.26,14.28,-0.103046721,0.000702378422,-0.0151238067,0.0762816989,0.10630507,-9.82293635,181.776732,9.11959461,-0.126539028,-0.0441492946,0.00728463234,0.362852405,12.2638441,4.32442856,0.00472652416,0,0,0,13.0039447,0,0
14.28,14.3,-0.100552097,0.000613142064,-0.0128821377,0.0757019986,0.102422918,-9.817677,182.022035,9.20601583,-0.126445824,-0.0461865319,0.00728505539,0.362572029,12.2665098,4.31762389,0.00461404541,0,0,0,13.0041978,0,0
14.3,14.32,-0.0984838425,0.000567496416,-0.0106638554,0.0751564162,0.100630356,-9.81285632,182.267393,9.29229692,-0.126353692,-0.0481779513,0.00728568886,0.362336376,12.2693123,4.31042416,0.00461753376,0,0,0,13.0044532,0,0
14.32,14.34,-0.0967634813,0.000557760867,-0.00852110284,0.0746503313,0.100301098,-9.80845781,182.512809,9.37843043,-0.126260418,-0.0501313017,0.00728746166,0.362144362,12.2722373,4.30286972,0.00472671903,0,0,0,13.0047114,0,0
14.34,14.36,-0.0953175178,0.000577309314,-0.00648058967,0.0741847042,0.100913715,-9.80445829,182.758284,9.46440952,-0.12616398,-0.0520528011,0.00729110824,0.361994147,12.2752752,4.29498713,0.00493238155,0,0,0,13.0049729,0,0
14.36,14.38,-0.0940841441,0.000620453726,-0.00455582145,0.0737579351,0.102159044,-9.80083101,183.00382,9.55022784,-0.126062535,-0.053947313,0.00729720403,0.361883504,12.2784197,4.2867948,0.00522620579,0,0,0,13.0052385,0,0
14.38,14.4,-0.0930143805,0.00068234712,-0.00275361126,0.0733671722,0.103850958,-9.79754729,183.249421,9.63587934,-0.125954394,-0.0558185953,0.00730619216,0.361810013,12.281666,4.27830616,0.00560069009,0,0,0,13.0055087,0,0
14.4,14.42,-0.0913495006,0.000758903048,-0.00108277896,0.0730157278,0.106462939,-9.79477766,183.495088,9.72135825,-0.125838019,-0.0576659908,0.00731840366,0.361771144,12.2850056,4.26954515,0.00604823218,0,0,0,13.0057839,0,0
14.42,14.44,-0.0878705456,0.000846666597,0.000380543421,0.0726978962,0.110130468,-9.79247217,183.740822,9.80665962,-0.125712038,-0.0594596675,0.00733403421,0.36176362,12.2884235,4.2605527,0.00656002194,0,0,0,13.0060641,0,0
14.44,14.46,-0.0839996304,0.000942470316,0.00157065715,0.0723925245,0.112616949,-9.79029053,183.986625,9.8917788,-0.125575236,-0.0611779767,0.00735309036,0.36178249,12.291921,4.25132567,0.00712918431,0,0,0,13.0063501,0,0
14.46,14.48,-0.0804420629,0.00104350178,0.00244440244,0.0720993233,0.115122949,-9.78834776,184.232499,9.97671119,-0.125426541,-0.0628212222,0.0073754358,0.361821982,12.2954905,4.2418843,0.00774753494,0,0,0,13.0066417,0,0
14.48,14.5,-0.0774443904,0.00114753941,0.00293710536,0.0718173726,0.119134444,-9.78666994,184.478445,10.0614531,-0.125265069,-0.064398644,0.00740075632,0.361874853,12.2991152,4.23227296,0.00840602599,0,0,0,13.0069381,0,0
14.5,14.52,-0.0750448,0.00125286361,0.00308365822,0.0715539133,0.123013613,-9.78523982,184.724464,10.146001,-0.125090067,-0.0659221172,0.00742867289,0.361934038,12.3027931,4.22249702,0.00909911454,0,0,0,13.0072396,0,0
14.52,14.54,-0.073188972,0.00135828396,0.00284784203,0.0712967815,0.128294645,-9.78402376,184.970557,10.2303521,-0.124900921,-0.0674031576,0.00745871291,0.36199201,12.3065109,4.21259158,0.00982015564,0,0,0,13.0075453,0,0
14.54,14.56,-0.0717990246,0.00146299201,0.00228323572,0.0710523157,0.133104466,-9.78298341,185.216725,10.3145037,-0.124697092,-0.0688519621,0.00749039761,0.362041927,12.3102707,4.20255024,0.0105662503,0,0,0,13.0078555,0,0
14.56,14.58,-0.0707919364,0.00156656896,0.00134938393,0.0708046383,0.13925953,-9.78208268,185.462968,10.3984535,-0.124478139,-0.0702770194,0.00752317905,0.362076552,12.3140607,4.19240389,0.011332564,0,0,0,13.0081693,0,0
14.58,14.6,-0.070101261,0.00166882412,0.000116863481,0.0705691284,0.144494591,-9.78128878,185.709288,10.482199,-0.124243656,-0.0716853865,0.00755653095,0.362089448,12.3178882,4.18213251,0.0121186064,0,0,0,13.0084876,0,0
14.6,14.62,-0.0696668439,0.00176978936,-0.00143578492,0.0703293546,0.150550858,-9.7805757,185.955684,10.5657381,-0.123993284,-0.0730827853,0.00758990173,0.362074222,12.3217465,4.17175322,0.0129216462,0,0,0,13.0088096,0,0
14.62,14.64,-0.0694447152,0.00186960607,-0.00325166642,0.0700951195,0.155734789,-9.7799217,186.202158,10.6490683,-0.123726671,-0.0744739625,0.00762277851,0.362025325,12.3256425,4.16124714,0.0137421016,0,0,0,13.0091363,0,0
14.64,14.66,-0.0693970924,0.00196856508,-0.00537280225,0.0698485328,0.161979757,-9.77930925,186.44871,10.7321873,-0.123443504,-0.075862777,0.00765460038,0.361936826,12.3295674,4.15063625,0.0145775474,0,0,0,13.0094668,0,0
14.66,14.68,-0.0695013534,0.00206698759,-0.00773179304,0.0696110558,0.167096852,-9.77872393,186.695341,10.8150928,-0.123143456,-0.0772525588,0.00768484587,0.36180354,12.3335314,4.13989388,0.0154296634,0,0,0,13.0098023,0,0
14.68,14.7,-0.0697348784,0.00216525468,-0.0103534506,0.0693644902,0.172879137,-9.77815617,186.942051,10.8977823,-0.122826217,-0.0786461202,0.00771297582,0.361620258,12.3375294,4.12903197,0.0162972311,0,0,0,13.0101423,0,0
14.7,14.72,-0.0693628178,0.0022636836,-0.0131763422,0.0691336579,0.178089344,-9.77788522,187.188842,10.9802531,-0.122491453,-0.0800424201,0.00773850214,0.361382602,12.3415671,4.11803562,0.0171813234,0,0,0,13.0104877,0,0
14.72,14.74,-0.067177779,0.00236198884,-0.0162904692,0.0688924743,0.184537707,-9.7778583,187.435714,11.0625031,-0.122138887,-0.081411528,0.00776087655,0.361085616,12.34563,4.10694357,0.0180776365,0,0,0,13.0108375,0,0
14.74,14.76,-0.0630523724,0.00245903504,-0.0196784662,0.0686770677,0.189349277,-9.77825747,187.682668,11.14453,-0.121768268,-0.0827242891,0.00777947076,0.36072364,12.3497268,4.09573357,0.0189852569,0,0,0,13.0111931,0,0
14.76,14.78,-0.054300082,0.00255182018,-0.0234490655,0.0658040907,0.194850709,-9.77947024,187.929703,11.2263319,-0.12137946,-0.0839077861,0.00779357781,0.360290463,12.3537879,4.08444159,0.0198952132,0,0,0,13.0115001,0,0
14.78,14.8,-0.0419975657,0.00263501555,-0.0277728087,0.0656195179,0.198138404,-9.78089918,188.176819,11.3079074,-0.120972516,-0.0848799937,0.00780217573,0.35977671,12.3578584,4.07310244,0.0207965085,0,0,0,13.0118124,0,0
14.8,14.82,-0.0269476288,0.0027018583,-0.0327814379,0.0654278468,0.199703958,-9.78279647,188.424017,11.3892559,-0.120547765,-0.0855776681,0.00780392044,0.359170026,12.3619271,4.06174798,0.021673058,0,0,0,13.0121293,0,0
14.82,14.84,-0.010948446,0.00274497596,-0.0385594059,0.0652827677,0.198893906,-9.78485126,188.671296,11.4703774,-0.120105874,-0.0859600844,0.00779720875,0.358455842,12.365988,4.05039796,0.0225082047,0,0,0,13.0124514,0,0
14.84,14.86,0.0041544592,0.0027585983,-0.0450714128,0.0652309759,0.195984302,-9.78731944,188.918657,11.5512719,-0.119647811,-0.0860350378,0.00778034023,0.357619025,12.3700397,4.03906138,0.023287124,0,0,0,13.0127799,0,0
14.86,14.88,0.0191012509,0.00273787147,-0.0522786037,0.0652539504,0.193126577,-9.79038937,189.166098,11.6319403,-0.119174875,-0.0858070336,0.00775169711,0.356645494,12.3740642,4.02779093,0.0239936283,0,0,0,13.0131141,0,0
14.88,14.9,0.032407303,0.0026799531,-0.0601075297,0.0653783439,0.18854106,-9.79361975,189.413619,11.712384,-0.118688611,-0.0852988576,0.00770977024,0.355522017,12.3780606,4.01659403,0.0246182735,0,0,0,13.0134553,0,0
14.9,14.92,0.0444429385,0.0025838816,-0.0684295373,0.0656024223,0.183284329,-9.79713592,189.66122,11.7926047,-0.118190741,-0.0845364748,0.00765329959,0.354237384,12.3820247,4.00548761,0.0251543296,0,0,0,13.0138042,0,0
14.92,14.94,0.0540682768,0.0024513579,-0.0770462932,0.065944705,0.175075255,-9.80049279,189.9089,11.8726038,-0.117683017,-0.0835578424,0.00758143358,0.352783909,12.3859726,3.99443357,0.025603439,0,0,0,13.0141643,0,0
14.94,14.96,0.0610800625,0.0022873407,-0.0857942862,0.0663765457,0.166345991,-9.80376847,190.156659,11.9523825,-0.117167172,-0.0824142863,0.00749371464,0.351157038,12.3899066,3.98342925,0.025967988,0,0,0,13.0145368,0,0
14.96,14.98,0.0657472487,0.00209904549,-0.0943728837,0.0669028349,0.154899888,-9.80690579,190.404496,12.0319409,-0.116644785,-0.0811557862,0.0073902481,0.349357314,12.3938512,3.97241152,0.0262593564,0,0,0,13.0149257,0,0
14.98,15,0.0685100756,0.0015727157,-0.102612948,0.0674250155,0.142767711,-9.80789523,190.652413,12.1112787,-0.116117345,-0.0798248087,0.00727008869,0.347390023,12.3978136,3.96136091,0.0264623742,0,0,0,13.0153318,0,0
15,15.02,0.0698132356,6.45581196e-05,-0.110387851,0.0677608632,0.130283239,-9.80721352,190.900409,12.190395,-0.115587043,-0.078454766,0.00711902546,0.345264375,12.4017992,3.95026172,0.0265596224,0,0,0,13.0157557,0,0
15.02,15.04,0.0700465029,-0.00189178244,-0.11758394,0.0678072802,0.117219168,-9.80507943,191.148485,12.2692888,-0.115054982,-0.0770706259,0.0069239877,0.342991832,12.4058134,3.93910014,0.0266544373,0,0,0,13.0161987,0,0
15.04,15.06,0.0695310911,-0.00395080174,-0.124107123,0.0675620687,0.103494433,-9.80077778,191.396642,12.3479585,-0.114520303,-0.0756902062,0.00668118593,0.340585199,12.4098642,3.92785914,0.0268339302,0,0,0,13.0166635,0,0
15.06,15.08,0.0685256332,-0.00592689088,-0.129954449,0.0670338823,0.0901216463,-9.79436363,191.64488,12.4264026,-0.113980629,-0.0743255348,0.0063919923,0.33805814,12.4139493,3.91655151,0.0271621879,0,0,0,13.0171522,0,0
15.08,15.1,0.0672181701,-0.00772604781,-0.13516733,0.0662830164,0.0781843517,-9.78613631,191.8932,12.5046203,-0.113432523,-0.0729841084,0.00606030432,0.335422804,12.4180628,3.90520155,0.0276850502,0,0,0,13.0176668,0,0
15.1,15.12,0.0657391958,-0.00930645422,-0.139529791,0.0653842196,0.0626647038,-9.7765131,192.141603,12.5826097,-0.112871657,-0.0716704001,0.00569144432,0.332693877,12.4222401,3.89371626,0.0284427347,0,0,0,13.0182136,0,0
15.12,15.14,0.0642092741,-0.0106560849,-0.143029435,0.0643419093,0.046951252,-9.7659237,192.39009,12.660368,-0.112293105,-0.0703863244,0.00529132099,0.329888141,12.4264862,3.88208767,0.0294562789,0,0,0,13.0187953,0,0
15.14,15.16,0.0627159751,-0.0117798212,-0.145671668,0.0631959938,0.031296409,-9.75476755,192.638663,12.7378923,-0.111691628,-0.0691317495,0.00486582251,0.32702237,12.4308041,3.87031278,0.0307361092,0,0,0,13.0194146,0,0
15.16,15.18,0.0613209602,-0.0126918122,-0.14745743,0.0619825263,0.0155880776,-9.74339903,192.887322,12.8151795,-0.111061868,-0.0679050946,0.00442056363,0.32411327,12.4351979,3.8583849,0.0322845742,0,0,0,13.0200739,0,0
15.18,15.2,0.0600686165,-0.013410949,-0.148380208,0.0580807832,-0.000400179032,-9.7320823,193.136071,12.8922264,-0.110398472,-0.0667037739,0.0039607749,0.321177744,12.4396223,3.84627653,0.034098589,0,0,0,13.0207223,0,0
15.2,15.22,0.0589923457,-0.0139582152,-0.148468814,0.0568376527,-0.016077467,-9.72106659,193.384908,12.9690295,-0.109696219,-0.0655244555,0.00349121261,0.318232468,12.4441278,3.83400927,0.0361681834,0,0,0,13.0214151,0,0
15.22,15.24,0.0581135754,-0.0143550157,-0.147750961,0.0555741617,-0.0314610821,-9.71058233,193.633836,13.0455857,-0.108950135,-0.0643633031,0.00301612066,0.315293584,12.4487132,3.82158717,0.038478993,0,0,0,13.0221531,0,0
15.24,15.26,0.0574454704,-0.014622163,-0.146252948,0.054330269,-0.0465757012,-9.70077105,193.882857,13.121892,-0.108155564,-0.0632161757,0.00253924153,0.312376736,12.453378,3.80901437,0.0410139011,0,0,0,13.0229373,0,0
15.26,15.28,0.0569963788,-0.014456788,-0.144009763,0.0531420008,-0.0612997019,-9.69364725,194.131972,13.1979453,-0.107308086,-0.0620787598,0.00206540111,0.309496943,12.4581192,3.79630119,0.0437788886,0,0,0,13.0237688,0,0
15.28,15.3,0.0567710715,-0.0132239366,-0.141067351,0.0521688516,-0.0753640115,-9.68870081,194.381182,13.2737432,-0.106402771,-0.0609466564,0.00161259509,0.306667511,12.4629319,3.78346422,0.0467820957,0,0,0,13.0246482,0,0
15.3,15.32,0.0567724748,-0.011466468,-0.137503345,0.05150665,-0.0884703017,-9.68567272,194.63049,13.3492832,-0.105435957,-0.0598154897,0.00119752087,0.303901024,12.4678079,3.77052794,0.0499105963,0,0,0,13.025575,0,0
15.32,15.34,0.0569909811,-0.00953820275,-0.133442433,0.0511604109,-0.0992506434,-9.68525635,194.879895,13.424564,-0.104406166,-0.0586809012,0.000827279113,0.301207753,12.4727309,3.75753922,0.0530666255,0,0,0,13.0265472,0,0
15.34,15.36,0.0574082944,-0.00763221937,-0.12880605,0.0510510481,-0.111768443,-9.68738743,195.129399,13.499584,-0.103313582,-0.0575389834,0.000503663883,0.298598943,12.4777101,3.74445768,0.0561783909,0,0,0,13.0275619,0,0
15.36,15.38,0.0580208306,-0.00584963255,-0.123733276,0.051176879,-0.121769537,-9.69175007,195.379003,13.5743421,-0.102159733,-0.0563859001,0.000225495575,0.296084467,12.4827247,3.73134141,0.059185289,0,0,0,13.0286157,0,0
15.38,15.4,0.0588130484,-0.00394871916,-0.118189609,0.0514743898,-0.132652507,-9.69966059,195.628708,13.6488373,-0.100947031,-0.0552181262,-8.4845529e-06,0.293673972,12.4877751,3.71817491,0.0620685031,0,0,0,13.0297047,0,0
15.4,15.42,0.0591471692,-0.00135997107,-0.112314214,0.0494598777,-0.141495125,-9.71012159,195.878514,13.7230691,-0.0996778236,-0.0540353459,-0.000188025921,0.291374692,12.4927918,3.7049967,0.0648212837,0,0,0,13.0307732,0,0
15.42,15.44,0.0579601558,0.0014451947,-0.106052267,0.0504328034,-0.151023107,-9.72252044,196.12842,13.7970369,-0.0983557078,-0.0528626144,-0.000303880501,0.28919356,12.4978295,3.69179557,0.0673435391,0,0,0,13.0318698,0,0
15.44,15.46,0.0565091309,0.0041719094,-0.0995007725,0.0516832213,-0.156729192,-9.73716926,196.378427,13.8707412,-0.0969861744,-0.0517175868,-0.000354933809,0.287137512,12.5028598,3.67864847,0.0695516893,0,0,0,13.0329887,0,0
15.46,15.48,0.0554010582,0.00667092164,-0.0926977304,0.0531457234,-0.160882181,-9.75368047,196.628535,13.9441834,-0.0955761094,-0.0505986697,-0.000344498711,0.285211928,12.5078703,3.66557754,0.0713899148,0,0,0,13.0341235,0,0
15.48,15.5,0.0548366055,0.00887611608,-0.0855897124,0.0547247727,-0.166212756,-9.7715423,196.878742,14.0173646,-0.0941332628,-0.0494967338,-0.000277919448,0.28342313,12.5128632,3.65255234,0.0728252268,0,0,0,13.035267,0,0
15.5,15.52,0.0548424583,0.0107683302,-0.0783248353,0.0564248497,-0.169420297,-9.79022045,197.129049,14.0902862,-0.09266593,-0.0484005061,-0.00016140647,0.28177617,12.517816,3.63962985,0.0738362794,0,0,0,13.0364135,0,0
15.52,15.54,0.0553534009,0.0123544394,-0.0710129054,0.0581864765,-0.171147113,-9.80922197,197.379454,14.1629507,-0.0911826908,-0.0472991958,-1.39066804e-06,0.280273421,12.5227114,3.62685158,0.0744156636,0,0,0,13.0375569,0,0
15.54,15.56,0.0562749566,0.0136552515,-0.0637288081,0.0599577452,-0.171936233,-9.82811904,197.629957,14.2353614,-0.0896921588,-0.0461836478,0.000195908893,0.278915403,12.5275353,3.61424682,0.0745669316,0,0,0,13.0386917,0,0
15.56,15.58,0.0575127734,0.0146983741,-0.0565249129,0.0590891578,-0.172078691,-9.84652163,197.880555,14.3075218,-0.0882027847,-0.0450465992,0.00042471222,0.277701342,12.5322261,3.60182416,0.0743026523,0,0,0,13.0397603,0,0
15.58,15.6,0.0589890099,0.0155139991,-0.0495087964,0.0608185328,-0.170807948,-9.86415732,198.131245,14.379436,-0.0867227073,-0.0438825205,0.000679769148,0.276629194,12.5368156,3.58964895,0.0736398953,0,0,0,13.0408109,0,0
15.6,15.62,0.0606310117,0.0161323521,-0.0428650505,0.0624896802,-0.16625879,-9.88085693,198.382026,14.45111,-0.0852597222,-0.0426872819,0.000956276604,0.275693155,12.5412754,3.57780846,0.0725975781,0,0,0,13.0418393,0,0
15.62,15.64,0.0623650207,0.0165824178,-0.0365759223,0.0640458753,-0.162170017,-9.89647714,198.632895,14.5225505,-0.0838211611,-0.0414583238,0.00124999403,0.274886399,12.5456017,3.56630179,0.0712015386,0,0,0,13.042841,0,0
15.64,15.66,0.0635044083,0.0168912098,-0.0307098954,0.0655106393,-0.157141414,-9.91093574,198.883849,14.5937646,-0.0824138477,-0.040197385,0.00155721095,0.274200999,12.5497834,3.55515795,0.0694778814,0,0,0,13.0438123,0,0
15.66,15.68,0.0629584404,0.0170840051,-0.0251770011,0.0668561236,-0.15336539,-9.92417816,199.134886,14.6647589,-0.0810440317,-0.0389323395,0.0018747803,0.273629786,12.5538263,3.54434607,0.0674559182,0,0,0,13.0447496,0,0
15.68,15.7,0.0619678979,0.016892084,-0.0200208201,0.06806903,-0.146324706,-9.93444458,199.386001,14.7355411,-0.0797175464,-0.0376840462,0.00219862311,0.273165533,12.5577104,3.53392908,0.065138163,0,0,0,13.0456501,0,0
15.7,15.72,0.0611382679,0.0157456524,-0.0151984135,0.0663865771,-0.139523328,-9.94224465,199.637193,14.8061185,-0.0784405009,-0.0364544376,0.00251281139,0.27280223,12.561385,3.5238864,0.0625271024,0,0,0,13.0464585,0,0
15.72,15.74,0.0606744037,0.0141354895,-0.010846877,0.0669856721,-0.130110875,-9.947897,199.888456,14.8764996,-0.0772177149,-0.0352376946,0.00280251291,0.272531837,12.564882,3.51429551,0.059729403,0,0,0,13.0472257,0,0
15.74,15.76,0.0605820941,0.0123812209,-0.00691339289,0.0671969445,-0.122131319,-9.95087608,200.139787,14.9466931,-0.0760519467,-0.0340262906,0.00306143078,0.27234606,12.5682078,3.50513029,0.0568383535,0,0,0,13.0479507,0,0
15.76,15.78,0.0608045757,0.0106571086,-0.00356889469,0.0671398418,-0.111493791,-9.95129341,200.391183,15.0167082,-0.0749443367,-0.0328132297,0.00328804951,0.272234586,12.5713442,3.49646424,0.0539240385,0,0,0,13.0486346,0,0
15.78,15.8,0.0612431694,0.00905404144,-0.000826071038,0.0668289725,-0.100882117,-9.94948106,200.642639,15.086555,-0.0738947655,-0.0315932032,0.00348341328,0.272185308,12.5742922,3.48830113,0.0510425577,0,0,0,13.0492787,0,0
15.8,15.82,0.0618061805,0.00729128413,0.00131536003,0.0662863944,-0.090476368,-9.94392055,200.894153,15.1562436,-0.0729022587,-0.0303628477,0.00364833214,0.272186077,12.5770548,3.48063991,0.0482108146,0,0,0,13.0498845,0,0
15.82,15.84,0.0636845934,0.00472894831,0.00290391752,0.0653937258,-0.0799589558,-9.93564636,201.14572,15.225784,-0.0719660375,-0.0291142474,0.00377051564,0.272225415,12.5796348,3.47347944,0.0454304675,0,0,0,13.0504534,0,0
15.84,15.86,0.0701923157,0.00189572841,0.00389202641,0.0640760817,-0.0689730891,-9.92542214,201.397337,15.2951864,-0.0710839612,-0.0277843922,0.00383876353,0.272292833,12.5820216,3.46686677,0.042812426,0,0,0,13.0509871,0,0
15.86,15.88,0.0816975123,-0.000877229222,0.00393970039,0.0624174272,-0.0565854762,-9.91287216,201.649,15.3644631,-0.0702518986,-0.0262718722,0.00385079909,0.272372413,12.5841917,3.46090373,0.040441198,0,0,0,13.0514892,0,0
15.88,15.9,0.0963839025,-0.00342389484,0.00293949487,0.0604886892,-0.0483910309,-9.89830033,201.900703,15.4336267,-0.0694642602,-0.0244940596,0.00380912833,0.272444295,12.5861545,3.45557726,0.0383776516,0,0,0,13.0519643,0,0
15.9,15.92,0.111870964,-0.00567234606,0.000721789806,0.0584178524,-0.0414136215,-9.8821807,202.152444,15.5026908,-0.0687144935,-0.0224092962,0.00371856753,0.272484891,12.587904,3.45093546,0.0366590881,0,0,0,13.0524184,0,0
15.92,15.94,0.126468053,-0.00760329585,-0.00258259737,0.0562792062,-0.0381330861,-9.86509314,202.404218,15.5716685,-0.0679954467,-0.0200263015,0.00358496594,0.27247099,12.589455,3.44695006,0.0353075608,0,0,0,13.0528575,0,0
15.94,15.96,0.140852121,-0.00922645274,-0.00698994281,0.054115467,-0.0336297343,-9.84756202,202.656021,15.6405738,-0.0672997018,-0.0173505549,0.00341445862,0.272380068,12.5907926,3.44369929,0.0343294892,0,0,0,13.053287,0,0
15.96,15.98,0.153096389,-0.0105662174,-0.0123227567,0.0494582492,-0.0330445882,-9.82990829,202.907848,15.7094209,-0.0666197748,-0.0144070556,0.00321308696,0.272191617,12.5918875,3.4411225,0.0337249502,0,0,0,13.053662,0,0
15.98,16,0.162593023,-0.0116529829,-0.0184564663,0.0475179316,-0.0327241577,-9.81251234,203.159695,15.7782235,-0.0659482715,-0.0112463228,0.00298661028,0.271887758,12.5927923,3.43924963,0.0334852499,0,0,0,13.0540406,0,0
16,16.02,0.16944346,-0.0125180698,-0.0251027078,0.0456847776,-0.0347238906,-9.79569264,203.411559,15.8469952,-0.0652780192,-0.00792298118,0.00274042937,0.271455133,12.5935266,3.43803017,0.0335973177,0,0,0,13.0544281,0,0
16.02,16.04,0.1740351,-0.0131911245,-0.0320333673,0.043992605,-0.0380890812,-9.77963355,203.663435,15.9157488,-0.0646021438,-0.00448624507,0.00247953776,0.270885686,12.594105,3.43743136,0.0340446019,0,0,0,13.0548295,0,0
16.04,16.06,0.176820107,-0.0136991672,-0.0390780327,0.0424441873,-0.042206607,-9.76444832,203.915322,15.9844965,-0.0639141237,-0.000976685384,0.00220847752,0.270175375,12.5945383,3.43743138,0.0348085828,0,0,0,13.0552496,0,0
16.06,16.08,0.178218532,-0.0140663167,-0.0461097821,0.0410367065,-0.0468027209,-9.75019634,204.167216,16.0532499,-0.0632078185,0.00257394904,0.00193132664,0.269323161,12.5948357,3.43801279,0.035869857,0,0,0,13.0556924,0,0
16.08,16.1,0.178584003,-0.0143138351,-0.0530340812,0.0397635633,-0.0517704861,-9.73689744,204.419115,16.1220207,-0.062477478,0.00614167255,0.00165170695,0.268330246,12.5950053,3.43915949,0.0372088702,0,0,0,13.0561618,0,0
16.1,16.12,0.178198666,-0.0144603092,-0.0597803454,0.038615662,-0.0570795936,-9.72454283,204.671015,16.19082,-0.0617177403,0.00970884922,0.00137280475,0.267199508,12.5950546,3.44085548,0.0388064189,0,0,0,13.0566609,0,0
16.12,16.14,0.177280399,-0.0145218795,-0.0662956475,0.0375823174,-0.062730585,-9.7131035,204.922916,16.2596585,-0.0609236212,0.0132628209,0.00109739878,0.265935079,12.5949909,3.44308447,0.040643996,0,0,0,13.0571926,0,0
16.14,16.16,0.17599035,-0.0145124336,-0.0724855705,0.0366455069,-0.0694541935,-9.7025409,205.174814,16.3285467,-0.0600904996,0.0167947093,0.000827887738,0.264542297,12.5948275,3.44580555,0.0427036248,0,0,0,13.0577593,0,0
16.16,16.18,0.174455531,-0.0144435166,-0.0781976515,0.0357820386,-0.0787763342,-9.69280888,205.426709,16.3974935,-0.0592141148,0.0202984196,0.000566283532,0.263029612,12.5945851,3.44894772,0.0449676138,0,0,0,13.0583627,0,0
16.18,16.2,0.172780272,-0.0143249281,-0.0833994344,0.0349829542,-0.0883501137,-9.68384946,205.678597,16.4665073,-0.0582905385,0.0237702467,0.000314256194,0.2614066,12.5942706,3.4524905,0.047419903,0,0,0,13.0590042,0,0
16.2,16.22,0.171042888,-0.0141646642,-0.0879404543,0.0342172613,-0.100783127,-9.67561054,205.930479,16.5355952,-0.057316174,0.0272081728,7.31133531e-05,0.259685534,12.5939045,3.45635858,0.0500441748,0,0,0,13.0596842,0,0
16.22,16.24,0.168676417,-0.0136449601,-0.0918403583,0.0335223239,-0.113147228,-9.67003687,206.182353,16.6047639,-0.0562875893,0.0306086338,-0.000154555351,0.257879045,12.5934905,3.46054044,0.0528518321,0,0,0,13.0604034,0,0
16.24,16.26,0.164676541,-0.0121121318,-0.0948354587,0.0330054458,-0.129815276,-9.66657176,206.434219,16.674018,-0.0552007517,0.0339438839,-0.00035279041,0.256003345,12.5930625,3.4649078,0.055854824,0,0,0,13.0611611,0,0
16.26,16.28,0.160372609,-0.0100985915,-0.0968697908,0.0327162215,-0.145416616,-9.66472821,206.686075,16.7433614,-0.0540527874,0.0371948683,-0.0005069007,0.254078014,12.5926179,3.46946353,0.0589482559,0,0,0,13.0619554,0,0
16.28,16.3,0.156439121,-0.0079497709,-0.097945385,0.0300863303,-0.160498957,-9.66513902,206.937923,16.8127977,-0.052842799,0.0403631162,-0.000611645765,0.25212275,12.5921049,3.47419176,0.0620447601,0,0,0,13.0627318,0,0
16.3,16.32,0.15248815,-0.00585133677,-0.0980632964,0.030212185,-0.176383091,-9.66785828,207.18976,16.8823301,-0.051571427,0.0434557343,-0.000667135437,0.250157028,12.5915764,3.47907716,0.0650766775,0,0,0,13.0635374,0,0
16.32,16.34,0.147519891,-0.00389546502,-0.097183604,0.0304552442,-0.193200927,-9.67265459,207.441586,16.9519615,-0.0502405126,0.0464573939,-0.000676378802,0.248200483,12.5910381,3.48407934,0.0679918145,0,0,0,13.0643665,0,0
16.34,16.36,0.142773387,-0.00212366114,-0.0952935602,0.0307541411,-0.208768842,-9.67889559,207.693401,17.0216941,-0.0488527792,0.0493604603,-0.000643909412,0.246273442,12.5904824,3.48920601,0.0707536065,0,0,0,13.0652138,0,0
16.36,16.38,0.138819273,-0.000550175535,-0.0924481585,0.0310860449,-0.223390612,-9.68621876,207.945205,17.0915306,-0.047411558,0.0521759417,-0.000574928625,0.244395565,12.5899016,3.49446704,0.0733372412,0,0,0,13.0660744,0,0
16.38,16.4,0.13517146,0.000826895019,-0.0886970487,0.0314296929,-0.238361682,-9.69445453,208.196997,17.1614736,-0.0459205863,0.0549184157,-0.000474822293,0.242585436,12.5892941,3.49984877,0.0757265417,0,0,0,13.0669431,0,0
16.4,16.42,0.130745645,0.00202044275,-0.0840584694,0.0317752462,-0.253519325,-9.70329935,208.448776,17.2315252,-0.0443838544,0.0575782205,-0.000348905539,0.240860767,12.5886602,3.50533301,0.0779125588,0,0,0,13.0678153,0,0
16.42,16.44,0.126713838,0.003046621,-0.078603659,0.032101643,-0.266316181,-9.71214751,208.700543,17.3016878,-0.0428054434,0.0601518752,-0.000202308439,0.239238852,12.5879847,3.5109639,0.0798953599,0,0,0,13.0686881,0,0
16.44,16.46,0.123583974,0.00392168351,-0.0724686533,0.0324073011,-0.27655366,-9.72087005,208.952295,17.3719651,-0.0411893568,0.0626533277,-3.97529505e-05,0.237733973,12.5872524,3.51678823,0.0816801556,0,0,0,13.0695599,0,0
16.46,16.48,0.121453955,0.00466249685,-0.0656065274,0.0326126029,-0.28861871,-9.72932664,209.204033,17.4423603,-0.039539538,0.0651019426,0.000134298964,0.236360594,12.5864702,3.52276133,0.0832707737,0,0,0,13.0704251,0,0
16.48,16.5,0.120262083,0.00528591209,-0.0581943746,0.0302769587,-0.298309849,-9.73734316,209.455753,17.5128769,-0.0378597217,0.0675173631,0.000315817045,0.235130904,12.5855725,3.52892794,0.0846815796,0,0,0,13.0712332,0,0
16.5,16.52,0.119235488,0.00580870554,-0.0502256754,0.0304235422,-0.309617817,-9.74507675,209.707455,17.5835185,-0.0361534045,0.0699138827,0.000501115742,0.234056186,12.5846138,3.53526793,0.0859234936,0,0,0,13.0720315,0,0
16.52,16.54,0.117188874,0.0062477312,-0.041804845,0.0305555107,-0.319228337,-9.75246481,209.959137,17.654289,-0.0344238032,0.0722779736,0.000686908411,0.233145913,12.5835848,3.54181478,0.0870120241,0,0,0,13.0728202,0,0
16.54,16.56,0.115265048,0.0066173229,-0.032894438,0.0306050856,-0.327945829,-9.75903567,210.210798,17.7251925,-0.0326738612,0.0746010031,0.000870140822,0.23240975,12.5824807,3.54857843,0.0879605616,0,0,0,13.0735981,0,0
16.56,16.58,0.113998795,0.00692926568,-0.0236767813,0.030697151,-0.333317122,-9.76492904,210.462436,17.7962341,-0.0309061893,0.0768917666,0.00104810815,0.231855557,12.5812818,3.55564127,0.088788014,0,0,0,13.0743688,0,0
16.58,16.6,0.113515708,0.00719391354,-0.0142972095,0.0308134071,-0.336582697,-9.77021873,210.714049,17.8674205,-0.0291230325,0.0791651686,0.00121855857,0.231487823,12.5799747,3.56305807,0.0895118198,0,0,0,13.0751351,0,0
16.6,16.62,0.113761403,0.00742072141,-0.00486227206,0.030935889,-0.338594494,-9.77493503,210.965634,17.938759,-0.0273262984,0.0814365644,0.00137962349,0.231308556,12.5785506,3.57086512,0.0901484036,0,0,0,13.0758991,0,0
16.62,16.64,0.113978698,0.00761834686,0.00455400436,0.0310603297,-0.340325605,-9.7793918,211.21719,18.0102578,-0.0255175782,0.0837162981,0.00152975689,0.231317952,12.5770058,3.57907673,0.090712423,0,0,0,13.0766622,0,0
16.64,16.66,0.112985825,0.00779414617,0.013958662,0.0311750499,-0.342178389,-9.78355131,211.468714,18.0819247,-0.0236982097,0.0859869403,0.0016676341,0.231515466,12.5753425,3.5876852,0.0912153896,0,0,0,13.077425,0,0
16.66,16.68,0.11194144,0.00795346266,0.023364379,0.031260116,-0.342315374,-9.78696751,211.720203,18.153768,-0.0218692875,0.0882362389,0.00179202783,0.231900998,12.5735535,3.59671955,0.0916696529,0,0,0,13.0781895,0,0
16.68,16.7,0.111385004,0.00810061118,0.0327406628,0.0313362063,-0.341446095,-9.78989132,211.971655,18.2257965,-0.0200316782,0.0904694897,0.00190183722,0.232474221,12.5716335,3.60620051,0.0920857481,0,0,0,13.0789576,0,0
16.7,16.72,0.111461185,0.00823950875,0.0420418311,0.0288973537,-0.339999059,-9.79241069,212.223067,18.298019,-0.0181860414,0.0926983388,0.00199612175,0.23323402,12.5695299,3.61613232,0.0924742195,0,0,0,13.0796807,0,0
16.72,16.74,0.112145081,0.00837372607,0.0511271532,0.0290745889,-0.336922438,-9.79458242,212.474435,18.3704452,-0.016332808,0.0949353451,0.00207414787,0.234177898,12.5672791,3.62658325,0.0928490491,0,0,0,13.080414,0,0
16.74,16.76,0.112694096,0.00850593017,0.0597487373,0.0293534777,-0.330208832,-9.7967832,212.725757,18.4430866,-0.0144720479,0.0971886153,0.00213572947,0.235298377,12.5648589,3.63764909,0.0932272365,0,0,0,13.0811644,0,0
16.76,16.78,0.111919111,0.00863663973,0.0679574847,0.0296253893,-0.324595666,-9.79895227,212.977028,18.515955,-0.0126036772,0.099438379,0.00218085859,0.236587003,12.5622749,3.64930491,0.0936129565,0,0,0,13.0819318,0,0
16.78,16.8,0.110981779,0.00876521717,0.0755773002,0.0299905883,-0.313894182,-9.80063901,213.228246,18.5890635,-0.0107273679,0.101670128,0.00220978567,0.238033548,12.5594996,3.66166615,0.0940224266,0,0,0,13.0827241,0,0
16.8,16.82,0.110399666,0.00889145822,0.0825948453,0.0303361659,-0.302374363,-9.80210918,213.479407,18.6624264,-0.00884258468,0.103886636,0.00222301415,0.239626031,12.5565284,3.67474635,0.0944610382,0,0,0,13.0835427,0,0
16.82,16.84,0.110303338,0.00901569791,0.0889981659,0.0306575087,-0.290802994,-9.80346484,213.730506,18.7360582,-0.00694870309,0.106096662,0.00222114385,0.2413523,12.553359,3.68854639,0.09493298,0,0,0,13.084388,0,0
16.84,16.86,0.110655153,0.00913852893,0.0947606317,0.0309598224,-0.2791787,-9.8047341,213.98154,18.8099731,-0.00504501028,0.108309644,0.00220488972,0.243199861,12.5499883,3.70307103,0.0954431632,0,0,0,13.0852608,0,0
16.86,16.88,0.110716244,0.00926023263,0.0998419139,0.0312536326,-0.267694275,-9.80619533,214.232504,18.8841859,-0.00313068592,0.110530387,0.00217512903,0.245155462,12.5464138,3.71832204,0.0959963728,0,0,0,13.0861619,0,0
16.88,16.9,0.10931918,0.00937843896,0.104280193,0.0315207953,-0.256738376,-9.80774814,214.483395,18.9587107,-0.00120485917,0.112736238,0.00213283583,0.247205741,12.5426386,3.73427864,0.0965940813,0,0,0,13.087091,0,0
16.9,16.92,0.107637471,0.00949085751,0.108119229,0.0317445786,-0.24450714,-9.80896307,214.734209,19.0335618,0.000733401474,0.114910033,0.00207894948,0.249338397,12.5386565,3.75095503,0.0972402587,0,0,0,13.088049,0,0
16.92,16.94,0.106222427,0.00959688907,0.111359539,0.0294432771,-0.231744855,-9.81002611,214.98494,19.1087536,0.00268509889,0.117052429,0.00201443943,0.25154152,12.5344153,3.76834314,0.0979383747,0,0,0,13.0889865,0,0
16.94,16.96,0.105228806,0.00969682543,0.113986526,0.0296344932,-0.218904007,-9.81101904,215.235584,19.1843004,0.00465130352,0.119170663,0.00194036719,0.253803035,12.5299613,3.78645332,0.0986913736,0,0,0,13.0899541,0,0
16.96,16.98,0.104634548,0.00979135691,0.115984593,0.0297735276,-0.206208542,-9.81198532,215.486137,19.2602165,0.00663313855,0.12127306,0.00185790601,0.256110561,12.5252922,3.80528058,0.0995018833,0,0,0,13.0909513,0,0
16.98,17,0.104350823,0.00988125798,0.117342957,0.0298776345,-0.193761368,-9.8129053,215.736594,19.3365163,0.00863178398,0.123366717,0.00176833959,0.25845146,12.5204065,3.82481853,0.100372949,0,0,0,13.0919781,0,0
17,17.02,0.103634375,0.00996688855,0.1180713,0.0299444434,-0.182261139,-9.8139976,215.986952,19.4132139,0.0106484739,0.125453611,0.00167304429,0.260813011,12.5153072,3.84504355,0.101305779,0,0,0,13.0930339,0,0
17.02,17.04,0.101336524,0.0100457518,0.118267593,0.02996204,-0.172283621,-9.81515775,216.237205,19.4903223,0.0126844073,0.127508431,0.00157335024,0.263183541,12.5100046,3.8659052,0.102297487,0,0,0,13.0941171,0,0
17.04,17.06,0.0986618822,0.0101160642,0.118014617,0.0299293074,-0.16168917,-9.81600554,216.48735,19.5678543,0.0147407768,0.129511887,0.00147040876,0.265553418,12.5044976,3.88739655,0.103349539,0,0,0,13.0952278,0,0
17.06,17.08,0.0961889343,0.0101782443,0.11739251,0.0298452594,-0.151726104,-9.81673318,216.737384,19.6458222,0.0168187817,0.131463125,0.0013652726,0.267914287,12.4987926,3.90948223,0.104459416,0,0,0,13.0963652,0,0
17.08,17.1,0.0941057636,0.0102338637,0.116488962,0.0297283948,-0.143770699,-9.8173972,216.987301,19.7242371,0.0189195014,0.133368403,0.00125873107,0.270260241,12.4929012,3.93211029,0.105622733,0,0,0,13.0975275,0,0
17.1,17.12,0.0924247358,0.0102846602,0.11519872,0.0296089019,-0.134225768,-9.81800114,217.237098,19.8031105,0.0210441059,0.135235885,0.00115178522,0.272584178,12.4868126,3.95531024,0.106846739,0,0,0,13.0987169,0,0
17.12,17.14,0.0910728481,0.0103323833,0.113610868,0.0294537788,-0.126947571,-9.81853178,217.486772,19.8824529,0.0231937406,0.137072876,0.00104538949,0.274879733,12.4805399,3.97902596,0.108127299,0,0,0,13.0999319,0,0
17.14,17.16,0.0899683456,0.0103785231,0.1116501,0.0292864202,-0.118609405,-9.81896856,217.736319,19.9622752,0.0253696287,0.138885205,0.000940646354,0.277139849,12.4740753,4.00327595,0.109471012,0,0,0,13.1011739,0,0
17.16,17.18,0.0883831815,0.0104240959,0.109433498,0.0290839085,-0.113250302,-9.81951726,217.985734,20.042587,0.0275729567,0.140673718,0.000838555647,0.279358576,12.4674375,4.02798592,0.110871248,0,0,0,13.102441,0,0
17.18,17.2,0.08520023,0.0104673867,0.107008041,0.028859513,-0.10840688,-9.82010664,218.235015,20.1233975,0.0298048518,0.142412545,0.000740029007,0.281530937,12.4606336,4.05312472,0.112326685,0,0,0,13.1037333,0,0
17.2,17.22,0.0816490051,0.0105074387,0.104528115,0.0285981903,-0.104324793,-9.82040617,218.484158,20.2047146,0.0320663585,0.144082326,0.000645624855,0.283654704,12.4536739,4.07865023,0.113832894,0,0,0,13.1050501,0,0
17.22,17.24,0.078339016,0.0105451547,0.101988694,0.0258526732,-0.0995595896,-9.82055298,218.73316,20.286546,0.034358524,0.14568275,0.000555784199,0.285728615,12.4465098,4.10454685,0.115391713,0,0,0,13.1063429,0,0
17.24,17.26,0.0754668468,0.0105821385,0.0994861821,0.0255860624,-0.0966809166,-9.82062109,218.982018,20.3688986,0.0366823322,0.147221032,0.000470800306,0.287752501,12.4392053,4.13076884,0.116996127,0,0,0,13.1076606,0,0
17.26,17.28,0.0730568466,0.0106201683,0.0970319588,0.0252973134,-0.0946981315,-9.82065621,219.230728,20.4517787,0.0390386532,0.148706352,0.000390782193,0.289727493,12.4317663,4.15729045,0.118643788,0,0,0,13.1090027,0,0
17.28,17.3,0.0710565799,0.0106607761,0.0945599596,0.0250101404,-0.0920723011,-9.82065435,219.479287,20.5351923,0.0414283981,0.150147546,0.000315994157,0.291653706,12.424189,4.18412045,0.120337908,0,0,0,13.1103706,0,0
17.3,17.32,0.0693815396,0.0107052376,0.0921287696,0.0247059508,-0.0909590866,-9.82060993,219.727694,20.6191453,0.0438524478,0.151551973,0.000246685466,0.293531387,12.4164852,4.21121518,0.122073629,0,0,0,13.1117635,0,0
17.32,17.34,0.0673165271,0.010754348,0.0897801297,0.0243911896,-0.0914751221,-9.82073812,219.975946,20.7036424,0.0463115916,0.15292223,0.00018295558,0.295361793,12.4086673,4.23853111,0.123845961,0,0,0,13.1131807,0,0
17.34,17.36,0.0637457031,0.0108065231,0.0876001414,0.021601729,-0.0934200704,-9.8209578,220.22404,20.7886875,0.0488064856,0.154234232,0.000124725325,0.297147339,12.4007028,4.26600336,0.125648531,0,0,0,13.1145721,0,0
17.36,17.38,0.0599076335,0.0108605244,0.0856569738,0.0212778391,-0.0946004404,-9.82093108,220.471974,20.8742837,0.0513377277,0.155470594,7.16353698e-05,0.298892186,12.3926405,4.29364024,0.127480363,0,0,0,13.1159878,0,0
17.38,17.4,0.0564063677,0.0109165564,0.084005422,0.0209198779,-0.0961384166,-9.82086801,220.719745,20.960434,0.0539058607,0.156632952,2.31603632e-05,0.300601409,12.3844886,4.32141251,0.129335423,0,0,0,13.117427,0,0
17.4,17.42,0.053444358,0.0109754472,0.0827312418,0.020552774,-0.0996135814,-9.82083228,220.967353,21.0471407,0.0565112256,0.157730463,-2.15460772e-05,0.30228195,12.3762638,4.34926489,0.131203479,0,0,0,13.1188881,0,0
17.42,17.44,0.0510463338,0.0110381171,0.0817892681,0.0201872884,-0.102811589,-9.82083778,221.214795,21.1344052,0.0591540837,0.158774381,-6.33476378e-05,0.303940674,12.3679663,4.37719617,0.133083507,0,0,0,13.1203715,0,0
17.44,17.46,0.0491555637,0.0111054107,0.0812007164,0.0198166524,-0.107120753,-9.82087956,221.462071,21.2222288,0.061834605,0.15977546,-0.000103156292,0.305584581,12.3596049,4.40517727,0.134970204,0,0,0,13.1218763,0,0
17.46,17.48,0.0476960069,0.0111779764,0.080907472,0.0170067558,-0.110905116,-9.82091192,221.709178,21.3106125,0.0645529529,0.160743127,-0.000141784707,0.3072199,12.3511302,4.43320161,0.13686545,0,0,0,13.1233542,0,0
17.48,17.5,0.046587991,0.0112562759,0.0809292316,0.0166511829,-0.115624267,-9.82092994,221.956116,21.3995571,0.0673092531,0.161685165,-0.00018007099,0.308852873,12.342596,4.46126131,0.138766029,0,0,0,13.1248537,0,0
17.5,17.52,0.0457689835,0.0113405999,0.0811713435,0.0162876863,-0.119162297,-9.82096001,222.202882,21.4890634,0.0701036625,0.162607975,-0.000218721462,0.310488802,12.3339921,4.48938634,0.140677064,0,0,0,13.1263757,0,0
17.52,17.54,0.0451749161,0.0114310761,0.0816352261,0.0159062697,-0.122790754,-9.82100185,222.449475,21.579133,0.0729364032,0.163516705,-0.000258249047,0.312131689,12.325321,4.51756719,0.142596987,0,0,0,13.12792,0,0
17.54,17.56,0.0447593524,0.0115278207,0.0824279283,0.0154983154,-0.128680064,-9.82104726,222.695894,21.6697661,0.0758075323,0.164415298,-0.000299486251,0.313787367,12.3165994,4.54575089,0.144516724,0,0,0,13.1294843,0,0
17.56,17.58,0.0445034615,0.0116308648,0.0834376924,0.0151091188,-0.132910104,-9.82109093,222.942138,21.7609633,0.0787171202,0.165307142,-0.000343218077,0.315461269,12.3078129,4.57398127,0.146443917,0,0,0,13.1310704,0,0
17.58,17.6,0.0437340008,0.0117398461,0.084656841,0.0122850141,-0.137368416,-9.82137873,223.188206,21.8527255,0.0816653425,0.166191973,-0.000389977565,0.317157193,12.2989186,4.60223262,0.14837731,0,0,0,13.1326296,0,0
17.6,17.62,0.0413706928,0.0118521885,0.0862499546,0.0118667204,-0.144510402,-9.82186208,223.434095,21.9450523,0.084652153,0.167043506,-0.000440686891,0.318881154,12.2899871,4.63044623,0.150303466,0,0,0,13.1342075,0,0
17.62,17.64,0.0375369664,0.0119650093,0.0881694684,0.0114482867,-0.14956774,-9.82265298,223.679805,22.0379434,0.0876774597,0.167837358,-0.000496456511,0.320640138,12.2810064,4.65865747,0.152225619,0,0,0,13.1358053,0,0
17.64,17.66,0.0300882953,0.0120723049,0.0904680479,0.0110267926,-0.154777929,-9.82423197,223.925335,22.1313983,0.0907410761,0.168518663,-0.000558376063,0.322440825,12.2719879,4.68683314,0.154132684,0,0,0,13.1374217,0,0
17.66,17.68,0.0201483135,0.0121659821,0.0933277681,0.0105743563,-0.158445119,-9.82580893,224.170684,22.2254163,0.0938425763,0.169020594,-0.000627962387,0.324292206,12.2629415,4.71494624,0.156010793,0,0,0,13.1390559,0,0
17.68,17.7,0.00939047729,0.0125357575,0.0969094763,0.00775015138,-0.162162992,-9.82945539,224.415852,22.3199953,0.0969812971,0.169318543,-0.000706066719,0.326207646,12.2538404,4.74292849,0.157863305,0,0,0,13.1406581,0,0
17.7,17.72,-0.00298832273,0.0137720334,0.101191936,0.00755913761,-0.164626226,-9.83493112,224.660838,22.4151324,0.100157051,0.169380452,-0.000781391485,0.328203362,12.2447391,4.77077475,0.159701897,0,0,0,13.1422765,0,0
17.72,17.74,-0.0149995493,0.0153885583,0.106130836,0.00766785463,-0.163984902,-9.84154531,224.905642,22.5108256,0.103368683,0.169199156,-0.000843388975,0.330295028,12.235626,4.79852187,0.161435931,0,0,0,13.1439118,0,0
17.74,17.76,-0.0267721629,0.0170721788,0.111670233,0.00806852918,-0.162470581,-9.85021482,225.150263,22.6070726,0.106613239,0.168777009,-0.0008895078,0.332495681,12.226504,4.82616043,0.162983274,0,0,0,13.1455616,0,0
17.76,17.78,-0.0366911637,0.0186581501,0.117725498,0.00875035692,-0.158929139,-9.86042735,225.394702,22.7038714,0.109886392,0.168136292,-0.000921516423,0.334816374,12.2173656,4.85370963,0.164287686,0,0,0,13.1472244,0,0
17.78,17.8,-0.0442725733,0.0200682125,0.124161111,0.00728142224,-0.154581825,-9.87205286,225.638957,22.8012202,0.113182864,0.167320338,-0.000943104067,0.337265496,12.208162,4.88115916,0.16531008,0,0,0,13.1488502,0,0
17.8,17.82,-0.0503712522,0.0212725381,0.130842222,0.00838087237,-0.150643184,-9.88504697,225.883028,22.8991171,0.116496744,0.166371662,-0.000958536978,0.33984851,12.1989409,4.90851031,0.166024394,0,0,0,13.1504828,0,0
17.82,17.84,-0.0565414988,0.0222644186,0.137719841,0.00953040322,-0.147520389,-9.89888079,226.126915,22.9975597,0.119821663,0.165298652,-0.000972086254,0.342568903,12.1897109,4.93572855,0.166413045,0,0,0,13.1521163,0,0
17.84,17.86,-0.0616930281,0.0230521198,0.144755907,0.0107435672,-0.142985948,-9.91261084,226.370616,23.0965455,0.123151089,0.164111154,-0.000987857323,0.345429587,12.1804658,4.96282446,0.166475554,0,0,0,13.1537481,0,0
17.86,17.88,-0.0654392617,0.0236541798,0.151806749,0.0120177973,-0.136902471,-9.92611908,226.614133,23.1960721,0.126478576,0.162834352,-0.00100942472,0.34843201,12.1711913,4.98983022,0.166223283,0,0,0,13.1553766,0,0
17.88,17.9,-0.067824096,0.0240940085,0.158640491,0.0109500947,-0.12787222,-9.93917733,226.857463,23.2961384,0.129798088,0.161496356,-0.00103924687,0.351573223,12.1618169,5.01679265,0.165680268,0,0,0,13.1569544,0,0
17.9,17.92,-0.0690668445,0.0243963546,0.165198351,0.0122303447,-0.119234342,-9.95158087,227.100605,23.3967435,0.133103951,0.160122247,-0.00107901497,0.354848176,12.1523872,5.04371986,0.16486313,0,0,0,13.1585259,0,0
17.92,17.94,-0.0694184482,0.0245854435,0.171327951,0.0134335743,-0.108827606,-9.96319657,227.343558,23.4978872,0.136390977,0.158732364,-0.00112957435,0.358249175,12.1428838,5.07065043,0.163799273,0,0,0,13.1600894,0,0
17.94,17.96,-0.0691195439,0.0246837282,0.177032569,0.0145369686,-0.0994252793,-9.97389939,227.58632,23.5995693,0.139654398,0.157341975,-0.0011912635,0.361767797,12.133311,5.09756353,0.162507849,0,0,0,13.1616411,0,0
17.96,17.98,-0.0683622645,0.024711431,0.182156534,0.0155549631,-0.0879180536,-9.98362378,227.82889,23.70179,0.142889992,0.155962089,-0.00126378363,0.365393813,12.1236448,5.1245126,0.161021458,0,0,0,13.1631805,0,0
17.98,18,-0.0673130276,0.0246863076,0.186628636,0.0164569891,-0.0755236008,-9.99235007,228.071265,23.8045502,0.146094137,0.154600114,-0.00134618769,0.369114812,12.1138731,5.15151973,0.159367078,0,0,0,13.1647056,0,0
18,18.02,-0.0661031416,0.0246235109,0.190403795,0.0148850385,-0.0625729835,-10.0000571,228.313444,23.9078511,0.149263726,0.153260485,-0.00143711442,0.372917355,12.1039424,5.17858263,0.157570139,0,0,0,13.1661675,0,0
18.02,18.04,-0.0648333217,0.0245356788,0.193441366,0.0155570312,-0.0489943845,-10.0067923,228.555422,24.0116941,0.152396156,0.151945342,-0.00153486556,0.376787164,12.093887,5.20573399,0.155654849,0,0,0,13.1676117,0,0
18.04,18.06,-0.0635810013,0.0244331497,0.195721894,0.0160821102,-0.0350610906,-10.0126505,228.797198,24.1160811,0.15548927,0.150655061,-0.00163749239,0.380709398,12.0836994,5.23298235,0.153641759,0,0,0,13.1690357,0,0
18.06,18.08,-0.0624040799,0.0243241703,0.197240414,0.0164828051,-0.0209601642,-10.0177032,229.038769,24.2210141,0.158541295,0.149388684,-0.00174288846,0.384669005,12.0733742,5.26033148,0.151548749,0,0,0,13.1704373,0,0
18.08,18.1,-0.0613444077,0.0242151381,0.197994815,0.0167662467,-0.00672654107,-10.0220294,229.280132,24.3264951,0.161550794,0.148144271,-0.00184885297,0.388650915,12.0629066,5.28778461,0.14939167,0,0,0,13.1718146,0,0
18.1,18.12,-0.0604326072,0.0241108415,0.19798115,0.0146074788,0.00773275588,-10.0256774,229.521284,24.4325261,0.164516635,0.146919186,-0.00195310451,0.392639937,12.0522482,5.31532813,0.147185159,0,0,0,13.1731189,0,0
18.12,18.14,-0.0596919067,0.0240146689,0.197223113,0.0147016352,0.0219530434,-10.0287347,229.762221,24.5391089,0.167437946,0.145710265,-0.00205336084,0.396621115,12.0414424,5.34297219,0.144940151,0,0,0,13.1743954,0,0
18.14,18.16,-0.0591369932,0.0239288796,0.195743585,0.0146883352,0.0359341672,-10.031314,230.002941,24.6462456,0.170314043,0.144513978,-0.00214739503,0.400579975,12.0304891,5.3707092,0.142665069,0,0,0,13.1756418,0,0
18.16,18.18,-0.0587765221,0.0238548223,0.193559735,0.0145966744,0.0497618349,-10.0334882,230.24344,24.7539379,0.173144397,0.143326579,-0.00223303975,0.404502439,12.0193876,5.39853364,0.140367039,0,0,0,13.1768565,0,0
18.18,18.2,-0.0586165857,0.0237931238,0.19069889,0.0144372242,0.0633144793,-10.0353252,230.483715,24.8621875,0.175928608,0.142144193,-0.00230819326,0.408374776,12.00814,5.42643503,0.138050947,0,0,0,13.1780378,0,0
18.2,18.22,-0.0586598581,0.0237438224,0.187217826,0.0142261057,0.0760119395,-10.0368856,230.723764,24.9709956,0.178666327,0.140962849,-0.00237091625,0.412184204,11.996754,5.45438993,0.135718346,0,0,0,13.1791842,0,0
18.22,18.24,-0.0589037616,0.02370653,0.183156847,0.0139731071,0.0881803961,-10.0382248,230.963585,25.0803633,0.181357244,0.139778598,-0.00241942432,0.415918792,11.9852355,5.48238106,0.133370634,0,0,0,13.1802944,0,0
18.24,18.26,-0.0593439565,0.0236805177,0.17858629,0.0113810736,0.0992525679,-10.0393571,231.203173,25.1902907,0.184001046,0.138587549,-0.00245213615,0.419567769,11.9735543,5.51035902,0.131006711,0,0,0,13.1813209,0,0
18.26,18.28,-0.059970689,0.0233680922,0.173558607,0.0110837331,0.109508701,-10.0385326,231.442526,25.3007776,0.186597287,0.137385957,-0.00246911211,0.423121385,11.9617615,5.53832175,0.128602804,0,0,0,13.1823095,0,0
18.28,18.3,-0.0607735986,0.0221681715,0.168156138,0.0106028652,0.118584883,-10.0363381,231.681642,25.4118233,0.189144653,0.13617027,-0.00248306122,0.426569283,11.9498716,5.5662356,0.126128824,0,0,0,13.183259,0,0
18.3,18.32,-0.0617360204,0.020565189,0.162484983,0.00989807554,0.125693102,-10.0331203,231.92052,25.5234263,0.191642478,0.134937096,-0.00250625924,0.429903707,11.937911,5.59404296,0.123662334,0,0,0,13.1841696,0,0
18.32,18.34,-0.0628381049,0.0188705296,0.156513251,0.00895895768,0.133540996,-10.0282574,232.159158,25.6355844,0.194091673,0.13368348,-0.00254272175,0.433118108,11.9258808,5.62174526,0.121273967,0,0,0,13.185043,0,0
18.34,18.36,-0.0640743112,0.0172489259,0.150391764,0.0078773192,0.138867376,-10.0218181,232.397555,25.7482949,0.196494229,0.132406638,-0.00259209661,0.436208065,11.9138184,5.64927032,0.119004108,0,0,0,13.1858821,0,0
18.36,18.38,-0.0654226515,0.0157817299,0.144180185,0.00668518695,0.142985921,-10.0140896,232.635711,25.8615538,0.198852828,0.13110406,-0.00265199781,0.439171843,11.9017436,5.67658573,0.116883285,0,0,0,13.1866898,0,0
18.38,18.4,-0.0668629141,0.0145032049,0.137847723,0.00540688854,0.147700871,-10.0054385,232.873625,25.975357,0.201170714,0.129773743,-0.00271891567,0.442007621,11.8896584,5.70369742,0.114934649,0,0,0,13.1874695,0,0
18.4,18.42,-0.0683870143,0.0134211118,0.131490559,0.00182466247,0.150742873,-9.99619936,233.111297,26.0896998,0.2034514,0.128413919,-0.00278907233,0.444714476,11.8775485,5.73053991,0.113163699,0,0,0,13.1881785,0,0
18.42,18.44,-0.0699792428,0.0125285776,0.125174764,0.000584590092,0.152578493,-9.98671584,233.348727,26.2045767,0.205698442,0.127023074,-0.00285891909,0.447293134,11.8654772,5.75710049,0.111569576,0,0,0,13.1888666,0,0
18.44,18.46,-0.071621991,0.011811088,0.118942174,-0.000625301071,0.153606098,-9.97731247,233.585917,26.3199818,0.207915318,0.125600039,-0.00292526649,0.449745326,11.8534603,5.78335701,0.110145462,0,0,0,13.1895364,0,0
18.46,18.48,-0.0725608816,0.0112509201,0.112863668,-0.00174496237,0.154026503,-9.96819184,233.822866,26.4359088,0.210105317,0.124147631,-0.00298536851,0.452073623,11.8415148,5.80928691,0.108879364,0,0,0,13.1901912,0,0
18.48,18.5,-0.0715596243,0.0108319714,0.106990718,-0.00272923181,0.152812952,-9.95955369,234.059578,26.5523509,0.212271438,0.122698181,-0.00303708726,0.454282408,11.8296593,5.83486523,0.107755312,0,0,0,13.1908341,0,0
18.5,18.52,-0.0700787726,0.0105366121,0.101254511,-0.00363973316,0.15020696,-9.95158095,234.296053,26.669301,0.214416371,0.121275536,-0.00307854719,0.456375035,11.8179049,5.86007867,0.106756688,0,0,0,13.1914667,0,0
18.52,18.54,-0.0688400714,0.0103454667,0.0957259502,-0.004445646,0.145362105,-9.94433574,234.532295,26.7867514,0.216542394,0.119880979,-0.00310831611,0.458355379,11.8062746,5.88489,0.105861995,0,0,0,13.1920907,0,0
18.54,18.56,-0.0680817011,0.0102398255,0.0904145362,-0.00516565815,0.140597271,-9.93786687,234.768305,26.904694,0.218651437,0.118506837,-0.00312533598,0.460227485,11.7947711,5.90930237,0.105054359,0,0,0,13.1927069,0,0
18.56,18.58,-0.0678260452,0.0102025344,0.0854950169,-0.00575796368,0.13316579,-9.9321963,235.004087,27.0231204,0.220744975,0.117143025,-0.00312914488,0.461997724,11.783429,5.93325567,0.104308098,0,0,0,13.1933166,0,0
18.58,18.6,-0.0679880785,0.0102183985,0.0810100387,-0.00625997197,0.125396009,-9.92732727,235.239643,27.1420212,0.222824048,0.115780262,-0.00311979649,0.463674488,11.7722554,5.95674343,0.103605021,0,0,0,13.19392,0,0
18.6,18.62,-0.0684601108,0.0102742872,0.0769911944,-0.00667803736,0.117473493,-9.9232417,235.474978,27.261387,0.224889348,0.114411264,-0.00309765092,0.465266778,11.7612561,5.97976114,0.102927821,0,0,0,13.1945171,0,0
18.62,18.64,-0.0691388957,0.0103589936,0.0734697631,-0.00701714659,0.109260345,-9.91990531,235.710095,27.3812084,0.22694122,0.113030864,-0.00306334429,0.46678427,11.7504376,6.00230159,0.102259784,0,0,0,13.1951076,0,0
18.64,18.66,-0.0699354789,0.0104630795,0.0704517204,-0.00728859583,0.10113415,-9.91727218,235.944997,27.5014759,0.228979703,0.111635838,-0.00301770662,0.468236913,11.7398023,6.02436544,0.101586385,0,0,0,13.1956909,0,0
18.66,18.68,-0.070779792,0.0105786831,0.0679543637,-0.00749667168,0.0928039494,-9.91528724,236.179688,27.6221798,0.231004545,0.110224534,-0.00296172722,0.469634906,11.7293559,6.04594673,0.100893581,0,0,0,13.1962662,0,0
18.68,18.7,-0.0723578531,0.0106990992,0.0659782056,-0.00766014851,0.0839351691,-9.91394344,236.414172,27.7433105,0.233015229,0.108792898,-0.00289651517,0.470988614,11.7191059,6.0670339,0.100168094,0,0,0,13.1968321,0,0
18.7,18.72,-0.0765892259,0.0108167266,0.0645756008,-0.00781344238,0.074126651,-9.91323176,236.648454,27.8648576,0.235010952,0.107304896,-0.0028232888,0.472308716,11.7090711,6.08759292,0.0993952532,0,0,0,13.1973866,0,0
18.72,18.74,-0.0831779205,0.0109238398,0.0638664664,-0.00794632768,0.0653247394,-9.91299358,236.882537,27.9868105,0.236990645,0.105704899,-0.00274351682,0.473607757,11.69926,6.10760973,0.0985638431,0,0,0,13.1979277,0,0
18.74,18.76,-0.0909904779,0.0110153482,0.0639100903,-0.00804252418,0.0580120388,-9.91319326,237.116426,28.1091584,0.238953059,0.103964209,-0.00265889117,0.474900202,11.6896757,6.12708239,0.0976651078,0,0,0,13.1984543,0,0
18.76,18.78,-0.100846717,0.0110859406,0.0647859025,-0.00813724544,0.0506198448,-9.91380105,237.350125,28.2318899,0.240896713,0.102042828,-0.00257120782,0.476201634,11.6803412,6.14596818,0.096686698,0,0,0,13.1989637,0,0
18.78,18.8,-0.110217684,0.0111323451,0.0665240005,-0.00817214827,0.0458727114,-9.91461372,237.583641,28.3549933,0.242819964,0.0999264998,-0.00248236814,0.47752907,11.6712515,6.16428138,0.0956241082,0,0,0,13.1994553,0,0
18.8,18.82,-0.118879765,0.0111539014,0.0690205696,-0.00816916444,0.042130171,-9.91570842,237.816977,28.4784573,0.244721085,0.0976334374,-0.00239412803,0.478898833,11.6624072,6.18202463,0.0944730949,0,0,0,13.1999278,0,0
18.82,18.84,-0.128022864,0.0111490012,0.0721910333,-0.0081693106,0.0392226307,-9.91702138,238.050139,28.6022704,0.246598271,0.0951598902,-0.00230789093,0.480324631,11.6538155,6.19918534,0.0932294793,0,0,0,13.200379,0,0
18.84,18.86,-0.136049947,0.0111171658,0.0760609921,-0.00810780595,0.0370055899,-9.91835635,238.283131,28.7264207,0.248449623,0.0925129518,-0.00222498805,0.481820541,11.6454864,6.21574922,0.0918904386,0,0,0,13.2008082,0,0
18.86,18.88,-0.142356094,0.011060356,0.0804644998,-0.00800200019,0.0369964125,-9.91970479,238.51596,28.8508966,0.25027328,0.0897223521,-0.00214643589,0.483398625,11.6374053,6.231748,0.0904598797,0,0,0,13.2012147,0,0
18.88,18.9,-0.146925607,0.0109817867,0.0853206314,-0.00785657061,0.0366925458,-9.92102005,238.748629,28.9756867,0.25206741,0.0868231878,-0.00207293362,0.485068914,11.6295803,6.24716983,0.0889388905,0,0,0,13.2015976,0,0
18.9,18.92,-0.14996874,0.0108854362,0.0904247131,-0.00768931896,0.0382022271,-9.92225162,238.981145,29.1007799,0.253830286,0.0838482909,-0.00200478459,0.48683836,11.6219906,6.26205685,0.0873356215,0,0,0,13.2019562,0,0
18.92,18.94,-0.151772405,0.0107757201,0.0956239788,-0.00750903421,0.0408878422,-9.9233461,239.213511,29.2261656,0.255560339,0.0808253438,-0.00194187733,0.488710316,11.6146222,6.27643794,0.0856579741,0,0,0,13.2022899,0,0
18.94,18.96,-0.15261743,0.0106570926,0.100809985,-0.00732373815,0.0442897501,-9.92425648,239.445731,29.3518341,0.257256161,0.0777762751,-0.00188380643,0.490685566,11.6074657,6.29033276,0.0839138018,0,0,0,13.2025978,0,0
18.96,18.98,-0.152745887,0.0102024903,0.105905168,-0.00716498476,0.0481791709,-9.92293159,239.677811,29.4777758,0.258916372,0.0747177607,-0.00183156606,0.492762942,11.6005135,6.30375833,0.0820852645,0,0,0,13.2028792,0,0
18.98,19,-0.152351967,0.0087460795,0.11085493,-0.00947367149,0.052446262,-9.91988885,239.909753,29.6039812,0.260538824,0.0716621001,-0.00180000379,0.494938967,11.5937183,6.31670796,0.0801521074,0,0,0,13.2030878,0,0
19,19.02,-0.151586732,0.00683373664,0.115619524,-0.00976135115,0.05705704,-9.91548011,240.141561,29.7304411,0.26212244,0.0686181152,-0.00180295704,0.497209436,11.5871189,6.32920969,0.0782175867,0,0,0,13.2032699,0,0
19.02,19.04,-0.150562753,0.00481735186,0.120122864,-0.01033313,0.0625910297,-9.90900696,240.373239,29.8571468,0.263668093,0.0655919614,-0.00184484981,0.499569995,11.5807034,6.34129042,0.0763686189,0,0,0,13.2034271,0,0
19.04,19.06,-0.149370541,0.00288475785,0.124238979,-0.0111384271,0.0703148855,-9.90053029,240.60479,29.9840903,0.265178207,0.0625878262,-0.00192475989,0.502014123,11.5744477,6.35300199,0.0746726625,0,0,0,13.203562,0,0
19.06,19.08,-0.148086843,0.00113017399,0.127952179,-0.0121228807,0.0781122825,-9.89035736,240.836217,30.1112644,0.266656327,0.0596081502,-0.00203905318,0.504534613,11.5683507,6.36435507,0.0731762,0,0,0,13.2036778,0,0
19.08,19.1,-0.146765926,-0.000405230627,0.131119747,-0.0132564303,0.0884124641,-9.87889996,241.067525,30.2386626,0.268106824,0.0566541526,-0.00218275283,0.507122311,11.5623815,6.37541406,0.0719146581,0,0,0,13.2037776,0,0
19.1,19.12,-0.145462274,-0.00171025918,0.133700415,-0.0144897355,0.0995053646,-9.86657437,241.298714,30.3662792,0.269534617,0.0537259485,-0.00235037897,0.509766314,11.5565309,6.38620375,0.0709083082,0,0,0,13.2038643,0,0
19.12,19.14,-0.144218741,-0.00279046875,0.135665661,-0.0157860456,0.111234161,-9.85376885,241.529787,30.4941091,0.270944926,0.0508227043,-0.0025364739,0.512454952,11.5507917,6.3967448,0.0701671505,0,0,0,13.2039409,0,0
19.14,19.16,-0.143068241,-0.00366045266,0.137007048,-0.0171133332,0.123219969,-9.84082195,241.760746,30.6221474,0.272343082,0.0479428382,-0.00273588047,0.515176236,11.5451605,6.40705029,0.069692698,0,0,0,13.2040101,0,0
19.16,19.18,-0.142034946,-0.00433924408,0.137697017,-0.0184518333,0.135861485,-9.82801726,241.991594,30.7503897,0.273734385,0.0450842377,-0.00294386331,0.517917658,11.5396294,6.41714095,0.0694805955,0,0,0,13.2040741,0,0
19.18,19.2,-0.141139147,-0.00484766279,0.137734059,-0.0197792142,0.148684947,-9.8155809,242.222332,30.8788317,0.27512399,0.0422443556,-0.0031561818,0.520666433,11.5341959,6.42702667,0.0695210235,0,0,0,13.204135,0,0
19.2,19.22,-0.139653149,-0.00520622266,0.137103284,-0.0210698864,0.162489201,-9.80379955,242.452962,31.0074695,0.276516825,0.0394239853,-0.00336911036,0.523409539,11.5288488,6.43673298,0.0698013019,0,0,0,13.2041947,0,0
19.22,19.24,-0.136368878,-0.00543099623,0.135734396,-0.0222995408,0.177142566,-9.79285354,242.683486,31.1363001,0.277917541,0.0366529882,-0.00357941522,0.526133219,11.5235702,6.44629615,0.0703061449,0,0,0,13.2042549,0,0
19.24,19.26,-0.132784167,-0.00553883656,0.133554894,-0.0235171876,0.19057772,-9.78264229,242.913905,31.2653204,0.279330438,0.033952011,-0.00378431218,0.52882193,11.5183623,6.45571551,0.0710159627,0,0,0,13.2043165,0,0
19.26,19.28,-0.129647891,-0.00554854894,0.130573068,-0.0246988205,0.203296355,-9.77326702,243.144221,31.3945277,0.280759407,0.0313185855,-0.00398149948,0.531459478,11.5132271,6.46498988,0.071909826,0,0,0,13.2043804,0,0
19.28,19.3,-0.127222487,-0.00547846493,0.126847206,-0.0258228496,0.215342498,-9.76478138,243.374435,31.523919,0.282207915,0.0287407006,-0.00416917002,0.534030401,11.5081704,6.47411222,0.0729662935,0,0,0,13.2044477,0,0
19.3,19.32,-0.12554098,-0.0053452315,0.122438784,-0.0268827881,0.22698227,-9.75719842,243.604548,31.6534912,0.283679004,0.0262036907,-0.00434597551,0.536520442,11.5031969,6.48307743,0.0741644504,0,0,0,13.2045194,0,0
19.32,19.34,-0.124541125,-0.0051633303,0.117412054,-0.0278724812,0.238243414,-9.75050003,243.834563,31.783241,0.285175304,0.0236933342,-0.0045109723,0.538916552,11.4983126,6.49187759,0.0754842315,0,0,0,13.2045964,0,0
19.34,19.36,-0.124129796,-0.00494503355,0.111841122,-0.0287846327,0.248866436,-9.74464724,244.064482,31.9131651,0.286699057,0.0211970236,-0.00466357439,0.5412071,11.4935281,6.50049751,0.0769066217,0,0,0,13.2046798,0,0
19.36,19.38,-0.124213631,-0.00470054486,0.105827093,-0.0295982834,0.258437195,-9.73958591,244.294305,32.0432596,0.288252134,0.0187040562,-0.00480350609,0.543381984,11.4888627,6.50890757,0.0784137532,0,0,0,13.2047716,0,0
19.38,19.4,-0.123959763,-0.00443798442,0.0994851917,-0.0302992348,0.266777432,-9.73548228,244.524037,32.1735198,0.289836062,0.016209163,-0.00493077902,0.545433886,11.4843354,6.51708007,0.0799893712,0,0,0,13.2048737,0,0
19.4,19.42,-0.122066977,-0.00416125589,0.092716946,-0.0309395811,0.276764627,-9.73227174,244.753679,32.3039415,0.291452074,0.0137382179,-0.00504559202,0.547355049,11.4799219,6.52505773,0.0816195013,0,0,0,13.2049857,0,0
19.42,19.44,-0.119968649,-0.00387505657,0.0855732768,-0.0314985896,0.283351985,-9.7295263,244.983235,32.4345204,0.293101099,0.0113093276,-0.00514831858,0.549137495,11.4756574,6.53278557,0.0832882985,0,0,0,13.2051102,0,0
19.44,19.46,-0.118353339,-0.00358539522,0.0780646344,-0.0320018741,0.28924059,-9.72733215,245.212707,32.5652513,0.294783771,0.00891877173,-0.00523950036,0.550773516,11.4715482,6.54025469,0.0849818912,0,0,0,13.2052479,0,0
19.46,19.48,-0.117441929,-0.00329778707,0.0703378035,-0.0323855559,0.292898527,-9.7256879,245.442098,32.6961285,0.296500456,0.0065542372,-0.0053198337,0.552257229,11.4676268,6.54741595,0.0866876799,0,0,0,13.2054017,0,0
19.48,19.5,-0.117228046,-0.00301659912,0.0625066674,-0.0326698916,0.295142056,-9.72455273,245.671413,32.8271456,0.298251291,0.0042015447,-0.00539013784,0.553585423,11.4639155,6.55423605,0.0883953366,0,0,0,13.2055739,0,0
19.5,19.52,-0.117615333,-0.00274487505,0.0546538429,-0.0328740406,0.29652934,-9.72386451,245.900656,32.9582955,0.300036226,0.00184767738,-0.00545130972,0.554756841,11.4604301,6.56069223,0.0900965792,0,0,0,13.2057661,0,0
19.52,19.54,-0.118483996,-0.00248447255,0.0468398441,-0.0330131044,0.297347926,-9.72355612,246.129832,33.0895708,0.301855067,-0.000518164105,-0.00550429012,0.555771649,11.4571829,6.56676706,0.0917848836,0,0,0,13.2059795,0,0
19.54,19.56,-0.119720186,-0.00223630543,0.0391094924,-0.0330991018,0.297743053,-9.72356406,246.358945,33.2209636,0.303707502,-0.00290442582,-0.00555003898,0.556631062,11.4541843,6.57244571,0.0934552104,0,0,0,13.206215,0,0
19.56,19.58,-0.121226847,-0.00200059264,0.0314964009,-0.0331417105,0.297786995,-9.72383228,246.588001,33.3524659,0.30559313,-0.00531744594,-0.00558951763,0.55733708,11.4514438,6.57771462,0.0951037561,0,0,0,13.2064734,0,0
19.58,19.6,-0.1221871,-0.00177700761,0.0240834902,-0.0330948344,0.29732736,-9.72458043,246.817005,33.4840693,0.307511488,-0.00775818008,-0.00562367423,0.55789258,11.4489786,6.58254915,0.0967277986,0,0,0,13.2067566,0,0
19.6,19.62,-0.121314691,-0.00156482378,0.0169539541,-0.0329389531,0.294814556,-9.72570884,247.045962,33.6157647,0.309462062,-0.0101969568,-0.0056534193,0.55830293,11.4468141,6.58691281,0.0983247539,0,0,0,13.2070678,0,0
19.62,19.64,-0.120036296,-0.00136441013,0.0100425639,-0.032778131,0.290985301,-9.72676407,247.274879,33.7475426,0.311444274,-0.012611752,-0.00567964392,0.558572679,11.4449608,6.59078931,0.0998911795,0,0,0,13.2074074,0,0
19.64,19.66,-0.119049794,-0.0011768592,0.00349824455,-0.0325252609,0.283753536,-9.72791999,247.503763,33.8793925,0.313457491,-0.0150025571,-0.00570319709,0.558707783,11.4434633,6.59410993,0.101424842,0,0,0,13.207779,0,0
19.66,19.68,-0.118563348,-0.00100299332,-0.00263720737,-0.0322486758,0.275853335,-9.72923265,247.73262,34.0113032,0.315501038,-0.0173778267,-0.00572486587,0.558716042,11.4423302,6.59686175,0.10292403,0,0,0,13.208183,0,0
19.68,19.7,-0.118573083,-0.000843019595,-0.00832284791,-0.0319545682,0.267664362,-9.7306862,247.961459,34.1432632,0.317574219,-0.019747769,-0.00574537131,0.55860601,11.4415673,6.59903574,0.104388271,0,0,0,13.2086196,0,0
19.7,19.72,-0.118992056,-0.000696659653,-0.0135011225,-0.0316412109,0.258951949,-9.73224124,248.190286,34.2752607,0.319676341,-0.0221215567,-0.00576534999,0.558387242,11.4411848,6.60061559,0.105818439,0,0,0,13.2090891,0,0
19.72,19.74,-0.119709069,-0.000563350061,-0.0181158143,-0.03131647,0.249647405,-9.73385507,248.419109,34.4072837,0.321806742,-0.0245063288,-0.00578533645,0.558070482,11.4411939,6.60158329,0.107216494,0,0,0,13.2095918,0,0
19.74,19.76,-0.120615754,-0.000442378484,-0.0221339808,-0.0309964288,0.240043536,-9.73548885,248.647936,34.5393198,0.323964804,-0.0269070041,-0.00580575748,0.557667367,11.441601,6.60192739,0.108585063,0,0,0,13.2101275,0,0
19.76,19.78,-0.12161876,-0.00033296748,-0.02554647,-0.0306958466,0.230421694,-9.73710979,248.876775,34.6713566,0.326149969,-0.0293264793,-0.00582693426,0.55718998,11.4424079,6.60164357,0.109927194,0,0,0,13.2106957,0,0
19.78,19.8,-0.122644249,-0.000234304124,-0.0283655088,-0.0304239711,0.221106051,-9.73869065,249.105635,34.8033814,0.328361738,-0.0317659704,-0.00584909318,0.556650293,11.4436121,6.60073422,0.111246175,0,0,0,13.2112954,0,0
19.8,19.82,-0.122894245,-0.0001456877,-0.030596885,-0.0301678943,0.21244864,-9.74045719,249.334523,34.9353818,0.330599685,-0.034221757,-0.00587236441,0.556060178,11.4452066,6.59920875,0.112545309,0,0,0,13.2119256,0,0
19.82,19.84,-0.121105964,-6.73382213e-05,-0.0323365035,-0.0321973471,0.204872951,-9.74228583,249.563445,35.0673456,0.332863431,-0.0366598024,-0.00589680856,0.555430614,11.4471315,6.59707712,0.113826682,0,0,0,13.2125396,0,0
19.84,19.86,-0.118741823,3.45157915e-07,-0.0336868384,-0.0319970682,0.196355708,-9.7437948,249.79241,35.199261,0.335152651,-0.0390544077,-0.00592247932,0.554770273,11.4494238,6.59436352,0.115092837,0,0,0,13.2131821,0,0
19.86,19.88,-0.116526623,5.75968675e-05,-0.034673555,-0.0318402303,0.187468631,-9.74520516,250.021425,35.3311163,0.337467053,-0.0414024122,-0.00594940735,0.554086576,11.4520806,6.59107,0.11634529,0,0,0,13.2138522,0,0
19.88,19.9,-0.114706434,0.000105147544,-0.0352893816,-0.0317027333,0.178506709,-9.74657535,250.250496,35.4629,0.339806386,-0.0437098127,-0.00597755979,0.553386917,11.4550978,6.58720104,0.117586134,0,0,0,13.2145492,0,0
19.9,19.92,-0.11330606,0.000144092201,-0.0355485915,-0.0315914288,0.170236792,-9.74790293,250.479631,35.5946006,0.342170436,-0.0459850076,-0.00600684426,0.552678531,11.4584632,6.58277417,0.118817595,0,0,0,13.2152719,0,0
19.92,19.94,-0.112263187,0.000175712059,-0.0354456279,-0.0315020683,0.162358164,-9.7491629,250.708837,35.7262073,0.344559049,-0.0482358905,-0.00603710014,0.551968634,11.4621694,6.57779918,0.120042935,0,0,0,13.2160198,0,0
19.94,19.96,-0.111485787,0.000201376142,-0.0350328643,-0.0314549451,0.155671006,-9.75033061,250.93812,35.8577091,0.346972132,-0.0504687498,-0.00606811083,0.55126415,11.4661959,6.57230693,0.121264693,0,0,0,13.2167912,0,0
19.96,19.98,-0.110893174,0.000222598493,-0.0343758822,-0.0314396303,0.150716927,-9.75137906,251.167487,35.9890964,0.349409628,-0.052688049,-0.00609968176,0.550570194,11.4705204,6.56633122,0.12248545,0,0,0,13.2175848,0,0
19.98,20,-0.109677007,0.000240582375,-0.0334028313,-0.0314235932,0.145164387,-9.7525214,251.396943,36.120359,0.351871583,-0.0548932451,-0.0061315086,0.54989279,11.4751491,6.55986086,0.123710514,0,0,0,13.218401,0,0
20,20.02,-0.106554596,0.000255599052,-0.0322707026,-0.03143649,0.142194732,-9.75369323,251.626494,36.251488,0.354358072,-0.0570530468,-0.00616330616,0.549236493,11.48004,6.55296274,0.124939589,0,0,0,13.2192379,0,0
20.02,20.04,-0.102980235,0.00026780615,-0.0309950279,-0.0314752182,0.136840307,-9.75453899,251.856146,36.3824744,0.356869224,-0.0591443384,-0.00619481566,0.548604522,11.4852081,6.54561096,0.126176776,0,0,0,13.2200964,0,0
20.04,20.06,-0.0996611615,0.000277959261,-0.0296776102,-0.0315473551,0.132700764,-9.7552401,252.085904,36.5133097,0.359405191,-0.0611661878,-0.00622584816,0.547998418,11.4906278,6.53784521,0.127421475,0,0,0,13.2209751,0,0
20.06,20.08,-0.0968386546,0.000287062009,-0.0282875608,-0.0338726083,0.128169719,-9.75582754,252.315773,36.6439852,0.361966152,-0.0631266572,-0.00625620724,0.547419507,11.4962589,6.52964398,0.128676221,0,0,0,13.2218296,0,0
20.08,20.1,-0.0945292074,0.000296250504,-0.0269123756,-0.0339656788,0.125672291,-9.75632049,252.545756,36.7744931,0.364552305,-0.0650360405,-0.00628572803,0.546868344,11.5021071,6.52108345,0.12994069,0,0,0,13.2227033,0,0
20.1,20.12,-0.0926759968,0.000306742,-0.0255536936,-0.0340827875,0.124021751,-9.75673837,252.775858,36.9048263,0.367163852,-0.0669040759,-0.00631430539,0.546344313,11.5081604,6.5121814,0.13121637,0,0,0,13.2235956,0,0
20.12,20.14,-0.0911939925,0.000319549493,-0.0241293719,-0.0341996043,0.121424649,-9.75706915,253.006084,37.0349779,0.369801067,-0.0687390982,-0.00634173045,0.545848159,11.5144284,6.50292075,0.132507658,0,0,0,13.2245075,0,0
20.14,20.16,-0.089988096,0.000335591748,-0.0227087855,-0.034345325,0.120461055,-9.75730695,253.236437,37.164941,0.372464263,-0.0705475506,-0.00636778675,0.545380509,11.5208859,6.49334165,0.13381456,0,0,0,13.2254378,0,0
20.16,20.18,-0.0889862364,0.000355751327,-0.0213368963,-0.0345133908,0.120660613,-9.75744353,253.46692,37.2947096,0.375153759,-0.0723341958,-0.00639232704,0.544940785,11.5275153,6.48347203,0.135137908,0,0,0,13.2263858,0,0
20.18,20.2,-0.0881356366,0.000380807779,-0.020038447,-0.0346997625,0.121594105,-9.75747709,253.697538,37.4242781,0.377869898,-0.0741025519,-0.00641524378,0.544527732,11.534305,6.47332987,0.136479148,0,0,0,13.2273512,0,0
20.2,20.22,-0.0873982132,0.000411408577,-0.018827191,-0.0349020329,0.123011019,-9.75741037,253.928294,37.5536411,0.380613056,-0.0758552333,-0.00643645263,0.544139721,11.541247,6.46292735,0.137839996,0,0,0,13.2283336,0,0
20.22,20.24,-0.0867468236,0.000448062217,-0.0177109348,-0.0351185915,0.124763198,-9.75724923,254.159189,37.6827935,0.383383641,-0.0775942064,-0.00645588451,0.543774912,11.5483352,6.45227317,0.139222222,0,0,0,13.2293333,0,0
20.24,20.26,-0.0854168746,0.00082373235,-0.0167000107,-0.0375508195,0.127404251,-9.75926346,254.390228,37.8117302,0.386182223,-0.079317301,-0.0064718719,0.543431201,11.5555182,6.44136548,0.140652611,0,0,0,13.2303051,0,0
20.26,20.28,-0.0821681398,0.00221039321,-0.0159157474,-0.0375888324,0.131579584,-9.76285491,254.621411,37.9404469,0.389010291,-0.0809925663,-0.00646879263,0.54310434,11.5628017,6.43028127,0.142157227,0,0,0,13.2312928,0,0
20.28,20.3,-0.0784904683,0.0040625414,-0.0155165355,-0.037424159,0.13603044,-9.76728338,254.85274,38.0689405,0.391868352,-0.0825968551,-0.00643227032,0.542786562,11.5701708,6.41904313,0.143637182,0,0,0,13.2322937,0,0
20.3,20.32,-0.0751328887,0.00602911943,-0.0154943903,-0.0370265281,0.139559905,-9.77348362,255.084218,38.1972075,0.394755089,-0.08413015,-0.00635743758,0.542469821,11.5776292,6.40764046,0.145013036,0,0,0,13.2333058,0,0
20.32,20.34,-0.0723561045,0.00792382842,-0.0158787671,-0.036438719,0.143968791,-9.7814809,255.315846,38.3252451,0.397667769,-0.0856019062,-0.00624472378,0.54214593,11.5851615,6.39609286,0.146223596,0,0,0,13.2343248,0,0
20.34,20.36,-0.0701994802,0.00965406365,-0.016604611,-0.0356961072,0.147757793,-9.79098958,255.547625,38.4530502,0.400602664,-0.0870243587,-0.00609722406,0.541807735,11.5927709,6.38438739,0.147228696,0,0,0,13.2353472,0,0
20.36,20.38,-0.0686038072,0.0111804137,-0.0176811736,-0.0348580411,0.152482946,-9.80160689,255.779557,38.5806197,0.403555354,-0.0884093438,-0.00591932019,0.541448372,11.6004426,6.37254036,0.148000095,0,0,0,13.2363682,0,0
20.38,20.4,-0.0674869143,0.0124933137,-0.0190007272,-0.0339397285,0.156018233,-9.81291072,256.011643,38.7079506,0.406521033,-0.0897672761,-0.00571577777,0.541062226,11.6081907,6.36052002,0.148526592,0,0,0,13.2373852,0,0
20.4,20.42,-0.06675239,0.0135995822,-0.0205406275,-0.0352210453,0.159472305,-9.8244885,256.243885,38.8350391,0.409494758,-0.0911067763,-0.00549125177,0.540645322,11.6159724,6.34830332,0.148803893,0,0,0,13.23835,0,0
20.42,20.44,-0.0663187524,0.0145147783,-0.0223702427,-0.0343049266,0.164661377,-9.83601002,256.476282,38.9618819,0.412471524,-0.0924345949,-0.00525028334,0.540192591,11.6238005,6.33594672,0.148832195,0,0,0,13.2393017,0,0
20.44,20.46,-0.0661327306,0.0152585681,-0.0243870239,-0.0334157492,0.168461022,-9.84723295,256.708837,39.0884758,0.415446468,-0.0937562137,-0.00499702062,0.539699564,11.631692,6.32341371,0.148624064,0,0,0,13.2402383,0,0
20.46,20.48,-0.0661390983,0.0158520133,-0.0265727656,-0.0325897944,0.171978639,-9.85795285,256.941551,39.2148172,0.418415003,-0.0950760514,-0.00473507657,0.539163294,11.639645,6.31069996,0.148193003,0,0,0,13.2411567,0,0
20.48,20.5,-0.0646790101,0.016315965,-0.0290139822,-0.0318468738,0.178458477,-9.86872053,257.174423,39.340903,0.421372767,-0.0963895064,-0.00446777385,0.538579584,11.6476204,6.2978643,0.147548508,0,0,0,13.2420514,0,0
20.5,20.52,-0.0583312066,0.0166677692,-0.0317867508,-0.0311723498,0.185847441,-9.87961914,257.407455,39.4667312,0.424315591,-0.0976239024,-0.00419814718,0.537943149,11.6555906,6.28494832,0.14670142,0,0,0,13.2429184,0,0
20.52,20.54,-0.0484083919,0.016920702,-0.0350518342,-0.0305979576,0.190359257,-9.88971609,257.640647,39.5923003,0.42723955,-0.098693024,-0.00392915422,0.537245955,11.663556,6.27194724,0.145663335,0,0,0,13.2437562,0,0
20.54,20.56,-0.0361134804,0.0170853548,-0.0389199473,-0.0300942744,0.192627404,-9.89926227,257.873998,39.7176086,0.430140894,-0.09953856,-0.00366373684,0.536477258,11.671509,6.25887138,0.144440651,0,0,0,13.2445633,0,0
20.56,20.58,-0.0221986494,0.0171700976,-0.0434644532,-0.0296384856,0.19333093,-9.90842548,258.107507,39.8426549,0.433015962,-0.10012039,-0.00340477637,0.535624515,11.6794336,6.24574597,0.143035969,0,0,0,13.2453377,0,0
20.58,20.6,-0.00811492699,0.0171817811,-0.0487182207,-0.0314142187,0.192058129,-9.91691271,258.341174,39.9674381,0.435861136,-0.100417821,-0.00315505169,0.534674069,11.6872817,6.23256509,0.141452312,0,0,0,13.2460345,0,0
20.6,20.62,0.00481476013,0.0171276487,-0.0546212836,-0.0309455513,0.18920819,-9.92499022,258.574998,40.0919573,0.438672894,-0.10044747,-0.00291711708,0.533612467,11.6950858,6.21936182,0.13969442,0,0,0,13.246698,0,0
20.62,20.64,0.0173446815,0.0170142578,-0.0611209543,-0.0304943961,0.186508532,-9.93285725,258.808977,40.2162127,0.441447761,-0.100219702,-0.00269318184,0.532427603,11.7028209,6.20617841,0.137764312,0,0,0,13.247326,0,0
20.64,20.66,0.0284706972,0.0168485014,-0.0681428775,-0.0300217614,0.182535473,-9.94020423,259.04311,40.3402046,0.444182368,-0.0997570997,-0.00248513834,0.531108389,11.7104821,6.19302424,0.135669248,0,0,0,13.2479186,0,0
20.66,20.68,0.0387802843,0.0166370248,-0.0756157002,-0.0295458825,0.178597816,-9.94716761,259.277396,40.4639341,0.446873472,-0.0990781368,-0.00229449957,0.529645347,11.7180515,6.17993105,0.133415719,0,0,0,13.2484746,0,0
20.68,20.7,0.0471051943,0.01605369,-0.0833976102,-0.0290418217,0.172562705,-9.95126435,259.511832,40.5874022,0.4495179,-0.0982117772,-0.00212401241,0.528030792,11.7255453,6.16687355,0.130991978,0,0,0,13.2489962,0,0
20.7,20.72,0.0531755592,0.0144337422,-0.0912409674,-0.0286675514,0.163819121,-9.95325257,259.746417,40.7106089,0.452111901,-0.0972015814,-0.00198982392,0.526262941,11.732992,6.15380447,0.128387797,0,0,0,13.2494865,0,0
20.72,20.74,0.0572003237,0.0123339262,-0.0990194339,-0.0285520449,0.155225428,-9.95352459,259.981151,40.8335544,0.454652933,-0.0960908951,-0.00190664765,0.524342957,11.7403854,6.14073608,0.125713508,0,0,0,13.2499469,0,0
20.74,20.76,0.0601970467,0.0101155731,-0.10648374,-0.0286723903,0.144765323,-9.9515889,260.216033,40.9562381,0.457140642,-0.0949138345,-0.00187922182,0.522275285,11.7477493,6.12763173,0.123069072,0,0,0,13.2503822,0,0
20.76,20.78,0.0636345467,0.00797110697,-0.113594564,-0.0290656066,0.134756443,-9.9473604,260.451061,41.0786596,0.45957637,-0.0936708943,-0.00190666186,0.520066688,11.7550724,6.11451639,0.120526004,0,0,0,13.2507948,0,0
20.78,20.8,0.0665474063,0.00599801626,-0.120330348,-0.0296501671,0.12330736,-9.94071111,260.686235,41.2008186,0.461962734,-0.0923630613,-0.00198525385,0.517723927,11.7623657,6.10137843,0.118140607,0,0,0,13.2511895,0,0
20.8,20.82,0.0685703323,0.0042414595,-0.126666577,-0.0303851093,0.111437675,-9.93228277,260.921555,41.3227146,0.464303311,-0.0910052227,-0.00210985853,0.515254428,11.7696306,6.08822367,0.115951853,0,0,0,13.2515704,0,0
20.82,20.84,0.0696955636,0.00271658582,-0.132600026,-0.0312175539,0.100484217,-9.92259016,261.15702,41.4443476,0.466602284,-0.0896154296,-0.00227485177,0.512665168,11.7768606,6.07507138,0.113984971,0,0,0,13.2519406,0,0
20.84,20.86,0.0700528933,0.00142158585,-0.137917333,-0.0320856511,0.0866379708,-9.91207372,261.39263,41.565717,0.468864352,-0.0882103963,-0.00247430385,0.509965944,11.7840977,6.06185429,0.112263923,0,0,0,13.2523069,0,0
20.86,20.88,0.0698332595,0.00034508586,-0.14255106,-0.0329982873,0.0722796788,-9.90110344,261.628384,41.6868213,0.471094546,-0.0868034858,-0.00270226247,0.507169304,11.7913529,6.04855881,0.110798404,0,0,0,13.2526731,0,0
20.88,20.9,0.0692185725,-0.000529578374,-0.146462656,-0.0339380004,0.057759682,-9.8899871,261.864284,41.8076588,0.473298007,-0.085404299,-0.00295305824,0.504288835,11.7986333,6.03517747,0.109590414,0,0,0,13.2530421,0,0
20.9,20.92,0.0683627583,-0.00122172773,-0.149629556,-0.0370814989,0.0431812438,-9.87895041,262.100329,41.9282275,0.475479858,-0.0840190869,-0.00322141385,0.501338783,11.8059058,6.02168348,0.108636511,0,0,0,13.2533726,0,0
20.92,20.94,0.0673877126,-0.00175171925,-0.152031833,-0.0380095707,0.028475063,-9.86820804,262.336521,42.0485254,0.477645112,-0.0826513656,-0.00350249504,0.498333821,11.8132157,6.00808998,0.107929074,0,0,0,13.2537111,0,0
20.94,20.96,0.0663879701,-0.00213985126,-0.153646949,-0.0389413043,0.0134258409,-9.85795991,262.572858,42.1685504,0.479798589,-0.0813025322,-0.00379190153,0.495289202,11.8205705,5.99438485,0.107456494,0,0,0,13.2540591,0,0
20.96,20.98,0.0654359367,-0.00240572011,-0.1544832,-0.0398530707,-0.00146744708,-9.84833074,262.809344,42.2883001,0.481944837,-0.0799723322,-0.00408569438,0.492220268,11.8279719,5.98056694,0.107203555,0,0,0,13.2544179,0,0
20.98,21,0.0645839547,-0.00256778777,-0.15453864,-0.0407400019,-0.0164891514,-9.83941038,263.045978,42.4077722,0.484088087,-0.0786593096,-0.00438037274,0.489142435,11.835424,5.96662999,0.107153747,0,0,0,13.2547884,0,0
21,21.02,0.0638710482,-0.00264313971,-0.153845055,-0.0415968141,-0.0310825269,-9.83125618,263.282761,42.5269645,0.486232217,-0.077361112,-0.00467287333,0.486070811,11.8429231,5.95258114,0.107288296,0,0,0,13.2551711,0,0
21.02,21.04,0.0633223959,-0.00264733848,-0.152431423,-0.0424189539,-0.0453062923,-9.82389851,263.519695,42.6458748,0.488380721,-0.0760747715,-0.00496055685,0.483019922,11.8504663,5.93842647,0.107588088,0,0,0,13.2555662,0,0
21.04,21.06,0.0629536917,-0.00259434062,-0.150324266,-0.0432040167,-0.0592093924,-9.81734555,263.75678,42.7645009,0.490536716,-0.0747969348,-0.00524116594,0.480003775,11.8580506,5.92417155,0.108034095,0,0,0,13.2559739,0,0
21.06,21.08,0.0627778697,-0.0024964983,-0.147605389,-0.0439453713,-0.072069196,-9.81158599,263.994017,42.8828411,0.492702927,-0.0735239964,-0.00551280639,0.477035616,11.865661,5.90984543,0.10860577,0,0,0,13.2563939,0,0
21.08,21.1,0.0627928234,-0.00236469071,-0.144388751,-0.0446261364,-0.082805626,-9.80659141,264.231406,43.0008946,0.49488164,-0.0722521584,-0.00577405824,0.474125922,11.8732756,5.89549111,0.109282245,0,0,0,13.2568258,0,0
21.1,21.12,0.0623325024,-0.00220771038,-0.140592696,-0.0452727203,-0.0957907289,-9.80225681,264.468948,43.1186602,0.497074836,-0.0709811495,-0.00602368292,0.471285871,11.8809176,5.88106264,0.110050939,0,0,0,13.2572702,0,0
21.12,21.14,0.0603232029,-0.00202961697,-0.136270192,-0.0458382724,-0.107275811,-9.79861212,264.706643,43.2361368,0.499284179,-0.0697365139,-0.00626069676,0.468525934,11.888577,5.86658069,0.110895122,0,0,0,13.2577272,0,0
21.14,21.16,0.0580693975,-0.00183478596,-0.131311718,-0.046391116,-0.118618402,-9.79570533,264.944492,43.3533229,0.501511065,-0.0685360303,-0.00648417933,0.465858267,11.8962593,5.85203243,0.111802184,0,0,0,13.2581962,0,0
21.16,21.18,0.056228465,-0.000664975589,-0.125910826,-0.0468224729,-0.126129522,-9.7993015,265.182493,43.4702182,0.503756934,-0.0673771719,-0.00668878404,0.463293386,11.9039198,5.83750614,0.112828489,0,0,0,13.258677,0,0
21.18,21.2,0.0550128366,0.00342225135,-0.120218164,-0.0466806124,-0.131243017,-9.80766454,265.420648,43.5868237,0.5060256,-0.0662492516,-0.00682878617,0.460835535,11.9115295,5.8230606,0.114042425,0,0,0,13.2591695,0,0
21.2,21.22,0.0544267183,0.00921825763,-0.114340772,-0.0456938808,-0.134982984,-9.82194963,265.658954,43.7031412,0.508318123,-0.0651397717,-0.00685961788,0.458486629,11.9190791,5.80871353,0.115184581,0,0,0,13.2596707,0,0
21.22,21.24,0.0543856919,0.0164651747,-0.108290373,-0.0437561299,-0.138750582,-9.84360793,265.897411,43.8191728,0.510631212,-0.0640372088,-0.00674816055,0.456247955,11.9265716,5.79444613,0.116052022,0,0,0,13.2601729,0,0
21.24,21.26,0.0547905162,0.0240021833,-0.101976903,-0.0409128353,-0.144646719,-9.87200501,266.136017,43.9349192,0.512956521,-0.0629320557,-0.00647741488,0.454123489,11.9340279,5.78019501,0.11636533,0,0,0,13.2606643,0,0
21.26,21.28,0.0555624978,0.0311617534,-0.0955303999,-0.0372640851,-0.148701654,-9.90705085,266.374771,44.0503809,0.515280694,-0.0618164807,-0.00604894606,0.452117661,11.9414179,5.76599476,0.115908949,0,0,0,13.2611309,0,0
21.28,21.3,0.056620726,0.0376178021,-0.08904449,-0.0329983996,-0.1513816,-9.94748984,266.613673,44.1655594,0.517586755,-0.0606841793,-0.00547407826,0.450233168,11.9487134,5.75187073,0.11453452,0,0,0,13.2615567,0,0
21.3,21.32,0.0578929428,0.0432374198,-0.082580221,-0.030477389,-0.153157904,-9.99172801,266.852719,44.2804562,0.519855331,-0.0595302994,-0.00476863787,0.448471428,11.9558498,5.73782115,0.112149365,0,0,0,13.261882,0,0
21.32,21.34,0.059319588,0.0479958453,-0.0761788144,-0.0254983651,-0.154297798,-10.0382047,267.091906,44.395073,0.522065669,-0.0583512241,-0.00394998887,0.446832894,11.9628423,5.72387851,0.108705964,0,0,0,13.262134,0,0
21.34,21.36,0.0608536108,0.0515969583,-0.0698692828,-0.0204443375,-0.154946448,-10.0835039,267.331231,44.5094121,0.524196297,-0.0571443238,-0.00303698942,0.445317362,11.9696678,5.71005335,0.104165839,0,0,0,13.2622964,0,0
21.36,21.38,0.0624580516,0.0534381549,-0.0636735203,-0.0155887609,-0.155188234,-10.1269821,267.570691,44.623476,0.526224849,-0.0559077339,-0.00206147691,0.4439248,11.9763042,5.69635593,0.0985156719,0,0,0,13.2623542,0,0
21.38,21.4,0.0641100694,0.0538099951,-0.0576834126,-0.0111276023,-0.154095549,-10.166008,267.810282,44.7372675,0.528130253,-0.054640136,-0.00105454259,0.442654276,11.9827136,5.68283337,0.0918593167,0,0,0,13.2622946,0,0
21.4,21.42,0.0657829442,0.052476753,-0.0520807615,-0.00726377226,-0.149614776,-10.199651,268.049998,44.8507911,0.529893108,-0.0533405509,-5.04727388e-05,0.441501314,11.9888433,5.66957135,0.0842944493,0,0,0,13.262108,0,0
21.42,21.44,0.0674391781,0.050247481,-0.0468332764,-0.00416184811,-0.145736427,-10.2277865,268.289834,44.964052,0.531497414,-0.0520087406,0.000924193539,0.440460122,11.9946818,5.6565725,0.0760380031,0,0,0,13.2617867,0,0
21.44,21.46,0.0684009313,0.0472373461,-0.0420015178,-0.00180200058,-0.140986398,-10.2471236,268.529783,45.077056,0.532931109,-0.0506482193,0.00185455762,0.439523344,12.0002096,5.6438674,0.0672466458,0,0,0,13.2613269,0,0
21.46,21.48,0.0675720607,0.0429288947,-0.037485565,-0.000331594487,-0.13759463,-10.2585722,268.76984,45.1898084,0.534184494,-0.0492889045,0.00271667878,0.438684989,12.0054373,5.63142792,0.0580457171,0,0,0,13.2607268,0,0
21.48,21.5,0.0662562352,0.0381497337,-0.0333256505,0.000242865078,-0.13090391,-10.2631907,269.009998,45.3023154,0.535251821,-0.0479529317,0.0034922864,0.437938713,12.0103328,5.61932408,0.0486785657,0,0,0,13.2599875,0,0
21.5,21.52,0.0650894798,0.0330802945,-0.0294637981,-3.04278148e-05,-0.12465353,-10.2587925,269.250251,45.4145836,0.536131751,-0.0466426007,0.00417544814,0.437278464,12.0149024,5.60755225,0.0393215171,0,0,0,13.2591126,0,0
21.52,21.54,0.0642896515,0.0273150822,-0.0260178117,-0.00112721399,-0.116158198,-10.2468109,269.490592,45.5266202,0.536825523,-0.0453520848,0.00475367888,0.436696962,12.0191284,5.59616669,0.0300981517,0,0,0,13.2581083,0,0
21.54,21.56,0.0638689604,0.0215306973,-0.0229341399,-0.000843038722,-0.109119621,-10.2287925,269.731015,45.6384328,0.537337981,-0.0440736766,0.00521934494,0.436186895,12.0230686,5.58516798,0.0212204323,0,0,0,13.2570257,0,0
21.56,21.58,0.0637695799,0.016127486,-0.0203187499,-0.00335491888,-0.100378536,-10.2051609,269.971513,45.7500297,0.537677701,-0.0428001674,0.0055759329,0.435739049,12.0266744,5.57458551,0.0128470482,0,0,0,13.2558314,0,0
21.58,21.6,0.0649924532,0.0112944009,-0.0181107265,-0.00632119618,-0.0924740319,-10.1770722,270.21208,45.8614189,0.537855986,-0.0415206691,0.00583268833,0.435344468,12.0299631,5.56441364,0.00509098254,0,0,0,13.2545365,0,0
21.6,21.62,0.0703396329,0.00709969759,-0.0165233363,-0.00959392986,-0.0809226906,-10.1458509,270.452709,45.9726098,0.537885906,-0.0401774737,0.00600127606,0.434991949,12.0328986,5.55476187,-0.00198047941,0,0,0,13.2531518,0,0
21.62,21.64,0.0800968804,0.00321036543,-0.0156928974,-0.0130825097,-0.0714615107,-10.110672,270.693393,46.0836129,0.537781465,-0.0386811317,0.0060923177,0.434667538,12.0354882,5.54564595,-0.00835480284,0,0,0,13.251688,0,0
21.64,21.66,0.0928394301,-0.00108345996,-0.0158894433,-0.0167797479,-0.0622268146,-10.0731792,270.934126,46.1944397,0.537556185,-0.0369571537,0.00610181177,0.434352748,12.0377165,5.53713048,-0.0140511226,0,0,0,13.2501559,0,0
21.66,21.68,0.106594314,-0.00528904134,-0.0171233239,-0.0206794849,-0.0570535658,-10.0346423,271.1749,46.305102,0.537224527,-0.0349632957,0.00602581346,0.434027014,12.0396062,5.52919997,-0.0189809801,0,0,0,13.2485671,0,0
21.68,21.7,0.119818607,-0.0091171561,-0.0194389486,-0.0224578913,-0.0523094684,-9.99509399,271.415708,46.4156121,0.536802402,-0.0327023503,0.00586872188,0.433668068,12.0411931,5.52191726,-0.0230919804,0,0,0,13.2469783,0,0
21.7,21.72,0.133224218,-0.0124463603,-0.0227182472,-0.0264728861,-0.049307967,-9.95515511,271.656545,46.525983,0.536306456,-0.0301720428,0.0056391062,0.43325517,12.0424475,5.51527497,-0.0263618629,0,0,0,13.2453574,0,0
21.72,21.74,0.144798487,-0.0152472184,-0.0269305428,-0.0303307418,-0.0478287519,-9.91543374,271.897404,46.6362275,0.535753521,-0.0273902772,0.00534716053,0.432768177,12.043381,5.50928385,-0.0287927927,0,0,0,13.2437179,0,0
21.74,21.76,0.154505534,-0.0175385511,-0.0318171419,-0.0340093393,-0.048796488,-9.87664475,272.138279,46.7463584,0.53516021,-0.0243991061,0.00500341757,0.432190323,12.0440251,5.50390752,-0.0304040749,0,0,0,13.2420717,0,0
21.76,21.78,0.163483582,-0.0193640802,-0.037279836,-0.0374769201,-0.0497593922,-9.83932443,272.379163,46.8563881,0.534542592,-0.0212199784,0.00461803582,0.431509042,12.0443794,5.49917492,-0.0312304536,0,0,0,13.2404296,0,0
21.78,21.8,0.17076667,-0.020778163,-0.0433390513,-0.0406398055,-0.050081542,-9.80384731,272.620052,46.96633,0.533915932,-0.0178776073,0.00420033012,0.430711635,12.0444395,5.4951235,-0.0313158407,0,0,0,13.2388023,0,0
21.8,21.82,0.176100665,-0.0218368501,-0.0497671086,-0.0412902802,-0.0528162157,-9.77056567,272.860939,47.0761974,0.533294575,-0.0144093295,0.00375869406,0.429788001,12.0442797,5.49172185,-0.0307086212,0,0,0,13.2372438,0,0
21.82,21.84,0.179647132,-0.0222051659,-0.0563726427,-0.0438468573,-0.0570179671,-9.74203523,273.101821,47.1860029,0.532692012,-0.0108527808,0.00330248017,0.42873243,12.0438844,5.48891785,-0.0294299864,0,0,0,13.2357183,0,0
21.84,21.86,0.181712859,-0.0211475745,-0.0630072386,-0.0458959832,-0.0620371194,-9.7176307,273.342693,47.295758,0.532121786,-0.00724061763,0.00285654925,0.42754256,12.0432731,5.48668911,-0.0274984932,0,0,0,13.2342336,0,0
21.86,21.88,0.182622301,-0.0193448008,-0.0695584072,-0.0473688957,-0.0675593552,-9.69692033,273.583551,47.4054741,0.531595343,-0.00359907717,0.00244375411,0.426218911,12.0424599,5.4850161,-0.0250774463,0,0,0,13.2327953,0,0
21.88,21.9,0.182664457,-0.0172448526,-0.0759427448,-0.048309354,-0.0734567369,-9.68070868,273.82439,47.5151622,0.53112101,5.17537013e-05,0.00207510886,0.424764224,12.0414554,5.48388167,-0.0223085274,0,0,0,13.231406,0,0
21.9,21.92,0.182077007,-0.0150982892,-0.0820985857,-0.0465786722,-0.0796869775,-9.66886158,274.065208,47.6248331,0.530704551,0.00369703392,0.0017547618,0.423182795,12.0403078,5.48328799,-0.0193071271,0,0,0,13.2301108,0,0
21.92,21.94,0.181041812,-0.012708922,-0.087905517,-0.0466957125,-0.0872202876,-9.66292463,274.306002,47.734497,0.530349789,0.00732610691,0.00148463127,0.421480376,12.0389971,5.48316949,-0.0161392176,0,0,0,13.2288646,0,0
21.94,21.96,0.179708424,-0.00947448212,-0.0931605915,-0.0463542689,-0.098137693,-9.66168121,274.546767,47.8441624,0.530059852,0.0109314847,0.00127859436,0.419666937,12.03756,5.48344054,-0.0128478179,0,0,0,13.2276655,0,0
21.96,21.98,0.178206259,-0.00597113295,-0.0978710133,-0.0455399833,-0.108607835,-9.66412305,274.787503,47.9538372,0.529835705,0.0145085332,0.00114847325,0.417753757,12.0359924,5.48410125,-0.00958286058,0,0,0,13.2265102,0,0
21.98,22,0.176626718,-0.00255770772,-0.101940876,-0.0443537881,-0.120898705,-9.67039433,275.028206,48.0635287,0.529675568,0.0180546798,0.00109614423,0.4157536,12.0343089,5.48510518,-0.00646331772,0,0,0,13.2253926,0,0
22,22.02,0.174389965,0.000584877834,-0.105385854,-0.0428688611,-0.133201759,-9.68000165,275.268875,48.1732438,0.529575632,0.0215658481,0.00111809959,0.413679072,12.0325073,5.48644138,-0.00357481614,0,0,0,13.2243066,0,0
22.02,22.04,0.170472141,0.00337967892,-0.107948098,-0.0389869375,-0.149667431,-9.69228181,275.509507,48.2829879,0.529530618,0.0250132772,0.00120809783,0.411545708,12.0306725,5.48800999,-0.00097929689,0,0,0,13.2232877,0,0
22.04,22.06,0.166236796,0.00610413707,-0.109554851,-0.0372785818,-0.165288177,-9.70809314,275.750101,48.3927655,0.529534366,0.0283772456,0.00136011115,0.409372383,12.0287572,5.48978608,0.00130840136,0,0,0,13.2222825,0,0
22.06,22.08,0.162375754,0.00936915192,-0.110206441,-0.0353945148,-0.18043204,-9.72619936,275.990656,48.5025807,0.529580985,0.0316591712,0.00158040666,0.40717885,12.0267556,5.4917636,0.00329437979,0,0,0,13.2212831,0,0
22.08,22.1,0.159143358,0.0127089885,-0.109932769,-0.033321962,-0.195428471,-9.74567251,276.231171,48.6124374,0.529663525,0.0348694223,0.00187456015,0.404984547,12.02466,5.49393769,0.0048874495,0,0,0,13.2202808,0,0
22.1,22.12,0.155826846,0.0158409707,-0.108769925,-0.0311040849,-0.21104724,-9.76687536,276.471642,48.7223394,0.529773431,0.0380173834,0.00224012947,0.402807944,12.0224681,5.49629033,0.0060225126,0,0,0,13.2192656,0,0
22.12,22.14,0.151136568,0.0186365231,-0.106674116,-0.0288074742,-0.227604546,-9.78940031,276.712069,48.8322899,0.529901108,0.0410823928,0.00267052183,0.400667235,12.0201867,5.49878183,0.00666024066,0,0,0,13.2182274,0,0
22.14,22.16,0.146526714,0.0210496695,-0.103599941,-0.0265522187,-0.242969365,-9.81231568,276.952449,48.9422916,0.530036407,0.04405191,0.00315723006,0.398581737,12.0178039,5.50141349,0.006783392,0,0,0,13.2171558,0,0
22.16,22.18,0.142687665,0.023077861,-0.0996530444,-0.0243285361,-0.256576939,-9.8351394,277.19278,49.0523475,0.530169016,0.0469355432,0.0036911653,0.396570221,12.0152954,5.50421885,0.00639303412,0,0,0,13.2160429,0,0
22.18,22.2,0.139808866,0.0247420388,-0.0949825548,-0.019928698,-0.267969072,-9.85744333,277.43306,49.162462,0.530288801,0.049751239,0.0042634993,0.394647898,12.0126773,5.507254,0.00550335767,0,0,0,13.2149269,0,0
22.2,22.22,0.137204194,0.0260759772,-0.0895333899,-0.0179558515,-0.281972375,-9.87906208,277.673286,49.2726386,0.530385951,0.0525148693,0.0048658773,0.392830089,12.0099239,5.51044135,0.00413443005,0,0,0,13.2137524,0,0
22.22,22.24,0.133700732,0.0271206136,-0.0833984092,-0.0160704635,-0.294556018,-9.8996312,277.913456,49.3828808,0.530451194,0.0552152716,0.00549067959,0.391130567,12.0070218,5.51379774,0.00231756379,0,0,0,13.2125147,0,0
22.24,22.26,0.130470193,0.0279164871,-0.076479653,-0.0144159859,-0.307570319,-9.91849144,278.153566,49.4931914,0.530475879,0.0578466777,0.00613092383,0.389564384,12.0039743,5.51729655,8.53741869e-05,0,0,0,13.2112059,0,0
22.26,22.28,0.128047928,0.0285008205,-0.0689364336,-0.0128887113,-0.317574504,-9.93562435,278.393614,49.6035741,0.530452112,0.0604211292,0.00678041413,0.388144962,12.000752,5.52099605,-0.00252171758,0,0,0,13.2098241,0,0
22.28,22.3,0.126550393,0.0289081647,-0.060766902,-0.0115581855,-0.328456997,-9.9510034,278.633595,49.7140324,0.530372757,0.062956583,0.00743365781,0.386884991,11.9973579,5.52487587,-0.00546603997,0,0,0,13.208364,0,0
22.3,22.32,0.12516787,0.0291703873,-0.0521483439,-0.0103168114,-0.337452797,-9.96496382,278.873507,49.8245707,0.530231511,0.0654677892,0.00808593617,0.385794601,11.9937705,5.52898095,-0.00870485062,0,0,0,13.2068254,0,0
22.32,22.34,0.122527193,0.0290197387,-0.0430339589,-0.00699277389,-0.347636235,-9.97570533,279.113345,49.935193,0.530022712,0.0679375551,0.00873169442,0.384883065,11.9900431,5.5332939,-0.0122263543,0,0,0,13.2052499,0,0
22.34,22.36,0.120021549,0.027879439,-0.0335580309,-0.00618314905,-0.353549807,-9.98319606,279.353107,50.0459043,0.52974063,0.0703554052,0.00935334917,0.384157864,11.9860961,5.53788519,-0.0160151912,0,0,0,13.2035953,0,0
22.36,22.38,0.118275217,0.0262574665,-0.0238560811,-0.00566024774,-0.356845579,-9.98804176,279.592788,50.1567106,0.529381132,0.0727316712,0.00993477658,0.383623622,11.9819101,5.54280561,-0.0199488396,0,0,0,13.2018658,0,0
22.38,22.4,0.117432717,0.024484643,-0.0140416526,-0.00542688429,-0.358681826,-9.98978081,279.832382,50.2676189,0.528942403,0.0750837496,0.0104688059,0.383283024,11.9774751,5.54808556,-0.0239231085,0,0,0,13.2000658,0,0
22.4,22.42,0.117429517,0.0227422334,-0.00420628099,-0.00544522987,-0.35964342,-9.98859121,280.071885,50.3786365,0.528424492,0.0774294983,0.0109533991,0.383137057,11.9727864,5.55374629,-0.0278548361,0,0,0,13.1982002,0,0
22.42,22.44,0.117477191,0.0207948263,0.00558251195,-0.00340828666,-0.36055005,-9.98321667,280.311292,50.4897715,0.527828788,0.0797813479,0.0113877275,0.383185172,11.9678875,5.5598121,-0.0317065398,0,0,0,13.1963194,0,0
22.44,22.46,0.116358373,0.0180194279,0.0153342931,-0.00400877586,-0.361709072,-9.97461002,280.550599,50.6010315,0.527156834,0.0821230789,0.0117584168,0.383425139,11.9627448,5.56625544,-0.0354602635,0,0,0,13.1943822,0,0
22.46,22.48,0.115239011,0.0149744992,0.0250620205,-0.0049818672,-0.361205268,-9.9630102,280.7898,50.7124244,0.526411891,0.0844434513,0.012053601,0.383855226,11.9573577,5.57309525,-0.0389861958,0,0,0,13.1923961,0,0
22.48,22.5,0.114658294,0.0120083282,0.0346599468,-0.0061950469,-0.358751858,-9.94837815,281.028891,50.8239582,0.525599592,0.0867487883,0.0122709576,0.384473841,11.9517167,5.58037704,-0.0421803232,0,0,0,13.1903722,0,0
22.5,22.52,0.114744888,0.00929637142,0.0439147805,-0.00752638156,-0.352695569,-9.93126772,281.267867,50.935643,0.524727418,0.0890516093,0.0124135989,0.385275763,11.9457988,5.58818333,-0.0449643712,0,0,0,13.1883252,0,0
22.52,22.54,0.114789373,0.0069164262,0.0527871558,-0.00897630197,-0.347174189,-9.9126782,281.506722,51.047489,0.523804061,0.0913614696,0.0124872487,0.386254365,11.9396137,5.59651188,-0.0472915198,0,0,0,13.186264,0,0
22.54,22.56,0.113605975,0.00488972733,0.0611570779,-0.0104191634,-0.339325002,-9.89316937,281.74545,51.1595073,0.522839017,0.0936604579,0.0124988645,0.387400477,11.933153,5.60540875,-0.0491307826,0,0,0,13.1842012,0,0
22.56,22.58,0.11235262,0.00320673084,0.0691100013,-0.0119110664,-0.331305778,-9.87281212,281.984046,51.271709,0.521842135,0.0959357061,0.0124554825,0.388705941,11.9264255,5.61486995,-0.0504733725,0,0,0,13.1821447,0,0
22.58,22.6,0.111560201,0.00151231972,0.0764429574,-0.0132808464,-0.319279272,-9.85039297,282.222505,51.3841065,0.520823311,0.0981918902,0.0123624483,0.390160443,11.9194003,5.6249909,-0.0513389757,0,0,0,13.1801086,0,0
22.6,22.62,0.111336585,-0.000892753558,0.0831277609,-0.0124587113,-0.307016154,-9.82705915,282.46082,51.4967133,0.51979143,0.100439432,0.0122108905,0.391750177,11.9121215,5.63579833,-0.0517691305,0,0,0,13.1781464,0,0
22.62,22.64,0.111621042,-0.00350199383,0.0891281052,-0.0141176703,-0.29457372,-9.80349695,282.698988,51.6095429,0.518755953,0.102688943,0.011992347,0.393460634,11.9045529,5.6472754,-0.0516875537,0,0,0,13.1762199,0,0
22.64,22.66,0.11164578,-0.0060022436,0.0944373548,-0.0158896674,-0.282943864,-9.77950266,282.937001,51.7226087,0.517727692,0.10494588,0.0117070778,0.395277771,11.8967095,5.65940434,-0.0510414408,0,0,0,13.1743371,0,0
22.66,22.68,0.110221004,-0.00824468933,0.0990920439,-0.0177373857,-0.271844332,-9.75517883,283.174854,51.8359233,0.516718243,0.107187639,0.0113598824,0.397188185,11.8886079,5.67216415,-0.0498032277,0,0,0,13.1725064,0,0
22.68,22.7,0.108530041,-0.0101709327,0.103134132,-0.0173059848,-0.259398036,-9.73046406,283.412544,51.9494998,0.515739576,0.109397079,0.0109575572,0.399179745,11.8802916,5.68558751,-0.0479630762,0,0,0,13.1707834,0,0
22.7,22.72,0.10712422,-0.011770586,0.106562745,-0.0191825658,-0.246388114,-9.70604363,283.650064,52.0633512,0.514803702,0.111575005,0.010507597,0.401240799,11.871721,5.69966248,-0.0455258717,0,0,0,13.1691299,0,0
22.72,22.74,0.106153876,-0.013058762,0.109362413,-0.0209712715,-0.23328988,-9.68237099,283.887411,52.1774906,0.513922418,0.113728763,0.0100175186,0.403359542,11.8629013,5.71438995,-0.0425075383,0,0,0,13.1675543,0,0
22.74,22.76,0.104944835,-0.0140636538,0.111531313,-0.0226643597,-0.221012035,-9.66008152,284.124579,52.291931,0.51310711,0.115863516,0.00949449151,0.405523901,11.8538444,5.72975265,-0.0389337674,0,0,0,13.1660628,0,0
22.76,22.78,0.102342664,-0.0148216449,0.113137828,-0.0242499724,-0.209964179,-9.63931034,284.361563,52.4066847,0.512368541,0.117957602,0.00894504823,0.407722501,11.8445694,5.74571517,-0.0348387009,0,0,0,13.1646603,0,0
22.78,22.8,0.0995387634,-0.0153699342,0.114212761,-0.0233827812,-0.197462629,-9.6198073,284.59836,52.521764,0.511716815,0.119995261,0.00837498105,0.409944954,11.8351149,5.76231253,-0.0302559392,0,0,0,13.1634002,0,0
22.8,22.82,0.0970789961,-0.0157425184,0.114796018,-0.0247454128,-0.185230982,-9.60190033,284.834966,52.6371812,0.511161298,0.121978679,0.00778936461,0.412181571,11.8254461,5.77951103,-0.0252241345,0,0,0,13.1622399,0,0
22.82,22.84,0.095109361,-0.0156407204,0.114897781,-0.0259383678,-0.173501551,-9.58766046,285.071377,52.7529483,0.510710716,0.123916499,0.00719420832,0.41442329,11.8155727,5.79729354,-0.0197560123,0,0,0,13.1611839,0,0
22.84,22.86,0.0935983837,-0.0144261453,0.114517181,-0.0268321321,-0.162298845,-9.57651279,285.307588,52.8690768,0.510373962,0.125818315,0.00660880897,0.416662817,11.8055026,5.81564466,-0.0138597095,0,0,0,13.1602358,0,0
22.86,22.88,0.0918008584,-0.0126620809,0.113712167,-0.0273687132,-0.152893491,-9.56832568,285.543596,52.9855777,0.510158312,0.127689184,0.00605103328,0.418893014,11.7952499,5.83452888,-0.00766816694,0,0,0,13.1593962,0,0
22.88,22.9,0.0885535803,-0.010718888,0.112649376,-0.0275777948,-0.14663144,-9.56363615,285.779397,53.1024609,0.510068399,0.129506562,0.00552872451,0.42110849,11.7848434,5.85387546,-0.00130103566,0,0,0,13.1586623,0,0
22.9,22.92,0.0850700355,-0.00880052547,0.111277715,-0.0251229073,-0.137504284,-9.56191471,286.014989,53.2197364,0.510106901,0.131254042,0.00504415604,0.423303879,11.7742981,5.87375731,0.0051601991,0,0,0,13.158083,0,0
22.92,22.94,0.0819119714,-0.00701359588,0.109643227,-0.0248037542,-0.128760918,-9.56296448,286.250368,53.3374146,0.510274959,0.132933495,0.00459663775,0.425473478,11.7635738,5.89413773,0.0116441741,0,0,0,13.1576086,0,0
22.94,22.96,0.0792407122,-0.00507973665,0.107801508,-0.0242745312,-0.121188975,-9.5683056,286.485531,53.455505,0.510572574,0.134553548,0.0041854535,0.427612416,11.7526832,5.91497858,0.0181200069,0,0,0,13.1572361,0,0
22.96,22.98,0.0770456849,-0.00235219173,0.105821945,-0.0234430453,-0.11558584,-9.57685336,286.720474,53.5740164,0.510999649,0.136124065,0.00382279754,0.429719354,11.7416435,5.93623155,0.0245731879,0,0,0,13.1569616,0,0
22.98,23,0.0752542088,0.000630061002,0.103645062,-0.022258742,-0.109408469,-9.58777595,286.955195,53.6929572,0.511554589,0.137654072,0.00351984248,0.431792294,11.730439,5.95791619,0.030887732,0,0,0,13.1567822,0,0
23,23.02,0.0737698993,0.00353031702,0.101339524,-0.0207962745,-0.105074284,-9.60134923,287.189691,53.8123357,0.512233585,0.139150771,0.00327855172,0.433828629,11.719078,5.9799974,0.0369666152,0,0,0,13.1566912,0,0
23.02,23.04,0.0718652913,0.00617957638,0.0988803427,-0.0191171056,-0.101120681,-9.61738564,287.423957,53.9321598,0.513031265,0.140616445,0.00309603712,0.435825013,11.7075551,6.00246835,0.0427459709,0,0,0,13.1566827,0,0
23.04,23.06,0.0684038029,0.00850151217,0.0964357192,-0.0173236473,-0.0999405865,-9.63521673,287.657992,54.0524365,0.513941076,0.142026238,0.00296687754,0.437779306,11.6958981,6.02525114,0.0481736062,0,0,0,13.1567475,0,0
23.06,23.08,0.0646312295,0.0104738112,0.0941289164,-0.0154727313,-0.0988790872,-9.65382643,287.891792,54.1731717,0.514955684,0.143361902,0.00288431464,0.43969238,11.6841112,6.0483193,0.0532227369,0,0,0,13.1568785,0,0
23.08,23.1,0.0611619935,0.0121052771,0.0920015317,-0.0136017181,-0.0981002098,-9.67282105,288.125356,54.294371,0.516067385,0.144624374,0.00284126486,0.441566603,11.6721968,6.07165049,0.0578820578,0,0,0,13.1570692,0,0
23.1,23.12,0.0582013138,0.0134208992,0.0900568599,-0.0117523074,-0.0977183929,-9.69176506,288.358679,54.4160394,0.517268375,0.145822283,0.00283091152,0.443404749,11.6601573,6.09522414,0.0621528571,0,0,0,13.1573131,0,0
23.12,23.14,0.0557659238,0.0144532789,0.0882828854,-0.00996301237,-0.0977409892,-9.71025513,288.591761,54.5381815,0.518550983,0.146966218,0.00284699882,0.445209536,11.6479943,6.11902169,0.066046438,0,0,0,13.1576046,0,0
23.14,23.16,0.053795942,0.0152377158,0.0866633304,-0.00826570266,-0.0981312925,-9.72795605,288.824598,54.6608016,0.519907842,0.148066197,0.00288395784,0.446983462,11.6357092,6.14302642,0.069581678,0,0,0,13.1579384,0,0
23.16,23.18,0.0522091032,0.0158094009,0.0851825445,-0.00668467655,-0.098839204,-9.74461084,289.057189,54.7839038,0.521332022,0.14913075,0.00293693897,0.448728788,11.6233031,6.16722325,0.0727828652,0,0,0,13.1583097,0,0
23.18,23.2,0.0509251202,0.0162018397,0.0838273232,-0.00523692244,-0.0998150856,-9.76003809,289.28953,54.9074917,0.522817115,0.150166747,0.00300179303,0.450447575,11.610777,6.1915985,0.0756778572,0,0,0,13.1587143,0,0
23.2,23.22,0.0492294168,0.0164457513,0.0825920796,-0.00393182381,-0.101561338,-9.77438807,289.521619,55.0315688,0.524357285,0.15117637,0.00307502338,0.452141744,11.5981375,6.21612815,0.0782945734,0,0,0,13.1591479,0,0
23.22,23.24,0.0460011034,0.0165668239,0.0815879881,-0.00280416912,-0.104894565,-9.78755369,289.753454,55.1561375,0.52594719,0.152135029,0.00315359657,0.453813983,11.5854098,6.24075195,0.0806544818,0,0,0,13.1596052,0,0
23.24,23.26,0.0424956446,0.0165881103,0.0809839782,-0.00184719875,-0.109245649,-9.79910975,289.985035,55.2811991,0.527581888,0.153024934,0.00323443207,0.455470643,11.5726143,6.26542086,0.0827788969,0,0,0,13.1600818,0,0
23.26,23.28,0.0393414285,0.0165310858,0.0807490845,-0.0010248384,-0.112502566,-9.80927721,290.216359,55.4067547,0.529256975,0.153847805,0.00331475654,0.457118944,11.5597453,6.29014063,0.0846970155,0,0,0,13.1605758,0,0
23.28,23.3,0.0367473601,0.0164150097,0.0808999582,-0.000332090981,-0.116460181,-9.81818298,290.447424,55.5328049,0.530968539,0.154613187,0.00339213897,0.458766355,11.5468134,6.31488525,0.0864315203,0,0,0,13.1610845,0,0
23.3,23.32,0.0347346421,0.0162566744,0.081367005,0.000244959731,-0.119690409,-9.82591156,290.678231,55.6593503,0.532713196,0.155332732,0.00346461624,0.460419455,11.5338132,6.33966132,0.088009511,0,0,0,13.1616069,0,0
23.32,23.34,0.0332414909,0.0160704271,0.0821576912,-0.00164304633,-0.123771889,-9.83250129,290.908776,55.7863912,0.534488014,0.156017499,0.00353053437,0.462084642,11.5207126,6.36442429,0.0894522391,0,0,0,13.1620939,0,0
23.34,23.36,0.0321865184,0.0158682564,0.0832111306,-0.00126376452,-0.127219745,-9.83803253,291.139059,55.9139274,0.536290553,0.156677115,0.00358862195,0.463767394,11.507549,6.38920258,0.0907842151,0,0,0,13.1625923,0,0
23.36,23.38,0.0314862388,0.0156600521,0.0845557834,-0.00100703161,-0.131736203,-9.84261764,291.369078,56.0419592,0.538118747,0.157319464,0.00363777421,0.465473371,11.494334,6.41397029,0.0920217178,0,0,0,13.1630999,0,0
23.38,23.4,0.0296771496,0.01545321,0.0860940214,-0.000816544189,-0.135983148,-9.84697096,291.598832,56.1704863,0.539970934,0.157944102,0.00367719889,0.467207268,11.4810626,6.43873572,0.0931849249,0,0,0,13.1636165,0,0
23.4,23.42,0.0234105356,0.0152479806,0.0879048078,-0.000730822257,-0.141625075,-9.85149506,291.82832,56.2995082,0.541845679,0.15848917,0.00370630357,0.468973313,11.4677621,6.46344372,0.0942784934,0,0,0,13.1641392,0,0
23.42,23.44,0.0130807038,0.0150395215,0.0901754286,-0.000749531116,-0.145649156,-9.8555283,292.057542,56.4290235,0.543741628,0.158866109,0.00372410514,0.470778721,11.4544446,6.4880714,0.0953053531,0,0,0,13.1646669,0,0
23.44,23.46,0.000797564717,0.0148224933,0.0930987553,-0.000841852672,-0.147556256,-9.85884812,292.286498,56.5590304,0.545657424,0.159011461,0.00372907984,0.472634337,11.441124,6.51259375,0.0962614723,0,0,0,13.1651989,0,0
23.46,23.48,-0.0115039078,0.0145945262,0.0968034877,-0.000942795044,-0.149314022,-9.86195846,292.515187,56.6895262,0.54759154,0.158913277,0.00371911036,0.474554803,11.4278262,6.53696386,0.0971357701,0,0,0,13.1657337,0,0
23.48,23.5,-0.0243098741,0.014352665,0.101228535,-0.00101702059,-0.149878214,-9.86520988,292.743611,56.8205077,0.549542262,0.158560679,0.00369207845,0.476554863,11.4145611,6.56116623,0.0979221831,0,0,0,13.1662712,0,0
23.5,23.52,-0.0362129348,0.0140955269,0.106292969,-0.0010296671,-0.148062917,-9.86836526,292.97177,56.9519718,0.551507833,0.157962916,0.00364609056,0.47864803,11.4013254,6.58521256,0.0986192332,0,0,0,13.1668133,0,0
23.52,23.54,-0.0476759209,0.0138219644,0.111926266,-0.00100208626,-0.145769962,-9.87165585,293.199664,57.083915,0.553486385,0.157129298,0.00357956647,0.480846131,11.3881339,6.60907846,0.0992200601,0,0,0,13.1673595,0,0
23.54,23.56,-0.0572374156,0.0135329239,0.118039955,-0.000901025768,-0.141626736,-9.87460339,293.427295,57.2163338,0.555475994,0.156084373,0.00349119974,0.483159649,11.3749845,6.63277301,0.0997249583,0,0,0,13.1679116,0,0
23.56,23.58,-0.0644819412,0.0132326077,0.124499122,-0.000728445945,-0.136746307,-9.87741439,293.654664,57.3492248,0.557474751,0.154871597,0.00338011742,0.485596797,11.3618795,6.65629664,0.100135302,0,0,0,13.1684706,0,0
23.58,23.6,-0.0695534142,0.0129268647,0.131165709,-0.000503207848,-0.131684374,-9.88009882,293.881771,57.4825845,0.5594808,0.153536321,0.00324595651,0.488163069,11.3488222,6.67964687,0.100454978,0,0,0,13.1690371,0,0
23.6,23.62,-0.0735376669,0.0126215762,0.137922729,-0.000257823201,-0.127241495,-9.88291578,294.108617,57.6164094,0.561492378,0.152114948,0.00308883416,0.490861409,11.3358214,6.70280932,0.100688283,0,0,0,13.1696104,0,0
23.62,23.64,-0.0780278266,0.0123181146,0.144675797,-1.44445014e-05,-0.122713382,-9.88566811,294.335204,57.7506956,0.563507791,0.150607236,0.00290922268,0.493692942,11.3228792,6.72578225,0.100842432,0,0,0,13.1701902,0,0
23.64,23.66,-0.0818950601,0.0120179051,0.151254289,-0.00206554183,-0.11385323,-9.88777226,294.561532,57.8854398,0.565525691,0.149014627,0.00270813304,0.496655662,11.309915,6.74862014,0.100937876,0,0,0,13.1707342,0,0
23.66,23.68,-0.0847096,0.0117246961,0.157626248,-0.0017541492,-0.104866875,-9.88946356,294.787601,58.0206395,0.56754495,0.147354673,0.00248682212,0.499746231,11.2969727,6.77134271,0.100980955,0,0,0,13.1712897,0,0
23.68,23.7,-0.0864545717,0.0114431734,0.163638877,-0.00145292809,-0.0939218865,-9.89086353,295.013411,58.156293,0.569564677,0.145648929,0.00224694979,0.502958811,11.2840313,6.79398853,0.100984965,0,0,0,13.1718579,0,0
23.7,23.72,-0.0872875294,0.0111778611,0.169271026,-0.00116762126,-0.0837776718,-9.89198562,295.238962,58.2923984,0.571584113,0.143917163,0.00199033476,0.506286576,11.271098,6.81654496,0.100954854,0,0,0,13.1724382,0,0
23.72,23.74,-0.087404522,0.0109327651,0.174333015,-0.000891450607,-0.0711199453,-9.89283861,295.464255,58.4289547,0.573602761,0.142175587,0.00171918422,0.509719999,11.2581395,6.8390715,0.100907552,0,0,0,13.1730326,0,0
23.74,23.76,-0.0870111093,0.0107110229,0.178790684,-0.000659501139,-0.0585010829,-9.89342997,295.689288,58.5659611,0.575620346,0.140436291,0.00143596523,0.513247563,11.2451537,6.86157037,0.100849948,0,0,0,13.1736404,0,0
23.76,23.78,-0.0862793642,0.0105147503,0.182591472,-0.000474268612,-0.0454145549,-9.89377576,295.914061,58.7034174,0.577636746,0.1387076,0.00114322278,0.516856879,11.2321314,6.88405598,0.100790213,0,0,0,13.1742613,0,0
23.78,23.8,-0.0853492998,0.0103450943,0.185703263,-0.000342576032,-0.0320295893,-9.89390321,296.138573,58.8413233,0.579651985,0.136994735,0.000843561146,0.520534695,11.2190656,6.90653829,0.100734845,0,0,0,13.1748948,0,0
23.8,23.82,-0.0843295548,0.0102023195,0.188103498,-0.000266306238,-0.0184042787,-9.89384684,296.362823,58.979679,0.581666205,0.135300452,0.000539580708,0.52426725,11.2059496,6.92902621,0.10068912,0,0,0,13.1755398,0,0
23.82,23.84,-0.0833030087,0.0100859543,0.189772512,-0.000247208372,-0.0044471056,-9.89364623,296.58681,59.1184845,0.583679645,0.133625632,0.000233865478,0.528040282,11.1927762,6.95152931,0.100657343,0,0,0,13.1761956,0,0
23.84,23.86,-0.0823322812,0.00999491092,0.190715117,-0.000283828467,0.00945492891,-9.89334126,296.810534,59.2577403,0.585692605,0.131969722,-7.10813393e-05,0.531839441,11.1795429,6.97404861,0.100641431,0,0,0,13.1768609,0,0
23.86,23.88,-0.0814622484,0.0102241653,0.190923401,-0.00035195592,0.0235739147,-9.8947678,297.033992,59.3974466,0.587705537,0.13033113,-0.000371416039,0.535650494,11.1662454,6.99658805,0.100666235,0,0,0,13.1775345,0,0
23.88,23.9,-0.0807283058,0.011371437,0.190393973,-0.000309779198,0.0378457126,-9.89744749,297.257183,59.5376039,0.589719748,0.128707519,-0.000650924127,0.539460701,11.1528806,7.01914935,0.100758273,0,0,0,13.1782152,0,0
23.9,23.92,-0.0801566854,0.0129493491,0.189132597,-7.66641213e-05,0.0521638508,-9.90109935,297.480106,59.6782128,0.59173576,0.127096013,-0.000894299131,0.543257108,11.1394399,7.04174246,0.100832955,0,0,0,13.1789008,0,0
23.92,23.94,-0.0797650125,0.0146434126,0.18717102,-0.00197499913,0.0660779254,-9.90636723,297.70276,59.8192736,0.59375248,0.125493345,-0.00109469664,0.547026045,11.1258815,7.06434016,0.100819099,0,0,0,13.1795412,0,0
23.94,23.96,-0.0795619779,0.0162856074,0.18453165,-0.0013886441,0.079724012,-9.91323085,297.925141,59.9607866,0.595767583,0.12389601,-0.00125005616,0.550753808,11.1122418,7.08696377,0.100663893,0,0,0,13.1801785,0,0
23.96,23.98,-0.0795525441,0.0177912929,0.181233107,-0.000711473022,0.093229057,-9.9214765,298.147249,60.1027523,0.597777838,0.122300386,-0.00136083832,0.554426674,11.0985173,7.10960912,0.100328752,0,0,0,13.1808078,0,0
23.98,24,-0.0797402288,0.0191231144,0.177340587,4.54048929e-05,0.105780681,-9.93076852,298.369081,60.2451709,0.599779341,0.120702748,-0.0014288312,0.558031655,11.0847174,7.13225175,0.0997846161,0,0,0,13.1814238,0,0
24,24.02,-0.0801213472,0.0202703387,0.172915606,0.000850895077,0.117367427,-9.94076044,298.590637,60.3880422,0.601767704,0.119099351,-0.00145648772,0.561557072,11.0708524,7.15486683,0.0990126509,0,0,0,13.1820217,0,0
24.02,24.04,-0.0806906797,0.0212370021,0.168034501,0.00168113951,0.127923071,-9.95113164,298.811915,60.5313653,0.603738256,0.117486551,-0.00144648447,0.564992319,11.0569374,7.17742214,0.0980013008,0,0,0,13.1825968,0,0
24.04,24.06,-0.0814353783,0.0220349266,0.162810955,0.00252895539,0.136388339,-9.96160244,299.032914,60.6751383,0.605686107,0.115860791,-0.00140167076,0.56832936,11.0429986,7.19986991,0.0967434639,0,0,0,13.1831447,0,0
24.06,24.08,-0.0823363297,0.0226799273,0.157207095,0.00333733503,0.145748867,-9.97194716,299.253635,60.8193595,0.607606398,0.114218927,-0.00132464698,0.571560193,11.0290257,7.22221945,0.0952452215,0,0,0,13.1836616,0,0
24.08,24.1,-0.0833857807,0.0231893046,0.151339874,0.00413531199,0.153016254,-9.98198155,299.474075,60.9640261,0.609494319,0.11255796,-0.0012178734,0.574678252,11.0150483,7.24441946,0.0935080894,0,0,0,13.1841437,0,0
24.1,24.12,-0.0838266875,0.0235810592,0.145205776,0.00489334686,0.161002576,-9.99152514,299.694236,61.1091353,0.611345211,0.110878842,-0.00108357047,0.577677711,11.0010604,7.26647464,0.0915440898,0,0,0,13.1845881,0,0
24.12,24.14,-0.0824334547,0.0238763441,0.138861956,0.00566188644,0.167545605,-10.0005306,299.914118,61.2546839,0.613154637,0.109211947,-0.000923743785,0.580553668,10.9870796,7.28835609,0.0893626805,0,0,0,13.1849929,0,0
24.14,24.16,-0.0806715461,0.0240929977,0.132331689,0.00638617397,0.171086869,-10.0089895,300.13372,61.400668,0.614918323,0.107578916,-0.000740171448,0.583301857,10.9731376,7.31001236,0.0869719024,0,0,0,13.1853553,0,0
24.16,24.18,-0.0792579547,0.0242440303,0.125667266,0.00706022902,0.172941302,-10.0168102,300.353044,61.5470827,0.616632193,0.105978891,-0.000534449415,0.585918846,10.959254,7.3314118,0.0843830251,0,0,0,13.1856728,0,0
24.18,24.2,-0.0784285489,0.0243399625,0.118927815,0.00768511393,0.173884728,-10.0239676,300.57209,61.6939227,0.618292409,0.10440204,-0.000308049867,0.58840237,10.9454413,7.35253411,0.0816087631,0,0,0,13.1859434,0,0
24.2,24.22,-0.0781977064,0.0243898822,0.112168552,0.00596723043,0.174296034,-10.0304364,300.790861,61.8411819,0.619895399,0.102836308,-6.23431347e-05,0.590751336,10.9316709,7.3733387,0.0786627474,0,0,0,13.1861192,0,0
24.22,24.24,-0.0784898429,0.0241049432,0.105436994,0.00649919199,0.174357063,-10.0344466,301.009358,61.9888542,0.621437747,0.101270382,0.00019995826,0.592965552,10.9179886,7.39384057,0.0755350639,0,0,0,13.1862451,0,0
24.24,24.26,-0.0792023119,0.0228921311,0.0987729631,0.00680815909,0.174141292,-10.0365844,301.227582,62.1369334,0.622915452,0.0996947694,0.00046371775,0.595044459,10.9044009,7.41402988,0.0722115897,0,0,0,13.1863191,0,0
24.26,24.28,-0.0802388696,0.0212439551,0.0922574328,0.00685485834,0.173039569,-10.0372066,301.445535,62.2854131,0.624325525,0.0981019808,0.000714679632,0.596988605,10.890934,7.43386997,0.0687854541,0,0,0,13.1863413,0,0
24.28,24.3,-0.0803997401,0.0194790429,0.0860168389,0.00669190905,0.17060964,-10.0356766,301.66322,62.4342856,0.625666687,0.0964917823,0.000946809414,0.59880212,10.8776181,7.45332269,0.0653333302,0,0,0,13.1863135,0,0
24.3,24.32,-0.077777846,0.0177718668,0.0799606979,0.00634637296,0.1693039,-10.0321002,301.88064,62.5835437,0.626939127,0.0949096109,0.00115883881,0.60048949,10.8644386,7.47241767,0.0619203498,0,0,0,13.1862385,0,0
24.32,24.34,-0.0752785805,0.0162102451,0.0741216903,0.00584245659,0.162905532,-10.0268398,302.097799,62.7331794,0.628144003,0.0933850886,0.0013520291,0.602055163,10.8514547,7.49107598,0.0585828022,0,0,0,13.1861185,0,0
24.34,24.36,-0.0751705018,0.0148290588,0.0685480066,0.00517800449,0.155299274,-10.0202658,302.3147,62.8831837,0.629283139,0.0918855516,0.00152885744,0.603503676,10.8386913,7.50926889,0.0553494316,0,0,0,13.1859551,0,0
24.36,24.38,-0.0763157445,0.013636335,0.0634992609,0.00448357711,0.145940728,-10.0127368,302.531348,63.0335466,0.630358771,0.0903741112,0.00169191541,0.604843644,10.8261916,7.52694435,0.0522349014,0,0,0,13.1857516,0,0
24.38,24.4,-0.0779773468,0.0126267569,0.0590172046,0.00374873561,0.137259068,-10.0046316,302.747749,63.184258,0.631373408,0.0888338077,0.00184363443,0.606086412,10.813958,7.54410805,0.049251226,0,0,0,13.1855102,0,0
24.4,24.42,-0.0797766121,0.0117876822,0.0551341599,0.00300834264,0.128617714,-9.99627047,302.963908,63.3353075,0.632329716,0.087258495,0.00198626207,0.607243933,10.8020003,7.5607545,0.0464018361,0,0,0,13.1852331,0,0
24.42,24.44,-0.0822637076,0.0107720583,0.051877125,0.00225093992,0.119105473,-9.98594351,303.179831,63.4866846,0.633230225,0.0856438735,0.00212014886,0.60832861,10.7903373,7.5768649,0.0436571252,0,0,0,13.1849219,0,0
24.44,24.46,-0.086562684,0.00889224101,0.0493089846,0.00131796938,0.108947363,-9.97443921,303.395524,63.6383783,0.634076396,0.0839591361,0.00223134237,0.609352372,10.7789913,7.59241411,0.0409793818,0,0,0,13.1845775,0,0
24.46,24.48,-0.0911491458,0.00666998699,0.0474857463,0.00247025534,0.100285641,-9.96224639,303.610993,63.7903777,0.634870405,0.0821837514,0.00230638029,0.610328667,10.7680041,7.60743155,0.0384535175,0,0,0,13.1842484,0,0
24.48,24.5,-0.0952703992,0.00443578731,0.0464056453,0.00112227039,0.0921801047,-9.948762,303.826246,63.9426718,0.63561598,0.0803205856,0.00234076599,0.611272317,10.7573478,7.62188723,0.0361447954,0,0,0,13.1838918,0,0
24.5,24.52,-0.0986676397,0.00235821965,0.0460151576,-0.000346140276,0.0846391087,-9.9340888,304.04129,64.0952495,0.636317941,0.0783820578,0.00233495129,0.612197879,10.7470281,7.6357859,0.0340978147,0,0,0,13.1835125,0,0
24.52,24.54,-0.101313115,0.0005144569,0.0462594683,-0.00189771331,0.0773004207,-9.91856961,304.25613,64.2480996,0.636981815,0.0763831448,0.00229189877,0.613119098,10.7370513,7.64913091,0.0323393589,0,0,0,13.183115,0,0
24.54,24.56,-0.103274375,-0.00106938503,0.0470583866,-0.0034848159,0.0706089011,-9.90260752,304.470774,64.4012111,0.637613532,0.0743382934,0.00221572989,0.614048315,10.7274151,7.6619376,0.030883305,0,0,0,13.1827037,0,0
24.56,24.58,-0.104651433,-0.00239516518,0.0483582618,-0.00505973446,0.0641549339,-9.88658942,304.685229,64.5545735,0.638219179,0.0722601911,0.00211093721,0.614996593,10.7181213,7.67421515,0.0297319274,0,0,0,13.1822831,0,0
24.58,24.6,-0.10554332,-0.00347944671,0.0500971995,-0.00658775003,0.0582069769,-9.87085288,304.899501,64.7081763,0.638804804,0.070159509,0.00198195684,0.615973777,10.7091663,7.68597973,0.0288797014,0,0,0,13.1818573,0,0
24.6,24.62,-0.106035765,-0.00434584222,0.0521871116,-0.00804228025,0.053183204,-9.85567347,305.113598,64.8620095,0.639376287,0.0680450439,0.00183295847,0.616988356,10.7005364,7.69726076,0.0283159216,0,0,0,13.1814303,0,0
24.62,24.64,-0.106206327,-0.00502051059,0.0545205824,-0.00940589335,0.0498584203,-9.8412628,305.327525,65.0160638,0.63993927,0.0659240096,0.00166782429,0.618046263,10.6922104,7.70809753,0.0280261213,0,0,0,13.1810059,0,0
24.64,24.66,-0.106122789,-0.00552990142,0.0571218815,-0.0106533447,0.045718681,-9.82776706,305.541288,65.1703303,0.640499013,0.0638020733,0.00148995243,0.6191532,10.6842001,7.7184822,0.0279888448,0,0,0,13.1805874,0,0
24.66,24.68,-0.105831391,-0.00589922163,0.0598982133,-0.0117873125,0.0431539818,-9.81528536,305.754895,65.3248004,0.64106038,0.0616838518,0.00130233245,0.620313556,10.676484,7.72845257,0.0281845907,0,0,0,13.1801777,0,0
24.68,24.7,-0.105374078,-0.00615180137,0.0628695381,-0.0127962943,0.0400055725,-9.80386616,305.96835,65.4794656,0.64162779,0.0595730023,0.0011075035,0.621531484,10.6690696,7.73800538,0.0285897843,0,0,0,13.1797796,0,0
24.7,24.72,-0.104775061,-0.00630859946,0.06590637,-0.0136901673,0.0389683683,-9.79352826,306.181659,65.6343181,0.642205238,0.0574725856,0.000907661773,0.622809732,10.6619226,7.74719426,0.0291850901,0,0,0,13.1793954,0,0
24.72,24.74,-0.104067611,-0.00638804314,0.0689614702,-0.0144694461,0.0388764112,-9.78425625,306.394828,65.7893511,0.642796321,0.0553850898,0.000704737159,0.624148989,10.6550304,7.75604233,0.0299493212,0,0,0,13.1790273,0,0
24.74,24.76,-0.103278896,-0.00640629317,0.0720696572,-0.015135001,0.0380976005,-9.77601008,306.607862,65.9445575,0.643404186,0.0533123395,0.0005002946,0.625550267,10.6484014,7.76454261,0.0308601783,0,0,0,13.178677,0,0
24.76,24.78,-0.102421703,-0.00637721478,0.0751453357,-0.0157009777,0.0387886287,-9.76873874,306.820766,66.0999307,0.644031586,0.0512558141,0.000295637203,0.627013841,10.6420108,7.77273346,0.0318997836,0,0,0,13.1783458,0,0
24.78,24.8,-0.101513993,-0.00631247267,0.0781303825,-0.0161756742,0.0405353234,-9.76237735,307.033544,66.255465,0.644680921,0.0492166824,9.1884978e-05,0.628538481,10.6358409,7.78064289,0.0330509524,0,0,0,13.1780351,0,0
24.8,24.82,-0.100574212,-0.006221784,0.0809889696,-0.0165680811,0.0429710603,-9.75685335,307.246201,66.4111547,0.645354259,0.0471957455,-0.000110022972,0.63012202,10.6298794,7.78829057,0.0342975256,0,0,0,13.1777457,0,0
24.82,24.84,-0.0996188481,-0.0061131481,0.0836984448,-0.0168876246,0.0458855303,-9.75209031,307.45874,66.5669949,0.646053359,0.045193456,-0.000309314944,0.631761704,10.6241172,7.79569121,0.0356246897,0,0,0,13.1774784,0,0
24.84,24.86,-0.0979219705,-0.00599274057,0.0862385025,-0.0171338799,0.0497850842,-9.74801189,307.671167,66.7229808,0.646779698,0.0432136141,-0.000505366915,0.633454387,10.6185386,7.80286866,0.0370197688,0,0,0,13.1772339,0,0
24.86,24.88,-0.0942756875,-0.00586288515,0.0884763038,-0.0173091247,0.0553835994,-9.74459057,307.883483,66.8791085,0.647534538,0.0412890079,-0.000697643385,0.635195722,10.6131043,7.8098786,0.0384732497,0,0,0,13.1770128,0,0
24.88,24.9,-0.0901758915,-0.00572553507,0.0902359965,-0.0174673062,0.0616182596,-9.74175046,308.095692,67.0353752,0.648318956,0.0394432933,-0.000885575657,0.636977466,10.607787,7.81675805,0.0399757724,0,0,0,13.1768148,0,0
24.9,24.92,-0.0863807147,-0.00558392034,0.091517748,-0.0176055668,0.0670478526,-9.7394027,308.307795,67.191778,0.649133827,0.0376768462,-0.00106867758,0.638790212,10.6025856,7.82350868,0.0415172498,0,0,0,13.1766397,0,0
24.92,24.94,-0.0831608052,-0.00544138374,0.0922665142,-0.0177342612,0.0738529229,-9.73748489,308.519796,67.3483149,0.649979858,0.035980402,-0.00124654082,0.640623513,10.5974735,7.83016629,0.0430903442,0,0,0,13.1764868,0,0
24.94,24.96,-0.0805669005,-0.00530093439,0.0925592719,-0.0155310001,0.0798503659,-9.73597373,308.731695,67.5049842,0.65085759,0.0343416975,-0.00141888542,0.642467677,10.5924946,7.83674914,0.0446860233,0,0,0,13.1764022,0,0
24.96,24.98,-0.0785471953,-0.00516491469,0.092385129,-0.0156576379,0.0868600098,-9.73481726,308.943496,67.6617844,0.651767408,0.0327486999,-0.0015855204,0.644313221,10.5875945,7.8432516,0.0462977437,0,0,0,13.1763385,0,0
24.98,25,-0.0770216751,-0.00503505868,0.0918082557,-0.015755992,0.0932340238,-9.7339348,309.1552,67.8187136,0.652709564,0.0311906935,-0.0017463546,0.64615174,10.5827794,7.84966587,0.0479193661,0,0,0,13.1762958,0,0
25,25.02,-0.0759047828,-0.00491242125,0.0907821685,-0.0158615118,0.101115169,-9.73328659,309.366808,67.9757707,0.653684225,0.0296587401,-0.00190133249,0.647974383,10.5780263,7.85602162,0.0495472048,0,0,0,13.1762731,0,0
25.02,25.04,-0.0743884367,-0.00479726348,0.0893690159,-0.0159545168,0.108717512,-9.73291325,309.578321,68.132954,0.654691463,0.0281490059,-0.00205046338,0.649773144,10.5733375,7.86231563,0.0511770128,0,0,0,13.1762701,0,0
25.04,25.06,-0.0711959608,-0.00468701748,0.0874359472,-0.0160507148,0.118623849,-9.73281018,309.789741,68.2902633,0.65573131,0.0266882667,-0.00219375298,0.651538727,10.56867,7.86860412,0.0528071234,0,0,0,13.1762857,0,0
25.06,25.08,-0.0677710355,-0.0045802831,0.0850074771,-0.0161536182,0.125637386,-9.73280826,310.001068,68.4476979,0.656803716,0.0252952131,-0.00233122421,0.653261091,10.5640515,7.87484985,0.0544325196,0,0,0,13.1763199,0,0
25.08,25.1,-0.0648142296,-0.00447766213,0.0820595339,-0.0162729006,0.132666194,-9.73292038,310.212303,68.6052571,0.65790856,0.0239665103,-0.00246293011,0.65492974,10.5594744,7.88106177,0.0560501032,0,0,0,13.1763719,0,0
25.1,25.12,-0.0625569089,-0.00438032084,0.0786915896,-0.0163844824,0.138176211,-9.73314393,310.423448,68.76294,0.659045643,0.0226899865,-0.002588992,0.656535514,10.5549568,7.88721602,0.0576562298,0,0,0,13.1764416,0,0
25.12,25.14,-0.0610065662,-0.00428920435,0.0749030916,-0.0165058929,0.144474338,-9.73346724,310.634502,68.9207455,0.660214721,0.0214514507,-0.0027095677,0.658069721,10.5504863,7.89332802,0.0592490724,0,0,0,13.1765283,0,0
25.14,25.16,-0.0600892753,-0.00420486779,0.0708066353,-0.0166104334,0.149407047,-9.73387092,310.845468,69.0786726,0.6614155,0.0202374392,-0.00282486587,0.659525274,10.546084,7.89937049,0.0608261552,0,0,0,13.1766324,0,0
25.16,25.18,-0.0596983315,-0.00412739931,0.0664212836,-0.0167163092,0.154706767,-9.73433632,311.056346,69.2367199,0.662647656,0.0190364213,-0.00293512153,0.660896008,10.5417467,7.9053473,0.0623864392,0,0,0,13.1767535,0,0
25.18,25.2,-0.0597358372,-0.00405654219,0.0618712431,-0.0167926156,0.158390017,-9.73484311,311.267138,69.3948858,0.663910835,0.0178388889,-0.00304060165,0.662177394,10.537504,7.91122092,0.063928314,0,0,0,13.1768924,0,0
25.2,25.22,-0.0601048004,-0.00366176174,0.0572000207,-0.0168435527,0.161519089,-9.73737767,311.477847,69.553168,0.66520479,0.0166372817,-0.00313999944,0.663366865,10.5333646,7.91697998,0.0654770872,0,0,0,13.1770493,0,0
25.22,25.24,-0.0607277524,-0.00227501787,0.0523686625,-0.0167329128,0.165667349,-9.74135079,311.688473,69.7115644,0.66653021,0.0154258567,-0.00321801373,0.664461614,10.5293162,7.92264012,0.0670621414,0,0,0,13.1772236,0,0
25.24,25.26,-0.0615534716,-0.000435693893,0.0474691765,-0.0163360204,0.168431103,-9.7464008,311.89902,69.8700727,0.667886893,0.0142001071,-0.00326026656,0.66545952,10.5253839,7.92816878,0.0685888168,0,0,0,13.1774152,0,0
25.26,25.28,-0.0625340076,0.00150946319,0.0425658049,-0.0179930916,0.170186315,-9.75321386,312.109489,70.0286898,0.669272863,0.0129565153,-0.00326172276,0.666359896,10.5215489,7.93351225,0.0699802093,0,0,0,13.1775759,0,0
25.28,25.3,-0.0628884212,0.00337690133,0.0376940483,-0.0170974376,0.171913151,-9.76189071,312.319883,70.1874121,0.670684829,0.011696094,-0.00322252346,0.667162989,10.5178503,7.93869235,0.0711807232,0,0,0,13.1777493,0,0
25.3,25.32,-0.061367142,0.0050765453,0.0328040594,-0.0160544896,0.173992172,-9.77213779,312.530204,70.3462365,0.672118556,0.010449807,-0.00314547701,0.66786896,10.5142737,7.94372172,0.0721508522,0,0,0,13.1779312,0,0
25.32,25.34,-0.0594274762,0.00656969271,0.0278481954,-0.0149109074,0.174249837,-9.78332125,312.740455,70.5051598,0.673569147,0.00924020838,-0.00303463604,0.668476715,10.510832,7.9485782,0.0728637384,0,0,0,13.178118,0,0
25.34,25.36,-0.0577912813,0.00784610967,0.0228850597,-0.0136788225,0.17288807,-9.79515497,312.950638,70.6641783,0.675031285,0.00806739438,-0.00289451752,0.668985096,10.5075457,7.95323,0.0733037771,0,0,0,13.1783064,0,0
25.36,25.38,-0.0566962079,0.00891163587,0.0180569093,-0.0123799551,0.169060031,-9.80731974,313.160758,70.8232873,0.676499436,0.00692234418,-0.00272967747,0.669395574,10.5044494,7.95762851,0.0734647817,0,0,0,13.1784941,0,0
25.38,25.4,-0.0561488902,0.00978095241,0.0133765119,-0.0110832928,0.165544921,-9.81950969,313.370817,70.9824818,0.67796803,0.00579395308,-0.00254444723,0.669710729,10.5015371,7.96177535,0.0733488965,0,0,0,13.178677,0,0
25.4,25.42,-0.0560724177,0.0104731254,0.00892256846,-0.00979957868,0.161047913,-9.83145762,313.580821,71.1417565,0.679431598,0.00467189487,-0.00234280406,0.669934459,10.4988228,7.96564773,0.0729640877,0,0,0,13.1788523,0,0
25.42,25.44,-0.0563619838,0.0110089636,0.00469974162,-0.00856574192,0.157044294,-9.84294776,313.790772,71.3011059,0.680884885,0.00354778613,-0.00212830734,0.670071033,10.4963009,7.96924741,0.0723230772,0,0,0,13.1790162,0,0
25.44,25.46,-0.0569190561,0.0114093247,0.000798529428,-0.00737865462,0.151656188,-9.85381644,314.000674,71.4605243,0.682322918,0.00241522174,-0.00190408654,0.670126239,10.4939928,7.97254294,0.071441631,0,0,0,13.1791665,0,0
25.46,25.48,-0.0576529764,0.0116942252,-0.00280221676,-0.00627425039,0.14701786,-9.86394804,314.210533,71.6200057,0.683741068,0.00126978202,-0.00167284364,0.670105983,10.4918895,7.97554107,0.0703378862,0,0,0,13.1793,0,0
25.48,25.5,-0.0584947334,0.0118822208,-0.00602164287,-0.0052383279,0.140957672,-9.8732678,314.420351,71.7795437,0.68513508,0.000108556257,-0.00143687721,0.670017389,10.490013,7.97821027,0.06903111,0,0,0,13.1794149,0,0
25.5,25.52,-0.0593850394,0.0119901957,-0.00889321155,-0.00429725233,0.135749796,-9.8817363,314.630135,71.939132,0.686501091,-0.00106998704,-0.00119811028,0.669867375,10.4883534,7.98055911,0.0675412197,0,0,0,13.1795084,0,0
25.52,25.54,-0.0602828874,0.0120331496,-0.011324495,-0.00342864973,0.128768275,-9.88934176,314.839887,72.0987636,0.68783564,-0.0022664848,-0.000958123111,0.669664212,10.486938,7.98255012,0.0658880955,0,0,0,13.1795795,0,0
25.54,25.56,-0.0604101119,0.012024252,-0.0133706285,-0.00265269723,0.12348413,-9.89623342,315.049614,72.2584318,0.689135656,-0.00347701459,-0.000718189097,0.669415765,10.4857445,7.9842085,0.0640910881,0,0,0,13.1796256,0,0
25.56,25.58,-0.0585268724,0.0119744076,-0.0150069486,-0.00194263397,0.11698316,-9.90238849,315.259318,72.4181296,0.690398446,-0.00466793646,-0.000479305757,0.669130594,10.4847816,7.98552128,0.0621683667,0,0,0,13.1796457,0,0
25.58,25.6,-0.0560893954,0.0115625743,-0.0163925261,-0.00136317199,0.110738836,-9.90563932,315.469006,72.5778505,0.691621533,-0.00581396361,-0.000243848307,0.668814833,10.4840311,7.98650898,0.0601103441,0,0,0,13.1796376,0,0
25.6,25.62,-0.0538259591,0.0101291373,-0.0174786238,-0.00103169152,0.102636398,-9.90672237,315.678681,72.7375876,0.692801818,-0.00691242653,-2.79780102e-05,0.668474405,10.4835113,7.98714674,0.0579032872,0,0,0,13.1796007,0,0
25.62,25.64,-0.0519800962,0.00822147457,-0.0183364944,-0.00104456129,0.0960277462,-9.9060808,315.888348,72.8973343,0.693937385,-0.00796969517,0.00015322996,0.668114385,10.4831951,7.987468,0.055655394,0,0,0,13.1795342,0,0
25.64,25.66,-0.0505863271,0.00619313195,-0.0188549661,-0.00135034531,0.0879124391,-9.9030467,316.098011,73.057084,0.695028366,-0.00899471334,0.000294186419,0.6677407,10.4831061,7.98744537,0.0534576037,0,0,0,13.1794406,0,0
25.66,25.68,-0.0495721257,0.00423345786,-0.0190658193,-0.00192674324,0.0806541289,-9.89772554,316.307674,73.21683,0.696076482,-0.00999586993,0.000394610472,0.667360158,10.4832274,7.98710401,0.0513786949,0,0,0,13.1793219,0,0
25.68,25.7,-0.0488477088,0.00243822514,-0.0190352379,-0.00271416494,0.0751540746,-9.89045768,316.517341,73.3765663,0.697084643,-0.0109798017,0.000456991065,0.666977956,10.4835346,7.98648002,0.0494691477,0,0,0,13.1791809,0,0
25.7,25.72,-0.0483319079,0.000849801477,-0.0187058827,-0.00364527323,0.0688591344,-9.88167515,316.727016,73.5362872,0.698056619,-0.0119515045,0.000485171205,0.666599835,10.4840407,7.9855629,0.0477648648,0,0,0,13.1790214,0,0
25.72,25.74,-0.0479480838,-0.000519662814,-0.0181511761,-0.00468079289,0.0642063452,-9.87182055,316.936704,73.6959871,0.698996759,-0.0129143035,0.000483517495,0.666230814,10.4847226,7.98438788,0.0462885806,0,0,0,13.1788467,0,0
25.74,25.76,-0.046902636,-0.00167496501,-0.0173514353,-0.00576499004,0.0598073237,-9.86141475,317.146407,73.855661,0.699909769,-0.0138666471,0.000456467833,0.66587586,10.4855777,7.98296458,0.0450530712,0,0,0,13.1786605,0,0
25.76,25.78,-0.0439360275,-0.00263044838,-0.0164338595,-0.00686658048,0.0573868755,-9.85077941,317.356128,74.0153045,0.70080051,-0.0147767278,0.000408257088,0.665538436,10.48657,7.98134525,0.0440617068,0,0,0,13.1784659,0,0
25.78,25.8,-0.040504089,-0.00340496606,-0.0154094484,-0.00795686633,0.052500612,-9.84004476,317.56587,74.1749133,0.70167385,-0.0156211151,0.000342783999,0.665220926,10.4877226,7.97950598,0.0433119385,0,0,0,13.1782669,0,0
25.8,25.82,-0.0373158143,-0.00401883574,-0.0143965862,-0.00901745903,0.0488954189,-9.82954459,317.775637,74.3344835,0.702534539,-0.0163986297,0.000263534085,0.664924191,10.4890053,7.97749099,0.0427948004,0,0,0,13.1780661,0,0
25.82,25.84,-0.0346187474,-0.00449237961,-0.0134487243,-0.0100235195,0.0464134301,-9.81949392,317.985431,74.494012,0.703387111,-0.0171171093,0.000173552577,0.664647343,10.4903958,7.97533377,0.0424979257,0,0,0,13.1778662,0,0
25.84,25.86,-0.0324501812,-0.00484513655,-0.0125253513,-0.0109539973,0.0439936827,-9.81003108,318.195254,74.653496,0.70423583,-0.0177869483,7.54706878e-05,0.664389127,10.4918955,7.97303707,0.0424071917,0,0,0,13.1776701,0,0
25.86,25.88,-0.0307505916,-0.00509545385,-0.0115000905,-0.011802756,0.0398639526,-9.80124552,318.405108,74.8129323,0.705084675,-0.0184182569,-2.84254656e-05,0.66415062,10.4935304,7.97057189,0.0425076942,0,0,0,13.1774809,0,0
25.88,25.9,-0.0294176952,-0.00526014829,-0.010438528,-0.0125784959,0.0373539149,-9.79318959,318.614996,74.972318,0.705937298,-0.0190193839,-0.000136198889,0.663933206,10.4952731,7.96797695,0.0427822091,0,0,0,13.1773003,0,0
25.9,25.92,-0.0283630931,-0.00535435475,-0.00938270709,-0.0132775979,0.0360168553,-9.78588389,318.82492,75.1316507,0.706797008,-0.0195967513,-0.000246255356,0.66373712,10.4971048,7.96527947,0.0432134636,0,0,0,13.1771299,0,0
25.92,25.94,-0.027516239,-0.00539152517,-0.00835409172,-0.0139001824,0.0354029329,-9.77932837,319.034881,75.2909286,0.707666769,-0.0201551935,-0.00035730088,0.663561984,10.4990141,7.96249674,0.0437845512,0,0,0,13.1769712,0,0
25.94,25.96,-0.0260832724,-0.00538349884,-0.00736897297,-0.0144473223,0.035875744,-9.77361734,319.244881,75.4501501,0.708549212,-0.0206946549,-0.000468303243,0.663407099,10.5009851,7.95965192,0.0444788624,0,0,0,13.1768253,0,0
25.96,25.98,-0.0228076533,-0.00534080737,-0.00650980766,-0.0149275556,0.0374678474,-9.76869849,319.45492,75.6093145,0.709446634,-0.0211849223,-0.000578472278,0.663270886,10.5029911,7.95678102,0.045279781,0,0,0,13.176693,0,0
25.98,26,-0.0191429939,-0.00527261402,-0.00584570473,-0.015346215,0.0378007161,-9.76436379,319.665,75.7684212,0.710361011,-0.021604077,-0.000687253978,0.663149974,10.5050362,7.95388099,0.0461719212,0,0,0,13.1765754,0,0
26,26.02,-0.0158064819,-0.00518662647,-0.00538161117,-0.0133868819,0.0375909445,-9.7606841,319.875122,75.9274699,0.711294017,-0.021952576,-0.000794283858,0.663040326,10.507156,7.95098267,0.0471400473,0,0,0,13.1765198,0,0
26.02,26.04,-0.0130394842,-0.00508918599,-0.00509530917,-0.0137025952,0.0372728132,-9.75763523,320.085287,76.0864604,0.712247026,-0.0222399002,-0.000899340494,0.662938125,10.5093106,7.9480627,0.0481702153,0,0,0,13.1764802,0,0
26.04,26.06,-0.0108637545,-0.00498543085,-0.00495661862,-0.0139461329,0.0370295903,-9.7551346,320.295495,76.2453923,0.71322116,-0.0224778731,-0.00100231098,0.662840105,10.5114965,7.94512712,0.0492506513,0,0,0,13.1764574,0,0
26.06,26.08,-0.00921137896,-0.00487943951,-0.00493602309,-0.0141429114,0.0369215405,-9.75312419,320.505747,76.4042654,0.714217318,-0.0226777143,-0.00110316506,0.662743605,10.5137104,7.94218105,0.0503710348,0,0,0,13.1764519,0,0
26.08,26.1,-0.00798784585,-0.00477436893,-0.00500799373,-0.0142996194,0.0369522619,-9.75154356,320.716044,76.5630795,0.715236208,-0.0228489529,-0.00120193493,0.662646524,10.5159495,7.93922861,0.0515224376,0,0,0,13.1764639,0,0
26.1,26.12,-0.00710045373,-0.0050026042,-0.00515177405,-0.0144431202,0.0371022367,-9.74833527,320.926385,76.7218345,0.716278243,-0.0229992186,-0.00130030259,0.66254726,10.5182121,7.93627245,0.0526713819,0,0,0,13.1764935,0,0
26.12,26.14,-0.00646934861,-0.00623306859,-0.00535101042,-0.0147330388,0.0373455629,-9.74402131,321.136772,76.8805304,0.717342761,-0.0231344068,-0.00141395701,0.662444907,10.5204972,7.93331423,0.053782371,0,0,0,13.1765408,0,0
26.14,26.16,-0.00603011387,-0.00792672366,-0.00559313287,-0.0152585534,0.0376574278,-9.73890271,321.347205,77.0391671,0.718429869,-0.0232589687,-0.00155768794,0.662338834,10.5228029,7.93035755,0.0549441038,0,0,0,13.1766069,0,0
26.16,26.18,-0.00573278436,-0.00973677111,-0.00586861372,-0.0160038104,0.0380160713,-9.73221254,321.557684,77.1977447,0.719541345,-0.0233762137,-0.00173697178,0.662228416,10.5251293,7.92740605,0.0562293171,0,0,0,13.1766944,0,0
26.18,26.2,-0.00553960144,-0.0114791787,-0.00617024532,-0.0169297805,0.0384039402,-9.72396778,321.76821,77.3562634,0.720680217,-0.023488577,-0.00195211944,0.662113075,10.5274777,7.92446318,0.0576908683,0,0,0,13.1768065,0,0
26.2,26.22,-0.00542253025,-0.0130623392,-0.00649255586,-0.0179904628,0.0388074368,-9.71443329,321.978784,77.5147233,0.7218504,-0.0235978397,-0.00220076615,0.661992298,10.5298502,7.92153204,0.0593652261,0,0,0,13.1769473,0,0
26.22,26.24,-0.00536100794,-0.0144469473,-0.00683135518,-0.0191405094,0.0392162962,-9.70396816,322.189405,77.6731247,0.723056399,-0.0237053001,-0.00247928356,0.661865635,10.5322496,7.9186154,0.0612754082,0,0,0,13.1771205,0,0
