sim_time_s,packet_timestamp_s,wall_time_utc_s,frame_count,frame_rate_hz,packet_interval_ms,round_trip_ms,design_internal_roll_deg,design_internal_pitch_deg,rc_roll_normalized,rc_pitch_normalized,rc_yaw_normalized,rc_throttle_normalized,rc1_sent_us,rc2_sent_us,rc3_sent_us,rc4_sent_us,rc5_sent_us,rc6_sent_us,rc7_sent_us,rc8_sent_us,protocol_throttle_pwm_us,protocol_aileron_left_pwm_us,protocol_aileron_right_pwm_us,protocol_elevator_pwm_us,protocol_rudder_pwm_us,tx_packets,rx_packets,dropped_packets,duplicate_packets,invalid_packets
0.000000000,0.020000000,1787652727.796324,1,50.000,NaN,55.738900,0,0,0,0,0,0.399236184,1500,1500,1399.23618,1500,1500,1000,1900,1000,980,1500,1500,1500,1500,1,2,0,0,0
0.020000000,0.040000000,1787652728.207971,2,50.000,411.646843,270.432500,0,0,0,0,0,0.399236594,1500,1500,1399.23659,1500,1500,1000,1900,1000,980,1500,1500,1500,1500,2,4,0,1,0
0.040000000,0.060000000,1787652728.329057,3,50.000,121.086121,18.944100,0,0,0,0,0,0.399930949,1500,1500,1399.93095,1500,1500,1000,1900,1000,980,1500,1500,1500,1500,3,6,0,2,0
0.060000000,0.080000000,1787652728.437222,4,50.000,108.165026,31.964300,0,0,0,0,0,0.40062507,1500,1500,1400.62507,1500,1500,1000,1900,1000,980,1500,1500,1500,1500,4,8,0,3,0
0.080000000,0.100000000,1787652728.532243,5,50.000,95.021009,23.842100,0,0,0,0,0,0.401318777,1500,1500,1401.31878,1500,1500,1000,1900,1000,980,1500,1500,1500,1500,5,10,0,4,0
0.100000000,0.120000000,1787652728.624234,6,50.000,91.990948,24.193400,0,0,0,0,0,0.402011944,1500,1500,1402.01194,1500,1500,1000,1900,1000,980,1500,1500,1500,1500,6,12,0,5,0
0.120000000,0.140000000,1787652728.717187,7,50.000,92.952967,24.524600,0,0,0,0,0,0.402704491,1500,1500,1402.70449,1500,1500,1000,1900,1000,980,1500,1500,1500,1500,7,14,0,6,0
0.140000000,0.160000000,1787652728.812280,8,50.000,95.093012,28.910800,0,0,0,0,0,0.403396361,1500,1500,1403.39636,1500,1500,1000,1900,1000,980,1500,1500,1500,1500,8,16,0,7,0
0.160000000,0.180000000,1787652728.905973,9,50.000,93.693018,21.421300,0,0,0,0,0,0.404087519,1500,1500,1404.08752,1500,1500,1000,1900,1000,980,1500,1500,1500,1500,9,18,0,8,0
0.180000000,0.200000000,1787652728.999481,10,50.000,93.508005,28.228100,0,0,0,0,0,0.40477794,1500,1500,1404.77794,1500,1500,1000,1900,1000,980,1500,1500,1500,1500,10,20,0,9,0
0.200000000,0.220000000,1787652729.091381,11,50.000,91.900110,28.397300,0,0,0,0,0,0.405467606,1500,1500,1405.46761,1500,1500,1000,1900,1000,980,1500,1500,1500,1500,11,22,0,10,0
0.220000000,0.240000000,1787652729.186330,12,50.000,94.949007,31.946800,0,0,0,0,0,0.406156499,1500,1500,1406.1565,1500,1500,1000,1900,1000,980,1500,1500,1500,1500,12,24,0,11,0
0.240000000,0.260000000,1787652729.263322,13,50.000,76.992035,13.155500,0,0,0,0,0,0.406844601,1500,1500,1406.8446,1500,1500,1000,1900,1000,980,1500,1500,1500,1500,13,26,0,12,0
0.260000000,0.280000000,1787652729.359424,14,50.000,96.101999,26.266700,0,0,0,0,0,0.407531889,1500,1500,1407.53189,1500,1500,1000,1900,1000,980,1500,1500,1500,1500,14,28,0,13,0
0.280000000,0.300000000,1787652729.454311,15,50.000,94.887018,24.002900,0,0,0,0,0,0.408218333,1500,1500,1408.21833,1500,1500,1000,1900,1000,980,1500,1500,1500,1500,15,30,0,14,0
0.300000000,0.320000000,1787652729.547531,16,50.000,93.219757,25.464500,0,0,0,0,0,0.408903898,1500,1500,1408.9039,1500,1500,1000,1900,1000,980,1500,1500,1500,1500,16,32,0,15,0
0.320000000,0.340000000,1787652729.641613,17,50.000,94.082117,26.480200,0,0,0,0,0,0.409588539,1500,1500,1409.58854,1500,1500,1000,1900,1000,980,1500,1500,1500,1500,17,34,0,16,0
0.340000000,0.360000000,1787652729.748482,18,50.000,106.868982,26.999300,0,0,0,0,0,0.410272202,1500,1500,1410.2722,1500,1500,1000,1900,1000,980,1500,1500,1500,1500,18,36,0,17,0
0.360000000,0.380000000,1787652729.842216,19,50.000,93.734026,24.174500,0,0,0,0,0,0.410954826,1500,1500,1410.95483,1500,1500,1000,1900,1000,980,1500,1500,1500,1500,19,38,0,18,0
0.380000000,0.400000000,1787652729.936014,20,50.000,93.797922,20.633100,0,0,0,0,0,0.41163634,1500,1500,1411.63634,1500,1500,1000,1900,1000,980,1500,1500,1500,1500,20,40,0,19,0
0.400000000,0.420000000,1787652730.029040,21,50.000,93.026161,22.477800,0,0,0,0,0,0.412316666,1500,1500,1412.31667,1500,1500,1000,1900,1000,980,1500,1500,1500,1500,21,42,0,20,0
0.420000000,0.440000000,1787652730.150391,22,50.000,121.351004,52.884800,0,0,0,0,0,0.412995716,1500,1500,1412.99572,1500,1500,1000,1900,1000,980,1500,1500,1500,1500,22,44,0,21,0
0.440000000,0.460000000,1787652730.247089,23,50.000,96.698046,19.192700,0,0,0,0,0,0.413673397,1500,1500,1413.6734,1500,1500,1000,1900,1000,980,1500,1500,1500,1500,23,46,0,22,0
0.460000000,0.480000000,1787652730.339904,24,50.000,92.814922,28.201600,0,0,0,0,0,0.414349608,1500,1500,1414.34961,1500,1500,1000,1900,1000,980,1500,1500,1500,1500,24,48,0,23,0
0.480000000,0.500000000,1787652730.438525,25,50.000,98.620892,34.431500,0,0,0,0,0,0.415024242,1500,1500,1415.02424,1500,1500,1000,1900,1000,980,1500,1500,1500,1500,25,50,0,24,0
0.500000000,0.520000000,1787652730.529742,26,50.000,91.217041,18.788900,0,0,0,0,0,0.415697187,1500,1500,1415.69719,1500,1500,1000,1900,1000,980,1500,1500,1500,1500,26,52,0,25,0
0.520000000,0.540000000,1787652730.624724,27,50.000,94.982147,28.717300,0,0,0,0,0,0.416368325,1500,1500,1416.36833,1500,1500,1000,1900,1000,980,1500,1500,1500,1500,27,54,0,26,0
0.540000000,0.560000000,1787652730.749949,28,50.000,125.224829,26.610000,0,0,0,0,0,0.417037535,1500,1500,1417.03754,1500,1500,1000,1900,1000,980,1500,1500,1500,1500,28,56,0,27,0
0.560000000,0.580000000,1787652730.941025,29,50.000,191.076040,10.856300,0,0,0,0,0,0.417704692,1500,1500,1417.70469,1500,1500,1000,1900,1000,980,1500,1500,1500,1500,29,58,0,28,0
0.580000000,0.600000000,1787652731.075573,30,50.000,134.547949,20.751700,0,0,0,0,0,0.418369668,1500,1500,1418.36967,1500,1500,1000,1900,1000,980,1500,1500,1500,1500,30,60,0,29,0
0.600000000,0.620000000,1787652731.181934,31,50.000,106.361151,23.014500,0,0,0,0,0,0.419032332,1500,1500,1419.03233,1500,1500,1000,1900,1000,980,1500,1500,1500,1500,31,62,0,30,0
0.620000000,0.640000000,1787652731.305840,32,50.000,123.905897,28.252400,0,0,0,0,0,0.419692551,1500,1500,1419.69255,1500,1500,1000,1900,1000,980,1500,1500,1500,1500,32,64,0,31,0
0.640000000,0.660000000,1787652731.415676,33,50.000,109.836102,18.295300,0,0,0,0,0,0.420350191,1500,1500,1420.35019,1500,1500,1000,1900,1000,980,1500,1500,1500,1500,33,66,0,32,0
0.660000000,0.680000000,1787652731.524649,34,50.000,108.972788,21.139400,0,0,0,0,0,0.421005117,1500,1500,1421.00512,1500,1500,1000,1900,1000,980,1500,1500,1500,1500,34,68,0,33,0
0.680000000,0.700000000,1787652731.634307,35,50.000,109.658003,24.497700,0,0,0,0,0,0.421657194,1500,1500,1421.65719,1500,1500,1000,1900,1000,980,1500,1500,1500,1500,35,70,0,34,0
0.700000000,0.720000000,1787652731.728292,36,50.000,93.985081,17.582100,0,0,0,0,0,0.422306283,1500,1500,1422.30628,1500,1500,1000,1900,1000,980,1500,1500,1500,1500,36,72,0,35,0
0.720000000,0.740000000,1787652731.837277,37,50.000,108.985186,17.078700,0,0,0,0,0,0.422952249,1500,1500,1422.95225,1500,1500,1000,1900,1000,980,1500,1500,1500,1500,37,74,0,36,0
0.740000000,0.760000000,1787652731.948510,38,50.000,111.232758,20.806300,0,0,0,0,0,0.423594954,1500,1500,1423.59495,1500,1500,1000,1900,1000,980,1500,1500,1500,1500,38,76,0,37,0
0.760000000,0.780000000,1787652732.055428,39,50.000,106.918097,26.194300,0,0,0,0,0,0.424234263,1500,1500,1424.23426,1500,1500,1000,1900,1000,980,1500,1500,1500,1500,39,78,0,38,0
0.780000000,0.800000000,1787652732.166280,40,50.000,110.852003,30.253300,0,0,0,0,0,0.424870039,1500,1500,1424.87004,1500,1500,1000,1900,1000,980,1500,1500,1500,1500,40,80,0,39,0
0.800000000,0.820000000,1787652732.259138,41,50.000,92.857838,18.277000,0,0,0,0,0,0.425502147,1500,1500,1425.50215,1500,1500,1000,1900,1000,980,1500,1500,1500,1500,41,82,0,40,0
0.820000000,0.840000000,1787652732.366816,42,50.000,107.677937,25.691500,0,0,0,0,0,0.426130452,1500,1500,1426.13045,1500,1500,1000,1900,1000,980,1500,1500,1500,1500,42,84,0,41,0
0.840000000,0.860000000,1787652732.461231,43,50.000,94.415188,19.534900,0,0,0,0,0,0.426754821,1500,1500,1426.75482,1500,1500,1000,1900,1000,980,1500,1500,1500,1500,43,86,0,42,0
0.860000000,0.880000000,1787652732.553605,44,50.000,92.374086,19.142600,0,0,0,0,0,0.427375121,1500,1500,1427.37512,1500,1500,1000,1900,1000,980,1500,1500,1500,1500,44,88,0,43,0
0.880000000,0.900000000,1787652732.646648,45,50.000,93.042850,20.417600,0,0,0,0,0,0.427991221,1500,1500,1427.99122,1500,1500,1000,1900,1000,980,1500,1500,1500,1500,45,90,0,44,0
0.900000000,0.920000000,1787652732.756706,46,50.000,110.058069,23.255200,0,0,0,0,0,0.428602989,1500,1500,1428.60299,1500,1500,1000,1900,1000,980,1500,1500,1500,1500,46,92,0,45,0
0.920000000,0.940000000,1787652732.864550,47,50.000,107.844114,27.982600,0,0,0,0,0,0.429210296,1500,1500,1429.2103,1500,1500,1000,1900,1000,980,1500,1500,1500,1500,47,94,0,46,0
0.940000000,0.960000000,1787652732.975590,48,50.000,111.039877,25.420800,0,0,0,0,0,0.429813014,1500,1500,1429.81301,1500,1500,1000,1900,1000,980,1500,1500,1500,1500,48,96,0,47,0
0.960000000,0.980000000,1787652733.082578,49,50.000,106.987953,28.907400,0,0,0,0,0,0.430411017,1500,1500,1430.41102,1500,1500,1000,1900,1000,980,1500,1500,1500,1500,49,98,0,48,0
0.980000000,1.000000000,1787652733.174526,50,50.000,91.948032,18.592900,0,0,0,0,0,0.431004178,1500,1500,1431.00418,1500,1500,1000,1900,1000,980,1500,1500,1500,1500,50,100,0,49,0
1.000000000,1.020000000,1787652733.297481,51,50.000,122.955084,30.535600,0,0,0,0,0,0.431592373,1500,1500,1431.59237,1500,1500,1000,1900,1000,980,1500,1500,1500,1500,51,102,0,50,0
1.020000000,1.040000000,1787652733.390551,52,50.000,93.070030,18.222600,0,0,0,0,0,0.432175479,1500,1500,1432.17548,1500,1500,1000,1900,1000,980,1500,1500,1500,1500,52,104,0,51,0
1.040000000,1.060000000,1787652733.484603,53,50.000,94.051838,18.863100,0,0,0,0,0,0.432753374,1500,1500,1432.75337,1500,1500,1000,1900,1000,980,1500,1500,1500,1500,53,106,0,52,0
1.060000000,1.080000000,1787652733.593868,54,50.000,109.265089,28.050300,0,0,0,0,0,0.433325937,1500,1500,1433.32594,1500,1500,1000,1900,1000,980,1500,1500,1500,1500,54,108,0,53,0
1.080000000,1.100000000,1787652733.687622,55,50.000,93.754053,18.928900,0,0,0,0,0,0.43389305,1500,1500,1433.89305,1500,1500,1000,1900,1000,980,1500,1500,1500,1500,55,110,0,54,0
1.100000000,1.120000000,1787652733.813296,56,50.000,125.673771,28.734000,0,0,0,0,0,0.434454596,1500,1500,1434.4546,1500,1500,1000,1900,1000,980,1500,1500,1500,1500,56,112,0,55,0
1.120000000,1.140000000,1787652733.920697,57,50.000,107.401133,19.766800,0,0,0,0,0,0.435010456,1500,1500,1435.01046,1500,1500,1000,1900,1000,980,1500,1500,1500,1500,57,114,0,56,0
1.140000000,1.160000000,1787652734.030634,58,50.000,109.936953,23.554200,0,0,0,0,0,0.435560518,1500,1500,1435.56052,1500,1500,1000,1900,1000,980,1500,1500,1500,1500,58,116,0,57,0
1.160000000,1.180000000,1787652734.139508,59,50.000,108.874083,24.748100,0,0,0,0,0,0.436104666,1500,1500,1436.10467,1500,1500,1000,1900,1000,980,1500,1500,1500,1500,59,118,0,58,0
1.180000000,1.200000000,1787652734.250726,60,50.000,111.217976,23.110700,0,0,0,0,0,0.436642789,1500,1500,1436.64279,1500,1500,1000,1900,1000,980,1500,1500,1500,1500,60,120,0,59,0
1.200000000,1.220000000,1787652734.360114,61,50.000,109.388113,24.149700,0,0,0,0,0,0.437174777,1500,1500,1437.17478,1500,1500,1000,1900,1000,980,1500,1500,1500,1500,61,122,0,60,0
1.220000000,1.240000000,1787652734.466375,62,50.000,106.261015,18.011700,0,0,0,0,0,0.437700519,1500,1500,1437.70052,1500,1500,1000,1900,1000,980,1500,1500,1500,1500,62,124,0,61,0
1.240000000,1.260000000,1787652734.592632,63,50.000,126.256943,33.012200,0,0,0,0,0,0.438219908,1500,1500,1438.21991,1500,1500,1000,1900,1000,980,1500,1500,1500,1500,63,126,0,62,0
1.260000000,1.280000000,1787652734.716484,64,50.000,123.851776,31.048000,0,0,0,0,0,0.438732837,1500,1500,1438.73284,1500,1500,1000,1900,1000,980,1500,1500,1500,1500,64,128,0,63,0
1.280000000,1.300000000,1787652734.826679,65,50.000,110.195160,25.575200,0,0,0,0,0,0.439239203,1500,1500,1439.2392,1500,1500,1000,1900,1000,980,1500,1500,1500,1500,65,130,0,64,0
1.300000000,1.320000000,1787652734.953139,66,50.000,126.459837,21.683000,0,0,0,0,0,0.4397389,1500,1500,1439.7389,1500,1500,1000,1900,1000,980,1500,1500,1500,1500,66,132,0,65,0
1.320000000,1.340000000,1787652735.077401,67,50.000,124.262094,30.173700,0,0,0,0,0,0.440231827,1500,1500,1440.23183,1500,1500,1000,1900,1000,980,1500,1500,1500,1500,67,134,0,66,0
1.340000000,1.360000000,1787652735.185990,68,50.000,108.589172,21.988900,0,0,0,0,0,0.440717884,1500,1500,1440.71788,1500,1500,1000,1900,1000,980,1500,1500,1500,1500,68,136,0,67,0
1.360000000,1.380000000,1787652735.295279,69,50.000,109.288931,30.349600,0,0,0,0,0,0.441196972,1500,1500,1441.19697,1500,1500,1000,1900,1000,980,1500,1500,1500,1500,69,138,0,68,0
1.380000000,1.400000000,1787652735.404075,70,50.000,108.795881,32.322300,0,0,0,0,0,0.441668994,1500,1500,1441.66899,1500,1500,1000,1900,1000,980,1500,1500,1500,1500,70,140,0,69,0
1.400000000,1.420000000,1787652735.513410,71,50.000,109.334946,28.230800,0,0,0,0,0,0.442133853,1500,1500,1442.13385,1500,1500,1000,1900,1000,980,1500,1500,1500,1500,71,142,0,70,0
1.420000000,1.440000000,1787652735.607707,72,50.000,94.297171,18.385000,0,0,0,0,0,0.442591456,1500,1500,1442.59146,1500,1500,1000,1900,1000,980,1500,1500,1500,1500,72,144,0,71,0
1.440000000,1.460000000,1787652735.716623,73,50.000,108.916044,31.942800,0,0,0,0,0,0.443041709,1500,1500,1443.04171,1500,1500,1000,1900,1000,980,1500,1500,1500,1500,73,146,0,72,0
1.460000000,1.480000000,1787652735.809702,74,50.000,93.078852,22.378300,0,0,0,0,0,0.443484523,1500,1500,1443.48452,1500,1500,1000,1900,1000,980,1500,1500,1500,1500,74,148,0,73,0
1.480000000,1.500000000,1787652735.902917,75,50.000,93.214989,19.251900,0,0,0,0,0,0.443919808,1500,1500,1443.91981,1500,1500,1000,1900,1000,980,1500,1500,1500,1500,75,150,0,74,0
1.500000000,1.520000000,1787652735.995726,76,50.000,92.809200,20.691200,0,0,0,0,0,0.444347476,1500,1500,1444.34748,1500,1500,1000,1900,1000,980,1500,1500,1500,1500,76,152,0,75,0
1.520000000,1.540000000,1787652736.090826,77,50.000,95.099926,23.262900,0,0,0,0,0,0.444767441,1500,1500,1444.76744,1500,1500,1000,1900,1000,980,1500,1500,1500,1500,77,154,0,76,0
1.540000000,1.560000000,1787652736.185814,78,50.000,94.987869,20.982900,0,0,0,0,0,0.445179619,1500,1500,1445.17962,1500,1500,1000,1900,1000,980,1500,1500,1500,1500,78,156,0,77,0
1.560000000,1.580000000,1787652736.278973,79,50.000,93.158960,22.198300,0,0,0,0,0,0.445583928,1500,1500,1445.58393,1500,1500,1000,1900,1000,980,1500,1500,1500,1500,79,158,0,78,0
1.580000000,1.600000000,1787652736.375000,80,50.000,96.027136,22.949400,0,0,0,0,0,0.445980287,1500,1500,1445.98029,1500,1500,1000,1900,1000,980,1500,1500,1500,1500,80,160,0,79,0
1.600000000,1.620000000,1787652736.460542,81,50.000,85.541964,12.211000,0,0,0,0,0,0.446368616,1500,1500,1446.36862,1500,1500,1000,1900,1000,980,1500,1500,1500,1500,81,162,0,80,0
1.620000000,1.640000000,1787652736.547543,82,50.000,87.001085,11.670700,0,0,0,0,0,0.44674884,1500,1500,1446.74884,1500,1500,1000,1900,1000,980,1500,1500,1500,1500,82,164,0,81,0
1.640000000,1.660000000,1787652736.641694,83,50.000,94.151020,14.802000,0,0,0,0,0,0.447120881,1500,1500,1447.12088,1500,1500,1000,1900,1000,980,1500,1500,1500,1500,83,166,0,82,0
1.660000000,1.680000000,1787652736.727995,84,50.000,86.301088,12.346100,0,0,0,0,0,0.447484667,1500,1500,1447.48467,1500,1500,1000,1900,1000,980,1500,1500,1500,1500,84,168,0,83,0
1.680000000,1.700000000,1787652736.817153,85,50.000,89.157820,14.448000,0,0,0,0,0,0.447840125,1500,1500,1447.84013,1500,1500,1000,1900,1000,980,1500,1500,1500,1500,85,170,0,84,0
1.700000000,1.720000000,1787652736.907308,86,50.000,90.155125,14.379700,0,0,0,0,0,0.448187187,1500,1500,1448.18719,1500,1500,1000,1900,1000,980,1500,1500,1500,1500,86,172,0,85,0
1.720000000,1.740000000,1787652736.995344,87,50.000,88.035822,11.809300,0,0,0,0,0,0.448525783,1500,1500,1448.52578,1500,1500,1000,1900,1000,980,1500,1500,1500,1500,87,174,0,86,0
1.740000000,1.760000000,1787652737.081533,88,50.000,86.189032,12.139800,0,0,0,0,0,0.448855848,1500,1500,1448.85585,1500,1500,1000,1900,1000,980,1500,1500,1500,1500,88,176,0,87,0
1.760000000,1.780000000,1787652737.170370,89,50.000,88.837147,13.068900,0,0,0,0,0,0.449177317,1500,1500,1449.17732,1500,1500,1000,1900,1000,980,1500,1500,1500,1500,89,178,0,88,0
1.780000000,1.800000000,1787652737.257790,90,50.000,87.419987,13.494100,0,0,0,0,0,0.449490128,1500,1500,1449.49013,1500,1500,1000,1900,1000,980,1500,1500,1500,1500,90,180,0,89,0
1.800000000,1.820000000,1787652737.344733,91,50.000,86.942911,13.502400,0,0,0,0,0,0.44979422,1500,1500,1449.79422,1500,1500,1000,1900,1000,980,1500,1500,1500,1500,91,182,0,90,0
1.820000000,1.840000000,1787652737.434774,92,50.000,90.040922,13.781800,0,0,0,0,0,0.450089534,1500,1500,1450.08953,1500,1500,1000,1900,1000,980,1500,1500,1500,1500,92,184,0,91,0
1.840000000,1.860000000,1787652737.524886,93,50.000,90.111971,11.703300,0,0,0,0,0,0.450376015,1500,1500,1450.37602,1500,1500,1000,1900,1000,980,1500,1500,1500,1500,93,186,0,92,0
1.860000000,1.880000000,1787652737.614864,94,50.000,89.978218,14.305500,0,0,0,0,0,0.450653608,1500,1500,1450.65361,1500,1500,1000,1900,1000,980,1500,1500,1500,1500,94,188,0,93,0
1.880000000,1.900000000,1787652737.705356,95,50.000,90.491772,12.894100,0,0,0,0,0,0.450922259,1500,1500,1450.92226,1500,1500,1000,1900,1000,980,1500,1500,1500,1500,95,190,0,94,0
1.900000000,1.920000000,1787652737.792561,96,50.000,87.205172,12.373600,0,0,0,0,0,0.451181918,1500,1500,1451.18192,1500,1500,1000,1900,1000,980,1500,1500,1500,1500,96,192,0,95,0
1.920000000,1.940000000,1787652737.879621,97,50.000,87.059975,12.941500,0,0,0,0,0,0.451432536,1500,1500,1451.43254,1500,1500,1000,1900,1000,980,1500,1500,1500,1500,97,194,0,96,0
1.940000000,1.960000000,1787652737.973492,98,50.000,93.870878,11.977700,0,0,0,0,0,0.451674067,1500,1500,1451.67407,1500,1500,1000,1900,1000,980,1500,1500,1500,1500,98,196,0,97,0
1.960000000,1.980000000,1787652738.066913,99,50.000,93.421221,14.836000,0,0,0,0,0,0.451906465,1500,1500,1451.90647,1500,1500,1000,1900,1000,980,1500,1500,1500,1500,99,198,0,98,0
1.980000000,2.000000000,1787652738.152487,100,50.000,85.573912,13.247600,0,0,0,0,0,0.452129689,1500,1500,1452.12969,1500,1500,1000,1900,1000,980,1500,1500,1500,1500,100,200,0,99,0
2.000000000,2.020000000,1787652738.249965,101,50.000,97.478151,11.806500,0,0,0,0,0,0.452343696,1500,1500,1452.3437,1500,1500,1000,1900,1000,980,1500,1500,1500,1500,101,202,0,100,0
2.020000000,2.040000000,1787652738.352008,102,50.000,102.042913,16.252500,0,0,0,0,0,0.45254845,1500,1500,1452.54845,1500,1500,1000,1900,1000,980,1500,1500,1500,1500,102,204,0,101,0
2.040000000,2.060000000,1787652738.443580,103,50.000,91.572046,12.993500,0,0,0,0,0,0.452743913,1500,1500,1452.74391,1500,1500,1000,1900,1000,980,1500,1500,1500,1500,103,206,0,102,0
2.060000000,2.080000000,1787652738.532720,104,50.000,89.139938,12.567500,0,0,0,0,0,0.45293005,1500,1500,1452.93005,1500,1500,1000,1900,1000,980,1500,1500,1500,1500,104,208,0,103,0
2.080000000,2.100000000,1787652738.620536,105,50.000,87.815762,13.406100,0,0,0,0,0,0.453106829,1500,1500,1453.10683,1500,1500,1000,1900,1000,980,1500,1500,1500,1500,105,210,0,104,0
2.100000000,2.120000000,1787652738.711560,106,50.000,91.024160,13.749500,0,0,0,0,0,0.45327422,1500,1500,1453.27422,1500,1500,1000,1900,1000,980,1500,1500,1500,1500,106,212,0,105,0
2.120000000,2.140000000,1787652738.800784,107,50.000,89.223862,13.051000,0,0,0,0,0,0.453432194,1500,1500,1453.43219,1500,1500,1000,1900,1000,980,1500,1500,1500,1500,107,214,0,106,0
2.140000000,2.160000000,1787652738.890723,108,50.000,89.939117,12.654100,0,0,0,0,0,0.453580726,1500,1500,1453.58073,1500,1500,1000,1900,1000,980,1500,1500,1500,1500,108,216,0,107,0
2.160000000,2.180000000,1787652738.977185,109,50.000,86.462021,13.471000,0,0,0,0,0,0.453719789,1500,1500,1453.71979,1500,1500,1000,1900,1000,980,1500,1500,1500,1500,109,218,0,108,0
2.180000000,2.200000000,1787652739.073225,110,50.000,96.040010,14.069200,0,0,0,0,0,0.453849364,1500,1500,1453.84936,1500,1500,1000,1900,1000,1396,1410,1410,1410,1410,110,220,0,109,0
2.200000000,2.220000000,1787652739.166405,111,50.000,93.179941,14.498100,0,0,0,0,0,0.453969429,1500,1500,1453.96943,1500,1500,1000,1900,1000,1396,1410,1410,1410,1410,111,222,0,110,0
2.220000000,2.240000000,1787652739.254392,112,50.000,87.987185,12.218200,0,0,0,0,0,0.45293133,1500,1500,1452.93133,1500,1500,1000,1900,1000,1396,1410,1410,1410,1410,112,224,0,111,0
2.240000000,2.260000000,1787652739.340665,113,50.000,86.272955,13.178300,0,0,0,0,0,0.451903687,1500,1500,1451.90369,1500,1500,1000,1900,1000,1395,1410,1410,1410,1410,113,226,0,112,0
2.260000000,2.280000000,1787652739.444750,114,50.000,104.084969,26.676900,0,0,0,0,0,0.450868899,1500,1500,1450.8689,1500,1500,1000,1900,1000,1394,1410,1410,1410,1410,114,228,0,113,0
2.280000000,2.300000000,1787652739.531286,115,50.000,86.535931,12.676700,0,0,0,0,0,0.449836592,1500,1500,1449.83659,1500,1500,1000,1900,1000,1394,1410,1410,1410,1410,115,230,0,114,0
2.300000000,2.320000000,1787652739.617651,116,50.000,86.364985,12.008100,0,0,0,0,0,0.448806817,1500,1500,1448.80682,1500,1500,1000,1900,1000,1393,1410,1410,1410,1410,116,232,0,115,0
2.320000000,2.340000000,1787652739.710595,117,50.000,92.943907,13.404100,0,0,0,0,0,0.447770686,1500,1500,1447.77069,1500,1500,1000,1900,1000,1392,1410,1410,1410,1410,117,234,0,116,0
2.340000000,2.360000000,1787652739.800651,118,50.000,90.055943,15.351300,0,0,0,0,0,0.446737582,1500,1500,1446.73758,1500,1500,1000,1900,1000,1391,1410,1410,1410,1410,118,236,0,117,0
2.360000000,2.380000000,1787652739.886516,119,50.000,85.865259,12.642300,0,0,0,0,0,0.445707504,1500,1500,1445.7075,1500,1500,1000,1900,1000,1390,1410,1410,1410,1410,119,238,0,118,0
2.380000000,2.400000000,1787652739.972636,120,50.000,86.119890,14.255700,0,0,0,0,0,0.444680563,1500,1500,1444.68056,1500,1500,1000,1900,1000,1389,1410,1410,1410,1410,120,240,0,119,0
2.400000000,2.420000000,1787652740.064392,121,50.000,91.756105,16.982700,0,0,0,0,0,0.443656861,1500,1500,1443.65686,1500,1500,1000,1900,1000,1388,1410,1410,1410,1410,121,242,0,120,0
2.420000000,2.440000000,1787652740.139554,122,50.000,75.161934,1.870100,0,0,0,0,0,0.442636496,1500,1500,1442.6365,1500,1500,1000,1900,1000,1387,1410,1410,1410,1410,122,244,0,121,0
2.440000000,2.460000000,1787652740.225208,123,50.000,85.654020,13.969200,0,0,0,0,0,0.441619558,1500,1500,1441.61956,1500,1500,1000,1900,1000,1386,1410,1410,1410,1410,123,246,0,122,0
2.460000000,2.480000000,1787652740.310536,124,50.000,85.327864,12.766500,0,0,0,0,0,0.44060614,1500,1500,1440.60614,1500,1500,1000,1900,1000,1385,1410,1410,1410,1410,124,248,0,123,0
2.480000000,2.500000000,1787652740.396375,125,50.000,85.839033,14.330100,0,0,0,0,0,0.439596332,1500,1500,1439.59633,1500,1500,1000,1900,1000,1384,1410,1410,1410,1410,125,250,0,124,0
2.500000000,2.520000000,1787652740.481190,126,50.000,84.815025,13.476500,0,0,0,0,0,0.438590224,1500,1500,1438.59022,1500,1500,1000,1900,1000,1383,1410,1410,1410,1410,126,252,0,125,0
2.520000000,2.540000000,1787652740.566077,127,50.000,84.887028,14.027000,0,0,0,0,0,0.437587909,1500,1500,1437.58791,1500,1500,1000,1900,1000,1382,1410,1410,1410,1410,127,254,0,126,0
2.540000000,2.560000000,1787652740.650354,128,50.000,84.276915,14.162000,0,0,0,0,0,0.436589484,1500,1500,1436.58948,1500,1500,1000,1900,1000,1382,1410,1410,1410,1410,128,256,0,127,0
2.560000000,2.580000000,1787652740.736177,129,50.000,85.823059,13.031100,0,0,0,0,0,0.435595046,1500,1500,1435.59505,1500,1500,1000,1900,1000,1381,1410,1410,1410,1410,129,258,0,128,0
2.580000000,2.600000000,1787652740.823055,130,50.000,86.878061,13.848100,0,0,0,0,0,0.434596387,1500,1500,1434.59639,1500,1500,1000,1900,1000,1380,1410,1410,1410,1410,130,260,0,129,0
2.600000000,2.620000000,1787652740.897486,131,50.000,74.430943,1.718900,0,0,0,0,0,0.433602095,1500,1500,1433.6021,1500,1500,1000,1900,1000,1379,1410,1410,1410,1410,131,262,0,130,0
2.620000000,2.640000000,1787652740.982514,132,50.000,85.027933,12.318800,0,0,0,0,0,0.432612177,1500,1500,1432.61218,1500,1500,1000,1900,1000,1378,1410,1410,1410,1410,132,264,0,131,0
2.640000000,2.660000000,1787652741.066168,133,50.000,83.654165,11.868000,0,0,0,0,0,0.431626744,1500,1500,1431.62674,1500,1500,1000,1900,1000,1377,1410,1410,1410,1410,133,266,0,132,0
2.660000000,2.680000000,1787652741.149033,134,50.000,82.865000,11.577600,0,0,0,0,0,0.430645912,1500,1500,1430.64591,1500,1500,1000,1900,1000,1376,1410,1410,1410,1410,134,268,0,133,0
2.680000000,2.700000000,1787652741.234044,135,50.000,85.010767,12.947500,0,0,0,0,0,0.429669798,1500,1500,1429.6698,1500,1500,1000,1900,1000,1375,1410,1410,1410,1410,135,270,0,134,0
2.700000000,2.720000000,1787652741.318823,136,50.000,84.779263,13.612200,0,0,0,0,0,0.428698521,1500,1500,1428.69852,1500,1500,1000,1900,1000,1374,1410,1410,1410,1410,136,272,0,135,0
2.720000000,2.740000000,1787652741.401121,137,50.000,82.298040,11.974700,0,0,0,0,0,0.427732204,1500,1500,1427.7322,1500,1500,1000,1900,1000,1373,1410,1410,1410,1410,137,274,0,136,0
2.740000000,2.760000000,1787652741.489996,138,50.000,88.875055,13.730400,0,0,0,0,0,0.426770969,1500,1500,1426.77097,1500,1500,1000,1900,1000,1372,1410,1410,1410,1410,138,276,0,137,0
2.760000000,2.780000000,1787652741.573223,139,50.000,83.226681,12.432300,0,0,0,0,0,0.425814941,1500,1500,1425.81494,1500,1500,1000,1900,1000,1371,1410,1410,1410,1410,139,278,0,138,0
2.780000000,2.800000000,1787652741.658669,140,50.000,85.446119,13.034300,0,0,0,0,0,0.424864248,1500,1500,1424.86425,1500,1500,1000,1900,1000,1371,1410,1410,1410,1410,140,280,0,139,0
2.800000000,2.820000000,1787652741.746525,141,50.000,87.855816,14.723000,0,0,0,0,0,0.423919015,1500,1500,1423.91902,1500,1500,1000,1900,1000,1370,1410,1410,1410,1410,141,282,0,140,0
2.820000000,2.840000000,1787652741.832505,142,50.000,85.980177,12.546600,0,0,0,0,0,0.42297169,1500,1500,1422.97169,1500,1500,1000,1900,1000,1369,1410,1410,1410,1410,142,284,0,141,0
2.840000000,2.860000000,1787652741.920033,143,50.000,87.527990,13.728700,0,0,0,0,0,0.422030236,1500,1500,1422.03024,1500,1500,1000,1900,1000,1368,1410,1410,1410,1410,143,286,0,142,0
2.860000000,2.880000000,1787652742.002271,144,50.000,82.237959,11.922100,0,0,0,0,0,0.421094697,1500,1500,1421.0947,1500,1500,1000,1900,1000,1368,1410,1410,1410,1410,144,288,0,143,0
2.880000000,2.900000000,1787652742.096966,145,50.000,94.695091,15.231100,0,0,0,0,0,0.420165203,1500,1500,1420.1652,1500,1500,1000,1900,1000,1367,1410,1410,1410,1410,145,290,0,144,0
2.900000000,2.920000000,1787652742.183501,146,50.000,86.534977,12.110000,0,0,0,0,0,0.419234369,1500,1500,1419.23437,1500,1500,1000,1900,1000,1366,1410,1410,1410,1410,146,292,0,145,0
2.920000000,2.940000000,1787652742.268228,147,50.000,84.727049,11.655400,0,0,0,0,0,0.418309987,1500,1500,1418.30999,1500,1500,1000,1900,1000,1365,1410,1410,1410,1410,147,294,0,146,0
2.940000000,2.960000000,1787652742.357755,148,50.000,89.526892,13.537600,0,0,0,0,0,0.417392106,1500,1500,1417.39211,1500,1500,1000,1900,1000,1364,1410,1410,1410,1410,148,296,0,147,0
2.960000000,2.980000000,1787652742.454292,149,50.000,96.537113,13.228400,0,0,0,0,0,0.416480854,1500,1500,1416.48085,1500,1500,1000,1900,1000,1363,1410,1410,1410,1410,149,298,0,148,0
2.980000000,3.000000000,1787652742.550184,150,50.000,95.891953,13.414500,0,0,0,0,0,0.41557636,1500,1500,1415.57636,1500,1500,1000,1900,1000,1362,1410,1410,1410,1410,150,300,0,149,0
3.000000000,3.020000000,1787652742.648316,151,50.000,98.131895,12.309300,0,0,0,0,0,0.41467875,1500,1500,1414.67875,1500,1500,1000,1900,1000,1361,1410,1410,1410,1410,151,302,0,150,0
3.020000000,3.040000000,1787652742.751494,152,50.000,103.178024,13.022200,0,0,0,0,0,0.413788151,1500,1500,1413.78815,1500,1500,1000,1900,1000,1360,1410,1410,1410,1410,152,304,0,151,0
3.040000000,3.060000000,1787652742.842573,153,50.000,91.078997,12.867300,0,0,0,0,0,0.412904687,1500,1500,1412.90469,1500,1500,1000,1900,1000,1359,1410,1410,1410,1410,153,306,0,152,0
3.060000000,3.080000000,1787652742.933640,154,50.000,91.067076,13.555600,0,0,0,0,0,0.412028481,1500,1500,1412.02848,1500,1500,1000,1900,1000,1359,1410,1410,1410,1410,154,308,0,153,0
3.080000000,3.100000000,1787652743.020877,155,50.000,87.236881,13.812500,0,0,0,0,0,0.411159656,1500,1500,1411.15966,1500,1500,1000,1900,1000,1359,1410,1410,1410,1410,155,310,0,154,0
3.100000000,3.120000000,1787652743.109133,156,50.000,88.256121,12.826600,0,0,0,0,0,0.410291286,1500,1500,1410.29129,1500,1500,1000,1900,1000,1358,1410,1410,1410,1410,156,312,0,155,0
3.120000000,3.140000000,1787652743.208481,157,50.000,99.348068,13.093100,0,0,0,0,0,0.409423629,1500,1500,1409.42363,1500,1500,1000,1900,1000,1357,1410,1410,1410,1410,157,314,0,156,0
3.140000000,3.160000000,1787652743.309665,158,50.000,101.183891,12.783000,0,0,0,0,0,0.408563907,1500,1500,1408.56391,1500,1500,1000,1900,1000,1356,1410,1410,1410,1410,158,316,0,157,0
3.160000000,3.180000000,1787652743.402615,159,50.000,92.950106,15.112400,0,0,0,0,0,0.407712164,1500,1500,1407.71216,1500,1500,1000,1900,1000,1355,1410,1410,1410,1410,159,318,0,158,0
3.180000000,3.200000000,1787652743.490496,160,50.000,87.881088,13.105000,0,0,0,0,0,0.40686852,1500,1500,1406.86852,1500,1500,1000,1900,1000,1354,1410,1410,1410,1410,160,320,0,159,0
3.200000000,3.220000000,1787652743.580169,161,50.000,89.672804,12.605600,0,0,0,0,0,0.406033089,1500,1500,1406.03309,1500,1500,1000,1900,1000,1353,1410,1410,1410,1410,161,322,0,160,0
3.220000000,3.240000000,1787652743.667156,162,50.000,86.987019,12.724900,0,0,0,0,0,0.405205985,1500,1500,1405.20599,1500,1500,1000,1900,1000,1353,1410,1410,1410,1410,162,324,0,161,0
3.240000000,3.260000000,1787652743.755138,163,50.000,87.981939,12.986700,0,0,0,0,0,0.404387319,1500,1500,1404.38732,1500,1500,1000,1900,1000,1352,1410,1410,1410,1410,163,326,0,162,0
3.260000000,3.280000000,1787652743.840168,164,50.000,85.030079,12.575500,0,0,0,0,0,0.40357046,1500,1500,1403.57046,1500,1500,1000,1900,1000,1351,1410,1410,1410,1410,164,328,0,163,0
3.280000000,3.300000000,1787652743.931350,165,50.000,91.181993,15.819100,0,0,0,0,0,0.402762382,1500,1500,1402.76238,1500,1500,1000,1900,1000,1350,1410,1410,1410,1410,165,330,0,164,0
3.300000000,3.320000000,1787652744.015387,166,50.000,84.037066,12.763400,0,0,0,0,0,0.401963127,1500,1500,1401.96313,1500,1500,1000,1900,1000,1349,1410,1410,1410,1410,166,332,0,165,0
3.320000000,3.340000000,1787652744.087312,167,50.000,71.924925,1.688400,0,0,0,0,0,0.401172802,1500,1500,1401.1728,1500,1500,1000,1900,1000,1348,1410,1410,1410,1410,167,334,0,166,0
3.340000000,3.360000000,1787652744.175161,168,50.000,87.848902,12.484000,0,0,0,0,0,0.400391511,1500,1500,1400.39151,1500,1500,1000,1900,1000,1348,1410,1410,1410,1410,168,336,0,167,0
3.360000000,3.380000000,1787652744.258927,169,50.000,83.766222,12.988600,0,0,0,0,0,0.399619356,1500,1500,1399.61936,1500,1500,1000,1900,1000,1348,1410,1410,1410,1410,169,338,0,168,0
3.380000000,3.400000000,1787652744.348068,170,50.000,89.140892,14.060200,0,0,0,0,0,0.398849936,1500,1500,1398.84994,1500,1500,1000,1900,1000,1347,1410,1410,1410,1410,170,340,0,169,0
3.400000000,3.420000000,1787652744.436258,171,50.000,88.190079,12.776300,0,0,0,0,0,0.398083472,1500,1500,1398.08347,1500,1500,1000,1900,1000,1346,1410,1410,1410,1410,171,342,0,170,0
3.420000000,3.440000000,1787652744.523415,172,50.000,87.157011,14.078000,0,0,0,0,0,0.397326616,1500,1500,1397.32662,1500,1500,1000,1900,1000,1346,1410,1410,1410,1410,172,344,0,171,0
3.440000000,3.460000000,1787652744.608162,173,50.000,84.747076,12.025200,0,0,0,0,0,0.396579405,1500,1500,1396.5794,1500,1500,1000,1900,1000,1345,1410,1410,1410,1410,173,346,0,172,0
3.460000000,3.480000000,1787652744.692992,174,50.000,84.829807,11.706600,0,0,0,0,0,0.395835532,1500,1500,1395.83553,1500,1500,1000,1900,1000,1344,1410,1410,1410,1410,174,348,0,173,0
3.480000000,3.500000000,1787652744.781930,175,50.000,88.937998,16.378300,0,0,0,0,0,0.395101609,1500,1500,1395.10161,1500,1500,1000,1900,1000,1343,1410,1410,1410,1410,175,350,0,174,0
3.500000000,3.520000000,1787652744.868437,176,50.000,86.507082,13.225200,0,0,0,0,0,0.394377671,1500,1500,1394.37767,1500,1500,1000,1900,1000,1343,1410,1410,1410,1410,176,352,0,175,0
3.520000000,3.540000000,1787652744.954262,177,50.000,85.824966,12.416300,0,0,0,0,0,0.393663807,1500,1500,1393.66381,1500,1500,1000,1900,1000,1342,1410,1410,1410,1410,177,354,0,176,0
3.540000000,3.560000000,1787652745.041154,178,50.000,86.892128,12.055700,0,0,0,0,0,0.392953843,1500,1500,1392.95384,1500,1500,1000,1900,1000,1341,1410,1410,1410,1410,178,356,0,177,0
3.560000000,3.580000000,1787652745.123969,179,50.000,82.814932,12.474600,0,0,0,0,0,0.392254241,1500,1500,1392.25424,1500,1500,1000,1900,1000,1340,1410,1410,1410,1410,179,358,0,178,0
3.580000000,3.600000000,1787652745.208965,180,50.000,84.995985,12.434300,0,0,0,0,0,0.391565031,1500,1500,1391.56503,1500,1500,1000,1900,1000,1340,1410,1410,1410,1410,180,360,0,179,0
3.600000000,3.620000000,1787652745.297943,181,50.000,88.978052,14.433100,0,0,0,0,0,0.390886296,1500,1500,1390.8863,1500,1500,1000,1900,1000,1339,1410,1410,1410,1410,181,362,0,180,0
3.620000000,3.640000000,1787652745.382675,182,50.000,84.731817,12.097300,0,0,0,0,0,0.390211992,1500,1500,1390.21199,1500,1500,1000,1900,1000,1338,1410,1410,1410,1410,182,364,0,181,0
3.640000000,3.660000000,1787652745.468062,183,50.000,85.386992,11.915900,0,0,0,0,0,0.389548433,1500,1500,1389.54843,1500,1500,1000,1900,1000,1338,1410,1410,1410,1410,183,366,0,182,0
3.660000000,3.680000000,1787652745.555047,184,50.000,86.985111,12.397200,0,0,0,0,0,0.388895645,1500,1500,1388.89565,1500,1500,1000,1900,1000,1337,1410,1410,1410,1410,184,368,0,183,0
3.680000000,3.700000000,1787652745.639887,185,50.000,84.839821,13.299400,0,0,0,0,0,0.388247667,1500,1500,1388.24767,1500,1500,1000,1900,1000,1336,1410,1410,1410,1410,185,370,0,184,0
3.700000000,3.720000000,1787652745.728870,186,50.000,88.983297,14.141400,0,0,0,0,0,0.387610717,1500,1500,1387.61072,1500,1500,1000,1900,1000,1336,1410,1410,1410,1410,186,372,0,185,0
3.720000000,3.740000000,1787652745.814097,187,50.000,85.226774,13.174400,0,0,0,0,0,0.386984817,1500,1500,1386.98482,1500,1500,1000,1900,1000,1336,1410,1410,1410,1410,187,374,0,186,0
3.740000000,3.760000000,1787652745.899971,188,50.000,85.874081,12.902400,0,0,0,0,0,0.386364089,1500,1500,1386.36409,1500,1500,1000,1900,1000,1335,1410,1410,1410,1410,188,376,0,187,0
3.760000000,3.780000000,1787652745.985125,189,50.000,85.154057,11.673400,0,0,0,0,0,0.385748709,1500,1500,1385.74871,1500,1500,1000,1900,1000,1335,1410,1410,1410,1410,189,378,0,188,0
3.780000000,3.800000000,1787652746.069018,190,50.000,83.893061,13.816100,0,0,0,0,0,0.385144745,1500,1500,1385.14474,1500,1500,1000,1900,1000,1334,1410,1410,1410,1410,190,380,0,189,0
3.800000000,3.820000000,1787652746.158045,191,50.000,89.026690,13.603300,0,0,0,0,0,0.384546309,1500,1500,1384.54631,1500,1500,1000,1900,1000,1334,1410,1410,1410,1410,191,382,0,190,0
3.820000000,3.840000000,1787652746.250517,192,50.000,92.472315,12.930500,0,0,0,0,0,0.383959473,1500,1500,1383.95947,1500,1500,1000,1900,1000,1333,1410,1410,1410,1410,192,384,0,191,0
3.840000000,3.860000000,1787652746.336756,193,50.000,86.238861,12.048700,0,0,0,0,0,0.383378393,1500,1500,1383.37839,1500,1500,1000,1900,1000,1332,1410,1410,1410,1410,193,386,0,192,0
3.860000000,3.880000000,1787652746.426773,194,50.000,90.016842,16.203100,0,0,0,0,0,0.382809089,1500,1500,1382.80909,1500,1500,1000,1900,1000,1332,1410,1410,1410,1410,194,388,0,193,0
3.880000000,3.900000000,1787652746.514224,195,50.000,87.451220,13.629300,0,0,0,0,0,0.382251573,1500,1500,1382.25157,1500,1500,1000,1900,1000,1331,1410,1410,1410,1410,195,390,0,194,0
3.900000000,3.920000000,1787652746.601238,196,50.000,87.013960,14.048800,0,0,0,0,0,0.38170013,1500,1500,1381.70013,1500,1500,1000,1900,1000,1331,1410,1410,1410,1410,196,392,0,195,0
3.920000000,3.940000000,1787652746.724388,197,50.000,123.149872,12.566600,0,0,0,0,0,0.381160689,1500,1500,1381.16069,1500,1500,1000,1900,1000,1330,1410,1410,1410,1410,197,394,0,196,0
3.940000000,3.960000000,1787652746.835339,198,50.000,110.951185,11.779700,0,0,0,0,0,0.380627526,1500,1500,1380.62753,1500,1500,1000,1900,1000,1330,1410,1410,1410,1410,198,396,0,197,0
3.960000000,3.980000000,1787652746.949848,199,50.000,114.508867,12.852500,0,0,0,0,0,0.380106521,1500,1500,1380.10652,1500,1500,1000,1900,1000,1329,1410,1410,1410,1410,199,398,0,198,0
3.980000000,4.000000000,1787652747.063946,200,50.000,114.098072,14.843200,0,0,0,0,0,0.379591991,1500,1500,1379.59199,1500,1500,1000,1900,1000,1329,1410,1410,1410,1410,200,400,0,199,0
4.000000000,4.020000000,1787652747.179955,201,50.000,116.008997,12.810600,0,0,0,0,0,0.379089768,1500,1500,1379.08977,1500,1500,1000,1900,1000,1329,1410,1410,1410,1410,201,402,0,200,0
4.020000000,4.040000000,1787652747.290035,202,50.000,110.080004,11.901300,0,0,0,0,0,0.37859421,1500,1500,1378.59421,1500,1500,1000,1900,1000,1328,1410,1410,1410,1410,202,404,0,201,0
4.040000000,4.060000000,1787652747.412813,203,50.000,122.777939,14.220700,0,0,0,0,0,0.378105458,1500,1500,1378.10546,1500,1500,1000,1900,1000,1328,1410,1410,1410,1410,203,406,0,202,0
4.060000000,4.080000000,1787652747.529302,204,50.000,116.489172,14.354800,0,0,0,0,0,0.377629248,1500,1500,1377.62925,1500,1500,1000,1900,1000,1327,1410,1410,1410,1410,204,408,0,203,0
4.080000000,4.100000000,1787652747.648004,205,50.000,118.701696,14.423900,0,0,0,0,0,0.377159976,1500,1500,1377.15998,1500,1500,1000,1900,1000,1326,1410,1410,1410,1410,205,410,0,204,0
4.100000000,4.120000000,1787652747.771365,206,50.000,123.361111,17.694200,0,0,0,0,0,0.376703376,1500,1500,1376.70338,1500,1500,1000,1900,1000,1326,1410,1410,1410,1410,206,412,0,205,0
4.120000000,4.140000000,1787652747.896322,207,50.000,124.957085,13.991500,0,0,0,0,0,0.376259442,1500,1500,1376.25944,1500,1500,1000,1900,1000,1326,1410,1410,1410,1410,207,414,0,206,0
4.140000000,4.160000000,1787652748.007066,208,50.000,110.743999,11.450900,0,0,0,0,0,0.375822694,1500,1500,1375.82269,1500,1500,1000,1900,1000,1325,1409,1409,1555,1409,208,416,0,207,0
4.160000000,4.180000000,1787652748.114972,209,50.000,107.905865,12.269500,0,0,0,0,0,0.375393272,1500,1500,1375.39327,1500,1500,1000,1900,1000,1325,1409,1409,1555,1409,209,418,0,208,0
4.180000000,4.200000000,1787652748.223260,210,50.000,108.288050,12.324900,0,0,0,0,0,0.374976769,1500,1500,1374.97677,1500,1500,1000,1900,1000,1325,1409,1409,1554,1409,210,420,0,209,0
4.200000000,4.220000000,1787652748.340812,211,50.000,117.552042,13.765100,0,0,0,0,0,0.374570451,1500,1500,1374.57045,1500,1500,1000,1900,1000,1324,1409,1409,1553,1409,211,422,0,210,0
4.220000000,4.240000000,1787652748.452357,212,50.000,111.544847,13.307400,0,0,0,0,0,0.374180824,1500,1500,1374.18082,1500,1500,1000,1900,1000,1324,1409,1409,1549,1409,212,424,0,211,0
4.240000000,4.260000000,1787652748.538308,213,50.000,85.951328,14.327500,0,0,0,0,0,0.373822047,1500,1500,1373.82205,1500,1500,1000,1900,1000,1324,1409,1409,1544,1409,213,426,0,212,0
4.260000000,4.280000000,1787652748.628279,214,50.000,89.970827,15.282800,0,0,0,0,0,0.373498507,1500,1500,1373.49851,1500,1500,1000,1900,1000,1323,1409,1409,1536,1409,214,428,0,213,0
4.280000000,4.300000000,1787652748.713241,215,50.000,84.961891,14.022900,0,0,0,0,0,0.373220573,1500,1500,1373.22057,1500,1500,1000,1900,1000,1323,1409,1409,1526,1409,215,430,0,214,0
4.300000000,4.320000000,1787652748.798108,216,50.000,84.867001,13.213100,0,0,0,0,0,0.373003879,1500,1500,1373.00388,1500,1500,1000,1900,1000,1323,1409,1409,1513,1409,216,432,0,215,0
4.320000000,4.340000000,1787652748.880973,217,50.000,82.865000,13.748300,0,0,0,0,0,0.372852543,1500,1500,1372.85254,1500,1500,1000,1900,1000,1323,1409,1409,1500,1409,217,434,0,216,0
4.340000000,4.360000000,1787652748.962245,218,50.000,81.272364,12.331300,0,0,0,0,0,0.372775118,1500,1500,1372.77512,1500,1500,1000,1900,1000,1322,1409,1409,1485,1409,218,436,0,217,0
4.360000000,4.380000000,1787652749.046592,219,50.000,84.346771,13.216900,0,0,0,0,0,0.372778719,1500,1500,1372.77872,1500,1500,1000,1900,1000,1322,1409,1409,1469,1409,219,438,0,218,0
4.380000000,4.400000000,1787652749.127714,220,50.000,81.122160,12.301400,0,0,0,0,0,0.37287424,1500,1500,1372.87424,1500,1500,1000,1900,1000,1322,1409,1409,1453,1409,220,440,0,219,0
4.400000000,4.420000000,1787652749.211838,221,50.000,84.123850,13.632400,0,0,0,0,0,0.373059998,1500,1500,1373.06,1500,1500,1000,1900,1000,1322,1409,1409,1436,1409,221,442,0,220,0
4.420000000,4.440000000,1787652749.294807,222,50.000,82.968950,12.388700,0,0,0,0,0,0.373337977,1500,1500,1373.33798,1500,1500,1000,1900,1000,1323,1409,1409,1421,1409,222,444,0,221,0
4.440000000,4.460000000,1787652749.377848,223,50.000,83.040953,13.301200,0,0,0,0,0,0.373708289,1500,1500,1373.70829,1500,1500,1000,1900,1000,1323,1409,1409,1409,1409,223,446,0,222,0
4.460000000,4.480000000,1787652749.459074,224,50.000,81.226110,11.996000,0,0,0,0,0,0.374163852,1500,1500,1374.16385,1500,1500,1000,1900,1000,1323,1409,1409,1400,1409,224,448,0,223,0
4.480000000,4.500000000,1787652749.545017,225,50.000,85.942984,13.258300,0,0,0,0,0,0.374706711,1500,1500,1374.70671,1500,1500,1000,1900,1000,1324,1409,1409,1392,1409,225,450,0,224,0
4.500000000,4.520000000,1787652749.626065,226,50.000,81.048012,2.434300,0,0,0,0,0,0.375331913,1500,1500,1375.33191,1500,1500,1000,1900,1000,1324,1408,1408,1385,1409,226,452,0,225,0
4.520000000,4.540000000,1787652749.717525,227,50.000,91.459990,14.916100,0,0,0,0,0,0.376027849,1500,1500,1376.02785,1500,1500,1000,1900,1000,1325,1408,1408,1380,1409,227,454,0,226,0
4.540000000,4.560000000,1787652749.804581,228,50.000,87.056160,12.576300,0,0,0,0,0,0.376792823,1500,1500,1376.79282,1500,1500,1000,1900,1000,1325,1408,1408,1376,1409,228,456,0,227,0
4.560000000,4.580000000,1787652749.889401,229,50.000,84.819794,15.189200,0,0,0,0,0,0.377613357,1500,1500,1377.61336,1500,1500,1000,1900,1000,1325,1408,1408,1373,1409,229,458,0,228,0
4.580000000,4.600000000,1787652749.971396,230,50.000,81.995010,12.582700,0,0,0,0,0,0.378486633,1500,1500,1378.48663,1500,1500,1000,1900,1000,1326,1408,1408,1371,1409,230,460,0,229,0
4.600000000,4.620000000,1787652750.054287,231,50.000,82.891226,12.932300,0,0,0,0,0,0.379404017,1500,1500,1379.40402,1500,1500,1000,1900,1000,1327,1408,1408,1371,1409,231,462,0,230,0
4.620000000,4.640000000,1787652750.137441,232,50.000,83.153725,12.011700,0,0,0,0,0,0.380351347,1500,1500,1380.35135,1500,1500,1000,1900,1000,1328,1408,1408,1371,1409,232,464,0,231,0
4.640000000,4.660000000,1787652750.221228,233,50.000,83.787203,12.777100,0,0,0,0,0,0.381320227,1500,1500,1381.32023,1500,1500,1000,1900,1000,1329,1408,1408,1373,1409,233,466,0,232,0
4.660000000,4.680000000,1787652750.303840,234,50.000,82.612038,12.353200,0,0,0,0,0,0.382302633,1500,1500,1382.30263,1500,1500,1000,1900,1000,1330,1408,1408,1375,1409,234,468,0,233,0
4.680000000,4.700000000,1787652750.394805,235,50.000,90.964794,16.055800,0,0,0,0,0,0.383291071,1500,1500,1383.29107,1500,1500,1000,1900,1000,1331,1408,1408,1378,1409,235,470,0,234,0
4.700000000,4.720000000,1787652750.484751,236,50.000,89.946032,14.123300,0,0,0,0,0,0.384278646,1500,1500,1384.27865,1500,1500,1000,1900,1000,1332,1408,1408,1382,1409,236,472,0,235,0
4.720000000,4.740000000,1787652750.573821,237,50.000,89.070082,12.774900,0,0,0,0,0,0.385259088,1500,1500,1385.25909,1500,1500,1000,1900,1000,1333,1408,1408,1386,1409,237,474,0,236,0
4.740000000,4.760000000,1787652750.654045,238,50.000,80.223799,1.799800,0,0,0,0,0,0.386226754,1500,1500,1386.22675,1500,1500,1000,1900,1000,1334,1408,1408,1390,1409,238,476,0,237,0
4.760000000,4.780000000,1787652750.742376,239,50.000,88.331223,12.725800,0,0,0,0,0,0.387176768,1500,1500,1387.17677,1500,1500,1000,1900,1000,1335,1408,1408,1394,1409,239,478,0,238,0
4.780000000,4.800000000,1787652750.826004,240,50.000,83.627701,12.348200,0,0,0,0,0,0.388105016,1500,1500,1388.10502,1500,1500,1000,1900,1000,1336,1408,1408,1399,1409,240,480,0,239,0
4.800000000,4.820000000,1787652750.907320,241,50.000,81.316233,11.852800,0,0,0,0,0,0.389008241,1500,1500,1389.00824,1500,1500,1000,1900,1000,1336,1408,1408,1403,1409,241,482,0,240,0
4.820000000,4.840000000,1787652750.991630,242,50.000,84.309816,13.282400,0,0,0,0,0,0.389883989,1500,1500,1389.88399,1500,1500,1000,1900,1000,1337,1408,1408,1407,1409,242,484,0,241,0
4.840000000,4.860000000,1787652751.073728,243,50.000,82.098246,12.178500,0,0,0,0,0,0.390736664,1500,1500,1390.73666,1500,1500,1000,1900,1000,1337,1408,1408,1410,1409,243,486,0,242,0
4.860000000,4.880000000,1787652751.154800,244,50.000,81.071854,12.788200,0,0,0,0,0,0.391559415,1500,1500,1391.55942,1500,1500,1000,1900,1000,1338,1408,1408,1416,1410,244,488,0,243,0
4.880000000,4.900000000,1787652751.241554,245,50.000,86.754084,13.812500,0,0,0,0,0,0.392358264,1500,1500,1392.35826,1500,1500,1000,1900,1000,1339,1408,1408,1422,1410,245,490,0,244,0
4.900000000,4.920000000,1787652751.323286,246,50.000,81.731796,12.979000,0,0,0,0,0,0.393127704,1500,1500,1393.1277,1500,1500,1000,1900,1000,1340,1408,1408,1426,1410,246,492,0,245,0
4.920000000,4.940000000,1787652751.406400,247,50.000,83.114147,13.183100,0,0,0,0,0,0.393868958,1500,1500,1393.86896,1500,1500,1000,1900,1000,1341,1408,1408,1430,1410,247,494,0,246,0
4.940000000,4.960000000,1787652751.497244,248,50.000,90.843916,13.999100,0,0,0,0,0,0.394583827,1500,1500,1394.58383,1500,1500,1000,1900,1000,1341,1408,1408,1433,1410,248,496,0,247,0
4.960000000,4.980000000,1787652751.582474,249,50.000,85.230350,11.811100,0,0,0,0,0,0.395274568,1500,1500,1395.27457,1500,1500,1000,1900,1000,1342,1408,1408,1434,1410,249,498,0,248,0
4.980000000,5.000000000,1787652751.670263,250,50.000,87.788820,13.099200,0,0,0,0,0,0.39595006,1500,1500,1395.95006,1500,1500,1000,1900,1000,1343,1408,1408,1435,1410,250,500,0,249,0
5.000000000,5.020000000,1787652751.760558,251,50.000,90.295076,14.484700,0,0,0,0,0,0.396607012,1500,1500,1396.60701,1500,1500,1000,1900,1000,1343,1408,1408,1435,1410,251,502,0,250,0
5.020000000,5.040000000,1787652751.849629,252,50.000,89.070797,12.876000,0,0,0,0,0,0.397248552,1500,1500,1397.24855,1500,1500,1000,1900,1000,1344,1408,1408,1434,1410,252,504,0,251,0
5.040000000,5.060000000,1787652751.930837,253,50.000,81.207991,13.169700,0,0,0,0,0,0.397884064,1500,1500,1397.88406,1500,1500,1000,1900,1000,1345,1408,1408,1433,1410,253,506,0,252,0
5.060000000,5.080000000,1787652752.012872,254,50.000,82.035065,12.765200,0,0,0,0,0,0.398510176,1500,1500,1398.51018,1500,1500,1000,1900,1000,1345,1408,1408,1431,1410,254,508,0,253,0
5.080000000,5.100000000,1787652752.095073,255,50.000,82.201004,13.024400,0,0,0,0,0,0.399129754,1500,1500,1399.12975,1500,1500,1000,1900,1000,1346,1408,1408,1428,1410,255,510,0,254,0
5.100000000,5.120000000,1787652752.181869,256,50.000,86.795807,15.633300,0,0,0,0,0,0.399751823,1500,1500,1399.75182,1500,1500,1000,1900,1000,1347,1407,1407,1425,1410,256,512,0,255,0
5.120000000,5.140000000,1787652752.274069,257,50.000,92.200279,13.805400,0,0,0,0,0,0.400372337,1500,1500,1400.37234,1500,1500,1000,1900,1000,1347,1407,1407,1422,1410,257,514,0,256,0
5.140000000,5.160000000,1787652752.357118,258,50.000,83.048820,13.612600,0,0,0,0,0,0.400993508,1500,1500,1400.99351,1500,1500,1000,1900,1000,1348,1407,1407,1418,1410,258,516,0,257,0
5.160000000,5.180000000,1787652752.446049,259,50.000,88.931084,11.680500,0,0,0,0,0,0.401623769,1500,1500,1401.62377,1500,1500,1000,1900,1000,1348,1407,1407,1415,1410,259,518,0,258,0
5.180000000,5.200000000,1787652752.530770,260,50.000,84.721088,12.447800,0,0,0,0,0,0.402258134,1500,1500,1402.25813,1500,1500,1000,1900,1000,1348,1407,1407,1411,1410,260,520,0,259,0
5.200000000,5.220000000,1787652752.611900,261,50.000,81.129789,11.677400,0,0,0,0,0,0.402904354,1500,1500,1402.90435,1500,1500,1000,1900,1000,1349,1407,1407,1409,1410,261,522,0,260,0
5.220000000,5.240000000,1787652752.698125,262,50.000,86.225033,12.362800,0,0,0,0,0,0.403563078,1500,1500,1403.56308,1500,1500,1000,1900,1000,1349,1407,1407,1407,1410,262,524,0,261,0
5.240000000,5.260000000,1787652752.782305,263,50.000,84.180117,13.089400,0,0,0,0,0,0.404228028,1500,1500,1404.22803,1500,1500,1000,1900,1000,1350,1407,1407,1405,1410,263,526,0,262,0
5.260000000,5.280000000,1787652752.863393,264,50.000,81.088066,11.729500,0,0,0,0,0,0.404905688,1500,1500,1404.90569,1500,1500,1000,1900,1000,1351,1407,1407,1402,1410,264,528,0,263,0
5.280000000,5.300000000,1787652752.946388,265,50.000,82.994938,13.513600,0,0,0,0,0,0.405588859,1500,1500,1405.58886,1500,1500,1000,1900,1000,1351,1407,1407,1400,1410,265,530,0,264,0
5.300000000,5.320000000,1787652753.028447,266,50.000,82.058907,11.880700,0,0,0,0,0,0.406276794,1500,1500,1406.27679,1500,1500,1000,1900,1000,1352,1407,1407,1399,1410,266,532,0,265,0
5.320000000,5.340000000,1787652753.108926,267,50.000,80.479145,11.463700,0,0,0,0,0,0.406975074,1500,1500,1406.97507,1500,1500,1000,1900,1000,1353,1407,1407,1398,1410,267,534,0,266,0
5.340000000,5.360000000,1787652753.192923,268,50.000,83.997011,12.237100,0,0,0,0,0,0.40767554,1500,1500,1407.67554,1500,1500,1000,1900,1000,1353,1407,1407,1396,1410,268,536,0,267,0
5.360000000,5.380000000,1787652753.277063,269,50.000,84.139824,12.034400,0,0,0,0,0,0.408376664,1500,1500,1408.37666,1500,1500,1000,1900,1000,1354,1407,1407,1396,1410,269,538,0,268,0
5.380000000,5.400000000,1787652753.358153,270,50.000,81.090212,11.623000,0,0,0,0,0,0.409083583,1500,1500,1409.08358,1500,1500,1000,1900,1000,1355,1407,1407,1395,1410,270,540,0,269,0
5.400000000,5.420000000,1787652753.444416,271,50.000,86.262941,12.877500,0,0,0,0,0,0.409787656,1500,1500,1409.78766,1500,1500,1000,1900,1000,1356,1407,1407,1395,1410,271,542,0,270,0
5.420000000,5.440000000,1787652753.526596,272,50.000,82.179785,11.839700,0,0,0,0,0,0.410486999,1500,1500,1410.487,1500,1500,1000,1900,1000,1356,1407,1407,1395,1410,272,544,0,271,0
5.440000000,5.460000000,1787652753.609706,273,50.000,83.110332,13.869300,0,0,0,0,0,0.411179618,1500,1500,1411.17962,1500,1500,1000,1900,1000,1357,1407,1407,1395,1410,273,546,0,272,0
5.460000000,5.480000000,1787652753.692623,274,50.000,82.916975,13.967900,0,0,0,0,0,0.411870499,1500,1500,1411.8705,1500,1500,1000,1900,1000,1358,1407,1407,1396,1410,274,548,0,273,0
5.480000000,5.500000000,1787652753.775343,275,50.000,82.719803,14.898800,0,0,0,0,0,0.412550763,1500,1500,1412.55076,1500,1500,1000,1900,1000,1358,1407,1407,1397,1410,275,550,0,274,0
5.500000000,5.520000000,1787652753.858622,276,50.000,83.279133,13.134800,0,0,0,0,0,0.413218685,1500,1500,1413.21869,1500,1500,1000,1900,1000,1359,1407,1407,1398,1410,276,552,0,275,0
5.520000000,5.540000000,1787652753.939764,277,50.000,81.141949,12.980900,0,0,0,0,0,0.413879645,1500,1500,1413.87964,1500,1500,1000,1900,1000,1359,1407,1407,1399,1410,277,554,0,276,0
5.540000000,5.560000000,1787652754.020592,278,50.000,80.827951,12.833700,0,0,0,0,0,0.414525011,1500,1500,1414.52501,1500,1500,1000,1900,1000,1359,1407,1407,1401,1410,278,556,0,277,0
5.560000000,5.580000000,1787652754.102595,279,50.000,82.002878,12.974600,0,0,0,0,0,0.415160552,1500,1500,1415.16055,1500,1500,1000,1900,1000,1360,1407,1407,1402,1410,279,558,0,278,0
5.580000000,5.600000000,1787652754.183716,280,50.000,81.121206,12.378500,0,0,0,0,0,0.415784961,1500,1500,1415.78496,1500,1500,1000,1900,1000,1361,1407,1407,1403,1410,280,560,0,279,0
5.600000000,5.620000000,1787652754.265107,281,50.000,81.390858,11.933700,0,0,0,0,0,0.416390011,1500,1500,1416.39001,1500,1500,1000,1900,1000,1361,1407,1407,1405,1410,281,562,0,280,0
5.620000000,5.640000000,1787652754.348798,282,50.000,83.691120,15.140400,0,0,0,0,0,0.416974875,1500,1500,1416.97487,1500,1500,1000,1900,1000,1362,1407,1407,1406,1410,282,564,0,281,0
5.640000000,5.660000000,1787652754.434492,283,50.000,85.693836,12.296700,0,0,0,0,0,0.41754615,1500,1500,1417.54615,1500,1500,1000,1900,1000,1362,1407,1407,1408,1410,283,566,0,282,0
5.660000000,5.680000000,1787652754.517540,284,50.000,83.048105,12.208200,0,0,0,0,0,0.418096189,1500,1500,1418.09619,1500,1500,1000,1900,1000,1363,1407,1407,1409,1410,284,568,0,283,0
5.680000000,5.700000000,1787652754.604573,285,50.000,87.033033,12.167000,0,0,0,0,0,0.418632077,1500,1500,1418.63208,1500,1500,1000,1900,1000,1364,1407,1407,1410,1410,285,570,0,284,0
5.700000000,5.720000000,1787652754.691507,286,50.000,86.934090,12.598600,0,0,0,0,0,0.419146505,1500,1500,1419.1465,1500,1500,1000,1900,1000,1364,1407,1407,1411,1410,286,572,0,285,0
5.720000000,5.740000000,1787652754.779066,287,50.000,87.558746,12.074200,0,0,0,0,0,0.419639797,1500,1500,1419.6398,1500,1500,1000,1900,1000,1365,1407,1407,1412,1410,287,574,0,286,0
5.740000000,5.760000000,1787652754.864986,288,50.000,85.920334,12.488400,0,0,0,0,0,0.420119738,1500,1500,1420.11974,1500,1500,1000,1900,1000,1365,1407,1407,1414,1410,288,576,0,287,0
5.760000000,5.780000000,1787652754.952911,289,50.000,87.924719,13.365600,0,0,0,0,0,0.420579442,1500,1500,1420.57944,1500,1500,1000,1900,1000,1366,1407,1407,1415,1410,289,578,0,288,0
5.780000000,5.800000000,1787652755.045240,290,50.000,92.329025,15.372900,0,0,0,0,0,0.421026971,1500,1500,1421.02697,1500,1500,1000,1900,1000,1366,1407,1407,1417,1410,290,580,0,289,0
5.800000000,5.820000000,1787652755.130129,291,50.000,84.888935,13.081900,0,0,0,0,0,0.421455569,1500,1500,1421.45557,1500,1500,1000,1900,1000,1367,1407,1407,1418,1410,291,582,0,290,0
5.820000000,5.840000000,1787652755.214153,292,50.000,84.024191,13.643900,0,0,0,0,0,0.421873641,1500,1500,1421.87364,1500,1500,1000,1900,1000,1367,1407,1407,1418,1410,292,584,0,291,0
5.840000000,5.860000000,1787652755.298156,293,50.000,84.002972,13.045100,0,0,0,0,0,0.422274602,1500,1500,1422.2746,1500,1500,1000,1900,1000,1367,1407,1407,1419,1410,293,586,0,292,0
5.860000000,5.880000000,1787652755.382840,294,50.000,84.684134,12.580500,0,0,0,0,0,0.422667005,1500,1500,1422.667,1500,1500,1000,1900,1000,1368,1407,1407,1419,1410,294,588,0,293,0
5.880000000,5.900000000,1787652755.468338,295,50.000,85.497618,13.209400,0,0,0,0,0,0.423051742,1500,1500,1423.05174,1500,1500,1000,1900,1000,1368,1406,1406,1419,1410,295,590,0,294,0
5.900000000,5.920000000,1787652755.562803,296,50.000,94.465256,14.103400,0,0,0,0,0,0.42342222,1500,1500,1423.42222,1500,1500,1000,1900,1000,1369,1406,1406,1418,1410,296,592,0,295,0
5.920000000,5.940000000,1787652755.649775,297,50.000,86.971760,13.412400,0,0,0,0,0,0.423786937,1500,1500,1423.78694,1500,1500,1000,1900,1000,1369,1406,1406,1418,1410,297,594,0,296,0
5.940000000,5.960000000,1787652755.741863,298,50.000,92.088223,15.518400,0,0,0,0,0,0.424139039,1500,1500,1424.13904,1500,1500,1000,1900,1000,1369,1406,1406,1417,1410,298,596,0,297,0
5.960000000,5.980000000,1787652755.824459,299,50.000,82.596064,12.010900,0,0,0,0,0,0.42448694,1500,1500,1424.48694,1500,1500,1000,1900,1000,1370,1406,1406,1416,1410,299,598,0,298,0
5.980000000,6.000000000,1787652755.909259,300,50.000,84.800005,12.634400,0,0,0,0,0,0.424831218,1500,1500,1424.83122,1500,1500,1000,1900,1000,1370,1406,1406,1416,1410,300,600,0,299,0
6.000000000,6.020000000,1787652755.995256,301,50.000,85.997105,13.222600,0,0,0,0,0,0.425164824,1500,1500,1425.16482,1500,1500,1000,1900,1000,1370,1406,1406,1415,1410,301,602,0,300,0
6.020000000,6.040000000,1787652756.079323,302,50.000,84.066868,14.169500,0,0,0,0,0,0.425496,1500,1500,1425.496,1500,1500,1000,1900,1000,1371,1406,1406,1414,1410,302,604,0,301,0
6.040000000,6.060000000,1787652756.164444,303,50.000,85.121155,12.339200,0,0,0,0,0,0.425825101,1500,1500,1425.8251,1500,1500,1000,1900,1000,1371,1406,1406,1413,1410,303,606,0,302,0
6.060000000,6.080000000,1787652756.249585,304,50.000,85.140705,14.443100,0,0,0,0,0,0.426144808,1500,1500,1426.14481,1500,1500,1000,1900,1000,1371,1406,1406,1412,1410,304,608,0,303,0
6.080000000,6.100000000,1787652756.332431,305,50.000,82.845926,12.032700,0,0,0,0,0,0.42646322,1500,1500,1426.46322,1500,1500,1000,1900,1000,1371,1406,1406,1411,1410,305,610,0,304,0
6.100000000,6.120000000,1787652756.416391,306,50.000,83.960295,15.056300,0,0,0,0,0,0.4267805,1500,1500,1426.7805,1500,1500,1000,1900,1000,1371,1406,1406,1410,1410,306,612,0,305,0
6.120000000,6.140000000,1787652756.498103,307,50.000,81.712008,11.740200,0,0,0,0,0,0.427096848,1500,1500,1427.09685,1500,1500,1000,1900,1000,1371,1406,1406,1410,1410,307,614,0,306,0
6.140000000,6.160000000,1787652756.582163,308,50.000,84.059954,15.158400,0,0,0,0,0,0.427412416,1500,1500,1427.41242,1500,1500,1000,1900,1000,1372,1406,1406,1410,1410,308,616,0,307,0
6.160000000,6.180000000,1787652756.667254,309,50.000,85.090876,15.001300,0,0,0,0,0,0.427727311,1500,1500,1427.72731,1500,1500,1000,1900,1000,1372,1406,1406,1409,1410,309,618,0,308,0
6.180000000,6.200000000,1787652756.753154,310,50.000,85.900068,12.483400,0,0,0,0,0,0.428033857,1500,1500,1428.03386,1500,1500,1000,1900,1000,1372,1406,1406,1409,1410,310,620,0,309,0
6.200000000,6.220000000,1787652756.841155,311,50.000,88.001013,13.454000,0,0,0,0,0,0.428339944,1500,1500,1428.33994,1500,1500,1000,1900,1000,1373,1406,1406,1408,1410,311,622,0,310,0
6.220000000,6.240000000,1787652756.993273,312,50.000,152.117968,15.399100,0,0,0,0,0,0.428645497,1500,1500,1428.6455,1500,1500,1000,1900,1000,1373,1406,1406,1408,1410,312,624,0,311,0
6.240000000,6.260000000,1787652757.144977,313,50.000,151.704073,13.301400,0,0,0,0,0,0.428942716,1500,1500,1428.94272,1500,1500,1000,1900,1000,1373,1406,1406,1407,1410,313,626,0,312,0
6.260000000,6.280000000,1787652757.300469,314,50.000,155.491829,13.346800,0,0,0,0,0,0.429239383,1500,1500,1429.23938,1500,1500,1000,1900,1000,1373,1406,1406,1407,1410,314,628,0,313,0
6.280000000,6.300000000,1787652757.457745,315,50.000,157.276154,13.815300,0,0,0,0,0,0.429535119,1500,1500,1429.53512,1500,1500,1000,1900,1000,1374,1406,1406,1407,1410,315,630,0,314,0
6.300000000,6.320000000,1787652757.545601,316,50.000,87.856054,13.111400,0,0,0,0,0,0.429829531,1500,1500,1429.82953,1500,1500,1000,1900,1000,1374,1406,1406,1407,1410,316,632,0,315,0
6.320000000,6.340000000,1787652757.636595,317,50.000,90.993881,13.375600,0,0,0,0,0,0.430114307,1500,1500,1430.11431,1500,1500,1000,1900,1000,1374,1406,1406,1407,1410,317,634,0,316,0
6.340000000,6.360000000,1787652757.724584,318,50.000,87.989092,13.585300,0,0,0,0,0,0.430396926,1500,1500,1430.39693,1500,1500,1000,1900,1000,1375,1406,1406,1407,1410,318,636,0,317,0
6.360000000,6.380000000,1787652757.811920,319,50.000,87.335825,11.477200,0,0,0,0,0,0.430676801,1500,1500,1430.6768,1500,1500,1000,1900,1000,1375,1406,1406,1407,1410,319,638,0,318,0
6.380000000,6.400000000,1787652757.893941,320,50.000,82.020998,11.903000,0,0,0,0,0,0.43094553,1500,1500,1430.94553,1500,1500,1000,1900,1000,1375,1406,1406,1408,1410,320,640,0,319,0
6.400000000,6.420000000,1787652757.981781,321,50.000,87.840080,14.288400,0,0,0,0,0,0.431210657,1500,1500,1431.21066,1500,1500,1000,1900,1000,1375,1406,1406,1408,1410,321,642,0,320,0
6.420000000,6.440000000,1787652758.071821,322,50.000,90.039968,13.184400,0,0,0,0,0,0.431471635,1500,1500,1431.47163,1500,1500,1000,1900,1000,1376,1406,1406,1409,1410,322,644,0,321,0
6.440000000,6.460000000,1787652758.163982,323,50.000,92.160940,13.359900,0,0,0,0,0,0.43172804,1500,1500,1431.72804,1500,1500,1000,1900,1000,1376,1406,1406,1409,1410,323,646,0,322,0
6.460000000,6.480000000,1787652758.249779,324,50.000,85.797071,12.500600,0,0,0,0,0,0.431971503,1500,1500,1431.9715,1500,1500,1000,1900,1000,1376,1406,1406,1409,1410,324,648,0,323,0
6.480000000,6.500000000,1787652758.342478,325,50.000,92.699051,13.062900,0,0,0,0,0,0.432209738,1500,1500,1432.20974,1500,1500,1000,1900,1000,1376,1406,1406,1410,1410,325,650,0,324,0
6.500000000,6.520000000,1787652758.437391,326,50.000,94.913006,12.149500,0,0,0,0,0,0.43244232,1500,1500,1432.44232,1500,1500,1000,1900,1000,1377,1406,1406,1410,1410,326,652,0,325,0
6.520000000,6.540000000,1787652758.529024,327,50.000,91.632843,12.765800,0,0,0,0,0,0.432668951,1500,1500,1432.66895,1500,1500,1000,1900,1000,1377,1406,1406,1410,1410,327,654,0,326,0
6.540000000,6.560000000,1787652758.638750,328,50.000,109.726191,19.746400,0,0,0,0,0,0.432881334,1500,1500,1432.88133,1500,1500,1000,1900,1000,1377,1406,1406,1411,1410,328,656,0,327,0
6.560000000,6.580000000,1787652758.752488,329,50.000,113.738060,12.674600,0,0,0,0,0,0.433087369,1500,1500,1433.08737,1500,1500,1000,1900,1000,1377,1406,1406,1412,1410,329,658,0,328,0
6.580000000,6.600000000,1787652758.885661,330,50.000,133.172750,13.250600,0,0,0,0,0,0.433286752,1500,1500,1433.28675,1500,1500,1000,1900,1000,1378,1406,1406,1412,1410,330,660,0,329,0
6.600000000,6.620000000,1787652758.996541,331,50.000,110.880136,14.369600,0,0,0,0,0,0.433479303,1500,1500,1433.4793,1500,1500,1000,1900,1000,1378,1406,1406,1413,1410,331,662,0,330,0
6.620000000,6.640000000,1787652759.101524,332,50.000,104.982853,12.142200,0,0,0,0,0,0.43365678,1500,1500,1433.65678,1500,1500,1000,1900,1000,1378,1406,1406,1414,1410,332,664,0,331,0
6.640000000,6.660000000,1787652759.209949,333,50.000,108.425140,12.168300,0,0,0,0,0,0.433827241,1500,1500,1433.82724,1500,1500,1000,1900,1000,1378,1406,1406,1415,1410,333,666,0,332,0
6.660000000,6.680000000,1787652759.317690,334,50.000,107.740879,13.690000,0,0,0,0,0,0.433990463,1500,1500,1433.99046,1500,1500,1000,1900,1000,1378,1406,1406,1415,1410,334,668,0,333,0
6.680000000,6.700000000,1787652759.443293,335,50.000,125.602961,12.578200,0,0,0,0,0,0.434146445,1500,1500,1434.14644,1500,1500,1000,1900,1000,1378,1405,1405,1416,1410,335,670,0,334,0
6.700000000,6.720000000,1787652759.575300,336,50.000,132.007122,13.235100,0,0,0,0,0,0.43429535,1500,1500,1434.29535,1500,1500,1000,1900,1000,1379,1405,1405,1417,1410,336,672,0,335,0
6.720000000,6.740000000,1787652759.691124,337,50.000,115.823984,13.312300,0,0,0,0,0,0.434437446,1500,1500,1434.43745,1500,1500,1000,1900,1000,1379,1405,1405,1417,1410,337,674,0,336,0
6.740000000,6.760000000,1787652759.796711,338,50.000,105.587006,12.548500,0,0,0,0,0,0.434564922,1500,1500,1434.56492,1500,1500,1000,1900,1000,1379,1405,1405,1418,1410,338,676,0,337,0
6.760000000,6.780000000,1787652759.901572,339,50.000,104.861021,14.555600,0,0,0,0,0,0.434686396,1500,1500,1434.6864,1500,1500,1000,1900,1000,1379,1405,1405,1418,1410,339,678,0,338,0
6.780000000,6.800000000,1787652760.004242,340,50.000,102.669954,14.231300,0,0,0,0,0,0.43480215,1500,1500,1434.80215,1500,1500,1000,1900,1000,1379,1405,1405,1418,1410,340,680,0,339,0
6.800000000,6.820000000,1787652760.121420,341,50.000,117.177963,15.266400,0,0,0,0,0,0.434912566,1500,1500,1434.91257,1500,1500,1000,1900,1000,1379,1405,1405,1418,1410,341,682,0,340,0
6.820000000,6.840000000,1787652760.233434,342,50.000,112.014294,11.818600,0,0,0,0,0,0.435018017,1500,1500,1435.01802,1500,1500,1000,1900,1000,1379,1405,1405,1418,1410,342,684,0,341,0
6.840000000,6.860000000,1787652760.340615,343,50.000,107.180834,17.582400,0,0,0,0,0,0.435118856,1500,1500,1435.11886,1500,1500,1000,1900,1000,1380,1405,1405,1418,1410,343,686,0,342,0
6.860000000,6.880000000,1787652760.444255,344,50.000,103.639841,12.282800,0,0,0,0,0,0.435215417,1500,1500,1435.21542,1500,1500,1000,1900,1000,1380,1405,1405,1418,1410,344,688,0,343,0
6.880000000,6.900000000,1787652760.542131,345,50.000,97.876310,13.202000,0,0,0,0,0,0.435299809,1500,1500,1435.29981,1500,1500,1000,1900,1000,1380,1405,1405,1418,1410,345,690,0,344,0
6.900000000,6.920000000,1787652760.640965,346,50.000,98.833799,13.745200,0,0,0,0,0,0.435380626,1500,1500,1435.38063,1500,1500,1000,1900,1000,1380,1405,1405,1418,1410,346,692,0,345,0
6.920000000,6.940000000,1787652760.738064,347,50.000,97.099066,14.476300,0,0,0,0,0,0.435458021,1500,1500,1435.45802,1500,1500,1000,1900,1000,1380,1405,1405,1418,1410,347,694,0,346,0
6.940000000,6.960000000,1787652760.853747,348,50.000,115.683079,12.181100,0,0,0,0,0,0.435532223,1500,1500,1435.53222,1500,1500,1000,1900,1000,1380,1405,1405,1418,1410,348,696,0,347,0
6.960000000,6.980000000,1787652760.980140,349,50.000,126.392841,12.118700,0,0,0,0,0,0.435603433,1500,1500,1435.60343,1500,1500,1000,1900,1000,1380,1405,1405,1418,1410,349,698,0,348,0
6.980000000,7.000000000,1787652761.108822,350,50.000,128.682137,14.228200,0,0,0,0,0,0.435671823,1500,1500,1435.67182,1500,1500,1000,1900,1000,1380,1405,1405,1417,1410,350,700,0,349,0
7.000000000,7.020000000,1787652761.258524,351,50.000,149.701834,13.130100,0,0,0,0,0,0.435737544,1500,1500,1435.73754,1500,1500,1000,1900,1000,1380,1405,1405,1417,1410,351,702,0,350,0
7.020000000,7.040000000,1787652761.376474,352,50.000,117.950201,13.325000,0,0,0,0,0,0.435800722,1500,1500,1435.80072,1500,1500,1000,1900,1000,1380,1405,1405,1417,1410,352,704,0,351,0
7.040000000,7.060000000,1787652761.487024,353,50.000,110.549688,13.629500,0,0,0,0,0,0.435861462,1500,1500,1435.86146,1500,1500,1000,1900,1000,1380,1405,1405,1417,1410,353,706,0,352,0
7.060000000,7.080000000,1787652761.606575,354,50.000,119.551182,14.615500,0,0,0,0,0,0.435919852,1500,1500,1435.91985,1500,1500,1000,1900,1000,1380,1405,1405,1417,1410,354,708,0,353,0
7.080000000,7.100000000,1787652761.712486,355,50.000,105.911016,12.362600,0,0,0,0,0,0.435975961,1500,1500,1435.97596,1500,1500,1000,1900,1000,1380,1405,1405,1416,1410,355,710,0,354,0
7.100000000,7.120000000,1787652761.816142,356,50.000,103.656054,13.469100,0,0,0,0,0,0.436029844,1500,1500,1436.02984,1500,1500,1000,1900,1000,1380,1405,1405,1416,1410,356,712,0,355,0
7.120000000,7.140000000,1787652761.916794,357,50.000,100.651979,18.872600,0,0,0,0,0,0.436081542,1500,1500,1436.08154,1500,1500,1000,1900,1000,1381,1405,1405,1416,1410,357,714,0,356,0
7.140000000,7.160000000,1787652762.020146,358,50.000,103.351831,12.633100,0,0,0,0,0,0.436131086,1500,1500,1436.13109,1500,1500,1000,1900,1000,1381,1405,1405,1416,1410,358,716,0,357,0
7.160000000,7.180000000,1787652762.144150,359,50.000,124.004126,13.631400,0,0,0,0,0,0.436170242,1500,1500,1436.17024,1500,1500,1000,1900,1000,1381,1405,1405,1416,1410,359,718,0,358,0
7.180000000,7.200000000,1787652762.286931,360,50.000,142.780781,13.721700,0,0,0,0,0,0.436207393,1500,1500,1436.20739,1500,1500,1000,1900,1000,1381,1405,1405,1416,1410,360,720,0,359,0
7.200000000,7.220000000,1787652762.436719,361,50.000,149.788141,14.139300,0,0,0,0,0,0.436242445,1500,1500,1436.24244,1500,1500,1000,1900,1000,1381,1405,1405,1416,1410,361,722,0,360,0
7.220000000,7.240000000,1787652762.575375,362,50.000,138.656139,13.865900,0,0,0,0,0,0.436275401,1500,1500,1436.2754,1500,1500,1000,1900,1000,1381,1405,1405,1416,1410,362,724,0,361,0
7.240000000,7.260000000,1787652762.778286,363,50.000,202.910900,14.069300,0,0,0,0,0,0.436306258,1500,1500,1436.30626,1500,1500,1000,1900,1000,1381,1405,1405,1416,1410,363,726,0,362,0
7.260000000,7.280000000,1787652762.925589,364,50.000,147.303104,13.400700,0,0,0,0,0,0.436335011,1500,1500,1436.33501,1500,1500,1000,1900,1000,1381,1405,1405,1416,1410,364,728,0,363,0
7.280000000,7.300000000,1787652763.084416,365,50.000,158.826828,14.993300,0,0,0,0,0,0.43636165,1500,1500,1436.36165,1500,1500,1000,1900,1000,1381,1405,1405,1416,1410,365,730,0,364,0
7.300000000,7.320000000,1787652763.232592,366,50.000,148.176193,13.722400,0,0,0,0,0,0.436386165,1500,1500,1436.38617,1500,1500,1000,1900,1000,1381,1405,1405,1415,1410,366,732,0,365,0
7.320000000,7.340000000,1787652763.372663,367,50.000,140.070915,3.320800,0,0,0,0,0,0.436408544,1500,1500,1436.40854,1500,1500,1000,1900,1000,1381,1405,1405,1415,1410,367,734,0,366,0
7.340000000,7.360000000,1787652763.560665,368,50.000,188.002110,14.098400,0,0,0,0,0,0.436428775,1500,1500,1436.42877,1500,1500,1000,1900,1000,1381,1405,1405,1415,1410,368,736,0,367,0
7.360000000,7.380000000,1787652763.740193,369,50.000,179.527998,15.342000,0,0,0,0,0,0.436446843,1500,1500,1436.44684,1500,1500,1000,1900,1000,1381,1405,1405,1415,1410,369,738,0,368,0
7.380000000,7.400000000,1787652763.926261,370,50.000,186.067820,3.622100,0,0,0,0,0,0.436462737,1500,1500,1436.46274,1500,1500,1000,1900,1000,1381,1405,1405,1416,1410,370,740,0,369,0
7.400000000,7.420000000,1787652764.104073,371,50.000,177.812099,14.552300,0,0,0,0,0,0.436476445,1500,1500,1436.47645,1500,1500,1000,1900,1000,1381,1405,1405,1416,1410,371,742,0,370,0
7.420000000,7.440000000,1787652764.230657,372,50.000,126.584053,12.587000,0,0,0,0,0,0.436487955,1500,1500,1436.48796,1500,1500,1000,1900,1000,1381,1405,1405,1416,1410,372,744,0,371,0
7.440000000,7.460000000,1787652764.347610,373,50.000,116.952896,14.521300,0,0,0,0,0,0.436497257,1500,1500,1436.49726,1500,1500,1000,1900,1000,1381,1405,1405,1416,1410,373,746,0,372,0
7.460000000,7.480000000,1787652764.457199,374,50.000,109.588861,13.303800,0,0,0,0,0,0.43650434,1500,1500,1436.50434,1500,1500,1000,1900,1000,1381,1405,1405,1416,1410,374,748,0,373,0
7.480000000,7.500000000,1787652764.561616,375,50.000,104.417086,15.540200,0,0,0,0,0,0.436509198,1500,1500,1436.5092,1500,1500,1000,1900,1000,1381,1405,1405,1416,1410,375,750,0,374,0
7.500000000,7.520000000,1787652764.659489,376,50.000,97.872972,12.611800,0,0,0,0,0,0.436511821,1500,1500,1436.51182,1500,1500,1000,1900,1000,1381,1405,1405,1416,1410,376,752,0,375,0
7.520000000,7.540000000,1787652764.756717,377,50.000,97.228050,13.449400,0,0,0,0,0,0.436512206,1500,1500,1436.51221,1500,1500,1000,1900,1000,1381,1405,1405,1416,1410,377,754,0,376,0
7.540000000,7.560000000,1787652764.858644,378,50.000,101.927042,17.645000,0,0,0,0,0,0.436510347,1500,1500,1436.51035,1500,1500,1000,1900,1000,1381,1405,1405,1416,1410,378,756,0,377,0
7.560000000,7.580000000,1787652764.965652,379,50.000,107.007980,13.673500,0,0,0,0,0,0.43650624,1500,1500,1436.50624,1500,1500,1000,1900,1000,1381,1405,1405,1416,1410,379,758,0,378,0
7.580000000,7.600000000,1787652765.071742,380,50.000,106.090069,13.170100,0,0,0,0,0,0.436499884,1500,1500,1436.49988,1500,1500,1000,1900,1000,1381,1405,1405,1416,1410,380,760,0,379,0
7.600000000,7.620000000,1787652765.171987,381,50.000,100.244999,13.437100,0,0,0,0,0,0.436491278,1500,1500,1436.49128,1500,1500,1000,1900,1000,1381,1405,1405,1416,1410,381,762,0,380,0
7.620000000,7.640000000,1787652765.266710,382,50.000,94.722986,12.529900,0,0,0,0,0,0.436480421,1500,1500,1436.48042,1500,1500,1000,1900,1000,1381,1405,1405,1416,1410,382,764,0,381,0
7.640000000,7.660000000,1787652765.364987,383,50.000,98.277092,14.133300,0,0,0,0,0,0.436467315,1500,1500,1436.46731,1500,1500,1000,1900,1000,1381,1405,1405,1416,1410,383,766,0,382,0
7.660000000,7.680000000,1787652765.460381,384,50.000,95.393896,13.070900,0,0,0,0,0,0.436451962,1500,1500,1436.45196,1500,1500,1000,1900,1000,1381,1405,1405,1416,1410,384,768,0,383,0
7.680000000,7.700000000,1787652765.571559,385,50.000,111.178160,14.396600,0,0,0,0,0,0.436434366,1500,1500,1436.43437,1500,1500,1000,1900,1000,1381,1405,1405,1416,1410,385,770,0,384,0
7.700000000,7.720000000,1787652765.668394,386,50.000,96.834898,12.482100,0,0,0,0,0,0.43641453,1500,1500,1436.41453,1500,1500,1000,1900,1000,1381,1405,1405,1416,1410,386,772,0,385,0
7.720000000,7.740000000,1787652765.775659,387,50.000,107.264757,13.824200,0,0,0,0,0,0.43639246,1500,1500,1436.39246,1500,1500,1000,1900,1000,1381,1405,1405,1416,1410,387,774,0,386,0
7.740000000,7.760000000,1787652765.879846,388,50.000,104.187012,15.389400,0,0,0,0,0,0.436368161,1500,1500,1436.36816,1500,1500,1000,1900,1000,1381,1405,1405,1416,1410,388,776,0,387,0
7.760000000,7.780000000,1787652765.977792,389,50.000,97.946167,13.328700,0,0,0,0,0,0.43634164,1500,1500,1436.34164,1500,1500,1000,1900,1000,1381,1405,1405,1417,1410,389,778,0,388,0
7.780000000,7.800000000,1787652766.076622,390,50.000,98.829985,13.292600,0,0,0,0,0,0.436312905,1500,1500,1436.3129,1500,1500,1000,1900,1000,1381,1405,1405,1417,1410,390,780,0,389,0
7.800000000,7.820000000,1787652766.177103,391,50.000,100.481033,14.074200,0,0,0,0,0,0.436281963,1500,1500,1436.28196,1500,1500,1000,1900,1000,1381,1405,1405,1417,1410,391,782,0,390,0
7.820000000,7.840000000,1787652766.273237,392,50.000,96.133947,12.199200,0,0,0,0,0,0.436248823,1500,1500,1436.24882,1500,1500,1000,1900,1000,1381,1404,1404,1417,1410,392,784,0,391,0
7.840000000,7.860000000,1787652766.369158,393,50.000,95.921040,12.881900,0,0,0,0,0,0.436213495,1500,1500,1436.21349,1500,1500,1000,1900,1000,1381,1404,1404,1417,1410,393,786,0,392,0
7.860000000,7.880000000,1787652766.476785,394,50.000,107.626915,13.536200,0,0,0,0,0,0.436175991,1500,1500,1436.17599,1500,1500,1000,1900,1000,1381,1404,1404,1417,1410,394,788,0,393,0
7.880000000,7.900000000,1787652766.588246,395,50.000,111.461163,15.225800,0,0,0,0,0,0.436136324,1500,1500,1436.13632,1500,1500,1000,1900,1000,1381,1404,1404,1417,1410,395,790,0,394,0
7.900000000,7.920000000,1787652766.686350,396,50.000,98.104000,13.297300,0,0,0,0,0,0.436094502,1500,1500,1436.0945,1500,1500,1000,1900,1000,1381,1405,1405,1417,1410,396,792,0,395,0
7.920000000,7.940000000,1787652766.788094,397,50.000,101.743937,13.827400,0,0,0,0,0,0.436050536,1500,1500,1436.05054,1500,1500,1000,1900,1000,1381,1405,1405,1417,1410,397,794,0,396,0
7.940000000,7.960000000,1787652766.893949,398,50.000,105.854988,12.794000,0,0,0,0,0,0.436004437,1500,1500,1436.00444,1500,1500,1000,1900,1000,1381,1405,1405,1417,1410,398,796,0,397,0
7.960000000,7.980000000,1787652766.990793,399,50.000,96.843958,12.873900,0,0,0,0,0,0.435956215,1500,1500,1435.95622,1500,1500,1000,1900,1000,1381,1405,1405,1417,1410,399,798,0,398,0
7.980000000,8.000000000,1787652767.098714,400,50.000,107.921124,16.304900,0,0,0,0,0,0.435905883,1500,1500,1435.90588,1500,1500,1000,1900,1000,1380,1405,1405,1417,1411,400,800,0,399,0
8.000000000,8.020000000,1787652767.202670,401,50.000,103.955746,14.275900,0,0,0,0,0,0.435853454,1500,1500,1435.85345,1500,1500,1000,1900,1000,1380,1405,1405,1417,1411,401,802,0,400,0
8.020000000,8.040000000,1787652767.300608,402,50.000,97.938061,13.443200,0,0,0,0,0,0.435807192,1500,1500,1435.80719,1500,1500,1000,1900,1000,1380,1405,1405,1417,1412,402,804,0,401,0
8.040000000,8.060000000,1787652767.404716,403,50.000,104.108095,14.322700,0,0,0,0,0,0.435758744,1500,1500,1435.75874,1500,1500,1000,1900,1000,1380,1405,1405,1418,1412,403,806,0,402,0
8.060000000,8.080000000,1787652767.500642,404,50.000,95.926046,14.230900,0,0,0,0,0,0.43570822,1500,1500,1435.70822,1500,1500,1000,1900,1000,1380,1405,1405,1418,1413,404,808,0,403,0
8.080000000,8.100000000,1787652767.624116,405,50.000,123.473883,14.317600,0,0,0,0,0,0.435655634,1500,1500,1435.65563,1500,1500,1000,1900,1000,1380,1406,1406,1418,1414,405,810,0,404,0
8.100000000,8.120000000,1787652767.720416,406,50.000,96.300125,12.522100,0,0,0,0,0,0.435600997,1500,1500,1435.601,1500,1500,1000,1900,1000,1380,1406,1406,1418,1415,406,812,0,405,0
8.120000000,8.140000000,1787652767.815091,407,50.000,94.675064,12.728500,0,0,0,0,0,0.435544324,1500,1500,1435.54432,1500,1500,1000,1900,1000,1380,1406,1406,1418,1416,407,814,0,406,0
8.140000000,8.160000000,1787652767.909389,408,50.000,94.297886,13.562400,0,0,0,0,0,0.435485631,1500,1500,1435.48563,1500,1500,1000,1900,1000,1380,1406,1406,1418,1417,408,816,0,407,0
8.160000000,8.180000000,1787652768.002124,409,50.000,92.735052,12.501700,0,0,0,0,0,0.435424941,1500,1500,1435.42494,1500,1500,1000,1900,1000,1380,1407,1407,1418,1417,409,818,0,408,0
8.180000000,8.200000000,1787652768.095870,410,50.000,93.745947,12.459200,0,0,0,0,0,0.43536227,1500,1500,1435.36227,1500,1500,1000,1900,1000,1380,1407,1407,1418,1418,410,820,0,409,0
8.200000000,8.220000000,1787652768.184037,411,50.000,88.167191,12.131200,0,0,0,0,0,0.435297629,1500,1500,1435.29763,1500,1500,1000,1900,1000,1380,1407,1407,1418,1419,411,822,0,410,0
8.220000000,8.240000000,1787652768.273846,412,50.000,89.808702,13.724500,0,0,0,0,0,0.435231034,1500,1500,1435.23103,1500,1500,1000,1900,1000,1380,1407,1407,1418,1421,412,824,0,411,0
8.240000000,8.260000000,1787652768.356935,413,50.000,83.089113,11.581000,0,0,0,0,0,0.4351625,1500,1500,1435.1625,1500,1500,1000,1900,1000,1380,1407,1407,1418,1421,413,826,0,412,0
8.260000000,8.280000000,1787652768.447963,414,50.000,91.027975,16.815200,0,0,0,0,0,0.435092042,1500,1500,1435.09204,1500,1500,1000,1900,1000,1380,1408,1408,1418,1422,414,828,0,413,0
8.280000000,8.300000000,1787652768.538965,415,50.000,91.001987,13.264100,0,0,0,0,0,0.435019686,1500,1500,1435.01969,1500,1500,1000,1900,1000,1380,1408,1408,1418,1424,415,830,0,414,0
8.300000000,8.320000000,1787652768.628120,416,50.000,89.155197,16.180900,0,0,0,0,0,0.434945466,1500,1500,1434.94547,1500,1500,1000,1900,1000,1380,1408,1408,1419,1425,416,832,0,415,0
8.320000000,8.340000000,1787652768.735968,417,50.000,107.847929,13.590700,0,0,0,0,0,0.434869395,1500,1500,1434.86939,1500,1500,1000,1900,1000,1379,1408,1408,1419,1425,417,834,0,416,0
8.340000000,8.360000000,1787652768.840912,418,50.000,104.943991,12.561200,0,0,0,0,0,0.434791483,1500,1500,1434.79148,1500,1500,1000,1900,1000,1379,1409,1409,1419,1426,418,836,0,417,0
8.360000000,8.380000000,1787652768.946560,419,50.000,105.648041,12.864900,0,0,0,0,0,0.434719936,1500,1500,1434.71994,1500,1500,1000,1900,1000,1379,1409,1409,1419,1427,419,838,0,418,0
8.380000000,8.400000000,1787652769.047558,420,50.000,100.997925,12.859600,0,0,0,0,0,0.434646464,1500,1500,1434.64646,1500,1500,1000,1900,1000,1379,1409,1409,1419,1428,420,840,0,419,0
8.400000000,8.420000000,1787652769.145135,421,50.000,97.576857,13.675800,0,0,0,0,0,0.434571191,1500,1500,1434.57119,1500,1500,1000,1900,1000,1379,1410,1410,1419,1429,421,842,0,420,0
8.420000000,8.440000000,1787652769.246192,422,50.000,101.057053,15.457900,0,0,0,0,0,0.434494165,1500,1500,1434.49417,1500,1500,1000,1900,1000,1379,1410,1410,1419,1429,422,844,0,421,0
8.440000000,8.460000000,1787652769.361726,423,50.000,115.534067,13.141000,0,0,0,0,0,0.434415403,1500,1500,1434.4154,1500,1500,1000,1900,1000,1379,1410,1410,1419,1430,423,846,0,422,0
8.460000000,8.480000000,1787652769.479602,424,50.000,117.876053,12.674500,0,0,0,0,0,0.43433491,1500,1500,1434.33491,1500,1500,1000,1900,1000,1379,1410,1410,1419,1430,424,848,0,423,0
8.480000000,8.500000000,1787652769.604432,425,50.000,124.829769,13.687700,0,0,0,0,0,0.434252691,1500,1500,1434.25269,1500,1500,1000,1900,1000,1379,1410,1410,1419,1430,425,850,0,424,0
8.500000000,8.520000000,1787652769.748744,426,50.000,144.312143,13.155200,0,0,0,0,0,0.43416876,1500,1500,1434.16876,1500,1500,1000,1900,1000,1379,1410,1410,1419,1430,426,852,0,425,0
8.520000000,8.540000000,1787652769.884300,427,50.000,135.555983,13.827400,0,0,0,0,0,0.434083129,1500,1500,1434.08313,1500,1500,1000,1900,1000,1379,1410,1410,1419,1430,427,854,0,426,0
8.540000000,8.560000000,1787652770.008859,428,50.000,124.558926,12.569400,0,0,0,0,0,0.433995816,1500,1500,1433.99582,1500,1500,1000,1900,1000,1379,1410,1410,1419,1430,428,856,0,427,0
8.560000000,8.580000000,1787652770.147838,429,50.000,138.978958,13.575900,0,0,0,0,0,0.433906837,1500,1500,1433.90684,1500,1500,1000,1900,1000,1378,1411,1411,1419,1429,429,858,0,428,0
8.580000000,8.600000000,1787652770.262319,430,50.000,114.481211,14.258200,0,0,0,0,0,0.433816211,1500,1500,1433.81621,1500,1500,1000,1900,1000,1378,1411,1411,1419,1429,430,860,0,429,0
8.600000000,8.620000000,1787652770.367736,431,50.000,105.417013,11.812300,0,0,0,0,0,0.433732091,1500,1500,1433.73209,1500,1500,1000,1900,1000,1378,1411,1411,1419,1428,431,862,0,430,0
8.620000000,8.640000000,1787652770.468671,432,50.000,100.934744,14.602800,0,0,0,0,0,0.433646247,1500,1500,1433.64625,1500,1500,1000,1900,1000,1378,1411,1411,1419,1427,432,864,0,431,0
8.640000000,8.660000000,1787652770.605623,433,50.000,136.952162,12.711400,0,0,0,0,0,0.433558795,1500,1500,1433.55879,1500,1500,1000,1900,1000,1378,1411,1411,1419,1426,433,866,0,432,0
8.660000000,8.680000000,1787652770.751309,434,50.000,145.686150,15.510800,0,0,0,0,0,0.43346975,1500,1500,1433.46975,1500,1500,1000,1900,1000,1378,1412,1412,1419,1425,434,868,0,433,0
8.680000000,8.700000000,1787652770.885775,435,50.000,134.465694,15.468200,0,0,0,0,0,0.433379131,1500,1500,1433.37913,1500,1500,1000,1900,1000,1378,1412,1412,1419,1424,435,870,0,434,0
8.700000000,8.720000000,1787652771.038857,436,50.000,153.082132,14.289700,0,0,0,0,0,0.433286955,1500,1500,1433.28695,1500,1500,1000,1900,1000,1378,1412,1412,1419,1422,436,872,0,435,0
8.720000000,8.740000000,1787652771.178680,437,50.000,139.822960,14.535800,0,0,0,0,0,0.433193227,1500,1500,1433.19323,1500,1500,1000,1900,1000,1378,1412,1412,1419,1421,437,874,0,436,0
8.740000000,8.760000000,1787652771.285585,438,50.000,106.904984,13.629200,0,0,0,0,0,0.433097938,1500,1500,1433.09794,1500,1500,1000,1900,1000,1378,1412,1412,1419,1419,438,876,0,437,0
8.760000000,8.780000000,1787652771.386361,439,50.000,100.776196,13.073600,0,0,0,0,0,0.433001126,1500,1500,1433.00113,1500,1500,1000,1900,1000,1378,1412,1412,1420,1417,439,878,0,438,0
8.780000000,8.800000000,1787652771.485058,440,50.000,98.696947,14.254100,0,0,0,0,0,0.432902826,1500,1500,1432.90283,1500,1500,1000,1900,1000,1378,1412,1412,1420,1416,440,880,0,439,0
8.800000000,8.820000000,1787652771.582242,441,50.000,97.183943,13.049800,0,0,0,0,0,0.432803042,1500,1500,1432.80304,1500,1500,1000,1900,1000,1377,1413,1413,1420,1414,441,882,0,440,0
8.820000000,8.840000000,1787652771.675495,442,50.000,93.253136,12.617300,0,0,0,0,0,0.432701865,1500,1500,1432.70187,1500,1500,1000,1900,1000,1377,1413,1413,1420,1412,442,884,0,441,0
8.840000000,8.860000000,1787652771.770772,443,50.000,95.276833,12.662100,0,0,0,0,0,0.432607645,1500,1500,1432.60764,1500,1500,1000,1900,1000,1377,1413,1413,1419,1410,443,886,0,442,0
8.860000000,8.880000000,1787652771.859924,444,50.000,89.152098,12.054200,0,0,0,0,0,0.432512533,1500,1500,1432.51253,1500,1500,1000,1900,1000,1377,1413,1413,1419,1410,444,888,0,443,0
8.880000000,8.900000000,1787652771.953023,445,50.000,93.098879,12.780900,0,0,0,0,0,0.432416998,1500,1500,1432.417,1500,1500,1000,1900,1000,1377,1413,1413,1419,1409,445,890,0,444,0
8.900000000,8.920000000,1787652772.047024,446,50.000,94.001055,14.047600,0,0,0,0,0,0.432321463,1500,1500,1432.32146,1500,1500,1000,1900,1000,1377,1413,1413,1419,1408,446,892,0,445,0
8.920000000,8.940000000,1787652772.155587,447,50.000,108.562946,14.271500,0,0,0,0,0,0.432226354,1500,1500,1432.22635,1500,1500,1000,1900,1000,1377,1414,1414,1418,1407,447,894,0,446,0
8.940000000,8.960000000,1787652772.256781,448,50.000,101.194143,13.037000,0,0,0,0,0,0.43213208,1500,1500,1432.13208,1500,1500,1000,1900,1000,1377,1414,1414,1418,1406,448,896,0,447,0
8.960000000,8.980000000,1787652772.358540,449,50.000,101.758957,13.088900,0,0,0,0,0,0.432039037,1500,1500,1432.03904,1500,1500,1000,1900,1000,1377,1414,1414,1417,1405,449,898,0,448,0
8.980000000,9.000000000,1787652772.461294,450,50.000,102.753878,14.432300,0,0,0,0,0,0.431947595,1500,1500,1431.94759,1500,1500,1000,1900,1000,1377,1414,1414,1416,1404,450,900,0,449,0
9.000000000,9.020000000,1787652772.747044,451,50.000,285.749912,14.230100,0,0,0,0,0,0.431858093,1500,1500,1431.85809,1500,1500,1000,1900,1000,1376,1414,1414,1416,1403,451,902,0,450,0
9.020000000,9.040000000,1787652772.930905,452,50.000,183.861256,13.730600,0,0,0,0,0,0.431770836,1500,1500,1431.77084,1500,1500,1000,1900,1000,1376,1415,1415,1415,1402,452,904,0,451,0
9.040000000,9.060000000,1787652773.095545,453,50.000,164.639711,14.650400,0,0,0,0,0,0.431694143,1500,1500,1431.69414,1500,1500,1000,1900,1000,1376,1415,1415,1414,1402,453,906,0,452,0
9.060000000,9.080000000,1787652773.234236,454,50.000,138.691187,15.341100,0,0,0,0,0,0.431620152,1500,1500,1431.62015,1500,1500,1000,1900,1000,1376,1415,1415,1413,1401,454,908,0,453,0
9.080000000,9.100000000,1787652773.529021,455,50.000,294.785023,15.070000,0,0,0,0,0,0.431549201,1500,1500,1431.5492,1500,1500,1000,1900,1000,1376,1415,1415,1413,1401,455,910,0,454,0
9.100000000,9.120000000,1787652773.699257,456,50.000,170.236111,12.808000,0,0,0,0,0,0.431481405,1500,1500,1431.48141,1500,1500,1000,1900,1000,1376,1416,1416,1412,1400,456,912,0,455,0
9.120000000,9.140000000,1787652773.813815,457,50.000,114.557743,12.045800,0,0,0,0,0,0.431416714,1500,1500,1431.41671,1500,1500,1000,1900,1000,1376,1416,1416,1411,1400,457,914,0,456,0
9.140000000,9.160000000,1787652773.926995,458,50.000,113.180161,20.809400,0,0,0,0,0,0.431354971,1500,1500,1431.35497,1500,1500,1000,1900,1000,1376,1416,1416,1411,1400,458,916,0,457,0
9.160000000,9.180000000,1787652774.055001,459,50.000,128.005981,14.168400,0,0,0,0,0,0.431295943,1500,1500,1431.29594,1500,1500,1000,1900,1000,1376,1417,1417,1410,1400,459,918,0,458,0
9.180000000,9.200000000,1787652774.204172,460,50.000,149.171114,14.236300,0,0,0,0,0,0.43123935,1500,1500,1431.23935,1500,1500,1000,1900,1000,1376,1417,1417,1410,1400,460,920,0,459,0
9.200000000,9.220000000,1787652774.355761,461,50.000,151.588917,13.803600,0,0,0,0,0,0.431184892,1500,1500,1431.18489,1500,1500,1000,1900,1000,1376,1417,1417,1410,1400,461,922,0,460,0
9.220000000,9.240000000,1787652774.560930,462,50.000,205.168962,13.789600,0,0,0,0,0,0.43113226,1500,1500,1431.13226,1500,1500,1000,1900,1000,1376,1417,1417,1410,1400,462,924,0,461,0
9.240000000,9.260000000,1787652774.727038,463,50.000,166.108131,13.422200,0,0,0,0,0,0.431081145,1500,1500,1431.08115,1500,1500,1000,1900,1000,1376,1417,1417,1410,1400,463,926,0,462,0
9.260000000,9.280000000,1787652774.896065,464,50.000,169.026852,13.879300,0,0,0,0,0,0.431031249,1500,1500,1431.03125,1500,1500,1000,1900,1000,1376,1417,1417,1410,1400,464,928,0,463,0
9.280000000,9.300000000,1787652775.070415,465,50.000,174.350023,12.975700,0,0,0,0,0,0.430982287,1500,1500,1430.98229,1500,1500,1000,1900,1000,1376,1417,1417,1410,1400,465,930,0,464,0
9.300000000,9.320000000,1787652775.182372,466,50.000,111.957073,13.686300,0,0,0,0,0,0.430933992,1500,1500,1430.93399,1500,1500,1000,1900,1000,1375,1417,1417,1410,1400,466,932,0,465,0
9.320000000,9.340000000,1787652775.300455,467,50.000,118.083000,14.047200,0,0,0,0,0,0.430886117,1500,1500,1430.88612,1500,1500,1000,1900,1000,1375,1418,1418,1410,1400,467,934,0,466,0
9.340000000,9.360000000,1787652775.417797,468,50.000,117.341995,15.713100,0,0,0,0,0,0.430846401,1500,1500,1430.8464,1500,1500,1000,1900,1000,1375,1418,1418,1410,1400,468,936,0,467,0
9.360000000,9.380000000,1787652775.522008,469,50.000,104.210854,12.044100,0,0,0,0,0,0.43080657,1500,1500,1430.80657,1500,1500,1000,1900,1000,1375,1418,1418,1410,1400,469,938,0,468,0
9.380000000,9.400000000,1787652775.636527,470,50.000,114.519119,12.929900,0,0,0,0,0,0.430766537,1500,1500,1430.76654,1500,1500,1000,1900,1000,1375,1417,1417,1410,1400,470,940,0,469,0
9.400000000,9.420000000,1787652775.746937,471,50.000,110.409975,12.934200,0,0,0,0,0,0.430726139,1500,1500,1430.72614,1500,1500,1000,1900,1000,1375,1417,1417,1410,1401,471,942,0,470,0
9.420000000,9.440000000,1787652775.855966,472,50.000,109.029055,13.128600,0,0,0,0,0,0.430685239,1500,1500,1430.68524,1500,1500,1000,1900,1000,1375,1417,1417,1410,1401,472,944,0,471,0
9.440000000,9.460000000,1787652775.973021,473,50.000,117.054939,13.352800,0,0,0,0,0,0.430643718,1500,1500,1430.64372,1500,1500,1000,1900,1000,1375,1417,1417,1410,1401,473,946,0,472,0
9.460000000,9.480000000,1787652776.075361,474,50.000,102.339983,13.508600,0,0,0,0,0,0.430601476,1500,1500,1430.60148,1500,1500,1000,1900,1000,1375,1417,1417,1410,1401,474,948,0,473,0
9.480000000,9.500000000,1787652776.180844,475,50.000,105.483055,12.753300,0,0,0,0,0,0.430558431,1500,1500,1430.55843,1500,1500,1000,1900,1000,1375,1417,1417,1410,1401,475,950,0,474,0
9.500000000,9.520000000,1787652776.280360,476,50.000,99.516153,12.720100,0,0,0,0,0,0.430514516,1500,1500,1430.51452,1500,1500,1000,1900,1000,1375,1417,1417,1410,1401,476,952,0,475,0
9.520000000,9.540000000,1787652776.382968,477,50.000,102.607727,15.294400,0,0,0,0,0,0.430469677,1500,1500,1430.46968,1500,1500,1000,1900,1000,1375,1417,1417,1410,1401,477,954,0,476,0
9.540000000,9.560000000,1787652776.478453,478,50.000,95.484972,14.117200,0,0,0,0,0,0.430423876,1500,1500,1430.42388,1500,1500,1000,1900,1000,1375,1417,1417,1410,1401,478,956,0,477,0
9.560000000,9.580000000,1787652776.574916,479,50.000,96.463203,14.080100,0,0,0,0,0,0.430377082,1500,1500,1430.37708,1500,1500,1000,1900,1000,1375,1417,1417,1410,1401,479,958,0,478,0
9.580000000,9.600000000,1787652776.675209,480,50.000,100.292921,16.016700,0,0,0,0,0,0.430329276,1500,1500,1430.32928,1500,1500,1000,1900,1000,1375,1417,1417,1410,1401,480,960,0,479,0
9.600000000,9.620000000,1787652776.768786,481,50.000,93.576908,12.454500,0,0,0,0,0,0.430280447,1500,1500,1430.28045,1500,1500,1000,1900,1000,1375,1416,1416,1410,1401,481,962,0,480,0
9.620000000,9.640000000,1787652776.857681,482,50.000,88.894844,12.618700,0,0,0,0,0,0.430230591,1500,1500,1430.23059,1500,1500,1000,1900,1000,1375,1416,1416,1410,1401,482,964,0,481,0
9.640000000,9.660000000,1787652776.947811,483,50.000,90.130329,13.131100,0,0,0,0,0,0.430179709,1500,1500,1430.17971,1500,1500,1000,1900,1000,1375,1416,1416,1410,1401,483,966,0,482,0
9.660000000,9.680000000,1787652777.037880,484,50.000,90.068817,14.464300,0,0,0,0,0,0.430127809,1500,1500,1430.12781,1500,1500,1000,1900,1000,1375,1416,1416,1410,1401,484,968,0,483,0
9.680000000,9.700000000,1787652777.133585,485,50.000,95.705032,13.619900,0,0,0,0,0,0.430074902,1500,1500,1430.0749,1500,1500,1000,1900,1000,1375,1416,1416,1410,1401,485,970,0,484,0
9.700000000,9.720000000,1787652777.254099,486,50.000,120.514154,12.245800,0,0,0,0,0,0.430021001,1500,1500,1430.021,1500,1500,1000,1900,1000,1375,1416,1416,1410,1401,486,972,0,485,0
9.720000000,9.740000000,1787652777.393133,487,50.000,139.034033,13.132800,0,0,0,0,0,0.429966124,1500,1500,1429.96612,1500,1500,1000,1900,1000,1375,1415,1415,1410,1401,487,974,0,486,0
9.740000000,9.760000000,1787652777.506973,488,50.000,113.839626,12.815300,0,0,0,0,0,0.429910289,1500,1500,1429.91029,1500,1500,1000,1900,1000,1374,1415,1415,1410,1401,488,976,0,487,0
9.760000000,9.780000000,1787652777.647179,489,50.000,140.206099,14.336100,0,0,0,0,0,0.429853517,1500,1500,1429.85352,1500,1500,1000,1900,1000,1374,1415,1415,1409,1401,489,978,0,488,0
9.780000000,9.800000000,1787652777.796371,490,50.000,149.192095,14.159000,0,0,0,0,0,0.429803735,1500,1500,1429.80373,1500,1500,1000,1900,1000,1374,1415,1415,1409,1400,490,980,0,489,0
9.800000000,9.820000000,1787652777.952513,491,50.000,156.141996,13.581600,0,0,0,0,0,0.429752953,1500,1500,1429.75295,1500,1500,1000,1900,1000,1374,1415,1415,1409,1400,491,982,0,490,0
9.820000000,9.840000000,1787652778.111379,492,50.000,158.865929,15.332400,0,0,0,0,0,0.429701282,1500,1500,1429.70128,1500,1500,1000,1900,1000,1374,1414,1414,1409,1400,492,984,0,491,0
9.840000000,9.860000000,1787652778.303432,493,50.000,192.053080,13.558200,0,0,0,0,0,0.429648742,1500,1500,1429.64874,1500,1500,1000,1900,1000,1374,1414,1414,1409,1400,493,986,0,492,0
9.860000000,9.880000000,1787652778.468578,494,50.000,165.145874,15.713100,0,0,0,0,0,0.429595354,1500,1500,1429.59535,1500,1500,1000,1900,1000,1374,1414,1414,1408,1400,494,988,0,493,0
9.880000000,9.900000000,1787652778.673591,495,50.000,205.013275,13.550100,0,0,0,0,0,0.429541138,1500,1500,1429.54114,1500,1500,1000,1900,1000,1374,1414,1414,1408,1400,495,990,0,494,0
9.900000000,9.920000000,1787652778.845539,496,50.000,171.947956,12.383300,0,0,0,0,0,0.429486129,1500,1500,1429.48613,1500,1500,1000,1900,1000,1374,1414,1414,1408,1400,496,992,0,495,0
9.920000000,9.940000000,1787652779.005691,497,50.000,160.151720,12.408300,0,0,0,0,0,0.429430251,1500,1500,1429.43025,1500,1500,1000,1900,1000,1374,1413,1413,1408,1400,497,994,0,496,0
9.940000000,9.960000000,1787652779.128009,498,50.000,122.318268,14.459000,0,0,0,0,0,0.429373277,1500,1500,1429.37328,1500,1500,1000,1900,1000,1374,1413,1413,1408,1400,498,996,0,497,0
9.960000000,9.980000000,1787652779.236230,499,50.000,108.220816,13.482100,0,0,0,0,0,0.429314892,1500,1500,1429.31489,1500,1500,1000,1900,1000,1374,1413,1413,1408,1400,499,998,0,498,0
9.980000000,10.000000000,1787652779.366143,500,50.000,129.913092,12.715400,0,0,0,0,0,0.429254727,1500,1500,1429.25473,1500,1500,1000,1900,1000,1374,1413,1413,1408,1400,500,1000,0,499,0
10.000000000,10.020000000,1787652779.492723,501,50.000,126.580000,13.119900,9.2,0,0.46,0,0,0.429192391,1730,1500,1429.19239,1500,1500,1000,1900,1000,1374,1413,1413,1409,1400,501,1002,0,500,0
10.020000000,10.040000000,1787652779.611586,502,50.000,118.862867,13.427000,9.2,0,0.46,0,0,0.429127486,1730,1500,1429.12749,1500,1500,1000,1900,1000,1374,1439,1439,1409,1399,502,1004,0,501,0
10.040000000,10.060000000,1787652779.720082,503,50.000,108.496189,14.159200,9.2,0,0.46,0,0,0.429059616,1730,1500,1429.05962,1500,1500,1000,1900,1000,1374,1458,1458,1409,1398,503,1006,0,502,0
10.060000000,10.080000000,1787652779.876635,504,50.000,156.553030,13.537200,9.2,0,0.46,0,0,0.428988449,1730,1500,1428.98845,1500,1500,1000,1900,1000,1374,1471,1471,1410,1397,504,1008,0,503,0
10.080000000,10.100000000,1787652780.032091,505,50.000,155.456066,14.676700,9.2,0,0.46,0,0,0.428913783,1730,1500,1428.91378,1500,1500,1000,1900,1000,1373,1481,1481,1410,1396,505,1010,0,504,0
10.100000000,10.120000000,1787652780.159409,506,50.000,127.317905,12.772900,9.2,0,0.46,0,0,0.428835386,1730,1500,1428.83539,1500,1500,1000,1900,1000,1373,1489,1489,1410,1395,506,1012,0,505,0
10.120000000,10.140000000,1787652780.311400,507,50.000,151.990891,13.728500,9.2,0,0.46,0,0,0.428760852,1730,1500,1428.76085,1500,1500,1000,1900,1000,1373,1495,1495,1410,1394,507,1014,0,506,0
10.140000000,10.160000000,1787652780.454285,508,50.000,142.884970,13.737300,9.2,0,0.46,0,0,0.428681945,1730,1500,1428.68194,1500,1500,1000,1900,1000,1373,1499,1499,1411,1392,508,1016,0,507,0
10.160000000,10.180000000,1787652780.569062,509,50.000,114.777088,12.231400,9.2,0,0.46,0,0,0.428598453,1730,1500,1428.59845,1500,1500,1000,1900,1000,1373,1502,1502,1411,1390,509,1018,0,508,0
10.180000000,10.200000000,1787652780.708218,510,50.000,139.156103,12.991500,9.2,0,0.46,0,0,0.428510091,1730,1500,1428.51009,1500,1500,1000,1900,1000,1373,1505,1505,1412,1387,510,1020,0,509,0
10.200000000,10.220000000,1787652780.894559,511,50.000,186.341047,13.302900,9.2,0,0.46,0,0,0.42841661,1730,1500,1428.41661,1500,1500,1000,1900,1000,1373,1506,1506,1413,1384,511,1022,0,510,0
10.220000000,10.240000000,1787652781.000878,512,50.000,106.318712,12.664500,9.2,0,0.46,0,0,0.428317718,1730,1500,1428.31772,1500,1500,1000,1900,1000,1373,1507,1507,1413,1381,512,1024,0,511,0
10.240000000,10.260000000,1787652781.110306,513,50.000,109.428167,12.780900,9.2,0,0.46,0,0,0.428213245,1730,1500,1428.21325,1500,1500,1000,1900,1000,1373,1507,1507,1414,1377,513,1026,0,512,0
10.260000000,10.280000000,1787652781.221427,514,50.000,111.120939,13.656500,9.2,0,0.46,0,0,0.428102983,1730,1500,1428.10298,1500,1500,1000,1900,1000,1373,1507,1507,1415,1372,514,1028,0,513,0
10.280000000,10.300000000,1787652781.326181,515,50.000,104.753971,13.327100,9.2,0,0.46,0,0,0.427986825,1730,1500,1427.98682,1500,1500,1000,1900,1000,1373,1506,1506,1415,1368,515,1030,0,514,0
10.300000000,10.320000000,1787652781.420032,516,50.000,93.851089,12.458300,9.2,0,0.46,0,0,0.427864734,1730,1500,1427.86473,1500,1500,1000,1900,1000,1372,1505,1505,1416,1362,516,1032,0,515,0
10.320000000,10.340000000,1787652781.510118,517,50.000,90.085983,13.363900,9.2,0,0.46,0,0,0.427737037,1730,1500,1427.73704,1500,1500,1000,1900,1000,1372,1504,1504,1416,1356,517,1034,0,516,0
10.340000000,10.360000000,1787652781.605991,518,50.000,95.872879,14.627600,9.2,0,0.46,0,0,0.427611882,1730,1500,1427.61188,1500,1500,1000,1900,1000,1372,1502,1502,1417,1350,518,1036,0,517,0
10.360000000,10.380000000,1787652781.696871,519,50.000,90.880156,13.240000,9.2,0,0.46,0,0,0.427481789,1730,1500,1427.48179,1500,1500,1000,1900,1000,1372,1500,1500,1417,1344,519,1038,0,518,0
10.380000000,10.400000000,1787652781.784907,520,50.000,88.035822,13.907600,9.2,0,0.46,0,0,0.427347301,1730,1500,1427.3473,1500,1500,1000,1900,1000,1372,1498,1498,1418,1337,520,1040,0,519,0
10.400000000,10.420000000,1787652781.872848,521,50.000,87.940931,12.706800,9.2,0,0.46,0,0,0.427208906,1730,1500,1427.20891,1500,1500,1000,1900,1000,1372,1495,1495,1418,1330,521,1042,0,520,0
10.420000000,10.440000000,1787652781.961829,522,50.000,88.981390,12.322100,9.2,0,0.46,0,0,0.427067128,1730,1500,1427.06713,1500,1500,1000,1900,1000,1372,1493,1493,1419,1323,522,1044,0,521,0
10.440000000,10.460000000,1787652782.069693,523,50.000,107.863903,11.712000,9.2,0,0.46,0,0,0.42692248,1730,1500,1426.92248,1500,1500,1000,1900,1000,1372,1490,1490,1419,1315,523,1046,0,522,0
10.460000000,10.480000000,1787652782.212619,524,50.000,142.925739,13.240100,9.2,0,0.46,0,0,0.426775501,1730,1500,1426.7755,1500,1500,1000,1900,1000,1371,1487,1487,1419,1308,524,1048,0,523,0
10.480000000,10.500000000,1787652782.341386,525,50.000,128.767252,12.271800,9.2,0,0.46,0,0,0.426626725,1730,1500,1426.62673,1500,1500,1000,1900,1000,1371,1484,1484,1419,1301,525,1050,0,524,0
10.500000000,10.520000000,1787652782.448265,526,50.000,106.878757,13.700200,9.2,0,0.46,0,0,0.426484339,1730,1500,1426.48434,1500,1500,1000,1900,1000,1371,1481,1481,1419,1294,526,1052,0,525,0
10.520000000,10.540000000,1787652782.552323,527,50.000,104.058266,13.690500,9.2,0,0.46,0,0,0.426340931,1730,1500,1426.34093,1500,1500,1000,1900,1000,1371,1478,1478,1420,1287,527,1054,0,526,0
10.540000000,10.560000000,1787652782.659571,528,50.000,107.247829,14.452300,9.2,0,0.46,0,0,0.426197063,1730,1500,1426.19706,1500,1500,1000,1900,1000,1371,1475,1475,1419,1280,528,1056,0,527,0
10.560000000,10.580000000,1787652782.776426,529,50.000,116.855145,14.364100,9.2,0,0.46,0,0,0.426053096,1730,1500,1426.0531,1500,1500,1000,1900,1000,1371,1473,1473,1419,1275,529,1058,0,528,0
10.580000000,10.600000000,1787652782.910631,530,50.000,134.205103,12.500500,9.2,0,0.46,0,0,0.425909233,1730,1500,1425.90923,1500,1500,1000,1900,1000,1371,1470,1470,1419,1269,530,1060,0,529,0
10.600000000,10.620000000,1787652783.017869,531,50.000,107.237816,11.863800,9.2,0,0.46,0,0,0.425765454,1730,1500,1425.76545,1500,1500,1000,1900,1000,1371,1467,1467,1419,1264,531,1062,0,530,0
10.620000000,10.640000000,1787652783.117204,532,50.000,99.335194,12.993800,9.2,0,0.46,0,0,0.425622609,1730,1500,1425.62261,1500,1500,1000,1900,1000,1371,1464,1464,1418,1260,532,1064,0,531,0
10.640000000,10.660000000,1787652783.217407,533,50.000,100.202799,12.667200,9.2,0,0.46,0,0,0.425480767,1730,1500,1425.48077,1500,1500,1000,1900,1000,1371,1462,1462,1418,1257,533,1066,0,532,0
10.660000000,10.680000000,1787652783.320473,534,50.000,103.065968,12.391100,9.2,0,0.46,0,0,0.425340482,1730,1500,1425.34048,1500,1500,1000,1900,1000,1371,1459,1459,1417,1254,534,1068,0,533,0
10.680000000,10.700000000,1787652783.428122,535,50.000,107.649088,13.265600,9.2,0,0.46,0,0,0.425201554,1730,1500,1425.20155,1500,1500,1000,1900,1000,1371,1457,1457,1416,1252,535,1070,0,534,0
10.700000000,10.720000000,1787652783.530754,536,50.000,102.631807,14.534900,9.2,0,0.46,0,0,0.425064429,1730,1500,1425.06443,1500,1500,1000,1900,1000,1371,1454,1454,1416,1251,536,1072,0,535,0
10.720000000,10.740000000,1787652783.632907,537,50.000,102.153063,13.712000,9.2,0,0.46,0,0,0.424928552,1730,1500,1424.92855,1500,1500,1000,1900,1000,1371,1452,1452,1415,1251,537,1074,0,536,0
10.740000000,10.760000000,1787652783.733966,538,50.000,101.059198,13.297000,9.2,0,0.46,0,0,0.424793623,1730,1500,1424.79362,1500,1500,1000,1900,1000,1370,1450,1450,1414,1252,538,1076,0,537,0
10.760000000,10.780000000,1787652783.836780,539,50.000,102.813959,13.935800,9.2,0,0.46,0,0,0.424659583,1730,1500,1424.65958,1500,1500,1000,1900,1000,1370,1447,1447,1413,1253,539,1078,0,538,0
10.780000000,10.800000000,1787652783.940162,540,50.000,103.382111,13.310300,9.2,0,0.46,0,0,0.424533844,1730,1500,1424.53384,1500,1500,1000,1900,1000,1370,1445,1445,1412,1255,540,1080,0,539,0
10.800000000,10.820000000,1787652784.037265,541,50.000,97.102642,12.663400,9.2,0,0.46,0,0,0.424408423,1730,1500,1424.40842,1500,1500,1000,1900,1000,1370,1443,1443,1412,1259,541,1082,0,540,0
10.820000000,10.840000000,1787652784.131018,542,50.000,93.753338,12.799200,9.2,0,0.46,0,0,0.424283183,1730,1500,1424.28318,1500,1500,1000,1900,1000,1370,1441,1441,1411,1263,542,1084,0,541,0
10.840000000,10.860000000,1787652784.225009,543,50.000,93.990803,13.167200,9.2,0,0.46,0,0,0.424157107,1730,1500,1424.15711,1500,1500,1000,1900,1000,1370,1439,1439,1411,1268,543,1086,0,542,0
10.860000000,10.880000000,1787652784.328624,544,50.000,103.615046,12.851400,9.2,0,0.46,0,0,0.424028715,1730,1500,1424.02871,1500,1500,1000,1900,1000,1370,1437,1437,1410,1273,544,1088,0,543,0
10.880000000,10.900000000,1787652784.427995,545,50.000,99.371195,13.162600,9.2,0,0.46,0,0,0.423897654,1730,1500,1423.89765,1500,1500,1000,1900,1000,1370,1442,1442,1410,1279,545,1090,0,544,0
10.900000000,10.920000000,1787652784.591288,546,50.000,163.292885,12.392500,9.2,0,0.46,0,0,0.423762314,1730,1500,1423.76231,1500,1500,1000,1900,1000,1369,1441,1441,1410,1286,546,1092,0,545,0
10.920000000,10.940000000,1787652784.725725,547,50.000,134.437084,13.215900,9.2,0,0.46,0,0,0.423621958,1730,1500,1423.62196,1500,1500,1000,1900,1000,1369,1439,1439,1410,1294,547,1094,0,546,0
10.940000000,10.960000000,1787652784.855206,548,50.000,129.480839,13.569300,9.2,0,0.46,0,0,0.423483464,1730,1500,1423.48346,1500,1500,1000,1900,1000,1369,1438,1438,1411,1302,548,1096,0,547,0
10.960000000,10.980000000,1787652784.965251,549,50.000,110.044956,12.925000,9.2,0,0.46,0,0,0.423338444,1730,1500,1423.33844,1500,1500,1000,1900,1000,1369,1437,1437,1411,1311,549,1098,0,548,0
10.980000000,11.000000000,1787652785.067306,550,50.000,102.054834,13.636100,9.2,0,0.46,0,0,0.423186478,1730,1500,1423.18648,1500,1500,1000,1900,1000,1369,1436,1436,1411,1320,550,1100,0,549,0
11.000000000,11.020000000,1787652785.183376,551,50.000,116.070271,13.467200,9.2,0,0.46,0,0,0.423027176,1730,1500,1423.02718,1500,1500,1000,1900,1000,1369,1435,1435,1412,1329,551,1102,0,550,0
11.020000000,11.040000000,1787652785.310103,552,50.000,126.726866,12.875900,9.2,0,0.46,0,0,0.422860228,1730,1500,1422.86023,1500,1500,1000,1900,1000,1369,1434,1434,1412,1339,552,1104,0,551,0
11.040000000,11.060000000,1787652785.415705,553,50.000,105.602026,13.133700,9.2,0,0.46,0,0,0.422685356,1730,1500,1422.68536,1500,1500,1000,1900,1000,1368,1433,1433,1413,1349,553,1106,0,552,0
11.060000000,11.080000000,1787652785.515067,554,50.000,99.361897,13.092500,9.2,0,0.46,0,0,0.422502326,1730,1500,1422.50233,1500,1500,1000,1900,1000,1368,1432,1432,1414,1358,554,1108,0,553,0
11.080000000,11.100000000,1787652785.614796,555,50.000,99.729061,12.358500,9.2,0,0.46,0,0,0.422318673,1730,1500,1422.31867,1500,1500,1000,1900,1000,1368,1431,1431,1415,1367,555,1110,0,554,0
11.100000000,11.120000000,1787652785.712722,556,50.000,97.925901,13.302500,9.2,0,0.46,0,0,0.422126612,1730,1500,1422.12661,1500,1500,1000,1900,1000,1368,1430,1430,1416,1376,556,1112,0,555,0
11.120000000,11.140000000,1787652785.815944,557,50.000,103.222370,13.399900,9.2,0,0.46,0,0,0.421926137,1730,1500,1421.92614,1500,1500,1000,1900,1000,1368,1429,1429,1417,1385,557,1114,0,556,0
11.140000000,11.160000000,1787652785.918913,558,50.000,102.968931,12.619000,9.2,0,0.46,0,0,0.421717187,1730,1500,1421.71719,1500,1500,1000,1900,1000,1367,1428,1428,1418,1394,558,1116,0,557,0
11.160000000,11.180000000,1787652786.052508,559,50.000,133.594990,16.350900,9.2,0,0.46,0,0,0.421499726,1730,1500,1421.49973,1500,1500,1000,1900,1000,1367,1427,1427,1419,1403,559,1118,0,558,0
11.180000000,11.200000000,1787652786.152597,560,50.000,100.088835,12.316800,9.2,0,0.46,0,0,0.421281295,1730,1500,1421.2813,1500,1500,1000,1900,1000,1367,1426,1426,1421,1410,560,1120,0,559,0
11.200000000,11.220000000,1787652786.250753,561,50.000,98.155975,13.702000,9.2,0,0.46,0,0,0.421054462,1730,1500,1421.05446,1500,1500,1000,1900,1000,1367,1426,1426,1422,1421,561,1122,0,560,0
11.220000000,11.240000000,1787652786.341575,562,50.000,90.821981,12.275700,9.2,0,0.46,0,0,0.420819349,1730,1500,1420.81935,1500,1500,1000,1900,1000,1367,1425,1425,1423,1432,562,1124,0,561,0
11.240000000,11.260000000,1787652786.436859,563,50.000,95.283985,13.408400,9.2,0,0.46,0,0,0.420576038,1730,1500,1420.57604,1500,1500,1000,1900,1000,1366,1424,1424,1425,1441,563,1126,0,562,0
11.260000000,11.280000000,1787652786.527405,564,50.000,90.546131,12.655800,9.2,0,0.46,0,0,0.420324812,1730,1500,1420.32481,1500,1500,1000,1900,1000,1366,1423,1423,1426,1450,564,1128,0,563,0
11.280000000,11.300000000,1787652786.618306,565,50.000,90.900898,13.015000,9.2,0,0.46,0,0,0.420073575,1730,1500,1420.07357,1500,1500,1000,1900,1000,1366,1422,1422,1427,1457,565,1130,0,564,0
11.300000000,11.320000000,1787652786.716214,566,50.000,97.908258,13.401500,9.2,0,0.46,0,0,0.419815264,1730,1500,1419.81526,1500,1500,1000,1900,1000,1366,1422,1422,1428,1463,566,1132,0,565,0
11.320000000,11.340000000,1787652786.835649,567,50.000,119.434834,12.646300,9.2,0,0.46,0,0,0.419550506,1730,1500,1419.55051,1500,1500,1000,1900,1000,1365,1421,1421,1428,1469,567,1134,0,566,0
11.340000000,11.360000000,1787652786.981552,568,50.000,145.902872,14.071300,9.2,0,0.46,0,0,0.419279981,1730,1500,1419.27998,1500,1500,1000,1900,1000,1365,1420,1420,1428,1472,568,1136,0,567,0
11.360000000,11.380000000,1787652787.157433,569,50.000,175.881147,12.901500,9.2,0,0.46,0,0,0.419012002,1730,1500,1419.012,1500,1500,1000,1900,1000,1365,1419,1419,1428,1475,569,1138,0,568,0
11.380000000,11.400000000,1787652787.292031,570,50.000,134.598017,13.731200,9.2,0,0.46,0,0,0.418739935,1730,1500,1418.73994,1500,1500,1000,1900,1000,1365,1419,1419,1428,1476,570,1140,0,569,0
11.400000000,11.420000000,1787652787.413113,571,50.000,121.082067,12.317900,9.2,0,0.46,0,0,0.418464551,1730,1500,1418.46455,1500,1500,1000,1900,1000,1364,1418,1418,1428,1476,571,1142,0,570,0
11.420000000,11.440000000,1787652787.520498,572,50.000,107.384920,13.220400,9.2,0,0.46,0,0,0.418186756,1730,1500,1418.18676,1500,1500,1000,1900,1000,1364,1417,1417,1428,1476,572,1144,0,571,0
11.440000000,11.460000000,1787652787.632266,573,50.000,111.768007,14.033000,9.2,0,0.46,0,0,0.417914725,1730,1500,1417.91473,1500,1500,1000,1900,1000,1364,1416,1416,1427,1474,573,1146,0,572,0
11.460000000,11.480000000,1787652787.749447,574,50.000,117.181063,14.909700,9.2,0,0.46,0,0,0.417641764,1730,1500,1417.64176,1500,1500,1000,1900,1000,1363,1416,1416,1427,1472,574,1148,0,573,0
11.480000000,11.500000000,1787652787.859190,575,50.000,109.742880,13.104800,9.2,0,0.46,0,0,0.417368624,1730,1500,1417.36862,1500,1500,1000,1900,1000,1363,1415,1415,1426,1469,575,1150,0,574,0
11.500000000,11.520000000,1787652787.964361,576,50.000,105.171204,12.893700,9.2,0,0.46,0,0,0.417103353,1730,1500,1417.10335,1500,1500,1000,1900,1000,1363,1414,1414,1425,1464,576,1152,0,575,0
11.520000000,11.540000000,1787652788.101096,577,50.000,136.734724,14.690600,9.2,0,0.46,0,0,0.416839457,1730,1500,1416.83946,1500,1500,1000,1900,1000,1363,1414,1414,1425,1460,577,1154,0,576,0
11.540000000,11.560000000,1787652788.242161,578,50.000,141.064882,12.658200,9.2,0,0.46,0,0,0.416577489,1730,1500,1416.57749,1500,1500,1000,1900,1000,1362,1413,1413,1424,1455,578,1156,0,577,0
11.560000000,11.580000000,1787652788.380790,579,50.000,138.629198,14.025700,9.2,0,0.46,0,0,0.416318097,1730,1500,1416.3181,1500,1500,1000,1900,1000,1362,1413,1413,1422,1449,579,1158,0,578,0
11.580000000,11.600000000,1787652788.510798,580,50.000,130.007982,14.451600,9.2,0,0.46,0,0,0.416068888,1730,1500,1416.06889,1500,1500,1000,1900,1000,1362,1412,1412,1421,1443,580,1160,0,579,0
11.600000000,11.620000000,1787652788.616044,581,50.000,105.246067,13.883700,9.2,0,0.46,0,0,0.415823236,1730,1500,1415.82324,1500,1500,1000,1900,1000,1362,1412,1412,1420,1437,581,1162,0,580,0
11.620000000,11.640000000,1787652788.759242,582,50.000,143.198013,13.710800,9.2,0,0.46,0,0,0.415581594,1730,1500,1415.58159,1500,1500,1000,1900,1000,1361,1411,1411,1418,1431,582,1164,0,581,0
11.640000000,11.660000000,1787652788.928693,583,50.000,169.450998,13.893000,9.2,0,0.46,0,0,0.415344175,1730,1500,1415.34417,1500,1500,1000,1900,1000,1361,1411,1411,1417,1425,583,1166,0,582,0
11.660000000,11.680000000,1787652789.091098,584,50.000,162.404776,12.074200,9.2,0,0.46,0,0,0.415118195,1730,1500,1415.1182,1500,1500,1000,1900,1000,1361,1410,1410,1416,1418,584,1168,0,583,0
11.680000000,11.700000000,1787652789.201416,585,50.000,110.318184,12.197900,9.2,0,0.46,0,0,0.414896299,1730,1500,1414.8963,1500,1500,1000,1900,1000,1361,1410,1410,1415,1412,585,1170,0,584,0
11.700000000,11.720000000,1787652789.314367,586,50.000,112.951040,15.645500,9.2,0,0.46,0,0,0.414678418,1730,1500,1414.67842,1500,1500,1000,1900,1000,1360,1410,1410,1414,1408,586,1172,0,585,0
11.720000000,11.740000000,1787652789.439507,587,50.000,125.139952,14.293600,9.2,0,0.46,0,0,0.414464186,1730,1500,1414.46419,1500,1500,1000,1900,1000,1360,1410,1410,1413,1404,587,1174,0,586,0
11.740000000,11.760000000,1787652789.540352,588,50.000,100.845098,13.996700,9.2,0,0.46,0,0,0.414260164,1730,1500,1414.26016,1500,1500,1000,1900,1000,1360,1410,1410,1412,1401,588,1176,0,587,0
11.760000000,11.780000000,1787652789.642335,589,50.000,101.982832,13.064400,9.2,0,0.46,0,0,0.414058779,1730,1500,1414.05878,1500,1500,1000,1900,1000,1360,1410,1410,1412,1398,589,1178,0,588,0
11.780000000,11.800000000,1787652789.745255,590,50.000,102.920055,14.392600,9.2,0,0.46,0,0,0.413859225,1730,1500,1413.85922,1500,1500,1000,1900,1000,1360,1410,1410,1412,1395,590,1180,0,589,0
11.800000000,11.820000000,1787652789.844154,591,50.000,98.899126,12.445300,0,0,0,0,0,0.413660907,1500,1500,1413.66091,1500,1500,1000,1900,1000,1359,1410,1410,1412,1392,591,1182,0,590,0
11.820000000,11.840000000,1787652789.945758,592,50.000,101.603985,12.855700,0,0,0,0,0,0.413462902,1500,1500,1413.4629,1500,1500,1000,1900,1000,1359,1397,1397,1413,1391,592,1184,0,591,0
11.840000000,11.860000000,1787652790.055019,593,50.000,109.261036,12.662900,0,0,0,0,0,0.413271994,1500,1500,1413.27199,1500,1500,1000,1900,1000,1359,1388,1388,1413,1390,593,1186,0,592,0
11.860000000,11.880000000,1787652790.164706,594,50.000,109.686852,15.655700,0,0,0,0,0,0.413080771,1500,1500,1413.08077,1500,1500,1000,1900,1000,1359,1381,1381,1414,1389,594,1188,0,593,0
11.880000000,11.900000000,1787652790.261011,595,50.000,96.304893,13.727300,0,0,0,0,0,0.412888604,1500,1500,1412.8886,1500,1500,1000,1900,1000,1359,1377,1377,1415,1388,595,1190,0,594,0
11.900000000,11.920000000,1787652790.364652,596,50.000,103.641272,15.327200,0,0,0,0,0,0.412694676,1500,1500,1412.69468,1500,1500,1000,1900,1000,1359,1373,1373,1416,1388,596,1192,0,595,0
11.920000000,11.940000000,1787652790.466983,597,50.000,102.330685,13.292800,0,0,0,0,0,0.412498156,1500,1500,1412.49816,1500,1500,1000,1900,1000,1359,1371,1371,1417,1388,597,1194,0,596,0
11.940000000,11.960000000,1787652790.558604,598,50.000,91.621161,12.040900,0,0,0,0,0,0.412298676,1500,1500,1412.29868,1500,1500,1000,1900,1000,1359,1369,1369,1418,1389,598,1196,0,597,0
11.960000000,11.980000000,1787652790.658070,599,50.000,99.466085,12.990100,0,0,0,0,0,0.412095519,1500,1500,1412.09552,1500,1500,1000,1900,1000,1359,1367,1367,1419,1391,599,1198,0,598,0
11.980000000,12.000000000,1787652790.752287,600,50.000,94.217062,12.596400,0,0,0,0,0,0.411888273,1500,1500,1411.88827,1500,1500,1000,1900,1000,1359,1366,1366,1420,1393,600,1200,0,599,0
12.000000000,12.020000000,1787652790.852674,601,50.000,100.386858,12.898700,0,0,0,0,0,0.411676836,1500,1500,1411.67684,1500,1500,1000,1900,1000,1358,1366,1366,1420,1396,601,1202,0,600,0
12.020000000,12.040000000,1787652790.940430,602,50.000,87.755919,2.940900,0,0,0,0,0,0.411460775,1500,1500,1411.46078,1500,1500,1000,1900,1000,1358,1366,1366,1421,1399,602,1204,0,601,0
12.040000000,12.060000000,1787652791.048452,603,50.000,108.021975,13.866400,0,0,0,0,0,0.411246605,1500,1500,1411.24661,1500,1500,1000,1900,1000,1358,1365,1365,1422,1403,603,1206,0,602,0
12.060000000,12.080000000,1787652791.144155,604,50.000,95.703125,13.153000,0,0,0,0,0,0.411026535,1500,1500,1411.02654,1500,1500,1000,1900,1000,1358,1365,1365,1422,1408,604,1208,0,603,0
12.080000000,12.100000000,1787652791.239721,605,50.000,95.566034,12.777800,0,0,0,0,0,0.410800594,1500,1500,1410.80059,1500,1500,1000,1900,1000,1358,1366,1366,1423,1413,605,1210,0,604,0
12.100000000,12.120000000,1787652791.338517,606,50.000,98.796129,13.856300,0,0,0,0,0,0.410568546,1500,1500,1410.56855,1500,1500,1000,1900,1000,1357,1366,1366,1423,1421,606,1212,0,605,0
12.120000000,12.140000000,1787652791.438411,607,50.000,99.893808,14.261800,0,0,0,0,0,0.410330825,1500,1500,1410.33082,1500,1500,1000,1900,1000,1357,1366,1366,1424,1431,607,1214,0,606,0
12.140000000,12.160000000,1787652791.529544,608,50.000,91.132879,13.312900,0,0,0,0,0,0.410094303,1500,1500,1410.0943,1500,1500,1000,1900,1000,1357,1367,1367,1424,1439,608,1216,0,607,0
12.160000000,12.180000000,1787652791.624394,609,50.000,94.850063,13.027600,0,0,0,0,0,0.40985229,1500,1500,1409.85229,1500,1500,1000,1900,1000,1357,1367,1367,1425,1449,609,1218,0,608,0
12.180000000,12.200000000,1787652791.789619,610,50.000,165.225029,14.342700,0,0,0,0,0,0.409605377,1500,1500,1409.60538,1500,1500,1000,1900,1000,1356,1367,1367,1425,1459,610,1220,0,609,0
12.200000000,12.220000000,1787652792.092587,611,50.000,302.968025,15.531700,0,0,0,0,0,0.409354023,1500,1500,1409.35402,1500,1500,1000,1900,1000,1356,1368,1368,1425,1470,611,1222,0,610,0
12.220000000,12.240000000,1787652792.262342,612,50.000,169.754982,12.349700,0,0,0,0,0,0.409105651,1500,1500,1409.10565,1500,1500,1000,1900,1000,1356,1368,1368,1425,1481,612,1224,0,611,0
12.240000000,12.260000000,1787652792.404233,613,50.000,141.891003,14.246400,0,0,0,0,0,0.408853731,1500,1500,1408.85373,1500,1500,1000,1900,1000,1356,1369,1369,1426,1492,613,1226,0,612,0
12.260000000,12.280000000,1787652792.557077,614,50.000,152.843952,13.048100,0,0,0,0,0,0.408598846,1500,1500,1408.59885,1500,1500,1000,1900,1000,1355,1369,1369,1427,1503,614,1228,0,613,0
12.280000000,12.300000000,1787652792.688720,615,50.000,131.643057,12.945800,0,0,0,0,0,0.408341517,1500,1500,1408.34152,1500,1500,1000,1900,1000,1355,1369,1369,1427,1514,615,1230,0,614,0
12.300000000,12.320000000,1787652792.802442,616,50.000,113.721848,12.997100,0,0,0,0,0,0.408089123,1500,1500,1408.08912,1500,1500,1000,1900,1000,1355,1370,1370,1428,1525,616,1232,0,615,0
12.320000000,12.340000000,1787652792.929789,617,50.000,127.347231,14.364900,0,0,0,0,0,0.407835278,1500,1500,1407.83528,1500,1500,1000,1900,1000,1355,1370,1370,1428,1535,617,1234,0,616,0
12.340000000,12.360000000,1787652793.077024,618,50.000,147.234917,13.278600,0,0,0,0,0,0.407580767,1500,1500,1407.58077,1500,1500,1000,1900,1000,1354,1371,1371,1428,1545,618,1236,0,617,0
12.360000000,12.380000000,1787652793.207306,619,50.000,130.281925,2.226700,0,0,0,0,0,0.407326387,1500,1500,1407.32639,1500,1500,1000,1900,1000,1354,1371,1371,1428,1554,619,1238,0,618,0
12.380000000,12.400000000,1787652793.335033,620,50.000,127.727032,12.517100,0,0,0,0,0,0.40707978,1500,1500,1407.07978,1500,1500,1000,1900,1000,1354,1371,1371,1427,1563,620,1240,0,619,0
12.400000000,12.420000000,1787652793.476113,621,50.000,141.080141,2.907600,0,0,0,0,0,0.406834832,1500,1500,1406.83483,1500,1500,1000,1900,1000,1354,1372,1372,1427,1571,621,1242,0,620,0
12.420000000,12.440000000,1787652793.599317,622,50.000,123.203754,12.602400,0,0,0,0,0,0.406592371,1500,1500,1406.59237,1500,1500,1000,1900,1000,1353,1372,1372,1426,1578,622,1244,0,621,0
12.440000000,12.460000000,1787652793.714880,623,50.000,115.563154,12.883900,0,0,0,0,0,0.406353117,1500,1500,1406.35312,1500,1500,1000,1900,1000,1353,1372,1372,1425,1584,623,1246,0,622,0
12.460000000,12.480000000,1787652793.860655,624,50.000,145.775080,14.010600,0,0,0,0,0,0.406124524,1500,1500,1406.12452,1500,1500,1000,1900,1000,1353,1373,1373,1424,1589,624,1248,0,623,0
12.480000000,12.500000000,1787652793.998043,625,50.000,137.387991,13.958300,0,0,0,0,0,0.405900284,1500,1500,1405.90028,1500,1500,1000,1900,1000,1353,1373,1373,1423,1594,625,1250,0,624,0
12.500000000,12.520000000,1787652794.151869,626,50.000,153.825760,13.106700,0,0,0,0,0,0.405680887,1500,1500,1405.68089,1500,1500,1000,1900,1000,1352,1374,1374,1422,1597,626,1252,0,625,0
12.520000000,12.540000000,1787652794.271518,627,50.000,119.649172,14.404900,0,0,0,0,0,0.405466871,1500,1500,1405.46687,1500,1500,1000,1900,1000,1352,1374,1374,1420,1599,627,1254,0,626,0
12.540000000,12.560000000,1787652794.387169,628,50.000,115.650892,13.572700,0,0,0,0,0,0.405265449,1500,1500,1405.26545,1500,1500,1000,1900,1000,1352,1374,1374,1419,1600,628,1256,0,627,0
12.560000000,12.580000000,1787652794.495564,629,50.000,108.395100,12.009700,0,0,0,0,0,0.405070215,1500,1500,1405.07021,1500,1500,1000,1900,1000,1352,1375,1375,1418,1600,629,1258,0,628,0
12.580000000,12.600000000,1787652794.599818,630,50.000,104.254246,11.932200,0,0,0,0,0,0.404881467,1500,1500,1404.88147,1500,1500,1000,1900,1000,1352,1375,1375,1417,1599,630,1260,0,629,0
12.600000000,12.620000000,1787652794.702180,631,50.000,102.361679,13.144300,0,0,0,0,0,0.404699218,1500,1500,1404.69922,1500,1500,1000,1900,1000,1351,1375,1375,1416,1596,631,1262,0,630,0
12.620000000,12.640000000,1787652794.816419,632,50.000,114.238977,13.404000,0,0,0,0,0,0.404523351,1500,1500,1404.52335,1500,1500,1000,1900,1000,1351,1376,1376,1415,1593,632,1264,0,631,0
12.640000000,12.660000000,1787652794.941303,633,50.000,124.884129,13.145500,0,0,0,0,0,0.404360359,1500,1500,1404.36036,1500,1500,1000,1900,1000,1351,1376,1376,1414,1589,633,1266,0,632,0
12.660000000,12.680000000,1787652795.076398,634,50.000,135.094881,13.653700,0,0,0,0,0,0.404203237,1500,1500,1404.20324,1500,1500,1000,1900,1000,1351,1376,1376,1413,1584,634,1268,0,633,0
12.680000000,12.700000000,1787652795.200273,635,50.000,123.875141,13.236200,0,0,0,0,0,0.404051834,1500,1500,1404.05183,1500,1500,1000,1900,1000,1351,1377,1377,1412,1578,635,1270,0,634,0
12.700000000,12.720000000,1787652795.313233,636,50.000,112.959862,14.283100,0,0,0,0,0,0.40390582,1500,1500,1403.90582,1500,1500,1000,1900,1000,1351,1377,1377,1411,1572,636,1272,0,635,0
12.720000000,12.740000000,1787652795.420023,637,50.000,106.790066,13.302500,0,0,0,0,0,0.403764777,1500,1500,1403.76478,1500,1500,1000,1900,1000,1350,1377,1377,1411,1564,637,1274,0,636,0
12.740000000,12.760000000,1787652795.537051,638,50.000,117.027998,12.323500,0,0,0,0,0,0.403628236,1500,1500,1403.62824,1500,1500,1000,1900,1000,1350,1378,1378,1410,1557,638,1276,0,637,0
12.760000000,12.780000000,1787652795.663942,639,50.000,126.890898,15.073700,0,0,0,0,0,0.403502361,1500,1500,1403.50236,1500,1500,1000,1900,1000,1350,1378,1378,1410,1549,639,1278,0,638,0
12.780000000,12.800000000,1787652795.776230,640,50.000,112.288237,13.229300,0,0,0,0,0,0.403379981,1500,1500,1403.37998,1500,1500,1000,1900,1000,1350,1378,1378,1410,1541,640,1280,0,639,0
12.800000000,12.820000000,1787652795.885531,641,50.000,109.300852,13.218400,0,0,0,0,0,0.403260743,1500,1500,1403.26074,1500,1500,1000,1900,1000,1350,1379,1379,1410,1532,641,1282,0,640,0
12.820000000,12.840000000,1787652795.996920,642,50.000,111.388922,12.797800,0,0,0,0,0,0.403144228,1500,1500,1403.14423,1500,1500,1000,1900,1000,1350,1379,1379,1410,1523,642,1284,0,641,0
12.840000000,12.860000000,1787652796.126068,643,50.000,129.148245,15.983100,0,0,0,0,0,0.403030005,1500,1500,1403.03001,1500,1500,1000,1900,1000,1350,1380,1380,1410,1514,643,1286,0,642,0
12.860000000,12.880000000,1787652796.251118,644,50.000,125.049829,13.690700,0,0,0,0,0,0.402917868,1500,1500,1402.91787,1500,1500,1000,1900,1000,1350,1380,1380,1410,1506,644,1288,0,643,0
12.880000000,12.900000000,1787652796.369315,645,50.000,118.196964,14.342100,-9.2,0,-0.46,0,0,0.40280764,1270,1500,1402.80764,1500,1500,1000,1900,1000,1349,1381,1381,1410,1497,645,1290,0,644,0
12.900000000,12.920000000,1787652796.504993,646,50.000,135.678053,13.346500,-9.2,0,-0.46,0,0,0.402699167,1270,1500,1402.69917,1500,1500,1000,1900,1000,1349,1369,1369,1410,1490,646,1292,0,645,0
12.920000000,12.940000000,1787652796.671692,647,50.000,166.698933,14.203100,-9.2,0,-0.46,0,0,0.402599009,1270,1500,1402.59901,1500,1500,1000,1900,1000,1349,1360,1360,1410,1483,647,1294,0,646,0
12.940000000,12.960000000,1787652796.836343,648,50.000,164.651155,13.092700,-9.2,0,-0.46,0,0,0.402500687,1270,1500,1402.50069,1500,1500,1000,1900,1000,1349,1355,1355,1410,1476,648,1296,0,647,0
12.960000000,12.980000000,1787652796.970757,649,50.000,134.413958,13.648900,-9.2,0,-0.46,0,0,0.402404324,1270,1500,1402.40432,1500,1500,1000,1900,1000,1349,1350,1350,1410,1469,649,1298,0,648,0
12.980000000,13.000000000,1787652797.108320,650,50.000,137.562990,13.019200,-9.2,0,-0.46,0,0,0.402309847,1270,1500,1402.30985,1500,1500,1000,1900,1000,1349,1347,1347,1410,1463,650,1300,0,649,0
13.000000000,13.020000000,1787652797.252077,651,50.000,143.756866,3.194300,-9.2,0,-0.46,0,0,0.402217425,1270,1500,1402.21742,1500,1500,1000,1900,1000,1349,1345,1345,1410,1457,651,1302,0,650,0
13.020000000,13.040000000,1787652797.392212,652,50.000,140.135050,19.767000,-9.2,0,-0.46,0,0,0.402126912,1270,1500,1402.12691,1500,1500,1000,1900,1000,1349,1344,1344,1410,1452,652,1304,0,651,0
13.040000000,13.060000000,1787652797.527484,653,50.000,135.272026,13.602300,-9.2,0,-0.46,0,0,0.402038285,1270,1500,1402.03828,1500,1500,1000,1900,1000,1349,1343,1343,1410,1448,653,1306,0,652,0
13.060000000,13.080000000,1787652797.645096,654,50.000,117.612123,12.881200,-9.2,0,-0.46,0,0,0.401951661,1270,1500,1401.95166,1500,1500,1000,1900,1000,1349,1343,1343,1409,1446,654,1308,0,653,0
13.080000000,13.100000000,1787652797.763488,655,50.000,118.391991,12.847300,-9.2,0,-0.46,0,0,0.401867048,1270,1500,1401.86705,1500,1500,1000,1900,1000,1348,1343,1343,1409,1444,655,1310,0,654,0
13.100000000,13.120000000,1787652797.925529,656,50.000,162.040949,12.318800,-9.2,0,-0.46,0,0,0.401784362,1270,1500,1401.78436,1500,1500,1000,1900,1000,1348,1343,1343,1409,1443,656,1312,0,655,0
13.120000000,13.140000000,1787652798.051069,657,50.000,125.540018,12.442600,-9.2,0,-0.46,0,0,0.401710135,1270,1500,1401.71014,1500,1500,1000,1900,1000,1348,1343,1343,1409,1443,657,1314,0,656,0
13.140000000,13.160000000,1787652798.180332,658,50.000,129.262924,12.778000,-9.2,0,-0.46,0,0,0.401637787,1270,1500,1401.63779,1500,1500,1000,1900,1000,1348,1344,1344,1409,1445,658,1316,0,657,0
13.160000000,13.180000000,1787652798.298650,659,50.000,118.317842,15.049900,-9.2,0,-0.46,0,0,0.401567443,1270,1500,1401.56744,1500,1500,1000,1900,1000,1348,1344,1344,1409,1448,659,1318,0,658,0
13.180000000,13.200000000,1787652798.409376,660,50.000,110.726118,14.411600,-9.2,0,-0.46,0,0,0.401499188,1270,1500,1401.49919,1500,1500,1000,1900,1000,1348,1345,1345,1408,1451,660,1320,0,659,0
13.200000000,13.220000000,1787652798.511544,661,50.000,102.168083,13.482400,-9.2,0,-0.46,0,0,0.401433112,1270,1500,1401.43311,1500,1500,1000,1900,1000,1348,1346,1346,1408,1456,661,1322,0,660,0
13.220000000,13.240000000,1787652798.618001,662,50.000,106.456995,12.496300,-9.2,0,-0.46,0,0,0.401369299,1270,1500,1401.3693,1500,1500,1000,1900,1000,1348,1346,1346,1408,1461,662,1324,0,661,0
13.240000000,13.260000000,1787652798.724253,663,50.000,106.251955,13.975700,-9.2,0,-0.46,0,0,0.401307698,1270,1500,1401.3077,1500,1500,1000,1900,1000,1348,1347,1347,1408,1468,663,1326,0,662,0
13.260000000,13.280000000,1787652798.828417,664,50.000,104.164124,13.996800,-9.2,0,-0.46,0,0,0.401248178,1270,1500,1401.24818,1500,1500,1000,1900,1000,1348,1348,1348,1408,1475,664,1328,0,663,0
13.280000000,13.300000000,1787652798.946300,665,50.000,117.882967,13.877500,-9.2,0,-0.46,0,0,0.401190486,1270,1500,1401.19049,1500,1500,1000,1900,1000,1348,1349,1349,1408,1483,665,1330,0,664,0
13.300000000,13.320000000,1787652799.053172,666,50.000,106.872082,14.352600,-9.2,0,-0.46,0,0,0.401134393,1270,1500,1401.13439,1500,1500,1000,1900,1000,1348,1350,1350,1408,1491,666,1332,0,665,0
13.320000000,13.340000000,1787652799.156658,667,50.000,103.485823,13.488700,-9.2,0,-0.46,0,0,0.401079612,1270,1500,1401.07961,1500,1500,1000,1900,1000,1348,1351,1351,1408,1501,667,1334,0,666,0
13.340000000,13.360000000,1787652799.260297,668,50.000,103.639126,12.641300,-9.2,0,-0.46,0,0,0.401025822,1270,1500,1401.02582,1500,1500,1000,1900,1000,1348,1352,1352,1408,1510,668,1336,0,667,0
13.360000000,13.380000000,1787652799.360715,669,50.000,100.418091,13.899300,-9.2,0,-0.46,0,0,0.400972901,1270,1500,1400.9729,1500,1500,1000,1900,1000,1348,1353,1353,1409,1519,669,1338,0,668,0
13.380000000,13.400000000,1787652799.458927,670,50.000,98.211765,12.182100,-9.2,0,-0.46,0,0,0.400920722,1270,1500,1400.92072,1500,1500,1000,1900,1000,1348,1354,1354,1409,1529,670,1340,0,669,0
13.400000000,13.420000000,1787652799.556869,671,50.000,97.941875,12.442400,-9.2,0,-0.46,0,0,0.400869164,1270,1500,1400.86916,1500,1500,1000,1900,1000,1348,1354,1354,1409,1539,671,1342,0,670,0
13.420000000,13.440000000,1787652799.657806,672,50.000,100.937128,13.045400,-9.2,0,-0.46,0,0,0.400818131,1270,1500,1400.81813,1500,1500,1000,1900,1000,1348,1355,1355,1409,1548,672,1344,0,671,0
13.440000000,13.460000000,1787652799.764057,673,50.000,106.251001,12.831100,-9.2,0,-0.46,0,0,0.400767534,1270,1500,1400.76753,1500,1500,1000,1900,1000,1348,1356,1356,1409,1557,673,1346,0,672,0
13.460000000,13.480000000,1787652799.859655,674,50.000,95.598221,11.860700,-9.2,0,-0.46,0,0,0.400717255,1270,1500,1400.71726,1500,1500,1000,1900,1000,1348,1357,1357,1410,1566,674,1348,0,673,0
13.480000000,13.500000000,1787652799.959467,675,50.000,99.811792,13.640100,-9.2,0,-0.46,0,0,0.400667177,1270,1500,1400.66718,1500,1500,1000,1900,1000,1348,1357,1357,1410,1574,675,1350,0,674,0
13.500000000,13.520000000,1787652800.058620,676,50.000,99.153280,12.685100,-9.2,0,-0.46,0,0,0.400617246,1270,1500,1400.61725,1500,1500,1000,1900,1000,1348,1358,1358,1410,1582,676,1352,0,675,0
13.520000000,13.540000000,1787652800.159302,677,50.000,100.681782,12.168100,-9.2,0,-0.46,0,0,0.400567372,1270,1500,1400.56737,1500,1500,1000,1900,1000,1348,1359,1359,1410,1589,677,1354,0,676,0
13.540000000,13.560000000,1787652800.261975,678,50.000,102.673054,13.839000,-9.2,0,-0.46,0,0,0.400517457,1270,1500,1400.51746,1500,1500,1000,1900,1000,1348,1360,1360,1410,1595,678,1356,0,677,0
13.560000000,13.580000000,1787652800.359422,679,50.000,97.447157,11.766800,-9.2,0,-0.46,0,0,0.400467358,1270,1500,1400.46736,1500,1500,1000,1900,1000,1348,1360,1360,1411,1601,679,1358,0,678,0
13.580000000,13.600000000,1787652800.458816,680,50.000,99.393606,13.094500,-9.2,0,-0.46,0,0,0.400416912,1270,1500,1400.41691,1500,1500,1000,1900,1000,1348,1361,1361,1412,1605,680,1360,0,679,0
13.600000000,13.620000000,1787652800.557470,681,50.000,98.654270,12.193000,-9.2,0,-0.46,0,0,0.400365886,1270,1500,1400.36589,1500,1500,1000,1900,1000,1348,1362,1362,1413,1609,681,1362,0,680,0
13.620000000,13.640000000,1787652800.658775,682,50.000,101.304770,12.903100,-9.2,0,-0.46,0,0,0.400313985,1270,1500,1400.31398,1500,1500,1000,1900,1000,1348,1362,1362,1413,1611,682,1364,0,681,0
13.640000000,13.660000000,1787652800.767625,683,50.000,108.850241,15.182800,-9.2,0,-0.46,0,0,0.400261204,1270,1500,1400.2612,1500,1500,1000,1900,1000,1348,1363,1363,1414,1612,683,1366,0,682,0
13.660000000,13.680000000,1787652800.865903,684,50.000,98.278046,11.844200,-9.2,0,-0.46,0,0,0.400207145,1270,1500,1400.20715,1500,1500,1000,1900,1000,1348,1364,1364,1415,1613,684,1368,0,683,0
13.680000000,13.700000000,1787652800.975245,685,50.000,109.341860,15.262800,-9.2,0,-0.46,0,0,0.400151498,1270,1500,1400.1515,1500,1500,1000,1900,1000,1348,1364,1364,1415,1612,685,1370,0,684,0
13.700000000,13.720000000,1787652801.080264,686,50.000,105.018854,12.857000,-9.2,0,-0.46,0,0,0.40009416,1270,1500,1400.09416,1500,1500,1000,1900,1000,1348,1365,1365,1416,1610,686,1372,0,685,0
13.720000000,13.740000000,1787652801.186448,687,50.000,106.184244,13.236000,-9.2,0,-0.46,0,0,0.400035239,1270,1500,1400.03524,1500,1500,1000,1900,1000,1348,1365,1365,1417,1607,687,1374,0,686,0
13.740000000,13.760000000,1787652801.305690,688,50.000,119.241953,12.372600,-9.2,0,-0.46,0,0,0.399974976,1270,1500,1399.97498,1500,1500,1000,1900,1000,1348,1366,1366,1416,1603,688,1376,0,687,0
13.760000000,13.780000000,1787652801.407829,689,50.000,102.138996,14.239900,-9.2,0,-0.46,0,0,0.39991358,1270,1500,1399.91358,1500,1500,1000,1900,1000,1347,1367,1367,1416,1599,689,1378,0,688,0
13.780000000,13.800000000,1787652801.509667,690,50.000,101.837873,12.551200,-9.2,0,-0.46,0,0,0.399851177,1270,1500,1399.85118,1500,1500,1000,1900,1000,1347,1367,1367,1415,1593,690,1380,0,689,0
13.800000000,13.820000000,1787652801.613562,691,50.000,103.895187,13.532700,-9.2,0,-0.46,0,0,0.399794612,1270,1500,1399.79461,1500,1500,1000,1900,1000,1347,1368,1368,1413,1587,691,1382,0,690,0
13.820000000,13.840000000,1787652801.718393,692,50.000,104.830980,12.701000,-9.2,0,-0.46,0,0,0.399737338,1270,1500,1399.73734,1500,1500,1000,1900,1000,1347,1369,1369,1412,1579,692,1384,0,691,0
13.840000000,13.860000000,1787652801.819492,693,50.000,101.098776,12.930300,-9.2,0,-0.46,0,0,0.399679786,1270,1500,1399.67979,1500,1500,1000,1900,1000,1347,1369,1369,1411,1571,693,1386,0,692,0
13.860000000,13.880000000,1787652801.925255,694,50.000,105.762959,13.228900,-9.2,0,-0.46,0,0,0.399622214,1270,1500,1399.62221,1500,1500,1000,1900,1000,1347,1370,1370,1410,1563,694,1388,0,693,0
13.880000000,13.900000000,1787652802.026365,695,50.000,101.110220,12.506600,-9.2,0,-0.46,0,0,0.399564954,1270,1500,1399.56495,1500,1500,1000,1900,1000,1347,1371,1371,1410,1554,695,1390,0,694,0
13.900000000,13.920000000,1787652802.132006,696,50.000,105.641127,12.561300,-9.2,0,-0.46,0,0,0.399508358,1270,1500,1399.50836,1500,1500,1000,1900,1000,1347,1371,1371,1409,1545,696,1392,0,695,0
13.920000000,13.940000000,1787652802.236276,697,50.000,104.269743,13.410400,-9.2,0,-0.46,0,0,0.399452757,1270,1500,1399.45276,1500,1500,1000,1900,1000,1347,1372,1372,1408,1535,697,1394,0,696,0
13.940000000,13.960000000,1787652802.344834,698,50.000,108.558178,12.762200,-9.2,0,-0.46,0,0,0.399398489,1270,1500,1399.39849,1500,1500,1000,1900,1000,1347,1373,1373,1407,1526,698,1396,0,697,0
13.960000000,13.980000000,1787652802.451227,699,50.000,106.392860,12.065100,-9.2,0,-0.46,0,0,0.399345884,1270,1500,1399.34588,1500,1500,1000,1900,1000,1347,1373,1373,1407,1516,699,1398,0,698,0
13.980000000,14.000000000,1787652802.552230,700,50.000,101.002932,13.712100,-9.2,0,-0.46,0,0,0.39929519,1270,1500,1399.29519,1500,1500,1000,1900,1000,1347,1374,1374,1406,1506,700,1400,0,699,0
14.000000000,14.020000000,1787652802.658085,701,50.000,105.854988,12.022500,-9.2,0,-0.46,0,0,0.39924646,1270,1500,1399.24646,1500,1500,1000,1900,1000,1347,1375,1375,1406,1497,701,1402,0,700,0
14.020000000,14.040000000,1787652802.756971,702,50.000,98.886013,12.665800,-9.2,0,-0.46,0,0,0.399199687,1270,1500,1399.19969,1500,1500,1000,1900,1000,1347,1375,1375,1405,1488,702,1404,0,701,0
14.040000000,14.060000000,1787652802.859604,703,50.000,102.633238,14.683800,-9.2,0,-0.46,0,0,0.399154766,1270,1500,1399.15477,1500,1500,1000,1900,1000,1347,1376,1376,1405,1479,703,1406,0,702,0
14.060000000,14.080000000,1787652802.964655,704,50.000,105.050802,14.544400,-9.2,0,-0.46,0,0,0.399111547,1270,1500,1399.11155,1500,1500,1000,1900,1000,1347,1377,1377,1405,1470,704,1408,0,703,0
14.080000000,14.100000000,1787652803.065652,705,50.000,100.997210,12.111900,-9.2,0,-0.46,0,0,0.39906984,1270,1500,1399.06984,1500,1500,1000,1900,1000,1347,1377,1377,1405,1462,705,1410,0,704,0
14.100000000,14.120000000,1787652803.162551,706,50.000,96.898794,12.504400,-9.2,0,-0.46,0,0,0.399029436,1270,1500,1399.02944,1500,1500,1000,1900,1000,1347,1378,1378,1404,1454,706,1412,0,705,0
14.120000000,14.140000000,1787652803.263120,707,50.000,100.569248,11.978900,-9.2,0,-0.46,0,0,0.398990142,1270,1500,1398.99014,1500,1500,1000,1900,1000,1347,1379,1379,1404,1447,707,1414,0,706,0
14.140000000,14.160000000,1787652803.365413,708,50.000,102.293015,14.660000,-9.2,0,-0.46,0,0,0.398951748,1270,1500,1398.95175,1500,1500,1000,1900,1000,1346,1379,1379,1404,1440,708,1416,0,707,0
14.160000000,14.180000000,1787652803.467002,709,50.000,101.588726,12.478700,-9.2,0,-0.46,0,0,0.398914062,1270,1500,1398.91406,1500,1500,1000,1900,1000,1346,1380,1380,1404,1434,709,1418,0,708,0
14.180000000,14.200000000,1787652803.566930,710,50.000,99.927902,14.964600,-9.2,0,-0.46,0,0,0.398883348,1270,1500,1398.88335,1500,1500,1000,1900,1000,1346,1381,1381,1404,1429,710,1420,0,709,0
14.200000000,14.220000000,1787652803.665335,711,50.000,98.405123,12.640100,-9.2,0,-0.46,0,0,0.398853003,1270,1500,1398.853,1500,1500,1000,1900,1000,1346,1381,1381,1404,1424,711,1422,0,710,0
14.220000000,14.240000000,1787652803.768957,712,50.000,103.622198,14.447900,-9.2,0,-0.46,0,0,0.398822964,1270,1500,1398.82296,1500,1500,1000,1900,1000,1346,1382,1382,1404,1421,712,1424,0,711,0
14.240000000,14.260000000,1787652803.863280,713,50.000,94.322920,12.147800,-9.2,0,-0.46,0,0,0.398792929,1270,1500,1398.79293,1500,1500,1000,1900,1000,1346,1382,1382,1404,1417,713,1426,0,712,0
14.260000000,14.280000000,1787652803.967455,714,50.000,104.175091,18.363200,-9.2,0,-0.46,0,0,0.398762826,1270,1500,1398.76283,1500,1500,1000,1900,1000,1346,1383,1383,1404,1415,714,1428,0,713,0
14.280000000,14.300000000,1787652804.063597,715,50.000,96.141815,12.966100,-9.2,0,-0.46,0,0,0.398732453,1270,1500,1398.73245,1500,1500,1000,1900,1000,1346,1383,1383,1405,1413,715,1430,0,714,0
14.300000000,14.320000000,1787652804.161867,716,50.000,98.269939,13.643400,-9.2,0,-0.46,0,0,0.398701799,1270,1500,1398.7018,1500,1500,1000,1900,1000,1346,1384,1384,1405,1413,716,1432,0,715,0
14.320000000,14.340000000,1787652804.258608,717,50.000,96.740961,11.880300,-9.2,0,-0.46,0,0,0.398670816,1270,1500,1398.67082,1500,1500,1000,1900,1000,1346,1384,1384,1405,1412,717,1434,0,716,0
14.340000000,14.360000000,1787652804.368310,718,50.000,109.702110,14.271500,-9.2,0,-0.46,0,0,0.398639431,1270,1500,1398.63943,1500,1500,1000,1900,1000,1346,1385,1385,1405,1413,718,1436,0,717,0
14.360000000,14.380000000,1787652804.472131,719,50.000,103.821039,14.336500,-9.2,0,-0.46,0,0,0.398607567,1270,1500,1398.60757,1500,1500,1000,1900,1000,1346,1385,1385,1405,1414,719,1438,0,718,0
14.380000000,14.400000000,1787652804.575157,720,50.000,103.025913,13.718800,-9.2,0,-0.46,0,0,0.398575144,1270,1500,1398.57514,1500,1500,1000,1900,1000,1346,1386,1386,1405,1416,720,1440,0,719,0
14.400000000,14.420000000,1787652804.675176,721,50.000,100.019217,13.785800,-9.2,0,-0.46,0,0,0.398542117,1270,1500,1398.54212,1500,1500,1000,1900,1000,1346,1386,1386,1405,1418,721,1442,0,720,0
14.420000000,14.440000000,1787652804.773530,722,50.000,98.353863,14.225100,-9.2,0,-0.46,0,0,0.398508489,1270,1500,1398.50849,1500,1500,1000,1900,1000,1346,1387,1387,1405,1421,722,1444,0,721,0
14.440000000,14.460000000,1787652804.873923,723,50.000,100.393057,14.332100,-9.2,0,-0.46,0,0,0.398474177,1270,1500,1398.47418,1500,1500,1000,1900,1000,1346,1387,1387,1406,1423,723,1446,0,722,0
14.460000000,14.480000000,1787652804.974199,724,50.000,100.275993,13.672200,-9.2,0,-0.46,0,0,0.398439182,1270,1500,1398.43918,1500,1500,1000,1900,1000,1346,1388,1388,1406,1427,724,1448,0,723,0
14.480000000,14.500000000,1787652805.074714,725,50.000,100.515127,12.975900,-9.2,0,-0.46,0,0,0.39840361,1270,1500,1398.40361,1500,1500,1000,1900,1000,1346,1388,1388,1406,1430,725,1450,0,724,0
14.500000000,14.520000000,1787652805.173856,726,50.000,99.141836,14.802800,-9.2,0,-0.46,0,0,0.39836743,1270,1500,1398.36743,1500,1500,1000,1900,1000,1346,1388,1388,1406,1434,726,1452,0,725,0
14.520000000,14.540000000,1787652805.281422,727,50.000,107.566118,12.387400,-9.2,0,-0.46,0,0,0.398330753,1270,1500,1398.33075,1500,1500,1000,1900,1000,1346,1389,1389,1406,1438,727,1454,0,726,0
14.540000000,14.560000000,1787652805.407356,728,50.000,125.933886,15.224500,-9.2,0,-0.46,0,0,0.398293524,1270,1500,1398.29352,1500,1500,1000,1900,1000,1346,1389,1389,1406,1441,728,1456,0,727,0
14.560000000,14.580000000,1787652805.533655,729,50.000,126.298904,13.942600,-9.2,0,-0.46,0,0,0.398255865,1270,1500,1398.25587,1500,1500,1000,1900,1000,1346,1390,1390,1406,1445,729,1458,0,728,0
14.580000000,14.600000000,1787652805.683156,730,50.000,149.501085,13.466200,-9.2,0,-0.46,0,0,0.398217676,1270,1500,1398.21768,1500,1500,1000,1900,1000,1346,1390,1390,1406,1449,730,1460,0,729,0
14.600000000,14.620000000,1787652805.825104,731,50.000,141.947985,12.878900,-9.2,0,-0.46,0,0,0.398179028,1270,1500,1398.17903,1500,1500,1000,1900,1000,1346,1390,1390,1405,1453,731,1462,0,730,0
14.620000000,14.640000000,1787652805.970809,732,50.000,145.704985,13.396600,-9.2,0,-0.46,0,0,0.398139822,1270,1500,1398.13982,1500,1500,1000,1900,1000,1346,1391,1391,1405,1457,732,1464,0,731,0
14.640000000,14.660000000,1787652806.132651,733,50.000,161.841869,15.606500,-9.2,0,-0.46,0,0,0.398100165,1270,1500,1398.10017,1500,1500,1000,1900,1000,1346,1391,1391,1405,1460,733,1466,0,732,0
14.660000000,14.680000000,1787652806.292266,734,50.000,159.615278,13.923900,-9.2,0,-0.46,0,0,0.398059911,1270,1500,1398.05991,1500,1500,1000,1900,1000,1346,1391,1391,1405,1463,734,1468,0,733,0
14.680000000,14.700000000,1787652806.432536,735,50.000,140.269756,13.096600,-9.2,0,-0.46,0,0,0.398019114,1270,1500,1398.01911,1500,1500,1000,1900,1000,1346,1392,1392,1404,1466,735,1470,0,734,0
14.700000000,14.720000000,1787652806.587233,736,50.000,154.696941,12.799800,0,0,0,0,0,0.397977657,1500,1500,1397.97766,1500,1500,1000,1900,1000,1346,1392,1392,1404,1469,736,1472,0,735,0
14.720000000,14.740000000,1787652806.767481,737,50.000,180.248022,13.601100,0,0,0,0,0,0.397935685,1500,1500,1397.93568,1500,1500,1000,1900,1000,1345,1405,1405,1404,1469,737,1474,0,736,0
14.740000000,14.760000000,1787652806.925096,738,50.000,157.615185,13.625900,0,0,0,0,0,0.397893009,1500,1500,1397.89301,1500,1500,1000,1900,1000,1345,1412,1412,1404,1470,738,1476,0,737,0
14.760000000,14.780000000,1787652807.056479,739,50.000,131.382942,12.644000,0,0,0,0,0,0.397856176,1500,1500,1397.85618,1500,1500,1000,1900,1000,1345,1421,1421,1404,1470,739,1478,0,738,0
14.780000000,14.800000000,1787652807.182297,740,50.000,125.818253,13.791800,0,0,0,0,0,0.3978187,1500,1500,1397.8187,1500,1500,1000,1900,1000,1345,1429,1429,1404,1470,740,1480,0,739,0
14.800000000,14.820000000,1787652807.290505,741,50.000,108.207703,12.358600,0,0,0,0,0,0.397780671,1500,1500,1397.78067,1500,1500,1000,1900,1000,1345,1434,1434,1403,1470,741,1482,0,740,0
14.820000000,14.840000000,1787652807.407674,742,50.000,117.169142,12.697600,0,0,0,0,0,0.397742022,1500,1500,1397.74202,1500,1500,1000,1900,1000,1345,1439,1439,1403,1468,742,1484,0,741,0
14.840000000,14.860000000,1787652807.508770,743,50.000,101.095915,13.755500,0,0,0,0,0,0.397702591,1500,1500,1397.70259,1500,1500,1000,1900,1000,1345,1442,1442,1403,1466,743,1486,0,742,0
14.860000000,14.880000000,1787652807.611953,744,50.000,103.182793,12.775600,0,0,0,0,0,0.397662489,1500,1500,1397.66249,1500,1500,1000,1900,1000,1345,1445,1445,1403,1463,744,1488,0,743,0
14.880000000,14.900000000,1787652807.717577,745,50.000,105.624199,12.602200,0,0,0,0,0,0.397621547,1500,1500,1397.62155,1500,1500,1000,1900,1000,1345,1446,1446,1403,1460,745,1490,0,744,0
14.900000000,14.920000000,1787652807.816957,746,50.000,99.380016,12.654800,0,0,0,0,0,0.39757968,1500,1500,1397.57968,1500,1500,1000,1900,1000,1345,1448,1448,1403,1455,746,1492,0,745,0
14.920000000,14.940000000,1787652807.917704,747,50.000,100.747108,14.302400,0,0,0,0,0,0.397536472,1500,1500,1397.53647,1500,1500,1000,1900,1000,1345,1449,1449,1403,1450,747,1494,0,746,0
14.940000000,14.960000000,1787652808.033343,748,50.000,115.638971,15.812400,0,0,0,0,0,0.397491765,1500,1500,1397.49177,1500,1500,1000,1900,1000,1345,1449,1449,1403,1443,748,1496,0,747,0
14.960000000,14.980000000,1787652808.136523,749,50.000,103.179932,13.464300,0,0,0,0,0,0.397445106,1500,1500,1397.44511,1500,1500,1000,1900,1000,1345,1449,1449,1402,1436,749,1498,0,748,0
14.980000000,15.000000000,1787652808.239545,750,50.000,103.021860,16.597700,0,0,0,0,0,0.397396367,1500,1500,1397.39637,1500,1500,1000,1900,1000,1345,1449,1449,1402,1428,750,1500,0,749,0
15.000000000,15.020000000,1787652808.344031,751,50.000,104.486227,12.280700,0,0,0,0,0,0.397345505,1500,1500,1397.3455,1500,1500,1000,1900,1000,1345,1449,1449,1402,1419,751,1502,0,750,0
15.020000000,15.040000000,1787652808.448460,752,50.000,104.428768,14.816100,0,0,0,0,0,0.397292345,1500,1500,1397.29235,1500,1500,1000,1900,1000,1345,1449,1449,1402,1410,752,1504,0,751,0
15.040000000,15.060000000,1787652808.548367,753,50.000,99.907160,12.631100,0,0,0,0,0,0.397236569,1500,1500,1397.23657,1500,1500,1000,1900,1000,1345,1449,1449,1402,1405,753,1506,0,752,0
15.060000000,15.080000000,1787652808.647777,754,50.000,99.410057,12.095200,0,0,0,0,0,0.397177923,1500,1500,1397.17792,1500,1500,1000,1900,1000,1345,1448,1448,1402,1398,754,1508,0,753,0
15.080000000,15.100000000,1787652808.746090,755,50.000,98.313093,12.344100,0,0,0,0,0,0.397116164,1500,1500,1397.11616,1500,1500,1000,1900,1000,1345,1447,1447,1403,1391,755,1510,0,754,0
15.100000000,15.120000000,1787652808.842421,756,50.000,96.330643,12.252200,0,0,0,0,0,0.397050554,1500,1500,1397.05055,1500,1500,1000,1900,1000,1345,1447,1447,1403,1384,756,1512,0,755,0
15.120000000,15.140000000,1787652808.939634,757,50.000,97.213268,12.572900,0,0,0,0,0,0.396980746,1500,1500,1396.98075,1500,1500,1000,1900,1000,1345,1446,1446,1403,1377,757,1514,0,756,0
15.140000000,15.160000000,1787652809.034536,758,50.000,94.901800,12.506900,0,0,0,0,0,0.396906431,1500,1500,1396.90643,1500,1500,1000,1900,1000,1344,1446,1446,1404,1369,758,1516,0,757,0
15.160000000,15.180000000,1787652809.133089,759,50.000,98.553181,13.493200,0,0,0,0,0,0.396827321,1500,1500,1396.82732,1500,1500,1000,1900,1000,1344,1445,1445,1405,1362,759,1518,0,758,0
15.180000000,15.200000000,1787652809.225249,760,50.000,92.159986,12.407900,0,0,0,0,0,0.396749505,1500,1500,1396.74951,1500,1500,1000,1900,1000,1344,1444,1444,1405,1355,760,1520,0,759,0
15.200000000,15.220000000,1787652809.376949,761,50.000,151.700020,12.858200,0,0,0,0,0,0.396666373,1500,1500,1396.66637,1500,1500,1000,1900,1000,1344,1444,1444,1406,1348,761,1522,0,760,0
15.220000000,15.240000000,1787652809.485581,762,50.000,108.632088,12.871900,0,0,0,0,0,0.396577817,1500,1500,1396.57782,1500,1500,1000,1900,1000,1344,1443,1443,1407,1341,762,1524,0,761,0
15.240000000,15.260000000,1787652809.592757,763,50.000,107.175827,12.387200,0,0,0,0,0,0.396483704,1500,1500,1396.4837,1500,1500,1000,1900,1000,1344,1443,1443,1408,1335,763,1526,0,762,0
15.260000000,15.280000000,1787652809.693972,764,50.000,101.214886,12.554000,0,0,0,0,0,0.396383927,1500,1500,1396.38393,1500,1500,1000,1900,1000,1344,1442,1442,1409,1328,764,1528,0,763,0
15.280000000,15.300000000,1787652809.794709,765,50.000,100.737095,12.438300,0,0,0,0,0,0.396278398,1500,1500,1396.2784,1500,1500,1000,1900,1000,1344,1442,1442,1410,1323,765,1530,0,764,0
15.300000000,15.320000000,1787652809.891102,766,50.000,96.393108,12.852900,0,0,0,0,0,0.39616718,1500,1500,1396.16718,1500,1500,1000,1900,1000,1344,1441,1441,1410,1317,766,1532,0,765,0
15.320000000,15.340000000,1787652809.989421,767,50.000,98.318815,12.641200,0,0,0,0,0,0.396050518,1500,1500,1396.05052,1500,1500,1000,1900,1000,1344,1441,1441,1412,1313,767,1534,0,766,0
15.340000000,15.360000000,1787652810.088708,768,50.000,99.287033,13.665800,0,0,0,0,0,0.395928754,1500,1500,1395.92875,1500,1500,1000,1900,1000,1344,1440,1440,1413,1308,768,1536,0,767,0
15.360000000,15.380000000,1787652810.185883,769,50.000,97.175121,12.236700,0,0,0,0,0,0.395802299,1500,1500,1395.8023,1500,1500,1000,1900,1000,1343,1440,1440,1414,1305,769,1538,0,768,0
15.380000000,15.400000000,1787652810.284616,770,50.000,98.732948,12.539900,0,0,0,0,0,0.395671617,1500,1500,1395.67162,1500,1500,1000,1900,1000,1343,1439,1439,1415,1302,770,1540,0,769,0
15.400000000,15.420000000,1787652810.384015,771,50.000,99.398851,12.517400,0,0,0,0,0,0.395543406,1500,1500,1395.54341,1500,1500,1000,1900,1000,1343,1439,1439,1415,1299,771,1542,0,770,0
15.420000000,15.440000000,1787652810.501356,772,50.000,117.341042,13.227600,0,0,0,0,0,0.395411807,1500,1500,1395.41181,1500,1500,1000,1900,1000,1343,1438,1438,1416,1297,772,1544,0,771,0
15.440000000,15.460000000,1787652810.603846,773,50.000,102.489948,13.149100,0,0,0,0,0,0.395277537,1500,1500,1395.27754,1500,1500,1000,1900,1000,1343,1438,1438,1416,1296,773,1546,0,772,0
15.460000000,15.480000000,1787652810.733873,774,50.000,130.027294,14.350200,0,0,0,0,0,0.395141364,1500,1500,1395.14136,1500,1500,1000,1900,1000,1343,1437,1437,1416,1296,774,1548,0,773,0
15.480000000,15.500000000,1787652810.857616,775,50.000,123.742819,12.668400,0,0,0,0,0,0.395004138,1500,1500,1395.00414,1500,1500,1000,1900,1000,1343,1437,1437,1416,1296,775,1550,0,774,0
15.500000000,15.520000000,1787652810.959077,776,50.000,101.460934,12.960300,0,0,0,0,0,0.394866569,1500,1500,1394.86657,1500,1500,1000,1900,1000,1343,1436,1436,1415,1297,776,1552,0,775,0
15.520000000,15.540000000,1787652811.068475,777,50.000,109.398127,14.358700,0,0,0,0,0,0.394729356,1500,1500,1394.72936,1500,1500,1000,1900,1000,1342,1436,1436,1415,1298,777,1554,0,776,0
15.540000000,15.560000000,1787652811.180333,778,50.000,111.857891,13.853500,0,0,0,0,0,0.39459318,1500,1500,1394.59318,1500,1500,1000,1900,1000,1342,1435,1435,1414,1300,778,1556,0,777,0
15.560000000,15.580000000,1787652811.279999,779,50.000,99.666119,14.608200,0,0,0,0,0,0.394464947,1500,1500,1394.46495,1500,1500,1000,1900,1000,1342,1435,1435,1413,1303,779,1558,0,778,0
15.580000000,15.600000000,1787652811.378478,780,50.000,98.479033,12.228200,0,0,0,0,0,0.394338878,1500,1500,1394.33888,1500,1500,1000,1900,1000,1342,1434,1434,1412,1306,780,1560,0,779,0
15.600000000,15.620000000,1787652811.494148,781,50.000,115.669966,13.346000,0,0,0,0,0,0.394215466,1500,1500,1394.21547,1500,1500,1000,1900,1000,1342,1434,1434,1410,1309,781,1562,0,780,0
15.620000000,15.640000000,1787652811.605679,782,50.000,111.531019,12.735200,0,0,0,0,0,0.394095268,1500,1500,1394.09527,1500,1500,1000,1900,1000,1342,1433,1433,1410,1313,782,1564,0,781,0
15.640000000,15.660000000,1787652811.729153,783,50.000,123.474121,14.858400,0,0,0,0,0,0.393978708,1500,1500,1393.97871,1500,1500,1000,1900,1000,1342,1433,1433,1409,1317,783,1566,0,782,0
15.660000000,15.680000000,1787652811.831625,784,50.000,102.471828,11.995400,0,0,0,0,0,0.393866226,1500,1500,1393.86623,1500,1500,1000,1900,1000,1341,1432,1432,1408,1322,784,1568,0,783,0
15.680000000,15.700000000,1787652811.942581,785,50.000,110.955954,12.889300,0,0,0,0,0,0.393758169,1500,1500,1393.75817,1500,1500,1000,1900,1000,1341,1432,1432,1407,1327,785,1570,0,784,0
15.700000000,15.720000000,1787652812.047124,786,50.000,104.542971,12.578500,0,0,0,0,0,0.393661168,1500,1500,1393.66117,1500,1500,1000,1900,1000,1341,1431,1431,1405,1332,786,1572,0,785,0
15.720000000,15.740000000,1787652812.143746,787,50.000,96.622229,12.009200,0,0,0,0,0,0.393569097,1500,1500,1393.5691,1500,1500,1000,1900,1000,1341,1431,1431,1404,1337,787,1574,0,786,0
15.740000000,15.760000000,1787652812.240905,788,50.000,97.158909,12.669600,0,0,0,0,0,0.393482104,1500,1500,1393.4821,1500,1500,1000,1900,1000,1341,1430,1430,1404,1343,788,1576,0,787,0
15.760000000,15.780000000,1787652812.338402,789,50.000,97.496986,12.219900,0,0,0,0,0,0.393400031,1500,1500,1393.40003,1500,1500,1000,1900,1000,1341,1430,1430,1403,1349,789,1578,0,788,0
15.780000000,15.800000000,1787652812.437887,790,50.000,99.484921,14.392900,9.2,0,0.46,0,0,0.393322738,1730,1500,1393.32274,1500,1500,1000,1900,1000,1341,1429,1429,1402,1355,790,1580,0,789,0
15.800000000,15.820000000,1787652812.549220,791,50.000,111.333132,13.143300,9.2,0,0.46,0,0,0.393250038,1730,1500,1393.25004,1500,1500,1000,1900,1000,1341,1445,1445,1402,1360,791,1582,0,790,0
15.820000000,15.840000000,1787652812.657671,792,50.000,108.450890,13.316100,9.2,0,0.46,0,0,0.393181772,1730,1500,1393.18177,1500,1500,1000,1900,1000,1341,1457,1457,1401,1365,792,1584,0,791,0
15.840000000,15.860000000,1787652812.763909,793,50.000,106.237888,15.436300,9.2,0,0.46,0,0,0.393117731,1730,1500,1393.11773,1500,1500,1000,1900,1000,1341,1465,1465,1401,1369,793,1586,0,792,0
15.860000000,15.880000000,1787652812.864459,794,50.000,100.550175,13.556100,9.2,0,0.46,0,0,0.393057481,1730,1500,1393.05748,1500,1500,1000,1900,1000,1341,1471,1471,1401,1374,794,1588,0,793,0
15.880000000,15.900000000,1787652812.959420,795,50.000,94.960928,13.120200,9.2,0,0.46,0,0,0.393000464,1730,1500,1393.00046,1500,1500,1000,1900,1000,1341,1476,1476,1401,1379,795,1590,0,794,0
15.900000000,15.920000000,1787652813.060975,796,50.000,101.555109,14.447700,9.2,0,0.46,0,0,0.392945979,1730,1500,1392.94598,1500,1500,1000,1900,1000,1341,1480,1480,1401,1382,796,1592,0,795,0
15.920000000,15.940000000,1787652813.157018,797,50.000,96.043110,13.069600,9.2,0,0.46,0,0,0.392893281,1730,1500,1392.89328,1500,1500,1000,1900,1000,1340,1482,1482,1401,1386,797,1594,0,796,0
15.940000000,15.960000000,1787652813.240374,798,50.000,83.355904,2.214100,9.2,0,0.46,0,0,0.392841745,1730,1500,1392.84174,1500,1500,1000,1900,1000,1340,1484,1484,1401,1388,798,1596,0,797,0
15.960000000,15.980000000,1787652813.337064,799,50.000,96.689939,12.600600,9.2,0,0.46,0,0,0.392796741,1730,1500,1392.79674,1500,1500,1000,1900,1000,1340,1484,1484,1401,1390,799,1598,0,798,0
15.980000000,16.000000000,1787652813.438548,800,50.000,101.484060,15.841300,9.2,0,0.46,0,0,0.392751307,1730,1500,1392.75131,1500,1500,1000,1900,1000,1340,1485,1485,1401,1392,800,1600,0,799,0
16.000000000,16.020000000,1787652813.540539,801,50.000,101.990938,13.230300,9.2,0,0.46,0,0,0.392704814,1730,1500,1392.70481,1500,1500,1000,1900,1000,1340,1485,1485,1402,1392,801,1602,0,800,0
16.020000000,16.040000000,1787652813.638401,802,50.000,97.861767,12.519200,9.2,0,0.46,0,0,0.392656642,1730,1500,1392.65664,1500,1500,1000,1900,1000,1340,1484,1484,1402,1392,802,1604,0,801,0
16.040000000,16.060000000,1787652813.747179,803,50.000,108.778238,12.554700,9.2,0,0.46,0,0,0.392606233,1730,1500,1392.60623,1500,1500,1000,1900,1000,1340,1484,1484,1403,1392,803,1606,0,802,0
16.060000000,16.080000000,1787652813.849363,804,50.000,102.184057,12.775600,9.2,0,0.46,0,0,0.392553091,1730,1500,1392.55309,1500,1500,1000,1900,1000,1340,1483,1483,1403,1390,804,1608,0,803,0
16.080000000,16.100000000,1787652813.949650,805,50.000,100.286722,13.297100,9.2,0,0.46,0,0,0.392496769,1730,1500,1392.49677,1500,1500,1000,1900,1000,1340,1482,1482,1404,1388,805,1610,0,804,0
16.100000000,16.120000000,1787652814.049415,806,50.000,99.765301,14.366000,9.2,0,0.46,0,0,0.392436877,1730,1500,1392.43688,1500,1500,1000,1900,1000,1340,1481,1481,1404,1385,806,1612,0,805,0
16.120000000,16.140000000,1787652814.151239,807,50.000,101.823807,12.702300,9.2,0,0.46,0,0,0.39237307,1730,1500,1392.37307,1500,1500,1000,1900,1000,1340,1479,1479,1405,1382,807,1614,0,806,0
16.140000000,16.160000000,1787652814.248250,808,50.000,97.011089,13.558800,9.2,0,0.46,0,0,0.392305063,1730,1500,1392.30506,1500,1500,1000,1900,1000,1340,1478,1478,1405,1378,808,1616,0,807,0
16.160000000,16.180000000,1787652814.346299,809,50.000,98.049164,13.994400,9.2,0,0.46,0,0,0.392232655,1730,1500,1392.23265,1500,1500,1000,1900,1000,1340,1477,1477,1406,1373,809,1618,0,808,0
16.180000000,16.200000000,1787652814.455738,810,50.000,109.438896,12.415800,9.2,0,0.46,0,0,0.392155679,1730,1500,1392.15568,1500,1500,1000,1900,1000,1340,1475,1475,1407,1368,810,1620,0,809,0
16.200000000,16.220000000,1787652814.573307,811,50.000,117.568731,13.801200,9.2,0,0.46,0,0,0.392074086,1730,1500,1392.07409,1500,1500,1000,1900,1000,1340,1474,1474,1408,1362,811,1622,0,810,0
16.220000000,16.240000000,1787652814.691402,812,50.000,118.095398,15.277200,9.2,0,0.46,0,0,0.391987778,1730,1500,1391.98778,1500,1500,1000,1900,1000,1340,1472,1472,1408,1356,812,1624,0,811,0
16.240000000,16.260000000,1787652814.825052,813,50.000,133.649826,14.168800,9.2,0,0.46,0,0,0.391896852,1730,1500,1391.89685,1500,1500,1000,1900,1000,1339,1471,1471,1409,1350,813,1626,0,812,0
16.260000000,16.280000000,1787652814.950214,814,50.000,125.162125,15.526300,9.2,0,0.46,0,0,0.391801537,1730,1500,1391.80154,1500,1500,1000,1900,1000,1339,1469,1469,1410,1343,814,1628,0,813,0
16.280000000,16.300000000,1787652815.093320,815,50.000,143.105984,12.842700,9.2,0,0.46,0,0,0.391708365,1730,1500,1391.70837,1500,1500,1000,1900,1000,1339,1468,1468,1410,1336,815,1630,0,814,0
16.300000000,16.320000000,1787652815.241529,816,50.000,148.208857,13.835200,9.2,0,0.46,0,0,0.391611699,1730,1500,1391.6117,1500,1500,1000,1900,1000,1339,1466,1466,1411,1329,816,1632,0,815,0
16.320000000,16.340000000,1787652815.360408,817,50.000,118.879080,14.741700,9.2,0,0.46,0,0,0.391512206,1730,1500,1391.51221,1500,1500,1000,1900,1000,1339,1465,1465,1411,1323,817,1634,0,816,0
16.340000000,16.360000000,1787652815.471000,818,50.000,110.591888,12.385500,9.2,0,0.46,0,0,0.391410526,1730,1500,1391.41053,1500,1500,1000,1900,1000,1339,1464,1464,1412,1316,818,1636,0,817,0
16.360000000,16.380000000,1787652815.594539,819,50.000,123.539209,14.452600,9.2,0,0.46,0,0,0.391307255,1730,1500,1391.30726,1500,1500,1000,1900,1000,1339,1462,1462,1412,1310,819,1638,0,818,0
16.380000000,16.400000000,1787652815.719522,820,50.000,124.982834,14.142900,9.2,0,0.46,0,0,0.391203013,1730,1500,1391.20301,1500,1500,1000,1900,1000,1339,1461,1461,1412,1304,820,1640,0,819,0
16.400000000,16.420000000,1787652815.838689,821,50.000,119.166851,12.892800,9.2,0,0.46,0,0,0.391098353,1730,1500,1391.09835,1500,1500,1000,1900,1000,1339,1460,1460,1412,1299,821,1642,0,820,0
16.420000000,16.440000000,1787652815.942094,822,50.000,103.405237,12.639600,9.2,0,0.46,0,0,0.390993612,1730,1500,1390.99361,1500,1500,1000,1900,1000,1339,1459,1459,1411,1294,822,1644,0,821,0
16.440000000,16.460000000,1787652816.042210,823,50.000,100.115776,14.912200,9.2,0,0.46,0,0,0.390889,1730,1500,1390.889,1500,1500,1000,1900,1000,1338,1458,1458,1411,1290,823,1646,0,822,0
16.460000000,16.480000000,1787652816.143011,824,50.000,100.801229,13.458900,9.2,0,0.46,0,0,0.390785166,1730,1500,1390.78517,1500,1500,1000,1900,1000,1338,1457,1457,1411,1286,824,1648,0,823,0
16.480000000,16.500000000,1787652816.240991,825,50.000,97.979784,13.443800,9.2,0,0.46,0,0,0.390688196,1730,1500,1390.6882,1500,1500,1000,1900,1000,1338,1456,1456,1410,1282,825,1650,0,824,0
16.500000000,16.520000000,1787652816.341113,826,50.000,100.122213,13.751900,9.2,0,0.46,0,0,0.390592404,1730,1500,1390.5924,1500,1500,1000,1900,1000,1338,1455,1455,1410,1280,826,1652,0,825,0
16.520000000,16.540000000,1787652816.445299,827,50.000,104.186058,15.261200,9.2,0,0.46,0,0,0.390497758,1730,1500,1390.49776,1500,1500,1000,1900,1000,1338,1454,1454,1410,1278,827,1654,0,826,0
16.540000000,16.560000000,1787652816.543478,828,50.000,98.178864,15.600500,9.2,0,0.46,0,0,0.390404414,1730,1500,1390.40441,1500,1500,1000,1900,1000,1338,1453,1453,1410,1276,828,1656,0,827,0
16.560000000,16.580000000,1787652816.642607,829,50.000,99.128962,12.686900,9.2,0,0.46,0,0,0.390311929,1730,1500,1390.31193,1500,1500,1000,1900,1000,1338,1452,1452,1409,1275,829,1658,0,828,0
16.580000000,16.600000000,1787652816.753982,830,50.000,111.374855,13.639200,9.2,0,0.46,0,0,0.39021997,1730,1500,1390.21997,1500,1500,1000,1900,1000,1338,1451,1451,1409,1275,830,1660,0,829,0
16.600000000,16.620000000,1787652816.861852,831,50.000,107.870340,12.896200,9.2,0,0.46,0,0,0.390128286,1730,1500,1390.12829,1500,1500,1000,1900,1000,1338,1450,1450,1409,1276,831,1662,0,830,0
16.620000000,16.640000000,1787652817.003989,832,50.000,142.136812,13.610500,9.2,0,0.46,0,0,0.390036717,1730,1500,1390.03672,1500,1500,1000,1900,1000,1338,1449,1449,1408,1277,832,1664,0,831,0
16.640000000,16.660000000,1787652817.153473,833,50.000,149.483919,13.410500,9.2,0,0.46,0,0,0.389945181,1730,1500,1389.94518,1500,1500,1000,1900,1000,1338,1448,1448,1408,1279,833,1666,0,832,0
16.660000000,16.680000000,1787652817.253871,834,50.000,100.398302,13.300400,9.2,0,0.46,0,0,0.389853441,1730,1500,1389.85344,1500,1500,1000,1900,1000,1337,1447,1447,1408,1282,834,1668,0,833,0
16.680000000,16.700000000,1787652817.357200,835,50.000,103.328705,14.964400,9.2,0,0.46,0,0,0.389761274,1730,1500,1389.76127,1500,1500,1000,1900,1000,1337,1446,1446,1407,1285,835,1670,0,834,0
16.700000000,16.720000000,1787652817.457541,836,50.000,100.341082,14.015300,9.2,0,0.46,0,0,0.389674502,1730,1500,1389.6745,1500,1500,1000,1900,1000,1337,1445,1445,1407,1289,836,1672,0,835,0
16.720000000,16.740000000,1787652817.554856,837,50.000,97.315073,13.027600,9.2,0,0.46,0,0,0.389586507,1730,1500,1389.58651,1500,1500,1000,1900,1000,1337,1444,1444,1406,1294,837,1674,0,836,0
16.740000000,16.760000000,1787652817.654833,838,50.000,99.977016,12.554000,9.2,0,0.46,0,0,0.38949646,1730,1500,1389.49646,1500,1500,1000,1900,1000,1337,1443,1443,1406,1299,838,1676,0,837,0
16.760000000,16.780000000,1787652817.757856,839,50.000,103.022814,14.417600,9.2,0,0.46,0,0,0.389404365,1730,1500,1389.40436,1500,1500,1000,1900,1000,1337,1442,1442,1406,1305,839,1678,0,838,0
16.780000000,16.800000000,1787652817.868884,840,50.000,111.028194,12.321400,9.2,0,0.46,0,0,0.389309289,1730,1500,1389.30929,1500,1500,1000,1900,1000,1337,1441,1441,1406,1311,840,1680,0,839,0
16.800000000,16.820000000,1787652817.972346,841,50.000,103.461742,13.528700,9.2,0,0.46,0,0,0.389211065,1730,1500,1389.21107,1500,1500,1000,1900,1000,1337,1440,1440,1405,1317,841,1682,0,840,0
16.820000000,16.840000000,1787652818.070055,842,50.000,97.709179,12.466900,9.2,0,0.46,0,0,0.389109625,1730,1500,1389.10963,1500,1500,1000,1900,1000,1337,1439,1439,1405,1324,842,1684,0,841,0
16.840000000,16.860000000,1787652818.172967,843,50.000,102.911949,14.285500,9.2,0,0.46,0,0,0.389004883,1730,1500,1389.00488,1500,1500,1000,1900,1000,1337,1438,1438,1405,1331,843,1686,0,842,0
16.860000000,16.880000000,1787652818.270627,844,50.000,97.660065,13.249800,9.2,0,0.46,0,0,0.388896753,1730,1500,1388.89675,1500,1500,1000,1900,1000,1337,1438,1438,1405,1338,844,1688,0,843,0
16.880000000,16.900000000,1787652818.356670,845,50.000,86.042881,2.157300,9.2,0,0.46,0,0,0.388785262,1730,1500,1388.78526,1500,1500,1000,1900,1000,1336,1437,1437,1405,1345,845,1690,0,844,0
16.900000000,16.920000000,1787652818.454370,846,50.000,97.700119,12.650500,9.2,0,0.46,0,0,0.388670303,1730,1500,1388.6703,1500,1500,1000,1900,1000,1336,1436,1436,1405,1352,846,1692,0,845,0
16.920000000,16.940000000,1787652818.552465,847,50.000,98.095179,14.100600,9.2,0,0.46,0,0,0.388557802,1730,1500,1388.5578,1500,1500,1000,1900,1000,1336,1435,1435,1405,1359,847,1694,0,846,0
16.940000000,16.960000000,1787652818.659962,848,50.000,107.496738,13.171300,9.2,0,0.46,0,0,0.388441694,1730,1500,1388.44169,1500,1500,1000,1900,1000,1336,1434,1434,1405,1366,848,1696,0,847,0
16.960000000,16.980000000,1787652818.757633,849,50.000,97.671032,13.736900,9.2,0,0.46,0,0,0.388322028,1730,1500,1388.32203,1500,1500,1000,1900,1000,1336,1433,1433,1405,1373,849,1698,0,848,0
16.980000000,17.000000000,1787652818.858651,850,50.000,101.017952,13.399300,9.2,0,0.46,0,0,0.388198809,1730,1500,1388.19881,1500,1500,1000,1900,1000,1336,1432,1432,1406,1379,850,1700,0,849,0
17.000000000,17.020000000,1787652818.967532,851,50.000,108.880997,13.182300,9.2,0,0.46,0,0,0.388072116,1730,1500,1388.07212,1500,1500,1000,1900,1000,1336,1431,1431,1406,1385,851,1702,0,850,0
17.020000000,17.040000000,1787652819.062721,852,50.000,95.189095,12.879100,9.2,0,0.46,0,0,0.387942129,1730,1500,1387.94213,1500,1500,1000,1900,1000,1336,1431,1431,1407,1391,852,1704,0,851,0
17.040000000,17.060000000,1787652819.165503,853,50.000,102.782011,15.402600,9.2,0,0.46,0,0,0.387808843,1730,1500,1387.80884,1500,1500,1000,1900,1000,1336,1430,1430,1407,1396,853,1706,0,852,0
17.060000000,17.080000000,1787652819.264779,854,50.000,99.276066,13.323000,9.2,0,0.46,0,0,0.387672366,1730,1500,1387.67237,1500,1500,1000,1900,1000,1336,1430,1430,1407,1401,854,1708,0,853,0
17.080000000,17.100000000,1787652819.365899,855,50.000,101.119757,14.359900,9.2,0,0.46,0,0,0.387532879,1730,1500,1387.53288,1500,1500,1000,1900,1000,1336,1429,1429,1408,1406,855,1710,0,854,0
17.100000000,17.120000000,1787652819.450724,856,50.000,84.825277,1.860300,9.2,0,0.46,0,0,0.387390151,1730,1500,1387.39015,1500,1500,1000,1900,1000,1336,1428,1428,1408,1410,856,1712,0,855,0
17.120000000,17.140000000,1787652819.550550,857,50.000,99.825859,15.237900,9.2,0,0.46,0,0,0.387244359,1730,1500,1387.24436,1500,1500,1000,1900,1000,1336,1427,1427,1409,1414,857,1714,0,856,0
17.140000000,17.160000000,1787652819.653696,858,50.000,103.146076,12.831700,9.2,0,0.46,0,0,0.387095321,1730,1500,1387.09532,1500,1500,1000,1900,1000,1336,1426,1426,1409,1419,858,1716,0,857,0
17.160000000,17.180000000,1787652819.759264,859,50.000,105.567932,15.386900,9.2,0,0.46,0,0,0.386943262,1730,1500,1386.94326,1500,1500,1000,1900,1000,1336,1425,1425,1409,1423,859,1718,0,858,0
17.180000000,17.200000000,1787652819.868131,860,50.000,108.867168,16.476300,9.2,0,0.46,0,0,0.386788184,1730,1500,1386.78818,1500,1500,1000,1900,1000,1335,1424,1424,1409,1426,860,1720,0,859,0
17.200000000,17.220000000,1787652819.963686,861,50.000,95.554829,12.234900,9.2,0,0.46,0,0,0.386630166,1730,1500,1386.63017,1500,1500,1000,1900,1000,1335,1424,1424,1409,1429,861,1722,0,860,0
17.220000000,17.240000000,1787652820.064588,862,50.000,100.901842,13.028900,9.2,0,0.46,0,0,0.386475031,1730,1500,1386.47503,1500,1500,1000,1900,1000,1335,1423,1423,1409,1431,862,1724,0,861,0
17.240000000,17.260000000,1787652820.165350,863,50.000,100.762367,14.321100,9.2,0,0.46,0,0,0.386316911,1730,1500,1386.31691,1500,1500,1000,1900,1000,1335,1422,1422,1410,1432,863,1726,0,862,0
17.260000000,17.280000000,1787652820.273888,864,50.000,108.537674,15.319200,9.2,0,0.46,0,0,0.386155854,1730,1500,1386.15585,1500,1500,1000,1900,1000,1335,1421,1421,1410,1433,864,1728,0,863,0
17.280000000,17.300000000,1787652820.375107,865,50.000,101.219177,12.503900,9.2,0,0.46,0,0,0.385991714,1730,1500,1385.99171,1500,1500,1000,1900,1000,1335,1421,1421,1410,1433,865,1730,0,864,0
17.300000000,17.320000000,1787652820.478050,866,50.000,102.942944,14.565200,9.2,0,0.46,0,0,0.385824569,1730,1500,1385.82457,1500,1500,1000,1900,1000,1334,1420,1420,1409,1432,866,1732,0,865,0
17.320000000,17.340000000,1787652820.582097,867,50.000,104.046822,13.175700,9.2,0,0.46,0,0,0.385654504,1730,1500,1385.6545,1500,1500,1000,1900,1000,1334,1420,1420,1410,1431,867,1734,0,866,0
17.340000000,17.360000000,1787652820.690517,868,50.000,108.420372,17.032000,9.2,0,0.46,0,0,0.385487532,1730,1500,1385.48753,1500,1500,1000,1900,1000,1334,1419,1419,1409,1428,868,1736,0,867,0
17.360000000,17.380000000,1787652820.792201,869,50.000,101.683855,13.703400,9.2,0,0.46,0,0,0.385317648,1730,1500,1385.31765,1500,1500,1000,1900,1000,1334,1419,1419,1410,1425,869,1738,0,868,0
17.380000000,17.400000000,1787652820.903455,870,50.000,111.253977,12.914500,9.2,0,0.46,0,0,0.385144947,1730,1500,1385.14495,1500,1500,1000,1900,1000,1334,1418,1418,1410,1422,870,1740,0,869,0
17.400000000,17.420000000,1787652821.005120,871,50.000,101.665020,12.058500,9.2,0,0.46,0,0,0.384969613,1730,1500,1384.96961,1500,1500,1000,1900,1000,1334,1418,1418,1410,1419,871,1742,0,870,0
17.420000000,17.440000000,1787652821.107115,872,50.000,101.994991,13.714400,9.2,0,0.46,0,0,0.384791607,1730,1500,1384.79161,1500,1500,1000,1900,1000,1333,1417,1417,1410,1416,872,1744,0,871,0
17.440000000,17.460000000,1787652821.213538,873,50.000,106.423140,14.053100,9.2,0,0.46,0,0,0.384611033,1730,1500,1384.61103,1500,1500,1000,1900,1000,1333,1417,1417,1410,1413,873,1746,0,872,0
17.460000000,17.480000000,1787652821.317527,874,50.000,103.988886,15.150400,9.2,0,0.46,0,0,0.384433681,1730,1500,1384.43368,1500,1500,1000,1900,1000,1333,1416,1416,1410,1410,874,1748,0,873,0
17.480000000,17.500000000,1787652821.423556,875,50.000,106.028795,15.391200,9.2,0,0.46,0,0,0.384253739,1730,1500,1384.25374,1500,1500,1000,1900,1000,1333,1416,1416,1410,1408,875,1750,0,874,0
17.500000000,17.520000000,1787652821.526368,876,50.000,102.812052,13.099700,9.2,0,0.46,0,0,0.384071096,1730,1500,1384.0711,1500,1500,1000,1900,1000,1333,1415,1415,1410,1405,876,1752,0,875,0
17.520000000,17.540000000,1787652821.631455,877,50.000,105.087280,12.387000,9.2,0,0.46,0,0,0.383885782,1730,1500,1383.88578,1500,1500,1000,1900,1000,1333,1415,1415,1411,1403,877,1754,0,876,0
17.540000000,17.560000000,1787652821.740706,878,50.000,109.250784,13.854100,9.2,0,0.46,0,0,0.383698069,1730,1500,1383.69807,1500,1500,1000,1900,1000,1332,1415,1415,1411,1400,878,1756,0,877,0
17.560000000,17.580000000,1787652821.846217,879,50.000,105.511189,13.542800,9.2,0,0.46,0,0,0.383507735,1730,1500,1383.50774,1500,1500,1000,1900,1000,1332,1414,1414,1412,1398,879,1758,0,878,0
17.580000000,17.600000000,1787652821.986047,880,50.000,139.829874,15.442500,0,0,0,0,0,0.383320629,1500,1500,1383.32063,1500,1500,1000,1900,1000,1332,1414,1414,1412,1396,880,1760,0,879,0
17.600000000,17.620000000,1787652822.143009,881,50.000,156.961918,13.671600,0,0,0,0,0,0.383131286,1500,1500,1383.13129,1500,1500,1000,1900,1000,1332,1404,1404,1413,1395,881,1762,0,880,0
17.620000000,17.640000000,1787652822.251119,882,50.000,108.109951,12.365500,0,0,0,0,0,0.382939553,1500,1500,1382.93955,1500,1500,1000,1900,1000,1332,1397,1397,1413,1394,882,1764,0,881,0
17.640000000,17.660000000,1787652822.355297,883,50.000,104.178190,13.675900,0,0,0,0,0,0.382745578,1500,1500,1382.74558,1500,1500,1000,1900,1000,1331,1392,1392,1413,1392,883,1766,0,882,0
17.660000000,17.680000000,1787652822.538665,884,50.000,183.367968,14.879000,0,0,0,0,0,0.38254947,1500,1500,1382.54947,1500,1500,1000,1900,1000,1331,1387,1387,1414,1392,884,1768,0,883,0
17.680000000,17.700000000,1787652822.673495,885,50.000,134.829998,12.763800,0,0,0,0,0,0.382357208,1500,1500,1382.35721,1500,1500,1000,1900,1000,1331,1384,1384,1414,1391,885,1770,0,884,0
17.700000000,17.720000000,1787652822.774595,886,50.000,101.099968,13.259500,0,0,0,0,0,0.382163004,1500,1500,1382.163,1500,1500,1000,1900,1000,1331,1381,1381,1415,1391,886,1772,0,885,0
17.720000000,17.740000000,1787652822.874449,887,50.000,99.853992,12.480700,0,0,0,0,0,0.381966769,1500,1500,1381.96677,1500,1500,1000,1900,1000,1331,1379,1379,1415,1391,887,1774,0,886,0
17.740000000,17.760000000,1787652822.973623,888,50.000,99.174023,12.240500,0,0,0,0,0,0.381768796,1500,1500,1381.7688,1500,1500,1000,1900,1000,1330,1377,1377,1415,1391,888,1776,0,887,0
17.760000000,17.780000000,1787652823.067546,889,50.000,93.922853,13.763800,0,0,0,0,0,0.381569251,1500,1500,1381.56925,1500,1500,1000,1900,1000,1330,1376,1376,1415,1392,889,1778,0,888,0
17.780000000,17.800000000,1787652823.168349,890,50.000,100.803137,12.017300,0,0,0,0,0,0.381374163,1500,1500,1381.37416,1500,1500,1000,1900,1000,1330,1375,1375,1415,1393,890,1780,0,889,0
17.800000000,17.820000000,1787652823.359489,891,50.000,191.139936,5.167300,0,0,0,0,0,0.381178254,1500,1500,1381.17825,1500,1500,1000,1900,1000,1330,1374,1374,1415,1395,891,1782,0,890,0
17.820000000,17.840000000,1787652823.598263,892,50.000,238.774061,14.447500,0,0,0,0,0,0.380982231,1500,1500,1380.98223,1500,1500,1000,1900,1000,1330,1374,1374,1415,1397,892,1784,0,891,0
17.840000000,17.860000000,1787652823.800876,893,50.000,202.612877,13.269800,0,0,0,0,0,0.380786414,1500,1500,1380.78641,1500,1500,1000,1900,1000,1329,1373,1373,1415,1399,893,1786,0,892,0
17.860000000,17.880000000,1787652823.958219,894,50.000,157.343149,13.802700,0,0,0,0,0,0.380590995,1500,1500,1380.59099,1500,1500,1000,1900,1000,1329,1373,1373,1414,1402,894,1788,0,893,0
17.880000000,17.900000000,1787652824.124209,895,50.000,165.989876,15.119900,0,0,0,0,0,0.380401652,1500,1500,1380.40165,1500,1500,1000,1900,1000,1329,1373,1373,1414,1406,895,1790,0,894,0
17.900000000,17.920000000,1787652824.253637,896,50.000,129.428148,12.632500,0,0,0,0,0,0.380213073,1500,1500,1380.21307,1500,1500,1000,1900,1000,1329,1373,1373,1414,1410,896,1792,0,895,0
17.920000000,17.940000000,1787652824.368072,897,50.000,114.434958,13.567400,0,0,0,0,0,0.380025451,1500,1500,1380.02545,1500,1500,1000,1900,1000,1329,1373,1373,1413,1414,897,1794,0,896,0
17.940000000,17.960000000,1787652824.486062,898,50.000,117.990017,13.200200,0,0,0,0,0,0.379839246,1500,1500,1379.83925,1500,1500,1000,1900,1000,1329,1373,1373,1413,1422,898,1796,0,897,0
17.960000000,17.980000000,1787652824.623953,899,50.000,137.890816,12.924800,0,0,0,0,0,0.379654526,1500,1500,1379.65453,1500,1500,1000,1900,1000,1328,1373,1373,1413,1430,899,1798,0,898,0
17.980000000,18.000000000,1787652824.752252,900,50.000,128.298998,12.992000,0,0,0,0,0,0.379471509,1500,1500,1379.47151,1500,1500,1000,1900,1000,1328,1373,1373,1411,1439,900,1800,0,899,0
18.000000000,18.020000000,1787652824.892384,901,50.000,140.132189,13.272600,0,0,0,0,0,0.379296078,1500,1500,1379.29608,1500,1500,1000,1900,1000,1328,1374,1374,1411,1448,901,1802,0,900,0
18.020000000,18.040000000,1787652825.016898,902,50.000,124.513865,13.498600,0,0,0,0,0,0.379122776,1500,1500,1379.12278,1500,1500,1000,1900,1000,1328,1374,1374,1410,1457,902,1804,0,901,0
18.040000000,18.060000000,1787652825.160647,903,50.000,143.748999,14.875400,0,0,0,0,0,0.3789519,1500,1500,1378.9519,1500,1500,1000,1900,1000,1328,1374,1374,1410,1466,903,1806,0,902,0
18.060000000,18.080000000,1787652825.301520,904,50.000,140.873194,16.276000,0,0,0,0,0,0.378783705,1500,1500,1378.7837,1500,1500,1000,1900,1000,1327,1375,1375,1410,1476,904,1808,0,903,0
18.080000000,18.100000000,1787652825.416669,905,50.000,115.148783,13.652600,0,0,0,0,0,0.378618435,1500,1500,1378.61844,1500,1500,1000,1900,1000,1327,1375,1375,1410,1485,905,1810,0,904,0
18.100000000,18.120000000,1787652825.536274,906,50.000,119.605064,13.392500,0,0,0,0,0,0.378461912,1500,1500,1378.46191,1500,1500,1000,1900,1000,1327,1376,1376,1410,1494,906,1812,0,905,0
18.120000000,18.140000000,1787652825.646445,907,50.000,110.171080,12.073600,0,0,0,0,0,0.378308732,1500,1500,1378.30873,1500,1500,1000,1900,1000,1327,1376,1376,1410,1503,907,1814,0,906,0
18.140000000,18.160000000,1787652825.773399,908,50.000,126.953840,14.060000,0,0,0,0,0,0.378159163,1500,1500,1378.15916,1500,1500,1000,1900,1000,1327,1376,1376,1409,1512,908,1816,0,907,0
18.160000000,18.180000000,1787652825.885365,909,50.000,111.966133,12.788300,0,0,0,0,0,0.378013404,1500,1500,1378.0134,1500,1500,1000,1900,1000,1327,1377,1377,1409,1519,909,1818,0,908,0
18.180000000,18.200000000,1787652825.988288,910,50.000,102.923155,12.856600,0,0,0,0,0,0.377871647,1500,1500,1377.87165,1500,1500,1000,1900,1000,1327,1377,1377,1409,1527,910,1820,0,909,0
18.200000000,18.220000000,1787652826.094166,911,50.000,105.877876,12.593300,0,0,0,0,0,0.377734078,1500,1500,1377.73408,1500,1500,1000,1900,1000,1326,1377,1377,1409,1533,911,1822,0,910,0
18.220000000,18.240000000,1787652826.207545,912,50.000,113.378763,12.190200,0,0,0,0,0,0.377600854,1500,1500,1377.60085,1500,1500,1000,1900,1000,1326,1378,1378,1409,1539,912,1824,0,911,0
18.240000000,18.260000000,1787652826.308833,913,50.000,101.288319,14.562400,0,0,0,0,0,0.37747767,1500,1500,1377.47767,1500,1500,1000,1900,1000,1326,1378,1378,1408,1545,913,1826,0,912,0
18.260000000,18.280000000,1787652826.421196,914,50.000,112.362862,13.431500,0,0,0,0,0,0.377359039,1500,1500,1377.35904,1500,1500,1000,1900,1000,1326,1378,1378,1408,1550,914,1828,0,913,0
18.280000000,18.300000000,1787652826.531192,915,50.000,109.995842,13.788000,0,0,0,0,0,0.377245106,1500,1500,1377.24511,1500,1500,1000,1900,1000,1326,1378,1378,1408,1554,915,1830,0,914,0
18.300000000,18.320000000,1787652826.638473,916,50.000,107.280970,13.990200,0,0,0,0,0,0.377135835,1500,1500,1377.13584,1500,1500,1000,1900,1000,1326,1379,1379,1407,1557,916,1832,0,915,0
18.320000000,18.340000000,1787652826.748804,917,50.000,110.331059,13.250400,0,0,0,0,0,0.377031022,1500,1500,1377.03102,1500,1500,1000,1900,1000,1326,1379,1379,1407,1559,917,1834,0,916,0
18.340000000,18.360000000,1787652826.867979,918,50.000,119.175196,14.801300,0,0,0,0,0,0.376930336,1500,1500,1376.93034,1500,1500,1000,1900,1000,1326,1379,1379,1407,1560,918,1836,0,917,0
18.360000000,18.380000000,1787652826.973948,919,50.000,105.968952,12.893500,0,0,0,0,0,0.376833404,1500,1500,1376.8334,1500,1500,1000,1900,1000,1325,1380,1380,1407,1560,919,1838,0,918,0
18.380000000,18.400000000,1787652827.077749,920,50.000,103.801012,13.307900,0,0,0,0,0,0.37673985,1500,1500,1376.73985,1500,1500,1000,1900,1000,1325,1380,1380,1407,1560,920,1840,0,919,0
18.400000000,18.420000000,1787652827.180227,921,50.000,102.478027,14.169800,0,0,0,0,0,0.376654765,1500,1500,1376.65477,1500,1500,1000,1900,1000,1325,1380,1380,1407,1558,921,1842,0,920,0
18.420000000,18.440000000,1787652827.294335,922,50.000,114.107847,14.200500,0,0,0,0,0,0.376572193,1500,1500,1376.57219,1500,1500,1000,1900,1000,1325,1380,1380,1407,1556,922,1844,0,921,0
18.440000000,18.460000000,1787652827.396888,923,50.000,102.553129,12.987500,0,0,0,0,0,0.376491812,1500,1500,1376.49181,1500,1500,1000,1900,1000,1325,1381,1381,1407,1553,923,1846,0,922,0
18.460000000,18.480000000,1787652827.499604,924,50.000,102.715969,12.141100,0,0,0,0,0,0.376413245,1500,1500,1376.41324,1500,1500,1000,1900,1000,1325,1381,1381,1407,1550,924,1848,0,923,0
18.480000000,18.500000000,1787652827.597493,925,50.000,97.888947,12.910200,0,0,0,0,0,0.376336096,1500,1500,1376.3361,1500,1500,1000,1900,1000,1325,1381,1381,1407,1546,925,1850,0,924,0
18.500000000,18.520000000,1787652827.696096,926,50.000,98.603010,13.539100,0,0,0,0,0,0.376260178,1500,1500,1376.26018,1500,1500,1000,1900,1000,1325,1382,1382,1407,1541,926,1852,0,925,0
18.520000000,18.540000000,1787652827.810278,927,50.000,114.182234,12.417900,0,0,0,0,0,0.376185305,1500,1500,1376.1853,1500,1500,1000,1900,1000,1325,1382,1382,1406,1536,927,1854,0,926,0
18.540000000,18.560000000,1787652827.914024,928,50.000,103.745699,14.218600,0,0,0,0,0,0.376111355,1500,1500,1376.11136,1500,1500,1000,1900,1000,1325,1382,1382,1407,1530,928,1856,0,927,0
18.560000000,18.580000000,1787652828.014015,929,50.000,99.991083,13.438200,0,0,0,0,0,0.376038194,1500,1500,1376.03819,1500,1500,1000,1900,1000,1325,1383,1383,1407,1524,929,1858,0,928,0
18.580000000,18.600000000,1787652828.114349,930,50.000,100.334167,12.554900,0,0,0,0,0,0.375965786,1500,1500,1375.96579,1500,1500,1000,1900,1000,1325,1383,1383,1407,1517,930,1860,0,929,0
18.600000000,18.620000000,1787652828.211347,931,50.000,96.997738,13.886700,0,0,0,0,0,0.375894133,1500,1500,1375.89413,1500,1500,1000,1900,1000,1325,1383,1383,1407,1511,931,1862,0,930,0
18.620000000,18.640000000,1787652828.324156,932,50.000,112.809181,13.465700,0,0,0,0,0,0.375823272,1500,1500,1375.82327,1500,1500,1000,1900,1000,1325,1384,1384,1407,1504,932,1864,0,931,0
18.640000000,18.660000000,1787652828.433423,933,50.000,109.266996,12.438600,-9.2,0,-0.46,0,0,0.375753278,1270,1500,1375.75328,1500,1500,1000,1900,1000,1325,1384,1384,1407,1497,933,1866,0,932,0
18.660000000,18.680000000,1787652828.547334,934,50.000,113.910913,15.374700,-9.2,0,-0.46,0,0,0.375684245,1270,1500,1375.68425,1500,1500,1000,1900,1000,1325,1375,1375,1407,1491,934,1868,0,933,0
18.680000000,18.700000000,1787652828.654867,935,50.000,107.532978,13.479400,-9.2,0,-0.46,0,0,0.375616331,1270,1500,1375.61633,1500,1500,1000,1900,1000,1325,1369,1369,1407,1485,935,1870,0,934,0
18.700000000,18.720000000,1787652828.758415,936,50.000,103.548050,13.283100,-9.2,0,-0.46,0,0,0.375549796,1270,1500,1375.5498,1500,1500,1000,1900,1000,1325,1364,1364,1406,1479,936,1872,0,935,0
18.720000000,18.740000000,1787652828.863782,937,50.000,105.366945,13.159400,-9.2,0,-0.46,0,0,0.375484854,1270,1500,1375.48485,1500,1500,1000,1900,1000,1325,1360,1360,1406,1473,937,1874,0,936,0
18.740000000,18.760000000,1787652829.005378,938,50.000,141.596079,14.017900,-9.2,0,-0.46,0,0,0.375421672,1270,1500,1375.42167,1500,1500,1000,1900,1000,1325,1357,1357,1406,1467,938,1876,0,937,0
18.760000000,18.780000000,1787652829.107733,939,50.000,102.355003,12.759600,-9.2,0,-0.46,0,0,0.375360539,1270,1500,1375.36054,1500,1500,1000,1900,1000,1325,1355,1355,1406,1461,939,1878,0,938,0
18.780000000,18.800000000,1787652829.217862,940,50.000,110.129118,14.499000,-9.2,0,-0.46,0,0,0.375301543,1270,1500,1375.30154,1500,1500,1000,1900,1000,1325,1353,1353,1406,1456,940,1880,0,939,0
18.800000000,18.820000000,1787652829.316615,941,50.000,98.752975,12.692000,-9.2,0,-0.46,0,0,0.375244846,1270,1500,1375.24485,1500,1500,1000,1900,1000,1325,1352,1352,1405,1452,941,1882,0,940,0
18.820000000,18.840000000,1787652829.414370,942,50.000,97.754955,13.639700,-9.2,0,-0.46,0,0,0.375190703,1270,1500,1375.1907,1500,1500,1000,1900,1000,1325,1351,1351,1405,1448,942,1884,0,941,0
18.840000000,18.860000000,1787652829.511199,943,50.000,96.828938,12.728800,-9.2,0,-0.46,0,0,0.375139204,1270,1500,1375.1392,1500,1500,1000,1900,1000,1325,1351,1351,1404,1445,943,1886,0,942,0
18.860000000,18.880000000,1787652829.615579,944,50.000,104.380131,13.928200,-9.2,0,-0.46,0,0,0.375090422,1270,1500,1375.09042,1500,1500,1000,1900,1000,1325,1350,1350,1404,1443,944,1888,0,943,0
18.880000000,18.900000000,1787652829.715793,945,50.000,100.213766,12.150000,-9.2,0,-0.46,0,0,0.375044472,1270,1500,1375.04447,1500,1500,1000,1900,1000,1325,1350,1350,1404,1442,945,1890,0,944,0
18.900000000,18.920000000,1787652829.822450,946,50.000,106.657028,14.010000,-9.2,0,-0.46,0,0,0.375001435,1270,1500,1375.00144,1500,1500,1000,1900,1000,1325,1350,1350,1403,1441,946,1892,0,945,0
18.920000000,18.940000000,1787652829.919588,947,50.000,97.137928,12.957200,-9.2,0,-0.46,0,0,0.374961397,1270,1500,1374.9614,1500,1500,1000,1900,1000,1325,1351,1351,1403,1441,947,1894,0,946,0
18.940000000,18.960000000,1787652830.016632,948,50.000,97.044230,12.390600,-9.2,0,-0.46,0,0,0.374924447,1270,1500,1374.92445,1500,1500,1000,1900,1000,1324,1351,1351,1402,1443,948,1896,0,947,0
18.960000000,18.980000000,1787652830.114946,949,50.000,98.314047,13.303800,-9.2,0,-0.46,0,0,0.374890675,1270,1500,1374.89068,1500,1500,1000,1900,1000,1324,1351,1351,1402,1445,949,1898,0,948,0
18.980000000,19.000000000,1787652830.210603,950,50.000,95.656872,12.608100,-9.2,0,-0.46,0,0,0.374865646,1270,1500,1374.86565,1500,1500,1000,1900,1000,1324,1352,1352,1401,1448,950,1900,0,949,0
19.000000000,19.020000000,1787652830.312508,951,50.000,101.905107,2.018500,-9.2,0,-0.46,0,0,0.374843793,1270,1500,1374.84379,1500,1500,1000,1900,1000,1324,1353,1353,1401,1452,951,1902,0,950,0
19.020000000,19.040000000,1787652830.413190,952,50.000,100.681782,12.648200,-9.2,0,-0.46,0,0,0.374824933,1270,1500,1374.82493,1500,1500,1000,1900,1000,1324,1353,1353,1400,1456,952,1904,0,951,0
19.040000000,19.060000000,1787652830.513963,953,50.000,100.773096,13.868400,-9.2,0,-0.46,0,0,0.374808742,1270,1500,1374.80874,1500,1500,1000,1900,1000,1324,1354,1354,1400,1461,953,1906,0,952,0
19.060000000,19.080000000,1787652830.619325,954,50.000,105.361938,14.022100,-9.2,0,-0.46,0,0,0.374794842,1270,1500,1374.79484,1500,1500,1000,1900,1000,1324,1355,1355,1400,1467,954,1908,0,953,0
19.080000000,19.100000000,1787652830.726247,955,50.000,106.922150,14.276300,-9.2,0,-0.46,0,0,0.374782871,1270,1500,1374.78287,1500,1500,1000,1900,1000,1324,1355,1355,1400,1474,955,1910,0,954,0
19.100000000,19.120000000,1787652830.824405,956,50.000,98.157883,12.626000,-9.2,0,-0.46,0,0,0.374772464,1270,1500,1374.77246,1500,1500,1000,1900,1000,1324,1356,1356,1399,1480,956,1912,0,955,0
19.120000000,19.140000000,1787652830.928369,957,50.000,103.963852,12.211600,-9.2,0,-0.46,0,0,0.374763272,1270,1500,1374.76327,1500,1500,1000,1900,1000,1324,1357,1357,1399,1488,957,1914,0,956,0
19.140000000,19.160000000,1787652831.028890,958,50.000,100.521088,13.693500,-9.2,0,-0.46,0,0,0.374754974,1270,1500,1374.75497,1500,1500,1000,1900,1000,1324,1357,1357,1399,1495,958,1916,0,957,0
19.160000000,19.180000000,1787652831.133984,959,50.000,105.093956,14.502200,-9.2,0,-0.46,0,0,0.374747295,1270,1500,1374.7473,1500,1500,1000,1900,1000,1324,1358,1358,1400,1503,959,1918,0,958,0
19.180000000,19.200000000,1787652831.232133,960,50.000,98.149300,13.802200,-9.2,0,-0.46,0,0,0.374739984,1270,1500,1374.73998,1500,1500,1000,1900,1000,1324,1359,1359,1400,1510,960,1920,0,959,0
19.200000000,19.220000000,1787652831.332170,961,50.000,100.036860,16.160000,-9.2,0,-0.46,0,0,0.37473282,1270,1500,1374.73282,1500,1500,1000,1900,1000,1324,1360,1360,1400,1518,961,1922,0,960,0
19.220000000,19.240000000,1787652831.433603,962,50.000,101.433039,13.915700,-9.2,0,-0.46,0,0,0.374725593,1270,1500,1374.72559,1500,1500,1000,1900,1000,1324,1360,1360,1400,1526,962,1924,0,961,0
19.240000000,19.260000000,1787652831.534522,963,50.000,100.919008,12.160000,-9.2,0,-0.46,0,0,0.3747182,1270,1500,1374.7182,1500,1500,1000,1900,1000,1324,1361,1361,1400,1533,963,1926,0,962,0
19.260000000,19.280000000,1787652831.638202,964,50.000,103.679895,14.830900,-9.2,0,-0.46,0,0,0.374710531,1270,1500,1374.71053,1500,1500,1000,1900,1000,1324,1362,1362,1401,1540,964,1928,0,963,0
19.280000000,19.300000000,1787652831.736323,965,50.000,98.120928,12.355100,-9.2,0,-0.46,0,0,0.374702455,1270,1500,1374.70246,1500,1500,1000,1900,1000,1324,1362,1362,1401,1547,965,1930,0,964,0
19.300000000,19.320000000,1787652831.832210,966,50.000,95.887184,12.981900,-9.2,0,-0.46,0,0,0.374693856,1270,1500,1374.69386,1500,1500,1000,1900,1000,1324,1363,1363,1401,1553,966,1932,0,965,0
19.320000000,19.340000000,1787652831.928207,967,50.000,95.996857,13.045300,-9.2,0,-0.46,0,0,0.374684619,1270,1500,1374.68462,1500,1500,1000,1900,1000,1324,1364,1364,1402,1559,967,1934,0,966,0
19.340000000,19.360000000,1787652832.028218,968,50.000,100.011110,12.407400,-9.2,0,-0.46,0,0,0.374674603,1270,1500,1374.6746,1500,1500,1000,1900,1000,1324,1364,1364,1402,1564,968,1936,0,967,0
19.360000000,19.380000000,1787652832.123395,969,50.000,95.176935,12.914000,-9.2,0,-0.46,0,0,0.374663597,1270,1500,1374.6636,1500,1500,1000,1900,1000,1324,1365,1365,1402,1568,969,1938,0,968,0
19.380000000,19.400000000,1787652832.207959,970,50.000,84.563971,2.777100,-9.2,0,-0.46,0,0,0.37465134,1270,1500,1374.65134,1500,1500,1000,1900,1000,1324,1366,1366,1403,1571,970,1940,0,969,0
19.400000000,19.420000000,1787652832.307303,971,50.000,99.344015,12.885100,-9.2,0,-0.46,0,0,0.374637898,1270,1500,1374.6379,1500,1500,1000,1900,1000,1324,1366,1366,1403,1574,971,1942,0,970,0
19.420000000,19.440000000,1787652832.405334,972,50.000,98.031044,12.549500,-9.2,0,-0.46,0,0,0.374622957,1270,1500,1374.62296,1500,1500,1000,1900,1000,1324,1367,1367,1404,1576,972,1944,0,971,0
19.440000000,19.460000000,1787652832.492225,973,50.000,86.891174,2.635300,-9.2,0,-0.46,0,0,0.374606435,1270,1500,1374.60643,1500,1500,1000,1900,1000,1324,1367,1367,1405,1577,973,1946,0,972,0
19.460000000,19.480000000,1787652832.595951,974,50.000,103.725672,14.602500,-9.2,0,-0.46,0,0,0.374587975,1270,1500,1374.58797,1500,1500,1000,1900,1000,1324,1368,1368,1405,1577,974,1948,0,973,0
19.480000000,19.500000000,1787652832.696968,975,50.000,101.017237,14.876700,-9.2,0,-0.46,0,0,0.37456731,1270,1500,1374.56731,1500,1500,1000,1900,1000,1324,1369,1369,1406,1577,975,1950,0,974,0
19.500000000,19.520000000,1787652832.793838,976,50.000,96.869707,12.927100,-9.2,0,-0.46,0,0,0.37454425,1270,1500,1374.54425,1500,1500,1000,1900,1000,1324,1369,1369,1406,1575,976,1952,0,975,0
19.520000000,19.540000000,1787652832.904538,977,50.000,110.700369,15.254000,-9.2,0,-0.46,0,0,0.374518647,1270,1500,1374.51865,1500,1500,1000,1900,1000,1324,1370,1370,1407,1573,977,1954,0,976,0
19.540000000,19.560000000,1787652833.001979,978,50.000,97.440958,13.130100,-9.2,0,-0.46,0,0,0.374490387,1270,1500,1374.49039,1500,1500,1000,1900,1000,1324,1370,1370,1407,1569,978,1956,0,977,0
19.560000000,19.580000000,1787652833.103356,979,50.000,101.376772,13.243900,-9.2,0,-0.46,0,0,0.374459374,1270,1500,1374.45937,1500,1500,1000,1900,1000,1324,1371,1371,1407,1565,979,1958,0,978,0
19.580000000,19.600000000,1787652833.201343,980,50.000,97.987175,12.677000,-9.2,0,-0.46,0,0,0.374425387,1270,1500,1374.42539,1500,1500,1000,1900,1000,1324,1371,1371,1407,1561,980,1960,0,979,0
19.600000000,19.620000000,1787652833.324449,981,50.000,123.106003,13.484300,-9.2,0,-0.46,0,0,0.374388047,1270,1500,1374.38805,1500,1500,1000,1900,1000,1324,1372,1372,1407,1555,981,1962,0,980,0
19.620000000,19.640000000,1787652833.421468,982,50.000,97.018957,12.024200,-9.2,0,-0.46,0,0,0.374347301,1270,1500,1374.3473,1500,1500,1000,1900,1000,1324,1372,1372,1407,1549,982,1964,0,981,0
19.640000000,19.660000000,1787652833.520387,983,50.000,98.918915,13.585300,-9.2,0,-0.46,0,0,0.374302708,1270,1500,1374.30271,1500,1500,1000,1900,1000,1324,1373,1373,1407,1543,983,1966,0,982,0
19.660000000,19.680000000,1787652833.614480,984,50.000,94.093084,12.502600,-9.2,0,-0.46,0,0,0.374254222,1270,1500,1374.25422,1500,1500,1000,1900,1000,1324,1373,1373,1406,1536,984,1968,0,983,0
19.680000000,19.700000000,1787652833.722622,985,50.000,108.142138,15.640100,-9.2,0,-0.46,0,0,0.374201832,1270,1500,1374.20183,1500,1500,1000,1900,1000,1324,1374,1374,1406,1528,985,1970,0,984,0
19.700000000,19.720000000,1787652833.821721,986,50.000,99.098682,12.153600,-9.2,0,-0.46,0,0,0.374145494,1270,1500,1374.14549,1500,1500,1000,1900,1000,1324,1375,1375,1406,1520,986,1972,0,985,0
19.720000000,19.740000000,1787652833.920787,987,50.000,99.066257,15.287200,-9.2,0,-0.46,0,0,0.374085171,1270,1500,1374.08517,1500,1500,1000,1900,1000,1324,1375,1375,1406,1512,987,1974,0,986,0
19.740000000,19.760000000,1787652834.017556,988,50.000,96.768856,13.778800,-9.2,0,-0.46,0,0,0.374020882,1270,1500,1374.02088,1500,1500,1000,1900,1000,1324,1376,1376,1406,1505,988,1976,0,987,0
19.760000000,19.780000000,1787652834.112961,989,50.000,95.405102,13.337000,-9.2,0,-0.46,0,0,0.3739527,1270,1500,1373.9527,1500,1500,1000,1900,1000,1324,1376,1376,1406,1497,989,1978,0,988,0
19.780000000,19.800000000,1787652834.207386,990,50.000,94.424963,12.422200,-9.2,0,-0.46,0,0,0.373880739,1270,1500,1373.88074,1500,1500,1000,1900,1000,1323,1377,1377,1406,1489,990,1980,0,989,0
19.800000000,19.820000000,1787652834.303573,991,50.000,96.186876,13.960000,-9.2,0,-0.46,0,0,0.373805114,1270,1500,1373.80511,1500,1500,1000,1900,1000,1323,1377,1377,1406,1482,991,1982,0,990,0
19.820000000,19.840000000,1787652834.398886,992,50.000,95.313072,12.565400,-9.2,0,-0.46,0,0,0.373731434,1270,1500,1373.73143,1500,1500,1000,1900,1000,1323,1378,1378,1406,1475,992,1984,0,991,0
19.840000000,19.860000000,1787652834.501338,993,50.000,102.452040,12.925500,-9.2,0,-0.46,0,0,0.373654328,1270,1500,1373.65433,1500,1500,1000,1900,1000,1323,1379,1379,1406,1467,993,1986,0,992,0
19.860000000,19.880000000,1787652834.597445,994,50.000,96.107006,12.790100,-9.2,0,-0.46,0,0,0.37357392,1270,1500,1373.57392,1500,1500,1000,1900,1000,1323,1379,1379,1406,1461,994,1988,0,993,0
19.880000000,19.900000000,1787652834.696764,995,50.000,99.318981,12.149300,-9.2,0,-0.46,0,0,0.373490283,1270,1500,1373.49028,1500,1500,1000,1900,1000,1323,1380,1380,1407,1454,995,1990,0,994,0
19.900000000,19.920000000,1787652834.793586,996,50.000,96.822023,11.847500,-9.2,0,-0.46,0,0,0.373403552,1270,1500,1373.40355,1500,1500,1000,1900,1000,1323,1381,1381,1407,1448,996,1992,0,995,0
19.920000000,19.940000000,1787652834.894896,997,50.000,101.310015,13.653500,-9.2,0,-0.46,0,0,0.373313809,1270,1500,1373.31381,1500,1500,1000,1900,1000,1323,1381,1381,1407,1443,997,1994,0,996,0
19.940000000,19.960000000,1787652834.992199,998,50.000,97.302914,13.585300,-9.2,0,-0.46,0,0,0.373221234,1270,1500,1373.22123,1500,1500,1000,1900,1000,1323,1382,1382,1407,1437,998,1996,0,997,0
19.960000000,19.980000000,1787652835.088342,999,50.000,96.143007,12.634300,-9.2,0,-0.46,0,0,0.373126011,1270,1500,1373.12601,1500,1500,1000,1900,1000,1323,1383,1383,1407,1432,999,1998,0,998,0
19.980000000,20.000000000,1787652835.200487,1000,50.000,112.145185,15.577700,-9.2,0,-0.46,0,0,0.373028063,1270,1500,1373.02806,1500,1500,1000,1900,1000,1323,1383,1383,1407,1427,1000,2000,0,999,0
20.000000000,20.020000000,1787652835.324258,1001,50.000,123.770952,13.653000,-9.2,0,-0.46,0,0,0.372927639,1270,1500,1372.92764,1500,1500,1000,1900,1000,1323,1384,1384,1407,1423,1001,2002,0,1000,0
20.020000000,20.040000000,1787652835.440729,1002,50.000,116.470814,12.707200,-9.2,0,-0.46,0,0,0.37282462,1270,1500,1372.82462,1500,1500,1000,1900,1000,1322,1384,1384,1407,1420,1002,2004,0,1001,0
20.040000000,20.060000000,1787652835.642038,1003,50.000,201.309204,14.728100,-9.2,0,-0.46,0,0,0.372719167,1270,1500,1372.71917,1500,1500,1000,1900,1000,1322,1385,1385,1407,1417,1003,2006,0,1002,0
20.060000000,20.080000000,1787652835.931494,1004,50.000,289.455891,16.775100,-9.2,0,-0.46,0,0,0.372616635,1270,1500,1372.61663,1500,1500,1000,1900,1000,1322,1385,1385,1407,1415,1004,2008,0,1003,0
20.080000000,20.100000000,1787652836.179154,1005,50.000,247.660160,15.287900,-9.2,0,-0.46,0,0,0.37251179,1270,1500,1372.51179,1500,1500,1000,1900,1000,1322,1386,1386,1407,1413,1005,2010,0,1004,0
20.100000000,20.120000000,1787652836.345278,1006,50.000,166.123867,13.594900,-9.2,0,-0.46,0,0,0.372404715,1270,1500,1372.40472,1500,1500,1000,1900,1000,1322,1386,1386,1407,1412,1006,2012,0,1005,0
20.120000000,20.140000000,1787652836.509915,1007,50.000,164.637089,13.975100,-9.2,0,-0.46,0,0,0.372295288,1270,1500,1372.29529,1500,1500,1000,1900,1000,1322,1386,1386,1407,1411,1007,2014,0,1006,0
20.140000000,20.160000000,1787652836.716399,1008,50.000,206.483841,14.540400,-9.2,0,-0.46,0,0,0.372183649,1270,1500,1372.18365,1500,1500,1000,1900,1000,1322,1387,1387,1407,1412,1008,2016,0,1007,0
20.160000000,20.180000000,1787652836.920859,1009,50.000,204.459906,13.596800,-9.2,0,-0.46,0,0,0.372069887,1270,1500,1372.06989,1500,1500,1000,1900,1000,1322,1387,1387,1407,1412,1009,2018,0,1008,0
20.180000000,20.200000000,1787652837.078065,1010,50.000,157.206059,13.673300,-9.2,0,-0.46,0,0,0.371954045,1270,1500,1371.95405,1500,1500,1000,1900,1000,1322,1388,1388,1407,1413,1010,2020,0,1009,0
20.200000000,20.220000000,1787652837.209199,1011,50.000,131.134033,13.269100,-9.2,0,-0.46,0,0,0.371836146,1270,1500,1371.83615,1500,1500,1000,1900,1000,1321,1388,1388,1407,1415,1011,2022,0,1010,0
20.220000000,20.240000000,1787652837.320750,1012,50.000,111.551046,14.870500,-9.2,0,-0.46,0,0,0.371716193,1270,1500,1371.71619,1500,1500,1000,1900,1000,1321,1389,1389,1408,1417,1012,2024,0,1011,0
20.240000000,20.260000000,1787652837.435729,1013,50.000,114.979029,14.126100,-9.2,0,-0.46,0,0,0.371599568,1270,1500,1371.59957,1500,1500,1000,1900,1000,1321,1389,1389,1408,1419,1013,2026,0,1012,0
20.260000000,20.280000000,1787652837.542893,1014,50.000,107.164145,13.058900,-9.2,0,-0.46,0,0,0.371481048,1270,1500,1371.48105,1500,1500,1000,1900,1000,1321,1390,1390,1408,1422,1014,2028,0,1013,0
20.280000000,20.300000000,1787652837.657202,1015,50.000,114.308834,12.068700,-9.2,0,-0.46,0,0,0.371360935,1270,1500,1371.36093,1500,1500,1000,1900,1000,1321,1390,1390,1408,1425,1015,2030,0,1014,0
20.300000000,20.320000000,1787652837.751627,1016,50.000,94.424963,2.538000,-9.2,0,-0.46,0,0,0.371239484,1270,1500,1371.23948,1500,1500,1000,1900,1000,1321,1390,1390,1408,1428,1016,2032,0,1015,0
20.320000000,20.340000000,1787652837.853507,1017,50.000,101.880074,14.647000,-9.2,0,-0.46,0,0,0.371117212,1270,1500,1371.11721,1500,1500,1000,1900,1000,1321,1391,1391,1408,1431,1017,2034,0,1016,0
20.340000000,20.360000000,1787652837.955558,1018,50.000,102.051020,12.529000,-9.2,0,-0.46,0,0,0.37099452,1270,1500,1370.99452,1500,1500,1000,1900,1000,1321,1391,1391,1408,1433,1018,2036,0,1017,0
20.360000000,20.380000000,1787652838.053452,1019,50.000,97.893953,14.618100,-9.2,0,-0.46,0,0,0.370871997,1270,1500,1370.872,1500,1500,1000,1900,1000,1320,1392,1392,1409,1436,1019,2038,0,1018,0
20.380000000,20.400000000,1787652838.149044,1020,50.000,95.592022,13.044600,-9.2,0,-0.46,0,0,0.370749958,1270,1500,1370.74996,1500,1500,1000,1900,1000,1320,1392,1392,1408,1439,1020,2040,0,1019,0
20.400000000,20.420000000,1787652838.244637,1021,50.000,95.592976,14.303000,-9.2,0,-0.46,0,0,0.370634181,1270,1500,1370.63418,1500,1500,1000,1900,1000,1320,1392,1392,1408,1442,1021,2042,0,1020,0
20.420000000,20.440000000,1787652838.335767,1022,50.000,91.130018,11.730000,-9.2,0,-0.46,0,0,0.370519977,1270,1500,1370.51998,1500,1500,1000,1900,1000,1320,1393,1393,1408,1444,1022,2044,0,1021,0
20.440000000,20.460000000,1787652838.436056,1023,50.000,100.288868,13.502900,0,0,0,0,0,0.37040759,1500,1500,1370.40759,1500,1500,1000,1900,1000,1320,1393,1393,1408,1447,1023,2046,0,1022,0
20.460000000,20.480000000,1787652838.538491,1024,50.000,102.435112,13.596200,0,0,0,0,0,0.370297375,1500,1500,1370.29738,1500,1500,1000,1900,1000,1320,1402,1402,1407,1448,1024,2048,0,1023,0
20.480000000,20.500000000,1787652838.651868,1025,50.000,113.376856,14.139900,0,0,0,0,0,0.370190014,1500,1500,1370.19001,1500,1500,1000,1900,1000,1320,1408,1408,1407,1449,1025,2050,0,1024,0
20.500000000,20.520000000,1787652838.753875,1026,50.000,102.007151,13.172600,0,0,0,0,0,0.370085974,1500,1500,1370.08597,1500,1500,1000,1900,1000,1320,1414,1414,1407,1450,1026,2052,0,1025,0
20.520000000,20.540000000,1787652838.853895,1027,50.000,100.019932,11.876100,0,0,0,0,0,0.369985436,1500,1500,1369.98544,1500,1500,1000,1900,1000,1320,1421,1421,1407,1451,1027,2054,0,1026,0
20.540000000,20.560000000,1787652838.974964,1028,50.000,121.069193,15.473700,0,0,0,0,0,0.369888591,1500,1500,1369.88859,1500,1500,1000,1900,1000,1319,1427,1427,1406,1451,1028,2056,0,1027,0
20.560000000,20.580000000,1787652839.075023,1029,50.000,100.058794,14.402700,0,0,0,0,0,0.369795658,1500,1500,1369.79566,1500,1500,1000,1900,1000,1319,1431,1431,1405,1450,1029,2058,0,1028,0
20.580000000,20.600000000,1787652839.179857,1030,50.000,104.834080,14.468200,0,0,0,0,0,0.369712042,1500,1500,1369.71204,1500,1500,1000,1900,1000,1319,1435,1435,1404,1449,1030,2060,0,1029,0
20.600000000,20.620000000,1787652839.279709,1031,50.000,99.852085,13.680200,0,0,0,0,0,0.36963242,1500,1500,1369.63242,1500,1500,1000,1900,1000,1319,1438,1438,1404,1448,1031,2062,0,1030,0
20.620000000,20.640000000,1787652839.378165,1032,50.000,98.455906,14.543600,0,0,0,0,0,0.369557064,1500,1500,1369.55706,1500,1500,1000,1900,1000,1319,1441,1441,1403,1446,1032,2064,0,1031,0
20.640000000,20.660000000,1787652839.473709,1033,50.000,95.543861,13.458800,0,0,0,0,0,0.369485953,1500,1500,1369.48595,1500,1500,1000,1900,1000,1319,1443,1443,1403,1443,1033,2066,0,1032,0
20.660000000,20.680000000,1787652839.567740,1034,50.000,94.031096,13.137300,0,0,0,0,0,0.369419231,1500,1500,1369.41923,1500,1500,1000,1900,1000,1319,1444,1444,1402,1439,1034,2068,0,1033,0
20.680000000,20.700000000,1787652839.657812,1035,50.000,90.072155,13.101300,0,0,0,0,0,0.369356639,1500,1500,1369.35664,1500,1500,1000,1900,1000,1319,1445,1445,1402,1434,1035,2070,0,1034,0
20.700000000,20.720000000,1787652839.746619,1036,50.000,88.806868,13.457300,0,0,0,0,0,0.3692978,1500,1500,1369.2978,1500,1500,1000,1900,1000,1319,1446,1446,1402,1429,1036,2072,0,1035,0
20.720000000,20.740000000,1787652839.839832,1037,50.000,93.213081,13.199700,0,0,0,0,0,0.369242558,1500,1500,1369.24256,1500,1500,1000,1900,1000,1319,1447,1447,1401,1423,1037,2074,0,1036,0
20.740000000,20.760000000,1787652839.927552,1038,50.000,87.719917,12.603900,0,0,0,0,0,0.369190315,1500,1500,1369.19032,1500,1500,1000,1900,1000,1319,1447,1447,1401,1417,1038,2076,0,1037,0
20.760000000,20.780000000,1787652840.016896,1039,50.000,89.344025,11.962300,0,0,0,0,0,0.369140806,1500,1500,1369.14081,1500,1500,1000,1900,1000,1319,1447,1447,1401,1410,1039,2078,0,1038,0
20.780000000,20.800000000,1787652840.109504,1040,50.000,92.607975,14.551600,0,0,0,0,0,0.369093444,1500,1500,1369.09344,1500,1500,1000,1900,1000,1319,1447,1447,1401,1406,1040,2080,0,1039,0
20.800000000,20.820000000,1787652840.201331,1041,50.000,91.827154,12.749900,0,0,0,0,0,0.36904774,1500,1500,1369.04774,1500,1500,1000,1900,1000,1319,1447,1447,1400,1401,1041,2082,0,1040,0
20.820000000,20.840000000,1787652840.291233,1042,50.000,89.901686,13.659900,0,0,0,0,0,0.369003309,1500,1500,1369.00331,1500,1500,1000,1900,1000,1319,1447,1447,1401,1395,1042,2084,0,1041,0
20.840000000,20.860000000,1787652840.381168,1043,50.000,89.935064,12.883800,0,0,0,0,0,0.368959351,1500,1500,1368.95935,1500,1500,1000,1900,1000,1319,1447,1447,1401,1389,1043,2086,0,1042,0
20.860000000,20.880000000,1787652840.469653,1044,50.000,88.485241,12.092400,0,0,0,0,0,0.368915415,1500,1500,1368.91541,1500,1500,1000,1900,1000,1318,1446,1446,1401,1383,1044,2088,0,1043,0
20.880000000,20.900000000,1787652840.555346,1045,50.000,85.692883,12.462600,0,0,0,0,0,0.368871136,1500,1500,1368.87114,1500,1500,1000,1900,1000,1318,1446,1446,1401,1377,1045,2090,0,1044,0
20.900000000,20.920000000,1787652840.643457,1046,50.000,88.110924,14.011800,0,0,0,0,0,0.368831472,1500,1500,1368.83147,1500,1500,1000,1900,1000,1318,1446,1446,1401,1370,1046,2092,0,1045,0
20.920000000,20.940000000,1787652840.730240,1047,50.000,86.783171,11.501300,0,0,0,0,0,0.368790852,1500,1500,1368.79085,1500,1500,1000,1900,1000,1318,1445,1445,1402,1364,1047,2094,0,1046,0
20.940000000,20.960000000,1787652840.820297,1048,50.000,90.056896,13.911000,0,0,0,0,0,0.368749089,1500,1500,1368.74909,1500,1500,1000,1900,1000,1318,1445,1445,1402,1357,1048,2096,0,1047,0
20.960000000,20.980000000,1787652840.914238,1049,50.000,93.940973,14.224500,0,0,0,0,0,0.368706037,1500,1500,1368.70604,1500,1500,1000,1900,1000,1318,1444,1444,1402,1351,1049,2098,0,1048,0
20.980000000,21.000000000,1787652841.008160,1050,50.000,93.921900,14.140500,0,0,0,0,0,0.368661575,1500,1500,1368.66158,1500,1500,1000,1900,1000,1318,1444,1444,1402,1345,1050,2100,0,1049,0
21.000000000,21.020000000,1787652841.101344,1051,50.000,93.184233,11.988200,0,0,0,0,0,0.368615652,1500,1500,1368.61565,1500,1500,1000,1900,1000,1318,1443,1443,1403,1339,1051,2102,0,1050,0
21.020000000,21.040000000,1787652841.189492,1052,50.000,88.147879,11.715400,0,0,0,0,0,0.368568235,1500,1500,1368.56823,1500,1500,1000,1900,1000,1318,1443,1443,1403,1333,1052,2104,0,1051,0
21.040000000,21.060000000,1787652841.288533,1053,50.000,99.040985,13.837200,0,0,0,0,0,0.368519312,1500,1500,1368.51931,1500,1500,1000,1900,1000,1318,1442,1442,1403,1328,1053,2106,0,1052,0
21.060000000,21.080000000,1787652841.474848,1054,50.000,186.314821,13.639300,0,0,0,0,0,0.368468913,1500,1500,1368.46891,1500,1500,1000,1900,1000,1318,1442,1442,1403,1323,1054,2108,0,1053,0
21.080000000,21.100000000,1787652841.622221,1055,50.000,147.373199,14.411500,0,0,0,0,0,0.368417084,1500,1500,1368.41708,1500,1500,1000,1900,1000,1318,1441,1441,1403,1318,1055,2110,0,1054,0
21.100000000,21.120000000,1787652841.770855,1056,50.000,148.633957,13.602900,0,0,0,0,0,0.368363765,1500,1500,1368.36376,1500,1500,1000,1900,1000,1318,1441,1441,1404,1314,1056,2112,0,1055,0
21.120000000,21.140000000,1787652841.891530,1057,50.000,120.675087,15.036000,0,0,0,0,0,0.368308923,1500,1500,1368.30892,1500,1500,1000,1900,1000,1318,1440,1440,1404,1310,1057,2114,0,1056,0
21.140000000,21.160000000,1787652842.010281,1058,50.000,118.751049,14.478200,0,0,0,0,0,0.368252634,1500,1500,1368.25263,1500,1500,1000,1900,1000,1318,1440,1440,1421,1314,1058,2116,0,1057,0
21.160000000,21.180000000,1787652842.116725,1059,50.000,106.444120,14.385800,0,0,0,0,0,0.368194944,1500,1500,1368.19494,1500,1500,1000,1900,1000,1318,1440,1440,1426,1311,1059,2118,0,1058,0
21.180000000,21.200000000,1787652842.218687,1060,50.000,101.961851,13.730200,0,0,0,0,0,0.36813584,1500,1500,1368.13584,1500,1500,1000,1900,1000,1318,1440,1440,1429,1309,1060,2120,0,1059,0
21.200000000,21.220000000,1787652842.318929,1061,50.000,100.241899,13.889800,0,0,0,0,0,0.368075701,1500,1500,1368.0757,1500,1500,1000,1900,1000,1318,1440,1440,1430,1307,1061,2122,0,1060,0
21.220000000,21.240000000,1787652842.465981,1062,50.000,147.052050,14.195900,0,0,0,0,0,0.368015439,1500,1500,1368.01544,1500,1500,1000,1900,1000,1318,1440,1440,1430,1306,1062,2124,0,1061,0
21.240000000,21.260000000,1787652842.655371,1063,50.000,189.390182,13.850200,0,0,0,0,0,0.367956467,1500,1500,1367.95647,1500,1500,1000,1900,1000,1318,1439,1439,1430,1306,1063,2126,0,1062,0
21.260000000,21.280000000,1787652842.786812,1064,50.000,131.440878,12.241200,0,0,0,0,0,0.367900481,1500,1500,1367.90048,1500,1500,1000,1900,1000,1317,1439,1439,1429,1306,1064,2128,0,1063,0
21.280000000,21.300000000,1787652842.896082,1065,50.000,109.269857,13.577000,0,0,0,0,0,0.367849375,1500,1500,1367.84938,1500,1500,1000,1900,1000,1317,1438,1438,1427,1307,1065,2130,0,1064,0
21.300000000,21.320000000,1787652843.007617,1066,50.000,111.535072,12.892300,0,0,0,0,0,0.367810349,1500,1500,1367.81035,1500,1500,1000,1900,1000,1317,1438,1438,1424,1308,1066,2132,0,1065,0
21.320000000,21.340000000,1787652843.108423,1067,50.000,100.805998,12.789500,0,0,0,0,0,0.36778011,1500,1500,1367.78011,1500,1500,1000,1900,1000,1317,1438,1438,1422,1310,1067,2134,0,1066,0
21.340000000,21.360000000,1787652843.202508,1068,50.000,94.084978,11.596300,0,0,0,0,0,0.367760613,1500,1500,1367.76061,1500,1500,1000,1900,1000,1317,1437,1437,1418,1312,1068,2136,0,1067,0
21.360000000,21.380000000,1787652843.301449,1069,50.000,98.941088,12.805900,0,0,0,0,0,0.367753681,1500,1500,1367.75368,1500,1500,1000,1900,1000,1317,1437,1437,1415,1315,1069,2138,0,1068,0
21.380000000,21.400000000,1787652843.409953,1070,50.000,108.503819,13.986500,0,0,0,0,0,0.367760833,1500,1500,1367.76083,1500,1500,1000,1900,1000,1317,1436,1436,1412,1318,1070,2140,0,1069,0
21.400000000,21.420000000,1787652843.543438,1071,50.000,133.485079,12.551300,0,0,0,0,0,0.367783229,1500,1500,1367.78323,1500,1500,1000,1900,1000,1317,1436,1436,1410,1321,1071,2142,0,1070,0
21.420000000,21.440000000,1787652843.653193,1072,50.000,109.755039,12.530800,0,0,0,0,0,0.367821784,1500,1500,1367.82178,1500,1500,1000,1900,1000,1317,1435,1435,1407,1325,1072,2144,0,1071,0
21.440000000,21.460000000,1787652843.744112,1073,50.000,90.919018,11.623500,0,0,0,0,0,0.367876955,1500,1500,1367.87696,1500,1500,1000,1900,1000,1317,1435,1435,1405,1329,1073,2146,0,1072,0
21.460000000,21.480000000,1787652843.833755,1074,50.000,89.642763,12.610900,0,0,0,0,0,0.367948973,1500,1500,1367.94897,1500,1500,1000,1900,1000,1317,1434,1434,1403,1333,1074,2148,0,1073,0
21.480000000,21.500000000,1787652843.921051,1075,50.000,87.296247,12.306300,0,0,0,0,0,0.368037687,1500,1500,1368.03769,1500,1500,1000,1900,1000,1317,1434,1434,1401,1338,1075,2150,0,1074,0
21.500000000,21.520000000,1787652844.007130,1076,50.000,86.078882,12.770500,0,0,0,0,0,0.36814267,1500,1500,1368.14267,1500,1500,1000,1900,1000,1318,1433,1433,1400,1342,1076,2152,0,1075,0
21.520000000,21.540000000,1787652844.097037,1077,50.000,89.907169,12.458400,0,0,0,0,0,0.36826319,1500,1500,1368.26319,1500,1500,1000,1900,1000,1318,1433,1433,1398,1347,1077,2154,0,1076,0
21.540000000,21.560000000,1787652844.185736,1078,50.000,88.699102,13.384000,9.2,0,0.46,0,0,0.368393099,1730,1500,1368.3931,1500,1500,1000,1900,1000,1318,1432,1432,1397,1352,1078,2156,0,1077,0
21.560000000,21.580000000,1787652844.267390,1079,50.000,81.653595,2.062000,9.2,0,0.46,0,0,0.368536414,1730,1500,1368.53641,1500,1500,1000,1900,1000,1318,1445,1445,1396,1356,1079,2158,0,1078,0
21.580000000,21.600000000,1787652844.394362,1080,50.000,126.972198,14.223700,9.2,0,0.46,0,0,0.368691808,1730,1500,1368.69181,1500,1500,1000,1900,1000,1318,1455,1455,1396,1360,1080,2160,0,1079,0
21.600000000,21.620000000,1787652844.536318,1081,50.000,141.956091,14.219400,9.2,0,0.46,0,0,0.368857969,1730,1500,1368.85797,1500,1500,1000,1900,1000,1318,1462,1462,1395,1365,1081,2162,0,1080,0
21.620000000,21.640000000,1787652844.634098,1082,50.000,97.779751,14.294600,9.2,0,0.46,0,0,0.369033626,1730,1500,1369.03363,1500,1500,1000,1900,1000,1318,1468,1468,1395,1369,1082,2164,0,1081,0
21.640000000,21.660000000,1787652844.727167,1083,50.000,93.069077,12.550000,9.2,0,0.46,0,0,0.369217478,1730,1500,1369.21748,1500,1500,1000,1900,1000,1319,1473,1473,1395,1373,1083,2166,0,1082,0
21.660000000,21.680000000,1787652844.807138,1084,50.000,79.971075,1.897500,9.2,0,0.46,0,0,0.369408134,1730,1500,1369.40813,1500,1500,1000,1900,1000,1319,1477,1477,1395,1376,1084,2168,0,1083,0
21.680000000,21.700000000,1787652844.898098,1085,50.000,90.960026,12.607700,9.2,0,0.46,0,0,0.369598783,1730,1500,1369.59878,1500,1500,1000,1900,1000,1319,1480,1480,1396,1379,1085,2170,0,1084,0
21.700000000,21.720000000,1787652845.044992,1086,50.000,146.893978,13.642500,9.2,0,0.46,0,0,0.369793292,1730,1500,1369.79329,1500,1500,1000,1900,1000,1319,1482,1482,1396,1382,1086,2172,0,1085,0
21.720000000,21.740000000,1787652845.188488,1087,50.000,143.496037,12.439900,9.2,0,0.46,0,0,0.369990037,1730,1500,1369.99004,1500,1500,1000,1900,1000,1319,1483,1483,1397,1384,1087,2174,0,1086,0
21.740000000,21.760000000,1787652845.285473,1088,50.000,96.984863,14.131700,9.2,0,0.46,0,0,0.370187576,1730,1500,1370.18758,1500,1500,1000,1900,1000,1319,1484,1484,1398,1386,1088,2176,0,1087,0
21.760000000,21.780000000,1787652845.379113,1089,50.000,93.640089,13.634300,9.2,0,0.46,0,0,0.370384634,1730,1500,1370.38463,1500,1500,1000,1900,1000,1320,1485,1485,1399,1387,1089,2178,0,1088,0
21.780000000,21.800000000,1787652845.467156,1090,50.000,88.042974,12.876400,9.2,0,0.46,0,0,0.370579908,1730,1500,1370.57991,1500,1500,1000,1900,1000,1320,1485,1485,1400,1388,1090,2180,0,1089,0
21.800000000,21.820000000,1787652845.555352,1091,50.000,88.196039,12.033800,9.2,0,0.46,0,0,0.370766924,1730,1500,1370.76692,1500,1500,1000,1900,1000,1320,1485,1485,1402,1387,1091,2182,0,1090,0
21.820000000,21.840000000,1787652845.644481,1092,50.000,89.128971,13.840900,9.2,0,0.46,0,0,0.370949992,1730,1500,1370.94999,1500,1500,1000,1900,1000,1320,1485,1485,1403,1387,1092,2184,0,1091,0
21.840000000,21.860000000,1787652845.737619,1093,50.000,93.137980,13.645300,9.2,0,0.46,0,0,0.37112815,1730,1500,1371.12815,1500,1500,1000,1900,1000,1320,1484,1484,1404,1386,1093,2186,0,1092,0
21.860000000,21.880000000,1787652845.827952,1094,50.000,90.332985,11.973100,9.2,0,0.46,0,0,0.371300753,1730,1500,1371.30075,1500,1500,1000,1900,1000,1321,1483,1483,1406,1384,1094,2188,0,1093,0
21.880000000,21.900000000,1787652845.921028,1095,50.000,93.076229,17.432100,9.2,0,0.46,0,0,0.371467469,1730,1500,1371.46747,1500,1500,1000,1900,1000,1321,1482,1482,1407,1382,1095,2190,0,1094,0
21.900000000,21.920000000,1787652846.007634,1096,50.000,86.605787,12.370100,9.2,0,0.46,0,0,0.371622883,1730,1500,1371.62288,1500,1500,1000,1900,1000,1321,1482,1482,1408,1378,1096,2192,0,1095,0
21.920000000,21.940000000,1787652846.095376,1097,50.000,87.742090,11.976400,9.2,0,0.46,0,0,0.371772429,1730,1500,1371.77243,1500,1500,1000,1900,1000,1321,1481,1481,1409,1375,1097,2194,0,1096,0
21.940000000,21.960000000,1787652846.249780,1098,50.000,154.403925,13.734500,9.2,0,0.46,0,0,0.371916322,1730,1500,1371.91632,1500,1500,1000,1900,1000,1321,1479,1479,1410,1371,1098,2196,0,1097,0
21.960000000,21.980000000,1787652846.371507,1099,50.000,121.727228,12.560600,9.2,0,0.46,0,0,0.372054965,1730,1500,1372.05496,1500,1500,1000,1900,1000,1321,1478,1478,1411,1366,1099,2198,0,1098,0
21.980000000,22.000000000,1787652846.496976,1100,50.000,125.468969,13.013900,9.2,0,0.46,0,0,0.372189068,1730,1500,1372.18907,1500,1500,1000,1900,1000,1322,1477,1477,1412,1361,1100,2200,0,1099,0
22.000000000,22.020000000,1787652846.624752,1101,50.000,127.775908,11.916700,9.2,0,0.46,0,0,0.372319397,1730,1500,1372.3194,1500,1500,1000,1900,1000,1322,1476,1476,1413,1355,1101,2202,0,1100,0
22.020000000,22.040000000,1787652846.734762,1102,50.000,110.009909,12.881100,9.2,0,0.46,0,0,0.372441665,1730,1500,1372.44167,1500,1500,1000,1900,1000,1322,1474,1474,1414,1349,1102,2204,0,1101,0
22.040000000,22.060000000,1787652846.849948,1103,50.000,115.185976,13.765000,9.2,0,0.46,0,0,0.372562288,1730,1500,1372.56229,1500,1500,1000,1900,1000,1322,1473,1473,1414,1343,1103,2206,0,1102,0
22.060000000,22.080000000,1787652846.952979,1104,50.000,103.031158,12.719400,9.2,0,0.46,0,0,0.372682209,1730,1500,1372.68221,1500,1500,1000,1900,1000,1322,1472,1472,1415,1337,1104,2208,0,1103,0
22.080000000,22.100000000,1787652847.047807,1105,50.000,94.827890,12.540700,9.2,0,0.46,0,0,0.372802493,1730,1500,1372.80249,1500,1500,1000,1900,1000,1322,1470,1470,1415,1331,1105,2210,0,1104,0
22.100000000,22.120000000,1787652847.149527,1106,50.000,101.720095,15.266500,9.2,0,0.46,0,0,0.372924309,1730,1500,1372.92431,1500,1500,1000,1900,1000,1322,1469,1469,1415,1324,1106,2212,0,1105,0
22.120000000,22.140000000,1787652847.238506,1107,50.000,88.979006,12.728800,9.2,0,0.46,0,0,0.373048897,1730,1500,1373.0489,1500,1500,1000,1900,1000,1322,1468,1468,1415,1318,1107,2214,0,1106,0
22.140000000,22.160000000,1787652847.327416,1108,50.000,88.909864,14.442700,9.2,0,0.46,0,0,0.373177485,1730,1500,1373.17749,1500,1500,1000,1900,1000,1323,1466,1466,1414,1313,1108,2216,0,1107,0
22.160000000,22.180000000,1787652847.412598,1109,50.000,85.181952,11.673500,9.2,0,0.46,0,0,0.373311032,1730,1500,1373.31103,1500,1500,1000,1900,1000,1323,1465,1465,1414,1307,1109,2218,0,1108,0
22.180000000,22.200000000,1787652847.501409,1110,50.000,88.811159,11.949300,9.2,0,0.46,0,0,0.373444952,1730,1500,1373.44495,1500,1500,1000,1900,1000,1323,1464,1464,1413,1302,1110,2220,0,1109,0
22.200000000,22.220000000,1787652847.596364,1111,50.000,94.954967,15.961800,9.2,0,0.46,0,0,0.37358589,1730,1500,1373.58589,1500,1500,1000,1900,1000,1323,1462,1462,1412,1297,1111,2222,0,1110,0
22.220000000,22.240000000,1787652847.690272,1112,50.000,93.907833,12.560000,9.2,0,0.46,0,0,0.373734421,1730,1500,1373.73442,1500,1500,1000,1900,1000,1323,1461,1461,1411,1293,1112,2224,0,1111,0
22.240000000,22.260000000,1787652847.781185,1113,50.000,90.913296,13.151600,9.2,0,0.46,0,0,0.373891478,1730,1500,1373.89148,1500,1500,1000,1900,1000,1323,1460,1460,1410,1289,1113,2226,0,1112,0
22.260000000,22.280000000,1787652847.873251,1114,50.000,92.065811,12.880300,9.2,0,0.46,0,0,0.374057291,1730,1500,1374.05729,1500,1500,1000,1900,1000,1323,1459,1459,1410,1286,1114,2228,0,1113,0
22.280000000,22.300000000,1787652847.964232,1115,50.000,90.981007,13.245900,9.2,0,0.46,0,0,0.374232505,1730,1500,1374.2325,1500,1500,1000,1900,1000,1324,1457,1457,1409,1283,1115,2230,0,1114,0
22.300000000,22.320000000,1787652848.051476,1116,50.000,87.244034,12.663100,9.2,0,0.46,0,0,0.374417133,1730,1500,1374.41713,1500,1500,1000,1900,1000,1324,1456,1456,1408,1282,1116,2232,0,1115,0
22.320000000,22.340000000,1787652848.151513,1117,50.000,100.036860,13.721400,9.2,0,0.46,0,0,0.374606197,1730,1500,1374.6062,1500,1500,1000,1900,1000,1324,1455,1455,1407,1280,1117,2234,0,1116,0
22.340000000,22.360000000,1787652848.242300,1118,50.000,90.787172,13.344700,9.2,0,0.46,0,0,0.374804746,1730,1500,1374.80475,1500,1500,1000,1900,1000,1324,1454,1454,1406,1280,1118,2236,0,1117,0
22.360000000,22.380000000,1787652848.328756,1119,50.000,86.456060,12.415800,9.2,0,0.46,0,0,0.375012288,1730,1500,1375.01229,1500,1500,1000,1900,1000,1324,1453,1453,1404,1280,1119,2238,0,1118,0
22.380000000,22.400000000,1787652848.420537,1120,50.000,91.780901,11.611000,9.2,0,0.46,0,0,0.375228293,1730,1500,1375.22829,1500,1500,1000,1900,1000,1325,1452,1452,1403,1281,1120,2240,0,1119,0
22.400000000,22.420000000,1787652848.508415,1121,50.000,87.877989,13.627100,9.2,0,0.46,0,0,0.375452165,1730,1500,1375.45216,1500,1500,1000,1900,1000,1325,1451,1451,1402,1282,1121,2242,0,1120,0
22.420000000,22.440000000,1787652848.594653,1122,50.000,86.238146,12.416900,9.2,0,0.46,0,0,0.375677851,1730,1500,1375.67785,1500,1500,1000,1900,1000,1325,1449,1449,1401,1284,1122,2244,0,1121,0
22.440000000,22.460000000,1787652848.685797,1123,50.000,91.144085,13.903200,9.2,0,0.46,0,0,0.375910325,1730,1500,1375.91033,1500,1500,1000,1900,1000,1325,1448,1448,1400,1287,1123,2246,0,1122,0
22.460000000,22.480000000,1787652848.782859,1124,50.000,97.061634,14.694800,9.2,0,0.46,0,0,0.376148655,1730,1500,1376.14865,1500,1500,1000,1900,1000,1325,1447,1447,1399,1290,1124,2248,0,1123,0
22.480000000,22.500000000,1787652848.872724,1125,50.000,89.865208,13.911200,9.2,0,0.46,0,0,0.376391514,1730,1500,1376.39151,1500,1500,1000,1900,1000,1325,1446,1446,1398,1294,1125,2250,0,1124,0
22.500000000,22.520000000,1787652848.979970,1126,50.000,107.245922,14.321900,9.2,0,0.46,0,0,0.376637154,1730,1500,1376.63715,1500,1500,1000,1900,1000,1325,1445,1445,1398,1299,1126,2252,0,1125,0
22.520000000,22.540000000,1787652849.068641,1127,50.000,88.671207,12.147800,9.2,0,0.46,0,0,0.376884506,1730,1500,1376.88451,1500,1500,1000,1900,1000,1325,1444,1444,1397,1304,1127,2254,0,1126,0
22.540000000,22.560000000,1787652849.157461,1128,50.000,88.819742,12.815900,9.2,0,0.46,0,0,0.377132038,1730,1500,1377.13204,1500,1500,1000,1900,1000,1325,1443,1443,1397,1310,1128,2256,0,1127,0
22.560000000,22.580000000,1787652849.245582,1129,50.000,88.121176,13.646900,9.2,0,0.46,0,0,0.377378824,1730,1500,1377.37882,1500,1500,1000,1900,1000,1326,1442,1442,1396,1316,1129,2258,0,1128,0
22.580000000,22.600000000,1787652849.337027,1130,50.000,91.444969,13.193100,9.2,0,0.46,0,0,0.377623152,1730,1500,1377.62315,1500,1500,1000,1900,1000,1326,1441,1441,1396,1323,1130,2260,0,1129,0
22.600000000,22.620000000,1787652849.441573,1131,50.000,104.545832,14.464200,9.2,0,0.46,0,0,0.377858615,1730,1500,1377.85862,1500,1500,1000,1900,1000,1326,1440,1440,1396,1329,1131,2262,0,1130,0
22.620000000,22.640000000,1787652849.543422,1132,50.000,101.849318,15.258000,9.2,0,0.46,0,0,0.378089801,1730,1500,1378.0898,1500,1500,1000,1900,1000,1326,1439,1439,1396,1336,1132,2264,0,1131,0
22.640000000,22.660000000,1787652849.648821,1133,50.000,105.398893,13.314400,9.2,0,0.46,0,0,0.378315727,1730,1500,1378.31573,1500,1500,1000,1900,1000,1327,1438,1438,1397,1343,1133,2266,0,1132,0
22.660000000,22.680000000,1787652849.753583,1134,50.000,104.761839,11.938700,9.2,0,0.46,0,0,0.378535416,1730,1500,1378.53542,1500,1500,1000,1900,1000,1327,1436,1436,1397,1350,1134,2268,0,1133,0
22.680000000,22.700000000,1787652849.852214,1135,50.000,98.631144,13.151800,9.2,0,0.46,0,0,0.378742181,1730,1500,1378.74218,1500,1500,1000,1900,1000,1327,1435,1435,1397,1357,1135,2270,0,1134,0
22.700000000,22.720000000,1787652849.958777,1136,50.000,106.563091,13.959200,9.2,0,0.46,0,0,0.378940591,1730,1500,1378.94059,1500,1500,1000,1900,1000,1327,1434,1434,1398,1364,1136,2272,0,1135,0
22.720000000,22.740000000,1787652850.064346,1137,50.000,105.568647,12.673800,9.2,0,0.46,0,0,0.379129667,1730,1500,1379.12967,1500,1500,1000,1900,1000,1327,1433,1433,1399,1370,1137,2274,0,1136,0
22.740000000,22.760000000,1787652850.190577,1138,50.000,126.230955,15.263200,9.2,0,0.46,0,0,0.379308651,1730,1500,1379.30865,1500,1500,1000,1900,1000,1328,1432,1432,1399,1378,1138,2276,0,1137,0
22.760000000,22.780000000,1787652850.315380,1139,50.000,124.803066,13.857100,9.2,0,0.46,0,0,0.379476948,1730,1500,1379.47695,1500,1500,1000,1900,1000,1328,1431,1431,1400,1384,1139,2278,0,1138,0
22.780000000,22.800000000,1787652850.482081,1140,50.000,166.701078,14.113400,9.2,0,0.46,0,0,0.37962816,1730,1500,1379.62816,1500,1500,1000,1900,1000,1328,1430,1430,1401,1390,1140,2280,0,1139,0
22.800000000,22.820000000,1787652850.632722,1141,50.000,150.640965,15.196800,9.2,0,0.46,0,0,0.379767393,1730,1500,1379.76739,1500,1500,1000,1900,1000,1328,1429,1429,1402,1396,1141,2282,0,1140,0
22.820000000,22.840000000,1787652850.837978,1142,50.000,205.256224,13.662000,9.2,0,0.46,0,0,0.379894117,1730,1500,1379.89412,1500,1500,1000,1900,1000,1328,1428,1428,1403,1402,1142,2284,0,1141,0
22.840000000,22.860000000,1787652851.042580,1143,50.000,204.602003,15.372400,9.2,0,0.46,0,0,0.380007891,1730,1500,1380.00789,1500,1500,1000,1900,1000,1328,1427,1427,1404,1407,1143,2286,0,1142,0
22.860000000,22.880000000,1787652851.214095,1144,50.000,171.514750,14.826000,9.2,0,0.46,0,0,0.380108646,1730,1500,1380.10865,1500,1500,1000,1900,1000,1329,1426,1426,1405,1411,1144,2288,0,1143,0
22.880000000,22.900000000,1787652851.428388,1145,50.000,214.293003,15.366400,9.2,0,0.46,0,0,0.380196704,1730,1500,1380.1967,1500,1500,1000,1900,1000,1329,1426,1426,1406,1417,1145,2290,0,1144,0
22.900000000,22.920000000,1787652851.621556,1146,50.000,193.167925,15.280800,9.2,0,0.46,0,0,0.380266224,1730,1500,1380.26622,1500,1500,1000,1900,1000,1329,1425,1425,1407,1423,1146,2292,0,1145,0
22.920000000,22.940000000,1787652851.829861,1147,50.000,208.305359,15.406600,9.2,0,0.46,0,0,0.380323152,1730,1500,1380.32315,1500,1500,1000,1900,1000,1329,1425,1425,1408,1428,1147,2294,0,1146,0
22.940000000,22.960000000,1787652851.976978,1148,50.000,147.116899,13.602800,9.2,0,0.46,0,0,0.380367847,1730,1500,1380.36785,1500,1500,1000,1900,1000,1329,1424,1424,1409,1432,1148,2296,0,1147,0
22.960000000,22.980000000,1787652852.144640,1149,50.000,167.661905,14.890300,9.2,0,0.46,0,0,0.380400786,1730,1500,1380.40079,1500,1500,1000,1900,1000,1329,1423,1423,1410,1436,1149,2298,0,1148,0
22.980000000,23.000000000,1787652852.297430,1150,50.000,152.790070,13.919000,9.2,0,0.46,0,0,0.380422319,1730,1500,1380.42232,1500,1500,1000,1900,1000,1329,1422,1422,1410,1439,1150,2300,0,1149,0
23.000000000,23.020000000,1787652852.464842,1151,50.000,167.412043,12.818900,9.2,0,0.46,0,0,0.380433235,1730,1500,1380.43324,1500,1500,1000,1900,1000,1329,1421,1421,1411,1441,1151,2302,0,1150,0
23.020000000,23.040000000,1787652852.573952,1152,50.000,109.109879,13.547200,9.2,0,0.46,0,0,0.380434258,1730,1500,1380.43426,1500,1500,1000,1900,1000,1329,1420,1420,1412,1442,1152,2304,0,1151,0
23.040000000,23.060000000,1787652852.718238,1153,50.000,144.286156,13.577500,9.2,0,0.46,0,0,0.380426483,1730,1500,1380.42648,1500,1500,1000,1900,1000,1329,1420,1420,1412,1443,1153,2306,0,1152,0
23.060000000,23.080000000,1787652852.841409,1154,50.000,123.170853,15.047800,9.2,0,0.46,0,0,0.380410759,1730,1500,1380.41076,1500,1500,1000,1900,1000,1329,1419,1419,1413,1443,1154,2308,0,1153,0
23.080000000,23.100000000,1787652853.017217,1155,50.000,175.808191,13.846400,9.2,0,0.46,0,0,0.380387885,1730,1500,1380.38788,1500,1500,1000,1900,1000,1329,1418,1418,1413,1443,1155,2310,0,1154,0
23.100000000,23.120000000,1787652853.134639,1156,50.000,117.421865,12.929200,9.2,0,0.46,0,0,0.380358609,1730,1500,1380.35861,1500,1500,1000,1900,1000,1329,1417,1417,1413,1442,1156,2312,0,1155,0
23.120000000,23.140000000,1787652853.272400,1157,50.000,137.760878,14.623700,9.2,0,0.46,0,0,0.380323627,1730,1500,1380.32363,1500,1500,1000,1900,1000,1329,1417,1417,1413,1440,1157,2314,0,1156,0
23.140000000,23.160000000,1787652853.420918,1158,50.000,148.518085,12.929800,9.2,0,0.46,0,0,0.380283573,1730,1500,1380.28357,1500,1500,1000,1900,1000,1329,1416,1416,1413,1439,1158,2316,0,1157,0
23.160000000,23.180000000,1787652853.542039,1159,50.000,121.121168,12.587900,9.2,0,0.46,0,0,0.380239019,1730,1500,1380.23902,1500,1500,1000,1900,1000,1329,1416,1416,1413,1436,1159,2318,0,1158,0
23.180000000,23.200000000,1787652853.676107,1160,50.000,134.067774,13.625300,9.2,0,0.46,0,0,0.380190474,1730,1500,1380.19047,1500,1500,1000,1900,1000,1329,1415,1415,1413,1434,1160,2320,0,1159,0
23.200000000,23.220000000,1787652853.817200,1161,50.000,141.093016,14.440400,9.2,0,0.46,0,0,0.38013844,1730,1500,1380.13844,1500,1500,1000,1900,1000,1329,1415,1415,1413,1431,1161,2322,0,1160,0
23.220000000,23.240000000,1787652853.964459,1162,50.000,147.258997,13.596200,9.2,0,0.46,0,0,0.380083559,1730,1500,1380.08356,1500,1500,1000,1900,1000,1329,1414,1414,1413,1428,1162,2324,0,1161,0
23.240000000,23.260000000,1787652854.116335,1163,50.000,151.875973,13.607600,9.2,0,0.46,0,0,0.380026374,1730,1500,1380.02637,1500,1500,1000,1900,1000,1329,1414,1414,1413,1425,1163,2326,0,1162,0
23.260000000,23.280000000,1787652854.282879,1164,50.000,166.543961,15.854900,9.2,0,0.46,0,0,0.379967089,1730,1500,1379.96709,1500,1500,1000,1900,1000,1329,1413,1413,1413,1422,1164,2328,0,1163,0
23.280000000,23.300000000,1787652854.421290,1165,50.000,138.411045,12.448300,9.2,0,0.46,0,0,0.379906041,1730,1500,1379.90604,1500,1500,1000,1900,1000,1328,1413,1413,1413,1419,1165,2330,0,1164,0
23.300000000,23.320000000,1787652854.565171,1166,50.000,143.881083,12.682100,9.2,0,0.46,0,0,0.379843351,1730,1500,1379.84335,1500,1500,1000,1900,1000,1328,1413,1413,1412,1416,1166,2332,0,1165,0
23.320000000,23.340000000,1787652854.667734,1167,50.000,102.562904,12.170200,9.2,0,0.46,0,0,0.379784915,1730,1500,1379.78492,1500,1500,1000,1900,1000,1328,1412,1412,1411,1412,1167,2334,0,1166,0
23.340000000,23.360000000,1787652854.808557,1168,50.000,140.822887,13.330800,0,0,0,0,0,0.379725107,1500,1500,1379.72511,1500,1500,1000,1900,1000,1328,1412,1412,1411,1410,1168,2336,0,1167,0
23.360000000,23.380000000,1787652854.944316,1169,50.000,135.759115,13.505600,0,0,0,0,0,0.379664201,1500,1500,1379.6642,1500,1500,1000,1900,1000,1328,1403,1403,1410,1410,1169,2338,0,1168,0
23.380000000,23.400000000,1787652855.096953,1170,50.000,152.637005,14.454500,0,0,0,0,0,0.379602203,1500,1500,1379.6022,1500,1500,1000,1900,1000,1328,1395,1395,1410,1409,1170,2340,0,1169,0
23.400000000,23.420000000,1787652855.221648,1171,50.000,124.695063,12.379100,0,0,0,0,0,0.379539476,1500,1500,1379.53948,1500,1500,1000,1900,1000,1328,1389,1389,1410,1407,1171,2342,0,1170,0
23.420000000,23.440000000,1787652855.347113,1172,50.000,125.465155,14.552300,0,0,0,0,0,0.379476152,1500,1500,1379.47615,1500,1500,1000,1900,1000,1328,1385,1385,1410,1406,1172,2344,0,1171,0
23.440000000,23.460000000,1787652855.454897,1173,50.000,107.783794,13.895000,0,0,0,0,0,0.379412315,1500,1500,1379.41232,1500,1500,1000,1900,1000,1328,1381,1381,1411,1406,1173,2346,0,1172,0
23.460000000,23.480000000,1787652855.558410,1174,50.000,103.513002,12.402900,0,0,0,0,0,0.379348143,1500,1500,1379.34814,1500,1500,1000,1900,1000,1328,1378,1378,1411,1405,1174,2348,0,1173,0
23.480000000,23.500000000,1787652855.682967,1175,50.000,124.557018,15.189200,0,0,0,0,0,0.379283641,1500,1500,1379.28364,1500,1500,1000,1900,1000,1328,1375,1375,1411,1405,1175,2350,0,1174,0
23.500000000,23.520000000,1787652855.801198,1176,50.000,118.231058,13.087600,0,0,0,0,0,0.379218592,1500,1500,1379.21859,1500,1500,1000,1900,1000,1328,1373,1373,1411,1405,1176,2352,0,1175,0
23.520000000,23.540000000,1787652855.913031,1177,50.000,111.833096,14.736700,0,0,0,0,0,0.379153046,1500,1500,1379.15305,1500,1500,1000,1900,1000,1328,1372,1372,1411,1406,1177,2354,0,1176,0
23.540000000,23.560000000,1787652856.080387,1178,50.000,167.355776,12.711600,0,0,0,0,0,0.379086793,1500,1500,1379.08679,1500,1500,1000,1900,1000,1328,1371,1371,1411,1408,1178,2356,0,1177,0
23.560000000,23.580000000,1787652856.212628,1179,50.000,132.241011,14.096200,0,0,0,0,0,0.37901971,1500,1500,1379.01971,1500,1500,1000,1900,1000,1328,1370,1370,1411,1410,1179,2358,0,1178,0
23.580000000,23.600000000,1787652856.352244,1180,50.000,139.616013,15.025800,0,0,0,0,0,0.378951733,1500,1500,1378.95173,1500,1500,1000,1900,1000,1328,1369,1369,1411,1411,1180,2360,0,1179,0
23.600000000,23.620000000,1787652856.515646,1181,50.000,163.402081,13.813500,0,0,0,0,0,0.378882935,1500,1500,1378.88293,1500,1500,1000,1900,1000,1327,1369,1369,1411,1415,1181,2362,0,1180,0
23.620000000,23.640000000,1787652856.677838,1182,50.000,162.191868,13.764100,0,0,0,0,0,0.37881336,1500,1500,1378.81336,1500,1500,1000,1900,1000,1327,1368,1368,1411,1419,1182,2364,0,1181,0
23.640000000,23.660000000,1787652856.841328,1183,50.000,163.490057,14.081700,0,0,0,0,0,0.378748075,1500,1500,1378.74807,1500,1500,1000,1900,1000,1327,1368,1368,1411,1425,1183,2366,0,1182,0
23.660000000,23.680000000,1787652857.032889,1184,50.000,191.560984,13.889500,0,0,0,0,0,0.378681425,1500,1500,1378.68143,1500,1500,1000,1900,1000,1327,1368,1368,1411,1430,1184,2368,0,1183,0
23.680000000,23.700000000,1787652857.232445,1185,50.000,199.556112,15.144500,0,0,0,0,0,0.378613232,1500,1500,1378.61323,1500,1500,1000,1900,1000,1327,1368,1368,1412,1437,1185,2370,0,1184,0
23.700000000,23.720000000,1787652857.437183,1186,50.000,204.738140,13.325400,0,0,0,0,0,0.378543601,1500,1500,1378.5436,1500,1500,1000,1900,1000,1327,1368,1368,1412,1443,1186,2372,0,1185,0
23.720000000,23.740000000,1787652857.624660,1187,50.000,187.476873,13.839300,0,0,0,0,0,0.378472276,1500,1500,1378.47228,1500,1500,1000,1900,1000,1327,1368,1368,1412,1451,1187,2374,0,1186,0
23.740000000,23.760000000,1787652857.824055,1188,50.000,199.394941,14.718200,0,0,0,0,0,0.378399337,1500,1500,1378.39934,1500,1500,1000,1900,1000,1327,1369,1369,1412,1459,1188,2376,0,1187,0
23.760000000,23.780000000,1787652858.016928,1189,50.000,192.873001,14.353300,0,0,0,0,0,0.378324823,1500,1500,1378.32482,1500,1500,1000,1900,1000,1327,1369,1369,1413,1467,1189,2378,0,1188,0
23.780000000,23.800000000,1787652858.493448,1190,50.000,476.520061,12.607000,0,0,0,0,0,0.378248813,1500,1500,1378.24881,1500,1500,1000,1900,1000,1327,1369,1369,1413,1476,1190,2380,0,1189,0
23.800000000,23.820000000,1787652858.828681,1191,50.000,335.232973,13.903800,0,0,0,0,0,0.378171405,1500,1500,1378.17141,1500,1500,1000,1900,1000,1327,1370,1370,1413,1484,1191,2382,0,1190,0
23.820000000,23.840000000,1787652859.030214,1192,50.000,201.533079,7.585000,0,0,0,0,0,0.378092711,1500,1500,1378.09271,1500,1500,1000,1900,1000,1327,1370,1370,1413,1493,1192,2384,0,1191,0
23.840000000,23.860000000,1787652859.444502,1193,50.000,414.287806,20.783100,0,0,0,0,0,0.378012878,1500,1500,1378.01288,1500,1500,1000,1900,1000,1327,1370,1370,1414,1502,1193,2386,0,1192,0
23.860000000,23.880000000,1787652859.988704,1194,50.000,544.202328,16.803400,0,0,0,0,0,0.377932046,1500,1500,1377.93205,1500,1500,1000,1900,1000,1327,1371,1371,1414,1511,1194,2388,0,1193,0
23.880000000,23.900000000,1787652860.448758,1195,50.000,460.053921,20.474100,0,0,0,0,0,0.377850357,1500,1500,1377.85036,1500,1500,1000,1900,1000,1326,1371,1371,1414,1519,1195,2390,0,1194,0
23.900000000,23.920000000,1787652860.936209,1196,50.000,487.450838,17.926700,0,0,0,0,0,0.377768087,1500,1500,1377.76809,1500,1500,1000,1900,1000,1326,1371,1371,1414,1527,1196,2392,0,1195,0
23.920000000,23.940000000,1787652861.416413,1197,50.000,480.204105,26.100500,0,0,0,0,0,0.377691244,1500,1500,1377.69124,1500,1500,1000,1900,1000,1326,1372,1372,1414,1536,1197,2394,0,1196,0
23.940000000,23.960000000,1787652861.812778,1198,50.000,396.364927,6.770400,0,0,0,0,0,0.377614759,1500,1500,1377.61476,1500,1500,1000,1900,1000,1326,1372,1372,1415,1543,1198,2396,0,1197,0
23.960000000,23.980000000,1787652862.275490,1199,50.000,462.712049,5.636200,0,0,0,0,0,0.377539252,1500,1500,1377.53925,1500,1500,1000,1900,1000,1326,1373,1373,1414,1549,1199,2398,0,1198,0
23.980000000,24.000000000,1787652862.695142,1200,50.000,419.651985,30.167300,0,0,0,0,0,0.377465331,1500,1500,1377.46533,1500,1500,1000,1900,1000,1326,1373,1373,1414,1556,1200,2400,0,1199,0
24.000000000,24.020000000,1787652863.186514,1201,50.000,491.371870,15.204500,0,0,0,0,0,0.377393585,1500,1500,1377.39358,1500,1500,1000,1900,1000,1326,1373,1373,1414,1561,1201,2402,0,1200,0
24.020000000,24.040000000,1787652863.390845,1202,50.000,204.331160,14.986300,0,0,0,0,0,0.377324572,1500,1500,1377.32457,1500,1500,1000,1900,1000,1326,1374,1374,1413,1566,1202,2404,0,1201,0
24.040000000,24.060000000,1787652863.519566,1203,50.000,128.720760,12.385700,0,0,0,0,0,0.377258816,1500,1500,1377.25882,1500,1500,1000,1900,1000,1326,1374,1374,1413,1570,1203,2406,0,1202,0
24.060000000,24.080000000,1787652863.682588,1204,50.000,163.022041,12.859200,0,0,0,0,0,0.377196796,1500,1500,1377.1968,1500,1500,1000,1900,1000,1326,1374,1374,1412,1573,1204,2408,0,1203,0
24.080000000,24.100000000,1787652863.804169,1205,50.000,121.581078,13.949300,0,0,0,0,0,0.37713894,1500,1500,1377.13894,1500,1500,1000,1900,1000,1326,1375,1375,1411,1575,1205,2410,0,1204,0
24.100000000,24.120000000,1787652863.941202,1206,50.000,137.032986,14.815500,0,0,0,0,0,0.377085609,1500,1500,1377.08561,1500,1500,1000,1900,1000,1326,1375,1375,1411,1577,1206,2412,0,1205,0
24.120000000,24.140000000,1787652864.071886,1207,50.000,130.684137,14.468700,0,0,0,0,0,0.377037032,1500,1500,1377.03703,1500,1500,1000,1900,1000,1326,1376,1376,1410,1577,1207,2414,0,1206,0
24.140000000,24.160000000,1787652864.190302,1208,50.000,118.415833,14.685000,0,0,0,0,0,0.376993548,1500,1500,1376.99355,1500,1500,1000,1900,1000,1326,1376,1376,1410,1578,1208,2416,0,1207,0
24.160000000,24.180000000,1787652864.319002,1209,50.000,128.700018,13.212900,0,0,0,0,0,0.376955447,1500,1500,1376.95545,1500,1500,1000,1900,1000,1325,1376,1376,1409,1577,1209,2418,0,1208,0
24.180000000,24.200000000,1787652864.731414,1210,50.000,412.412167,13.976400,0,0,0,0,0,0.37692298,1500,1500,1376.92298,1500,1500,1000,1900,1000,1325,1377,1377,1409,1575,1210,2420,0,1209,0
24.200000000,24.220000000,1787652864.890068,1211,50.000,158.653975,14.288200,0,0,0,0,0,0.376901879,1500,1500,1376.90188,1500,1500,1000,1900,1000,1325,1377,1377,1408,1573,1211,2422,0,1210,0
24.220000000,24.240000000,1787652865.027478,1212,50.000,137.409925,13.247600,0,0,0,0,0,0.376886774,1500,1500,1376.88677,1500,1500,1000,1900,1000,1325,1378,1378,1407,1570,1212,2424,0,1211,0
24.240000000,24.260000000,1787652865.185540,1213,50.000,158.061981,12.289600,0,0,0,0,0,0.376877887,1500,1500,1376.87789,1500,1500,1000,1900,1000,1325,1378,1378,1407,1566,1213,2426,0,1212,0
24.260000000,24.280000000,1787652865.301255,1214,50.000,115.715027,13.292000,0,0,0,0,0,0.376875228,1500,1500,1376.87523,1500,1500,1000,1900,1000,1325,1384,1384,1406,1561,1214,2428,0,1213,0
24.280000000,24.300000000,1787652865.461583,1215,50.000,160.327911,11.972400,0,0,0,0,0,0.376878564,1500,1500,1376.87856,1500,1500,1000,1900,1000,1325,1380,1380,1405,1556,1215,2430,0,1214,0
24.300000000,24.320000000,1787652865.629912,1216,50.000,168.329239,15.112800,0,0,0,0,0,0.376887567,1500,1500,1376.88757,1500,1500,1000,1900,1000,1325,1378,1378,1405,1551,1216,2432,0,1215,0
24.320000000,24.340000000,1787652865.758370,1217,50.000,128.458023,14.256600,0,0,0,0,0,0.376901967,1500,1500,1376.90197,1500,1500,1000,1900,1000,1325,1376,1376,1404,1544,1217,2434,0,1216,0
24.340000000,24.360000000,1787652865.883194,1218,50.000,124.824047,20.389400,0,0,0,0,0,0.376921571,1500,1500,1376.92157,1500,1500,1000,1900,1000,1325,1375,1375,1404,1538,1218,2436,0,1217,0
24.360000000,24.380000000,1787652866.004294,1219,50.000,121.099710,12.986400,0,0,0,0,0,0.376945995,1500,1500,1376.94599,1500,1500,1000,1900,1000,1325,1374,1374,1403,1531,1219,2438,0,1218,0
24.380000000,24.400000000,1787652866.117233,1220,50.000,112.938881,13.359300,0,0,0,0,0,0.376974962,1500,1500,1376.97496,1500,1500,1000,1900,1000,1325,1373,1373,1403,1523,1220,2440,0,1219,0
24.400000000,24.420000000,1787652866.229991,1221,50.000,112.758160,13.079800,0,0,0,0,0,0.377008213,1500,1500,1377.00821,1500,1500,1000,1900,1000,1325,1372,1372,1402,1516,1221,2442,0,1220,0
24.420000000,24.440000000,1787652866.350028,1222,50.000,120.037079,13.731500,0,0,0,0,0,0.377045552,1500,1500,1377.04555,1500,1500,1000,1900,1000,1326,1372,1372,1402,1509,1222,2444,0,1221,0
24.440000000,24.460000000,1787652866.508638,1223,50.000,158.609867,13.204100,0,0,0,0,0,0.377086881,1500,1500,1377.08688,1500,1500,1000,1900,1000,1326,1372,1372,1402,1501,1223,2446,0,1222,0
24.460000000,24.480000000,1787652866.631662,1224,50.000,123.024225,14.110700,0,0,0,0,0,0.377126381,1500,1500,1377.12638,1500,1500,1000,1900,1000,1326,1372,1372,1401,1494,1224,2448,0,1223,0
24.480000000,24.500000000,1787652866.764134,1225,50.000,132.471800,13.814600,0,0,0,0,0,0.377169165,1500,1500,1377.16916,1500,1500,1000,1900,1000,1326,1371,1371,1401,1486,1225,2450,0,1224,0
24.500000000,24.520000000,1787652866.993794,1226,50.000,229.660034,12.739600,0,0,0,0,0,0.377214679,1500,1500,1377.21468,1500,1500,1000,1900,1000,1326,1371,1371,1401,1480,1226,2452,0,1225,0
24.520000000,24.540000000,1787652867.112011,1227,50.000,118.216991,15.410100,0,0,0,0,0,0.377262384,1500,1500,1377.26238,1500,1500,1000,1900,1000,1326,1371,1371,1401,1473,1227,2454,0,1226,0
24.540000000,24.560000000,1787652867.219263,1228,50.000,107.251883,12.138200,0,0,0,0,0,0.37731174,1500,1500,1377.31174,1500,1500,1000,1900,1000,1326,1372,1372,1401,1467,1228,2456,0,1227,0
24.560000000,24.580000000,1787652867.437209,1229,50.000,217.946053,14.303200,0,0,0,0,0,0.377362216,1500,1500,1377.36222,1500,1500,1000,1900,1000,1326,1372,1372,1401,1461,1229,2458,0,1228,0
24.580000000,24.600000000,1787652867.659773,1230,50.000,222.563982,5.826400,0,0,0,0,0,0.377413311,1500,1500,1377.41331,1500,1500,1000,1900,1000,1326,1372,1372,1401,1456,1230,2460,0,1229,0
24.600000000,24.620000000,1787652867.851564,1231,50.000,191.791058,13.625800,0,0,0,0,0,0.377464546,1500,1500,1377.46455,1500,1500,1000,1900,1000,1326,1372,1372,1401,1452,1231,2462,0,1230,0
24.620000000,24.640000000,1787652868.017494,1232,50.000,165.930033,13.971000,0,0,0,0,0,0.377515473,1500,1500,1377.51547,1500,1500,1000,1900,1000,1326,1373,1373,1401,1447,1232,2464,0,1231,0
24.640000000,24.660000000,1787652868.165809,1233,50.000,148.315191,13.792400,0,0,0,0,0,0.3775657,1500,1500,1377.5657,1500,1500,1000,1900,1000,1326,1373,1373,1402,1444,1233,2466,0,1232,0
24.660000000,24.680000000,1787652868.307801,1234,50.000,141.991854,14.648900,0,0,0,0,0,0.377614856,1500,1500,1377.61486,1500,1500,1000,1900,1000,1326,1373,1373,1402,1441,1234,2468,0,1233,0
24.680000000,24.700000000,1787652868.470005,1235,50.000,162.203789,12.803800,0,0,0,0,0,0.377662633,1500,1500,1377.66263,1500,1500,1000,1900,1000,1326,1374,1374,1402,1439,1235,2470,0,1234,0
24.700000000,24.720000000,1787652868.596368,1236,50.000,126.363039,12.725900,0,0,0,0,0,0.377708731,1500,1500,1377.70873,1500,1500,1000,1900,1000,1326,1374,1374,1403,1438,1236,2472,0,1235,0
24.720000000,24.740000000,1787652868.724685,1237,50.000,128.317118,13.446400,0,0,0,0,0,0.377752902,1500,1500,1377.7529,1500,1500,1000,1900,1000,1326,1375,1375,1403,1436,1237,2474,0,1236,0
24.740000000,24.760000000,1787652868.846057,1238,50.000,121.371984,13.088900,0,0,0,0,0,0.377794949,1500,1500,1377.79495,1500,1500,1000,1900,1000,1326,1375,1375,1403,1436,1238,2476,0,1237,0
24.760000000,24.780000000,1787652868.975089,1239,50.000,129.032135,13.580800,0,0,0,0,0,0.377834688,1500,1500,1377.83469,1500,1500,1000,1900,1000,1326,1376,1376,1404,1437,1239,2478,0,1238,0
24.780000000,24.800000000,1787652869.087338,1240,50.000,112.248898,15.741100,0,0,0,0,0,0.377871976,1500,1500,1377.87198,1500,1500,1000,1900,1000,1326,1377,1377,1404,1438,1240,2480,0,1239,0
24.800000000,24.820000000,1787652869.199517,1241,50.000,112.179041,17.275200,0,0,0,0,0,0.3779067,1500,1500,1377.9067,1500,1500,1000,1900,1000,1326,1377,1377,1404,1441,1241,2482,0,1240,0
24.820000000,24.840000000,1787652869.323797,1242,50.000,124.280214,15.683100,0,0,0,0,0,0.377938777,1500,1500,1377.93878,1500,1500,1000,1900,1000,1326,1378,1378,1405,1443,1242,2484,0,1241,0
24.840000000,24.860000000,1787652869.477241,1243,50.000,153.443813,18.676000,0,0,0,0,0,0.377968121,1500,1500,1377.96812,1500,1500,1000,1900,1000,1326,1378,1378,1405,1445,1243,2486,0,1242,0
24.860000000,24.880000000,1787652869.588350,1244,50.000,111.109018,19.121800,0,0,0,0,0,0.377994648,1500,1500,1377.99465,1500,1500,1000,1900,1000,1326,1379,1379,1405,1449,1244,2488,0,1243,0
24.880000000,24.900000000,1787652869.732264,1245,50.000,143.913746,21.847800,0,0,0,0,0,0.378018402,1500,1500,1378.0184,1500,1500,1000,1900,1000,1326,1380,1380,1406,1453,1245,2490,0,1244,0
24.900000000,24.920000000,1787652869.863570,1246,50.000,131.306171,22.687000,0,0,0,0,0,0.37803942,1500,1500,1378.03942,1500,1500,1000,1900,1000,1327,1380,1380,1406,1457,1246,2492,0,1245,0
24.920000000,24.940000000,1787652869.999238,1247,50.000,135.668039,14.603300,0,0,0,0,0,0.378057765,1500,1500,1378.05776,1500,1500,1000,1900,1000,1327,1381,1381,1406,1460,1247,2494,0,1246,0
24.940000000,24.960000000,1787652870.151066,1248,50.000,151.827812,11.975200,0,0,0,0,0,0.378067918,1500,1500,1378.06792,1500,1500,1000,1900,1000,1327,1382,1382,1406,1465,1248,2496,0,1247,0
24.960000000,24.980000000,1787652870.290762,1249,50.000,139.696121,12.336800,0,0,0,0,0,0.378075559,1500,1500,1378.07556,1500,1500,1000,1900,1000,1327,1382,1382,1406,1469,1249,2498,0,1248,0
24.980000000,25.000000000,1787652870.425086,1250,50.000,134.324074,13.395400,0,0,0,0,0,0.378080688,1500,1500,1378.08069,1500,1500,1000,1900,1000,1327,1383,1383,1407,1474,1250,2500,0,1249,0
25.000000000,25.020000000,1787652870.595428,1251,50.000,170.341969,15.045200,0,0,0,0,0,0.378083415,1500,1500,1378.08342,1500,1500,1000,1900,1000,1327,1384,1384,1407,1479,1251,2502,0,1250,0
25.020000000,25.040000000,1787652870.777326,1252,50.000,181.897879,15.433100,0,0,0,0,0,0.378083776,1500,1500,1378.08378,1500,1500,1000,1900,1000,1327,1384,1384,1407,1483,1252,2504,0,1251,0
25.040000000,25.060000000,1787652870.915400,1253,50.000,138.073921,13.219400,0,0,0,0,0,0.378081896,1500,1500,1378.0819,1500,1500,1000,1900,1000,1327,1385,1385,1407,1487,1253,2506,0,1252,0
25.060000000,25.080000000,1787652871.046126,1254,50.000,130.726099,13.899200,0,0,0,0,0,0.37807779,1500,1500,1378.07779,1500,1500,1000,1900,1000,1327,1385,1385,1407,1491,1254,2508,0,1253,0
25.080000000,25.100000000,1787652871.187087,1255,50.000,140.960932,18.430100,0,0,0,0,0,0.378071559,1500,1500,1378.07156,1500,1500,1000,1900,1000,1327,1386,1386,1407,1495,1255,2510,0,1254,0
25.100000000,25.120000000,1787652871.306651,1256,50.000,119.564056,15.831000,0,0,0,0,0,0.378063193,1500,1500,1378.06319,1500,1500,1000,1900,1000,1327,1386,1386,1407,1498,1256,2512,0,1255,0
25.120000000,25.140000000,1787652871.420389,1257,50.000,113.738060,13.016400,0,0,0,0,0,0.378052788,1500,1500,1378.05279,1500,1500,1000,1900,1000,1327,1387,1387,1407,1501,1257,2514,0,1256,0
25.140000000,25.160000000,1787652871.529966,1258,50.000,109.577179,13.313800,0,0,0,0,0,0.378040297,1500,1500,1378.0403,1500,1500,1000,1900,1000,1327,1387,1387,1407,1504,1258,2516,0,1257,0
25.160000000,25.180000000,1787652871.637659,1259,50.000,107.692719,13.840700,0,0,0,0,0,0.378025769,1500,1500,1378.02577,1500,1500,1000,1900,1000,1327,1388,1388,1407,1506,1259,2518,0,1258,0
25.180000000,25.200000000,1787652871.744989,1260,50.000,107.330084,14.596100,0,0,0,0,0,0.378009098,1500,1500,1378.0091,1500,1500,1000,1900,1000,1327,1388,1388,1408,1507,1260,2520,0,1259,0
25.200000000,25.220000000,1787652871.853983,1261,50.000,108.994007,13.259000,0,0,0,0,0,0.377990264,1500,1500,1377.99026,1500,1500,1000,1900,1000,1327,1388,1388,1408,1508,1261,2522,0,1260,0
25.220000000,25.240000000,1787652871.966645,1262,50.000,112.662077,12.677800,0,0,0,0,0,0.377969348,1500,1500,1377.96935,1500,1500,1000,1900,1000,1326,1389,1389,1408,1508,1262,2524,0,1261,0
25.240000000,25.260000000,1787652872.084289,1263,50.000,117.644072,13.185900,0,0,0,0,0,0.377946362,1500,1500,1377.94636,1500,1500,1000,1900,1000,1326,1389,1389,1408,1507,1263,2526,0,1262,0
25.260000000,25.280000000,1787652872.190396,1264,50.000,106.106997,13.114200,0,0,0,0,0,0.377927078,1500,1500,1377.92708,1500,1500,1000,1900,1000,1326,1390,1390,1408,1507,1264,2528,0,1263,0
25.280000000,25.300000000,1787652872.294562,1265,50.000,104.166031,12.833400,0,0,0,0,0,0.377906266,1500,1500,1377.90627,1500,1500,1000,1900,1000,1326,1390,1390,1408,1505,1265,2530,0,1264,0
25.300000000,25.320000000,1787652872.397539,1266,50.000,102.977037,14.505000,0,0,0,0,0,0.377884436,1500,1500,1377.88444,1500,1500,1000,1900,1000,1326,1391,1391,1408,1503,1266,2532,0,1265,0
25.320000000,25.340000000,1787652872.506023,1267,50.000,108.483791,11.587000,0,0,0,0,0,0.37786203,1500,1500,1377.86203,1500,1500,1000,1900,1000,1326,1391,1391,1408,1500,1267,2534,0,1266,0
25.340000000,25.360000000,1787652872.603650,1268,50.000,97.626925,11.853500,0,0,0,0,0,0.377839422,1500,1500,1377.83942,1500,1500,1000,1900,1000,1326,1392,1392,1408,1498,1268,2536,0,1267,0
25.360000000,25.380000000,1787652872.705755,1269,50.000,102.105141,13.227300,0,0,0,0,0,0.377816897,1500,1500,1377.8169,1500,1500,1000,1900,1000,1326,1392,1392,1407,1494,1269,2538,0,1268,0
25.380000000,25.400000000,1787652872.804739,1270,50.000,98.984003,14.302200,0,0,0,0,0,0.377794942,1500,1500,1377.79494,1500,1500,1000,1900,1000,1326,1392,1392,1407,1490,1270,2540,0,1269,0
25.400000000,25.420000000,1787652872.911715,1271,50.000,106.976032,13.521600,0,0,0,0,0,0.377773912,1500,1500,1377.77391,1500,1500,1000,1900,1000,1326,1393,1393,1406,1486,1271,2542,0,1270,0
25.420000000,25.440000000,1787652873.016204,1272,50.000,104.489088,12.246800,0,0,0,0,0,0.377754245,1500,1500,1377.75424,1500,1500,1000,1900,1000,1326,1393,1393,1406,1481,1272,2544,0,1271,0
25.440000000,25.460000000,1787652873.128264,1273,50.000,112.059832,17.108800,0,0,0,0,0,0.377736204,1500,1500,1377.7362,1500,1500,1000,1900,1000,1326,1394,1394,1406,1477,1273,2546,0,1272,0
25.460000000,25.480000000,1787652873.246533,1274,50.000,118.268967,17.388100,0,0,0,0,0,0.377720187,1500,1500,1377.72019,1500,1500,1000,1900,1000,1326,1394,1394,1405,1472,1274,2548,0,1273,0
25.480000000,25.500000000,1787652873.359828,1275,50.000,113.295078,19.676100,0,0,0,0,0,0.377706397,1500,1500,1377.7064,1500,1500,1000,1900,1000,1326,1395,1395,1404,1466,1275,2550,0,1274,0
25.500000000,25.520000000,1787652873.487070,1276,50.000,127.242088,17.525800,0,0,0,0,0,0.377695173,1500,1500,1377.69517,1500,1500,1000,1900,1000,1326,1395,1395,1404,1461,1276,2552,0,1275,0
25.520000000,25.540000000,1787652873.600565,1277,50.000,113.494873,12.308200,0,0,0,0,0,0.377686642,1500,1500,1377.68664,1500,1500,1000,1900,1000,1326,1396,1396,1403,1453,1277,2554,0,1276,0
25.540000000,25.560000000,1787652873.724215,1278,50.000,123.650074,13.823000,0,0,0,0,0,0.377681116,1500,1500,1377.68112,1500,1500,1000,1900,1000,1326,1396,1396,1403,1448,1278,2556,0,1277,0
25.560000000,25.580000000,1787652873.870524,1279,50.000,146.308899,17.652100,0,0,0,0,0,0.377678705,1500,1500,1377.67871,1500,1500,1000,1900,1000,1326,1397,1397,1402,1442,1279,2558,0,1278,0
25.580000000,25.600000000,1787652874.016953,1280,50.000,146.429062,12.369800,0,0,0,0,0,0.377679673,1500,1500,1377.67967,1500,1500,1000,1900,1000,1326,1397,1397,1401,1437,1280,2560,0,1279,0
25.600000000,25.620000000,1787652874.187020,1281,50.000,170.067072,14.764700,0,0,0,0,0,0.377684098,1500,1500,1377.6841,1500,1500,1000,1900,1000,1326,1398,1398,1401,1432,1281,2562,0,1280,0
25.620000000,25.640000000,1787652874.360651,1282,50.000,173.630714,21.720800,0,0,0,0,0,0.377692077,1500,1500,1377.69208,1500,1500,1000,1900,1000,1326,1399,1399,1400,1426,1282,2564,0,1281,0
25.640000000,25.660000000,1787652874.574177,1283,50.000,213.526249,14.997800,0,0,0,0,0,0.377703315,1500,1500,1377.70331,1500,1500,1000,1900,1000,1326,1399,1399,1400,1421,1283,2566,0,1282,0
25.660000000,25.680000000,1787652874.730558,1284,50.000,156.381130,13.172800,0,0,0,0,0,0.377717552,1500,1500,1377.71755,1500,1500,1000,1900,1000,1326,1400,1400,1399,1417,1284,2568,0,1283,0
25.680000000,25.700000000,1787652874.875538,1285,50.000,144.979954,12.723800,0,0,0,0,0,0.37773448,1500,1500,1377.73448,1500,1500,1000,1900,1000,1326,1401,1401,1399,1412,1285,2570,0,1284,0
25.700000000,25.720000000,1787652875.009108,1286,50.000,133.569717,17.226600,0,0,0,0,0,0.377753615,1500,1500,1377.75361,1500,1500,1000,1900,1000,1326,1401,1401,1398,1410,1286,2572,0,1285,0
25.720000000,25.740000000,1787652875.198267,1287,50.000,189.159155,13.496500,0,0,0,0,0,0.377774581,1500,1500,1377.77458,1500,1500,1000,1900,1000,1326,1402,1402,1398,1406,1287,2574,0,1286,0
25.740000000,25.760000000,1787652875.340123,1288,50.000,141.855955,17.945200,0,0,0,0,0,0.37779692,1500,1500,1377.79692,1500,1500,1000,1900,1000,1326,1402,1402,1398,1404,1288,2576,0,1287,0
25.760000000,25.780000000,1787652875.467699,1289,50.000,127.576113,14.281600,0,0,0,0,0,0.377820277,1500,1500,1377.82028,1500,1500,1000,1900,1000,1326,1403,1403,1398,1402,1289,2578,0,1288,0
25.780000000,25.800000000,1787652875.595392,1290,50.000,127.692938,19.239400,0,0,0,0,0,0.377844159,1500,1500,1377.84416,1500,1500,1000,1900,1000,1326,1404,1404,1397,1401,1290,2580,0,1289,0
25.800000000,25.820000000,1787652875.731738,1291,50.000,136.346102,13.888100,0,0,0,0,0,0.37786825,1500,1500,1377.86825,1500,1500,1000,1900,1000,1326,1404,1404,1397,1399,1291,2582,0,1290,0
25.820000000,25.840000000,1787652875.848818,1292,50.000,117.079973,12.540000,0,0,0,0,0,0.377892236,1500,1500,1377.89224,1500,1500,1000,1900,1000,1326,1405,1405,1397,1398,1292,2584,0,1291,0
25.840000000,25.860000000,1787652875.966266,1293,50.000,117.448092,12.382800,0,0,0,0,0,0.37791577,1500,1500,1377.91577,1500,1500,1000,1900,1000,1326,1405,1405,1397,1397,1293,2586,0,1292,0
25.860000000,25.880000000,1787652876.087951,1294,50.000,121.684790,21.896000,0,0,0,0,0,0.377938473,1500,1500,1377.93847,1500,1500,1000,1900,1000,1326,1406,1406,1397,1396,1294,2588,0,1293,0
25.880000000,25.900000000,1787652876.216887,1295,50.000,128.936052,21.318500,0,0,0,0,0,0.377960144,1500,1500,1377.96014,1500,1500,1000,1900,1000,1326,1406,1406,1397,1395,1295,2590,0,1294,0
25.900000000,25.920000000,1787652876.331387,1296,50.000,114.500046,21.783500,0,0,0,0,0,0.377980594,1500,1500,1377.98059,1500,1500,1000,1900,1000,1326,1407,1407,1397,1395,1296,2592,0,1295,0
25.920000000,25.940000000,1787652876.448156,1297,50.000,116.769075,13.684300,0,0,0,0,0,0.377999643,1500,1500,1377.99964,1500,1500,1000,1900,1000,1326,1408,1408,1397,1394,1297,2594,0,1296,0
25.940000000,25.960000000,1787652876.577339,1298,50.000,129.183054,18.096100,0,0,0,0,0,0.378017151,1500,1500,1378.01715,1500,1500,1000,1900,1000,1326,1408,1408,1397,1394,1298,2596,0,1297,0
25.960000000,25.980000000,1787652876.704209,1299,50.000,126.869917,14.172900,0,0,0,0,0,0.378033029,1500,1500,1378.03303,1500,1500,1000,1900,1000,1327,1409,1409,1397,1395,1299,2598,0,1298,0
25.980000000,26.000000000,1787652876.815396,1300,50.000,111.186981,14.024900,0,0,0,0,0,0.378047136,1500,1500,1378.04714,1500,1500,1000,1900,1000,1327,1409,1409,1397,1395,1300,2600,0,1299,0
26.000000000,26.020000000,1787652876.943812,1301,50.000,128.415823,14.282000,0,0,0,0,0,0.378053807,1500,1500,1378.05381,1500,1500,1000,1900,1000,1327,1409,1409,1397,1396,1301,2602,0,1300,0
26.020000000,26.040000000,1787652877.074433,1302,50.000,130.621195,22.469800,0,0,0,0,0,0.378058562,1500,1500,1378.05856,1500,1500,1000,1900,1000,1327,1410,1410,1397,1396,1302,2604,0,1301,0
26.040000000,26.060000000,1787652877.197527,1303,50.000,123.094082,13.351500,0,0,0,0,0,0.378061294,1500,1500,1378.06129,1500,1500,1000,1900,1000,1327,1410,1410,1397,1397,1303,2606,0,1302,0
26.060000000,26.080000000,1787652877.311708,1304,50.000,114.180803,14.411100,0,0,0,0,0,0.378061957,1500,1500,1378.06196,1500,1500,1000,1900,1000,1327,1410,1410,1397,1398,1304,2608,0,1303,0
26.080000000,26.100000000,1787652877.432710,1305,50.000,121.001959,16.316800,0,0,0,0,0,0.378060521,1500,1500,1378.06052,1500,1500,1000,1900,1000,1327,1410,1410,1396,1398,1305,2610,0,1304,0
26.100000000,26.120000000,1787652877.553105,1306,50.000,120.394945,23.454800,0,0,0,0,0,0.378056964,1500,1500,1378.05696,1500,1500,1000,1900,1000,1327,1410,1410,1396,1399,1306,2612,0,1305,0
26.120000000,26.140000000,1787652877.652901,1307,50.000,99.796057,12.174800,0,0,0,0,0,0.378051286,1500,1500,1378.05129,1500,1500,1000,1900,1000,1327,1411,1411,1397,1400,1307,2614,0,1306,0
26.140000000,26.160000000,1787652877.764360,1308,50.000,111.459255,21.150500,0,0,0,0,0,0.378043352,1500,1500,1378.04335,1500,1500,1000,1900,1000,1327,1411,1411,1397,1401,1308,2616,0,1307,0
26.160000000,26.180000000,1787652877.869995,1309,50.000,105.634928,12.194200,0,0,0,0,0,0.378032858,1500,1500,1378.03286,1500,1500,1000,1900,1000,1327,1412,1412,1397,1402,1309,2618,0,1308,0
26.180000000,26.200000000,1787652877.972620,1310,50.000,102.624893,13.896100,0,0,0,0,0,0.378019399,1500,1500,1378.0194,1500,1500,1000,1900,1000,1327,1412,1412,1397,1403,1310,2620,0,1309,0
26.200000000,26.220000000,1787652878.084876,1311,50.000,112.256050,23.396100,0,0,0,0,0,0.378002513,1500,1500,1378.00251,1500,1500,1000,1900,1000,1327,1412,1412,1397,1403,1311,2622,0,1310,0
26.220000000,26.240000000,1787652878.186565,1312,50.000,101.688862,11.976900,0,0,0,0,0,0.377981721,1500,1500,1377.98172,1500,1500,1000,1900,1000,1327,1412,1412,1398,1404,1312,2624,0,1311,0
