mavpackettype,TimeUS,C1,C2,C3,C4,C5,C6,C7,C8,C9,C10,C11,C12,C13,C14,ap_time_s
RCIN,2199998,1500,1500,1453,1500,1500,1000,1900,1000,0,0,0,0,0,0,2.199998
RCIN,2239998,1500,1500,1452,1500,1500,1000,1900,1000,0,0,0,0,0,0,2.239998
RCIN,2279998,1500,1500,1450,1500,1500,1000,1900,1000,0,0,0,0,0,0,2.279998
RCIN,2319998,1500,1500,1448,1500,1500,1000,1900,1000,0,0,0,0,0,0,2.319998
RCIN,2359998,1500,1500,1446,1500,1500,1000,1900,1000,0,0,0,0,0,0,2.359998
RCIN,2399998,1500,1500,1444,1500,1500,1000,1900,1000,0,0,0,0,0,0,2.399998
RCIN,2439998,1500,1500,1442,1500,1500,1000,1900,1000,0,0,0,0,0,0,2.439998
RCIN,2479998,1500,1500,1440,1500,1500,1000,1900,1000,0,0,0,0,0,0,2.479998
RCIN,2519998,1500,1500,1438,1500,1500,1000,1900,1000,0,0,0,0,0,0,2.519998
RCIN,2559998,1500,1500,1436,1500,1500,1000,1900,1000,0,0,0,0,0,0,2.559998
RCIN,2599998,1500,1500,1434,1500,1500,1000,1900,1000,0,0,0,0,0,0,2.599998
RCIN,2639998,1500,1500,1432,1500,1500,1000,1900,1000,0,0,0,0,0,0,2.639998
RCIN,2679998,1500,1500,1430,1500,1500,1000,1900,1000,0,0,0,0,0,0,2.679998
RCIN,2719998,1500,1500,1428,1500,1500,1000,1900,1000,0,0,0,0,0,0,2.719998
RCIN,2759998,1500,1500,1426,1500,1500,1000,1900,1000,0,0,0,0,0,0,2.759998
RCIN,2799998,1500,1500,1424,1500,1500,1000,1900,1000,0,0,0,0,0,0,2.799998
RCIN,2839998,1500,1500,1422,1500,1500,1000,1900,1000,0,0,0,0,0,0,2.839998
RCIN,2879998,1500,1500,1421,1500,1500,1000,1900,1000,0,0,0,0,0,0,2.879998
RCIN,2919998,1500,1500,1419,1500,1500,1000,1900,1000,0,0,0,0,0,0,2.919998
RCIN,2959998,1500,1500,1417,1500,1500,1000,1900,1000,0,0,0,0,0,0,2.959998
RCIN,2999998,1500,1500,1415,1500,1500,1000,1900,1000,0,0,0,0,0,0,2.999998
RCIN,3039998,1500,1500,1413,1500,1500,1000,1900,1000,0,0,0,0,0,0,3.039998
RCIN,3079998,1500,1500,1412,1500,1500,1000,1900,1000,0,0,0,0,0,0,3.079998
RCIN,3119998,1500,1500,1410,1500,1500,1000,1900,1000,0,0,0,0,0,0,3.119998
RCIN,3159998,1500,1500,1408,1500,1500,1000,1900,1000,0,0,0,0,0,0,3.159998
RCIN,3199998,1500,1500,1406,1500,1500,1000,1900,1000,0,0,0,0,0,0,3.199998
RCIN,3239998,1500,1500,1405,1500,1500,1000,1900,1000,0,0,0,0,0,0,3.239998
RCIN,3279998,1500,1500,1403,1500,1500,1000,1900,1000,0,0,0,0,0,0,3.279998
RCIN,3319998,1500,1500,1401,1500,1500,1000,1900,1000,0,0,0,0,0,0,3.319998
RCIN,3359998,1500,1500,1400,1500,1500,1000,1900,1000,0,0,0,0,0,0,3.359998
RCIN,3399998,1500,1500,1398,1500,1500,1000,1900,1000,0,0,0,0,0,0,3.399998
RCIN,3439998,1500,1500,1397,1500,1500,1000,1900,1000,0,0,0,0,0,0,3.439998
RCIN,3479998,1500,1500,1395,1500,1500,1000,1900,1000,0,0,0,0,0,0,3.479998
RCIN,3519998,1500,1500,1394,1500,1500,1000,1900,1000,0,0,0,0,0,0,3.519998
RCIN,3559998,1500,1500,1392,1500,1500,1000,1900,1000,0,0,0,0,0,0,3.559998
RCIN,3599998,1500,1500,1391,1500,1500,1000,1900,1000,0,0,0,0,0,0,3.599998
RCIN,3639998,1500,1500,1390,1500,1500,1000,1900,1000,0,0,0,0,0,0,3.639998
RCIN,3679998,1500,1500,1388,1500,1500,1000,1900,1000,0,0,0,0,0,0,3.679998
RCIN,3719998,1500,1500,1387,1500,1500,1000,1900,1000,0,0,0,0,0,0,3.719998
RCIN,3759998,1500,1500,1386,1500,1500,1000,1900,1000,0,0,0,0,0,0,3.759998
RCIN,3799998,1500,1500,1385,1500,1500,1000,1900,1000,0,0,0,0,0,0,3.799998
RCIN,3839998,1500,1500,1383,1500,1500,1000,1900,1000,0,0,0,0,0,0,3.839998
RCIN,3879998,1500,1500,1382,1500,1500,1000,1900,1000,0,0,0,0,0,0,3.879998
RCIN,3919998,1500,1500,1381,1500,1500,1000,1900,1000,0,0,0,0,0,0,3.919998
RCIN,3959998,1500,1500,1380,1500,1500,1000,1900,1000,0,0,0,0,0,0,3.959998
RCIN,4019996,1500,1500,1379,1500,1500,1000,1900,1000,0,0,0,0,0,0,4.019996
RCIN,4079993,1500,1500,1377,1500,1500,1000,1900,1000,0,0,0,0,0,0,4.079993
RCIN,4139990,1500,1500,1376,1500,1500,1000,1900,1000,0,0,0,0,0,0,4.13999
RCIN,4199988,1500,1500,1374,1500,1500,1000,1900,1000,0,0,0,0,0,0,4.199988
RCIN,4239988,1500,1500,1374,1500,1500,1000,1900,1000,0,0,0,0,0,0,4.239988
RCIN,4279988,1500,1500,1373,1500,1500,1000,1900,1000,0,0,0,0,0,0,4.279988
RCIN,4319988,1500,1500,1373,1500,1500,1000,1900,1000,0,0,0,0,0,0,4.319988
RCIN,4359988,1500,1500,1372,1500,1500,1000,1900,1000,0,0,0,0,0,0,4.359988
RCIN,4399988,1500,1500,1372,1500,1500,1000,1900,1000,0,0,0,0,0,0,4.399988
RCIN,4439988,1500,1500,1373,1500,1500,1000,1900,1000,0,0,0,0,0,0,4.439988
RCIN,4479988,1500,1500,1374,1500,1500,1000,1900,1000,0,0,0,0,0,0,4.479988
RCIN,4519988,1500,1500,1375,1500,1500,1000,1900,1000,0,0,0,0,0,0,4.519988
RCIN,4559988,1500,1500,1376,1500,1500,1000,1900,1000,0,0,0,0,0,0,4.559988
RCIN,4599988,1500,1500,1378,1500,1500,1000,1900,1000,0,0,0,0,0,0,4.599988
RCIN,4639988,1500,1500,1380,1500,1500,1000,1900,1000,0,0,0,0,0,0,4.639988
RCIN,4679988,1500,1500,1382,1500,1500,1000,1900,1000,0,0,0,0,0,0,4.679988
RCIN,4719988,1500,1500,1384,1500,1500,1000,1900,1000,0,0,0,0,0,0,4.719988
RCIN,4759988,1500,1500,1386,1500,1500,1000,1900,1000,0,0,0,0,0,0,4.759988
RCIN,4799988,1500,1500,1388,1500,1500,1000,1900,1000,0,0,0,0,0,0,4.799988
RCIN,4839988,1500,1500,1389,1500,1500,1000,1900,1000,0,0,0,0,0,0,4.839988
RCIN,4879988,1500,1500,1391,1500,1500,1000,1900,1000,0,0,0,0,0,0,4.879988
RCIN,4919988,1500,1500,1393,1500,1500,1000,1900,1000,0,0,0,0,0,0,4.919988
RCIN,4959988,1500,1500,1394,1500,1500,1000,1900,1000,0,0,0,0,0,0,4.959988
RCIN,4999988,1500,1500,1395,1500,1500,1000,1900,1000,0,0,0,0,0,0,4.999988
RCIN,5039988,1500,1500,1397,1500,1500,1000,1900,1000,0,0,0,0,0,0,5.039988
RCIN,5079988,1500,1500,1398,1500,1500,1000,1900,1000,0,0,0,0,0,0,5.079988
RCIN,5119988,1500,1500,1399,1500,1500,1000,1900,1000,0,0,0,0,0,0,5.119988
RCIN,5159988,1500,1500,1400,1500,1500,1000,1900,1000,0,0,0,0,0,0,5.159988
RCIN,5199988,1500,1500,1402,1500,1500,1000,1900,1000,0,0,0,0,0,0,5.199988
RCIN,5239988,1500,1500,1403,1500,1500,1000,1900,1000,0,0,0,0,0,0,5.239988
RCIN,5279988,1500,1500,1404,1500,1500,1000,1900,1000,0,0,0,0,0,0,5.279988
RCIN,5319988,1500,1500,1406,1500,1500,1000,1900,1000,0,0,0,0,0,0,5.319988
RCIN,5359988,1500,1500,1407,1500,1500,1000,1900,1000,0,0,0,0,0,0,5.359988
RCIN,5399988,1500,1500,1409,1500,1500,1000,1900,1000,0,0,0,0,0,0,5.399988
RCIN,5439988,1500,1500,1410,1500,1500,1000,1900,1000,0,0,0,0,0,0,5.439988
RCIN,5479988,1500,1500,1411,1500,1500,1000,1900,1000,0,0,0,0,0,0,5.479988
RCIN,5519988,1500,1500,1413,1500,1500,1000,1900,1000,0,0,0,0,0,0,5.519988
RCIN,5559988,1500,1500,1414,1500,1500,1000,1900,1000,0,0,0,0,0,0,5.559988
RCIN,5599988,1500,1500,1415,1500,1500,1000,1900,1000,0,0,0,0,0,0,5.599988
RCIN,5639988,1500,1500,1416,1500,1500,1000,1900,1000,0,0,0,0,0,0,5.639988
RCIN,5679988,1500,1500,1418,1500,1500,1000,1900,1000,0,0,0,0,0,0,5.679988
RCIN,5719988,1500,1500,1419,1500,1500,1000,1900,1000,0,0,0,0,0,0,5.719988
RCIN,5759988,1500,1500,1420,1500,1500,1000,1900,1000,0,0,0,0,0,0,5.759988
RCIN,5799988,1500,1500,1421,1500,1500,1000,1900,1000,0,0,0,0,0,0,5.799988
RCIN,5839988,1500,1500,1421,1500,1500,1000,1900,1000,0,0,0,0,0,0,5.839988
RCIN,5879988,1500,1500,1422,1500,1500,1000,1900,1000,0,0,0,0,0,0,5.879988
RCIN,5919988,1500,1500,1423,1500,1500,1000,1900,1000,0,0,0,0,0,0,5.919988
RCIN,5959988,1500,1500,1424,1500,1500,1000,1900,1000,0,0,0,0,0,0,5.959988
RCIN,5999988,1500,1500,1424,1500,1500,1000,1900,1000,0,0,0,0,0,0,5.999988
RCIN,6039988,1500,1500,1425,1500,1500,1000,1900,1000,0,0,0,0,0,0,6.039988
RCIN,6079988,1500,1500,1426,1500,1500,1000,1900,1000,0,0,0,0,0,0,6.079988
RCIN,6119988,1500,1500,1426,1500,1500,1000,1900,1000,0,0,0,0,0,0,6.119988
RCIN,6159988,1500,1500,1427,1500,1500,1000,1900,1000,0,0,0,0,0,0,6.159988
RCIN,6199988,1500,1500,1428,1500,1500,1000,1900,1000,0,0,0,0,0,0,6.199988
RCIN,6239988,1500,1500,1428,1500,1500,1000,1900,1000,0,0,0,0,0,0,6.239988
RCIN,6279988,1500,1500,1429,1500,1500,1000,1900,1000,0,0,0,0,0,0,6.279988
RCIN,6319988,1500,1500,1429,1500,1500,1000,1900,1000,0,0,0,0,0,0,6.319988
RCIN,6359988,1500,1500,1430,1500,1500,1000,1900,1000,0,0,0,0,0,0,6.359988
RCIN,6399988,1500,1500,1430,1500,1500,1000,1900,1000,0,0,0,0,0,0,6.399988
RCIN,6439988,1500,1500,1431,1500,1500,1000,1900,1000,0,0,0,0,0,0,6.439988
RCIN,6479988,1500,1500,1431,1500,1500,1000,1900,1000,0,0,0,0,0,0,6.479988
RCIN,6519988,1500,1500,1432,1500,1500,1000,1900,1000,0,0,0,0,0,0,6.519988
RCIN,6559988,1500,1500,1432,1500,1500,1000,1900,1000,0,0,0,0,0,0,6.559988
RCIN,6599988,1500,1500,1433,1500,1500,1000,1900,1000,0,0,0,0,0,0,6.599988
RCIN,6639988,1500,1500,1433,1500,1500,1000,1900,1000,0,0,0,0,0,0,6.639988
RCIN,6679988,1500,1500,1433,1500,1500,1000,1900,1000,0,0,0,0,0,0,6.679988
RCIN,6719988,1500,1500,1434,1500,1500,1000,1900,1000,0,0,0,0,0,0,6.719988
RCIN,6759988,1500,1500,1434,1500,1500,1000,1900,1000,0,0,0,0,0,0,6.759988
RCIN,6799988,1500,1500,1434,1500,1500,1000,1900,1000,0,0,0,0,0,0,6.799988
RCIN,6839988,1500,1500,1435,1500,1500,1000,1900,1000,0,0,0,0,0,0,6.839988
RCIN,6879988,1500,1500,1435,1500,1500,1000,1900,1000,0,0,0,0,0,0,6.879988
RCIN,6919988,1500,1500,1435,1500,1500,1000,1900,1000,0,0,0,0,0,0,6.919988
RCIN,6959988,1500,1500,1435,1500,1500,1000,1900,1000,0,0,0,0,0,0,6.959988
RCIN,6999988,1500,1500,1435,1500,1500,1000,1900,1000,0,0,0,0,0,0,6.999988
RCIN,7039988,1500,1500,1435,1500,1500,1000,1900,1000,0,0,0,0,0,0,7.039988
RCIN,7079988,1500,1500,1435,1500,1500,1000,1900,1000,0,0,0,0,0,0,7.079988
RCIN,7119988,1500,1500,1436,1500,1500,1000,1900,1000,0,0,0,0,0,0,7.119988
RCIN,7159988,1500,1500,1436,1500,1500,1000,1900,1000,0,0,0,0,0,0,7.159988
RCIN,7199988,1500,1500,1436,1500,1500,1000,1900,1000,0,0,0,0,0,0,7.199988
RCIN,7239988,1500,1500,1436,1500,1500,1000,1900,1000,0,0,0,0,0,0,7.239988
RCIN,7279988,1500,1500,1436,1500,1500,1000,1900,1000,0,0,0,0,0,0,7.279988
RCIN,7319988,1500,1500,1436,1500,1500,1000,1900,1000,0,0,0,0,0,0,7.319988
RCIN,7359988,1500,1500,1436,1500,1500,1000,1900,1000,0,0,0,0,0,0,7.359988
RCIN,7399988,1500,1500,1436,1500,1500,1000,1900,1000,0,0,0,0,0,0,7.399988
RCIN,7439988,1500,1500,1436,1500,1500,1000,1900,1000,0,0,0,0,0,0,7.439988
RCIN,7479988,1500,1500,1436,1500,1500,1000,1900,1000,0,0,0,0,0,0,7.479988
RCIN,7519988,1500,1500,1436,1500,1500,1000,1900,1000,0,0,0,0,0,0,7.519988
RCIN,7559988,1500,1500,1436,1500,1500,1000,1900,1000,0,0,0,0,0,0,7.559988
RCIN,7599988,1500,1500,1436,1500,1500,1000,1900,1000,0,0,0,0,0,0,7.599988
RCIN,7639988,1500,1500,1436,1500,1500,1000,1900,1000,0,0,0,0,0,0,7.639988
RCIN,7679988,1500,1500,1436,1500,1500,1000,1900,1000,0,0,0,0,0,0,7.679988
RCIN,7719988,1500,1500,1436,1500,1500,1000,1900,1000,0,0,0,0,0,0,7.719988
RCIN,7759988,1500,1500,1436,1500,1500,1000,1900,1000,0,0,0,0,0,0,7.759988
RCIN,7799988,1500,1500,1436,1500,1500,1000,1900,1000,0,0,0,0,0,0,7.799988
RCIN,7839988,1500,1500,1436,1500,1500,1000,1900,1000,0,0,0,0,0,0,7.839988
RCIN,7879988,1500,1500,1436,1500,1500,1000,1900,1000,0,0,0,0,0,0,7.879988
RCIN,7919988,1500,1500,1436,1500,1500,1000,1900,1000,0,0,0,0,0,0,7.919988
RCIN,7959988,1500,1500,1436,1500,1500,1000,1900,1000,0,0,0,0,0,0,7.959988
RCIN,7999988,1500,1500,1435,1500,1500,1000,1900,1000,0,0,0,0,0,0,7.999988
RCIN,8039988,1500,1500,1435,1500,1500,1000,1900,1000,0,0,0,0,0,0,8.039988
RCIN,8079988,1500,1500,1435,1500,1500,1000,1900,1000,0,0,0,0,0,0,8.079988
RCIN,8119988,1500,1500,1435,1500,1500,1000,1900,1000,0,0,0,0,0,0,8.119988
RCIN,8159988,1500,1500,1435,1500,1500,1000,1900,1000,0,0,0,0,0,0,8.159988
RCIN,8199988,1500,1500,1435,1500,1500,1000,1900,1000,0,0,0,0,0,0,8.199988
RCIN,8239988,1500,1500,1435,1500,1500,1000,1900,1000,0,0,0,0,0,0,8.239988
RCIN,8279988,1500,1500,1435,1500,1500,1000,1900,1000,0,0,0,0,0,0,8.279988
RCIN,8319988,1500,1500,1434,1500,1500,1000,1900,1000,0,0,0,0,0,0,8.319988
RCIN,8359988,1500,1500,1434,1500,1500,1000,1900,1000,0,0,0,0,0,0,8.359988
RCIN,8399988,1500,1500,1434,1500,1500,1000,1900,1000,0,0,0,0,0,0,8.399988
RCIN,8439988,1500,1500,1434,1500,1500,1000,1900,1000,0,0,0,0,0,0,8.439988
RCIN,8479988,1500,1500,1434,1500,1500,1000,1900,1000,0,0,0,0,0,0,8.479988
RCIN,8519988,1500,1500,1434,1500,1500,1000,1900,1000,0,0,0,0,0,0,8.519988
RCIN,8559988,1500,1500,1433,1500,1500,1000,1900,1000,0,0,0,0,0,0,8.559988
RCIN,8599988,1500,1500,1433,1500,1500,1000,1900,1000,0,0,0,0,0,0,8.599988
RCIN,8639988,1500,1500,1433,1500,1500,1000,1900,1000,0,0,0,0,0,0,8.639988
RCIN,8679988,1500,1500,1433,1500,1500,1000,1900,1000,0,0,0,0,0,0,8.679988
RCIN,8719988,1500,1500,1433,1500,1500,1000,1900,1000,0,0,0,0,0,0,8.719988
RCIN,8759988,1500,1500,1433,1500,1500,1000,1900,1000,0,0,0,0,0,0,8.759988
RCIN,8799988,1500,1500,1432,1500,1500,1000,1900,1000,0,0,0,0,0,0,8.799988
RCIN,8839988,1500,1500,1432,1500,1500,1000,1900,1000,0,0,0,0,0,0,8.839988
RCIN,8879988,1500,1500,1432,1500,1500,1000,1900,1000,0,0,0,0,0,0,8.879988
RCIN,8919988,1500,1500,1432,1500,1500,1000,1900,1000,0,0,0,0,0,0,8.919988
RCIN,8959988,1500,1500,1432,1500,1500,1000,1900,1000,0,0,0,0,0,0,8.959988
RCIN,8999988,1500,1500,1431,1500,1500,1000,1900,1000,0,0,0,0,0,0,8.999988
RCIN,9039988,1500,1500,1431,1500,1500,1000,1900,1000,0,0,0,0,0,0,9.039988
RCIN,9079988,1500,1500,1431,1500,1500,1000,1900,1000,0,0,0,0,0,0,9.079988
RCIN,9119988,1500,1500,1431,1500,1500,1000,1900,1000,0,0,0,0,0,0,9.119988
RCIN,9159988,1500,1500,1431,1500,1500,1000,1900,1000,0,0,0,0,0,0,9.159988
RCIN,9199988,1500,1500,1431,1500,1500,1000,1900,1000,0,0,0,0,0,0,9.199988
RCIN,9239988,1500,1500,1431,1500,1500,1000,1900,1000,0,0,0,0,0,0,9.239988
RCIN,9279988,1500,1500,1431,1500,1500,1000,1900,1000,0,0,0,0,0,0,9.279988
RCIN,9319988,1500,1500,1430,1500,1500,1000,1900,1000,0,0,0,0,0,0,9.319988
RCIN,9359988,1500,1500,1430,1500,1500,1000,1900,1000,0,0,0,0,0,0,9.359988
RCIN,9399988,1500,1500,1430,1500,1500,1000,1900,1000,0,0,0,0,0,0,9.399988
RCIN,9439988,1500,1500,1430,1500,1500,1000,1900,1000,0,0,0,0,0,0,9.439988
RCIN,9479988,1500,1500,1430,1500,1500,1000,1900,1000,0,0,0,0,0,0,9.479988
RCIN,9519988,1500,1500,1430,1500,1500,1000,1900,1000,0,0,0,0,0,0,9.519988
RCIN,9559988,1500,1500,1430,1500,1500,1000,1900,1000,0,0,0,0,0,0,9.559988
RCIN,9599988,1500,1500,1430,1500,1500,1000,1900,1000,0,0,0,0,0,0,9.599988
RCIN,9639988,1500,1500,1430,1500,1500,1000,1900,1000,0,0,0,0,0,0,9.639988
RCIN,9679988,1500,1500,1430,1500,1500,1000,1900,1000,0,0,0,0,0,0,9.679988
RCIN,9719988,1500,1500,1430,1500,1500,1000,1900,1000,0,0,0,0,0,0,9.719988
RCIN,9759988,1500,1500,1429,1500,1500,1000,1900,1000,0,0,0,0,0,0,9.759988
RCIN,9799988,1500,1500,1429,1500,1500,1000,1900,1000,0,0,0,0,0,0,9.799988
RCIN,9839988,1500,1500,1429,1500,1500,1000,1900,1000,0,0,0,0,0,0,9.839988
RCIN,9879988,1500,1500,1429,1500,1500,1000,1900,1000,0,0,0,0,0,0,9.879988
RCIN,9919988,1500,1500,1429,1500,1500,1000,1900,1000,0,0,0,0,0,0,9.919988
RCIN,9959988,1500,1500,1429,1500,1500,1000,1900,1000,0,0,0,0,0,0,9.959988
RCIN,9999988,1500,1500,1429,1500,1500,1000,1900,1000,0,0,0,0,0,0,9.999988
RCIN,10039988,1730,1500,1429,1500,1500,1000,1900,1000,0,0,0,0,0,0,10.039988
RCIN,10079988,1730,1500,1428,1500,1500,1000,1900,1000,0,0,0,0,0,0,10.079988
RCIN,10119988,1730,1500,1428,1500,1500,1000,1900,1000,0,0,0,0,0,0,10.119988
RCIN,10159988,1730,1500,1428,1500,1500,1000,1900,1000,0,0,0,0,0,0,10.159988
RCIN,10199988,1730,1500,1428,1500,1500,1000,1900,1000,0,0,0,0,0,0,10.199988
RCIN,10239988,1730,1500,1428,1500,1500,1000,1900,1000,0,0,0,0,0,0,10.239988
RCIN,10279988,1730,1500,1428,1500,1500,1000,1900,1000,0,0,0,0,0,0,10.279988
RCIN,10319988,1730,1500,1427,1500,1500,1000,1900,1000,0,0,0,0,0,0,10.319988
RCIN,10359988,1730,1500,1427,1500,1500,1000,1900,1000,0,0,0,0,0,0,10.359988
RCIN,10399988,1730,1500,1427,1500,1500,1000,1900,1000,0,0,0,0,0,0,10.399988
RCIN,10439988,1730,1500,1427,1500,1500,1000,1900,1000,0,0,0,0,0,0,10.439988
RCIN,10479988,1730,1500,1426,1500,1500,1000,1900,1000,0,0,0,0,0,0,10.479988
RCIN,10519988,1730,1500,1426,1500,1500,1000,1900,1000,0,0,0,0,0,0,10.519988
RCIN,10559988,1730,1500,1426,1500,1500,1000,1900,1000,0,0,0,0,0,0,10.559988
RCIN,10599988,1730,1500,1425,1500,1500,1000,1900,1000,0,0,0,0,0,0,10.599988
RCIN,10639988,1730,1500,1425,1500,1500,1000,1900,1000,0,0,0,0,0,0,10.639988
RCIN,10679988,1730,1500,1425,1500,1500,1000,1900,1000,0,0,0,0,0,0,10.679988
RCIN,10719988,1730,1500,1425,1500,1500,1000,1900,1000,0,0,0,0,0,0,10.719988
RCIN,10759988,1730,1500,1424,1500,1500,1000,1900,1000,0,0,0,0,0,0,10.759988
RCIN,10799988,1730,1500,1424,1500,1500,1000,1900,1000,0,0,0,0,0,0,10.799988
RCIN,10839988,1730,1500,1424,1500,1500,1000,1900,1000,0,0,0,0,0,0,10.839988
RCIN,10879988,1730,1500,1424,1500,1500,1000,1900,1000,0,0,0,0,0,0,10.879988
RCIN,10919988,1730,1500,1423,1500,1500,1000,1900,1000,0,0,0,0,0,0,10.919988
RCIN,10959988,1730,1500,1423,1500,1500,1000,1900,1000,0,0,0,0,0,0,10.959988
RCIN,10999988,1730,1500,1423,1500,1500,1000,1900,1000,0,0,0,0,0,0,10.999988
RCIN,11039988,1730,1500,1422,1500,1500,1000,1900,1000,0,0,0,0,0,0,11.039988
RCIN,11079988,1730,1500,1422,1500,1500,1000,1900,1000,0,0,0,0,0,0,11.079988
RCIN,11119988,1730,1500,1422,1500,1500,1000,1900,1000,0,0,0,0,0,0,11.119988
RCIN,11159988,1730,1500,1421,1500,1500,1000,1900,1000,0,0,0,0,0,0,11.159988
RCIN,11199988,1730,1500,1421,1500,1500,1000,1900,1000,0,0,0,0,0,0,11.199988
RCIN,11239988,1730,1500,1420,1500,1500,1000,1900,1000,0,0,0,0,0,0,11.239988
RCIN,11279988,1730,1500,1420,1500,1500,1000,1900,1000,0,0,0,0,0,0,11.279988
RCIN,11319988,1730,1500,1419,1500,1500,1000,1900,1000,0,0,0,0,0,0,11.319988
RCIN,11359988,1730,1500,1419,1500,1500,1000,1900,1000,0,0,0,0,0,0,11.359988
RCIN,11399988,1730,1500,1418,1500,1500,1000,1900,1000,0,0,0,0,0,0,11.399988
RCIN,11439988,1730,1500,1418,1500,1500,1000,1900,1000,0,0,0,0,0,0,11.439988
RCIN,11479988,1730,1500,1417,1500,1500,1000,1900,1000,0,0,0,0,0,0,11.479988
RCIN,11519988,1730,1500,1417,1500,1500,1000,1900,1000,0,0,0,0,0,0,11.519988
RCIN,11559988,1730,1500,1416,1500,1500,1000,1900,1000,0,0,0,0,0,0,11.559988
RCIN,11599988,1730,1500,1416,1500,1500,1000,1900,1000,0,0,0,0,0,0,11.599988
RCIN,11639988,1730,1500,1415,1500,1500,1000,1900,1000,0,0,0,0,0,0,11.639988
RCIN,11679988,1730,1500,1415,1500,1500,1000,1900,1000,0,0,0,0,0,0,11.679988
RCIN,11719988,1730,1500,1414,1500,1500,1000,1900,1000,0,0,0,0,0,0,11.719988
RCIN,11759988,1730,1500,1414,1500,1500,1000,1900,1000,0,0,0,0,0,0,11.759988
RCIN,11799988,1730,1500,1413,1500,1500,1000,1900,1000,0,0,0,0,0,0,11.799988
RCIN,11839988,1500,1500,1413,1500,1500,1000,1900,1000,0,0,0,0,0,0,11.839988
RCIN,11879988,1500,1500,1413,1500,1500,1000,1900,1000,0,0,0,0,0,0,11.879988
RCIN,11919988,1500,1500,1412,1500,1500,1000,1900,1000,0,0,0,0,0,0,11.919988
RCIN,11959988,1500,1500,1412,1500,1500,1000,1900,1000,0,0,0,0,0,0,11.959988
RCIN,11999988,1500,1500,1411,1500,1500,1000,1900,1000,0,0,0,0,0,0,11.999988
RCIN,12039988,1500,1500,1411,1500,1500,1000,1900,1000,0,0,0,0,0,0,12.039988
RCIN,12079988,1500,1500,1411,1500,1500,1000,1900,1000,0,0,0,0,0,0,12.079988
RCIN,12119988,1500,1500,1410,1500,1500,1000,1900,1000,0,0,0,0,0,0,12.119988
RCIN,12159988,1500,1500,1410,1500,1500,1000,1900,1000,0,0,0,0,0,0,12.159988
RCIN,12199988,1500,1500,1409,1500,1500,1000,1900,1000,0,0,0,0,0,0,12.199988
RCIN,12239988,1500,1500,1409,1500,1500,1000,1900,1000,0,0,0,0,0,0,12.239988
RCIN,12279988,1500,1500,1408,1500,1500,1000,1900,1000,0,0,0,0,0,0,12.279988
RCIN,12319988,1500,1500,1408,1500,1500,1000,1900,1000,0,0,0,0,0,0,12.319988
RCIN,12359988,1500,1500,1407,1500,1500,1000,1900,1000,0,0,0,0,0,0,12.359988
RCIN,12399988,1500,1500,1407,1500,1500,1000,1900,1000,0,0,0,0,0,0,12.399988
RCIN,12439988,1500,1500,1406,1500,1500,1000,1900,1000,0,0,0,0,0,0,12.439988
RCIN,12479988,1500,1500,1406,1500,1500,1000,1900,1000,0,0,0,0,0,0,12.479988
RCIN,12519988,1500,1500,1405,1500,1500,1000,1900,1000,0,0,0,0,0,0,12.519988
RCIN,12559988,1500,1500,1405,1500,1500,1000,1900,1000,0,0,0,0,0,0,12.559988
RCIN,12599988,1500,1500,1404,1500,1500,1000,1900,1000,0,0,0,0,0,0,12.599988
RCIN,12639988,1500,1500,1404,1500,1500,1000,1900,1000,0,0,0,0,0,0,12.639988
RCIN,12679988,1500,1500,1404,1500,1500,1000,1900,1000,0,0,0,0,0,0,12.679988
RCIN,12719988,1500,1500,1403,1500,1500,1000,1900,1000,0,0,0,0,0,0,12.719988
RCIN,12759988,1500,1500,1403,1500,1500,1000,1900,1000,0,0,0,0,0,0,12.759988
RCIN,12799988,1500,1500,1403,1500,1500,1000,1900,1000,0,0,0,0,0,0,12.799988
RCIN,12839988,1500,1500,1403,1500,1500,1000,1900,1000,0,0,0,0,0,0,12.839988
RCIN,12879988,1500,1500,1402,1500,1500,1000,1900,1000,0,0,0,0,0,0,12.879988
RCIN,12919988,1270,1500,1402,1500,1500,1000,1900,1000,0,0,0,0,0,0,12.919988
RCIN,12959988,1270,1500,1402,1500,1500,1000,1900,1000,0,0,0,0,0,0,12.959988
RCIN,12999988,1270,1500,1402,1500,1500,1000,1900,1000,0,0,0,0,0,0,12.999988
RCIN,13039988,1270,1500,1402,1500,1500,1000,1900,1000,0,0,0,0,0,0,13.039988
RCIN,13079988,1270,1500,1401,1500,1500,1000,1900,1000,0,0,0,0,0,0,13.079988
RCIN,13119988,1270,1500,1401,1500,1500,1000,1900,1000,0,0,0,0,0,0,13.119988
RCIN,13159988,1270,1500,1401,1500,1500,1000,1900,1000,0,0,0,0,0,0,13.159988
RCIN,13199988,1270,1500,1401,1500,1500,1000,1900,1000,0,0,0,0,0,0,13.199988
RCIN,13239988,1270,1500,1401,1500,1500,1000,1900,1000,0,0,0,0,0,0,13.239988
RCIN,13279988,1270,1500,1401,1500,1500,1000,1900,1000,0,0,0,0,0,0,13.279988
RCIN,13319988,1270,1500,1401,1500,1500,1000,1900,1000,0,0,0,0,0,0,13.319988
RCIN,13359988,1270,1500,1401,1500,1500,1000,1900,1000,0,0,0,0,0,0,13.359988
RCIN,13399988,1270,1500,1400,1500,1500,1000,1900,1000,0,0,0,0,0,0,13.399988
RCIN,13439988,1270,1500,1400,1500,1500,1000,1900,1000,0,0,0,0,0,0,13.439988
RCIN,13479988,1270,1500,1400,1500,1500,1000,1900,1000,0,0,0,0,0,0,13.479988
RCIN,13519988,1270,1500,1400,1500,1500,1000,1900,1000,0,0,0,0,0,0,13.519988
RCIN,13559988,1270,1500,1400,1500,1500,1000,1900,1000,0,0,0,0,0,0,13.559988
RCIN,13599988,1270,1500,1400,1500,1500,1000,1900,1000,0,0,0,0,0,0,13.599988
RCIN,13639988,1270,1500,1400,1500,1500,1000,1900,1000,0,0,0,0,0,0,13.639988
RCIN,13679988,1270,1500,1400,1500,1500,1000,1900,1000,0,0,0,0,0,0,13.679988
RCIN,13719988,1270,1500,1400,1500,1500,1000,1900,1000,0,0,0,0,0,0,13.719988
RCIN,13759988,1270,1500,1399,1500,1500,1000,1900,1000,0,0,0,0,0,0,13.759988
RCIN,13799988,1270,1500,1399,1500,1500,1000,1900,1000,0,0,0,0,0,0,13.799988
RCIN,13839988,1270,1500,1399,1500,1500,1000,1900,1000,0,0,0,0,0,0,13.839988
RCIN,13879988,1270,1500,1399,1500,1500,1000,1900,1000,0,0,0,0,0,0,13.879988
RCIN,13919988,1270,1500,1399,1500,1500,1000,1900,1000,0,0,0,0,0,0,13.919988
RCIN,13959988,1270,1500,1399,1500,1500,1000,1900,1000,0,0,0,0,0,0,13.959988
RCIN,13999988,1270,1500,1399,1500,1500,1000,1900,1000,0,0,0,0,0,0,13.999988
RCIN,14039988,1270,1500,1399,1500,1500,1000,1900,1000,0,0,0,0,0,0,14.039988
RCIN,14079988,1270,1500,1399,1500,1500,1000,1900,1000,0,0,0,0,0,0,14.079988
RCIN,14119988,1270,1500,1399,1500,1500,1000,1900,1000,0,0,0,0,0,0,14.119988
RCIN,14159988,1270,1500,1398,1500,1500,1000,1900,1000,0,0,0,0,0,0,14.159988
RCIN,14199988,1270,1500,1398,1500,1500,1000,1900,1000,0,0,0,0,0,0,14.199988
RCIN,14239988,1270,1500,1398,1500,1500,1000,1900,1000,0,0,0,0,0,0,14.239988
RCIN,14279988,1270,1500,1398,1500,1500,1000,1900,1000,0,0,0,0,0,0,14.279988
RCIN,14319988,1270,1500,1398,1500,1500,1000,1900,1000,0,0,0,0,0,0,14.319988
RCIN,14359988,1270,1500,1398,1500,1500,1000,1900,1000,0,0,0,0,0,0,14.359988
RCIN,14399988,1270,1500,1398,1500,1500,1000,1900,1000,0,0,0,0,0,0,14.399988
RCIN,14439988,1270,1500,1398,1500,1500,1000,1900,1000,0,0,0,0,0,0,14.439988
RCIN,14479988,1270,1500,1398,1500,1500,1000,1900,1000,0,0,0,0,0,0,14.479988
RCIN,14519988,1270,1500,1398,1500,1500,1000,1900,1000,0,0,0,0,0,0,14.519988
RCIN,14559988,1270,1500,1398,1500,1500,1000,1900,1000,0,0,0,0,0,0,14.559988
RCIN,14599988,1270,1500,1398,1500,1500,1000,1900,1000,0,0,0,0,0,0,14.599988
RCIN,14639988,1270,1500,1398,1500,1500,1000,1900,1000,0,0,0,0,0,0,14.639988
RCIN,14679988,1270,1500,1398,1500,1500,1000,1900,1000,0,0,0,0,0,0,14.679988
RCIN,14719988,1500,1500,1397,1500,1500,1000,1900,1000,0,0,0,0,0,0,14.719988
RCIN,14759988,1500,1500,1397,1500,1500,1000,1900,1000,0,0,0,0,0,0,14.759988
RCIN,14799988,1500,1500,1397,1500,1500,1000,1900,1000,0,0,0,0,0,0,14.799988
RCIN,14839988,1500,1500,1397,1500,1500,1000,1900,1000,0,0,0,0,0,0,14.839988
RCIN,14879988,1500,1500,1397,1500,1500,1000,1900,1000,0,0,0,0,0,0,14.879988
RCIN,14919988,1500,1500,1397,1500,1500,1000,1900,1000,0,0,0,0,0,0,14.919988
RCIN,14959988,1500,1500,1397,1500,1500,1000,1900,1000,0,0,0,0,0,0,14.959988
RCIN,14999988,1500,1500,1397,1500,1500,1000,1900,1000,0,0,0,0,0,0,14.999988
RCIN,15039988,1500,1500,1397,1500,1500,1000,1900,1000,0,0,0,0,0,0,15.039988
RCIN,15079988,1500,1500,1397,1500,1500,1000,1900,1000,0,0,0,0,0,0,15.079988
RCIN,15119988,1500,1500,1397,1500,1500,1000,1900,1000,0,0,0,0,0,0,15.119988
RCIN,15159988,1500,1500,1396,1500,1500,1000,1900,1000,0,0,0,0,0,0,15.159988
RCIN,15199988,1500,1500,1396,1500,1500,1000,1900,1000,0,0,0,0,0,0,15.199988
RCIN,15239988,1500,1500,1396,1500,1500,1000,1900,1000,0,0,0,0,0,0,15.239988
RCIN,15279988,1500,1500,1396,1500,1500,1000,1900,1000,0,0,0,0,0,0,15.279988
RCIN,15319988,1500,1500,1396,1500,1500,1000,1900,1000,0,0,0,0,0,0,15.319988
RCIN,15359988,1500,1500,1395,1500,1500,1000,1900,1000,0,0,0,0,0,0,15.359988
RCIN,15399988,1500,1500,1395,1500,1500,1000,1900,1000,0,0,0,0,0,0,15.399988
RCIN,15439988,1500,1500,1395,1500,1500,1000,1900,1000,0,0,0,0,0,0,15.439988
RCIN,15479988,1500,1500,1395,1500,1500,1000,1900,1000,0,0,0,0,0,0,15.479988
RCIN,15519988,1500,1500,1394,1500,1500,1000,1900,1000,0,0,0,0,0,0,15.519988
RCIN,15559988,1500,1500,1394,1500,1500,1000,1900,1000,0,0,0,0,0,0,15.559988
RCIN,15599988,1500,1500,1394,1500,1500,1000,1900,1000,0,0,0,0,0,0,15.599988
RCIN,15639988,1500,1500,1394,1500,1500,1000,1900,1000,0,0,0,0,0,0,15.639988
RCIN,15679988,1500,1500,1393,1500,1500,1000,1900,1000,0,0,0,0,0,0,15.679988
RCIN,15719988,1500,1500,1393,1500,1500,1000,1900,1000,0,0,0,0,0,0,15.719988
RCIN,15759988,1500,1500,1393,1500,1500,1000,1900,1000,0,0,0,0,0,0,15.759988
RCIN,15799988,1730,1500,1393,1500,1500,1000,1900,1000,0,0,0,0,0,0,15.799988
RCIN,15839988,1730,1500,1393,1500,1500,1000,1900,1000,0,0,0,0,0,0,15.839988
RCIN,15879988,1730,1500,1393,1500,1500,1000,1900,1000,0,0,0,0,0,0,15.879988
RCIN,15919988,1730,1500,1392,1500,1500,1000,1900,1000,0,0,0,0,0,0,15.919988
RCIN,15959988,1730,1500,1392,1500,1500,1000,1900,1000,0,0,0,0,0,0,15.959988
RCIN,15999988,1730,1500,1392,1500,1500,1000,1900,1000,0,0,0,0,0,0,15.999988
RCIN,16039988,1730,1500,1392,1500,1500,1000,1900,1000,0,0,0,0,0,0,16.039988
RCIN,16079988,1730,1500,1392,1500,1500,1000,1900,1000,0,0,0,0,0,0,16.079988
RCIN,16119988,1730,1500,1392,1500,1500,1000,1900,1000,0,0,0,0,0,0,16.119988
RCIN,16159988,1730,1500,1392,1500,1500,1000,1900,1000,0,0,0,0,0,0,16.159988
RCIN,16199988,1730,1500,1392,1500,1500,1000,1900,1000,0,0,0,0,0,0,16.199988
RCIN,16239988,1730,1500,1391,1500,1500,1000,1900,1000,0,0,0,0,0,0,16.239988
RCIN,16279988,1730,1500,1391,1500,1500,1000,1900,1000,0,0,0,0,0,0,16.279988
RCIN,16319988,1730,1500,1391,1500,1500,1000,1900,1000,0,0,0,0,0,0,16.319988
RCIN,16359988,1730,1500,1391,1500,1500,1000,1900,1000,0,0,0,0,0,0,16.359988
RCIN,16399988,1730,1500,1391,1500,1500,1000,1900,1000,0,0,0,0,0,0,16.399988
RCIN,16439988,1730,1500,1390,1500,1500,1000,1900,1000,0,0,0,0,0,0,16.439988
RCIN,16479988,1730,1500,1390,1500,1500,1000,1900,1000,0,0,0,0,0,0,16.479988
RCIN,16519988,1730,1500,1390,1500,1500,1000,1900,1000,0,0,0,0,0,0,16.519988
RCIN,16559988,1730,1500,1390,1500,1500,1000,1900,1000,0,0,0,0,0,0,16.559988
RCIN,16599988,1730,1500,1390,1500,1500,1000,1900,1000,0,0,0,0,0,0,16.599988
RCIN,16639988,1730,1500,1390,1500,1500,1000,1900,1000,0,0,0,0,0,0,16.639988
RCIN,16679988,1730,1500,1389,1500,1500,1000,1900,1000,0,0,0,0,0,0,16.679988
RCIN,16719988,1730,1500,1389,1500,1500,1000,1900,1000,0,0,0,0,0,0,16.719988
RCIN,16759988,1730,1500,1389,1500,1500,1000,1900,1000,0,0,0,0,0,0,16.759988
RCIN,16799988,1730,1500,1389,1500,1500,1000,1900,1000,0,0,0,0,0,0,16.799988
RCIN,16839988,1730,1500,1389,1500,1500,1000,1900,1000,0,0,0,0,0,0,16.839988
RCIN,16879988,1730,1500,1388,1500,1500,1000,1900,1000,0,0,0,0,0,0,16.879988
RCIN,16919988,1730,1500,1388,1500,1500,1000,1900,1000,0,0,0,0,0,0,16.919988
RCIN,16959988,1730,1500,1388,1500,1500,1000,1900,1000,0,0,0,0,0,0,16.959988
RCIN,16999988,1730,1500,1388,1500,1500,1000,1900,1000,0,0,0,0,0,0,16.999988
RCIN,17039988,1730,1500,1387,1500,1500,1000,1900,1000,0,0,0,0,0,0,17.039988
RCIN,17079988,1730,1500,1387,1500,1500,1000,1900,1000,0,0,0,0,0,0,17.079988
RCIN,17119988,1730,1500,1387,1500,1500,1000,1900,1000,0,0,0,0,0,0,17.119988
RCIN,17159988,1730,1500,1387,1500,1500,1000,1900,1000,0,0,0,0,0,0,17.159988
RCIN,17199988,1730,1500,1386,1500,1500,1000,1900,1000,0,0,0,0,0,0,17.199988
RCIN,17239988,1730,1500,1386,1500,1500,1000,1900,1000,0,0,0,0,0,0,17.239988
RCIN,17279988,1730,1500,1386,1500,1500,1000,1900,1000,0,0,0,0,0,0,17.279988
RCIN,17319988,1730,1500,1385,1500,1500,1000,1900,1000,0,0,0,0,0,0,17.319988
RCIN,17359988,1730,1500,1385,1500,1500,1000,1900,1000,0,0,0,0,0,0,17.359988
RCIN,17399988,1730,1500,1385,1500,1500,1000,1900,1000,0,0,0,0,0,0,17.399988
RCIN,17439988,1730,1500,1384,1500,1500,1000,1900,1000,0,0,0,0,0,0,17.439988
RCIN,17479988,1730,1500,1384,1500,1500,1000,1900,1000,0,0,0,0,0,0,17.479988
RCIN,17519988,1730,1500,1384,1500,1500,1000,1900,1000,0,0,0,0,0,0,17.519988
RCIN,17559988,1730,1500,1383,1500,1500,1000,1900,1000,0,0,0,0,0,0,17.559988
RCIN,17599988,1500,1500,1383,1500,1500,1000,1900,1000,0,0,0,0,0,0,17.599988
RCIN,17639988,1500,1500,1382,1500,1500,1000,1900,1000,0,0,0,0,0,0,17.639988
RCIN,17679988,1500,1500,1382,1500,1500,1000,1900,1000,0,0,0,0,0,0,17.679988
RCIN,17719988,1500,1500,1382,1500,1500,1000,1900,1000,0,0,0,0,0,0,17.719988
RCIN,17759988,1500,1500,1381,1500,1500,1000,1900,1000,0,0,0,0,0,0,17.759988
RCIN,17799988,1500,1500,1381,1500,1500,1000,1900,1000,0,0,0,0,0,0,17.799988
RCIN,17839988,1500,1500,1380,1500,1500,1000,1900,1000,0,0,0,0,0,0,17.839988
RCIN,17879988,1500,1500,1380,1500,1500,1000,1900,1000,0,0,0,0,0,0,17.879988
RCIN,17919988,1500,1500,1380,1500,1500,1000,1900,1000,0,0,0,0,0,0,17.919988
RCIN,17959988,1500,1500,1379,1500,1500,1000,1900,1000,0,0,0,0,0,0,17.959988
RCIN,17999988,1500,1500,1379,1500,1500,1000,1900,1000,0,0,0,0,0,0,17.999988
RCIN,18039988,1500,1500,1379,1500,1500,1000,1900,1000,0,0,0,0,0,0,18.039988
RCIN,18079988,1500,1500,1378,1500,1500,1000,1900,1000,0,0,0,0,0,0,18.079988
RCIN,18119988,1500,1500,1378,1500,1500,1000,1900,1000,0,0,0,0,0,0,18.119988
RCIN,18159988,1500,1500,1378,1500,1500,1000,1900,1000,0,0,0,0,0,0,18.159988
RCIN,18199988,1500,1500,1377,1500,1500,1000,1900,1000,0,0,0,0,0,0,18.199988
RCIN,18239988,1500,1500,1377,1500,1500,1000,1900,1000,0,0,0,0,0,0,18.239988
RCIN,18279988,1500,1500,1377,1500,1500,1000,1900,1000,0,0,0,0,0,0,18.279988
RCIN,18319988,1500,1500,1377,1500,1500,1000,1900,1000,0,0,0,0,0,0,18.319988
RCIN,18359988,1500,1500,1376,1500,1500,1000,1900,1000,0,0,0,0,0,0,18.359988
RCIN,18399988,1500,1500,1376,1500,1500,1000,1900,1000,0,0,0,0,0,0,18.399988
RCIN,18439988,1500,1500,1376,1500,1500,1000,1900,1000,0,0,0,0,0,0,18.439988
RCIN,18479988,1500,1500,1376,1500,1500,1000,1900,1000,0,0,0,0,0,0,18.479988
RCIN,18519988,1500,1500,1376,1500,1500,1000,1900,1000,0,0,0,0,0,0,18.519988
RCIN,18559988,1500,1500,1376,1500,1500,1000,1900,1000,0,0,0,0,0,0,18.559988
RCIN,18599988,1500,1500,1375,1500,1500,1000,1900,1000,0,0,0,0,0,0,18.599988
RCIN,18639988,1500,1500,1375,1500,1500,1000,1900,1000,0,0,0,0,0,0,18.639988
RCIN,18679988,1270,1500,1375,1500,1500,1000,1900,1000,0,0,0,0,0,0,18.679988
RCIN,18719988,1270,1500,1375,1500,1500,1000,1900,1000,0,0,0,0,0,0,18.719988
RCIN,18759988,1270,1500,1375,1500,1500,1000,1900,1000,0,0,0,0,0,0,18.759988
RCIN,18799988,1270,1500,1375,1500,1500,1000,1900,1000,0,0,0,0,0,0,18.799988
RCIN,18839988,1270,1500,1375,1500,1500,1000,1900,1000,0,0,0,0,0,0,18.839988
RCIN,18879988,1270,1500,1375,1500,1500,1000,1900,1000,0,0,0,0,0,0,18.879988
RCIN,18919988,1270,1500,1375,1500,1500,1000,1900,1000,0,0,0,0,0,0,18.919988
RCIN,18959988,1270,1500,1374,1500,1500,1000,1900,1000,0,0,0,0,0,0,18.959988
RCIN,18999988,1270,1500,1374,1500,1500,1000,1900,1000,0,0,0,0,0,0,18.999988
RCIN,19039988,1270,1500,1374,1500,1500,1000,1900,1000,0,0,0,0,0,0,19.039988
RCIN,19079988,1270,1500,1374,1500,1500,1000,1900,1000,0,0,0,0,0,0,19.079988
RCIN,19119988,1270,1500,1374,1500,1500,1000,1900,1000,0,0,0,0,0,0,19.119988
RCIN,19159988,1270,1500,1374,1500,1500,1000,1900,1000,0,0,0,0,0,0,19.159988
RCIN,19199988,1270,1500,1374,1500,1500,1000,1900,1000,0,0,0,0,0,0,19.199988
RCIN,19239988,1270,1500,1374,1500,1500,1000,1900,1000,0,0,0,0,0,0,19.239988
RCIN,19279988,1270,1500,1374,1500,1500,1000,1900,1000,0,0,0,0,0,0,19.279988
RCIN,19319988,1270,1500,1374,1500,1500,1000,1900,1000,0,0,0,0,0,0,19.319988
RCIN,19359988,1270,1500,1374,1500,1500,1000,1900,1000,0,0,0,0,0,0,19.359988
RCIN,19399988,1270,1500,1374,1500,1500,1000,1900,1000,0,0,0,0,0,0,19.399988
RCIN,19439988,1270,1500,1374,1500,1500,1000,1900,1000,0,0,0,0,0,0,19.439988
RCIN,19479988,1270,1500,1374,1500,1500,1000,1900,1000,0,0,0,0,0,0,19.479988
RCIN,19519988,1270,1500,1374,1500,1500,1000,1900,1000,0,0,0,0,0,0,19.519988
RCIN,19559988,1270,1500,1374,1500,1500,1000,1900,1000,0,0,0,0,0,0,19.559988
RCIN,19599988,1270,1500,1374,1500,1500,1000,1900,1000,0,0,0,0,0,0,19.599988
RCIN,19639988,1270,1500,1374,1500,1500,1000,1900,1000,0,0,0,0,0,0,19.639988
RCIN,19679988,1270,1500,1374,1500,1500,1000,1900,1000,0,0,0,0,0,0,19.679988
RCIN,19719988,1270,1500,1374,1500,1500,1000,1900,1000,0,0,0,0,0,0,19.719988
RCIN,19759988,1270,1500,1374,1500,1500,1000,1900,1000,0,0,0,0,0,0,19.759988
RCIN,19799988,1270,1500,1373,1500,1500,1000,1900,1000,0,0,0,0,0,0,19.799988
RCIN,19839988,1270,1500,1373,1500,1500,1000,1900,1000,0,0,0,0,0,0,19.839988
RCIN,19879988,1270,1500,1373,1500,1500,1000,1900,1000,0,0,0,0,0,0,19.879988
RCIN,19919988,1270,1500,1373,1500,1500,1000,1900,1000,0,0,0,0,0,0,19.919988
RCIN,19959988,1270,1500,1373,1500,1500,1000,1900,1000,0,0,0,0,0,0,19.959988
RCIN,19999988,1270,1500,1373,1500,1500,1000,1900,1000,0,0,0,0,0,0,19.999988
RCIN,20039988,1270,1500,1372,1500,1500,1000,1900,1000,0,0,0,0,0,0,20.039988
RCIN,20079988,1270,1500,1372,1500,1500,1000,1900,1000,0,0,0,0,0,0,20.079988
RCIN,20119988,1270,1500,1372,1500,1500,1000,1900,1000,0,0,0,0,0,0,20.119988
RCIN,20159988,1270,1500,1372,1500,1500,1000,1900,1000,0,0,0,0,0,0,20.159988
RCIN,20199988,1270,1500,1371,1500,1500,1000,1900,1000,0,0,0,0,0,0,20.199988
RCIN,20239988,1270,1500,1371,1500,1500,1000,1900,1000,0,0,0,0,0,0,20.239988
RCIN,20279988,1270,1500,1371,1500,1500,1000,1900,1000,0,0,0,0,0,0,20.279988
RCIN,20319988,1270,1500,1371,1500,1500,1000,1900,1000,0,0,0,0,0,0,20.319988
RCIN,20359988,1270,1500,1370,1500,1500,1000,1900,1000,0,0,0,0,0,0,20.359988
RCIN,20399988,1270,1500,1370,1500,1500,1000,1900,1000,0,0,0,0,0,0,20.399988
RCIN,20439988,1270,1500,1370,1500,1500,1000,1900,1000,0,0,0,0,0,0,20.439988
RCIN,20479988,1500,1500,1370,1500,1500,1000,1900,1000,0,0,0,0,0,0,20.479988
RCIN,20519988,1500,1500,1370,1500,1500,1000,1900,1000,0,0,0,0,0,0,20.519988
RCIN,20559988,1500,1500,1369,1500,1500,1000,1900,1000,0,0,0,0,0,0,20.559988
RCIN,20599988,1500,1500,1369,1500,1500,1000,1900,1000,0,0,0,0,0,0,20.599988
RCIN,20639988,1500,1500,1369,1500,1500,1000,1900,1000,0,0,0,0,0,0,20.639988
RCIN,20679988,1500,1500,1369,1500,1500,1000,1900,1000,0,0,0,0,0,0,20.679988
RCIN,20719988,1500,1500,1369,1500,1500,1000,1900,1000,0,0,0,0,0,0,20.719988
RCIN,20759988,1500,1500,1369,1500,1500,1000,1900,1000,0,0,0,0,0,0,20.759988
RCIN,20799988,1500,1500,1369,1500,1500,1000,1900,1000,0,0,0,0,0,0,20.799988
RCIN,20839988,1500,1500,1369,1500,1500,1000,1900,1000,0,0,0,0,0,0,20.839988
RCIN,20879988,1500,1500,1368,1500,1500,1000,1900,1000,0,0,0,0,0,0,20.879988
RCIN,20919988,1500,1500,1368,1500,1500,1000,1900,1000,0,0,0,0,0,0,20.919988
RCIN,20959988,1500,1500,1368,1500,1500,1000,1900,1000,0,0,0,0,0,0,20.959988
RCIN,20999988,1500,1500,1368,1500,1500,1000,1900,1000,0,0,0,0,0,0,20.999988
RCIN,21039988,1500,1500,1368,1500,1500,1000,1900,1000,0,0,0,0,0,0,21.039988
RCIN,21079988,1500,1500,1368,1500,1500,1000,1900,1000,0,0,0,0,0,0,21.079988
RCIN,21119988,1500,1500,1368,1500,1500,1000,1900,1000,0,0,0,0,0,0,21.119988
RCIN,21159988,1500,1500,1368,1500,1500,1000,1900,1000,0,0,0,0,0,0,21.159988
RCIN,21199988,1500,1500,1368,1500,1500,1000,1900,1000,0,0,0,0,0,0,21.199988
RCIN,21239988,1500,1500,1368,1500,1500,1000,1900,1000,0,0,0,0,0,0,21.239988
RCIN,21279988,1500,1500,1367,1500,1500,1000,1900,1000,0,0,0,0,0,0,21.279988
RCIN,21319988,1500,1500,1367,1500,1500,1000,1900,1000,0,0,0,0,0,0,21.319988
RCIN,21359988,1500,1500,1367,1500,1500,1000,1900,1000,0,0,0,0,0,0,21.359988
RCIN,21399988,1500,1500,1367,1500,1500,1000,1900,1000,0,0,0,0,0,0,21.399988
RCIN,21439988,1500,1500,1367,1500,1500,1000,1900,1000,0,0,0,0,0,0,21.439988
RCIN,21479988,1500,1500,1367,1500,1500,1000,1900,1000,0,0,0,0,0,0,21.479988
RCIN,21519988,1500,1500,1368,1500,1500,1000,1900,1000,0,0,0,0,0,0,21.519988
RCIN,21559988,1730,1500,1368,1500,1500,1000,1900,1000,0,0,0,0,0,0,21.559988
RCIN,21599988,1730,1500,1368,1500,1500,1000,1900,1000,0,0,0,0,0,0,21.599988
RCIN,21639988,1730,1500,1369,1500,1500,1000,1900,1000,0,0,0,0,0,0,21.639988
RCIN,21679988,1730,1500,1369,1500,1500,1000,1900,1000,0,0,0,0,0,0,21.679988
RCIN,21719988,1730,1500,1369,1500,1500,1000,1900,1000,0,0,0,0,0,0,21.719988
RCIN,21759988,1730,1500,1370,1500,1500,1000,1900,1000,0,0,0,0,0,0,21.759988
RCIN,21799988,1730,1500,1370,1500,1500,1000,1900,1000,0,0,0,0,0,0,21.799988
RCIN,21839988,1730,1500,1370,1500,1500,1000,1900,1000,0,0,0,0,0,0,21.839988
RCIN,21879988,1730,1500,1371,1500,1500,1000,1900,1000,0,0,0,0,0,0,21.879988
RCIN,21919988,1730,1500,1371,1500,1500,1000,1900,1000,0,0,0,0,0,0,21.919988
RCIN,21959988,1730,1500,1371,1500,1500,1000,1900,1000,0,0,0,0,0,0,21.959988
RCIN,21999988,1730,1500,1372,1500,1500,1000,1900,1000,0,0,0,0,0,0,21.999988
RCIN,22039988,1730,1500,1372,1500,1500,1000,1900,1000,0,0,0,0,0,0,22.039988
RCIN,22079988,1730,1500,1372,1500,1500,1000,1900,1000,0,0,0,0,0,0,22.079988
RCIN,22119988,1730,1500,1372,1500,1500,1000,1900,1000,0,0,0,0,0,0,22.119988
RCIN,22159988,1730,1500,1373,1500,1500,1000,1900,1000,0,0,0,0,0,0,22.159988
RCIN,22199988,1730,1500,1373,1500,1500,1000,1900,1000,0,0,0,0,0,0,22.199988
RCIN,22239988,1730,1500,1373,1500,1500,1000,1900,1000,0,0,0,0,0,0,22.239988
RCIN,22279988,1730,1500,1374,1500,1500,1000,1900,1000,0,0,0,0,0,0,22.279988
RCIN,22319988,1730,1500,1374,1500,1500,1000,1900,1000,0,0,0,0,0,0,22.319988
RCIN,22359988,1730,1500,1374,1500,1500,1000,1900,1000,0,0,0,0,0,0,22.359988
RCIN,22399988,1730,1500,1375,1500,1500,1000,1900,1000,0,0,0,0,0,0,22.399988
RCIN,22439988,1730,1500,1375,1500,1500,1000,1900,1000,0,0,0,0,0,0,22.439988
RCIN,22479988,1730,1500,1376,1500,1500,1000,1900,1000,0,0,0,0,0,0,22.479988
RCIN,22519988,1730,1500,1376,1500,1500,1000,1900,1000,0,0,0,0,0,0,22.519988
RCIN,22559988,1730,1500,1377,1500,1500,1000,1900,1000,0,0,0,0,0,0,22.559988
RCIN,22599988,1730,1500,1377,1500,1500,1000,1900,1000,0,0,0,0,0,0,22.599988
RCIN,22639988,1730,1500,1378,1500,1500,1000,1900,1000,0,0,0,0,0,0,22.639988
RCIN,22679988,1730,1500,1378,1500,1500,1000,1900,1000,0,0,0,0,0,0,22.679988
RCIN,22719988,1730,1500,1378,1500,1500,1000,1900,1000,0,0,0,0,0,0,22.719988
RCIN,22759988,1730,1500,1379,1500,1500,1000,1900,1000,0,0,0,0,0,0,22.759988
RCIN,22799988,1730,1500,1379,1500,1500,1000,1900,1000,0,0,0,0,0,0,22.799988
RCIN,22839988,1730,1500,1379,1500,1500,1000,1900,1000,0,0,0,0,0,0,22.839988
RCIN,22879988,1730,1500,1380,1500,1500,1000,1900,1000,0,0,0,0,0,0,22.879988
RCIN,22919988,1730,1500,1380,1500,1500,1000,1900,1000,0,0,0,0,0,0,22.919988
RCIN,22959988,1730,1500,1380,1500,1500,1000,1900,1000,0,0,0,0,0,0,22.959988
RCIN,22999988,1730,1500,1380,1500,1500,1000,1900,1000,0,0,0,0,0,0,22.999988
RCIN,23039988,1730,1500,1380,1500,1500,1000,1900,1000,0,0,0,0,0,0,23.039988
RCIN,23079988,1730,1500,1380,1500,1500,1000,1900,1000,0,0,0,0,0,0,23.079988
RCIN,23119988,1730,1500,1380,1500,1500,1000,1900,1000,0,0,0,0,0,0,23.119988
RCIN,23159988,1730,1500,1380,1500,1500,1000,1900,1000,0,0,0,0,0,0,23.159988
RCIN,23199988,1730,1500,1380,1500,1500,1000,1900,1000,0,0,0,0,0,0,23.199988
RCIN,23239988,1730,1500,1380,1500,1500,1000,1900,1000,0,0,0,0,0,0,23.239988
RCIN,23279988,1730,1500,1379,1500,1500,1000,1900,1000,0,0,0,0,0,0,23.279988
RCIN,23319988,1730,1500,1379,1500,1500,1000,1900,1000,0,0,0,0,0,0,23.319988
RCIN,23359988,1500,1500,1379,1500,1500,1000,1900,1000,0,0,0,0,0,0,23.359988
RCIN,23399988,1500,1500,1379,1500,1500,1000,1900,1000,0,0,0,0,0,0,23.399988
RCIN,23439988,1500,1500,1379,1500,1500,1000,1900,1000,0,0,0,0,0,0,23.439988
RCIN,23479988,1500,1500,1379,1500,1500,1000,1900,1000,0,0,0,0,0,0,23.479988
RCIN,23519988,1500,1500,1379,1500,1500,1000,1900,1000,0,0,0,0,0,0,23.519988
RCIN,23559988,1500,1500,1379,1500,1500,1000,1900,1000,0,0,0,0,0,0,23.559988
RCIN,23599988,1500,1500,1378,1500,1500,1000,1900,1000,0,0,0,0,0,0,23.599988
RCIN,23639988,1500,1500,1378,1500,1500,1000,1900,1000,0,0,0,0,0,0,23.639988
RCIN,23679988,1500,1500,1378,1500,1500,1000,1900,1000,0,0,0,0,0,0,23.679988
RCIN,23719988,1500,1500,1378,1500,1500,1000,1900,1000,0,0,0,0,0,0,23.719988
RCIN,23759988,1500,1500,1378,1500,1500,1000,1900,1000,0,0,0,0,0,0,23.759988
RCIN,23799988,1500,1500,1378,1500,1500,1000,1900,1000,0,0,0,0,0,0,23.799988
RCIN,23839988,1500,1500,1378,1500,1500,1000,1900,1000,0,0,0,0,0,0,23.839988
RCIN,23879988,1500,1500,1377,1500,1500,1000,1900,1000,0,0,0,0,0,0,23.879988
RCIN,23919988,1500,1500,1377,1500,1500,1000,1900,1000,0,0,0,0,0,0,23.919988
RCIN,23959988,1500,1500,1377,1500,1500,1000,1900,1000,0,0,0,0,0,0,23.959988
RCIN,23999988,1500,1500,1377,1500,1500,1000,1900,1000,0,0,0,0,0,0,23.999988
RCIN,24039988,1500,1500,1377,1500,1500,1000,1900,1000,0,0,0,0,0,0,24.039988
RCIN,24079988,1500,1500,1377,1500,1500,1000,1900,1000,0,0,0,0,0,0,24.079988
RCIN,24119988,1500,1500,1377,1500,1500,1000,1900,1000,0,0,0,0,0,0,24.119988
RCIN,24159988,1500,1500,1376,1500,1500,1000,1900,1000,0,0,0,0,0,0,24.159988
RCIN,24199988,1500,1500,1376,1500,1500,1000,1900,1000,0,0,0,0,0,0,24.199988
RCIN,24239988,1500,1500,1376,1500,1500,1000,1900,1000,0,0,0,0,0,0,24.239988
RCIN,24279988,1500,1500,1376,1500,1500,1000,1900,1000,0,0,0,0,0,0,24.279988
RCIN,24319988,1500,1500,1376,1500,1500,1000,1900,1000,0,0,0,0,0,0,24.319988
RCIN,24359988,1500,1500,1376,1500,1500,1000,1900,1000,0,0,0,0,0,0,24.359988
RCIN,24399988,1500,1500,1376,1500,1500,1000,1900,1000,0,0,0,0,0,0,24.399988
RCIN,24439988,1270,1500,1377,1500,1500,1000,1900,1000,0,0,0,0,0,0,24.439988
RCIN,24479988,1270,1500,1377,1500,1500,1000,1900,1000,0,0,0,0,0,0,24.479988
RCIN,24519988,1270,1500,1377,1500,1500,1000,1900,1000,0,0,0,0,0,0,24.519988
RCIN,24559988,1270,1500,1377,1500,1500,1000,1900,1000,0,0,0,0,0,0,24.559988
RCIN,24599988,1270,1500,1377,1500,1500,1000,1900,1000,0,0,0,0,0,0,24.599988
RCIN,24639988,1270,1500,1377,1500,1500,1000,1900,1000,0,0,0,0,0,0,24.639988
RCIN,24679988,1270,1500,1377,1500,1500,1000,1900,1000,0,0,0,0,0,0,24.679988
RCIN,24719988,1270,1500,1377,1500,1500,1000,1900,1000,0,0,0,0,0,0,24.719988
RCIN,24759988,1270,1500,1377,1500,1500,1000,1900,1000,0,0,0,0,0,0,24.759988
RCIN,24799988,1270,1500,1377,1500,1500,1000,1900,1000,0,0,0,0,0,0,24.799988
RCIN,24839988,1270,1500,1377,1500,1500,1000,1900,1000,0,0,0,0,0,0,24.839988
RCIN,24879988,1270,1500,1378,1500,1500,1000,1900,1000,0,0,0,0,0,0,24.879988
RCIN,24919988,1270,1500,1378,1500,1500,1000,1900,1000,0,0,0,0,0,0,24.919988
RCIN,24959988,1270,1500,1378,1500,1500,1000,1900,1000,0,0,0,0,0,0,24.959988
RCIN,24999988,1270,1500,1378,1500,1500,1000,1900,1000,0,0,0,0,0,0,24.999988
RCIN,25039988,1270,1500,1378,1500,1500,1000,1900,1000,0,0,0,0,0,0,25.039988
RCIN,25079988,1270,1500,1378,1500,1500,1000,1900,1000,0,0,0,0,0,0,25.079988
RCIN,25119988,1270,1500,1378,1500,1500,1000,1900,1000,0,0,0,0,0,0,25.119988
RCIN,25159988,1270,1500,1378,1500,1500,1000,1900,1000,0,0,0,0,0,0,25.159988
RCIN,25199988,1270,1500,1378,1500,1500,1000,1900,1000,0,0,0,0,0,0,25.199988
RCIN,25239988,1270,1500,1378,1500,1500,1000,1900,1000,0,0,0,0,0,0,25.239988
RCIN,25279988,1270,1500,1378,1500,1500,1000,1900,1000,0,0,0,0,0,0,25.279988
RCIN,25319988,1270,1500,1378,1500,1500,1000,1900,1000,0,0,0,0,0,0,25.319988
RCIN,25359988,1270,1500,1378,1500,1500,1000,1900,1000,0,0,0,0,0,0,25.359988
RCIN,25399988,1270,1500,1378,1500,1500,1000,1900,1000,0,0,0,0,0,0,25.399988
RCIN,25439988,1270,1500,1377,1500,1500,1000,1900,1000,0,0,0,0,0,0,25.439988
RCIN,25479988,1270,1500,1377,1500,1500,1000,1900,1000,0,0,0,0,0,0,25.479988
RCIN,25519988,1270,1500,1377,1500,1500,1000,1900,1000,0,0,0,0,0,0,25.519988
RCIN,25559988,1270,1500,1377,1500,1500,1000,1900,1000,0,0,0,0,0,0,25.559988
RCIN,25599988,1270,1500,1377,1500,1500,1000,1900,1000,0,0,0,0,0,0,25.599988
RCIN,25639988,1270,1500,1377,1500,1500,1000,1900,1000,0,0,0,0,0,0,25.639988
RCIN,25679988,1270,1500,1377,1500,1500,1000,1900,1000,0,0,0,0,0,0,25.679988
RCIN,25719988,1270,1500,1377,1500,1500,1000,1900,1000,0,0,0,0,0,0,25.719988
RCIN,25759988,1270,1500,1377,1500,1500,1000,1900,1000,0,0,0,0,0,0,25.759988
RCIN,25799988,1270,1500,1376,1500,1500,1000,1900,1000,0,0,0,0,0,0,25.799988
RCIN,25839988,1270,1500,1376,1500,1500,1000,1900,1000,0,0,0,0,0,0,25.839988
RCIN,25879988,1270,1500,1376,1500,1500,1000,1900,1000,0,0,0,0,0,0,25.879988
RCIN,25919988,1270,1500,1376,1500,1500,1000,1900,1000,0,0,0,0,0,0,25.919988
RCIN,25959988,1270,1500,1376,1500,1500,1000,1900,1000,0,0,0,0,0,0,25.959988
RCIN,25999988,1270,1500,1376,1500,1500,1000,1900,1000,0,0,0,0,0,0,25.999988
RCIN,26039988,1270,1500,1376,1500,1500,1000,1900,1000,0,0,0,0,0,0,26.039988
RCIN,26079988,1270,1500,1375,1500,1500,1000,1900,1000,0,0,0,0,0,0,26.079988
RCIN,26119988,1270,1500,1375,1500,1500,1000,1900,1000,0,0,0,0,0,0,26.119988
RCIN,26159988,1270,1500,1375,1500,1500,1000,1900,1000,0,0,0,0,0,0,26.159988
RCIN,26199988,1270,1500,1375,1500,1500,1000,1900,1000,0,0,0,0,0,0,26.199988
RCIN,26239988,1500,1500,1375,1500,1500,1000,1900,1000,0,0,0,0,0,0,26.239988
RCIN,26279988,1500,1500,1374,1500,1500,1000,1900,1000,0,0,0,0,0,0,26.279988
RCIN,26319988,1500,1500,1374,1500,1500,1000,1900,1000,0,0,0,0,0,0,26.319988
RCIN,26359988,1500,1500,1374,1500,1500,1000,1900,1000,0,0,0,0,0,0,26.359988
RCIN,26399988,1500,1500,1374,1500,1500,1000,1900,1000,0,0,0,0,0,0,26.399988
RCIN,26439988,1500,1500,1373,1500,1500,1000,1900,1000,0,0,0,0,0,0,26.439988
RCIN,26479988,1500,1500,1373,1500,1500,1000,1900,1000,0,0,0,0,0,0,26.479988
RCIN,26519988,1500,1500,1373,1500,1500,1000,1900,1000,0,0,0,0,0,0,26.519988
RCIN,26559988,1500,1500,1372,1500,1500,1000,1900,1000,0,0,0,0,0,0,26.559988
RCIN,26599988,1500,1500,1372,1500,1500,1000,1900,1000,0,0,0,0,0,0,26.599988
RCIN,26639988,1500,1500,1371,1500,1500,1000,1900,1000,0,0,0,0,0,0,26.639988
RCIN,26679988,1500,1500,1371,1500,1500,1000,1900,1000,0,0,0,0,0,0,26.679988
RCIN,26719988,1500,1500,1371,1500,1500,1000,1900,1000,0,0,0,0,0,0,26.719988
RCIN,26759988,1500,1500,1370,1500,1500,1000,1900,1000,0,0,0,0,0,0,26.759988
RCIN,26799988,1500,1500,1370,1500,1500,1000,1900,1000,0,0,0,0,0,0,26.799988
RCIN,26839988,1500,1500,1369,1500,1500,1000,1900,1000,0,0,0,0,0,0,26.839988
RCIN,26879988,1500,1500,1369,1500,1500,1000,1900,1000,0,0,0,0,0,0,26.879988
RCIN,26919988,1500,1500,1368,1500,1500,1000,1900,1000,0,0,0,0,0,0,26.919988
RCIN,26959988,1500,1500,1368,1500,1500,1000,1900,1000,0,0,0,0,0,0,26.959988
RCIN,26999988,1500,1500,1367,1500,1500,1000,1900,1000,0,0,0,0,0,0,26.999988
RCIN,27039988,1500,1500,1367,1500,1500,1000,1900,1000,0,0,0,0,0,0,27.039988
RCIN,27079988,1500,1500,1367,1500,1500,1000,1900,1000,0,0,0,0,0,0,27.079988
RCIN,27119988,1500,1500,1366,1500,1500,1000,1900,1000,0,0,0,0,0,0,27.119988
RCIN,27159988,1500,1500,1366,1500,1500,1000,1900,1000,0,0,0,0,0,0,27.159988
RCIN,27199988,1500,1500,1366,1500,1500,1000,1900,1000,0,0,0,0,0,0,27.199988
RCIN,27239988,1500,1500,1365,1500,1500,1000,1900,1000,0,0,0,0,0,0,27.239988
RCIN,27279988,1500,1500,1365,1500,1500,1000,1900,1000,0,0,0,0,0,0,27.279988
RCIN,27319988,1730,1500,1365,1500,1500,1000,1900,1000,0,0,0,0,0,0,27.319988
RCIN,27359988,1730,1500,1365,1500,1500,1000,1900,1000,0,0,0,0,0,0,27.359988
RCIN,27399988,1730,1500,1364,1500,1500,1000,1900,1000,0,0,0,0,0,0,27.399988
RCIN,27439988,1730,1500,1364,1500,1500,1000,1900,1000,0,0,0,0,0,0,27.439988
RCIN,27479988,1730,1500,1364,1500,1500,1000,1900,1000,0,0,0,0,0,0,27.479988
RCIN,27519988,1730,1500,1364,1500,1500,1000,1900,1000,0,0,0,0,0,0,27.519988
RCIN,27559988,1730,1500,1364,1500,1500,1000,1900,1000,0,0,0,0,0,0,27.559988
RCIN,27599988,1730,1500,1364,1500,1500,1000,1900,1000,0,0,0,0,0,0,27.599988
RCIN,27639988,1730,1500,1364,1500,1500,1000,1900,1000,0,0,0,0,0,0,27.639988
RCIN,27679988,1730,1500,1364,1500,1500,1000,1900,1000,0,0,0,0,0,0,27.679988
RCIN,27719988,1730,1500,1364,1500,1500,1000,1900,1000,0,0,0,0,0,0,27.719988
RCIN,27759988,1730,1500,1363,1500,1500,1000,1900,1000,0,0,0,0,0,0,27.759988
RCIN,27799988,1730,1500,1363,1500,1500,1000,1900,1000,0,0,0,0,0,0,27.799988
RCIN,27839988,1730,1500,1363,1500,1500,1000,1900,1000,0,0,0,0,0,0,27.839988
RCIN,27879988,1730,1500,1363,1500,1500,1000,1900,1000,0,0,0,0,0,0,27.879988
RCIN,27919988,1730,1500,1363,1500,1500,1000,1900,1000,0,0,0,0,0,0,27.919988
RCIN,27959988,1730,1500,1363,1500,1500,1000,1900,1000,0,0,0,0,0,0,27.959988
RCIN,27999988,1730,1500,1363,1500,1500,1000,1900,1000,0,0,0,0,0,0,27.999988
RCIN,28039988,1730,1500,1363,1500,1500,1000,1900,1000,0,0,0,0,0,0,28.039988
RCIN,28079988,1730,1500,1363,1500,1500,1000,1900,1000,0,0,0,0,0,0,28.079988
RCIN,28119988,1730,1500,1363,1500,1500,1000,1900,1000,0,0,0,0,0,0,28.119988
RCIN,28159988,1730,1500,1363,1500,1500,1000,1900,1000,0,0,0,0,0,0,28.159988
RCIN,28199988,1730,1500,1363,1500,1500,1000,1900,1000,0,0,0,0,0,0,28.199988
RCIN,28239988,1730,1500,1363,1500,1500,1000,1900,1000,0,0,0,0,0,0,28.239988
RCIN,28279988,1730,1500,1363,1500,1500,1000,1900,1000,0,0,0,0,0,0,28.279988
RCIN,28319988,1730,1500,1363,1500,1500,1000,1900,1000,0,0,0,0,0,0,28.319988
RCIN,28359988,1730,1500,1363,1500,1500,1000,1900,1000,0,0,0,0,0,0,28.359988
RCIN,28399988,1730,1500,1363,1500,1500,1000,1900,1000,0,0,0,0,0,0,28.399988
RCIN,28439988,1730,1500,1363,1500,1500,1000,1900,1000,0,0,0,0,0,0,28.439988
RCIN,28479988,1730,1500,1363,1500,1500,1000,1900,1000,0,0,0,0,0,0,28.479988
RCIN,28519988,1730,1500,1362,1500,1500,1000,1900,1000,0,0,0,0,0,0,28.519988
RCIN,28559988,1730,1500,1362,1500,1500,1000,1900,1000,0,0,0,0,0,0,28.559988
RCIN,28599988,1730,1500,1362,1500,1500,1000,1900,1000,0,0,0,0,0,0,28.599988
RCIN,28639988,1730,1500,1362,1500,1500,1000,1900,1000,0,0,0,0,0,0,28.639988
RCIN,28679988,1730,1500,1362,1500,1500,1000,1900,1000,0,0,0,0,0,0,28.679988
RCIN,28719988,1730,1500,1361,1500,1500,1000,1900,1000,0,0,0,0,0,0,28.719988
RCIN,28759988,1730,1500,1361,1500,1500,1000,1900,1000,0,0,0,0,0,0,28.759988
RCIN,28799988,1730,1500,1361,1500,1500,1000,1900,1000,0,0,0,0,0,0,28.799988
RCIN,28839988,1730,1500,1361,1500,1500,1000,1900,1000,0,0,0,0,0,0,28.839988
RCIN,28879988,1730,1500,1360,1500,1500,1000,1900,1000,0,0,0,0,0,0,28.879988
RCIN,28919988,1730,1500,1360,1500,1500,1000,1900,1000,0,0,0,0,0,0,28.919988
RCIN,28959988,1730,1500,1360,1500,1500,1000,1900,1000,0,0,0,0,0,0,28.959988
RCIN,28999988,1730,1500,1360,1500,1500,1000,1900,1000,0,0,0,0,0,0,28.999988
RCIN,29039988,1730,1500,1359,1500,1500,1000,1900,1000,0,0,0,0,0,0,29.039988
RCIN,29079988,1730,1500,1359,1500,1500,1000,1900,1000,0,0,0,0,0,0,29.079988
RCIN,29119988,1500,1500,1359,1500,1500,1000,1900,1000,0,0,0,0,0,0,29.119988
RCIN,29159988,1500,1500,1358,1500,1500,1000,1900,1000,0,0,0,0,0,0,29.159988
RCIN,29199988,1500,1500,1358,1500,1500,1000,1900,1000,0,0,0,0,0,0,29.199988
RCIN,29239988,1500,1500,1358,1500,1500,1000,1900,1000,0,0,0,0,0,0,29.239988
RCIN,29279988,1500,1500,1357,1500,1500,1000,1900,1000,0,0,0,0,0,0,29.279988
RCIN,29319988,1500,1500,1357,1500,1500,1000,1900,1000,0,0,0,0,0,0,29.319988
RCIN,29359988,1500,1500,1357,1500,1500,1000,1900,1000,0,0,0,0,0,0,29.359988
RCIN,29399988,1500,1500,1356,1500,1500,1000,1900,1000,0,0,0,0,0,0,29.399988
RCIN,29439988,1500,1500,1356,1500,1500,1000,1900,1000,0,0,0,0,0,0,29.439988
RCIN,29479988,1500,1500,1356,1500,1500,1000,1900,1000,0,0,0,0,0,0,29.479988
RCIN,29519988,1500,1500,1355,1500,1500,1000,1900,1000,0,0,0,0,0,0,29.519988
RCIN,29559988,1500,1500,1355,1500,1500,1000,1900,1000,0,0,0,0,0,0,29.559988
RCIN,29599988,1500,1500,1355,1500,1500,1000,1900,1000,0,0,0,0,0,0,29.599988
RCIN,29639988,1500,1500,1354,1500,1500,1000,1900,1000,0,0,0,0,0,0,29.639988
RCIN,29679988,1500,1500,1354,1500,1500,1000,1900,1000,0,0,0,0,0,0,29.679988
RCIN,29719988,1500,1500,1353,1500,1500,1000,1900,1000,0,0,0,0,0,0,29.719988
RCIN,29759988,1500,1500,1353,1500,1500,1000,1900,1000,0,0,0,0,0,0,29.759988
RCIN,29799988,1500,1500,1353,1500,1500,1000,1900,1000,0,0,0,0,0,0,29.799988
RCIN,29839988,1500,1500,1352,1500,1500,1000,1900,1000,0,0,0,0,0,0,29.839988
RCIN,29879988,1500,1500,1352,1500,1500,1000,1900,1000,0,0,0,0,0,0,29.879988
RCIN,29919988,1500,1500,1352,1500,1500,1000,1900,1000,0,0,0,0,0,0,29.919988
RCIN,29959988,1500,1500,1352,1500,1500,1000,1900,1000,0,0,0,0,0,0,29.959988
RCIN,29999988,1500,1500,1351,1500,1500,1000,1900,1000,0,0,0,0,0,0,29.999988
RCIN,30039988,1500,1500,1351,1500,1500,1000,1900,1000,0,0,0,0,0,0,30.039988
RCIN,30079988,1500,1500,1351,1500,1500,1000,1900,1000,0,0,0,0,0,0,30.079988
RCIN,30119988,1500,1500,1351,1500,1500,1000,1900,1000,0,0,0,0,0,0,30.119988
RCIN,30159988,1500,1500,1351,1500,1500,1000,1900,1000,0,0,0,0,0,0,30.159988
RCIN,30199988,1270,1500,1351,1500,1500,1000,1900,1000,0,0,0,0,0,0,30.199988
RCIN,30239988,1270,1500,1351,1500,1500,1000,1900,1000,0,0,0,0,0,0,30.239988
RCIN,30279988,1270,1500,1351,1500,1500,1000,1900,1000,0,0,0,0,0,0,30.279988
RCIN,30319988,1270,1500,1351,1500,1500,1000,1900,1000,0,0,0,0,0,0,30.319988
RCIN,30359988,1270,1500,1350,1500,1500,1000,1900,1000,0,0,0,0,0,0,30.359988
RCIN,30399988,1270,1500,1350,1500,1500,1000,1900,1000,0,0,0,0,0,0,30.399988
RCIN,30439988,1270,1500,1350,1500,1500,1000,1900,1000,0,0,0,0,0,0,30.439988
RCIN,30479988,1270,1500,1350,1500,1500,1000,1900,1000,0,0,0,0,0,0,30.479988
RCIN,30519988,1270,1500,1350,1500,1500,1000,1900,1000,0,0,0,0,0,0,30.519988
RCIN,30559988,1270,1500,1350,1500,1500,1000,1900,1000,0,0,0,0,0,0,30.559988
RCIN,30599988,1270,1500,1350,1500,1500,1000,1900,1000,0,0,0,0,0,0,30.599988
RCIN,30639988,1270,1500,1350,1500,1500,1000,1900,1000,0,0,0,0,0,0,30.639988
RCIN,30679988,1270,1500,1350,1500,1500,1000,1900,1000,0,0,0,0,0,0,30.679988
RCIN,30719988,1270,1500,1349,1500,1500,1000,1900,1000,0,0,0,0,0,0,30.719988
RCIN,30759988,1270,1500,1349,1500,1500,1000,1900,1000,0,0,0,0,0,0,30.759988
RCIN,30799988,1270,1500,1349,1500,1500,1000,1900,1000,0,0,0,0,0,0,30.799988
RCIN,30839988,1270,1500,1349,1500,1500,1000,1900,1000,0,0,0,0,0,0,30.839988
RCIN,30879988,1270,1500,1349,1500,1500,1000,1900,1000,0,0,0,0,0,0,30.879988
RCIN,30919988,1270,1500,1349,1500,1500,1000,1900,1000,0,0,0,0,0,0,30.919988
RCIN,30959988,1270,1500,1348,1500,1500,1000,1900,1000,0,0,0,0,0,0,30.959988
RCIN,30999988,1270,1500,1348,1500,1500,1000,1900,1000,0,0,0,0,0,0,30.999988
RCIN,31039988,1270,1500,1348,1500,1500,1000,1900,1000,0,0,0,0,0,0,31.039988
RCIN,31079988,1270,1500,1348,1500,1500,1000,1900,1000,0,0,0,0,0,0,31.079988
RCIN,31119988,1270,1500,1348,1500,1500,1000,1900,1000,0,0,0,0,0,0,31.119988
RCIN,31159988,1270,1500,1348,1500,1500,1000,1900,1000,0,0,0,0,0,0,31.159988
RCIN,31199988,1270,1500,1347,1500,1500,1000,1900,1000,0,0,0,0,0,0,31.199988
RCIN,31239988,1270,1500,1347,1500,1500,1000,1900,1000,0,0,0,0,0,0,31.239988
RCIN,31279988,1270,1500,1347,1500,1500,1000,1900,1000,0,0,0,0,0,0,31.279988
RCIN,31319988,1270,1500,1347,1500,1500,1000,1900,1000,0,0,0,0,0,0,31.319988
RCIN,31359988,1270,1500,1347,1500,1500,1000,1900,1000,0,0,0,0,0,0,31.359988
RCIN,31399988,1270,1500,1347,1500,1500,1000,1900,1000,0,0,0,0,0,0,31.399988
RCIN,31439988,1270,1500,1346,1500,1500,1000,1900,1000,0,0,0,0,0,0,31.439988
RCIN,31479988,1270,1500,1346,1500,1500,1000,1900,1000,0,0,0,0,0,0,31.479988
RCIN,31519988,1270,1500,1346,1500,1500,1000,1900,1000,0,0,0,0,0,0,31.519988
RCIN,31559988,1270,1500,1346,1500,1500,1000,1900,1000,0,0,0,0,0,0,31.559988
RCIN,31599988,1270,1500,1346,1500,1500,1000,1900,1000,0,0,0,0,0,0,31.599988
RCIN,31639988,1270,1500,1345,1500,1500,1000,1900,1000,0,0,0,0,0,0,31.639988
RCIN,31679988,1270,1500,1345,1500,1500,1000,1900,1000,0,0,0,0,0,0,31.679988
RCIN,31719988,1270,1500,1345,1500,1500,1000,1900,1000,0,0,0,0,0,0,31.719988
RCIN,31759988,1270,1500,1344,1500,1500,1000,1900,1000,0,0,0,0,0,0,31.759988
RCIN,31799988,1270,1500,1344,1500,1500,1000,1900,1000,0,0,0,0,0,0,31.799988
RCIN,31839988,1270,1500,1344,1500,1500,1000,1900,1000,0,0,0,0,0,0,31.839988
RCIN,31879988,1270,1500,1343,1500,1500,1000,1900,1000,0,0,0,0,0,0,31.879988
RCIN,31919988,1270,1500,1343,1500,1500,1000,1900,1000,0,0,0,0,0,0,31.919988
RCIN,31959988,1270,1500,1343,1500,1500,1000,1900,1000,0,0,0,0,0,0,31.959988
RCIN,31999988,1500,1500,1343,1500,1500,1000,1900,1000,0,0,0,0,0,0,31.999988
RCIN,32039988,1500,1500,1342,1500,1500,1000,1900,1000,0,0,0,0,0,0,32.039988
RCIN,32079988,1500,1500,1342,1500,1500,1000,1900,1000,0,0,0,0,0,0,32.079988
RCIN,32119988,1500,1500,1342,1500,1500,1000,1900,1000,0,0,0,0,0,0,32.119988
RCIN,32159988,1500,1500,1341,1500,1500,1000,1900,1000,0,0,0,0,0,0,32.159988
RCIN,32199988,1500,1500,1341,1500,1500,1000,1900,1000,0,0,0,0,0,0,32.199988
RCIN,32239988,1500,1500,1341,1500,1500,1000,1900,1000,0,0,0,0,0,0,32.239988
RCIN,32279988,1500,1500,1341,1500,1500,1000,1900,1000,0,0,0,0,0,0,32.279988
RCIN,32319988,1500,1500,1340,1500,1500,1000,1900,1000,0,0,0,0,0,0,32.319988
RCIN,32359988,1500,1500,1340,1500,1500,1000,1900,1000,0,0,0,0,0,0,32.359988
RCIN,32399988,1500,1500,1340,1500,1500,1000,1900,1000,0,0,0,0,0,0,32.399988
RCIN,32439988,1500,1500,1340,1500,1500,1000,1900,1000,0,0,0,0,0,0,32.439988
RCIN,32479988,1500,1500,1339,1500,1500,1000,1900,1000,0,0,0,0,0,0,32.479988
RCIN,32519988,1500,1500,1339,1500,1500,1000,1900,1000,0,0,0,0,0,0,32.519988
RCIN,32559988,1500,1500,1339,1500,1500,1000,1900,1000,0,0,0,0,0,0,32.559988
RCIN,32599988,1500,1500,1339,1500,1500,1000,1900,1000,0,0,0,0,0,0,32.599988
RCIN,32639988,1500,1500,1339,1500,1500,1000,1900,1000,0,0,0,0,0,0,32.639988
RCIN,32679988,1500,1500,1339,1500,1500,1000,1900,1000,0,0,0,0,0,0,32.679988
RCIN,32719988,1500,1500,1338,1500,1500,1000,1900,1000,0,0,0,0,0,0,32.719988
RCIN,32759988,1500,1500,1338,1500,1500,1000,1900,1000,0,0,0,0,0,0,32.759988
RCIN,32799988,1500,1500,1338,1500,1500,1000,1900,1000,0,0,0,0,0,0,32.799988
RCIN,32839988,1500,1500,1338,1500,1500,1000,1900,1000,0,0,0,0,0,0,32.839988
RCIN,32879988,1500,1500,1338,1500,1500,1000,1900,1000,0,0,0,0,0,0,32.879988
RCIN,32919988,1500,1500,1338,1500,1500,1000,1900,1000,0,0,0,0,0,0,32.919988
RCIN,32959988,1500,1500,1338,1500,1500,1000,1900,1000,0,0,0,0,0,0,32.959988
RCIN,32999988,1500,1500,1338,1500,1500,1000,1900,1000,0,0,0,0,0,0,32.999988
RCIN,33039988,1500,1500,1338,1500,1500,1000,1900,1000,0,0,0,0,0,0,33.039988
RCIN,33079988,1730,1500,1338,1500,1500,1000,1900,1000,0,0,0,0,0,0,33.079988
RCIN,33119988,1730,1500,1338,1500,1500,1000,1900,1000,0,0,0,0,0,0,33.119988
RCIN,33159988,1730,1500,1338,1500,1500,1000,1900,1000,0,0,0,0,0,0,33.159988
RCIN,33199988,1730,1500,1338,1500,1500,1000,1900,1000,0,0,0,0,0,0,33.199988
RCIN,33239988,1730,1500,1338,1500,1500,1000,1900,1000,0,0,0,0,0,0,33.239988
RCIN,33279988,1730,1500,1338,1500,1500,1000,1900,1000,0,0,0,0,0,0,33.279988
RCIN,33319988,1730,1500,1338,1500,1500,1000,1900,1000,0,0,0,0,0,0,33.319988
RCIN,33359988,1730,1500,1337,1500,1500,1000,1900,1000,0,0,0,0,0,0,33.359988
RCIN,33399988,1730,1500,1337,1500,1500,1000,1900,1000,0,0,0,0,0,0,33.399988
RCIN,33439988,1730,1500,1337,1500,1500,1000,1900,1000,0,0,0,0,0,0,33.439988
RCIN,33479988,1730,1500,1337,1500,1500,1000,1900,1000,0,0,0,0,0,0,33.479988
RCIN,33519988,1730,1500,1337,1500,1500,1000,1900,1000,0,0,0,0,0,0,33.519988
RCIN,33559988,1730,1500,1337,1500,1500,1000,1900,1000,0,0,0,0,0,0,33.559988
RCIN,33599988,1730,1500,1337,1500,1500,1000,1900,1000,0,0,0,0,0,0,33.599988
RCIN,33639988,1730,1500,1337,1500,1500,1000,1900,1000,0,0,0,0,0,0,33.639988
RCIN,33679988,1730,1500,1337,1500,1500,1000,1900,1000,0,0,0,0,0,0,33.679988
RCIN,33719988,1730,1500,1337,1500,1500,1000,1900,1000,0,0,0,0,0,0,33.719988
RCIN,33759988,1730,1500,1337,1500,1500,1000,1900,1000,0,0,0,0,0,0,33.759988
RCIN,33799988,1730,1500,1337,1500,1500,1000,1900,1000,0,0,0,0,0,0,33.799988
RCIN,33839988,1730,1500,1337,1500,1500,1000,1900,1000,0,0,0,0,0,0,33.839988
RCIN,33879988,1730,1500,1337,1500,1500,1000,1900,1000,0,0,0,0,0,0,33.879988
RCIN,33919988,1730,1500,1337,1500,1500,1000,1900,1000,0,0,0,0,0,0,33.919988
RCIN,33959988,1730,1500,1337,1500,1500,1000,1900,1000,0,0,0,0,0,0,33.959988
RCIN,33999988,1730,1500,1337,1500,1500,1000,1900,1000,0,0,0,0,0,0,33.999988
RCIN,34039988,1730,1500,1336,1500,1500,1000,1900,1000,0,0,0,0,0,0,34.039988
RCIN,34079988,1730,1500,1336,1500,1500,1000,1900,1000,0,0,0,0,0,0,34.079988
RCIN,34119988,1730,1500,1336,1500,1500,1000,1900,1000,0,0,0,0,0,0,34.119988
RCIN,34159988,1730,1500,1336,1500,1500,1000,1900,1000,0,0,0,0,0,0,34.159988
RCIN,34199988,1730,1500,1336,1500,1500,1000,1900,1000,0,0,0,0,0,0,34.199988
RCIN,34239988,1730,1500,1336,1500,1500,1000,1900,1000,0,0,0,0,0,0,34.239988
RCIN,34279988,1730,1500,1335,1500,1500,1000,1900,1000,0,0,0,0,0,0,34.279988
RCIN,34319988,1730,1500,1335,1500,1500,1000,1900,1000,0,0,0,0,0,0,34.319988
RCIN,34359988,1730,1500,1335,1500,1500,1000,1900,1000,0,0,0,0,0,0,34.359988
RCIN,34399988,1730,1500,1334,1500,1500,1000,1900,1000,0,0,0,0,0,0,34.399988
RCIN,34439988,1730,1500,1334,1500,1500,1000,1900,1000,0,0,0,0,0,0,34.439988
RCIN,34479988,1730,1500,1334,1500,1500,1000,1900,1000,0,0,0,0,0,0,34.479988
RCIN,34519988,1730,1500,1333,1500,1500,1000,1900,1000,0,0,0,0,0,0,34.519988
RCIN,34559988,1730,1500,1333,1500,1500,1000,1900,1000,0,0,0,0,0,0,34.559988
RCIN,34599988,1730,1500,1332,1500,1500,1000,1900,1000,0,0,0,0,0,0,34.599988
RCIN,34639988,1730,1500,1332,1500,1500,1000,1900,1000,0,0,0,0,0,0,34.639988
RCIN,34679988,1730,1500,1332,1500,1500,1000,1900,1000,0,0,0,0,0,0,34.679988
RCIN,34719988,1730,1500,1331,1500,1500,1000,1900,1000,0,0,0,0,0,0,34.719988
RCIN,34759988,1730,1500,1331,1500,1500,1000,1900,1000,0,0,0,0,0,0,34.759988
RCIN,34799988,1730,1500,1331,1500,1500,1000,1900,1000,0,0,0,0,0,0,34.799988
RCIN,34839988,1730,1500,1330,1500,1500,1000,1900,1000,0,0,0,0,0,0,34.839988
RCIN,34879988,1500,1500,1330,1500,1500,1000,1900,1000,0,0,0,0,0,0,34.879988
RCIN,34919988,1500,1500,1330,1500,1500,1000,1900,1000,0,0,0,0,0,0,34.919988
RCIN,34959988,1500,1500,1329,1500,1500,1000,1900,1000,0,0,0,0,0,0,34.959988
RCIN,34999988,1500,1500,1329,1500,1500,1000,1900,1000,0,0,0,0,0,0,34.999988
RCIN,35039988,1500,1500,1329,1500,1500,1000,1900,1000,0,0,0,0,0,0,35.039988
RCIN,35079988,1500,1500,1329,1500,1500,1000,1900,1000,0,0,0,0,0,0,35.079988
RCIN,35119988,1500,1500,1328,1500,1500,1000,1900,1000,0,0,0,0,0,0,35.119988
RCIN,35159988,1500,1500,1328,1500,1500,1000,1900,1000,0,0,0,0,0,0,35.159988
RCIN,35199988,1500,1500,1328,1500,1500,1000,1900,1000,0,0,0,0,0,0,35.199988
RCIN,35239988,1500,1500,1328,1500,1500,1000,1900,1000,0,0,0,0,0,0,35.239988
RCIN,35279988,1500,1500,1327,1500,1500,1000,1900,1000,0,0,0,0,0,0,35.279988
RCIN,35319988,1500,1500,1327,1500,1500,1000,1900,1000,0,0,0,0,0,0,35.319988
RCIN,35359988,1500,1500,1327,1500,1500,1000,1900,1000,0,0,0,0,0,0,35.359988
RCIN,35399988,1500,1500,1327,1500,1500,1000,1900,1000,0,0,0,0,0,0,35.399988
RCIN,35439988,1500,1500,1327,1500,1500,1000,1900,1000,0,0,0,0,0,0,35.439988
RCIN,35479988,1500,1500,1327,1500,1500,1000,1900,1000,0,0,0,0,0,0,35.479988
RCIN,35519988,1500,1500,1326,1500,1500,1000,1900,1000,0,0,0,0,0,0,35.519988
RCIN,35559988,1500,1500,1326,1500,1500,1000,1900,1000,0,0,0,0,0,0,35.559988
RCIN,35599988,1500,1500,1326,1500,1500,1000,1900,1000,0,0,0,0,0,0,35.599988
RCIN,35639988,1500,1500,1326,1500,1500,1000,1900,1000,0,0,0,0,0,0,35.639988
RCIN,35679988,1500,1500,1325,1500,1500,1000,1900,1000,0,0,0,0,0,0,35.679988
RCIN,35719988,1500,1500,1325,1500,1500,1000,1900,1000,0,0,0,0,0,0,35.719988
RCIN,35759988,1500,1500,1325,1500,1500,1000,1900,1000,0,0,0,0,0,0,35.759988
RCIN,35799988,1500,1500,1325,1500,1500,1000,1900,1000,0,0,0,0,0,0,35.799988
RCIN,35839988,1500,1500,1325,1500,1500,1000,1900,1000,0,0,0,0,0,0,35.839988
RCIN,35879988,1500,1500,1324,1500,1500,1000,1900,1000,0,0,0,0,0,0,35.879988
RCIN,35919988,1500,1500,1324,1500,1500,1000,1900,1000,0,0,0,0,0,0,35.919988
RCIN,35959988,1270,1500,1324,1500,1500,1000,1900,1000,0,0,0,0,0,0,35.959988
RCIN,35999988,1270,1500,1324,1500,1500,1000,1900,1000,0,0,0,0,0,0,35.999988
RCIN,36039988,1270,1500,1324,1500,1500,1000,1900,1000,0,0,0,0,0,0,36.039988
RCIN,36079988,1270,1500,1324,1500,1500,1000,1900,1000,0,0,0,0,0,0,36.079988
RCIN,36119988,1270,1500,1324,1500,1500,1000,1900,1000,0,0,0,0,0,0,36.119988
RCIN,36159988,1270,1500,1324,1500,1500,1000,1900,1000,0,0,0,0,0,0,36.159988
RCIN,36199988,1270,1500,1324,1500,1500,1000,1900,1000,0,0,0,0,0,0,36.199988
RCIN,36239988,1270,1500,1324,1500,1500,1000,1900,1000,0,0,0,0,0,0,36.239988
RCIN,36279988,1270,1500,1324,1500,1500,1000,1900,1000,0,0,0,0,0,0,36.279988
RCIN,36319988,1270,1500,1324,1500,1500,1000,1900,1000,0,0,0,0,0,0,36.319988
RCIN,36359988,1270,1500,1324,1500,1500,1000,1900,1000,0,0,0,0,0,0,36.359988
RCIN,36399988,1270,1500,1324,1500,1500,1000,1900,1000,0,0,0,0,0,0,36.399988
RCIN,36439988,1270,1500,1324,1500,1500,1000,1900,1000,0,0,0,0,0,0,36.439988
RCIN,36479988,1270,1500,1324,1500,1500,1000,1900,1000,0,0,0,0,0,0,36.479988
RCIN,36519988,1270,1500,1324,1500,1500,1000,1900,1000,0,0,0,0,0,0,36.519988
RCIN,36559988,1270,1500,1324,1500,1500,1000,1900,1000,0,0,0,0,0,0,36.559988
RCIN,36599988,1270,1500,1324,1500,1500,1000,1900,1000,0,0,0,0,0,0,36.599988
RCIN,36639988,1270,1500,1323,1500,1500,1000,1900,1000,0,0,0,0,0,0,36.639988
RCIN,36679988,1270,1500,1323,1500,1500,1000,1900,1000,0,0,0,0,0,0,36.679988
RCIN,36719988,1270,1500,1323,1500,1500,1000,1900,1000,0,0,0,0,0,0,36.719988
RCIN,36759988,1270,1500,1323,1500,1500,1000,1900,1000,0,0,0,0,0,0,36.759988
RCIN,36799988,1270,1500,1323,1500,1500,1000,1900,1000,0,0,0,0,0,0,36.799988
RCIN,36839988,1270,1500,1323,1500,1500,1000,1900,1000,0,0,0,0,0,0,36.839988
RCIN,36879988,1270,1500,1323,1500,1500,1000,1900,1000,0,0,0,0,0,0,36.879988
RCIN,36919988,1270,1500,1323,1500,1500,1000,1900,1000,0,0,0,0,0,0,36.919988
RCIN,36959988,1270,1500,1323,1500,1500,1000,1900,1000,0,0,0,0,0,0,36.959988
RCIN,36999988,1270,1500,1323,1500,1500,1000,1900,1000,0,0,0,0,0,0,36.999988
RCIN,37039988,1270,1500,1322,1500,1500,1000,1900,1000,0,0,0,0,0,0,37.039988
RCIN,37079988,1270,1500,1322,1500,1500,1000,1900,1000,0,0,0,0,0,0,37.079988
RCIN,37119988,1270,1500,1322,1500,1500,1000,1900,1000,0,0,0,0,0,0,37.119988
RCIN,37159988,1270,1500,1322,1500,1500,1000,1900,1000,0,0,0,0,0,0,37.159988
RCIN,37199988,1270,1500,1322,1500,1500,1000,1900,1000,0,0,0,0,0,0,37.199988
RCIN,37239988,1270,1500,1322,1500,1500,1000,1900,1000,0,0,0,0,0,0,37.239988
RCIN,37279988,1270,1500,1322,1500,1500,1000,1900,1000,0,0,0,0,0,0,37.279988
RCIN,37319988,1270,1500,1321,1500,1500,1000,1900,1000,0,0,0,0,0,0,37.319988
RCIN,37359988,1270,1500,1321,1500,1500,1000,1900,1000,0,0,0,0,0,0,37.359988
RCIN,37399988,1270,1500,1321,1500,1500,1000,1900,1000,0,0,0,0,0,0,37.399988
RCIN,37439988,1270,1500,1321,1500,1500,1000,1900,1000,0,0,0,0,0,0,37.439988
RCIN,37479988,1270,1500,1321,1500,1500,1000,1900,1000,0,0,0,0,0,0,37.479988
RCIN,37519988,1270,1500,1321,1500,1500,1000,1900,1000,0,0,0,0,0,0,37.519988
RCIN,37559988,1270,1500,1320,1500,1500,1000,1900,1000,0,0,0,0,0,0,37.559988
RCIN,37599988,1270,1500,1320,1500,1500,1000,1900,1000,0,0,0,0,0,0,37.599988
RCIN,37639988,1270,1500,1320,1500,1500,1000,1900,1000,0,0,0,0,0,0,37.639988
RCIN,37679988,1270,1500,1320,1500,1500,1000,1900,1000,0,0,0,0,0,0,37.679988
RCIN,37719988,1270,1500,1320,1500,1500,1000,1900,1000,0,0,0,0,0,0,37.719988
RCIN,37759988,1500,1500,1319,1500,1500,1000,1900,1000,0,0,0,0,0,0,37.759988
RCIN,37799988,1500,1500,1319,1500,1500,1000,1900,1000,0,0,0,0,0,0,37.799988
RCIN,37839988,1500,1500,1319,1500,1500,1000,1900,1000,0,0,0,0,0,0,37.839988
RCIN,37879988,1500,1500,1319,1500,1500,1000,1900,1000,0,0,0,0,0,0,37.879988
RCIN,37919988,1500,1500,1319,1500,1500,1000,1900,1000,0,0,0,0,0,0,37.919988
RCIN,37959988,1500,1500,1318,1500,1500,1000,1900,1000,0,0,0,0,0,0,37.959988
RCIN,37999988,1500,1500,1318,1500,1500,1000,1900,1000,0,0,0,0,0,0,37.999988
RCIN,38039988,1500,1500,1318,1500,1500,1000,1900,1000,0,0,0,0,0,0,38.039988
RCIN,38079988,1500,1500,1318,1500,1500,1000,1900,1000,0,0,0,0,0,0,38.079988
RCIN,38119988,1500,1500,1318,1500,1500,1000,1900,1000,0,0,0,0,0,0,38.119988
RCIN,38159988,1500,1500,1318,1500,1500,1000,1900,1000,0,0,0,0,0,0,38.159988
RCIN,38199988,1500,1500,1317,1500,1500,1000,1900,1000,0,0,0,0,0,0,38.199988
RCIN,38239988,1500,1500,1317,1500,1500,1000,1900,1000,0,0,0,0,0,0,38.239988
RCIN,38279988,1500,1500,1317,1500,1500,1000,1900,1000,0,0,0,0,0,0,38.279988
RCIN,38319988,1500,1500,1317,1500,1500,1000,1900,1000,0,0,0,0,0,0,38.319988
RCIN,38359988,1500,1500,1316,1500,1500,1000,1900,1000,0,0,0,0,0,0,38.359988
RCIN,38399988,1500,1500,1316,1500,1500,1000,1900,1000,0,0,0,0,0,0,38.399988
RCIN,38439988,1500,1500,1316,1500,1500,1000,1900,1000,0,0,0,0,0,0,38.439988
RCIN,38479988,1500,1500,1316,1500,1500,1000,1900,1000,0,0,0,0,0,0,38.479988
RCIN,38519988,1500,1500,1316,1500,1500,1000,1900,1000,0,0,0,0,0,0,38.519988
RCIN,38559988,1500,1500,1316,1500,1500,1000,1900,1000,0,0,0,0,0,0,38.559988
RCIN,38599988,1500,1500,1315,1500,1500,1000,1900,1000,0,0,0,0,0,0,38.599988
RCIN,38639988,1500,1500,1315,1500,1500,1000,1900,1000,0,0,0,0,0,0,38.639988
RCIN,38679988,1500,1500,1315,1500,1500,1000,1900,1000,0,0,0,0,0,0,38.679988
RCIN,38719988,1500,1500,1315,1500,1500,1000,1900,1000,0,0,0,0,0,0,38.719988
RCIN,38759988,1500,1500,1315,1500,1500,1000,1900,1000,0,0,0,0,0,0,38.759988
RCIN,38799988,1500,1500,1315,1500,1500,1000,1900,1000,0,0,0,0,0,0,38.799988
RCIN,38839988,1730,1500,1315,1500,1500,1000,1900,1000,0,0,0,0,0,0,38.839988
RCIN,38879988,1730,1500,1314,1500,1500,1000,1900,1000,0,0,0,0,0,0,38.879988
RCIN,38919988,1730,1500,1314,1500,1500,1000,1900,1000,0,0,0,0,0,0,38.919988
RCIN,38959988,1730,1500,1314,1500,1500,1000,1900,1000,0,0,0,0,0,0,38.959988
RCIN,38999988,1730,1500,1314,1500,1500,1000,1900,1000,0,0,0,0,0,0,38.999988
RCIN,39039988,1730,1500,1314,1500,1500,1000,1900,1000,0,0,0,0,0,0,39.039988
RCIN,39079988,1730,1500,1314,1500,1500,1000,1900,1000,0,0,0,0,0,0,39.079988
RCIN,39119988,1730,1500,1314,1500,1500,1000,1900,1000,0,0,0,0,0,0,39.119988
RCIN,39159988,1730,1500,1314,1500,1500,1000,1900,1000,0,0,0,0,0,0,39.159988
RCIN,39199988,1730,1500,1314,1500,1500,1000,1900,1000,0,0,0,0,0,0,39.199988
RCIN,39239988,1730,1500,1314,1500,1500,1000,1900,1000,0,0,0,0,0,0,39.239988
RCIN,39279988,1730,1500,1314,1500,1500,1000,1900,1000,0,0,0,0,0,0,39.279988
RCIN,39319988,1730,1500,1314,1500,1500,1000,1900,1000,0,0,0,0,0,0,39.319988
RCIN,39359988,1730,1500,1313,1500,1500,1000,1900,1000,0,0,0,0,0,0,39.359988
RCIN,39399988,1730,1500,1313,1500,1500,1000,1900,1000,0,0,0,0,0,0,39.399988
RCIN,39439988,1730,1500,1313,1500,1500,1000,1900,1000,0,0,0,0,0,0,39.439988
RCIN,39479988,1730,1500,1313,1500,1500,1000,1900,1000,0,0,0,0,0,0,39.479988
RCIN,39519988,1730,1500,1313,1500,1500,1000,1900,1000,0,0,0,0,0,0,39.519988
RCIN,39559988,1730,1500,1313,1500,1500,1000,1900,1000,0,0,0,0,0,0,39.559988
RCIN,39599988,1730,1500,1313,1500,1500,1000,1900,1000,0,0,0,0,0,0,39.599988
RCIN,39639988,1730,1500,1313,1500,1500,1000,1900,1000,0,0,0,0,0,0,39.639988
RCIN,39679988,1730,1500,1313,1500,1500,1000,1900,1000,0,0,0,0,0,0,39.679988
RCIN,39719988,1730,1500,1312,1500,1500,1000,1900,1000,0,0,0,0,0,0,39.719988
RCIN,39759988,1730,1500,1312,1500,1500,1000,1900,1000,0,0,0,0,0,0,39.759988
RCIN,39799988,1730,1500,1312,1500,1500,1000,1900,1000,0,0,0,0,0,0,39.799988
RCIN,39839988,1730,1500,1312,1500,1500,1000,1900,1000,0,0,0,0,0,0,39.839988
RCIN,39879988,1730,1500,1312,1500,1500,1000,1900,1000,0,0,0,0,0,0,39.879988
RCIN,39919988,1730,1500,1311,1500,1500,1000,1900,1000,0,0,0,0,0,0,39.919988
RCIN,39959988,1730,1500,1311,1500,1500,1000,1900,1000,0,0,0,0,0,0,39.959988
RCIN,39999988,1730,1500,1311,1500,1500,1000,1900,1000,0,0,0,0,0,0,39.999988
RCIN,40039988,1730,1500,1310,1500,1500,1000,1900,1000,0,0,0,0,0,0,40.039988
RCIN,40079988,1730,1500,1310,1500,1500,1000,1900,1000,0,0,0,0,0,0,40.079988
RCIN,40119988,1730,1500,1310,1500,1500,1000,1900,1000,0,0,0,0,0,0,40.119988
RCIN,40159988,1730,1500,1309,1500,1500,1000,1900,1000,0,0,0,0,0,0,40.159988
RCIN,40199988,1730,1500,1309,1500,1500,1000,1900,1000,0,0,0,0,0,0,40.199988
RCIN,40239988,1730,1500,1309,1500,1500,1000,1900,1000,0,0,0,0,0,0,40.239988
RCIN,40279988,1730,1500,1308,1500,1500,1000,1900,1000,0,0,0,0,0,0,40.279988
RCIN,40319988,1730,1500,1308,1500,1500,1000,1900,1000,0,0,0,0,0,0,40.319988
RCIN,40359988,1730,1500,1308,1500,1500,1000,1900,1000,0,0,0,0,0,0,40.359988
RCIN,40399988,1730,1500,1307,1500,1500,1000,1900,1000,0,0,0,0,0,0,40.399988
RCIN,40439988,1730,1500,1307,1500,1500,1000,1900,1000,0,0,0,0,0,0,40.439988
RCIN,40479988,1730,1500,1307,1500,1500,1000,1900,1000,0,0,0,0,0,0,40.479988
RCIN,40519988,1730,1500,1306,1500,1500,1000,1900,1000,0,0,0,0,0,0,40.519988
RCIN,40559988,1730,1500,1306,1500,1500,1000,1900,1000,0,0,0,0,0,0,40.559988
RCIN,40599988,1730,1500,1306,1500,1500,1000,1900,1000,0,0,0,0,0,0,40.599988
RCIN,40639988,1500,1500,1305,1500,1500,1000,1900,1000,0,0,0,0,0,0,40.639988
RCIN,40679988,1500,1500,1305,1500,1500,1000,1900,1000,0,0,0,0,0,0,40.679988
RCIN,40719988,1500,1500,1305,1500,1500,1000,1900,1000,0,0,0,0,0,0,40.719988
RCIN,40759988,1500,1500,1305,1500,1500,1000,1900,1000,0,0,0,0,0,0,40.759988
RCIN,40799988,1500,1500,1304,1500,1500,1000,1900,1000,0,0,0,0,0,0,40.799988
RCIN,40839988,1500,1500,1304,1500,1500,1000,1900,1000,0,0,0,0,0,0,40.839988
RCIN,40879988,1500,1500,1304,1500,1500,1000,1900,1000,0,0,0,0,0,0,40.879988
RCIN,40919988,1500,1500,1304,1500,1500,1000,1900,1000,0,0,0,0,0,0,40.919988
RCIN,40959988,1500,1500,1303,1500,1500,1000,1900,1000,0,0,0,0,0,0,40.959988
RCIN,40999988,1500,1500,1303,1500,1500,1000,1900,1000,0,0,0,0,0,0,40.999988
RCIN,41039988,1500,1500,1303,1500,1500,1000,1900,1000,0,0,0,0,0,0,41.039988
RCIN,41079988,1500,1500,1303,1500,1500,1000,1900,1000,0,0,0,0,0,0,41.079988
RCIN,41119988,1500,1500,1302,1500,1500,1000,1900,1000,0,0,0,0,0,0,41.119988
RCIN,41159988,1500,1500,1302,1500,1500,1000,1900,1000,0,0,0,0,0,0,41.159988
RCIN,41199988,1500,1500,1302,1500,1500,1000,1900,1000,0,0,0,0,0,0,41.199988
RCIN,41239988,1500,1500,1302,1500,1500,1000,1900,1000,0,0,0,0,0,0,41.239988
RCIN,41279988,1500,1500,1301,1500,1500,1000,1900,1000,0,0,0,0,0,0,41.279988
RCIN,41319988,1500,1500,1301,1500,1500,1000,1900,1000,0,0,0,0,0,0,41.319988
RCIN,41359988,1500,1500,1301,1500,1500,1000,1900,1000,0,0,0,0,0,0,41.359988
RCIN,41399988,1500,1500,1301,1500,1500,1000,1900,1000,0,0,0,0,0,0,41.399988
RCIN,41439988,1500,1500,1301,1500,1500,1000,1900,1000,0,0,0,0,0,0,41.439988
RCIN,41479988,1500,1500,1301,1500,1500,1000,1900,1000,0,0,0,0,0,0,41.479988
RCIN,41519988,1500,1500,1301,1500,1500,1000,1900,1000,0,0,0,0,0,0,41.519988
RCIN,41559988,1500,1500,1300,1500,1500,1000,1900,1000,0,0,0,0,0,0,41.559988
RCIN,41599988,1500,1500,1300,1500,1500,1000,1900,1000,0,0,0,0,0,0,41.599988
RCIN,41639988,1500,1500,1300,1500,1500,1000,1900,1000,0,0,0,0,0,0,41.639988
RCIN,41679988,1500,1500,1300,1500,1500,1000,1900,1000,0,0,0,0,0,0,41.679988
RCIN,41719988,1270,1500,1300,1500,1500,1000,1900,1000,0,0,0,0,0,0,41.719988
RCIN,41759988,1270,1500,1300,1500,1500,1000,1900,1000,0,0,0,0,0,0,41.759988
RCIN,41799988,1270,1500,1300,1500,1500,1000,1900,1000,0,0,0,0,0,0,41.799988
RCIN,41839988,1270,1500,1300,1500,1500,1000,1900,1000,0,0,0,0,0,0,41.839988
RCIN,41879988,1270,1500,1300,1500,1500,1000,1900,1000,0,0,0,0,0,0,41.879988
RCIN,41919988,1270,1500,1300,1500,1500,1000,1900,1000,0,0,0,0,0,0,41.919988
RCIN,41959988,1270,1500,1300,1500,1500,1000,1900,1000,0,0,0,0,0,0,41.959988
RCIN,41999988,1270,1500,1300,1500,1500,1000,1900,1000,0,0,0,0,0,0,41.999988
RCIN,42039988,1270,1500,1300,1500,1500,1000,1900,1000,0,0,0,0,0,0,42.039988
RCIN,42079988,1270,1500,1300,1500,1500,1000,1900,1000,0,0,0,0,0,0,42.079988
RCIN,42119988,1270,1500,1301,1500,1500,1000,1900,1000,0,0,0,0,0,0,42.119988
RCIN,42159988,1270,1500,1301,1500,1500,1000,1900,1000,0,0,0,0,0,0,42.159988
RCIN,42199988,1270,1500,1301,1500,1500,1000,1900,1000,0,0,0,0,0,0,42.199988
RCIN,42239988,1270,1500,1301,1500,1500,1000,1900,1000,0,0,0,0,0,0,42.239988
RCIN,42279988,1270,1500,1301,1500,1500,1000,1900,1000,0,0,0,0,0,0,42.279988
RCIN,42319988,1270,1500,1301,1500,1500,1000,1900,1000,0,0,0,0,0,0,42.319988
RCIN,42359988,1270,1500,1301,1500,1500,1000,1900,1000,0,0,0,0,0,0,42.359988
RCIN,42399988,1270,1500,1301,1500,1500,1000,1900,1000,0,0,0,0,0,0,42.399988
RCIN,42439988,1270,1500,1301,1500,1500,1000,1900,1000,0,0,0,0,0,0,42.439988
RCIN,42479988,1270,1500,1301,1500,1500,1000,1900,1000,0,0,0,0,0,0,42.479988
RCIN,42519988,1270,1500,1302,1500,1500,1000,1900,1000,0,0,0,0,0,0,42.519988
RCIN,42559988,1270,1500,1302,1500,1500,1000,1900,1000,0,0,0,0,0,0,42.559988
RCIN,42599988,1270,1500,1302,1500,1500,1000,1900,1000,0,0,0,0,0,0,42.599988
RCIN,42639988,1270,1500,1302,1500,1500,1000,1900,1000,0,0,0,0,0,0,42.639988
RCIN,42679988,1270,1500,1302,1500,1500,1000,1900,1000,0,0,0,0,0,0,42.679988
RCIN,42719988,1270,1500,1302,1500,1500,1000,1900,1000,0,0,0,0,0,0,42.719988
RCIN,42759988,1270,1500,1302,1500,1500,1000,1900,1000,0,0,0,0,0,0,42.759988
RCIN,42799988,1270,1500,1302,1500,1500,1000,1900,1000,0,0,0,0,0,0,42.799988
RCIN,42839988,1270,1500,1302,1500,1500,1000,1900,1000,0,0,0,0,0,0,42.839988
RCIN,42879988,1270,1500,1302,1500,1500,1000,1900,1000,0,0,0,0,0,0,42.879988
RCIN,42919988,1270,1500,1302,1500,1500,1000,1900,1000,0,0,0,0,0,0,42.919988
RCIN,42959988,1270,1500,1302,1500,1500,1000,1900,1000,0,0,0,0,0,0,42.959988
RCIN,42999988,1270,1500,1302,1500,1500,1000,1900,1000,0,0,0,0,0,0,42.999988
RCIN,43039988,1270,1500,1301,1500,1500,1000,1900,1000,0,0,0,0,0,0,43.039988
RCIN,43079988,1270,1500,1301,1500,1500,1000,1900,1000,0,0,0,0,0,0,43.079988
RCIN,43119988,1270,1500,1301,1500,1500,1000,1900,1000,0,0,0,0,0,0,43.119988
RCIN,43159988,1270,1500,1301,1500,1500,1000,1900,1000,0,0,0,0,0,0,43.159988
RCIN,43199988,1270,1500,1301,1500,1500,1000,1900,1000,0,0,0,0,0,0,43.199988
RCIN,43239988,1270,1500,1301,1500,1500,1000,1900,1000,0,0,0,0,0,0,43.239988
RCIN,43279988,1270,1500,1300,1500,1500,1000,1900,1000,0,0,0,0,0,0,43.279988
RCIN,43319988,1270,1500,1300,1500,1500,1000,1900,1000,0,0,0,0,0,0,43.319988
RCIN,43359988,1270,1500,1300,1500,1500,1000,1900,1000,0,0,0,0,0,0,43.359988
RCIN,43399988,1270,1500,1300,1500,1500,1000,1900,1000,0,0,0,0,0,0,43.399988
RCIN,43439988,1270,1500,1299,1500,1500,1000,1900,1000,0,0,0,0,0,0,43.439988
RCIN,43479988,1270,1500,1299,1500,1500,1000,1900,1000,0,0,0,0,0,0,43.479988
RCIN,43519988,1500,1500,1299,1500,1500,1000,1900,1000,0,0,0,0,0,0,43.519988
RCIN,43559988,1500,1500,1299,1500,1500,1000,1900,1000,0,0,0,0,0,0,43.559988
RCIN,43599988,1500,1500,1298,1500,1500,1000,1900,1000,0,0,0,0,0,0,43.599988
RCIN,43639988,1500,1500,1298,1500,1500,1000,1900,1000,0,0,0,0,0,0,43.639988
RCIN,43679988,1500,1500,1298,1500,1500,1000,1900,1000,0,0,0,0,0,0,43.679988
RCIN,43719988,1500,1500,1298,1500,1500,1000,1900,1000,0,0,0,0,0,0,43.719988
RCIN,43759988,1500,1500,1297,1500,1500,1000,1900,1000,0,0,0,0,0,0,43.759988
RCIN,43799988,1500,1500,1297,1500,1500,1000,1900,1000,0,0,0,0,0,0,43.799988
RCIN,43839988,1500,1500,1297,1500,1500,1000,1900,1000,0,0,0,0,0,0,43.839988
RCIN,43879988,1500,1500,1297,1500,1500,1000,1900,1000,0,0,0,0,0,0,43.879988
RCIN,43919988,1500,1500,1297,1500,1500,1000,1900,1000,0,0,0,0,0,0,43.919988
RCIN,43959988,1500,1500,1296,1500,1500,1000,1900,1000,0,0,0,0,0,0,43.959988
RCIN,43999988,1500,1500,1296,1500,1500,1000,1900,1000,0,0,0,0,0,0,43.999988
RCIN,44039988,1500,1500,1296,1500,1500,1000,1900,1000,0,0,0,0,0,0,44.039988
RCIN,44079988,1500,1500,1296,1500,1500,1000,1900,1000,0,0,0,0,0,0,44.079988
RCIN,44119988,1500,1500,1296,1500,1500,1000,1900,1000,0,0,0,0,0,0,44.119988
RCIN,44159988,1500,1500,1295,1500,1500,1000,1900,1000,0,0,0,0,0,0,44.159988
RCIN,44199988,1500,1500,1295,1500,1500,1000,1900,1000,0,0,0,0,0,0,44.199988
RCIN,44239988,1500,1500,1295,1500,1500,1000,1900,1000,0,0,0,0,0,0,44.239988
RCIN,44279988,1500,1500,1295,1500,1500,1000,1900,1000,0,0,0,0,0,0,44.279988
RCIN,44319988,1500,1500,1295,1500,1500,1000,1900,1000,0,0,0,0,0,0,44.319988
RCIN,44359988,1500,1500,1294,1500,1500,1000,1900,1000,0,0,0,0,0,0,44.359988
RCIN,44399988,1500,1500,1294,1500,1500,1000,1900,1000,0,0,0,0,0,0,44.399988
RCIN,44439988,1500,1500,1294,1500,1500,1000,1900,1000,0,0,0,0,0,0,44.439988
RCIN,44479988,1500,1500,1294,1500,1500,1000,1900,1000,0,0,0,0,0,0,44.479988
RCIN,44519988,1500,1500,1294,1500,1500,1000,1900,1000,0,0,0,0,0,0,44.519988
RCIN,44559988,1500,1500,1294,1500,1500,1000,1900,1000,0,0,0,0,0,0,44.559988
RCIN,44599988,1730,1500,1294,1500,1500,1000,1900,1000,0,0,0,0,0,0,44.599988
RCIN,44639988,1730,1500,1293,1500,1500,1000,1900,1000,0,0,0,0,0,0,44.639988
RCIN,44679988,1730,1500,1293,1500,1500,1000,1900,1000,0,0,0,0,0,0,44.679988
RCIN,44719988,1730,1500,1293,1500,1500,1000,1900,1000,0,0,0,0,0,0,44.719988
RCIN,44759988,1730,1500,1293,1500,1500,1000,1900,1000,0,0,0,0,0,0,44.759988
RCIN,44799988,1730,1500,1293,1500,1500,1000,1900,1000,0,0,0,0,0,0,44.799988
RCIN,44839988,1730,1500,1293,1500,1500,1000,1900,1000,0,0,0,0,0,0,44.839988
RCIN,44879988,1730,1500,1293,1500,1500,1000,1900,1000,0,0,0,0,0,0,44.879988
RCIN,44919988,1730,1500,1293,1500,1500,1000,1900,1000,0,0,0,0,0,0,44.919988
RCIN,44959988,1730,1500,1293,1500,1500,1000,1900,1000,0,0,0,0,0,0,44.959988
RCIN,44999988,1730,1500,1293,1500,1500,1000,1900,1000,0,0,0,0,0,0,44.999988
RCIN,45039988,1730,1500,1293,1500,1500,1000,1900,1000,0,0,0,0,0,0,45.039988
RCIN,45079988,1730,1500,1293,1500,1500,1000,1900,1000,0,0,0,0,0,0,45.079988
RCIN,45119988,1730,1500,1293,1500,1500,1000,1900,1000,0,0,0,0,0,0,45.119988
RCIN,45159988,1730,1500,1293,1500,1500,1000,1900,1000,0,0,0,0,0,0,45.159988
RCIN,45199988,1730,1500,1293,1500,1500,1000,1900,1000,0,0,0,0,0,0,45.199988
RCIN,45239988,1730,1500,1293,1500,1500,1000,1900,1000,0,0,0,0,0,0,45.239988
RCIN,45279988,1730,1500,1293,1500,1500,1000,1900,1000,0,0,0,0,0,0,45.279988
RCIN,45319988,1730,1500,1293,1500,1500,1000,1900,1000,0,0,0,0,0,0,45.319988
RCIN,45359988,1730,1500,1293,1500,1500,1000,1900,1000,0,0,0,0,0,0,45.359988
RCIN,45399988,1730,1500,1293,1500,1500,1000,1900,1000,0,0,0,0,0,0,45.399988
RCIN,45439988,1730,1500,1293,1500,1500,1000,1900,1000,0,0,0,0,0,0,45.439988
RCIN,45479988,1730,1500,1293,1500,1500,1000,1900,1000,0,0,0,0,0,0,45.479988
RCIN,45519988,1730,1500,1293,1500,1500,1000,1900,1000,0,0,0,0,0,0,45.519988
RCIN,45559988,1730,1500,1293,1500,1500,1000,1900,1000,0,0,0,0,0,0,45.559988
RCIN,45599988,1730,1500,1293,1500,1500,1000,1900,1000,0,0,0,0,0,0,45.599988
RCIN,45639988,1730,1500,1292,1500,1500,1000,1900,1000,0,0,0,0,0,0,45.639988
RCIN,45679988,1730,1500,1292,1500,1500,1000,1900,1000,0,0,0,0,0,0,45.679988
RCIN,45719988,1730,1500,1292,1500,1500,1000,1900,1000,0,0,0,0,0,0,45.719988
RCIN,45759988,1730,1500,1292,1500,1500,1000,1900,1000,0,0,0,0,0,0,45.759988
RCIN,45799988,1730,1500,1292,1500,1500,1000,1900,1000,0,0,0,0,0,0,45.799988
RCIN,45839988,1730,1500,1291,1500,1500,1000,1900,1000,0,0,0,0,0,0,45.839988
RCIN,45879988,1730,1500,1291,1500,1500,1000,1900,1000,0,0,0,0,0,0,45.879988
RCIN,45919988,1730,1500,1291,1500,1500,1000,1900,1000,0,0,0,0,0,0,45.919988
RCIN,45959988,1730,1500,1290,1500,1500,1000,1900,1000,0,0,0,0,0,0,45.959988
RCIN,45999988,1730,1500,1290,1500,1500,1000,1900,1000,0,0,0,0,0,0,45.999988
RCIN,46039988,1730,1500,1290,1500,1500,1000,1900,1000,0,0,0,0,0,0,46.039988
RCIN,46079988,1730,1500,1289,1500,1500,1000,1900,1000,0,0,0,0,0,0,46.079988
RCIN,46119988,1730,1500,1289,1500,1500,1000,1900,1000,0,0,0,0,0,0,46.119988
RCIN,46159988,1730,1500,1289,1500,1500,1000,1900,1000,0,0,0,0,0,0,46.159988
RCIN,46199988,1730,1500,1288,1500,1500,1000,1900,1000,0,0,0,0,0,0,46.199988
RCIN,46239988,1730,1500,1288,1500,1500,1000,1900,1000,0,0,0,0,0,0,46.239988
RCIN,46279988,1730,1500,1288,1500,1500,1000,1900,1000,0,0,0,0,0,0,46.279988
RCIN,46319988,1730,1500,1288,1500,1500,1000,1900,1000,0,0,0,0,0,0,46.319988
RCIN,46359988,1730,1500,1287,1500,1500,1000,1900,1000,0,0,0,0,0,0,46.359988
RCIN,46399988,1500,1500,1287,1500,1500,1000,1900,1000,0,0,0,0,0,0,46.399988
RCIN,46439988,1500,1500,1287,1500,1500,1000,1900,1000,0,0,0,0,0,0,46.439988
RCIN,46479988,1500,1500,1287,1500,1500,1000,1900,1000,0,0,0,0,0,0,46.479988
RCIN,46519988,1500,1500,1287,1500,1500,1000,1900,1000,0,0,0,0,0,0,46.519988
RCIN,46559988,1500,1500,1287,1500,1500,1000,1900,1000,0,0,0,0,0,0,46.559988
RCIN,46599988,1500,1500,1286,1500,1500,1000,1900,1000,0,0,0,0,0,0,46.599988
RCIN,46639988,1500,1500,1286,1500,1500,1000,1900,1000,0,0,0,0,0,0,46.639988
RCIN,46679988,1500,1500,1286,1500,1500,1000,1900,1000,0,0,0,0,0,0,46.679988
RCIN,46719988,1500,1500,1286,1500,1500,1000,1900,1000,0,0,0,0,0,0,46.719988
RCIN,46759988,1500,1500,1286,1500,1500,1000,1900,1000,0,0,0,0,0,0,46.759988
RCIN,46799988,1500,1500,1286,1500,1500,1000,1900,1000,0,0,0,0,0,0,46.799988
RCIN,46839988,1500,1500,1285,1500,1500,1000,1900,1000,0,0,0,0,0,0,46.839988
RCIN,46879988,1500,1500,1285,1500,1500,1000,1900,1000,0,0,0,0,0,0,46.879988
RCIN,46919988,1500,1500,1285,1500,1500,1000,1900,1000,0,0,0,0,0,0,46.919988
RCIN,46959988,1500,1500,1285,1500,1500,1000,1900,1000,0,0,0,0,0,0,46.959988
RCIN,46999988,1500,1500,1285,1500,1500,1000,1900,1000,0,0,0,0,0,0,46.999988
RCIN,47039988,1500,1500,1284,1500,1500,1000,1900,1000,0,0,0,0,0,0,47.039988
RCIN,47079988,1500,1500,1284,1500,1500,1000,1900,1000,0,0,0,0,0,0,47.079988
RCIN,47119988,1500,1500,1284,1500,1500,1000,1900,1000,0,0,0,0,0,0,47.119988
RCIN,47159988,1500,1500,1284,1500,1500,1000,1900,1000,0,0,0,0,0,0,47.159988
RCIN,47199988,1500,1500,1284,1500,1500,1000,1900,1000,0,0,0,0,0,0,47.199988
RCIN,47239988,1500,1500,1283,1500,1500,1000,1900,1000,0,0,0,0,0,0,47.239988
RCIN,47279988,1500,1500,1283,1500,1500,1000,1900,1000,0,0,0,0,0,0,47.279988
RCIN,47319988,1500,1500,1283,1500,1500,1000,1900,1000,0,0,0,0,0,0,47.319988
RCIN,47359988,1500,1500,1283,1500,1500,1000,1900,1000,0,0,0,0,0,0,47.359988
RCIN,47399988,1500,1500,1283,1500,1500,1000,1900,1000,0,0,0,0,0,0,47.399988
RCIN,47439988,1500,1500,1283,1500,1500,1000,1900,1000,0,0,0,0,0,0,47.439988
RCIN,47479988,1270,1500,1283,1500,1500,1000,1900,1000,0,0,0,0,0,0,47.479988
RCIN,47519988,1270,1500,1283,1500,1500,1000,1900,1000,0,0,0,0,0,0,47.519988
RCIN,47559988,1270,1500,1283,1500,1500,1000,1900,1000,0,0,0,0,0,0,47.559988
RCIN,47599988,1270,1500,1283,1500,1500,1000,1900,1000,0,0,0,0,0,0,47.599988
RCIN,47639988,1270,1500,1283,1500,1500,1000,1900,1000,0,0,0,0,0,0,47.639988
RCIN,47679988,1270,1500,1283,1500,1500,1000,1900,1000,0,0,0,0,0,0,47.679988
RCIN,47719988,1270,1500,1283,1500,1500,1000,1900,1000,0,0,0,0,0,0,47.719988
RCIN,47759988,1270,1500,1283,1500,1500,1000,1900,1000,0,0,0,0,0,0,47.759988
RCIN,47799988,1270,1500,1283,1500,1500,1000,1900,1000,0,0,0,0,0,0,47.799988
RCIN,47839988,1270,1500,1283,1500,1500,1000,1900,1000,0,0,0,0,0,0,47.839988
RCIN,47879988,1270,1500,1283,1500,1500,1000,1900,1000,0,0,0,0,0,0,47.879988
RCIN,47919988,1270,1500,1283,1500,1500,1000,1900,1000,0,0,0,0,0,0,47.919988
RCIN,47959988,1270,1500,1283,1500,1500,1000,1900,1000,0,0,0,0,0,0,47.959988
RCIN,47999988,1270,1500,1283,1500,1500,1000,1900,1000,0,0,0,0,0,0,47.999988
RCIN,48039988,1270,1500,1283,1500,1500,1000,1900,1000,0,0,0,0,0,0,48.039988
RCIN,48079988,1270,1500,1283,1500,1500,1000,1900,1000,0,0,0,0,0,0,48.079988
RCIN,48119988,1270,1500,1283,1500,1500,1000,1900,1000,0,0,0,0,0,0,48.119988
RCIN,48159988,1270,1500,1283,1500,1500,1000,1900,1000,0,0,0,0,0,0,48.159988
RCIN,48199988,1270,1500,1283,1500,1500,1000,1900,1000,0,0,0,0,0,0,48.199988
RCIN,48239988,1270,1500,1283,1500,1500,1000,1900,1000,0,0,0,0,0,0,48.239988
RCIN,48279988,1270,1500,1283,1500,1500,1000,1900,1000,0,0,0,0,0,0,48.279988
RCIN,48319988,1270,1500,1283,1500,1500,1000,1900,1000,0,0,0,0,0,0,48.319988
RCIN,48359988,1270,1500,1283,1500,1500,1000,1900,1000,0,0,0,0,0,0,48.359988
RCIN,48399988,1270,1500,1283,1500,1500,1000,1900,1000,0,0,0,0,0,0,48.399988
RCIN,48439988,1270,1500,1283,1500,1500,1000,1900,1000,0,0,0,0,0,0,48.439988
RCIN,48479988,1270,1500,1283,1500,1500,1000,1900,1000,0,0,0,0,0,0,48.479988
RCIN,48519988,1270,1500,1283,1500,1500,1000,1900,1000,0,0,0,0,0,0,48.519988
RCIN,48559988,1270,1500,1283,1500,1500,1000,1900,1000,0,0,0,0,0,0,48.559988
RCIN,48599988,1270,1500,1283,1500,1500,1000,1900,1000,0,0,0,0,0,0,48.599988
RCIN,48639988,1270,1500,1283,1500,1500,1000,1900,1000,0,0,0,0,0,0,48.639988
RCIN,48679988,1270,1500,1282,1500,1500,1000,1900,1000,0,0,0,0,0,0,48.679988
RCIN,48719988,1270,1500,1282,1500,1500,1000,1900,1000,0,0,0,0,0,0,48.719988
RCIN,48759988,1270,1500,1282,1500,1500,1000,1900,1000,0,0,0,0,0,0,48.759988
RCIN,48799988,1270,1500,1282,1500,1500,1000,1900,1000,0,0,0,0,0,0,48.799988
RCIN,48839988,1270,1500,1282,1500,1500,1000,1900,1000,0,0,0,0,0,0,48.839988
RCIN,48879988,1270,1500,1282,1500,1500,1000,1900,1000,0,0,0,0,0,0,48.879988
RCIN,48919988,1270,1500,1282,1500,1500,1000,1900,1000,0,0,0,0,0,0,48.919988
RCIN,48959988,1270,1500,1282,1500,1500,1000,1900,1000,0,0,0,0,0,0,48.959988
RCIN,48999988,1270,1500,1282,1500,1500,1000,1900,1000,0,0,0,0,0,0,48.999988
RCIN,49039988,1270,1500,1282,1500,1500,1000,1900,1000,0,0,0,0,0,0,49.039988
RCIN,49079988,1270,1500,1282,1500,1500,1000,1900,1000,0,0,0,0,0,0,49.079988
RCIN,49119988,1270,1500,1282,1500,1500,1000,1900,1000,0,0,0,0,0,0,49.119988
RCIN,49159988,1270,1500,1281,1500,1500,1000,1900,1000,0,0,0,0,0,0,49.159988
RCIN,49199988,1270,1500,1281,1500,1500,1000,1900,1000,0,0,0,0,0,0,49.199988
RCIN,49239988,1270,1500,1281,1500,1500,1000,1900,1000,0,0,0,0,0,0,49.239988
RCIN,49279988,1500,1500,1281,1500,1500,1000,1900,1000,0,0,0,0,0,0,49.279988
RCIN,49319988,1500,1500,1281,1500,1500,1000,1900,1000,0,0,0,0,0,0,49.319988
RCIN,49359988,1500,1500,1281,1500,1500,1000,1900,1000,0,0,0,0,0,0,49.359988
RCIN,49399988,1500,1500,1281,1500,1500,1000,1900,1000,0,0,0,0,0,0,49.399988
RCIN,49439988,1500,1500,1281,1500,1500,1000,1900,1000,0,0,0,0,0,0,49.439988
RCIN,49479988,1500,1500,1281,1500,1500,1000,1900,1000,0,0,0,0,0,0,49.479988
RCIN,49519988,1500,1500,1281,1500,1500,1000,1900,1000,0,0,0,0,0,0,49.519988
RCIN,49559988,1500,1500,1280,1500,1500,1000,1900,1000,0,0,0,0,0,0,49.559988
RCIN,49599988,1500,1500,1280,1500,1500,1000,1900,1000,0,0,0,0,0,0,49.599988
RCIN,49639988,1500,1500,1280,1500,1500,1000,1900,1000,0,0,0,0,0,0,49.639988
RCIN,49679988,1500,1500,1280,1500,1500,1000,1900,1000,0,0,0,0,0,0,49.679988
RCIN,49719988,1500,1500,1280,1500,1500,1000,1900,1000,0,0,0,0,0,0,49.719988
RCIN,49759988,1500,1500,1280,1500,1500,1000,1900,1000,0,0,0,0,0,0,49.759988
RCIN,49799988,1500,1500,1279,1500,1500,1000,1900,1000,0,0,0,0,0,0,49.799988
RCIN,49839988,1500,1500,1279,1500,1500,1000,1900,1000,0,0,0,0,0,0,49.839988
RCIN,49879988,1500,1500,1279,1500,1500,1000,1900,1000,0,0,0,0,0,0,49.879988
RCIN,49919988,1500,1500,1279,1500,1500,1000,1900,1000,0,0,0,0,0,0,49.919988
RCIN,49959988,1500,1500,1278,1500,1500,1000,1900,1000,0,0,0,0,0,0,49.959988
RCIN,49999988,1500,1500,1278,1500,1500,1000,1900,1000,0,0,0,0,0,0,49.999988
RCIN,50039988,1500,1500,1278,1500,1500,1000,1900,1000,0,0,0,0,0,0,50.039988
RCIN,50079988,1500,1500,1278,1500,1500,1000,1900,1000,0,0,0,0,0,0,50.079988
RCIN,50119988,1500,1500,1277,1500,1500,1000,1900,1000,0,0,0,0,0,0,50.119988
RCIN,50159988,1500,1500,1277,1500,1500,1000,1900,1000,0,0,0,0,0,0,50.159988
RCIN,50199988,1500,1500,1277,1500,1500,1000,1900,1000,0,0,0,0,0,0,50.199988
RCIN,50239988,1500,1500,1277,1500,1500,1000,1900,1000,0,0,0,0,0,0,50.239988
RCIN,50279988,1500,1500,1277,1500,1500,1000,1900,1000,0,0,0,0,0,0,50.279988
RCIN,50319988,1500,1500,1277,1500,1500,1000,1900,1000,0,0,0,0,0,0,50.319988
RCIN,50359988,1730,1500,1276,1500,1500,1000,1900,1000,0,0,0,0,0,0,50.359988
RCIN,50399988,1730,1500,1276,1500,1500,1000,1900,1000,0,0,0,0,0,0,50.399988
RCIN,50439988,1730,1500,1276,1500,1500,1000,1900,1000,0,0,0,0,0,0,50.439988
RCIN,50479988,1730,1500,1276,1500,1500,1000,1900,1000,0,0,0,0,0,0,50.479988
RCIN,50519988,1730,1500,1276,1500,1500,1000,1900,1000,0,0,0,0,0,0,50.519988
RCIN,50559988,1730,1500,1276,1500,1500,1000,1900,1000,0,0,0,0,0,0,50.559988
RCIN,50599988,1730,1500,1276,1500,1500,1000,1900,1000,0,0,0,0,0,0,50.599988
RCIN,50639988,1730,1500,1276,1500,1500,1000,1900,1000,0,0,0,0,0,0,50.639988
RCIN,50679988,1730,1500,1276,1500,1500,1000,1900,1000,0,0,0,0,0,0,50.679988
RCIN,50719988,1730,1500,1276,1500,1500,1000,1900,1000,0,0,0,0,0,0,50.719988
RCIN,50759988,1730,1500,1276,1500,1500,1000,1900,1000,0,0,0,0,0,0,50.759988
RCIN,50799988,1730,1500,1276,1500,1500,1000,1900,1000,0,0,0,0,0,0,50.799988
RCIN,50839988,1730,1500,1276,1500,1500,1000,1900,1000,0,0,0,0,0,0,50.839988
RCIN,50879988,1730,1500,1276,1500,1500,1000,1900,1000,0,0,0,0,0,0,50.879988
RCIN,50919988,1730,1500,1276,1500,1500,1000,1900,1000,0,0,0,0,0,0,50.919988
RCIN,50959988,1730,1500,1276,1500,1500,1000,1900,1000,0,0,0,0,0,0,50.959988
RCIN,50999988,1730,1500,1276,1500,1500,1000,1900,1000,0,0,0,0,0,0,50.999988
RCIN,51039988,1730,1500,1276,1500,1500,1000,1900,1000,0,0,0,0,0,0,51.039988
RCIN,51079988,1730,1500,1276,1500,1500,1000,1900,1000,0,0,0,0,0,0,51.079988
RCIN,51119988,1730,1500,1276,1500,1500,1000,1900,1000,0,0,0,0,0,0,51.119988
RCIN,51159988,1730,1500,1276,1500,1500,1000,1900,1000,0,0,0,0,0,0,51.159988
RCIN,51199988,1730,1500,1275,1500,1500,1000,1900,1000,0,0,0,0,0,0,51.199988
RCIN,51239988,1730,1500,1275,1500,1500,1000,1900,1000,0,0,0,0,0,0,51.239988
RCIN,51279988,1730,1500,1275,1500,1500,1000,1900,1000,0,0,0,0,0,0,51.279988
RCIN,51319988,1730,1500,1275,1500,1500,1000,1900,1000,0,0,0,0,0,0,51.319988
RCIN,51359988,1730,1500,1275,1500,1500,1000,1900,1000,0,0,0,0,0,0,51.359988
RCIN,51399988,1730,1500,1274,1500,1500,1000,1900,1000,0,0,0,0,0,0,51.399988
RCIN,51439988,1730,1500,1274,1500,1500,1000,1900,1000,0,0,0,0,0,0,51.439988
RCIN,51479988,1730,1500,1274,1500,1500,1000,1900,1000,0,0,0,0,0,0,51.479988
RCIN,51519988,1730,1500,1274,1500,1500,1000,1900,1000,0,0,0,0,0,0,51.519988
RCIN,51559988,1730,1500,1273,1500,1500,1000,1900,1000,0,0,0,0,0,0,51.559988
RCIN,51599988,1730,1500,1273,1500,1500,1000,1900,1000,0,0,0,0,0,0,51.599988
RCIN,51639988,1730,1500,1273,1500,1500,1000,1900,1000,0,0,0,0,0,0,51.639988
RCIN,51679988,1730,1500,1272,1500,1500,1000,1900,1000,0,0,0,0,0,0,51.679988
RCIN,51719988,1730,1500,1272,1500,1500,1000,1900,1000,0,0,0,0,0,0,51.719988
RCIN,51759988,1730,1500,1272,1500,1500,1000,1900,1000,0,0,0,0,0,0,51.759988
RCIN,51799988,1730,1500,1271,1500,1500,1000,1900,1000,0,0,0,0,0,0,51.799988
RCIN,51839988,1730,1500,1271,1500,1500,1000,1900,1000,0,0,0,0,0,0,51.839988
RCIN,51879988,1730,1500,1271,1500,1500,1000,1900,1000,0,0,0,0,0,0,51.879988
RCIN,51919988,1730,1500,1270,1500,1500,1000,1900,1000,0,0,0,0,0,0,51.919988
RCIN,51959988,1730,1500,1270,1500,1500,1000,1900,1000,0,0,0,0,0,0,51.959988
RCIN,51999988,1730,1500,1270,1500,1500,1000,1900,1000,0,0,0,0,0,0,51.999988
RCIN,52039988,1730,1500,1269,1500,1500,1000,1900,1000,0,0,0,0,0,0,52.039988
RCIN,52079988,1730,1500,1269,1500,1500,1000,1900,1000,0,0,0,0,0,0,52.079988
RCIN,52119988,1730,1500,1269,1500,1500,1000,1900,1000,0,0,0,0,0,0,52.119988
RCIN,52159988,1500,1500,1269,1500,1500,1000,1900,1000,0,0,0,0,0,0,52.159988
RCIN,52199988,1500,1500,1268,1500,1500,1000,1900,1000,0,0,0,0,0,0,52.199988
RCIN,52239988,1500,1500,1268,1500,1500,1000,1900,1000,0,0,0,0,0,0,52.239988
RCIN,52279988,1500,1500,1268,1500,1500,1000,1900,1000,0,0,0,0,0,0,52.279988
RCIN,52319988,1500,1500,1268,1500,1500,1000,1900,1000,0,0,0,0,0,0,52.319988
RCIN,52359988,1500,1500,1267,1500,1500,1000,1900,1000,0,0,0,0,0,0,52.359988
RCIN,52399988,1500,1500,1267,1500,1500,1000,1900,1000,0,0,0,0,0,0,52.399988
RCIN,52439988,1500,1500,1267,1500,1500,1000,1900,1000,0,0,0,0,0,0,52.439988
RCIN,52479988,1500,1500,1267,1500,1500,1000,1900,1000,0,0,0,0,0,0,52.479988
RCIN,52519988,1500,1500,1266,1500,1500,1000,1900,1000,0,0,0,0,0,0,52.519988
RCIN,52559988,1500,1500,1266,1500,1500,1000,1900,1000,0,0,0,0,0,0,52.559988
RCIN,52599988,1500,1500,1266,1500,1500,1000,1900,1000,0,0,0,0,0,0,52.599988
RCIN,52639988,1500,1500,1266,1500,1500,1000,1900,1000,0,0,0,0,0,0,52.639988
RCIN,52679988,1500,1500,1266,1500,1500,1000,1900,1000,0,0,0,0,0,0,52.679988
RCIN,52719988,1500,1500,1266,1500,1500,1000,1900,1000,0,0,0,0,0,0,52.719988
RCIN,52759988,1500,1500,1265,1500,1500,1000,1900,1000,0,0,0,0,0,0,52.759988
RCIN,52799988,1500,1500,1265,1500,1500,1000,1900,1000,0,0,0,0,0,0,52.799988
RCIN,52839988,1500,1500,1265,1500,1500,1000,1900,1000,0,0,0,0,0,0,52.839988
RCIN,52879988,1500,1500,1265,1500,1500,1000,1900,1000,0,0,0,0,0,0,52.879988
RCIN,52919988,1500,1500,1265,1500,1500,1000,1900,1000,0,0,0,0,0,0,52.919988
RCIN,52959988,1500,1500,1265,1500,1500,1000,1900,1000,0,0,0,0,0,0,52.959988
RCIN,52999988,1500,1500,1265,1500,1500,1000,1900,1000,0,0,0,0,0,0,52.999988
RCIN,53039988,1500,1500,1265,1500,1500,1000,1900,1000,0,0,0,0,0,0,53.039988
RCIN,53079988,1500,1500,1265,1500,1500,1000,1900,1000,0,0,0,0,0,0,53.079988
RCIN,53119988,1500,1500,1264,1500,1500,1000,1900,1000,0,0,0,0,0,0,53.119988
RCIN,53159988,1500,1500,1264,1500,1500,1000,1900,1000,0,0,0,0,0,0,53.159988
RCIN,53199988,1500,1500,1264,1500,1500,1000,1900,1000,0,0,0,0,0,0,53.199988
RCIN,53239988,1270,1500,1264,1500,1500,1000,1900,1000,0,0,0,0,0,0,53.239988
RCIN,53279988,1270,1500,1264,1500,1500,1000,1900,1000,0,0,0,0,0,0,53.279988
RCIN,53319988,1270,1500,1264,1500,1500,1000,1900,1000,0,0,0,0,0,0,53.319988
RCIN,53359988,1270,1500,1264,1500,1500,1000,1900,1000,0,0,0,0,0,0,53.359988
RCIN,53399988,1270,1500,1265,1500,1500,1000,1900,1000,0,0,0,0,0,0,53.399988
RCIN,53439988,1270,1500,1265,1500,1500,1000,1900,1000,0,0,0,0,0,0,53.439988
RCIN,53479988,1270,1500,1265,1500,1500,1000,1900,1000,0,0,0,0,0,0,53.479988
RCIN,53519988,1270,1500,1265,1500,1500,1000,1900,1000,0,0,0,0,0,0,53.519988
RCIN,53559988,1270,1500,1265,1500,1500,1000,1900,1000,0,0,0,0,0,0,53.559988
RCIN,53599988,1270,1500,1265,1500,1500,1000,1900,1000,0,0,0,0,0,0,53.599988
RCIN,53639988,1270,1500,1265,1500,1500,1000,1900,1000,0,0,0,0,0,0,53.639988
RCIN,53679988,1270,1500,1265,1500,1500,1000,1900,1000,0,0,0,0,0,0,53.679988
RCIN,53719988,1270,1500,1265,1500,1500,1000,1900,1000,0,0,0,0,0,0,53.719988
RCIN,53759988,1270,1500,1265,1500,1500,1000,1900,1000,0,0,0,0,0,0,53.759988
RCIN,53799988,1270,1500,1265,1500,1500,1000,1900,1000,0,0,0,0,0,0,53.799988
RCIN,53839988,1270,1500,1265,1500,1500,1000,1900,1000,0,0,0,0,0,0,53.839988
RCIN,53879988,1270,1500,1265,1500,1500,1000,1900,1000,0,0,0,0,0,0,53.879988
RCIN,53919988,1270,1500,1265,1500,1500,1000,1900,1000,0,0,0,0,0,0,53.919988
RCIN,53959988,1270,1500,1265,1500,1500,1000,1900,1000,0,0,0,0,0,0,53.959988
RCIN,53999988,1270,1500,1265,1500,1500,1000,1900,1000,0,0,0,0,0,0,53.999988
RCIN,54039988,1270,1500,1265,1500,1500,1000,1900,1000,0,0,0,0,0,0,54.039988
RCIN,54079988,1270,1500,1265,1500,1500,1000,1900,1000,0,0,0,0,0,0,54.079988
RCIN,54119988,1270,1500,1265,1500,1500,1000,1900,1000,0,0,0,0,0,0,54.119988
RCIN,54159988,1270,1500,1265,1500,1500,1000,1900,1000,0,0,0,0,0,0,54.159988
RCIN,54199988,1270,1500,1265,1500,1500,1000,1900,1000,0,0,0,0,0,0,54.199988
RCIN,54239988,1270,1500,1265,1500,1500,1000,1900,1000,0,0,0,0,0,0,54.239988
RCIN,54279988,1270,1500,1265,1500,1500,1000,1900,1000,0,0,0,0,0,0,54.279988
RCIN,54319988,1270,1500,1265,1500,1500,1000,1900,1000,0,0,0,0,0,0,54.319988
RCIN,54359988,1270,1500,1265,1500,1500,1000,1900,1000,0,0,0,0,0,0,54.359988
RCIN,54399988,1270,1500,1265,1500,1500,1000,1900,1000,0,0,0,0,0,0,54.399988
RCIN,54439988,1270,1500,1265,1500,1500,1000,1900,1000,0,0,0,0,0,0,54.439988
RCIN,54479988,1270,1500,1265,1500,1500,1000,1900,1000,0,0,0,0,0,0,54.479988
RCIN,54519988,1270,1500,1265,1500,1500,1000,1900,1000,0,0,0,0,0,0,54.519988
RCIN,54559988,1270,1500,1265,1500,1500,1000,1900,1000,0,0,0,0,0,0,54.559988
RCIN,54599988,1270,1500,1264,1500,1500,1000,1900,1000,0,0,0,0,0,0,54.599988
RCIN,54639988,1270,1500,1264,1500,1500,1000,1900,1000,0,0,0,0,0,0,54.639988
RCIN,54679988,1270,1500,1264,1500,1500,1000,1900,1000,0,0,0,0,0,0,54.679988
RCIN,54719988,1270,1500,1264,1500,1500,1000,1900,1000,0,0,0,0,0,0,54.719988
RCIN,54759988,1270,1500,1263,1500,1500,1000,1900,1000,0,0,0,0,0,0,54.759988
RCIN,54799988,1270,1500,1263,1500,1500,1000,1900,1000,0,0,0,0,0,0,54.799988
RCIN,54839988,1270,1500,1263,1500,1500,1000,1900,1000,0,0,0,0,0,0,54.839988
RCIN,54879988,1270,1500,1263,1500,1500,1000,1900,1000,0,0,0,0,0,0,54.879988
RCIN,54919988,1270,1500,1262,1500,1500,1000,1900,1000,0,0,0,0,0,0,54.919988
RCIN,54959988,1270,1500,1262,1500,1500,1000,1900,1000,0,0,0,0,0,0,54.959988
RCIN,54999988,1270,1500,1262,1500,1500,1000,1900,1000,0,0,0,0,0,0,54.999988
RCIN,55039988,1500,1500,1261,1500,1500,1000,1900,1000,0,0,0,0,0,0,55.039988
RCIN,55079988,1500,1500,1261,1500,1500,1000,1900,1000,0,0,0,0,0,0,55.079988
RCIN,55119988,1500,1500,1261,1500,1500,1000,1900,1000,0,0,0,0,0,0,55.119988
RCIN,55159988,1500,1500,1260,1500,1500,1000,1900,1000,0,0,0,0,0,0,55.159988
RCIN,55199988,1500,1500,1260,1500,1500,1000,1900,1000,0,0,0,0,0,0,55.199988
RCIN,55239988,1500,1500,1260,1500,1500,1000,1900,1000,0,0,0,0,0,0,55.239988
RCIN,55279988,1500,1500,1260,1500,1500,1000,1900,1000,0,0,0,0,0,0,55.279988
RCIN,55319988,1500,1500,1259,1500,1500,1000,1900,1000,0,0,0,0,0,0,55.319988
RCIN,55359988,1500,1500,1259,1500,1500,1000,1900,1000,0,0,0,0,0,0,55.359988
RCIN,55399988,1500,1500,1259,1500,1500,1000,1900,1000,0,0,0,0,0,0,55.399988
RCIN,55439988,1500,1500,1259,1500,1500,1000,1900,1000,0,0,0,0,0,0,55.439988
RCIN,55479988,1500,1500,1258,1500,1500,1000,1900,1000,0,0,0,0,0,0,55.479988
RCIN,55519988,1500,1500,1258,1500,1500,1000,1900,1000,0,0,0,0,0,0,55.519988
RCIN,55559988,1500,1500,1258,1500,1500,1000,1900,1000,0,0,0,0,0,0,55.559988
RCIN,55599988,1500,1500,1258,1500,1500,1000,1900,1000,0,0,0,0,0,0,55.599988
RCIN,55639988,1500,1500,1258,1500,1500,1000,1900,1000,0,0,0,0,0,0,55.639988
RCIN,55679988,1500,1500,1257,1500,1500,1000,1900,1000,0,0,0,0,0,0,55.679988
RCIN,55719988,1500,1500,1257,1500,1500,1000,1900,1000,0,0,0,0,0,0,55.719988
RCIN,55759988,1500,1500,1257,1500,1500,1000,1900,1000,0,0,0,0,0,0,55.759988
RCIN,55799988,1500,1500,1257,1500,1500,1000,1900,1000,0,0,0,0,0,0,55.799988
RCIN,55839988,1500,1500,1257,1500,1500,1000,1900,1000,0,0,0,0,0,0,55.839988
RCIN,55879988,1500,1500,1257,1500,1500,1000,1900,1000,0,0,0,0,0,0,55.879988
RCIN,55919988,1500,1500,1256,1500,1500,1000,1900,1000,0,0,0,0,0,0,55.919988
RCIN,55959988,1500,1500,1256,1500,1500,1000,1900,1000,0,0,0,0,0,0,55.959988
RCIN,55999988,1500,1500,1256,1500,1500,1000,1900,1000,0,0,0,0,0,0,55.999988
RCIN,56039988,1500,1500,1256,1500,1500,1000,1900,1000,0,0,0,0,0,0,56.039988
RCIN,56079988,1500,1500,1256,1500,1500,1000,1900,1000,0,0,0,0,0,0,56.079988
RCIN,56119988,1730,1500,1256,1500,1500,1000,1900,1000,0,0,0,0,0,0,56.119988
RCIN,56159988,1730,1500,1256,1500,1500,1000,1900,1000,0,0,0,0,0,0,56.159988
RCIN,56199988,1730,1500,1255,1500,1500,1000,1900,1000,0,0,0,0,0,0,56.199988
RCIN,56239988,1730,1500,1255,1500,1500,1000,1900,1000,0,0,0,0,0,0,56.239988
RCIN,56279988,1730,1500,1255,1500,1500,1000,1900,1000,0,0,0,0,0,0,56.279988
RCIN,56319988,1730,1500,1255,1500,1500,1000,1900,1000,0,0,0,0,0,0,56.319988
RCIN,56359988,1730,1500,1255,1500,1500,1000,1900,1000,0,0,0,0,0,0,56.359988
RCIN,56399988,1730,1500,1256,1500,1500,1000,1900,1000,0,0,0,0,0,0,56.399988
RCIN,56439988,1730,1500,1256,1500,1500,1000,1900,1000,0,0,0,0,0,0,56.439988
RCIN,56479988,1730,1500,1256,1500,1500,1000,1900,1000,0,0,0,0,0,0,56.479988
RCIN,56519988,1730,1500,1256,1500,1500,1000,1900,1000,0,0,0,0,0,0,56.519988
RCIN,56559988,1730,1500,1256,1500,1500,1000,1900,1000,0,0,0,0,0,0,56.559988
RCIN,56599988,1730,1500,1256,1500,1500,1000,1900,1000,0,0,0,0,0,0,56.599988
RCIN,56639988,1730,1500,1256,1500,1500,1000,1900,1000,0,0,0,0,0,0,56.639988
RCIN,56679988,1730,1500,1256,1500,1500,1000,1900,1000,0,0,0,0,0,0,56.679988
RCIN,56719988,1730,1500,1256,1500,1500,1000,1900,1000,0,0,0,0,0,0,56.719988
RCIN,56759988,1730,1500,1256,1500,1500,1000,1900,1000,0,0,0,0,0,0,56.759988
RCIN,56799988,1730,1500,1256,1500,1500,1000,1900,1000,0,0,0,0,0,0,56.799988
RCIN,56839988,1730,1500,1255,1500,1500,1000,1900,1000,0,0,0,0,0,0,56.839988
RCIN,56879988,1730,1500,1255,1500,1500,1000,1900,1000,0,0,0,0,0,0,56.879988
RCIN,56919988,1730,1500,1255,1500,1500,1000,1900,1000,0,0,0,0,0,0,56.919988
RCIN,56959988,1730,1500,1255,1500,1500,1000,1900,1000,0,0,0,0,0,0,56.959988
RCIN,56999988,1730,1500,1255,1500,1500,1000,1900,1000,0,0,0,0,0,0,56.999988
RCIN,57039988,1730,1500,1255,1500,1500,1000,1900,1000,0,0,0,0,0,0,57.039988
RCIN,57079988,1730,1500,1255,1500,1500,1000,1900,1000,0,0,0,0,0,0,57.079988
RCIN,57119988,1730,1500,1255,1500,1500,1000,1900,1000,0,0,0,0,0,0,57.119988
RCIN,57159988,1730,1500,1255,1500,1500,1000,1900,1000,0,0,0,0,0,0,57.159988
RCIN,57199988,1730,1500,1254,1500,1500,1000,1900,1000,0,0,0,0,0,0,57.199988
RCIN,57239988,1730,1500,1254,1500,1500,1000,1900,1000,0,0,0,0,0,0,57.239988
RCIN,57279988,1730,1500,1254,1500,1500,1000,1900,1000,0,0,0,0,0,0,57.279988
RCIN,57319988,1730,1500,1254,1500,1500,1000,1900,1000,0,0,0,0,0,0,57.319988
RCIN,57359988,1730,1500,1253,1500,1500,1000,1900,1000,0,0,0,0,0,0,57.359988
RCIN,57399988,1730,1500,1253,1500,1500,1000,1900,1000,0,0,0,0,0,0,57.399988
RCIN,57439988,1730,1500,1253,1500,1500,1000,1900,1000,0,0,0,0,0,0,57.439988
RCIN,57479988,1730,1500,1253,1500,1500,1000,1900,1000,0,0,0,0,0,0,57.479988
RCIN,57519988,1730,1500,1252,1500,1500,1000,1900,1000,0,0,0,0,0,0,57.519988
RCIN,57559988,1730,1500,1252,1500,1500,1000,1900,1000,0,0,0,0,0,0,57.559988
RCIN,57599988,1730,1500,1252,1500,1500,1000,1900,1000,0,0,0,0,0,0,57.599988
RCIN,57639988,1730,1500,1251,1500,1500,1000,1900,1000,0,0,0,0,0,0,57.639988
RCIN,57679988,1730,1500,1251,1500,1500,1000,1900,1000,0,0,0,0,0,0,57.679988
RCIN,57719988,1730,1500,1251,1500,1500,1000,1900,1000,0,0,0,0,0,0,57.719988
RCIN,57759988,1730,1500,1250,1500,1500,1000,1900,1000,0,0,0,0,0,0,57.759988
RCIN,57799988,1730,1500,1250,1500,1500,1000,1900,1000,0,0,0,0,0,0,57.799988
RCIN,57839988,1730,1500,1250,1500,1500,1000,1900,1000,0,0,0,0,0,0,57.839988
RCIN,57879988,1730,1500,1249,1500,1500,1000,1900,1000,0,0,0,0,0,0,57.879988
RCIN,57919988,1500,1500,1249,1500,1500,1000,1900,1000,0,0,0,0,0,0,57.919988
RCIN,57959988,1500,1500,1249,1500,1500,1000,1900,1000,0,0,0,0,0,0,57.959988
RCIN,57999988,1500,1500,1249,1500,1500,1000,1900,1000,0,0,0,0,0,0,57.999988
RCIN,58039988,1500,1500,1249,1500,1500,1000,1900,1000,0,0,0,0,0,0,58.039988
RCIN,58079988,1500,1500,1249,1500,1500,1000,1900,1000,0,0,0,0,0,0,58.079988
RCIN,58119988,1500,1500,1248,1500,1500,1000,1900,1000,0,0,0,0,0,0,58.119988
RCIN,58159988,1500,1500,1248,1500,1500,1000,1900,1000,0,0,0,0,0,0,58.159988
RCIN,58199988,1500,1500,1248,1500,1500,1000,1900,1000,0,0,0,0,0,0,58.199988
RCIN,58239988,1500,1500,1248,1500,1500,1000,1900,1000,0,0,0,0,0,0,58.239988
RCIN,58279988,1500,1500,1248,1500,1500,1000,1900,1000,0,0,0,0,0,0,58.279988
RCIN,58319988,1500,1500,1248,1500,1500,1000,1900,1000,0,0,0,0,0,0,58.319988
RCIN,58359988,1500,1500,1248,1500,1500,1000,1900,1000,0,0,0,0,0,0,58.359988
RCIN,58399988,1500,1500,1247,1500,1500,1000,1900,1000,0,0,0,0,0,0,58.399988
RCIN,58439988,1500,1500,1247,1500,1500,1000,1900,1000,0,0,0,0,0,0,58.439988
RCIN,58479988,1500,1500,1247,1500,1500,1000,1900,1000,0,0,0,0,0,0,58.479988
RCIN,58519988,1500,1500,1247,1500,1500,1000,1900,1000,0,0,0,0,0,0,58.519988
RCIN,58559988,1500,1500,1247,1500,1500,1000,1900,1000,0,0,0,0,0,0,58.559988
RCIN,58599988,1500,1500,1247,1500,1500,1000,1900,1000,0,0,0,0,0,0,58.599988
RCIN,58639988,1500,1500,1246,1500,1500,1000,1900,1000,0,0,0,0,0,0,58.639988
RCIN,58679988,1500,1500,1246,1500,1500,1000,1900,1000,0,0,0,0,0,0,58.679988
RCIN,58719988,1500,1500,1246,1500,1500,1000,1900,1000,0,0,0,0,0,0,58.719988
RCIN,58759988,1500,1500,1246,1500,1500,1000,1900,1000,0,0,0,0,0,0,58.759988
RCIN,58799988,1500,1500,1246,1500,1500,1000,1900,1000,0,0,0,0,0,0,58.799988
RCIN,58839988,1500,1500,1245,1500,1500,1000,1900,1000,0,0,0,0,0,0,58.839988
RCIN,58879988,1500,1500,1245,1500,1500,1000,1900,1000,0,0,0,0,0,0,58.879988
RCIN,58919988,1500,1500,1245,1500,1500,1000,1900,1000,0,0,0,0,0,0,58.919988
RCIN,58959988,1500,1500,1245,1500,1500,1000,1900,1000,0,0,0,0,0,0,58.959988
RCIN,58999988,1270,1500,1245,1500,1500,1000,1900,1000,0,0,0,0,0,0,58.999988
RCIN,59039988,1270,1500,1245,1500,1500,1000,1900,1000,0,0,0,0,0,0,59.039988
RCIN,59079988,1270,1500,1245,1500,1500,1000,1900,1000,0,0,0,0,0,0,59.079988
RCIN,59119988,1270,1500,1244,1500,1500,1000,1900,1000,0,0,0,0,0,0,59.119988
RCIN,59159988,1270,1500,1244,1500,1500,1000,1900,1000,0,0,0,0,0,0,59.159988
RCIN,59199988,1270,1500,1244,1500,1500,1000,1900,1000,0,0,0,0,0,0,59.199988
RCIN,59239988,1270,1500,1244,1500,1500,1000,1900,1000,0,0,0,0,0,0,59.239988
RCIN,59279988,1270,1500,1244,1500,1500,1000,1900,1000,0,0,0,0,0,0,59.279988
RCIN,59319988,1270,1500,1244,1500,1500,1000,1900,1000,0,0,0,0,0,0,59.319988
RCIN,59359988,1270,1500,1244,1500,1500,1000,1900,1000,0,0,0,0,0,0,59.359988
RCIN,59399988,1270,1500,1244,1500,1500,1000,1900,1000,0,0,0,0,0,0,59.399988
RCIN,59439988,1270,1500,1244,1500,1500,1000,1900,1000,0,0,0,0,0,0,59.439988
RCIN,59479988,1270,1500,1244,1500,1500,1000,1900,1000,0,0,0,0,0,0,59.479988
RCIN,59519988,1270,1500,1244,1500,1500,1000,1900,1000,0,0,0,0,0,0,59.519988
RCIN,59559988,1270,1500,1244,1500,1500,1000,1900,1000,0,0,0,0,0,0,59.559988
RCIN,59599988,1270,1500,1244,1500,1500,1000,1900,1000,0,0,0,0,0,0,59.599988
RCIN,59639988,1270,1500,1244,1500,1500,1000,1900,1000,0,0,0,0,0,0,59.639988
RCIN,59679988,1270,1500,1244,1500,1500,1000,1900,1000,0,0,0,0,0,0,59.679988
RCIN,59719988,1270,1500,1244,1500,1500,1000,1900,1000,0,0,0,0,0,0,59.719988
RCIN,59759988,1270,1500,1244,1500,1500,1000,1900,1000,0,0,0,0,0,0,59.759988
RCIN,59799988,1270,1500,1244,1500,1500,1000,1900,1000,0,0,0,0,0,0,59.799988
RCIN,59839988,1270,1500,1245,1500,1500,1000,1900,1000,0,0,0,0,0,0,59.839988
RCIN,59879988,1270,1500,1245,1500,1500,1000,1900,1000,0,0,0,0,0,0,59.879988
RCIN,59919988,1270,1500,1245,1500,1500,1000,1900,1000,0,0,0,0,0,0,59.919988
RCIN,59959988,1270,1500,1245,1500,1500,1000,1900,1000,0,0,0,0,0,0,59.959988
RCIN,59999988,1270,1500,1245,1500,1500,1000,1900,1000,0,0,0,0,0,0,59.999988
RCIN,60039988,1270,1500,1245,1500,1500,1000,1900,1000,0,0,0,0,0,0,60.039988
RCIN,60079988,1270,1500,1244,1500,1500,1000,1900,1000,0,0,0,0,0,0,60.079988
RCIN,60119988,1270,1500,1244,1500,1500,1000,1900,1000,0,0,0,0,0,0,60.119988
RCIN,60159988,1270,1500,1244,1500,1500,1000,1900,1000,0,0,0,0,0,0,60.159988
RCIN,60199988,1270,1500,1244,1500,1500,1000,1900,1000,0,0,0,0,0,0,60.199988
RCIN,60239988,1270,1500,1244,1500,1500,1000,1900,1000,0,0,0,0,0,0,60.239988
RCIN,60279988,1270,1500,1244,1500,1500,1000,1900,1000,0,0,0,0,0,0,60.279988
RCIN,60319988,1270,1500,1243,1500,1500,1000,1900,1000,0,0,0,0,0,0,60.319988
RCIN,60359988,1270,1500,1243,1500,1500,1000,1900,1000,0,0,0,0,0,0,60.359988
RCIN,60399988,1270,1500,1243,1500,1500,1000,1900,1000,0,0,0,0,0,0,60.399988
RCIN,60439988,1270,1500,1243,1500,1500,1000,1900,1000,0,0,0,0,0,0,60.439988
RCIN,60479988,1270,1500,1242,1500,1500,1000,1900,1000,0,0,0,0,0,0,60.479988
RCIN,60519988,1270,1500,1242,1500,1500,1000,1900,1000,0,0,0,0,0,0,60.519988
RCIN,60559988,1270,1500,1242,1500,1500,1000,1900,1000,0,0,0,0,0,0,60.559988
RCIN,60599988,1270,1500,1242,1500,1500,1000,1900,1000,0,0,0,0,0,0,60.599988
RCIN,60639988,1270,1500,1241,1500,1500,1000,1900,1000,0,0,0,0,0,0,60.639988
RCIN,60679988,1270,1500,1241,1500,1500,1000,1900,1000,0,0,0,0,0,0,60.679988
RCIN,60719988,1270,1500,1241,1500,1500,1000,1900,1000,0,0,0,0,0,0,60.719988
RCIN,60759988,1270,1500,1241,1500,1500,1000,1900,1000,0,0,0,0,0,0,60.759988
RCIN,60799988,1500,1500,1240,1500,1500,1000,1900,1000,0,0,0,0,0,0,60.799988
RCIN,60839988,1500,1500,1240,1500,1500,1000,1900,1000,0,0,0,0,0,0,60.839988
RCIN,60879988,1500,1500,1240,1500,1500,1000,1900,1000,0,0,0,0,0,0,60.879988
RCIN,60919988,1500,1500,1240,1500,1500,1000,1900,1000,0,0,0,0,0,0,60.919988
RCIN,60959988,1500,1500,1239,1500,1500,1000,1900,1000,0,0,0,0,0,0,60.959988
RCIN,60999988,1500,1500,1239,1500,1500,1000,1900,1000,0,0,0,0,0,0,60.999988
RCIN,61039988,1500,1500,1239,1500,1500,1000,1900,1000,0,0,0,0,0,0,61.039988
RCIN,61079988,1500,1500,1239,1500,1500,1000,1900,1000,0,0,0,0,0,0,61.079988
RCIN,61119988,1500,1500,1239,1500,1500,1000,1900,1000,0,0,0,0,0,0,61.119988
RCIN,61159988,1500,1500,1238,1500,1500,1000,1900,1000,0,0,0,0,0,0,61.159988
RCIN,61199988,1500,1500,1238,1500,1500,1000,1900,1000,0,0,0,0,0,0,61.199988
RCIN,61239988,1500,1500,1238,1500,1500,1000,1900,1000,0,0,0,0,0,0,61.239988
RCIN,61279988,1500,1500,1238,1500,1500,1000,1900,1000,0,0,0,0,0,0,61.279988
RCIN,61319988,1500,1500,1237,1500,1500,1000,1900,1000,0,0,0,0,0,0,61.319988
RCIN,61359988,1500,1500,1237,1500,1500,1000,1900,1000,0,0,0,0,0,0,61.359988
RCIN,61399988,1500,1500,1237,1500,1500,1000,1900,1000,0,0,0,0,0,0,61.399988
RCIN,61439988,1500,1500,1237,1500,1500,1000,1900,1000,0,0,0,0,0,0,61.439988
RCIN,61479988,1500,1500,1237,1500,1500,1000,1900,1000,0,0,0,0,0,0,61.479988
RCIN,61519988,1500,1500,1236,1500,1500,1000,1900,1000,0,0,0,0,0,0,61.519988
RCIN,61559988,1500,1500,1236,1500,1500,1000,1900,1000,0,0,0,0,0,0,61.559988
RCIN,61599988,1500,1500,1236,1500,1500,1000,1900,1000,0,0,0,0,0,0,61.599988
RCIN,61639988,1500,1500,1236,1500,1500,1000,1900,1000,0,0,0,0,0,0,61.639988
RCIN,61679988,1500,1500,1236,1500,1500,1000,1900,1000,0,0,0,0,0,0,61.679988
RCIN,61719988,1500,1500,1236,1500,1500,1000,1900,1000,0,0,0,0,0,0,61.719988
RCIN,61759988,1500,1500,1235,1500,1500,1000,1900,1000,0,0,0,0,0,0,61.759988
RCIN,61799988,1500,1500,1235,1500,1500,1000,1900,1000,0,0,0,0,0,0,61.799988
RCIN,61839988,1500,1500,1235,1500,1500,1000,1900,1000,0,0,0,0,0,0,61.839988
RCIN,61879988,1730,1500,1235,1500,1500,1000,1900,1000,0,0,0,0,0,0,61.879988
RCIN,61919988,1730,1500,1235,1500,1500,1000,1900,1000,0,0,0,0,0,0,61.919988
RCIN,61959988,1730,1500,1235,1500,1500,1000,1900,1000,0,0,0,0,0,0,61.959988
RCIN,61999988,1730,1500,1235,1500,1500,1000,1900,1000,0,0,0,0,0,0,61.999988
RCIN,62039988,1730,1500,1235,1500,1500,1000,1900,1000,0,0,0,0,0,0,62.039988
RCIN,62079988,1730,1500,1235,1500,1500,1000,1900,1000,0,0,0,0,0,0,62.079988
RCIN,62119988,1730,1500,1235,1500,1500,1000,1900,1000,0,0,0,0,0,0,62.119988
RCIN,62159988,1730,1500,1235,1500,1500,1000,1900,1000,0,0,0,0,0,0,62.159988
RCIN,62199988,1730,1500,1235,1500,1500,1000,1900,1000,0,0,0,0,0,0,62.199988
RCIN,62239988,1730,1500,1235,1500,1500,1000,1900,1000,0,0,0,0,0,0,62.239988
RCIN,62279988,1730,1500,1235,1500,1500,1000,1900,1000,0,0,0,0,0,0,62.279988
RCIN,62319988,1730,1500,1235,1500,1500,1000,1900,1000,0,0,0,0,0,0,62.319988
RCIN,62359988,1730,1500,1235,1500,1500,1000,1900,1000,0,0,0,0,0,0,62.359988
RCIN,62399988,1730,1500,1235,1500,1500,1000,1900,1000,0,0,0,0,0,0,62.399988
RCIN,62439988,1730,1500,1235,1500,1500,1000,1900,1000,0,0,0,0,0,0,62.439988
RCIN,62479988,1730,1500,1235,1500,1500,1000,1900,1000,0,0,0,0,0,0,62.479988
RCIN,62519988,1730,1500,1235,1500,1500,1000,1900,1000,0,0,0,0,0,0,62.519988
RCIN,62559988,1730,1500,1235,1500,1500,1000,1900,1000,0,0,0,0,0,0,62.559988
RCIN,62599988,1730,1500,1235,1500,1500,1000,1900,1000,0,0,0,0,0,0,62.599988
RCIN,62639988,1730,1500,1235,1500,1500,1000,1900,1000,0,0,0,0,0,0,62.639988
RCIN,62679988,1730,1500,1236,1500,1500,1000,1900,1000,0,0,0,0,0,0,62.679988
RCIN,62719988,1730,1500,1235,1500,1500,1000,1900,1000,0,0,0,0,0,0,62.719988
RCIN,62759988,1730,1500,1235,1500,1500,1000,1900,1000,0,0,0,0,0,0,62.759988
RCIN,62799988,1730,1500,1235,1500,1500,1000,1900,1000,0,0,0,0,0,0,62.799988
RCIN,62839988,1730,1500,1235,1500,1500,1000,1900,1000,0,0,0,0,0,0,62.839988
RCIN,62879988,1730,1500,1235,1500,1500,1000,1900,1000,0,0,0,0,0,0,62.879988
RCIN,62919988,1730,1500,1235,1500,1500,1000,1900,1000,0,0,0,0,0,0,62.919988
RCIN,62959988,1730,1500,1235,1500,1500,1000,1900,1000,0,0,0,0,0,0,62.959988
RCIN,62999988,1730,1500,1235,1500,1500,1000,1900,1000,0,0,0,0,0,0,62.999988
RCIN,63039988,1730,1500,1234,1500,1500,1000,1900,1000,0,0,0,0,0,0,63.039988
RCIN,63079988,1730,1500,1234,1500,1500,1000,1900,1000,0,0,0,0,0,0,63.079988
RCIN,63119988,1730,1500,1234,1500,1500,1000,1900,1000,0,0,0,0,0,0,63.119988
RCIN,63159988,1730,1500,1233,1500,1500,1000,1900,1000,0,0,0,0,0,0,63.159988
RCIN,63199988,1730,1500,1233,1500,1500,1000,1900,1000,0,0,0,0,0,0,63.199988
RCIN,63239988,1730,1500,1233,1500,1500,1000,1900,1000,0,0,0,0,0,0,63.239988
RCIN,63279988,1730,1500,1233,1500,1500,1000,1900,1000,0,0,0,0,0,0,63.279988
RCIN,63319988,1730,1500,1232,1500,1500,1000,1900,1000,0,0,0,0,0,0,63.319988
RCIN,63359988,1730,1500,1232,1500,1500,1000,1900,1000,0,0,0,0,0,0,63.359988
RCIN,63399988,1730,1500,1232,1500,1500,1000,1900,1000,0,0,0,0,0,0,63.399988
RCIN,63439988,1730,1500,1232,1500,1500,1000,1900,1000,0,0,0,0,0,0,63.439988
RCIN,63479988,1730,1500,1231,1500,1500,1000,1900,1000,0,0,0,0,0,0,63.479988
RCIN,63519988,1730,1500,1231,1500,1500,1000,1900,1000,0,0,0,0,0,0,63.519988
RCIN,63559988,1730,1500,1231,1500,1500,1000,1900,1000,0,0,0,0,0,0,63.559988
RCIN,63599988,1730,1500,1231,1500,1500,1000,1900,1000,0,0,0,0,0,0,63.599988
RCIN,63639988,1730,1500,1230,1500,1500,1000,1900,1000,0,0,0,0,0,0,63.639988
RCIN,63679988,1500,1500,1230,1500,1500,1000,1900,1000,0,0,0,0,0,0,63.679988
RCIN,63719988,1500,1500,1230,1500,1500,1000,1900,1000,0,0,0,0,0,0,63.719988
RCIN,63759988,1500,1500,1230,1500,1500,1000,1900,1000,0,0,0,0,0,0,63.759988
RCIN,63799988,1500,1500,1230,1500,1500,1000,1900,1000,0,0,0,0,0,0,63.799988
RCIN,63839988,1500,1500,1229,1500,1500,1000,1900,1000,0,0,0,0,0,0,63.839988
RCIN,63879988,1500,1500,1229,1500,1500,1000,1900,1000,0,0,0,0,0,0,63.879988
RCIN,63919988,1500,1500,1229,1500,1500,1000,1900,1000,0,0,0,0,0,0,63.919988
RCIN,63959988,1500,1500,1229,1500,1500,1000,1900,1000,0,0,0,0,0,0,63.959988
RCIN,63999988,1500,1500,1229,1500,1500,1000,1900,1000,0,0,0,0,0,0,63.999988
RCIN,64059985,1500,1500,1229,1500,1500,1000,1900,1000,0,0,0,0,0,0,64.059985
RCIN,64119982,1500,1500,1228,1500,1500,1000,1900,1000,0,0,0,0,0,0,64.119982
RCIN,64179979,1500,1500,1228,1500,1500,1000,1900,1000,0,0,0,0,0,0,64.179979
RCIN,64239976,1500,1500,1228,1500,1500,1000,1900,1000,0,0,0,0,0,0,64.239976
RCIN,64299973,1500,1500,1228,1500,1500,1000,1900,1000,0,0,0,0,0,0,64.299973
RCIN,64359970,1500,1500,1228,1500,1500,1000,1900,1000,0,0,0,0,0,0,64.35997
RCIN,64419967,1500,1500,1228,1500,1500,1000,1900,1000,0,0,0,0,0,0,64.419967
RCIN,64479964,1500,1500,1228,1500,1500,1000,1900,1000,0,0,0,0,0,0,64.479964
RCIN,64539961,1500,1500,1228,1500,1500,1000,1900,1000,0,0,0,0,0,0,64.539961
RCIN,64599958,1500,1500,1228,1500,1500,1000,1900,1000,0,0,0,0,0,0,64.599958
RCIN,64659955,1500,1500,1228,1500,1500,1000,1900,1000,0,0,0,0,0,0,64.659955
RCIN,64719952,1500,1500,1228,1500,1500,1000,1900,1000,0,0,0,0,0,0,64.719952
RCIN,64779949,1270,1500,1228,1500,1500,1000,1900,1000,0,0,0,0,0,0,64.779949
RCIN,64839946,1270,1500,1228,1500,1500,1000,1900,1000,0,0,0,0,0,0,64.839946
RCIN,64899943,1270,1500,1228,1500,1500,1000,1900,1000,0,0,0,0,0,0,64.899943
RCIN,64959940,1270,1500,1228,1500,1500,1000,1900,1000,0,0,0,0,0,0,64.95994
RCIN,65019937,1270,1500,1228,1500,1500,1000,1900,1000,0,0,0,0,0,0,65.019937
RCIN,65079934,1270,1500,1228,1500,1500,1000,1900,1000,0,0,0,0,0,0,65.079934
RCIN,65139931,1270,1500,1228,1500,1500,1000,1900,1000,0,0,0,0,0,0,65.139931
RCIN,65199928,1270,1500,1228,1500,1500,1000,1900,1000,0,0,0,0,0,0,65.199928
RCIN,65259925,1270,1500,1228,1500,1500,1000,1900,1000,0,0,0,0,0,0,65.259925
RCIN,65319922,1270,1500,1229,1500,1500,1000,1900,1000,0,0,0,0,0,0,65.319922
RCIN,65379919,1270,1500,1229,1500,1500,1000,1900,1000,0,0,0,0,0,0,65.379919
RCIN,65439916,1270,1500,1229,1500,1500,1000,1900,1000,0,0,0,0,0,0,65.439916
RCIN,65499913,1270,1500,1229,1500,1500,1000,1900,1000,0,0,0,0,0,0,65.499913
RCIN,65559910,1270,1500,1229,1500,1500,1000,1900,1000,0,0,0,0,0,0,65.55991
RCIN,65619907,1270,1500,1229,1500,1500,1000,1900,1000,0,0,0,0,0,0,65.619907
RCIN,65679904,1270,1500,1229,1500,1500,1000,1900,1000,0,0,0,0,0,0,65.679904
RCIN,65739901,1270,1500,1229,1500,1500,1000,1900,1000,0,0,0,0,0,0,65.739901
RCIN,65799898,1270,1500,1229,1500,1500,1000,1900,1000,0,0,0,0,0,0,65.799898
RCIN,65859895,1270,1500,1229,1500,1500,1000,1900,1000,0,0,0,0,0,0,65.859895
RCIN,65919892,1270,1500,1228,1500,1500,1000,1900,1000,0,0,0,0,0,0,65.919892
RCIN,65979889,1270,1500,1228,1500,1500,1000,1900,1000,0,0,0,0,0,0,65.979889
RCIN,66039886,1270,1500,1228,1500,1500,1000,1900,1000,0,0,0,0,0,0,66.039886
RCIN,66099883,1270,1500,1228,1500,1500,1000,1900,1000,0,0,0,0,0,0,66.099883
RCIN,66159880,1270,1500,1227,1500,1500,1000,1900,1000,0,0,0,0,0,0,66.15988
RCIN,66219877,1270,1500,1227,1500,1500,1000,1900,1000,0,0,0,0,0,0,66.219877
RCIN,66279874,1270,1500,1226,1500,1500,1000,1900,1000,0,0,0,0,0,0,66.279874
RCIN,66339871,1270,1500,1226,1500,1500,1000,1900,1000,0,0,0,0,0,0,66.339871
RCIN,66399868,1270,1500,1226,1500,1500,1000,1900,1000,0,0,0,0,0,0,66.399868
RCIN,66459865,1270,1500,1226,1500,1500,1000,1900,1000,0,0,0,0,0,0,66.459865
RCIN,66519862,1270,1500,1225,1500,1500,1000,1900,1000,0,0,0,0,0,0,66.519862
RCIN,66579859,1500,1500,1225,1500,1500,1000,1900,1000,0,0,0,0,0,0,66.579859
RCIN,66639856,1500,1500,1225,1500,1500,1000,1900,1000,0,0,0,0,0,0,66.639856
RCIN,66699853,1500,1500,1225,1500,1500,1000,1900,1000,0,0,0,0,0,0,66.699853
RCIN,66759850,1500,1500,1225,1500,1500,1000,1900,1000,0,0,0,0,0,0,66.75985
RCIN,66819847,1500,1500,1225,1500,1500,1000,1900,1000,0,0,0,0,0,0,66.819847
RCIN,66879844,1500,1500,1224,1500,1500,1000,1900,1000,0,0,0,0,0,0,66.879844
RCIN,66939841,1500,1500,1224,1500,1500,1000,1900,1000,0,0,0,0,0,0,66.939841
RCIN,66999838,1500,1500,1224,1500,1500,1000,1900,1000,0,0,0,0,0,0,66.999838
RCIN,67059835,1500,1500,1224,1500,1500,1000,1900,1000,0,0,0,0,0,0,67.059835
RCIN,67119833,1500,1500,1224,1500,1500,1000,1900,1000,0,0,0,0,0,0,67.119833
RCIN,67159833,1500,1500,1224,1500,1500,1000,1900,1000,0,0,0,0,0,0,67.159833
RCIN,67199833,1500,1500,1224,1500,1500,1000,1900,1000,0,0,0,0,0,0,67.199833
RCIN,67239833,1500,1500,1224,1500,1500,1000,1900,1000,0,0,0,0,0,0,67.239833
RCIN,67279833,1500,1500,1224,1500,1500,1000,1900,1000,0,0,0,0,0,0,67.279833
RCIN,67319833,1500,1500,1223,1500,1500,1000,1900,1000,0,0,0,0,0,0,67.319833
RCIN,67359833,1500,1500,1223,1500,1500,1000,1900,1000,0,0,0,0,0,0,67.359833
RCIN,67399833,1500,1500,1223,1500,1500,1000,1900,1000,0,0,0,0,0,0,67.399833
RCIN,67439833,1500,1500,1223,1500,1500,1000,1900,1000,0,0,0,0,0,0,67.439833
RCIN,67479833,1500,1500,1223,1500,1500,1000,1900,1000,0,0,0,0,0,0,67.479833
RCIN,67519833,1500,1500,1223,1500,1500,1000,1900,1000,0,0,0,0,0,0,67.519833
RCIN,67559833,1500,1500,1223,1500,1500,1000,1900,1000,0,0,0,0,0,0,67.559833
RCIN,67599833,1500,1500,1223,1500,1500,1000,1900,1000,0,0,0,0,0,0,67.599833
RCIN,67639833,1730,1500,1223,1500,1500,1000,1900,1000,0,0,0,0,0,0,67.639833
RCIN,67679833,1730,1500,1223,1500,1500,1000,1900,1000,0,0,0,0,0,0,67.679833
RCIN,67719833,1730,1500,1223,1500,1500,1000,1900,1000,0,0,0,0,0,0,67.719833
RCIN,67759833,1730,1500,1223,1500,1500,1000,1900,1000,0,0,0,0,0,0,67.759833
RCIN,67799833,1730,1500,1224,1500,1500,1000,1900,1000,0,0,0,0,0,0,67.799833
RCIN,67839833,1730,1500,1224,1500,1500,1000,1900,1000,0,0,0,0,0,0,67.839833
RCIN,67879833,1730,1500,1224,1500,1500,1000,1900,1000,0,0,0,0,0,0,67.879833
RCIN,67919833,1730,1500,1224,1500,1500,1000,1900,1000,0,0,0,0,0,0,67.919833
RCIN,67959833,1730,1500,1224,1500,1500,1000,1900,1000,0,0,0,0,0,0,67.959833
RCIN,67999833,1730,1500,1224,1500,1500,1000,1900,1000,0,0,0,0,0,0,67.999833
RCIN,68039833,1730,1500,1224,1500,1500,1000,1900,1000,0,0,0,0,0,0,68.039833
RCIN,68079833,1730,1500,1224,1500,1500,1000,1900,1000,0,0,0,0,0,0,68.079833
RCIN,68119833,1730,1500,1225,1500,1500,1000,1900,1000,0,0,0,0,0,0,68.119833
RCIN,68159833,1730,1500,1225,1500,1500,1000,1900,1000,0,0,0,0,0,0,68.159833
RCIN,68199833,1730,1500,1225,1500,1500,1000,1900,1000,0,0,0,0,0,0,68.199833
RCIN,68239833,1730,1500,1225,1500,1500,1000,1900,1000,0,0,0,0,0,0,68.239833
RCIN,68279833,1730,1500,1225,1500,1500,1000,1900,1000,0,0,0,0,0,0,68.279833
RCIN,68319833,1730,1500,1225,1500,1500,1000,1900,1000,0,0,0,0,0,0,68.319833
RCIN,68359833,1730,1500,1225,1500,1500,1000,1900,1000,0,0,0,0,0,0,68.359833
RCIN,68399833,1730,1500,1226,1500,1500,1000,1900,1000,0,0,0,0,0,0,68.399833
RCIN,68439833,1730,1500,1226,1500,1500,1000,1900,1000,0,0,0,0,0,0,68.439833
RCIN,68479833,1730,1500,1226,1500,1500,1000,1900,1000,0,0,0,0,0,0,68.479833
RCIN,68519833,1730,1500,1226,1500,1500,1000,1900,1000,0,0,0,0,0,0,68.519833
RCIN,68559833,1730,1500,1226,1500,1500,1000,1900,1000,0,0,0,0,0,0,68.559833
RCIN,68599833,1730,1500,1226,1500,1500,1000,1900,1000,0,0,0,0,0,0,68.599833
RCIN,68639833,1730,1500,1226,1500,1500,1000,1900,1000,0,0,0,0,0,0,68.639833
RCIN,68679833,1730,1500,1226,1500,1500,1000,1900,1000,0,0,0,0,0,0,68.679833
RCIN,68719833,1730,1500,1226,1500,1500,1000,1900,1000,0,0,0,0,0,0,68.719833
RCIN,68759833,1730,1500,1226,1500,1500,1000,1900,1000,0,0,0,0,0,0,68.759833
RCIN,68799833,1730,1500,1226,1500,1500,1000,1900,1000,0,0,0,0,0,0,68.799833
RCIN,68839833,1730,1500,1226,1500,1500,1000,1900,1000,0,0,0,0,0,0,68.839833
RCIN,68879833,1730,1500,1226,1500,1500,1000,1900,1000,0,0,0,0,0,0,68.879833
RCIN,68919833,1730,1500,1225,1500,1500,1000,1900,1000,0,0,0,0,0,0,68.919833
RCIN,68959833,1730,1500,1225,1500,1500,1000,1900,1000,0,0,0,0,0,0,68.959833
RCIN,68999833,1730,1500,1225,1500,1500,1000,1900,1000,0,0,0,0,0,0,68.999833
RCIN,69039833,1730,1500,1225,1500,1500,1000,1900,1000,0,0,0,0,0,0,69.039833
RCIN,69079833,1730,1500,1225,1500,1500,1000,1900,1000,0,0,0,0,0,0,69.079833
RCIN,69119833,1730,1500,1225,1500,1500,1000,1900,1000,0,0,0,0,0,0,69.119833
RCIN,69159833,1730,1500,1224,1500,1500,1000,1900,1000,0,0,0,0,0,0,69.159833
RCIN,69199833,1730,1500,1224,1500,1500,1000,1900,1000,0,0,0,0,0,0,69.199833
RCIN,69239833,1730,1500,1224,1500,1500,1000,1900,1000,0,0,0,0,0,0,69.239833
RCIN,69279833,1730,1500,1224,1500,1500,1000,1900,1000,0,0,0,0,0,0,69.279833
RCIN,69319833,1730,1500,1224,1500,1500,1000,1900,1000,0,0,0,0,0,0,69.319833
RCIN,69359833,1730,1500,1223,1500,1500,1000,1900,1000,0,0,0,0,0,0,69.359833
RCIN,69399833,1730,1500,1223,1500,1500,1000,1900,1000,0,0,0,0,0,0,69.399833
RCIN,69439833,1500,1500,1223,1500,1500,1000,1900,1000,0,0,0,0,0,0,69.439833
RCIN,69479833,1500,1500,1223,1500,1500,1000,1900,1000,0,0,0,0,0,0,69.479833
RCIN,69519833,1500,1500,1223,1500,1500,1000,1900,1000,0,0,0,0,0,0,69.519833
RCIN,69559833,1500,1500,1223,1500,1500,1000,1900,1000,0,0,0,0,0,0,69.559833
RCIN,69599833,1500,1500,1223,1500,1500,1000,1900,1000,0,0,0,0,0,0,69.599833
RCIN,69639833,1500,1500,1223,1500,1500,1000,1900,1000,0,0,0,0,0,0,69.639833
RCIN,69679833,1500,1500,1223,1500,1500,1000,1900,1000,0,0,0,0,0,0,69.679833
RCIN,69719833,1500,1500,1223,1500,1500,1000,1900,1000,0,0,0,0,0,0,69.719833
RCIN,69759833,1500,1500,1223,1500,1500,1000,1900,1000,0,0,0,0,0,0,69.759833
RCIN,69799833,1500,1500,1223,1500,1500,1000,1900,1000,0,0,0,0,0,0,69.799833
RCIN,69839833,1500,1500,1223,1500,1500,1000,1900,1000,0,0,0,0,0,0,69.839833
RCIN,69879833,1500,1500,1223,1500,1500,1000,1900,1000,0,0,0,0,0,0,69.879833
RCIN,69919833,1500,1500,1223,1500,1500,1000,1900,1000,0,0,0,0,0,0,69.919833
RCIN,69959833,1500,1500,1223,1500,1500,1000,1900,1000,0,0,0,0,0,0,69.959833
RCIN,69999833,1500,1500,1223,1500,1500,1000,1900,1000,0,0,0,0,0,0,69.999833
RCIN,70039833,1500,1500,1223,1500,1500,1000,1900,1000,0,0,0,0,0,0,70.039833
RCIN,70079833,1500,1500,1223,1500,1500,1000,1900,1000,0,0,0,0,0,0,70.079833
RCIN,70119833,1500,1500,1223,1500,1500,1000,1900,1000,0,0,0,0,0,0,70.119833
RCIN,70159833,1500,1500,1223,1500,1500,1000,1900,1000,0,0,0,0,0,0,70.159833
RCIN,70199833,1500,1500,1223,1500,1500,1000,1900,1000,0,0,0,0,0,0,70.199833
RCIN,70239833,1500,1500,1223,1500,1500,1000,1900,1000,0,0,0,0,0,0,70.239833
RCIN,70279833,1500,1500,1223,1500,1500,1000,1900,1000,0,0,0,0,0,0,70.279833
RCIN,70319833,1500,1500,1224,1500,1500,1000,1900,1000,0,0,0,0,0,0,70.319833
RCIN,70359833,1500,1500,1224,1500,1500,1000,1900,1000,0,0,0,0,0,0,70.359833
RCIN,70399833,1500,1500,1224,1500,1500,1000,1900,1000,0,0,0,0,0,0,70.399833
RCIN,70439833,1500,1500,1224,1500,1500,1000,1900,1000,0,0,0,0,0,0,70.439833
RCIN,70479833,1500,1500,1224,1500,1500,1000,1900,1000,0,0,0,0,0,0,70.479833
RCIN,70519833,1270,1500,1224,1500,1500,1000,1900,1000,0,0,0,0,0,0,70.519833
RCIN,70559833,1270,1500,1224,1500,1500,1000,1900,1000,0,0,0,0,0,0,70.559833
RCIN,70599833,1270,1500,1225,1500,1500,1000,1900,1000,0,0,0,0,0,0,70.599833
RCIN,70639833,1270,1500,1225,1500,1500,1000,1900,1000,0,0,0,0,0,0,70.639833
RCIN,70679833,1270,1500,1225,1500,1500,1000,1900,1000,0,0,0,0,0,0,70.679833
RCIN,70719833,1270,1500,1225,1500,1500,1000,1900,1000,0,0,0,0,0,0,70.719833
RCIN,70759833,1270,1500,1225,1500,1500,1000,1900,1000,0,0,0,0,0,0,70.759833
RCIN,70799833,1270,1500,1225,1500,1500,1000,1900,1000,0,0,0,0,0,0,70.799833
RCIN,70839833,1270,1500,1225,1500,1500,1000,1900,1000,0,0,0,0,0,0,70.839833
RCIN,70879833,1270,1500,1225,1500,1500,1000,1900,1000,0,0,0,0,0,0,70.879833
RCIN,70919833,1270,1500,1226,1500,1500,1000,1900,1000,0,0,0,0,0,0,70.919833
RCIN,70959833,1270,1500,1226,1500,1500,1000,1900,1000,0,0,0,0,0,0,70.959833
RCIN,70999833,1270,1500,1226,1500,1500,1000,1900,1000,0,0,0,0,0,0,70.999833
RCIN,71039833,1270,1500,1226,1500,1500,1000,1900,1000,0,0,0,0,0,0,71.039833
RCIN,71079833,1270,1500,1226,1500,1500,1000,1900,1000,0,0,0,0,0,0,71.079833
RCIN,71119833,1270,1500,1226,1500,1500,1000,1900,1000,0,0,0,0,0,0,71.119833
RCIN,71159833,1270,1500,1226,1500,1500,1000,1900,1000,0,0,0,0,0,0,71.159833
RCIN,71199833,1270,1500,1227,1500,1500,1000,1900,1000,0,0,0,0,0,0,71.199833
RCIN,71239833,1270,1500,1227,1500,1500,1000,1900,1000,0,0,0,0,0,0,71.239833
RCIN,71279833,1270,1500,1227,1500,1500,1000,1900,1000,0,0,0,0,0,0,71.279833
RCIN,71319833,1270,1500,1227,1500,1500,1000,1900,1000,0,0,0,0,0,0,71.319833
RCIN,71359833,1270,1500,1227,1500,1500,1000,1900,1000,0,0,0,0,0,0,71.359833
RCIN,71399833,1270,1500,1227,1500,1500,1000,1900,1000,0,0,0,0,0,0,71.399833
RCIN,71439833,1270,1500,1227,1500,1500,1000,1900,1000,0,0,0,0,0,0,71.439833
RCIN,71479833,1270,1500,1227,1500,1500,1000,1900,1000,0,0,0,0,0,0,71.479833
RCIN,71519833,1270,1500,1227,1500,1500,1000,1900,1000,0,0,0,0,0,0,71.519833
RCIN,71559833,1270,1500,1227,1500,1500,1000,1900,1000,0,0,0,0,0,0,71.559833
RCIN,71599833,1270,1500,1227,1500,1500,1000,1900,1000,0,0,0,0,0,0,71.599833
RCIN,71639833,1270,1500,1227,1500,1500,1000,1900,1000,0,0,0,0,0,0,71.639833
RCIN,71679833,1270,1500,1227,1500,1500,1000,1900,1000,0,0,0,0,0,0,71.679833
RCIN,71719833,1270,1500,1227,1500,1500,1000,1900,1000,0,0,0,0,0,0,71.719833
RCIN,71759833,1270,1500,1227,1500,1500,1000,1900,1000,0,0,0,0,0,0,71.759833
RCIN,71799833,1270,1500,1227,1500,1500,1000,1900,1000,0,0,0,0,0,0,71.799833
RCIN,71839833,1270,1500,1226,1500,1500,1000,1900,1000,0,0,0,0,0,0,71.839833
RCIN,71879833,1270,1500,1226,1500,1500,1000,1900,1000,0,0,0,0,0,0,71.879833
RCIN,71919833,1270,1500,1226,1500,1500,1000,1900,1000,0,0,0,0,0,0,71.919833
RCIN,71959833,1270,1500,1226,1500,1500,1000,1900,1000,0,0,0,0,0,0,71.959833
RCIN,71999833,1270,1500,1226,1500,1500,1000,1900,1000,0,0,0,0,0,0,71.999833
RCIN,72039833,1270,1500,1225,1500,1500,1000,1900,1000,0,0,0,0,0,0,72.039833
RCIN,72079833,1270,1500,1225,1500,1500,1000,1900,1000,0,0,0,0,0,0,72.079833
RCIN,72119833,1270,1500,1225,1500,1500,1000,1900,1000,0,0,0,0,0,0,72.119833
RCIN,72159833,1270,1500,1225,1500,1500,1000,1900,1000,0,0,0,0,0,0,72.159833
RCIN,72199833,1270,1500,1225,1500,1500,1000,1900,1000,0,0,0,0,0,0,72.199833
RCIN,72239833,1270,1500,1225,1500,1500,1000,1900,1000,0,0,0,0,0,0,72.239833
RCIN,72279833,1270,1500,1224,1500,1500,1000,1900,1000,0,0,0,0,0,0,72.279833
RCIN,72319833,1500,1500,1224,1500,1500,1000,1900,1000,0,0,0,0,0,0,72.319833
RCIN,72359833,1500,1500,1224,1500,1500,1000,1900,1000,0,0,0,0,0,0,72.359833
RCIN,72399833,1500,1500,1224,1500,1500,1000,1900,1000,0,0,0,0,0,0,72.399833
RCIN,72439833,1500,1500,1224,1500,1500,1000,1900,1000,0,0,0,0,0,0,72.439833
RCIN,72479833,1500,1500,1224,1500,1500,1000,1900,1000,0,0,0,0,0,0,72.479833
RCIN,72519833,1500,1500,1224,1500,1500,1000,1900,1000,0,0,0,0,0,0,72.519833
RCIN,72559833,1500,1500,1224,1500,1500,1000,1900,1000,0,0,0,0,0,0,72.559833
RCIN,72599833,1500,1500,1224,1500,1500,1000,1900,1000,0,0,0,0,0,0,72.599833
RCIN,72639833,1500,1500,1224,1500,1500,1000,1900,1000,0,0,0,0,0,0,72.639833
RCIN,72679833,1500,1500,1224,1500,1500,1000,1900,1000,0,0,0,0,0,0,72.679833
RCIN,72719833,1500,1500,1223,1500,1500,1000,1900,1000,0,0,0,0,0,0,72.719833
RCIN,72759833,1500,1500,1223,1500,1500,1000,1900,1000,0,0,0,0,0,0,72.759833
RCIN,72799833,1500,1500,1223,1500,1500,1000,1900,1000,0,0,0,0,0,0,72.799833
RCIN,72839833,1500,1500,1223,1500,1500,1000,1900,1000,0,0,0,0,0,0,72.839833
RCIN,72879833,1500,1500,1223,1500,1500,1000,1900,1000,0,0,0,0,0,0,72.879833
RCIN,72919833,1500,1500,1223,1500,1500,1000,1900,1000,0,0,0,0,0,0,72.919833
RCIN,72959833,1500,1500,1223,1500,1500,1000,1900,1000,0,0,0,0,0,0,72.959833
RCIN,72999833,1500,1500,1223,1500,1500,1000,1900,1000,0,0,0,0,0,0,72.999833
RCIN,73039833,1500,1500,1222,1500,1500,1000,1900,1000,0,0,0,0,0,0,73.039833
RCIN,73079833,1500,1500,1222,1500,1500,1000,1900,1000,0,0,0,0,0,0,73.079833
RCIN,73119833,1500,1500,1222,1500,1500,1000,1900,1000,0,0,0,0,0,0,73.119833
RCIN,73159833,1500,1500,1222,1500,1500,1000,1900,1000,0,0,0,0,0,0,73.159833
RCIN,73199833,1500,1500,1222,1500,1500,1000,1900,1000,0,0,0,0,0,0,73.199833
RCIN,73239833,1500,1500,1222,1500,1500,1000,1900,1000,0,0,0,0,0,0,73.239833
RCIN,73279833,1500,1500,1222,1500,1500,1000,1900,1000,0,0,0,0,0,0,73.279833
RCIN,73319833,1500,1500,1222,1500,1500,1000,1900,1000,0,0,0,0,0,0,73.319833
RCIN,73359833,1500,1500,1222,1500,1500,1000,1900,1000,0,0,0,0,0,0,73.359833
RCIN,73399833,1730,1500,1222,1500,1500,1000,1900,1000,0,0,0,0,0,0,73.399833
RCIN,73439833,1730,1500,1222,1500,1500,1000,1900,1000,0,0,0,0,0,0,73.439833
RCIN,73479833,1730,1500,1222,1500,1500,1000,1900,1000,0,0,0,0,0,0,73.479833
RCIN,73519833,1730,1500,1222,1500,1500,1000,1900,1000,0,0,0,0,0,0,73.519833
RCIN,73559833,1730,1500,1223,1500,1500,1000,1900,1000,0,0,0,0,0,0,73.559833
RCIN,73599833,1730,1500,1223,1500,1500,1000,1900,1000,0,0,0,0,0,0,73.599833
RCIN,73639833,1730,1500,1223,1500,1500,1000,1900,1000,0,0,0,0,0,0,73.639833
RCIN,73679833,1730,1500,1223,1500,1500,1000,1900,1000,0,0,0,0,0,0,73.679833
RCIN,73719833,1730,1500,1223,1500,1500,1000,1900,1000,0,0,0,0,0,0,73.719833
RCIN,73759833,1730,1500,1223,1500,1500,1000,1900,1000,0,0,0,0,0,0,73.759833
RCIN,73799833,1730,1500,1223,1500,1500,1000,1900,1000,0,0,0,0,0,0,73.799833
RCIN,73839833,1730,1500,1223,1500,1500,1000,1900,1000,0,0,0,0,0,0,73.839833
RCIN,73879833,1730,1500,1224,1500,1500,1000,1900,1000,0,0,0,0,0,0,73.879833
RCIN,73919833,1730,1500,1224,1500,1500,1000,1900,1000,0,0,0,0,0,0,73.919833
RCIN,73959833,1730,1500,1224,1500,1500,1000,1900,1000,0,0,0,0,0,0,73.959833
RCIN,73999833,1730,1500,1224,1500,1500,1000,1900,1000,0,0,0,0,0,0,73.999833
RCIN,74039833,1730,1500,1224,1500,1500,1000,1900,1000,0,0,0,0,0,0,74.039833
RCIN,74079833,1730,1500,1224,1500,1500,1000,1900,1000,0,0,0,0,0,0,74.079833
RCIN,74119833,1730,1500,1225,1500,1500,1000,1900,1000,0,0,0,0,0,0,74.119833
RCIN,74159833,1730,1500,1225,1500,1500,1000,1900,1000,0,0,0,0,0,0,74.159833
RCIN,74199833,1730,1500,1225,1500,1500,1000,1900,1000,0,0,0,0,0,0,74.199833
RCIN,74239833,1730,1500,1225,1500,1500,1000,1900,1000,0,0,0,0,0,0,74.239833
RCIN,74279833,1730,1500,1225,1500,1500,1000,1900,1000,0,0,0,0,0,0,74.279833
RCIN,74319833,1730,1500,1225,1500,1500,1000,1900,1000,0,0,0,0,0,0,74.319833
RCIN,74359833,1730,1500,1225,1500,1500,1000,1900,1000,0,0,0,0,0,0,74.359833
RCIN,74399833,1730,1500,1225,1500,1500,1000,1900,1000,0,0,0,0,0,0,74.399833
RCIN,74439833,1730,1500,1225,1500,1500,1000,1900,1000,0,0,0,0,0,0,74.439833
RCIN,74479833,1730,1500,1225,1500,1500,1000,1900,1000,0,0,0,0,0,0,74.479833
RCIN,74519833,1730,1500,1225,1500,1500,1000,1900,1000,0,0,0,0,0,0,74.519833
RCIN,74559833,1730,1500,1225,1500,1500,1000,1900,1000,0,0,0,0,0,0,74.559833
RCIN,74599833,1730,1500,1225,1500,1500,1000,1900,1000,0,0,0,0,0,0,74.599833
RCIN,74639833,1730,1500,1225,1500,1500,1000,1900,1000,0,0,0,0,0,0,74.639833
RCIN,74679833,1730,1500,1225,1500,1500,1000,1900,1000,0,0,0,0,0,0,74.679833
RCIN,74719833,1730,1500,1224,1500,1500,1000,1900,1000,0,0,0,0,0,0,74.719833
RCIN,74759833,1730,1500,1224,1500,1500,1000,1900,1000,0,0,0,0,0,0,74.759833
RCIN,74799833,1730,1500,1224,1500,1500,1000,1900,1000,0,0,0,0,0,0,74.799833
RCIN,74839833,1730,1500,1224,1500,1500,1000,1900,1000,0,0,0,0,0,0,74.839833
RCIN,74879833,1730,1500,1224,1500,1500,1000,1900,1000,0,0,0,0,0,0,74.879833
RCIN,74919833,1730,1500,1223,1500,1500,1000,1900,1000,0,0,0,0,0,0,74.919833
RCIN,74959833,1730,1500,1223,1500,1500,1000,1900,1000,0,0,0,0,0,0,74.959833
RCIN,74999833,1730,1500,1223,1500,1500,1000,1900,1000,0,0,0,0,0,0,74.999833
RCIN,75039833,1730,1500,1223,1500,1500,1000,1900,1000,0,0,0,0,0,0,75.039833
RCIN,75079833,1730,1500,1222,1500,1500,1000,1900,1000,0,0,0,0,0,0,75.079833
RCIN,75119833,1730,1500,1222,1500,1500,1000,1900,1000,0,0,0,0,0,0,75.119833
RCIN,75159833,1730,1500,1222,1500,1500,1000,1900,1000,0,0,0,0,0,0,75.159833
RCIN,75199833,1500,1500,1222,1500,1500,1000,1900,1000,0,0,0,0,0,0,75.199833
RCIN,75239833,1500,1500,1222,1500,1500,1000,1900,1000,0,0,0,0,0,0,75.239833
RCIN,75279833,1500,1500,1221,1500,1500,1000,1900,1000,0,0,0,0,0,0,75.279833
RCIN,75319833,1500,1500,1221,1500,1500,1000,1900,1000,0,0,0,0,0,0,75.319833
RCIN,75359833,1500,1500,1221,1500,1500,1000,1900,1000,0,0,0,0,0,0,75.359833
RCIN,75399833,1500,1500,1221,1500,1500,1000,1900,1000,0,0,0,0,0,0,75.399833
RCIN,75439833,1500,1500,1221,1500,1500,1000,1900,1000,0,0,0,0,0,0,75.439833
RCIN,75479833,1500,1500,1220,1500,1500,1000,1900,1000,0,0,0,0,0,0,75.479833
RCIN,75519833,1500,1500,1220,1500,1500,1000,1900,1000,0,0,0,0,0,0,75.519833
RCIN,75559833,1500,1500,1220,1500,1500,1000,1900,1000,0,0,0,0,0,0,75.559833
RCIN,75599833,1500,1500,1220,1500,1500,1000,1900,1000,0,0,0,0,0,0,75.599833
RCIN,75639833,1500,1500,1220,1500,1500,1000,1900,1000,0,0,0,0,0,0,75.639833
RCIN,75679833,1500,1500,1220,1500,1500,1000,1900,1000,0,0,0,0,0,0,75.679833
RCIN,75719833,1500,1500,1220,1500,1500,1000,1900,1000,0,0,0,0,0,0,75.719833
RCIN,75759833,1500,1500,1220,1500,1500,1000,1900,1000,0,0,0,0,0,0,75.759833
RCIN,75799833,1500,1500,1219,1500,1500,1000,1900,1000,0,0,0,0,0,0,75.799833
RCIN,75839833,1500,1500,1219,1500,1500,1000,1900,1000,0,0,0,0,0,0,75.839833
RCIN,75879833,1500,1500,1219,1500,1500,1000,1900,1000,0,0,0,0,0,0,75.879833
RCIN,75919833,1500,1500,1219,1500,1500,1000,1900,1000,0,0,0,0,0,0,75.919833
RCIN,75959833,1500,1500,1219,1500,1500,1000,1900,1000,0,0,0,0,0,0,75.959833
RCIN,75999833,1500,1500,1219,1500,1500,1000,1900,1000,0,0,0,0,0,0,75.999833
RCIN,76039833,1500,1500,1219,1500,1500,1000,1900,1000,0,0,0,0,0,0,76.039833
RCIN,76079833,1500,1500,1218,1500,1500,1000,1900,1000,0,0,0,0,0,0,76.079833
RCIN,76119833,1500,1500,1218,1500,1500,1000,1900,1000,0,0,0,0,0,0,76.119833
RCIN,76159833,1500,1500,1218,1500,1500,1000,1900,1000,0,0,0,0,0,0,76.159833
RCIN,76199833,1500,1500,1218,1500,1500,1000,1900,1000,0,0,0,0,0,0,76.199833
RCIN,76239833,1500,1500,1218,1500,1500,1000,1900,1000,0,0,0,0,0,0,76.239833
RCIN,76279833,1270,1500,1218,1500,1500,1000,1900,1000,0,0,0,0,0,0,76.279833
RCIN,76319833,1270,1500,1218,1500,1500,1000,1900,1000,0,0,0,0,0,0,76.319833
RCIN,76359833,1270,1500,1218,1500,1500,1000,1900,1000,0,0,0,0,0,0,76.359833
RCIN,76399833,1270,1500,1219,1500,1500,1000,1900,1000,0,0,0,0,0,0,76.399833
RCIN,76439833,1270,1500,1219,1500,1500,1000,1900,1000,0,0,0,0,0,0,76.439833
RCIN,76479833,1270,1500,1219,1500,1500,1000,1900,1000,0,0,0,0,0,0,76.479833
RCIN,76519833,1270,1500,1219,1500,1500,1000,1900,1000,0,0,0,0,0,0,76.519833
RCIN,76559833,1270,1500,1219,1500,1500,1000,1900,1000,0,0,0,0,0,0,76.559833
RCIN,76599833,1270,1500,1219,1500,1500,1000,1900,1000,0,0,0,0,0,0,76.599833
RCIN,76639833,1270,1500,1219,1500,1500,1000,1900,1000,0,0,0,0,0,0,76.639833
RCIN,76679833,1270,1500,1219,1500,1500,1000,1900,1000,0,0,0,0,0,0,76.679833
RCIN,76719833,1270,1500,1219,1500,1500,1000,1900,1000,0,0,0,0,0,0,76.719833
RCIN,76759833,1270,1500,1219,1500,1500,1000,1900,1000,0,0,0,0,0,0,76.759833
RCIN,76799833,1270,1500,1219,1500,1500,1000,1900,1000,0,0,0,0,0,0,76.799833
RCIN,76839833,1270,1500,1220,1500,1500,1000,1900,1000,0,0,0,0,0,0,76.839833
RCIN,76879833,1270,1500,1220,1500,1500,1000,1900,1000,0,0,0,0,0,0,76.879833
RCIN,76919833,1270,1500,1220,1500,1500,1000,1900,1000,0,0,0,0,0,0,76.919833
RCIN,76959833,1270,1500,1220,1500,1500,1000,1900,1000,0,0,0,0,0,0,76.959833
RCIN,76999833,1270,1500,1220,1500,1500,1000,1900,1000,0,0,0,0,0,0,76.999833
RCIN,77039833,1270,1500,1220,1500,1500,1000,1900,1000,0,0,0,0,0,0,77.039833
RCIN,77079833,1270,1500,1220,1500,1500,1000,1900,1000,0,0,0,0,0,0,77.079833
RCIN,77119833,1270,1500,1220,1500,1500,1000,1900,1000,0,0,0,0,0,0,77.119833
RCIN,77159833,1270,1500,1220,1500,1500,1000,1900,1000,0,0,0,0,0,0,77.159833
RCIN,77199833,1270,1500,1220,1500,1500,1000,1900,1000,0,0,0,0,0,0,77.199833
RCIN,77239833,1270,1500,1220,1500,1500,1000,1900,1000,0,0,0,0,0,0,77.239833
RCIN,77279833,1270,1500,1220,1500,1500,1000,1900,1000,0,0,0,0,0,0,77.279833
RCIN,77319833,1270,1500,1220,1500,1500,1000,1900,1000,0,0,0,0,0,0,77.319833
RCIN,77359833,1270,1500,1220,1500,1500,1000,1900,1000,0,0,0,0,0,0,77.359833
RCIN,77399833,1270,1500,1220,1500,1500,1000,1900,1000,0,0,0,0,0,0,77.399833
RCIN,77439833,1270,1500,1220,1500,1500,1000,1900,1000,0,0,0,0,0,0,77.439833
RCIN,77479833,1270,1500,1220,1500,1500,1000,1900,1000,0,0,0,0,0,0,77.479833
RCIN,77519833,1270,1500,1220,1500,1500,1000,1900,1000,0,0,0,0,0,0,77.519833
RCIN,77559833,1270,1500,1219,1500,1500,1000,1900,1000,0,0,0,0,0,0,77.559833
RCIN,77599833,1270,1500,1219,1500,1500,1000,1900,1000,0,0,0,0,0,0,77.599833
RCIN,77639833,1270,1500,1219,1500,1500,1000,1900,1000,0,0,0,0,0,0,77.639833
RCIN,77679833,1270,1500,1218,1500,1500,1000,1900,1000,0,0,0,0,0,0,77.679833
RCIN,77719833,1270,1500,1218,1500,1500,1000,1900,1000,0,0,0,0,0,0,77.719833
RCIN,77759833,1270,1500,1218,1500,1500,1000,1900,1000,0,0,0,0,0,0,77.759833
RCIN,77799833,1270,1500,1218,1500,1500,1000,1900,1000,0,0,0,0,0,0,77.799833
RCIN,77839833,1270,1500,1217,1500,1500,1000,1900,1000,0,0,0,0,0,0,77.839833
RCIN,77879833,1270,1500,1217,1500,1500,1000,1900,1000,0,0,0,0,0,0,77.879833
RCIN,77919833,1270,1500,1217,1500,1500,1000,1900,1000,0,0,0,0,0,0,77.919833
RCIN,77959833,1270,1500,1217,1500,1500,1000,1900,1000,0,0,0,0,0,0,77.959833
RCIN,77999833,1270,1500,1217,1500,1500,1000,1900,1000,0,0,0,0,0,0,77.999833
RCIN,78039833,1270,1500,1216,1500,1500,1000,1900,1000,0,0,0,0,0,0,78.039833
RCIN,78079833,1500,1500,1216,1500,1500,1000,1900,1000,0,0,0,0,0,0,78.079833
RCIN,78119833,1500,1500,1216,1500,1500,1000,1900,1000,0,0,0,0,0,0,78.119833
RCIN,78159833,1500,1500,1216,1500,1500,1000,1900,1000,0,0,0,0,0,0,78.159833
RCIN,78199833,1500,1500,1216,1500,1500,1000,1900,1000,0,0,0,0,0,0,78.199833
RCIN,78239833,1500,1500,1216,1500,1500,1000,1900,1000,0,0,0,0,0,0,78.239833
RCIN,78279833,1500,1500,1215,1500,1500,1000,1900,1000,0,0,0,0,0,0,78.279833
RCIN,78319833,1500,1500,1215,1500,1500,1000,1900,1000,0,0,0,0,0,0,78.319833
RCIN,78359833,1500,1500,1215,1500,1500,1000,1900,1000,0,0,0,0,0,0,78.359833
RCIN,78399833,1500,1500,1215,1500,1500,1000,1900,1000,0,0,0,0,0,0,78.399833
RCIN,78439833,1500,1500,1214,1500,1500,1000,1900,1000,0,0,0,0,0,0,78.439833
RCIN,78479833,1500,1500,1214,1500,1500,1000,1900,1000,0,0,0,0,0,0,78.479833
RCIN,78519833,1500,1500,1214,1500,1500,1000,1900,1000,0,0,0,0,0,0,78.519833
RCIN,78559833,1500,1500,1214,1500,1500,1000,1900,1000,0,0,0,0,0,0,78.559833
RCIN,78599833,1500,1500,1213,1500,1500,1000,1900,1000,0,0,0,0,0,0,78.599833
RCIN,78639833,1500,1500,1213,1500,1500,1000,1900,1000,0,0,0,0,0,0,78.639833
RCIN,78679833,1500,1500,1213,1500,1500,1000,1900,1000,0,0,0,0,0,0,78.679833
RCIN,78719833,1500,1500,1213,1500,1500,1000,1900,1000,0,0,0,0,0,0,78.719833
RCIN,78759833,1500,1500,1212,1500,1500,1000,1900,1000,0,0,0,0,0,0,78.759833
RCIN,78799833,1500,1500,1212,1500,1500,1000,1900,1000,0,0,0,0,0,0,78.799833
RCIN,78839833,1500,1500,1212,1500,1500,1000,1900,1000,0,0,0,0,0,0,78.839833
RCIN,78879833,1500,1500,1212,1500,1500,1000,1900,1000,0,0,0,0,0,0,78.879833
RCIN,78919833,1500,1500,1212,1500,1500,1000,1900,1000,0,0,0,0,0,0,78.919833
RCIN,78959833,1500,1500,1212,1500,1500,1000,1900,1000,0,0,0,0,0,0,78.959833
RCIN,78999833,1500,1500,1212,1500,1500,1000,1900,1000,0,0,0,0,0,0,78.999833
RCIN,79039833,1500,1500,1212,1500,1500,1000,1900,1000,0,0,0,0,0,0,79.039833
RCIN,79079833,1500,1500,1211,1500,1500,1000,1900,1000,0,0,0,0,0,0,79.079833
RCIN,79119833,1500,1500,1211,1500,1500,1000,1900,1000,0,0,0,0,0,0,79.119833
RCIN,79159833,1730,1500,1211,1500,1500,1000,1900,1000,0,0,0,0,0,0,79.159833
RCIN,79199833,1730,1500,1211,1500,1500,1000,1900,1000,0,0,0,0,0,0,79.199833
RCIN,79239833,1730,1500,1211,1500,1500,1000,1900,1000,0,0,0,0,0,0,79.239833
RCIN,79279833,1730,1500,1212,1500,1500,1000,1900,1000,0,0,0,0,0,0,79.279833
RCIN,79319833,1730,1500,1212,1500,1500,1000,1900,1000,0,0,0,0,0,0,79.319833
RCIN,79359833,1730,1500,1212,1500,1500,1000,1900,1000,0,0,0,0,0,0,79.359833
RCIN,79399833,1730,1500,1212,1500,1500,1000,1900,1000,0,0,0,0,0,0,79.399833
RCIN,79439833,1730,1500,1212,1500,1500,1000,1900,1000,0,0,0,0,0,0,79.439833
RCIN,79479833,1730,1500,1212,1500,1500,1000,1900,1000,0,0,0,0,0,0,79.479833
RCIN,79519833,1730,1500,1212,1500,1500,1000,1900,1000,0,0,0,0,0,0,79.519833
RCIN,79559833,1730,1500,1212,1500,1500,1000,1900,1000,0,0,0,0,0,0,79.559833
RCIN,79599833,1730,1500,1212,1500,1500,1000,1900,1000,0,0,0,0,0,0,79.599833
RCIN,79639833,1730,1500,1212,1500,1500,1000,1900,1000,0,0,0,0,0,0,79.639833
RCIN,79679833,1730,1500,1212,1500,1500,1000,1900,1000,0,0,0,0,0,0,79.679833
RCIN,79719833,1730,1500,1212,1500,1500,1000,1900,1000,0,0,0,0,0,0,79.719833
RCIN,79759833,1730,1500,1212,1500,1500,1000,1900,1000,0,0,0,0,0,0,79.759833
RCIN,79799833,1730,1500,1211,1500,1500,1000,1900,1000,0,0,0,0,0,0,79.799833
RCIN,79839833,1730,1500,1211,1500,1500,1000,1900,1000,0,0,0,0,0,0,79.839833
RCIN,79879833,1730,1500,1211,1500,1500,1000,1900,1000,0,0,0,0,0,0,79.879833
RCIN,79919833,1730,1500,1211,1500,1500,1000,1900,1000,0,0,0,0,0,0,79.919833
RCIN,79959833,1730,1500,1211,1500,1500,1000,1900,1000,0,0,0,0,0,0,79.959833
RCIN,79999833,1730,1500,1211,1500,1500,1000,1900,1000,0,0,0,0,0,0,79.999833
RCIN,80039833,1730,1500,1211,1500,1500,1000,1900,1000,0,0,0,0,0,0,80.039833
RCIN,80079833,1730,1500,1211,1500,1500,1000,1900,1000,0,0,0,0,0,0,80.079833
RCIN,80119833,1730,1500,1211,1500,1500,1000,1900,1000,0,0,0,0,0,0,80.119833
RCIN,80159833,1730,1500,1210,1500,1500,1000,1900,1000,0,0,0,0,0,0,80.159833
RCIN,80199833,1730,1500,1210,1500,1500,1000,1900,1000,0,0,0,0,0,0,80.199833
RCIN,80239833,1730,1500,1210,1500,1500,1000,1900,1000,0,0,0,0,0,0,80.239833
RCIN,80279833,1730,1500,1210,1500,1500,1000,1900,1000,0,0,0,0,0,0,80.279833
RCIN,80319833,1730,1500,1210,1500,1500,1000,1900,1000,0,0,0,0,0,0,80.319833
RCIN,80359833,1730,1500,1209,1500,1500,1000,1900,1000,0,0,0,0,0,0,80.359833
RCIN,80399833,1730,1500,1209,1500,1500,1000,1900,1000,0,0,0,0,0,0,80.399833
RCIN,80439833,1730,1500,1209,1500,1500,1000,1900,1000,0,0,0,0,0,0,80.439833
RCIN,80479833,1730,1500,1209,1500,1500,1000,1900,1000,0,0,0,0,0,0,80.479833
RCIN,80519833,1730,1500,1209,1500,1500,1000,1900,1000,0,0,0,0,0,0,80.519833
RCIN,80559833,1730,1500,1208,1500,1500,1000,1900,1000,0,0,0,0,0,0,80.559833
RCIN,80599833,1730,1500,1208,1500,1500,1000,1900,1000,0,0,0,0,0,0,80.599833
RCIN,80639833,1730,1500,1208,1500,1500,1000,1900,1000,0,0,0,0,0,0,80.639833
RCIN,80679833,1730,1500,1208,1500,1500,1000,1900,1000,0,0,0,0,0,0,80.679833
RCIN,80719833,1730,1500,1207,1500,1500,1000,1900,1000,0,0,0,0,0,0,80.719833
RCIN,80759833,1730,1500,1207,1500,1500,1000,1900,1000,0,0,0,0,0,0,80.759833
RCIN,80799833,1730,1500,1207,1500,1500,1000,1900,1000,0,0,0,0,0,0,80.799833
RCIN,80839833,1730,1500,1207,1500,1500,1000,1900,1000,0,0,0,0,0,0,80.839833
RCIN,80879833,1730,1500,1206,1500,1500,1000,1900,1000,0,0,0,0,0,0,80.879833
RCIN,80919833,1730,1500,1206,1500,1500,1000,1900,1000,0,0,0,0,0,0,80.919833
RCIN,80959833,1500,1500,1206,1500,1500,1000,1900,1000,0,0,0,0,0,0,80.959833
RCIN,80999833,1500,1500,1206,1500,1500,1000,1900,1000,0,0,0,0,0,0,80.999833
RCIN,81039833,1500,1500,1205,1500,1500,1000,1900,1000,0,0,0,0,0,0,81.039833
RCIN,81079833,1500,1500,1205,1500,1500,1000,1900,1000,0,0,0,0,0,0,81.079833
RCIN,81119833,1500,1500,1205,1500,1500,1000,1900,1000,0,0,0,0,0,0,81.119833
RCIN,81159833,1500,1500,1205,1500,1500,1000,1900,1000,0,0,0,0,0,0,81.159833
RCIN,81199833,1500,1500,1204,1500,1500,1000,1900,1000,0,0,0,0,0,0,81.199833
RCIN,81239833,1500,1500,1204,1500,1500,1000,1900,1000,0,0,0,0,0,0,81.239833
RCIN,81279833,1500,1500,1204,1500,1500,1000,1900,1000,0,0,0,0,0,0,81.279833
RCIN,81319833,1500,1500,1204,1500,1500,1000,1900,1000,0,0,0,0,0,0,81.319833
RCIN,81359833,1500,1500,1203,1500,1500,1000,1900,1000,0,0,0,0,0,0,81.359833
RCIN,81399833,1500,1500,1203,1500,1500,1000,1900,1000,0,0,0,0,0,0,81.399833
RCIN,81439833,1500,1500,1203,1500,1500,1000,1900,1000,0,0,0,0,0,0,81.439833
RCIN,81479833,1500,1500,1203,1500,1500,1000,1900,1000,0,0,0,0,0,0,81.479833
RCIN,81519833,1500,1500,1202,1500,1500,1000,1900,1000,0,0,0,0,0,0,81.519833
RCIN,81559833,1500,1500,1202,1500,1500,1000,1900,1000,0,0,0,0,0,0,81.559833
RCIN,81599833,1500,1500,1202,1500,1500,1000,1900,1000,0,0,0,0,0,0,81.599833
RCIN,81639833,1500,1500,1202,1500,1500,1000,1900,1000,0,0,0,0,0,0,81.639833
RCIN,81679833,1500,1500,1202,1500,1500,1000,1900,1000,0,0,0,0,0,0,81.679833
RCIN,81719833,1500,1500,1202,1500,1500,1000,1900,1000,0,0,0,0,0,0,81.719833
RCIN,81759833,1500,1500,1201,1500,1500,1000,1900,1000,0,0,0,0,0,0,81.759833
RCIN,81799833,1500,1500,1201,1500,1500,1000,1900,1000,0,0,0,0,0,0,81.799833
RCIN,81839833,1500,1500,1201,1500,1500,1000,1900,1000,0,0,0,0,0,0,81.839833
RCIN,81879833,1500,1500,1201,1500,1500,1000,1900,1000,0,0,0,0,0,0,81.879833
RCIN,81919833,1500,1500,1201,1500,1500,1000,1900,1000,0,0,0,0,0,0,81.919833
RCIN,81959833,1500,1500,1201,1500,1500,1000,1900,1000,0,0,0,0,0,0,81.959833
RCIN,81999833,1500,1500,1201,1500,1500,1000,1900,1000,0,0,0,0,0,0,81.999833
RCIN,82039833,1270,1500,1201,1500,1500,1000,1900,1000,0,0,0,0,0,0,82.039833
RCIN,82079833,1270,1500,1202,1500,1500,1000,1900,1000,0,0,0,0,0,0,82.079833
RCIN,82119833,1270,1500,1202,1500,1500,1000,1900,1000,0,0,0,0,0,0,82.119833
RCIN,82159833,1270,1500,1202,1500,1500,1000,1900,1000,0,0,0,0,0,0,82.159833
RCIN,82199833,1270,1500,1202,1500,1500,1000,1900,1000,0,0,0,0,0,0,82.199833
RCIN,82239833,1270,1500,1202,1500,1500,1000,1900,1000,0,0,0,0,0,0,82.239833
RCIN,82279833,1270,1500,1202,1500,1500,1000,1900,1000,0,0,0,0,0,0,82.279833
RCIN,82319833,1270,1500,1202,1500,1500,1000,1900,1000,0,0,0,0,0,0,82.319833
RCIN,82359833,1270,1500,1202,1500,1500,1000,1900,1000,0,0,0,0,0,0,82.359833
RCIN,82399833,1270,1500,1202,1500,1500,1000,1900,1000,0,0,0,0,0,0,82.399833
RCIN,82439833,1270,1500,1201,1500,1500,1000,1900,1000,0,0,0,0,0,0,82.439833
RCIN,82479833,1270,1500,1201,1500,1500,1000,1900,1000,0,0,0,0,0,0,82.479833
RCIN,82519833,1270,1500,1201,1500,1500,1000,1900,1000,0,0,0,0,0,0,82.519833
RCIN,82559833,1270,1500,1201,1500,1500,1000,1900,1000,0,0,0,0,0,0,82.559833
RCIN,82599833,1270,1500,1201,1500,1500,1000,1900,1000,0,0,0,0,0,0,82.599833
RCIN,82639833,1270,1500,1201,1500,1500,1000,1900,1000,0,0,0,0,0,0,82.639833
RCIN,82679833,1270,1500,1201,1500,1500,1000,1900,1000,0,0,0,0,0,0,82.679833
RCIN,82719833,1270,1500,1201,1500,1500,1000,1900,1000,0,0,0,0,0,0,82.719833
RCIN,82759833,1270,1500,1201,1500,1500,1000,1900,1000,0,0,0,0,0,0,82.759833
RCIN,82799833,1270,1500,1201,1500,1500,1000,1900,1000,0,0,0,0,0,0,82.799833
RCIN,82839833,1270,1500,1201,1500,1500,1000,1900,1000,0,0,0,0,0,0,82.839833
RCIN,82879833,1270,1500,1201,1500,1500,1000,1900,1000,0,0,0,0,0,0,82.879833
RCIN,82919833,1270,1500,1201,1500,1500,1000,1900,1000,0,0,0,0,0,0,82.919833
RCIN,82959833,1270,1500,1201,1500,1500,1000,1900,1000,0,0,0,0,0,0,82.959833
RCIN,82999833,1270,1500,1201,1500,1500,1000,1900,1000,0,0,0,0,0,0,82.999833
RCIN,83039833,1270,1500,1201,1500,1500,1000,1900,1000,0,0,0,0,0,0,83.039833
RCIN,83079833,1270,1500,1201,1500,1500,1000,1900,1000,0,0,0,0,0,0,83.079833
RCIN,83119833,1270,1500,1201,1500,1500,1000,1900,1000,0,0,0,0,0,0,83.119833
RCIN,83159833,1270,1500,1201,1500,1500,1000,1900,1000,0,0,0,0,0,0,83.159833
RCIN,83199833,1270,1500,1201,1500,1500,1000,1900,1000,0,0,0,0,0,0,83.199833
RCIN,83239833,1270,1500,1201,1500,1500,1000,1900,1000,0,0,0,0,0,0,83.239833
RCIN,83279833,1270,1500,1201,1500,1500,1000,1900,1000,0,0,0,0,0,0,83.279833
RCIN,83319833,1270,1500,1201,1500,1500,1000,1900,1000,0,0,0,0,0,0,83.319833
RCIN,83359833,1270,1500,1201,1500,1500,1000,1900,1000,0,0,0,0,0,0,83.359833
RCIN,83399833,1270,1500,1201,1500,1500,1000,1900,1000,0,0,0,0,0,0,83.399833
RCIN,83439833,1270,1500,1200,1500,1500,1000,1900,1000,0,0,0,0,0,0,83.439833
RCIN,83479833,1270,1500,1200,1500,1500,1000,1900,1000,0,0,0,0,0,0,83.479833
RCIN,83519833,1270,1500,1200,1500,1500,1000,1900,1000,0,0,0,0,0,0,83.519833
RCIN,83559833,1270,1500,1200,1500,1500,1000,1900,1000,0,0,0,0,0,0,83.559833
RCIN,83599833,1270,1500,1200,1500,1500,1000,1900,1000,0,0,0,0,0,0,83.599833
RCIN,83639833,1270,1500,1199,1500,1500,1000,1900,1000,0,0,0,0,0,0,83.639833
RCIN,83679833,1270,1500,1199,1500,1500,1000,1900,1000,0,0,0,0,0,0,83.679833
RCIN,83719833,1270,1500,1199,1500,1500,1000,1900,1000,0,0,0,0,0,0,83.719833
RCIN,83759833,1270,1500,1199,1500,1500,1000,1900,1000,0,0,0,0,0,0,83.759833
RCIN,83799833,1270,1500,1199,1500,1500,1000,1900,1000,0,0,0,0,0,0,83.799833
RCIN,83839833,1500,1500,1199,1500,1500,1000,1900,1000,0,0,0,0,0,0,83.839833
RCIN,83879833,1500,1500,1198,1500,1500,1000,1900,1000,0,0,0,0,0,0,83.879833
RCIN,83919833,1500,1500,1198,1500,1500,1000,1900,1000,0,0,0,0,0,0,83.919833
RCIN,83959833,1500,1500,1198,1500,1500,1000,1900,1000,0,0,0,0,0,0,83.959833
RCIN,83999833,1500,1500,1198,1500,1500,1000,1900,1000,0,0,0,0,0,0,83.999833
RCIN,84039833,1500,1500,1198,1500,1500,1000,1900,1000,0,0,0,0,0,0,84.039833
RCIN,84079833,1500,1500,1198,1500,1500,1000,1900,1000,0,0,0,0,0,0,84.079833
RCIN,84119833,1500,1500,1198,1500,1500,1000,1900,1000,0,0,0,0,0,0,84.119833
RCIN,84159833,1500,1500,1197,1500,1500,1000,1900,1000,0,0,0,0,0,0,84.159833
RCIN,84199833,1500,1500,1197,1500,1500,1000,1900,1000,0,0,0,0,0,0,84.199833
RCIN,84239833,1500,1500,1197,1500,1500,1000,1900,1000,0,0,0,0,0,0,84.239833
RCIN,84279833,1500,1500,1197,1500,1500,1000,1900,1000,0,0,0,0,0,0,84.279833
RCIN,84319833,1500,1500,1197,1500,1500,1000,1900,1000,0,0,0,0,0,0,84.319833
RCIN,84359833,1500,1500,1197,1500,1500,1000,1900,1000,0,0,0,0,0,0,84.359833
RCIN,84399833,1500,1500,1197,1500,1500,1000,1900,1000,0,0,0,0,0,0,84.399833
RCIN,84439833,1500,1500,1196,1500,1500,1000,1900,1000,0,0,0,0,0,0,84.439833
RCIN,84479833,1500,1500,1196,1500,1500,1000,1900,1000,0,0,0,0,0,0,84.479833
RCIN,84519833,1500,1500,1196,1500,1500,1000,1900,1000,0,0,0,0,0,0,84.519833
RCIN,84559833,1500,1500,1196,1500,1500,1000,1900,1000,0,0,0,0,0,0,84.559833
RCIN,84599833,1500,1500,1196,1500,1500,1000,1900,1000,0,0,0,0,0,0,84.599833
RCIN,84639833,1500,1500,1196,1500,1500,1000,1900,1000,0,0,0,0,0,0,84.639833
RCIN,84679833,1500,1500,1196,1500,1500,1000,1900,1000,0,0,0,0,0,0,84.679833
RCIN,84719833,1500,1500,1196,1500,1500,1000,1900,1000,0,0,0,0,0,0,84.719833
RCIN,84759833,1500,1500,1196,1500,1500,1000,1900,1000,0,0,0,0,0,0,84.759833
RCIN,84799833,1500,1500,1196,1500,1500,1000,1900,1000,0,0,0,0,0,0,84.799833
RCIN,84839833,1500,1500,1196,1500,1500,1000,1900,1000,0,0,0,0,0,0,84.839833
RCIN,84879833,1500,1500,1196,1500,1500,1000,1900,1000,0,0,0,0,0,0,84.879833
RCIN,84919833,1730,1500,1196,1500,1500,1000,1900,1000,0,0,0,0,0,0,84.919833
RCIN,84959833,1730,1500,1196,1500,1500,1000,1900,1000,0,0,0,0,0,0,84.959833
RCIN,84999833,1730,1500,1196,1500,1500,1000,1900,1000,0,0,0,0,0,0,84.999833
RCIN,85039833,1730,1500,1196,1500,1500,1000,1900,1000,0,0,0,0,0,0,85.039833
RCIN,85079833,1730,1500,1196,1500,1500,1000,1900,1000,0,0,0,0,0,0,85.079833
RCIN,85119833,1730,1500,1196,1500,1500,1000,1900,1000,0,0,0,0,0,0,85.119833
RCIN,85159833,1730,1500,1196,1500,1500,1000,1900,1000,0,0,0,0,0,0,85.159833
RCIN,85199833,1730,1500,1196,1500,1500,1000,1900,1000,0,0,0,0,0,0,85.199833
RCIN,85239833,1730,1500,1196,1500,1500,1000,1900,1000,0,0,0,0,0,0,85.239833
RCIN,85279833,1730,1500,1196,1500,1500,1000,1900,1000,0,0,0,0,0,0,85.279833
RCIN,85319833,1730,1500,1196,1500,1500,1000,1900,1000,0,0,0,0,0,0,85.319833
RCIN,85359833,1730,1500,1196,1500,1500,1000,1900,1000,0,0,0,0,0,0,85.359833
RCIN,85399833,1730,1500,1196,1500,1500,1000,1900,1000,0,0,0,0,0,0,85.399833
RCIN,85439833,1730,1500,1196,1500,1500,1000,1900,1000,0,0,0,0,0,0,85.439833
RCIN,85479833,1730,1500,1196,1500,1500,1000,1900,1000,0,0,0,0,0,0,85.479833
RCIN,85519833,1730,1500,1196,1500,1500,1000,1900,1000,0,0,0,0,0,0,85.519833
RCIN,85559833,1730,1500,1196,1500,1500,1000,1900,1000,0,0,0,0,0,0,85.559833
RCIN,85599833,1730,1500,1196,1500,1500,1000,1900,1000,0,0,0,0,0,0,85.599833
RCIN,85639833,1730,1500,1196,1500,1500,1000,1900,1000,0,0,0,0,0,0,85.639833
RCIN,85679833,1730,1500,1196,1500,1500,1000,1900,1000,0,0,0,0,0,0,85.679833
RCIN,85719833,1730,1500,1195,1500,1500,1000,1900,1000,0,0,0,0,0,0,85.719833
RCIN,85759833,1730,1500,1195,1500,1500,1000,1900,1000,0,0,0,0,0,0,85.759833
RCIN,85799833,1730,1500,1195,1500,1500,1000,1900,1000,0,0,0,0,0,0,85.799833
RCIN,85839833,1730,1500,1195,1500,1500,1000,1900,1000,0,0,0,0,0,0,85.839833
RCIN,85879833,1730,1500,1195,1500,1500,1000,1900,1000,0,0,0,0,0,0,85.879833
RCIN,85919833,1730,1500,1194,1500,1500,1000,1900,1000,0,0,0,0,0,0,85.919833
RCIN,85959833,1730,1500,1194,1500,1500,1000,1900,1000,0,0,0,0,0,0,85.959833
RCIN,85999833,1730,1500,1194,1500,1500,1000,1900,1000,0,0,0,0,0,0,85.999833
RCIN,86039833,1730,1500,1194,1500,1500,1000,1900,1000,0,0,0,0,0,0,86.039833
RCIN,86079833,1730,1500,1193,1500,1500,1000,1900,1000,0,0,0,0,0,0,86.079833
RCIN,86119833,1730,1500,1193,1500,1500,1000,1900,1000,0,0,0,0,0,0,86.119833
RCIN,86159833,1730,1500,1193,1500,1500,1000,1900,1000,0,0,0,0,0,0,86.159833
RCIN,86199833,1730,1500,1192,1500,1500,1000,1900,1000,0,0,0,0,0,0,86.199833
RCIN,86239833,1730,1500,1192,1500,1500,1000,1900,1000,0,0,0,0,0,0,86.239833
RCIN,86279833,1730,1500,1192,1500,1500,1000,1900,1000,0,0,0,0,0,0,86.279833
RCIN,86319833,1730,1500,1191,1500,1500,1000,1900,1000,0,0,0,0,0,0,86.319833
RCIN,86359833,1730,1500,1191,1500,1500,1000,1900,1000,0,0,0,0,0,0,86.359833
RCIN,86399833,1730,1500,1191,1500,1500,1000,1900,1000,0,0,0,0,0,0,86.399833
RCIN,86439833,1730,1500,1191,1500,1500,1000,1900,1000,0,0,0,0,0,0,86.439833
RCIN,86479833,1730,1500,1190,1500,1500,1000,1900,1000,0,0,0,0,0,0,86.479833
RCIN,86519833,1730,1500,1190,1500,1500,1000,1900,1000,0,0,0,0,0,0,86.519833
RCIN,86559833,1730,1500,1190,1500,1500,1000,1900,1000,0,0,0,0,0,0,86.559833
RCIN,86599833,1730,1500,1190,1500,1500,1000,1900,1000,0,0,0,0,0,0,86.599833
RCIN,86639833,1730,1500,1189,1500,1500,1000,1900,1000,0,0,0,0,0,0,86.639833
RCIN,86679833,1730,1500,1189,1500,1500,1000,1900,1000,0,0,0,0,0,0,86.679833
RCIN,86719833,1500,1500,1189,1500,1500,1000,1900,1000,0,0,0,0,0,0,86.719833
RCIN,86759833,1500,1500,1189,1500,1500,1000,1900,1000,0,0,0,0,0,0,86.759833
RCIN,86799833,1500,1500,1188,1500,1500,1000,1900,1000,0,0,0,0,0,0,86.799833
RCIN,86839833,1500,1500,1188,1500,1500,1000,1900,1000,0,0,0,0,0,0,86.839833
RCIN,86879833,1500,1500,1188,1500,1500,1000,1900,1000,0,0,0,0,0,0,86.879833
RCIN,86919833,1500,1500,1188,1500,1500,1000,1900,1000,0,0,0,0,0,0,86.919833
RCIN,86959833,1500,1500,1188,1500,1500,1000,1900,1000,0,0,0,0,0,0,86.959833
RCIN,86999833,1500,1500,1188,1500,1500,1000,1900,1000,0,0,0,0,0,0,86.999833
RCIN,87039833,1500,1500,1187,1500,1500,1000,1900,1000,0,0,0,0,0,0,87.039833
RCIN,87079833,1500,1500,1187,1500,1500,1000,1900,1000,0,0,0,0,0,0,87.079833
RCIN,87119833,1500,1500,1187,1500,1500,1000,1900,1000,0,0,0,0,0,0,87.119833
RCIN,87159833,1500,1500,1187,1500,1500,1000,1900,1000,0,0,0,0,0,0,87.159833
RCIN,87199833,1500,1500,1187,1500,1500,1000,1900,1000,0,0,0,0,0,0,87.199833
RCIN,87239833,1500,1500,1187,1500,1500,1000,1900,1000,0,0,0,0,0,0,87.239833
RCIN,87279833,1500,1500,1187,1500,1500,1000,1900,1000,0,0,0,0,0,0,87.279833
RCIN,87319833,1500,1500,1187,1500,1500,1000,1900,1000,0,0,0,0,0,0,87.319833
RCIN,87359833,1500,1500,1186,1500,1500,1000,1900,1000,0,0,0,0,0,0,87.359833
RCIN,87399833,1500,1500,1186,1500,1500,1000,1900,1000,0,0,0,0,0,0,87.399833
RCIN,87439833,1500,1500,1186,1500,1500,1000,1900,1000,0,0,0,0,0,0,87.439833
RCIN,87479833,1500,1500,1186,1500,1500,1000,1900,1000,0,0,0,0,0,0,87.479833
RCIN,87519833,1500,1500,1186,1500,1500,1000,1900,1000,0,0,0,0,0,0,87.519833
RCIN,87559833,1500,1500,1186,1500,1500,1000,1900,1000,0,0,0,0,0,0,87.559833
RCIN,87599833,1500,1500,1186,1500,1500,1000,1900,1000,0,0,0,0,0,0,87.599833
RCIN,87639833,1500,1500,1186,1500,1500,1000,1900,1000,0,0,0,0,0,0,87.639833
RCIN,87679833,1500,1500,1186,1500,1500,1000,1900,1000,0,0,0,0,0,0,87.679833
RCIN,87719833,1500,1500,1186,1500,1500,1000,1900,1000,0,0,0,0,0,0,87.719833
RCIN,87759833,1500,1500,1186,1500,1500,1000,1900,1000,0,0,0,0,0,0,87.759833
RCIN,87799833,1270,1500,1187,1500,1500,1000,1900,1000,0,0,0,0,0,0,87.799833
RCIN,87839833,1270,1500,1187,1500,1500,1000,1900,1000,0,0,0,0,0,0,87.839833
RCIN,87879833,1270,1500,1187,1500,1500,1000,1900,1000,0,0,0,0,0,0,87.879833
RCIN,87919833,1270,1500,1187,1500,1500,1000,1900,1000,0,0,0,0,0,0,87.919833
RCIN,87959833,1270,1500,1187,1500,1500,1000,1900,1000,0,0,0,0,0,0,87.959833
RCIN,87999833,1270,1500,1187,1500,1500,1000,1900,1000,0,0,0,0,0,0,87.999833
RCIN,88039833,1270,1500,1187,1500,1500,1000,1900,1000,0,0,0,0,0,0,88.039833
RCIN,88079833,1270,1500,1187,1500,1500,1000,1900,1000,0,0,0,0,0,0,88.079833
RCIN,88119833,1270,1500,1187,1500,1500,1000,1900,1000,0,0,0,0,0,0,88.119833
RCIN,88159833,1270,1500,1187,1500,1500,1000,1900,1000,0,0,0,0,0,0,88.159833
RCIN,88199833,1270,1500,1187,1500,1500,1000,1900,1000,0,0,0,0,0,0,88.199833
RCIN,88239833,1270,1500,1187,1500,1500,1000,1900,1000,0,0,0,0,0,0,88.239833
RCIN,88279833,1270,1500,1187,1500,1500,1000,1900,1000,0,0,0,0,0,0,88.279833
RCIN,88319833,1270,1500,1187,1500,1500,1000,1900,1000,0,0,0,0,0,0,88.319833
RCIN,88359833,1270,1500,1187,1500,1500,1000,1900,1000,0,0,0,0,0,0,88.359833
RCIN,88399833,1270,1500,1187,1500,1500,1000,1900,1000,0,0,0,0,0,0,88.399833
RCIN,88439833,1270,1500,1187,1500,1500,1000,1900,1000,0,0,0,0,0,0,88.439833
RCIN,88479833,1270,1500,1187,1500,1500,1000,1900,1000,0,0,0,0,0,0,88.479833
RCIN,88519833,1270,1500,1187,1500,1500,1000,1900,1000,0,0,0,0,0,0,88.519833
RCIN,88559833,1270,1500,1187,1500,1500,1000,1900,1000,0,0,0,0,0,0,88.559833
RCIN,88599833,1270,1500,1187,1500,1500,1000,1900,1000,0,0,0,0,0,0,88.599833
RCIN,88639833,1270,1500,1187,1500,1500,1000,1900,1000,0,0,0,0,0,0,88.639833
RCIN,88679833,1270,1500,1187,1500,1500,1000,1900,1000,0,0,0,0,0,0,88.679833
RCIN,88719833,1270,1500,1187,1500,1500,1000,1900,1000,0,0,0,0,0,0,88.719833
RCIN,88759833,1270,1500,1187,1500,1500,1000,1900,1000,0,0,0,0,0,0,88.759833
RCIN,88799833,1270,1500,1187,1500,1500,1000,1900,1000,0,0,0,0,0,0,88.799833
RCIN,88839833,1270,1500,1187,1500,1500,1000,1900,1000,0,0,0,0,0,0,88.839833
RCIN,88879833,1270,1500,1187,1500,1500,1000,1900,1000,0,0,0,0,0,0,88.879833
RCIN,88919833,1270,1500,1186,1500,1500,1000,1900,1000,0,0,0,0,0,0,88.919833
RCIN,88959833,1270,1500,1186,1500,1500,1000,1900,1000,0,0,0,0,0,0,88.959833
RCIN,88999833,1270,1500,1186,1500,1500,1000,1900,1000,0,0,0,0,0,0,88.999833
RCIN,89039833,1270,1500,1186,1500,1500,1000,1900,1000,0,0,0,0,0,0,89.039833
RCIN,89079833,1270,1500,1185,1500,1500,1000,1900,1000,0,0,0,0,0,0,89.079833
RCIN,89119833,1270,1500,1185,1500,1500,1000,1900,1000,0,0,0,0,0,0,89.119833
RCIN,89159833,1270,1500,1185,1500,1500,1000,1900,1000,0,0,0,0,0,0,89.159833
RCIN,89199833,1270,1500,1185,1500,1500,1000,1900,1000,0,0,0,0,0,0,89.199833
RCIN,89239833,1270,1500,1184,1500,1500,1000,1900,1000,0,0,0,0,0,0,89.239833
RCIN,89279833,1270,1500,1184,1500,1500,1000,1900,1000,0,0,0,0,0,0,89.279833
RCIN,89319833,1270,1500,1184,1500,1500,1000,1900,1000,0,0,0,0,0,0,89.319833
RCIN,89359833,1270,1500,1183,1500,1500,1000,1900,1000,0,0,0,0,0,0,89.359833
RCIN,89399833,1270,1500,1183,1500,1500,1000,1900,1000,0,0,0,0,0,0,89.399833
RCIN,89439833,1270,1500,1183,1500,1500,1000,1900,1000,0,0,0,0,0,0,89.439833
RCIN,89479833,1270,1500,1183,1500,1500,1000,1900,1000,0,0,0,0,0,0,89.479833
RCIN,89519833,1270,1500,1182,1500,1500,1000,1900,1000,0,0,0,0,0,0,89.519833
RCIN,89559833,1270,1500,1182,1500,1500,1000,1900,1000,0,0,0,0,0,0,89.559833
RCIN,89599833,1500,1500,1182,1500,1500,1000,1900,1000,0,0,0,0,0,0,89.599833
RCIN,89639833,1500,1500,1182,1500,1500,1000,1900,1000,0,0,0,0,0,0,89.639833
RCIN,89679833,1500,1500,1181,1500,1500,1000,1900,1000,0,0,0,0,0,0,89.679833
RCIN,89719833,1500,1500,1181,1500,1500,1000,1900,1000,0,0,0,0,0,0,89.719833
RCIN,89759833,1500,1500,1181,1500,1500,1000,1900,1000,0,0,0,0,0,0,89.759833
RCIN,89799833,1500,1500,1181,1500,1500,1000,1900,1000,0,0,0,0,0,0,89.799833
RCIN,89839833,1500,1500,1181,1500,1500,1000,1900,1000,0,0,0,0,0,0,89.839833
RCIN,89879833,1500,1500,1181,1500,1500,1000,1900,1000,0,0,0,0,0,0,89.879833
RCIN,89919833,1500,1500,1180,1500,1500,1000,1900,1000,0,0,0,0,0,0,89.919833
RCIN,89959833,1500,1500,1180,1500,1500,1000,1900,1000,0,0,0,0,0,0,89.959833
RCIN,89999833,1500,1500,1180,1500,1500,1000,1900,1000,0,0,0,0,0,0,89.999833
RCIN,90039833,1500,1500,1180,1500,1500,1000,1900,1000,0,0,0,0,0,0,90.039833
RCIN,90079833,1500,1500,1180,1500,1500,1000,1900,1000,0,0,0,0,0,0,90.079833
RCIN,90119833,1500,1500,1179,1500,1500,1000,1900,1000,0,0,0,0,0,0,90.119833
RCIN,90159833,1500,1500,1179,1500,1500,1000,1900,1000,0,0,0,0,0,0,90.159833
RCIN,90199833,1500,1500,1179,1500,1500,1000,1900,1000,0,0,0,0,0,0,90.199833
RCIN,90239833,1500,1500,1179,1500,1500,1000,1900,1000,0,0,0,0,0,0,90.239833
RCIN,90279833,1500,1500,1179,1500,1500,1000,1900,1000,0,0,0,0,0,0,90.279833
RCIN,90319833,1500,1500,1178,1500,1500,1000,1900,1000,0,0,0,0,0,0,90.319833
RCIN,90359833,1500,1500,1178,1500,1500,1000,1900,1000,0,0,0,0,0,0,90.359833
RCIN,90399833,1500,1500,1178,1500,1500,1000,1900,1000,0,0,0,0,0,0,90.399833
RCIN,90439833,1500,1500,1178,1500,1500,1000,1900,1000,0,0,0,0,0,0,90.439833
RCIN,90479833,1500,1500,1178,1500,1500,1000,1900,1000,0,0,0,0,0,0,90.479833
RCIN,90519833,1500,1500,1177,1500,1500,1000,1900,1000,0,0,0,0,0,0,90.519833
RCIN,90559833,1500,1500,1177,1500,1500,1000,1900,1000,0,0,0,0,0,0,90.559833
RCIN,90599833,1500,1500,1177,1500,1500,1000,1900,1000,0,0,0,0,0,0,90.599833
RCIN,90639833,1500,1500,1177,1500,1500,1000,1900,1000,0,0,0,0,0,0,90.639833
RCIN,90679833,1730,1500,1177,1500,1500,1000,1900,1000,0,0,0,0,0,0,90.679833
RCIN,90719833,1730,1500,1177,1500,1500,1000,1900,1000,0,0,0,0,0,0,90.719833
RCIN,90759833,1730,1500,1177,1500,1500,1000,1900,1000,0,0,0,0,0,0,90.759833
RCIN,90799833,1730,1500,1177,1500,1500,1000,1900,1000,0,0,0,0,0,0,90.799833
RCIN,90839833,1730,1500,1177,1500,1500,1000,1900,1000,0,0,0,0,0,0,90.839833
RCIN,90879833,1730,1500,1177,1500,1500,1000,1900,1000,0,0,0,0,0,0,90.879833
RCIN,90919833,1730,1500,1177,1500,1500,1000,1900,1000,0,0,0,0,0,0,90.919833
RCIN,90959833,1730,1500,1177,1500,1500,1000,1900,1000,0,0,0,0,0,0,90.959833
RCIN,90999833,1730,1500,1177,1500,1500,1000,1900,1000,0,0,0,0,0,0,90.999833
RCIN,91039833,1730,1500,1177,1500,1500,1000,1900,1000,0,0,0,0,0,0,91.039833
RCIN,91079833,1730,1500,1177,1500,1500,1000,1900,1000,0,0,0,0,0,0,91.079833
RCIN,91119833,1730,1500,1177,1500,1500,1000,1900,1000,0,0,0,0,0,0,91.119833
RCIN,91159833,1730,1500,1178,1500,1500,1000,1900,1000,0,0,0,0,0,0,91.159833
RCIN,91199833,1730,1500,1178,1500,1500,1000,1900,1000,0,0,0,0,0,0,91.199833
RCIN,91239833,1730,1500,1178,1500,1500,1000,1900,1000,0,0,0,0,0,0,91.239833
RCIN,91279833,1730,1500,1178,1500,1500,1000,1900,1000,0,0,0,0,0,0,91.279833
RCIN,91319833,1730,1500,1178,1500,1500,1000,1900,1000,0,0,0,0,0,0,91.319833
RCIN,91359833,1730,1500,1178,1500,1500,1000,1900,1000,0,0,0,0,0,0,91.359833
RCIN,91399833,1730,1500,1178,1500,1500,1000,1900,1000,0,0,0,0,0,0,91.399833
RCIN,91439833,1730,1500,1178,1500,1500,1000,1900,1000,0,0,0,0,0,0,91.439833
RCIN,91479833,1730,1500,1178,1500,1500,1000,1900,1000,0,0,0,0,0,0,91.479833
RCIN,91519833,1730,1500,1178,1500,1500,1000,1900,1000,0,0,0,0,0,0,91.519833
RCIN,91559833,1730,1500,1178,1500,1500,1000,1900,1000,0,0,0,0,0,0,91.559833
RCIN,91599833,1730,1500,1178,1500,1500,1000,1900,1000,0,0,0,0,0,0,91.599833
RCIN,91639833,1730,1500,1178,1500,1500,1000,1900,1000,0,0,0,0,0,0,91.639833
RCIN,91679833,1730,1500,1178,1500,1500,1000,1900,1000,0,0,0,0,0,0,91.679833
RCIN,91719833,1730,1500,1178,1500,1500,1000,1900,1000,0,0,0,0,0,0,91.719833
RCIN,91759833,1730,1500,1178,1500,1500,1000,1900,1000,0,0,0,0,0,0,91.759833
RCIN,91799833,1730,1500,1178,1500,1500,1000,1900,1000,0,0,0,0,0,0,91.799833
RCIN,91839833,1730,1500,1178,1500,1500,1000,1900,1000,0,0,0,0,0,0,91.839833
RCIN,91879833,1730,1500,1178,1500,1500,1000,1900,1000,0,0,0,0,0,0,91.879833
RCIN,91919833,1730,1500,1178,1500,1500,1000,1900,1000,0,0,0,0,0,0,91.919833
RCIN,91959833,1730,1500,1177,1500,1500,1000,1900,1000,0,0,0,0,0,0,91.959833
RCIN,91999833,1730,1500,1177,1500,1500,1000,1900,1000,0,0,0,0,0,0,91.999833
RCIN,92039833,1730,1500,1177,1500,1500,1000,1900,1000,0,0,0,0,0,0,92.039833
RCIN,92079833,1730,1500,1177,1500,1500,1000,1900,1000,0,0,0,0,0,0,92.079833
RCIN,92119833,1730,1500,1177,1500,1500,1000,1900,1000,0,0,0,0,0,0,92.119833
RCIN,92159833,1730,1500,1176,1500,1500,1000,1900,1000,0,0,0,0,0,0,92.159833
RCIN,92199833,1730,1500,1176,1500,1500,1000,1900,1000,0,0,0,0,0,0,92.199833
RCIN,92239833,1730,1500,1176,1500,1500,1000,1900,1000,0,0,0,0,0,0,92.239833
RCIN,92279833,1730,1500,1176,1500,1500,1000,1900,1000,0,0,0,0,0,0,92.279833
RCIN,92319833,1730,1500,1175,1500,1500,1000,1900,1000,0,0,0,0,0,0,92.319833
RCIN,92359833,1730,1500,1175,1500,1500,1000,1900,1000,0,0,0,0,0,0,92.359833
RCIN,92399833,1730,1500,1175,1500,1500,1000,1900,1000,0,0,0,0,0,0,92.399833
RCIN,92439833,1730,1500,1174,1500,1500,1000,1900,1000,0,0,0,0,0,0,92.439833
RCIN,92479833,1500,1500,1174,1500,1500,1000,1900,1000,0,0,0,0,0,0,92.479833
RCIN,92519833,1500,1500,1174,1500,1500,1000,1900,1000,0,0,0,0,0,0,92.519833
RCIN,92559833,1500,1500,1173,1500,1500,1000,1900,1000,0,0,0,0,0,0,92.559833
RCIN,92599833,1500,1500,1173,1500,1500,1000,1900,1000,0,0,0,0,0,0,92.599833
RCIN,92639833,1500,1500,1173,1500,1500,1000,1900,1000,0,0,0,0,0,0,92.639833
RCIN,92679833,1500,1500,1172,1500,1500,1000,1900,1000,0,0,0,0,0,0,92.679833
RCIN,92719833,1500,1500,1172,1500,1500,1000,1900,1000,0,0,0,0,0,0,92.719833
RCIN,92759833,1500,1500,1172,1500,1500,1000,1900,1000,0,0,0,0,0,0,92.759833
RCIN,92799833,1500,1500,1171,1500,1500,1000,1900,1000,0,0,0,0,0,0,92.799833
RCIN,92839833,1500,1500,1171,1500,1500,1000,1900,1000,0,0,0,0,0,0,92.839833
RCIN,92879833,1500,1500,1171,1500,1500,1000,1900,1000,0,0,0,0,0,0,92.879833
RCIN,92919833,1500,1500,1171,1500,1500,1000,1900,1000,0,0,0,0,0,0,92.919833
RCIN,92959833,1500,1500,1170,1500,1500,1000,1900,1000,0,0,0,0,0,0,92.959833
RCIN,92999833,1500,1500,1170,1500,1500,1000,1900,1000,0,0,0,0,0,0,92.999833
RCIN,93039833,1500,1500,1170,1500,1500,1000,1900,1000,0,0,0,0,0,0,93.039833
RCIN,93079833,1500,1500,1170,1500,1500,1000,1900,1000,0,0,0,0,0,0,93.079833
RCIN,93119833,1500,1500,1170,1500,1500,1000,1900,1000,0,0,0,0,0,0,93.119833
RCIN,93159833,1500,1500,1169,1500,1500,1000,1900,1000,0,0,0,0,0,0,93.159833
RCIN,93199833,1500,1500,1169,1500,1500,1000,1900,1000,0,0,0,0,0,0,93.199833
RCIN,93239833,1500,1500,1169,1500,1500,1000,1900,1000,0,0,0,0,0,0,93.239833
RCIN,93279833,1500,1500,1169,1500,1500,1000,1900,1000,0,0,0,0,0,0,93.279833
RCIN,93319833,1500,1500,1169,1500,1500,1000,1900,1000,0,0,0,0,0,0,93.319833
RCIN,93359833,1500,1500,1169,1500,1500,1000,1900,1000,0,0,0,0,0,0,93.359833
RCIN,93399833,1500,1500,1169,1500,1500,1000,1900,1000,0,0,0,0,0,0,93.399833
RCIN,93439833,1500,1500,1169,1500,1500,1000,1900,1000,0,0,0,0,0,0,93.439833
RCIN,93479833,1500,1500,1169,1500,1500,1000,1900,1000,0,0,0,0,0,0,93.479833
RCIN,93519833,1500,1500,1169,1500,1500,1000,1900,1000,0,0,0,0,0,0,93.519833
RCIN,93559833,1270,1500,1169,1500,1500,1000,1900,1000,0,0,0,0,0,0,93.559833
RCIN,93599833,1270,1500,1169,1500,1500,1000,1900,1000,0,0,0,0,0,0,93.599833
RCIN,93639833,1270,1500,1169,1500,1500,1000,1900,1000,0,0,0,0,0,0,93.639833
RCIN,93679833,1270,1500,1169,1500,1500,1000,1900,1000,0,0,0,0,0,0,93.679833
RCIN,93719833,1270,1500,1169,1500,1500,1000,1900,1000,0,0,0,0,0,0,93.719833
RCIN,93759833,1270,1500,1169,1500,1500,1000,1900,1000,0,0,0,0,0,0,93.759833
RCIN,93799833,1270,1500,1170,1500,1500,1000,1900,1000,0,0,0,0,0,0,93.799833
RCIN,93839833,1270,1500,1170,1500,1500,1000,1900,1000,0,0,0,0,0,0,93.839833
RCIN,93879833,1270,1500,1170,1500,1500,1000,1900,1000,0,0,0,0,0,0,93.879833
RCIN,93919833,1270,1500,1170,1500,1500,1000,1900,1000,0,0,0,0,0,0,93.919833
RCIN,93959833,1270,1500,1170,1500,1500,1000,1900,1000,0,0,0,0,0,0,93.959833
RCIN,93999833,1270,1500,1170,1500,1500,1000,1900,1000,0,0,0,0,0,0,93.999833
RCIN,94039833,1270,1500,1170,1500,1500,1000,1900,1000,0,0,0,0,0,0,94.039833
RCIN,94079833,1270,1500,1170,1500,1500,1000,1900,1000,0,0,0,0,0,0,94.079833
RCIN,94119833,1270,1500,1170,1500,1500,1000,1900,1000,0,0,0,0,0,0,94.119833
RCIN,94159833,1270,1500,1170,1500,1500,1000,1900,1000,0,0,0,0,0,0,94.159833
RCIN,94199833,1270,1500,1169,1500,1500,1000,1900,1000,0,0,0,0,0,0,94.199833
RCIN,94239833,1270,1500,1169,1500,1500,1000,1900,1000,0,0,0,0,0,0,94.239833
RCIN,94279833,1270,1500,1169,1500,1500,1000,1900,1000,0,0,0,0,0,0,94.279833
RCIN,94319833,1270,1500,1169,1500,1500,1000,1900,1000,0,0,0,0,0,0,94.319833
RCIN,94359833,1270,1500,1169,1500,1500,1000,1900,1000,0,0,0,0,0,0,94.359833
RCIN,94399833,1270,1500,1169,1500,1500,1000,1900,1000,0,0,0,0,0,0,94.399833
RCIN,94439833,1270,1500,1169,1500,1500,1000,1900,1000,0,0,0,0,0,0,94.439833
RCIN,94479833,1270,1500,1169,1500,1500,1000,1900,1000,0,0,0,0,0,0,94.479833
RCIN,94519833,1270,1500,1169,1500,1500,1000,1900,1000,0,0,0,0,0,0,94.519833
RCIN,94559833,1270,1500,1168,1500,1500,1000,1900,1000,0,0,0,0,0,0,94.559833
RCIN,94599833,1270,1500,1168,1500,1500,1000,1900,1000,0,0,0,0,0,0,94.599833
RCIN,94639833,1270,1500,1168,1500,1500,1000,1900,1000,0,0,0,0,0,0,94.639833
RCIN,94679833,1270,1500,1168,1500,1500,1000,1900,1000,0,0,0,0,0,0,94.679833
RCIN,94719833,1270,1500,1168,1500,1500,1000,1900,1000,0,0,0,0,0,0,94.719833
RCIN,94759833,1270,1500,1167,1500,1500,1000,1900,1000,0,0,0,0,0,0,94.759833
RCIN,94799833,1270,1500,1167,1500,1500,1000,1900,1000,0,0,0,0,0,0,94.799833
RCIN,94839833,1270,1500,1167,1500,1500,1000,1900,1000,0,0,0,0,0,0,94.839833
RCIN,94879833,1270,1500,1167,1500,1500,1000,1900,1000,0,0,0,0,0,0,94.879833
RCIN,94919833,1270,1500,1167,1500,1500,1000,1900,1000,0,0,0,0,0,0,94.919833
RCIN,94959833,1270,1500,1166,1500,1500,1000,1900,1000,0,0,0,0,0,0,94.959833
RCIN,94999833,1270,1500,1166,1500,1500,1000,1900,1000,0,0,0,0,0,0,94.999833
RCIN,95039833,1270,1500,1166,1500,1500,1000,1900,1000,0,0,0,0,0,0,95.039833
RCIN,95079833,1270,1500,1166,1500,1500,1000,1900,1000,0,0,0,0,0,0,95.079833
RCIN,95119833,1270,1500,1165,1500,1500,1000,1900,1000,0,0,0,0,0,0,95.119833
RCIN,95159833,1270,1500,1165,1500,1500,1000,1900,1000,0,0,0,0,0,0,95.159833
RCIN,95199833,1270,1500,1165,1500,1500,1000,1900,1000,0,0,0,0,0,0,95.199833
RCIN,95239833,1270,1500,1164,1500,1500,1000,1900,1000,0,0,0,0,0,0,95.239833
RCIN,95279833,1270,1500,1164,1500,1500,1000,1900,1000,0,0,0,0,0,0,95.279833
RCIN,95319833,1270,1500,1164,1500,1500,1000,1900,1000,0,0,0,0,0,0,95.319833
RCIN,95359833,1500,1500,1163,1500,1500,1000,1900,1000,0,0,0,0,0,0,95.359833
RCIN,95399833,1500,1500,1163,1500,1500,1000,1900,1000,0,0,0,0,0,0,95.399833
RCIN,95439833,1500,1500,1163,1500,1500,1000,1900,1000,0,0,0,0,0,0,95.439833
RCIN,95479833,1500,1500,1163,1500,1500,1000,1900,1000,0,0,0,0,0,0,95.479833
RCIN,95519833,1500,1500,1162,1500,1500,1000,1900,1000,0,0,0,0,0,0,95.519833
RCIN,95559833,1500,1500,1162,1500,1500,1000,1900,1000,0,0,0,0,0,0,95.559833
RCIN,95599833,1500,1500,1162,1500,1500,1000,1900,1000,0,0,0,0,0,0,95.599833
RCIN,95639833,1500,1500,1161,1500,1500,1000,1900,1000,0,0,0,0,0,0,95.639833
RCIN,95679833,1500,1500,1161,1500,1500,1000,1900,1000,0,0,0,0,0,0,95.679833
RCIN,95719833,1500,1500,1160,1500,1500,1000,1900,1000,0,0,0,0,0,0,95.719833
RCIN,95759833,1500,1500,1160,1500,1500,1000,1900,1000,0,0,0,0,0,0,95.759833
RCIN,95799833,1500,1500,1160,1500,1500,1000,1900,1000,0,0,0,0,0,0,95.799833
RCIN,95839833,1500,1500,1159,1500,1500,1000,1900,1000,0,0,0,0,0,0,95.839833
RCIN,95879833,1500,1500,1159,1500,1500,1000,1900,1000,0,0,0,0,0,0,95.879833
RCIN,95919833,1500,1500,1159,1500,1500,1000,1900,1000,0,0,0,0,0,0,95.919833
RCIN,95959833,1500,1500,1158,1500,1500,1000,1900,1000,0,0,0,0,0,0,95.959833
RCIN,95999833,1500,1500,1158,1500,1500,1000,1900,1000,0,0,0,0,0,0,95.999833
RCIN,96039833,1500,1500,1158,1500,1500,1000,1900,1000,0,0,0,0,0,0,96.039833
RCIN,96079833,1500,1500,1158,1500,1500,1000,1900,1000,0,0,0,0,0,0,96.079833
RCIN,96119833,1500,1500,1158,1500,1500,1000,1900,1000,0,0,0,0,0,0,96.119833
RCIN,96159833,1500,1500,1157,1500,1500,1000,1900,1000,0,0,0,0,0,0,96.159833
RCIN,96199833,1500,1500,1157,1500,1500,1000,1900,1000,0,0,0,0,0,0,96.199833
RCIN,96239833,1500,1500,1157,1500,1500,1000,1900,1000,0,0,0,0,0,0,96.239833
RCIN,96279833,1500,1500,1157,1500,1500,1000,1900,1000,0,0,0,0,0,0,96.279833
RCIN,96319833,1500,1500,1157,1500,1500,1000,1900,1000,0,0,0,0,0,0,96.319833
RCIN,96359833,1500,1500,1157,1500,1500,1000,1900,1000,0,0,0,0,0,0,96.359833
RCIN,96399833,1500,1500,1157,1500,1500,1000,1900,1000,0,0,0,0,0,0,96.399833
RCIN,96439833,1730,1500,1157,1500,1500,1000,1900,1000,0,0,0,0,0,0,96.439833
RCIN,96479833,1730,1500,1157,1500,1500,1000,1900,1000,0,0,0,0,0,0,96.479833
RCIN,96519833,1730,1500,1157,1500,1500,1000,1900,1000,0,0,0,0,0,0,96.519833
RCIN,96559833,1730,1500,1157,1500,1500,1000,1900,1000,0,0,0,0,0,0,96.559833
RCIN,96599833,1730,1500,1157,1500,1500,1000,1900,1000,0,0,0,0,0,0,96.599833
RCIN,96639833,1730,1500,1157,1500,1500,1000,1900,1000,0,0,0,0,0,0,96.639833
RCIN,96679833,1730,1500,1157,1500,1500,1000,1900,1000,0,0,0,0,0,0,96.679833
RCIN,96719833,1730,1500,1157,1500,1500,1000,1900,1000,0,0,0,0,0,0,96.719833
RCIN,96759833,1730,1500,1157,1500,1500,1000,1900,1000,0,0,0,0,0,0,96.759833
RCIN,96799833,1730,1500,1157,1500,1500,1000,1900,1000,0,0,0,0,0,0,96.799833
RCIN,96839833,1730,1500,1157,1500,1500,1000,1900,1000,0,0,0,0,0,0,96.839833
RCIN,96879833,1730,1500,1157,1500,1500,1000,1900,1000,0,0,0,0,0,0,96.879833
RCIN,96919833,1730,1500,1157,1500,1500,1000,1900,1000,0,0,0,0,0,0,96.919833
RCIN,96959833,1730,1500,1157,1500,1500,1000,1900,1000,0,0,0,0,0,0,96.959833
RCIN,96999833,1730,1500,1157,1500,1500,1000,1900,1000,0,0,0,0,0,0,96.999833
RCIN,97039833,1730,1500,1157,1500,1500,1000,1900,1000,0,0,0,0,0,0,97.039833
RCIN,97079833,1730,1500,1157,1500,1500,1000,1900,1000,0,0,0,0,0,0,97.079833
RCIN,97119833,1730,1500,1157,1500,1500,1000,1900,1000,0,0,0,0,0,0,97.119833
RCIN,97159833,1730,1500,1156,1500,1500,1000,1900,1000,0,0,0,0,0,0,97.159833
RCIN,97199833,1730,1500,1156,1500,1500,1000,1900,1000,0,0,0,0,0,0,97.199833
RCIN,97239833,1730,1500,1156,1500,1500,1000,1900,1000,0,0,0,0,0,0,97.239833
RCIN,97279833,1730,1500,1156,1500,1500,1000,1900,1000,0,0,0,0,0,0,97.279833
RCIN,97319833,1730,1500,1156,1500,1500,1000,1900,1000,0,0,0,0,0,0,97.319833
RCIN,97359833,1730,1500,1156,1500,1500,1000,1900,1000,0,0,0,0,0,0,97.359833
RCIN,97399833,1730,1500,1156,1500,1500,1000,1900,1000,0,0,0,0,0,0,97.399833
RCIN,97439833,1730,1500,1156,1500,1500,1000,1900,1000,0,0,0,0,0,0,97.439833
RCIN,97479833,1730,1500,1156,1500,1500,1000,1900,1000,0,0,0,0,0,0,97.479833
RCIN,97519833,1730,1500,1156,1500,1500,1000,1900,1000,0,0,0,0,0,0,97.519833
RCIN,97559833,1730,1500,1155,1500,1500,1000,1900,1000,0,0,0,0,0,0,97.559833
RCIN,97599833,1730,1500,1155,1500,1500,1000,1900,1000,0,0,0,0,0,0,97.599833
RCIN,97639833,1730,1500,1155,1500,1500,1000,1900,1000,0,0,0,0,0,0,97.639833
RCIN,97679833,1730,1500,1155,1500,1500,1000,1900,1000,0,0,0,0,0,0,97.679833
RCIN,97719833,1730,1500,1155,1500,1500,1000,1900,1000,0,0,0,0,0,0,97.719833
RCIN,97759833,1730,1500,1155,1500,1500,1000,1900,1000,0,0,0,0,0,0,97.759833
RCIN,97799833,1730,1500,1155,1500,1500,1000,1900,1000,0,0,0,0,0,0,97.799833
RCIN,97839833,1730,1500,1154,1500,1500,1000,1900,1000,0,0,0,0,0,0,97.839833
RCIN,97879833,1730,1500,1154,1500,1500,1000,1900,1000,0,0,0,0,0,0,97.879833
RCIN,97919833,1730,1500,1154,1500,1500,1000,1900,1000,0,0,0,0,0,0,97.919833
RCIN,97959833,1730,1500,1154,1500,1500,1000,1900,1000,0,0,0,0,0,0,97.959833
RCIN,97999833,1730,1500,1154,1500,1500,1000,1900,1000,0,0,0,0,0,0,97.999833
RCIN,98039833,1730,1500,1154,1500,1500,1000,1900,1000,0,0,0,0,0,0,98.039833
RCIN,98079833,1730,1500,1154,1500,1500,1000,1900,1000,0,0,0,0,0,0,98.079833
RCIN,98119833,1730,1500,1154,1500,1500,1000,1900,1000,0,0,0,0,0,0,98.119833
RCIN,98159833,1730,1500,1153,1500,1500,1000,1900,1000,0,0,0,0,0,0,98.159833
RCIN,98199833,1730,1500,1153,1500,1500,1000,1900,1000,0,0,0,0,0,0,98.199833
RCIN,98239833,1500,1500,1153,1500,1500,1000,1900,1000,0,0,0,0,0,0,98.239833
RCIN,98279833,1500,1500,1153,1500,1500,1000,1900,1000,0,0,0,0,0,0,98.279833
RCIN,98319833,1500,1500,1153,1500,1500,1000,1900,1000,0,0,0,0,0,0,98.319833
RCIN,98359833,1500,1500,1153,1500,1500,1000,1900,1000,0,0,0,0,0,0,98.359833
RCIN,98399833,1500,1500,1153,1500,1500,1000,1900,1000,0,0,0,0,0,0,98.399833
RCIN,98439833,1500,1500,1153,1500,1500,1000,1900,1000,0,0,0,0,0,0,98.439833
RCIN,98479833,1500,1500,1153,1500,1500,1000,1900,1000,0,0,0,0,0,0,98.479833
RCIN,98519833,1500,1500,1153,1500,1500,1000,1900,1000,0,0,0,0,0,0,98.519833
RCIN,98559833,1500,1500,1153,1500,1500,1000,1900,1000,0,0,0,0,0,0,98.559833
RCIN,98599833,1500,1500,1152,1500,1500,1000,1900,1000,0,0,0,0,0,0,98.599833
RCIN,98639833,1500,1500,1152,1500,1500,1000,1900,1000,0,0,0,0,0,0,98.639833
RCIN,98679833,1500,1500,1152,1500,1500,1000,1900,1000,0,0,0,0,0,0,98.679833
RCIN,98719833,1500,1500,1152,1500,1500,1000,1900,1000,0,0,0,0,0,0,98.719833
RCIN,98759833,1500,1500,1152,1500,1500,1000,1900,1000,0,0,0,0,0,0,98.759833
RCIN,98799833,1500,1500,1152,1500,1500,1000,1900,1000,0,0,0,0,0,0,98.799833
RCIN,98839833,1500,1500,1151,1500,1500,1000,1900,1000,0,0,0,0,0,0,98.839833
RCIN,98879833,1500,1500,1151,1500,1500,1000,1900,1000,0,0,0,0,0,0,98.879833
RCIN,98919833,1500,1500,1151,1500,1500,1000,1900,1000,0,0,0,0,0,0,98.919833
RCIN,98959833,1500,1500,1151,1500,1500,1000,1900,1000,0,0,0,0,0,0,98.959833
RCIN,98999833,1500,1500,1151,1500,1500,1000,1900,1000,0,0,0,0,0,0,98.999833
RCIN,99039833,1500,1500,1150,1500,1500,1000,1900,1000,0,0,0,0,0,0,99.039833
RCIN,99079833,1500,1500,1150,1500,1500,1000,1900,1000,0,0,0,0,0,0,99.079833
RCIN,99119833,1500,1500,1150,1500,1500,1000,1900,1000,0,0,0,0,0,0,99.119833
RCIN,99159833,1500,1500,1150,1500,1500,1000,1900,1000,0,0,0,0,0,0,99.159833
RCIN,99199833,1500,1500,1150,1500,1500,1000,1900,1000,0,0,0,0,0,0,99.199833
RCIN,99239833,1500,1500,1150,1500,1500,1000,1900,1000,0,0,0,0,0,0,99.239833
RCIN,99279833,1500,1500,1150,1500,1500,1000,1900,1000,0,0,0,0,0,0,99.279833
RCIN,99319833,1270,1500,1149,1500,1500,1000,1900,1000,0,0,0,0,0,0,99.319833
RCIN,99359833,1270,1500,1149,1500,1500,1000,1900,1000,0,0,0,0,0,0,99.359833
RCIN,99399833,1270,1500,1149,1500,1500,1000,1900,1000,0,0,0,0,0,0,99.399833
RCIN,99439833,1270,1500,1149,1500,1500,1000,1900,1000,0,0,0,0,0,0,99.439833
RCIN,99479833,1270,1500,1149,1500,1500,1000,1900,1000,0,0,0,0,0,0,99.479833
RCIN,99519833,1270,1500,1149,1500,1500,1000,1900,1000,0,0,0,0,0,0,99.519833
RCIN,99559833,1270,1500,1149,1500,1500,1000,1900,1000,0,0,0,0,0,0,99.559833
RCIN,99599833,1270,1500,1149,1500,1500,1000,1900,1000,0,0,0,0,0,0,99.599833
RCIN,99639833,1270,1500,1149,1500,1500,1000,1900,1000,0,0,0,0,0,0,99.639833
RCIN,99679833,1270,1500,1149,1500,1500,1000,1900,1000,0,0,0,0,0,0,99.679833
RCIN,99719833,1270,1500,1149,1500,1500,1000,1900,1000,0,0,0,0,0,0,99.719833
RCIN,99759833,1270,1500,1149,1500,1500,1000,1900,1000,0,0,0,0,0,0,99.759833
RCIN,99799833,1270,1500,1149,1500,1500,1000,1900,1000,0,0,0,0,0,0,99.799833
RCIN,99839833,1270,1500,1149,1500,1500,1000,1900,1000,0,0,0,0,0,0,99.839833
RCIN,99879833,1270,1500,1149,1500,1500,1000,1900,1000,0,0,0,0,0,0,99.879833
RCIN,99919833,1270,1500,1149,1500,1500,1000,1900,1000,0,0,0,0,0,0,99.919833
RCIN,99959833,1270,1500,1149,1500,1500,1000,1900,1000,0,0,0,0,0,0,99.959833
RCIN,99999833,1270,1500,1149,1500,1500,1000,1900,1000,0,0,0,0,0,0,99.999833
RCIN,100039833,1270,1500,1149,1500,1500,1000,1900,1000,0,0,0,0,0,0,100.039833
RCIN,100079833,1270,1500,1149,1500,1500,1000,1900,1000,0,0,0,0,0,0,100.079833
RCIN,100119833,1270,1500,1149,1500,1500,1000,1900,1000,0,0,0,0,0,0,100.119833
RCIN,100159833,1270,1500,1149,1500,1500,1000,1900,1000,0,0,0,0,0,0,100.159833
RCIN,100199833,1270,1500,1149,1500,1500,1000,1900,1000,0,0,0,0,0,0,100.199833
RCIN,100239833,1270,1500,1149,1500,1500,1000,1900,1000,0,0,0,0,0,0,100.239833
RCIN,100279833,1270,1500,1149,1500,1500,1000,1900,1000,0,0,0,0,0,0,100.279833
RCIN,100319833,1270,1500,1148,1500,1500,1000,1900,1000,0,0,0,0,0,0,100.319833
RCIN,100359833,1270,1500,1148,1500,1500,1000,1900,1000,0,0,0,0,0,0,100.359833
RCIN,100399833,1270,1500,1148,1500,1500,1000,1900,1000,0,0,0,0,0,0,100.399833
RCIN,100439833,1270,1500,1147,1500,1500,1000,1900,1000,0,0,0,0,0,0,100.439833
RCIN,100479833,1270,1500,1147,1500,1500,1000,1900,1000,0,0,0,0,0,0,100.479833
RCIN,100519833,1270,1500,1147,1500,1500,1000,1900,1000,0,0,0,0,0,0,100.519833
RCIN,100559833,1270,1500,1146,1500,1500,1000,1900,1000,0,0,0,0,0,0,100.559833
RCIN,100599833,1270,1500,1146,1500,1500,1000,1900,1000,0,0,0,0,0,0,100.599833
RCIN,100639833,1270,1500,1146,1500,1500,1000,1900,1000,0,0,0,0,0,0,100.639833
RCIN,100679833,1270,1500,1146,1500,1500,1000,1900,1000,0,0,0,0,0,0,100.679833
RCIN,100719833,1270,1500,1145,1500,1500,1000,1900,1000,0,0,0,0,0,0,100.719833
RCIN,100759833,1270,1500,1145,1500,1500,1000,1900,1000,0,0,0,0,0,0,100.759833
RCIN,100799833,1270,1500,1145,1500,1500,1000,1900,1000,0,0,0,0,0,0,100.799833
RCIN,100839833,1270,1500,1144,1500,1500,1000,1900,1000,0,0,0,0,0,0,100.839833
RCIN,100879833,1270,1500,1144,1500,1500,1000,1900,1000,0,0,0,0,0,0,100.879833
RCIN,100919833,1270,1500,1144,1500,1500,1000,1900,1000,0,0,0,0,0,0,100.919833
RCIN,100959833,1270,1500,1144,1500,1500,1000,1900,1000,0,0,0,0,0,0,100.959833
RCIN,100999833,1270,1500,1143,1500,1500,1000,1900,1000,0,0,0,0,0,0,100.999833
RCIN,101039833,1270,1500,1143,1500,1500,1000,1900,1000,0,0,0,0,0,0,101.039833
RCIN,101079833,1270,1500,1143,1500,1500,1000,1900,1000,0,0,0,0,0,0,101.079833
RCIN,101119833,1500,1500,1143,1500,1500,1000,1900,1000,0,0,0,0,0,0,101.119833
RCIN,101159833,1500,1500,1142,1500,1500,1000,1900,1000,0,0,0,0,0,0,101.159833
RCIN,101199833,1500,1500,1142,1500,1500,1000,1900,1000,0,0,0,0,0,0,101.199833
RCIN,101239833,1500,1500,1142,1500,1500,1000,1900,1000,0,0,0,0,0,0,101.239833
RCIN,101279833,1500,1500,1142,1500,1500,1000,1900,1000,0,0,0,0,0,0,101.279833
RCIN,101319833,1500,1500,1142,1500,1500,1000,1900,1000,0,0,0,0,0,0,101.319833
RCIN,101359833,1500,1500,1142,1500,1500,1000,1900,1000,0,0,0,0,0,0,101.359833
RCIN,101399833,1500,1500,1141,1500,1500,1000,1900,1000,0,0,0,0,0,0,101.399833
RCIN,101439833,1500,1500,1141,1500,1500,1000,1900,1000,0,0,0,0,0,0,101.439833
RCIN,101479833,1500,1500,1141,1500,1500,1000,1900,1000,0,0,0,0,0,0,101.479833
RCIN,101519833,1500,1500,1141,1500,1500,1000,1900,1000,0,0,0,0,0,0,101.519833
RCIN,101559833,1500,1500,1141,1500,1500,1000,1900,1000,0,0,0,0,0,0,101.559833
RCIN,101599833,1500,1500,1141,1500,1500,1000,1900,1000,0,0,0,0,0,0,101.599833
RCIN,101639833,1500,1500,1140,1500,1500,1000,1900,1000,0,0,0,0,0,0,101.639833
RCIN,101679833,1500,1500,1140,1500,1500,1000,1900,1000,0,0,0,0,0,0,101.679833
RCIN,101719833,1500,1500,1140,1500,1500,1000,1900,1000,0,0,0,0,0,0,101.719833
RCIN,101759833,1500,1500,1140,1500,1500,1000,1900,1000,0,0,0,0,0,0,101.759833
RCIN,101799833,1500,1500,1140,1500,1500,1000,1900,1000,0,0,0,0,0,0,101.799833
RCIN,101839833,1500,1500,1140,1500,1500,1000,1900,1000,0,0,0,0,0,0,101.839833
RCIN,101879833,1500,1500,1140,1500,1500,1000,1900,1000,0,0,0,0,0,0,101.879833
RCIN,101919833,1500,1500,1140,1500,1500,1000,1900,1000,0,0,0,0,0,0,101.919833
RCIN,101959833,1500,1500,1140,1500,1500,1000,1900,1000,0,0,0,0,0,0,101.959833
RCIN,101999833,1500,1500,1140,1500,1500,1000,1900,1000,0,0,0,0,0,0,101.999833
RCIN,102039833,1500,1500,1140,1500,1500,1000,1900,1000,0,0,0,0,0,0,102.039833
RCIN,102079833,1500,1500,1140,1500,1500,1000,1900,1000,0,0,0,0,0,0,102.079833
RCIN,102119833,1500,1500,1140,1500,1500,1000,1900,1000,0,0,0,0,0,0,102.119833
RCIN,102159833,1500,1500,1140,1500,1500,1000,1900,1000,0,0,0,0,0,0,102.159833
RCIN,102199833,1730,1500,1140,1500,1500,1000,1900,1000,0,0,0,0,0,0,102.199833
RCIN,102239833,1730,1500,1140,1500,1500,1000,1900,1000,0,0,0,0,0,0,102.239833
RCIN,102279833,1730,1500,1140,1500,1500,1000,1900,1000,0,0,0,0,0,0,102.279833
RCIN,102319833,1730,1500,1140,1500,1500,1000,1900,1000,0,0,0,0,0,0,102.319833
RCIN,102359833,1730,1500,1140,1500,1500,1000,1900,1000,0,0,0,0,0,0,102.359833
RCIN,102399833,1730,1500,1140,1500,1500,1000,1900,1000,0,0,0,0,0,0,102.399833
RCIN,102439833,1730,1500,1140,1500,1500,1000,1900,1000,0,0,0,0,0,0,102.439833
RCIN,102479833,1730,1500,1140,1500,1500,1000,1900,1000,0,0,0,0,0,0,102.479833
RCIN,102519833,1730,1500,1140,1500,1500,1000,1900,1000,0,0,0,0,0,0,102.519833
RCIN,102559833,1730,1500,1140,1500,1500,1000,1900,1000,0,0,0,0,0,0,102.559833
RCIN,102599833,1730,1500,1140,1500,1500,1000,1900,1000,0,0,0,0,0,0,102.599833
RCIN,102639833,1730,1500,1140,1500,1500,1000,1900,1000,0,0,0,0,0,0,102.639833
RCIN,102679833,1730,1500,1140,1500,1500,1000,1900,1000,0,0,0,0,0,0,102.679833
RCIN,102719833,1730,1500,1140,1500,1500,1000,1900,1000,0,0,0,0,0,0,102.719833
RCIN,102759833,1730,1500,1140,1500,1500,1000,1900,1000,0,0,0,0,0,0,102.759833
RCIN,102799833,1730,1500,1140,1500,1500,1000,1900,1000,0,0,0,0,0,0,102.799833
RCIN,102839833,1730,1500,1140,1500,1500,1000,1900,1000,0,0,0,0,0,0,102.839833
RCIN,102879833,1730,1500,1140,1500,1500,1000,1900,1000,0,0,0,0,0,0,102.879833
RCIN,102919833,1730,1500,1140,1500,1500,1000,1900,1000,0,0,0,0,0,0,102.919833
RCIN,102959833,1730,1500,1140,1500,1500,1000,1900,1000,0,0,0,0,0,0,102.959833
RCIN,102999833,1730,1500,1140,1500,1500,1000,1900,1000,0,0,0,0,0,0,102.999833
RCIN,103039833,1730,1500,1140,1500,1500,1000,1900,1000,0,0,0,0,0,0,103.039833
RCIN,103079833,1730,1500,1140,1500,1500,1000,1900,1000,0,0,0,0,0,0,103.079833
RCIN,103119833,1730,1500,1140,1500,1500,1000,1900,1000,0,0,0,0,0,0,103.119833
RCIN,103159833,1730,1500,1140,1500,1500,1000,1900,1000,0,0,0,0,0,0,103.159833
RCIN,103199833,1730,1500,1140,1500,1500,1000,1900,1000,0,0,0,0,0,0,103.199833
RCIN,103239833,1730,1500,1139,1500,1500,1000,1900,1000,0,0,0,0,0,0,103.239833
RCIN,103279833,1730,1500,1139,1500,1500,1000,1900,1000,0,0,0,0,0,0,103.279833
RCIN,103319833,1730,1500,1139,1500,1500,1000,1900,1000,0,0,0,0,0,0,103.319833
RCIN,103359833,1730,1500,1139,1500,1500,1000,1900,1000,0,0,0,0,0,0,103.359833
RCIN,103399833,1730,1500,1138,1500,1500,1000,1900,1000,0,0,0,0,0,0,103.399833
RCIN,103439833,1730,1500,1138,1500,1500,1000,1900,1000,0,0,0,0,0,0,103.439833
RCIN,103479833,1730,1500,1138,1500,1500,1000,1900,1000,0,0,0,0,0,0,103.479833
RCIN,103519833,1730,1500,1138,1500,1500,1000,1900,1000,0,0,0,0,0,0,103.519833
RCIN,103559833,1730,1500,1137,1500,1500,1000,1900,1000,0,0,0,0,0,0,103.559833
RCIN,103599833,1730,1500,1137,1500,1500,1000,1900,1000,0,0,0,0,0,0,103.599833
RCIN,103639833,1730,1500,1136,1500,1500,1000,1900,1000,0,0,0,0,0,0,103.639833
RCIN,103679833,1730,1500,1136,1500,1500,1000,1900,1000,0,0,0,0,0,0,103.679833
RCIN,103719833,1730,1500,1136,1500,1500,1000,1900,1000,0,0,0,0,0,0,103.719833
RCIN,103759833,1730,1500,1135,1500,1500,1000,1900,1000,0,0,0,0,0,0,103.759833
RCIN,103799833,1730,1500,1135,1500,1500,1000,1900,1000,0,0,0,0,0,0,103.799833
RCIN,103839833,1730,1500,1135,1500,1500,1000,1900,1000,0,0,0,0,0,0,103.839833
RCIN,103879833,1730,1500,1134,1500,1500,1000,1900,1000,0,0,0,0,0,0,103.879833
RCIN,103919833,1730,1500,1134,1500,1500,1000,1900,1000,0,0,0,0,0,0,103.919833
RCIN,103959833,1730,1500,1134,1500,1500,1000,1900,1000,0,0,0,0,0,0,103.959833
RCIN,103999833,1500,1500,1133,1500,1500,1000,1900,1000,0,0,0,0,0,0,103.999833
RCIN,104039833,1500,1500,1133,1500,1500,1000,1900,1000,0,0,0,0,0,0,104.039833
RCIN,104079833,1500,1500,1133,1500,1500,1000,1900,1000,0,0,0,0,0,0,104.079833
RCIN,104119833,1500,1500,1133,1500,1500,1000,1900,1000,0,0,0,0,0,0,104.119833
RCIN,104159833,1500,1500,1133,1500,1500,1000,1900,1000,0,0,0,0,0,0,104.159833
RCIN,104199833,1500,1500,1132,1500,1500,1000,1900,1000,0,0,0,0,0,0,104.199833
RCIN,104239833,1500,1500,1132,1500,1500,1000,1900,1000,0,0,0,0,0,0,104.239833
RCIN,104279833,1500,1500,1132,1500,1500,1000,1900,1000,0,0,0,0,0,0,104.279833
RCIN,104319833,1500,1500,1132,1500,1500,1000,1900,1000,0,0,0,0,0,0,104.319833
RCIN,104359833,1500,1500,1132,1500,1500,1000,1900,1000,0,0,0,0,0,0,104.359833
RCIN,104399833,1500,1500,1131,1500,1500,1000,1900,1000,0,0,0,0,0,0,104.399833
RCIN,104439833,1500,1500,1131,1500,1500,1000,1900,1000,0,0,0,0,0,0,104.439833
RCIN,104479833,1500,1500,1131,1500,1500,1000,1900,1000,0,0,0,0,0,0,104.479833
RCIN,104519833,1500,1500,1131,1500,1500,1000,1900,1000,0,0,0,0,0,0,104.519833
RCIN,104559833,1500,1500,1131,1500,1500,1000,1900,1000,0,0,0,0,0,0,104.559833
RCIN,104599833,1500,1500,1131,1500,1500,1000,1900,1000,0,0,0,0,0,0,104.599833
RCIN,104639833,1500,1500,1130,1500,1500,1000,1900,1000,0,0,0,0,0,0,104.639833
RCIN,104679833,1500,1500,1130,1500,1500,1000,1900,1000,0,0,0,0,0,0,104.679833
RCIN,104719833,1500,1500,1130,1500,1500,1000,1900,1000,0,0,0,0,0,0,104.719833
RCIN,104759833,1500,1500,1130,1500,1500,1000,1900,1000,0,0,0,0,0,0,104.759833
RCIN,104799833,1500,1500,1130,1500,1500,1000,1900,1000,0,0,0,0,0,0,104.799833
RCIN,104839833,1500,1500,1130,1500,1500,1000,1900,1000,0,0,0,0,0,0,104.839833
RCIN,104879833,1500,1500,1129,1500,1500,1000,1900,1000,0,0,0,0,0,0,104.879833
RCIN,104919833,1500,1500,1129,1500,1500,1000,1900,1000,0,0,0,0,0,0,104.919833
RCIN,104959833,1500,1500,1129,1500,1500,1000,1900,1000,0,0,0,0,0,0,104.959833
RCIN,104999833,1500,1500,1129,1500,1500,1000,1900,1000,0,0,0,0,0,0,104.999833
RCIN,105039833,1500,1500,1129,1500,1500,1000,1900,1000,0,0,0,0,0,0,105.039833
RCIN,105079833,1270,1500,1129,1500,1500,1000,1900,1000,0,0,0,0,0,0,105.079833
RCIN,105119833,1270,1500,1129,1500,1500,1000,1900,1000,0,0,0,0,0,0,105.119833
RCIN,105159833,1270,1500,1129,1500,1500,1000,1900,1000,0,0,0,0,0,0,105.159833
RCIN,105199833,1270,1500,1129,1500,1500,1000,1900,1000,0,0,0,0,0,0,105.199833
RCIN,105239833,1270,1500,1129,1500,1500,1000,1900,1000,0,0,0,0,0,0,105.239833
RCIN,105279833,1270,1500,1129,1500,1500,1000,1900,1000,0,0,0,0,0,0,105.279833
RCIN,105319833,1270,1500,1129,1500,1500,1000,1900,1000,0,0,0,0,0,0,105.319833
RCIN,105359833,1270,1500,1129,1500,1500,1000,1900,1000,0,0,0,0,0,0,105.359833
RCIN,105399833,1270,1500,1129,1500,1500,1000,1900,1000,0,0,0,0,0,0,105.399833
RCIN,105439833,1270,1500,1129,1500,1500,1000,1900,1000,0,0,0,0,0,0,105.439833
RCIN,105479833,1270,1500,1129,1500,1500,1000,1900,1000,0,0,0,0,0,0,105.479833
RCIN,105519833,1270,1500,1129,1500,1500,1000,1900,1000,0,0,0,0,0,0,105.519833
RCIN,105559833,1270,1500,1129,1500,1500,1000,1900,1000,0,0,0,0,0,0,105.559833
RCIN,105599833,1270,1500,1129,1500,1500,1000,1900,1000,0,0,0,0,0,0,105.599833
RCIN,105639833,1270,1500,1129,1500,1500,1000,1900,1000,0,0,0,0,0,0,105.639833
RCIN,105679833,1270,1500,1129,1500,1500,1000,1900,1000,0,0,0,0,0,0,105.679833
RCIN,105719833,1270,1500,1129,1500,1500,1000,1900,1000,0,0,0,0,0,0,105.719833
RCIN,105759833,1270,1500,1129,1500,1500,1000,1900,1000,0,0,0,0,0,0,105.759833
RCIN,105799833,1270,1500,1129,1500,1500,1000,1900,1000,0,0,0,0,0,0,105.799833
RCIN,105839833,1270,1500,1129,1500,1500,1000,1900,1000,0,0,0,0,0,0,105.839833
RCIN,105879833,1270,1500,1129,1500,1500,1000,1900,1000,0,0,0,0,0,0,105.879833
RCIN,105919833,1270,1500,1129,1500,1500,1000,1900,1000,0,0,0,0,0,0,105.919833
RCIN,105959833,1270,1500,1128,1500,1500,1000,1900,1000,0,0,0,0,0,0,105.959833
RCIN,105999833,1270,1500,1128,1500,1500,1000,1900,1000,0,0,0,0,0,0,105.999833
RCIN,106039833,1270,1500,1128,1500,1500,1000,1900,1000,0,0,0,0,0,0,106.039833
RCIN,106079833,1270,1500,1128,1500,1500,1000,1900,1000,0,0,0,0,0,0,106.079833
RCIN,106119833,1270,1500,1128,1500,1500,1000,1900,1000,0,0,0,0,0,0,106.119833
RCIN,106159833,1270,1500,1127,1500,1500,1000,1900,1000,0,0,0,0,0,0,106.159833
RCIN,106199833,1270,1500,1127,1500,1500,1000,1900,1000,0,0,0,0,0,0,106.199833
RCIN,106239833,1270,1500,1127,1500,1500,1000,1900,1000,0,0,0,0,0,0,106.239833
RCIN,106279833,1270,1500,1127,1500,1500,1000,1900,1000,0,0,0,0,0,0,106.279833
RCIN,106319833,1270,1500,1126,1500,1500,1000,1900,1000,0,0,0,0,0,0,106.319833
RCIN,106359833,1270,1500,1126,1500,1500,1000,1900,1000,0,0,0,0,0,0,106.359833
RCIN,106399833,1270,1500,1126,1500,1500,1000,1900,1000,0,0,0,0,0,0,106.399833
RCIN,106439833,1270,1500,1125,1500,1500,1000,1900,1000,0,0,0,0,0,0,106.439833
RCIN,106479833,1270,1500,1125,1500,1500,1000,1900,1000,0,0,0,0,0,0,106.479833
RCIN,106519833,1270,1500,1125,1500,1500,1000,1900,1000,0,0,0,0,0,0,106.519833
RCIN,106559833,1270,1500,1124,1500,1500,1000,1900,1000,0,0,0,0,0,0,106.559833
RCIN,106599833,1270,1500,1124,1500,1500,1000,1900,1000,0,0,0,0,0,0,106.599833
RCIN,106639833,1270,1500,1124,1500,1500,1000,1900,1000,0,0,0,0,0,0,106.639833
RCIN,106679833,1270,1500,1123,1500,1500,1000,1900,1000,0,0,0,0,0,0,106.679833
RCIN,106719833,1270,1500,1123,1500,1500,1000,1900,1000,0,0,0,0,0,0,106.719833
RCIN,106759833,1270,1500,1122,1500,1500,1000,1900,1000,0,0,0,0,0,0,106.759833
RCIN,106799833,1270,1500,1122,1500,1500,1000,1900,1000,0,0,0,0,0,0,106.799833
RCIN,106839833,1270,1500,1122,1500,1500,1000,1900,1000,0,0,0,0,0,0,106.839833
RCIN,106879833,1500,1500,1121,1500,1500,1000,1900,1000,0,0,0,0,0,0,106.879833
RCIN,106919833,1500,1500,1121,1500,1500,1000,1900,1000,0,0,0,0,0,0,106.919833
RCIN,106959833,1500,1500,1121,1500,1500,1000,1900,1000,0,0,0,0,0,0,106.959833
RCIN,106999833,1500,1500,1121,1500,1500,1000,1900,1000,0,0,0,0,0,0,106.999833
RCIN,107039833,1500,1500,1120,1500,1500,1000,1900,1000,0,0,0,0,0,0,107.039833
RCIN,107079833,1500,1500,1120,1500,1500,1000,1900,1000,0,0,0,0,0,0,107.079833
RCIN,107119833,1500,1500,1120,1500,1500,1000,1900,1000,0,0,0,0,0,0,107.119833
RCIN,107159833,1500,1500,1120,1500,1500,1000,1900,1000,0,0,0,0,0,0,107.159833
RCIN,107199833,1500,1500,1120,1500,1500,1000,1900,1000,0,0,0,0,0,0,107.199833
RCIN,107239833,1500,1500,1119,1500,1500,1000,1900,1000,0,0,0,0,0,0,107.239833
RCIN,107279833,1500,1500,1119,1500,1500,1000,1900,1000,0,0,0,0,0,0,107.279833
RCIN,107319833,1500,1500,1119,1500,1500,1000,1900,1000,0,0,0,0,0,0,107.319833
RCIN,107359833,1500,1500,1119,1500,1500,1000,1900,1000,0,0,0,0,0,0,107.359833
RCIN,107399833,1500,1500,1119,1500,1500,1000,1900,1000,0,0,0,0,0,0,107.399833
RCIN,107439833,1500,1500,1118,1500,1500,1000,1900,1000,0,0,0,0,0,0,107.439833
RCIN,107479833,1500,1500,1118,1500,1500,1000,1900,1000,0,0,0,0,0,0,107.479833
RCIN,107519833,1500,1500,1118,1500,1500,1000,1900,1000,0,0,0,0,0,0,107.519833
RCIN,107559833,1500,1500,1118,1500,1500,1000,1900,1000,0,0,0,0,0,0,107.559833
RCIN,107599833,1500,1500,1118,1500,1500,1000,1900,1000,0,0,0,0,0,0,107.599833
RCIN,107639833,1500,1500,1117,1500,1500,1000,1900,1000,0,0,0,0,0,0,107.639833
RCIN,107679833,1500,1500,1117,1500,1500,1000,1900,1000,0,0,0,0,0,0,107.679833
RCIN,107719833,1500,1500,1117,1500,1500,1000,1900,1000,0,0,0,0,0,0,107.719833
RCIN,107759833,1500,1500,1117,1500,1500,1000,1900,1000,0,0,0,0,0,0,107.759833
RCIN,107799833,1500,1500,1116,1500,1500,1000,1900,1000,0,0,0,0,0,0,107.799833
RCIN,107839833,1500,1500,1116,1500,1500,1000,1900,1000,0,0,0,0,0,0,107.839833
RCIN,107879833,1500,1500,1116,1500,1500,1000,1900,1000,0,0,0,0,0,0,107.879833
RCIN,107919833,1500,1500,1116,1500,1500,1000,1900,1000,0,0,0,0,0,0,107.919833
RCIN,107959833,1730,1500,1116,1500,1500,1000,1900,1000,0,0,0,0,0,0,107.959833
RCIN,107999833,1730,1500,1115,1500,1500,1000,1900,1000,0,0,0,0,0,0,107.999833
RCIN,108039833,1730,1500,1115,1500,1500,1000,1900,1000,0,0,0,0,0,0,108.039833
RCIN,108079833,1730,1500,1115,1500,1500,1000,1900,1000,0,0,0,0,0,0,108.079833
RCIN,108119833,1730,1500,1115,1500,1500,1000,1900,1000,0,0,0,0,0,0,108.119833
RCIN,108159833,1730,1500,1115,1500,1500,1000,1900,1000,0,0,0,0,0,0,108.159833
RCIN,108199833,1730,1500,1115,1500,1500,1000,1900,1000,0,0,0,0,0,0,108.199833
RCIN,108239833,1730,1500,1114,1500,1500,1000,1900,1000,0,0,0,0,0,0,108.239833
RCIN,108279833,1730,1500,1114,1500,1500,1000,1900,1000,0,0,0,0,0,0,108.279833
RCIN,108319833,1730,1500,1114,1500,1500,1000,1900,1000,0,0,0,0,0,0,108.319833
RCIN,108359833,1730,1500,1114,1500,1500,1000,1900,1000,0,0,0,0,0,0,108.359833
RCIN,108399833,1730,1500,1114,1500,1500,1000,1900,1000,0,0,0,0,0,0,108.399833
RCIN,108439833,1730,1500,1114,1500,1500,1000,1900,1000,0,0,0,0,0,0,108.439833
RCIN,108479833,1730,1500,1114,1500,1500,1000,1900,1000,0,0,0,0,0,0,108.479833
RCIN,108519833,1730,1500,1114,1500,1500,1000,1900,1000,0,0,0,0,0,0,108.519833
RCIN,108559833,1730,1500,1114,1500,1500,1000,1900,1000,0,0,0,0,0,0,108.559833
RCIN,108599833,1730,1500,1114,1500,1500,1000,1900,1000,0,0,0,0,0,0,108.599833
RCIN,108639833,1730,1500,1115,1500,1500,1000,1900,1000,0,0,0,0,0,0,108.639833
RCIN,108679833,1730,1500,1115,1500,1500,1000,1900,1000,0,0,0,0,0,0,108.679833
RCIN,108719833,1730,1500,1115,1500,1500,1000,1900,1000,0,0,0,0,0,0,108.719833
RCIN,108759833,1730,1500,1115,1500,1500,1000,1900,1000,0,0,0,0,0,0,108.759833
RCIN,108799833,1730,1500,1115,1500,1500,1000,1900,1000,0,0,0,0,0,0,108.799833
RCIN,108839833,1730,1500,1115,1500,1500,1000,1900,1000,0,0,0,0,0,0,108.839833
RCIN,108879833,1730,1500,1115,1500,1500,1000,1900,1000,0,0,0,0,0,0,108.879833
RCIN,108919833,1730,1500,1114,1500,1500,1000,1900,1000,0,0,0,0,0,0,108.919833
RCIN,108959833,1730,1500,1114,1500,1500,1000,1900,1000,0,0,0,0,0,0,108.959833
RCIN,108999833,1730,1500,1114,1500,1500,1000,1900,1000,0,0,0,0,0,0,108.999833
RCIN,109039833,1730,1500,1114,1500,1500,1000,1900,1000,0,0,0,0,0,0,109.039833
RCIN,109079833,1730,1500,1113,1500,1500,1000,1900,1000,0,0,0,0,0,0,109.079833
RCIN,109119833,1730,1500,1113,1500,1500,1000,1900,1000,0,0,0,0,0,0,109.119833
RCIN,109159833,1730,1500,1113,1500,1500,1000,1900,1000,0,0,0,0,0,0,109.159833
RCIN,109199833,1730,1500,1113,1500,1500,1000,1900,1000,0,0,0,0,0,0,109.199833
RCIN,109239833,1730,1500,1112,1500,1500,1000,1900,1000,0,0,0,0,0,0,109.239833
RCIN,109279833,1730,1500,1112,1500,1500,1000,1900,1000,0,0,0,0,0,0,109.279833
RCIN,109319833,1730,1500,1112,1500,1500,1000,1900,1000,0,0,0,0,0,0,109.319833
RCIN,109359833,1730,1500,1111,1500,1500,1000,1900,1000,0,0,0,0,0,0,109.359833
RCIN,109399833,1730,1500,1111,1500,1500,1000,1900,1000,0,0,0,0,0,0,109.399833
RCIN,109439833,1730,1500,1111,1500,1500,1000,1900,1000,0,0,0,0,0,0,109.439833
RCIN,109479833,1730,1500,1110,1500,1500,1000,1900,1000,0,0,0,0,0,0,109.479833
RCIN,109519833,1730,1500,1110,1500,1500,1000,1900,1000,0,0,0,0,0,0,109.519833
RCIN,109559833,1730,1500,1110,1500,1500,1000,1900,1000,0,0,0,0,0,0,109.559833
RCIN,109599833,1730,1500,1109,1500,1500,1000,1900,1000,0,0,0,0,0,0,109.599833
RCIN,109639833,1730,1500,1109,1500,1500,1000,1900,1000,0,0,0,0,0,0,109.639833
RCIN,109679833,1730,1500,1109,1500,1500,1000,1900,1000,0,0,0,0,0,0,109.679833
RCIN,109719833,1730,1500,1108,1500,1500,1000,1900,1000,0,0,0,0,0,0,109.719833
RCIN,109759833,1500,1500,1108,1500,1500,1000,1900,1000,0,0,0,0,0,0,109.759833
RCIN,109799833,1500,1500,1108,1500,1500,1000,1900,1000,0,0,0,0,0,0,109.799833
RCIN,109839833,1500,1500,1108,1500,1500,1000,1900,1000,0,0,0,0,0,0,109.839833
RCIN,109879833,1500,1500,1107,1500,1500,1000,1900,1000,0,0,0,0,0,0,109.879833
RCIN,109919833,1500,1500,1107,1500,1500,1000,1900,1000,0,0,0,0,0,0,109.919833
RCIN,109959833,1500,1500,1107,1500,1500,1000,1900,1000,0,0,0,0,0,0,109.959833
RCIN,109999833,1500,1500,1107,1500,1500,1000,1900,1000,0,0,0,0,0,0,109.999833
RCIN,110039833,1500,1500,1106,1500,1500,1000,1900,1000,0,0,0,0,0,0,110.039833
RCIN,110079833,1500,1500,1106,1500,1500,1000,1900,1000,0,0,0,0,0,0,110.079833
RCIN,110119833,1500,1500,1106,1500,1500,1000,1900,1000,0,0,0,0,0,0,110.119833
RCIN,110159833,1500,1500,1105,1500,1500,1000,1900,1000,0,0,0,0,0,0,110.159833
RCIN,110199833,1500,1500,1105,1500,1500,1000,1900,1000,0,0,0,0,0,0,110.199833
RCIN,110239833,1500,1500,1105,1500,1500,1000,1900,1000,0,0,0,0,0,0,110.239833
RCIN,110279833,1500,1500,1105,1500,1500,1000,1900,1000,0,0,0,0,0,0,110.279833
RCIN,110319833,1500,1500,1105,1500,1500,1000,1900,1000,0,0,0,0,0,0,110.319833
RCIN,110359833,1500,1500,1104,1500,1500,1000,1900,1000,0,0,0,0,0,0,110.359833
RCIN,110399833,1500,1500,1104,1500,1500,1000,1900,1000,0,0,0,0,0,0,110.399833
RCIN,110439833,1500,1500,1104,1500,1500,1000,1900,1000,0,0,0,0,0,0,110.439833
RCIN,110479833,1500,1500,1104,1500,1500,1000,1900,1000,0,0,0,0,0,0,110.479833
RCIN,110519833,1500,1500,1104,1500,1500,1000,1900,1000,0,0,0,0,0,0,110.519833
RCIN,110559833,1500,1500,1104,1500,1500,1000,1900,1000,0,0,0,0,0,0,110.559833
RCIN,110599833,1500,1500,1103,1500,1500,1000,1900,1000,0,0,0,0,0,0,110.599833
RCIN,110639833,1500,1500,1103,1500,1500,1000,1900,1000,0,0,0,0,0,0,110.639833
RCIN,110679833,1500,1500,1103,1500,1500,1000,1900,1000,0,0,0,0,0,0,110.679833
RCIN,110719833,1500,1500,1103,1500,1500,1000,1900,1000,0,0,0,0,0,0,110.719833
RCIN,110759833,1500,1500,1103,1500,1500,1000,1900,1000,0,0,0,0,0,0,110.759833
RCIN,110799833,1500,1500,1103,1500,1500,1000,1900,1000,0,0,0,0,0,0,110.799833
RCIN,110839833,1270,1500,1103,1500,1500,1000,1900,1000,0,0,0,0,0,0,110.839833
RCIN,110879833,1270,1500,1103,1500,1500,1000,1900,1000,0,0,0,0,0,0,110.879833
RCIN,110919833,1270,1500,1103,1500,1500,1000,1900,1000,0,0,0,0,0,0,110.919833
RCIN,110959833,1270,1500,1103,1500,1500,1000,1900,1000,0,0,0,0,0,0,110.959833
RCIN,110999833,1270,1500,1103,1500,1500,1000,1900,1000,0,0,0,0,0,0,110.999833
RCIN,111039833,1270,1500,1103,1500,1500,1000,1900,1000,0,0,0,0,0,0,111.039833
RCIN,111079833,1270,1500,1103,1500,1500,1000,1900,1000,0,0,0,0,0,0,111.079833
RCIN,111119833,1270,1500,1103,1500,1500,1000,1900,1000,0,0,0,0,0,0,111.119833
RCIN,111159833,1270,1500,1103,1500,1500,1000,1900,1000,0,0,0,0,0,0,111.159833
RCIN,111199833,1270,1500,1103,1500,1500,1000,1900,1000,0,0,0,0,0,0,111.199833
RCIN,111239833,1270,1500,1103,1500,1500,1000,1900,1000,0,0,0,0,0,0,111.239833
RCIN,111279833,1270,1500,1103,1500,1500,1000,1900,1000,0,0,0,0,0,0,111.279833
RCIN,111319833,1270,1500,1103,1500,1500,1000,1900,1000,0,0,0,0,0,0,111.319833
RCIN,111359833,1270,1500,1103,1500,1500,1000,1900,1000,0,0,0,0,0,0,111.359833
RCIN,111399833,1270,1500,1103,1500,1500,1000,1900,1000,0,0,0,0,0,0,111.399833
RCIN,111439833,1270,1500,1103,1500,1500,1000,1900,1000,0,0,0,0,0,0,111.439833
RCIN,111479833,1270,1500,1104,1500,1500,1000,1900,1000,0,0,0,0,0,0,111.479833
RCIN,111519833,1270,1500,1104,1500,1500,1000,1900,1000,0,0,0,0,0,0,111.519833
RCIN,111559833,1270,1500,1104,1500,1500,1000,1900,1000,0,0,0,0,0,0,111.559833
RCIN,111599833,1270,1500,1104,1500,1500,1000,1900,1000,0,0,0,0,0,0,111.599833
RCIN,111639833,1270,1500,1104,1500,1500,1000,1900,1000,0,0,0,0,0,0,111.639833
RCIN,111679833,1270,1500,1104,1500,1500,1000,1900,1000,0,0,0,0,0,0,111.679833
RCIN,111719833,1270,1500,1104,1500,1500,1000,1900,1000,0,0,0,0,0,0,111.719833
RCIN,111759833,1270,1500,1103,1500,1500,1000,1900,1000,0,0,0,0,0,0,111.759833
RCIN,111799833,1270,1500,1103,1500,1500,1000,1900,1000,0,0,0,0,0,0,111.799833
RCIN,111839833,1270,1500,1103,1500,1500,1000,1900,1000,0,0,0,0,0,0,111.839833
RCIN,111879833,1270,1500,1103,1500,1500,1000,1900,1000,0,0,0,0,0,0,111.879833
RCIN,111919833,1270,1500,1103,1500,1500,1000,1900,1000,0,0,0,0,0,0,111.919833
RCIN,111959833,1270,1500,1102,1500,1500,1000,1900,1000,0,0,0,0,0,0,111.959833
RCIN,111999833,1270,1500,1102,1500,1500,1000,1900,1000,0,0,0,0,0,0,111.999833
RCIN,112039833,1270,1500,1102,1500,1500,1000,1900,1000,0,0,0,0,0,0,112.039833
RCIN,112079833,1270,1500,1101,1500,1500,1000,1900,1000,0,0,0,0,0,0,112.079833
RCIN,112119833,1270,1500,1101,1500,1500,1000,1900,1000,0,0,0,0,0,0,112.119833
RCIN,112159833,1270,1500,1101,1500,1500,1000,1900,1000,0,0,0,0,0,0,112.159833
RCIN,112199833,1270,1500,1100,1500,1500,1000,1900,1000,0,0,0,0,0,0,112.199833
RCIN,112239833,1270,1500,1100,1500,1500,1000,1900,1000,0,0,0,0,0,0,112.239833
RCIN,112279833,1270,1500,1100,1500,1500,1000,1900,1000,0,0,0,0,0,0,112.279833
RCIN,112319833,1270,1500,1100,1500,1500,1000,1900,1000,0,0,0,0,0,0,112.319833
RCIN,112359833,1270,1500,1099,1500,1500,1000,1900,1000,0,0,0,0,0,0,112.359833
RCIN,112399833,1270,1500,1099,1500,1500,1000,1900,1000,0,0,0,0,0,0,112.399833
RCIN,112439833,1270,1500,1099,1500,1500,1000,1900,1000,0,0,0,0,0,0,112.439833
RCIN,112479833,1270,1500,1099,1500,1500,1000,1900,1000,0,0,0,0,0,0,112.479833
RCIN,112519833,1270,1500,1098,1500,1500,1000,1900,1000,0,0,0,0,0,0,112.519833
RCIN,112559833,1270,1500,1098,1500,1500,1000,1900,1000,0,0,0,0,0,0,112.559833
RCIN,112599833,1270,1500,1098,1500,1500,1000,1900,1000,0,0,0,0,0,0,112.599833
RCIN,112639833,1500,1500,1098,1500,1500,1000,1900,1000,0,0,0,0,0,0,112.639833
RCIN,112679833,1500,1500,1098,1500,1500,1000,1900,1000,0,0,0,0,0,0,112.679833
RCIN,112719833,1500,1500,1097,1500,1500,1000,1900,1000,0,0,0,0,0,0,112.719833
RCIN,112759833,1500,1500,1097,1500,1500,1000,1900,1000,0,0,0,0,0,0,112.759833
RCIN,112799833,1500,1500,1097,1500,1500,1000,1900,1000,0,0,0,0,0,0,112.799833
RCIN,112839833,1500,1500,1097,1500,1500,1000,1900,1000,0,0,0,0,0,0,112.839833
RCIN,112879833,1500,1500,1097,1500,1500,1000,1900,1000,0,0,0,0,0,0,112.879833
RCIN,112919833,1500,1500,1097,1500,1500,1000,1900,1000,0,0,0,0,0,0,112.919833
RCIN,112959833,1500,1500,1096,1500,1500,1000,1900,1000,0,0,0,0,0,0,112.959833
RCIN,112999833,1500,1500,1096,1500,1500,1000,1900,1000,0,0,0,0,0,0,112.999833
RCIN,113039833,1500,1500,1096,1500,1500,1000,1900,1000,0,0,0,0,0,0,113.039833
RCIN,113079833,1500,1500,1096,1500,1500,1000,1900,1000,0,0,0,0,0,0,113.079833
RCIN,113119833,1500,1500,1096,1500,1500,1000,1900,1000,0,0,0,0,0,0,113.119833
RCIN,113159833,1500,1500,1095,1500,1500,1000,1900,1000,0,0,0,0,0,0,113.159833
RCIN,113199833,1500,1500,1095,1500,1500,1000,1900,1000,0,0,0,0,0,0,113.199833
RCIN,113239833,1500,1500,1095,1500,1500,1000,1900,1000,0,0,0,0,0,0,113.239833
RCIN,113279833,1500,1500,1095,1500,1500,1000,1900,1000,0,0,0,0,0,0,113.279833
RCIN,113319833,1500,1500,1094,1500,1500,1000,1900,1000,0,0,0,0,0,0,113.319833
RCIN,113359833,1500,1500,1094,1500,1500,1000,1900,1000,0,0,0,0,0,0,113.359833
RCIN,113399833,1500,1500,1094,1500,1500,1000,1900,1000,0,0,0,0,0,0,113.399833
RCIN,113439833,1500,1500,1094,1500,1500,1000,1900,1000,0,0,0,0,0,0,113.439833
RCIN,113479833,1500,1500,1094,1500,1500,1000,1900,1000,0,0,0,0,0,0,113.479833
RCIN,113519833,1500,1500,1093,1500,1500,1000,1900,1000,0,0,0,0,0,0,113.519833
RCIN,113559833,1500,1500,1093,1500,1500,1000,1900,1000,0,0,0,0,0,0,113.559833
RCIN,113599833,1500,1500,1093,1500,1500,1000,1900,1000,0,0,0,0,0,0,113.599833
RCIN,113639833,1500,1500,1093,1500,1500,1000,1900,1000,0,0,0,0,0,0,113.639833
RCIN,113679833,1500,1500,1093,1500,1500,1000,1900,1000,0,0,0,0,0,0,113.679833
RCIN,113719833,1730,1500,1093,1500,1500,1000,1900,1000,0,0,0,0,0,0,113.719833
RCIN,113759833,1730,1500,1093,1500,1500,1000,1900,1000,0,0,0,0,0,0,113.759833
RCIN,113799833,1730,1500,1093,1500,1500,1000,1900,1000,0,0,0,0,0,0,113.799833
RCIN,113839833,1730,1500,1093,1500,1500,1000,1900,1000,0,0,0,0,0,0,113.839833
RCIN,113879833,1730,1500,1093,1500,1500,1000,1900,1000,0,0,0,0,0,0,113.879833
RCIN,113919833,1730,1500,1093,1500,1500,1000,1900,1000,0,0,0,0,0,0,113.919833
RCIN,113959833,1730,1500,1092,1500,1500,1000,1900,1000,0,0,0,0,0,0,113.959833
RCIN,113999833,1730,1500,1092,1500,1500,1000,1900,1000,0,0,0,0,0,0,113.999833
RCIN,114039833,1730,1500,1092,1500,1500,1000,1900,1000,0,0,0,0,0,0,114.039833
RCIN,114079833,1730,1500,1092,1500,1500,1000,1900,1000,0,0,0,0,0,0,114.079833
RCIN,114119833,1730,1500,1092,1500,1500,1000,1900,1000,0,0,0,0,0,0,114.119833
RCIN,114159833,1730,1500,1092,1500,1500,1000,1900,1000,0,0,0,0,0,0,114.159833
RCIN,114199833,1730,1500,1092,1500,1500,1000,1900,1000,0,0,0,0,0,0,114.199833
RCIN,114239833,1730,1500,1092,1500,1500,1000,1900,1000,0,0,0,0,0,0,114.239833
RCIN,114279833,1730,1500,1092,1500,1500,1000,1900,1000,0,0,0,0,0,0,114.279833
RCIN,114319833,1730,1500,1092,1500,1500,1000,1900,1000,0,0,0,0,0,0,114.319833
RCIN,114359833,1730,1500,1092,1500,1500,1000,1900,1000,0,0,0,0,0,0,114.359833
RCIN,114399833,1730,1500,1092,1500,1500,1000,1900,1000,0,0,0,0,0,0,114.399833
RCIN,114439833,1730,1500,1092,1500,1500,1000,1900,1000,0,0,0,0,0,0,114.439833
RCIN,114479833,1730,1500,1092,1500,1500,1000,1900,1000,0,0,0,0,0,0,114.479833
RCIN,114519833,1730,1500,1092,1500,1500,1000,1900,1000,0,0,0,0,0,0,114.519833
RCIN,114559833,1730,1500,1092,1500,1500,1000,1900,1000,0,0,0,0,0,0,114.559833
RCIN,114599833,1730,1500,1092,1500,1500,1000,1900,1000,0,0,0,0,0,0,114.599833
RCIN,114639833,1730,1500,1092,1500,1500,1000,1900,1000,0,0,0,0,0,0,114.639833
RCIN,114679833,1730,1500,1092,1500,1500,1000,1900,1000,0,0,0,0,0,0,114.679833
RCIN,114719833,1730,1500,1092,1500,1500,1000,1900,1000,0,0,0,0,0,0,114.719833
RCIN,114759833,1730,1500,1091,1500,1500,1000,1900,1000,0,0,0,0,0,0,114.759833
RCIN,114799833,1730,1500,1091,1500,1500,1000,1900,1000,0,0,0,0,0,0,114.799833
RCIN,114839833,1730,1500,1091,1500,1500,1000,1900,1000,0,0,0,0,0,0,114.839833
RCIN,114879833,1730,1500,1091,1500,1500,1000,1900,1000,0,0,0,0,0,0,114.879833
RCIN,114919833,1730,1500,1090,1500,1500,1000,1900,1000,0,0,0,0,0,0,114.919833
RCIN,114959833,1730,1500,1090,1500,1500,1000,1900,1000,0,0,0,0,0,0,114.959833
RCIN,114999833,1730,1500,1090,1500,1500,1000,1900,1000,0,0,0,0,0,0,114.999833
RCIN,115039833,1730,1500,1089,1500,1500,1000,1900,1000,0,0,0,0,0,0,115.039833
RCIN,115079833,1730,1500,1089,1500,1500,1000,1900,1000,0,0,0,0,0,0,115.079833
RCIN,115119833,1730,1500,1089,1500,1500,1000,1900,1000,0,0,0,0,0,0,115.119833
RCIN,115159833,1730,1500,1088,1500,1500,1000,1900,1000,0,0,0,0,0,0,115.159833
RCIN,115199833,1730,1500,1088,1500,1500,1000,1900,1000,0,0,0,0,0,0,115.199833
RCIN,115239833,1730,1500,1088,1500,1500,1000,1900,1000,0,0,0,0,0,0,115.239833
RCIN,115279833,1730,1500,1087,1500,1500,1000,1900,1000,0,0,0,0,0,0,115.279833
RCIN,115319833,1730,1500,1087,1500,1500,1000,1900,1000,0,0,0,0,0,0,115.319833
RCIN,115359833,1730,1500,1087,1500,1500,1000,1900,1000,0,0,0,0,0,0,115.359833
RCIN,115399833,1730,1500,1086,1500,1500,1000,1900,1000,0,0,0,0,0,0,115.399833
RCIN,115439833,1730,1500,1086,1500,1500,1000,1900,1000,0,0,0,0,0,0,115.439833
RCIN,115479833,1730,1500,1086,1500,1500,1000,1900,1000,0,0,0,0,0,0,115.479833
RCIN,115519833,1500,1500,1086,1500,1500,1000,1900,1000,0,0,0,0,0,0,115.519833
RCIN,115559833,1500,1500,1086,1500,1500,1000,1900,1000,0,0,0,0,0,0,115.559833
RCIN,115599833,1500,1500,1086,1500,1500,1000,1900,1000,0,0,0,0,0,0,115.599833
RCIN,115639833,1500,1500,1085,1500,1500,1000,1900,1000,0,0,0,0,0,0,115.639833
RCIN,115679833,1500,1500,1085,1500,1500,1000,1900,1000,0,0,0,0,0,0,115.679833
RCIN,115719833,1500,1500,1085,1500,1500,1000,1900,1000,0,0,0,0,0,0,115.719833
RCIN,115759833,1500,1500,1085,1500,1500,1000,1900,1000,0,0,0,0,0,0,115.759833
RCIN,115799833,1500,1500,1085,1500,1500,1000,1900,1000,0,0,0,0,0,0,115.799833
RCIN,115839833,1500,1500,1084,1500,1500,1000,1900,1000,0,0,0,0,0,0,115.839833
RCIN,115879833,1500,1500,1084,1500,1500,1000,1900,1000,0,0,0,0,0,0,115.879833
RCIN,115919833,1500,1500,1084,1500,1500,1000,1900,1000,0,0,0,0,0,0,115.919833
RCIN,115959833,1500,1500,1084,1500,1500,1000,1900,1000,0,0,0,0,0,0,115.959833
RCIN,115999833,1500,1500,1084,1500,1500,1000,1900,1000,0,0,0,0,0,0,115.999833
RCIN,116039833,1500,1500,1083,1500,1500,1000,1900,1000,0,0,0,0,0,0,116.039833
RCIN,116079833,1500,1500,1083,1500,1500,1000,1900,1000,0,0,0,0,0,0,116.079833
RCIN,116119833,1500,1500,1083,1500,1500,1000,1900,1000,0,0,0,0,0,0,116.119833
RCIN,116159833,1500,1500,1083,1500,1500,1000,1900,1000,0,0,0,0,0,0,116.159833
RCIN,116199833,1500,1500,1083,1500,1500,1000,1900,1000,0,0,0,0,0,0,116.199833
RCIN,116239833,1500,1500,1082,1500,1500,1000,1900,1000,0,0,0,0,0,0,116.239833
RCIN,116279833,1500,1500,1082,1500,1500,1000,1900,1000,0,0,0,0,0,0,116.279833
RCIN,116319833,1500,1500,1082,1500,1500,1000,1900,1000,0,0,0,0,0,0,116.319833
RCIN,116359833,1500,1500,1082,1500,1500,1000,1900,1000,0,0,0,0,0,0,116.359833
RCIN,116399833,1500,1500,1082,1500,1500,1000,1900,1000,0,0,0,0,0,0,116.399833
RCIN,116439833,1500,1500,1082,1500,1500,1000,1900,1000,0,0,0,0,0,0,116.439833
RCIN,116479833,1500,1500,1082,1500,1500,1000,1900,1000,0,0,0,0,0,0,116.479833
RCIN,116519833,1500,1500,1082,1500,1500,1000,1900,1000,0,0,0,0,0,0,116.519833
RCIN,116559833,1500,1500,1082,1500,1500,1000,1900,1000,0,0,0,0,0,0,116.559833
RCIN,116599833,1270,1500,1082,1500,1500,1000,1900,1000,0,0,0,0,0,0,116.599833
RCIN,116639833,1270,1500,1082,1500,1500,1000,1900,1000,0,0,0,0,0,0,116.639833
RCIN,116679833,1270,1500,1082,1500,1500,1000,1900,1000,0,0,0,0,0,0,116.679833
RCIN,116719833,1270,1500,1082,1500,1500,1000,1900,1000,0,0,0,0,0,0,116.719833
RCIN,116759833,1270,1500,1082,1500,1500,1000,1900,1000,0,0,0,0,0,0,116.759833
RCIN,116799833,1270,1500,1082,1500,1500,1000,1900,1000,0,0,0,0,0,0,116.799833
RCIN,116839833,1270,1500,1082,1500,1500,1000,1900,1000,0,0,0,0,0,0,116.839833
RCIN,116879833,1270,1500,1082,1500,1500,1000,1900,1000,0,0,0,0,0,0,116.879833
RCIN,116919833,1270,1500,1082,1500,1500,1000,1900,1000,0,0,0,0,0,0,116.919833
RCIN,116959833,1270,1500,1082,1500,1500,1000,1900,1000,0,0,0,0,0,0,116.959833
RCIN,116999833,1270,1500,1082,1500,1500,1000,1900,1000,0,0,0,0,0,0,116.999833
RCIN,117039833,1270,1500,1082,1500,1500,1000,1900,1000,0,0,0,0,0,0,117.039833
RCIN,117079833,1270,1500,1082,1500,1500,1000,1900,1000,0,0,0,0,0,0,117.079833
RCIN,117119833,1270,1500,1082,1500,1500,1000,1900,1000,0,0,0,0,0,0,117.119833
RCIN,117159833,1270,1500,1082,1500,1500,1000,1900,1000,0,0,0,0,0,0,117.159833
RCIN,117199833,1270,1500,1083,1500,1500,1000,1900,1000,0,0,0,0,0,0,117.199833
RCIN,117239833,1270,1500,1083,1500,1500,1000,1900,1000,0,0,0,0,0,0,117.239833
RCIN,117279833,1270,1500,1083,1500,1500,1000,1900,1000,0,0,0,0,0,0,117.279833
RCIN,117319833,1270,1500,1083,1500,1500,1000,1900,1000,0,0,0,0,0,0,117.319833
RCIN,117359833,1270,1500,1083,1500,1500,1000,1900,1000,0,0,0,0,0,0,117.359833
RCIN,117399833,1270,1500,1083,1500,1500,1000,1900,1000,0,0,0,0,0,0,117.399833
RCIN,117439833,1270,1500,1083,1500,1500,1000,1900,1000,0,0,0,0,0,0,117.439833
RCIN,117479833,1270,1500,1083,1500,1500,1000,1900,1000,0,0,0,0,0,0,117.479833
RCIN,117519833,1270,1500,1083,1500,1500,1000,1900,1000,0,0,0,0,0,0,117.519833
RCIN,117559833,1270,1500,1083,1500,1500,1000,1900,1000,0,0,0,0,0,0,117.559833
RCIN,117599833,1270,1500,1082,1500,1500,1000,1900,1000,0,0,0,0,0,0,117.599833
RCIN,117639833,1270,1500,1082,1500,1500,1000,1900,1000,0,0,0,0,0,0,117.639833
RCIN,117679833,1270,1500,1082,1500,1500,1000,1900,1000,0,0,0,0,0,0,117.679833
RCIN,117719833,1270,1500,1081,1500,1500,1000,1900,1000,0,0,0,0,0,0,117.719833
RCIN,117759833,1270,1500,1081,1500,1500,1000,1900,1000,0,0,0,0,0,0,117.759833
RCIN,117799833,1270,1500,1081,1500,1500,1000,1900,1000,0,0,0,0,0,0,117.799833
RCIN,117839833,1270,1500,1080,1500,1500,1000,1900,1000,0,0,0,0,0,0,117.839833
RCIN,117879833,1270,1500,1080,1500,1500,1000,1900,1000,0,0,0,0,0,0,117.879833
RCIN,117919833,1270,1500,1080,1500,1500,1000,1900,1000,0,0,0,0,0,0,117.919833
RCIN,117959833,1270,1500,1079,1500,1500,1000,1900,1000,0,0,0,0,0,0,117.959833
RCIN,117999833,1270,1500,1079,1500,1500,1000,1900,1000,0,0,0,0,0,0,117.999833
RCIN,118039833,1270,1500,1078,1500,1500,1000,1900,1000,0,0,0,0,0,0,118.039833
RCIN,118079833,1270,1500,1078,1500,1500,1000,1900,1000,0,0,0,0,0,0,118.079833
RCIN,118119833,1270,1500,1078,1500,1500,1000,1900,1000,0,0,0,0,0,0,118.119833
RCIN,118159833,1270,1500,1077,1500,1500,1000,1900,1000,0,0,0,0,0,0,118.159833
RCIN,118199833,1270,1500,1077,1500,1500,1000,1900,1000,0,0,0,0,0,0,118.199833
RCIN,118239833,1270,1500,1077,1500,1500,1000,1900,1000,0,0,0,0,0,0,118.239833
RCIN,118279833,1270,1500,1077,1500,1500,1000,1900,1000,0,0,0,0,0,0,118.279833
RCIN,118319833,1270,1500,1076,1500,1500,1000,1900,1000,0,0,0,0,0,0,118.319833
RCIN,118359833,1270,1500,1076,1500,1500,1000,1900,1000,0,0,0,0,0,0,118.359833
RCIN,118399833,1500,1500,1076,1500,1500,1000,1900,1000,0,0,0,0,0,0,118.399833
RCIN,118439833,1500,1500,1076,1500,1500,1000,1900,1000,0,0,0,0,0,0,118.439833
RCIN,118479833,1500,1500,1075,1500,1500,1000,1900,1000,0,0,0,0,0,0,118.479833
RCIN,118519833,1500,1500,1075,1500,1500,1000,1900,1000,0,0,0,0,0,0,118.519833
RCIN,118559833,1500,1500,1075,1500,1500,1000,1900,1000,0,0,0,0,0,0,118.559833
RCIN,118599833,1500,1500,1075,1500,1500,1000,1900,1000,0,0,0,0,0,0,118.599833
RCIN,118639833,1500,1500,1074,1500,1500,1000,1900,1000,0,0,0,0,0,0,118.639833
RCIN,118679833,1500,1500,1074,1500,1500,1000,1900,1000,0,0,0,0,0,0,118.679833
RCIN,118719833,1500,1500,1074,1500,1500,1000,1900,1000,0,0,0,0,0,0,118.719833
RCIN,118759833,1500,1500,1073,1500,1500,1000,1900,1000,0,0,0,0,0,0,118.759833
RCIN,118799833,1500,1500,1073,1500,1500,1000,1900,1000,0,0,0,0,0,0,118.799833
RCIN,118839833,1500,1500,1073,1500,1500,1000,1900,1000,0,0,0,0,0,0,118.839833
RCIN,118879833,1500,1500,1073,1500,1500,1000,1900,1000,0,0,0,0,0,0,118.879833
RCIN,118919833,1500,1500,1072,1500,1500,1000,1900,1000,0,0,0,0,0,0,118.919833
RCIN,118959833,1500,1500,1072,1500,1500,1000,1900,1000,0,0,0,0,0,0,118.959833
RCIN,118999833,1500,1500,1072,1500,1500,1000,1900,1000,0,0,0,0,0,0,118.999833
RCIN,119039833,1500,1500,1071,1500,1500,1000,1900,1000,0,0,0,0,0,0,119.039833
RCIN,119079833,1500,1500,1071,1500,1500,1000,1900,1000,0,0,0,0,0,0,119.079833
RCIN,119119833,1500,1500,1071,1500,1500,1000,1900,1000,0,0,0,0,0,0,119.119833
RCIN,119159833,1500,1500,1071,1500,1500,1000,1900,1000,0,0,0,0,0,0,119.159833
RCIN,119199833,1500,1500,1071,1500,1500,1000,1900,1000,0,0,0,0,0,0,119.199833
RCIN,119239833,1500,1500,1070,1500,1500,1000,1900,1000,0,0,0,0,0,0,119.239833
RCIN,119279833,1500,1500,1070,1500,1500,1000,1900,1000,0,0,0,0,0,0,119.279833
RCIN,119319833,1500,1500,1070,1500,1500,1000,1900,1000,0,0,0,0,0,0,119.319833
RCIN,119359833,1500,1500,1070,1500,1500,1000,1900,1000,0,0,0,0,0,0,119.359833
RCIN,119399833,1500,1500,1070,1500,1500,1000,1900,1000,0,0,0,0,0,0,119.399833
RCIN,119439833,1500,1500,1070,1500,1500,1000,1900,1000,0,0,0,0,0,0,119.439833
RCIN,119479833,1730,1500,1070,1500,1500,1000,1900,1000,0,0,0,0,0,0,119.479833
RCIN,119519833,1730,1500,1070,1500,1500,1000,1900,1000,0,0,0,0,0,0,119.519833
RCIN,119559833,1730,1500,1070,1500,1500,1000,1900,1000,0,0,0,0,0,0,119.559833
RCIN,119599833,1730,1500,1070,1500,1500,1000,1900,1000,0,0,0,0,0,0,119.599833
RCIN,119639833,1730,1500,1070,1500,1500,1000,1900,1000,0,0,0,0,0,0,119.639833
RCIN,119679833,1730,1500,1070,1500,1500,1000,1900,1000,0,0,0,0,0,0,119.679833
RCIN,119719833,1730,1500,1070,1500,1500,1000,1900,1000,0,0,0,0,0,0,119.719833
RCIN,119759833,1730,1500,1070,1500,1500,1000,1900,1000,0,0,0,0,0,0,119.759833
RCIN,119799833,1730,1500,1070,1500,1500,1000,1900,1000,0,0,0,0,0,0,119.799833
RCIN,119839833,1730,1500,1070,1500,1500,1000,1900,1000,0,0,0,0,0,0,119.839833
RCIN,119879833,1730,1500,1069,1500,1500,1000,1900,1000,0,0,0,0,0,0,119.879833
RCIN,119919833,1730,1500,1069,1500,1500,1000,1900,1000,0,0,0,0,0,0,119.919833
RCIN,119959833,1730,1500,1069,1500,1500,1000,1900,1000,0,0,0,0,0,0,119.959833
RCIN,119999833,1730,1500,1069,1500,1500,1000,1900,1000,0,0,0,0,0,0,119.999833
RCIN,120039833,1730,1500,1069,1500,1500,1000,1900,1000,0,0,0,0,0,0,120.039833
RCIN,120079833,1730,1500,1069,1500,1500,1000,1900,1000,0,0,0,0,0,0,120.079833
RCIN,120119833,1730,1500,1069,1500,1500,1000,1900,1000,0,0,0,0,0,0,120.119833
RCIN,120159833,1730,1500,1069,1500,1500,1000,1900,1000,0,0,0,0,0,0,120.159833
RCIN,120199833,1730,1500,1069,1500,1500,1000,1900,1000,0,0,0,0,0,0,120.199833
RCIN,120239833,1730,1500,1069,1500,1500,1000,1900,1000,0,0,0,0,0,0,120.239833
RCIN,120279833,1730,1500,1068,1500,1500,1000,1900,1000,0,0,0,0,0,0,120.279833
RCIN,120319833,1730,1500,1068,1500,1500,1000,1900,1000,0,0,0,0,0,0,120.319833
RCIN,120359833,1730,1500,1068,1500,1500,1000,1900,1000,0,0,0,0,0,0,120.359833
RCIN,120399833,1730,1500,1068,1500,1500,1000,1900,1000,0,0,0,0,0,0,120.399833
RCIN,120439833,1730,1500,1068,1500,1500,1000,1900,1000,0,0,0,0,0,0,120.439833
RCIN,120479833,1730,1500,1068,1500,1500,1000,1900,1000,0,0,0,0,0,0,120.479833
RCIN,120519833,1730,1500,1067,1500,1500,1000,1900,1000,0,0,0,0,0,0,120.519833
RCIN,120559833,1730,1500,1067,1500,1500,1000,1900,1000,0,0,0,0,0,0,120.559833
RCIN,120599833,1730,1500,1067,1500,1500,1000,1900,1000,0,0,0,0,0,0,120.599833
RCIN,120639833,1730,1500,1067,1500,1500,1000,1900,1000,0,0,0,0,0,0,120.639833
RCIN,120679833,1730,1500,1067,1500,1500,1000,1900,1000,0,0,0,0,0,0,120.679833
RCIN,120719833,1730,1500,1066,1500,1500,1000,1900,1000,0,0,0,0,0,0,120.719833
RCIN,120759833,1730,1500,1066,1500,1500,1000,1900,1000,0,0,0,0,0,0,120.759833
RCIN,120799833,1730,1500,1066,1500,1500,1000,1900,1000,0,0,0,0,0,0,120.799833
RCIN,120839833,1730,1500,1066,1500,1500,1000,1900,1000,0,0,0,0,0,0,120.839833
RCIN,120879833,1730,1500,1066,1500,1500,1000,1900,1000,0,0,0,0,0,0,120.879833
RCIN,120919833,1730,1500,1065,1500,1500,1000,1900,1000,0,0,0,0,0,0,120.919833
RCIN,120959833,1730,1500,1065,1500,1500,1000,1900,1000,0,0,0,0,0,0,120.959833
RCIN,120999833,1730,1500,1065,1500,1500,1000,1900,1000,0,0,0,0,0,0,120.999833
RCIN,121039833,1730,1500,1065,1500,1500,1000,1900,1000,0,0,0,0,0,0,121.039833
RCIN,121079833,1730,1500,1064,1500,1500,1000,1900,1000,0,0,0,0,0,0,121.079833
RCIN,121119833,1730,1500,1064,1500,1500,1000,1900,1000,0,0,0,0,0,0,121.119833
RCIN,121159833,1730,1500,1064,1500,1500,1000,1900,1000,0,0,0,0,0,0,121.159833
RCIN,121199833,1730,1500,1064,1500,1500,1000,1900,1000,0,0,0,0,0,0,121.199833
RCIN,121239833,1730,1500,1064,1500,1500,1000,1900,1000,0,0,0,0,0,0,121.239833
RCIN,121279833,1500,1500,1063,1500,1500,1000,1900,1000,0,0,0,0,0,0,121.279833
RCIN,121319833,1500,1500,1063,1500,1500,1000,1900,1000,0,0,0,0,0,0,121.319833
RCIN,121359833,1500,1500,1063,1500,1500,1000,1900,1000,0,0,0,0,0,0,121.359833
RCIN,121399833,1500,1500,1063,1500,1500,1000,1900,1000,0,0,0,0,0,0,121.399833
RCIN,121439833,1500,1500,1063,1500,1500,1000,1900,1000,0,0,0,0,0,0,121.439833
RCIN,121479833,1500,1500,1062,1500,1500,1000,1900,1000,0,0,0,0,0,0,121.479833
RCIN,121519833,1500,1500,1062,1500,1500,1000,1900,1000,0,0,0,0,0,0,121.519833
RCIN,121559833,1500,1500,1062,1500,1500,1000,1900,1000,0,0,0,0,0,0,121.559833
RCIN,121599833,1500,1500,1062,1500,1500,1000,1900,1000,0,0,0,0,0,0,121.599833
RCIN,121639833,1500,1500,1062,1500,1500,1000,1900,1000,0,0,0,0,0,0,121.639833
RCIN,121679833,1500,1500,1062,1500,1500,1000,1900,1000,0,0,0,0,0,0,121.679833
RCIN,121719833,1500,1500,1061,1500,1500,1000,1900,1000,0,0,0,0,0,0,121.719833
RCIN,121759833,1500,1500,1061,1500,1500,1000,1900,1000,0,0,0,0,0,0,121.759833
RCIN,121799833,1500,1500,1061,1500,1500,1000,1900,1000,0,0,0,0,0,0,121.799833
RCIN,121839833,1500,1500,1061,1500,1500,1000,1900,1000,0,0,0,0,0,0,121.839833
RCIN,121879833,1500,1500,1061,1500,1500,1000,1900,1000,0,0,0,0,0,0,121.879833
RCIN,121919833,1500,1500,1061,1500,1500,1000,1900,1000,0,0,0,0,0,0,121.919833
RCIN,121959833,1500,1500,1061,1500,1500,1000,1900,1000,0,0,0,0,0,0,121.959833
RCIN,121999833,1500,1500,1061,1500,1500,1000,1900,1000,0,0,0,0,0,0,121.999833
RCIN,122039833,1500,1500,1061,1500,1500,1000,1900,1000,0,0,0,0,0,0,122.039833
RCIN,122079833,1500,1500,1060,1500,1500,1000,1900,1000,0,0,0,0,0,0,122.079833
RCIN,122119833,1500,1500,1060,1500,1500,1000,1900,1000,0,0,0,0,0,0,122.119833
RCIN,122159833,1500,1500,1060,1500,1500,1000,1900,1000,0,0,0,0,0,0,122.159833
RCIN,122199833,1500,1500,1060,1500,1500,1000,1900,1000,0,0,0,0,0,0,122.199833
RCIN,122239833,1500,1500,1060,1500,1500,1000,1900,1000,0,0,0,0,0,0,122.239833
RCIN,122279833,1500,1500,1060,1500,1500,1000,1900,1000,0,0,0,0,0,0,122.279833
RCIN,122319833,1500,1500,1060,1500,1500,1000,1900,1000,0,0,0,0,0,0,122.319833
RCIN,122359833,1270,1500,1060,1500,1500,1000,1900,1000,0,0,0,0,0,0,122.359833
RCIN,122399833,1270,1500,1060,1500,1500,1000,1900,1000,0,0,0,0,0,0,122.399833
RCIN,122439833,1270,1500,1060,1500,1500,1000,1900,1000,0,0,0,0,0,0,122.439833
RCIN,122479833,1270,1500,1060,1500,1500,1000,1900,1000,0,0,0,0,0,0,122.479833
RCIN,122519833,1270,1500,1060,1500,1500,1000,1900,1000,0,0,0,0,0,0,122.519833
RCIN,122559833,1270,1500,1060,1500,1500,1000,1900,1000,0,0,0,0,0,0,122.559833
RCIN,122599833,1270,1500,1059,1500,1500,1000,1900,1000,0,0,0,0,0,0,122.599833
RCIN,122639833,1270,1500,1059,1500,1500,1000,1900,1000,0,0,0,0,0,0,122.639833
RCIN,122679833,1270,1500,1059,1500,1500,1000,1900,1000,0,0,0,0,0,0,122.679833
RCIN,122719833,1270,1500,1059,1500,1500,1000,1900,1000,0,0,0,0,0,0,122.719833
RCIN,122759833,1270,1500,1059,1500,1500,1000,1900,1000,0,0,0,0,0,0,122.759833
RCIN,122799833,1270,1500,1059,1500,1500,1000,1900,1000,0,0,0,0,0,0,122.799833
RCIN,122839833,1270,1500,1059,1500,1500,1000,1900,1000,0,0,0,0,0,0,122.839833
RCIN,122879833,1270,1500,1059,1500,1500,1000,1900,1000,0,0,0,0,0,0,122.879833
RCIN,122919833,1270,1500,1058,1500,1500,1000,1900,1000,0,0,0,0,0,0,122.919833
RCIN,122959833,1270,1500,1058,1500,1500,1000,1900,1000,0,0,0,0,0,0,122.959833
RCIN,122999833,1270,1500,1058,1500,1500,1000,1900,1000,0,0,0,0,0,0,122.999833
RCIN,123039833,1270,1500,1058,1500,1500,1000,1900,1000,0,0,0,0,0,0,123.039833
RCIN,123079833,1270,1500,1058,1500,1500,1000,1900,1000,0,0,0,0,0,0,123.079833
RCIN,123119833,1270,1500,1058,1500,1500,1000,1900,1000,0,0,0,0,0,0,123.119833
RCIN,123159833,1270,1500,1057,1500,1500,1000,1900,1000,0,0,0,0,0,0,123.159833
RCIN,123199833,1270,1500,1057,1500,1500,1000,1900,1000,0,0,0,0,0,0,123.199833
RCIN,123239833,1270,1500,1057,1500,1500,1000,1900,1000,0,0,0,0,0,0,123.239833
RCIN,123279833,1270,1500,1056,1500,1500,1000,1900,1000,0,0,0,0,0,0,123.279833
RCIN,123319833,1270,1500,1056,1500,1500,1000,1900,1000,0,0,0,0,0,0,123.319833
RCIN,123359833,1270,1500,1056,1500,1500,1000,1900,1000,0,0,0,0,0,0,123.359833
RCIN,123399833,1270,1500,1055,1500,1500,1000,1900,1000,0,0,0,0,0,0,123.399833
RCIN,123439833,1270,1500,1055,1500,1500,1000,1900,1000,0,0,0,0,0,0,123.439833
RCIN,123479833,1270,1500,1054,1500,1500,1000,1900,1000,0,0,0,0,0,0,123.479833
RCIN,123519833,1270,1500,1054,1500,1500,1000,1900,1000,0,0,0,0,0,0,123.519833
RCIN,123559833,1270,1500,1054,1500,1500,1000,1900,1000,0,0,0,0,0,0,123.559833
RCIN,123599833,1270,1500,1053,1500,1500,1000,1900,1000,0,0,0,0,0,0,123.599833
RCIN,123639833,1270,1500,1053,1500,1500,1000,1900,1000,0,0,0,0,0,0,123.639833
RCIN,123679833,1270,1500,1053,1500,1500,1000,1900,1000,0,0,0,0,0,0,123.679833
RCIN,123719833,1270,1500,1052,1500,1500,1000,1900,1000,0,0,0,0,0,0,123.719833
RCIN,123759833,1270,1500,1052,1500,1500,1000,1900,1000,0,0,0,0,0,0,123.759833
RCIN,123799833,1270,1500,1052,1500,1500,1000,1900,1000,0,0,0,0,0,0,123.799833
RCIN,123839833,1270,1500,1051,1500,1500,1000,1900,1000,0,0,0,0,0,0,123.839833
RCIN,123879833,1270,1500,1051,1500,1500,1000,1900,1000,0,0,0,0,0,0,123.879833
RCIN,123919833,1270,1500,1051,1500,1500,1000,1900,1000,0,0,0,0,0,0,123.919833
RCIN,123959833,1270,1500,1050,1500,1500,1000,1900,1000,0,0,0,0,0,0,123.959833
RCIN,123999833,1270,1500,1050,1500,1500,1000,1900,1000,0,0,0,0,0,0,123.999833
RCIN,124039833,1270,1500,1050,1500,1500,1000,1900,1000,0,0,0,0,0,0,124.039833
RCIN,124079833,1270,1500,1050,1500,1500,1000,1900,1000,0,0,0,0,0,0,124.079833
RCIN,124119833,1270,1500,1049,1500,1500,1000,1900,1000,0,0,0,0,0,0,124.119833
RCIN,124159833,1500,1500,1049,1500,1500,1000,1900,1000,0,0,0,0,0,0,124.159833
RCIN,124199833,1500,1500,1049,1500,1500,1000,1900,1000,0,0,0,0,0,0,124.199833
RCIN,124239833,1500,1500,1049,1500,1500,1000,1900,1000,0,0,0,0,0,0,124.239833
RCIN,124279833,1500,1500,1049,1500,1500,1000,1900,1000,0,0,0,0,0,0,124.279833
RCIN,124319833,1500,1500,1048,1500,1500,1000,1900,1000,0,0,0,0,0,0,124.319833
RCIN,124359833,1500,1500,1048,1500,1500,1000,1900,1000,0,0,0,0,0,0,124.359833
RCIN,124399833,1500,1500,1048,1500,1500,1000,1900,1000,0,0,0,0,0,0,124.399833
RCIN,124439833,1500,1500,1048,1500,1500,1000,1900,1000,0,0,0,0,0,0,124.439833
RCIN,124479833,1500,1500,1047,1500,1500,1000,1900,1000,0,0,0,0,0,0,124.479833
RCIN,124519833,1500,1500,1047,1500,1500,1000,1900,1000,0,0,0,0,0,0,124.519833
RCIN,124559833,1500,1500,1047,1500,1500,1000,1900,1000,0,0,0,0,0,0,124.559833
RCIN,124599833,1500,1500,1047,1500,1500,1000,1900,1000,0,0,0,0,0,0,124.599833
RCIN,124639833,1500,1500,1046,1500,1500,1000,1900,1000,0,0,0,0,0,0,124.639833
RCIN,124679833,1500,1500,1046,1500,1500,1000,1900,1000,0,0,0,0,0,0,124.679833
RCIN,124719833,1500,1500,1046,1500,1500,1000,1900,1000,0,0,0,0,0,0,124.719833
RCIN,124759833,1500,1500,1046,1500,1500,1000,1900,1000,0,0,0,0,0,0,124.759833
RCIN,124799833,1500,1500,1045,1500,1500,1000,1900,1000,0,0,0,0,0,0,124.799833
RCIN,124839833,1500,1500,1045,1500,1500,1000,1900,1000,0,0,0,0,0,0,124.839833
RCIN,124879833,1500,1500,1045,1500,1500,1000,1900,1000,0,0,0,0,0,0,124.879833
RCIN,124919833,1500,1500,1045,1500,1500,1000,1900,1000,0,0,0,0,0,0,124.919833
RCIN,124959833,1500,1500,1044,1500,1500,1000,1900,1000,0,0,0,0,0,0,124.959833
RCIN,124999833,1500,1500,1044,1500,1500,1000,1900,1000,0,0,0,0,0,0,124.999833
RCIN,125039833,1500,1500,1044,1500,1500,1000,1900,1000,0,0,0,0,0,0,125.039833
RCIN,125079833,1500,1500,1044,1500,1500,1000,1900,1000,0,0,0,0,0,0,125.079833
RCIN,125119833,1500,1500,1044,1500,1500,1000,1900,1000,0,0,0,0,0,0,125.119833
RCIN,125159833,1500,1500,1043,1500,1500,1000,1900,1000,0,0,0,0,0,0,125.159833
RCIN,125199833,1500,1500,1043,1500,1500,1000,1900,1000,0,0,0,0,0,0,125.199833
RCIN,125239833,1730,1500,1043,1500,1500,1000,1900,1000,0,0,0,0,0,0,125.239833
RCIN,125279833,1730,1500,1043,1500,1500,1000,1900,1000,0,0,0,0,0,0,125.279833
RCIN,125319833,1730,1500,1043,1500,1500,1000,1900,1000,0,0,0,0,0,0,125.319833
RCIN,125359833,1730,1500,1043,1500,1500,1000,1900,1000,0,0,0,0,0,0,125.359833
RCIN,125399833,1730,1500,1043,1500,1500,1000,1900,1000,0,0,0,0,0,0,125.399833
RCIN,125439833,1730,1500,1043,1500,1500,1000,1900,1000,0,0,0,0,0,0,125.439833
RCIN,125479833,1730,1500,1043,1500,1500,1000,1900,1000,0,0,0,0,0,0,125.479833
RCIN,125519833,1730,1500,1042,1500,1500,1000,1900,1000,0,0,0,0,0,0,125.519833
RCIN,125559833,1730,1500,1042,1500,1500,1000,1900,1000,0,0,0,0,0,0,125.559833
RCIN,125599833,1730,1500,1042,1500,1500,1000,1900,1000,0,0,0,0,0,0,125.599833
RCIN,125639833,1730,1500,1042,1500,1500,1000,1900,1000,0,0,0,0,0,0,125.639833
RCIN,125679833,1730,1500,1042,1500,1500,1000,1900,1000,0,0,0,0,0,0,125.679833
RCIN,125719833,1730,1500,1042,1500,1500,1000,1900,1000,0,0,0,0,0,0,125.719833
RCIN,125759833,1730,1500,1042,1500,1500,1000,1900,1000,0,0,0,0,0,0,125.759833
RCIN,125799833,1730,1500,1042,1500,1500,1000,1900,1000,0,0,0,0,0,0,125.799833
RCIN,125839833,1730,1500,1042,1500,1500,1000,1900,1000,0,0,0,0,0,0,125.839833
RCIN,125879833,1730,1500,1042,1500,1500,1000,1900,1000,0,0,0,0,0,0,125.879833
RCIN,125919833,1730,1500,1042,1500,1500,1000,1900,1000,0,0,0,0,0,0,125.919833
RCIN,125959833,1730,1500,1042,1500,1500,1000,1900,1000,0,0,0,0,0,0,125.959833
RCIN,125999833,1730,1500,1042,1500,1500,1000,1900,1000,0,0,0,0,0,0,125.999833
RCIN,126039833,1730,1500,1042,1500,1500,1000,1900,1000,0,0,0,0,0,0,126.039833
RCIN,126079833,1730,1500,1041,1500,1500,1000,1900,1000,0,0,0,0,0,0,126.079833
RCIN,126119833,1730,1500,1041,1500,1500,1000,1900,1000,0,0,0,0,0,0,126.119833
RCIN,126159833,1730,1500,1041,1500,1500,1000,1900,1000,0,0,0,0,0,0,126.159833
RCIN,126199833,1730,1500,1041,1500,1500,1000,1900,1000,0,0,0,0,0,0,126.199833
RCIN,126239833,1730,1500,1040,1500,1500,1000,1900,1000,0,0,0,0,0,0,126.239833
RCIN,126279833,1730,1500,1040,1500,1500,1000,1900,1000,0,0,0,0,0,0,126.279833
RCIN,126319833,1730,1500,1040,1500,1500,1000,1900,1000,0,0,0,0,0,0,126.319833
RCIN,126359833,1730,1500,1039,1500,1500,1000,1900,1000,0,0,0,0,0,0,126.359833
RCIN,126399833,1730,1500,1039,1500,1500,1000,1900,1000,0,0,0,0,0,0,126.399833
RCIN,126439833,1730,1500,1039,1500,1500,1000,1900,1000,0,0,0,0,0,0,126.439833
RCIN,126479833,1730,1500,1038,1500,1500,1000,1900,1000,0,0,0,0,0,0,126.479833
RCIN,126519833,1730,1500,1038,1500,1500,1000,1900,1000,0,0,0,0,0,0,126.519833
RCIN,126559833,1730,1500,1038,1500,1500,1000,1900,1000,0,0,0,0,0,0,126.559833
RCIN,126599833,1730,1500,1037,1500,1500,1000,1900,1000,0,0,0,0,0,0,126.599833
RCIN,126639833,1730,1500,1037,1500,1500,1000,1900,1000,0,0,0,0,0,0,126.639833
RCIN,126679833,1730,1500,1037,1500,1500,1000,1900,1000,0,0,0,0,0,0,126.679833
RCIN,126719833,1730,1500,1036,1500,1500,1000,1900,1000,0,0,0,0,0,0,126.719833
RCIN,126759833,1730,1500,1036,1500,1500,1000,1900,1000,0,0,0,0,0,0,126.759833
RCIN,126799833,1730,1500,1036,1500,1500,1000,1900,1000,0,0,0,0,0,0,126.799833
RCIN,126839833,1730,1500,1035,1500,1500,1000,1900,1000,0,0,0,0,0,0,126.839833
RCIN,126879833,1730,1500,1035,1500,1500,1000,1900,1000,0,0,0,0,0,0,126.879833
RCIN,126919833,1730,1500,1035,1500,1500,1000,1900,1000,0,0,0,0,0,0,126.919833
RCIN,126959833,1730,1500,1035,1500,1500,1000,1900,1000,0,0,0,0,0,0,126.959833
RCIN,126999833,1730,1500,1035,1500,1500,1000,1900,1000,0,0,0,0,0,0,126.999833
RCIN,127039833,1500,1500,1035,1500,1500,1000,1900,1000,0,0,0,0,0,0,127.039833
RCIN,127079833,1500,1500,1034,1500,1500,1000,1900,1000,0,0,0,0,0,0,127.079833
RCIN,127119833,1500,1500,1034,1500,1500,1000,1900,1000,0,0,0,0,0,0,127.119833
RCIN,127159833,1500,1500,1034,1500,1500,1000,1900,1000,0,0,0,0,0,0,127.159833
RCIN,127199833,1500,1500,1034,1500,1500,1000,1900,1000,0,0,0,0,0,0,127.199833
RCIN,127239833,1500,1500,1034,1500,1500,1000,1900,1000,0,0,0,0,0,0,127.239833
RCIN,127279833,1500,1500,1034,1500,1500,1000,1900,1000,0,0,0,0,0,0,127.279833
RCIN,127319833,1500,1500,1033,1500,1500,1000,1900,1000,0,0,0,0,0,0,127.319833
RCIN,127359833,1500,1500,1033,1500,1500,1000,1900,1000,0,0,0,0,0,0,127.359833
RCIN,127399833,1500,1500,1033,1500,1500,1000,1900,1000,0,0,0,0,0,0,127.399833
RCIN,127439833,1500,1500,1033,1500,1500,1000,1900,1000,0,0,0,0,0,0,127.439833
RCIN,127479833,1500,1500,1032,1500,1500,1000,1900,1000,0,0,0,0,0,0,127.479833
RCIN,127519833,1500,1500,1032,1500,1500,1000,1900,1000,0,0,0,0,0,0,127.519833
RCIN,127559833,1500,1500,1032,1500,1500,1000,1900,1000,0,0,0,0,0,0,127.559833
RCIN,127599833,1500,1500,1032,1500,1500,1000,1900,1000,0,0,0,0,0,0,127.599833
RCIN,127639833,1500,1500,1032,1500,1500,1000,1900,1000,0,0,0,0,0,0,127.639833
RCIN,127679833,1500,1500,1031,1500,1500,1000,1900,1000,0,0,0,0,0,0,127.679833
RCIN,127719833,1500,1500,1031,1500,1500,1000,1900,1000,0,0,0,0,0,0,127.719833
RCIN,127759833,1500,1500,1031,1500,1500,1000,1900,1000,0,0,0,0,0,0,127.759833
RCIN,127799833,1500,1500,1031,1500,1500,1000,1900,1000,0,0,0,0,0,0,127.799833
RCIN,127839833,1500,1500,1031,1500,1500,1000,1900,1000,0,0,0,0,0,0,127.839833
RCIN,127879833,1500,1500,1031,1500,1500,1000,1900,1000,0,0,0,0,0,0,127.879833
RCIN,127919833,1500,1500,1031,1500,1500,1000,1900,1000,0,0,0,0,0,0,127.919833
RCIN,127959833,1500,1500,1031,1500,1500,1000,1900,1000,0,0,0,0,0,0,127.959833
RCIN,127999833,1500,1500,1031,1500,1500,1000,1900,1000,0,0,0,0,0,0,127.999833
RCIN,128039833,1500,1500,1031,1500,1500,1000,1900,1000,0,0,0,0,0,0,128.039833
RCIN,128079833,1500,1500,1031,1500,1500,1000,1900,1000,0,0,0,0,0,0,128.079833
RCIN,128119833,1270,1500,1031,1500,1500,1000,1900,1000,0,0,0,0,0,0,128.119833
RCIN,128159833,1270,1500,1031,1500,1500,1000,1900,1000,0,0,0,0,0,0,128.159833
RCIN,128199833,1270,1500,1031,1500,1500,1000,1900,1000,0,0,0,0,0,0,128.199833
RCIN,128239833,1270,1500,1031,1500,1500,1000,1900,1000,0,0,0,0,0,0,128.239833
RCIN,128279833,1270,1500,1031,1500,1500,1000,1900,1000,0,0,0,0,0,0,128.279833
RCIN,128319833,1270,1500,1031,1500,1500,1000,1900,1000,0,0,0,0,0,0,128.319833
RCIN,128359833,1270,1500,1031,1500,1500,1000,1900,1000,0,0,0,0,0,0,128.359833
RCIN,128399833,1270,1500,1031,1500,1500,1000,1900,1000,0,0,0,0,0,0,128.399833
RCIN,128439833,1270,1500,1031,1500,1500,1000,1900,1000,0,0,0,0,0,0,128.439833
RCIN,128479833,1270,1500,1031,1500,1500,1000,1900,1000,0,0,0,0,0,0,128.479833
RCIN,128519833,1270,1500,1031,1500,1500,1000,1900,1000,0,0,0,0,0,0,128.519833
RCIN,128559833,1270,1500,1031,1500,1500,1000,1900,1000,0,0,0,0,0,0,128.559833
RCIN,128599833,1270,1500,1031,1500,1500,1000,1900,1000,0,0,0,0,0,0,128.599833
RCIN,128639833,1270,1500,1031,1500,1500,1000,1900,1000,0,0,0,0,0,0,128.639833
RCIN,128679833,1270,1500,1031,1500,1500,1000,1900,1000,0,0,0,0,0,0,128.679833
RCIN,128719833,1270,1500,1031,1500,1500,1000,1900,1000,0,0,0,0,0,0,128.719833
RCIN,128759833,1270,1500,1031,1500,1500,1000,1900,1000,0,0,0,0,0,0,128.759833
RCIN,128799833,1270,1500,1031,1500,1500,1000,1900,1000,0,0,0,0,0,0,128.799833
RCIN,128839833,1270,1500,1031,1500,1500,1000,1900,1000,0,0,0,0,0,0,128.839833
RCIN,128879833,1270,1500,1031,1500,1500,1000,1900,1000,0,0,0,0,0,0,128.879833
RCIN,128919833,1270,1500,1031,1500,1500,1000,1900,1000,0,0,0,0,0,0,128.919833
RCIN,128959833,1270,1500,1031,1500,1500,1000,1900,1000,0,0,0,0,0,0,128.959833
RCIN,128999833,1270,1500,1031,1500,1500,1000,1900,1000,0,0,0,0,0,0,128.999833
RCIN,129039833,1270,1500,1031,1500,1500,1000,1900,1000,0,0,0,0,0,0,129.039833
RCIN,129079833,1270,1500,1031,1500,1500,1000,1900,1000,0,0,0,0,0,0,129.079833
RCIN,129119833,1270,1500,1030,1500,1500,1000,1900,1000,0,0,0,0,0,0,129.119833
RCIN,129159833,1270,1500,1030,1500,1500,1000,1900,1000,0,0,0,0,0,0,129.159833
RCIN,129199833,1270,1500,1030,1500,1500,1000,1900,1000,0,0,0,0,0,0,129.199833
RCIN,129239833,1270,1500,1029,1500,1500,1000,1900,1000,0,0,0,0,0,0,129.239833
RCIN,129279833,1270,1500,1029,1500,1500,1000,1900,1000,0,0,0,0,0,0,129.279833
RCIN,129319833,1270,1500,1028,1500,1500,1000,1900,1000,0,0,0,0,0,0,129.319833
RCIN,129359833,1270,1500,1028,1500,1500,1000,1900,1000,0,0,0,0,0,0,129.359833
RCIN,129399833,1270,1500,1027,1500,1500,1000,1900,1000,0,0,0,0,0,0,129.399833
RCIN,129439833,1270,1500,1027,1500,1500,1000,1900,1000,0,0,0,0,0,0,129.439833
RCIN,129479833,1270,1500,1027,1500,1500,1000,1900,1000,0,0,0,0,0,0,129.479833
RCIN,129519833,1270,1500,1026,1500,1500,1000,1900,1000,0,0,0,0,0,0,129.519833
RCIN,129559833,1270,1500,1026,1500,1500,1000,1900,1000,0,0,0,0,0,0,129.559833
RCIN,129599833,1270,1500,1026,1500,1500,1000,1900,1000,0,0,0,0,0,0,129.599833
RCIN,129639833,1270,1500,1025,1500,1500,1000,1900,1000,0,0,0,0,0,0,129.639833
RCIN,129679833,1270,1500,1025,1500,1500,1000,1900,1000,0,0,0,0,0,0,129.679833
RCIN,129719833,1270,1500,1025,1500,1500,1000,1900,1000,0,0,0,0,0,0,129.719833
RCIN,129759833,1270,1500,1024,1500,1500,1000,1900,1000,0,0,0,0,0,0,129.759833
RCIN,129799833,1270,1500,1024,1500,1500,1000,1900,1000,0,0,0,0,0,0,129.799833
RCIN,129839833,1270,1500,1024,1500,1500,1000,1900,1000,0,0,0,0,0,0,129.839833
RCIN,129879833,1270,1500,1024,1500,1500,1000,1900,1000,0,0,0,0,0,0,129.879833
RCIN,129919833,1500,1500,1023,1500,1500,1000,1900,1000,0,0,0,0,0,0,129.919833
RCIN,129959833,1500,1500,1023,1500,1500,1000,1900,1000,0,0,0,0,0,0,129.959833
RCIN,129999833,1500,1500,1023,1500,1500,1000,1900,1000,0,0,0,0,0,0,129.999833
RCIN,130039833,1500,1500,1023,1500,1500,1000,1900,1000,0,0,0,0,0,0,130.039833
RCIN,130079833,1500,1500,1023,1500,1500,1000,1900,1000,0,0,0,0,0,0,130.079833
RCIN,130119833,1500,1500,1022,1500,1500,1000,1900,1000,0,0,0,0,0,0,130.119833
RCIN,130159833,1500,1500,1022,1500,1500,1000,1900,1000,0,0,0,0,0,0,130.159833
RCIN,130199833,1500,1500,1022,1500,1500,1000,1900,1000,0,0,0,0,0,0,130.199833
RCIN,130239833,1500,1500,1021,1500,1500,1000,1900,1000,0,0,0,0,0,0,130.239833
RCIN,130279833,1500,1500,1021,1500,1500,1000,1900,1000,0,0,0,0,0,0,130.279833
RCIN,130319833,1500,1500,1021,1500,1500,1000,1900,1000,0,0,0,0,0,0,130.319833
RCIN,130359833,1500,1500,1020,1500,1500,1000,1900,1000,0,0,0,0,0,0,130.359833
RCIN,130399833,1500,1500,1020,1500,1500,1000,1900,1000,0,0,0,0,0,0,130.399833
RCIN,130439833,1500,1500,1020,1500,1500,1000,1900,1000,0,0,0,0,0,0,130.439833
RCIN,130479833,1500,1500,1020,1500,1500,1000,1900,1000,0,0,0,0,0,0,130.479833
RCIN,130519833,1500,1500,1019,1500,1500,1000,1900,1000,0,0,0,0,0,0,130.519833
RCIN,130559833,1500,1500,1019,1500,1500,1000,1900,1000,0,0,0,0,0,0,130.559833
RCIN,130599833,1500,1500,1019,1500,1500,1000,1900,1000,0,0,0,0,0,0,130.599833
RCIN,130639833,1500,1500,1019,1500,1500,1000,1900,1000,0,0,0,0,0,0,130.639833
RCIN,130679833,1500,1500,1018,1500,1500,1000,1900,1000,0,0,0,0,0,0,130.679833
RCIN,130719833,1500,1500,1018,1500,1500,1000,1900,1000,0,0,0,0,0,0,130.719833
RCIN,130759833,1500,1500,1018,1500,1500,1000,1900,1000,0,0,0,0,0,0,130.759833
RCIN,130799833,1500,1500,1018,1500,1500,1000,1900,1000,0,0,0,0,0,0,130.799833
RCIN,130839833,1500,1500,1018,1500,1500,1000,1900,1000,0,0,0,0,0,0,130.839833
RCIN,130879833,1500,1500,1018,1500,1500,1000,1900,1000,0,0,0,0,0,0,130.879833
RCIN,130919833,1500,1500,1018,1500,1500,1000,1900,1000,0,0,0,0,0,0,130.919833
RCIN,130959833,1500,1500,1017,1500,1500,1000,1900,1000,0,0,0,0,0,0,130.959833
RCIN,130999833,1730,1500,1017,1500,1500,1000,1900,1000,0,0,0,0,0,0,130.999833
RCIN,131039833,1730,1500,1017,1500,1500,1000,1900,1000,0,0,0,0,0,0,131.039833
RCIN,131079833,1730,1500,1017,1500,1500,1000,1900,1000,0,0,0,0,0,0,131.079833
RCIN,131119833,1730,1500,1017,1500,1500,1000,1900,1000,0,0,0,0,0,0,131.119833
RCIN,131159833,1730,1500,1017,1500,1500,1000,1900,1000,0,0,0,0,0,0,131.159833
RCIN,131199833,1730,1500,1017,1500,1500,1000,1900,1000,0,0,0,0,0,0,131.199833
RCIN,131239833,1730,1500,1017,1500,1500,1000,1900,1000,0,0,0,0,0,0,131.239833
RCIN,131279833,1730,1500,1017,1500,1500,1000,1900,1000,0,0,0,0,0,0,131.279833
RCIN,131319833,1730,1500,1016,1500,1500,1000,1900,1000,0,0,0,0,0,0,131.319833
RCIN,131359833,1730,1500,1016,1500,1500,1000,1900,1000,0,0,0,0,0,0,131.359833
RCIN,131399833,1730,1500,1016,1500,1500,1000,1900,1000,0,0,0,0,0,0,131.399833
RCIN,131439833,1730,1500,1016,1500,1500,1000,1900,1000,0,0,0,0,0,0,131.439833
RCIN,131479833,1730,1500,1016,1500,1500,1000,1900,1000,0,0,0,0,0,0,131.479833
RCIN,131519833,1730,1500,1016,1500,1500,1000,1900,1000,0,0,0,0,0,0,131.519833
RCIN,131559833,1730,1500,1015,1500,1500,1000,1900,1000,0,0,0,0,0,0,131.559833
RCIN,131599833,1730,1500,1015,1500,1500,1000,1900,1000,0,0,0,0,0,0,131.599833
RCIN,131639833,1730,1500,1015,1500,1500,1000,1900,1000,0,0,0,0,0,0,131.639833
RCIN,131679833,1730,1500,1015,1500,1500,1000,1900,1000,0,0,0,0,0,0,131.679833
RCIN,131719833,1730,1500,1015,1500,1500,1000,1900,1000,0,0,0,0,0,0,131.719833
RCIN,131759833,1730,1500,1015,1500,1500,1000,1900,1000,0,0,0,0,0,0,131.759833
RCIN,131799833,1730,1500,1015,1500,1500,1000,1900,1000,0,0,0,0,0,0,131.799833
RCIN,131839833,1730,1500,1014,1500,1500,1000,1900,1000,0,0,0,0,0,0,131.839833
RCIN,131879833,1730,1500,1014,1500,1500,1000,1900,1000,0,0,0,0,0,0,131.879833
RCIN,131919833,1730,1500,1014,1500,1500,1000,1900,1000,0,0,0,0,0,0,131.919833
RCIN,131959833,1730,1500,1014,1500,1500,1000,1900,1000,0,0,0,0,0,0,131.959833
RCIN,131999833,1730,1500,1014,1500,1500,1000,1900,1000,0,0,0,0,0,0,131.999833
RCIN,132039833,1730,1500,1013,1500,1500,1000,1900,1000,0,0,0,0,0,0,132.039833
RCIN,132079833,1730,1500,1013,1500,1500,1000,1900,1000,0,0,0,0,0,0,132.079833
RCIN,132119833,1730,1500,1013,1500,1500,1000,1900,1000,0,0,0,0,0,0,132.119833
RCIN,132159833,1730,1500,1013,1500,1500,1000,1900,1000,0,0,0,0,0,0,132.159833
RCIN,132199833,1730,1500,1012,1500,1500,1000,1900,1000,0,0,0,0,0,0,132.199833
RCIN,132239833,1730,1500,1012,1500,1500,1000,1900,1000,0,0,0,0,0,0,132.239833
RCIN,132279833,1730,1500,1012,1500,1500,1000,1900,1000,0,0,0,0,0,0,132.279833
RCIN,132319833,1730,1500,1012,1500,1500,1000,1900,1000,0,0,0,0,0,0,132.319833
RCIN,132359833,1730,1500,1011,1500,1500,1000,1900,1000,0,0,0,0,0,0,132.359833
RCIN,132399833,1730,1500,1011,1500,1500,1000,1900,1000,0,0,0,0,0,0,132.399833
RCIN,132439833,1730,1500,1011,1500,1500,1000,1900,1000,0,0,0,0,0,0,132.439833
RCIN,132479833,1730,1500,1011,1500,1500,1000,1900,1000,0,0,0,0,0,0,132.479833
RCIN,132519833,1730,1500,1010,1500,1500,1000,1900,1000,0,0,0,0,0,0,132.519833
RCIN,132559833,1730,1500,1010,1500,1500,1000,1900,1000,0,0,0,0,0,0,132.559833
RCIN,132599833,1730,1500,1010,1500,1500,1000,1900,1000,0,0,0,0,0,0,132.599833
RCIN,132639833,1730,1500,1010,1500,1500,1000,1900,1000,0,0,0,0,0,0,132.639833
RCIN,132679833,1730,1500,1010,1500,1500,1000,1900,1000,0,0,0,0,0,0,132.679833
RCIN,132719833,1730,1500,1009,1500,1500,1000,1900,1000,0,0,0,0,0,0,132.719833
RCIN,132759833,1730,1500,1009,1500,1500,1000,1900,1000,0,0,0,0,0,0,132.759833
RCIN,132799833,1500,1500,1009,1500,1500,1000,1900,1000,0,0,0,0,0,0,132.799833
RCIN,132839833,1500,1500,1009,1500,1500,1000,1900,1000,0,0,0,0,0,0,132.839833
RCIN,132879833,1500,1500,1009,1500,1500,1000,1900,1000,0,0,0,0,0,0,132.879833
RCIN,132919833,1500,1500,1008,1500,1500,1000,1900,1000,0,0,0,0,0,0,132.919833
RCIN,132959833,1500,1500,1008,1500,1500,1000,1900,1000,0,0,0,0,0,0,132.959833
RCIN,132999833,1500,1500,1008,1500,1500,1000,1900,1000,0,0,0,0,0,0,132.999833
RCIN,133039833,1500,1500,1008,1500,1500,1000,1900,1000,0,0,0,0,0,0,133.039833
RCIN,133079833,1500,1500,1008,1500,1500,1000,1900,1000,0,0,0,0,0,0,133.079833
RCIN,133119833,1500,1500,1008,1500,1500,1000,1900,1000,0,0,0,0,0,0,133.119833
RCIN,133159833,1500,1500,1008,1500,1500,1000,1900,1000,0,0,0,0,0,0,133.159833
RCIN,133199833,1500,1500,1007,1500,1500,1000,1900,1000,0,0,0,0,0,0,133.199833
RCIN,133239833,1500,1500,1007,1500,1500,1000,1900,1000,0,0,0,0,0,0,133.239833
RCIN,133279833,1500,1500,1007,1500,1500,1000,1900,1000,0,0,0,0,0,0,133.279833
RCIN,133319833,1500,1500,1007,1500,1500,1000,1900,1000,0,0,0,0,0,0,133.319833
RCIN,133359833,1500,1500,1007,1500,1500,1000,1900,1000,0,0,0,0,0,0,133.359833
RCIN,133399833,1500,1500,1006,1500,1500,1000,1900,1000,0,0,0,0,0,0,133.399833
RCIN,133439833,1500,1500,1006,1500,1500,1000,1900,1000,0,0,0,0,0,0,133.439833
RCIN,133479833,1500,1500,1006,1500,1500,1000,1900,1000,0,0,0,0,0,0,133.479833
RCIN,133519833,1500,1500,1006,1500,1500,1000,1900,1000,0,0,0,0,0,0,133.519833
RCIN,133559833,1500,1500,1005,1500,1500,1000,1900,1000,0,0,0,0,0,0,133.559833
RCIN,133599833,1500,1500,1005,1500,1500,1000,1900,1000,0,0,0,0,0,0,133.599833
RCIN,133639833,1500,1500,1005,1500,1500,1000,1900,1000,0,0,0,0,0,0,133.639833
RCIN,133679833,1500,1500,1005,1500,1500,1000,1900,1000,0,0,0,0,0,0,133.679833
RCIN,133719833,1500,1500,1004,1500,1500,1000,1900,1000,0,0,0,0,0,0,133.719833
RCIN,133759833,1500,1500,1004,1500,1500,1000,1900,1000,0,0,0,0,0,0,133.759833
RCIN,133799833,1500,1500,1004,1500,1500,1000,1900,1000,0,0,0,0,0,0,133.799833
RCIN,133839833,1500,1500,1004,1500,1500,1000,1900,1000,0,0,0,0,0,0,133.839833
RCIN,133879833,1270,1500,1004,1500,1500,1000,1900,1000,0,0,0,0,0,0,133.879833
RCIN,133919833,1270,1500,1004,1500,1500,1000,1900,1000,0,0,0,0,0,0,133.919833
RCIN,133959833,1270,1500,1003,1500,1500,1000,1900,1000,0,0,0,0,0,0,133.959833
RCIN,133999833,1270,1500,1003,1500,1500,1000,1900,1000,0,0,0,0,0,0,133.999833
RCIN,134039833,1270,1500,1003,1500,1500,1000,1900,1000,0,0,0,0,0,0,134.039833
RCIN,134079833,1270,1500,1003,1500,1500,1000,1900,1000,0,0,0,0,0,0,134.079833
RCIN,134119833,1270,1500,1003,1500,1500,1000,1900,1000,0,0,0,0,0,0,134.119833
RCIN,134159833,1270,1500,1003,1500,1500,1000,1900,1000,0,0,0,0,0,0,134.159833
RCIN,134199833,1270,1500,1003,1500,1500,1000,1900,1000,0,0,0,0,0,0,134.199833
RCIN,134239833,1270,1500,1003,1500,1500,1000,1900,1000,0,0,0,0,0,0,134.239833
RCIN,134279833,1270,1500,1003,1500,1500,1000,1900,1000,0,0,0,0,0,0,134.279833
RCIN,134319833,1270,1500,1003,1500,1500,1000,1900,1000,0,0,0,0,0,0,134.319833
RCIN,134359833,1270,1500,1003,1500,1500,1000,1900,1000,0,0,0,0,0,0,134.359833
RCIN,134399833,1270,1500,1003,1500,1500,1000,1900,1000,0,0,0,0,0,0,134.399833
RCIN,134439833,1270,1500,1003,1500,1500,1000,1900,1000,0,0,0,0,0,0,134.439833
RCIN,134479833,1270,1500,1002,1500,1500,1000,1900,1000,0,0,0,0,0,0,134.479833
RCIN,134519833,1270,1500,1002,1500,1500,1000,1900,1000,0,0,0,0,0,0,134.519833
RCIN,134559833,1270,1500,1002,1500,1500,1000,1900,1000,0,0,0,0,0,0,134.559833
RCIN,134599833,1270,1500,1002,1500,1500,1000,1900,1000,0,0,0,0,0,0,134.599833
RCIN,134639833,1270,1500,1002,1500,1500,1000,1900,1000,0,0,0,0,0,0,134.639833
RCIN,134679833,1270,1500,1002,1500,1500,1000,1900,1000,0,0,0,0,0,0,134.679833
RCIN,134719833,1270,1500,1001,1500,1500,1000,1900,1000,0,0,0,0,0,0,134.719833
RCIN,134759833,1270,1500,1001,1500,1500,1000,1900,1000,0,0,0,0,0,0,134.759833
RCIN,134799833,1270,1500,1001,1500,1500,1000,1900,1000,0,0,0,0,0,0,134.799833
RCIN,134839833,1270,1500,1000,1500,1500,1000,1900,1000,0,0,0,0,0,0,134.839833
RCIN,134879833,1270,1500,1000,1500,1500,1000,1900,1000,0,0,0,0,0,0,134.879833
RCIN,134919833,1270,1500,1000,1500,1500,1000,1900,1000,0,0,0,0,0,0,134.919833
RCIN,134959833,1270,1500,1000,1500,1500,1000,1900,1000,0,0,0,0,0,0,134.959833
RCIN,134999833,1270,1500,1000,1500,1500,1000,1900,1000,0,0,0,0,0,0,134.999833
RCIN,135039833,1270,1500,1000,1500,1500,1000,1900,1000,0,0,0,0,0,0,135.039833
RCIN,135079833,1270,1500,1000,1500,1500,1000,1900,1000,0,0,0,0,0,0,135.079833
RCIN,135119833,1270,1500,1000,1500,1500,1000,1900,1000,0,0,0,0,0,0,135.119833
RCIN,135159833,1270,1500,1000,1500,1500,1000,1900,1000,0,0,0,0,0,0,135.159833
RCIN,135199833,1270,1500,1000,1500,1500,1000,1900,1000,0,0,0,0,0,0,135.199833
RCIN,135239833,1270,1500,1000,1500,1500,1000,1900,1000,0,0,0,0,0,0,135.239833
RCIN,135279833,1270,1500,1000,1500,1500,1000,1900,1000,0,0,0,0,0,0,135.279833
RCIN,135319833,1270,1500,1000,1500,1500,1000,1900,1000,0,0,0,0,0,0,135.319833
RCIN,135359833,1270,1500,1000,1500,1500,1000,1900,1000,0,0,0,0,0,0,135.359833
RCIN,135399833,1270,1500,1000,1500,1500,1000,1900,1000,0,0,0,0,0,0,135.399833
RCIN,135439833,1270,1500,1000,1500,1500,1000,1900,1000,0,0,0,0,0,0,135.439833
RCIN,135479833,1270,1500,1000,1500,1500,1000,1900,1000,0,0,0,0,0,0,135.479833
RCIN,135519833,1270,1500,1000,1500,1500,1000,1900,1000,0,0,0,0,0,0,135.519833
RCIN,135559833,1270,1500,1000,1500,1500,1000,1900,1000,0,0,0,0,0,0,135.559833
RCIN,135599833,1270,1500,1000,1500,1500,1000,1900,1000,0,0,0,0,0,0,135.599833
RCIN,135639833,1270,1500,1000,1500,1500,1000,1900,1000,0,0,0,0,0,0,135.639833
RCIN,135679833,1500,1500,1000,1500,1500,1000,1900,1000,0,0,0,0,0,0,135.679833
RCIN,135719833,1500,1500,1000,1500,1500,1000,1900,1000,0,0,0,0,0,0,135.719833
RCIN,135759833,1500,1500,1000,1500,1500,1000,1900,1000,0,0,0,0,0,0,135.759833
RCIN,135799833,1500,1500,1000,1500,1500,1000,1900,1000,0,0,0,0,0,0,135.799833
RCIN,135839833,1500,1500,1000,1500,1500,1000,1900,1000,0,0,0,0,0,0,135.839833
RCIN,135879833,1500,1500,1000,1500,1500,1000,1900,1000,0,0,0,0,0,0,135.879833
RCIN,135919833,1500,1500,1000,1500,1500,1000,1900,1000,0,0,0,0,0,0,135.919833
RCIN,135959833,1500,1500,1000,1500,1500,1000,1900,1000,0,0,0,0,0,0,135.959833
RCIN,135999833,1500,1500,1000,1500,1500,1000,1900,1000,0,0,0,0,0,0,135.999833
RCIN,136039833,1500,1500,1000,1500,1500,1000,1900,1000,0,0,0,0,0,0,136.039833
RCIN,136079833,1500,1500,1000,1500,1500,1000,1900,1000,0,0,0,0,0,0,136.079833
RCIN,136119833,1500,1500,1000,1500,1500,1000,1900,1000,0,0,0,0,0,0,136.119833
RCIN,136159833,1500,1500,1000,1500,1500,1000,1900,1000,0,0,0,0,0,0,136.159833
RCIN,136199833,1500,1500,1000,1500,1500,1000,1900,1000,0,0,0,0,0,0,136.199833
RCIN,136239833,1500,1500,1000,1500,1500,1000,1900,1000,0,0,0,0,0,0,136.239833
RCIN,136279833,1500,1500,1000,1500,1500,1000,1900,1000,0,0,0,0,0,0,136.279833
RCIN,136319833,1500,1500,1000,1500,1500,1000,1900,1000,0,0,0,0,0,0,136.319833
RCIN,136359833,1500,1500,1000,1500,1500,1000,1900,1000,0,0,0,0,0,0,136.359833
RCIN,136399833,1500,1500,1000,1500,1500,1000,1900,1000,0,0,0,0,0,0,136.399833
RCIN,136439833,1500,1500,1000,1500,1500,1000,1900,1000,0,0,0,0,0,0,136.439833
RCIN,136479833,1500,1500,1000,1500,1500,1000,1900,1000,0,0,0,0,0,0,136.479833
RCIN,136519833,1500,1500,1000,1500,1500,1000,1900,1000,0,0,0,0,0,0,136.519833
RCIN,136559833,1500,1500,1000,1500,1500,1000,1900,1000,0,0,0,0,0,0,136.559833
RCIN,136599833,1500,1500,1000,1500,1500,1000,1900,1000,0,0,0,0,0,0,136.599833
RCIN,136639833,1500,1500,1000,1500,1500,1000,1900,1000,0,0,0,0,0,0,136.639833
RCIN,136679833,1500,1500,1000,1500,1500,1000,1900,1000,0,0,0,0,0,0,136.679833
RCIN,136719833,1500,1500,1000,1500,1500,1000,1900,1000,0,0,0,0,0,0,136.719833
RCIN,136759833,1730,1500,1000,1500,1500,1000,1900,1000,0,0,0,0,0,0,136.759833
RCIN,136799833,1730,1500,1000,1500,1500,1000,1900,1000,0,0,0,0,0,0,136.799833
RCIN,136839833,1730,1500,1000,1500,1500,1000,1900,1000,0,0,0,0,0,0,136.839833
RCIN,136879833,1730,1500,1000,1500,1500,1000,1900,1000,0,0,0,0,0,0,136.879833
RCIN,136919833,1730,1500,1000,1500,1500,1000,1900,1000,0,0,0,0,0,0,136.919833
RCIN,136959833,1730,1500,1000,1500,1500,1000,1900,1000,0,0,0,0,0,0,136.959833
RCIN,136999833,1730,1500,1000,1500,1500,1000,1900,1000,0,0,0,0,0,0,136.999833
RCIN,137039833,1730,1500,1000,1500,1500,1000,1900,1000,0,0,0,0,0,0,137.039833
RCIN,137079833,1730,1500,1000,1500,1500,1000,1900,1000,0,0,0,0,0,0,137.079833
RCIN,137119833,1730,1500,1000,1500,1500,1000,1900,1000,0,0,0,0,0,0,137.119833
RCIN,137159833,1730,1500,1000,1500,1500,1000,1900,1000,0,0,0,0,0,0,137.159833
RCIN,137199833,1730,1500,1000,1500,1500,1000,1900,1000,0,0,0,0,0,0,137.199833
RCIN,137239833,1730,1500,1000,1500,1500,1000,1900,1000,0,0,0,0,0,0,137.239833
RCIN,137279833,1730,1500,1000,1500,1500,1000,1900,1000,0,0,0,0,0,0,137.279833
RCIN,137319833,1730,1500,1000,1500,1500,1000,1900,1000,0,0,0,0,0,0,137.319833
RCIN,137359833,1730,1500,1000,1500,1500,1000,1900,1000,0,0,0,0,0,0,137.359833
RCIN,137399833,1730,1500,1000,1500,1500,1000,1900,1000,0,0,0,0,0,0,137.399833
RCIN,137439833,1730,1500,1000,1500,1500,1000,1900,1000,0,0,0,0,0,0,137.439833
RCIN,137479833,1730,1500,1000,1500,1500,1000,1900,1000,0,0,0,0,0,0,137.479833
RCIN,137519833,1730,1500,1000,1500,1500,1000,1900,1000,0,0,0,0,0,0,137.519833
RCIN,137559833,1730,1500,1000,1500,1500,1000,1900,1000,0,0,0,0,0,0,137.559833
RCIN,137599833,1730,1500,1000,1500,1500,1000,1900,1000,0,0,0,0,0,0,137.599833
RCIN,137639833,1730,1500,1000,1500,1500,1000,1900,1000,0,0,0,0,0,0,137.639833
RCIN,137679833,1730,1500,1000,1500,1500,1000,1900,1000,0,0,0,0,0,0,137.679833
RCIN,137719833,1730,1500,1000,1500,1500,1000,1900,1000,0,0,0,0,0,0,137.719833
RCIN,137759833,1730,1500,1000,1500,1500,1000,1900,1000,0,0,0,0,0,0,137.759833
RCIN,137799833,1730,1500,1000,1500,1500,1000,1900,1000,0,0,0,0,0,0,137.799833
RCIN,137839833,1730,1500,1000,1500,1500,1000,1900,1000,0,0,0,0,0,0,137.839833
RCIN,137879833,1730,1500,1000,1500,1500,1000,1900,1000,0,0,0,0,0,0,137.879833
RCIN,137919833,1730,1500,1000,1500,1500,1000,1900,1000,0,0,0,0,0,0,137.919833
RCIN,137959833,1730,1500,1000,1500,1500,1000,1900,1000,0,0,0,0,0,0,137.959833
RCIN,137999833,1730,1500,1000,1500,1500,1000,1900,1000,0,0,0,0,0,0,137.999833
RCIN,138039833,1730,1500,1000,1500,1500,1000,1900,1000,0,0,0,0,0,0,138.039833
RCIN,138079833,1730,1500,1000,1500,1500,1000,1900,1000,0,0,0,0,0,0,138.079833
RCIN,138119833,1730,1500,1000,1500,1500,1000,1900,1000,0,0,0,0,0,0,138.119833
RCIN,138159833,1730,1500,1000,1500,1500,1000,1900,1000,0,0,0,0,0,0,138.159833
RCIN,138199833,1730,1500,1000,1500,1500,1000,1900,1000,0,0,0,0,0,0,138.199833
RCIN,138239833,1730,1500,1000,1500,1500,1000,1900,1000,0,0,0,0,0,0,138.239833
RCIN,138279833,1730,1500,1000,1500,1500,1000,1900,1000,0,0,0,0,0,0,138.279833
RCIN,138319833,1730,1500,1000,1500,1500,1000,1900,1000,0,0,0,0,0,0,138.319833
RCIN,138359833,1730,1500,1000,1500,1500,1000,1900,1000,0,0,0,0,0,0,138.359833
RCIN,138399833,1730,1500,1000,1500,1500,1000,1900,1000,0,0,0,0,0,0,138.399833
RCIN,138439833,1730,1500,1000,1500,1500,1000,1900,1000,0,0,0,0,0,0,138.439833
RCIN,138479833,1730,1500,1000,1500,1500,1000,1900,1000,0,0,0,0,0,0,138.479833
RCIN,138519833,1730,1500,1000,1500,1500,1000,1900,1000,0,0,0,0,0,0,138.519833
RCIN,138559833,1500,1500,1000,1500,1500,1000,1900,1000,0,0,0,0,0,0,138.559833
RCIN,138599833,1500,1500,1000,1500,1500,1000,1900,1000,0,0,0,0,0,0,138.599833
RCIN,138639833,1500,1500,1000,1500,1500,1000,1900,1000,0,0,0,0,0,0,138.639833
RCIN,138679833,1500,1500,1000,1500,1500,1000,1900,1000,0,0,0,0,0,0,138.679833
RCIN,138719833,1500,1500,1000,1500,1500,1000,1900,1000,0,0,0,0,0,0,138.719833
RCIN,138759833,1500,1500,1000,1500,1500,1000,1900,1000,0,0,0,0,0,0,138.759833
RCIN,138799833,1500,1500,1000,1500,1500,1000,1900,1000,0,0,0,0,0,0,138.799833
RCIN,138839833,1500,1500,1000,1500,1500,1000,1900,1000,0,0,0,0,0,0,138.839833
RCIN,138879833,1500,1500,1000,1500,1500,1000,1900,1000,0,0,0,0,0,0,138.879833
RCIN,138919833,1500,1500,1000,1500,1500,1000,1900,1000,0,0,0,0,0,0,138.919833
RCIN,138959833,1500,1500,1000,1500,1500,1000,1900,1000,0,0,0,0,0,0,138.959833
RCIN,138999833,1500,1500,1000,1500,1500,1000,1900,1000,0,0,0,0,0,0,138.999833
RCIN,139039833,1500,1500,1000,1500,1500,1000,1900,1000,0,0,0,0,0,0,139.039833
RCIN,139079833,1500,1500,1000,1500,1500,1000,1900,1000,0,0,0,0,0,0,139.079833
RCIN,139119833,1500,1500,1000,1500,1500,1000,1900,1000,0,0,0,0,0,0,139.119833
RCIN,139159833,1500,1500,1000,1500,1500,1000,1900,1000,0,0,0,0,0,0,139.159833
RCIN,139199833,1500,1500,1000,1500,1500,1000,1900,1000,0,0,0,0,0,0,139.199833
RCIN,139239833,1500,1500,1000,1500,1500,1000,1900,1000,0,0,0,0,0,0,139.239833
RCIN,139279833,1500,1500,1000,1500,1500,1000,1900,1000,0,0,0,0,0,0,139.279833
RCIN,139319833,1500,1500,1000,1500,1500,1000,1900,1000,0,0,0,0,0,0,139.319833
RCIN,139359833,1500,1500,1000,1500,1500,1000,1900,1000,0,0,0,0,0,0,139.359833
RCIN,139399833,1500,1500,1000,1500,1500,1000,1900,1000,0,0,0,0,0,0,139.399833
RCIN,139439833,1500,1500,1000,1500,1500,1000,1900,1000,0,0,0,0,0,0,139.439833
RCIN,139479833,1500,1500,1000,1500,1500,1000,1900,1000,0,0,0,0,0,0,139.479833
RCIN,139519833,1500,1500,1000,1500,1500,1000,1900,1000,0,0,0,0,0,0,139.519833
RCIN,139559833,1500,1500,1000,1500,1500,1000,1900,1000,0,0,0,0,0,0,139.559833
RCIN,139599833,1500,1500,1000,1500,1500,1000,1900,1000,0,0,0,0,0,0,139.599833
RCIN,139639833,1270,1500,1000,1500,1500,1000,1900,1000,0,0,0,0,0,0,139.639833
RCIN,139679833,1270,1500,1000,1500,1500,1000,1900,1000,0,0,0,0,0,0,139.679833
RCIN,139719833,1270,1500,1000,1500,1500,1000,1900,1000,0,0,0,0,0,0,139.719833
RCIN,139759833,1270,1500,1000,1500,1500,1000,1900,1000,0,0,0,0,0,0,139.759833
RCIN,139799833,1270,1500,1000,1500,1500,1000,1900,1000,0,0,0,0,0,0,139.799833
RCIN,139839833,1270,1500,1000,1500,1500,1000,1900,1000,0,0,0,0,0,0,139.839833
RCIN,139879833,1270,1500,1000,1500,1500,1000,1900,1000,0,0,0,0,0,0,139.879833
RCIN,139919833,1270,1500,1000,1500,1500,1000,1900,1000,0,0,0,0,0,0,139.919833
RCIN,139959833,1270,1500,1000,1500,1500,1000,1900,1000,0,0,0,0,0,0,139.959833
RCIN,139999833,1270,1500,1000,1500,1500,1000,1900,1000,0,0,0,0,0,0,139.999833
RCIN,140039833,1270,1500,1000,1500,1500,1000,1900,1000,0,0,0,0,0,0,140.039833
RCIN,140079833,1270,1500,1000,1500,1500,1000,1900,1000,0,0,0,0,0,0,140.079833
RCIN,140119833,1270,1500,1000,1500,1500,1000,1900,1000,0,0,0,0,0,0,140.119833
RCIN,140159833,1270,1500,1000,1500,1500,1000,1900,1000,0,0,0,0,0,0,140.159833
RCIN,140199833,1270,1500,1000,1500,1500,1000,1900,1000,0,0,0,0,0,0,140.199833
RCIN,140239833,1270,1500,1000,1500,1500,1000,1900,1000,0,0,0,0,0,0,140.239833
RCIN,140279833,1270,1500,1000,1500,1500,1000,1900,1000,0,0,0,0,0,0,140.279833
RCIN,140319833,1270,1500,1000,1500,1500,1000,1900,1000,0,0,0,0,0,0,140.319833
RCIN,140359833,1270,1500,1000,1500,1500,1000,1900,1000,0,0,0,0,0,0,140.359833
RCIN,140399833,1270,1500,1000,1500,1500,1000,1900,1000,0,0,0,0,0,0,140.399833
RCIN,140439833,1270,1500,1000,1500,1500,1000,1900,1000,0,0,0,0,0,0,140.439833
RCIN,140479833,1270,1500,1000,1500,1500,1000,1900,1000,0,0,0,0,0,0,140.479833
RCIN,140519833,1270,1500,1000,1500,1500,1000,1900,1000,0,0,0,0,0,0,140.519833
RCIN,140559833,1270,1500,1000,1500,1500,1000,1900,1000,0,0,0,0,0,0,140.559833
RCIN,140599833,1270,1500,1000,1500,1500,1000,1900,1000,0,0,0,0,0,0,140.599833
RCIN,140639833,1270,1500,1000,1500,1500,1000,1900,1000,0,0,0,0,0,0,140.639833
RCIN,140679833,1270,1500,1000,1500,1500,1000,1900,1000,0,0,0,0,0,0,140.679833
RCIN,140719833,1270,1500,1000,1500,1500,1000,1900,1000,0,0,0,0,0,0,140.719833
RCIN,140759833,1270,1500,1000,1500,1500,1000,1900,1000,0,0,0,0,0,0,140.759833
RCIN,140799833,1270,1500,1000,1500,1500,1000,1900,1000,0,0,0,0,0,0,140.799833
RCIN,140839833,1270,1500,1000,1500,1500,1000,1900,1000,0,0,0,0,0,0,140.839833
RCIN,140879833,1270,1500,1000,1500,1500,1000,1900,1000,0,0,0,0,0,0,140.879833
RCIN,140919833,1270,1500,1000,1500,1500,1000,1900,1000,0,0,0,0,0,0,140.919833
RCIN,140959833,1270,1500,1000,1500,1500,1000,1900,1000,0,0,0,0,0,0,140.959833
RCIN,140999833,1270,1500,1000,1500,1500,1000,1900,1000,0,0,0,0,0,0,140.999833
RCIN,141039833,1270,1500,1000,1500,1500,1000,1900,1000,0,0,0,0,0,0,141.039833
RCIN,141079833,1270,1500,1000,1500,1500,1000,1900,1000,0,0,0,0,0,0,141.079833
RCIN,141119833,1270,1500,1000,1500,1500,1000,1900,1000,0,0,0,0,0,0,141.119833
RCIN,141159833,1270,1500,1000,1500,1500,1000,1900,1000,0,0,0,0,0,0,141.159833
RCIN,141199833,1270,1500,1000,1500,1500,1000,1900,1000,0,0,0,0,0,0,141.199833
RCIN,141239833,1270,1500,1000,1500,1500,1000,1900,1000,0,0,0,0,0,0,141.239833
RCIN,141279833,1270,1500,1000,1500,1500,1000,1900,1000,0,0,0,0,0,0,141.279833
RCIN,141319833,1270,1500,1000,1500,1500,1000,1900,1000,0,0,0,0,0,0,141.319833
RCIN,141359833,1270,1500,1000,1500,1500,1000,1900,1000,0,0,0,0,0,0,141.359833
RCIN,141399833,1270,1500,1000,1500,1500,1000,1900,1000,0,0,0,0,0,0,141.399833
RCIN,141439833,1500,1500,1000,1500,1500,1000,1900,1000,0,0,0,0,0,0,141.439833
RCIN,141479833,1500,1500,1000,1500,1500,1000,1900,1000,0,0,0,0,0,0,141.479833
RCIN,141519833,1500,1500,1000,1500,1500,1000,1900,1000,0,0,0,0,0,0,141.519833
RCIN,141559833,1500,1500,1000,1500,1500,1000,1900,1000,0,0,0,0,0,0,141.559833
RCIN,141599833,1500,1500,1000,1500,1500,1000,1900,1000,0,0,0,0,0,0,141.599833
RCIN,141639833,1500,1500,1000,1500,1500,1000,1900,1000,0,0,0,0,0,0,141.639833
RCIN,141679833,1500,1500,1000,1500,1500,1000,1900,1000,0,0,0,0,0,0,141.679833
RCIN,141719833,1500,1500,1000,1500,1500,1000,1900,1000,0,0,0,0,0,0,141.719833
RCIN,141759833,1500,1500,1000,1500,1500,1000,1900,1000,0,0,0,0,0,0,141.759833
RCIN,141799833,1500,1500,1000,1500,1500,1000,1900,1000,0,0,0,0,0,0,141.799833
RCIN,141839833,1500,1500,1000,1500,1500,1000,1900,1000,0,0,0,0,0,0,141.839833
RCIN,141879833,1500,1500,1000,1500,1500,1000,1900,1000,0,0,0,0,0,0,141.879833
RCIN,141919833,1500,1500,1000,1500,1500,1000,1900,1000,0,0,0,0,0,0,141.919833
RCIN,141959833,1500,1500,1000,1500,1500,1000,1900,1000,0,0,0,0,0,0,141.959833
RCIN,141999833,1500,1500,1000,1500,1500,1000,1900,1000,0,0,0,0,0,0,141.999833
RCIN,142039833,1500,1500,1000,1500,1500,1000,1900,1000,0,0,0,0,0,0,142.039833
RCIN,142079833,1500,1500,1000,1500,1500,1000,1900,1000,0,0,0,0,0,0,142.079833
RCIN,142119833,1500,1500,1000,1500,1500,1000,1900,1000,0,0,0,0,0,0,142.119833
RCIN,142159833,1500,1500,1000,1500,1500,1000,1900,1000,0,0,0,0,0,0,142.159833
RCIN,142199833,1500,1500,1000,1500,1500,1000,1900,1000,0,0,0,0,0,0,142.199833
RCIN,142239833,1500,1500,1000,1500,1500,1000,1900,1000,0,0,0,0,0,0,142.239833
RCIN,142279833,1500,1500,1000,1500,1500,1000,1900,1000,0,0,0,0,0,0,142.279833
RCIN,142319833,1500,1500,1000,1500,1500,1000,1900,1000,0,0,0,0,0,0,142.319833
RCIN,142359833,1500,1500,1000,1500,1500,1000,1900,1000,0,0,0,0,0,0,142.359833
RCIN,142399833,1500,1500,1000,1500,1500,1000,1900,1000,0,0,0,0,0,0,142.399833
RCIN,142439833,1500,1500,1000,1500,1500,1000,1900,1000,0,0,0,0,0,0,142.439833
RCIN,142479833,1500,1500,1000,1500,1500,1000,1900,1000,0,0,0,0,0,0,142.479833
RCIN,142519833,1730,1500,1000,1500,1500,1000,1900,1000,0,0,0,0,0,0,142.519833
RCIN,142559833,1730,1500,1000,1500,1500,1000,1900,1000,0,0,0,0,0,0,142.559833
RCIN,142599833,1730,1500,1000,1500,1500,1000,1900,1000,0,0,0,0,0,0,142.599833
RCIN,142639833,1730,1500,1000,1500,1500,1000,1900,1000,0,0,0,0,0,0,142.639833
RCIN,142679833,1730,1500,1000,1500,1500,1000,1900,1000,0,0,0,0,0,0,142.679833
RCIN,142719833,1730,1500,1000,1500,1500,1000,1900,1000,0,0,0,0,0,0,142.719833
RCIN,142759833,1730,1500,1000,1500,1500,1000,1900,1000,0,0,0,0,0,0,142.759833
RCIN,142799833,1730,1500,1000,1500,1500,1000,1900,1000,0,0,0,0,0,0,142.799833
RCIN,142839833,1730,1500,1000,1500,1500,1000,1900,1000,0,0,0,0,0,0,142.839833
RCIN,142879833,1730,1500,1000,1500,1500,1000,1900,1000,0,0,0,0,0,0,142.879833
RCIN,142919833,1730,1500,1000,1500,1500,1000,1900,1000,0,0,0,0,0,0,142.919833
RCIN,142959833,1730,1500,1000,1500,1500,1000,1900,1000,0,0,0,0,0,0,142.959833
RCIN,142999833,1730,1500,1000,1500,1500,1000,1900,1000,0,0,0,0,0,0,142.999833
RCIN,143039833,1730,1500,1000,1500,1500,1000,1900,1000,0,0,0,0,0,0,143.039833
RCIN,143079833,1730,1500,1000,1500,1500,1000,1900,1000,0,0,0,0,0,0,143.079833
RCIN,143119833,1730,1500,1000,1500,1500,1000,1900,1000,0,0,0,0,0,0,143.119833
RCIN,143159833,1730,1500,1000,1500,1500,1000,1900,1000,0,0,0,0,0,0,143.159833
RCIN,143199833,1730,1500,1000,1500,1500,1000,1900,1000,0,0,0,0,0,0,143.199833
RCIN,143239833,1730,1500,1000,1500,1500,1000,1900,1000,0,0,0,0,0,0,143.239833
RCIN,143279833,1730,1500,1000,1500,1500,1000,1900,1000,0,0,0,0,0,0,143.279833
RCIN,143319833,1730,1500,1000,1500,1500,1000,1900,1000,0,0,0,0,0,0,143.319833
RCIN,143359833,1730,1500,1000,1500,1500,1000,1900,1000,0,0,0,0,0,0,143.359833
RCIN,143399833,1730,1500,1000,1500,1500,1000,1900,1000,0,0,0,0,0,0,143.399833
RCIN,143439833,1730,1500,1000,1500,1500,1000,1900,1000,0,0,0,0,0,0,143.439833
RCIN,143479833,1730,1500,1000,1500,1500,1000,1900,1000,0,0,0,0,0,0,143.479833
RCIN,143519833,1730,1500,1000,1500,1500,1000,1900,1000,0,0,0,0,0,0,143.519833
RCIN,143559833,1730,1500,1000,1500,1500,1000,1900,1000,0,0,0,0,0,0,143.559833
RCIN,143599833,1730,1500,1000,1500,1500,1000,1900,1000,0,0,0,0,0,0,143.599833
RCIN,143639833,1730,1500,1000,1500,1500,1000,1900,1000,0,0,0,0,0,0,143.639833
RCIN,143679833,1730,1500,1000,1500,1500,1000,1900,1000,0,0,0,0,0,0,143.679833
RCIN,143719833,1730,1500,1000,1500,1500,1000,1900,1000,0,0,0,0,0,0,143.719833
RCIN,143759833,1730,1500,1000,1500,1500,1000,1900,1000,0,0,0,0,0,0,143.759833
RCIN,143799833,1730,1500,1000,1500,1500,1000,1900,1000,0,0,0,0,0,0,143.799833
RCIN,143839833,1730,1500,1000,1500,1500,1000,1900,1000,0,0,0,0,0,0,143.839833
RCIN,143879833,1730,1500,1000,1500,1500,1000,1900,1000,0,0,0,0,0,0,143.879833
RCIN,143919833,1730,1500,1000,1500,1500,1000,1900,1000,0,0,0,0,0,0,143.919833
RCIN,143959833,1730,1500,1000,1500,1500,1000,1900,1000,0,0,0,0,0,0,143.959833
RCIN,143999833,1730,1500,1000,1500,1500,1000,1900,1000,0,0,0,0,0,0,143.999833
RCIN,144039833,1730,1500,1000,1500,1500,1000,1900,1000,0,0,0,0,0,0,144.039833
RCIN,144079833,1730,1500,1000,1500,1500,1000,1900,1000,0,0,0,0,0,0,144.079833
RCIN,144119833,1730,1500,1000,1500,1500,1000,1900,1000,0,0,0,0,0,0,144.119833
RCIN,144159833,1730,1500,1000,1500,1500,1000,1900,1000,0,0,0,0,0,0,144.159833
RCIN,144199833,1730,1500,1000,1500,1500,1000,1900,1000,0,0,0,0,0,0,144.199833
RCIN,144239833,1730,1500,1000,1500,1500,1000,1900,1000,0,0,0,0,0,0,144.239833
RCIN,144279833,1730,1500,1000,1500,1500,1000,1900,1000,0,0,0,0,0,0,144.279833
RCIN,144319833,1500,1500,1000,1500,1500,1000,1900,1000,0,0,0,0,0,0,144.319833
RCIN,144359833,1500,1500,1000,1500,1500,1000,1900,1000,0,0,0,0,0,0,144.359833
RCIN,144399833,1500,1500,1000,1500,1500,1000,1900,1000,0,0,0,0,0,0,144.399833
RCIN,144439833,1500,1500,1000,1500,1500,1000,1900,1000,0,0,0,0,0,0,144.439833
RCIN,144479833,1500,1500,1000,1500,1500,1000,1900,1000,0,0,0,0,0,0,144.479833
RCIN,144519833,1500,1500,1000,1500,1500,1000,1900,1000,0,0,0,0,0,0,144.519833
RCIN,144559833,1500,1500,1000,1500,1500,1000,1900,1000,0,0,0,0,0,0,144.559833
RCIN,144599833,1500,1500,1000,1500,1500,1000,1900,1000,0,0,0,0,0,0,144.599833
RCIN,144639833,1500,1500,1000,1500,1500,1000,1900,1000,0,0,0,0,0,0,144.639833
RCIN,144679833,1500,1500,1000,1500,1500,1000,1900,1000,0,0,0,0,0,0,144.679833
RCIN,144719833,1500,1500,1000,1500,1500,1000,1900,1000,0,0,0,0,0,0,144.719833
RCIN,144759833,1500,1500,1000,1500,1500,1000,1900,1000,0,0,0,0,0,0,144.759833
RCIN,144799833,1500,1500,1000,1500,1500,1000,1900,1000,0,0,0,0,0,0,144.799833
RCIN,144839833,1500,1500,1000,1500,1500,1000,1900,1000,0,0,0,0,0,0,144.839833
RCIN,144879833,1500,1500,1000,1500,1500,1000,1900,1000,0,0,0,0,0,0,144.879833
RCIN,144919833,1500,1500,1000,1500,1500,1000,1900,1000,0,0,0,0,0,0,144.919833
RCIN,144959833,1500,1500,1000,1500,1500,1000,1900,1000,0,0,0,0,0,0,144.959833
RCIN,144999833,1500,1500,1000,1500,1500,1000,1900,1000,0,0,0,0,0,0,144.999833
RCIN,145039833,1500,1500,1000,1500,1500,1000,1900,1000,0,0,0,0,0,0,145.039833
RCIN,145079833,1500,1500,1000,1500,1500,1000,1900,1000,0,0,0,0,0,0,145.079833
RCIN,145119833,1500,1500,1000,1500,1500,1000,1900,1000,0,0,0,0,0,0,145.119833
RCIN,145159833,1500,1500,1000,1500,1500,1000,1900,1000,0,0,0,0,0,0,145.159833
RCIN,145199833,1500,1500,1000,1500,1500,1000,1900,1000,0,0,0,0,0,0,145.199833
RCIN,145239833,1500,1500,1000,1500,1500,1000,1900,1000,0,0,0,0,0,0,145.239833
RCIN,145279833,1500,1500,1000,1500,1500,1000,1900,1000,0,0,0,0,0,0,145.279833
RCIN,145319833,1500,1500,1000,1500,1500,1000,1900,1000,0,0,0,0,0,0,145.319833
RCIN,145359833,1500,1500,1000,1500,1500,1000,1900,1000,0,0,0,0,0,0,145.359833
RCIN,145399833,1270,1500,1000,1500,1500,1000,1900,1000,0,0,0,0,0,0,145.399833
RCIN,145439833,1270,1500,1000,1500,1500,1000,1900,1000,0,0,0,0,0,0,145.439833
RCIN,145479833,1270,1500,1000,1500,1500,1000,1900,1000,0,0,0,0,0,0,145.479833
RCIN,145519833,1270,1500,1000,1500,1500,1000,1900,1000,0,0,0,0,0,0,145.519833
RCIN,145559833,1270,1500,1000,1500,1500,1000,1900,1000,0,0,0,0,0,0,145.559833
RCIN,145599833,1270,1500,1000,1500,1500,1000,1900,1000,0,0,0,0,0,0,145.599833
RCIN,145639833,1270,1500,1000,1500,1500,1000,1900,1000,0,0,0,0,0,0,145.639833
RCIN,145679833,1270,1500,1000,1500,1500,1000,1900,1000,0,0,0,0,0,0,145.679833
RCIN,145719833,1270,1500,1000,1500,1500,1000,1900,1000,0,0,0,0,0,0,145.719833
RCIN,145759833,1270,1500,1000,1500,1500,1000,1900,1000,0,0,0,0,0,0,145.759833
RCIN,145799833,1270,1500,1000,1500,1500,1000,1900,1000,0,0,0,0,0,0,145.799833
RCIN,145839833,1270,1500,1000,1500,1500,1000,1900,1000,0,0,0,0,0,0,145.839833
RCIN,145879833,1270,1500,1000,1500,1500,1000,1900,1000,0,0,0,0,0,0,145.879833
RCIN,145919833,1270,1500,1000,1500,1500,1000,1900,1000,0,0,0,0,0,0,145.919833
RCIN,145959833,1270,1500,1000,1500,1500,1000,1900,1000,0,0,0,0,0,0,145.959833
RCIN,145999833,1270,1500,1000,1500,1500,1000,1900,1000,0,0,0,0,0,0,145.999833
RCIN,146039833,1270,1500,1000,1500,1500,1000,1900,1000,0,0,0,0,0,0,146.039833
RCIN,146079833,1270,1500,1000,1500,1500,1000,1900,1000,0,0,0,0,0,0,146.079833
RCIN,146119833,1270,1500,1000,1500,1500,1000,1900,1000,0,0,0,0,0,0,146.119833
RCIN,146159833,1270,1500,1000,1500,1500,1000,1900,1000,0,0,0,0,0,0,146.159833
RCIN,146199833,1270,1500,1000,1500,1500,1000,1900,1000,0,0,0,0,0,0,146.199833
RCIN,146239833,1270,1500,1000,1500,1500,1000,1900,1000,0,0,0,0,0,0,146.239833
RCIN,146279833,1270,1500,1000,1500,1500,1000,1900,1000,0,0,0,0,0,0,146.279833
RCIN,146319833,1270,1500,1000,1500,1500,1000,1900,1000,0,0,0,0,0,0,146.319833
RCIN,146359833,1270,1500,1000,1500,1500,1000,1900,1000,0,0,0,0,0,0,146.359833
RCIN,146399833,1270,1500,1000,1500,1500,1000,1900,1000,0,0,0,0,0,0,146.399833
RCIN,146439833,1270,1500,1000,1500,1500,1000,1900,1000,0,0,0,0,0,0,146.439833
RCIN,146479833,1270,1500,1000,1500,1500,1000,1900,1000,0,0,0,0,0,0,146.479833
RCIN,146519833,1270,1500,1000,1500,1500,1000,1900,1000,0,0,0,0,0,0,146.519833
RCIN,146559833,1270,1500,1000,1500,1500,1000,1900,1000,0,0,0,0,0,0,146.559833
RCIN,146599833,1270,1500,1000,1500,1500,1000,1900,1000,0,0,0,0,0,0,146.599833
RCIN,146639833,1270,1500,1000,1500,1500,1000,1900,1000,0,0,0,0,0,0,146.639833
RCIN,146679833,1270,1500,1000,1500,1500,1000,1900,1000,0,0,0,0,0,0,146.679833
RCIN,146719833,1270,1500,1000,1500,1500,1000,1900,1000,0,0,0,0,0,0,146.719833
RCIN,146759833,1270,1500,1000,1500,1500,1000,1900,1000,0,0,0,0,0,0,146.759833
RCIN,146799833,1270,1500,1000,1500,1500,1000,1900,1000,0,0,0,0,0,0,146.799833
RCIN,146839833,1270,1500,1000,1500,1500,1000,1900,1000,0,0,0,0,0,0,146.839833
RCIN,146879833,1270,1500,1000,1500,1500,1000,1900,1000,0,0,0,0,0,0,146.879833
RCIN,146919833,1270,1500,1000,1500,1500,1000,1900,1000,0,0,0,0,0,0,146.919833
RCIN,146959833,1270,1500,1000,1500,1500,1000,1900,1000,0,0,0,0,0,0,146.959833
RCIN,146999833,1270,1500,1000,1500,1500,1000,1900,1000,0,0,0,0,0,0,146.999833
RCIN,147039833,1270,1500,1000,1500,1500,1000,1900,1000,0,0,0,0,0,0,147.039833
RCIN,147079833,1270,1500,1000,1500,1500,1000,1900,1000,0,0,0,0,0,0,147.079833
RCIN,147119833,1270,1500,1000,1500,1500,1000,1900,1000,0,0,0,0,0,0,147.119833
RCIN,147159833,1270,1500,1000,1500,1500,1000,1900,1000,0,0,0,0,0,0,147.159833
RCIN,147199833,1500,1500,1000,1500,1500,1000,1900,1000,0,0,0,0,0,0,147.199833
RCIN,147239833,1500,1500,1000,1500,1500,1000,1900,1000,0,0,0,0,0,0,147.239833
RCIN,147279833,1500,1500,1000,1500,1500,1000,1900,1000,0,0,0,0,0,0,147.279833
RCIN,147319833,1500,1500,1000,1500,1500,1000,1900,1000,0,0,0,0,0,0,147.319833
RCIN,147359833,1500,1500,1000,1500,1500,1000,1900,1000,0,0,0,0,0,0,147.359833
RCIN,147399833,1500,1500,1000,1500,1500,1000,1900,1000,0,0,0,0,0,0,147.399833
RCIN,147439833,1500,1500,1000,1500,1500,1000,1900,1000,0,0,0,0,0,0,147.439833
RCIN,147479833,1500,1500,1000,1500,1500,1000,1900,1000,0,0,0,0,0,0,147.479833
RCIN,147519833,1500,1500,1000,1500,1500,1000,1900,1000,0,0,0,0,0,0,147.519833
RCIN,147559833,1500,1500,1000,1500,1500,1000,1900,1000,0,0,0,0,0,0,147.559833
RCIN,147599833,1500,1500,1000,1500,1500,1000,1900,1000,0,0,0,0,0,0,147.599833
RCIN,147639833,1500,1500,1000,1500,1500,1000,1900,1000,0,0,0,0,0,0,147.639833
RCIN,147679833,1500,1500,1000,1500,1500,1000,1900,1000,0,0,0,0,0,0,147.679833
RCIN,147719833,1500,1500,1000,1500,1500,1000,1900,1000,0,0,0,0,0,0,147.719833
RCIN,147759833,1500,1500,1000,1500,1500,1000,1900,1000,0,0,0,0,0,0,147.759833
RCIN,147799833,1500,1500,1000,1500,1500,1000,1900,1000,0,0,0,0,0,0,147.799833
RCIN,147839833,1500,1500,1000,1500,1500,1000,1900,1000,0,0,0,0,0,0,147.839833
RCIN,147879833,1500,1500,1000,1500,1500,1000,1900,1000,0,0,0,0,0,0,147.879833
RCIN,147919833,1500,1500,1000,1500,1500,1000,1900,1000,0,0,0,0,0,0,147.919833
RCIN,147959833,1500,1500,1000,1500,1500,1000,1900,1000,0,0,0,0,0,0,147.959833
RCIN,147999833,1500,1500,1000,1500,1500,1000,1900,1000,0,0,0,0,0,0,147.999833
RCIN,148039833,1500,1500,1000,1500,1500,1000,1900,1000,0,0,0,0,0,0,148.039833
RCIN,148079833,1500,1500,1000,1500,1500,1000,1900,1000,0,0,0,0,0,0,148.079833
RCIN,148119833,1500,1500,1000,1500,1500,1000,1900,1000,0,0,0,0,0,0,148.119833
RCIN,148159833,1500,1500,1000,1500,1500,1000,1900,1000,0,0,0,0,0,0,148.159833
RCIN,148199833,1500,1500,1000,1500,1500,1000,1900,1000,0,0,0,0,0,0,148.199833
RCIN,148239833,1500,1500,1000,1500,1500,1000,1900,1000,0,0,0,0,0,0,148.239833
RCIN,148279833,1730,1500,1000,1500,1500,1000,1900,1000,0,0,0,0,0,0,148.279833
RCIN,148319833,1730,1500,1000,1500,1500,1000,1900,1000,0,0,0,0,0,0,148.319833
RCIN,148359833,1730,1500,1000,1500,1500,1000,1900,1000,0,0,0,0,0,0,148.359833
RCIN,148399833,1730,1500,1000,1500,1500,1000,1900,1000,0,0,0,0,0,0,148.399833
RCIN,148439833,1730,1500,1000,1500,1500,1000,1900,1000,0,0,0,0,0,0,148.439833
RCIN,148479833,1730,1500,1000,1500,1500,1000,1900,1000,0,0,0,0,0,0,148.479833
RCIN,148519833,1730,1500,1000,1500,1500,1000,1900,1000,0,0,0,0,0,0,148.519833
RCIN,148559833,1730,1500,1000,1500,1500,1000,1900,1000,0,0,0,0,0,0,148.559833
RCIN,148599833,1730,1500,1000,1500,1500,1000,1900,1000,0,0,0,0,0,0,148.599833
RCIN,148639833,1730,1500,1000,1500,1500,1000,1900,1000,0,0,0,0,0,0,148.639833
RCIN,148679833,1730,1500,1000,1500,1500,1000,1900,1000,0,0,0,0,0,0,148.679833
RCIN,148719833,1730,1500,1000,1500,1500,1000,1900,1000,0,0,0,0,0,0,148.719833
RCIN,148759833,1730,1500,1000,1500,1500,1000,1900,1000,0,0,0,0,0,0,148.759833
RCIN,148799833,1730,1500,1000,1500,1500,1000,1900,1000,0,0,0,0,0,0,148.799833
RCIN,148839833,1730,1500,1000,1500,1500,1000,1900,1000,0,0,0,0,0,0,148.839833
RCIN,148879833,1730,1500,1000,1500,1500,1000,1900,1000,0,0,0,0,0,0,148.879833
RCIN,148919833,1730,1500,1000,1500,1500,1000,1900,1000,0,0,0,0,0,0,148.919833
RCIN,148959833,1730,1500,1000,1500,1500,1000,1900,1000,0,0,0,0,0,0,148.959833
RCIN,148999833,1730,1500,1000,1500,1500,1000,1900,1000,0,0,0,0,0,0,148.999833
RCIN,149039833,1730,1500,1000,1500,1500,1000,1900,1000,0,0,0,0,0,0,149.039833
RCIN,149079833,1730,1500,1000,1500,1500,1000,1900,1000,0,0,0,0,0,0,149.079833
RCIN,149119833,1730,1500,1000,1500,1500,1000,1900,1000,0,0,0,0,0,0,149.119833
RCIN,149159833,1730,1500,1000,1500,1500,1000,1900,1000,0,0,0,0,0,0,149.159833
RCIN,149199833,1730,1500,1000,1500,1500,1000,1900,1000,0,0,0,0,0,0,149.199833
RCIN,149239833,1730,1500,1000,1500,1500,1000,1900,1000,0,0,0,0,0,0,149.239833
RCIN,149279833,1730,1500,1000,1500,1500,1000,1900,1000,0,0,0,0,0,0,149.279833
RCIN,149319833,1730,1500,1000,1500,1500,1000,1900,1000,0,0,0,0,0,0,149.319833
RCIN,149359833,1730,1500,1000,1500,1500,1000,1900,1000,0,0,0,0,0,0,149.359833
RCIN,149399833,1730,1500,1000,1500,1500,1000,1900,1000,0,0,0,0,0,0,149.399833
RCIN,149439833,1730,1500,1000,1500,1500,1000,1900,1000,0,0,0,0,0,0,149.439833
RCIN,149479833,1730,1500,1000,1500,1500,1000,1900,1000,0,0,0,0,0,0,149.479833
RCIN,149519833,1730,1500,1000,1500,1500,1000,1900,1000,0,0,0,0,0,0,149.519833
RCIN,149559833,1730,1500,1000,1500,1500,1000,1900,1000,0,0,0,0,0,0,149.559833
RCIN,149599833,1730,1500,1000,1500,1500,1000,1900,1000,0,0,0,0,0,0,149.599833
RCIN,149639833,1730,1500,1000,1500,1500,1000,1900,1000,0,0,0,0,0,0,149.639833
RCIN,149679833,1730,1500,1000,1500,1500,1000,1900,1000,0,0,0,0,0,0,149.679833
RCIN,149719833,1730,1500,1000,1500,1500,1000,1900,1000,0,0,0,0,0,0,149.719833
RCIN,149759833,1730,1500,1000,1500,1500,1000,1900,1000,0,0,0,0,0,0,149.759833
RCIN,149799833,1730,1500,1000,1500,1500,1000,1900,1000,0,0,0,0,0,0,149.799833
RCIN,149839833,1730,1500,1000,1500,1500,1000,1900,1000,0,0,0,0,0,0,149.839833
RCIN,149879833,1730,1500,1000,1500,1500,1000,1900,1000,0,0,0,0,0,0,149.879833
RCIN,149919833,1730,1500,1000,1500,1500,1000,1900,1000,0,0,0,0,0,0,149.919833
RCIN,149959833,1730,1500,1000,1500,1500,1000,1900,1000,0,0,0,0,0,0,149.959833
RCIN,149999833,1730,1500,1000,1500,1500,1000,1900,1000,0,0,0,0,0,0,149.999833
RCIN,150039833,1730,1500,1000,1500,1500,1000,1900,1000,0,0,0,0,0,0,150.039833
RCIN,150079833,1500,1500,1000,1500,1500,1000,1900,1000,0,0,0,0,0,0,150.079833
RCIN,150119833,1500,1500,1000,1500,1500,1000,1900,1000,0,0,0,0,0,0,150.119833
RCIN,150159833,1500,1500,1000,1500,1500,1000,1900,1000,0,0,0,0,0,0,150.159833
RCIN,150199833,1500,1500,1000,1500,1500,1000,1900,1000,0,0,0,0,0,0,150.199833
RCIN,150239833,1500,1500,1000,1500,1500,1000,1900,1000,0,0,0,0,0,0,150.239833
RCIN,150279833,1500,1500,1000,1500,1500,1000,1900,1000,0,0,0,0,0,0,150.279833
RCIN,150319833,1500,1500,1000,1500,1500,1000,1900,1000,0,0,0,0,0,0,150.319833
RCIN,150359833,1500,1500,1000,1500,1500,1000,1900,1000,0,0,0,0,0,0,150.359833
RCIN,150399833,1500,1500,1000,1500,1500,1000,1900,1000,0,0,0,0,0,0,150.399833
RCIN,150439833,1500,1500,1000,1500,1500,1000,1900,1000,0,0,0,0,0,0,150.439833
RCIN,150479833,1500,1500,1000,1500,1500,1000,1900,1000,0,0,0,0,0,0,150.479833
RCIN,150519833,1500,1500,1000,1500,1500,1000,1900,1000,0,0,0,0,0,0,150.519833
RCIN,150559833,1500,1500,1000,1500,1500,1000,1900,1000,0,0,0,0,0,0,150.559833
RCIN,150599833,1500,1500,1000,1500,1500,1000,1900,1000,0,0,0,0,0,0,150.599833
RCIN,150639833,1500,1500,1000,1500,1500,1000,1900,1000,0,0,0,0,0,0,150.639833
RCIN,150679833,1500,1500,1000,1500,1500,1000,1900,1000,0,0,0,0,0,0,150.679833
RCIN,150719833,1500,1500,1000,1500,1500,1000,1900,1000,0,0,0,0,0,0,150.719833
RCIN,150759833,1500,1500,1000,1500,1500,1000,1900,1000,0,0,0,0,0,0,150.759833
RCIN,150799833,1500,1500,1000,1500,1500,1000,1900,1000,0,0,0,0,0,0,150.799833
RCIN,150839833,1500,1500,1000,1500,1500,1000,1900,1000,0,0,0,0,0,0,150.839833
RCIN,150879833,1500,1500,1000,1500,1500,1000,1900,1000,0,0,0,0,0,0,150.879833
RCIN,150919833,1500,1500,1000,1500,1500,1000,1900,1000,0,0,0,0,0,0,150.919833
RCIN,150959833,1500,1500,1000,1500,1500,1000,1900,1000,0,0,0,0,0,0,150.959833
RCIN,150999833,1500,1500,1000,1500,1500,1000,1900,1000,0,0,0,0,0,0,150.999833
RCIN,151039833,1500,1500,1000,1500,1500,1000,1900,1000,0,0,0,0,0,0,151.039833
RCIN,151079833,1500,1500,1000,1500,1500,1000,1900,1000,0,0,0,0,0,0,151.079833
RCIN,151119833,1500,1500,1000,1500,1500,1000,1900,1000,0,0,0,0,0,0,151.119833
RCIN,151159833,1270,1500,1000,1500,1500,1000,1900,1000,0,0,0,0,0,0,151.159833
RCIN,151199833,1270,1500,1000,1500,1500,1000,1900,1000,0,0,0,0,0,0,151.199833
RCIN,151239833,1270,1500,1000,1500,1500,1000,1900,1000,0,0,0,0,0,0,151.239833
RCIN,151279833,1270,1500,1000,1500,1500,1000,1900,1000,0,0,0,0,0,0,151.279833
RCIN,151319833,1270,1500,1000,1500,1500,1000,1900,1000,0,0,0,0,0,0,151.319833
RCIN,151359833,1270,1500,1000,1500,1500,1000,1900,1000,0,0,0,0,0,0,151.359833
RCIN,151399833,1270,1500,1000,1500,1500,1000,1900,1000,0,0,0,0,0,0,151.399833
RCIN,151439833,1270,1500,1000,1500,1500,1000,1900,1000,0,0,0,0,0,0,151.439833
RCIN,151479833,1270,1500,1000,1500,1500,1000,1900,1000,0,0,0,0,0,0,151.479833
RCIN,151519833,1270,1500,1000,1500,1500,1000,1900,1000,0,0,0,0,0,0,151.519833
RCIN,151559833,1270,1500,1000,1500,1500,1000,1900,1000,0,0,0,0,0,0,151.559833
RCIN,151599833,1270,1500,1000,1500,1500,1000,1900,1000,0,0,0,0,0,0,151.599833
RCIN,151639833,1270,1500,1000,1500,1500,1000,1900,1000,0,0,0,0,0,0,151.639833
RCIN,151679833,1270,1500,1000,1500,1500,1000,1900,1000,0,0,0,0,0,0,151.679833
RCIN,151719833,1270,1500,1000,1500,1500,1000,1900,1000,0,0,0,0,0,0,151.719833
RCIN,151759833,1270,1500,1000,1500,1500,1000,1900,1000,0,0,0,0,0,0,151.759833
RCIN,151799833,1270,1500,1000,1500,1500,1000,1900,1000,0,0,0,0,0,0,151.799833
RCIN,151839833,1270,1500,1000,1500,1500,1000,1900,1000,0,0,0,0,0,0,151.839833
RCIN,151879833,1270,1500,1000,1500,1500,1000,1900,1000,0,0,0,0,0,0,151.879833
RCIN,151919833,1270,1500,1000,1500,1500,1000,1900,1000,0,0,0,0,0,0,151.919833
RCIN,151959833,1270,1500,1000,1500,1500,1000,1900,1000,0,0,0,0,0,0,151.959833
RCIN,151999833,1270,1500,1000,1500,1500,1000,1900,1000,0,0,0,0,0,0,151.999833
RCIN,152039833,1270,1500,1000,1500,1500,1000,1900,1000,0,0,0,0,0,0,152.039833
RCIN,152079833,1270,1500,1000,1500,1500,1000,1900,1000,0,0,0,0,0,0,152.079833
RCIN,152119833,1270,1500,1000,1500,1500,1000,1900,1000,0,0,0,0,0,0,152.119833
RCIN,152159833,1270,1500,1000,1500,1500,1000,1900,1000,0,0,0,0,0,0,152.159833
RCIN,152199833,1270,1500,1000,1500,1500,1000,1900,1000,0,0,0,0,0,0,152.199833
RCIN,152239833,1270,1500,1000,1500,1500,1000,1900,1000,0,0,0,0,0,0,152.239833
RCIN,152279833,1270,1500,1000,1500,1500,1000,1900,1000,0,0,0,0,0,0,152.279833
RCIN,152319833,1270,1500,1000,1500,1500,1000,1900,1000,0,0,0,0,0,0,152.319833
RCIN,152359833,1270,1500,1000,1500,1500,1000,1900,1000,0,0,0,0,0,0,152.359833
RCIN,152399833,1270,1500,1000,1500,1500,1000,1900,1000,0,0,0,0,0,0,152.399833
RCIN,152439833,1270,1500,1000,1500,1500,1000,1900,1000,0,0,0,0,0,0,152.439833
RCIN,152479833,1270,1500,1000,1500,1500,1000,1900,1000,0,0,0,0,0,0,152.479833
RCIN,152519833,1270,1500,1000,1500,1500,1000,1900,1000,0,0,0,0,0,0,152.519833
RCIN,152559833,1270,1500,1000,1500,1500,1000,1900,1000,0,0,0,0,0,0,152.559833
RCIN,152599833,1270,1500,1000,1500,1500,1000,1900,1000,0,0,0,0,0,0,152.599833
RCIN,152639833,1270,1500,1000,1500,1500,1000,1900,1000,0,0,0,0,0,0,152.639833
RCIN,152679833,1270,1500,1000,1500,1500,1000,1900,1000,0,0,0,0,0,0,152.679833
RCIN,152719833,1270,1500,1000,1500,1500,1000,1900,1000,0,0,0,0,0,0,152.719833
RCIN,152759833,1270,1500,1000,1500,1500,1000,1900,1000,0,0,0,0,0,0,152.759833
RCIN,152799833,1270,1500,1000,1500,1500,1000,1900,1000,0,0,0,0,0,0,152.799833
RCIN,152839833,1270,1500,1000,1500,1500,1000,1900,1000,0,0,0,0,0,0,152.839833
RCIN,152879833,1270,1500,1000,1500,1500,1000,1900,1000,0,0,0,0,0,0,152.879833
RCIN,152919833,1270,1500,1000,1500,1500,1000,1900,1000,0,0,0,0,0,0,152.919833
RCIN,152959833,1500,1500,1000,1500,1500,1000,1900,1000,0,0,0,0,0,0,152.959833
RCIN,152999833,1500,1500,1000,1500,1500,1000,1900,1000,0,0,0,0,0,0,152.999833
RCIN,153039833,1500,1500,1000,1500,1500,1000,1900,1000,0,0,0,0,0,0,153.039833
RCIN,153079833,1500,1500,1000,1500,1500,1000,1900,1000,0,0,0,0,0,0,153.079833
RCIN,153119833,1500,1500,1000,1500,1500,1000,1900,1000,0,0,0,0,0,0,153.119833
RCIN,153159833,1500,1500,1000,1500,1500,1000,1900,1000,0,0,0,0,0,0,153.159833
RCIN,153199833,1500,1500,1000,1500,1500,1000,1900,1000,0,0,0,0,0,0,153.199833
RCIN,153239833,1500,1500,1000,1500,1500,1000,1900,1000,0,0,0,0,0,0,153.239833
RCIN,153279833,1500,1500,1000,1500,1500,1000,1900,1000,0,0,0,0,0,0,153.279833
RCIN,153319833,1500,1500,1000,1500,1500,1000,1900,1000,0,0,0,0,0,0,153.319833
RCIN,153359833,1500,1500,1000,1500,1500,1000,1900,1000,0,0,0,0,0,0,153.359833
RCIN,153399833,1500,1500,1000,1500,1500,1000,1900,1000,0,0,0,0,0,0,153.399833
RCIN,153439833,1500,1500,1000,1500,1500,1000,1900,1000,0,0,0,0,0,0,153.439833
RCIN,153479833,1500,1500,1000,1500,1500,1000,1900,1000,0,0,0,0,0,0,153.479833
RCIN,153519833,1500,1500,1000,1500,1500,1000,1900,1000,0,0,0,0,0,0,153.519833
RCIN,153559833,1500,1500,1000,1500,1500,1000,1900,1000,0,0,0,0,0,0,153.559833
RCIN,153599833,1500,1500,1000,1500,1500,1000,1900,1000,0,0,0,0,0,0,153.599833
RCIN,153639833,1500,1500,1000,1500,1500,1000,1900,1000,0,0,0,0,0,0,153.639833
RCIN,153679833,1500,1500,1000,1500,1500,1000,1900,1000,0,0,0,0,0,0,153.679833
RCIN,153719833,1500,1500,1000,1500,1500,1000,1900,1000,0,0,0,0,0,0,153.719833
RCIN,153759833,1500,1500,1000,1500,1500,1000,1900,1000,0,0,0,0,0,0,153.759833
RCIN,153799833,1500,1500,1000,1500,1500,1000,1900,1000,0,0,0,0,0,0,153.799833
RCIN,153839833,1500,1500,1000,1500,1500,1000,1900,1000,0,0,0,0,0,0,153.839833
RCIN,153879833,1500,1500,1000,1500,1500,1000,1900,1000,0,0,0,0,0,0,153.879833
RCIN,153919833,1500,1500,1000,1500,1500,1000,1900,1000,0,0,0,0,0,0,153.919833
RCIN,153959833,1500,1500,1000,1500,1500,1000,1900,1000,0,0,0,0,0,0,153.959833
RCIN,153999833,1500,1500,1000,1500,1500,1000,1900,1000,0,0,0,0,0,0,153.999833
RCIN,154039833,1730,1500,1000,1500,1500,1000,1900,1000,0,0,0,0,0,0,154.039833
RCIN,154079833,1730,1500,1000,1500,1500,1000,1900,1000,0,0,0,0,0,0,154.079833
RCIN,154119833,1730,1500,1000,1500,1500,1000,1900,1000,0,0,0,0,0,0,154.119833
RCIN,154159833,1730,1500,1000,1500,1500,1000,1900,1000,0,0,0,0,0,0,154.159833
RCIN,154199833,1730,1500,1000,1500,1500,1000,1900,1000,0,0,0,0,0,0,154.199833
RCIN,154239833,1730,1500,1000,1500,1500,1000,1900,1000,0,0,0,0,0,0,154.239833
RCIN,154279833,1730,1500,1000,1500,1500,1000,1900,1000,0,0,0,0,0,0,154.279833
RCIN,154319833,1730,1500,1000,1500,1500,1000,1900,1000,0,0,0,0,0,0,154.319833
RCIN,154359833,1730,1500,1000,1500,1500,1000,1900,1000,0,0,0,0,0,0,154.359833
RCIN,154399833,1730,1500,1000,1500,1500,1000,1900,1000,0,0,0,0,0,0,154.399833
RCIN,154439833,1730,1500,1000,1500,1500,1000,1900,1000,0,0,0,0,0,0,154.439833
RCIN,154479833,1730,1500,1000,1500,1500,1000,1900,1000,0,0,0,0,0,0,154.479833
RCIN,154519833,1730,1500,1000,1500,1500,1000,1900,1000,0,0,0,0,0,0,154.519833
RCIN,154559833,1730,1500,1000,1500,1500,1000,1900,1000,0,0,0,0,0,0,154.559833
RCIN,154599833,1730,1500,1000,1500,1500,1000,1900,1000,0,0,0,0,0,0,154.599833
RCIN,154639833,1730,1500,1000,1500,1500,1000,1900,1000,0,0,0,0,0,0,154.639833
RCIN,154679833,1730,1500,1000,1500,1500,1000,1900,1000,0,0,0,0,0,0,154.679833
RCIN,154719833,1730,1500,1000,1500,1500,1000,1900,1000,0,0,0,0,0,0,154.719833
RCIN,154759833,1730,1500,1000,1500,1500,1000,1900,1000,0,0,0,0,0,0,154.759833
RCIN,154799833,1730,1500,1000,1500,1500,1000,1900,1000,0,0,0,0,0,0,154.799833
RCIN,154839833,1730,1500,1000,1500,1500,1000,1900,1000,0,0,0,0,0,0,154.839833
RCIN,154879833,1730,1500,1000,1500,1500,1000,1900,1000,0,0,0,0,0,0,154.879833
RCIN,154919833,1730,1500,1000,1500,1500,1000,1900,1000,0,0,0,0,0,0,154.919833
RCIN,154959833,1730,1500,1000,1500,1500,1000,1900,1000,0,0,0,0,0,0,154.959833
RCIN,154999833,1730,1500,1000,1500,1500,1000,1900,1000,0,0,0,0,0,0,154.999833
RCIN,155039833,1730,1500,1000,1500,1500,1000,1900,1000,0,0,0,0,0,0,155.039833
RCIN,155079833,1730,1500,1000,1500,1500,1000,1900,1000,0,0,0,0,0,0,155.079833
RCIN,155119833,1730,1500,1000,1500,1500,1000,1900,1000,0,0,0,0,0,0,155.119833
RCIN,155159833,1730,1500,1000,1500,1500,1000,1900,1000,0,0,0,0,0,0,155.159833
RCIN,155199833,1730,1500,1000,1500,1500,1000,1900,1000,0,0,0,0,0,0,155.199833
RCIN,155239833,1730,1500,1000,1500,1500,1000,1900,1000,0,0,0,0,0,0,155.239833
RCIN,155279833,1730,1500,1000,1500,1500,1000,1900,1000,0,0,0,0,0,0,155.279833
RCIN,155319833,1730,1500,1000,1500,1500,1000,1900,1000,0,0,0,0,0,0,155.319833
RCIN,155359833,1730,1500,1000,1500,1500,1000,1900,1000,0,0,0,0,0,0,155.359833
RCIN,155399833,1730,1500,1000,1500,1500,1000,1900,1000,0,0,0,0,0,0,155.399833
RCIN,155439833,1730,1500,1000,1500,1500,1000,1900,1000,0,0,0,0,0,0,155.439833
RCIN,155479833,1730,1500,1000,1500,1500,1000,1900,1000,0,0,0,0,0,0,155.479833
RCIN,155519833,1730,1500,1000,1500,1500,1000,1900,1000,0,0,0,0,0,0,155.519833
RCIN,155559833,1730,1500,1000,1500,1500,1000,1900,1000,0,0,0,0,0,0,155.559833
RCIN,155599833,1730,1500,1000,1500,1500,1000,1900,1000,0,0,0,0,0,0,155.599833
RCIN,155639833,1500,1500,1000,1500,1500,1000,1900,1000,0,0,0,0,0,0,155.639833
RCIN,155679833,1500,1500,1000,1500,1500,1000,1900,1000,0,0,0,0,0,0,155.679833
RCIN,155719833,1500,1500,1000,1500,1500,1000,1900,1000,0,0,0,0,0,0,155.719833
RCIN,155759833,1500,1500,1000,1500,1500,1000,1900,1000,0,0,0,0,0,0,155.759833
RCIN,155799833,1500,1500,1000,1500,1500,1000,1900,1000,0,0,0,0,0,0,155.799833
RCIN,155839833,1500,1500,1000,1500,1500,1000,1900,1000,0,0,0,0,0,0,155.839833
RCIN,155879833,1500,1500,1000,1500,1500,1000,1900,1000,0,0,0,0,0,0,155.879833
RCIN,155919833,1500,1500,1000,1500,1500,1000,1900,1000,0,0,0,0,0,0,155.919833
RCIN,155959833,1500,1500,1000,1500,1500,1000,1900,1000,0,0,0,0,0,0,155.959833
RCIN,155999833,1500,1500,1000,1500,1500,1000,1900,1000,0,0,0,0,0,0,155.999833
RCIN,156039833,1500,1500,1000,1500,1500,1000,1900,1000,0,0,0,0,0,0,156.039833
RCIN,156079833,1500,1500,1000,1500,1500,1000,1900,1000,0,0,0,0,0,0,156.079833
RCIN,156119833,1500,1500,1000,1500,1500,1000,1900,1000,0,0,0,0,0,0,156.119833
RCIN,156159833,1500,1500,1000,1500,1500,1000,1900,1000,0,0,0,0,0,0,156.159833
RCIN,156199833,1500,1500,1000,1500,1500,1000,1900,1000,0,0,0,0,0,0,156.199833
RCIN,156239833,1500,1500,1000,1500,1500,1000,1900,1000,0,0,0,0,0,0,156.239833
RCIN,156279833,1500,1500,1000,1500,1500,1000,1900,1000,0,0,0,0,0,0,156.279833
RCIN,156319833,1500,1500,1000,1500,1500,1000,1900,1000,0,0,0,0,0,0,156.319833
RCIN,156359833,1500,1500,1000,1500,1500,1000,1900,1000,0,0,0,0,0,0,156.359833
RCIN,156399833,1500,1500,1000,1500,1500,1000,1900,1000,0,0,0,0,0,0,156.399833
RCIN,156439833,1500,1500,1000,1500,1500,1000,1900,1000,0,0,0,0,0,0,156.439833
RCIN,156479833,1500,1500,1000,1500,1500,1000,1900,1000,0,0,0,0,0,0,156.479833
RCIN,156519833,1500,1500,1000,1500,1500,1000,1900,1000,0,0,0,0,0,0,156.519833
RCIN,156559833,1500,1500,1000,1500,1500,1000,1900,1000,0,0,0,0,0,0,156.559833
RCIN,156599833,1500,1500,1000,1500,1500,1000,1900,1000,0,0,0,0,0,0,156.599833
RCIN,156639833,1500,1500,1000,1500,1500,1000,1900,1000,0,0,0,0,0,0,156.639833
RCIN,156679833,1500,1500,1000,1500,1500,1000,1900,1000,0,0,0,0,0,0,156.679833
RCIN,156719833,1500,1500,1000,1500,1500,1000,1900,1000,0,0,0,0,0,0,156.719833
RCIN,156759833,1500,1500,1000,1500,1500,1000,1900,1000,0,0,0,0,0,0,156.759833
RCIN,156799833,1500,1500,1000,1500,1500,1000,1900,1000,0,0,0,0,0,0,156.799833
RCIN,156839833,1500,1500,1000,1500,1500,1000,1900,1000,0,0,0,0,0,0,156.839833
RCIN,156879833,1500,1500,1000,1500,1500,1000,1900,1000,0,0,0,0,0,0,156.879833
RCIN,156919833,1500,1500,1000,1500,1500,1000,1900,1000,0,0,0,0,0,0,156.919833
RCIN,156959833,1500,1500,1000,1500,1500,1000,1900,1000,0,0,0,0,0,0,156.959833
RCIN,156999833,1500,1500,1000,1500,1500,1000,1900,1000,0,0,0,0,0,0,156.999833
RCIN,157039833,1500,1500,1000,1500,1500,1000,1900,1000,0,0,0,0,0,0,157.039833
RCIN,157079833,1500,1500,1000,1500,1500,1000,1900,1000,0,0,0,0,0,0,157.079833
RCIN,157119833,1500,1500,1000,1500,1500,1000,1900,1000,0,0,0,0,0,0,157.119833
RCIN,157159833,1500,1500,1000,1500,1500,1000,1900,1000,0,0,0,0,0,0,157.159833
RCIN,157199833,1500,1500,1000,1500,1500,1000,1900,1000,0,0,0,0,0,0,157.199833
RCIN,157239833,1500,1500,1000,1500,1500,1000,1900,1000,0,0,0,0,0,0,157.239833
RCIN,157279833,1500,1500,1000,1500,1500,1000,1900,1000,0,0,0,0,0,0,157.279833
RCIN,157319833,1500,1500,1000,1500,1500,1000,1900,1000,0,0,0,0,0,0,157.319833
RCIN,157359833,1500,1500,1000,1500,1500,1000,1900,1000,0,0,0,0,0,0,157.359833
RCIN,157399833,1500,1500,1000,1500,1500,1000,1900,1000,0,0,0,0,0,0,157.399833
RCIN,157439833,1500,1500,1000,1500,1500,1000,1900,1000,0,0,0,0,0,0,157.439833
RCIN,157479833,1500,1500,1000,1500,1500,1000,1900,1000,0,0,0,0,0,0,157.479833
RCIN,157519833,1500,1500,1000,1500,1500,1000,1900,1000,0,0,0,0,0,0,157.519833
RCIN,157559833,1500,1500,1000,1500,1500,1000,1900,1000,0,0,0,0,0,0,157.559833
RCIN,157599833,1500,1500,1000,1500,1500,1000,1900,1000,0,0,0,0,0,0,157.599833
RCIN,157639833,1500,1500,1000,1500,1500,1000,1900,1000,0,0,0,0,0,0,157.639833
RCIN,157679833,1500,1500,1000,1500,1500,1000,1900,1000,0,0,0,0,0,0,157.679833
RCIN,157719833,1500,1500,1000,1500,1500,1000,1900,1000,0,0,0,0,0,0,157.719833
RCIN,157759833,1500,1500,1000,1500,1500,1000,1900,1000,0,0,0,0,0,0,157.759833
RCIN,157799833,1500,1500,1000,1500,1500,1000,1900,1000,0,0,0,0,0,0,157.799833
RCIN,157839833,1500,1500,1000,1500,1500,1000,1900,1000,0,0,0,0,0,0,157.839833
RCIN,157879833,1500,1500,1000,1500,1500,1000,1900,1000,0,0,0,0,0,0,157.879833
RCIN,157919833,1500,1500,1000,1500,1500,1000,1900,1000,0,0,0,0,0,0,157.919833
RCIN,157959833,1500,1500,1000,1500,1500,1000,1900,1000,0,0,0,0,0,0,157.959833
RCIN,157999833,1500,1500,1000,1500,1500,1000,1900,1000,0,0,0,0,0,0,157.999833
RCIN,158039833,1500,1500,1000,1500,1500,1000,1900,1000,0,0,0,0,0,0,158.039833
RCIN,158079833,1500,1500,1000,1500,1500,1000,1900,1000,0,0,0,0,0,0,158.079833
RCIN,158119833,1500,1500,1000,1500,1500,1000,1900,1000,0,0,0,0,0,0,158.119833
RCIN,158159833,1500,1500,1000,1500,1500,1000,1900,1000,0,0,0,0,0,0,158.159833
RCIN,158199833,1500,1500,1000,1500,1500,1000,1900,1000,0,0,0,0,0,0,158.199833
RCIN,158239833,1500,1500,1000,1500,1500,1000,1900,1000,0,0,0,0,0,0,158.239833
RCIN,158279833,1500,1500,1000,1500,1500,1000,1900,1000,0,0,0,0,0,0,158.279833
RCIN,158319833,1500,1500,1000,1500,1500,1000,1900,1000,0,0,0,0,0,0,158.319833
RCIN,158359833,1500,1500,1000,1500,1500,1000,1900,1000,0,0,0,0,0,0,158.359833
RCIN,158399833,1500,1500,1000,1500,1500,1000,1900,1000,0,0,0,0,0,0,158.399833
RCIN,158439833,1500,1500,1000,1500,1500,1000,1900,1000,0,0,0,0,0,0,158.439833
RCIN,158479833,1500,1500,1000,1500,1500,1000,1900,1000,0,0,0,0,0,0,158.479833
RCIN,158519833,1500,1500,1000,1500,1500,1000,1900,1000,0,0,0,0,0,0,158.519833
RCIN,158559833,1500,1500,1000,1500,1500,1000,1900,1000,0,0,0,0,0,0,158.559833
RCIN,158599833,1500,1500,1000,1500,1500,1000,1900,1000,0,0,0,0,0,0,158.599833
RCIN,158639833,1500,1500,1000,1500,1500,1000,1900,1000,0,0,0,0,0,0,158.639833
RCIN,158679833,1500,1500,1000,1500,1500,1000,1900,1000,0,0,0,0,0,0,158.679833
RCIN,158719833,1500,1500,1000,1500,1500,1000,1900,1000,0,0,0,0,0,0,158.719833
RCIN,158759833,1500,1500,1000,1500,1500,1000,1900,1000,0,0,0,0,0,0,158.759833
RCIN,158799833,1500,1500,1000,1500,1500,1000,1900,1000,0,0,0,0,0,0,158.799833
RCIN,158839833,1500,1500,1000,1500,1500,1000,1900,1000,0,0,0,0,0,0,158.839833
RCIN,158879833,1500,1500,1000,1500,1500,1000,1900,1000,0,0,0,0,0,0,158.879833
RCIN,158919833,1500,1500,1000,1500,1500,1000,1900,1000,0,0,0,0,0,0,158.919833
RCIN,158959833,1500,1500,1000,1500,1500,1000,1900,1000,0,0,0,0,0,0,158.959833
RCIN,158999833,1500,1500,1000,1500,1500,1000,1900,1000,0,0,0,0,0,0,158.999833
RCIN,159039833,1500,1500,1000,1500,1500,1000,1900,1000,0,0,0,0,0,0,159.039833
RCIN,159079833,1500,1500,1000,1500,1500,1000,1900,1000,0,0,0,0,0,0,159.079833
RCIN,159119833,1500,1500,1000,1500,1500,1000,1900,1000,0,0,0,0,0,0,159.119833
RCIN,159159833,1500,1500,1000,1500,1500,1000,1900,1000,0,0,0,0,0,0,159.159833
RCIN,159199833,1500,1500,1000,1500,1500,1000,1900,1000,0,0,0,0,0,0,159.199833
RCIN,159239833,1500,1500,1000,1500,1500,1000,1900,1000,0,0,0,0,0,0,159.239833
RCIN,159279833,1500,1500,1000,1500,1500,1000,1900,1000,0,0,0,0,0,0,159.279833
RCIN,159319833,1500,1500,1000,1500,1500,1000,1900,1000,0,0,0,0,0,0,159.319833
RCIN,159359833,1500,1500,1000,1500,1500,1000,1900,1000,0,0,0,0,0,0,159.359833
RCIN,159399833,1500,1500,1000,1500,1500,1000,1900,1000,0,0,0,0,0,0,159.399833
RCIN,159439833,1500,1500,1000,1500,1500,1000,1900,1000,0,0,0,0,0,0,159.439833
RCIN,159479833,1500,1500,1000,1500,1500,1000,1900,1000,0,0,0,0,0,0,159.479833
RCIN,159519833,1500,1500,1000,1500,1500,1000,1900,1000,0,0,0,0,0,0,159.519833
RCIN,159559833,1500,1500,1000,1500,1500,1000,1900,1000,0,0,0,0,0,0,159.559833
RCIN,159599833,1500,1500,1000,1500,1500,1000,1900,1000,0,0,0,0,0,0,159.599833
RCIN,159639833,1500,1500,1000,1500,1500,1000,1900,1000,0,0,0,0,0,0,159.639833
RCIN,159679833,1500,1500,1000,1500,1500,1000,1900,1000,0,0,0,0,0,0,159.679833
RCIN,159719833,1500,1500,1000,1500,1500,1000,1900,1000,0,0,0,0,0,0,159.719833
RCIN,159759833,1500,1500,1000,1500,1500,1000,1900,1000,0,0,0,0,0,0,159.759833
RCIN,159799833,1500,1500,1000,1500,1500,1000,1900,1000,0,0,0,0,0,0,159.799833
RCIN,159839833,1500,1500,1000,1500,1500,1000,1900,1000,0,0,0,0,0,0,159.839833
RCIN,159879833,1500,1500,1000,1500,1500,1000,1900,1000,0,0,0,0,0,0,159.879833
RCIN,159919833,1500,1500,1000,1500,1500,1000,1900,1000,0,0,0,0,0,0,159.919833
RCIN,159959833,1500,1500,1000,1500,1500,1000,1900,1000,0,0,0,0,0,0,159.959833
RCIN,159999833,1500,1500,1000,1500,1500,1000,1900,1000,0,0,0,0,0,0,159.999833
RCIN,160039833,1500,1500,1000,1500,1500,1000,1900,1000,0,0,0,0,0,0,160.039833
RCIN,160079833,1500,1500,1000,1500,1500,1000,1900,1000,0,0,0,0,0,0,160.079833
RCIN,160119833,1500,1500,1000,1500,1500,1000,1900,1000,0,0,0,0,0,0,160.119833
RCIN,160159833,1500,1500,1000,1500,1500,1000,1900,1000,0,0,0,0,0,0,160.159833
RCIN,160199833,1500,1500,1000,1500,1500,1000,1900,1000,0,0,0,0,0,0,160.199833
RCIN,160239833,1500,1500,1000,1500,1500,1000,1900,1000,0,0,0,0,0,0,160.239833
RCIN,160279833,1500,1500,1000,1500,1500,1000,1900,1000,0,0,0,0,0,0,160.279833
RCIN,160319833,1500,1500,1000,1500,1500,1000,1900,1000,0,0,0,0,0,0,160.319833
RCIN,160359833,1500,1500,1000,1500,1500,1000,1900,1000,0,0,0,0,0,0,160.359833
RCIN,160399833,1500,1500,1000,1500,1500,1000,1900,1000,0,0,0,0,0,0,160.399833
RCIN,160439833,1500,1500,1000,1500,1500,1000,1900,1000,0,0,0,0,0,0,160.439833
RCIN,160479833,1500,1500,1000,1500,1500,1000,1900,1000,0,0,0,0,0,0,160.479833
RCIN,160519833,1500,1500,1000,1500,1500,1000,1900,1000,0,0,0,0,0,0,160.519833
RCIN,160559833,1500,1500,1000,1500,1500,1000,1900,1000,0,0,0,0,0,0,160.559833
RCIN,160599833,1500,1500,1000,1500,1500,1000,1900,1000,0,0,0,0,0,0,160.599833
RCIN,160639833,1500,1500,1000,1500,1500,1000,1900,1000,0,0,0,0,0,0,160.639833
RCIN,160679833,1500,1500,1000,1500,1500,1000,1900,1000,0,0,0,0,0,0,160.679833
RCIN,160719833,1500,1500,1000,1500,1500,1000,1900,1000,0,0,0,0,0,0,160.719833
RCIN,160759833,1500,1500,1000,1500,1500,1000,1900,1000,0,0,0,0,0,0,160.759833
RCIN,160799833,1500,1500,1000,1500,1500,1000,1900,1000,0,0,0,0,0,0,160.799833
RCIN,160839833,1500,1500,1000,1500,1500,1000,1900,1000,0,0,0,0,0,0,160.839833
RCIN,160879833,1500,1500,1000,1500,1500,1000,1900,1000,0,0,0,0,0,0,160.879833
RCIN,160919833,1500,1500,1000,1500,1500,1000,1900,1000,0,0,0,0,0,0,160.919833
RCIN,160959833,1500,1500,1000,1500,1500,1000,1900,1000,0,0,0,0,0,0,160.959833
RCIN,160999833,1500,1500,1000,1500,1500,1000,1900,1000,0,0,0,0,0,0,160.999833
RCIN,161039833,1500,1500,1000,1500,1500,1000,1900,1000,0,0,0,0,0,0,161.039833
RCIN,161079833,1500,1500,1000,1500,1500,1000,1900,1000,0,0,0,0,0,0,161.079833
RCIN,161119833,1500,1500,1000,1500,1500,1000,1900,1000,0,0,0,0,0,0,161.119833
RCIN,161159833,1500,1500,1000,1500,1500,1000,1900,1000,0,0,0,0,0,0,161.159833
RCIN,161199833,1500,1500,1000,1500,1500,1000,1900,1000,0,0,0,0,0,0,161.199833
RCIN,161239833,1500,1500,1000,1500,1500,1000,1900,1000,0,0,0,0,0,0,161.239833
RCIN,161279833,1500,1500,1000,1500,1500,1000,1900,1000,0,0,0,0,0,0,161.279833
RCIN,161319833,1500,1500,1000,1500,1500,1000,1900,1000,0,0,0,0,0,0,161.319833
RCIN,161359833,1500,1500,1000,1500,1500,1000,1900,1000,0,0,0,0,0,0,161.359833
RCIN,161399833,1500,1500,1000,1500,1500,1000,1900,1000,0,0,0,0,0,0,161.399833
RCIN,161439833,1500,1500,1000,1500,1500,1000,1900,1000,0,0,0,0,0,0,161.439833
RCIN,161479833,1500,1500,1000,1500,1500,1000,1900,1000,0,0,0,0,0,0,161.479833
RCIN,161519833,1500,1500,1000,1500,1500,1000,1900,1000,0,0,0,0,0,0,161.519833
RCIN,161559833,1500,1500,1000,1500,1500,1000,1900,1000,0,0,0,0,0,0,161.559833
RCIN,161599833,1500,1500,1000,1500,1500,1000,1900,1000,0,0,0,0,0,0,161.599833
RCIN,161639833,1500,1500,1000,1500,1500,1000,1900,1000,0,0,0,0,0,0,161.639833
RCIN,161679833,1500,1500,1000,1500,1500,1000,1900,1000,0,0,0,0,0,0,161.679833
RCIN,161719833,1500,1500,1000,1500,1500,1000,1900,1000,0,0,0,0,0,0,161.719833
RCIN,161759833,1500,1500,1000,1500,1500,1000,1900,1000,0,0,0,0,0,0,161.759833
RCIN,161799833,1500,1500,1000,1500,1500,1000,1900,1000,0,0,0,0,0,0,161.799833
RCIN,161839833,1500,1500,1000,1500,1500,1000,1900,1000,0,0,0,0,0,0,161.839833
RCIN,161879833,1500,1500,1000,1500,1500,1000,1900,1000,0,0,0,0,0,0,161.879833
RCIN,161919833,1500,1500,1000,1500,1500,1000,1900,1000,0,0,0,0,0,0,161.919833
RCIN,161959833,1500,1500,1000,1500,1500,1000,1900,1000,0,0,0,0,0,0,161.959833
RCIN,161999833,1500,1500,1000,1500,1500,1000,1900,1000,0,0,0,0,0,0,161.999833
RCIN,162039833,1500,1500,1000,1500,1500,1000,1900,1000,0,0,0,0,0,0,162.039833
RCIN,162079833,1500,1500,1000,1500,1500,1000,1900,1000,0,0,0,0,0,0,162.079833
RCIN,162119833,1500,1500,1000,1500,1500,1000,1900,1000,0,0,0,0,0,0,162.119833
RCIN,162159833,1500,1500,1000,1500,1500,1000,1900,1000,0,0,0,0,0,0,162.159833
RCIN,162199833,1500,1500,1000,1500,1500,1000,1900,1000,0,0,0,0,0,0,162.199833
RCIN,162239833,1500,1500,1000,1500,1500,1000,1900,1000,0,0,0,0,0,0,162.239833
RCIN,162279833,1500,1500,1000,1500,1500,1000,1900,1000,0,0,0,0,0,0,162.279833
RCIN,162319833,1500,1500,1000,1500,1500,1000,1900,1000,0,0,0,0,0,0,162.319833
RCIN,162359833,1500,1500,1000,1500,1500,1000,1900,1000,0,0,0,0,0,0,162.359833
RCIN,162399833,1500,1500,1000,1500,1500,1000,1900,1000,0,0,0,0,0,0,162.399833
RCIN,162439833,1500,1500,1000,1500,1500,1000,1900,1000,0,0,0,0,0,0,162.439833
RCIN,162479833,1500,1500,1000,1500,1500,1000,1900,1000,0,0,0,0,0,0,162.479833
RCIN,162519833,1500,1500,1000,1500,1500,1000,1900,1000,0,0,0,0,0,0,162.519833
RCIN,162559833,1500,1500,1000,1500,1500,1000,1900,1000,0,0,0,0,0,0,162.559833
RCIN,162599833,1500,1500,1000,1500,1500,1000,1900,1000,0,0,0,0,0,0,162.599833
RCIN,162639833,1500,1500,1000,1500,1500,1000,1900,1000,0,0,0,0,0,0,162.639833
RCIN,162679833,1500,1500,1000,1500,1500,1000,1900,1000,0,0,0,0,0,0,162.679833
RCIN,162719833,1500,1500,1000,1500,1500,1000,1900,1000,0,0,0,0,0,0,162.719833
RCIN,162759833,1500,1500,1000,1500,1500,1000,1900,1000,0,0,0,0,0,0,162.759833
RCIN,162799833,1500,1500,1000,1500,1500,1000,1900,1000,0,0,0,0,0,0,162.799833
RCIN,162839833,1500,1500,1000,1500,1500,1000,1900,1000,0,0,0,0,0,0,162.839833
RCIN,162879833,1500,1500,1000,1500,1500,1000,1900,1000,0,0,0,0,0,0,162.879833
RCIN,162919833,1500,1500,1000,1500,1500,1000,1900,1000,0,0,0,0,0,0,162.919833
RCIN,162959833,1500,1500,1000,1500,1500,1000,1900,1000,0,0,0,0,0,0,162.959833
RCIN,162999833,1500,1500,1000,1500,1500,1000,1900,1000,0,0,0,0,0,0,162.999833
RCIN,163039833,1500,1500,1000,1500,1500,1000,1900,1000,0,0,0,0,0,0,163.039833
RCIN,163079833,1500,1500,1000,1500,1500,1000,1900,1000,0,0,0,0,0,0,163.079833
RCIN,163119833,1500,1500,1000,1500,1500,1000,1900,1000,0,0,0,0,0,0,163.119833
RCIN,163159833,1500,1500,1000,1500,1500,1000,1900,1000,0,0,0,0,0,0,163.159833
RCIN,163199833,1500,1500,1000,1500,1500,1000,1900,1000,0,0,0,0,0,0,163.199833
RCIN,163239833,1500,1500,1000,1500,1500,1000,1900,1000,0,0,0,0,0,0,163.239833
RCIN,163279833,1500,1500,1000,1500,1500,1000,1900,1000,0,0,0,0,0,0,163.279833
RCIN,163319833,1500,1500,1000,1500,1500,1000,1900,1000,0,0,0,0,0,0,163.319833
RCIN,163359833,1500,1500,1000,1500,1500,1000,1900,1000,0,0,0,0,0,0,163.359833
RCIN,163399833,1500,1500,1000,1500,1500,1000,1900,1000,0,0,0,0,0,0,163.399833
RCIN,163439833,1500,1500,1000,1500,1500,1000,1900,1000,0,0,0,0,0,0,163.439833
RCIN,163479833,1500,1500,1000,1500,1500,1000,1900,1000,0,0,0,0,0,0,163.479833
RCIN,163519833,1500,1500,1000,1500,1500,1000,1900,1000,0,0,0,0,0,0,163.519833
RCIN,163559833,1500,1500,1000,1500,1500,1000,1900,1000,0,0,0,0,0,0,163.559833
RCIN,163599833,1500,1500,1000,1500,1500,1000,1900,1000,0,0,0,0,0,0,163.599833
RCIN,163639833,1500,1500,1000,1500,1500,1000,1900,1000,0,0,0,0,0,0,163.639833
RCIN,163679833,1500,1500,1000,1500,1500,1000,1900,1000,0,0,0,0,0,0,163.679833
RCIN,163719833,1500,1500,1000,1500,1500,1000,1900,1000,0,0,0,0,0,0,163.719833
RCIN,163759833,1500,1500,1000,1500,1500,1000,1900,1000,0,0,0,0,0,0,163.759833
RCIN,163799833,1500,1500,1000,1500,1500,1000,1900,1000,0,0,0,0,0,0,163.799833
RCIN,163839833,1500,1500,1000,1500,1500,1000,1900,1000,0,0,0,0,0,0,163.839833
RCIN,163879833,1500,1500,1000,1500,1500,1000,1900,1000,0,0,0,0,0,0,163.879833
RCIN,163919833,1500,1500,1000,1500,1500,1000,1900,1000,0,0,0,0,0,0,163.919833
RCIN,163959833,1500,1500,1000,1500,1500,1000,1900,1000,0,0,0,0,0,0,163.959833
RCIN,163999833,1500,1500,1000,1500,1500,1000,1900,1000,0,0,0,0,0,0,163.999833
RCIN,164039833,1500,1500,1000,1500,1500,1000,1900,1000,0,0,0,0,0,0,164.039833
RCIN,164079833,1500,1500,1000,1500,1500,1000,1900,1000,0,0,0,0,0,0,164.079833
RCIN,164119833,1500,1500,1000,1500,1500,1000,1900,1000,0,0,0,0,0,0,164.119833
RCIN,164159833,1500,1500,1000,1500,1500,1000,1900,1000,0,0,0,0,0,0,164.159833
RCIN,164199833,1500,1500,1000,1500,1500,1000,1900,1000,0,0,0,0,0,0,164.199833
RCIN,164239833,1500,1500,1000,1500,1500,1000,1900,1000,0,0,0,0,0,0,164.239833
RCIN,164279833,1500,1500,1000,1500,1500,1000,1900,1000,0,0,0,0,0,0,164.279833
RCIN,164319833,1500,1500,1000,1500,1500,1000,1900,1000,0,0,0,0,0,0,164.319833
RCIN,164359833,1500,1500,1000,1500,1500,1000,1900,1000,0,0,0,0,0,0,164.359833
RCIN,164399833,1500,1500,1000,1500,1500,1000,1900,1000,0,0,0,0,0,0,164.399833
RCIN,164439833,1500,1500,1000,1500,1500,1000,1900,1000,0,0,0,0,0,0,164.439833
RCIN,164479833,1500,1500,1000,1500,1500,1000,1900,1000,0,0,0,0,0,0,164.479833
RCIN,164519833,1500,1500,1000,1500,1500,1000,1900,1000,0,0,0,0,0,0,164.519833
RCIN,164559833,1500,1500,1000,1500,1500,1000,1900,1000,0,0,0,0,0,0,164.559833
RCIN,164599833,1500,1500,1000,1500,1500,1000,1900,1000,0,0,0,0,0,0,164.599833
RCIN,164639833,1500,1500,1000,1500,1500,1000,1900,1000,0,0,0,0,0,0,164.639833
RCIN,164679833,1500,1500,1000,1500,1500,1000,1900,1000,0,0,0,0,0,0,164.679833
RCIN,164719833,1500,1500,1000,1500,1500,1000,1900,1000,0,0,0,0,0,0,164.719833
RCIN,164759833,1500,1500,1000,1500,1500,1000,1900,1000,0,0,0,0,0,0,164.759833
RCIN,164799833,1500,1500,1000,1500,1500,1000,1900,1000,0,0,0,0,0,0,164.799833
RCIN,164839833,1500,1500,1000,1500,1500,1000,1900,1000,0,0,0,0,0,0,164.839833
RCIN,164879833,1500,1500,1000,1500,1500,1000,1900,1000,0,0,0,0,0,0,164.879833
RCIN,164919833,1500,1500,1000,1500,1500,1000,1900,1000,0,0,0,0,0,0,164.919833
RCIN,164959833,1500,1500,1000,1500,1500,1000,1900,1000,0,0,0,0,0,0,164.959833
RCIN,164999833,1500,1500,1000,1500,1500,1000,1900,1000,0,0,0,0,0,0,164.999833
RCIN,165039833,1500,1500,1000,1500,1500,1000,1900,1000,0,0,0,0,0,0,165.039833
RCIN,165079833,1500,1500,1000,1500,1500,1000,1900,1000,0,0,0,0,0,0,165.079833
RCIN,165119833,1500,1500,1000,1500,1500,1000,1900,1000,0,0,0,0,0,0,165.119833
RCIN,165159833,1500,1500,1000,1500,1500,1000,1900,1000,0,0,0,0,0,0,165.159833
RCIN,165199833,1500,1500,1000,1500,1500,1000,1900,1000,0,0,0,0,0,0,165.199833
RCIN,165239833,1500,1500,1000,1500,1500,1000,1900,1000,0,0,0,0,0,0,165.239833
RCIN,165279833,1500,1500,1000,1500,1500,1000,1900,1000,0,0,0,0,0,0,165.279833
RCIN,165319833,1500,1500,1000,1500,1500,1000,1900,1000,0,0,0,0,0,0,165.319833
RCIN,165359833,1500,1500,1000,1500,1500,1000,1900,1000,0,0,0,0,0,0,165.359833
RCIN,165399833,1500,1500,1000,1500,1500,1000,1900,1000,0,0,0,0,0,0,165.399833
RCIN,165439833,1500,1500,1000,1500,1500,1000,1900,1000,0,0,0,0,0,0,165.439833
RCIN,165479833,1500,1500,1000,1500,1500,1000,1900,1000,0,0,0,0,0,0,165.479833
RCIN,165519833,1500,1500,1000,1500,1500,1000,1900,1000,0,0,0,0,0,0,165.519833
RCIN,165559833,1500,1500,1000,1500,1500,1000,1900,1000,0,0,0,0,0,0,165.559833
RCIN,165599833,1500,1500,1000,1500,1500,1000,1900,1000,0,0,0,0,0,0,165.599833
RCIN,165639833,1500,1500,1000,1500,1500,1000,1900,1000,0,0,0,0,0,0,165.639833
RCIN,165679833,1500,1500,1000,1500,1500,1000,1900,1000,0,0,0,0,0,0,165.679833
RCIN,165719833,1500,1500,1000,1500,1500,1000,1900,1000,0,0,0,0,0,0,165.719833
RCIN,165759833,1500,1500,1000,1500,1500,1000,1900,1000,0,0,0,0,0,0,165.759833
RCIN,165799833,1500,1500,1000,1500,1500,1000,1900,1000,0,0,0,0,0,0,165.799833
RCIN,165839833,1500,1500,1000,1500,1500,1000,1900,1000,0,0,0,0,0,0,165.839833
RCIN,165879833,1500,1500,1000,1500,1500,1000,1900,1000,0,0,0,0,0,0,165.879833
RCIN,165919833,1500,1500,1000,1500,1500,1000,1900,1000,0,0,0,0,0,0,165.919833
RCIN,165959833,1500,1500,1000,1500,1500,1000,1900,1000,0,0,0,0,0,0,165.959833
RCIN,165999833,1500,1500,1000,1500,1500,1000,1900,1000,0,0,0,0,0,0,165.999833
RCIN,166039833,1500,1500,1000,1500,1500,1000,1900,1000,0,0,0,0,0,0,166.039833
RCIN,166079833,1500,1500,1000,1500,1500,1000,1900,1000,0,0,0,0,0,0,166.079833
RCIN,166119833,1500,1500,1000,1500,1500,1000,1900,1000,0,0,0,0,0,0,166.119833
RCIN,166159833,1500,1500,1000,1500,1500,1000,1900,1000,0,0,0,0,0,0,166.159833
RCIN,166199833,1500,1500,1000,1500,1500,1000,1900,1000,0,0,0,0,0,0,166.199833
RCIN,166239833,1500,1500,1000,1500,1500,1000,1900,1000,0,0,0,0,0,0,166.239833
RCIN,166279833,1500,1500,1000,1500,1500,1000,1900,1000,0,0,0,0,0,0,166.279833
RCIN,166319833,1500,1500,1000,1500,1500,1000,1900,1000,0,0,0,0,0,0,166.319833
RCIN,166359833,1500,1500,1000,1500,1500,1000,1900,1000,0,0,0,0,0,0,166.359833
RCIN,166399833,1500,1500,1000,1500,1500,1000,1900,1000,0,0,0,0,0,0,166.399833
RCIN,166439833,1500,1500,1000,1500,1500,1000,1900,1000,0,0,0,0,0,0,166.439833
RCIN,166479833,1500,1500,1000,1500,1500,1000,1900,1000,0,0,0,0,0,0,166.479833
RCIN,166519833,1500,1500,1000,1500,1500,1000,1900,1000,0,0,0,0,0,0,166.519833
RCIN,166559833,1500,1500,1000,1500,1500,1000,1900,1000,0,0,0,0,0,0,166.559833
RCIN,166599833,1500,1500,1000,1500,1500,1000,1900,1000,0,0,0,0,0,0,166.599833
RCIN,166639833,1500,1500,1000,1500,1500,1000,1900,1000,0,0,0,0,0,0,166.639833
RCIN,166679833,1500,1500,1000,1500,1500,1000,1900,1000,0,0,0,0,0,0,166.679833
RCIN,166719833,1500,1500,1000,1500,1500,1000,1900,1000,0,0,0,0,0,0,166.719833
RCIN,166759833,1500,1500,1000,1500,1500,1000,1900,1000,0,0,0,0,0,0,166.759833
RCIN,166799833,1500,1500,1000,1500,1500,1000,1900,1000,0,0,0,0,0,0,166.799833
RCIN,166839833,1500,1500,1000,1500,1500,1000,1900,1000,0,0,0,0,0,0,166.839833
RCIN,166879833,1500,1500,1000,1500,1500,1000,1900,1000,0,0,0,0,0,0,166.879833
RCIN,166919833,1500,1500,1000,1500,1500,1000,1900,1000,0,0,0,0,0,0,166.919833
RCIN,166959833,1500,1500,1000,1500,1500,1000,1900,1000,0,0,0,0,0,0,166.959833
RCIN,166999833,1500,1500,1000,1500,1500,1000,1900,1000,0,0,0,0,0,0,166.999833
RCIN,167039833,1500,1500,1000,1500,1500,1000,1900,1000,0,0,0,0,0,0,167.039833
RCIN,167079833,1500,1500,1000,1500,1500,1000,1900,1000,0,0,0,0,0,0,167.079833
RCIN,167119833,1500,1500,1000,1500,1500,1000,1900,1000,0,0,0,0,0,0,167.119833
RCIN,167159833,1500,1500,1000,1500,1500,1000,1900,1000,0,0,0,0,0,0,167.159833
RCIN,167199833,1500,1500,1000,1500,1500,1000,1900,1000,0,0,0,0,0,0,167.199833
RCIN,167239833,1500,1500,1000,1500,1500,1000,1900,1000,0,0,0,0,0,0,167.239833
RCIN,167279833,1500,1500,1000,1500,1500,1000,1900,1000,0,0,0,0,0,0,167.279833
RCIN,167319833,1500,1500,1000,1500,1500,1000,1900,1000,0,0,0,0,0,0,167.319833
RCIN,167359833,1500,1500,1000,1500,1500,1000,1900,1000,0,0,0,0,0,0,167.359833
RCIN,167399833,1500,1500,1000,1500,1500,1000,1900,1000,0,0,0,0,0,0,167.399833
RCIN,167439833,1500,1500,1000,1500,1500,1000,1900,1000,0,0,0,0,0,0,167.439833
RCIN,167479833,1500,1500,1000,1500,1500,1000,1900,1000,0,0,0,0,0,0,167.479833
RCIN,167519833,1500,1500,1000,1500,1500,1000,1900,1000,0,0,0,0,0,0,167.519833
RCIN,167559833,1500,1500,1000,1500,1500,1000,1900,1000,0,0,0,0,0,0,167.559833
RCIN,167599833,1500,1500,1000,1500,1500,1000,1900,1000,0,0,0,0,0,0,167.599833
RCIN,167639833,1500,1500,1000,1500,1500,1000,1900,1000,0,0,0,0,0,0,167.639833
RCIN,167679833,1500,1500,1000,1500,1500,1000,1900,1000,0,0,0,0,0,0,167.679833
RCIN,167719833,1500,1500,1000,1500,1500,1000,1900,1000,0,0,0,0,0,0,167.719833
RCIN,167759833,1500,1500,1000,1500,1500,1000,1900,1000,0,0,0,0,0,0,167.759833
RCIN,167799833,1500,1500,1000,1500,1500,1000,1900,1000,0,0,0,0,0,0,167.799833
RCIN,167839833,1500,1500,1000,1500,1500,1000,1900,1000,0,0,0,0,0,0,167.839833
RCIN,167879833,1500,1500,1000,1500,1500,1000,1900,1000,0,0,0,0,0,0,167.879833
RCIN,167919833,1500,1500,1000,1500,1500,1000,1900,1000,0,0,0,0,0,0,167.919833
RCIN,167959833,1500,1500,1000,1500,1500,1000,1900,1000,0,0,0,0,0,0,167.959833
RCIN,167999833,1500,1500,1000,1500,1500,1000,1900,1000,0,0,0,0,0,0,167.999833
RCIN,168039833,1500,1500,1000,1500,1500,1000,1900,1000,0,0,0,0,0,0,168.039833
RCIN,168079833,1500,1500,1000,1500,1500,1000,1900,1000,0,0,0,0,0,0,168.079833
RCIN,168119833,1500,1500,1000,1500,1500,1000,1900,1000,0,0,0,0,0,0,168.119833
RCIN,168159833,1500,1500,1000,1500,1500,1000,1900,1000,0,0,0,0,0,0,168.159833
RCIN,168199833,1500,1500,1000,1500,1500,1000,1900,1000,0,0,0,0,0,0,168.199833
RCIN,168239833,1500,1500,1000,1500,1500,1000,1900,1000,0,0,0,0,0,0,168.239833
RCIN,168279833,1500,1500,1000,1500,1500,1000,1900,1000,0,0,0,0,0,0,168.279833
RCIN,168319833,1500,1500,1000,1500,1500,1000,1900,1000,0,0,0,0,0,0,168.319833
RCIN,168359833,1500,1500,1000,1500,1500,1000,1900,1000,0,0,0,0,0,0,168.359833
RCIN,168399833,1500,1500,1000,1500,1500,1000,1900,1000,0,0,0,0,0,0,168.399833
RCIN,168439833,1500,1500,1000,1500,1500,1000,1900,1000,0,0,0,0,0,0,168.439833
RCIN,168479833,1500,1500,1000,1500,1500,1000,1900,1000,0,0,0,0,0,0,168.479833
RCIN,168519833,1500,1500,1000,1500,1500,1000,1900,1000,0,0,0,0,0,0,168.519833
RCIN,168559833,1500,1500,1000,1500,1500,1000,1900,1000,0,0,0,0,0,0,168.559833
RCIN,168599833,1500,1500,1000,1500,1500,1000,1900,1000,0,0,0,0,0,0,168.599833
RCIN,168639833,1500,1500,1000,1500,1500,1000,1900,1000,0,0,0,0,0,0,168.639833
RCIN,168679833,1500,1500,1000,1500,1500,1000,1900,1000,0,0,0,0,0,0,168.679833
RCIN,168719833,1500,1500,1000,1500,1500,1000,1900,1000,0,0,0,0,0,0,168.719833
RCIN,168759833,1500,1500,1000,1500,1500,1000,1900,1000,0,0,0,0,0,0,168.759833
RCIN,168799833,1500,1500,1000,1500,1500,1000,1900,1000,0,0,0,0,0,0,168.799833
RCIN,168839833,1500,1500,1000,1500,1500,1000,1900,1000,0,0,0,0,0,0,168.839833
RCIN,168879833,1500,1500,1000,1500,1500,1000,1900,1000,0,0,0,0,0,0,168.879833
RCIN,168919833,1500,1500,1000,1500,1500,1000,1900,1000,0,0,0,0,0,0,168.919833
RCIN,168959833,1500,1500,1000,1500,1500,1000,1900,1000,0,0,0,0,0,0,168.959833
RCIN,168999833,1500,1500,1000,1500,1500,1000,1900,1000,0,0,0,0,0,0,168.999833
RCIN,169039833,1500,1500,1000,1500,1500,1000,1900,1000,0,0,0,0,0,0,169.039833
RCIN,169079833,1500,1500,1000,1500,1500,1000,1900,1000,0,0,0,0,0,0,169.079833
RCIN,169119833,1500,1500,1000,1500,1500,1000,1900,1000,0,0,0,0,0,0,169.119833
RCIN,169159833,1500,1500,1000,1500,1500,1000,1900,1000,0,0,0,0,0,0,169.159833
RCIN,169199833,1500,1500,1000,1500,1500,1000,1900,1000,0,0,0,0,0,0,169.199833
RCIN,169239833,1500,1500,1000,1500,1500,1000,1900,1000,0,0,0,0,0,0,169.239833
RCIN,169279833,1500,1500,1000,1500,1500,1000,1900,1000,0,0,0,0,0,0,169.279833
RCIN,169319833,1500,1500,1000,1500,1500,1000,1900,1000,0,0,0,0,0,0,169.319833
RCIN,169359833,1500,1500,1000,1500,1500,1000,1900,1000,0,0,0,0,0,0,169.359833
RCIN,169399833,1500,1500,1000,1500,1500,1000,1900,1000,0,0,0,0,0,0,169.399833
RCIN,169439833,1500,1500,1000,1500,1500,1000,1900,1000,0,0,0,0,0,0,169.439833
RCIN,169479833,1500,1500,1000,1500,1500,1000,1900,1000,0,0,0,0,0,0,169.479833
RCIN,169519833,1500,1500,1000,1500,1500,1000,1900,1000,0,0,0,0,0,0,169.519833
RCIN,169559833,1500,1500,1000,1500,1500,1000,1900,1000,0,0,0,0,0,0,169.559833
RCIN,169599833,1500,1500,1000,1500,1500,1000,1900,1000,0,0,0,0,0,0,169.599833
RCIN,169639833,1500,1500,1000,1500,1500,1000,1900,1000,0,0,0,0,0,0,169.639833
RCIN,169679833,1500,1500,1000,1500,1500,1000,1900,1000,0,0,0,0,0,0,169.679833
RCIN,169719833,1500,1500,1000,1500,1500,1000,1900,1000,0,0,0,0,0,0,169.719833
RCIN,169759833,1500,1500,1000,1500,1500,1000,1900,1000,0,0,0,0,0,0,169.759833
RCIN,169799833,1500,1500,1000,1500,1500,1000,1900,1000,0,0,0,0,0,0,169.799833
RCIN,169839833,1500,1500,1000,1500,1500,1000,1900,1000,0,0,0,0,0,0,169.839833
RCIN,169879833,1500,1500,1000,1500,1500,1000,1900,1000,0,0,0,0,0,0,169.879833
RCIN,169919833,1500,1500,1000,1500,1500,1000,1900,1000,0,0,0,0,0,0,169.919833
RCIN,169959833,1500,1500,1000,1500,1500,1000,1900,1000,0,0,0,0,0,0,169.959833
RCIN,169999833,1500,1500,1000,1500,1500,1000,1900,1000,0,0,0,0,0,0,169.999833
RCIN,170039833,1500,1500,1000,1500,1500,1000,1900,1000,0,0,0,0,0,0,170.039833
RCIN,170079833,1500,1500,1000,1500,1500,1000,1900,1000,0,0,0,0,0,0,170.079833
RCIN,170119833,1500,1500,1000,1500,1500,1000,1900,1000,0,0,0,0,0,0,170.119833
RCIN,170159833,1500,1500,1000,1500,1500,1000,1900,1000,0,0,0,0,0,0,170.159833
RCIN,170199833,1500,1500,1000,1500,1500,1000,1900,1000,0,0,0,0,0,0,170.199833
RCIN,170239833,1500,1500,1000,1500,1500,1000,1900,1000,0,0,0,0,0,0,170.239833
RCIN,170279833,1500,1500,1000,1500,1500,1000,1900,1000,0,0,0,0,0,0,170.279833
RCIN,170319833,1500,1500,1000,1500,1500,1000,1900,1000,0,0,0,0,0,0,170.319833
RCIN,170359833,1500,1500,1000,1500,1500,1000,1900,1000,0,0,0,0,0,0,170.359833
RCIN,170399833,1500,1500,1000,1500,1500,1000,1900,1000,0,0,0,0,0,0,170.399833
RCIN,170439833,1500,1500,1000,1500,1500,1000,1900,1000,0,0,0,0,0,0,170.439833
RCIN,170479833,1500,1500,1000,1500,1500,1000,1900,1000,0,0,0,0,0,0,170.479833
RCIN,170519833,1500,1500,1000,1500,1500,1000,1900,1000,0,0,0,0,0,0,170.519833
RCIN,170559833,1500,1500,1000,1500,1500,1000,1900,1000,0,0,0,0,0,0,170.559833
RCIN,170599833,1500,1500,1000,1500,1500,1000,1900,1000,0,0,0,0,0,0,170.599833
RCIN,170639833,1500,1500,1000,1500,1500,1000,1900,1000,0,0,0,0,0,0,170.639833
RCIN,170679833,1500,1500,1000,1500,1500,1000,1900,1000,0,0,0,0,0,0,170.679833
RCIN,170719833,1500,1500,1000,1500,1500,1000,1900,1000,0,0,0,0,0,0,170.719833
RCIN,170759833,1500,1500,1000,1500,1500,1000,1900,1000,0,0,0,0,0,0,170.759833
RCIN,170799833,1500,1500,1000,1500,1500,1000,1900,1000,0,0,0,0,0,0,170.799833
RCIN,170839833,1500,1500,1000,1500,1500,1000,1900,1000,0,0,0,0,0,0,170.839833
RCIN,170879833,1500,1500,1000,1500,1500,1000,1900,1000,0,0,0,0,0,0,170.879833
RCIN,170919833,1500,1500,1000,1500,1500,1000,1900,1000,0,0,0,0,0,0,170.919833
RCIN,170959833,1500,1500,1000,1500,1500,1000,1900,1000,0,0,0,0,0,0,170.959833
RCIN,170999833,1500,1500,1000,1500,1500,1000,1900,1000,0,0,0,0,0,0,170.999833
RCIN,171039833,1500,1500,1000,1500,1500,1000,1900,1000,0,0,0,0,0,0,171.039833
RCIN,171079833,1500,1500,1000,1500,1500,1000,1900,1000,0,0,0,0,0,0,171.079833
RCIN,171119833,1500,1500,1000,1500,1500,1000,1900,1000,0,0,0,0,0,0,171.119833
RCIN,171159833,1500,1500,1000,1500,1500,1000,1900,1000,0,0,0,0,0,0,171.159833
RCIN,171199833,1500,1500,1000,1500,1500,1000,1900,1000,0,0,0,0,0,0,171.199833
RCIN,171239833,1500,1500,1000,1500,1500,1000,1900,1000,0,0,0,0,0,0,171.239833
RCIN,171279833,1500,1500,1000,1500,1500,1000,1900,1000,0,0,0,0,0,0,171.279833
RCIN,171319833,1500,1500,1000,1500,1500,1000,1900,1000,0,0,0,0,0,0,171.319833
RCIN,171359833,1500,1500,1000,1500,1500,1000,1900,1000,0,0,0,0,0,0,171.359833
RCIN,171399833,1500,1500,1000,1500,1500,1000,1900,1000,0,0,0,0,0,0,171.399833
RCIN,171439833,1500,1500,1000,1500,1500,1000,1900,1000,0,0,0,0,0,0,171.439833
RCIN,171479833,1500,1500,1000,1500,1500,1000,1900,1000,0,0,0,0,0,0,171.479833
RCIN,171519833,1500,1500,1000,1500,1500,1000,1900,1000,0,0,0,0,0,0,171.519833
RCIN,171559833,1500,1500,1000,1500,1500,1000,1900,1000,0,0,0,0,0,0,171.559833
RCIN,171599833,1500,1500,1000,1500,1500,1000,1900,1000,0,0,0,0,0,0,171.599833
RCIN,171639833,1500,1500,1000,1500,1500,1000,1900,1000,0,0,0,0,0,0,171.639833
RCIN,171679833,1500,1500,1000,1500,1500,1000,1900,1000,0,0,0,0,0,0,171.679833
RCIN,171719833,1500,1500,1000,1500,1500,1000,1900,1000,0,0,0,0,0,0,171.719833
RCIN,171759833,1500,1500,1000,1500,1500,1000,1900,1000,0,0,0,0,0,0,171.759833
RCIN,171799833,1500,1500,1000,1500,1500,1000,1900,1000,0,0,0,0,0,0,171.799833
RCIN,171839833,1500,1500,1000,1500,1500,1000,1900,1000,0,0,0,0,0,0,171.839833
RCIN,171879833,1500,1500,1000,1500,1500,1000,1900,1000,0,0,0,0,0,0,171.879833
RCIN,171919833,1500,1500,1000,1500,1500,1000,1900,1000,0,0,0,0,0,0,171.919833
RCIN,171959833,1500,1500,1000,1500,1500,1000,1900,1000,0,0,0,0,0,0,171.959833
RCIN,171999833,1500,1500,1000,1500,1500,1000,1900,1000,0,0,0,0,0,0,171.999833
RCIN,172039833,1500,1500,1000,1500,1500,1000,1900,1000,0,0,0,0,0,0,172.039833
RCIN,172079833,1500,1500,1000,1500,1500,1000,1900,1000,0,0,0,0,0,0,172.079833
RCIN,172119833,1500,1500,1000,1500,1500,1000,1900,1000,0,0,0,0,0,0,172.119833
RCIN,172159833,1500,1500,1000,1500,1500,1000,1900,1000,0,0,0,0,0,0,172.159833
RCIN,172199833,1500,1500,1000,1500,1500,1000,1900,1000,0,0,0,0,0,0,172.199833
RCIN,172239833,1500,1500,1000,1500,1500,1000,1900,1000,0,0,0,0,0,0,172.239833
RCIN,172279833,1500,1500,1000,1500,1500,1000,1900,1000,0,0,0,0,0,0,172.279833
RCIN,172319833,1500,1500,1000,1500,1500,1000,1900,1000,0,0,0,0,0,0,172.319833
RCIN,172359833,1500,1500,1000,1500,1500,1000,1900,1000,0,0,0,0,0,0,172.359833
RCIN,172399833,1500,1500,1000,1500,1500,1000,1900,1000,0,0,0,0,0,0,172.399833
RCIN,172439833,1500,1500,1000,1500,1500,1000,1900,1000,0,0,0,0,0,0,172.439833
RCIN,172479833,1500,1500,1000,1500,1500,1000,1900,1000,0,0,0,0,0,0,172.479833
RCIN,172519833,1500,1500,1000,1500,1500,1000,1900,1000,0,0,0,0,0,0,172.519833
RCIN,172559833,1500,1500,1000,1500,1500,1000,1900,1000,0,0,0,0,0,0,172.559833
RCIN,172599833,1500,1500,1000,1500,1500,1000,1900,1000,0,0,0,0,0,0,172.599833
RCIN,172639833,1500,1500,1000,1500,1500,1000,1900,1000,0,0,0,0,0,0,172.639833
RCIN,172679833,1500,1500,1000,1500,1500,1000,1900,1000,0,0,0,0,0,0,172.679833
RCIN,172719833,1500,1500,1000,1500,1500,1000,1900,1000,0,0,0,0,0,0,172.719833
RCIN,172759833,1500,1500,1000,1500,1500,1000,1900,1000,0,0,0,0,0,0,172.759833
RCIN,172799833,1500,1500,1000,1500,1500,1000,1900,1000,0,0,0,0,0,0,172.799833
RCIN,172839833,1500,1500,1000,1500,1500,1000,1900,1000,0,0,0,0,0,0,172.839833
RCIN,172879833,1500,1500,1000,1500,1500,1000,1900,1000,0,0,0,0,0,0,172.879833
RCIN,172919833,1500,1500,1000,1500,1500,1000,1900,1000,0,0,0,0,0,0,172.919833
RCIN,172959833,1500,1500,1000,1500,1500,1000,1900,1000,0,0,0,0,0,0,172.959833
RCIN,172999833,1500,1500,1000,1500,1500,1000,1900,1000,0,0,0,0,0,0,172.999833
RCIN,173039833,1500,1500,1000,1500,1500,1000,1900,1000,0,0,0,0,0,0,173.039833
RCIN,173079833,1500,1500,1000,1500,1500,1000,1900,1000,0,0,0,0,0,0,173.079833
RCIN,173119833,1500,1500,1000,1500,1500,1000,1900,1000,0,0,0,0,0,0,173.119833
RCIN,173159833,1500,1500,1000,1500,1500,1000,1900,1000,0,0,0,0,0,0,173.159833
RCIN,173199833,1500,1500,1000,1500,1500,1000,1900,1000,0,0,0,0,0,0,173.199833
RCIN,173239833,1500,1500,1000,1500,1500,1000,1900,1000,0,0,0,0,0,0,173.239833
RCIN,173279833,1500,1500,1000,1500,1500,1000,1900,1000,0,0,0,0,0,0,173.279833
RCIN,173319833,1500,1500,1000,1500,1500,1000,1900,1000,0,0,0,0,0,0,173.319833
RCIN,173359833,1500,1500,1000,1500,1500,1000,1900,1000,0,0,0,0,0,0,173.359833
RCIN,173399833,1500,1500,1000,1500,1500,1000,1900,1000,0,0,0,0,0,0,173.399833
RCIN,173439833,1500,1500,1000,1500,1500,1000,1900,1000,0,0,0,0,0,0,173.439833
RCIN,173479833,1500,1500,1000,1500,1500,1000,1900,1000,0,0,0,0,0,0,173.479833
RCIN,173519833,1500,1500,1000,1500,1500,1000,1900,1000,0,0,0,0,0,0,173.519833
RCIN,173559833,1500,1500,1000,1500,1500,1000,1900,1000,0,0,0,0,0,0,173.559833
RCIN,173599833,1500,1500,1000,1500,1500,1000,1900,1000,0,0,0,0,0,0,173.599833
RCIN,173639833,1500,1500,1000,1500,1500,1000,1900,1000,0,0,0,0,0,0,173.639833
RCIN,173679833,1500,1500,1000,1500,1500,1000,1900,1000,0,0,0,0,0,0,173.679833
RCIN,173719833,1500,1500,1000,1500,1500,1000,1900,1000,0,0,0,0,0,0,173.719833
RCIN,173759833,1500,1500,1000,1500,1500,1000,1900,1000,0,0,0,0,0,0,173.759833
RCIN,173799833,1500,1500,1000,1500,1500,1000,1900,1000,0,0,0,0,0,0,173.799833
RCIN,173839833,1500,1500,1000,1500,1500,1000,1900,1000,0,0,0,0,0,0,173.839833
RCIN,173879833,1500,1500,1000,1500,1500,1000,1900,1000,0,0,0,0,0,0,173.879833
RCIN,173919833,1500,1500,1000,1500,1500,1000,1900,1000,0,0,0,0,0,0,173.919833
RCIN,173959833,1500,1500,1000,1500,1500,1000,1900,1000,0,0,0,0,0,0,173.959833
RCIN,173999833,1500,1500,1000,1500,1500,1000,1900,1000,0,0,0,0,0,0,173.999833
RCIN,174039833,1500,1500,1000,1500,1500,1000,1900,1000,0,0,0,0,0,0,174.039833
RCIN,174079833,1500,1500,1000,1500,1500,1000,1900,1000,0,0,0,0,0,0,174.079833
RCIN,174119833,1500,1500,1000,1500,1500,1000,1900,1000,0,0,0,0,0,0,174.119833
RCIN,174159833,1500,1500,1000,1500,1500,1000,1900,1000,0,0,0,0,0,0,174.159833
RCIN,174199833,1500,1500,1000,1500,1500,1000,1900,1000,0,0,0,0,0,0,174.199833
RCIN,174239833,1500,1500,1000,1500,1500,1000,1900,1000,0,0,0,0,0,0,174.239833
RCIN,174279833,1500,1500,1000,1500,1500,1000,1900,1000,0,0,0,0,0,0,174.279833
RCIN,174319833,1500,1500,1000,1500,1500,1000,1900,1000,0,0,0,0,0,0,174.319833
RCIN,174359833,1500,1500,1000,1500,1500,1000,1900,1000,0,0,0,0,0,0,174.359833
RCIN,174399833,1500,1500,1000,1500,1500,1000,1900,1000,0,0,0,0,0,0,174.399833
RCIN,174439833,1500,1500,1000,1500,1500,1000,1900,1000,0,0,0,0,0,0,174.439833
RCIN,174479833,1500,1500,1000,1500,1500,1000,1900,1000,0,0,0,0,0,0,174.479833
RCIN,174519833,1500,1500,1000,1500,1500,1000,1900,1000,0,0,0,0,0,0,174.519833
RCIN,174559833,1500,1500,1000,1500,1500,1000,1900,1000,0,0,0,0,0,0,174.559833
RCIN,174599833,1500,1500,1000,1500,1500,1000,1900,1000,0,0,0,0,0,0,174.599833
RCIN,174639833,1500,1500,1000,1500,1500,1000,1900,1000,0,0,0,0,0,0,174.639833
RCIN,174679833,1500,1500,1000,1500,1500,1000,1900,1000,0,0,0,0,0,0,174.679833
RCIN,174719833,1500,1500,1000,1500,1500,1000,1900,1000,0,0,0,0,0,0,174.719833
RCIN,174759833,1500,1500,1000,1500,1500,1000,1900,1000,0,0,0,0,0,0,174.759833
RCIN,174799833,1500,1500,1000,1500,1500,1000,1900,1000,0,0,0,0,0,0,174.799833
RCIN,174839833,1500,1500,1000,1500,1500,1000,1900,1000,0,0,0,0,0,0,174.839833
RCIN,174879833,1500,1500,1000,1500,1500,1000,1900,1000,0,0,0,0,0,0,174.879833
RCIN,174919833,1500,1500,1000,1500,1500,1000,1900,1000,0,0,0,0,0,0,174.919833
RCIN,174959833,1500,1500,1000,1500,1500,1000,1900,1000,0,0,0,0,0,0,174.959833
RCIN,174999833,1500,1500,1000,1500,1500,1000,1900,1000,0,0,0,0,0,0,174.999833
RCIN,175039833,1500,1500,1000,1500,1500,1000,1900,1000,0,0,0,0,0,0,175.039833
RCIN,175079833,1500,1500,1000,1500,1500,1000,1900,1000,0,0,0,0,0,0,175.079833
RCIN,175119833,1500,1500,1000,1500,1500,1000,1900,1000,0,0,0,0,0,0,175.119833
RCIN,175159833,1500,1500,1000,1500,1500,1000,1900,1000,0,0,0,0,0,0,175.159833
RCIN,175199833,1500,1500,1000,1500,1500,1000,1900,1000,0,0,0,0,0,0,175.199833
RCIN,175239833,1500,1500,1000,1500,1500,1000,1900,1000,0,0,0,0,0,0,175.239833
RCIN,175279833,1500,1500,1000,1500,1500,1000,1900,1000,0,0,0,0,0,0,175.279833
RCIN,175319833,1500,1500,1000,1500,1500,1000,1900,1000,0,0,0,0,0,0,175.319833
RCIN,175359833,1500,1500,1000,1500,1500,1000,1900,1000,0,0,0,0,0,0,175.359833
RCIN,175399833,1500,1500,1000,1500,1500,1000,1900,1000,0,0,0,0,0,0,175.399833
RCIN,175439833,1500,1500,1000,1500,1500,1000,1900,1000,0,0,0,0,0,0,175.439833
RCIN,175479833,1500,1500,1000,1500,1500,1000,1900,1000,0,0,0,0,0,0,175.479833
RCIN,175519833,1500,1500,1000,1500,1500,1000,1900,1000,0,0,0,0,0,0,175.519833
RCIN,175559833,1500,1500,1000,1500,1500,1000,1900,1000,0,0,0,0,0,0,175.559833
RCIN,175599833,1500,1500,1000,1500,1500,1000,1900,1000,0,0,0,0,0,0,175.599833
RCIN,175639833,1500,1500,1000,1500,1500,1000,1900,1000,0,0,0,0,0,0,175.639833
RCIN,175679833,1500,1500,1000,1500,1500,1000,1900,1000,0,0,0,0,0,0,175.679833
RCIN,175719833,1500,1500,1000,1500,1500,1000,1900,1000,0,0,0,0,0,0,175.719833
RCIN,175759833,1500,1500,1000,1500,1500,1000,1900,1000,0,0,0,0,0,0,175.759833
RCIN,175799833,1500,1500,1000,1500,1500,1000,1900,1000,0,0,0,0,0,0,175.799833
RCIN,175839833,1500,1500,1000,1500,1500,1000,1900,1000,0,0,0,0,0,0,175.839833
RCIN,175879833,1500,1500,1000,1500,1500,1000,1900,1000,0,0,0,0,0,0,175.879833
RCIN,175919833,1500,1500,1000,1500,1500,1000,1900,1000,0,0,0,0,0,0,175.919833
RCIN,175959833,1500,1500,1000,1500,1500,1000,1900,1000,0,0,0,0,0,0,175.959833
RCIN,175999833,1500,1500,1000,1500,1500,1000,1900,1000,0,0,0,0,0,0,175.999833
RCIN,176039833,1500,1500,1000,1500,1500,1000,1900,1000,0,0,0,0,0,0,176.039833
RCIN,176079833,1500,1500,1000,1500,1500,1000,1900,1000,0,0,0,0,0,0,176.079833
RCIN,176119833,1500,1500,1000,1500,1500,1000,1900,1000,0,0,0,0,0,0,176.119833
RCIN,176159833,1500,1500,1000,1500,1500,1000,1900,1000,0,0,0,0,0,0,176.159833
RCIN,176199833,1500,1500,1000,1500,1500,1000,1900,1000,0,0,0,0,0,0,176.199833
RCIN,176239833,1500,1500,1000,1500,1500,1000,1900,1000,0,0,0,0,0,0,176.239833
RCIN,176279833,1500,1500,1000,1500,1500,1000,1900,1000,0,0,0,0,0,0,176.279833
RCIN,176319833,1500,1500,1000,1500,1500,1000,1900,1000,0,0,0,0,0,0,176.319833
RCIN,176359833,1500,1500,1000,1500,1500,1000,1900,1000,0,0,0,0,0,0,176.359833
RCIN,176399833,1500,1500,1000,1500,1500,1000,1900,1000,0,0,0,0,0,0,176.399833
RCIN,176439833,1500,1500,1000,1500,1500,1000,1900,1000,0,0,0,0,0,0,176.439833
RCIN,176479833,1500,1500,1000,1500,1500,1000,1900,1000,0,0,0,0,0,0,176.479833
RCIN,176519833,1500,1500,1000,1500,1500,1000,1900,1000,0,0,0,0,0,0,176.519833
RCIN,176559833,1500,1500,1000,1500,1500,1000,1900,1000,0,0,0,0,0,0,176.559833
RCIN,176599833,1500,1500,1000,1500,1500,1000,1900,1000,0,0,0,0,0,0,176.599833
RCIN,176639833,1500,1500,1000,1500,1500,1000,1900,1000,0,0,0,0,0,0,176.639833
RCIN,176679833,1500,1500,1000,1500,1500,1000,1900,1000,0,0,0,0,0,0,176.679833
RCIN,176719833,1500,1500,1000,1500,1500,1000,1900,1000,0,0,0,0,0,0,176.719833
RCIN,176759833,1500,1500,1000,1500,1500,1000,1900,1000,0,0,0,0,0,0,176.759833
RCIN,176799833,1500,1500,1000,1500,1500,1000,1900,1000,0,0,0,0,0,0,176.799833
RCIN,176839833,1500,1500,1000,1500,1500,1000,1900,1000,0,0,0,0,0,0,176.839833
RCIN,176879833,1500,1500,1000,1500,1500,1000,1900,1000,0,0,0,0,0,0,176.879833
RCIN,176919833,1500,1500,1000,1500,1500,1000,1900,1000,0,0,0,0,0,0,176.919833
RCIN,176959833,1500,1500,1000,1500,1500,1000,1900,1000,0,0,0,0,0,0,176.959833
RCIN,176999833,1500,1500,1000,1500,1500,1000,1900,1000,0,0,0,0,0,0,176.999833
RCIN,177039833,1500,1500,1000,1500,1500,1000,1900,1000,0,0,0,0,0,0,177.039833
RCIN,177079833,1500,1500,1000,1500,1500,1000,1900,1000,0,0,0,0,0,0,177.079833
RCIN,177119833,1500,1500,1000,1500,1500,1000,1900,1000,0,0,0,0,0,0,177.119833
RCIN,177159833,1500,1500,1000,1500,1500,1000,1900,1000,0,0,0,0,0,0,177.159833
RCIN,177199833,1500,1500,1000,1500,1500,1000,1900,1000,0,0,0,0,0,0,177.199833
RCIN,177239833,1500,1500,1000,1500,1500,1000,1900,1000,0,0,0,0,0,0,177.239833
RCIN,177279833,1500,1500,1000,1500,1500,1000,1900,1000,0,0,0,0,0,0,177.279833
RCIN,177319833,1500,1500,1000,1500,1500,1000,1900,1000,0,0,0,0,0,0,177.319833
RCIN,177359833,1500,1500,1000,1500,1500,1000,1900,1000,0,0,0,0,0,0,177.359833
RCIN,177399833,1500,1500,1000,1500,1500,1000,1900,1000,0,0,0,0,0,0,177.399833
RCIN,177439833,1500,1500,1000,1500,1500,1000,1900,1000,0,0,0,0,0,0,177.439833
RCIN,177479833,1500,1500,1000,1500,1500,1000,1900,1000,0,0,0,0,0,0,177.479833
RCIN,177519833,1500,1500,1000,1500,1500,1000,1900,1000,0,0,0,0,0,0,177.519833
RCIN,177559833,1500,1500,1000,1500,1500,1000,1900,1000,0,0,0,0,0,0,177.559833
RCIN,177599833,1500,1500,1000,1500,1500,1000,1900,1000,0,0,0,0,0,0,177.599833
RCIN,177639833,1500,1500,1000,1500,1500,1000,1900,1000,0,0,0,0,0,0,177.639833
RCIN,177679833,1500,1500,1000,1500,1500,1000,1900,1000,0,0,0,0,0,0,177.679833
RCIN,177719833,1500,1500,1000,1500,1500,1000,1900,1000,0,0,0,0,0,0,177.719833
RCIN,177759833,1500,1500,1000,1500,1500,1000,1900,1000,0,0,0,0,0,0,177.759833
RCIN,177799833,1500,1500,1000,1500,1500,1000,1900,1000,0,0,0,0,0,0,177.799833
RCIN,177839833,1500,1500,1000,1500,1500,1000,1900,1000,0,0,0,0,0,0,177.839833
RCIN,177879833,1500,1500,1000,1500,1500,1000,1900,1000,0,0,0,0,0,0,177.879833
RCIN,177919833,1500,1500,1000,1500,1500,1000,1900,1000,0,0,0,0,0,0,177.919833
RCIN,177959833,1500,1500,1000,1500,1500,1000,1900,1000,0,0,0,0,0,0,177.959833
RCIN,177999833,1500,1500,1000,1500,1500,1000,1900,1000,0,0,0,0,0,0,177.999833
RCIN,178039833,1500,1500,1000,1500,1500,1000,1900,1000,0,0,0,0,0,0,178.039833
RCIN,178079833,1500,1500,1000,1500,1500,1000,1900,1000,0,0,0,0,0,0,178.079833
RCIN,178119833,1500,1500,1000,1500,1500,1000,1900,1000,0,0,0,0,0,0,178.119833
RCIN,178159833,1500,1500,1000,1500,1500,1000,1900,1000,0,0,0,0,0,0,178.159833
RCIN,178199833,1500,1500,1000,1500,1500,1000,1900,1000,0,0,0,0,0,0,178.199833
RCIN,178239833,1500,1500,1000,1500,1500,1000,1900,1000,0,0,0,0,0,0,178.239833
RCIN,178279833,1500,1500,1000,1500,1500,1000,1900,1000,0,0,0,0,0,0,178.279833
RCIN,178319833,1500,1500,1000,1500,1500,1000,1900,1000,0,0,0,0,0,0,178.319833
RCIN,178359833,1500,1500,1000,1500,1500,1000,1900,1000,0,0,0,0,0,0,178.359833
RCIN,178399833,1500,1500,1000,1500,1500,1000,1900,1000,0,0,0,0,0,0,178.399833
RCIN,178439833,1500,1500,1000,1500,1500,1000,1900,1000,0,0,0,0,0,0,178.439833
RCIN,178479833,1500,1500,1000,1500,1500,1000,1900,1000,0,0,0,0,0,0,178.479833
RCIN,178519833,1500,1500,1000,1500,1500,1000,1900,1000,0,0,0,0,0,0,178.519833
RCIN,178559833,1500,1500,1000,1500,1500,1000,1900,1000,0,0,0,0,0,0,178.559833
RCIN,178599833,1500,1500,1000,1500,1500,1000,1900,1000,0,0,0,0,0,0,178.599833
RCIN,178639833,1500,1500,1000,1500,1500,1000,1900,1000,0,0,0,0,0,0,178.639833
RCIN,178679833,1500,1500,1000,1500,1500,1000,1900,1000,0,0,0,0,0,0,178.679833
RCIN,178719833,1500,1500,1000,1500,1500,1000,1900,1000,0,0,0,0,0,0,178.719833
RCIN,178759833,1500,1500,1000,1500,1500,1000,1900,1000,0,0,0,0,0,0,178.759833
RCIN,178799833,1500,1500,1000,1500,1500,1000,1900,1000,0,0,0,0,0,0,178.799833
RCIN,178839833,1500,1500,1000,1500,1500,1000,1900,1000,0,0,0,0,0,0,178.839833
RCIN,178879833,1500,1500,1000,1500,1500,1000,1900,1000,0,0,0,0,0,0,178.879833
RCIN,178919833,1500,1500,1000,1500,1500,1000,1900,1000,0,0,0,0,0,0,178.919833
RCIN,178959833,1500,1500,1000,1500,1500,1000,1900,1000,0,0,0,0,0,0,178.959833
RCIN,178999833,1500,1500,1000,1500,1500,1000,1900,1000,0,0,0,0,0,0,178.999833
RCIN,179039833,1500,1500,1000,1500,1500,1000,1900,1000,0,0,0,0,0,0,179.039833
RCIN,179079833,1500,1500,1000,1500,1500,1000,1900,1000,0,0,0,0,0,0,179.079833
RCIN,179119833,1500,1500,1000,1500,1500,1000,1900,1000,0,0,0,0,0,0,179.119833
RCIN,179159833,1500,1500,1000,1500,1500,1000,1900,1000,0,0,0,0,0,0,179.159833
RCIN,179199833,1500,1500,1000,1500,1500,1000,1900,1000,0,0,0,0,0,0,179.199833
RCIN,179239833,1500,1500,1000,1500,1500,1000,1900,1000,0,0,0,0,0,0,179.239833
RCIN,179279833,1500,1500,1000,1500,1500,1000,1900,1000,0,0,0,0,0,0,179.279833
RCIN,179319833,1500,1500,1000,1500,1500,1000,1900,1000,0,0,0,0,0,0,179.319833
RCIN,179359833,1500,1500,1000,1500,1500,1000,1900,1000,0,0,0,0,0,0,179.359833
RCIN,179399833,1500,1500,1000,1500,1500,1000,1900,1000,0,0,0,0,0,0,179.399833
RCIN,179439833,1500,1500,1000,1500,1500,1000,1900,1000,0,0,0,0,0,0,179.439833
RCIN,179479833,1500,1500,1000,1500,1500,1000,1900,1000,0,0,0,0,0,0,179.479833
RCIN,179519833,1500,1500,1000,1500,1500,1000,1900,1000,0,0,0,0,0,0,179.519833
RCIN,179559833,1500,1500,1000,1500,1500,1000,1900,1000,0,0,0,0,0,0,179.559833
RCIN,179599833,1500,1500,1000,1500,1500,1000,1900,1000,0,0,0,0,0,0,179.599833
RCIN,179639833,1500,1500,1000,1500,1500,1000,1900,1000,0,0,0,0,0,0,179.639833
RCIN,179679833,1500,1500,1000,1500,1500,1000,1900,1000,0,0,0,0,0,0,179.679833
RCIN,179719833,1500,1500,1000,1500,1500,1000,1900,1000,0,0,0,0,0,0,179.719833
RCIN,179759833,1500,1500,1000,1500,1500,1000,1900,1000,0,0,0,0,0,0,179.759833
RCIN,179799833,1500,1500,1000,1500,1500,1000,1900,1000,0,0,0,0,0,0,179.799833
RCIN,179839833,1500,1500,1000,1500,1500,1000,1900,1000,0,0,0,0,0,0,179.839833
RCIN,179879833,1500,1500,1000,1500,1500,1000,1900,1000,0,0,0,0,0,0,179.879833
RCIN,179919833,1500,1500,1000,1500,1500,1000,1900,1000,0,0,0,0,0,0,179.919833
RCIN,179959833,1500,1500,1000,1500,1500,1000,1900,1000,0,0,0,0,0,0,179.959833
RCIN,179999833,1500,1500,1000,1500,1500,1000,1900,1000,0,0,0,0,0,0,179.999833
RCIN,180039833,1500,1500,1000,1500,1500,1000,1900,1000,0,0,0,0,0,0,180.039833
RCIN,180079833,1500,1500,1000,1500,1500,1000,1900,1000,0,0,0,0,0,0,180.079833
RCIN,180119833,1500,1500,1000,1500,1500,1000,1900,1000,0,0,0,0,0,0,180.119833
RCIN,180159833,1500,1500,1000,1500,1500,1000,1900,1000,0,0,0,0,0,0,180.159833
RCIN,180199833,1500,1500,1000,1500,1500,1000,1900,1000,0,0,0,0,0,0,180.199833
RCIN,180239833,1500,1500,1000,1500,1500,1000,1900,1000,0,0,0,0,0,0,180.239833
RCIN,180279833,1500,1500,1000,1500,1500,1000,1900,1000,0,0,0,0,0,0,180.279833
RCIN,180319833,1500,1500,1000,1500,1500,1000,1900,1000,0,0,0,0,0,0,180.319833
RCIN,180359833,1500,1500,1000,1500,1500,1000,1900,1000,0,0,0,0,0,0,180.359833
RCIN,180399833,1500,1500,1000,1500,1500,1000,1900,1000,0,0,0,0,0,0,180.399833
RCIN,180439833,1500,1500,1000,1500,1500,1000,1900,1000,0,0,0,0,0,0,180.439833
RCIN,180479833,1500,1500,1000,1500,1500,1000,1900,1000,0,0,0,0,0,0,180.479833
RCIN,180519833,1500,1500,1000,1500,1500,1000,1900,1000,0,0,0,0,0,0,180.519833
RCIN,180559833,1500,1500,1000,1500,1500,1000,1900,1000,0,0,0,0,0,0,180.559833
RCIN,180599833,1500,1500,1000,1500,1500,1000,1900,1000,0,0,0,0,0,0,180.599833
RCIN,180639833,1500,1500,1000,1500,1500,1000,1900,1000,0,0,0,0,0,0,180.639833
RCIN,180679833,1500,1500,1000,1500,1500,1000,1900,1000,0,0,0,0,0,0,180.679833
RCIN,180719833,1500,1500,1000,1500,1500,1000,1900,1000,0,0,0,0,0,0,180.719833
RCIN,180759833,1500,1500,1000,1500,1500,1000,1900,1000,0,0,0,0,0,0,180.759833
RCIN,180799833,1500,1500,1000,1500,1500,1000,1900,1000,0,0,0,0,0,0,180.799833
RCIN,180839833,1500,1500,1000,1500,1500,1000,1900,1000,0,0,0,0,0,0,180.839833
RCIN,180879833,1500,1500,1000,1500,1500,1000,1900,1000,0,0,0,0,0,0,180.879833
RCIN,180919833,1500,1500,1000,1500,1500,1000,1900,1000,0,0,0,0,0,0,180.919833
RCIN,180959833,1500,1500,1000,1500,1500,1000,1900,1000,0,0,0,0,0,0,180.959833
RCIN,180999833,1500,1500,1000,1500,1500,1000,1900,1000,0,0,0,0,0,0,180.999833
RCIN,181039833,1500,1500,1000,1500,1500,1000,1900,1000,0,0,0,0,0,0,181.039833
RCIN,181079833,1500,1500,1000,1500,1500,1000,1900,1000,0,0,0,0,0,0,181.079833
RCIN,181119833,1500,1500,1000,1500,1500,1000,1900,1000,0,0,0,0,0,0,181.119833
RCIN,181159833,1500,1500,1000,1500,1500,1000,1900,1000,0,0,0,0,0,0,181.159833
RCIN,181199833,1500,1500,1000,1500,1500,1000,1900,1000,0,0,0,0,0,0,181.199833
RCIN,181239833,1500,1500,1000,1500,1500,1000,1900,1000,0,0,0,0,0,0,181.239833
RCIN,181279833,1500,1500,1000,1500,1500,1000,1900,1000,0,0,0,0,0,0,181.279833
RCIN,181319833,1500,1500,1000,1500,1500,1000,1900,1000,0,0,0,0,0,0,181.319833
RCIN,181359833,1500,1500,1000,1500,1500,1000,1900,1000,0,0,0,0,0,0,181.359833
RCIN,181399833,1500,1500,1000,1500,1500,1000,1900,1000,0,0,0,0,0,0,181.399833
RCIN,181439833,1500,1500,1000,1500,1500,1000,1900,1000,0,0,0,0,0,0,181.439833
RCIN,181479833,1500,1500,1000,1500,1500,1000,1900,1000,0,0,0,0,0,0,181.479833
RCIN,181519833,1500,1500,1000,1500,1500,1000,1900,1000,0,0,0,0,0,0,181.519833
RCIN,181559833,1500,1500,1000,1500,1500,1000,1900,1000,0,0,0,0,0,0,181.559833
RCIN,181599833,1500,1500,1000,1500,1500,1000,1900,1000,0,0,0,0,0,0,181.599833
RCIN,181639833,1500,1500,1000,1500,1500,1000,1900,1000,0,0,0,0,0,0,181.639833
RCIN,181679833,1500,1500,1000,1500,1500,1000,1900,1000,0,0,0,0,0,0,181.679833
RCIN,181719833,1500,1500,1000,1500,1500,1000,1900,1000,0,0,0,0,0,0,181.719833
RCIN,181759833,1500,1500,1000,1500,1500,1000,1900,1000,0,0,0,0,0,0,181.759833
RCIN,181799833,1500,1500,1000,1500,1500,1000,1900,1000,0,0,0,0,0,0,181.799833
RCIN,181839833,1500,1500,1000,1500,1500,1000,1900,1000,0,0,0,0,0,0,181.839833
RCIN,181879833,1500,1500,1000,1500,1500,1000,1900,1000,0,0,0,0,0,0,181.879833
RCIN,181919833,1500,1500,1000,1500,1500,1000,1900,1000,0,0,0,0,0,0,181.919833
RCIN,181959833,1500,1500,1000,1500,1500,1000,1900,1000,0,0,0,0,0,0,181.959833
RCIN,181999833,1500,1500,1000,1500,1500,1000,1900,1000,0,0,0,0,0,0,181.999833
RCIN,182039833,1500,1500,1000,1500,1500,1000,1900,1000,0,0,0,0,0,0,182.039833
RCIN,182079833,1500,1500,1000,1500,1500,1000,1900,1000,0,0,0,0,0,0,182.079833
RCIN,182119833,1500,1500,1000,1500,1500,1000,1900,1000,0,0,0,0,0,0,182.119833
RCIN,182159833,1500,1500,1000,1500,1500,1000,1900,1000,0,0,0,0,0,0,182.159833
RCIN,182199833,1500,1500,1000,1500,1500,1000,1900,1000,0,0,0,0,0,0,182.199833
RCIN,182239833,1500,1500,1000,1500,1500,1000,1900,1000,0,0,0,0,0,0,182.239833
RCIN,182279833,1500,1500,1000,1500,1500,1000,1900,1000,0,0,0,0,0,0,182.279833
RCIN,182319833,1500,1500,1000,1500,1500,1000,1900,1000,0,0,0,0,0,0,182.319833
RCIN,182359833,1500,1500,1000,1500,1500,1000,1900,1000,0,0,0,0,0,0,182.359833
RCIN,182399833,1500,1500,1000,1500,1500,1000,1900,1000,0,0,0,0,0,0,182.399833
RCIN,182439833,1500,1500,1000,1500,1500,1000,1900,1000,0,0,0,0,0,0,182.439833
RCIN,182479833,1500,1500,1000,1500,1500,1000,1900,1000,0,0,0,0,0,0,182.479833
RCIN,182519833,1500,1500,1000,1500,1500,1000,1900,1000,0,0,0,0,0,0,182.519833
RCIN,182559833,1500,1500,1000,1500,1500,1000,1900,1000,0,0,0,0,0,0,182.559833
RCIN,182599833,1500,1500,1000,1500,1500,1000,1900,1000,0,0,0,0,0,0,182.599833
RCIN,182639833,1500,1500,1000,1500,1500,1000,1900,1000,0,0,0,0,0,0,182.639833
RCIN,182679833,1500,1500,1000,1500,1500,1000,1900,1000,0,0,0,0,0,0,182.679833
RCIN,182719833,1500,1500,1000,1500,1500,1000,1900,1000,0,0,0,0,0,0,182.719833
RCIN,182759833,1500,1500,1000,1500,1500,1000,1900,1000,0,0,0,0,0,0,182.759833
RCIN,182799833,1500,1500,1000,1500,1500,1000,1900,1000,0,0,0,0,0,0,182.799833
RCIN,182839833,1500,1500,1000,1500,1500,1000,1900,1000,0,0,0,0,0,0,182.839833
RCIN,182879833,1500,1500,1000,1500,1500,1000,1900,1000,0,0,0,0,0,0,182.879833
RCIN,182919833,1500,1500,1000,1500,1500,1000,1900,1000,0,0,0,0,0,0,182.919833
RCIN,182959833,1500,1500,1000,1500,1500,1000,1900,1000,0,0,0,0,0,0,182.959833
